"Proprietary Name","NDC Package Code","Strength","Dosage Form","Route","Appl. No.","Labeler Name","Product NDC","Nonproprietary Name","Substance Name","Product Type Name","Start Marketing Date","End Marketing Date","Market Category","Package Description","Pharm Class","DEA","Sample Package","Listing Record Certified Through:"
"Levothyroxine Sodium","60687-486-01",".088 mg/1","TABLET","ORAL","ANDA209713","American Health Packaging","60687-486","Levothyroxine Sodium","LEVOTHYROXINE SODIUM","HUMAN PRESCRIPTION DRUG","10/28/2019","N/A","ANDA","100 BLISTER PACK in 1 BOX, UNIT-DOSE (60687-486-01)  / 1 TABLET in 1 BLISTER PACK (60687-486-11)","Thyroxine [CS],  l-Thyroxine [EPC]","N/A","No","12/31/2026"
"Levothyroxine Sodium","63323-649-07","100 ug/5mL","INJECTION, POWDER, LYOPHILIZED, FOR SOLUTION","INTRAVENOUS","NDA202231","Fresenius Kabi USA, LLC","63323-649","LEVOTHYROXINE SODIUM ANHYDROUS","LEVOTHYROXINE SODIUM ANHYDROUS","HUMAN PRESCRIPTION DRUG","06/24/2011","N/A","NDA","1 VIAL, SINGLE-DOSE in 1 CARTON (63323-649-07)  / 5 mL in 1 VIAL, SINGLE-DOSE","Thyroxine [CS],  l-Thyroxine [EPC]","N/A","No","12/31/2026"
"Levothyroxine sodium","0480-8718-10","175 ug/1","TABLET","ORAL","ANDA207588","Teva Pharmaceuticals, Inc.","0480-8718","Levothyroxine sodium","LEVOTHYROXINE SODIUM","HUMAN PRESCRIPTION DRUG","09/21/2022","11/30/2026","ANDA","1000 TABLET in 1 BOTTLE (0480-8718-10)","Thyroxine [CS],  l-Thyroxine [EPC]","N/A","No","N/A"
"Levothyroxine sodium","0480-8718-98","175 ug/1","TABLET","ORAL","ANDA207588","Teva Pharmaceuticals, Inc.","0480-8718","Levothyroxine sodium","LEVOTHYROXINE SODIUM","HUMAN PRESCRIPTION DRUG","09/21/2022","11/30/2026","ANDA","90 TABLET in 1 BOTTLE (0480-8718-98)","Thyroxine [CS],  l-Thyroxine [EPC]","N/A","No","N/A"
"Levothyroxine Sodium","50090-6984-0",".088 mg/1","TABLET","ORAL","ANDA209713","A-S Medication Solutions","50090-6984","Levothyroxine Sodium","LEVOTHYROXINE SODIUM","HUMAN PRESCRIPTION DRUG","12/26/2023","N/A","ANDA","90 TABLET in 1 BOTTLE (50090-6984-0)","Thyroxine [CS],  l-Thyroxine [EPC]","N/A","No","12/31/2026"
"Levothyroxine Sodium","63323-647-10","200 ug/5mL","INJECTION, POWDER, LYOPHILIZED, FOR SOLUTION","INTRAVENOUS","NDA202231","Fresenius Kabi USA, LLC","63323-647","LEVOTHYROXINE SODIUM ANHYDROUS","LEVOTHYROXINE SODIUM ANHYDROUS","HUMAN PRESCRIPTION DRUG","06/24/2011","N/A","NDA","1 VIAL, SINGLE-DOSE in 1 CARTON (63323-647-10)  / 5 mL in 1 VIAL, SINGLE-DOSE","Thyroxine [CS],  l-Thyroxine [EPC]","N/A","No","12/31/2026"
"Levothyroxine Sodium","63323-648-10","500 ug/5mL","INJECTION, POWDER, LYOPHILIZED, FOR SOLUTION","INTRAVENOUS","NDA202231","Fresenius Kabi USA, LLC","63323-648","LEVOTHYROXINE SODIUM ANHYDROUS","LEVOTHYROXINE SODIUM ANHYDROUS","HUMAN PRESCRIPTION DRUG","06/24/2011","N/A","NDA","1 VIAL, SINGLE-DOSE in 1 CARTON (63323-648-10)  / 5 mL in 1 VIAL, SINGLE-DOSE","Thyroxine [CS],  l-Thyroxine [EPC]","N/A","No","12/31/2026"
"Levothyroxine Sodium","63323-648-94","500 ug/5mL","INJECTION, POWDER, LYOPHILIZED, FOR SOLUTION","INTRAVENOUS","NDA202231","Fresenius Kabi USA, LLC","63323-648","LEVOTHYROXINE SODIUM ANHYDROUS","LEVOTHYROXINE SODIUM ANHYDROUS","HUMAN PRESCRIPTION DRUG","06/24/2011","N/A","NDA","1 VIAL, SINGLE-DOSE in 1 CARTON (63323-648-94)  / 5 mL in 1 VIAL, SINGLE-DOSE","Thyroxine [CS],  l-Thyroxine [EPC]","N/A","No","12/31/2026"
"Levothyroxine sodium","67296-1908-3","137 ug/1","TABLET","ORAL","ANDA212399","RedPharm Drug, Inc","67296-1908","Levothyroxine Sodium","LEVOTHYROXINE SODIUM","HUMAN PRESCRIPTION DRUG","11/25/2020","N/A","ANDA","30 TABLET in 1 BOTTLE (67296-1908-3)","Thyroxine [CS],  l-Thyroxine [EPC]","N/A","No","12/31/2026"
"Levothyroxine sodium","68788-7945-1","125 ug/1","TABLET","ORAL","ANDA212399","Preferred Pharmaceuticals Inc.","68788-7945","Levothyroxine Sodium","LEVOTHYROXINE SODIUM","HUMAN PRESCRIPTION DRUG","06/28/2021","N/A","ANDA","100 TABLET in 1 BOTTLE (68788-7945-1)","Thyroxine [CS],  l-Thyroxine [EPC]","N/A","No","12/31/2027"
"Levothyroxine sodium","68788-7945-3","125 ug/1","TABLET","ORAL","ANDA212399","Preferred Pharmaceuticals Inc.","68788-7945","Levothyroxine Sodium","LEVOTHYROXINE SODIUM","HUMAN PRESCRIPTION DRUG","06/28/2021","N/A","ANDA","30 TABLET in 1 BOTTLE (68788-7945-3)","Thyroxine [CS],  l-Thyroxine [EPC]","N/A","No","12/31/2027"
"Levothyroxine sodium","68788-7945-9","125 ug/1","TABLET","ORAL","ANDA212399","Preferred Pharmaceuticals Inc.","68788-7945","Levothyroxine Sodium","LEVOTHYROXINE SODIUM","HUMAN PRESCRIPTION DRUG","06/28/2021","N/A","ANDA","90 TABLET in 1 BOTTLE (68788-7945-9)","Thyroxine [CS],  l-Thyroxine [EPC]","N/A","No","12/31/2027"
"LEVOTHYROXINE SODIUM","50090-7562-0","50 ug/1","TABLET","ORAL","ANDA211417","A-S Medication Solutions","50090-7562","LEVOTHYROXINE SODIUM","LEVOTHYROXINE SODIUM","HUMAN PRESCRIPTION DRUG","05/28/2025","N/A","ANDA","30 TABLET in 1 BOTTLE (50090-7562-0)","Thyroxine [CS],  l-Thyroxine [EPC]","N/A","No","12/31/2026"
"LEVOTHYROXINE SODIUM","50090-7562-1","50 ug/1","TABLET","ORAL","ANDA211417","A-S Medication Solutions","50090-7562","LEVOTHYROXINE SODIUM","LEVOTHYROXINE SODIUM","HUMAN PRESCRIPTION DRUG","05/28/2025","N/A","ANDA","90 TABLET in 1 BOTTLE (50090-7562-1)","Thyroxine [CS],  l-Thyroxine [EPC]","N/A","No","12/31/2026"
"Levothyroxine Sodium","51079-444-20","25 ug/1","TABLET","ORAL","ANDA076187","Mylan Institutional Inc.","51079-444","levothyroxine sodium","LEVOTHYROXINE SODIUM","HUMAN PRESCRIPTION DRUG","02/26/2007","N/A","ANDA","100 BLISTER PACK in 1 CARTON (51079-444-20)  / 1 TABLET in 1 BLISTER PACK (51079-444-01)","Thyroxine [CS],  l-Thyroxine [EPC]","N/A","No","12/31/2026"
"Levothyroxine sodium","68788-7942-1","112 ug/1","TABLET","ORAL","ANDA212399","Preferred Pharmaceuticals Inc.","68788-7942","Levothyroxine Sodium","LEVOTHYROXINE SODIUM","HUMAN PRESCRIPTION DRUG","06/28/2021","N/A","ANDA","100 TABLET in 1 BOTTLE (68788-7942-1)","Thyroxine [CS],  l-Thyroxine [EPC]","N/A","No","12/31/2027"
"Levothyroxine sodium","68788-7942-3","112 ug/1","TABLET","ORAL","ANDA212399","Preferred Pharmaceuticals Inc.","68788-7942","Levothyroxine Sodium","LEVOTHYROXINE SODIUM","HUMAN PRESCRIPTION DRUG","06/28/2021","N/A","ANDA","30 TABLET in 1 BOTTLE (68788-7942-3)","Thyroxine [CS],  l-Thyroxine [EPC]","N/A","No","12/31/2027"
"Levothyroxine sodium","68788-7942-9","112 ug/1","TABLET","ORAL","ANDA212399","Preferred Pharmaceuticals Inc.","68788-7942","Levothyroxine Sodium","LEVOTHYROXINE SODIUM","HUMAN PRESCRIPTION DRUG","06/28/2021","N/A","ANDA","90 TABLET in 1 BOTTLE (68788-7942-9)","Thyroxine [CS],  l-Thyroxine [EPC]","N/A","No","12/31/2027"
"Levothyroxine Sodium","51655-846-52","25 ug/1","TABLET","ORAL","NDA021342","Northwind Health Company, LLC","51655-846","Levothyroxine Sodium","LEVOTHYROXINE SODIUM","HUMAN PRESCRIPTION DRUG","03/30/2023","N/A","NDA AUTHORIZED GENERIC","30 TABLET in 1 BOTTLE, PLASTIC (51655-846-52)","Thyroxine [CS],  l-Thyroxine [EPC]","N/A","No","12/31/2027"
"Levothyroxine sodium","68788-7943-1","88 ug/1","TABLET","ORAL","ANDA212399","Preferred Pharmaceuticals Inc.","68788-7943","Levothyroxine Sodium","LEVOTHYROXINE SODIUM","HUMAN PRESCRIPTION DRUG","06/28/2021","N/A","ANDA","100 TABLET in 1 BOTTLE (68788-7943-1)","Thyroxine [CS],  l-Thyroxine [EPC]","N/A","No","12/31/2027"
"Levothyroxine sodium","68788-7943-3","88 ug/1","TABLET","ORAL","ANDA212399","Preferred Pharmaceuticals Inc.","68788-7943","Levothyroxine Sodium","LEVOTHYROXINE SODIUM","HUMAN PRESCRIPTION DRUG","06/28/2021","N/A","ANDA","30 TABLET in 1 BOTTLE (68788-7943-3)","Thyroxine [CS],  l-Thyroxine [EPC]","N/A","No","12/31/2027"
"Levothyroxine sodium","68788-7943-9","88 ug/1","TABLET","ORAL","ANDA212399","Preferred Pharmaceuticals Inc.","68788-7943","Levothyroxine Sodium","LEVOTHYROXINE SODIUM","HUMAN PRESCRIPTION DRUG","06/28/2021","N/A","ANDA","90 TABLET in 1 BOTTLE (68788-7943-9)","Thyroxine [CS],  l-Thyroxine [EPC]","N/A","No","12/31/2027"
"Levothyroxine Sodium","51079-442-20","100 ug/1","TABLET","ORAL","ANDA076187","Mylan Institutional Inc.","51079-442","levothyroxine sodium","LEVOTHYROXINE SODIUM","HUMAN PRESCRIPTION DRUG","02/05/2007","N/A","ANDA","100 BLISTER PACK in 1 CARTON (51079-442-20)  / 1 TABLET in 1 BLISTER PACK (51079-442-01)","Thyroxine [CS],  l-Thyroxine [EPC]","N/A","No","12/31/2026"
"Levothyroxine sodium","68788-7944-1","137 ug/1","TABLET","ORAL","ANDA212399","Preferred Pharmaceuticals Inc.","68788-7944","Levothyroxine Sodium","LEVOTHYROXINE SODIUM","HUMAN PRESCRIPTION DRUG","06/28/2021","N/A","ANDA","100 TABLET in 1 BOTTLE (68788-7944-1)","Thyroxine [CS],  l-Thyroxine [EPC]","N/A","No","12/31/2027"
"Levothyroxine sodium","68788-7944-3","137 ug/1","TABLET","ORAL","ANDA212399","Preferred Pharmaceuticals Inc.","68788-7944","Levothyroxine Sodium","LEVOTHYROXINE SODIUM","HUMAN PRESCRIPTION DRUG","06/28/2021","N/A","ANDA","30 TABLET in 1 BOTTLE (68788-7944-3)","Thyroxine [CS],  l-Thyroxine [EPC]","N/A","No","12/31/2027"
"Levothyroxine sodium","68788-7944-9","137 ug/1","TABLET","ORAL","ANDA212399","Preferred Pharmaceuticals Inc.","68788-7944","Levothyroxine Sodium","LEVOTHYROXINE SODIUM","HUMAN PRESCRIPTION DRUG","06/28/2021","N/A","ANDA","90 TABLET in 1 BOTTLE (68788-7944-9)","Thyroxine [CS],  l-Thyroxine [EPC]","N/A","No","12/31/2027"
"Levothyroxine Sodium","51079-443-20","125 ug/1","TABLET","ORAL","ANDA076187","Mylan Institutional Inc.","51079-443","levothyroxine sodium","LEVOTHYROXINE SODIUM","HUMAN PRESCRIPTION DRUG","02/05/2007","N/A","ANDA","100 BLISTER PACK in 1 CARTON (51079-443-20)  / 1 TABLET in 1 BLISTER PACK (51079-443-01)","Thyroxine [CS],  l-Thyroxine [EPC]","N/A","No","12/31/2026"
"Levothyroxine sodium","68788-7954-3","75 ug/1","TABLET","ORAL","ANDA212399","Preferred Pharmaceuticals Inc.","68788-7954","Levothyroxine Sodium","LEVOTHYROXINE SODIUM","HUMAN PRESCRIPTION DRUG","07/09/2021","N/A","ANDA","30 TABLET in 1 BOTTLE (68788-7954-3)","Thyroxine [CS],  l-Thyroxine [EPC]","N/A","No","12/31/2027"
"Levothyroxine sodium","68788-7954-9","75 ug/1","TABLET","ORAL","ANDA212399","Preferred Pharmaceuticals Inc.","68788-7954","Levothyroxine Sodium","LEVOTHYROXINE SODIUM","HUMAN PRESCRIPTION DRUG","07/09/2021","N/A","ANDA","90 TABLET in 1 BOTTLE (68788-7954-9)","Thyroxine [CS],  l-Thyroxine [EPC]","N/A","No","12/31/2027"
"Levothyroxine Sodium","50090-7565-0",".175 mg/1","TABLET","ORAL","ANDA209713","A-S Medication Solutions","50090-7565","Levothyroxine Sodium","LEVOTHYROXINE SODIUM","HUMAN PRESCRIPTION DRUG","05/30/2025","N/A","ANDA","30 TABLET in 1 BOTTLE (50090-7565-0)","Thyroxine [CS],  l-Thyroxine [EPC]","N/A","No","12/31/2026"
"Levothyroxine Sodium","50090-7565-1",".175 mg/1","TABLET","ORAL","ANDA209713","A-S Medication Solutions","50090-7565","Levothyroxine Sodium","LEVOTHYROXINE SODIUM","HUMAN PRESCRIPTION DRUG","05/30/2025","N/A","ANDA","90 TABLET in 1 BOTTLE (50090-7565-1)","Thyroxine [CS],  l-Thyroxine [EPC]","N/A","No","12/31/2026"
"Levothyroxine Sodium","51079-445-20","150 ug/1","TABLET","ORAL","ANDA076187","Mylan Institutional Inc.","51079-445","levothyroxine sodium","LEVOTHYROXINE SODIUM","HUMAN PRESCRIPTION DRUG","02/26/2007","N/A","ANDA","100 BLISTER PACK in 1 CARTON (51079-445-20)  / 1 TABLET in 1 BLISTER PACK (51079-445-01)","Thyroxine [CS],  l-Thyroxine [EPC]","N/A","No","12/31/2026"
"LEVOTHYROXINE SODIUM","50090-7563-0","50 ug/1","TABLET","ORAL","ANDA211417","A-S Medication Solutions","50090-7563","LEVOTHYROXINE SODIUM","LEVOTHYROXINE SODIUM","HUMAN PRESCRIPTION DRUG","05/28/2025","N/A","ANDA","90 TABLET in 1 BOTTLE (50090-7563-0)","Thyroxine [CS],  l-Thyroxine [EPC]","N/A","No","12/31/2026"
"Levothyroxine Sodium","0527-3287-43","137 ug/1","TABLET","ORAL","NDA021342","Lannett Company, Inc","0527-3287","Levothyroxine Sodium","LEVOTHYROXINE SODIUM","HUMAN PRESCRIPTION DRUG","08/03/2020","N/A","NDA AUTHORIZED GENERIC","1000 TABLET in 1 BOTTLE (0527-3287-43)","Thyroxine [CS],  l-Thyroxine [EPC]","N/A","No","12/31/2027"
"Levothyroxine Sodium","0527-3287-46","137 ug/1","TABLET","ORAL","NDA021342","Lannett Company, Inc","0527-3287","Levothyroxine Sodium","LEVOTHYROXINE SODIUM","HUMAN PRESCRIPTION DRUG","08/03/2020","N/A","NDA AUTHORIZED GENERIC","90 TABLET in 1 BOTTLE (0527-3287-46)","Thyroxine [CS],  l-Thyroxine [EPC]","N/A","No","12/31/2027"
"Levothyroxine Sodium","0904-6951-61",".075 mg/1","TABLET","ORAL","ANDA209713","Major Pharmaceuticals","0904-6951","Levothyroxine Sodium","LEVOTHYROXINE SODIUM","HUMAN PRESCRIPTION DRUG","03/20/2019","N/A","ANDA","100 BLISTER PACK in 1 CARTON (0904-6951-61)  / 1 TABLET in 1 BLISTER PACK","Thyroxine [CS],  l-Thyroxine [EPC]","N/A","No","12/31/2026"
"Levothyroxine sodium","68788-7953-3","150 ug/1","TABLET","ORAL","ANDA212399","Preferred Pharmaceuticals Inc.","68788-7953","Levothyroxine Sodium","LEVOTHYROXINE SODIUM","HUMAN PRESCRIPTION DRUG","07/09/2021","N/A","ANDA","30 TABLET in 1 BOTTLE (68788-7953-3)","Thyroxine [CS],  l-Thyroxine [EPC]","N/A","No","12/31/2027"
"Levothyroxine sodium","68788-7953-9","150 ug/1","TABLET","ORAL","ANDA212399","Preferred Pharmaceuticals Inc.","68788-7953","Levothyroxine Sodium","LEVOTHYROXINE SODIUM","HUMAN PRESCRIPTION DRUG","07/09/2021","N/A","ANDA","90 TABLET in 1 BOTTLE (68788-7953-9)","Thyroxine [CS],  l-Thyroxine [EPC]","N/A","No","12/31/2027"
"LEVOTHYROXINE SODIUM","67046-1679-3","100 ug/1","TABLET","ORAL","ANDA211417","Coupler LLC","67046-1679","LEVOTHYROXINE SODIUM","LEVOTHYROXINE SODIUM","HUMAN PRESCRIPTION DRUG","06/05/2026","N/A","ANDA","30 TABLET in 1 BLISTER PACK (67046-1679-3)","Thyroxine [CS],  l-Thyroxine [EPC]","N/A","No","12/31/2027"
"Levothyroxine Sodium","50090-7566-0",".175 mg/1","TABLET","ORAL","ANDA209713","A-S Medication Solutions","50090-7566","Levothyroxine Sodium","LEVOTHYROXINE SODIUM","HUMAN PRESCRIPTION DRUG","05/30/2025","N/A","ANDA","90 TABLET in 1 BOTTLE (50090-7566-0)","Thyroxine [CS],  l-Thyroxine [EPC]","N/A","No","12/31/2026"
"Levothyroxine sodium","0480-8701-10","100 ug/1","TABLET","ORAL","ANDA207588","Teva Pharmaceuticals, Inc.","0480-8701","Levothyroxine sodium","LEVOTHYROXINE SODIUM","HUMAN PRESCRIPTION DRUG","09/21/2022","08/31/2026","ANDA","1000 TABLET in 1 BOTTLE (0480-8701-10)","Thyroxine [CS],  l-Thyroxine [EPC]","N/A","No","N/A"
"Levothyroxine sodium","0480-8701-98","100 ug/1","TABLET","ORAL","ANDA207588","Teva Pharmaceuticals, Inc.","0480-8701","Levothyroxine sodium","LEVOTHYROXINE SODIUM","HUMAN PRESCRIPTION DRUG","09/21/2022","08/31/2026","ANDA","90 TABLET in 1 BOTTLE (0480-8701-98)","Thyroxine [CS],  l-Thyroxine [EPC]","N/A","No","N/A"
"Levothyroxine sodium","68788-7969-3","25 ug/1","TABLET","ORAL","ANDA212399","Preferred Pharmaceuticals Inc.","68788-7969","Levothyroxine Sodium","LEVOTHYROXINE SODIUM","HUMAN PRESCRIPTION DRUG","07/28/2021","N/A","ANDA","30 TABLET in 1 BOTTLE (68788-7969-3)","Thyroxine [CS],  l-Thyroxine [EPC]","N/A","No","12/31/2027"
"Levothyroxine sodium","68788-7969-9","25 ug/1","TABLET","ORAL","ANDA212399","Preferred Pharmaceuticals Inc.","68788-7969","Levothyroxine Sodium","LEVOTHYROXINE SODIUM","HUMAN PRESCRIPTION DRUG","07/28/2021","N/A","ANDA","90 TABLET in 1 BOTTLE (68788-7969-9)","Thyroxine [CS],  l-Thyroxine [EPC]","N/A","No","12/31/2027"
"Levothyroxine sodium","50090-6634-0","175 ug/1","TABLET","ORAL","ANDA212399","A-S Medication Solutions","50090-6634","Levothyroxine Sodium","LEVOTHYROXINE SODIUM","HUMAN PRESCRIPTION DRUG","08/25/2023","N/A","ANDA","90 TABLET in 1 BOTTLE (50090-6634-0)","Thyroxine [CS],  l-Thyroxine [EPC]","N/A","No","12/31/2027"
"Levothyroxine Sodium","71335-3116-1",".15 mg/1","TABLET","ORAL","ANDA209713","Bryant Ranch Prepack","71335-3116","Levothyroxine Sodium","LEVOTHYROXINE SODIUM","HUMAN PRESCRIPTION DRUG","03/30/2026","N/A","ANDA","30 TABLET in 1 BOTTLE (71335-3116-1)","Thyroxine [CS],  l-Thyroxine [EPC]","N/A","No","12/31/2027"
"Levothyroxine Sodium","71335-3116-2",".15 mg/1","TABLET","ORAL","ANDA209713","Bryant Ranch Prepack","71335-3116","Levothyroxine Sodium","LEVOTHYROXINE SODIUM","HUMAN PRESCRIPTION DRUG","03/30/2026","N/A","ANDA","100 TABLET in 1 BOTTLE (71335-3116-2)","Thyroxine [CS],  l-Thyroxine [EPC]","N/A","No","12/31/2027"
"Levothyroxine Sodium","71335-3116-3",".15 mg/1","TABLET","ORAL","ANDA209713","Bryant Ranch Prepack","71335-3116","Levothyroxine Sodium","LEVOTHYROXINE SODIUM","HUMAN PRESCRIPTION DRUG","03/30/2026","N/A","ANDA","90 TABLET in 1 BOTTLE (71335-3116-3)","Thyroxine [CS],  l-Thyroxine [EPC]","N/A","No","12/31/2027"
"Levothyroxine Sodium","71335-3116-4",".15 mg/1","TABLET","ORAL","ANDA209713","Bryant Ranch Prepack","71335-3116","Levothyroxine Sodium","LEVOTHYROXINE SODIUM","HUMAN PRESCRIPTION DRUG","03/30/2026","N/A","ANDA","60 TABLET in 1 BOTTLE (71335-3116-4)","Thyroxine [CS],  l-Thyroxine [EPC]","N/A","No","12/31/2027"
"levothyroxine sodium","71335-1423-1","75 ug/1","TABLET","ORAL","NDA021116","Bryant Ranch Prepack","71335-1423","levothyroxine sodium","LEVOTHYROXINE SODIUM","HUMAN PRESCRIPTION DRUG","12/13/2019","N/A","NDA","30 TABLET in 1 BOTTLE (71335-1423-1)","Thyroxine [CS],  l-Thyroxine [EPC]","N/A","No","12/31/2026"
"levothyroxine sodium","71335-1423-2","75 ug/1","TABLET","ORAL","NDA021116","Bryant Ranch Prepack","71335-1423","levothyroxine sodium","LEVOTHYROXINE SODIUM","HUMAN PRESCRIPTION DRUG","04/09/2024","N/A","NDA","100 TABLET in 1 BOTTLE (71335-1423-2)","Thyroxine [CS],  l-Thyroxine [EPC]","N/A","No","12/31/2026"
"levothyroxine sodium","71335-1423-3","75 ug/1","TABLET","ORAL","NDA021116","Bryant Ranch Prepack","71335-1423","levothyroxine sodium","LEVOTHYROXINE SODIUM","HUMAN PRESCRIPTION DRUG","04/09/2024","N/A","NDA","60 TABLET in 1 BOTTLE (71335-1423-3)","Thyroxine [CS],  l-Thyroxine [EPC]","N/A","No","12/31/2026"
"levothyroxine sodium","71335-1423-4","75 ug/1","TABLET","ORAL","NDA021116","Bryant Ranch Prepack","71335-1423","levothyroxine sodium","LEVOTHYROXINE SODIUM","HUMAN PRESCRIPTION DRUG","12/03/2019","N/A","NDA","90 TABLET in 1 BOTTLE (71335-1423-4)","Thyroxine [CS],  l-Thyroxine [EPC]","N/A","No","12/31/2026"
"levothyroxine sodium","71335-1423-5","75 ug/1","TABLET","ORAL","NDA021116","Bryant Ranch Prepack","71335-1423","levothyroxine sodium","LEVOTHYROXINE SODIUM","HUMAN PRESCRIPTION DRUG","04/09/2024","N/A","NDA","28 TABLET in 1 BOTTLE (71335-1423-5)","Thyroxine [CS],  l-Thyroxine [EPC]","N/A","No","12/31/2026"
"levothyroxine sodium","71335-1423-6","75 ug/1","TABLET","ORAL","NDA021116","Bryant Ranch Prepack","71335-1423","levothyroxine sodium","LEVOTHYROXINE SODIUM","HUMAN PRESCRIPTION DRUG","04/09/2024","N/A","NDA","10 TABLET in 1 BOTTLE (71335-1423-6)","Thyroxine [CS],  l-Thyroxine [EPC]","N/A","No","12/31/2026"
"Synthroid","0074-6594-19","88 ug/1","TABLET","ORAL","NDA021402","AbbVie Inc.","0074-6594","Levothyroxine Sodium","LEVOTHYROXINE SODIUM","HUMAN PRESCRIPTION DRUG","07/24/2002","N/A","NDA","1000 TABLET in 1 BOTTLE (0074-6594-19)","Thyroxine [CS],  l-Thyroxine [EPC]","N/A","No","12/31/2026"
"Synthroid","0074-6594-72","88 ug/1","TABLET","ORAL","NDA021402","AbbVie Inc.","0074-6594","Levothyroxine Sodium","LEVOTHYROXINE SODIUM","HUMAN PRESCRIPTION DRUG","07/24/2002","N/A","NDA","2 BLISTER PACK in 1 CARTON (0074-6594-72)  / 7 TABLET in 1 BLISTER PACK","Thyroxine [CS],  l-Thyroxine [EPC]","N/A","Yes","12/31/2026"
"Synthroid","0074-6594-90","88 ug/1","TABLET","ORAL","NDA021402","AbbVie Inc.","0074-6594","Levothyroxine Sodium","LEVOTHYROXINE SODIUM","HUMAN PRESCRIPTION DRUG","07/24/2002","N/A","NDA","90 TABLET in 1 BOTTLE (0074-6594-90)","Thyroxine [CS],  l-Thyroxine [EPC]","N/A","No","12/31/2026"
"Levothyroxine Sodium","50090-5792-0",".137 mg/1","TABLET","ORAL","ANDA209713","A-S Medication Solutions","50090-5792","Levothyroxine Sodium","LEVOTHYROXINE SODIUM","HUMAN PRESCRIPTION DRUG","10/11/2021","N/A","ANDA","90 TABLET in 1 BOTTLE (50090-5792-0)","Thyroxine [CS],  l-Thyroxine [EPC]","N/A","No","12/31/2026"
"Levothyroxine Sodium","50090-5792-1",".137 mg/1","TABLET","ORAL","ANDA209713","A-S Medication Solutions","50090-5792","Levothyroxine Sodium","LEVOTHYROXINE SODIUM","HUMAN PRESCRIPTION DRUG","10/11/2021","N/A","ANDA","30 TABLET in 1 BOTTLE (50090-5792-1)","Thyroxine [CS],  l-Thyroxine [EPC]","N/A","No","12/31/2026"
"Levothyroxine sodium","71335-2090-1","200 ug/1","TABLET","ORAL","ANDA212399","Bryant Ranch Prepack","71335-2090","Levothyroxine Sodium","LEVOTHYROXINE SODIUM","HUMAN PRESCRIPTION DRUG","12/11/2024","N/A","ANDA","100 TABLET in 1 BOTTLE (71335-2090-1)","Thyroxine [CS],  l-Thyroxine [EPC]","N/A","No","12/31/2026"
"Levothyroxine sodium","71335-2090-2","200 ug/1","TABLET","ORAL","ANDA212399","Bryant Ranch Prepack","71335-2090","Levothyroxine Sodium","LEVOTHYROXINE SODIUM","HUMAN PRESCRIPTION DRUG","03/24/2023","N/A","ANDA","30 TABLET in 1 BOTTLE (71335-2090-2)","Thyroxine [CS],  l-Thyroxine [EPC]","N/A","No","12/31/2026"
"Levothyroxine sodium","71335-2090-3","200 ug/1","TABLET","ORAL","ANDA212399","Bryant Ranch Prepack","71335-2090","Levothyroxine Sodium","LEVOTHYROXINE SODIUM","HUMAN PRESCRIPTION DRUG","05/20/2022","N/A","ANDA","90 TABLET in 1 BOTTLE (71335-2090-3)","Thyroxine [CS],  l-Thyroxine [EPC]","N/A","No","12/31/2026"
"Levothyroxine sodium","71335-2090-4","200 ug/1","TABLET","ORAL","ANDA212399","Bryant Ranch Prepack","71335-2090","Levothyroxine Sodium","LEVOTHYROXINE SODIUM","HUMAN PRESCRIPTION DRUG","12/11/2024","N/A","ANDA","60 TABLET in 1 BOTTLE (71335-2090-4)","Thyroxine [CS],  l-Thyroxine [EPC]","N/A","No","12/31/2026"
"Levothyroxine sodium","71335-2090-5","200 ug/1","TABLET","ORAL","ANDA212399","Bryant Ranch Prepack","71335-2090","Levothyroxine Sodium","LEVOTHYROXINE SODIUM","HUMAN PRESCRIPTION DRUG","12/11/2024","N/A","ANDA","18 TABLET in 1 BOTTLE (71335-2090-5)","Thyroxine [CS],  l-Thyroxine [EPC]","N/A","No","12/31/2026"
"Levothyroxine Sodium","0527-3288-43","150 ug/1","TABLET","ORAL","NDA021342","Lannett Company, Inc","0527-3288","Levothyroxine Sodium","LEVOTHYROXINE SODIUM","HUMAN PRESCRIPTION DRUG","08/03/2020","N/A","NDA AUTHORIZED GENERIC","1000 TABLET in 1 BOTTLE (0527-3288-43)","Thyroxine [CS],  l-Thyroxine [EPC]","N/A","No","12/31/2027"
"Levothyroxine Sodium","0527-3288-46","150 ug/1","TABLET","ORAL","NDA021342","Lannett Company, Inc","0527-3288","Levothyroxine Sodium","LEVOTHYROXINE SODIUM","HUMAN PRESCRIPTION DRUG","08/03/2020","N/A","NDA AUTHORIZED GENERIC","90 TABLET in 1 BOTTLE (0527-3288-46)","Thyroxine [CS],  l-Thyroxine [EPC]","N/A","No","12/31/2027"
"Levothyroxine Sodium","0904-6952-61",".088 mg/1","TABLET","ORAL","ANDA209713","Major Pharmaceuticals","0904-6952","Levothyroxine Sodium","LEVOTHYROXINE SODIUM","HUMAN PRESCRIPTION DRUG","03/20/2019","N/A","ANDA","100 BLISTER PACK in 1 CARTON (0904-6952-61)  / 1 TABLET in 1 BLISTER PACK","Thyroxine [CS],  l-Thyroxine [EPC]","N/A","No","12/31/2026"
"Levothyroxine Sodium","60687-453-01",".025 mg/1","TABLET","ORAL","ANDA209713","American Health Packaging","60687-453","Levothyroxine Sodium","LEVOTHYROXINE SODIUM","HUMAN PRESCRIPTION DRUG","11/04/2019","N/A","ANDA","100 BLISTER PACK in 1 BOX, UNIT-DOSE (60687-453-01)  / 1 TABLET in 1 BLISTER PACK (60687-453-11)","Thyroxine [CS],  l-Thyroxine [EPC]","N/A","No","12/31/2026"
"levothyroxine sodium","71205-353-30","75 ug/1","TABLET","ORAL","NDA021116","Proficient Rx LP","71205-353","levothyroxine sodium","LEVOTHYROXINE SODIUM","HUMAN PRESCRIPTION DRUG","11/01/2019","N/A","NDA","30 TABLET in 1 BOTTLE (71205-353-30)","Thyroxine [CS],  l-Thyroxine [EPC]","N/A","No","12/31/2026"
"levothyroxine sodium","71205-353-60","75 ug/1","TABLET","ORAL","NDA021116","Proficient Rx LP","71205-353","levothyroxine sodium","LEVOTHYROXINE SODIUM","HUMAN PRESCRIPTION DRUG","11/01/2019","N/A","NDA","60 TABLET in 1 BOTTLE (71205-353-60)","Thyroxine [CS],  l-Thyroxine [EPC]","N/A","No","12/31/2026"
"levothyroxine sodium","71205-353-90","75 ug/1","TABLET","ORAL","NDA021116","Proficient Rx LP","71205-353","levothyroxine sodium","LEVOTHYROXINE SODIUM","HUMAN PRESCRIPTION DRUG","11/01/2019","N/A","NDA","90 TABLET in 1 BOTTLE (71205-353-90)","Thyroxine [CS],  l-Thyroxine [EPC]","N/A","No","12/31/2026"
"levothyroxine sodium","71205-351-30","100 ug/1","TABLET","ORAL","NDA021116","Proficient Rx LP","71205-351","levothyroxine sodium","LEVOTHYROXINE SODIUM","HUMAN PRESCRIPTION DRUG","12/29/2020","N/A","NDA","30 TABLET in 1 BOTTLE (71205-351-30)","Thyroxine [CS],  l-Thyroxine [EPC]","N/A","No","12/31/2026"
"levothyroxine sodium","71205-351-60","100 ug/1","TABLET","ORAL","NDA021116","Proficient Rx LP","71205-351","levothyroxine sodium","LEVOTHYROXINE SODIUM","HUMAN PRESCRIPTION DRUG","12/29/2020","N/A","NDA","60 TABLET in 1 BOTTLE (71205-351-60)","Thyroxine [CS],  l-Thyroxine [EPC]","N/A","No","12/31/2026"
"levothyroxine sodium","71205-351-90","100 ug/1","TABLET","ORAL","NDA021116","Proficient Rx LP","71205-351","levothyroxine sodium","LEVOTHYROXINE SODIUM","HUMAN PRESCRIPTION DRUG","12/29/2020","N/A","NDA","90 TABLET in 1 BOTTLE (71205-351-90)","Thyroxine [CS],  l-Thyroxine [EPC]","N/A","No","12/31/2026"
"Levothyroxine Sodium","71335-1814-0","100 ug/1","TABLET","ORAL","NDA021342","Bryant Ranch Prepack","71335-1814","Levothyroxine Sodium","LEVOTHYROXINE SODIUM","HUMAN PRESCRIPTION DRUG","12/20/2021","N/A","NDA AUTHORIZED GENERIC","1000 TABLET in 1 BOTTLE (71335-1814-0)","Thyroxine [CS],  l-Thyroxine [EPC]","N/A","No","12/31/2027"
"Levothyroxine Sodium","71335-1814-1","100 ug/1","TABLET","ORAL","NDA021342","Bryant Ranch Prepack","71335-1814","Levothyroxine Sodium","LEVOTHYROXINE SODIUM","HUMAN PRESCRIPTION DRUG","12/20/2021","N/A","NDA AUTHORIZED GENERIC","100 TABLET in 1 BOTTLE (71335-1814-1)","Thyroxine [CS],  l-Thyroxine [EPC]","N/A","No","12/31/2027"
"Levothyroxine Sodium","71335-1814-2","100 ug/1","TABLET","ORAL","NDA021342","Bryant Ranch Prepack","71335-1814","Levothyroxine Sodium","LEVOTHYROXINE SODIUM","HUMAN PRESCRIPTION DRUG","12/20/2021","N/A","NDA AUTHORIZED GENERIC","30 TABLET in 1 BOTTLE (71335-1814-2)","Thyroxine [CS],  l-Thyroxine [EPC]","N/A","No","12/31/2027"
"Levothyroxine Sodium","71335-1814-3","100 ug/1","TABLET","ORAL","NDA021342","Bryant Ranch Prepack","71335-1814","Levothyroxine Sodium","LEVOTHYROXINE SODIUM","HUMAN PRESCRIPTION DRUG","12/20/2021","N/A","NDA AUTHORIZED GENERIC","60 TABLET in 1 BOTTLE (71335-1814-3)","Thyroxine [CS],  l-Thyroxine [EPC]","N/A","No","12/31/2027"
"Levothyroxine Sodium","71335-1814-4","100 ug/1","TABLET","ORAL","NDA021342","Bryant Ranch Prepack","71335-1814","Levothyroxine Sodium","LEVOTHYROXINE SODIUM","HUMAN PRESCRIPTION DRUG","12/20/2021","N/A","NDA AUTHORIZED GENERIC","7 TABLET in 1 BOTTLE (71335-1814-4)","Thyroxine [CS],  l-Thyroxine [EPC]","N/A","No","12/31/2027"
"Levothyroxine Sodium","71335-1814-5","100 ug/1","TABLET","ORAL","NDA021342","Bryant Ranch Prepack","71335-1814","Levothyroxine Sodium","LEVOTHYROXINE SODIUM","HUMAN PRESCRIPTION DRUG","12/20/2021","N/A","NDA AUTHORIZED GENERIC","14 TABLET in 1 BOTTLE (71335-1814-5)","Thyroxine [CS],  l-Thyroxine [EPC]","N/A","No","12/31/2027"
"Levothyroxine Sodium","71335-1814-6","100 ug/1","TABLET","ORAL","NDA021342","Bryant Ranch Prepack","71335-1814","Levothyroxine Sodium","LEVOTHYROXINE SODIUM","HUMAN PRESCRIPTION DRUG","12/20/2021","N/A","NDA AUTHORIZED GENERIC","90 TABLET in 1 BOTTLE (71335-1814-6)","Thyroxine [CS],  l-Thyroxine [EPC]","N/A","No","12/31/2027"
"Levothyroxine Sodium","71335-1814-7","100 ug/1","TABLET","ORAL","NDA021342","Bryant Ranch Prepack","71335-1814","Levothyroxine Sodium","LEVOTHYROXINE SODIUM","HUMAN PRESCRIPTION DRUG","12/20/2021","N/A","NDA AUTHORIZED GENERIC","28 TABLET in 1 BOTTLE (71335-1814-7)","Thyroxine [CS],  l-Thyroxine [EPC]","N/A","No","12/31/2027"
"Levothyroxine Sodium","71335-1814-8","100 ug/1","TABLET","ORAL","NDA021342","Bryant Ranch Prepack","71335-1814","Levothyroxine Sodium","LEVOTHYROXINE SODIUM","HUMAN PRESCRIPTION DRUG","12/20/2021","N/A","NDA AUTHORIZED GENERIC","56 TABLET in 1 BOTTLE (71335-1814-8)","Thyroxine [CS],  l-Thyroxine [EPC]","N/A","No","12/31/2027"
"Levothyroxine Sodium","71335-1814-9","100 ug/1","TABLET","ORAL","NDA021342","Bryant Ranch Prepack","71335-1814","Levothyroxine Sodium","LEVOTHYROXINE SODIUM","HUMAN PRESCRIPTION DRUG","12/20/2021","N/A","NDA AUTHORIZED GENERIC","180 TABLET in 1 BOTTLE (71335-1814-9)","Thyroxine [CS],  l-Thyroxine [EPC]","N/A","No","12/31/2027"
"Levothyroxine sodium","0480-8704-10","112 ug/1","TABLET","ORAL","ANDA207588","Teva Pharmaceuticals, Inc.","0480-8704","Levothyroxine sodium","LEVOTHYROXINE SODIUM","HUMAN PRESCRIPTION DRUG","09/21/2022","10/31/2026","ANDA","1000 TABLET in 1 BOTTLE (0480-8704-10)","Thyroxine [CS],  l-Thyroxine [EPC]","N/A","No","N/A"
"Levothyroxine sodium","0480-8704-98","112 ug/1","TABLET","ORAL","ANDA207588","Teva Pharmaceuticals, Inc.","0480-8704","Levothyroxine sodium","LEVOTHYROXINE SODIUM","HUMAN PRESCRIPTION DRUG","09/21/2022","10/31/2026","ANDA","90 TABLET in 1 BOTTLE (0480-8704-98)","Thyroxine [CS],  l-Thyroxine [EPC]","N/A","No","N/A"
"Levothyroxine Sodium","0378-1800-10","25 ug/1","TABLET","ORAL","ANDA076187","Mylan Pharmaceuticals Inc.","0378-1800","levothyroxine sodium","LEVOTHYROXINE SODIUM","HUMAN PRESCRIPTION DRUG","11/01/2002","N/A","ANDA","1000 TABLET in 1 BOTTLE, PLASTIC (0378-1800-10)","Thyroxine [CS],  l-Thyroxine [EPC]","N/A","No","12/31/2026"
"Levothyroxine Sodium","0378-1800-77","25 ug/1","TABLET","ORAL","ANDA076187","Mylan Pharmaceuticals Inc.","0378-1800","levothyroxine sodium","LEVOTHYROXINE SODIUM","HUMAN PRESCRIPTION DRUG","11/01/2002","N/A","ANDA","90 TABLET in 1 BOTTLE, PLASTIC (0378-1800-77)","Thyroxine [CS],  l-Thyroxine [EPC]","N/A","No","12/31/2026"
"levothyroxine sodium","71205-352-30","50 ug/1","TABLET","ORAL","NDA021116","Proficient Rx LP","71205-352","levothyroxine sodium","LEVOTHYROXINE SODIUM","HUMAN PRESCRIPTION DRUG","11/01/2019","N/A","NDA","30 TABLET in 1 BOTTLE (71205-352-30)","Thyroxine [CS],  l-Thyroxine [EPC]","N/A","No","12/31/2026"
"levothyroxine sodium","71205-352-60","50 ug/1","TABLET","ORAL","NDA021116","Proficient Rx LP","71205-352","levothyroxine sodium","LEVOTHYROXINE SODIUM","HUMAN PRESCRIPTION DRUG","11/01/2019","N/A","NDA","60 TABLET in 1 BOTTLE (71205-352-60)","Thyroxine [CS],  l-Thyroxine [EPC]","N/A","No","12/31/2026"
"levothyroxine sodium","71205-352-90","50 ug/1","TABLET","ORAL","NDA021116","Proficient Rx LP","71205-352","levothyroxine sodium","LEVOTHYROXINE SODIUM","HUMAN PRESCRIPTION DRUG","11/01/2019","N/A","NDA","90 TABLET in 1 BOTTLE (71205-352-90)","Thyroxine [CS],  l-Thyroxine [EPC]","N/A","No","12/31/2026"
"levothyroxine sodium","71335-1435-1","200 ug/1","TABLET","ORAL","NDA021116","Bryant Ranch Prepack","71335-1435","levothyroxine sodium","LEVOTHYROXINE SODIUM","HUMAN PRESCRIPTION DRUG","12/12/2019","N/A","NDA","100 TABLET in 1 BOTTLE (71335-1435-1)","Thyroxine [CS],  l-Thyroxine [EPC]","N/A","No","12/31/2026"
"levothyroxine sodium","71335-1435-2","200 ug/1","TABLET","ORAL","NDA021116","Bryant Ranch Prepack","71335-1435","levothyroxine sodium","LEVOTHYROXINE SODIUM","HUMAN PRESCRIPTION DRUG","12/12/2019","N/A","NDA","30 TABLET in 1 BOTTLE (71335-1435-2)","Thyroxine [CS],  l-Thyroxine [EPC]","N/A","No","12/31/2026"
"levothyroxine sodium","71335-1435-3","200 ug/1","TABLET","ORAL","NDA021116","Bryant Ranch Prepack","71335-1435","levothyroxine sodium","LEVOTHYROXINE SODIUM","HUMAN PRESCRIPTION DRUG","12/12/2019","N/A","NDA","90 TABLET in 1 BOTTLE (71335-1435-3)","Thyroxine [CS],  l-Thyroxine [EPC]","N/A","No","12/31/2026"
"levothyroxine sodium","71335-1435-4","200 ug/1","TABLET","ORAL","NDA021116","Bryant Ranch Prepack","71335-1435","levothyroxine sodium","LEVOTHYROXINE SODIUM","HUMAN PRESCRIPTION DRUG","12/12/2019","N/A","NDA","60 TABLET in 1 BOTTLE (71335-1435-4)","Thyroxine [CS],  l-Thyroxine [EPC]","N/A","No","12/31/2026"
"levothyroxine sodium","71335-1435-5","200 ug/1","TABLET","ORAL","NDA021116","Bryant Ranch Prepack","71335-1435","levothyroxine sodium","LEVOTHYROXINE SODIUM","HUMAN PRESCRIPTION DRUG","12/12/2019","N/A","NDA","18 TABLET in 1 BOTTLE (71335-1435-5)","Thyroxine [CS],  l-Thyroxine [EPC]","N/A","No","12/31/2026"
"Levothyroxine Sodium","0527-3289-43","175 ug/1","TABLET","ORAL","NDA021342","Lannett Company, Inc","0527-3289","Levothyroxine Sodium","LEVOTHYROXINE SODIUM","HUMAN PRESCRIPTION DRUG","08/03/2020","N/A","NDA AUTHORIZED GENERIC","1000 TABLET in 1 BOTTLE (0527-3289-43)","Thyroxine [CS],  l-Thyroxine [EPC]","N/A","No","12/31/2027"
"Levothyroxine Sodium","0527-3289-46","175 ug/1","TABLET","ORAL","NDA021342","Lannett Company, Inc","0527-3289","Levothyroxine Sodium","LEVOTHYROXINE SODIUM","HUMAN PRESCRIPTION DRUG","08/03/2020","N/A","NDA AUTHORIZED GENERIC","90 TABLET in 1 BOTTLE (0527-3289-46)","Thyroxine [CS],  l-Thyroxine [EPC]","N/A","No","12/31/2027"
"Synthroid","0074-3727-19","137 ug/1","TABLET","ORAL","NDA021402","AbbVie Inc.","0074-3727","Levothyroxine Sodium","LEVOTHYROXINE SODIUM","HUMAN PRESCRIPTION DRUG","07/24/2002","N/A","NDA","1000 TABLET in 1 BOTTLE (0074-3727-19)","Thyroxine [CS],  l-Thyroxine [EPC]","N/A","No","12/31/2026"
"Synthroid","0074-3727-72","137 ug/1","TABLET","ORAL","NDA021402","AbbVie Inc.","0074-3727","Levothyroxine Sodium","LEVOTHYROXINE SODIUM","HUMAN PRESCRIPTION DRUG","07/24/2002","N/A","NDA","2 BLISTER PACK in 1 CARTON (0074-3727-72)  / 7 TABLET in 1 BLISTER PACK","Thyroxine [CS],  l-Thyroxine [EPC]","N/A","Yes","12/31/2026"
"Synthroid","0074-3727-90","137 ug/1","TABLET","ORAL","NDA021402","AbbVie Inc.","0074-3727","Levothyroxine Sodium","LEVOTHYROXINE SODIUM","HUMAN PRESCRIPTION DRUG","07/24/2002","N/A","NDA","90 TABLET in 1 BOTTLE (0074-3727-90)","Thyroxine [CS],  l-Thyroxine [EPC]","N/A","No","12/31/2026"
"levothyroxine sodium","71205-354-30","137 ug/1","TABLET","ORAL","NDA021116","Proficient Rx LP","71205-354","levothyroxine sodium","LEVOTHYROXINE SODIUM","HUMAN PRESCRIPTION DRUG","11/01/2019","N/A","NDA","30 TABLET in 1 BOTTLE (71205-354-30)","Thyroxine [CS],  l-Thyroxine [EPC]","N/A","No","12/31/2026"
"levothyroxine sodium","71205-354-60","137 ug/1","TABLET","ORAL","NDA021116","Proficient Rx LP","71205-354","levothyroxine sodium","LEVOTHYROXINE SODIUM","HUMAN PRESCRIPTION DRUG","11/01/2019","N/A","NDA","60 TABLET in 1 BOTTLE (71205-354-60)","Thyroxine [CS],  l-Thyroxine [EPC]","N/A","No","12/31/2026"
"levothyroxine sodium","71205-354-90","137 ug/1","TABLET","ORAL","NDA021116","Proficient Rx LP","71205-354","levothyroxine sodium","LEVOTHYROXINE SODIUM","HUMAN PRESCRIPTION DRUG","11/01/2019","N/A","NDA","90 TABLET in 1 BOTTLE (71205-354-90)","Thyroxine [CS],  l-Thyroxine [EPC]","N/A","No","12/31/2026"
"levothyroxine sodium","71335-1438-1","88 ug/1","TABLET","ORAL","NDA021116","Bryant Ranch Prepack","71335-1438","levothyroxine sodium","LEVOTHYROXINE SODIUM","HUMAN PRESCRIPTION DRUG","12/16/2019","N/A","NDA","30 TABLET in 1 BOTTLE (71335-1438-1)","Thyroxine [CS],  l-Thyroxine [EPC]","N/A","No","12/31/2026"
"levothyroxine sodium","71335-1438-2","88 ug/1","TABLET","ORAL","NDA021116","Bryant Ranch Prepack","71335-1438","levothyroxine sodium","LEVOTHYROXINE SODIUM","HUMAN PRESCRIPTION DRUG","12/16/2019","N/A","NDA","90 TABLET in 1 BOTTLE (71335-1438-2)","Thyroxine [CS],  l-Thyroxine [EPC]","N/A","No","12/31/2026"
"levothyroxine sodium","71335-1438-3","88 ug/1","TABLET","ORAL","NDA021116","Bryant Ranch Prepack","71335-1438","levothyroxine sodium","LEVOTHYROXINE SODIUM","HUMAN PRESCRIPTION DRUG","12/16/2019","N/A","NDA","28 TABLET in 1 BOTTLE (71335-1438-3)","Thyroxine [CS],  l-Thyroxine [EPC]","N/A","No","12/31/2026"
"levothyroxine sodium","71335-1438-4","88 ug/1","TABLET","ORAL","NDA021116","Bryant Ranch Prepack","71335-1438","levothyroxine sodium","LEVOTHYROXINE SODIUM","HUMAN PRESCRIPTION DRUG","12/16/2019","N/A","NDA","100 TABLET in 1 BOTTLE (71335-1438-4)","Thyroxine [CS],  l-Thyroxine [EPC]","N/A","No","12/31/2026"
"levothyroxine sodium","71335-1438-5","88 ug/1","TABLET","ORAL","NDA021116","Bryant Ranch Prepack","71335-1438","levothyroxine sodium","LEVOTHYROXINE SODIUM","HUMAN PRESCRIPTION DRUG","12/16/2019","N/A","NDA","60 TABLET in 1 BOTTLE (71335-1438-5)","Thyroxine [CS],  l-Thyroxine [EPC]","N/A","No","12/31/2026"
"LEVOTHYROXINE SODIUM","72189-073-30","75 ug/1","TABLET","ORAL","NDA021116","DIRECT RX","72189-073","LEVOTHYROXINE SODIUM","LEVOTHYROXINE SODIUM","HUMAN PRESCRIPTION DRUG","07/30/2020","N/A","NDA","30 TABLET in 1 BOTTLE (72189-073-30)","Thyroxine [CS],  l-Thyroxine [EPC]","N/A","No","12/31/2026"
"LEVOTHYROXINE SODIUM","72189-073-90","75 ug/1","TABLET","ORAL","NDA021116","DIRECT RX","72189-073","LEVOTHYROXINE SODIUM","LEVOTHYROXINE SODIUM","HUMAN PRESCRIPTION DRUG","07/30/2020","N/A","NDA","90 TABLET in 1 BOTTLE (72189-073-90)","Thyroxine [CS],  l-Thyroxine [EPC]","N/A","No","12/31/2026"
"Levothyroxine Sodium","0615-8597-05",".075 mg/1","TABLET","ORAL","NDA021210","NCS HealthCare of KY, LLC dba Vangard Labs","0615-8597","Levothyroxine Sodium","LEVOTHYROXINE SODIUM","HUMAN PRESCRIPTION DRUG","01/08/2026","N/A","NDA","15 TABLET in 1 BLISTER PACK (0615-8597-05)","Thyroxine [CS],  l-Thyroxine [EPC]","N/A","No","12/31/2027"
"Levothyroxine Sodium","0615-8597-14",".075 mg/1","TABLET","ORAL","NDA021210","NCS HealthCare of KY, LLC dba Vangard Labs","0615-8597","Levothyroxine Sodium","LEVOTHYROXINE SODIUM","HUMAN PRESCRIPTION DRUG","01/08/2026","N/A","NDA","14 TABLET in 1 BLISTER PACK (0615-8597-14)","Thyroxine [CS],  l-Thyroxine [EPC]","N/A","No","12/31/2027"
"Levothyroxine Sodium","0615-8597-39",".075 mg/1","TABLET","ORAL","NDA021210","NCS HealthCare of KY, LLC dba Vangard Labs","0615-8597","Levothyroxine Sodium","LEVOTHYROXINE SODIUM","HUMAN PRESCRIPTION DRUG","01/08/2026","N/A","NDA","30 TABLET in 1 BLISTER PACK (0615-8597-39)","Thyroxine [CS],  l-Thyroxine [EPC]","N/A","No","12/31/2027"
"Levothyroxine Sodium","51655-923-52",".1 mg/1","TABLET","ORAL","ANDA209713","Northwind Health Company, LLC","51655-923","Levothyroxine Sodium","LEVOTHYROXINE SODIUM","HUMAN PRESCRIPTION DRUG","03/04/2022","N/A","ANDA","30 TABLET in 1 BOTTLE, PLASTIC (51655-923-52)","Thyroxine [CS],  l-Thyroxine [EPC]","N/A","No","12/31/2027"
"Levothyroxine Sodium","72266-261-01","100 ug/5mL","INJECTION, POWDER, LYOPHILIZED, FOR SOLUTION","INTRAVENOUS","ANDA216729","Fosun Pharma USA Inc.","72266-261","LEVOTHYROXINE SODIUM ANHYDROUS","LEVOTHYROXINE SODIUM ANHYDROUS","HUMAN PRESCRIPTION DRUG","09/16/2025","N/A","ANDA","1 VIAL, SINGLE-DOSE in 1 CARTON (72266-261-01)  / 5 mL in 1 VIAL, SINGLE-DOSE","Thyroxine [CS],  l-Thyroxine [EPC]","N/A","No","12/31/2027"
"Levothyroxine Sodium","42023-201-01","100 ug/5mL","INJECTION, POWDER, LYOPHILIZED, FOR SOLUTION","INTRAVENOUS","NDA202231","ENDO USA, Inc.","42023-201","LEVOTHYROXINE SODIUM ANHYDROUS","LEVOTHYROXINE SODIUM ANHYDROUS","HUMAN PRESCRIPTION DRUG","06/24/2011","N/A","NDA","1 VIAL, SINGLE-DOSE in 1 CARTON (42023-201-01)  / 5 mL in 1 VIAL, SINGLE-DOSE","Thyroxine [CS],  l-Thyroxine [EPC]","N/A","No","12/31/2026"
"levothyroxine sodium","71335-1447-1","25 ug/1","TABLET","ORAL","NDA021116","Bryant Ranch Prepack","71335-1447","levothyroxine sodium","LEVOTHYROXINE SODIUM","HUMAN PRESCRIPTION DRUG","12/24/2019","N/A","NDA","30 TABLET in 1 BOTTLE (71335-1447-1)","Thyroxine [CS],  l-Thyroxine [EPC]","N/A","No","12/31/2026"
"levothyroxine sodium","71335-1447-2","25 ug/1","TABLET","ORAL","NDA021116","Bryant Ranch Prepack","71335-1447","levothyroxine sodium","LEVOTHYROXINE SODIUM","HUMAN PRESCRIPTION DRUG","12/24/2019","N/A","NDA","90 TABLET in 1 BOTTLE (71335-1447-2)","Thyroxine [CS],  l-Thyroxine [EPC]","N/A","No","12/31/2026"
"levothyroxine sodium","71335-1447-3","25 ug/1","TABLET","ORAL","NDA021116","Bryant Ranch Prepack","71335-1447","levothyroxine sodium","LEVOTHYROXINE SODIUM","HUMAN PRESCRIPTION DRUG","12/24/2019","N/A","NDA","100 TABLET in 1 BOTTLE (71335-1447-3)","Thyroxine [CS],  l-Thyroxine [EPC]","N/A","No","12/31/2026"
"levothyroxine sodium","71335-1447-4","25 ug/1","TABLET","ORAL","NDA021116","Bryant Ranch Prepack","71335-1447","levothyroxine sodium","LEVOTHYROXINE SODIUM","HUMAN PRESCRIPTION DRUG","12/24/2019","N/A","NDA","60 TABLET in 1 BOTTLE (71335-1447-4)","Thyroxine [CS],  l-Thyroxine [EPC]","N/A","No","12/31/2026"
"levothyroxine sodium","71335-1447-5","25 ug/1","TABLET","ORAL","NDA021116","Bryant Ranch Prepack","71335-1447","levothyroxine sodium","LEVOTHYROXINE SODIUM","HUMAN PRESCRIPTION DRUG","12/24/2019","N/A","NDA","28 TABLET in 1 BOTTLE (71335-1447-5)","Thyroxine [CS],  l-Thyroxine [EPC]","N/A","No","12/31/2026"
"levothyroxine sodium","71335-1447-6","25 ug/1","TABLET","ORAL","NDA021116","Bryant Ranch Prepack","71335-1447","levothyroxine sodium","LEVOTHYROXINE SODIUM","HUMAN PRESCRIPTION DRUG","12/24/2019","N/A","NDA","10 TABLET in 1 BOTTLE (71335-1447-6)","Thyroxine [CS],  l-Thyroxine [EPC]","N/A","No","12/31/2026"
"levothyroxine sodium","71335-1447-7","25 ug/1","TABLET","ORAL","NDA021116","Bryant Ranch Prepack","71335-1447","levothyroxine sodium","LEVOTHYROXINE SODIUM","HUMAN PRESCRIPTION DRUG","12/24/2019","N/A","NDA","1000 TABLET in 1 BOTTLE (71335-1447-7)","Thyroxine [CS],  l-Thyroxine [EPC]","N/A","No","12/31/2026"
"Levothyroxine Sodium","0904-6953-61",".1 mg/1","TABLET","ORAL","ANDA209713","Major Pharmaceuticals","0904-6953","Levothyroxine Sodium","LEVOTHYROXINE SODIUM","HUMAN PRESCRIPTION DRUG","03/20/2019","N/A","ANDA","100 BLISTER PACK in 1 CARTON (0904-6953-61)  / 1 TABLET in 1 BLISTER PACK","Thyroxine [CS],  l-Thyroxine [EPC]","N/A","No","12/31/2026"
"Levothyroxine sodium","67296-2046-3","75 ug/1","TABLET","ORAL","ANDA212399","Redpharm drug","67296-2046","Levothyroxine Sodium","LEVOTHYROXINE SODIUM","HUMAN PRESCRIPTION DRUG","12/03/2020","N/A","ANDA","30 TABLET in 1 BOTTLE (67296-2046-3)","Thyroxine [CS],  l-Thyroxine [EPC]","N/A","No","12/31/2026"
"Levothyroxine Sodium","42023-202-01","200 ug/5mL","INJECTION, POWDER, LYOPHILIZED, FOR SOLUTION","INTRAVENOUS","NDA202231","ENDO USA, Inc.","42023-202","LEVOTHYROXINE SODIUM ANHYDROUS","LEVOTHYROXINE SODIUM ANHYDROUS","HUMAN PRESCRIPTION DRUG","06/24/2011","N/A","NDA","1 VIAL, SINGLE-DOSE in 1 CARTON (42023-202-01)  / 5 mL in 1 VIAL, SINGLE-DOSE","Thyroxine [CS],  l-Thyroxine [EPC]","N/A","No","12/31/2026"
"Levothyroxine sodium","67296-2048-3","100 ug/1","TABLET","ORAL","ANDA212399","Redpharm drug","67296-2048","Levothyroxine Sodium","LEVOTHYROXINE SODIUM","HUMAN PRESCRIPTION DRUG","12/10/2020","N/A","ANDA","30 TABLET in 1 BOTTLE (67296-2048-3)","Thyroxine [CS],  l-Thyroxine [EPC]","N/A","No","12/31/2026"
"Levothyroxine Sodium","42023-203-01","500 ug/5mL","INJECTION, POWDER, LYOPHILIZED, FOR SOLUTION","INTRAVENOUS","NDA202231","ENDO USA, Inc.","42023-203","LEVOTHYROXINE SODIUM ANHYDROUS","LEVOTHYROXINE SODIUM ANHYDROUS","HUMAN PRESCRIPTION DRUG","06/24/2011","N/A","NDA","1 VIAL, SINGLE-DOSE in 1 CARTON (42023-203-01)  / 5 mL in 1 VIAL, SINGLE-DOSE","Thyroxine [CS],  l-Thyroxine [EPC]","N/A","No","12/31/2026"
"Levothyroxine sodium","50090-6660-0","50 ug/1","TABLET","ORAL","ANDA212399","A-S Medication Solutions","50090-6660","Levothyroxine Sodium","LEVOTHYROXINE SODIUM","HUMAN PRESCRIPTION DRUG","08/30/2023","N/A","ANDA","90 TABLET in 1 BOTTLE (50090-6660-0)","Thyroxine [CS],  l-Thyroxine [EPC]","N/A","No","12/31/2026"
"Levothyroxine sodium","71205-642-30","100 ug/1","TABLET","ORAL","ANDA212399","Proficient Rx LP","71205-642","Levothyroxine Sodium","LEVOTHYROXINE SODIUM","HUMAN PRESCRIPTION DRUG","03/10/2022","N/A","ANDA","30 TABLET in 1 BOTTLE (71205-642-30)","Thyroxine [CS],  l-Thyroxine [EPC]","N/A","No","12/31/2026"
"Levothyroxine sodium","71205-642-60","100 ug/1","TABLET","ORAL","ANDA212399","Proficient Rx LP","71205-642","Levothyroxine Sodium","LEVOTHYROXINE SODIUM","HUMAN PRESCRIPTION DRUG","03/10/2022","N/A","ANDA","60 TABLET in 1 BOTTLE (71205-642-60)","Thyroxine [CS],  l-Thyroxine [EPC]","N/A","No","12/31/2026"
"Levothyroxine sodium","71205-642-90","100 ug/1","TABLET","ORAL","ANDA212399","Proficient Rx LP","71205-642","Levothyroxine Sodium","LEVOTHYROXINE SODIUM","HUMAN PRESCRIPTION DRUG","03/10/2022","N/A","ANDA","90 TABLET in 1 BOTTLE (71205-642-90)","Thyroxine [CS],  l-Thyroxine [EPC]","N/A","No","12/31/2026"
"Levothyroxine sodium","50090-6981-0","125 ug/1","TABLET","ORAL","ANDA212399","A-S Medication Solutions","50090-6981","Levothyroxine Sodium","LEVOTHYROXINE SODIUM","HUMAN PRESCRIPTION DRUG","12/26/2023","N/A","ANDA","90 TABLET in 1 BOTTLE (50090-6981-0)","Thyroxine [CS],  l-Thyroxine [EPC]","N/A","No","12/31/2027"
"Levothyroxine sodium","71205-646-30","50 ug/1","TABLET","ORAL","ANDA212399","Proficient Rx LP","71205-646","Levothyroxine Sodium","LEVOTHYROXINE SODIUM","HUMAN PRESCRIPTION DRUG","03/22/2022","N/A","ANDA","30 TABLET in 1 BOTTLE (71205-646-30)","Thyroxine [CS],  l-Thyroxine [EPC]","N/A","No","12/31/2026"
"Levothyroxine sodium","71205-646-60","50 ug/1","TABLET","ORAL","ANDA212399","Proficient Rx LP","71205-646","Levothyroxine Sodium","LEVOTHYROXINE SODIUM","HUMAN PRESCRIPTION DRUG","03/22/2022","N/A","ANDA","60 TABLET in 1 BOTTLE (71205-646-60)","Thyroxine [CS],  l-Thyroxine [EPC]","N/A","No","12/31/2026"
"Levothyroxine sodium","71205-646-90","50 ug/1","TABLET","ORAL","ANDA212399","Proficient Rx LP","71205-646","Levothyroxine Sodium","LEVOTHYROXINE SODIUM","HUMAN PRESCRIPTION DRUG","03/22/2022","N/A","ANDA","90 TABLET in 1 BOTTLE (71205-646-90)","Thyroxine [CS],  l-Thyroxine [EPC]","N/A","No","12/31/2026"
"levothyroxine sodium","71335-1456-1","125 ug/1","TABLET","ORAL","NDA021116","Bryant Ranch Prepack","71335-1456","levothyroxine sodium","LEVOTHYROXINE SODIUM","HUMAN PRESCRIPTION DRUG","01/07/2020","N/A","NDA","30 TABLET in 1 BOTTLE (71335-1456-1)","Thyroxine [CS],  l-Thyroxine [EPC]","N/A","No","12/31/2026"
"levothyroxine sodium","71335-1456-2","125 ug/1","TABLET","ORAL","NDA021116","Bryant Ranch Prepack","71335-1456","levothyroxine sodium","LEVOTHYROXINE SODIUM","HUMAN PRESCRIPTION DRUG","01/07/2020","N/A","NDA","100 TABLET in 1 BOTTLE (71335-1456-2)","Thyroxine [CS],  l-Thyroxine [EPC]","N/A","No","12/31/2026"
"levothyroxine sodium","71335-1456-3","125 ug/1","TABLET","ORAL","NDA021116","Bryant Ranch Prepack","71335-1456","levothyroxine sodium","LEVOTHYROXINE SODIUM","HUMAN PRESCRIPTION DRUG","01/07/2020","N/A","NDA","90 TABLET in 1 BOTTLE (71335-1456-3)","Thyroxine [CS],  l-Thyroxine [EPC]","N/A","No","12/31/2026"
"levothyroxine sodium","71335-1456-4","125 ug/1","TABLET","ORAL","NDA021116","Bryant Ranch Prepack","71335-1456","levothyroxine sodium","LEVOTHYROXINE SODIUM","HUMAN PRESCRIPTION DRUG","01/07/2020","N/A","NDA","60 TABLET in 1 BOTTLE (71335-1456-4)","Thyroxine [CS],  l-Thyroxine [EPC]","N/A","No","12/31/2026"
"levothyroxine sodium","71335-1456-5","125 ug/1","TABLET","ORAL","NDA021116","Bryant Ranch Prepack","71335-1456","levothyroxine sodium","LEVOTHYROXINE SODIUM","HUMAN PRESCRIPTION DRUG","01/07/2020","N/A","NDA","28 TABLET in 1 BOTTLE (71335-1456-5)","Thyroxine [CS],  l-Thyroxine [EPC]","N/A","No","12/31/2026"
"Levothyroxine Sodium","51655-924-52",".05 mg/1","TABLET","ORAL","ANDA209713","Northwind Health Company, LLC","51655-924","Levothyroxine Sodium","LEVOTHYROXINE SODIUM","HUMAN PRESCRIPTION DRUG","03/04/2022","N/A","ANDA","30 TABLET in 1 BOTTLE, PLASTIC (51655-924-52)","Thyroxine [CS],  l-Thyroxine [EPC]","N/A","No","12/31/2027"
"Levothyroxine Sodium","60687-464-01",".05 mg/1","TABLET","ORAL","ANDA209713","American Health Packaging","60687-464","Levothyroxine Sodium","LEVOTHYROXINE SODIUM","HUMAN PRESCRIPTION DRUG","01/03/2020","N/A","ANDA","100 BLISTER PACK in 1 BOX, UNIT-DOSE (60687-464-01)  / 1 TABLET in 1 BLISTER PACK (60687-464-11)","Thyroxine [CS],  l-Thyroxine [EPC]","N/A","No","12/31/2026"
"Levothyroxine sodium","71335-1827-1","75 ug/1","TABLET","ORAL","ANDA212399","Bryant Ranch Prepack","71335-1827","Levothyroxine Sodium","LEVOTHYROXINE SODIUM","HUMAN PRESCRIPTION DRUG","06/14/2021","N/A","ANDA","30 TABLET in 1 BOTTLE (71335-1827-1)","Thyroxine [CS],  l-Thyroxine [EPC]","N/A","No","12/31/2027"
"Levothyroxine sodium","71335-1827-2","75 ug/1","TABLET","ORAL","ANDA212399","Bryant Ranch Prepack","71335-1827","Levothyroxine Sodium","LEVOTHYROXINE SODIUM","HUMAN PRESCRIPTION DRUG","03/14/2022","N/A","ANDA","100 TABLET in 1 BOTTLE (71335-1827-2)","Thyroxine [CS],  l-Thyroxine [EPC]","N/A","No","12/31/2027"
"Levothyroxine sodium","71335-1827-3","75 ug/1","TABLET","ORAL","ANDA212399","Bryant Ranch Prepack","71335-1827","Levothyroxine Sodium","LEVOTHYROXINE SODIUM","HUMAN PRESCRIPTION DRUG","12/11/2024","N/A","ANDA","60 TABLET in 1 BOTTLE (71335-1827-3)","Thyroxine [CS],  l-Thyroxine [EPC]","N/A","No","12/31/2027"
"Levothyroxine sodium","71335-1827-4","75 ug/1","TABLET","ORAL","ANDA212399","Bryant Ranch Prepack","71335-1827","Levothyroxine Sodium","LEVOTHYROXINE SODIUM","HUMAN PRESCRIPTION DRUG","04/09/2021","N/A","ANDA","90 TABLET in 1 BOTTLE (71335-1827-4)","Thyroxine [CS],  l-Thyroxine [EPC]","N/A","No","12/31/2027"
"Levothyroxine sodium","71335-1827-5","75 ug/1","TABLET","ORAL","ANDA212399","Bryant Ranch Prepack","71335-1827","Levothyroxine Sodium","LEVOTHYROXINE SODIUM","HUMAN PRESCRIPTION DRUG","12/11/2024","N/A","ANDA","28 TABLET in 1 BOTTLE (71335-1827-5)","Thyroxine [CS],  l-Thyroxine [EPC]","N/A","No","12/31/2027"
"Levothyroxine sodium","71335-1827-6","75 ug/1","TABLET","ORAL","ANDA212399","Bryant Ranch Prepack","71335-1827","Levothyroxine Sodium","LEVOTHYROXINE SODIUM","HUMAN PRESCRIPTION DRUG","12/11/2024","N/A","ANDA","10 TABLET in 1 BOTTLE (71335-1827-6)","Thyroxine [CS],  l-Thyroxine [EPC]","N/A","No","12/31/2027"
"Levothyroxine sodium","0480-8710-10","137 ug/1","TABLET","ORAL","ANDA207588","Teva Pharmaceuticals, Inc.","0480-8710","Levothyroxine sodium","LEVOTHYROXINE SODIUM","HUMAN PRESCRIPTION DRUG","09/21/2022","11/30/2026","ANDA","1000 TABLET in 1 BOTTLE (0480-8710-10)","Thyroxine [CS],  l-Thyroxine [EPC]","N/A","No","N/A"
"Levothyroxine sodium","0480-8710-98","137 ug/1","TABLET","ORAL","ANDA207588","Teva Pharmaceuticals, Inc.","0480-8710","Levothyroxine sodium","LEVOTHYROXINE SODIUM","HUMAN PRESCRIPTION DRUG","09/21/2022","11/30/2026","ANDA","90 TABLET in 1 BOTTLE (0480-8710-98)","Thyroxine [CS],  l-Thyroxine [EPC]","N/A","No","N/A"
"Levothyroxine Sodium","0378-1803-10","50 ug/1","TABLET","ORAL","ANDA076187","Mylan Pharmaceuticals Inc.","0378-1803","levothyroxine sodium","LEVOTHYROXINE SODIUM","HUMAN PRESCRIPTION DRUG","11/01/2002","N/A","ANDA","1000 TABLET in 1 BOTTLE, PLASTIC (0378-1803-10)","Thyroxine [CS],  l-Thyroxine [EPC]","N/A","No","12/31/2026"
"Levothyroxine Sodium","0378-1803-77","50 ug/1","TABLET","ORAL","ANDA076187","Mylan Pharmaceuticals Inc.","0378-1803","levothyroxine sodium","LEVOTHYROXINE SODIUM","HUMAN PRESCRIPTION DRUG","06/28/2016","N/A","ANDA","90 TABLET in 1 BOTTLE, PLASTIC (0378-1803-77)","Thyroxine [CS],  l-Thyroxine [EPC]","N/A","No","12/31/2026"
"Levothyroxine sodium","71335-1828-1","175 ug/1","TABLET","ORAL","ANDA212399","Bryant Ranch Prepack","71335-1828","Levothyroxine Sodium","LEVOTHYROXINE SODIUM","HUMAN PRESCRIPTION DRUG","07/30/2021","N/A","ANDA","30 TABLET in 1 BOTTLE (71335-1828-1)","Thyroxine [CS],  l-Thyroxine [EPC]","N/A","No","12/31/2027"
"Levothyroxine sodium","71335-1828-2","175 ug/1","TABLET","ORAL","ANDA212399","Bryant Ranch Prepack","71335-1828","Levothyroxine Sodium","LEVOTHYROXINE SODIUM","HUMAN PRESCRIPTION DRUG","04/05/2021","N/A","ANDA","90 TABLET in 1 BOTTLE (71335-1828-2)","Thyroxine [CS],  l-Thyroxine [EPC]","N/A","No","12/31/2027"
"Levothyroxine sodium","71335-1828-3","175 ug/1","TABLET","ORAL","ANDA212399","Bryant Ranch Prepack","71335-1828","Levothyroxine Sodium","LEVOTHYROXINE SODIUM","HUMAN PRESCRIPTION DRUG","12/11/2024","N/A","ANDA","100 TABLET in 1 BOTTLE (71335-1828-3)","Thyroxine [CS],  l-Thyroxine [EPC]","N/A","No","12/31/2027"
"Levothyroxine sodium","71335-1828-4","175 ug/1","TABLET","ORAL","ANDA212399","Bryant Ranch Prepack","71335-1828","Levothyroxine Sodium","LEVOTHYROXINE SODIUM","HUMAN PRESCRIPTION DRUG","12/11/2024","N/A","ANDA","38 TABLET in 1 BOTTLE (71335-1828-4)","Thyroxine [CS],  l-Thyroxine [EPC]","N/A","No","12/31/2027"
"Levothyroxine sodium","71335-1828-5","175 ug/1","TABLET","ORAL","ANDA212399","Bryant Ranch Prepack","71335-1828","Levothyroxine Sodium","LEVOTHYROXINE SODIUM","HUMAN PRESCRIPTION DRUG","12/11/2024","N/A","ANDA","28 TABLET in 1 BOTTLE (71335-1828-5)","Thyroxine [CS],  l-Thyroxine [EPC]","N/A","No","12/31/2027"
"Levothyroxine sodium","71335-1828-6","175 ug/1","TABLET","ORAL","ANDA212399","Bryant Ranch Prepack","71335-1828","Levothyroxine Sodium","LEVOTHYROXINE SODIUM","HUMAN PRESCRIPTION DRUG","12/11/2024","N/A","ANDA","60 TABLET in 1 BOTTLE (71335-1828-6)","Thyroxine [CS],  l-Thyroxine [EPC]","N/A","No","12/31/2027"
"Levothyroxine Sodium","68788-8793-3",".175 mg/1","TABLET","ORAL","ANDA209713","Preferred Pharmaceuticals Inc.","68788-8793","Levothyroxine Sodium","LEVOTHYROXINE SODIUM","HUMAN PRESCRIPTION DRUG","12/17/2024","N/A","ANDA","30 TABLET in 1 BOTTLE (68788-8793-3)","Thyroxine [CS],  l-Thyroxine [EPC]","N/A","No","12/31/2026"
"Levothyroxine Sodium","68788-8793-9",".175 mg/1","TABLET","ORAL","ANDA209713","Preferred Pharmaceuticals Inc.","68788-8793","Levothyroxine Sodium","LEVOTHYROXINE SODIUM","HUMAN PRESCRIPTION DRUG","12/17/2024","N/A","ANDA","90 TABLET in 1 BOTTLE (68788-8793-9)","Thyroxine [CS],  l-Thyroxine [EPC]","N/A","No","12/31/2026"
"Levothyroxine Sodium","50090-6983-0",".125 mg/1","TABLET","ORAL","ANDA209713","A-S Medication Solutions","50090-6983","Levothyroxine Sodium","LEVOTHYROXINE SODIUM","HUMAN PRESCRIPTION DRUG","12/26/2023","N/A","ANDA","90 TABLET in 1 BOTTLE (50090-6983-0)","Thyroxine [CS],  l-Thyroxine [EPC]","N/A","No","12/31/2027"
"levothyroxine sodium","50090-7862-0","125 ug/1","TABLET","ORAL","NDA021116","A-S Medication Solutions","50090-7862","levothyroxine sodium","LEVOTHYROXINE SODIUM","HUMAN PRESCRIPTION DRUG","01/22/2026","N/A","NDA","90 TABLET in 1 BOTTLE (50090-7862-0)","Thyroxine [CS],  l-Thyroxine [EPC]","N/A","No","12/31/2027"
"Levothyroxine Sodium","51655-453-52",".05 mg/1","TABLET","ORAL","NDA021210","Northwind Health Company, LLC","51655-453","Levothyroxine Sodium","LEVOTHYROXINE SODIUM","HUMAN PRESCRIPTION DRUG","10/20/2020","N/A","NDA","30 TABLET in 1 BOTTLE, PLASTIC (51655-453-52)","Thyroxine [CS],  l-Thyroxine [EPC]","N/A","No","12/31/2027"
"Levothyroxine Sodium","0904-6954-61",".112 mg/1","TABLET","ORAL","ANDA209713","Major Pharmaceuticals","0904-6954","Levothyroxine Sodium","LEVOTHYROXINE SODIUM","HUMAN PRESCRIPTION DRUG","03/20/2019","N/A","ANDA","100 BLISTER PACK in 1 CARTON (0904-6954-61)  / 1 TABLET in 1 BLISTER PACK","Thyroxine [CS],  l-Thyroxine [EPC]","N/A","No","12/31/2026"
"Levothyroxine Sodium","50090-6982-0",".125 mg/1","TABLET","ORAL","ANDA209713","A-S Medication Solutions","50090-6982","Levothyroxine Sodium","LEVOTHYROXINE SODIUM","HUMAN PRESCRIPTION DRUG","12/26/2023","N/A","ANDA","30 TABLET in 1 BOTTLE (50090-6982-0)","Thyroxine [CS],  l-Thyroxine [EPC]","N/A","No","12/31/2027"
"Levothyroxine Sodium","50090-6982-1",".125 mg/1","TABLET","ORAL","ANDA209713","A-S Medication Solutions","50090-6982","Levothyroxine Sodium","LEVOTHYROXINE SODIUM","HUMAN PRESCRIPTION DRUG","12/26/2023","N/A","ANDA","90 TABLET in 1 BOTTLE (50090-6982-1)","Thyroxine [CS],  l-Thyroxine [EPC]","N/A","No","12/31/2027"
"Levothyroxine sodium","50090-7860-0","25 ug/1","TABLET","ORAL","ANDA212399","A-S Medication Solutions","50090-7860","Levothyroxine Sodium","LEVOTHYROXINE SODIUM","HUMAN PRESCRIPTION DRUG","01/19/2026","N/A","ANDA","90 TABLET in 1 BOTTLE (50090-7860-0)","Thyroxine [CS],  l-Thyroxine [EPC]","N/A","No","12/31/2027"
"Levothyroxine Sodium","60687-475-01",".075 mg/1","TABLET","ORAL","ANDA209713","American Health Packaging","60687-475","Levothyroxine Sodium","LEVOTHYROXINE SODIUM","HUMAN PRESCRIPTION DRUG","10/29/2019","N/A","ANDA","100 BLISTER PACK in 1 BOX, UNIT-DOSE (60687-475-01)  / 1 TABLET in 1 BLISTER PACK (60687-475-11)","Thyroxine [CS],  l-Thyroxine [EPC]","N/A","No","12/31/2026"
"Levothyroxine Sodium","0615-8598-05",".088 mg/1","TABLET","ORAL","NDA021210","NCS HealthCare of KY, LLC dba Vangard Labs","0615-8598","Levothyroxine Sodium","LEVOTHYROXINE SODIUM","HUMAN PRESCRIPTION DRUG","04/09/2026","N/A","NDA","15 TABLET in 1 BLISTER PACK (0615-8598-05)","Thyroxine [CS],  l-Thyroxine [EPC]","N/A","No","12/31/2027"
"Levothyroxine Sodium","0615-8598-07",".088 mg/1","TABLET","ORAL","NDA021210","NCS HealthCare of KY, LLC dba Vangard Labs","0615-8598","Levothyroxine Sodium","LEVOTHYROXINE SODIUM","HUMAN PRESCRIPTION DRUG","04/09/2026","N/A","NDA","7 TABLET in 1 BLISTER PACK (0615-8598-07)","Thyroxine [CS],  l-Thyroxine [EPC]","N/A","No","12/31/2027"
"Levothyroxine Sodium","0615-8598-14",".088 mg/1","TABLET","ORAL","NDA021210","NCS HealthCare of KY, LLC dba Vangard Labs","0615-8598","Levothyroxine Sodium","LEVOTHYROXINE SODIUM","HUMAN PRESCRIPTION DRUG","01/06/2026","N/A","NDA","14 TABLET in 1 BLISTER PACK (0615-8598-14)","Thyroxine [CS],  l-Thyroxine [EPC]","N/A","No","12/31/2027"
"Levothyroxine Sodium","0615-8598-39",".088 mg/1","TABLET","ORAL","NDA021210","NCS HealthCare of KY, LLC dba Vangard Labs","0615-8598","Levothyroxine Sodium","LEVOTHYROXINE SODIUM","HUMAN PRESCRIPTION DRUG","01/06/2026","N/A","NDA","30 TABLET in 1 BLISTER PACK (0615-8598-39)","Thyroxine [CS],  l-Thyroxine [EPC]","N/A","No","12/31/2027"
"Levothyroxine sodium","68788-8792-3","88 ug/1","TABLET","ORAL","ANDA207588","Preferred Pharmaceuticals Inc.","68788-8792","Levothyroxine sodium","LEVOTHYROXINE SODIUM","HUMAN PRESCRIPTION DRUG","12/17/2024","N/A","ANDA","30 TABLET in 1 BOTTLE (68788-8792-3)","Thyroxine [CS],  l-Thyroxine [EPC]","N/A","No","12/31/2026"
"Levothyroxine sodium","68788-8792-6","88 ug/1","TABLET","ORAL","ANDA207588","Preferred Pharmaceuticals Inc.","68788-8792","Levothyroxine sodium","LEVOTHYROXINE SODIUM","HUMAN PRESCRIPTION DRUG","12/17/2024","N/A","ANDA","90 TABLET in 1 BOTTLE (68788-8792-6)","Thyroxine [CS],  l-Thyroxine [EPC]","N/A","No","12/31/2026"
"Levothyroxine sodium","68788-8792-9","88 ug/1","TABLET","ORAL","ANDA207588","Preferred Pharmaceuticals Inc.","68788-8792","Levothyroxine sodium","LEVOTHYROXINE SODIUM","HUMAN PRESCRIPTION DRUG","12/17/2024","N/A","ANDA","100 TABLET in 1 BOTTLE (68788-8792-9)","Thyroxine [CS],  l-Thyroxine [EPC]","N/A","No","12/31/2026"
"Levothyroxine Sodium","0527-3290-43","200 ug/1","TABLET","ORAL","NDA021342","Lannett Company, Inc","0527-3290","Levothyroxine Sodium","LEVOTHYROXINE SODIUM","HUMAN PRESCRIPTION DRUG","08/03/2020","N/A","NDA AUTHORIZED GENERIC","1000 TABLET in 1 BOTTLE (0527-3290-43)","Thyroxine [CS],  l-Thyroxine [EPC]","N/A","No","12/31/2027"
"Levothyroxine Sodium","0527-3290-46","200 ug/1","TABLET","ORAL","NDA021342","Lannett Company, Inc","0527-3290","Levothyroxine Sodium","LEVOTHYROXINE SODIUM","HUMAN PRESCRIPTION DRUG","08/03/2020","N/A","NDA AUTHORIZED GENERIC","90 TABLET in 1 BOTTLE (0527-3290-46)","Thyroxine [CS],  l-Thyroxine [EPC]","N/A","No","12/31/2027"
"LEVOTHYROXINE SODIUM","50090-7608-0","88 ug/1","TABLET","ORAL","ANDA211417","A-S Medication Solutions","50090-7608","LEVOTHYROXINE SODIUM","LEVOTHYROXINE SODIUM","HUMAN PRESCRIPTION DRUG","07/21/2025","N/A","ANDA","30 TABLET in 1 BOTTLE (50090-7608-0)","Thyroxine [CS],  l-Thyroxine [EPC]","N/A","No","12/31/2026"
"LEVOTHYROXINE SODIUM","50090-7608-1","88 ug/1","TABLET","ORAL","ANDA211417","A-S Medication Solutions","50090-7608","LEVOTHYROXINE SODIUM","LEVOTHYROXINE SODIUM","HUMAN PRESCRIPTION DRUG","07/21/2025","N/A","ANDA","90 TABLET in 1 BOTTLE (50090-7608-1)","Thyroxine [CS],  l-Thyroxine [EPC]","N/A","No","12/31/2026"
"Levothyroxine Sodium","60687-497-01",".1 mg/1","TABLET","ORAL","ANDA209713","American Health Packaging","60687-497","Levothyroxine Sodium","LEVOTHYROXINE SODIUM","HUMAN PRESCRIPTION DRUG","11/01/2019","N/A","ANDA","100 BLISTER PACK in 1 BOX, UNIT-DOSE (60687-497-01)  / 1 TABLET in 1 BLISTER PACK (60687-497-11)","Thyroxine [CS],  l-Thyroxine [EPC]","N/A","No","12/31/2026"
"Levothyroxine Sodium","0615-8599-05",".1 mg/1","TABLET","ORAL","NDA021210","NCS HealthCare of KY, LLC dba Vangard Labs","0615-8599","Levothyroxine Sodium","LEVOTHYROXINE SODIUM","HUMAN PRESCRIPTION DRUG","04/09/2026","N/A","NDA","15 TABLET in 1 BLISTER PACK (0615-8599-05)","Thyroxine [CS],  l-Thyroxine [EPC]","N/A","No","12/31/2027"
"Levothyroxine Sodium","0615-8599-14",".1 mg/1","TABLET","ORAL","NDA021210","NCS HealthCare of KY, LLC dba Vangard Labs","0615-8599","Levothyroxine Sodium","LEVOTHYROXINE SODIUM","HUMAN PRESCRIPTION DRUG","01/07/2026","N/A","NDA","14 TABLET in 1 BLISTER PACK (0615-8599-14)","Thyroxine [CS],  l-Thyroxine [EPC]","N/A","No","12/31/2027"
"Levothyroxine Sodium","0615-8599-39",".1 mg/1","TABLET","ORAL","NDA021210","NCS HealthCare of KY, LLC dba Vangard Labs","0615-8599","Levothyroxine Sodium","LEVOTHYROXINE SODIUM","HUMAN PRESCRIPTION DRUG","01/07/2026","N/A","NDA","30 TABLET in 1 BLISTER PACK (0615-8599-39)","Thyroxine [CS],  l-Thyroxine [EPC]","N/A","No","12/31/2027"
"Levothyroxine Sodium","0527-3291-43","300 ug/1","TABLET","ORAL","NDA021342","Lannett Company, Inc","0527-3291","Levothyroxine Sodium","LEVOTHYROXINE SODIUM","HUMAN PRESCRIPTION DRUG","08/03/2020","N/A","NDA AUTHORIZED GENERIC","1000 TABLET in 1 BOTTLE (0527-3291-43)","Thyroxine [CS],  l-Thyroxine [EPC]","N/A","No","12/31/2027"
"Levothyroxine Sodium","0527-3291-46","300 ug/1","TABLET","ORAL","NDA021342","Lannett Company, Inc","0527-3291","Levothyroxine Sodium","LEVOTHYROXINE SODIUM","HUMAN PRESCRIPTION DRUG","08/03/2020","N/A","NDA AUTHORIZED GENERIC","90 TABLET in 1 BOTTLE (0527-3291-46)","Thyroxine [CS],  l-Thyroxine [EPC]","N/A","No","12/31/2027"
"Levothyroxine Sodium","82868-001-30",".2 mg/1","TABLET","ORAL","ANDA209713","Northwind Health Company, LLC","82868-001","Levothyroxine Sodium","LEVOTHYROXINE SODIUM","HUMAN PRESCRIPTION DRUG","07/05/2023","N/A","ANDA","30 TABLET in 1 BOTTLE (82868-001-30)","Thyroxine [CS],  l-Thyroxine [EPC]","N/A","No","12/31/2027"
"Levothyroxine Sodium","0904-6955-61",".125 mg/1","TABLET","ORAL","ANDA209713","Major Pharmaceuticals","0904-6955","Levothyroxine Sodium","LEVOTHYROXINE SODIUM","HUMAN PRESCRIPTION DRUG","03/20/2019","N/A","ANDA","100 BLISTER PACK in 1 CARTON (0904-6955-61)  / 1 TABLET in 1 BLISTER PACK","Thyroxine [CS],  l-Thyroxine [EPC]","N/A","No","12/31/2026"
"LEVOTHYROXINE SODIUM","68788-8807-3","100 ug/1","TABLET","ORAL","ANDA211417","Preferred Pharmaceuticals Inc.","68788-8807","LEVOTHYROXINE SODIUM","LEVOTHYROXINE SODIUM","HUMAN PRESCRIPTION DRUG","01/20/2025","N/A","ANDA","30 TABLET in 1 BOTTLE (68788-8807-3)","Thyroxine [CS],  l-Thyroxine [EPC]","N/A","No","12/31/2026"
"LEVOTHYROXINE SODIUM","68788-8807-9","100 ug/1","TABLET","ORAL","ANDA211417","Preferred Pharmaceuticals Inc.","68788-8807","LEVOTHYROXINE SODIUM","LEVOTHYROXINE SODIUM","HUMAN PRESCRIPTION DRUG","01/20/2025","N/A","ANDA","90 TABLET in 1 BOTTLE (68788-8807-9)","Thyroxine [CS],  l-Thyroxine [EPC]","N/A","No","12/31/2026"
"LEVOTHYROXINE SODIUM","50090-7609-0","88 ug/1","TABLET","ORAL","ANDA211417","A-S Medication Solutions","50090-7609","LEVOTHYROXINE SODIUM","LEVOTHYROXINE SODIUM","HUMAN PRESCRIPTION DRUG","07/21/2025","N/A","ANDA","90 TABLET in 1 BOTTLE (50090-7609-0)","Thyroxine [CS],  l-Thyroxine [EPC]","N/A","No","12/31/2026"
"Levothyroxine Sodium","50090-7336-0",".1 mg/1","TABLET","ORAL","ANDA209713","A-S Medication Solutions","50090-7336","Levothyroxine Sodium","LEVOTHYROXINE SODIUM","HUMAN PRESCRIPTION DRUG","10/15/2024","N/A","ANDA","30 TABLET in 1 BOTTLE (50090-7336-0)","Thyroxine [CS],  l-Thyroxine [EPC]","N/A","No","12/31/2027"
"Levothyroxine Sodium","50090-7336-1",".1 mg/1","TABLET","ORAL","ANDA209713","A-S Medication Solutions","50090-7336","Levothyroxine Sodium","LEVOTHYROXINE SODIUM","HUMAN PRESCRIPTION DRUG","10/15/2024","N/A","ANDA","90 TABLET in 1 BOTTLE (50090-7336-1)","Thyroxine [CS],  l-Thyroxine [EPC]","N/A","No","12/31/2027"
"levothyroxine sodium","71335-1478-0","100 ug/1","TABLET","ORAL","NDA021116","Bryant Ranch Prepack","71335-1478","levothyroxine sodium","LEVOTHYROXINE SODIUM","HUMAN PRESCRIPTION DRUG","01/16/2020","N/A","NDA","1000 TABLET in 1 BOTTLE (71335-1478-0)","Thyroxine [CS],  l-Thyroxine [EPC]","N/A","No","12/31/2026"
"levothyroxine sodium","71335-1478-1","100 ug/1","TABLET","ORAL","NDA021116","Bryant Ranch Prepack","71335-1478","levothyroxine sodium","LEVOTHYROXINE SODIUM","HUMAN PRESCRIPTION DRUG","01/16/2020","N/A","NDA","100 TABLET in 1 BOTTLE (71335-1478-1)","Thyroxine [CS],  l-Thyroxine [EPC]","N/A","No","12/31/2026"
"levothyroxine sodium","71335-1478-2","100 ug/1","TABLET","ORAL","NDA021116","Bryant Ranch Prepack","71335-1478","levothyroxine sodium","LEVOTHYROXINE SODIUM","HUMAN PRESCRIPTION DRUG","01/16/2020","N/A","NDA","30 TABLET in 1 BOTTLE (71335-1478-2)","Thyroxine [CS],  l-Thyroxine [EPC]","N/A","No","12/31/2026"
"levothyroxine sodium","71335-1478-3","100 ug/1","TABLET","ORAL","NDA021116","Bryant Ranch Prepack","71335-1478","levothyroxine sodium","LEVOTHYROXINE SODIUM","HUMAN PRESCRIPTION DRUG","01/16/2020","N/A","NDA","60 TABLET in 1 BOTTLE (71335-1478-3)","Thyroxine [CS],  l-Thyroxine [EPC]","N/A","No","12/31/2026"
"levothyroxine sodium","71335-1478-4","100 ug/1","TABLET","ORAL","NDA021116","Bryant Ranch Prepack","71335-1478","levothyroxine sodium","LEVOTHYROXINE SODIUM","HUMAN PRESCRIPTION DRUG","01/16/2020","N/A","NDA","7 TABLET in 1 BOTTLE (71335-1478-4)","Thyroxine [CS],  l-Thyroxine [EPC]","N/A","No","12/31/2026"
"levothyroxine sodium","71335-1478-5","100 ug/1","TABLET","ORAL","NDA021116","Bryant Ranch Prepack","71335-1478","levothyroxine sodium","LEVOTHYROXINE SODIUM","HUMAN PRESCRIPTION DRUG","01/16/2020","N/A","NDA","14 TABLET in 1 BOTTLE (71335-1478-5)","Thyroxine [CS],  l-Thyroxine [EPC]","N/A","No","12/31/2026"
"levothyroxine sodium","71335-1478-6","100 ug/1","TABLET","ORAL","NDA021116","Bryant Ranch Prepack","71335-1478","levothyroxine sodium","LEVOTHYROXINE SODIUM","HUMAN PRESCRIPTION DRUG","01/16/2020","N/A","NDA","90 TABLET in 1 BOTTLE (71335-1478-6)","Thyroxine [CS],  l-Thyroxine [EPC]","N/A","No","12/31/2026"
"levothyroxine sodium","71335-1478-7","100 ug/1","TABLET","ORAL","NDA021116","Bryant Ranch Prepack","71335-1478","levothyroxine sodium","LEVOTHYROXINE SODIUM","HUMAN PRESCRIPTION DRUG","01/16/2020","N/A","NDA","28 TABLET in 1 BOTTLE (71335-1478-7)","Thyroxine [CS],  l-Thyroxine [EPC]","N/A","No","12/31/2026"
"levothyroxine sodium","71335-1478-8","100 ug/1","TABLET","ORAL","NDA021116","Bryant Ranch Prepack","71335-1478","levothyroxine sodium","LEVOTHYROXINE SODIUM","HUMAN PRESCRIPTION DRUG","01/16/2020","N/A","NDA","56 TABLET in 1 BOTTLE (71335-1478-8)","Thyroxine [CS],  l-Thyroxine [EPC]","N/A","No","12/31/2026"
"levothyroxine sodium","71335-1478-9","100 ug/1","TABLET","ORAL","NDA021116","Bryant Ranch Prepack","71335-1478","levothyroxine sodium","LEVOTHYROXINE SODIUM","HUMAN PRESCRIPTION DRUG","01/16/2020","N/A","NDA","180 TABLET in 1 BOTTLE (71335-1478-9)","Thyroxine [CS],  l-Thyroxine [EPC]","N/A","No","12/31/2026"
"LEVOTHYROXINE SODIUM","72189-107-30",".075 mg/1","TABLET","ORAL","ANDA209713","DIRECT RX","72189-107","LEVOTHYROXINE SODIUM","LEVOTHYROXINE SODIUM","HUMAN PRESCRIPTION DRUG","05/18/2020","N/A","ANDA","30 TABLET in 1 BOTTLE (72189-107-30)","Thyroxine [CS],  l-Thyroxine [EPC]","N/A","No","12/31/2026"
"LEVOTHYROXINE SODIUM","72189-107-90",".075 mg/1","TABLET","ORAL","ANDA209713","DIRECT RX","72189-107","LEVOTHYROXINE SODIUM","LEVOTHYROXINE SODIUM","HUMAN PRESCRIPTION DRUG","05/18/2020","N/A","ANDA","90 TABLET in 1 BOTTLE (72189-107-90)","Thyroxine [CS],  l-Thyroxine [EPC]","N/A","No","12/31/2026"
"LEVOTHYROXINE SODIUM","68788-8806-3","75 ug/1","TABLET","ORAL","ANDA211417","Preferred Pharmaceuticals Inc.","68788-8806","LEVOTHYROXINE SODIUM","LEVOTHYROXINE SODIUM","HUMAN PRESCRIPTION DRUG","01/20/2025","N/A","ANDA","30 TABLET in 1 BOTTLE (68788-8806-3)","Thyroxine [CS],  l-Thyroxine [EPC]","N/A","No","12/31/2026"
"LEVOTHYROXINE SODIUM","68788-8806-9","75 ug/1","TABLET","ORAL","ANDA211417","Preferred Pharmaceuticals Inc.","68788-8806","LEVOTHYROXINE SODIUM","LEVOTHYROXINE SODIUM","HUMAN PRESCRIPTION DRUG","01/20/2025","N/A","ANDA","90 TABLET in 1 BOTTLE (68788-8806-9)","Thyroxine [CS],  l-Thyroxine [EPC]","N/A","No","12/31/2026"
"Levothyroxine Sodium","50090-7337-0",".1 mg/1","TABLET","ORAL","ANDA209713","A-S Medication Solutions","50090-7337","Levothyroxine Sodium","LEVOTHYROXINE SODIUM","HUMAN PRESCRIPTION DRUG","10/15/2024","N/A","ANDA","90 TABLET in 1 BOTTLE (50090-7337-0)","Thyroxine [CS],  l-Thyroxine [EPC]","N/A","No","12/31/2027"
"Levothyroxine Sodium","60687-508-01",".112 mg/1","TABLET","ORAL","ANDA209713","American Health Packaging","60687-508","Levothyroxine Sodium","LEVOTHYROXINE SODIUM","HUMAN PRESCRIPTION DRUG","11/01/2019","N/A","ANDA","100 BLISTER PACK in 1 BOX, UNIT-DOSE (60687-508-01)  / 1 TABLET in 1 BLISTER PACK (60687-508-11)","Thyroxine [CS],  l-Thyroxine [EPC]","N/A","No","12/31/2026"
"Levothyroxine sodium","0480-8722-10","200 ug/1","TABLET","ORAL","ANDA207588","Teva Pharmaceuticals, Inc.","0480-8722","Levothyroxine sodium","LEVOTHYROXINE SODIUM","HUMAN PRESCRIPTION DRUG","09/21/2022","11/30/2026","ANDA","1000 TABLET in 1 BOTTLE (0480-8722-10)","Thyroxine [CS],  l-Thyroxine [EPC]","N/A","No","N/A"
"Levothyroxine sodium","0480-8722-98","200 ug/1","TABLET","ORAL","ANDA207588","Teva Pharmaceuticals, Inc.","0480-8722","Levothyroxine sodium","LEVOTHYROXINE SODIUM","HUMAN PRESCRIPTION DRUG","09/21/2022","11/30/2026","ANDA","90 TABLET in 1 BOTTLE (0480-8722-98)","Thyroxine [CS],  l-Thyroxine [EPC]","N/A","No","N/A"
"LEVOTHYROXINE SODIUM","68788-8811-1","175 ug/1","TABLET","ORAL","ANDA211417","Preferred Pharmaceuticals Inc.","68788-8811","LEVOTHYROXINE SODIUM","LEVOTHYROXINE SODIUM","HUMAN PRESCRIPTION DRUG","01/20/2025","N/A","ANDA","100 TABLET in 1 BOTTLE (68788-8811-1)","Thyroxine [CS],  l-Thyroxine [EPC]","N/A","No","12/31/2026"
"LEVOTHYROXINE SODIUM","68788-8811-3","175 ug/1","TABLET","ORAL","ANDA211417","Preferred Pharmaceuticals Inc.","68788-8811","LEVOTHYROXINE SODIUM","LEVOTHYROXINE SODIUM","HUMAN PRESCRIPTION DRUG","01/20/2025","N/A","ANDA","30 TABLET in 1 BOTTLE (68788-8811-3)","Thyroxine [CS],  l-Thyroxine [EPC]","N/A","No","12/31/2026"
"LEVOTHYROXINE SODIUM","68788-8811-6","175 ug/1","TABLET","ORAL","ANDA211417","Preferred Pharmaceuticals Inc.","68788-8811","LEVOTHYROXINE SODIUM","LEVOTHYROXINE SODIUM","HUMAN PRESCRIPTION DRUG","01/20/2025","N/A","ANDA","60 TABLET in 1 BOTTLE (68788-8811-6)","Thyroxine [CS],  l-Thyroxine [EPC]","N/A","No","12/31/2026"
"LEVOTHYROXINE SODIUM","68788-8811-9","175 ug/1","TABLET","ORAL","ANDA211417","Preferred Pharmaceuticals Inc.","68788-8811","LEVOTHYROXINE SODIUM","LEVOTHYROXINE SODIUM","HUMAN PRESCRIPTION DRUG","01/20/2025","N/A","ANDA","90 TABLET in 1 BOTTLE (68788-8811-9)","Thyroxine [CS],  l-Thyroxine [EPC]","N/A","No","12/31/2026"
"Levothyroxine Sodium","60687-519-01",".125 mg/1","TABLET","ORAL","ANDA209713","American Health Packaging","60687-519","Levothyroxine Sodium","LEVOTHYROXINE SODIUM","HUMAN PRESCRIPTION DRUG","10/25/2019","N/A","ANDA","100 BLISTER PACK in 1 BOX, UNIT-DOSE (60687-519-01)  / 1 TABLET in 1 BLISTER PACK (60687-519-11)","Thyroxine [CS],  l-Thyroxine [EPC]","N/A","No","12/31/2026"
"Levothyroxine Sodium","0615-8600-05",".112 mg/1","TABLET","ORAL","NDA021210","NCS HealthCare of KY, LLC dba Vangard Labs","0615-8600","Levothyroxine Sodium","LEVOTHYROXINE SODIUM","HUMAN PRESCRIPTION DRUG","04/15/2026","N/A","NDA","15 TABLET in 1 BLISTER PACK (0615-8600-05)","Thyroxine [CS],  l-Thyroxine [EPC]","N/A","No","12/31/2027"
"Levothyroxine Sodium","0615-8600-14",".112 mg/1","TABLET","ORAL","NDA021210","NCS HealthCare of KY, LLC dba Vangard Labs","0615-8600","Levothyroxine Sodium","LEVOTHYROXINE SODIUM","HUMAN PRESCRIPTION DRUG","12/02/2025","N/A","NDA","14 TABLET in 1 BLISTER PACK (0615-8600-14)","Thyroxine [CS],  l-Thyroxine [EPC]","N/A","No","12/31/2027"
"Levothyroxine Sodium","0615-8600-39",".112 mg/1","TABLET","ORAL","NDA021210","NCS HealthCare of KY, LLC dba Vangard Labs","0615-8600","Levothyroxine Sodium","LEVOTHYROXINE SODIUM","HUMAN PRESCRIPTION DRUG","12/02/2025","N/A","NDA","30 TABLET in 1 BLISTER PACK (0615-8600-39)","Thyroxine [CS],  l-Thyroxine [EPC]","N/A","No","12/31/2027"
"Levothyroxine sodium","70518-3154-0","88 ug/1","TABLET","ORAL","ANDA212399","REMEDYREPACK INC.","70518-3154","Levothyroxine Sodium","LEVOTHYROXINE SODIUM","HUMAN PRESCRIPTION DRUG","07/14/2021","N/A","ANDA","90 TABLET in 1 BOTTLE (70518-3154-0)","Thyroxine [CS],  l-Thyroxine [EPC]","N/A","No","12/31/2027"
"Levothyroxine sodium","71335-1861-1","137 ug/1","TABLET","ORAL","ANDA212399","Bryant Ranch Prepack","71335-1861","Levothyroxine Sodium","LEVOTHYROXINE SODIUM","HUMAN PRESCRIPTION DRUG","02/21/2023","N/A","ANDA","30 TABLET in 1 BOTTLE (71335-1861-1)","Thyroxine [CS],  l-Thyroxine [EPC]","N/A","No","12/31/2027"
"Levothyroxine sodium","71335-1861-2","137 ug/1","TABLET","ORAL","ANDA212399","Bryant Ranch Prepack","71335-1861","Levothyroxine Sodium","LEVOTHYROXINE SODIUM","HUMAN PRESCRIPTION DRUG","12/11/2024","N/A","ANDA","100 TABLET in 1 BOTTLE (71335-1861-2)","Thyroxine [CS],  l-Thyroxine [EPC]","N/A","No","12/31/2027"
"Levothyroxine sodium","71335-1861-3","137 ug/1","TABLET","ORAL","ANDA212399","Bryant Ranch Prepack","71335-1861","Levothyroxine Sodium","LEVOTHYROXINE SODIUM","HUMAN PRESCRIPTION DRUG","05/10/2021","N/A","ANDA","90 TABLET in 1 BOTTLE (71335-1861-3)","Thyroxine [CS],  l-Thyroxine [EPC]","N/A","No","12/31/2027"
"Levothyroxine sodium","71335-1861-4","137 ug/1","TABLET","ORAL","ANDA212399","Bryant Ranch Prepack","71335-1861","Levothyroxine Sodium","LEVOTHYROXINE SODIUM","HUMAN PRESCRIPTION DRUG","12/11/2024","N/A","ANDA","28 TABLET in 1 BOTTLE (71335-1861-4)","Thyroxine [CS],  l-Thyroxine [EPC]","N/A","No","12/31/2027"
"Levothyroxine sodium","71335-1861-5","137 ug/1","TABLET","ORAL","ANDA212399","Bryant Ranch Prepack","71335-1861","Levothyroxine Sodium","LEVOTHYROXINE SODIUM","HUMAN PRESCRIPTION DRUG","12/11/2024","N/A","ANDA","60 TABLET in 1 BOTTLE (71335-1861-5)","Thyroxine [CS],  l-Thyroxine [EPC]","N/A","No","12/31/2027"
"Synthroid","0074-7069-11","150 ug/1","TABLET","ORAL","NDA021402","AbbVie Inc.","0074-7069","Levothyroxine Sodium","LEVOTHYROXINE SODIUM","HUMAN PRESCRIPTION DRUG","07/24/2002","N/A","NDA","10 BLISTER PACK in 1 BOX, UNIT-DOSE (0074-7069-11)  / 10 TABLET in 1 BLISTER PACK","Thyroxine [CS],  l-Thyroxine [EPC]","N/A","No","12/31/2026"
"Synthroid","0074-7069-19","150 ug/1","TABLET","ORAL","NDA021402","AbbVie Inc.","0074-7069","Levothyroxine Sodium","LEVOTHYROXINE SODIUM","HUMAN PRESCRIPTION DRUG","07/24/2002","N/A","NDA","1000 TABLET in 1 BOTTLE (0074-7069-19)","Thyroxine [CS],  l-Thyroxine [EPC]","N/A","No","12/31/2026"
"Synthroid","0074-7069-72","150 ug/1","TABLET","ORAL","NDA021402","AbbVie Inc.","0074-7069","Levothyroxine Sodium","LEVOTHYROXINE SODIUM","HUMAN PRESCRIPTION DRUG","07/24/2002","N/A","NDA","2 BLISTER PACK in 1 CARTON (0074-7069-72)  / 7 TABLET in 1 BLISTER PACK","Thyroxine [CS],  l-Thyroxine [EPC]","N/A","Yes","12/31/2026"
"Synthroid","0074-7069-90","150 ug/1","TABLET","ORAL","NDA021402","AbbVie Inc.","0074-7069","Levothyroxine Sodium","LEVOTHYROXINE SODIUM","HUMAN PRESCRIPTION DRUG","07/24/2002","N/A","NDA","90 TABLET in 1 BOTTLE (0074-7069-90)","Thyroxine [CS],  l-Thyroxine [EPC]","N/A","No","12/31/2026"
"Levothyroxine Sodium","0378-1807-10","88 ug/1","TABLET","ORAL","ANDA076187","Mylan Pharmaceuticals Inc.","0378-1807","levothyroxine sodium","LEVOTHYROXINE SODIUM","HUMAN PRESCRIPTION DRUG","11/01/2002","N/A","ANDA","1000 TABLET in 1 BOTTLE, PLASTIC (0378-1807-10)","Thyroxine [CS],  l-Thyroxine [EPC]","N/A","No","12/31/2026"
"Levothyroxine Sodium","0378-1807-77","88 ug/1","TABLET","ORAL","ANDA076187","Mylan Pharmaceuticals Inc.","0378-1807","levothyroxine sodium","LEVOTHYROXINE SODIUM","HUMAN PRESCRIPTION DRUG","06/27/2016","N/A","ANDA","90 TABLET in 1 BOTTLE, PLASTIC (0378-1807-77)","Thyroxine [CS],  l-Thyroxine [EPC]","N/A","No","12/31/2026"
"LEVOTHYROXINE SODIUM","68071-3887-3","75 ug/1","TABLET","ORAL","ANDA211417","NuCare Pharmaceuticals, Inc.","68071-3887","LEVOTHYROXINE SODIUM","LEVOTHYROXINE SODIUM","HUMAN PRESCRIPTION DRUG","01/07/2026","N/A","ANDA","30 TABLET in 1 BOTTLE (68071-3887-3)","Thyroxine [CS],  l-Thyroxine [EPC]","N/A","No","12/31/2027"
"LEVOTHYROXINE SODIUM","68071-3887-9","75 ug/1","TABLET","ORAL","ANDA211417","NuCare Pharmaceuticals, Inc.","68071-3887","LEVOTHYROXINE SODIUM","LEVOTHYROXINE SODIUM","HUMAN PRESCRIPTION DRUG","08/28/2025","N/A","ANDA","90 TABLET in 1 BOTTLE (68071-3887-9)","Thyroxine [CS],  l-Thyroxine [EPC]","N/A","No","12/31/2027"
"LEVOTHYROXINE SODIUM","50090-7885-0","125 ug/1","TABLET","ORAL","ANDA211417","A-S Medication Solutions","50090-7885","LEVOTHYROXINE SODIUM","LEVOTHYROXINE SODIUM","HUMAN PRESCRIPTION DRUG","02/05/2026","N/A","ANDA","30 TABLET in 1 BOTTLE (50090-7885-0)","Thyroxine [CS],  l-Thyroxine [EPC]","N/A","No","12/31/2027"
"LEVOTHYROXINE SODIUM","50090-7885-1","125 ug/1","TABLET","ORAL","ANDA211417","A-S Medication Solutions","50090-7885","LEVOTHYROXINE SODIUM","LEVOTHYROXINE SODIUM","HUMAN PRESCRIPTION DRUG","02/05/2026","N/A","ANDA","90 TABLET in 1 BOTTLE (50090-7885-1)","Thyroxine [CS],  l-Thyroxine [EPC]","N/A","No","12/31/2027"
"Levothyroxine sodium","71335-2138-1","100 ug/1","TABLET","ORAL","ANDA212399","Bryant Ranch Prepack","71335-2138","Levothyroxine Sodium","LEVOTHYROXINE SODIUM","HUMAN PRESCRIPTION DRUG","08/09/2022","N/A","ANDA","100 TABLET in 1 BOTTLE (71335-2138-1)","Thyroxine [CS],  l-Thyroxine [EPC]","N/A","No","12/31/2026"
"Levothyroxine sodium","71335-2138-2","100 ug/1","TABLET","ORAL","ANDA212399","Bryant Ranch Prepack","71335-2138","Levothyroxine Sodium","LEVOTHYROXINE SODIUM","HUMAN PRESCRIPTION DRUG","08/09/2022","N/A","ANDA","30 TABLET in 1 BOTTLE (71335-2138-2)","Thyroxine [CS],  l-Thyroxine [EPC]","N/A","No","12/31/2026"
"Levothyroxine sodium","71335-2138-3","100 ug/1","TABLET","ORAL","ANDA212399","Bryant Ranch Prepack","71335-2138","Levothyroxine Sodium","LEVOTHYROXINE SODIUM","HUMAN PRESCRIPTION DRUG","12/11/2024","N/A","ANDA","60 TABLET in 1 BOTTLE (71335-2138-3)","Thyroxine [CS],  l-Thyroxine [EPC]","N/A","No","12/31/2026"
"Levothyroxine sodium","71335-2138-4","100 ug/1","TABLET","ORAL","ANDA212399","Bryant Ranch Prepack","71335-2138","Levothyroxine Sodium","LEVOTHYROXINE SODIUM","HUMAN PRESCRIPTION DRUG","12/11/2024","N/A","ANDA","7 TABLET in 1 BOTTLE (71335-2138-4)","Thyroxine [CS],  l-Thyroxine [EPC]","N/A","No","12/31/2026"
"Levothyroxine sodium","71335-2138-5","100 ug/1","TABLET","ORAL","ANDA212399","Bryant Ranch Prepack","71335-2138","Levothyroxine Sodium","LEVOTHYROXINE SODIUM","HUMAN PRESCRIPTION DRUG","12/11/2024","N/A","ANDA","14 TABLET in 1 BOTTLE (71335-2138-5)","Thyroxine [CS],  l-Thyroxine [EPC]","N/A","No","12/31/2026"
"Levothyroxine sodium","71335-2138-6","100 ug/1","TABLET","ORAL","ANDA212399","Bryant Ranch Prepack","71335-2138","Levothyroxine Sodium","LEVOTHYROXINE SODIUM","HUMAN PRESCRIPTION DRUG","08/10/2022","N/A","ANDA","90 TABLET in 1 BOTTLE (71335-2138-6)","Thyroxine [CS],  l-Thyroxine [EPC]","N/A","No","12/31/2026"
"Levothyroxine sodium","71335-2138-7","100 ug/1","TABLET","ORAL","ANDA212399","Bryant Ranch Prepack","71335-2138","Levothyroxine Sodium","LEVOTHYROXINE SODIUM","HUMAN PRESCRIPTION DRUG","12/11/2024","N/A","ANDA","28 TABLET in 1 BOTTLE (71335-2138-7)","Thyroxine [CS],  l-Thyroxine [EPC]","N/A","No","12/31/2026"
"Levothyroxine sodium","71335-2138-8","100 ug/1","TABLET","ORAL","ANDA212399","Bryant Ranch Prepack","71335-2138","Levothyroxine Sodium","LEVOTHYROXINE SODIUM","HUMAN PRESCRIPTION DRUG","12/11/2024","N/A","ANDA","56 TABLET in 1 BOTTLE (71335-2138-8)","Thyroxine [CS],  l-Thyroxine [EPC]","N/A","No","12/31/2026"
"Levothyroxine sodium","71335-2138-9","100 ug/1","TABLET","ORAL","ANDA212399","Bryant Ranch Prepack","71335-2138","Levothyroxine Sodium","LEVOTHYROXINE SODIUM","HUMAN PRESCRIPTION DRUG","12/11/2024","N/A","ANDA","180 TABLET in 1 BOTTLE (71335-2138-9)","Thyroxine [CS],  l-Thyroxine [EPC]","N/A","No","12/31/2026"
"Levothyroxine Sodium","55154-3559-0",".05 mg/1","TABLET","ORAL","ANDA209713","Cardinal Health 107, LLC","55154-3559","Levothyroxine Sodium","LEVOTHYROXINE SODIUM","HUMAN PRESCRIPTION DRUG","05/02/2019","N/A","ANDA","10 BLISTER PACK in 1 BAG (55154-3559-0)  / 1 TABLET in 1 BLISTER PACK","Thyroxine [CS],  l-Thyroxine [EPC]","N/A","No","12/31/2027"
"LEVOTHYROXINE SODIUM","50090-7886-0","125 ug/1","TABLET","ORAL","ANDA211417","A-S Medication Solutions","50090-7886","LEVOTHYROXINE SODIUM","LEVOTHYROXINE SODIUM","HUMAN PRESCRIPTION DRUG","02/05/2026","N/A","ANDA","90 TABLET in 1 BOTTLE (50090-7886-0)","Thyroxine [CS],  l-Thyroxine [EPC]","N/A","No","12/31/2027"
"Levothyroxine Sodium","51655-479-26",".15 mg/1","TABLET","ORAL","ANDA209713","Northwind Health Company, LLC","51655-479","Levothyroxine Sodium","LEVOTHYROXINE SODIUM","HUMAN PRESCRIPTION DRUG","11/19/2020","N/A","ANDA","90 TABLET in 1 BOTTLE, PLASTIC (51655-479-26)","Thyroxine [CS],  l-Thyroxine [EPC]","N/A","No","12/31/2027"
"Levothyroxine Sodium","51655-479-52",".15 mg/1","TABLET","ORAL","ANDA209713","Northwind Health Company, LLC","51655-479","Levothyroxine Sodium","LEVOTHYROXINE SODIUM","HUMAN PRESCRIPTION DRUG","02/10/2021","N/A","ANDA","30 TABLET in 1 BOTTLE, PLASTIC (51655-479-52)","Thyroxine [CS],  l-Thyroxine [EPC]","N/A","No","12/31/2027"
"Levothyroxine Sodium","67046-0290-3",".112 mg/1","TABLET","ORAL","ANDA209713","Coupler LLC","67046-0290","Levothyroxine Sodium","LEVOTHYROXINE SODIUM","HUMAN PRESCRIPTION DRUG","05/04/2026","N/A","ANDA","30 TABLET in 1 BLISTER PACK (67046-0290-3)","Thyroxine [CS],  l-Thyroxine [EPC]","N/A","No","12/31/2027"
"Levothyroxine Sodium","0904-6956-61",".15 mg/1","TABLET","ORAL","ANDA209713","Major Pharmaceuticals","0904-6956","Levothyroxine Sodium","LEVOTHYROXINE SODIUM","HUMAN PRESCRIPTION DRUG","03/20/2019","N/A","ANDA","100 BLISTER PACK in 1 CARTON (0904-6956-61)  / 1 TABLET in 1 BLISTER PACK","Thyroxine [CS],  l-Thyroxine [EPC]","N/A","No","12/31/2026"
"Levothyroxine Sodium","55154-3558-0",".025 mg/1","TABLET","ORAL","ANDA209713","Cardinal Health 107, LLC","55154-3558","Levothyroxine Sodium","LEVOTHYROXINE SODIUM","HUMAN PRESCRIPTION DRUG","03/20/2019","N/A","ANDA","10 BLISTER PACK in 1 BAG (55154-3558-0)  / 1 TABLET in 1 BLISTER PACK","Thyroxine [CS],  l-Thyroxine [EPC]","N/A","No","12/31/2027"
"Levothyroxine Sodium","51655-485-26",".137 mg/1","TABLET","ORAL","ANDA209713","Northwind Health Company, LLC","51655-485","Levothyroxine Sodium","LEVOTHYROXINE SODIUM","HUMAN PRESCRIPTION DRUG","11/23/2020","N/A","ANDA","90 TABLET in 1 BOTTLE, PLASTIC (51655-485-26)","Thyroxine [CS],  l-Thyroxine [EPC]","N/A","No","12/31/2027"
"Levothyroxine Sodium","51655-485-52",".137 mg/1","TABLET","ORAL","ANDA209713","Northwind Health Company, LLC","51655-485","Levothyroxine Sodium","LEVOTHYROXINE SODIUM","HUMAN PRESCRIPTION DRUG","04/20/2021","N/A","ANDA","30 TABLET in 1 BOTTLE, PLASTIC (51655-485-52)","Thyroxine [CS],  l-Thyroxine [EPC]","N/A","No","12/31/2027"
"Levothyroxine Sodium","55154-3562-0",".125 mg/1","TABLET","ORAL","ANDA209713","Cardinal Health 107, LLC","55154-3562","Levothyroxine Sodium","LEVOTHYROXINE SODIUM","HUMAN PRESCRIPTION DRUG","03/20/2019","N/A","ANDA","10 BLISTER PACK in 1 BAG (55154-3562-0)  / 1 TABLET in 1 BLISTER PACK","Thyroxine [CS],  l-Thyroxine [EPC]","N/A","No","12/31/2027"
"Synthroid","0074-7149-19","300 ug/1","TABLET","ORAL","NDA021402","AbbVie Inc.","0074-7149","Levothyroxine Sodium","LEVOTHYROXINE SODIUM","HUMAN PRESCRIPTION DRUG","07/24/2002","N/A","NDA","1000 TABLET in 1 BOTTLE (0074-7149-19)","Thyroxine [CS],  l-Thyroxine [EPC]","N/A","No","12/31/2026"
"Synthroid","0074-7149-90","300 ug/1","TABLET","ORAL","NDA021402","AbbVie Inc.","0074-7149","Levothyroxine Sodium","LEVOTHYROXINE SODIUM","HUMAN PRESCRIPTION DRUG","07/24/2002","N/A","NDA","90 TABLET in 1 BOTTLE (0074-7149-90)","Thyroxine [CS],  l-Thyroxine [EPC]","N/A","No","12/31/2026"
"Levothyroxine Sodium","55154-3560-0",".075 mg/1","TABLET","ORAL","ANDA209713","Cardinal Health 107, LLC","55154-3560","Levothyroxine Sodium","LEVOTHYROXINE SODIUM","HUMAN PRESCRIPTION DRUG","03/20/2019","N/A","ANDA","10 BLISTER PACK in 1 BAG (55154-3560-0)  / 1 TABLET in 1 BLISTER PACK","Thyroxine [CS],  l-Thyroxine [EPC]","N/A","No","12/31/2027"
"Levothyroxine Sodium","51655-483-26",".088 mg/1","TABLET","ORAL","ANDA209713","Northwind Health Company, LLC","51655-483","Levothyroxine Sodium","LEVOTHYROXINE SODIUM","HUMAN PRESCRIPTION DRUG","11/23/2020","N/A","ANDA","90 TABLET in 1 BOTTLE, PLASTIC (51655-483-26)","Thyroxine [CS],  l-Thyroxine [EPC]","N/A","No","12/31/2027"
"Levothyroxine Sodium","51655-483-52",".088 mg/1","TABLET","ORAL","ANDA209713","Northwind Health Company, LLC","51655-483","Levothyroxine Sodium","LEVOTHYROXINE SODIUM","HUMAN PRESCRIPTION DRUG","03/04/2022","N/A","ANDA","30 TABLET in 1 BOTTLE, PLASTIC (51655-483-52)","Thyroxine [CS],  l-Thyroxine [EPC]","N/A","No","12/31/2027"
"Levothyroxine Sodium","60687-530-01",".15 mg/1","TABLET","ORAL","ANDA209713","American Health Packaging","60687-530","Levothyroxine Sodium","LEVOTHYROXINE SODIUM","HUMAN PRESCRIPTION DRUG","10/30/2019","N/A","ANDA","100 BLISTER PACK in 1 BOX (60687-530-01)  / 1 TABLET in 1 BLISTER PACK (60687-530-11)","Thyroxine [CS],  l-Thyroxine [EPC]","N/A","No","12/31/2026"
"Levothyroxine sodium","0480-8725-10","300 ug/1","TABLET","ORAL","ANDA207588","Teva Pharmaceuticals, Inc.","0480-8725","Levothyroxine sodium","LEVOTHYROXINE SODIUM","HUMAN PRESCRIPTION DRUG","09/21/2022","09/30/2026","ANDA","1000 TABLET in 1 BOTTLE (0480-8725-10)","Thyroxine [CS],  l-Thyroxine [EPC]","N/A","No","N/A"
"Levothyroxine sodium","0480-8725-98","300 ug/1","TABLET","ORAL","ANDA207588","Teva Pharmaceuticals, Inc.","0480-8725","Levothyroxine sodium","LEVOTHYROXINE SODIUM","HUMAN PRESCRIPTION DRUG","09/21/2022","09/30/2026","ANDA","90 TABLET in 1 BOTTLE (0480-8725-98)","Thyroxine [CS],  l-Thyroxine [EPC]","N/A","No","N/A"
"Levothyroxine Sodium","51655-484-26",".125 mg/1","TABLET","ORAL","ANDA209713","Northwind Health Company, LLC","51655-484","Levothyroxine Sodium","LEVOTHYROXINE SODIUM","HUMAN PRESCRIPTION DRUG","11/23/2020","N/A","ANDA","90 TABLET in 1 BOTTLE, PLASTIC (51655-484-26)","Thyroxine [CS],  l-Thyroxine [EPC]","N/A","No","12/31/2027"
"Levothyroxine Sodium","51655-484-52",".125 mg/1","TABLET","ORAL","ANDA209713","Northwind Health Company, LLC","51655-484","Levothyroxine Sodium","LEVOTHYROXINE SODIUM","HUMAN PRESCRIPTION DRUG","11/23/2020","N/A","ANDA","30 TABLET in 1 BOTTLE, PLASTIC (51655-484-52)","Thyroxine [CS],  l-Thyroxine [EPC]","N/A","No","12/31/2027"
"Levothyroxine Sodium","55154-3561-0",".1 mg/1","TABLET","ORAL","ANDA209713","Cardinal Health 107, LLC","55154-3561","Levothyroxine Sodium","LEVOTHYROXINE SODIUM","HUMAN PRESCRIPTION DRUG","03/20/2019","N/A","ANDA","10 BLISTER PACK in 1 BAG (55154-3561-0)  / 1 TABLET in 1 BLISTER PACK","Thyroxine [CS],  l-Thyroxine [EPC]","N/A","No","12/31/2027"
"Levothyroxine sodium","71205-681-30","125 ug/1","TABLET","ORAL","ANDA212399","Proficient Rx LP","71205-681","Levothyroxine Sodium","LEVOTHYROXINE SODIUM","HUMAN PRESCRIPTION DRUG","08/04/2022","N/A","ANDA","30 TABLET in 1 BOTTLE (71205-681-30)","Thyroxine [CS],  l-Thyroxine [EPC]","N/A","No","12/31/2026"
"Levothyroxine sodium","71205-681-60","125 ug/1","TABLET","ORAL","ANDA212399","Proficient Rx LP","71205-681","Levothyroxine Sodium","LEVOTHYROXINE SODIUM","HUMAN PRESCRIPTION DRUG","08/04/2022","N/A","ANDA","60 TABLET in 1 BOTTLE (71205-681-60)","Thyroxine [CS],  l-Thyroxine [EPC]","N/A","No","12/31/2026"
"Levothyroxine sodium","71205-681-90","125 ug/1","TABLET","ORAL","ANDA212399","Proficient Rx LP","71205-681","Levothyroxine Sodium","LEVOTHYROXINE SODIUM","HUMAN PRESCRIPTION DRUG","08/04/2022","N/A","ANDA","90 TABLET in 1 BOTTLE (71205-681-90)","Thyroxine [CS],  l-Thyroxine [EPC]","N/A","No","12/31/2026"
"Levothyroxine Sodium","71335-1499-1","125 ug/1","TABLET","ORAL","NDA021342","Bryant Ranch Prepack","71335-1499","Levothyroxine Sodium","LEVOTHYROXINE SODIUM","HUMAN PRESCRIPTION DRUG","04/03/2024","N/A","NDA AUTHORIZED GENERIC","30 TABLET in 1 BOTTLE (71335-1499-1)","Thyroxine [CS],  l-Thyroxine [EPC]","N/A","No","12/31/2027"
"Levothyroxine Sodium","71335-1499-2","125 ug/1","TABLET","ORAL","NDA021342","Bryant Ranch Prepack","71335-1499","Levothyroxine Sodium","LEVOTHYROXINE SODIUM","HUMAN PRESCRIPTION DRUG","04/03/2024","N/A","NDA AUTHORIZED GENERIC","100 TABLET in 1 BOTTLE (71335-1499-2)","Thyroxine [CS],  l-Thyroxine [EPC]","N/A","No","12/31/2027"
"Levothyroxine Sodium","71335-1499-3","125 ug/1","TABLET","ORAL","NDA021342","Bryant Ranch Prepack","71335-1499","Levothyroxine Sodium","LEVOTHYROXINE SODIUM","HUMAN PRESCRIPTION DRUG","04/03/2024","N/A","NDA AUTHORIZED GENERIC","90 TABLET in 1 BOTTLE (71335-1499-3)","Thyroxine [CS],  l-Thyroxine [EPC]","N/A","No","12/31/2027"
"Levothyroxine Sodium","71335-1499-4","125 ug/1","TABLET","ORAL","NDA021342","Bryant Ranch Prepack","71335-1499","Levothyroxine Sodium","LEVOTHYROXINE SODIUM","HUMAN PRESCRIPTION DRUG","04/03/2024","N/A","NDA AUTHORIZED GENERIC","60 TABLET in 1 BOTTLE (71335-1499-4)","Thyroxine [CS],  l-Thyroxine [EPC]","N/A","No","12/31/2027"
"Levothyroxine Sodium","71335-1499-5","125 ug/1","TABLET","ORAL","NDA021342","Bryant Ranch Prepack","71335-1499","Levothyroxine Sodium","LEVOTHYROXINE SODIUM","HUMAN PRESCRIPTION DRUG","04/03/2024","N/A","NDA AUTHORIZED GENERIC","28 TABLET in 1 BOTTLE (71335-1499-5)","Thyroxine [CS],  l-Thyroxine [EPC]","N/A","No","12/31/2027"
"LEVOTHYROXINE SODIUM","31722-287-01",".088 mg/1","TABLET","ORAL","ANDA215259","Camber Pharmaceuticals, Inc.","31722-287","levothyroxine sodium","LEVOTHYROXINE SODIUM","HUMAN PRESCRIPTION DRUG","01/18/2023","N/A","ANDA","100 TABLET in 1 BOTTLE (31722-287-01)","Thyroxine [CS],  l-Thyroxine [EPC]","N/A","No","12/31/2026"
"LEVOTHYROXINE SODIUM","31722-287-10",".088 mg/1","TABLET","ORAL","ANDA215259","Camber Pharmaceuticals, Inc.","31722-287","levothyroxine sodium","LEVOTHYROXINE SODIUM","HUMAN PRESCRIPTION DRUG","01/18/2023","N/A","ANDA","1000 TABLET in 1 BOTTLE (31722-287-10)","Thyroxine [CS],  l-Thyroxine [EPC]","N/A","No","12/31/2026"
"LEVOTHYROXINE SODIUM","31722-287-30",".088 mg/1","TABLET","ORAL","ANDA215259","Camber Pharmaceuticals, Inc.","31722-287","levothyroxine sodium","LEVOTHYROXINE SODIUM","HUMAN PRESCRIPTION DRUG","01/18/2023","N/A","ANDA","30 TABLET in 1 BOTTLE (31722-287-30)","Thyroxine [CS],  l-Thyroxine [EPC]","N/A","No","12/31/2026"
"LEVOTHYROXINE SODIUM","31722-287-90",".088 mg/1","TABLET","ORAL","ANDA215259","Camber Pharmaceuticals, Inc.","31722-287","levothyroxine sodium","LEVOTHYROXINE SODIUM","HUMAN PRESCRIPTION DRUG","01/18/2023","N/A","ANDA","90 TABLET in 1 BOTTLE (31722-287-90)","Thyroxine [CS],  l-Thyroxine [EPC]","N/A","No","12/31/2026"
"Levothyroxine Sodium","0378-1809-10","100 ug/1","TABLET","ORAL","ANDA076187","Mylan Pharmaceuticals Inc.","0378-1809","levothyroxine sodium","LEVOTHYROXINE SODIUM","HUMAN PRESCRIPTION DRUG","11/01/2002","N/A","ANDA","1000 TABLET in 1 BOTTLE, PLASTIC (0378-1809-10)","Thyroxine [CS],  l-Thyroxine [EPC]","N/A","No","12/31/2026"
"Levothyroxine Sodium","0378-1809-77","100 ug/1","TABLET","ORAL","ANDA076187","Mylan Pharmaceuticals Inc.","0378-1809","levothyroxine sodium","LEVOTHYROXINE SODIUM","HUMAN PRESCRIPTION DRUG","09/27/2016","N/A","ANDA","90 TABLET in 1 BOTTLE, PLASTIC (0378-1809-77)","Thyroxine [CS],  l-Thyroxine [EPC]","N/A","No","12/31/2026"
"Levothyroxine Sodium","51655-985-52",".025 mg/1","TABLET","ORAL","ANDA209713","Northwind Health Company, LLC","51655-985","Levothyroxine Sodium","LEVOTHYROXINE SODIUM","HUMAN PRESCRIPTION DRUG","05/04/2022","N/A","ANDA","30 TABLET in 1 BOTTLE, PLASTIC (51655-985-52)","Thyroxine [CS],  l-Thyroxine [EPC]","N/A","No","12/31/2027"
"Levothyroxine Sodium","55154-3563-0",".15 mg/1","TABLET","ORAL","ANDA209713","Cardinal Health 107, LLC","55154-3563","Levothyroxine Sodium","LEVOTHYROXINE SODIUM","HUMAN PRESCRIPTION DRUG","03/20/2019","N/A","ANDA","10 BLISTER PACK in 1 BAG (55154-3563-0)  / 1 TABLET in 1 BLISTER PACK","Thyroxine [CS],  l-Thyroxine [EPC]","N/A","No","12/31/2027"
"LEVOTHYROXINE SODIUM","31722-284-01",".025 mg/1","TABLET","ORAL","ANDA215259","Camber Pharmaceuticals, Inc.","31722-284","levothyroxine sodium","LEVOTHYROXINE SODIUM","HUMAN PRESCRIPTION DRUG","01/18/2023","N/A","ANDA","100 TABLET in 1 BOTTLE (31722-284-01)","Thyroxine [CS],  l-Thyroxine [EPC]","N/A","No","12/31/2026"
"LEVOTHYROXINE SODIUM","31722-284-10",".025 mg/1","TABLET","ORAL","ANDA215259","Camber Pharmaceuticals, Inc.","31722-284","levothyroxine sodium","LEVOTHYROXINE SODIUM","HUMAN PRESCRIPTION DRUG","01/18/2023","N/A","ANDA","1000 TABLET in 1 BOTTLE (31722-284-10)","Thyroxine [CS],  l-Thyroxine [EPC]","N/A","No","12/31/2026"
"LEVOTHYROXINE SODIUM","31722-284-30",".025 mg/1","TABLET","ORAL","ANDA215259","Camber Pharmaceuticals, Inc.","31722-284","levothyroxine sodium","LEVOTHYROXINE SODIUM","HUMAN PRESCRIPTION DRUG","01/18/2023","N/A","ANDA","30 TABLET in 1 BOTTLE (31722-284-30)","Thyroxine [CS],  l-Thyroxine [EPC]","N/A","No","12/31/2026"
"LEVOTHYROXINE SODIUM","31722-284-90",".025 mg/1","TABLET","ORAL","ANDA215259","Camber Pharmaceuticals, Inc.","31722-284","levothyroxine sodium","LEVOTHYROXINE SODIUM","HUMAN PRESCRIPTION DRUG","01/18/2023","N/A","ANDA","90 TABLET in 1 BOTTLE (31722-284-90)","Thyroxine [CS],  l-Thyroxine [EPC]","N/A","No","12/31/2026"
"Levothyroxine sodium","82804-168-30","25 ug/1","TABLET","ORAL","ANDA212399","Proficient Rx LP","82804-168","Levothyroxine Sodium","LEVOTHYROXINE SODIUM","HUMAN PRESCRIPTION DRUG","12/09/2024","N/A","ANDA","30 TABLET in 1 BOTTLE (82804-168-30)","Thyroxine [CS],  l-Thyroxine [EPC]","N/A","No","12/31/2026"
"Levothyroxine sodium","82804-168-90","25 ug/1","TABLET","ORAL","ANDA212399","Proficient Rx LP","82804-168","Levothyroxine Sodium","LEVOTHYROXINE SODIUM","HUMAN PRESCRIPTION DRUG","12/23/2024","N/A","ANDA","90 TABLET in 1 BOTTLE (82804-168-90)","Thyroxine [CS],  l-Thyroxine [EPC]","N/A","No","12/31/2026"
"LEVOTHYROXINE SODIUM","31722-285-01",".05 mg/1","TABLET","ORAL","ANDA215259","Camber Pharmaceuticals, Inc.","31722-285","levothyroxine sodium","LEVOTHYROXINE SODIUM","HUMAN PRESCRIPTION DRUG","01/18/2023","N/A","ANDA","100 TABLET in 1 BOTTLE (31722-285-01)","Thyroxine [CS],  l-Thyroxine [EPC]","N/A","No","12/31/2026"
"LEVOTHYROXINE SODIUM","31722-285-10",".05 mg/1","TABLET","ORAL","ANDA215259","Camber Pharmaceuticals, Inc.","31722-285","levothyroxine sodium","LEVOTHYROXINE SODIUM","HUMAN PRESCRIPTION DRUG","01/18/2023","N/A","ANDA","1000 TABLET in 1 BOTTLE (31722-285-10)","Thyroxine [CS],  l-Thyroxine [EPC]","N/A","No","12/31/2026"
"LEVOTHYROXINE SODIUM","31722-285-30",".05 mg/1","TABLET","ORAL","ANDA215259","Camber Pharmaceuticals, Inc.","31722-285","levothyroxine sodium","LEVOTHYROXINE SODIUM","HUMAN PRESCRIPTION DRUG","01/18/2023","N/A","ANDA","30 TABLET in 1 BOTTLE (31722-285-30)","Thyroxine [CS],  l-Thyroxine [EPC]","N/A","No","12/31/2026"
"LEVOTHYROXINE SODIUM","31722-285-90",".05 mg/1","TABLET","ORAL","ANDA215259","Camber Pharmaceuticals, Inc.","31722-285","levothyroxine sodium","LEVOTHYROXINE SODIUM","HUMAN PRESCRIPTION DRUG","01/18/2023","N/A","ANDA","90 TABLET in 1 BOTTLE (31722-285-90)","Thyroxine [CS],  l-Thyroxine [EPC]","N/A","No","12/31/2026"
"Levothyroxine sodium","70518-3208-0","50 ug/1","TABLET","ORAL","ANDA212399","REMEDYREPACK INC.","70518-3208","Levothyroxine Sodium","LEVOTHYROXINE SODIUM","HUMAN PRESCRIPTION DRUG","08/07/2022","N/A","ANDA","90 TABLET in 1 BOTTLE (70518-3208-0)","Thyroxine [CS],  l-Thyroxine [EPC]","N/A","No","12/31/2027"
"Levothyroxine Sodium","60687-541-01",".175 mg/1","TABLET","ORAL","ANDA209713","American Health Packaging","60687-541","Levothyroxine Sodium","LEVOTHYROXINE SODIUM","HUMAN PRESCRIPTION DRUG","10/29/2019","N/A","ANDA","100 BLISTER PACK in 1 BOX, UNIT-DOSE (60687-541-01)  / 1 TABLET in 1 BLISTER PACK (60687-541-11)","Thyroxine [CS],  l-Thyroxine [EPC]","N/A","No","12/31/2026"
"LEVOTHYROXINE SODIUM","31722-286-01",".075 mg/1","TABLET","ORAL","ANDA215259","Camber Pharmaceuticals, Inc.","31722-286","levothyroxine sodium","LEVOTHYROXINE SODIUM","HUMAN PRESCRIPTION DRUG","01/18/2023","N/A","ANDA","100 TABLET in 1 BOTTLE (31722-286-01)","Thyroxine [CS],  l-Thyroxine [EPC]","N/A","No","12/31/2026"
"LEVOTHYROXINE SODIUM","31722-286-10",".075 mg/1","TABLET","ORAL","ANDA215259","Camber Pharmaceuticals, Inc.","31722-286","levothyroxine sodium","LEVOTHYROXINE SODIUM","HUMAN PRESCRIPTION DRUG","01/18/2023","N/A","ANDA","1000 TABLET in 1 BOTTLE (31722-286-10)","Thyroxine [CS],  l-Thyroxine [EPC]","N/A","No","12/31/2026"
"LEVOTHYROXINE SODIUM","31722-286-30",".075 mg/1","TABLET","ORAL","ANDA215259","Camber Pharmaceuticals, Inc.","31722-286","levothyroxine sodium","LEVOTHYROXINE SODIUM","HUMAN PRESCRIPTION DRUG","01/18/2023","N/A","ANDA","30 TABLET in 1 BOTTLE (31722-286-30)","Thyroxine [CS],  l-Thyroxine [EPC]","N/A","No","12/31/2026"
"LEVOTHYROXINE SODIUM","31722-286-90",".075 mg/1","TABLET","ORAL","ANDA215259","Camber Pharmaceuticals, Inc.","31722-286","levothyroxine sodium","LEVOTHYROXINE SODIUM","HUMAN PRESCRIPTION DRUG","01/18/2023","N/A","ANDA","90 TABLET in 1 BOTTLE (31722-286-90)","Thyroxine [CS],  l-Thyroxine [EPC]","N/A","No","12/31/2026"
"LEVOXYL","60793-853-01","88 ug/1","TABLET","ORAL","NDA021301","Pfizer Laboratories Div Pfizer Inc","60793-853","levothyroxine sodium","LEVOTHYROXINE SODIUM","HUMAN PRESCRIPTION DRUG","05/25/2001","N/A","NDA","100 TABLET in 1 BOTTLE (60793-853-01)","Thyroxine [CS],  l-Thyroxine [EPC]","N/A","No","12/31/2026"
"LEVOXYL","60793-853-10","88 ug/1","TABLET","ORAL","NDA021301","Pfizer Laboratories Div Pfizer Inc","60793-853","levothyroxine sodium","LEVOTHYROXINE SODIUM","HUMAN PRESCRIPTION DRUG","05/25/2001","N/A","NDA","1000 TABLET in 1 BOTTLE (60793-853-10)","Thyroxine [CS],  l-Thyroxine [EPC]","N/A","No","12/31/2026"
"LEVOTHYROXINE SODIUM","31722-290-01",".125 mg/1","TABLET","ORAL","ANDA215259","Camber Pharmaceuticals, Inc.","31722-290","levothyroxine sodium","LEVOTHYROXINE SODIUM","HUMAN PRESCRIPTION DRUG","01/18/2023","N/A","ANDA","100 TABLET in 1 BOTTLE (31722-290-01)","Thyroxine [CS],  l-Thyroxine [EPC]","N/A","No","12/31/2026"
"LEVOTHYROXINE SODIUM","31722-290-10",".125 mg/1","TABLET","ORAL","ANDA215259","Camber Pharmaceuticals, Inc.","31722-290","levothyroxine sodium","LEVOTHYROXINE SODIUM","HUMAN PRESCRIPTION DRUG","01/18/2023","N/A","ANDA","1000 TABLET in 1 BOTTLE (31722-290-10)","Thyroxine [CS],  l-Thyroxine [EPC]","N/A","No","12/31/2026"
"LEVOTHYROXINE SODIUM","31722-290-30",".125 mg/1","TABLET","ORAL","ANDA215259","Camber Pharmaceuticals, Inc.","31722-290","levothyroxine sodium","LEVOTHYROXINE SODIUM","HUMAN PRESCRIPTION DRUG","01/18/2023","N/A","ANDA","30 TABLET in 1 BOTTLE (31722-290-30)","Thyroxine [CS],  l-Thyroxine [EPC]","N/A","No","12/31/2026"
"LEVOTHYROXINE SODIUM","31722-290-90",".125 mg/1","TABLET","ORAL","ANDA215259","Camber Pharmaceuticals, Inc.","31722-290","levothyroxine sodium","LEVOTHYROXINE SODIUM","HUMAN PRESCRIPTION DRUG","01/18/2023","N/A","ANDA","90 TABLET in 1 BOTTLE (31722-290-90)","Thyroxine [CS],  l-Thyroxine [EPC]","N/A","No","12/31/2026"
"Levothyroxine Sodium","51655-989-52",".075 mg/1","TABLET","ORAL","ANDA209713","Northwind Health Company, LLC","51655-989","Levothyroxine Sodium","LEVOTHYROXINE SODIUM","HUMAN PRESCRIPTION DRUG","05/19/2022","N/A","ANDA","30 TABLET in 1 BOTTLE, PLASTIC (51655-989-52)","Thyroxine [CS],  l-Thyroxine [EPC]","N/A","No","12/31/2027"
"LEVOXYL","60793-850-01","25 ug/1","TABLET","ORAL","NDA021301","Pfizer Laboratories Div Pfizer Inc","60793-850","levothyroxine sodium","LEVOTHYROXINE SODIUM","HUMAN PRESCRIPTION DRUG","05/25/2001","N/A","NDA","100 TABLET in 1 BOTTLE (60793-850-01)","Thyroxine [CS],  l-Thyroxine [EPC]","N/A","No","12/31/2026"
"LEVOXYL","60793-850-10","25 ug/1","TABLET","ORAL","NDA021301","Pfizer Laboratories Div Pfizer Inc","60793-850","levothyroxine sodium","LEVOTHYROXINE SODIUM","HUMAN PRESCRIPTION DRUG","05/25/2001","N/A","NDA","1000 TABLET in 1 BOTTLE (60793-850-10)","Thyroxine [CS],  l-Thyroxine [EPC]","N/A","No","12/31/2026"
"levothyroxine sodium","71335-1502-1","50 ug/1","TABLET","ORAL","NDA021116","Bryant Ranch Prepack","71335-1502","levothyroxine sodium","LEVOTHYROXINE SODIUM","HUMAN PRESCRIPTION DRUG","02/24/2020","N/A","NDA","30 TABLET in 1 BOTTLE (71335-1502-1)","Thyroxine [CS],  l-Thyroxine [EPC]","N/A","No","12/31/2026"
"levothyroxine sodium","71335-1502-2","50 ug/1","TABLET","ORAL","NDA021116","Bryant Ranch Prepack","71335-1502","levothyroxine sodium","LEVOTHYROXINE SODIUM","HUMAN PRESCRIPTION DRUG","04/09/2024","N/A","NDA","90 TABLET in 1 BOTTLE (71335-1502-2)","Thyroxine [CS],  l-Thyroxine [EPC]","N/A","No","12/31/2026"
"levothyroxine sodium","71335-1502-3","50 ug/1","TABLET","ORAL","NDA021116","Bryant Ranch Prepack","71335-1502","levothyroxine sodium","LEVOTHYROXINE SODIUM","HUMAN PRESCRIPTION DRUG","02/24/2020","N/A","NDA","100 TABLET in 1 BOTTLE (71335-1502-3)","Thyroxine [CS],  l-Thyroxine [EPC]","N/A","No","12/31/2026"
"levothyroxine sodium","71335-1502-4","50 ug/1","TABLET","ORAL","NDA021116","Bryant Ranch Prepack","71335-1502","levothyroxine sodium","LEVOTHYROXINE SODIUM","HUMAN PRESCRIPTION DRUG","02/24/2020","N/A","NDA","7 TABLET in 1 BOTTLE (71335-1502-4)","Thyroxine [CS],  l-Thyroxine [EPC]","N/A","No","12/31/2026"
"levothyroxine sodium","71335-1502-5","50 ug/1","TABLET","ORAL","NDA021116","Bryant Ranch Prepack","71335-1502","levothyroxine sodium","LEVOTHYROXINE SODIUM","HUMAN PRESCRIPTION DRUG","02/24/2020","N/A","NDA","14 TABLET in 1 BOTTLE (71335-1502-5)","Thyroxine [CS],  l-Thyroxine [EPC]","N/A","No","12/31/2026"
"levothyroxine sodium","71335-1502-6","50 ug/1","TABLET","ORAL","NDA021116","Bryant Ranch Prepack","71335-1502","levothyroxine sodium","LEVOTHYROXINE SODIUM","HUMAN PRESCRIPTION DRUG","02/24/2020","N/A","NDA","60 TABLET in 1 BOTTLE (71335-1502-6)","Thyroxine [CS],  l-Thyroxine [EPC]","N/A","No","12/31/2026"
"levothyroxine sodium","71335-1502-7","50 ug/1","TABLET","ORAL","NDA021116","Bryant Ranch Prepack","71335-1502","levothyroxine sodium","LEVOTHYROXINE SODIUM","HUMAN PRESCRIPTION DRUG","02/24/2020","N/A","NDA","21 TABLET in 1 BOTTLE (71335-1502-7)","Thyroxine [CS],  l-Thyroxine [EPC]","N/A","No","12/31/2026"
"levothyroxine sodium","71335-1502-8","50 ug/1","TABLET","ORAL","NDA021116","Bryant Ranch Prepack","71335-1502","levothyroxine sodium","LEVOTHYROXINE SODIUM","HUMAN PRESCRIPTION DRUG","02/24/2020","N/A","NDA","42 TABLET in 1 BOTTLE (71335-1502-8)","Thyroxine [CS],  l-Thyroxine [EPC]","N/A","No","12/31/2026"
"Levothyroxine Sodium","0904-6957-61",".175 mg/1","TABLET","ORAL","ANDA209713","Major Pharmaceuticals","0904-6957","Levothyroxine Sodium","LEVOTHYROXINE SODIUM","HUMAN PRESCRIPTION DRUG","03/20/2019","N/A","ANDA","100 BLISTER PACK in 1 CARTON (0904-6957-61)  / 1 TABLET in 1 BLISTER PACK","Thyroxine [CS],  l-Thyroxine [EPC]","N/A","No","12/31/2026"
"LEVOTHYROXINE SODIUM","31722-288-01",".1 mg/1","TABLET","ORAL","ANDA215259","Camber Pharmaceuticals, Inc.","31722-288","levothyroxine sodium","LEVOTHYROXINE SODIUM","HUMAN PRESCRIPTION DRUG","01/18/2023","N/A","ANDA","100 TABLET in 1 BOTTLE (31722-288-01)","Thyroxine [CS],  l-Thyroxine [EPC]","N/A","No","12/31/2026"
"LEVOTHYROXINE SODIUM","31722-288-10",".1 mg/1","TABLET","ORAL","ANDA215259","Camber Pharmaceuticals, Inc.","31722-288","levothyroxine sodium","LEVOTHYROXINE SODIUM","HUMAN PRESCRIPTION DRUG","01/18/2023","N/A","ANDA","1000 TABLET in 1 BOTTLE (31722-288-10)","Thyroxine [CS],  l-Thyroxine [EPC]","N/A","No","12/31/2026"
"LEVOTHYROXINE SODIUM","31722-288-30",".1 mg/1","TABLET","ORAL","ANDA215259","Camber Pharmaceuticals, Inc.","31722-288","levothyroxine sodium","LEVOTHYROXINE SODIUM","HUMAN PRESCRIPTION DRUG","01/18/2023","N/A","ANDA","30 TABLET in 1 BOTTLE (31722-288-30)","Thyroxine [CS],  l-Thyroxine [EPC]","N/A","No","12/31/2026"
"LEVOTHYROXINE SODIUM","31722-288-90",".1 mg/1","TABLET","ORAL","ANDA215259","Camber Pharmaceuticals, Inc.","31722-288","levothyroxine sodium","LEVOTHYROXINE SODIUM","HUMAN PRESCRIPTION DRUG","01/18/2023","N/A","ANDA","90 TABLET in 1 BOTTLE (31722-288-90)","Thyroxine [CS],  l-Thyroxine [EPC]","N/A","No","12/31/2026"
"LEVOTHYROXINE SODIUM","50090-7636-0","150 ug/1","TABLET","ORAL","ANDA211417","A-S Medication Solutions","50090-7636","LEVOTHYROXINE SODIUM","LEVOTHYROXINE SODIUM","HUMAN PRESCRIPTION DRUG","08/19/2025","N/A","ANDA","30 TABLET in 1 BOTTLE (50090-7636-0)","Thyroxine [CS],  l-Thyroxine [EPC]","N/A","No","12/31/2026"
"LEVOTHYROXINE SODIUM","50090-7636-1","150 ug/1","TABLET","ORAL","ANDA211417","A-S Medication Solutions","50090-7636","LEVOTHYROXINE SODIUM","LEVOTHYROXINE SODIUM","HUMAN PRESCRIPTION DRUG","08/19/2025","N/A","ANDA","90 TABLET in 1 BOTTLE (50090-7636-1)","Thyroxine [CS],  l-Thyroxine [EPC]","N/A","No","12/31/2026"
"LEVOTHYROXINE SODIUM","50090-7901-0","88 ug/1","TABLET","ORAL","ANDA211417","A-S Medication Solutions","50090-7901","LEVOTHYROXINE SODIUM","LEVOTHYROXINE SODIUM","HUMAN PRESCRIPTION DRUG","02/10/2026","N/A","ANDA","30 TABLET in 1 BOTTLE (50090-7901-0)","Thyroxine [CS],  l-Thyroxine [EPC]","N/A","No","12/31/2027"
"LEVOTHYROXINE SODIUM","50090-7901-1","88 ug/1","TABLET","ORAL","ANDA211417","A-S Medication Solutions","50090-7901","LEVOTHYROXINE SODIUM","LEVOTHYROXINE SODIUM","HUMAN PRESCRIPTION DRUG","02/10/2026","N/A","ANDA","90 TABLET in 1 BOTTLE (50090-7901-1)","Thyroxine [CS],  l-Thyroxine [EPC]","N/A","No","12/31/2027"
"LEVOXYL","60793-851-01","50 ug/1","TABLET","ORAL","NDA021301","Pfizer Laboratories Div Pfizer Inc","60793-851","levothyroxine sodium","LEVOTHYROXINE SODIUM","HUMAN PRESCRIPTION DRUG","05/25/2001","N/A","NDA","100 TABLET in 1 BOTTLE (60793-851-01)","Thyroxine [CS],  l-Thyroxine [EPC]","N/A","No","12/31/2026"
"LEVOXYL","60793-851-10","50 ug/1","TABLET","ORAL","NDA021301","Pfizer Laboratories Div Pfizer Inc","60793-851","levothyroxine sodium","LEVOTHYROXINE SODIUM","HUMAN PRESCRIPTION DRUG","05/25/2001","N/A","NDA","1000 TABLET in 1 BOTTLE (60793-851-10)","Thyroxine [CS],  l-Thyroxine [EPC]","N/A","No","12/31/2026"
"LEVOTHYROXINE SODIUM","50090-7637-0","150 ug/1","TABLET","ORAL","ANDA211417","A-S Medication Solutions","50090-7637","LEVOTHYROXINE SODIUM","LEVOTHYROXINE SODIUM","HUMAN PRESCRIPTION DRUG","08/19/2025","N/A","ANDA","90 TABLET in 1 BOTTLE (50090-7637-0)","Thyroxine [CS],  l-Thyroxine [EPC]","N/A","No","12/31/2026"
"LEVOTHYROXINE SODIUM","50090-7902-0","88 ug/1","TABLET","ORAL","ANDA211417","A-S Medication Solutions","50090-7902","LEVOTHYROXINE SODIUM","LEVOTHYROXINE SODIUM","HUMAN PRESCRIPTION DRUG","02/10/2026","N/A","ANDA","90 TABLET in 1 BOTTLE (50090-7902-0)","Thyroxine [CS],  l-Thyroxine [EPC]","N/A","No","12/31/2027"
"LEVOXYL","60793-852-01","75 ug/1","TABLET","ORAL","NDA021301","Pfizer Laboratories Div Pfizer Inc","60793-852","levothyroxine sodium","LEVOTHYROXINE SODIUM","HUMAN PRESCRIPTION DRUG","05/25/2001","N/A","NDA","100 TABLET in 1 BOTTLE (60793-852-01)","Thyroxine [CS],  l-Thyroxine [EPC]","N/A","No","12/31/2026"
"LEVOXYL","60793-852-10","75 ug/1","TABLET","ORAL","NDA021301","Pfizer Laboratories Div Pfizer Inc","60793-852","levothyroxine sodium","LEVOTHYROXINE SODIUM","HUMAN PRESCRIPTION DRUG","05/25/2001","N/A","NDA","1000 TABLET in 1 BOTTLE (60793-852-10)","Thyroxine [CS],  l-Thyroxine [EPC]","N/A","No","12/31/2026"
"Levothyroxine sodium","71335-1881-1","25 ug/1","TABLET","ORAL","ANDA212399","Bryant Ranch Prepack","71335-1881","Levothyroxine Sodium","LEVOTHYROXINE SODIUM","HUMAN PRESCRIPTION DRUG","06/01/2021","N/A","ANDA","30 TABLET in 1 BOTTLE (71335-1881-1)","Thyroxine [CS],  l-Thyroxine [EPC]","N/A","No","12/31/2027"
"Levothyroxine sodium","71335-1881-2","25 ug/1","TABLET","ORAL","ANDA212399","Bryant Ranch Prepack","71335-1881","Levothyroxine Sodium","LEVOTHYROXINE SODIUM","HUMAN PRESCRIPTION DRUG","05/28/2021","N/A","ANDA","90 TABLET in 1 BOTTLE (71335-1881-2)","Thyroxine [CS],  l-Thyroxine [EPC]","N/A","No","12/31/2027"
"Levothyroxine sodium","71335-1881-3","25 ug/1","TABLET","ORAL","ANDA212399","Bryant Ranch Prepack","71335-1881","Levothyroxine Sodium","LEVOTHYROXINE SODIUM","HUMAN PRESCRIPTION DRUG","12/11/2024","N/A","ANDA","100 TABLET in 1 BOTTLE (71335-1881-3)","Thyroxine [CS],  l-Thyroxine [EPC]","N/A","No","12/31/2027"
"Levothyroxine sodium","71335-1881-4","25 ug/1","TABLET","ORAL","ANDA212399","Bryant Ranch Prepack","71335-1881","Levothyroxine Sodium","LEVOTHYROXINE SODIUM","HUMAN PRESCRIPTION DRUG","12/11/2024","N/A","ANDA","60 TABLET in 1 BOTTLE (71335-1881-4)","Thyroxine [CS],  l-Thyroxine [EPC]","N/A","No","12/31/2027"
"Levothyroxine sodium","71335-1881-5","25 ug/1","TABLET","ORAL","ANDA212399","Bryant Ranch Prepack","71335-1881","Levothyroxine Sodium","LEVOTHYROXINE SODIUM","HUMAN PRESCRIPTION DRUG","12/11/2024","N/A","ANDA","28 TABLET in 1 BOTTLE (71335-1881-5)","Thyroxine [CS],  l-Thyroxine [EPC]","N/A","No","12/31/2027"
"Levothyroxine sodium","71335-1881-6","25 ug/1","TABLET","ORAL","ANDA212399","Bryant Ranch Prepack","71335-1881","Levothyroxine Sodium","LEVOTHYROXINE SODIUM","HUMAN PRESCRIPTION DRUG","12/11/2024","N/A","ANDA","10 TABLET in 1 BOTTLE (71335-1881-6)","Thyroxine [CS],  l-Thyroxine [EPC]","N/A","No","12/31/2027"
"Levothyroxine sodium","71335-1881-7","25 ug/1","TABLET","ORAL","ANDA212399","Bryant Ranch Prepack","71335-1881","Levothyroxine Sodium","LEVOTHYROXINE SODIUM","HUMAN PRESCRIPTION DRUG","12/11/2024","N/A","ANDA","1000 TABLET in 1 BOTTLE (71335-1881-7)","Thyroxine [CS],  l-Thyroxine [EPC]","N/A","No","12/31/2027"
"LEVOTHYROXINE SODIUM","31722-289-01",".112 mg/1","TABLET","ORAL","ANDA215259","Camber Pharmaceuticals, Inc.","31722-289","levothyroxine sodium","LEVOTHYROXINE SODIUM","HUMAN PRESCRIPTION DRUG","01/18/2023","N/A","ANDA","100 TABLET in 1 BOTTLE (31722-289-01)","Thyroxine [CS],  l-Thyroxine [EPC]","N/A","No","12/31/2026"
"LEVOTHYROXINE SODIUM","31722-289-10",".112 mg/1","TABLET","ORAL","ANDA215259","Camber Pharmaceuticals, Inc.","31722-289","levothyroxine sodium","LEVOTHYROXINE SODIUM","HUMAN PRESCRIPTION DRUG","01/18/2023","N/A","ANDA","1000 TABLET in 1 BOTTLE (31722-289-10)","Thyroxine [CS],  l-Thyroxine [EPC]","N/A","No","12/31/2026"
"LEVOTHYROXINE SODIUM","31722-289-30",".112 mg/1","TABLET","ORAL","ANDA215259","Camber Pharmaceuticals, Inc.","31722-289","levothyroxine sodium","LEVOTHYROXINE SODIUM","HUMAN PRESCRIPTION DRUG","01/18/2023","N/A","ANDA","30 TABLET in 1 BOTTLE (31722-289-30)","Thyroxine [CS],  l-Thyroxine [EPC]","N/A","No","12/31/2026"
"LEVOTHYROXINE SODIUM","31722-289-90",".112 mg/1","TABLET","ORAL","ANDA215259","Camber Pharmaceuticals, Inc.","31722-289","levothyroxine sodium","LEVOTHYROXINE SODIUM","HUMAN PRESCRIPTION DRUG","01/18/2023","N/A","ANDA","90 TABLET in 1 BOTTLE (31722-289-90)","Thyroxine [CS],  l-Thyroxine [EPC]","N/A","No","12/31/2026"
"Levothyroxine Sodium","0378-1811-10","112 ug/1","TABLET","ORAL","ANDA076187","Mylan Pharmaceuticals Inc.","0378-1811","levothyroxine sodium","LEVOTHYROXINE SODIUM","HUMAN PRESCRIPTION DRUG","11/01/2002","N/A","ANDA","1000 TABLET in 1 BOTTLE, PLASTIC (0378-1811-10)","Thyroxine [CS],  l-Thyroxine [EPC]","N/A","No","12/31/2026"
"Levothyroxine Sodium","0378-1811-77","112 ug/1","TABLET","ORAL","ANDA076187","Mylan Pharmaceuticals Inc.","0378-1811","levothyroxine sodium","LEVOTHYROXINE SODIUM","HUMAN PRESCRIPTION DRUG","06/27/2016","N/A","ANDA","90 TABLET in 1 BOTTLE, PLASTIC (0378-1811-77)","Thyroxine [CS],  l-Thyroxine [EPC]","N/A","No","12/31/2026"
"LEVOXYL","60793-857-01","137 ug/1","TABLET","ORAL","NDA021301","Pfizer Laboratories Div Pfizer Inc","60793-857","levothyroxine sodium","LEVOTHYROXINE SODIUM","HUMAN PRESCRIPTION DRUG","05/25/2001","N/A","NDA","100 TABLET in 1 BOTTLE (60793-857-01)","Thyroxine [CS],  l-Thyroxine [EPC]","N/A","No","12/31/2026"
"LEVOXYL","60793-857-10","137 ug/1","TABLET","ORAL","NDA021301","Pfizer Laboratories Div Pfizer Inc","60793-857","levothyroxine sodium","LEVOTHYROXINE SODIUM","HUMAN PRESCRIPTION DRUG","05/25/2001","N/A","NDA","1000 TABLET in 1 BOTTLE (60793-857-10)","Thyroxine [CS],  l-Thyroxine [EPC]","N/A","No","12/31/2026"
"levothyroxine sodium","71335-1512-1","150 ug/1","TABLET","ORAL","NDA021116","Bryant Ranch Prepack","71335-1512","levothyroxine sodium","LEVOTHYROXINE SODIUM","HUMAN PRESCRIPTION DRUG","02/18/2020","N/A","NDA","30 TABLET in 1 BOTTLE (71335-1512-1)","Thyroxine [CS],  l-Thyroxine [EPC]","N/A","No","12/31/2026"
"levothyroxine sodium","71335-1512-2","150 ug/1","TABLET","ORAL","NDA021116","Bryant Ranch Prepack","71335-1512","levothyroxine sodium","LEVOTHYROXINE SODIUM","HUMAN PRESCRIPTION DRUG","02/18/2020","N/A","NDA","100 TABLET in 1 BOTTLE (71335-1512-2)","Thyroxine [CS],  l-Thyroxine [EPC]","N/A","No","12/31/2026"
"levothyroxine sodium","71335-1512-3","150 ug/1","TABLET","ORAL","NDA021116","Bryant Ranch Prepack","71335-1512","levothyroxine sodium","LEVOTHYROXINE SODIUM","HUMAN PRESCRIPTION DRUG","02/18/2020","N/A","NDA","90 TABLET in 1 BOTTLE (71335-1512-3)","Thyroxine [CS],  l-Thyroxine [EPC]","N/A","No","12/31/2026"
"levothyroxine sodium","71335-1512-4","150 ug/1","TABLET","ORAL","NDA021116","Bryant Ranch Prepack","71335-1512","levothyroxine sodium","LEVOTHYROXINE SODIUM","HUMAN PRESCRIPTION DRUG","02/18/2020","N/A","NDA","60 TABLET in 1 BOTTLE (71335-1512-4)","Thyroxine [CS],  l-Thyroxine [EPC]","N/A","No","12/31/2026"
"Levothyroxine Sodium","82347-0020-4","75 ug/1","CAPSULE","ORAL","NDA021924","YARAL Pharma Inc.","82347-0020","levothyroxine sodium","LEVOTHYROXINE SODIUM","HUMAN PRESCRIPTION DRUG","03/01/2023","N/A","NDA AUTHORIZED GENERIC","3 BLISTER PACK in 1 CARTON (82347-0020-4)  / 10 CAPSULE in 1 BLISTER PACK","Thyroxine [CS],  l-Thyroxine [EPC]","N/A","No","12/31/2027"
"LEVOTHYROXINE SODIUM","31722-294-01",".2 mg/1","TABLET","ORAL","ANDA215259","Camber Pharmaceuticals, Inc.","31722-294","levothyroxine sodium","LEVOTHYROXINE SODIUM","HUMAN PRESCRIPTION DRUG","01/18/2023","N/A","ANDA","100 TABLET in 1 BOTTLE (31722-294-01)","Thyroxine [CS],  l-Thyroxine [EPC]","N/A","No","12/31/2026"
"LEVOTHYROXINE SODIUM","31722-294-10",".2 mg/1","TABLET","ORAL","ANDA215259","Camber Pharmaceuticals, Inc.","31722-294","levothyroxine sodium","LEVOTHYROXINE SODIUM","HUMAN PRESCRIPTION DRUG","01/18/2023","N/A","ANDA","1000 TABLET in 1 BOTTLE (31722-294-10)","Thyroxine [CS],  l-Thyroxine [EPC]","N/A","No","12/31/2026"
"LEVOTHYROXINE SODIUM","31722-294-30",".2 mg/1","TABLET","ORAL","ANDA215259","Camber Pharmaceuticals, Inc.","31722-294","levothyroxine sodium","LEVOTHYROXINE SODIUM","HUMAN PRESCRIPTION DRUG","01/18/2023","N/A","ANDA","30 TABLET in 1 BOTTLE (31722-294-30)","Thyroxine [CS],  l-Thyroxine [EPC]","N/A","No","12/31/2026"
"LEVOTHYROXINE SODIUM","31722-294-90",".2 mg/1","TABLET","ORAL","ANDA215259","Camber Pharmaceuticals, Inc.","31722-294","levothyroxine sodium","LEVOTHYROXINE SODIUM","HUMAN PRESCRIPTION DRUG","01/18/2023","N/A","ANDA","90 TABLET in 1 BOTTLE (31722-294-90)","Thyroxine [CS],  l-Thyroxine [EPC]","N/A","No","12/31/2026"
"Levothyroxine Sodium","60687-552-01",".2 mg/1","TABLET","ORAL","ANDA209713","American Health Packaging","60687-552","Levothyroxine Sodium","LEVOTHYROXINE SODIUM","HUMAN PRESCRIPTION DRUG","01/05/2021","N/A","ANDA","100 BLISTER PACK in 1 BOX, UNIT-DOSE (60687-552-01)  / 1 TABLET in 1 BLISTER PACK (60687-552-11)","Thyroxine [CS],  l-Thyroxine [EPC]","N/A","No","12/31/2026"
"LEVOXYL","60793-854-01","100 ug/1","TABLET","ORAL","NDA021301","Pfizer Laboratories Div Pfizer Inc","60793-854","levothyroxine sodium","LEVOTHYROXINE SODIUM","HUMAN PRESCRIPTION DRUG","05/25/2001","N/A","NDA","100 TABLET in 1 BOTTLE (60793-854-01)","Thyroxine [CS],  l-Thyroxine [EPC]","N/A","No","12/31/2026"
"LEVOXYL","60793-854-10","100 ug/1","TABLET","ORAL","NDA021301","Pfizer Laboratories Div Pfizer Inc","60793-854","levothyroxine sodium","LEVOTHYROXINE SODIUM","HUMAN PRESCRIPTION DRUG","05/25/2001","N/A","NDA","1000 TABLET in 1 BOTTLE (60793-854-10)","Thyroxine [CS],  l-Thyroxine [EPC]","N/A","No","12/31/2026"
"Levothyroxine Sodium","82347-0005-4","13 ug/1","CAPSULE","ORAL","NDA021924","YARAL Pharma Inc.","82347-0005","levothyroxine sodium","LEVOTHYROXINE SODIUM","HUMAN PRESCRIPTION DRUG","03/01/2023","N/A","NDA AUTHORIZED GENERIC","3 BLISTER PACK in 1 CARTON (82347-0005-4)  / 10 CAPSULE in 1 BLISTER PACK","Thyroxine [CS],  l-Thyroxine [EPC]","N/A","No","12/31/2027"
"LEVOTHYROXINE SODIUM","31722-291-01",".137 mg/1","TABLET","ORAL","ANDA215259","Camber Pharmaceuticals, Inc.","31722-291","levothyroxine sodium","LEVOTHYROXINE SODIUM","HUMAN PRESCRIPTION DRUG","01/18/2023","N/A","ANDA","100 TABLET in 1 BOTTLE (31722-291-01)","Thyroxine [CS],  l-Thyroxine [EPC]","N/A","No","12/31/2026"
"LEVOTHYROXINE SODIUM","31722-291-10",".137 mg/1","TABLET","ORAL","ANDA215259","Camber Pharmaceuticals, Inc.","31722-291","levothyroxine sodium","LEVOTHYROXINE SODIUM","HUMAN PRESCRIPTION DRUG","01/18/2023","N/A","ANDA","1000 TABLET in 1 BOTTLE (31722-291-10)","Thyroxine [CS],  l-Thyroxine [EPC]","N/A","No","12/31/2026"
"LEVOTHYROXINE SODIUM","31722-291-30",".137 mg/1","TABLET","ORAL","ANDA215259","Camber Pharmaceuticals, Inc.","31722-291","levothyroxine sodium","LEVOTHYROXINE SODIUM","HUMAN PRESCRIPTION DRUG","01/18/2023","N/A","ANDA","30 TABLET in 1 BOTTLE (31722-291-30)","Thyroxine [CS],  l-Thyroxine [EPC]","N/A","No","12/31/2026"
"LEVOTHYROXINE SODIUM","31722-291-90",".137 mg/1","TABLET","ORAL","ANDA215259","Camber Pharmaceuticals, Inc.","31722-291","levothyroxine sodium","LEVOTHYROXINE SODIUM","HUMAN PRESCRIPTION DRUG","01/18/2023","N/A","ANDA","90 TABLET in 1 BOTTLE (31722-291-90)","Thyroxine [CS],  l-Thyroxine [EPC]","N/A","No","12/31/2026"
"LEVOTHYROXINE SODIUM","50090-7909-0","25 ug/1","TABLET","ORAL","ANDA211417","A-S Medication Solutions","50090-7909","LEVOTHYROXINE SODIUM","LEVOTHYROXINE SODIUM","HUMAN PRESCRIPTION DRUG","02/18/2026","N/A","ANDA","30 TABLET in 1 BOTTLE (50090-7909-0)","Thyroxine [CS],  l-Thyroxine [EPC]","N/A","No","12/31/2027"
"LEVOTHYROXINE SODIUM","50090-7909-1","25 ug/1","TABLET","ORAL","ANDA211417","A-S Medication Solutions","50090-7909","LEVOTHYROXINE SODIUM","LEVOTHYROXINE SODIUM","HUMAN PRESCRIPTION DRUG","02/18/2026","N/A","ANDA","90 TABLET in 1 BOTTLE (50090-7909-1)","Thyroxine [CS],  l-Thyroxine [EPC]","N/A","No","12/31/2027"
"LEVOXYL","60793-855-01","112 ug/1","TABLET","ORAL","NDA021301","Pfizer Laboratories Div Pfizer Inc","60793-855","levothyroxine sodium","LEVOTHYROXINE SODIUM","HUMAN PRESCRIPTION DRUG","05/25/2001","N/A","NDA","100 TABLET in 1 BOTTLE (60793-855-01)","Thyroxine [CS],  l-Thyroxine [EPC]","N/A","No","12/31/2026"
"LEVOXYL","60793-855-10","112 ug/1","TABLET","ORAL","NDA021301","Pfizer Laboratories Div Pfizer Inc","60793-855","levothyroxine sodium","LEVOTHYROXINE SODIUM","HUMAN PRESCRIPTION DRUG","05/25/2001","N/A","NDA","1000 TABLET in 1 BOTTLE (60793-855-10)","Thyroxine [CS],  l-Thyroxine [EPC]","N/A","No","12/31/2026"
"Levothyroxine Sodium","82347-0010-4","25 ug/1","CAPSULE","ORAL","NDA021924","YARAL Pharma Inc.","82347-0010","levothyroxine sodium","LEVOTHYROXINE SODIUM","HUMAN PRESCRIPTION DRUG","03/01/2023","N/A","NDA AUTHORIZED GENERIC","3 BLISTER PACK in 1 CARTON (82347-0010-4)  / 10 CAPSULE in 1 BLISTER PACK","Thyroxine [CS],  l-Thyroxine [EPC]","N/A","No","12/31/2027"
"LEVOTHYROXINE SODIUM","31722-292-01",".15 mg/1","TABLET","ORAL","ANDA215259","Camber Pharmaceuticals, Inc.","31722-292","levothyroxine sodium","LEVOTHYROXINE SODIUM","HUMAN PRESCRIPTION DRUG","01/18/2023","N/A","ANDA","100 TABLET in 1 BOTTLE (31722-292-01)","Thyroxine [CS],  l-Thyroxine [EPC]","N/A","No","12/31/2026"
"LEVOTHYROXINE SODIUM","31722-292-10",".15 mg/1","TABLET","ORAL","ANDA215259","Camber Pharmaceuticals, Inc.","31722-292","levothyroxine sodium","LEVOTHYROXINE SODIUM","HUMAN PRESCRIPTION DRUG","01/18/2023","N/A","ANDA","1000 TABLET in 1 BOTTLE (31722-292-10)","Thyroxine [CS],  l-Thyroxine [EPC]","N/A","No","12/31/2026"
"LEVOTHYROXINE SODIUM","31722-292-30",".15 mg/1","TABLET","ORAL","ANDA215259","Camber Pharmaceuticals, Inc.","31722-292","levothyroxine sodium","LEVOTHYROXINE SODIUM","HUMAN PRESCRIPTION DRUG","01/18/2023","N/A","ANDA","30 TABLET in 1 BOTTLE (31722-292-30)","Thyroxine [CS],  l-Thyroxine [EPC]","N/A","No","12/31/2026"
"LEVOTHYROXINE SODIUM","31722-292-90",".15 mg/1","TABLET","ORAL","ANDA215259","Camber Pharmaceuticals, Inc.","31722-292","levothyroxine sodium","LEVOTHYROXINE SODIUM","HUMAN PRESCRIPTION DRUG","01/18/2023","N/A","ANDA","90 TABLET in 1 BOTTLE (31722-292-90)","Thyroxine [CS],  l-Thyroxine [EPC]","N/A","No","12/31/2026"
"LEVOTHYROXINE SODIUM","50090-7910-0","25 ug/1","TABLET","ORAL","ANDA211417","A-S Medication Solutions","50090-7910","LEVOTHYROXINE SODIUM","LEVOTHYROXINE SODIUM","HUMAN PRESCRIPTION DRUG","02/18/2026","N/A","ANDA","90 TABLET in 1 BOTTLE (50090-7910-0)","Thyroxine [CS],  l-Thyroxine [EPC]","N/A","No","12/31/2027"
"LEVOXYL","60793-856-01","125 ug/1","TABLET","ORAL","NDA021301","Pfizer Laboratories Div Pfizer Inc","60793-856","levothyroxine sodium","LEVOTHYROXINE SODIUM","HUMAN PRESCRIPTION DRUG","05/25/2001","N/A","NDA","100 TABLET in 1 BOTTLE (60793-856-01)","Thyroxine [CS],  l-Thyroxine [EPC]","N/A","No","12/31/2026"
"LEVOXYL","60793-856-10","125 ug/1","TABLET","ORAL","NDA021301","Pfizer Laboratories Div Pfizer Inc","60793-856","levothyroxine sodium","LEVOTHYROXINE SODIUM","HUMAN PRESCRIPTION DRUG","05/25/2001","N/A","NDA","1000 TABLET in 1 BOTTLE (60793-856-10)","Thyroxine [CS],  l-Thyroxine [EPC]","N/A","No","12/31/2026"
"Levothyroxine Sodium","82347-0015-4","50 ug/1","CAPSULE","ORAL","NDA021924","YARAL Pharma Inc.","82347-0015","levothyroxine sodium","LEVOTHYROXINE SODIUM","HUMAN PRESCRIPTION DRUG","03/01/2023","N/A","NDA AUTHORIZED GENERIC","3 BLISTER PACK in 1 CARTON (82347-0015-4)  / 10 CAPSULE in 1 BLISTER PACK","Thyroxine [CS],  l-Thyroxine [EPC]","N/A","No","12/31/2027"
"LEVOTHYROXINE SODIUM","31722-293-01",".175 mg/1","TABLET","ORAL","ANDA215259","Camber Pharmaceuticals, Inc.","31722-293","levothyroxine sodium","LEVOTHYROXINE SODIUM","HUMAN PRESCRIPTION DRUG","01/18/2023","N/A","ANDA","100 TABLET in 1 BOTTLE (31722-293-01)","Thyroxine [CS],  l-Thyroxine [EPC]","N/A","No","12/31/2026"
"LEVOTHYROXINE SODIUM","31722-293-10",".175 mg/1","TABLET","ORAL","ANDA215259","Camber Pharmaceuticals, Inc.","31722-293","levothyroxine sodium","LEVOTHYROXINE SODIUM","HUMAN PRESCRIPTION DRUG","01/18/2023","N/A","ANDA","1000 TABLET in 1 BOTTLE (31722-293-10)","Thyroxine [CS],  l-Thyroxine [EPC]","N/A","No","12/31/2026"
"LEVOTHYROXINE SODIUM","31722-293-30",".175 mg/1","TABLET","ORAL","ANDA215259","Camber Pharmaceuticals, Inc.","31722-293","levothyroxine sodium","LEVOTHYROXINE SODIUM","HUMAN PRESCRIPTION DRUG","01/18/2023","N/A","ANDA","30 TABLET in 1 BOTTLE (31722-293-30)","Thyroxine [CS],  l-Thyroxine [EPC]","N/A","No","12/31/2026"
"LEVOTHYROXINE SODIUM","31722-293-90",".175 mg/1","TABLET","ORAL","ANDA215259","Camber Pharmaceuticals, Inc.","31722-293","levothyroxine sodium","LEVOTHYROXINE SODIUM","HUMAN PRESCRIPTION DRUG","01/18/2023","N/A","ANDA","90 TABLET in 1 BOTTLE (31722-293-90)","Thyroxine [CS],  l-Thyroxine [EPC]","N/A","No","12/31/2026"
"LEVOXYL","60793-860-01","200 ug/1","TABLET","ORAL","NDA021301","Pfizer Laboratories Div Pfizer Inc","60793-860","levothyroxine sodium","LEVOTHYROXINE SODIUM","HUMAN PRESCRIPTION DRUG","05/25/2001","N/A","NDA","100 TABLET in 1 BOTTLE (60793-860-01)","Thyroxine [CS],  l-Thyroxine [EPC]","N/A","No","12/31/2026"
"LEVOXYL","60793-860-10","200 ug/1","TABLET","ORAL","NDA021301","Pfizer Laboratories Div Pfizer Inc","60793-860","levothyroxine sodium","LEVOTHYROXINE SODIUM","HUMAN PRESCRIPTION DRUG","05/25/2001","N/A","NDA","1000 TABLET in 1 BOTTLE (60793-860-10)","Thyroxine [CS],  l-Thyroxine [EPC]","N/A","No","12/31/2026"
"Levothyroxine Sodium","51655-513-52",".137 mg/1","TABLET","ORAL","NDA021210","Northwind Health Company, LLC","51655-513","Levothyroxine Sodium","LEVOTHYROXINE SODIUM","HUMAN PRESCRIPTION DRUG","01/20/2021","N/A","NDA","30 TABLET in 1 BOTTLE, PLASTIC (51655-513-52)","Thyroxine [CS],  l-Thyroxine [EPC]","N/A","No","12/31/2027"
"Levothyroxine Sodium","51655-997-52",".112 mg/1","TABLET","ORAL","ANDA209713","Northwind Health Company, LLC","51655-997","Levothyroxine Sodium","LEVOTHYROXINE SODIUM","HUMAN PRESCRIPTION DRUG","06/24/2022","N/A","ANDA","30 TABLET in 1 BOTTLE, PLASTIC (51655-997-52)","Thyroxine [CS],  l-Thyroxine [EPC]","N/A","No","12/31/2027"
"LEVOXYL","60793-858-01","150 ug/1","TABLET","ORAL","NDA021301","Pfizer Laboratories Div Pfizer Inc","60793-858","levothyroxine sodium","LEVOTHYROXINE SODIUM","HUMAN PRESCRIPTION DRUG","05/25/2001","N/A","NDA","100 TABLET in 1 BOTTLE (60793-858-01)","Thyroxine [CS],  l-Thyroxine [EPC]","N/A","No","12/31/2026"
"LEVOXYL","60793-858-10","150 ug/1","TABLET","ORAL","NDA021301","Pfizer Laboratories Div Pfizer Inc","60793-858","levothyroxine sodium","LEVOTHYROXINE SODIUM","HUMAN PRESCRIPTION DRUG","05/25/2001","N/A","NDA","1000 TABLET in 1 BOTTLE (60793-858-10)","Thyroxine [CS],  l-Thyroxine [EPC]","N/A","No","12/31/2026"
"Levothyroxine Sodium","82347-0025-4","88 ug/1","CAPSULE","ORAL","NDA021924","YARAL Pharma Inc.","82347-0025","levothyroxine sodium","LEVOTHYROXINE SODIUM","HUMAN PRESCRIPTION DRUG","03/01/2023","N/A","NDA AUTHORIZED GENERIC","3 BLISTER PACK in 1 CARTON (82347-0025-4)  / 10 CAPSULE in 1 BLISTER PACK","Thyroxine [CS],  l-Thyroxine [EPC]","N/A","No","12/31/2027"
"LEVOTHYROXINE SODIUM","31722-295-01",".3 mg/1","TABLET","ORAL","ANDA215259","Camber Pharmaceuticals, Inc.","31722-295","levothyroxine sodium","LEVOTHYROXINE SODIUM","HUMAN PRESCRIPTION DRUG","01/18/2023","N/A","ANDA","100 TABLET in 1 BOTTLE (31722-295-01)","Thyroxine [CS],  l-Thyroxine [EPC]","N/A","No","12/31/2026"
"LEVOTHYROXINE SODIUM","31722-295-10",".3 mg/1","TABLET","ORAL","ANDA215259","Camber Pharmaceuticals, Inc.","31722-295","levothyroxine sodium","LEVOTHYROXINE SODIUM","HUMAN PRESCRIPTION DRUG","01/18/2023","N/A","ANDA","1000 TABLET in 1 BOTTLE (31722-295-10)","Thyroxine [CS],  l-Thyroxine [EPC]","N/A","No","12/31/2026"
"LEVOTHYROXINE SODIUM","31722-295-30",".3 mg/1","TABLET","ORAL","ANDA215259","Camber Pharmaceuticals, Inc.","31722-295","levothyroxine sodium","LEVOTHYROXINE SODIUM","HUMAN PRESCRIPTION DRUG","01/18/2023","N/A","ANDA","30 TABLET in 1 BOTTLE (31722-295-30)","Thyroxine [CS],  l-Thyroxine [EPC]","N/A","No","12/31/2026"
"LEVOTHYROXINE SODIUM","31722-295-90",".3 mg/1","TABLET","ORAL","ANDA215259","Camber Pharmaceuticals, Inc.","31722-295","levothyroxine sodium","LEVOTHYROXINE SODIUM","HUMAN PRESCRIPTION DRUG","01/18/2023","N/A","ANDA","90 TABLET in 1 BOTTLE (31722-295-90)","Thyroxine [CS],  l-Thyroxine [EPC]","N/A","No","12/31/2026"
"LEVOXYL","60793-859-01","175 ug/1","TABLET","ORAL","NDA021301","Pfizer Laboratories Div Pfizer Inc","60793-859","levothyroxine sodium","LEVOTHYROXINE SODIUM","HUMAN PRESCRIPTION DRUG","05/25/2001","N/A","NDA","100 TABLET in 1 BOTTLE (60793-859-01)","Thyroxine [CS],  l-Thyroxine [EPC]","N/A","No","12/31/2026"
"LEVOXYL","60793-859-10","175 ug/1","TABLET","ORAL","NDA021301","Pfizer Laboratories Div Pfizer Inc","60793-859","levothyroxine sodium","LEVOTHYROXINE SODIUM","HUMAN PRESCRIPTION DRUG","05/25/2001","N/A","NDA","1000 TABLET in 1 BOTTLE (60793-859-10)","Thyroxine [CS],  l-Thyroxine [EPC]","N/A","No","12/31/2026"
"Levothyroxine Sodium","82347-0030-4","100 ug/1","CAPSULE","ORAL","NDA021924","YARAL Pharma Inc.","82347-0030","levothyroxine sodium","LEVOTHYROXINE SODIUM","HUMAN PRESCRIPTION DRUG","03/01/2023","N/A","NDA AUTHORIZED GENERIC","3 BLISTER PACK in 1 CARTON (82347-0030-4)  / 10 CAPSULE in 1 BLISTER PACK","Thyroxine [CS],  l-Thyroxine [EPC]","N/A","No","12/31/2027"
"Levothyroxine Sodium","67046-0387-3",".2 mg/1","TABLET","ORAL","ANDA209713","Coupler LLC","67046-0387","Levothyroxine Sodium","LEVOTHYROXINE SODIUM","HUMAN PRESCRIPTION DRUG","06/15/2026","N/A","ANDA","30 TABLET in 1 BLISTER PACK (67046-0387-3)","Thyroxine [CS],  l-Thyroxine [EPC]","N/A","No","12/31/2027"
"Levothyroxine Sodium","60687-563-01",".137 mg/1","TABLET","ORAL","ANDA209713","American Health Packaging","60687-563","Levothyroxine Sodium","LEVOTHYROXINE SODIUM","HUMAN PRESCRIPTION DRUG","03/25/2020","N/A","ANDA","100 BLISTER PACK in 1 BOX (60687-563-01)  / 1 TABLET in 1 BLISTER PACK (60687-563-11)","Thyroxine [CS],  l-Thyroxine [EPC]","N/A","No","12/31/2026"
"LEVOTHYROXINE SODIUM","50090-7649-0","100 ug/1","TABLET","ORAL","ANDA211417","A-S Medication Solutions","50090-7649","LEVOTHYROXINE SODIUM","LEVOTHYROXINE SODIUM","HUMAN PRESCRIPTION DRUG","09/03/2025","N/A","ANDA","90 TABLET in 1 BOTTLE (50090-7649-0)","Thyroxine [CS],  l-Thyroxine [EPC]","N/A","No","12/31/2026"
"Levothyroxine Sodium","82347-0050-4","150 ug/1","CAPSULE","ORAL","NDA021924","YARAL Pharma Inc.","82347-0050","levothyroxine sodium","LEVOTHYROXINE SODIUM","HUMAN PRESCRIPTION DRUG","03/01/2023","N/A","NDA AUTHORIZED GENERIC","3 BLISTER PACK in 1 CARTON (82347-0050-4)  / 10 CAPSULE in 1 BLISTER PACK","Thyroxine [CS],  l-Thyroxine [EPC]","N/A","No","12/31/2027"
"Levothyroxine Sodium","82347-0035-4","112 ug/1","CAPSULE","ORAL","NDA021924","YARAL Pharma Inc.","82347-0035","levothyroxine sodium","LEVOTHYROXINE SODIUM","HUMAN PRESCRIPTION DRUG","03/01/2023","N/A","NDA AUTHORIZED GENERIC","3 BLISTER PACK in 1 CARTON (82347-0035-4)  / 10 CAPSULE in 1 BLISTER PACK","Thyroxine [CS],  l-Thyroxine [EPC]","N/A","No","12/31/2027"
"Levothyroxine Sodium","82347-0040-4","125 ug/1","CAPSULE","ORAL","NDA021924","YARAL Pharma Inc.","82347-0040","levothyroxine sodium","LEVOTHYROXINE SODIUM","HUMAN PRESCRIPTION DRUG","03/01/2023","N/A","NDA AUTHORIZED GENERIC","3 BLISTER PACK in 1 CARTON (82347-0040-4)  / 10 CAPSULE in 1 BLISTER PACK","Thyroxine [CS],  l-Thyroxine [EPC]","N/A","No","12/31/2027"
"LEVOTHYROXINE SODIUM","68788-4005-3","50 ug/1","TABLET","ORAL","ANDA211417","Preferred Pharmaceuticals Inc.","68788-4005","LEVOTHYROXINE SODIUM","LEVOTHYROXINE SODIUM","HUMAN PRESCRIPTION DRUG","08/01/2025","N/A","ANDA","30 TABLET in 1 BOTTLE (68788-4005-3)","Thyroxine [CS],  l-Thyroxine [EPC]","N/A","No","12/31/2026"
"LEVOTHYROXINE SODIUM","68788-4005-9","50 ug/1","TABLET","ORAL","ANDA211417","Preferred Pharmaceuticals Inc.","68788-4005","LEVOTHYROXINE SODIUM","LEVOTHYROXINE SODIUM","HUMAN PRESCRIPTION DRUG","08/01/2025","N/A","ANDA","90 TABLET in 1 BOTTLE (68788-4005-9)","Thyroxine [CS],  l-Thyroxine [EPC]","N/A","No","12/31/2026"
"LEVOTHYROXINE SODIUM","50090-7648-0","100 ug/1","TABLET","ORAL","ANDA211417","A-S Medication Solutions","50090-7648","LEVOTHYROXINE SODIUM","LEVOTHYROXINE SODIUM","HUMAN PRESCRIPTION DRUG","09/03/2025","N/A","ANDA","30 TABLET in 1 BOTTLE (50090-7648-0)","Thyroxine [CS],  l-Thyroxine [EPC]","N/A","No","12/31/2026"
"LEVOTHYROXINE SODIUM","50090-7648-1","100 ug/1","TABLET","ORAL","ANDA211417","A-S Medication Solutions","50090-7648","LEVOTHYROXINE SODIUM","LEVOTHYROXINE SODIUM","HUMAN PRESCRIPTION DRUG","09/03/2025","N/A","ANDA","90 TABLET in 1 BOTTLE (50090-7648-1)","Thyroxine [CS],  l-Thyroxine [EPC]","N/A","No","12/31/2026"
"Levothyroxine Sodium","82347-0045-4","137 ug/1","CAPSULE","ORAL","NDA021924","YARAL Pharma Inc.","82347-0045","levothyroxine sodium","LEVOTHYROXINE SODIUM","HUMAN PRESCRIPTION DRUG","03/01/2023","N/A","NDA AUTHORIZED GENERIC","3 BLISTER PACK in 1 CARTON (82347-0045-4)  / 10 CAPSULE in 1 BLISTER PACK","Thyroxine [CS],  l-Thyroxine [EPC]","N/A","No","12/31/2027"
"Levothyroxine sodium","70518-3274-0","75 ug/1","TABLET","ORAL","ANDA212399","REMEDYREPACK INC.","70518-3274","Levothyroxine Sodium","LEVOTHYROXINE SODIUM","HUMAN PRESCRIPTION DRUG","11/23/2021","N/A","ANDA","90 TABLET in 1 BOTTLE (70518-3274-0)","Thyroxine [CS],  l-Thyroxine [EPC]","N/A","No","12/31/2027"
"Levothyroxine Sodium","51655-528-52",".175 mg/1","TABLET","ORAL","ANDA209713","Northwind Health Company, LLC","51655-528","Levothyroxine Sodium","LEVOTHYROXINE SODIUM","HUMAN PRESCRIPTION DRUG","01/20/2021","N/A","ANDA","30 TABLET in 1 BOTTLE, PLASTIC (51655-528-52)","Thyroxine [CS],  l-Thyroxine [EPC]","N/A","No","12/31/2027"
"Levothyroxine Sodium","82347-0055-4","175 ug/1","CAPSULE","ORAL","NDA021924","YARAL Pharma Inc.","82347-0055","levothyroxine sodium","LEVOTHYROXINE SODIUM","HUMAN PRESCRIPTION DRUG","03/01/2023","N/A","NDA AUTHORIZED GENERIC","3 BLISTER PACK in 1 CARTON (82347-0055-4)  / 10 CAPSULE in 1 BLISTER PACK","Thyroxine [CS],  l-Thyroxine [EPC]","N/A","No","12/31/2027"
"Levothyroxine Sodium","82347-0060-4","200 ug/1","CAPSULE","ORAL","NDA021924","YARAL Pharma Inc.","82347-0060","levothyroxine sodium","LEVOTHYROXINE SODIUM","HUMAN PRESCRIPTION DRUG","03/01/2023","N/A","NDA AUTHORIZED GENERIC","3 BLISTER PACK in 1 CARTON (82347-0060-4)  / 10 CAPSULE in 1 BLISTER PACK","Thyroxine [CS],  l-Thyroxine [EPC]","N/A","No","12/31/2027"
"Levothyroxine Sodium","0378-1813-10","125 ug/1","TABLET","ORAL","ANDA076187","Mylan Pharmaceuticals Inc.","0378-1813","levothyroxine sodium","LEVOTHYROXINE SODIUM","HUMAN PRESCRIPTION DRUG","11/01/2002","N/A","ANDA","1000 TABLET in 1 BOTTLE, PLASTIC (0378-1813-10)","Thyroxine [CS],  l-Thyroxine [EPC]","N/A","No","12/31/2026"
"Levothyroxine Sodium","0378-1813-77","125 ug/1","TABLET","ORAL","ANDA076187","Mylan Pharmaceuticals Inc.","0378-1813","levothyroxine sodium","LEVOTHYROXINE SODIUM","HUMAN PRESCRIPTION DRUG","05/27/2016","N/A","ANDA","90 TABLET in 1 BOTTLE, PLASTIC (0378-1813-77)","Thyroxine [CS],  l-Thyroxine [EPC]","N/A","No","12/31/2026"
"levothyroxine sodium","71335-1528-1","137 ug/1","TABLET","ORAL","NDA021116","Bryant Ranch Prepack","71335-1528","levothyroxine sodium","LEVOTHYROXINE SODIUM","HUMAN PRESCRIPTION DRUG","03/05/2020","N/A","NDA","30 TABLET in 1 BOTTLE (71335-1528-1)","Thyroxine [CS],  l-Thyroxine [EPC]","N/A","No","12/31/2026"
"levothyroxine sodium","71335-1528-2","137 ug/1","TABLET","ORAL","NDA021116","Bryant Ranch Prepack","71335-1528","levothyroxine sodium","LEVOTHYROXINE SODIUM","HUMAN PRESCRIPTION DRUG","03/05/2020","N/A","NDA","100 TABLET in 1 BOTTLE (71335-1528-2)","Thyroxine [CS],  l-Thyroxine [EPC]","N/A","No","12/31/2026"
"levothyroxine sodium","71335-1528-3","137 ug/1","TABLET","ORAL","NDA021116","Bryant Ranch Prepack","71335-1528","levothyroxine sodium","LEVOTHYROXINE SODIUM","HUMAN PRESCRIPTION DRUG","03/05/2020","N/A","NDA","90 TABLET in 1 BOTTLE (71335-1528-3)","Thyroxine [CS],  l-Thyroxine [EPC]","N/A","No","12/31/2026"
"levothyroxine sodium","71335-1528-4","137 ug/1","TABLET","ORAL","NDA021116","Bryant Ranch Prepack","71335-1528","levothyroxine sodium","LEVOTHYROXINE SODIUM","HUMAN PRESCRIPTION DRUG","03/05/2020","N/A","NDA","28 TABLET in 1 BOTTLE (71335-1528-4)","Thyroxine [CS],  l-Thyroxine [EPC]","N/A","No","12/31/2026"
"levothyroxine sodium","71335-1528-5","137 ug/1","TABLET","ORAL","NDA021116","Bryant Ranch Prepack","71335-1528","levothyroxine sodium","LEVOTHYROXINE SODIUM","HUMAN PRESCRIPTION DRUG","03/05/2020","N/A","NDA","60 TABLET in 1 BOTTLE (71335-1528-5)","Thyroxine [CS],  l-Thyroxine [EPC]","N/A","No","12/31/2026"
"LEVOTHYROXINE SODIUM","72189-155-30","50 ug/1","TABLET","ORAL","NDA021116","DIRECT RX","72189-155","LEVOTHYROXINE SODIUM","LEVOTHYROXINE SODIUM","HUMAN PRESCRIPTION DRUG","12/01/2020","N/A","NDA","30 TABLET in 1 BOTTLE (72189-155-30)","Thyroxine [CS],  l-Thyroxine [EPC]","N/A","No","12/31/2026"
"LEVOTHYROXINE SODIUM","72189-155-90","50 ug/1","TABLET","ORAL","NDA021116","DIRECT RX","72189-155","LEVOTHYROXINE SODIUM","LEVOTHYROXINE SODIUM","HUMAN PRESCRIPTION DRUG","12/01/2020","N/A","NDA","90 TABLET in 1 BOTTLE (72189-155-90)","Thyroxine [CS],  l-Thyroxine [EPC]","N/A","No","12/31/2026"
"Levothyroxine Sodium","51655-529-52","88 ug/1","TABLET","ORAL","ANDA076187","Northwind Health Company, LLC","51655-529","levothyroxine sodium","LEVOTHYROXINE SODIUM","HUMAN PRESCRIPTION DRUG","01/21/2021","N/A","ANDA","30 TABLET in 1 BOTTLE, PLASTIC (51655-529-52)","Thyroxine [CS],  l-Thyroxine [EPC]","N/A","No","12/31/2027"
"Levothyroxine Sodium","51655-532-52","50 ug/1","TABLET","ORAL","NDA021342","Northwind Health Company, LLC","51655-532","Levothyroxine Sodium","LEVOTHYROXINE SODIUM","HUMAN PRESCRIPTION DRUG","12/21/2022","N/A","NDA AUTHORIZED GENERIC","30 TABLET in 1 BOTTLE, PLASTIC (51655-532-52)","Thyroxine [CS],  l-Thyroxine [EPC]","N/A","No","12/31/2027"
"Levothyroxine sodium","71335-9617-1","50 ug/1","TABLET","ORAL","ANDA212399","Bryant Ranch Prepack","71335-9617","Levothyroxine Sodium","LEVOTHYROXINE SODIUM","HUMAN PRESCRIPTION DRUG","03/14/2023","N/A","ANDA","30 TABLET in 1 BOTTLE (71335-9617-1)","Thyroxine [CS],  l-Thyroxine [EPC]","N/A","No","12/31/2027"
"Levothyroxine sodium","71335-9617-2","50 ug/1","TABLET","ORAL","ANDA212399","Bryant Ranch Prepack","71335-9617","Levothyroxine Sodium","LEVOTHYROXINE SODIUM","HUMAN PRESCRIPTION DRUG","02/28/2023","N/A","ANDA","90 TABLET in 1 BOTTLE (71335-9617-2)","Thyroxine [CS],  l-Thyroxine [EPC]","N/A","No","12/31/2027"
"Levothyroxine sodium","71335-9617-3","50 ug/1","TABLET","ORAL","ANDA212399","Bryant Ranch Prepack","71335-9617","Levothyroxine Sodium","LEVOTHYROXINE SODIUM","HUMAN PRESCRIPTION DRUG","04/15/2026","N/A","ANDA","100 TABLET in 1 BOTTLE (71335-9617-3)","Thyroxine [CS],  l-Thyroxine [EPC]","N/A","No","12/31/2027"
"Levothyroxine sodium","71335-9617-4","50 ug/1","TABLET","ORAL","ANDA212399","Bryant Ranch Prepack","71335-9617","Levothyroxine Sodium","LEVOTHYROXINE SODIUM","HUMAN PRESCRIPTION DRUG","04/15/2026","N/A","ANDA","7 TABLET in 1 BOTTLE (71335-9617-4)","Thyroxine [CS],  l-Thyroxine [EPC]","N/A","No","12/31/2027"
"Levothyroxine sodium","71335-9617-5","50 ug/1","TABLET","ORAL","ANDA212399","Bryant Ranch Prepack","71335-9617","Levothyroxine Sodium","LEVOTHYROXINE SODIUM","HUMAN PRESCRIPTION DRUG","04/15/2026","N/A","ANDA","14 TABLET in 1 BOTTLE (71335-9617-5)","Thyroxine [CS],  l-Thyroxine [EPC]","N/A","No","12/31/2027"
"Levothyroxine sodium","71335-9617-6","50 ug/1","TABLET","ORAL","ANDA212399","Bryant Ranch Prepack","71335-9617","Levothyroxine Sodium","LEVOTHYROXINE SODIUM","HUMAN PRESCRIPTION DRUG","04/15/2026","N/A","ANDA","60 TABLET in 1 BOTTLE (71335-9617-6)","Thyroxine [CS],  l-Thyroxine [EPC]","N/A","No","12/31/2027"
"Levothyroxine sodium","71335-9617-7","50 ug/1","TABLET","ORAL","ANDA212399","Bryant Ranch Prepack","71335-9617","Levothyroxine Sodium","LEVOTHYROXINE SODIUM","HUMAN PRESCRIPTION DRUG","04/15/2026","N/A","ANDA","21 TABLET in 1 BOTTLE (71335-9617-7)","Thyroxine [CS],  l-Thyroxine [EPC]","N/A","No","12/31/2027"
"Levothyroxine sodium","71335-9617-8","50 ug/1","TABLET","ORAL","ANDA212399","Bryant Ranch Prepack","71335-9617","Levothyroxine Sodium","LEVOTHYROXINE SODIUM","HUMAN PRESCRIPTION DRUG","06/22/2023","N/A","ANDA","42 TABLET in 1 BOTTLE (71335-9617-8)","Thyroxine [CS],  l-Thyroxine [EPC]","N/A","No","12/31/2027"
"Levothyroxine Sodium","0615-8573-05",".025 mg/1","TABLET","ORAL","NDA021210","NCS HealthCare of KY, LLC dba Vangard Labs","0615-8573","Levothyroxine Sodium","LEVOTHYROXINE SODIUM","HUMAN PRESCRIPTION DRUG","04/14/2026","N/A","NDA","15 TABLET in 1 BLISTER PACK (0615-8573-05)","Thyroxine [CS],  l-Thyroxine [EPC]","N/A","No","12/31/2027"
"Levothyroxine Sodium","0615-8573-14",".025 mg/1","TABLET","ORAL","NDA021210","NCS HealthCare of KY, LLC dba Vangard Labs","0615-8573","Levothyroxine Sodium","LEVOTHYROXINE SODIUM","HUMAN PRESCRIPTION DRUG","12/04/2025","N/A","NDA","14 TABLET in 1 BLISTER PACK (0615-8573-14)","Thyroxine [CS],  l-Thyroxine [EPC]","N/A","No","12/31/2027"
"Levothyroxine Sodium","0615-8573-39",".025 mg/1","TABLET","ORAL","NDA021210","NCS HealthCare of KY, LLC dba Vangard Labs","0615-8573","Levothyroxine Sodium","LEVOTHYROXINE SODIUM","HUMAN PRESCRIPTION DRUG","12/04/2025","N/A","NDA","30 TABLET in 1 BLISTER PACK (0615-8573-39)","Thyroxine [CS],  l-Thyroxine [EPC]","N/A","No","12/31/2027"
"Levothyroxine Sodium","82804-190-30",".15 mg/1","TABLET","ORAL","ANDA209713","Proficient Rx LP","82804-190","Levothyroxine Sodium","LEVOTHYROXINE SODIUM","HUMAN PRESCRIPTION DRUG","02/28/2025","N/A","ANDA","30 TABLET in 1 BOTTLE (82804-190-30)","Thyroxine [CS],  l-Thyroxine [EPC]","N/A","No","12/31/2026"
"Levothyroxine sodium","50090-7937-2","200 ug/1","TABLET","ORAL","ANDA207588","A-S Medication Solutions","50090-7937","Levothyroxine sodium","LEVOTHYROXINE SODIUM","HUMAN PRESCRIPTION DRUG","03/12/2026","11/30/2026","ANDA","30 TABLET in 1 BOTTLE (50090-7937-2)","Thyroxine [CS],  l-Thyroxine [EPC]","N/A","No","N/A"
"Levothyroxine sodium","50090-7937-3","200 ug/1","TABLET","ORAL","ANDA207588","A-S Medication Solutions","50090-7937","Levothyroxine sodium","LEVOTHYROXINE SODIUM","HUMAN PRESCRIPTION DRUG","03/12/2026","11/30/2026","ANDA","90 TABLET in 1 BOTTLE (50090-7937-3)","Thyroxine [CS],  l-Thyroxine [EPC]","N/A","No","N/A"
"Unithroid","60846-801-01","25 ug/1","TABLET","ORAL","NDA021210","Amneal Pharmaceuticals LLC","60846-801","levothyroxine sodium","LEVOTHYROXINE SODIUM","HUMAN PRESCRIPTION DRUG","07/03/2014","N/A","NDA","100 TABLET in 1 BOTTLE (60846-801-01)","Thyroxine [CS],  l-Thyroxine [EPC]","N/A","No","12/31/2026"
"Tirosint","71858-0005-2","13 ug/1","CAPSULE","ORAL","NDA021924","IBSA Pharma Inc.","71858-0005","levothyroxine sodium","LEVOTHYROXINE SODIUM","HUMAN PRESCRIPTION DRUG","08/24/2025","N/A","NDA","3 BLISTER PACK in 1 CARTON (71858-0005-2)  / 10 CAPSULE in 1 BLISTER PACK","Thyroxine [CS],  l-Thyroxine [EPC]","N/A","Yes","12/31/2027"
"Tirosint","71858-0005-4","13 ug/1","CAPSULE","ORAL","NDA021924","IBSA Pharma Inc.","71858-0005","levothyroxine sodium","LEVOTHYROXINE SODIUM","HUMAN PRESCRIPTION DRUG","12/01/2018","N/A","NDA","3 BLISTER PACK in 1 CARTON (71858-0005-4)  / 10 CAPSULE in 1 BLISTER PACK","Thyroxine [CS],  l-Thyroxine [EPC]","N/A","No","12/31/2027"
"LEVOTHYROXINE SODIUM","72189-159-30","112 ug/1","TABLET","ORAL","NDA021116","DIRECT RX","72189-159","LEVOTHYROXINE SODIUM","LEVOTHYROXINE SODIUM","HUMAN PRESCRIPTION DRUG","12/01/2020","N/A","NDA","30 TABLET in 1 BOTTLE (72189-159-30)","Thyroxine [CS],  l-Thyroxine [EPC]","N/A","No","12/31/2026"
"LEVOTHYROXINE SODIUM","72189-159-90","112 ug/1","TABLET","ORAL","NDA021116","DIRECT RX","72189-159","LEVOTHYROXINE SODIUM","LEVOTHYROXINE SODIUM","HUMAN PRESCRIPTION DRUG","12/01/2020","N/A","NDA","90 TABLET in 1 BOTTLE (72189-159-90)","Thyroxine [CS],  l-Thyroxine [EPC]","N/A","No","12/31/2026"
"Levothyroxine Sodium","51655-537-52","175 ug/1","TABLET","ORAL","NDA021342","Northwind Health Company, LLC","51655-537","Levothyroxine Sodium","LEVOTHYROXINE SODIUM","HUMAN PRESCRIPTION DRUG","12/28/2022","N/A","NDA AUTHORIZED GENERIC","30 TABLET in 1 BOTTLE, PLASTIC (51655-537-52)","Thyroxine [CS],  l-Thyroxine [EPC]","N/A","No","12/31/2027"
"levothyroxine sodium","68071-5226-9","50 ug/1","TABLET","ORAL","NDA021116","NuCare Pharmaceuticals,Inc.","68071-5226","levothyroxine sodium","LEVOTHYROXINE SODIUM","HUMAN PRESCRIPTION DRUG","03/30/2020","N/A","NDA","90 TABLET in 1 BOTTLE (68071-5226-9)","Thyroxine [CS],  l-Thyroxine [EPC]","N/A","No","12/31/2026"
"Unithroid","60846-805-01","100 ug/1","TABLET","ORAL","NDA021210","Amneal Pharmaceuticals LLC","60846-805","levothyroxine sodium","LEVOTHYROXINE SODIUM","HUMAN PRESCRIPTION DRUG","07/03/2014","N/A","NDA","100 TABLET in 1 BOTTLE (60846-805-01)","Thyroxine [CS],  l-Thyroxine [EPC]","N/A","No","12/31/2026"
"LEVOTHYROXINE SODIUM","72189-163-90","88 ug/1","TABLET","ORAL","NDA021116","DIRECT RX","72189-163","LEVOTHYROXINE SODIUM","LEVOTHYROXINE SODIUM","HUMAN PRESCRIPTION DRUG","01/08/2021","N/A","NDA","90 TABLET in 1 BOTTLE (72189-163-90)","Thyroxine [CS],  l-Thyroxine [EPC]","N/A","No","12/31/2026"
"Unithroid","60846-802-01","50 ug/1","TABLET","ORAL","NDA021210","Amneal Pharmaceuticals LLC","60846-802","levothyroxine sodium","LEVOTHYROXINE SODIUM","HUMAN PRESCRIPTION DRUG","07/03/2014","N/A","NDA","100 TABLET in 1 BOTTLE (60846-802-01)","Thyroxine [CS],  l-Thyroxine [EPC]","N/A","No","12/31/2026"
"Tirosint","71858-0010-2","25 ug/1","CAPSULE","ORAL","NDA021924","IBSA Pharma Inc.","71858-0010","levothyroxine sodium","LEVOTHYROXINE SODIUM","HUMAN PRESCRIPTION DRUG","08/24/2025","N/A","NDA","3 BLISTER PACK in 1 CARTON (71858-0010-2)  / 10 CAPSULE in 1 BLISTER PACK","Thyroxine [CS],  l-Thyroxine [EPC]","N/A","Yes","12/31/2027"
"Tirosint","71858-0010-4","25 ug/1","CAPSULE","ORAL","NDA021924","IBSA Pharma Inc.","71858-0010","levothyroxine sodium","LEVOTHYROXINE SODIUM","HUMAN PRESCRIPTION DRUG","12/01/2018","N/A","NDA","3 BLISTER PACK in 1 CARTON (71858-0010-4)  / 10 CAPSULE in 1 BLISTER PACK","Thyroxine [CS],  l-Thyroxine [EPC]","N/A","No","12/31/2027"
"LEVOTHYROXINE SODIUM","72189-160-30","125 ug/1","TABLET","ORAL","NDA021116","DIRECT RX","72189-160","LEVOTHYROXINE SODIUM","LEVOTHYROXINE SODIUM","HUMAN PRESCRIPTION DRUG","12/01/2020","N/A","NDA","30 TABLET in 1 BOTTLE (72189-160-30)","Thyroxine [CS],  l-Thyroxine [EPC]","N/A","No","12/31/2026"
"LEVOTHYROXINE SODIUM","72189-160-90","125 ug/1","TABLET","ORAL","NDA021116","DIRECT RX","72189-160","LEVOTHYROXINE SODIUM","LEVOTHYROXINE SODIUM","HUMAN PRESCRIPTION DRUG","12/01/2020","N/A","NDA","90 TABLET in 1 BOTTLE (72189-160-90)","Thyroxine [CS],  l-Thyroxine [EPC]","N/A","No","12/31/2026"
"Levothyroxine Sodium","0378-1815-10","150 ug/1","TABLET","ORAL","ANDA076187","Mylan Pharmaceuticals Inc.","0378-1815","levothyroxine sodium","LEVOTHYROXINE SODIUM","HUMAN PRESCRIPTION DRUG","11/01/2002","N/A","ANDA","1000 TABLET in 1 BOTTLE, PLASTIC (0378-1815-10)","Thyroxine [CS],  l-Thyroxine [EPC]","N/A","No","12/31/2026"
"Levothyroxine Sodium","0378-1815-77","150 ug/1","TABLET","ORAL","ANDA076187","Mylan Pharmaceuticals Inc.","0378-1815","levothyroxine sodium","LEVOTHYROXINE SODIUM","HUMAN PRESCRIPTION DRUG","06/27/2016","N/A","ANDA","90 TABLET in 1 BOTTLE, PLASTIC (0378-1815-77)","Thyroxine [CS],  l-Thyroxine [EPC]","N/A","No","12/31/2026"
"Levothyroxine Sodium","51655-544-52","100 ug/1","TABLET","ORAL","NDA021342","Northwind Health Company, LLC","51655-544","Levothyroxine Sodium","LEVOTHYROXINE SODIUM","HUMAN PRESCRIPTION DRUG","12/27/2022","N/A","NDA AUTHORIZED GENERIC","30 TABLET in 1 BOTTLE, PLASTIC (51655-544-52)","Thyroxine [CS],  l-Thyroxine [EPC]","N/A","No","12/31/2027"
"Unithroid","60846-803-01","75 ug/1","TABLET","ORAL","NDA021210","Amneal Pharmaceuticals LLC","60846-803","levothyroxine sodium","LEVOTHYROXINE SODIUM","HUMAN PRESCRIPTION DRUG","07/03/2014","N/A","NDA","100 TABLET in 1 BOTTLE (60846-803-01)","Thyroxine [CS],  l-Thyroxine [EPC]","N/A","No","12/31/2026"
"Tirosint","71858-0012-2","37.5 ug/1","CAPSULE","ORAL","NDA021924","IBSA Pharma Inc.","71858-0012","levothyroxine sodium","LEVOTHYROXINE SODIUM","HUMAN PRESCRIPTION DRUG","08/24/2025","N/A","NDA","3 BLISTER PACK in 1 CARTON (71858-0012-2)  / 10 CAPSULE in 1 BLISTER PACK","Thyroxine [CS],  l-Thyroxine [EPC]","N/A","Yes","12/31/2027"
"Tirosint","71858-0012-4","37.5 ug/1","CAPSULE","ORAL","NDA021924","IBSA Pharma Inc.","71858-0012","levothyroxine sodium","LEVOTHYROXINE SODIUM","HUMAN PRESCRIPTION DRUG","03/01/2023","N/A","NDA","3 BLISTER PACK in 1 CARTON (71858-0012-4)  / 10 CAPSULE in 1 BLISTER PACK","Thyroxine [CS],  l-Thyroxine [EPC]","N/A","No","12/31/2027"
"Unithroid","60846-804-01","88 ug/1","TABLET","ORAL","NDA021210","Amneal Pharmaceuticals LLC","60846-804","levothyroxine sodium","LEVOTHYROXINE SODIUM","HUMAN PRESCRIPTION DRUG","07/03/2014","N/A","NDA","100 TABLET in 1 BOTTLE (60846-804-01)","Thyroxine [CS],  l-Thyroxine [EPC]","N/A","No","12/31/2026"
"Tirosint","71858-0013-2","44 ug/1","CAPSULE","ORAL","NDA021924","IBSA Pharma Inc.","71858-0013","levothyroxine sodium","LEVOTHYROXINE SODIUM","HUMAN PRESCRIPTION DRUG","08/24/2025","N/A","NDA","3 BLISTER PACK in 1 CARTON (71858-0013-2)  / 10 CAPSULE in 1 BLISTER PACK","Thyroxine [CS],  l-Thyroxine [EPC]","N/A","Yes","12/31/2027"
"Tirosint","71858-0013-4","44 ug/1","CAPSULE","ORAL","NDA021924","IBSA Pharma Inc.","71858-0013","levothyroxine sodium","LEVOTHYROXINE SODIUM","HUMAN PRESCRIPTION DRUG","03/01/2023","N/A","NDA","3 BLISTER PACK in 1 CARTON (71858-0013-4)  / 10 CAPSULE in 1 BLISTER PACK","Thyroxine [CS],  l-Thyroxine [EPC]","N/A","No","12/31/2027"
"Unithroid","60846-808-01","137 ug/1","TABLET","ORAL","NDA021210","Amneal Pharmaceuticals LLC","60846-808","levothyroxine sodium","LEVOTHYROXINE SODIUM","HUMAN PRESCRIPTION DRUG","07/03/2014","N/A","NDA","100 TABLET in 1 BOTTLE (60846-808-01)","Thyroxine [CS],  l-Thyroxine [EPC]","N/A","No","12/31/2026"
"Tirosint","71858-0025-2","88 ug/1","CAPSULE","ORAL","NDA021924","IBSA Pharma Inc.","71858-0025","levothyroxine sodium","LEVOTHYROXINE SODIUM","HUMAN PRESCRIPTION DRUG","08/24/2025","N/A","NDA","3 BLISTER PACK in 1 CARTON (71858-0025-2)  / 10 CAPSULE in 1 BLISTER PACK","Thyroxine [CS],  l-Thyroxine [EPC]","N/A","Yes","12/31/2027"
"Tirosint","71858-0025-4","88 ug/1","CAPSULE","ORAL","NDA021924","IBSA Pharma Inc.","71858-0025","levothyroxine sodium","LEVOTHYROXINE SODIUM","HUMAN PRESCRIPTION DRUG","12/01/2018","N/A","NDA","3 BLISTER PACK in 1 CARTON (71858-0025-4)  / 10 CAPSULE in 1 BLISTER PACK","Thyroxine [CS],  l-Thyroxine [EPC]","N/A","No","12/31/2027"
"levothyroxine sodium","68071-5227-9","75 ug/1","TABLET","ORAL","NDA021116","NuCare Pharmaceuticals,Inc.","68071-5227","levothyroxine sodium","LEVOTHYROXINE SODIUM","HUMAN PRESCRIPTION DRUG","03/30/2020","N/A","NDA","90 TABLET in 1 BOTTLE (68071-5227-9)","Thyroxine [CS],  l-Thyroxine [EPC]","N/A","No","12/31/2026"
"Unithroid","60846-806-01","112 ug/1","TABLET","ORAL","NDA021210","Amneal Pharmaceuticals LLC","60846-806","levothyroxine sodium","LEVOTHYROXINE SODIUM","HUMAN PRESCRIPTION DRUG","07/03/2014","N/A","NDA","100 TABLET in 1 BOTTLE (60846-806-01)","Thyroxine [CS],  l-Thyroxine [EPC]","N/A","No","12/31/2026"
"Tirosint","71858-0015-2","50 ug/1","CAPSULE","ORAL","NDA021924","IBSA Pharma Inc.","71858-0015","levothyroxine sodium","LEVOTHYROXINE SODIUM","HUMAN PRESCRIPTION DRUG","08/24/2025","N/A","NDA","3 BLISTER PACK in 1 CARTON (71858-0015-2)  / 10 CAPSULE in 1 BLISTER PACK","Thyroxine [CS],  l-Thyroxine [EPC]","N/A","Yes","12/31/2027"
"Tirosint","71858-0015-4","50 ug/1","CAPSULE","ORAL","NDA021924","IBSA Pharma Inc.","71858-0015","levothyroxine sodium","LEVOTHYROXINE SODIUM","HUMAN PRESCRIPTION DRUG","12/01/2018","N/A","NDA","3 BLISTER PACK in 1 CARTON (71858-0015-4)  / 10 CAPSULE in 1 BLISTER PACK","Thyroxine [CS],  l-Thyroxine [EPC]","N/A","No","12/31/2027"
"Levothyroxine Sodium","0615-8574-05",".05 mg/1","TABLET","ORAL","NDA021210","NCS HealthCare of KY, LLC dba Vangard Labs","0615-8574","Levothyroxine Sodium","LEVOTHYROXINE SODIUM","HUMAN PRESCRIPTION DRUG","12/09/2025","N/A","NDA","15 TABLET in 1 BLISTER PACK (0615-8574-05)","Thyroxine [CS],  l-Thyroxine [EPC]","N/A","No","12/31/2027"
"Levothyroxine Sodium","0615-8574-14",".05 mg/1","TABLET","ORAL","NDA021210","NCS HealthCare of KY, LLC dba Vangard Labs","0615-8574","Levothyroxine Sodium","LEVOTHYROXINE SODIUM","HUMAN PRESCRIPTION DRUG","12/09/2025","N/A","NDA","14 TABLET in 1 BLISTER PACK (0615-8574-14)","Thyroxine [CS],  l-Thyroxine [EPC]","N/A","No","12/31/2027"
"Levothyroxine Sodium","0615-8574-39",".05 mg/1","TABLET","ORAL","NDA021210","NCS HealthCare of KY, LLC dba Vangard Labs","0615-8574","Levothyroxine Sodium","LEVOTHYROXINE SODIUM","HUMAN PRESCRIPTION DRUG","12/09/2025","N/A","NDA","30 TABLET in 1 BLISTER PACK (0615-8574-39)","Thyroxine [CS],  l-Thyroxine [EPC]","N/A","No","12/31/2027"
"Levothyroxine Sodium","83270-006-01","100 ug/5mL","INJECTION, POWDER, LYOPHILIZED, FOR SOLUTION","INTRAVENOUS","ANDA216729","ONESOURCE SPECIALTY PHARMA LIMITED","83270-006","LEVOTHYROXINE SODIUM ANHYDROUS","LEVOTHYROXINE SODIUM ANHYDROUS","HUMAN PRESCRIPTION DRUG","04/27/2026","N/A","ANDA","1 VIAL, SINGLE-DOSE in 1 CARTON (83270-006-01)  / 5 mL in 1 VIAL, SINGLE-DOSE","Thyroxine [CS],  l-Thyroxine [EPC]","N/A","No","12/31/2027"
"Levothyroxine Sodium","67046-0515-3",".15 mg/1","TABLET","ORAL","ANDA209713","Coupler LLC","67046-0515","Levothyroxine Sodium","LEVOTHYROXINE SODIUM","HUMAN PRESCRIPTION DRUG","05/27/2026","N/A","ANDA","30 TABLET in 1 BLISTER PACK (67046-0515-3)","Thyroxine [CS],  l-Thyroxine [EPC]","N/A","No","12/31/2027"
"Levothyroxine Sodium","50090-7071-0",".025 mg/1","TABLET","ORAL","ANDA209713","A-S Medication Solutions","50090-7071","Levothyroxine Sodium","LEVOTHYROXINE SODIUM","HUMAN PRESCRIPTION DRUG","01/19/2024","N/A","ANDA","90 TABLET in 1 BOTTLE (50090-7071-0)","Thyroxine [CS],  l-Thyroxine [EPC]","N/A","No","12/31/2026"
"Tirosint","71858-0017-2","62.5 ug/1","CAPSULE","ORAL","NDA021924","IBSA Pharma Inc.","71858-0017","levothyroxine sodium","LEVOTHYROXINE SODIUM","HUMAN PRESCRIPTION DRUG","08/24/2025","N/A","NDA","3 BLISTER PACK in 1 CARTON (71858-0017-2)  / 10 CAPSULE in 1 BLISTER PACK","Thyroxine [CS],  l-Thyroxine [EPC]","N/A","Yes","12/31/2027"
"Tirosint","71858-0017-4","62.5 ug/1","CAPSULE","ORAL","NDA021924","IBSA Pharma Inc.","71858-0017","levothyroxine sodium","LEVOTHYROXINE SODIUM","HUMAN PRESCRIPTION DRUG","03/01/2023","N/A","NDA","3 BLISTER PACK in 1 CARTON (71858-0017-4)  / 10 CAPSULE in 1 BLISTER PACK","Thyroxine [CS],  l-Thyroxine [EPC]","N/A","No","12/31/2027"
"Levothyroxine Sodium","83270-007-01","200 ug/5mL","INJECTION, POWDER, LYOPHILIZED, FOR SOLUTION","INTRAVENOUS","ANDA216729","ONESOURCE SPECIALTY PHARMA LIMITED","83270-007","LEVOTHYROXINE SODIUM ANHYDROUS","LEVOTHYROXINE SODIUM ANHYDROUS","HUMAN PRESCRIPTION DRUG","04/27/2026","N/A","ANDA","1 VIAL, SINGLE-DOSE in 1 CARTON (83270-007-01)  / 5 mL in 1 VIAL, SINGLE-DOSE","Thyroxine [CS],  l-Thyroxine [EPC]","N/A","No","12/31/2027"
"Levothyroxine Sodium","67046-0517-3",".175 mg/1","TABLET","ORAL","ANDA209713","Coupler LLC","67046-0517","Levothyroxine Sodium","LEVOTHYROXINE SODIUM","HUMAN PRESCRIPTION DRUG","06/01/2026","N/A","ANDA","30 TABLET in 1 BLISTER PACK (67046-0517-3)","Thyroxine [CS],  l-Thyroxine [EPC]","N/A","No","12/31/2027"
"Levothyroxine Sodium","68071-2278-9","100 ug/1","TABLET","ORAL","NDA021342","NuCare Pharmaceuticals,Inc.","68071-2278","Levothyroxine Sodium","LEVOTHYROXINE SODIUM","HUMAN PRESCRIPTION DRUG","10/15/2020","N/A","NDA AUTHORIZED GENERIC","90 TABLET in 1 BOTTLE (68071-2278-9)","Thyroxine [CS],  l-Thyroxine [EPC]","N/A","No","12/31/2026"
"Levothyroxine Sodium","51655-557-52",".112 mg/1","TABLET","ORAL","NDA021210","Northwind Health Company, LLC","51655-557","Levothyroxine Sodium","LEVOTHYROXINE SODIUM","HUMAN PRESCRIPTION DRUG","01/22/2021","N/A","NDA","30 TABLET in 1 BOTTLE, PLASTIC (51655-557-52)","Thyroxine [CS],  l-Thyroxine [EPC]","N/A","No","12/31/2027"
"Unithroid","60846-807-01","125 ug/1","TABLET","ORAL","NDA021210","Amneal Pharmaceuticals LLC","60846-807","levothyroxine sodium","LEVOTHYROXINE SODIUM","HUMAN PRESCRIPTION DRUG","07/03/2014","N/A","NDA","100 TABLET in 1 BOTTLE (60846-807-01)","Thyroxine [CS],  l-Thyroxine [EPC]","N/A","No","12/31/2026"
"Tirosint","71858-0020-2","75 ug/1","CAPSULE","ORAL","NDA021924","IBSA Pharma Inc.","71858-0020","levothyroxine sodium","LEVOTHYROXINE SODIUM","HUMAN PRESCRIPTION DRUG","08/24/2025","N/A","NDA","3 BLISTER PACK in 1 CARTON (71858-0020-2)  / 10 CAPSULE in 1 BLISTER PACK","Thyroxine [CS],  l-Thyroxine [EPC]","N/A","Yes","12/31/2027"
"Tirosint","71858-0020-4","75 ug/1","CAPSULE","ORAL","NDA021924","IBSA Pharma Inc.","71858-0020","levothyroxine sodium","LEVOTHYROXINE SODIUM","HUMAN PRESCRIPTION DRUG","12/01/2018","N/A","NDA","3 BLISTER PACK in 1 CARTON (71858-0020-4)  / 10 CAPSULE in 1 BLISTER PACK","Thyroxine [CS],  l-Thyroxine [EPC]","N/A","No","12/31/2027"
"Levothyroxine Sodium","83270-008-01","500 ug/5mL","INJECTION, POWDER, LYOPHILIZED, FOR SOLUTION","INTRAVENOUS","ANDA216729","ONESOURCE SPECIALTY PHARMA LIMITED","83270-008","LEVOTHYROXINE SODIUM ANHYDROUS","LEVOTHYROXINE SODIUM ANHYDROUS","HUMAN PRESCRIPTION DRUG","04/27/2026","N/A","ANDA","1 VIAL, SINGLE-DOSE in 1 CARTON (83270-008-01)  / 5 mL in 1 VIAL, SINGLE-DOSE","Thyroxine [CS],  l-Thyroxine [EPC]","N/A","No","12/31/2027"
"Unithroid","60846-812-01","300 ug/1","TABLET","ORAL","NDA021210","Amneal Pharmaceuticals LLC","60846-812","levothyroxine sodium","LEVOTHYROXINE SODIUM","HUMAN PRESCRIPTION DRUG","07/03/2014","N/A","NDA","100 TABLET in 1 BOTTLE (60846-812-01)","Thyroxine [CS],  l-Thyroxine [EPC]","N/A","No","12/31/2026"
"Tirosint","71858-0045-2","137 ug/1","CAPSULE","ORAL","NDA021924","IBSA Pharma Inc.","71858-0045","levothyroxine sodium","LEVOTHYROXINE SODIUM","HUMAN PRESCRIPTION DRUG","08/24/2025","N/A","NDA","3 BLISTER PACK in 1 CARTON (71858-0045-2)  / 10 CAPSULE in 1 BLISTER PACK","Thyroxine [CS],  l-Thyroxine [EPC]","N/A","No","12/31/2027"
"Tirosint","71858-0045-4","137 ug/1","CAPSULE","ORAL","NDA021924","IBSA Pharma Inc.","71858-0045","levothyroxine sodium","LEVOTHYROXINE SODIUM","HUMAN PRESCRIPTION DRUG","12/01/2018","N/A","NDA","3 BLISTER PACK in 1 CARTON (71858-0045-4)  / 10 CAPSULE in 1 BLISTER PACK","Thyroxine [CS],  l-Thyroxine [EPC]","N/A","No","12/31/2027"
"LEVOTHYROXINE SODIUM","72189-173-30","150 ug/1","TABLET","ORAL","NDA021116","DIRECT RX","72189-173","LEVOTHYROXINE SODIUM","LEVOTHYROXINE SODIUM","HUMAN PRESCRIPTION DRUG","02/09/2021","N/A","NDA","30 TABLET in 1 BOTTLE (72189-173-30)","Thyroxine [CS],  l-Thyroxine [EPC]","N/A","No","12/31/2026"
"LEVOTHYROXINE SODIUM","72189-173-90","150 ug/1","TABLET","ORAL","NDA021116","DIRECT RX","72189-173","LEVOTHYROXINE SODIUM","LEVOTHYROXINE SODIUM","HUMAN PRESCRIPTION DRUG","02/09/2021","N/A","NDA","90 TABLET in 1 BOTTLE (72189-173-90)","Thyroxine [CS],  l-Thyroxine [EPC]","N/A","No","12/31/2026"
"Unithroid","60846-809-01","150 ug/1","TABLET","ORAL","NDA021210","Amneal Pharmaceuticals LLC","60846-809","levothyroxine sodium","LEVOTHYROXINE SODIUM","HUMAN PRESCRIPTION DRUG","07/03/2014","N/A","NDA","100 TABLET in 1 BOTTLE (60846-809-01)","Thyroxine [CS],  l-Thyroxine [EPC]","N/A","No","12/31/2026"
"Tirosint","71858-0030-2","100 ug/1","CAPSULE","ORAL","NDA021924","IBSA Pharma Inc.","71858-0030","levothyroxine sodium","LEVOTHYROXINE SODIUM","HUMAN PRESCRIPTION DRUG","08/24/2025","N/A","NDA","3 BLISTER PACK in 1 CARTON (71858-0030-2)  / 10 CAPSULE in 1 BLISTER PACK","Thyroxine [CS],  l-Thyroxine [EPC]","N/A","Yes","12/31/2027"
"Tirosint","71858-0030-4","100 ug/1","CAPSULE","ORAL","NDA021924","IBSA Pharma Inc.","71858-0030","levothyroxine sodium","LEVOTHYROXINE SODIUM","HUMAN PRESCRIPTION DRUG","12/01/2018","N/A","NDA","3 BLISTER PACK in 1 CARTON (71858-0030-4)  / 10 CAPSULE in 1 BLISTER PACK","Thyroxine [CS],  l-Thyroxine [EPC]","N/A","No","12/31/2027"
"levothyroxine sodium","72162-1458-0","25 ug/1","TABLET","ORAL","NDA021116","Bryant Ranch Prepack","72162-1458","levothyroxine sodium","LEVOTHYROXINE SODIUM","HUMAN PRESCRIPTION DRUG","05/07/2019","N/A","NDA","1000 TABLET in 1 BOTTLE (72162-1458-0)","Thyroxine [CS],  l-Thyroxine [EPC]","N/A","No","12/31/2027"
"levothyroxine sodium","72162-1458-2","25 ug/1","TABLET","ORAL","NDA021116","Bryant Ranch Prepack","72162-1458","levothyroxine sodium","LEVOTHYROXINE SODIUM","HUMAN PRESCRIPTION DRUG","07/16/2024","N/A","NDA","90 TABLET in 1 BOTTLE (72162-1458-2)","Thyroxine [CS],  l-Thyroxine [EPC]","N/A","No","12/31/2027"
"Unithroid","60846-810-01","175 ug/1","TABLET","ORAL","NDA021210","Amneal Pharmaceuticals LLC","60846-810","levothyroxine sodium","LEVOTHYROXINE SODIUM","HUMAN PRESCRIPTION DRUG","07/03/2014","N/A","NDA","100 TABLET in 1 BOTTLE (60846-810-01)","Thyroxine [CS],  l-Thyroxine [EPC]","N/A","No","12/31/2026"
"Tirosint","71858-0035-2","112 ug/1","CAPSULE","ORAL","NDA021924","IBSA Pharma Inc.","71858-0035","levothyroxine sodium","LEVOTHYROXINE SODIUM","HUMAN PRESCRIPTION DRUG","08/24/2025","N/A","NDA","3 BLISTER PACK in 1 CARTON (71858-0035-2)  / 10 CAPSULE in 1 BLISTER PACK","Thyroxine [CS],  l-Thyroxine [EPC]","N/A","Yes","12/31/2027"
"Tirosint","71858-0035-4","112 ug/1","CAPSULE","ORAL","NDA021924","IBSA Pharma Inc.","71858-0035","levothyroxine sodium","LEVOTHYROXINE SODIUM","HUMAN PRESCRIPTION DRUG","12/01/2018","N/A","NDA","3 BLISTER PACK in 1 CARTON (71858-0035-4)  / 10 CAPSULE in 1 BLISTER PACK","Thyroxine [CS],  l-Thyroxine [EPC]","N/A","No","12/31/2027"
"levothyroxine sodium","72162-1460-0","75 ug/1","TABLET","ORAL","NDA021116","Bryant Ranch Prepack","72162-1460","levothyroxine sodium","LEVOTHYROXINE SODIUM","HUMAN PRESCRIPTION DRUG","01/05/2024","N/A","NDA","1000 TABLET in 1 BOTTLE (72162-1460-0)","Thyroxine [CS],  l-Thyroxine [EPC]","N/A","No","12/31/2026"
"levothyroxine sodium","72162-1460-3","75 ug/1","TABLET","ORAL","NDA021116","Bryant Ranch Prepack","72162-1460","levothyroxine sodium","LEVOTHYROXINE SODIUM","HUMAN PRESCRIPTION DRUG","01/05/2024","N/A","NDA","30 TABLET in 1 BOTTLE (72162-1460-3)","Thyroxine [CS],  l-Thyroxine [EPC]","N/A","No","12/31/2026"
"levothyroxine sodium","72162-1460-6","75 ug/1","TABLET","ORAL","NDA021116","Bryant Ranch Prepack","72162-1460","levothyroxine sodium","LEVOTHYROXINE SODIUM","HUMAN PRESCRIPTION DRUG","01/05/2024","N/A","NDA","60 TABLET in 1 BOTTLE (72162-1460-6)","Thyroxine [CS],  l-Thyroxine [EPC]","N/A","No","12/31/2026"
"levothyroxine sodium","72162-1460-9","75 ug/1","TABLET","ORAL","NDA021116","Bryant Ranch Prepack","72162-1460","levothyroxine sodium","LEVOTHYROXINE SODIUM","HUMAN PRESCRIPTION DRUG","01/05/2024","N/A","NDA","90 TABLET in 1 BOTTLE (72162-1460-9)","Thyroxine [CS],  l-Thyroxine [EPC]","N/A","No","12/31/2026"
"levothyroxine sodium","68071-5235-9","100 ug/1","TABLET","ORAL","NDA021116","NuCar Pharmaceuticals,Inc.","68071-5235","levothyroxine sodium","LEVOTHYROXINE SODIUM","HUMAN PRESCRIPTION DRUG","03/30/2020","N/A","NDA","90 TABLET in 1 BOTTLE (68071-5235-9)","Thyroxine [CS],  l-Thyroxine [EPC]","N/A","No","12/31/2026"
"Unithroid","60846-811-01","200 ug/1","TABLET","ORAL","NDA021210","Amneal Pharmaceuticals LLC","60846-811","levothyroxine sodium","LEVOTHYROXINE SODIUM","HUMAN PRESCRIPTION DRUG","07/03/2014","N/A","NDA","100 TABLET in 1 BOTTLE (60846-811-01)","Thyroxine [CS],  l-Thyroxine [EPC]","N/A","No","12/31/2026"
"Tirosint","71858-0040-2","125 ug/1","CAPSULE","ORAL","NDA021924","IBSA Pharma Inc.","71858-0040","levothyroxine sodium","LEVOTHYROXINE SODIUM","HUMAN PRESCRIPTION DRUG","08/24/2025","N/A","NDA","3 BLISTER PACK in 1 CARTON (71858-0040-2)  / 10 CAPSULE in 1 BLISTER PACK","Thyroxine [CS],  l-Thyroxine [EPC]","N/A","Yes","12/31/2027"
"Tirosint","71858-0040-4","125 ug/1","CAPSULE","ORAL","NDA021924","IBSA Pharma Inc.","71858-0040","levothyroxine sodium","LEVOTHYROXINE SODIUM","HUMAN PRESCRIPTION DRUG","12/01/2018","N/A","NDA","3 BLISTER PACK in 1 CARTON (71858-0040-4)  / 10 CAPSULE in 1 BLISTER PACK","Thyroxine [CS],  l-Thyroxine [EPC]","N/A","No","12/31/2027"
"levothyroxine sodium","72162-1462-0","100 ug/1","TABLET","ORAL","NDA021116","Bryant Ranch Prepack","72162-1462","levothyroxine sodium","LEVOTHYROXINE SODIUM","HUMAN PRESCRIPTION DRUG","05/07/2019","N/A","NDA","1000 TABLET in 1 BOTTLE (72162-1462-0)","Thyroxine [CS],  l-Thyroxine [EPC]","N/A","No","12/31/2026"
"levothyroxine sodium","71335-2967-1","75 ug/1","TABLET","ORAL","NDA021116","Bryant Ranch Prepack","71335-2967","levothyroxine sodium","LEVOTHYROXINE SODIUM","HUMAN PRESCRIPTION DRUG","10/28/2025","N/A","NDA","90 TABLET in 1 BOTTLE (71335-2967-1)","Thyroxine [CS],  l-Thyroxine [EPC]","N/A","No","12/31/2026"
"Tirosint","71858-0060-2","200 ug/1","CAPSULE","ORAL","NDA021924","IBSA Pharma Inc.","71858-0060","levothyroxine sodium","LEVOTHYROXINE SODIUM","HUMAN PRESCRIPTION DRUG","08/24/2025","N/A","NDA","3 BLISTER PACK in 1 CARTON (71858-0060-2)  / 10 CAPSULE in 1 BLISTER PACK","Thyroxine [CS],  l-Thyroxine [EPC]","N/A","Yes","12/31/2027"
"Tirosint","71858-0060-4","200 ug/1","CAPSULE","ORAL","NDA021924","IBSA Pharma Inc.","71858-0060","levothyroxine sodium","LEVOTHYROXINE SODIUM","HUMAN PRESCRIPTION DRUG","12/01/2018","N/A","NDA","3 BLISTER PACK in 1 CARTON (71858-0060-4)  / 10 CAPSULE in 1 BLISTER PACK","Thyroxine [CS],  l-Thyroxine [EPC]","N/A","No","12/31/2027"
"Levothyroxine Sodium","0615-8575-05",".125 mg/1","TABLET","ORAL","NDA021210","NCS HealthCare of KY, LLC dba Vangard Labs","0615-8575","Levothyroxine Sodium","LEVOTHYROXINE SODIUM","HUMAN PRESCRIPTION DRUG","04/08/2026","N/A","NDA","15 TABLET in 1 BLISTER PACK (0615-8575-05)","Thyroxine [CS],  l-Thyroxine [EPC]","N/A","No","12/31/2027"
"Levothyroxine Sodium","0615-8575-14",".125 mg/1","TABLET","ORAL","NDA021210","NCS HealthCare of KY, LLC dba Vangard Labs","0615-8575","Levothyroxine Sodium","LEVOTHYROXINE SODIUM","HUMAN PRESCRIPTION DRUG","12/02/2025","N/A","NDA","14 TABLET in 1 BLISTER PACK (0615-8575-14)","Thyroxine [CS],  l-Thyroxine [EPC]","N/A","No","12/31/2027"
"Levothyroxine Sodium","0615-8575-39",".125 mg/1","TABLET","ORAL","NDA021210","NCS HealthCare of KY, LLC dba Vangard Labs","0615-8575","Levothyroxine Sodium","LEVOTHYROXINE SODIUM","HUMAN PRESCRIPTION DRUG","12/02/2025","N/A","NDA","30 TABLET in 1 BLISTER PACK (0615-8575-39)","Thyroxine [CS],  l-Thyroxine [EPC]","N/A","No","12/31/2027"
"Levothyroxine Sodium","0378-1817-10","175 ug/1","TABLET","ORAL","ANDA076187","Mylan Pharmaceuticals Inc.","0378-1817","levothyroxine sodium","LEVOTHYROXINE SODIUM","HUMAN PRESCRIPTION DRUG","11/01/2002","N/A","ANDA","1000 TABLET in 1 BOTTLE, PLASTIC (0378-1817-10)","Thyroxine [CS],  l-Thyroxine [EPC]","N/A","No","12/31/2026"
"Levothyroxine Sodium","0378-1817-77","175 ug/1","TABLET","ORAL","ANDA076187","Mylan Pharmaceuticals Inc.","0378-1817","levothyroxine sodium","LEVOTHYROXINE SODIUM","HUMAN PRESCRIPTION DRUG","04/25/2016","N/A","ANDA","90 TABLET in 1 BOTTLE, GLASS (0378-1817-77)","Thyroxine [CS],  l-Thyroxine [EPC]","N/A","No","12/31/2026"
"Levothyroxine Sodium","55154-4309-0",".088 mg/1","TABLET","ORAL","ANDA209713","Cardinal Health 107, LLC","55154-4309","Levothyroxine Sodium","LEVOTHYROXINE SODIUM","HUMAN PRESCRIPTION DRUG","03/20/2019","N/A","ANDA","10 BLISTER PACK in 1 BAG (55154-4309-0)  / 1 TABLET in 1 BLISTER PACK","Thyroxine [CS],  l-Thyroxine [EPC]","N/A","No","12/31/2027"
"Tirosint","71858-0050-2","150 ug/1","CAPSULE","ORAL","NDA021924","IBSA Pharma Inc.","71858-0050","levothyroxine sodium","LEVOTHYROXINE SODIUM","HUMAN PRESCRIPTION DRUG","08/24/2025","N/A","NDA","3 BLISTER PACK in 1 CARTON (71858-0050-2)  / 10 CAPSULE in 1 BLISTER PACK","Thyroxine [CS],  l-Thyroxine [EPC]","N/A","Yes","12/31/2027"
"Tirosint","71858-0050-4","150 ug/1","CAPSULE","ORAL","NDA021924","IBSA Pharma Inc.","71858-0050","levothyroxine sodium","LEVOTHYROXINE SODIUM","HUMAN PRESCRIPTION DRUG","12/01/2018","N/A","NDA","3 BLISTER PACK in 1 CARTON (71858-0050-4)  / 10 CAPSULE in 1 BLISTER PACK","Thyroxine [CS],  l-Thyroxine [EPC]","N/A","No","12/31/2027"
"LEVOTHYROXINE SODIUM","72189-174-30","25 ug/1","TABLET","ORAL","NDA021116","DIRECT RX","72189-174","LEVOTHYROXINE SODIUM","LEVOTHYROXINE SODIUM","HUMAN PRESCRIPTION DRUG","02/09/2021","N/A","NDA","30 TABLET in 1 BOTTLE (72189-174-30)","Thyroxine [CS],  l-Thyroxine [EPC]","N/A","No","12/31/2026"
"LEVOTHYROXINE SODIUM","72189-174-90","25 ug/1","TABLET","ORAL","NDA021116","DIRECT RX","72189-174","LEVOTHYROXINE SODIUM","LEVOTHYROXINE SODIUM","HUMAN PRESCRIPTION DRUG","02/09/2021","N/A","NDA","90 TABLET in 1 BOTTLE (72189-174-90)","Thyroxine [CS],  l-Thyroxine [EPC]","N/A","No","12/31/2026"
"Tirosint","71858-0055-2","175 ug/1","CAPSULE","ORAL","NDA021924","IBSA Pharma Inc.","71858-0055","levothyroxine sodium","LEVOTHYROXINE SODIUM","HUMAN PRESCRIPTION DRUG","08/24/2025","N/A","NDA","3 BLISTER PACK in 1 CARTON (71858-0055-2)  / 10 CAPSULE in 1 BLISTER PACK","Thyroxine [CS],  l-Thyroxine [EPC]","N/A","Yes","12/31/2027"
"Tirosint","71858-0055-4","175 ug/1","CAPSULE","ORAL","NDA021924","IBSA Pharma Inc.","71858-0055","levothyroxine sodium","LEVOTHYROXINE SODIUM","HUMAN PRESCRIPTION DRUG","12/01/2018","N/A","NDA","3 BLISTER PACK in 1 CARTON (71858-0055-4)  / 10 CAPSULE in 1 BLISTER PACK","Thyroxine [CS],  l-Thyroxine [EPC]","N/A","No","12/31/2027"
"Tirosint SOL","71858-0113-2","44 ug/mL","SOLUTION","ORAL","NDA206977","IBSA Pharma Inc.","71858-0113","Levothyroxine Sodium","LEVOTHYROXINE SODIUM","HUMAN PRESCRIPTION DRUG","07/25/2025","N/A","NDA","6 POUCH in 1 CARTON (71858-0113-2)  / 5 AMPULE in 1 POUCH (71858-0113-4)  / 1 mL in 1 AMPULE (71858-0113-6)","Thyroxine [CS],  l-Thyroxine [EPC]","N/A","Yes","12/31/2027"
"Tirosint SOL","71858-0113-5","44 ug/mL","SOLUTION","ORAL","NDA206977","IBSA Pharma Inc.","71858-0113","Levothyroxine Sodium","LEVOTHYROXINE SODIUM","HUMAN PRESCRIPTION DRUG","07/01/2021","N/A","NDA","6 POUCH in 1 CARTON (71858-0113-5)  / 5 AMPULE in 1 POUCH (71858-0113-4)  / 1 mL in 1 AMPULE (71858-0113-6)","Thyroxine [CS],  l-Thyroxine [EPC]","N/A","No","12/31/2027"
"Tirosint SOL","71858-0105-2","13 ug/mL","SOLUTION","ORAL","NDA206977","IBSA Pharma Inc.","71858-0105","Levothyroxine Sodium","LEVOTHYROXINE SODIUM","HUMAN PRESCRIPTION DRUG","07/25/2025","N/A","NDA","6 POUCH in 1 CARTON (71858-0105-2)  / 5 AMPULE in 1 POUCH (71858-0105-4)  / 1 mL in 1 AMPULE (71858-0105-6)","Thyroxine [CS],  l-Thyroxine [EPC]","N/A","Yes","12/31/2027"
"Tirosint SOL","71858-0105-5","13 ug/mL","SOLUTION","ORAL","NDA206977","IBSA Pharma Inc.","71858-0105","Levothyroxine Sodium","LEVOTHYROXINE SODIUM","HUMAN PRESCRIPTION DRUG","03/01/2019","N/A","NDA","6 POUCH in 1 CARTON (71858-0105-5)  / 5 AMPULE in 1 POUCH (71858-0105-4)  / 1 mL in 1 AMPULE (71858-0105-6)","Thyroxine [CS],  l-Thyroxine [EPC]","N/A","No","12/31/2027"
"Levothyroxine Sodium","51655-576-52","75 ug/1","TABLET","ORAL","NDA021342","Northwind Health Company, LLC","51655-576","Levothyroxine Sodium","LEVOTHYROXINE SODIUM","HUMAN PRESCRIPTION DRUG","12/27/2022","N/A","NDA AUTHORIZED GENERIC","30 TABLET in 1 BOTTLE, PLASTIC (51655-576-52)","Thyroxine [CS],  l-Thyroxine [EPC]","N/A","No","12/31/2027"
"Tirosint SOL","71858-0110-2","25 ug/mL","SOLUTION","ORAL","NDA206977","IBSA Pharma Inc.","71858-0110","Levothyroxine Sodium","LEVOTHYROXINE SODIUM","HUMAN PRESCRIPTION DRUG","07/25/2025","N/A","NDA","6 POUCH in 1 CARTON (71858-0110-2)  / 5 AMPULE in 1 POUCH (71858-0110-4)  / 1 mL in 1 AMPULE (71858-0110-6)","Thyroxine [CS],  l-Thyroxine [EPC]","N/A","Yes","12/31/2027"
"Tirosint SOL","71858-0110-5","25 ug/mL","SOLUTION","ORAL","NDA206977","IBSA Pharma Inc.","71858-0110","Levothyroxine Sodium","LEVOTHYROXINE SODIUM","HUMAN PRESCRIPTION DRUG","03/01/2019","N/A","NDA","6 POUCH in 1 CARTON (71858-0110-5)  / 5 AMPULE in 1 POUCH (71858-0110-4)  / 1 mL in 1 AMPULE (71858-0110-6)","Thyroxine [CS],  l-Thyroxine [EPC]","N/A","No","12/31/2027"
"Levothyroxine Sodium","70511-111-10","100 ug/5mL","INJECTION, POWDER, LYOPHILIZED, FOR SOLUTION","INTRAVENOUS","ANDA208749","MAIA Pharmaceuticals, Inc.","70511-111","LEVOTHYROXINE SODIUM ANHYDROUS","LEVOTHYROXINE SODIUM ANHYDROUS","HUMAN PRESCRIPTION DRUG","12/27/2019","N/A","ANDA","1 VIAL, SINGLE-USE in 1 CARTON (70511-111-10)  / 5 mL in 1 VIAL, SINGLE-USE","Thyroxine [CS],  l-Thyroxine [EPC]","N/A","No","12/31/2026"
"Tirosint SOL","71858-0112-2","37.5 ug/mL","SOLUTION","ORAL","NDA206977","IBSA Pharma Inc.","71858-0112","Levothyroxine Sodium","LEVOTHYROXINE SODIUM","HUMAN PRESCRIPTION DRUG","07/25/2025","N/A","NDA","6 POUCH in 1 CARTON (71858-0112-2)  / 5 AMPULE in 1 POUCH (71858-0112-4)  / 1 mL in 1 AMPULE (71858-0112-6)","Thyroxine [CS],  l-Thyroxine [EPC]","N/A","Yes","12/31/2027"
"Tirosint SOL","71858-0112-5","37.5 ug/mL","SOLUTION","ORAL","NDA206977","IBSA Pharma Inc.","71858-0112","Levothyroxine Sodium","LEVOTHYROXINE SODIUM","HUMAN PRESCRIPTION DRUG","07/01/2021","N/A","NDA","6 POUCH in 1 CARTON (71858-0112-5)  / 5 AMPULE in 1 POUCH (71858-0112-4)  / 1 mL in 1 AMPULE (71858-0112-6)","Thyroxine [CS],  l-Thyroxine [EPC]","N/A","No","12/31/2027"
"Levothyroxine Sodium","0378-1819-10","200 ug/1","TABLET","ORAL","ANDA076187","Mylan Pharmaceuticals Inc.","0378-1819","levothyroxine sodium","LEVOTHYROXINE SODIUM","HUMAN PRESCRIPTION DRUG","11/01/2002","N/A","ANDA","1000 TABLET in 1 BOTTLE, PLASTIC (0378-1819-10)","Thyroxine [CS],  l-Thyroxine [EPC]","N/A","No","12/31/2026"
"Levothyroxine Sodium","0378-1819-77","200 ug/1","TABLET","ORAL","ANDA076187","Mylan Pharmaceuticals Inc.","0378-1819","levothyroxine sodium","LEVOTHYROXINE SODIUM","HUMAN PRESCRIPTION DRUG","08/10/2016","N/A","ANDA","90 TABLET in 1 BOTTLE, PLASTIC (0378-1819-77)","Thyroxine [CS],  l-Thyroxine [EPC]","N/A","No","12/31/2026"
"Levothyroxine Sodium","51655-583-52","150 ug/1","TABLET","ORAL","NDA021342","Northwind Health Company, LLC","51655-583","Levothyroxine Sodium","LEVOTHYROXINE SODIUM","HUMAN PRESCRIPTION DRUG","03/30/2023","N/A","NDA AUTHORIZED GENERIC","30 TABLET in 1 BOTTLE, PLASTIC (51655-583-52)","Thyroxine [CS],  l-Thyroxine [EPC]","N/A","No","12/31/2027"
"Tirosint SOL","71858-0125-2","88 ug/mL","SOLUTION","ORAL","NDA206977","IBSA Pharma Inc.","71858-0125","Levothyroxine Sodium","LEVOTHYROXINE SODIUM","HUMAN PRESCRIPTION DRUG","07/25/2025","N/A","NDA","6 POUCH in 1 CARTON (71858-0125-2)  / 5 AMPULE in 1 POUCH (71858-0125-4)  / 1 mL in 1 AMPULE (71858-0125-6)","Thyroxine [CS],  l-Thyroxine [EPC]","N/A","Yes","12/31/2027"
"Tirosint SOL","71858-0125-5","88 ug/mL","SOLUTION","ORAL","NDA206977","IBSA Pharma Inc.","71858-0125","Levothyroxine Sodium","LEVOTHYROXINE SODIUM","HUMAN PRESCRIPTION DRUG","03/01/2019","N/A","NDA","6 POUCH in 1 CARTON (71858-0125-5)  / 5 AMPULE in 1 POUCH (71858-0125-4)  / 1 mL in 1 AMPULE (71858-0125-6)","Thyroxine [CS],  l-Thyroxine [EPC]","N/A","No","12/31/2027"
"Levothyroxine Sodium","70511-112-10","200 ug/5mL","INJECTION, POWDER, LYOPHILIZED, FOR SOLUTION","INTRAVENOUS","ANDA208749","MAIA Pharmaceuticals, Inc.","70511-112","LEVOTHYROXINE SODIUM ANHYDROUS","LEVOTHYROXINE SODIUM ANHYDROUS","HUMAN PRESCRIPTION DRUG","12/27/2018","N/A","ANDA","1 VIAL, SINGLE-USE in 1 CARTON (70511-112-10)  / 5 mL in 1 VIAL, SINGLE-USE","Thyroxine [CS],  l-Thyroxine [EPC]","N/A","No","12/31/2026"
"Levothyroxine Sodium","51655-578-52","200 ug/1","TABLET","ORAL","NDA021342","Northwind Health Company, LLC","51655-578","Levothyroxine Sodium","LEVOTHYROXINE SODIUM","HUMAN PRESCRIPTION DRUG","03/29/2023","N/A","NDA AUTHORIZED GENERIC","30 TABLET in 1 BOTTLE, PLASTIC (51655-578-52)","Thyroxine [CS],  l-Thyroxine [EPC]","N/A","No","12/31/2027"
"Tirosint SOL","71858-0115-2","50 ug/mL","SOLUTION","ORAL","NDA206977","IBSA Pharma Inc.","71858-0115","Levothyroxine Sodium","LEVOTHYROXINE SODIUM","HUMAN PRESCRIPTION DRUG","07/25/2025","N/A","NDA","6 POUCH in 1 CARTON (71858-0115-2)  / 5 AMPULE in 1 POUCH (71858-0115-4)  / 1 mL in 1 AMPULE (71858-0115-6)","Thyroxine [CS],  l-Thyroxine [EPC]","N/A","Yes","12/31/2027"
"Tirosint SOL","71858-0115-5","50 ug/mL","SOLUTION","ORAL","NDA206977","IBSA Pharma Inc.","71858-0115","Levothyroxine Sodium","LEVOTHYROXINE SODIUM","HUMAN PRESCRIPTION DRUG","03/01/2019","N/A","NDA","6 POUCH in 1 CARTON (71858-0115-5)  / 5 AMPULE in 1 POUCH (71858-0115-4)  / 1 mL in 1 AMPULE (71858-0115-6)","Thyroxine [CS],  l-Thyroxine [EPC]","N/A","No","12/31/2027"
"Levothyroxine Sodium","67046-0569-3",".1 mg/1","TABLET","ORAL","ANDA209713","Coupler LLC","67046-0569","Levothyroxine Sodium","LEVOTHYROXINE SODIUM","HUMAN PRESCRIPTION DRUG","05/27/2026","N/A","ANDA","30 TABLET in 1 BLISTER PACK (67046-0569-3)","Thyroxine [CS],  l-Thyroxine [EPC]","N/A","No","12/31/2027"
"Levothyroxine Sodium","68071-3692-9",".125 mg/1","TABLET","ORAL","ANDA209713","NuCarePharmaceuticals, Inc.","68071-3692","Levothyroxine Sodium","LEVOTHYROXINE SODIUM","HUMAN PRESCRIPTION DRUG","10/02/2024","N/A","ANDA","90 TABLET in 1 BOTTLE (68071-3692-9)","Thyroxine [CS],  l-Thyroxine [EPC]","N/A","No","12/31/2026"
"Levothyroxine Sodium","70511-113-10","500 ug/5mL","INJECTION, POWDER, LYOPHILIZED, FOR SOLUTION","INTRAVENOUS","ANDA208749","MAIA Pharmaceuticals, Inc.","70511-113","LEVOTHYROXINE SODIUM ANHYDROUS","LEVOTHYROXINE SODIUM ANHYDROUS","HUMAN PRESCRIPTION DRUG","12/27/2018","N/A","ANDA","1 VIAL, SINGLE-USE in 1 CARTON (70511-113-10)  / 5 mL in 1 VIAL, SINGLE-USE","Thyroxine [CS],  l-Thyroxine [EPC]","N/A","No","12/31/2026"
"Levothyroxine Sodium","51655-579-52","112 ug/1","TABLET","ORAL","NDA021342","Northwind Health Company, LLC","51655-579","Levothyroxine Sodium","LEVOTHYROXINE SODIUM","HUMAN PRESCRIPTION DRUG","12/28/2022","N/A","NDA AUTHORIZED GENERIC","30 TABLET in 1 BOTTLE, PLASTIC (51655-579-52)","Thyroxine [CS],  l-Thyroxine [EPC]","N/A","No","12/31/2027"
"Tirosint SOL","71858-0117-2","62.5 ug/mL","SOLUTION","ORAL","NDA206977","IBSA Pharma Inc.","71858-0117","Levothyroxine Sodium","LEVOTHYROXINE SODIUM","HUMAN PRESCRIPTION DRUG","07/25/2025","N/A","NDA","6 POUCH in 1 CARTON (71858-0117-2)  / 5 AMPULE in 1 POUCH (71858-0117-4)  / 1 mL in 1 AMPULE (71858-0117-6)","Thyroxine [CS],  l-Thyroxine [EPC]","N/A","Yes","12/31/2027"
"Tirosint SOL","71858-0117-5","62.5 ug/mL","SOLUTION","ORAL","NDA206977","IBSA Pharma Inc.","71858-0117","Levothyroxine Sodium","LEVOTHYROXINE SODIUM","HUMAN PRESCRIPTION DRUG","07/01/2021","N/A","NDA","6 POUCH in 1 CARTON (71858-0117-5)  / 5 AMPULE in 1 POUCH (71858-0117-4)  / 1 mL in 1 AMPULE (71858-0117-6)","Thyroxine [CS],  l-Thyroxine [EPC]","N/A","No","12/31/2027"
"Tirosint SOL","71858-0120-2","75 ug/mL","SOLUTION","ORAL","NDA206977","IBSA Pharma Inc.","71858-0120","Levothyroxine Sodium","LEVOTHYROXINE SODIUM","HUMAN PRESCRIPTION DRUG","07/25/2025","N/A","NDA","6 POUCH in 1 CARTON (71858-0120-2)  / 5 AMPULE in 1 POUCH (71858-0120-4)  / 1 mL in 1 AMPULE (71858-0120-6)","Thyroxine [CS],  l-Thyroxine [EPC]","N/A","Yes","12/31/2027"
"Tirosint SOL","71858-0120-5","75 ug/mL","SOLUTION","ORAL","NDA206977","IBSA Pharma Inc.","71858-0120","Levothyroxine Sodium","LEVOTHYROXINE SODIUM","HUMAN PRESCRIPTION DRUG","03/01/2019","N/A","NDA","6 POUCH in 1 CARTON (71858-0120-5)  / 5 AMPULE in 1 POUCH (71858-0120-4)  / 1 mL in 1 AMPULE (71858-0120-6)","Thyroxine [CS],  l-Thyroxine [EPC]","N/A","No","12/31/2027"
"Tirosint SOL","71858-0140-2","125 ug/mL","SOLUTION","ORAL","NDA206977","IBSA Pharma Inc.","71858-0140","Levothyroxine Sodium","LEVOTHYROXINE SODIUM","HUMAN PRESCRIPTION DRUG","07/25/2025","N/A","NDA","6 POUCH in 1 CARTON (71858-0140-2)  / 5 AMPULE in 1 POUCH (71858-0140-4)  / 1 mL in 1 AMPULE (71858-0140-6)","Thyroxine [CS],  l-Thyroxine [EPC]","N/A","Yes","12/31/2027"
"Tirosint SOL","71858-0140-5","125 ug/mL","SOLUTION","ORAL","NDA206977","IBSA Pharma Inc.","71858-0140","Levothyroxine Sodium","LEVOTHYROXINE SODIUM","HUMAN PRESCRIPTION DRUG","03/01/2019","N/A","NDA","6 POUCH in 1 CARTON (71858-0140-5)  / 5 AMPULE in 1 POUCH (71858-0140-4)  / 1 mL in 1 AMPULE (71858-0140-6)","Thyroxine [CS],  l-Thyroxine [EPC]","N/A","No","12/31/2027"
"Tirosint SOL","71858-0130-2","100 ug/mL","SOLUTION","ORAL","NDA206977","IBSA Pharma Inc.","71858-0130","Levothyroxine Sodium","LEVOTHYROXINE SODIUM","HUMAN PRESCRIPTION DRUG","07/25/2025","N/A","NDA","6 POUCH in 1 CARTON (71858-0130-2)  / 5 AMPULE in 1 POUCH (71858-0130-4)  / 1 mL in 1 AMPULE (71858-0130-6)","Thyroxine [CS],  l-Thyroxine [EPC]","N/A","Yes","12/31/2027"
"Tirosint SOL","71858-0130-5","100 ug/mL","SOLUTION","ORAL","NDA206977","IBSA Pharma Inc.","71858-0130","Levothyroxine Sodium","LEVOTHYROXINE SODIUM","HUMAN PRESCRIPTION DRUG","03/01/2019","N/A","NDA","6 POUCH in 1 CARTON (71858-0130-5)  / 5 AMPULE in 1 POUCH (71858-0130-4)  / 1 mL in 1 AMPULE (71858-0130-6)","Thyroxine [CS],  l-Thyroxine [EPC]","N/A","No","12/31/2027"
"Synthroid","0074-6624-11","100 ug/1","TABLET","ORAL","NDA021402","AbbVie Inc.","0074-6624","Levothyroxine Sodium","LEVOTHYROXINE SODIUM","HUMAN PRESCRIPTION DRUG","07/24/2002","N/A","NDA","10 BLISTER PACK in 1 BOX, UNIT-DOSE (0074-6624-11)  / 10 TABLET in 1 BLISTER PACK","Thyroxine [CS],  l-Thyroxine [EPC]","N/A","No","12/31/2026"
"Synthroid","0074-6624-19","100 ug/1","TABLET","ORAL","NDA021402","AbbVie Inc.","0074-6624","Levothyroxine Sodium","LEVOTHYROXINE SODIUM","HUMAN PRESCRIPTION DRUG","07/24/2002","N/A","NDA","1000 TABLET in 1 BOTTLE (0074-6624-19)","Thyroxine [CS],  l-Thyroxine [EPC]","N/A","No","12/31/2026"
"Synthroid","0074-6624-72","100 ug/1","TABLET","ORAL","NDA021402","AbbVie Inc.","0074-6624","Levothyroxine Sodium","LEVOTHYROXINE SODIUM","HUMAN PRESCRIPTION DRUG","07/24/2002","N/A","NDA","2 BLISTER PACK in 1 CARTON (0074-6624-72)  / 7 TABLET in 1 BLISTER PACK","Thyroxine [CS],  l-Thyroxine [EPC]","N/A","Yes","12/31/2026"
"Synthroid","0074-6624-90","100 ug/1","TABLET","ORAL","NDA021402","AbbVie Inc.","0074-6624","Levothyroxine Sodium","LEVOTHYROXINE SODIUM","HUMAN PRESCRIPTION DRUG","07/24/2002","N/A","NDA","90 TABLET in 1 BOTTLE (0074-6624-90)","Thyroxine [CS],  l-Thyroxine [EPC]","N/A","No","12/31/2026"
"Levothyroxine Sodium","51655-128-52","137 ug/1","TABLET","ORAL","NDA021342","Northwind Health Company, LLC","51655-128","Levothyroxine Sodium","LEVOTHYROXINE SODIUM","HUMAN PRESCRIPTION DRUG","03/06/2023","N/A","NDA AUTHORIZED GENERIC","30 TABLET in 1 BOTTLE, PLASTIC (51655-128-52)","Thyroxine [CS],  l-Thyroxine [EPC]","N/A","No","12/31/2027"
"Tirosint SOL","71858-0135-2","112 ug/mL","SOLUTION","ORAL","NDA206977","IBSA Pharma Inc.","71858-0135","Levothyroxine Sodium","LEVOTHYROXINE SODIUM","HUMAN PRESCRIPTION DRUG","07/25/2025","N/A","NDA","6 POUCH in 1 CARTON (71858-0135-2)  / 5 AMPULE in 1 POUCH (71858-0135-4)  / 1 mL in 1 AMPULE (71858-0135-6)","Thyroxine [CS],  l-Thyroxine [EPC]","N/A","Yes","12/31/2027"
"Tirosint SOL","71858-0135-5","112 ug/mL","SOLUTION","ORAL","NDA206977","IBSA Pharma Inc.","71858-0135","Levothyroxine Sodium","LEVOTHYROXINE SODIUM","HUMAN PRESCRIPTION DRUG","03/01/2019","N/A","NDA","6 POUCH in 1 CARTON (71858-0135-5)  / 5 AMPULE in 1 POUCH (71858-0135-4)  / 1 mL in 1 AMPULE (71858-0135-6)","Thyroxine [CS],  l-Thyroxine [EPC]","N/A","No","12/31/2027"
"Tirosint SOL","71858-0160-2","200 ug/mL","SOLUTION","ORAL","NDA206977","IBSA Pharma Inc.","71858-0160","Levothyroxine Sodium","LEVOTHYROXINE SODIUM","HUMAN PRESCRIPTION DRUG","07/25/2025","N/A","NDA","6 POUCH in 1 CARTON (71858-0160-2)  / 5 AMPULE in 1 POUCH (71858-0160-4)  / 1 mL in 1 AMPULE (71858-0160-6)","Thyroxine [CS],  l-Thyroxine [EPC]","N/A","Yes","12/31/2027"
"Tirosint SOL","71858-0160-5","200 ug/mL","SOLUTION","ORAL","NDA206977","IBSA Pharma Inc.","71858-0160","Levothyroxine Sodium","LEVOTHYROXINE SODIUM","HUMAN PRESCRIPTION DRUG","03/01/2019","N/A","NDA","6 POUCH in 1 CARTON (71858-0160-5)  / 5 AMPULE in 1 POUCH (71858-0160-4)  / 1 mL in 1 AMPULE (71858-0160-6)","Thyroxine [CS],  l-Thyroxine [EPC]","N/A","No","12/31/2027"
"Levothyroxine Sodium","68071-3956-9",".025 mg/1","TABLET","ORAL","ANDA209713","NuCare Pharmaceuticals, Inc.","68071-3956","Levothyroxine Sodium","LEVOTHYROXINE SODIUM","HUMAN PRESCRIPTION DRUG","01/23/2026","N/A","ANDA","90 TABLET in 1 BOTTLE (68071-3956-9)","Thyroxine [CS],  l-Thyroxine [EPC]","N/A","No","12/31/2027"
"Tirosint SOL","71858-0145-2","137 ug/mL","SOLUTION","ORAL","NDA206977","IBSA Pharma Inc.","71858-0145","Levothyroxine Sodium","LEVOTHYROXINE SODIUM","HUMAN PRESCRIPTION DRUG","07/25/2025","N/A","NDA","6 POUCH in 1 CARTON (71858-0145-2)  / 5 AMPULE in 1 POUCH (71858-0145-4)  / 1 mL in 1 AMPULE (71858-0145-6)","Thyroxine [CS],  l-Thyroxine [EPC]","N/A","Yes","12/31/2027"
"Tirosint SOL","71858-0145-5","137 ug/mL","SOLUTION","ORAL","NDA206977","IBSA Pharma Inc.","71858-0145","Levothyroxine Sodium","LEVOTHYROXINE SODIUM","HUMAN PRESCRIPTION DRUG","03/01/2019","N/A","NDA","6 POUCH in 1 CARTON (71858-0145-5)  / 5 AMPULE in 1 POUCH (71858-0145-4)  / 1 mL in 1 AMPULE (71858-0145-6)","Thyroxine [CS],  l-Thyroxine [EPC]","N/A","No","12/31/2027"
"Tirosint SOL","71858-0150-2","150 ug/mL","SOLUTION","ORAL","NDA206977","IBSA Pharma Inc.","71858-0150","Levothyroxine Sodium","LEVOTHYROXINE SODIUM","HUMAN PRESCRIPTION DRUG","07/25/2025","N/A","NDA","6 POUCH in 1 CARTON (71858-0150-2)  / 5 AMPULE in 1 POUCH (71858-0150-4)  / 1 mL in 1 AMPULE (71858-0150-6)","Thyroxine [CS],  l-Thyroxine [EPC]","N/A","Yes","12/31/2027"
"Tirosint SOL","71858-0150-5","150 ug/mL","SOLUTION","ORAL","NDA206977","IBSA Pharma Inc.","71858-0150","Levothyroxine Sodium","LEVOTHYROXINE SODIUM","HUMAN PRESCRIPTION DRUG","03/01/2019","N/A","NDA","6 POUCH in 1 CARTON (71858-0150-5)  / 5 AMPULE in 1 POUCH (71858-0150-4)  / 1 mL in 1 AMPULE (71858-0150-6)","Thyroxine [CS],  l-Thyroxine [EPC]","N/A","No","12/31/2027"
"Levothyroxine Sodium","82804-222-30","100 ug/1","TABLET","ORAL","NDA021342","Proficient Rx LP","82804-222","Levothyroxine Sodium","LEVOTHYROXINE SODIUM","HUMAN PRESCRIPTION DRUG","08/19/2025","N/A","NDA AUTHORIZED GENERIC","30 TABLET in 1 BOTTLE (82804-222-30)","Thyroxine [CS],  l-Thyroxine [EPC]","N/A","No","12/31/2026"
"Levothyroxine Sodium","82804-222-90","100 ug/1","TABLET","ORAL","NDA021342","Proficient Rx LP","82804-222","Levothyroxine Sodium","LEVOTHYROXINE SODIUM","HUMAN PRESCRIPTION DRUG","04/24/2025","N/A","NDA AUTHORIZED GENERIC","90 TABLET in 1 BOTTLE (82804-222-90)","Thyroxine [CS],  l-Thyroxine [EPC]","N/A","No","12/31/2026"
"Tirosint SOL","71858-0155-2","175 ug/mL","SOLUTION","ORAL","NDA206977","IBSA Pharma Inc.","71858-0155","Levothyroxine Sodium","LEVOTHYROXINE SODIUM","HUMAN PRESCRIPTION DRUG","07/25/2025","N/A","NDA","6 POUCH in 1 CARTON (71858-0155-2)  / 5 AMPULE in 1 POUCH (71858-0155-4)  / 1 mL in 1 AMPULE (71858-0155-6)","Thyroxine [CS],  l-Thyroxine [EPC]","N/A","Yes","12/31/2027"
"Tirosint SOL","71858-0155-5","175 ug/mL","SOLUTION","ORAL","NDA206977","IBSA Pharma Inc.","71858-0155","Levothyroxine Sodium","LEVOTHYROXINE SODIUM","HUMAN PRESCRIPTION DRUG","03/01/2019","N/A","NDA","6 POUCH in 1 CARTON (71858-0155-5)  / 5 AMPULE in 1 POUCH (71858-0155-4)  / 1 mL in 1 AMPULE (71858-0155-6)","Thyroxine [CS],  l-Thyroxine [EPC]","N/A","No","12/31/2027"
"Levothyroxine Sodium","51655-604-52","112 ug/1","TABLET","ORAL","ANDA076187","Northwind Health Company, LLC","51655-604","levothyroxine sodium","LEVOTHYROXINE SODIUM","HUMAN PRESCRIPTION DRUG","02/18/2021","N/A","ANDA","30 TABLET in 1 BOTTLE, PLASTIC (51655-604-52)","Thyroxine [CS],  l-Thyroxine [EPC]","N/A","No","12/31/2027"
"Levothyroxine Sodium","71335-1940-1","200 ug/1","TABLET","ORAL","NDA021342","Bryant Ranch Prepack","71335-1940","Levothyroxine Sodium","LEVOTHYROXINE SODIUM","HUMAN PRESCRIPTION DRUG","09/10/2021","N/A","NDA AUTHORIZED GENERIC","100 TABLET in 1 BOTTLE (71335-1940-1)","Thyroxine [CS],  l-Thyroxine [EPC]","N/A","No","12/31/2026"
"Levothyroxine Sodium","71335-1940-2","200 ug/1","TABLET","ORAL","NDA021342","Bryant Ranch Prepack","71335-1940","Levothyroxine Sodium","LEVOTHYROXINE SODIUM","HUMAN PRESCRIPTION DRUG","09/10/2021","N/A","NDA AUTHORIZED GENERIC","30 TABLET in 1 BOTTLE (71335-1940-2)","Thyroxine [CS],  l-Thyroxine [EPC]","N/A","No","12/31/2026"
"Levothyroxine Sodium","71335-1940-3","200 ug/1","TABLET","ORAL","NDA021342","Bryant Ranch Prepack","71335-1940","Levothyroxine Sodium","LEVOTHYROXINE SODIUM","HUMAN PRESCRIPTION DRUG","09/10/2021","N/A","NDA AUTHORIZED GENERIC","90 TABLET in 1 BOTTLE (71335-1940-3)","Thyroxine [CS],  l-Thyroxine [EPC]","N/A","No","12/31/2026"
"Levothyroxine Sodium","71335-1940-4","200 ug/1","TABLET","ORAL","NDA021342","Bryant Ranch Prepack","71335-1940","Levothyroxine Sodium","LEVOTHYROXINE SODIUM","HUMAN PRESCRIPTION DRUG","09/10/2021","N/A","NDA AUTHORIZED GENERIC","60 TABLET in 1 BOTTLE (71335-1940-4)","Thyroxine [CS],  l-Thyroxine [EPC]","N/A","No","12/31/2026"
"Levothyroxine Sodium","71335-1940-5","200 ug/1","TABLET","ORAL","NDA021342","Bryant Ranch Prepack","71335-1940","Levothyroxine Sodium","LEVOTHYROXINE SODIUM","HUMAN PRESCRIPTION DRUG","09/10/2021","N/A","NDA AUTHORIZED GENERIC","18 TABLET in 1 BOTTLE (71335-1940-5)","Thyroxine [CS],  l-Thyroxine [EPC]","N/A","No","12/31/2026"
"Levothyroxine Sodium","0378-1821-77","300 ug/1","TABLET","ORAL","ANDA076187","Mylan Pharmaceuticals Inc.","0378-1821","levothyroxine sodium","LEVOTHYROXINE SODIUM","HUMAN PRESCRIPTION DRUG","05/27/2016","N/A","ANDA","90 TABLET in 1 BOTTLE, PLASTIC (0378-1821-77)","Thyroxine [CS],  l-Thyroxine [EPC]","N/A","No","12/31/2026"
"levothyroxine sodium","47781-640-10","25 ug/1","TABLET","ORAL","NDA021116","Alvogen, Inc.","47781-640","levothyroxine sodium","LEVOTHYROXINE SODIUM","HUMAN PRESCRIPTION DRUG","05/07/2019","N/A","NDA","1000 TABLET in 1 BOTTLE (47781-640-10)","Thyroxine [CS],  l-Thyroxine [EPC]","N/A","No","12/31/2027"
"levothyroxine sodium","47781-640-90","25 ug/1","TABLET","ORAL","NDA021116","Alvogen, Inc.","47781-640","levothyroxine sodium","LEVOTHYROXINE SODIUM","HUMAN PRESCRIPTION DRUG","05/07/2019","N/A","NDA","90 TABLET in 1 BOTTLE (47781-640-90)","Thyroxine [CS],  l-Thyroxine [EPC]","N/A","No","12/31/2027"
"LEVOTHYROXINE SODIUM","72189-206-30","100 ug/1","TABLET","ORAL","NDA021116","DIRECT RX","72189-206","LEVOTHYROXINE SODIUM","LEVOTHYROXINE SODIUM","HUMAN PRESCRIPTION DRUG","06/03/2021","N/A","NDA","30 TABLET in 1 BOTTLE (72189-206-30)","Thyroxine [CS],  l-Thyroxine [EPC]","N/A","No","12/31/2026"
"LEVOTHYROXINE SODIUM","72189-206-90","100 ug/1","TABLET","ORAL","NDA021116","DIRECT RX","72189-206","LEVOTHYROXINE SODIUM","LEVOTHYROXINE SODIUM","HUMAN PRESCRIPTION DRUG","06/03/2021","N/A","NDA","90 TABLET in 1 BOTTLE (72189-206-90)","Thyroxine [CS],  l-Thyroxine [EPC]","N/A","No","12/31/2026"
"Levothyroxine Sodium","68071-3717-9",".1 mg/1","TABLET","ORAL","ANDA209713","NuCare Pharmaceuticals, Inc.","68071-3717","Levothyroxine Sodium","LEVOTHYROXINE SODIUM","HUMAN PRESCRIPTION DRUG","11/06/2024","N/A","ANDA","90 TABLET in 1 BOTTLE (68071-3717-9)","Thyroxine [CS],  l-Thyroxine [EPC]","N/A","No","12/31/2026"
"Levothyroxine Sodium","55154-4376-0","125 ug/1","TABLET","ORAL","ANDA076187","Cardinal Health 107, LLC","55154-4376","levothyroxine sodium","LEVOTHYROXINE SODIUM","HUMAN PRESCRIPTION DRUG","10/29/2010","N/A","ANDA","10 BLISTER PACK in 1 BAG (55154-4376-0)  / 1 TABLET in 1 BLISTER PACK","Thyroxine [CS],  l-Thyroxine [EPC]","N/A","No","12/31/2027"
"Levothyroxine Sodium","55154-4377-0","150 ug/1","TABLET","ORAL","ANDA076187","Cardinal Health 107, LLC","55154-4377","levothyroxine sodium","LEVOTHYROXINE SODIUM","HUMAN PRESCRIPTION DRUG","10/29/2010","N/A","ANDA","10 BLISTER PACK in 1 BAG (55154-4377-0)  / 1 TABLET in 1 BLISTER PACK","Thyroxine [CS],  l-Thyroxine [EPC]","N/A","No","12/31/2027"
"Levothyroxine sodium","71335-1945-1","125 ug/1","TABLET","ORAL","ANDA212399","Bryant Ranch Prepack","71335-1945","Levothyroxine Sodium","LEVOTHYROXINE SODIUM","HUMAN PRESCRIPTION DRUG","11/23/2021","N/A","ANDA","30 TABLET in 1 BOTTLE (71335-1945-1)","Thyroxine [CS],  l-Thyroxine [EPC]","N/A","No","12/31/2026"
"Levothyroxine sodium","71335-1945-2","125 ug/1","TABLET","ORAL","ANDA212399","Bryant Ranch Prepack","71335-1945","Levothyroxine Sodium","LEVOTHYROXINE SODIUM","HUMAN PRESCRIPTION DRUG","12/11/2024","N/A","ANDA","100 TABLET in 1 BOTTLE (71335-1945-2)","Thyroxine [CS],  l-Thyroxine [EPC]","N/A","No","12/31/2026"
"Levothyroxine sodium","71335-1945-3","125 ug/1","TABLET","ORAL","ANDA212399","Bryant Ranch Prepack","71335-1945","Levothyroxine Sodium","LEVOTHYROXINE SODIUM","HUMAN PRESCRIPTION DRUG","10/27/2021","N/A","ANDA","90 TABLET in 1 BOTTLE (71335-1945-3)","Thyroxine [CS],  l-Thyroxine [EPC]","N/A","No","12/31/2026"
"Levothyroxine sodium","71335-1945-4","125 ug/1","TABLET","ORAL","ANDA212399","Bryant Ranch Prepack","71335-1945","Levothyroxine Sodium","LEVOTHYROXINE SODIUM","HUMAN PRESCRIPTION DRUG","12/11/2024","N/A","ANDA","60 TABLET in 1 BOTTLE (71335-1945-4)","Thyroxine [CS],  l-Thyroxine [EPC]","N/A","No","12/31/2026"
"Levothyroxine sodium","71335-1945-5","125 ug/1","TABLET","ORAL","ANDA212399","Bryant Ranch Prepack","71335-1945","Levothyroxine Sodium","LEVOTHYROXINE SODIUM","HUMAN PRESCRIPTION DRUG","12/11/2024","N/A","ANDA","28 TABLET in 1 BOTTLE (71335-1945-5)","Thyroxine [CS],  l-Thyroxine [EPC]","N/A","No","12/31/2026"
"Levothyroxine Sodium","24201-002-01","100 ug/mL","INJECTION, SOLUTION","INTRAVENOUS","NDA214253","Hikma Pharmaceuticals USA Inc.","24201-002","LEVOTHYROXINE SODIUM","LEVOTHYROXINE SODIUM","HUMAN PRESCRIPTION DRUG","11/15/2022","N/A","NDA","1 VIAL, SINGLE-DOSE in 1 CARTON (24201-002-01)  / 2 mL in 1 VIAL, SINGLE-DOSE","Thyroxine [CS],  l-Thyroxine [EPC]","N/A","No","12/31/2026"
"levothyroxine sodium","47781-651-10","100 ug/1","TABLET","ORAL","NDA021116","Alvogen, Inc.","47781-651","levothyroxine sodium","LEVOTHYROXINE SODIUM","HUMAN PRESCRIPTION DRUG","05/07/2019","N/A","NDA","1000 TABLET in 1 BOTTLE (47781-651-10)","Thyroxine [CS],  l-Thyroxine [EPC]","N/A","No","12/31/2027"
"levothyroxine sodium","47781-651-90","100 ug/1","TABLET","ORAL","NDA021116","Alvogen, Inc.","47781-651","levothyroxine sodium","LEVOTHYROXINE SODIUM","HUMAN PRESCRIPTION DRUG","05/07/2019","N/A","NDA","90 TABLET in 1 BOTTLE (47781-651-90)","Thyroxine [CS],  l-Thyroxine [EPC]","N/A","No","12/31/2027"
"LEVOTHYROXINE SODIUM","72603-662-01","75 ug/1","TABLET","ORAL","ANDA211417","NorthStar RxLLC","72603-662","LEVOTHYROXINE SODIUM","LEVOTHYROXINE SODIUM","HUMAN PRESCRIPTION DRUG","04/08/2025","N/A","ANDA","1000 TABLET in 1 BOTTLE (72603-662-01)","Thyroxine [CS],  l-Thyroxine [EPC]","N/A","No","12/31/2027"
"LEVOTHYROXINE SODIUM","72603-662-02","75 ug/1","TABLET","ORAL","ANDA211417","NorthStar RxLLC","72603-662","LEVOTHYROXINE SODIUM","LEVOTHYROXINE SODIUM","HUMAN PRESCRIPTION DRUG","03/31/2026","N/A","ANDA","90 TABLET in 1 BOTTLE (72603-662-02)","Thyroxine [CS],  l-Thyroxine [EPC]","N/A","No","12/31/2027"
"LEVOTHYROXINE SODIUM","72603-662-11","75 ug/1","TABLET","ORAL","ANDA211417","NorthStar RxLLC","72603-662","LEVOTHYROXINE SODIUM","LEVOTHYROXINE SODIUM","HUMAN PRESCRIPTION DRUG","08/20/2026","N/A","ANDA","10 CARTON in 1 CARTON (72603-662-11)  / 10 TABLET in 1 CARTON (72603-662-10)","Thyroxine [CS],  l-Thyroxine [EPC]","N/A","No","12/31/2027"
"levothyroxine sodium","47781-643-10","50 ug/1","TABLET","ORAL","NDA021116","Alvogen, Inc.","47781-643","levothyroxine sodium","LEVOTHYROXINE SODIUM","HUMAN PRESCRIPTION DRUG","05/07/2019","N/A","NDA","1000 TABLET in 1 BOTTLE (47781-643-10)","Thyroxine [CS],  l-Thyroxine [EPC]","N/A","No","12/31/2027"
"levothyroxine sodium","47781-643-90","50 ug/1","TABLET","ORAL","NDA021116","Alvogen, Inc.","47781-643","levothyroxine sodium","LEVOTHYROXINE SODIUM","HUMAN PRESCRIPTION DRUG","05/07/2019","N/A","NDA","90 TABLET in 1 BOTTLE (47781-643-90)","Thyroxine [CS],  l-Thyroxine [EPC]","N/A","No","12/31/2027"
"Levothyroxine Sodium","68788-8896-3",".075 mg/1","TABLET","ORAL","ANDA209713","Preferred Pharmaceuticals Inc.","68788-8896","Levothyroxine Sodium","LEVOTHYROXINE SODIUM","HUMAN PRESCRIPTION DRUG","07/03/2025","N/A","ANDA","30 TABLET in 1 BOTTLE (68788-8896-3)","Thyroxine [CS],  l-Thyroxine [EPC]","N/A","No","12/31/2026"
"Levothyroxine Sodium","68788-8896-9",".075 mg/1","TABLET","ORAL","ANDA209713","Preferred Pharmaceuticals Inc.","68788-8896","Levothyroxine Sodium","LEVOTHYROXINE SODIUM","HUMAN PRESCRIPTION DRUG","07/03/2025","N/A","ANDA","90 TABLET in 1 BOTTLE (68788-8896-9)","Thyroxine [CS],  l-Thyroxine [EPC]","N/A","No","12/31/2026"
"LEVOTHYROXINE SODIUM","70771-1818-1","100 ug/5mL","INJECTION, POWDER, LYOPHILIZED, FOR SOLUTION","INTRAVENOUS","ANDA217066","Zydus Lifesciences Limited","70771-1818","levothyroxine sodium","LEVOTHYROXINE SODIUM ANHYDROUS","HUMAN PRESCRIPTION DRUG","11/01/2024","N/A","ANDA","1 VIAL, SINGLE-DOSE in 1 CARTON (70771-1818-1)  / 5 mL in 1 VIAL, SINGLE-DOSE","Thyroxine [CS],  l-Thyroxine [EPC]","N/A","No","12/31/2026"
"levothyroxine sodium","47781-646-10","75 ug/1","TABLET","ORAL","NDA021116","Alvogen, Inc.","47781-646","levothyroxine sodium","LEVOTHYROXINE SODIUM","HUMAN PRESCRIPTION DRUG","05/07/2019","N/A","NDA","1000 TABLET in 1 BOTTLE (47781-646-10)","Thyroxine [CS],  l-Thyroxine [EPC]","N/A","No","12/31/2027"
"levothyroxine sodium","47781-646-90","75 ug/1","TABLET","ORAL","NDA021116","Alvogen, Inc.","47781-646","levothyroxine sodium","LEVOTHYROXINE SODIUM","HUMAN PRESCRIPTION DRUG","05/07/2019","N/A","NDA","90 TABLET in 1 BOTTLE (47781-646-90)","Thyroxine [CS],  l-Thyroxine [EPC]","N/A","No","12/31/2027"
"Levothyroxine sodium","71335-1947-1","150 ug/1","TABLET","ORAL","ANDA212399","Bryant Ranch Prepack","71335-1947","Levothyroxine Sodium","LEVOTHYROXINE SODIUM","HUMAN PRESCRIPTION DRUG","01/13/2022","N/A","ANDA","30 TABLET in 1 BOTTLE (71335-1947-1)","Thyroxine [CS],  l-Thyroxine [EPC]","N/A","No","12/31/2026"
"Levothyroxine sodium","71335-1947-2","150 ug/1","TABLET","ORAL","ANDA212399","Bryant Ranch Prepack","71335-1947","Levothyroxine Sodium","LEVOTHYROXINE SODIUM","HUMAN PRESCRIPTION DRUG","12/11/2024","N/A","ANDA","100 TABLET in 1 BOTTLE (71335-1947-2)","Thyroxine [CS],  l-Thyroxine [EPC]","N/A","No","12/31/2026"
"Levothyroxine sodium","71335-1947-3","150 ug/1","TABLET","ORAL","ANDA212399","Bryant Ranch Prepack","71335-1947","Levothyroxine Sodium","LEVOTHYROXINE SODIUM","HUMAN PRESCRIPTION DRUG","09/14/2021","N/A","ANDA","90 TABLET in 1 BOTTLE (71335-1947-3)","Thyroxine [CS],  l-Thyroxine [EPC]","N/A","No","12/31/2026"
"Levothyroxine sodium","71335-1947-4","150 ug/1","TABLET","ORAL","ANDA212399","Bryant Ranch Prepack","71335-1947","Levothyroxine Sodium","LEVOTHYROXINE SODIUM","HUMAN PRESCRIPTION DRUG","12/11/2024","N/A","ANDA","60 TABLET in 1 BOTTLE (71335-1947-4)","Thyroxine [CS],  l-Thyroxine [EPC]","N/A","No","12/31/2026"
"LEVOTHYROXINE SODIUM","72603-660-01","25 ug/1","TABLET","ORAL","ANDA211417","NorthStar RxLLC","72603-660","LEVOTHYROXINE SODIUM","LEVOTHYROXINE SODIUM","HUMAN PRESCRIPTION DRUG","04/08/2025","N/A","ANDA","90 TABLET in 1 BOTTLE (72603-660-01)","Thyroxine [CS],  l-Thyroxine [EPC]","N/A","No","12/31/2027"
"LEVOTHYROXINE SODIUM","72603-660-02","25 ug/1","TABLET","ORAL","ANDA211417","NorthStar RxLLC","72603-660","LEVOTHYROXINE SODIUM","LEVOTHYROXINE SODIUM","HUMAN PRESCRIPTION DRUG","04/08/2025","N/A","ANDA","1000 TABLET in 1 BOTTLE (72603-660-02)","Thyroxine [CS],  l-Thyroxine [EPC]","N/A","No","12/31/2027"
"LEVOTHYROXINE SODIUM","72603-660-11","25 ug/1","TABLET","ORAL","ANDA211417","NorthStar RxLLC","72603-660","LEVOTHYROXINE SODIUM","LEVOTHYROXINE SODIUM","HUMAN PRESCRIPTION DRUG","08/20/2026","N/A","ANDA","10 BLISTER PACK in 1 CARTON (72603-660-11)  / 10 TABLET in 1 BLISTER PACK (72603-660-10)","Thyroxine [CS],  l-Thyroxine [EPC]","N/A","No","12/31/2027"
"levothyroxine sodium","47781-649-10","88 ug/1","TABLET","ORAL","NDA021116","Alvogen, Inc.","47781-649","levothyroxine sodium","LEVOTHYROXINE SODIUM","HUMAN PRESCRIPTION DRUG","05/07/2019","N/A","NDA","1000 TABLET in 1 BOTTLE (47781-649-10)","Thyroxine [CS],  l-Thyroxine [EPC]","N/A","No","12/31/2027"
"levothyroxine sodium","47781-649-90","88 ug/1","TABLET","ORAL","NDA021116","Alvogen, Inc.","47781-649","levothyroxine sodium","LEVOTHYROXINE SODIUM","HUMAN PRESCRIPTION DRUG","05/07/2019","N/A","NDA","90 TABLET in 1 BOTTLE (47781-649-90)","Thyroxine [CS],  l-Thyroxine [EPC]","N/A","No","12/31/2027"
"LEVOTHYROXINE SODIUM","72603-661-01","50 ug/1","TABLET","ORAL","ANDA211417","NorthStar RxLLC","72603-661","LEVOTHYROXINE SODIUM","LEVOTHYROXINE SODIUM","HUMAN PRESCRIPTION DRUG","04/08/2025","N/A","ANDA","1000 TABLET in 1 BOTTLE (72603-661-01)","Thyroxine [CS],  l-Thyroxine [EPC]","N/A","No","12/31/2027"
"LEVOTHYROXINE SODIUM","72603-661-02","50 ug/1","TABLET","ORAL","ANDA211417","NorthStar RxLLC","72603-661","LEVOTHYROXINE SODIUM","LEVOTHYROXINE SODIUM","HUMAN PRESCRIPTION DRUG","03/31/2026","N/A","ANDA","90 TABLET in 1 BOTTLE (72603-661-02)","Thyroxine [CS],  l-Thyroxine [EPC]","N/A","No","12/31/2027"
"LEVOTHYROXINE SODIUM","72603-661-11","50 ug/1","TABLET","ORAL","ANDA211417","NorthStar RxLLC","72603-661","LEVOTHYROXINE SODIUM","LEVOTHYROXINE SODIUM","HUMAN PRESCRIPTION DRUG","08/20/2026","N/A","ANDA","10 BLISTER PACK in 1 CARTON (72603-661-11)  / 10 TABLET in 1 BLISTER PACK (72603-661-10)","Thyroxine [CS],  l-Thyroxine [EPC]","N/A","No","12/31/2027"
"Levothyroxine Sodium","66794-201-02","500 ug/5mL","INJECTION","INTRAVENOUS","ANDA206163","Piramal Critical Care, Inc.","66794-201","Levothyroxine Sodium","LEVOTHYROXINE SODIUM ANHYDROUS","HUMAN PRESCRIPTION DRUG","10/01/2022","N/A","ANDA","5 mL in 1 VIAL, SINGLE-USE (66794-201-02)","Thyroxine [CS],  l-Thyroxine [EPC]","N/A","No","12/31/2026"
"levothyroxine sodium","47781-657-10","125 ug/1","TABLET","ORAL","NDA021116","Alvogen, Inc.","47781-657","levothyroxine sodium","LEVOTHYROXINE SODIUM","HUMAN PRESCRIPTION DRUG","05/07/2019","N/A","NDA","1000 TABLET in 1 BOTTLE (47781-657-10)","Thyroxine [CS],  l-Thyroxine [EPC]","N/A","No","12/31/2027"
"levothyroxine sodium","47781-657-90","125 ug/1","TABLET","ORAL","NDA021116","Alvogen, Inc.","47781-657","levothyroxine sodium","LEVOTHYROXINE SODIUM","HUMAN PRESCRIPTION DRUG","05/07/2019","N/A","NDA","90 TABLET in 1 BOTTLE (47781-657-90)","Thyroxine [CS],  l-Thyroxine [EPC]","N/A","No","12/31/2027"
"Levothyroxine Sodium","71335-1955-1","112 ug/1","TABLET","ORAL","NDA021342","Bryant Ranch Prepack","71335-1955","Levothyroxine Sodium","LEVOTHYROXINE SODIUM","HUMAN PRESCRIPTION DRUG","09/28/2021","N/A","NDA AUTHORIZED GENERIC","30 TABLET in 1 BOTTLE (71335-1955-1)","Thyroxine [CS],  l-Thyroxine [EPC]","N/A","No","12/31/2027"
"Levothyroxine Sodium","71335-1955-2","112 ug/1","TABLET","ORAL","NDA021342","Bryant Ranch Prepack","71335-1955","Levothyroxine Sodium","LEVOTHYROXINE SODIUM","HUMAN PRESCRIPTION DRUG","09/28/2021","N/A","NDA AUTHORIZED GENERIC","90 TABLET in 1 BOTTLE (71335-1955-2)","Thyroxine [CS],  l-Thyroxine [EPC]","N/A","No","12/31/2027"
"Levothyroxine Sodium","71335-1955-3","112 ug/1","TABLET","ORAL","NDA021342","Bryant Ranch Prepack","71335-1955","Levothyroxine Sodium","LEVOTHYROXINE SODIUM","HUMAN PRESCRIPTION DRUG","09/28/2021","N/A","NDA AUTHORIZED GENERIC","60 TABLET in 1 BOTTLE (71335-1955-3)","Thyroxine [CS],  l-Thyroxine [EPC]","N/A","No","12/31/2027"
"Levothyroxine Sodium","71335-1955-4","112 ug/1","TABLET","ORAL","NDA021342","Bryant Ranch Prepack","71335-1955","Levothyroxine Sodium","LEVOTHYROXINE SODIUM","HUMAN PRESCRIPTION DRUG","09/28/2021","N/A","NDA AUTHORIZED GENERIC","18 TABLET in 1 BOTTLE (71335-1955-4)","Thyroxine [CS],  l-Thyroxine [EPC]","N/A","No","12/31/2027"
"Levothyroxine Sodium","71335-1955-5","112 ug/1","TABLET","ORAL","NDA021342","Bryant Ranch Prepack","71335-1955","Levothyroxine Sodium","LEVOTHYROXINE SODIUM","HUMAN PRESCRIPTION DRUG","09/28/2021","N/A","NDA AUTHORIZED GENERIC","100 TABLET in 1 BOTTLE (71335-1955-5)","Thyroxine [CS],  l-Thyroxine [EPC]","N/A","No","12/31/2027"
"LEVOTHYROXINE SODIUM","72603-666-01","125 ug/1","TABLET","ORAL","ANDA211417","NorthStar RxLLC","72603-666","LEVOTHYROXINE SODIUM","LEVOTHYROXINE SODIUM","HUMAN PRESCRIPTION DRUG","04/08/2025","N/A","ANDA","1000 TABLET in 1 BOTTLE (72603-666-01)","Thyroxine [CS],  l-Thyroxine [EPC]","N/A","No","12/31/2027"
"LEVOTHYROXINE SODIUM","72603-666-02","125 ug/1","TABLET","ORAL","ANDA211417","NorthStar RxLLC","72603-666","LEVOTHYROXINE SODIUM","LEVOTHYROXINE SODIUM","HUMAN PRESCRIPTION DRUG","03/31/2026","N/A","ANDA","90 TABLET in 1 BOTTLE (72603-666-02)","Thyroxine [CS],  l-Thyroxine [EPC]","N/A","No","12/31/2027"
"LEVOTHYROXINE SODIUM","72603-666-11","125 ug/1","TABLET","ORAL","ANDA211417","NorthStar RxLLC","72603-666","LEVOTHYROXINE SODIUM","LEVOTHYROXINE SODIUM","HUMAN PRESCRIPTION DRUG","08/20/2026","N/A","ANDA","10 BLISTER PACK in 1 CARTON (72603-666-11)  / 10 TABLET in 1 BLISTER PACK (72603-666-10)","Thyroxine [CS],  l-Thyroxine [EPC]","N/A","No","12/31/2027"
"LEVOTHYROXINE SODIUM","33342-396-10","88 ug/1","TABLET","ORAL","ANDA211417","Macleods Pharmaceuticals Limited","33342-396","LEVOTHYROXINE SODIUM","LEVOTHYROXINE SODIUM","HUMAN PRESCRIPTION DRUG","12/21/2022","N/A","ANDA","90 TABLET in 1 BOTTLE (33342-396-10)","Thyroxine [CS],  l-Thyroxine [EPC]","N/A","No","12/31/2026"
"LEVOTHYROXINE SODIUM","33342-396-11","88 ug/1","TABLET","ORAL","ANDA211417","Macleods Pharmaceuticals Limited","33342-396","LEVOTHYROXINE SODIUM","LEVOTHYROXINE SODIUM","HUMAN PRESCRIPTION DRUG","12/21/2022","N/A","ANDA","100 TABLET in 1 BOTTLE (33342-396-11)","Thyroxine [CS],  l-Thyroxine [EPC]","N/A","No","12/31/2026"
"LEVOTHYROXINE SODIUM","33342-396-44","88 ug/1","TABLET","ORAL","ANDA211417","Macleods Pharmaceuticals Limited","33342-396","LEVOTHYROXINE SODIUM","LEVOTHYROXINE SODIUM","HUMAN PRESCRIPTION DRUG","01/24/2023","N/A","ANDA","1000 TABLET in 1 BOTTLE (33342-396-44)","Thyroxine [CS],  l-Thyroxine [EPC]","N/A","No","12/31/2026"
"Levothyroxine Sodium","63323-885-10","20 ug/mL","INJECTION, SOLUTION","INTRAVENOUS","NDA210632","Fresenius Kabi USA, LLC","63323-885","Levothyroxine Sodium","LEVOTHYROXINE SODIUM","HUMAN PRESCRIPTION DRUG","05/29/2018","N/A","NDA","1 VIAL, SINGLE-DOSE in 1 CARTON (63323-885-10)  / 5 mL in 1 VIAL, SINGLE-DOSE","Thyroxine [CS],  l-Thyroxine [EPC]","N/A","No","12/31/2026"
"Levothyroxine Sodium","71335-2994-1","200 ug/1","TABLET","ORAL","NDA021342","Bryant Ranch Prepack","71335-2994","Levothyroxine Sodium","LEVOTHYROXINE SODIUM","HUMAN PRESCRIPTION DRUG","04/16/2026","N/A","NDA AUTHORIZED GENERIC","30 TABLET in 1 BOTTLE (71335-2994-1)","Thyroxine [CS],  l-Thyroxine [EPC]","N/A","No","12/31/2027"
"LEVOTHYROXINE SODIUM","72603-663-01","88 ug/1","TABLET","ORAL","ANDA211417","NorthStar RxLLC","72603-663","LEVOTHYROXINE SODIUM","LEVOTHYROXINE SODIUM","HUMAN PRESCRIPTION DRUG","04/08/2025","N/A","ANDA","1000 TABLET in 1 BOTTLE (72603-663-01)","Thyroxine [CS],  l-Thyroxine [EPC]","N/A","No","12/31/2027"
"LEVOTHYROXINE SODIUM","72603-663-02","88 ug/1","TABLET","ORAL","ANDA211417","NorthStar RxLLC","72603-663","LEVOTHYROXINE SODIUM","LEVOTHYROXINE SODIUM","HUMAN PRESCRIPTION DRUG","03/31/2026","N/A","ANDA","90 TABLET in 1 BOTTLE (72603-663-02)","Thyroxine [CS],  l-Thyroxine [EPC]","N/A","No","12/31/2027"
"LEVOTHYROXINE SODIUM","72603-663-11","88 ug/1","TABLET","ORAL","ANDA211417","NorthStar RxLLC","72603-663","LEVOTHYROXINE SODIUM","LEVOTHYROXINE SODIUM","HUMAN PRESCRIPTION DRUG","08/20/2026","N/A","ANDA","10 BLISTER PACK in 1 CARTON (72603-663-11)  / 10 TABLET in 1 BLISTER PACK (72603-663-10)","Thyroxine [CS],  l-Thyroxine [EPC]","N/A","No","12/31/2027"
"LEVOTHYROXINE SODIUM","33342-393-10","25 ug/1","TABLET","ORAL","ANDA211417","Macleods Pharmaceuticals Limited","33342-393","LEVOTHYROXINE SODIUM","LEVOTHYROXINE SODIUM","HUMAN PRESCRIPTION DRUG","12/21/2022","N/A","ANDA","90 TABLET in 1 BOTTLE (33342-393-10)","Thyroxine [CS],  l-Thyroxine [EPC]","N/A","No","12/31/2026"
"LEVOTHYROXINE SODIUM","33342-393-11","25 ug/1","TABLET","ORAL","ANDA211417","Macleods Pharmaceuticals Limited","33342-393","LEVOTHYROXINE SODIUM","LEVOTHYROXINE SODIUM","HUMAN PRESCRIPTION DRUG","12/21/2022","N/A","ANDA","100 TABLET in 1 BOTTLE (33342-393-11)","Thyroxine [CS],  l-Thyroxine [EPC]","N/A","No","12/31/2026"
"LEVOTHYROXINE SODIUM","33342-393-44","25 ug/1","TABLET","ORAL","ANDA211417","Macleods Pharmaceuticals Limited","33342-393","LEVOTHYROXINE SODIUM","LEVOTHYROXINE SODIUM","HUMAN PRESCRIPTION DRUG","01/24/2023","N/A","ANDA","1000 TABLET in 1 BOTTLE (33342-393-44)","Thyroxine [CS],  l-Thyroxine [EPC]","N/A","No","12/31/2026"
"Levothyroxine Sodium","66794-200-02","100 ug/5mL","INJECTION","INTRAVENOUS","ANDA206163","Piramal Critical Care, Inc.","66794-200","Levothyroxine Sodium","LEVOTHYROXINE SODIUM ANHYDROUS","HUMAN PRESCRIPTION DRUG","10/01/2022","N/A","ANDA","5 mL in 1 VIAL, SINGLE-USE (66794-200-02)","Thyroxine [CS],  l-Thyroxine [EPC]","N/A","No","12/31/2026"
"Levothyroxine Sodium","0378-1823-10","137 ug/1","TABLET","ORAL","ANDA076187","Mylan Pharmaceuticals Inc.","0378-1823","levothyroxine sodium","LEVOTHYROXINE SODIUM","HUMAN PRESCRIPTION DRUG","02/26/2008","N/A","ANDA","1000 TABLET in 1 BOTTLE, PLASTIC (0378-1823-10)","Thyroxine [CS],  l-Thyroxine [EPC]","N/A","No","12/31/2026"
"Levothyroxine Sodium","0378-1823-77","137 ug/1","TABLET","ORAL","ANDA076187","Mylan Pharmaceuticals Inc.","0378-1823","levothyroxine sodium","LEVOTHYROXINE SODIUM","HUMAN PRESCRIPTION DRUG","06/16/2016","N/A","ANDA","90 TABLET in 1 BOTTLE, PLASTIC (0378-1823-77)","Thyroxine [CS],  l-Thyroxine [EPC]","N/A","No","12/31/2026"
"Levothyroxine Sodium","63323-885-14","20 ug/mL","INJECTION, SOLUTION","INTRAVENOUS","NDA210632","Fresenius Kabi USA, LLC","63323-885","Levothyroxine Sodium","LEVOTHYROXINE SODIUM","HUMAN PRESCRIPTION DRUG","05/29/2018","N/A","NDA","1 VIAL, SINGLE-DOSE in 1 CARTON (63323-885-14)  / 5 mL in 1 VIAL, SINGLE-DOSE","Thyroxine [CS],  l-Thyroxine [EPC]","N/A","No","12/31/2026"
"LEVOTHYROXINE SODIUM","72603-664-01","100 ug/1","TABLET","ORAL","ANDA211417","NorthStar RxLLC","72603-664","LEVOTHYROXINE SODIUM","LEVOTHYROXINE SODIUM","HUMAN PRESCRIPTION DRUG","04/08/2025","N/A","ANDA","90 TABLET in 1 BOTTLE (72603-664-01)","Thyroxine [CS],  l-Thyroxine [EPC]","N/A","No","12/31/2027"
"LEVOTHYROXINE SODIUM","72603-664-02","100 ug/1","TABLET","ORAL","ANDA211417","NorthStar RxLLC","72603-664","LEVOTHYROXINE SODIUM","LEVOTHYROXINE SODIUM","HUMAN PRESCRIPTION DRUG","04/08/2025","N/A","ANDA","1000 TABLET in 1 BOTTLE (72603-664-02)","Thyroxine [CS],  l-Thyroxine [EPC]","N/A","No","12/31/2027"
"LEVOTHYROXINE SODIUM","72603-664-11","100 ug/1","TABLET","ORAL","ANDA211417","NorthStar RxLLC","72603-664","LEVOTHYROXINE SODIUM","LEVOTHYROXINE SODIUM","HUMAN PRESCRIPTION DRUG","08/20/2026","N/A","ANDA","10 BLISTER PACK in 1 CARTON (72603-664-11)  / 10 TABLET in 1 BLISTER PACK (72603-664-10)","Thyroxine [CS],  l-Thyroxine [EPC]","N/A","No","12/31/2027"
"LEVOTHYROXINE SODIUM","33342-394-10","50 ug/1","TABLET","ORAL","ANDA211417","Macleods Pharmaceuticals Limited","33342-394","LEVOTHYROXINE SODIUM","LEVOTHYROXINE SODIUM","HUMAN PRESCRIPTION DRUG","12/21/2022","N/A","ANDA","90 TABLET in 1 BOTTLE (33342-394-10)","Thyroxine [CS],  l-Thyroxine [EPC]","N/A","No","12/31/2026"
"LEVOTHYROXINE SODIUM","33342-394-11","50 ug/1","TABLET","ORAL","ANDA211417","Macleods Pharmaceuticals Limited","33342-394","LEVOTHYROXINE SODIUM","LEVOTHYROXINE SODIUM","HUMAN PRESCRIPTION DRUG","12/21/2022","N/A","ANDA","100 TABLET in 1 BOTTLE (33342-394-11)","Thyroxine [CS],  l-Thyroxine [EPC]","N/A","No","12/31/2026"
"LEVOTHYROXINE SODIUM","33342-394-44","50 ug/1","TABLET","ORAL","ANDA211417","Macleods Pharmaceuticals Limited","33342-394","LEVOTHYROXINE SODIUM","LEVOTHYROXINE SODIUM","HUMAN PRESCRIPTION DRUG","01/24/2023","N/A","ANDA","1000 TABLET in 1 BOTTLE (33342-394-44)","Thyroxine [CS],  l-Thyroxine [EPC]","N/A","No","12/31/2026"
"levothyroxine sodium","47781-654-10","112 ug/1","TABLET","ORAL","NDA021116","Alvogen, Inc.","47781-654","levothyroxine sodium","LEVOTHYROXINE SODIUM","HUMAN PRESCRIPTION DRUG","05/07/2019","N/A","NDA","1000 TABLET in 1 BOTTLE (47781-654-10)","Thyroxine [CS],  l-Thyroxine [EPC]","N/A","No","12/31/2027"
"levothyroxine sodium","47781-654-90","112 ug/1","TABLET","ORAL","NDA021116","Alvogen, Inc.","47781-654","levothyroxine sodium","LEVOTHYROXINE SODIUM","HUMAN PRESCRIPTION DRUG","05/07/2019","N/A","NDA","90 TABLET in 1 BOTTLE (47781-654-90)","Thyroxine [CS],  l-Thyroxine [EPC]","N/A","No","12/31/2027"
"Levothyroxine Sodium","63323-885-12","20 ug/mL","INJECTION, SOLUTION","INTRAVENOUS","NDA210632","Fresenius Kabi USA, LLC","63323-885","Levothyroxine Sodium","LEVOTHYROXINE SODIUM","HUMAN PRESCRIPTION DRUG","05/29/2018","N/A","NDA","1 VIAL, SINGLE-DOSE in 1 CARTON (63323-885-12)  / 5 mL in 1 VIAL, SINGLE-DOSE","Thyroxine [CS],  l-Thyroxine [EPC]","N/A","No","12/31/2026"
"levothyroxine sodium","71335-1637-1","175 ug/1","TABLET","ORAL","NDA021116","Bryant Ranch Prepack","71335-1637","levothyroxine sodium","LEVOTHYROXINE SODIUM","HUMAN PRESCRIPTION DRUG","06/09/2020","N/A","NDA","30 TABLET in 1 BOTTLE (71335-1637-1)","Thyroxine [CS],  l-Thyroxine [EPC]","N/A","No","12/31/2026"
"levothyroxine sodium","71335-1637-2","175 ug/1","TABLET","ORAL","NDA021116","Bryant Ranch Prepack","71335-1637","levothyroxine sodium","LEVOTHYROXINE SODIUM","HUMAN PRESCRIPTION DRUG","06/09/2020","N/A","NDA","90 TABLET in 1 BOTTLE (71335-1637-2)","Thyroxine [CS],  l-Thyroxine [EPC]","N/A","No","12/31/2026"
"levothyroxine sodium","71335-1637-3","175 ug/1","TABLET","ORAL","NDA021116","Bryant Ranch Prepack","71335-1637","levothyroxine sodium","LEVOTHYROXINE SODIUM","HUMAN PRESCRIPTION DRUG","06/09/2020","N/A","NDA","100 TABLET in 1 BOTTLE (71335-1637-3)","Thyroxine [CS],  l-Thyroxine [EPC]","N/A","No","12/31/2026"
"levothyroxine sodium","71335-1637-4","175 ug/1","TABLET","ORAL","NDA021116","Bryant Ranch Prepack","71335-1637","levothyroxine sodium","LEVOTHYROXINE SODIUM","HUMAN PRESCRIPTION DRUG","06/09/2020","N/A","NDA","38 TABLET in 1 BOTTLE (71335-1637-4)","Thyroxine [CS],  l-Thyroxine [EPC]","N/A","No","12/31/2026"
"levothyroxine sodium","71335-1637-5","175 ug/1","TABLET","ORAL","NDA021116","Bryant Ranch Prepack","71335-1637","levothyroxine sodium","LEVOTHYROXINE SODIUM","HUMAN PRESCRIPTION DRUG","06/09/2020","N/A","NDA","28 TABLET in 1 BOTTLE (71335-1637-5)","Thyroxine [CS],  l-Thyroxine [EPC]","N/A","No","12/31/2026"
"levothyroxine sodium","71335-1637-6","175 ug/1","TABLET","ORAL","NDA021116","Bryant Ranch Prepack","71335-1637","levothyroxine sodium","LEVOTHYROXINE SODIUM","HUMAN PRESCRIPTION DRUG","06/09/2020","N/A","NDA","60 TABLET in 1 BOTTLE (71335-1637-6)","Thyroxine [CS],  l-Thyroxine [EPC]","N/A","No","12/31/2026"
"LEVOTHYROXINE SODIUM","72603-665-01","112 ug/1","TABLET","ORAL","ANDA211417","NorthStar RxLLC","72603-665","LEVOTHYROXINE SODIUM","LEVOTHYROXINE SODIUM","HUMAN PRESCRIPTION DRUG","04/08/2025","N/A","ANDA","1000 TABLET in 1 BOTTLE (72603-665-01)","Thyroxine [CS],  l-Thyroxine [EPC]","N/A","No","12/31/2027"
"LEVOTHYROXINE SODIUM","72603-665-02","112 ug/1","TABLET","ORAL","ANDA211417","NorthStar RxLLC","72603-665","LEVOTHYROXINE SODIUM","LEVOTHYROXINE SODIUM","HUMAN PRESCRIPTION DRUG","03/31/2026","N/A","ANDA","90 TABLET in 1 BOTTLE (72603-665-02)","Thyroxine [CS],  l-Thyroxine [EPC]","N/A","No","12/31/2027"
"LEVOTHYROXINE SODIUM","72603-665-11","112 ug/1","TABLET","ORAL","ANDA211417","NorthStar RxLLC","72603-665","LEVOTHYROXINE SODIUM","LEVOTHYROXINE SODIUM","HUMAN PRESCRIPTION DRUG","08/20/2026","N/A","ANDA","10 BLISTER PACK in 1 CARTON (72603-665-11)  / 10 TABLET in 1 BLISTER PACK (72603-665-10)","Thyroxine [CS],  l-Thyroxine [EPC]","N/A","No","12/31/2027"
"THYQUIDITY","82685-360-01","100 ug/5mL","SOLUTION","ORAL","NDA214047","Oliva Therapeutics, LLC","82685-360","Levothyroxine Sodium","LEVOTHYROXINE SODIUM","HUMAN PRESCRIPTION DRUG","07/01/2025","N/A","NDA","1 BOTTLE, GLASS in 1 CARTON (82685-360-01)  / 100 mL in 1 BOTTLE, GLASS","Thyroxine [CS],  l-Thyroxine [EPC]","N/A","No","12/31/2026"
"THYQUIDITY","82685-360-02","100 ug/5mL","SOLUTION","ORAL","NDA214047","Oliva Therapeutics, LLC","82685-360","Levothyroxine Sodium","LEVOTHYROXINE SODIUM","HUMAN PRESCRIPTION DRUG","07/01/2025","N/A","NDA","2 BOTTLE, GLASS in 1 CARTON (82685-360-02)  / 100 mL in 1 BOTTLE, GLASS","Thyroxine [CS],  l-Thyroxine [EPC]","N/A","No","12/31/2026"
"LEVOTHYROXINE SODIUM","33342-395-10","75 ug/1","TABLET","ORAL","ANDA211417","Macleods Pharmaceuticals Limited","33342-395","LEVOTHYROXINE SODIUM","LEVOTHYROXINE SODIUM","HUMAN PRESCRIPTION DRUG","12/21/2022","N/A","ANDA","90 TABLET in 1 BOTTLE (33342-395-10)","Thyroxine [CS],  l-Thyroxine [EPC]","N/A","No","12/31/2026"
"LEVOTHYROXINE SODIUM","33342-395-11","75 ug/1","TABLET","ORAL","ANDA211417","Macleods Pharmaceuticals Limited","33342-395","LEVOTHYROXINE SODIUM","LEVOTHYROXINE SODIUM","HUMAN PRESCRIPTION DRUG","12/21/2022","N/A","ANDA","100 TABLET in 1 BOTTLE (33342-395-11)","Thyroxine [CS],  l-Thyroxine [EPC]","N/A","No","12/31/2026"
"LEVOTHYROXINE SODIUM","33342-395-44","75 ug/1","TABLET","ORAL","ANDA211417","Macleods Pharmaceuticals Limited","33342-395","LEVOTHYROXINE SODIUM","LEVOTHYROXINE SODIUM","HUMAN PRESCRIPTION DRUG","01/24/2023","N/A","ANDA","1000 TABLET in 1 BOTTLE (33342-395-44)","Thyroxine [CS],  l-Thyroxine [EPC]","N/A","No","12/31/2026"
"levothyroxine sodium","47781-668-10","200 ug/1","TABLET","ORAL","NDA021116","Alvogen, Inc.","47781-668","levothyroxine sodium","LEVOTHYROXINE SODIUM","HUMAN PRESCRIPTION DRUG","05/07/2019","N/A","NDA","1000 TABLET in 1 BOTTLE (47781-668-10)","Thyroxine [CS],  l-Thyroxine [EPC]","N/A","No","12/31/2027"
"levothyroxine sodium","47781-668-90","200 ug/1","TABLET","ORAL","NDA021116","Alvogen, Inc.","47781-668","levothyroxine sodium","LEVOTHYROXINE SODIUM","HUMAN PRESCRIPTION DRUG","05/07/2019","N/A","NDA","90 TABLET in 1 BOTTLE (47781-668-90)","Thyroxine [CS],  l-Thyroxine [EPC]","N/A","No","12/31/2027"
"LEVOTHYROXINE SODIUM","72603-669-01","175 ug/1","TABLET","ORAL","ANDA211417","NorthStar RxLLC","72603-669","LEVOTHYROXINE SODIUM","LEVOTHYROXINE SODIUM","HUMAN PRESCRIPTION DRUG","04/08/2025","N/A","ANDA","90 TABLET in 1 BOTTLE (72603-669-01)","Thyroxine [CS],  l-Thyroxine [EPC]","N/A","No","12/31/2027"
"LEVOTHYROXINE SODIUM","72603-669-02","175 ug/1","TABLET","ORAL","ANDA211417","NorthStar RxLLC","72603-669","LEVOTHYROXINE SODIUM","LEVOTHYROXINE SODIUM","HUMAN PRESCRIPTION DRUG","03/31/2026","N/A","ANDA","1000 TABLET in 1 BOTTLE (72603-669-02)","Thyroxine [CS],  l-Thyroxine [EPC]","N/A","No","12/31/2027"
"LEVOTHYROXINE SODIUM","72603-669-11","175 ug/1","TABLET","ORAL","ANDA211417","NorthStar RxLLC","72603-669","LEVOTHYROXINE SODIUM","LEVOTHYROXINE SODIUM","HUMAN PRESCRIPTION DRUG","08/20/2026","N/A","ANDA","10 BLISTER PACK in 1 CARTON (72603-669-11)  / 10 TABLET in 1 BLISTER PACK (72603-669-10)","Thyroxine [CS],  l-Thyroxine [EPC]","N/A","No","12/31/2027"
"LEVOTHYROXINE SODIUM","72865-239-10",".088 mg/1","TABLET","ORAL","ANDA215259","XLCare Pharmaceuticals, Inc.","72865-239","levothyroxine sodium","LEVOTHYROXINE SODIUM","HUMAN PRESCRIPTION DRUG","01/18/2023","N/A","ANDA","1000 TABLET in 1 BOTTLE (72865-239-10)","Thyroxine [CS],  l-Thyroxine [EPC]","N/A","No","12/31/2026"
"LEVOTHYROXINE SODIUM","72865-239-90",".088 mg/1","TABLET","ORAL","ANDA215259","XLCare Pharmaceuticals, Inc.","72865-239","levothyroxine sodium","LEVOTHYROXINE SODIUM","HUMAN PRESCRIPTION DRUG","01/18/2023","N/A","ANDA","90 TABLET in 1 BOTTLE (72865-239-90)","Thyroxine [CS],  l-Thyroxine [EPC]","N/A","No","12/31/2026"
"LEVOTHYROXINE SODIUM","33342-399-10","125 ug/1","TABLET","ORAL","ANDA211417","Macleods Pharmaceuticals Limited","33342-399","LEVOTHYROXINE SODIUM","LEVOTHYROXINE SODIUM","HUMAN PRESCRIPTION DRUG","12/21/2022","N/A","ANDA","90 TABLET in 1 BOTTLE (33342-399-10)","Thyroxine [CS],  l-Thyroxine [EPC]","N/A","No","12/31/2026"
"LEVOTHYROXINE SODIUM","33342-399-11","125 ug/1","TABLET","ORAL","ANDA211417","Macleods Pharmaceuticals Limited","33342-399","LEVOTHYROXINE SODIUM","LEVOTHYROXINE SODIUM","HUMAN PRESCRIPTION DRUG","12/21/2022","N/A","ANDA","100 TABLET in 1 BOTTLE (33342-399-11)","Thyroxine [CS],  l-Thyroxine [EPC]","N/A","No","12/31/2026"
"LEVOTHYROXINE SODIUM","33342-399-44","125 ug/1","TABLET","ORAL","ANDA211417","Macleods Pharmaceuticals Limited","33342-399","LEVOTHYROXINE SODIUM","LEVOTHYROXINE SODIUM","HUMAN PRESCRIPTION DRUG","01/24/2023","N/A","ANDA","1000 TABLET in 1 BOTTLE (33342-399-44)","Thyroxine [CS],  l-Thyroxine [EPC]","N/A","No","12/31/2026"
"Levothyroxine sodium","68788-8902-3","200 ug/1","TABLET","ORAL","ANDA207588","Preferred Pharmaceuticals Inc.","68788-8902","Levothyroxine sodium","LEVOTHYROXINE SODIUM","HUMAN PRESCRIPTION DRUG","07/25/2025","N/A","ANDA","30 TABLET in 1 BOTTLE (68788-8902-3)","Thyroxine [CS],  l-Thyroxine [EPC]","N/A","No","12/31/2026"
"Levothyroxine sodium","68788-8902-9","200 ug/1","TABLET","ORAL","ANDA207588","Preferred Pharmaceuticals Inc.","68788-8902","Levothyroxine sodium","LEVOTHYROXINE SODIUM","HUMAN PRESCRIPTION DRUG","07/25/2025","N/A","ANDA","90 TABLET in 1 BOTTLE (68788-8902-9)","Thyroxine [CS],  l-Thyroxine [EPC]","N/A","No","12/31/2026"
"levothyroxine sodium","47781-659-10","137 ug/1","TABLET","ORAL","NDA021116","Alvogen, Inc.","47781-659","levothyroxine sodium","LEVOTHYROXINE SODIUM","HUMAN PRESCRIPTION DRUG","05/07/2019","N/A","NDA","1000 TABLET in 1 BOTTLE (47781-659-10)","Thyroxine [CS],  l-Thyroxine [EPC]","N/A","No","12/31/2027"
"levothyroxine sodium","47781-659-90","137 ug/1","TABLET","ORAL","NDA021116","Alvogen, Inc.","47781-659","levothyroxine sodium","LEVOTHYROXINE SODIUM","HUMAN PRESCRIPTION DRUG","05/07/2019","N/A","NDA","90 TABLET in 1 BOTTLE (47781-659-90)","Thyroxine [CS],  l-Thyroxine [EPC]","N/A","No","12/31/2027"
"Levothyroxine Sodium","63323-890-10","40 ug/mL","INJECTION, SOLUTION","INTRAVENOUS","NDA210632","Fresenius Kabi USA, LLC","63323-890","Levothyroxine Sodium","LEVOTHYROXINE SODIUM","HUMAN PRESCRIPTION DRUG","05/29/2018","N/A","NDA","1 VIAL, SINGLE-DOSE in 1 CARTON (63323-890-10)  / 5 mL in 1 VIAL, SINGLE-DOSE","Thyroxine [CS],  l-Thyroxine [EPC]","N/A","No","12/31/2026"
"LEVOTHYROXINE SODIUM","72603-667-01","137 ug/1","TABLET","ORAL","ANDA211417","NorthStar RxLLC","72603-667","LEVOTHYROXINE SODIUM","LEVOTHYROXINE SODIUM","HUMAN PRESCRIPTION DRUG","04/08/2025","N/A","ANDA","90 TABLET in 1 BOTTLE (72603-667-01)","Thyroxine [CS],  l-Thyroxine [EPC]","N/A","No","12/31/2027"
"LEVOTHYROXINE SODIUM","72603-667-02","137 ug/1","TABLET","ORAL","ANDA211417","NorthStar RxLLC","72603-667","LEVOTHYROXINE SODIUM","LEVOTHYROXINE SODIUM","HUMAN PRESCRIPTION DRUG","03/31/2026","N/A","ANDA","1000 TABLET in 1 BOTTLE (72603-667-02)","Thyroxine [CS],  l-Thyroxine [EPC]","N/A","No","12/31/2027"
"LEVOTHYROXINE SODIUM","72603-667-11","137 ug/1","TABLET","ORAL","ANDA211417","NorthStar RxLLC","72603-667","LEVOTHYROXINE SODIUM","LEVOTHYROXINE SODIUM","HUMAN PRESCRIPTION DRUG","08/20/2026","N/A","ANDA","10 BLISTER PACK in 1 CARTON (72603-667-11)  / 10 TABLET in 1 BLISTER PACK (72603-667-10)","Thyroxine [CS],  l-Thyroxine [EPC]","N/A","No","12/31/2027"
"LEVOTHYROXINE SODIUM","72865-236-10",".025 mg/1","TABLET","ORAL","ANDA215259","XLCare Pharmaceuticals, Inc.","72865-236","levothyroxine sodium","LEVOTHYROXINE SODIUM","HUMAN PRESCRIPTION DRUG","01/18/2023","N/A","ANDA","1000 TABLET in 1 BOTTLE (72865-236-10)","Thyroxine [CS],  l-Thyroxine [EPC]","N/A","No","12/31/2026"
"LEVOTHYROXINE SODIUM","72865-236-90",".025 mg/1","TABLET","ORAL","ANDA215259","XLCare Pharmaceuticals, Inc.","72865-236","levothyroxine sodium","LEVOTHYROXINE SODIUM","HUMAN PRESCRIPTION DRUG","01/18/2023","N/A","ANDA","90 TABLET in 1 BOTTLE (72865-236-90)","Thyroxine [CS],  l-Thyroxine [EPC]","N/A","No","12/31/2026"
"Synthroid","0074-4341-19","25 ug/1","TABLET","ORAL","NDA021402","AbbVie Inc.","0074-4341","Levothyroxine Sodium","LEVOTHYROXINE SODIUM","HUMAN PRESCRIPTION DRUG","07/24/2002","N/A","NDA","1000 TABLET in 1 BOTTLE (0074-4341-19)","Thyroxine [CS],  l-Thyroxine [EPC]","N/A","No","12/31/2026"
"Synthroid","0074-4341-72","25 ug/1","TABLET","ORAL","NDA021402","AbbVie Inc.","0074-4341","Levothyroxine Sodium","LEVOTHYROXINE SODIUM","HUMAN PRESCRIPTION DRUG","06/03/2016","N/A","NDA","2 BLISTER PACK in 1 CARTON (0074-4341-72)  / 7 TABLET in 1 BLISTER PACK","Thyroxine [CS],  l-Thyroxine [EPC]","N/A","Yes","12/31/2026"
"Synthroid","0074-4341-90","25 ug/1","TABLET","ORAL","NDA021402","AbbVie Inc.","0074-4341","Levothyroxine Sodium","LEVOTHYROXINE SODIUM","HUMAN PRESCRIPTION DRUG","07/24/2002","N/A","NDA","90 TABLET in 1 BOTTLE (0074-4341-90)","Thyroxine [CS],  l-Thyroxine [EPC]","N/A","No","12/31/2026"
"levothyroxine sodium","47781-662-10","150 ug/1","TABLET","ORAL","NDA021116","Alvogen, Inc.","47781-662","levothyroxine sodium","LEVOTHYROXINE SODIUM","HUMAN PRESCRIPTION DRUG","05/07/2019","N/A","NDA","1000 TABLET in 1 BOTTLE (47781-662-10)","Thyroxine [CS],  l-Thyroxine [EPC]","N/A","No","12/31/2027"
"levothyroxine sodium","47781-662-90","150 ug/1","TABLET","ORAL","NDA021116","Alvogen, Inc.","47781-662","levothyroxine sodium","LEVOTHYROXINE SODIUM","HUMAN PRESCRIPTION DRUG","05/07/2019","N/A","NDA","90 TABLET in 1 BOTTLE (47781-662-90)","Thyroxine [CS],  l-Thyroxine [EPC]","N/A","No","12/31/2027"
"Levothyroxine Sodium","63323-895-10","100 ug/mL","INJECTION, SOLUTION","INTRAVENOUS","NDA210632","Fresenius Kabi USA, LLC","63323-895","Levothyroxine Sodium","LEVOTHYROXINE SODIUM","HUMAN PRESCRIPTION DRUG","05/29/2018","N/A","NDA","1 VIAL, SINGLE-DOSE in 1 CARTON (63323-895-10)  / 5 mL in 1 VIAL, SINGLE-DOSE","Thyroxine [CS],  l-Thyroxine [EPC]","N/A","No","12/31/2026"
"LEVOTHYROXINE SODIUM","72865-237-10",".05 mg/1","TABLET","ORAL","ANDA215259","XLCare Pharmaceuticals, Inc.","72865-237","levothyroxine sodium","LEVOTHYROXINE SODIUM","HUMAN PRESCRIPTION DRUG","01/18/2023","N/A","ANDA","1000 TABLET in 1 BOTTLE (72865-237-10)","Thyroxine [CS],  l-Thyroxine [EPC]","N/A","No","12/31/2026"
"LEVOTHYROXINE SODIUM","72865-237-90",".05 mg/1","TABLET","ORAL","ANDA215259","XLCare Pharmaceuticals, Inc.","72865-237","levothyroxine sodium","LEVOTHYROXINE SODIUM","HUMAN PRESCRIPTION DRUG","01/18/2023","N/A","ANDA","90 TABLET in 1 BOTTLE (72865-237-90)","Thyroxine [CS],  l-Thyroxine [EPC]","N/A","No","12/31/2026"
"LEVOTHYROXINE SODIUM","33342-397-10","100 ug/1","TABLET","ORAL","ANDA211417","Macleods Pharmaceuticals Limited","33342-397","LEVOTHYROXINE SODIUM","LEVOTHYROXINE SODIUM","HUMAN PRESCRIPTION DRUG","12/21/2022","N/A","ANDA","90 TABLET in 1 BOTTLE (33342-397-10)","Thyroxine [CS],  l-Thyroxine [EPC]","N/A","No","12/31/2026"
"LEVOTHYROXINE SODIUM","33342-397-11","100 ug/1","TABLET","ORAL","ANDA211417","Macleods Pharmaceuticals Limited","33342-397","LEVOTHYROXINE SODIUM","LEVOTHYROXINE SODIUM","HUMAN PRESCRIPTION DRUG","12/21/2022","N/A","ANDA","100 TABLET in 1 BOTTLE (33342-397-11)","Thyroxine [CS],  l-Thyroxine [EPC]","N/A","No","12/31/2026"
"LEVOTHYROXINE SODIUM","33342-397-44","100 ug/1","TABLET","ORAL","ANDA211417","Macleods Pharmaceuticals Limited","33342-397","LEVOTHYROXINE SODIUM","LEVOTHYROXINE SODIUM","HUMAN PRESCRIPTION DRUG","01/24/2023","N/A","ANDA","1000 TABLET in 1 BOTTLE (33342-397-44)","Thyroxine [CS],  l-Thyroxine [EPC]","N/A","No","12/31/2026"
"levothyroxine sodium","47781-665-10","175 ug/1","TABLET","ORAL","NDA021116","Alvogen, Inc.","47781-665","levothyroxine sodium","LEVOTHYROXINE SODIUM","HUMAN PRESCRIPTION DRUG","05/07/2019","N/A","NDA","1000 TABLET in 1 BOTTLE (47781-665-10)","Thyroxine [CS],  l-Thyroxine [EPC]","N/A","No","12/31/2027"
"levothyroxine sodium","47781-665-90","175 ug/1","TABLET","ORAL","NDA021116","Alvogen, Inc.","47781-665","levothyroxine sodium","LEVOTHYROXINE SODIUM","HUMAN PRESCRIPTION DRUG","05/07/2019","N/A","NDA","90 TABLET in 1 BOTTLE (47781-665-90)","Thyroxine [CS],  l-Thyroxine [EPC]","N/A","No","12/31/2027"
"LEVOTHYROXINE SODIUM","72603-668-01","150 ug/1","TABLET","ORAL","ANDA211417","NorthStar RxLLC","72603-668","LEVOTHYROXINE SODIUM","LEVOTHYROXINE SODIUM","HUMAN PRESCRIPTION DRUG","04/08/2025","N/A","ANDA","90 TABLET in 1 BOTTLE (72603-668-01)","Thyroxine [CS],  l-Thyroxine [EPC]","N/A","No","12/31/2027"
"LEVOTHYROXINE SODIUM","72603-668-02","150 ug/1","TABLET","ORAL","ANDA211417","NorthStar RxLLC","72603-668","LEVOTHYROXINE SODIUM","LEVOTHYROXINE SODIUM","HUMAN PRESCRIPTION DRUG","04/08/2025","N/A","ANDA","1000 TABLET in 1 BOTTLE (72603-668-02)","Thyroxine [CS],  l-Thyroxine [EPC]","N/A","No","12/31/2027"
"LEVOTHYROXINE SODIUM","72603-668-11","150 ug/1","TABLET","ORAL","ANDA211417","NorthStar RxLLC","72603-668","LEVOTHYROXINE SODIUM","LEVOTHYROXINE SODIUM","HUMAN PRESCRIPTION DRUG","08/20/2026","N/A","ANDA","10 BLISTER PACK in 1 CARTON (72603-668-11)  / 10 TABLET in 1 BLISTER PACK (72603-668-10)","Thyroxine [CS],  l-Thyroxine [EPC]","N/A","No","12/31/2027"
"LEVOTHYROXINE SODIUM","72865-238-10",".075 mg/1","TABLET","ORAL","ANDA215259","XLCare Pharmaceuticals, Inc.","72865-238","levothyroxine sodium","LEVOTHYROXINE SODIUM","HUMAN PRESCRIPTION DRUG","01/18/2023","N/A","ANDA","1000 TABLET in 1 BOTTLE (72865-238-10)","Thyroxine [CS],  l-Thyroxine [EPC]","N/A","No","12/31/2026"
"LEVOTHYROXINE SODIUM","72865-238-90",".075 mg/1","TABLET","ORAL","ANDA215259","XLCare Pharmaceuticals, Inc.","72865-238","levothyroxine sodium","LEVOTHYROXINE SODIUM","HUMAN PRESCRIPTION DRUG","01/18/2023","N/A","ANDA","90 TABLET in 1 BOTTLE (72865-238-90)","Thyroxine [CS],  l-Thyroxine [EPC]","N/A","No","12/31/2026"
"LEVOTHYROXINE SODIUM","33342-398-10","112 ug/1","TABLET","ORAL","ANDA211417","Macleods Pharmaceuticals Limited","33342-398","LEVOTHYROXINE SODIUM","LEVOTHYROXINE SODIUM","HUMAN PRESCRIPTION DRUG","12/21/2022","N/A","ANDA","90 TABLET in 1 BOTTLE (33342-398-10)","Thyroxine [CS],  l-Thyroxine [EPC]","N/A","No","12/31/2026"
"LEVOTHYROXINE SODIUM","33342-398-11","112 ug/1","TABLET","ORAL","ANDA211417","Macleods Pharmaceuticals Limited","33342-398","LEVOTHYROXINE SODIUM","LEVOTHYROXINE SODIUM","HUMAN PRESCRIPTION DRUG","12/21/2022","N/A","ANDA","100 TABLET in 1 BOTTLE (33342-398-11)","Thyroxine [CS],  l-Thyroxine [EPC]","N/A","No","12/31/2026"
"LEVOTHYROXINE SODIUM","33342-398-44","112 ug/1","TABLET","ORAL","ANDA211417","Macleods Pharmaceuticals Limited","33342-398","LEVOTHYROXINE SODIUM","LEVOTHYROXINE SODIUM","HUMAN PRESCRIPTION DRUG","01/24/2023","N/A","ANDA","1000 TABLET in 1 BOTTLE (33342-398-44)","Thyroxine [CS],  l-Thyroxine [EPC]","N/A","No","12/31/2026"
"Levothyroxine sodium","82804-149-30","50 ug/1","TABLET","ORAL","ANDA207588","Proficient Rx LP","82804-149","Levothyroxine sodium","LEVOTHYROXINE SODIUM","HUMAN PRESCRIPTION DRUG","09/20/2024","N/A","ANDA","30 TABLET in 1 BOTTLE (82804-149-30)","Thyroxine [CS],  l-Thyroxine [EPC]","N/A","No","12/31/2026"
"Levothyroxine sodium","82804-149-90","50 ug/1","TABLET","ORAL","ANDA207588","Proficient Rx LP","82804-149","Levothyroxine sodium","LEVOTHYROXINE SODIUM","HUMAN PRESCRIPTION DRUG","09/20/2024","N/A","ANDA","90 TABLET in 1 BOTTLE (82804-149-90)","Thyroxine [CS],  l-Thyroxine [EPC]","N/A","No","12/31/2026"
"Levothyroxine sodium","68071-3619-9","200 ug/1","TABLET","ORAL","ANDA212399","NuCare Pharmaceuticals,Inc.","68071-3619","Levothyroxine Sodium","LEVOTHYROXINE SODIUM","HUMAN PRESCRIPTION DRUG","06/13/2024","N/A","ANDA","90 TABLET in 1 BOTTLE (68071-3619-9)","Thyroxine [CS],  l-Thyroxine [EPC]","N/A","No","12/31/2026"
"Levothyroxine Sodium","63323-649-94","100 ug/5mL","INJECTION, POWDER, LYOPHILIZED, FOR SOLUTION","INTRAVENOUS","NDA202231","Fresenius Kabi USA, LLC","63323-649","LEVOTHYROXINE SODIUM ANHYDROUS","LEVOTHYROXINE SODIUM ANHYDROUS","HUMAN PRESCRIPTION DRUG","06/24/2011","N/A","NDA","1 VIAL, SINGLE-DOSE in 1 CARTON (63323-649-94)  / 5 mL in 1 VIAL, SINGLE-DOSE","Thyroxine [CS],  l-Thyroxine [EPC]","N/A","No","12/31/2026"
"levothyroxine sodium","71335-1465-1","112 ug/1","TABLET","ORAL","NDA021116","Bryant Ranch Prepack","71335-1465","levothyroxine sodium","LEVOTHYROXINE SODIUM","HUMAN PRESCRIPTION DRUG","05/07/2019","N/A","NDA","30 TABLET in 1 BOTTLE (71335-1465-1)","Thyroxine [CS],  l-Thyroxine [EPC]","N/A","No","12/31/2026"
"levothyroxine sodium","71335-1465-2","112 ug/1","TABLET","ORAL","NDA021116","Bryant Ranch Prepack","71335-1465","levothyroxine sodium","LEVOTHYROXINE SODIUM","HUMAN PRESCRIPTION DRUG","05/07/2019","N/A","NDA","90 TABLET in 1 BOTTLE (71335-1465-2)","Thyroxine [CS],  l-Thyroxine [EPC]","N/A","No","12/31/2026"
"levothyroxine sodium","71335-1465-3","112 ug/1","TABLET","ORAL","NDA021116","Bryant Ranch Prepack","71335-1465","levothyroxine sodium","LEVOTHYROXINE SODIUM","HUMAN PRESCRIPTION DRUG","05/07/2019","N/A","NDA","60 TABLET in 1 BOTTLE (71335-1465-3)","Thyroxine [CS],  l-Thyroxine [EPC]","N/A","No","12/31/2026"
"levothyroxine sodium","71335-1465-4","112 ug/1","TABLET","ORAL","NDA021116","Bryant Ranch Prepack","71335-1465","levothyroxine sodium","LEVOTHYROXINE SODIUM","HUMAN PRESCRIPTION DRUG","05/07/2019","N/A","NDA","18 TABLET in 1 BOTTLE (71335-1465-4)","Thyroxine [CS],  l-Thyroxine [EPC]","N/A","No","12/31/2026"
"levothyroxine sodium","71335-1465-5","112 ug/1","TABLET","ORAL","NDA021116","Bryant Ranch Prepack","71335-1465","levothyroxine sodium","LEVOTHYROXINE SODIUM","HUMAN PRESCRIPTION DRUG","05/07/2019","N/A","NDA","100 TABLET in 1 BOTTLE (71335-1465-5)","Thyroxine [CS],  l-Thyroxine [EPC]","N/A","No","12/31/2026"
"Levothyroxine Sodium","63323-649-16","100 ug/5mL","INJECTION, POWDER, LYOPHILIZED, FOR SOLUTION","INTRAVENOUS","NDA202231","Fresenius Kabi USA, LLC","63323-649","LEVOTHYROXINE SODIUM ANHYDROUS","LEVOTHYROXINE SODIUM ANHYDROUS","HUMAN PRESCRIPTION DRUG","06/24/2011","N/A","NDA","1 VIAL, SINGLE-DOSE in 1 CARTON (63323-649-16)  / 5 mL in 1 VIAL, SINGLE-DOSE","Thyroxine [CS],  l-Thyroxine [EPC]","N/A","No","12/31/2026"
"Levothyroxine Sodium","71205-655-30","75 ug/1","TABLET","ORAL","NDA021342","Proficient Rx LP","71205-655","Levothyroxine Sodium","LEVOTHYROXINE SODIUM","HUMAN PRESCRIPTION DRUG","04/27/2022","N/A","NDA AUTHORIZED GENERIC","30 TABLET in 1 BOTTLE (71205-655-30)","Thyroxine [CS],  l-Thyroxine [EPC]","N/A","No","12/31/2026"
"Levothyroxine Sodium","71205-655-60","75 ug/1","TABLET","ORAL","NDA021342","Proficient Rx LP","71205-655","Levothyroxine Sodium","LEVOTHYROXINE SODIUM","HUMAN PRESCRIPTION DRUG","04/27/2022","N/A","NDA AUTHORIZED GENERIC","60 TABLET in 1 BOTTLE (71205-655-60)","Thyroxine [CS],  l-Thyroxine [EPC]","N/A","No","12/31/2026"
"Levothyroxine Sodium","71205-655-90","75 ug/1","TABLET","ORAL","NDA021342","Proficient Rx LP","71205-655","Levothyroxine Sodium","LEVOTHYROXINE SODIUM","HUMAN PRESCRIPTION DRUG","04/27/2022","N/A","NDA AUTHORIZED GENERIC","90 TABLET in 1 BOTTLE (71205-655-90)","Thyroxine [CS],  l-Thyroxine [EPC]","N/A","No","12/31/2026"
"Levothyroxine Sodium","0378-1805-10","75 ug/1","TABLET","ORAL","ANDA076187","Mylan Pharmaceuticals Inc.","0378-1805","levothyroxine sodium","LEVOTHYROXINE SODIUM","HUMAN PRESCRIPTION DRUG","11/01/2002","N/A","ANDA","1000 TABLET in 1 BOTTLE, PLASTIC (0378-1805-10)","Thyroxine [CS],  l-Thyroxine [EPC]","N/A","No","12/31/2026"
"Levothyroxine Sodium","0378-1805-77","75 ug/1","TABLET","ORAL","ANDA076187","Mylan Pharmaceuticals Inc.","0378-1805","levothyroxine sodium","LEVOTHYROXINE SODIUM","HUMAN PRESCRIPTION DRUG","06/16/2016","N/A","ANDA","90 TABLET in 1 BOTTLE, PLASTIC (0378-1805-77)","Thyroxine [CS],  l-Thyroxine [EPC]","N/A","No","12/31/2026"
"Levothyroxine sodium","50090-7871-0","88 ug/1","TABLET","ORAL","ANDA212399","A-S Medication Solutions","50090-7871","Levothyroxine Sodium","LEVOTHYROXINE SODIUM","HUMAN PRESCRIPTION DRUG","01/29/2026","N/A","ANDA","90 TABLET in 1 BOTTLE (50090-7871-0)","Thyroxine [CS],  l-Thyroxine [EPC]","N/A","No","12/31/2027"
"Synthroid","0074-5182-11","75 ug/1","TABLET","ORAL","NDA021402","AbbVie Inc.","0074-5182","Levothyroxine Sodium","LEVOTHYROXINE SODIUM","HUMAN PRESCRIPTION DRUG","07/24/2002","N/A","NDA","10 BLISTER PACK in 1 BOX, UNIT-DOSE (0074-5182-11)  / 10 TABLET in 1 BLISTER PACK","Thyroxine [CS],  l-Thyroxine [EPC]","N/A","No","12/31/2026"
"Synthroid","0074-5182-19","75 ug/1","TABLET","ORAL","NDA021402","AbbVie Inc.","0074-5182","Levothyroxine Sodium","LEVOTHYROXINE SODIUM","HUMAN PRESCRIPTION DRUG","07/24/2002","N/A","NDA","1000 TABLET in 1 BOTTLE (0074-5182-19)","Thyroxine [CS],  l-Thyroxine [EPC]","N/A","No","12/31/2026"
"Synthroid","0074-5182-72","75 ug/1","TABLET","ORAL","NDA021402","AbbVie Inc.","0074-5182","Levothyroxine Sodium","LEVOTHYROXINE SODIUM","HUMAN PRESCRIPTION DRUG","07/24/2002","N/A","NDA","2 BLISTER PACK in 1 CARTON (0074-5182-72)  / 7 TABLET in 1 BLISTER PACK","Thyroxine [CS],  l-Thyroxine [EPC]","N/A","Yes","12/31/2026"
"Synthroid","0074-5182-90","75 ug/1","TABLET","ORAL","NDA021402","AbbVie Inc.","0074-5182","Levothyroxine Sodium","LEVOTHYROXINE SODIUM","HUMAN PRESCRIPTION DRUG","07/24/2002","N/A","NDA","90 TABLET in 1 BOTTLE (0074-5182-90)","Thyroxine [CS],  l-Thyroxine [EPC]","N/A","No","12/31/2026"
"levothyroxine sodium","47781-721-90","112 ug/1","TABLET","ORAL","NDA021116","Alvogen, Inc.","47781-721","levothyroxine sodium","LEVOTHYROXINE SODIUM","HUMAN PRESCRIPTION DRUG","08/19/2026","N/A","NDA","90 TABLET in 1 BOTTLE (47781-721-90)","Thyroxine [CS],  l-Thyroxine [EPC]","N/A","No","12/31/2027"
"LEVOTHYROXINE SODIUM","72865-243-10",".137 mg/1","TABLET","ORAL","ANDA215259","XLCare Pharmaceuticals, Inc.","72865-243","levothyroxine sodium","LEVOTHYROXINE SODIUM","HUMAN PRESCRIPTION DRUG","01/18/2023","N/A","ANDA","1000 TABLET in 1 BOTTLE (72865-243-10)","Thyroxine [CS],  l-Thyroxine [EPC]","N/A","No","12/31/2026"
"LEVOTHYROXINE SODIUM","72865-243-90",".137 mg/1","TABLET","ORAL","ANDA215259","XLCare Pharmaceuticals, Inc.","72865-243","levothyroxine sodium","LEVOTHYROXINE SODIUM","HUMAN PRESCRIPTION DRUG","01/18/2023","N/A","ANDA","90 TABLET in 1 BOTTLE (72865-243-90)","Thyroxine [CS],  l-Thyroxine [EPC]","N/A","No","12/31/2026"
"LEVOTHYROXINE SODIUM","33342-403-10","200 ug/1","TABLET","ORAL","ANDA211417","Macleods Pharmaceuticals Limited","33342-403","LEVOTHYROXINE SODIUM","LEVOTHYROXINE SODIUM","HUMAN PRESCRIPTION DRUG","12/21/2022","N/A","ANDA","90 TABLET in 1 BOTTLE (33342-403-10)","Thyroxine [CS],  l-Thyroxine [EPC]","N/A","No","12/31/2026"
"LEVOTHYROXINE SODIUM","33342-403-11","200 ug/1","TABLET","ORAL","ANDA211417","Macleods Pharmaceuticals Limited","33342-403","LEVOTHYROXINE SODIUM","LEVOTHYROXINE SODIUM","HUMAN PRESCRIPTION DRUG","12/21/2022","N/A","ANDA","100 TABLET in 1 BOTTLE (33342-403-11)","Thyroxine [CS],  l-Thyroxine [EPC]","N/A","No","12/31/2026"
"LEVOTHYROXINE SODIUM","33342-403-44","200 ug/1","TABLET","ORAL","ANDA211417","Macleods Pharmaceuticals Limited","33342-403","LEVOTHYROXINE SODIUM","LEVOTHYROXINE SODIUM","HUMAN PRESCRIPTION DRUG","01/24/2023","N/A","ANDA","1000 TABLET in 1 BOTTLE (33342-403-44)","Thyroxine [CS],  l-Thyroxine [EPC]","N/A","No","12/31/2026"
"Levothyroxine Sodium","68071-3730-9",".15 mg/1","TABLET","ORAL","ANDA209713","NuCare Pharmaceuticals, Inc.","68071-3730","Levothyroxine Sodium","LEVOTHYROXINE SODIUM","HUMAN PRESCRIPTION DRUG","11/27/2024","N/A","ANDA","90 TABLET in 1 BOTTLE (68071-3730-9)","Thyroxine [CS],  l-Thyroxine [EPC]","N/A","No","12/31/2026"
"levothyroxine sodium","47781-671-10","300 ug/1","TABLET","ORAL","NDA021116","Alvogen, Inc.","47781-671","levothyroxine sodium","LEVOTHYROXINE SODIUM","HUMAN PRESCRIPTION DRUG","05/07/2019","N/A","NDA","1000 TABLET in 1 BOTTLE (47781-671-10)","Thyroxine [CS],  l-Thyroxine [EPC]","N/A","No","12/31/2027"
"levothyroxine sodium","47781-671-90","300 ug/1","TABLET","ORAL","NDA021116","Alvogen, Inc.","47781-671","levothyroxine sodium","LEVOTHYROXINE SODIUM","HUMAN PRESCRIPTION DRUG","05/07/2019","N/A","NDA","90 TABLET in 1 BOTTLE (47781-671-90)","Thyroxine [CS],  l-Thyroxine [EPC]","N/A","No","12/31/2027"
"Levothyroxine Sodium","50090-6824-0",".075 mg/1","TABLET","ORAL","ANDA209713","A-S Medication Solutions","50090-6824","Levothyroxine Sodium","LEVOTHYROXINE SODIUM","HUMAN PRESCRIPTION DRUG","11/20/2023","N/A","ANDA","30 TABLET in 1 BOTTLE (50090-6824-0)","Thyroxine [CS],  l-Thyroxine [EPC]","N/A","No","12/31/2027"
"Levothyroxine Sodium","50090-6824-1",".075 mg/1","TABLET","ORAL","ANDA209713","A-S Medication Solutions","50090-6824","Levothyroxine Sodium","LEVOTHYROXINE SODIUM","HUMAN PRESCRIPTION DRUG","11/20/2023","N/A","ANDA","90 TABLET in 1 BOTTLE (50090-6824-1)","Thyroxine [CS],  l-Thyroxine [EPC]","N/A","No","12/31/2027"
"LEVOTHYROXINE SODIUM","72865-240-10",".1 mg/1","TABLET","ORAL","ANDA215259","XLCare Pharmaceuticals, Inc.","72865-240","levothyroxine sodium","LEVOTHYROXINE SODIUM","HUMAN PRESCRIPTION DRUG","01/18/2023","N/A","ANDA","1000 TABLET in 1 BOTTLE (72865-240-10)","Thyroxine [CS],  l-Thyroxine [EPC]","N/A","No","12/31/2026"
"LEVOTHYROXINE SODIUM","72865-240-90",".1 mg/1","TABLET","ORAL","ANDA215259","XLCare Pharmaceuticals, Inc.","72865-240","levothyroxine sodium","LEVOTHYROXINE SODIUM","HUMAN PRESCRIPTION DRUG","01/18/2023","N/A","ANDA","90 TABLET in 1 BOTTLE (72865-240-90)","Thyroxine [CS],  l-Thyroxine [EPC]","N/A","No","12/31/2026"
"LEVOTHYROXINE SODIUM","33342-400-10","137 ug/1","TABLET","ORAL","ANDA211417","Macleods Pharmaceuticals Limited","33342-400","LEVOTHYROXINE SODIUM","LEVOTHYROXINE SODIUM","HUMAN PRESCRIPTION DRUG","12/21/2022","N/A","ANDA","90 TABLET in 1 BOTTLE (33342-400-10)","Thyroxine [CS],  l-Thyroxine [EPC]","N/A","No","12/31/2026"
"LEVOTHYROXINE SODIUM","33342-400-11","137 ug/1","TABLET","ORAL","ANDA211417","Macleods Pharmaceuticals Limited","33342-400","LEVOTHYROXINE SODIUM","LEVOTHYROXINE SODIUM","HUMAN PRESCRIPTION DRUG","12/21/2022","N/A","ANDA","100 TABLET in 1 BOTTLE (33342-400-11)","Thyroxine [CS],  l-Thyroxine [EPC]","N/A","No","12/31/2026"
"LEVOTHYROXINE SODIUM","33342-400-44","137 ug/1","TABLET","ORAL","ANDA211417","Macleods Pharmaceuticals Limited","33342-400","LEVOTHYROXINE SODIUM","LEVOTHYROXINE SODIUM","HUMAN PRESCRIPTION DRUG","01/24/2023","N/A","ANDA","1000 TABLET in 1 BOTTLE (33342-400-44)","Thyroxine [CS],  l-Thyroxine [EPC]","N/A","No","12/31/2026"
"Levothyroxine Sodium","50090-6825-0",".075 mg/1","TABLET","ORAL","ANDA209713","A-S Medication Solutions","50090-6825","Levothyroxine Sodium","LEVOTHYROXINE SODIUM","HUMAN PRESCRIPTION DRUG","11/20/2023","N/A","ANDA","90 TABLET in 1 BOTTLE (50090-6825-0)","Thyroxine [CS],  l-Thyroxine [EPC]","N/A","No","12/31/2027"
"LEVOTHYROXINE SODIUM","72865-241-10",".112 mg/1","TABLET","ORAL","ANDA215259","XLCare Pharmaceuticals, Inc.","72865-241","levothyroxine sodium","LEVOTHYROXINE SODIUM","HUMAN PRESCRIPTION DRUG","01/18/2023","N/A","ANDA","1000 TABLET in 1 BOTTLE (72865-241-10)","Thyroxine [CS],  l-Thyroxine [EPC]","N/A","No","12/31/2026"
"LEVOTHYROXINE SODIUM","72865-241-90",".112 mg/1","TABLET","ORAL","ANDA215259","XLCare Pharmaceuticals, Inc.","72865-241","levothyroxine sodium","LEVOTHYROXINE SODIUM","HUMAN PRESCRIPTION DRUG","01/18/2023","N/A","ANDA","90 TABLET in 1 BOTTLE (72865-241-90)","Thyroxine [CS],  l-Thyroxine [EPC]","N/A","No","12/31/2026"
"LEVOTHYROXINE SODIUM","33342-401-10","150 ug/1","TABLET","ORAL","ANDA211417","Macleods Pharmaceuticals Limited","33342-401","LEVOTHYROXINE SODIUM","LEVOTHYROXINE SODIUM","HUMAN PRESCRIPTION DRUG","12/21/2022","N/A","ANDA","90 TABLET in 1 BOTTLE (33342-401-10)","Thyroxine [CS],  l-Thyroxine [EPC]","N/A","No","12/31/2026"
"LEVOTHYROXINE SODIUM","33342-401-11","150 ug/1","TABLET","ORAL","ANDA211417","Macleods Pharmaceuticals Limited","33342-401","LEVOTHYROXINE SODIUM","LEVOTHYROXINE SODIUM","HUMAN PRESCRIPTION DRUG","12/21/2022","N/A","ANDA","100 TABLET in 1 BOTTLE (33342-401-11)","Thyroxine [CS],  l-Thyroxine [EPC]","N/A","No","12/31/2026"
"LEVOTHYROXINE SODIUM","33342-401-44","150 ug/1","TABLET","ORAL","ANDA211417","Macleods Pharmaceuticals Limited","33342-401","LEVOTHYROXINE SODIUM","LEVOTHYROXINE SODIUM","HUMAN PRESCRIPTION DRUG","01/24/2023","N/A","ANDA","1000 TABLET in 1 BOTTLE (33342-401-44)","Thyroxine [CS],  l-Thyroxine [EPC]","N/A","No","12/31/2026"
"levothyroxine sodium","68788-8648-3","25 ug/1","TABLET","ORAL","NDA021116","Preferred Pharmaceuticals Inc.","68788-8648","levothyroxine sodium","LEVOTHYROXINE SODIUM","HUMAN PRESCRIPTION DRUG","05/03/2024","N/A","NDA","30 TABLET in 1 BOTTLE (68788-8648-3)","Thyroxine [CS],  l-Thyroxine [EPC]","N/A","No","12/31/2026"
"levothyroxine sodium","68788-8648-9","25 ug/1","TABLET","ORAL","NDA021116","Preferred Pharmaceuticals Inc.","68788-8648","levothyroxine sodium","LEVOTHYROXINE SODIUM","HUMAN PRESCRIPTION DRUG","05/03/2024","N/A","NDA","90 TABLET in 1 BOTTLE (68788-8648-9)","Thyroxine [CS],  l-Thyroxine [EPC]","N/A","No","12/31/2026"
"LEVOTHYROXINE SODIUM","72865-242-10",".125 mg/1","TABLET","ORAL","ANDA215259","XLCare Pharmaceuticals, Inc.","72865-242","levothyroxine sodium","LEVOTHYROXINE SODIUM","HUMAN PRESCRIPTION DRUG","01/18/2023","N/A","ANDA","1000 TABLET in 1 BOTTLE (72865-242-10)","Thyroxine [CS],  l-Thyroxine [EPC]","N/A","No","12/31/2026"
"LEVOTHYROXINE SODIUM","72865-242-90",".125 mg/1","TABLET","ORAL","ANDA215259","XLCare Pharmaceuticals, Inc.","72865-242","levothyroxine sodium","LEVOTHYROXINE SODIUM","HUMAN PRESCRIPTION DRUG","01/18/2023","N/A","ANDA","90 TABLET in 1 BOTTLE (72865-242-90)","Thyroxine [CS],  l-Thyroxine [EPC]","N/A","No","12/31/2026"
"Levothyroxine Sodium","82804-246-30",".125 mg/1","TABLET","ORAL","ANDA209713","Proficient Rx LP","82804-246","Levothyroxine Sodium","LEVOTHYROXINE SODIUM","HUMAN PRESCRIPTION DRUG","10/02/2025","N/A","ANDA","30 TABLET in 1 BOTTLE (82804-246-30)","Thyroxine [CS],  l-Thyroxine [EPC]","N/A","No","12/31/2026"
"Synthroid","0074-9296-19","112 ug/1","TABLET","ORAL","NDA021402","AbbVie Inc.","0074-9296","Levothyroxine Sodium","LEVOTHYROXINE SODIUM","HUMAN PRESCRIPTION DRUG","07/24/2002","N/A","NDA","1000 TABLET in 1 BOTTLE (0074-9296-19)","Thyroxine [CS],  l-Thyroxine [EPC]","N/A","No","12/31/2026"
"Synthroid","0074-9296-72","112 ug/1","TABLET","ORAL","NDA021402","AbbVie Inc.","0074-9296","Levothyroxine Sodium","LEVOTHYROXINE SODIUM","HUMAN PRESCRIPTION DRUG","07/24/2002","N/A","NDA","2 BLISTER PACK in 1 CARTON (0074-9296-72)  / 7 TABLET in 1 BLISTER PACK","Thyroxine [CS],  l-Thyroxine [EPC]","N/A","Yes","12/31/2026"
"Synthroid","0074-9296-90","112 ug/1","TABLET","ORAL","NDA021402","AbbVie Inc.","0074-9296","Levothyroxine Sodium","LEVOTHYROXINE SODIUM","HUMAN PRESCRIPTION DRUG","07/24/2002","N/A","NDA","90 TABLET in 1 BOTTLE (0074-9296-90)","Thyroxine [CS],  l-Thyroxine [EPC]","N/A","No","12/31/2026"
"LEVOTHYROXINE SODIUM","33342-402-10","175 ug/1","TABLET","ORAL","ANDA211417","Macleods Pharmaceuticals Limited","33342-402","LEVOTHYROXINE SODIUM","LEVOTHYROXINE SODIUM","HUMAN PRESCRIPTION DRUG","12/21/2022","N/A","ANDA","90 TABLET in 1 BOTTLE (33342-402-10)","Thyroxine [CS],  l-Thyroxine [EPC]","N/A","No","12/31/2026"
"LEVOTHYROXINE SODIUM","33342-402-11","175 ug/1","TABLET","ORAL","ANDA211417","Macleods Pharmaceuticals Limited","33342-402","LEVOTHYROXINE SODIUM","LEVOTHYROXINE SODIUM","HUMAN PRESCRIPTION DRUG","12/21/2022","N/A","ANDA","100 TABLET in 1 BOTTLE (33342-402-11)","Thyroxine [CS],  l-Thyroxine [EPC]","N/A","No","12/31/2026"
"LEVOTHYROXINE SODIUM","33342-402-44","175 ug/1","TABLET","ORAL","ANDA211417","Macleods Pharmaceuticals Limited","33342-402","LEVOTHYROXINE SODIUM","LEVOTHYROXINE SODIUM","HUMAN PRESCRIPTION DRUG","01/24/2023","N/A","ANDA","1000 TABLET in 1 BOTTLE (33342-402-44)","Thyroxine [CS],  l-Thyroxine [EPC]","N/A","No","12/31/2026"
"Levothyroxine Sodium","71205-512-30","25 ug/1","TABLET","ORAL","NDA021342","Proficient Rx LP","71205-512","levothyroxine sodium","LEVOTHYROXINE SODIUM","HUMAN PRESCRIPTION DRUG","12/02/2020","N/A","NDA AUTHORIZED GENERIC","30 TABLET in 1 BOTTLE (71205-512-30)","Thyroxine [CS],  l-Thyroxine [EPC]","N/A","No","12/31/2026"
"Levothyroxine Sodium","71205-512-60","25 ug/1","TABLET","ORAL","NDA021342","Proficient Rx LP","71205-512","levothyroxine sodium","LEVOTHYROXINE SODIUM","HUMAN PRESCRIPTION DRUG","12/02/2020","N/A","NDA AUTHORIZED GENERIC","60 TABLET in 1 BOTTLE (71205-512-60)","Thyroxine [CS],  l-Thyroxine [EPC]","N/A","No","12/31/2026"
"Levothyroxine Sodium","71205-512-90","25 ug/1","TABLET","ORAL","NDA021342","Proficient Rx LP","71205-512","levothyroxine sodium","LEVOTHYROXINE SODIUM","HUMAN PRESCRIPTION DRUG","12/02/2020","N/A","NDA AUTHORIZED GENERIC","90 TABLET in 1 BOTTLE (71205-512-90)","Thyroxine [CS],  l-Thyroxine [EPC]","N/A","No","12/31/2026"
"LEVOTHYROXINE SODIUM","72603-701-01","200 ug/1","TABLET","ORAL","ANDA211417","NorthStar RxLLC","72603-701","LEVOTHYROXINE SODIUM","LEVOTHYROXINE SODIUM","HUMAN PRESCRIPTION DRUG","04/08/2025","N/A","ANDA","90 TABLET in 1 BOTTLE (72603-701-01)","Thyroxine [CS],  l-Thyroxine [EPC]","N/A","No","12/31/2027"
"LEVOTHYROXINE SODIUM","72603-701-02","200 ug/1","TABLET","ORAL","ANDA211417","NorthStar RxLLC","72603-701","LEVOTHYROXINE SODIUM","LEVOTHYROXINE SODIUM","HUMAN PRESCRIPTION DRUG","03/31/2026","N/A","ANDA","1000 TABLET in 1 BOTTLE (72603-701-02)","Thyroxine [CS],  l-Thyroxine [EPC]","N/A","No","12/31/2027"
"LEVOTHYROXINE SODIUM","72603-701-11","200 ug/1","TABLET","ORAL","ANDA211417","NorthStar RxLLC","72603-701","LEVOTHYROXINE SODIUM","LEVOTHYROXINE SODIUM","HUMAN PRESCRIPTION DRUG","08/20/2026","N/A","ANDA","10 BLISTER PACK in 1 CARTON (72603-701-11)  / 10 TABLET in 1 BLISTER PACK (72603-701-10)","Thyroxine [CS],  l-Thyroxine [EPC]","N/A","No","12/31/2027"
"LEVOTHYROXINE SODIUM","72865-244-10",".15 mg/1","TABLET","ORAL","ANDA215259","XLCare Pharmaceuticals, Inc.","72865-244","levothyroxine sodium","LEVOTHYROXINE SODIUM","HUMAN PRESCRIPTION DRUG","01/18/2023","N/A","ANDA","1000 TABLET in 1 BOTTLE (72865-244-10)","Thyroxine [CS],  l-Thyroxine [EPC]","N/A","No","12/31/2026"
"LEVOTHYROXINE SODIUM","72865-244-90",".15 mg/1","TABLET","ORAL","ANDA215259","XLCare Pharmaceuticals, Inc.","72865-244","levothyroxine sodium","LEVOTHYROXINE SODIUM","HUMAN PRESCRIPTION DRUG","01/18/2023","N/A","ANDA","90 TABLET in 1 BOTTLE (72865-244-90)","Thyroxine [CS],  l-Thyroxine [EPC]","N/A","No","12/31/2026"
"LEVOTHYROXINE SODIUM","33342-404-10","300 ug/1","TABLET","ORAL","ANDA211417","Macleods Pharmaceuticals Limited","33342-404","LEVOTHYROXINE SODIUM","LEVOTHYROXINE SODIUM","HUMAN PRESCRIPTION DRUG","12/21/2022","N/A","ANDA","90 TABLET in 1 BOTTLE (33342-404-10)","Thyroxine [CS],  l-Thyroxine [EPC]","N/A","No","12/31/2026"
"LEVOTHYROXINE SODIUM","33342-404-11","300 ug/1","TABLET","ORAL","ANDA211417","Macleods Pharmaceuticals Limited","33342-404","LEVOTHYROXINE SODIUM","LEVOTHYROXINE SODIUM","HUMAN PRESCRIPTION DRUG","12/21/2022","N/A","ANDA","100 TABLET in 1 BOTTLE (33342-404-11)","Thyroxine [CS],  l-Thyroxine [EPC]","N/A","No","12/31/2026"
"LEVOTHYROXINE SODIUM","33342-404-44","300 ug/1","TABLET","ORAL","ANDA211417","Macleods Pharmaceuticals Limited","33342-404","LEVOTHYROXINE SODIUM","LEVOTHYROXINE SODIUM","HUMAN PRESCRIPTION DRUG","01/24/2023","N/A","ANDA","1000 TABLET in 1 BOTTLE (33342-404-44)","Thyroxine [CS],  l-Thyroxine [EPC]","N/A","No","12/31/2026"
"levothyroxine sodium","47781-728-90","175 ug/1","TABLET","ORAL","NDA021116","Alvogen, Inc.","47781-728","levothyroxine sodium","LEVOTHYROXINE SODIUM","HUMAN PRESCRIPTION DRUG","08/07/2026","N/A","NDA","90 TABLET in 1 BOTTLE (47781-728-90)","Thyroxine [CS],  l-Thyroxine [EPC]","N/A","No","12/31/2027"
"Levothyroxine sodium","71335-1966-1","88 ug/1","TABLET","ORAL","ANDA212399","Bryant Ranch Prepack","71335-1966","Levothyroxine Sodium","LEVOTHYROXINE SODIUM","HUMAN PRESCRIPTION DRUG","09/30/2021","N/A","ANDA","30 TABLET in 1 BOTTLE (71335-1966-1)","Thyroxine [CS],  l-Thyroxine [EPC]","N/A","No","12/31/2026"
"Levothyroxine sodium","71335-1966-2","88 ug/1","TABLET","ORAL","ANDA212399","Bryant Ranch Prepack","71335-1966","Levothyroxine Sodium","LEVOTHYROXINE SODIUM","HUMAN PRESCRIPTION DRUG","10/06/2021","N/A","ANDA","90 TABLET in 1 BOTTLE (71335-1966-2)","Thyroxine [CS],  l-Thyroxine [EPC]","N/A","No","12/31/2026"
"Levothyroxine sodium","71335-1966-3","88 ug/1","TABLET","ORAL","ANDA212399","Bryant Ranch Prepack","71335-1966","Levothyroxine Sodium","LEVOTHYROXINE SODIUM","HUMAN PRESCRIPTION DRUG","12/11/2024","N/A","ANDA","28 TABLET in 1 BOTTLE (71335-1966-3)","Thyroxine [CS],  l-Thyroxine [EPC]","N/A","No","12/31/2026"
"Levothyroxine sodium","71335-1966-4","88 ug/1","TABLET","ORAL","ANDA212399","Bryant Ranch Prepack","71335-1966","Levothyroxine Sodium","LEVOTHYROXINE SODIUM","HUMAN PRESCRIPTION DRUG","12/11/2024","N/A","ANDA","100 TABLET in 1 BOTTLE (71335-1966-4)","Thyroxine [CS],  l-Thyroxine [EPC]","N/A","No","12/31/2026"
"Levothyroxine sodium","71335-1966-5","88 ug/1","TABLET","ORAL","ANDA212399","Bryant Ranch Prepack","71335-1966","Levothyroxine Sodium","LEVOTHYROXINE SODIUM","HUMAN PRESCRIPTION DRUG","12/11/2024","N/A","ANDA","60 TABLET in 1 BOTTLE (71335-1966-5)","Thyroxine [CS],  l-Thyroxine [EPC]","N/A","No","12/31/2026"
"Levothyroxine Sodium","68180-965-01",".025 mg/1","TABLET","ORAL","ANDA209713","Lupin Pharmaceuticals, Inc.","68180-965","Levothyroxine Sodium","LEVOTHYROXINE SODIUM","HUMAN PRESCRIPTION DRUG","03/20/2019","N/A","ANDA","100 TABLET in 1 BOTTLE (68180-965-01)","Thyroxine [CS],  l-Thyroxine [EPC]","N/A","No","12/31/2026"
"Levothyroxine Sodium","68180-965-03",".025 mg/1","TABLET","ORAL","ANDA209713","Lupin Pharmaceuticals, Inc.","68180-965","Levothyroxine Sodium","LEVOTHYROXINE SODIUM","HUMAN PRESCRIPTION DRUG","03/20/2019","N/A","ANDA","1000 TABLET in 1 BOTTLE (68180-965-03)","Thyroxine [CS],  l-Thyroxine [EPC]","N/A","No","12/31/2026"
"Levothyroxine Sodium","68180-965-09",".025 mg/1","TABLET","ORAL","ANDA209713","Lupin Pharmaceuticals, Inc.","68180-965","Levothyroxine Sodium","LEVOTHYROXINE SODIUM","HUMAN PRESCRIPTION DRUG","03/20/2019","N/A","ANDA","90 TABLET in 1 BOTTLE (68180-965-09)","Thyroxine [CS],  l-Thyroxine [EPC]","N/A","No","12/31/2026"
"Levothyroxine Sodium","71205-221-30",".025 mg/1","TABLET","ORAL","NDA021210","Proficient Rx LP","71205-221","Levothyroxine Sodium","LEVOTHYROXINE SODIUM","HUMAN PRESCRIPTION DRUG","12/01/2003","N/A","NDA","30 TABLET in 1 BOTTLE, PLASTIC (71205-221-30)","Thyroxine [CS],  l-Thyroxine [EPC]","N/A","No","12/31/2026"
"Levothyroxine Sodium","71205-221-60",".025 mg/1","TABLET","ORAL","NDA021210","Proficient Rx LP","71205-221","Levothyroxine Sodium","LEVOTHYROXINE SODIUM","HUMAN PRESCRIPTION DRUG","12/01/2003","N/A","NDA","60 TABLET in 1 BOTTLE, PLASTIC (71205-221-60)","Thyroxine [CS],  l-Thyroxine [EPC]","N/A","No","12/31/2026"
"Levothyroxine Sodium","71205-221-90",".025 mg/1","TABLET","ORAL","NDA021210","Proficient Rx LP","71205-221","Levothyroxine Sodium","LEVOTHYROXINE SODIUM","HUMAN PRESCRIPTION DRUG","02/01/2019","N/A","NDA","90 TABLET in 1 BOTTLE, PLASTIC (71205-221-90)","Thyroxine [CS],  l-Thyroxine [EPC]","N/A","No","12/31/2026"
"LEVOTHYROXINE SODIUM","72865-245-10",".175 mg/1","TABLET","ORAL","ANDA215259","XLCare Pharmaceuticals, Inc.","72865-245","levothyroxine sodium","LEVOTHYROXINE SODIUM","HUMAN PRESCRIPTION DRUG","01/18/2023","N/A","ANDA","1000 TABLET in 1 BOTTLE (72865-245-10)","Thyroxine [CS],  l-Thyroxine [EPC]","N/A","No","12/31/2026"
"LEVOTHYROXINE SODIUM","72865-245-90",".175 mg/1","TABLET","ORAL","ANDA215259","XLCare Pharmaceuticals, Inc.","72865-245","levothyroxine sodium","LEVOTHYROXINE SODIUM","HUMAN PRESCRIPTION DRUG","01/18/2023","N/A","ANDA","90 TABLET in 1 BOTTLE (72865-245-90)","Thyroxine [CS],  l-Thyroxine [EPC]","N/A","No","12/31/2026"
"levothyroxine sodium","68788-7689-3","125 ug/1","TABLET","ORAL","NDA021116","Preferred Pharmaceuticals, Inc.","68788-7689","levothyroxine sodium","LEVOTHYROXINE SODIUM","HUMAN PRESCRIPTION DRUG","04/01/2020","N/A","NDA","30 TABLET in 1 BOTTLE (68788-7689-3)","Thyroxine [CS],  l-Thyroxine [EPC]","N/A","No","12/31/2026"
"levothyroxine sodium","68788-7689-9","125 ug/1","TABLET","ORAL","NDA021116","Preferred Pharmaceuticals, Inc.","68788-7689","levothyroxine sodium","LEVOTHYROXINE SODIUM","HUMAN PRESCRIPTION DRUG","04/01/2020","N/A","NDA","90 TABLET in 1 BOTTLE (68788-7689-9)","Thyroxine [CS],  l-Thyroxine [EPC]","N/A","No","12/31/2026"
"LEVOTHYROXINE SODIUM","72865-246-10",".2 mg/1","TABLET","ORAL","ANDA215259","XLCare Pharmaceuticals, Inc.","72865-246","levothyroxine sodium","LEVOTHYROXINE SODIUM","HUMAN PRESCRIPTION DRUG","01/18/2023","N/A","ANDA","1000 TABLET in 1 BOTTLE (72865-246-10)","Thyroxine [CS],  l-Thyroxine [EPC]","N/A","No","12/31/2026"
"LEVOTHYROXINE SODIUM","72865-246-90",".2 mg/1","TABLET","ORAL","ANDA215259","XLCare Pharmaceuticals, Inc.","72865-246","levothyroxine sodium","LEVOTHYROXINE SODIUM","HUMAN PRESCRIPTION DRUG","01/18/2023","N/A","ANDA","90 TABLET in 1 BOTTLE (72865-246-90)","Thyroxine [CS],  l-Thyroxine [EPC]","N/A","No","12/31/2026"
"LEVOTHYROXINE SODIUM","72865-247-10",".3 mg/1","TABLET","ORAL","ANDA215259","XLCare Pharmaceuticals, Inc.","72865-247","levothyroxine sodium","LEVOTHYROXINE SODIUM","HUMAN PRESCRIPTION DRUG","01/18/2023","N/A","ANDA","1000 TABLET in 1 BOTTLE (72865-247-10)","Thyroxine [CS],  l-Thyroxine [EPC]","N/A","No","12/31/2026"
"LEVOTHYROXINE SODIUM","72865-247-90",".3 mg/1","TABLET","ORAL","ANDA215259","XLCare Pharmaceuticals, Inc.","72865-247","levothyroxine sodium","LEVOTHYROXINE SODIUM","HUMAN PRESCRIPTION DRUG","01/18/2023","N/A","ANDA","90 TABLET in 1 BOTTLE (72865-247-90)","Thyroxine [CS],  l-Thyroxine [EPC]","N/A","No","12/31/2026"
"Levothyroxine Sodium","68180-969-01",".1 mg/1","TABLET","ORAL","ANDA209713","Lupin Pharmaceuticals, Inc.","68180-969","Levothyroxine Sodium","LEVOTHYROXINE SODIUM","HUMAN PRESCRIPTION DRUG","03/20/2019","N/A","ANDA","100 TABLET in 1 BOTTLE (68180-969-01)","Thyroxine [CS],  l-Thyroxine [EPC]","N/A","No","12/31/2026"
"Levothyroxine Sodium","68180-969-03",".1 mg/1","TABLET","ORAL","ANDA209713","Lupin Pharmaceuticals, Inc.","68180-969","Levothyroxine Sodium","LEVOTHYROXINE SODIUM","HUMAN PRESCRIPTION DRUG","03/20/2019","N/A","ANDA","1000 TABLET in 1 BOTTLE (68180-969-03)","Thyroxine [CS],  l-Thyroxine [EPC]","N/A","No","12/31/2026"
"Levothyroxine Sodium","68180-969-09",".1 mg/1","TABLET","ORAL","ANDA209713","Lupin Pharmaceuticals, Inc.","68180-969","Levothyroxine Sodium","LEVOTHYROXINE SODIUM","HUMAN PRESCRIPTION DRUG","03/20/2019","N/A","ANDA","90 TABLET in 1 BOTTLE (68180-969-09)","Thyroxine [CS],  l-Thyroxine [EPC]","N/A","No","12/31/2026"
"Levothyroxine sodium","50090-6087-0","88 ug/1","TABLET","ORAL","ANDA212399","A-S Medication Solutions","50090-6087","Levothyroxine Sodium","LEVOTHYROXINE SODIUM","HUMAN PRESCRIPTION DRUG","09/26/2022","N/A","ANDA","30 TABLET in 1 BOTTLE (50090-6087-0)","Thyroxine [CS],  l-Thyroxine [EPC]","N/A","No","12/31/2027"
"Levothyroxine sodium","50090-6087-1","88 ug/1","TABLET","ORAL","ANDA212399","A-S Medication Solutions","50090-6087","Levothyroxine Sodium","LEVOTHYROXINE SODIUM","HUMAN PRESCRIPTION DRUG","09/21/2022","N/A","ANDA","90 TABLET in 1 BOTTLE (50090-6087-1)","Thyroxine [CS],  l-Thyroxine [EPC]","N/A","No","12/31/2027"
"Levothyroxine Sodium","51655-687-52",".075 mg/1","TABLET","ORAL","NDA021210","Northwind Health Company, LLC","51655-687","Levothyroxine Sodium","LEVOTHYROXINE SODIUM","HUMAN PRESCRIPTION DRUG","03/30/2021","N/A","NDA","30 TABLET in 1 BOTTLE, PLASTIC (51655-687-52)","Thyroxine [CS],  l-Thyroxine [EPC]","N/A","No","12/31/2027"
"Synthroid","0074-7070-19","175 ug/1","TABLET","ORAL","NDA021402","AbbVie Inc.","0074-7070","Levothyroxine Sodium","LEVOTHYROXINE SODIUM","HUMAN PRESCRIPTION DRUG","07/24/2002","N/A","NDA","1000 TABLET in 1 BOTTLE (0074-7070-19)","Thyroxine [CS],  l-Thyroxine [EPC]","N/A","No","12/31/2026"
"Synthroid","0074-7070-90","175 ug/1","TABLET","ORAL","NDA021402","AbbVie Inc.","0074-7070","Levothyroxine Sodium","LEVOTHYROXINE SODIUM","HUMAN PRESCRIPTION DRUG","07/24/2002","N/A","NDA","90 TABLET in 1 BOTTLE (0074-7070-90)","Thyroxine [CS],  l-Thyroxine [EPC]","N/A","No","12/31/2026"
"Levothyroxine Sodium","68180-966-01",".05 mg/1","TABLET","ORAL","ANDA209713","Lupin Pharmaceuticals, Inc.","68180-966","Levothyroxine Sodium","LEVOTHYROXINE SODIUM","HUMAN PRESCRIPTION DRUG","05/02/2019","N/A","ANDA","100 TABLET in 1 BOTTLE (68180-966-01)","Thyroxine [CS],  l-Thyroxine [EPC]","N/A","No","12/31/2026"
"Levothyroxine Sodium","68180-966-03",".05 mg/1","TABLET","ORAL","ANDA209713","Lupin Pharmaceuticals, Inc.","68180-966","Levothyroxine Sodium","LEVOTHYROXINE SODIUM","HUMAN PRESCRIPTION DRUG","05/02/2019","N/A","ANDA","1000 TABLET in 1 BOTTLE (68180-966-03)","Thyroxine [CS],  l-Thyroxine [EPC]","N/A","No","12/31/2026"
"Levothyroxine Sodium","68180-966-09",".05 mg/1","TABLET","ORAL","ANDA209713","Lupin Pharmaceuticals, Inc.","68180-966","Levothyroxine Sodium","LEVOTHYROXINE SODIUM","HUMAN PRESCRIPTION DRUG","05/02/2019","N/A","ANDA","90 TABLET in 1 BOTTLE (68180-966-09)","Thyroxine [CS],  l-Thyroxine [EPC]","N/A","No","12/31/2026"
"levothyroxine sodium","68788-7697-1","112 ug/1","TABLET","ORAL","NDA021116","Preferred Pharmaceuticals, Inc.","68788-7697","levothyroxine sodium","LEVOTHYROXINE SODIUM","HUMAN PRESCRIPTION DRUG","04/01/2020","N/A","NDA","100 TABLET in 1 BOTTLE (68788-7697-1)","Thyroxine [CS],  l-Thyroxine [EPC]","N/A","No","12/31/2027"
"levothyroxine sodium","68788-7697-3","112 ug/1","TABLET","ORAL","NDA021116","Preferred Pharmaceuticals, Inc.","68788-7697","levothyroxine sodium","LEVOTHYROXINE SODIUM","HUMAN PRESCRIPTION DRUG","04/01/2020","N/A","NDA","30 TABLET in 1 BOTTLE (68788-7697-3)","Thyroxine [CS],  l-Thyroxine [EPC]","N/A","No","12/31/2027"
"levothyroxine sodium","68788-7697-9","112 ug/1","TABLET","ORAL","NDA021116","Preferred Pharmaceuticals, Inc.","68788-7697","levothyroxine sodium","LEVOTHYROXINE SODIUM","HUMAN PRESCRIPTION DRUG","04/01/2020","N/A","NDA","90 TABLET in 1 BOTTLE (68788-7697-9)","Thyroxine [CS],  l-Thyroxine [EPC]","N/A","No","12/31/2027"
"Levothyroxine Sodium","71205-222-30",".112 mg/1","TABLET","ORAL","NDA021210","Proficient Rx LP","71205-222","Levothyroxine Sodium","LEVOTHYROXINE SODIUM","HUMAN PRESCRIPTION DRUG","12/01/2003","N/A","NDA","30 TABLET in 1 BOTTLE, PLASTIC (71205-222-30)","Thyroxine [CS],  l-Thyroxine [EPC]","N/A","No","12/31/2026"
"Levothyroxine Sodium","71205-222-60",".112 mg/1","TABLET","ORAL","NDA021210","Proficient Rx LP","71205-222","Levothyroxine Sodium","LEVOTHYROXINE SODIUM","HUMAN PRESCRIPTION DRUG","12/01/2003","N/A","NDA","60 TABLET in 1 BOTTLE, PLASTIC (71205-222-60)","Thyroxine [CS],  l-Thyroxine [EPC]","N/A","No","12/31/2026"
"Levothyroxine Sodium","71205-222-90",".112 mg/1","TABLET","ORAL","NDA021210","Proficient Rx LP","71205-222","Levothyroxine Sodium","LEVOTHYROXINE SODIUM","HUMAN PRESCRIPTION DRUG","02/01/2019","N/A","NDA","90 TABLET in 1 BOTTLE, PLASTIC (71205-222-90)","Thyroxine [CS],  l-Thyroxine [EPC]","N/A","No","12/31/2026"
"LEVOTHYROXINE SODIUM","72189-250-90","137 ug/1","TABLET","ORAL","NDA021116","DIRECT RX","72189-250","LEVOTHYROXINE SODIUM","LEVOTHYROXINE SODIUM","HUMAN PRESCRIPTION DRUG","07/23/2021","N/A","NDA","90 TABLET in 1 BOTTLE (72189-250-90)","Thyroxine [CS],  l-Thyroxine [EPC]","N/A","No","12/31/2026"
"Levothyroxine Sodium","67046-0801-3",".075 mg/1","TABLET","ORAL","ANDA209713","Coupler LLC","67046-0801","Levothyroxine Sodium","LEVOTHYROXINE SODIUM","HUMAN PRESCRIPTION DRUG","05/13/2026","N/A","ANDA","30 TABLET in 1 BLISTER PACK (67046-0801-3)","Thyroxine [CS],  l-Thyroxine [EPC]","N/A","No","12/31/2027"
"Levothyroxine Sodium","68180-967-01",".075 mg/1","TABLET","ORAL","ANDA209713","Lupin Pharmaceuticals, Inc.","68180-967","Levothyroxine Sodium","LEVOTHYROXINE SODIUM","HUMAN PRESCRIPTION DRUG","03/20/2019","N/A","ANDA","100 TABLET in 1 BOTTLE (68180-967-01)","Thyroxine [CS],  l-Thyroxine [EPC]","N/A","No","12/31/2026"
"Levothyroxine Sodium","68180-967-03",".075 mg/1","TABLET","ORAL","ANDA209713","Lupin Pharmaceuticals, Inc.","68180-967","Levothyroxine Sodium","LEVOTHYROXINE SODIUM","HUMAN PRESCRIPTION DRUG","03/20/2019","N/A","ANDA","1000 TABLET in 1 BOTTLE (68180-967-03)","Thyroxine [CS],  l-Thyroxine [EPC]","N/A","No","12/31/2026"
"Levothyroxine Sodium","68180-967-09",".075 mg/1","TABLET","ORAL","ANDA209713","Lupin Pharmaceuticals, Inc.","68180-967","Levothyroxine Sodium","LEVOTHYROXINE SODIUM","HUMAN PRESCRIPTION DRUG","03/20/2019","N/A","ANDA","90 TABLET in 1 BOTTLE (68180-967-09)","Thyroxine [CS],  l-Thyroxine [EPC]","N/A","No","12/31/2026"
"levothyroxine sodium","68788-7698-3","50 ug/1","TABLET","ORAL","NDA021116","Preferred Pharmaceuticals, Inc.","68788-7698","levothyroxine sodium","LEVOTHYROXINE SODIUM","HUMAN PRESCRIPTION DRUG","04/01/2020","N/A","NDA","30 TABLET in 1 BOTTLE (68788-7698-3)","Thyroxine [CS],  l-Thyroxine [EPC]","N/A","No","12/31/2027"
"levothyroxine sodium","68788-7698-9","50 ug/1","TABLET","ORAL","NDA021116","Preferred Pharmaceuticals, Inc.","68788-7698","levothyroxine sodium","LEVOTHYROXINE SODIUM","HUMAN PRESCRIPTION DRUG","04/01/2020","N/A","NDA","90 TABLET in 1 BOTTLE (68788-7698-9)","Thyroxine [CS],  l-Thyroxine [EPC]","N/A","No","12/31/2027"
"Levothyroxine Sodium","68180-968-01",".088 mg/1","TABLET","ORAL","ANDA209713","Lupin Pharmaceuticals, Inc.","68180-968","Levothyroxine Sodium","LEVOTHYROXINE SODIUM","HUMAN PRESCRIPTION DRUG","03/20/2019","N/A","ANDA","100 TABLET in 1 BOTTLE (68180-968-01)","Thyroxine [CS],  l-Thyroxine [EPC]","N/A","No","12/31/2026"
"Levothyroxine Sodium","68180-968-03",".088 mg/1","TABLET","ORAL","ANDA209713","Lupin Pharmaceuticals, Inc.","68180-968","Levothyroxine Sodium","LEVOTHYROXINE SODIUM","HUMAN PRESCRIPTION DRUG","03/20/2019","N/A","ANDA","1000 TABLET in 1 BOTTLE (68180-968-03)","Thyroxine [CS],  l-Thyroxine [EPC]","N/A","No","12/31/2026"
"Levothyroxine Sodium","68180-968-09",".088 mg/1","TABLET","ORAL","ANDA209713","Lupin Pharmaceuticals, Inc.","68180-968","Levothyroxine Sodium","LEVOTHYROXINE SODIUM","HUMAN PRESCRIPTION DRUG","03/20/2019","N/A","ANDA","90 TABLET in 1 BOTTLE (68180-968-09)","Thyroxine [CS],  l-Thyroxine [EPC]","N/A","No","12/31/2026"
"Levothyroxine Sodium","68180-971-01",".125 mg/1","TABLET","ORAL","ANDA209713","Lupin Pharmaceuticals, Inc.","68180-971","Levothyroxine Sodium","LEVOTHYROXINE SODIUM","HUMAN PRESCRIPTION DRUG","03/20/2019","N/A","ANDA","100 TABLET in 1 BOTTLE (68180-971-01)","Thyroxine [CS],  l-Thyroxine [EPC]","N/A","No","12/31/2026"
"Levothyroxine Sodium","68180-971-03",".125 mg/1","TABLET","ORAL","ANDA209713","Lupin Pharmaceuticals, Inc.","68180-971","Levothyroxine Sodium","LEVOTHYROXINE SODIUM","HUMAN PRESCRIPTION DRUG","03/20/2019","N/A","ANDA","1000 TABLET in 1 BOTTLE (68180-971-03)","Thyroxine [CS],  l-Thyroxine [EPC]","N/A","No","12/31/2026"
"Levothyroxine Sodium","68180-971-09",".125 mg/1","TABLET","ORAL","ANDA209713","Lupin Pharmaceuticals, Inc.","68180-971","Levothyroxine Sodium","LEVOTHYROXINE SODIUM","HUMAN PRESCRIPTION DRUG","03/20/2019","N/A","ANDA","90 TABLET in 1 BOTTLE (68180-971-09)","Thyroxine [CS],  l-Thyroxine [EPC]","N/A","No","12/31/2026"
"levothyroxine sodium","68788-7724-3","150 ug/1","TABLET","ORAL","NDA021116","Preferred Pharmaceuticals, Inc.","68788-7724","levothyroxine sodium","LEVOTHYROXINE SODIUM","HUMAN PRESCRIPTION DRUG","07/01/2020","N/A","NDA","30 TABLET in 1 BOTTLE (68788-7724-3)","Thyroxine [CS],  l-Thyroxine [EPC]","N/A","No","12/31/2027"
"levothyroxine sodium","68788-7724-9","150 ug/1","TABLET","ORAL","NDA021116","Preferred Pharmaceuticals, Inc.","68788-7724","levothyroxine sodium","LEVOTHYROXINE SODIUM","HUMAN PRESCRIPTION DRUG","07/01/2020","N/A","NDA","90 TABLET in 1 BOTTLE (68788-7724-9)","Thyroxine [CS],  l-Thyroxine [EPC]","N/A","No","12/31/2027"
"Levothyroxine Sodium","72162-1091-0","112 ug/1","TABLET","ORAL","NDA021342","Bryant Ranch Prepack","72162-1091","Levothyroxine Sodium","LEVOTHYROXINE SODIUM","HUMAN PRESCRIPTION DRUG","08/03/2020","N/A","NDA AUTHORIZED GENERIC","1000 TABLET in 1 BOTTLE (72162-1091-0)","Thyroxine [CS],  l-Thyroxine [EPC]","N/A","No","12/31/2027"
"Levothyroxine Sodium","67046-0819-3",".05 mg/1","TABLET","ORAL","ANDA209713","Coupler LLC","67046-0819","Levothyroxine Sodium","LEVOTHYROXINE SODIUM","HUMAN PRESCRIPTION DRUG","07/06/2026","N/A","ANDA","30 TABLET in 1 BLISTER PACK (67046-0819-3)","Thyroxine [CS],  l-Thyroxine [EPC]","N/A","No","12/31/2027"
"Levothyroxine Sodium","68180-970-01",".112 mg/1","TABLET","ORAL","ANDA209713","Lupin Pharmaceuticals, Inc.","68180-970","Levothyroxine Sodium","LEVOTHYROXINE SODIUM","HUMAN PRESCRIPTION DRUG","03/20/2019","N/A","ANDA","100 TABLET in 1 BOTTLE (68180-970-01)","Thyroxine [CS],  l-Thyroxine [EPC]","N/A","No","12/31/2026"
"Levothyroxine Sodium","68180-970-03",".112 mg/1","TABLET","ORAL","ANDA209713","Lupin Pharmaceuticals, Inc.","68180-970","Levothyroxine Sodium","LEVOTHYROXINE SODIUM","HUMAN PRESCRIPTION DRUG","03/20/2019","N/A","ANDA","1000 TABLET in 1 BOTTLE (68180-970-03)","Thyroxine [CS],  l-Thyroxine [EPC]","N/A","No","12/31/2026"
"Levothyroxine Sodium","68180-970-09",".112 mg/1","TABLET","ORAL","ANDA209713","Lupin Pharmaceuticals, Inc.","68180-970","Levothyroxine Sodium","LEVOTHYROXINE SODIUM","HUMAN PRESCRIPTION DRUG","03/20/2019","N/A","ANDA","90 TABLET in 1 BOTTLE (68180-970-09)","Thyroxine [CS],  l-Thyroxine [EPC]","N/A","No","12/31/2026"
"Levothyroxine Sodium","68071-5316-9",".075 mg/1","TABLET","ORAL","ANDA209713","NuCare Pharmaceuticals, Inc.","68071-5316","Levothyroxine Sodium","LEVOTHYROXINE SODIUM","HUMAN PRESCRIPTION DRUG","08/20/2026","N/A","ANDA","90 TABLET in 1 BOTTLE (68071-5316-9)","Thyroxine [CS],  l-Thyroxine [EPC]","N/A","No","12/31/2027"
"levothyroxine sodium","68788-7704-3","200 ug/1","TABLET","ORAL","NDA021116","Preferred Pharmaceuticals, Inc.","68788-7704","levothyroxine sodium","LEVOTHYROXINE SODIUM","HUMAN PRESCRIPTION DRUG","05/01/2020","N/A","NDA","30 TABLET in 1 BOTTLE (68788-7704-3)","Thyroxine [CS],  l-Thyroxine [EPC]","N/A","No","12/31/2027"
"levothyroxine sodium","68788-7704-9","200 ug/1","TABLET","ORAL","NDA021116","Preferred Pharmaceuticals, Inc.","68788-7704","levothyroxine sodium","LEVOTHYROXINE SODIUM","HUMAN PRESCRIPTION DRUG","05/01/2020","N/A","NDA","90 TABLET in 1 BOTTLE (68788-7704-9)","Thyroxine [CS],  l-Thyroxine [EPC]","N/A","No","12/31/2027"
"Levothyroxine Sodium","51655-694-52",".15 mg/1","TABLET","ORAL","NDA021210","Northwind Health Company, LLC","51655-694","Levothyroxine Sodium","LEVOTHYROXINE SODIUM","HUMAN PRESCRIPTION DRUG","04/01/2021","N/A","NDA","30 TABLET in 1 BOTTLE, PLASTIC (51655-694-52)","Thyroxine [CS],  l-Thyroxine [EPC]","N/A","No","12/31/2027"
"Levothyroxine Sodium","67046-0828-3",".025 mg/1","TABLET","ORAL","ANDA209713","Coupler LLC","67046-0828","Levothyroxine Sodium","LEVOTHYROXINE SODIUM","HUMAN PRESCRIPTION DRUG","05/04/2026","N/A","ANDA","30 TABLET in 1 BLISTER PACK (67046-0828-3)","Thyroxine [CS],  l-Thyroxine [EPC]","N/A","No","12/31/2027"
"Levothyroxine sodium","50090-6089-0","137 ug/1","TABLET","ORAL","ANDA212399","A-S Medication Solutions","50090-6089","Levothyroxine Sodium","LEVOTHYROXINE SODIUM","HUMAN PRESCRIPTION DRUG","09/21/2022","N/A","ANDA","90 TABLET in 1 BOTTLE (50090-6089-0)","Thyroxine [CS],  l-Thyroxine [EPC]","N/A","No","12/31/2026"
"Levothyroxine sodium","50090-6089-1","137 ug/1","TABLET","ORAL","ANDA212399","A-S Medication Solutions","50090-6089","Levothyroxine Sodium","LEVOTHYROXINE SODIUM","HUMAN PRESCRIPTION DRUG","09/21/2022","N/A","ANDA","30 TABLET in 1 BOTTLE (50090-6089-1)","Thyroxine [CS],  l-Thyroxine [EPC]","N/A","No","12/31/2026"
"levothyroxine sodium","50090-4799-0","125 ug/1","TABLET","ORAL","NDA021116","A-S Medication Solutions","50090-4799","levothyroxine sodium","LEVOTHYROXINE SODIUM","HUMAN PRESCRIPTION DRUG","12/16/2019","N/A","NDA","30 TABLET in 1 BOTTLE (50090-4799-0)","Thyroxine [CS],  l-Thyroxine [EPC]","N/A","No","12/31/2027"
"levothyroxine sodium","50090-4799-1","125 ug/1","TABLET","ORAL","NDA021116","A-S Medication Solutions","50090-4799","levothyroxine sodium","LEVOTHYROXINE SODIUM","HUMAN PRESCRIPTION DRUG","12/16/2019","N/A","NDA","90 TABLET in 1 BOTTLE (50090-4799-1)","Thyroxine [CS],  l-Thyroxine [EPC]","N/A","No","12/31/2027"
"Levothyroxine sodium","50090-6090-0","50 ug/1","TABLET","ORAL","ANDA212399","A-S Medication Solutions","50090-6090","Levothyroxine Sodium","LEVOTHYROXINE SODIUM","HUMAN PRESCRIPTION DRUG","09/21/2022","N/A","ANDA","30 TABLET in 1 BOTTLE (50090-6090-0)","Thyroxine [CS],  l-Thyroxine [EPC]","N/A","No","12/31/2026"
"Levothyroxine sodium","50090-6090-1","50 ug/1","TABLET","ORAL","ANDA212399","A-S Medication Solutions","50090-6090","Levothyroxine Sodium","LEVOTHYROXINE SODIUM","HUMAN PRESCRIPTION DRUG","09/21/2022","N/A","ANDA","90 TABLET in 1 BOTTLE (50090-6090-1)","Thyroxine [CS],  l-Thyroxine [EPC]","N/A","No","12/31/2026"
"Levothyroxine Sodium","51655-696-52",".125 mg/1","TABLET","ORAL","NDA021210","Northwind Health Company, LLC","51655-696","Levothyroxine Sodium","LEVOTHYROXINE SODIUM","HUMAN PRESCRIPTION DRUG","04/01/2021","N/A","NDA","30 TABLET in 1 BOTTLE, PLASTIC (51655-696-52)","Thyroxine [CS],  l-Thyroxine [EPC]","N/A","No","12/31/2027"
"Levothyroxine Sodium","72162-1090-0","88 ug/1","TABLET","ORAL","NDA021342","Bryant Ranch Prepack","72162-1090","Levothyroxine Sodium","LEVOTHYROXINE SODIUM","HUMAN PRESCRIPTION DRUG","08/03/2020","N/A","NDA AUTHORIZED GENERIC","1000 TABLET in 1 BOTTLE (72162-1090-0)","Thyroxine [CS],  l-Thyroxine [EPC]","N/A","No","12/31/2027"
"Levothyroxine Sodium","68180-975-01",".2 mg/1","TABLET","ORAL","ANDA209713","Lupin Pharmaceuticals, Inc.","68180-975","Levothyroxine Sodium","LEVOTHYROXINE SODIUM","HUMAN PRESCRIPTION DRUG","03/20/2019","N/A","ANDA","100 TABLET in 1 BOTTLE (68180-975-01)","Thyroxine [CS],  l-Thyroxine [EPC]","N/A","No","12/31/2026"
"Levothyroxine Sodium","68180-975-03",".2 mg/1","TABLET","ORAL","ANDA209713","Lupin Pharmaceuticals, Inc.","68180-975","Levothyroxine Sodium","LEVOTHYROXINE SODIUM","HUMAN PRESCRIPTION DRUG","03/20/2019","N/A","ANDA","1000 TABLET in 1 BOTTLE (68180-975-03)","Thyroxine [CS],  l-Thyroxine [EPC]","N/A","No","12/31/2026"
"Levothyroxine Sodium","68180-975-09",".2 mg/1","TABLET","ORAL","ANDA209713","Lupin Pharmaceuticals, Inc.","68180-975","Levothyroxine Sodium","LEVOTHYROXINE SODIUM","HUMAN PRESCRIPTION DRUG","03/20/2019","N/A","ANDA","90 TABLET in 1 BOTTLE (68180-975-09)","Thyroxine [CS],  l-Thyroxine [EPC]","N/A","No","12/31/2026"
"Levothyroxine Sodium","68071-3750-9",".05 mg/1","TABLET","ORAL","ANDA209713","NuCare Pharmaceuticals,Inc.","68071-3750","Levothyroxine Sodium","LEVOTHYROXINE SODIUM","HUMAN PRESCRIPTION DRUG","12/20/2024","N/A","ANDA","90 TABLET in 1 BOTTLE (68071-3750-9)","Thyroxine [CS],  l-Thyroxine [EPC]","N/A","No","12/31/2026"
"Levothyroxine Sodium","69238-1832-1",".075 mg/1","TABLET","ORAL","NDA021210","Amneal Pharmaceuticals NY LLC","69238-1832","Levothyroxine Sodium","LEVOTHYROXINE SODIUM","HUMAN PRESCRIPTION DRUG","12/01/2003","N/A","NDA AUTHORIZED GENERIC","100 TABLET in 1 BOTTLE, PLASTIC (69238-1832-1)","Thyroxine [CS],  l-Thyroxine [EPC]","N/A","No","12/31/2026"
"Levothyroxine Sodium","69238-1832-7",".075 mg/1","TABLET","ORAL","NDA021210","Amneal Pharmaceuticals NY LLC","69238-1832","Levothyroxine Sodium","LEVOTHYROXINE SODIUM","HUMAN PRESCRIPTION DRUG","12/01/2003","N/A","NDA AUTHORIZED GENERIC","1000 TABLET in 1 BOTTLE, PLASTIC (69238-1832-7)","Thyroxine [CS],  l-Thyroxine [EPC]","N/A","No","12/31/2026"
"Levothyroxine sodium","50090-6100-0","125 ug/1","TABLET","ORAL","ANDA212399","A-S Medication Solutions","50090-6100","Levothyroxine Sodium","LEVOTHYROXINE SODIUM","HUMAN PRESCRIPTION DRUG","09/26/2022","N/A","ANDA","30 TABLET in 1 BOTTLE (50090-6100-0)","Thyroxine [CS],  l-Thyroxine [EPC]","N/A","No","12/31/2027"
"Levothyroxine sodium","50090-6100-1","125 ug/1","TABLET","ORAL","ANDA212399","A-S Medication Solutions","50090-6100","Levothyroxine Sodium","LEVOTHYROXINE SODIUM","HUMAN PRESCRIPTION DRUG","09/26/2022","N/A","ANDA","90 TABLET in 1 BOTTLE (50090-6100-1)","Thyroxine [CS],  l-Thyroxine [EPC]","N/A","No","12/31/2027"
"Levothyroxine Sodium","72162-1095-0","300 ug/1","TABLET","ORAL","NDA021342","Bryant Ranch Prepack","72162-1095","Levothyroxine Sodium","LEVOTHYROXINE SODIUM","HUMAN PRESCRIPTION DRUG","08/03/2020","N/A","NDA AUTHORIZED GENERIC","1000 TABLET in 1 BOTTLE (72162-1095-0)","Thyroxine [CS],  l-Thyroxine [EPC]","N/A","No","12/31/2027"
"Levothyroxine Sodium","68180-972-01",".137 mg/1","TABLET","ORAL","ANDA209713","Lupin Pharmaceuticals, Inc.","68180-972","Levothyroxine Sodium","LEVOTHYROXINE SODIUM","HUMAN PRESCRIPTION DRUG","03/20/2019","N/A","ANDA","100 TABLET in 1 BOTTLE (68180-972-01)","Thyroxine [CS],  l-Thyroxine [EPC]","N/A","No","12/31/2026"
"Levothyroxine Sodium","68180-972-03",".137 mg/1","TABLET","ORAL","ANDA209713","Lupin Pharmaceuticals, Inc.","68180-972","Levothyroxine Sodium","LEVOTHYROXINE SODIUM","HUMAN PRESCRIPTION DRUG","03/20/2019","N/A","ANDA","1000 TABLET in 1 BOTTLE (68180-972-03)","Thyroxine [CS],  l-Thyroxine [EPC]","N/A","No","12/31/2026"
"Levothyroxine Sodium","68180-972-09",".137 mg/1","TABLET","ORAL","ANDA209713","Lupin Pharmaceuticals, Inc.","68180-972","Levothyroxine Sodium","LEVOTHYROXINE SODIUM","HUMAN PRESCRIPTION DRUG","03/20/2019","N/A","ANDA","90 TABLET in 1 BOTTLE (68180-972-09)","Thyroxine [CS],  l-Thyroxine [EPC]","N/A","No","12/31/2026"
"levothyroxine sodium","68788-7725-3","75 ug/1","TABLET","ORAL","NDA021116","Preferred Pharmaceuticals, Inc.","68788-7725","levothyroxine sodium","LEVOTHYROXINE SODIUM","HUMAN PRESCRIPTION DRUG","07/01/2020","N/A","NDA","30 TABLET in 1 BOTTLE (68788-7725-3)","Thyroxine [CS],  l-Thyroxine [EPC]","N/A","No","12/31/2027"
"levothyroxine sodium","68788-7725-9","75 ug/1","TABLET","ORAL","NDA021116","Preferred Pharmaceuticals, Inc.","68788-7725","levothyroxine sodium","LEVOTHYROXINE SODIUM","HUMAN PRESCRIPTION DRUG","07/01/2020","N/A","NDA","90 TABLET in 1 BOTTLE (68788-7725-9)","Thyroxine [CS],  l-Thyroxine [EPC]","N/A","No","12/31/2027"
"Levothyroxine Sodium","72162-1092-0","137 ug/1","TABLET","ORAL","NDA021342","Bryant Ranch Prepack","72162-1092","Levothyroxine Sodium","LEVOTHYROXINE SODIUM","HUMAN PRESCRIPTION DRUG","08/03/2020","N/A","NDA AUTHORIZED GENERIC","1000 TABLET in 1 BOTTLE (72162-1092-0)","Thyroxine [CS],  l-Thyroxine [EPC]","N/A","No","12/31/2026"
"Levothyroxine Sodium","68180-973-01",".15 mg/1","TABLET","ORAL","ANDA209713","Lupin Pharmaceuticals, Inc.","68180-973","Levothyroxine Sodium","LEVOTHYROXINE SODIUM","HUMAN PRESCRIPTION DRUG","03/20/2019","N/A","ANDA","100 TABLET in 1 BOTTLE (68180-973-01)","Thyroxine [CS],  l-Thyroxine [EPC]","N/A","No","12/31/2026"
"Levothyroxine Sodium","68180-973-03",".15 mg/1","TABLET","ORAL","ANDA209713","Lupin Pharmaceuticals, Inc.","68180-973","Levothyroxine Sodium","LEVOTHYROXINE SODIUM","HUMAN PRESCRIPTION DRUG","03/20/2019","N/A","ANDA","1000 TABLET in 1 BOTTLE (68180-973-03)","Thyroxine [CS],  l-Thyroxine [EPC]","N/A","No","12/31/2026"
"Levothyroxine Sodium","68180-973-09",".15 mg/1","TABLET","ORAL","ANDA209713","Lupin Pharmaceuticals, Inc.","68180-973","Levothyroxine Sodium","LEVOTHYROXINE SODIUM","HUMAN PRESCRIPTION DRUG","03/20/2019","N/A","ANDA","90 TABLET in 1 BOTTLE (68180-973-09)","Thyroxine [CS],  l-Thyroxine [EPC]","N/A","No","12/31/2026"
"LEVOTHYROXINE SODIUM","68071-3996-9","50 ug/1","TABLET","ORAL","ANDA211417","NuCare Pharmaceuticals,Inc.","68071-3996","LEVOTHYROXINE SODIUM","LEVOTHYROXINE SODIUM","HUMAN PRESCRIPTION DRUG","05/04/2026","N/A","ANDA","90 TABLET in 1 BOTTLE (68071-3996-9)","Thyroxine [CS],  l-Thyroxine [EPC]","N/A","No","12/31/2027"
"Levothyroxine Sodium","69238-1830-1",".025 mg/1","TABLET","ORAL","NDA021210","Amneal Pharmaceuticals NY LLC","69238-1830","Levothyroxine Sodium","LEVOTHYROXINE SODIUM","HUMAN PRESCRIPTION DRUG","12/01/2003","N/A","NDA AUTHORIZED GENERIC","100 TABLET in 1 BOTTLE, PLASTIC (69238-1830-1)","Thyroxine [CS],  l-Thyroxine [EPC]","N/A","No","12/31/2026"
"Levothyroxine Sodium","69238-1830-7",".025 mg/1","TABLET","ORAL","NDA021210","Amneal Pharmaceuticals NY LLC","69238-1830","Levothyroxine Sodium","LEVOTHYROXINE SODIUM","HUMAN PRESCRIPTION DRUG","12/01/2003","N/A","NDA AUTHORIZED GENERIC","1000 TABLET in 1 BOTTLE, PLASTIC (69238-1830-7)","Thyroxine [CS],  l-Thyroxine [EPC]","N/A","No","12/31/2026"
"Levothyroxine Sodium","72162-1093-0","175 ug/1","TABLET","ORAL","NDA021342","Bryant Ranch Prepack","72162-1093","Levothyroxine Sodium","LEVOTHYROXINE SODIUM","HUMAN PRESCRIPTION DRUG","08/03/2020","N/A","NDA AUTHORIZED GENERIC","1000 TABLET in 1 BOTTLE (72162-1093-0)","Thyroxine [CS],  l-Thyroxine [EPC]","N/A","No","12/31/2027"
"Levothyroxine Sodium","68180-974-01",".175 mg/1","TABLET","ORAL","ANDA209713","Lupin Pharmaceuticals, Inc.","68180-974","Levothyroxine Sodium","LEVOTHYROXINE SODIUM","HUMAN PRESCRIPTION DRUG","03/20/2019","N/A","ANDA","100 TABLET in 1 BOTTLE (68180-974-01)","Thyroxine [CS],  l-Thyroxine [EPC]","N/A","No","12/31/2026"
"Levothyroxine Sodium","68180-974-03",".175 mg/1","TABLET","ORAL","ANDA209713","Lupin Pharmaceuticals, Inc.","68180-974","Levothyroxine Sodium","LEVOTHYROXINE SODIUM","HUMAN PRESCRIPTION DRUG","03/20/2019","N/A","ANDA","1000 TABLET in 1 BOTTLE (68180-974-03)","Thyroxine [CS],  l-Thyroxine [EPC]","N/A","No","12/31/2026"
"Levothyroxine Sodium","68180-974-09",".175 mg/1","TABLET","ORAL","ANDA209713","Lupin Pharmaceuticals, Inc.","68180-974","Levothyroxine Sodium","LEVOTHYROXINE SODIUM","HUMAN PRESCRIPTION DRUG","03/20/2019","N/A","ANDA","90 TABLET in 1 BOTTLE (68180-974-09)","Thyroxine [CS],  l-Thyroxine [EPC]","N/A","No","12/31/2026"
"Levothyroxine Sodium","69238-1831-1",".05 mg/1","TABLET","ORAL","NDA021210","Amneal Pharmaceuticals NY LLC","69238-1831","Levothyroxine Sodium","LEVOTHYROXINE SODIUM","HUMAN PRESCRIPTION DRUG","12/01/2003","N/A","NDA AUTHORIZED GENERIC","100 TABLET in 1 BOTTLE, PLASTIC (69238-1831-1)","Thyroxine [CS],  l-Thyroxine [EPC]","N/A","No","12/31/2026"
"Levothyroxine Sodium","69238-1831-7",".05 mg/1","TABLET","ORAL","NDA021210","Amneal Pharmaceuticals NY LLC","69238-1831","Levothyroxine Sodium","LEVOTHYROXINE SODIUM","HUMAN PRESCRIPTION DRUG","12/01/2003","N/A","NDA AUTHORIZED GENERIC","1000 TABLET in 1 BOTTLE, PLASTIC (69238-1831-7)","Thyroxine [CS],  l-Thyroxine [EPC]","N/A","No","12/31/2026"
"levothyroxine sodium","68788-7729-1","100 ug/1","TABLET","ORAL","NDA021116","Preferred Pharmaceuticals, Inc.","68788-7729","levothyroxine sodium","LEVOTHYROXINE SODIUM","HUMAN PRESCRIPTION DRUG","07/01/2020","N/A","NDA","100 TABLET in 1 BOTTLE (68788-7729-1)","Thyroxine [CS],  l-Thyroxine [EPC]","N/A","No","12/31/2027"
"levothyroxine sodium","68788-7729-3","100 ug/1","TABLET","ORAL","NDA021116","Preferred Pharmaceuticals, Inc.","68788-7729","levothyroxine sodium","LEVOTHYROXINE SODIUM","HUMAN PRESCRIPTION DRUG","07/01/2020","N/A","NDA","30 TABLET in 1 BOTTLE (68788-7729-3)","Thyroxine [CS],  l-Thyroxine [EPC]","N/A","No","12/31/2027"
"levothyroxine sodium","68788-7729-9","100 ug/1","TABLET","ORAL","NDA021116","Preferred Pharmaceuticals, Inc.","68788-7729","levothyroxine sodium","LEVOTHYROXINE SODIUM","HUMAN PRESCRIPTION DRUG","07/01/2020","N/A","NDA","90 TABLET in 1 BOTTLE (68788-7729-9)","Thyroxine [CS],  l-Thyroxine [EPC]","N/A","No","12/31/2027"
"Levothyroxine Sodium","72162-1094-0","200 ug/1","TABLET","ORAL","NDA021342","Bryant Ranch Prepack","72162-1094","Levothyroxine Sodium","LEVOTHYROXINE SODIUM","HUMAN PRESCRIPTION DRUG","08/03/2020","N/A","NDA AUTHORIZED GENERIC","1000 TABLET in 1 BOTTLE (72162-1094-0)","Thyroxine [CS],  l-Thyroxine [EPC]","N/A","No","12/31/2027"
"Levothyroxine Sodium","69238-1836-1",".125 mg/1","TABLET","ORAL","NDA021210","Amneal Pharmaceuticals NY LLC","69238-1836","Levothyroxine Sodium","LEVOTHYROXINE SODIUM","HUMAN PRESCRIPTION DRUG","12/01/2003","N/A","NDA AUTHORIZED GENERIC","100 TABLET in 1 BOTTLE, PLASTIC (69238-1836-1)","Thyroxine [CS],  l-Thyroxine [EPC]","N/A","No","12/31/2026"
"Levothyroxine Sodium","69238-1836-7",".125 mg/1","TABLET","ORAL","NDA021210","Amneal Pharmaceuticals NY LLC","69238-1836","Levothyroxine Sodium","LEVOTHYROXINE SODIUM","HUMAN PRESCRIPTION DRUG","12/01/2003","N/A","NDA AUTHORIZED GENERIC","1000 TABLET in 1 BOTTLE, PLASTIC (69238-1836-7)","Thyroxine [CS],  l-Thyroxine [EPC]","N/A","No","12/31/2026"
"Levothyroxine sodium","50090-6105-2","200 ug/1","TABLET","ORAL","ANDA212399","A-S Medication Solutions","50090-6105","Levothyroxine Sodium","LEVOTHYROXINE SODIUM","HUMAN PRESCRIPTION DRUG","09/27/2022","N/A","ANDA","30 TABLET in 1 BOTTLE (50090-6105-2)","Thyroxine [CS],  l-Thyroxine [EPC]","N/A","No","12/31/2027"
"Levothyroxine sodium","50090-6105-3","200 ug/1","TABLET","ORAL","ANDA212399","A-S Medication Solutions","50090-6105","Levothyroxine Sodium","LEVOTHYROXINE SODIUM","HUMAN PRESCRIPTION DRUG","09/27/2022","N/A","ANDA","90 TABLET in 1 BOTTLE (50090-6105-3)","Thyroxine [CS],  l-Thyroxine [EPC]","N/A","No","12/31/2027"
"Levothyroxine Sodium","68180-976-01",".3 mg/1","TABLET","ORAL","ANDA209713","Lupin Pharmaceuticals, Inc.","68180-976","Levothyroxine Sodium","LEVOTHYROXINE SODIUM","HUMAN PRESCRIPTION DRUG","03/20/2019","N/A","ANDA","100 TABLET in 1 BOTTLE (68180-976-01)","Thyroxine [CS],  l-Thyroxine [EPC]","N/A","No","12/31/2026"
"Levothyroxine Sodium","68180-976-03",".3 mg/1","TABLET","ORAL","ANDA209713","Lupin Pharmaceuticals, Inc.","68180-976","Levothyroxine Sodium","LEVOTHYROXINE SODIUM","HUMAN PRESCRIPTION DRUG","03/20/2019","N/A","ANDA","1000 TABLET in 1 BOTTLE (68180-976-03)","Thyroxine [CS],  l-Thyroxine [EPC]","N/A","No","12/31/2026"
"Levothyroxine Sodium","68180-976-09",".3 mg/1","TABLET","ORAL","ANDA209713","Lupin Pharmaceuticals, Inc.","68180-976","Levothyroxine Sodium","LEVOTHYROXINE SODIUM","HUMAN PRESCRIPTION DRUG","03/20/2019","N/A","ANDA","90 TABLET in 1 BOTTLE (68180-976-09)","Thyroxine [CS],  l-Thyroxine [EPC]","N/A","No","12/31/2026"
"Levothyroxine Sodium","69238-1833-1",".088 mg/1","TABLET","ORAL","NDA021210","Amneal Pharmaceuticals NY LLC","69238-1833","Levothyroxine Sodium","LEVOTHYROXINE SODIUM","HUMAN PRESCRIPTION DRUG","12/01/2003","N/A","NDA AUTHORIZED GENERIC","100 TABLET in 1 BOTTLE, PLASTIC (69238-1833-1)","Thyroxine [CS],  l-Thyroxine [EPC]","N/A","No","12/31/2026"
"Levothyroxine Sodium","69238-1833-7",".088 mg/1","TABLET","ORAL","NDA021210","Amneal Pharmaceuticals NY LLC","69238-1833","Levothyroxine Sodium","LEVOTHYROXINE SODIUM","HUMAN PRESCRIPTION DRUG","12/01/2003","N/A","NDA AUTHORIZED GENERIC","1000 TABLET in 1 BOTTLE, PLASTIC (69238-1833-7)","Thyroxine [CS],  l-Thyroxine [EPC]","N/A","No","12/31/2026"
"Levothyroxine sodium","50090-6101-0","100 ug/1","TABLET","ORAL","ANDA212399","A-S Medication Solutions","50090-6101","Levothyroxine Sodium","LEVOTHYROXINE SODIUM","HUMAN PRESCRIPTION DRUG","09/26/2022","N/A","ANDA","30 TABLET in 1 BOTTLE (50090-6101-0)","Thyroxine [CS],  l-Thyroxine [EPC]","N/A","No","12/31/2027"
"Levothyroxine sodium","50090-6101-1","100 ug/1","TABLET","ORAL","ANDA212399","A-S Medication Solutions","50090-6101","Levothyroxine Sodium","LEVOTHYROXINE SODIUM","HUMAN PRESCRIPTION DRUG","02/11/2026","N/A","ANDA","90 TABLET in 1 BOTTLE (50090-6101-1)","Thyroxine [CS],  l-Thyroxine [EPC]","N/A","No","12/31/2027"
"Levothyroxine sodium","71335-2538-1","88 ug/1","TABLET","ORAL","ANDA207588","Bryant Ranch Prepack","71335-2538","Levothyroxine sodium","LEVOTHYROXINE SODIUM","HUMAN PRESCRIPTION DRUG","12/10/2024","N/A","ANDA","30 TABLET in 1 BOTTLE (71335-2538-1)","Thyroxine [CS],  l-Thyroxine [EPC]","N/A","No","12/31/2026"
"Levothyroxine sodium","71335-2538-2","88 ug/1","TABLET","ORAL","ANDA207588","Bryant Ranch Prepack","71335-2538","Levothyroxine sodium","LEVOTHYROXINE SODIUM","HUMAN PRESCRIPTION DRUG","12/10/2024","N/A","ANDA","90 TABLET in 1 BOTTLE (71335-2538-2)","Thyroxine [CS],  l-Thyroxine [EPC]","N/A","No","12/31/2026"
"Levothyroxine sodium","71335-2538-3","88 ug/1","TABLET","ORAL","ANDA207588","Bryant Ranch Prepack","71335-2538","Levothyroxine sodium","LEVOTHYROXINE SODIUM","HUMAN PRESCRIPTION DRUG","12/10/2024","N/A","ANDA","28 TABLET in 1 BOTTLE (71335-2538-3)","Thyroxine [CS],  l-Thyroxine [EPC]","N/A","No","12/31/2026"
"Levothyroxine sodium","71335-2538-4","88 ug/1","TABLET","ORAL","ANDA207588","Bryant Ranch Prepack","71335-2538","Levothyroxine sodium","LEVOTHYROXINE SODIUM","HUMAN PRESCRIPTION DRUG","12/10/2024","N/A","ANDA","100 TABLET in 1 BOTTLE (71335-2538-4)","Thyroxine [CS],  l-Thyroxine [EPC]","N/A","No","12/31/2026"
"Levothyroxine sodium","71335-2538-5","88 ug/1","TABLET","ORAL","ANDA207588","Bryant Ranch Prepack","71335-2538","Levothyroxine sodium","LEVOTHYROXINE SODIUM","HUMAN PRESCRIPTION DRUG","12/10/2024","N/A","ANDA","60 TABLET in 1 BOTTLE (71335-2538-5)","Thyroxine [CS],  l-Thyroxine [EPC]","N/A","No","12/31/2026"
"Levothyroxine Sodium","69238-1834-1",".1 mg/1","TABLET","ORAL","NDA021210","Amneal Pharmaceuticals NY LLC","69238-1834","Levothyroxine Sodium","LEVOTHYROXINE SODIUM","HUMAN PRESCRIPTION DRUG","12/01/2003","N/A","NDA AUTHORIZED GENERIC","100 TABLET in 1 BOTTLE, PLASTIC (69238-1834-1)","Thyroxine [CS],  l-Thyroxine [EPC]","N/A","No","12/31/2026"
"Levothyroxine Sodium","69238-1834-7",".1 mg/1","TABLET","ORAL","NDA021210","Amneal Pharmaceuticals NY LLC","69238-1834","Levothyroxine Sodium","LEVOTHYROXINE SODIUM","HUMAN PRESCRIPTION DRUG","12/01/2003","N/A","NDA AUTHORIZED GENERIC","1000 TABLET in 1 BOTTLE, PLASTIC (69238-1834-7)","Thyroxine [CS],  l-Thyroxine [EPC]","N/A","No","12/31/2026"
"Levothyroxine sodium","50090-6103-0","112 ug/1","TABLET","ORAL","ANDA212399","A-S Medication Solutions","50090-6103","Levothyroxine Sodium","LEVOTHYROXINE SODIUM","HUMAN PRESCRIPTION DRUG","09/26/2022","N/A","ANDA","90 TABLET in 1 BOTTLE (50090-6103-0)","Thyroxine [CS],  l-Thyroxine [EPC]","N/A","No","12/31/2027"
"Levothyroxine sodium","50090-6103-1","112 ug/1","TABLET","ORAL","ANDA212399","A-S Medication Solutions","50090-6103","Levothyroxine Sodium","LEVOTHYROXINE SODIUM","HUMAN PRESCRIPTION DRUG","09/26/2022","N/A","ANDA","30 TABLET in 1 BOTTLE (50090-6103-1)","Thyroxine [CS],  l-Thyroxine [EPC]","N/A","No","12/31/2027"
"Levothyroxine Sodium","51655-705-52",".088 mg/1","TABLET","ORAL","NDA021210","Northwind Health Company, LLC","51655-705","Levothyroxine Sodium","LEVOTHYROXINE SODIUM","HUMAN PRESCRIPTION DRUG","04/30/2021","N/A","NDA","30 TABLET in 1 BOTTLE, PLASTIC (51655-705-52)","Thyroxine [CS],  l-Thyroxine [EPC]","N/A","No","12/31/2027"
"Levothyroxine Sodium","71335-1987-1","137 ug/1","TABLET","ORAL","NDA021342","Bryant Ranch Prepack","71335-1987","Levothyroxine Sodium","LEVOTHYROXINE SODIUM","HUMAN PRESCRIPTION DRUG","05/31/2024","N/A","NDA AUTHORIZED GENERIC","30 TABLET in 1 BOTTLE (71335-1987-1)","Thyroxine [CS],  l-Thyroxine [EPC]","N/A","No","12/31/2027"
"Levothyroxine Sodium","71335-1987-2","137 ug/1","TABLET","ORAL","NDA021342","Bryant Ranch Prepack","71335-1987","Levothyroxine Sodium","LEVOTHYROXINE SODIUM","HUMAN PRESCRIPTION DRUG","05/31/2024","N/A","NDA AUTHORIZED GENERIC","100 TABLET in 1 BOTTLE (71335-1987-2)","Thyroxine [CS],  l-Thyroxine [EPC]","N/A","No","12/31/2027"
"Levothyroxine Sodium","71335-1987-3","137 ug/1","TABLET","ORAL","NDA021342","Bryant Ranch Prepack","71335-1987","Levothyroxine Sodium","LEVOTHYROXINE SODIUM","HUMAN PRESCRIPTION DRUG","11/10/2021","N/A","NDA AUTHORIZED GENERIC","90 TABLET in 1 BOTTLE (71335-1987-3)","Thyroxine [CS],  l-Thyroxine [EPC]","N/A","No","12/31/2027"
"Levothyroxine Sodium","71335-1987-4","137 ug/1","TABLET","ORAL","NDA021342","Bryant Ranch Prepack","71335-1987","Levothyroxine Sodium","LEVOTHYROXINE SODIUM","HUMAN PRESCRIPTION DRUG","05/31/2024","N/A","NDA AUTHORIZED GENERIC","28 TABLET in 1 BOTTLE (71335-1987-4)","Thyroxine [CS],  l-Thyroxine [EPC]","N/A","No","12/31/2027"
"Levothyroxine Sodium","71335-1987-5","137 ug/1","TABLET","ORAL","NDA021342","Bryant Ranch Prepack","71335-1987","Levothyroxine Sodium","LEVOTHYROXINE SODIUM","HUMAN PRESCRIPTION DRUG","05/31/2024","N/A","NDA AUTHORIZED GENERIC","60 TABLET in 1 BOTTLE (71335-1987-5)","Thyroxine [CS],  l-Thyroxine [EPC]","N/A","No","12/31/2027"
"Levothyroxine Sodium","69238-1835-1",".112 mg/1","TABLET","ORAL","NDA021210","Amneal Pharmaceuticals NY LLC","69238-1835","Levothyroxine Sodium","LEVOTHYROXINE SODIUM","HUMAN PRESCRIPTION DRUG","12/01/2003","N/A","NDA AUTHORIZED GENERIC","100 TABLET in 1 BOTTLE, PLASTIC (69238-1835-1)","Thyroxine [CS],  l-Thyroxine [EPC]","N/A","No","12/31/2026"
"Levothyroxine Sodium","69238-1835-7",".112 mg/1","TABLET","ORAL","NDA021210","Amneal Pharmaceuticals NY LLC","69238-1835","Levothyroxine Sodium","LEVOTHYROXINE SODIUM","HUMAN PRESCRIPTION DRUG","12/01/2003","N/A","NDA AUTHORIZED GENERIC","1000 TABLET in 1 BOTTLE, PLASTIC (69238-1835-7)","Thyroxine [CS],  l-Thyroxine [EPC]","N/A","No","12/31/2026"
"Levothyroxine sodium","50090-6104-0","150 ug/1","TABLET","ORAL","ANDA212399","A-S Medication Solutions","50090-6104","Levothyroxine Sodium","LEVOTHYROXINE SODIUM","HUMAN PRESCRIPTION DRUG","09/26/2022","N/A","ANDA","30 TABLET in 1 BOTTLE (50090-6104-0)","Thyroxine [CS],  l-Thyroxine [EPC]","N/A","No","12/31/2026"
"Levothyroxine sodium","50090-6104-1","150 ug/1","TABLET","ORAL","ANDA212399","A-S Medication Solutions","50090-6104","Levothyroxine Sodium","LEVOTHYROXINE SODIUM","HUMAN PRESCRIPTION DRUG","09/26/2022","N/A","ANDA","90 TABLET in 1 BOTTLE (50090-6104-1)","Thyroxine [CS],  l-Thyroxine [EPC]","N/A","No","12/31/2026"
"Levothyroxine Sodium","71205-237-30",".137 mg/1","TABLET","ORAL","NDA021210","Proficient Rx LP","71205-237","Levothyroxine Sodium","LEVOTHYROXINE SODIUM","HUMAN PRESCRIPTION DRUG","03/01/2019","N/A","NDA","30 TABLET in 1 BOTTLE, PLASTIC (71205-237-30)","Thyroxine [CS],  l-Thyroxine [EPC]","N/A","No","12/31/2026"
"Levothyroxine Sodium","71205-237-60",".137 mg/1","TABLET","ORAL","NDA021210","Proficient Rx LP","71205-237","Levothyroxine Sodium","LEVOTHYROXINE SODIUM","HUMAN PRESCRIPTION DRUG","03/01/2019","N/A","NDA","60 TABLET in 1 BOTTLE, PLASTIC (71205-237-60)","Thyroxine [CS],  l-Thyroxine [EPC]","N/A","No","12/31/2026"
"Levothyroxine Sodium","71205-237-90",".137 mg/1","TABLET","ORAL","NDA021210","Proficient Rx LP","71205-237","Levothyroxine Sodium","LEVOTHYROXINE SODIUM","HUMAN PRESCRIPTION DRUG","03/01/2019","N/A","NDA","90 TABLET in 1 BOTTLE, PLASTIC (71205-237-90)","Thyroxine [CS],  l-Thyroxine [EPC]","N/A","No","12/31/2026"
"levothyroxine sodium","68788-7759-1","88 ug/1","TABLET","ORAL","NDA021116","Preferred Pharmaceuticals, Inc.","68788-7759","levothyroxine sodium","LEVOTHYROXINE SODIUM","HUMAN PRESCRIPTION DRUG","07/01/2020","N/A","NDA","100 TABLET in 1 BOTTLE (68788-7759-1)","Thyroxine [CS],  l-Thyroxine [EPC]","N/A","No","12/31/2027"
"levothyroxine sodium","68788-7759-3","88 ug/1","TABLET","ORAL","NDA021116","Preferred Pharmaceuticals, Inc.","68788-7759","levothyroxine sodium","LEVOTHYROXINE SODIUM","HUMAN PRESCRIPTION DRUG","07/01/2020","N/A","NDA","30 TABLET in 1 BOTTLE (68788-7759-3)","Thyroxine [CS],  l-Thyroxine [EPC]","N/A","No","12/31/2027"
"levothyroxine sodium","68788-7759-9","88 ug/1","TABLET","ORAL","NDA021116","Preferred Pharmaceuticals, Inc.","68788-7759","levothyroxine sodium","LEVOTHYROXINE SODIUM","HUMAN PRESCRIPTION DRUG","07/01/2020","N/A","NDA","60 TABLET in 1 BOTTLE (68788-7759-9)","Thyroxine [CS],  l-Thyroxine [EPC]","N/A","No","12/31/2027"
"Levothyroxine sodium","50090-6116-0","25 ug/1","TABLET","ORAL","ANDA212399","A-S Medication Solutions","50090-6116","Levothyroxine Sodium","LEVOTHYROXINE SODIUM","HUMAN PRESCRIPTION DRUG","09/30/2022","N/A","ANDA","30 TABLET in 1 BOTTLE (50090-6116-0)","Thyroxine [CS],  l-Thyroxine [EPC]","N/A","No","12/31/2027"
"Levothyroxine sodium","50090-6116-1","25 ug/1","TABLET","ORAL","ANDA212399","A-S Medication Solutions","50090-6116","Levothyroxine Sodium","LEVOTHYROXINE SODIUM","HUMAN PRESCRIPTION DRUG","09/30/2022","N/A","ANDA","90 TABLET in 1 BOTTLE (50090-6116-1)","Thyroxine [CS],  l-Thyroxine [EPC]","N/A","No","12/31/2027"
"Levothyroxine Sodium","71335-2284-1","125 ug/1","TABLET","ORAL","NDA021342","Bryant Ranch Prepack","71335-2284","Levothyroxine Sodium","LEVOTHYROXINE SODIUM","HUMAN PRESCRIPTION DRUG","05/28/2024","N/A","NDA AUTHORIZED GENERIC","1000 TABLET in 1 BOTTLE (71335-2284-1)","Thyroxine [CS],  l-Thyroxine [EPC]","N/A","No","12/31/2027"
"EUTHYROX","72305-025-30","25 ug/1","TABLET","ORAL","NDA021292","Provell Pharmaceuticals, LLC","72305-025","levothyroxine sodium","LEVOTHYROXINE SODIUM","HUMAN PRESCRIPTION DRUG","10/17/2018","08/31/2026","NDA","2 BLISTER PACK in 1 CARTON (72305-025-30)  / 15 TABLET in 1 BLISTER PACK","Thyroxine [CS],  l-Thyroxine [EPC]","N/A","No","N/A"
"Levothyroxine Sodium","0527-3280-43","25 ug/1","TABLET","ORAL","NDA021342","Lannett Company, Inc","0527-3280","Levothyroxine Sodium","LEVOTHYROXINE SODIUM","HUMAN PRESCRIPTION DRUG","08/03/2020","N/A","NDA AUTHORIZED GENERIC","1000 TABLET in 1 BOTTLE (0527-3280-43)","Thyroxine [CS],  l-Thyroxine [EPC]","N/A","No","12/31/2027"
"Levothyroxine Sodium","0527-3280-46","25 ug/1","TABLET","ORAL","NDA021342","Lannett Company, Inc","0527-3280","Levothyroxine Sodium","LEVOTHYROXINE SODIUM","HUMAN PRESCRIPTION DRUG","08/03/2020","N/A","NDA AUTHORIZED GENERIC","90 TABLET in 1 BOTTLE (0527-3280-46)","Thyroxine [CS],  l-Thyroxine [EPC]","N/A","No","12/31/2027"
"Levothyroxine Sodium","69238-1837-1",".137 mg/1","TABLET","ORAL","NDA021210","Amneal Pharmaceuticals NY LLC","69238-1837","Levothyroxine Sodium","LEVOTHYROXINE SODIUM","HUMAN PRESCRIPTION DRUG","10/01/2007","N/A","NDA AUTHORIZED GENERIC","100 TABLET in 1 BOTTLE, PLASTIC (69238-1837-1)","Thyroxine [CS],  l-Thyroxine [EPC]","N/A","No","12/31/2026"
"Levothyroxine Sodium","69238-1837-7",".137 mg/1","TABLET","ORAL","NDA021210","Amneal Pharmaceuticals NY LLC","69238-1837","Levothyroxine Sodium","LEVOTHYROXINE SODIUM","HUMAN PRESCRIPTION DRUG","10/01/2007","N/A","NDA AUTHORIZED GENERIC","1000 TABLET in 1 BOTTLE, PLASTIC (69238-1837-7)","Thyroxine [CS],  l-Thyroxine [EPC]","N/A","No","12/31/2026"
"Levothyroxine sodium","68788-4102-3","175 ug/1","TABLET","ORAL","ANDA212399","Preferred Pharmaceuticals Inc.","68788-4102","Levothyroxine Sodium","LEVOTHYROXINE SODIUM","HUMAN PRESCRIPTION DRUG","04/20/2026","N/A","ANDA","30 TABLET in 1 BOTTLE (68788-4102-3)","Thyroxine [CS],  l-Thyroxine [EPC]","N/A","No","12/31/2027"
"Levothyroxine sodium","68788-4102-9","175 ug/1","TABLET","ORAL","ANDA212399","Preferred Pharmaceuticals Inc.","68788-4102","Levothyroxine Sodium","LEVOTHYROXINE SODIUM","HUMAN PRESCRIPTION DRUG","04/20/2026","N/A","ANDA","90 TABLET in 1 BOTTLE (68788-4102-9)","Thyroxine [CS],  l-Thyroxine [EPC]","N/A","No","12/31/2027"
"Levothyroxine Sodium","71205-240-30",".1 mg/1","TABLET","ORAL","NDA021210","Proficient Rx LP","71205-240","Levothyroxine Sodium","LEVOTHYROXINE SODIUM","HUMAN PRESCRIPTION DRUG","03/01/2019","N/A","NDA","30 TABLET in 1 BOTTLE, PLASTIC (71205-240-30)","Thyroxine [CS],  l-Thyroxine [EPC]","N/A","No","12/31/2026"
"Levothyroxine Sodium","71205-240-60",".1 mg/1","TABLET","ORAL","NDA021210","Proficient Rx LP","71205-240","Levothyroxine Sodium","LEVOTHYROXINE SODIUM","HUMAN PRESCRIPTION DRUG","01/01/2019","N/A","NDA","60 TABLET in 1 BOTTLE, PLASTIC (71205-240-60)","Thyroxine [CS],  l-Thyroxine [EPC]","N/A","No","12/31/2026"
"Levothyroxine Sodium","71205-240-90",".1 mg/1","TABLET","ORAL","NDA021210","Proficient Rx LP","71205-240","Levothyroxine Sodium","LEVOTHYROXINE SODIUM","HUMAN PRESCRIPTION DRUG","03/01/2019","N/A","NDA","90 TABLET in 1 BOTTLE, PLASTIC (71205-240-90)","Thyroxine [CS],  l-Thyroxine [EPC]","N/A","No","12/31/2026"
"Levothyroxine Sodium","69238-1838-1",".15 mg/1","TABLET","ORAL","NDA021210","Amneal Pharmaceuticals NY LLC","69238-1838","Levothyroxine Sodium","LEVOTHYROXINE SODIUM","HUMAN PRESCRIPTION DRUG","12/01/2003","N/A","NDA AUTHORIZED GENERIC","100 TABLET in 1 BOTTLE, PLASTIC (69238-1838-1)","Thyroxine [CS],  l-Thyroxine [EPC]","N/A","No","12/31/2026"
"Levothyroxine Sodium","69238-1838-7",".15 mg/1","TABLET","ORAL","NDA021210","Amneal Pharmaceuticals NY LLC","69238-1838","Levothyroxine Sodium","LEVOTHYROXINE SODIUM","HUMAN PRESCRIPTION DRUG","12/01/2003","N/A","NDA AUTHORIZED GENERIC","1000 TABLET in 1 BOTTLE, PLASTIC (69238-1838-7)","Thyroxine [CS],  l-Thyroxine [EPC]","N/A","No","12/31/2026"
"Levothyroxine Sodium","69238-1839-1",".175 mg/1","TABLET","ORAL","NDA021210","Amneal Pharmaceuticals NY LLC","69238-1839","Levothyroxine Sodium","LEVOTHYROXINE SODIUM","HUMAN PRESCRIPTION DRUG","12/01/2003","N/A","NDA AUTHORIZED GENERIC","100 TABLET in 1 BOTTLE, PLASTIC (69238-1839-1)","Thyroxine [CS],  l-Thyroxine [EPC]","N/A","No","12/31/2026"
"Levothyroxine Sodium","69238-1839-7",".175 mg/1","TABLET","ORAL","NDA021210","Amneal Pharmaceuticals NY LLC","69238-1839","Levothyroxine Sodium","LEVOTHYROXINE SODIUM","HUMAN PRESCRIPTION DRUG","12/01/2003","N/A","NDA AUTHORIZED GENERIC","1000 TABLET in 1 BOTTLE, PLASTIC (69238-1839-7)","Thyroxine [CS],  l-Thyroxine [EPC]","N/A","No","12/31/2026"
"Levothyroxine sodium","50090-6115-0","175 ug/1","TABLET","ORAL","ANDA212399","A-S Medication Solutions","50090-6115","Levothyroxine Sodium","LEVOTHYROXINE SODIUM","HUMAN PRESCRIPTION DRUG","09/29/2022","N/A","ANDA","30 TABLET in 1 BOTTLE (50090-6115-0)","Thyroxine [CS],  l-Thyroxine [EPC]","N/A","No","12/31/2027"
"Levothyroxine sodium","50090-6115-1","175 ug/1","TABLET","ORAL","ANDA212399","A-S Medication Solutions","50090-6115","Levothyroxine Sodium","LEVOTHYROXINE SODIUM","HUMAN PRESCRIPTION DRUG","09/29/2022","N/A","ANDA","90 TABLET in 1 BOTTLE (50090-6115-1)","Thyroxine [CS],  l-Thyroxine [EPC]","N/A","No","12/31/2027"
"Levothyroxine Sodium","71205-242-30",".05 mg/1","TABLET","ORAL","NDA021210","Proficient Rx LP","71205-242","Levothyroxine Sodium","LEVOTHYROXINE SODIUM","HUMAN PRESCRIPTION DRUG","03/01/2019","N/A","NDA","30 TABLET in 1 BOTTLE, PLASTIC (71205-242-30)","Thyroxine [CS],  l-Thyroxine [EPC]","N/A","No","12/31/2026"
"Levothyroxine Sodium","71205-242-60",".05 mg/1","TABLET","ORAL","NDA021210","Proficient Rx LP","71205-242","Levothyroxine Sodium","LEVOTHYROXINE SODIUM","HUMAN PRESCRIPTION DRUG","03/01/2019","N/A","NDA","60 TABLET in 1 BOTTLE, PLASTIC (71205-242-60)","Thyroxine [CS],  l-Thyroxine [EPC]","N/A","No","12/31/2026"
"Levothyroxine Sodium","71205-242-90",".05 mg/1","TABLET","ORAL","NDA021210","Proficient Rx LP","71205-242","Levothyroxine Sodium","LEVOTHYROXINE SODIUM","HUMAN PRESCRIPTION DRUG","03/01/2019","N/A","NDA","90 TABLET in 1 BOTTLE, PLASTIC (71205-242-90)","Thyroxine [CS],  l-Thyroxine [EPC]","N/A","No","12/31/2026"
"levothyroxine sodium","71335-2287-1","25 ug/1","TABLET","ORAL","NDA021116","Bryant Ranch Prepack","71335-2287","levothyroxine sodium","LEVOTHYROXINE SODIUM","HUMAN PRESCRIPTION DRUG","05/02/2024","N/A","NDA","1000 TABLET in 1 BOTTLE (71335-2287-1)","Thyroxine [CS],  l-Thyroxine [EPC]","N/A","No","12/31/2026"
"Levothyroxine Sodium","71335-2549-1",".025 mg/1","TABLET","ORAL","ANDA209713","Bryant Ranch Prepack","71335-2549","Levothyroxine Sodium","LEVOTHYROXINE SODIUM","HUMAN PRESCRIPTION DRUG","01/21/2025","N/A","ANDA","30 TABLET in 1 BOTTLE (71335-2549-1)","Thyroxine [CS],  l-Thyroxine [EPC]","N/A","No","12/31/2026"
"Levothyroxine Sodium","71335-2549-2",".025 mg/1","TABLET","ORAL","ANDA209713","Bryant Ranch Prepack","71335-2549","Levothyroxine Sodium","LEVOTHYROXINE SODIUM","HUMAN PRESCRIPTION DRUG","01/21/2025","N/A","ANDA","90 TABLET in 1 BOTTLE (71335-2549-2)","Thyroxine [CS],  l-Thyroxine [EPC]","N/A","No","12/31/2026"
"Levothyroxine Sodium","71335-2549-3",".025 mg/1","TABLET","ORAL","ANDA209713","Bryant Ranch Prepack","71335-2549","Levothyroxine Sodium","LEVOTHYROXINE SODIUM","HUMAN PRESCRIPTION DRUG","01/21/2025","N/A","ANDA","100 TABLET in 1 BOTTLE (71335-2549-3)","Thyroxine [CS],  l-Thyroxine [EPC]","N/A","No","12/31/2026"
"Levothyroxine Sodium","71335-2549-4",".025 mg/1","TABLET","ORAL","ANDA209713","Bryant Ranch Prepack","71335-2549","Levothyroxine Sodium","LEVOTHYROXINE SODIUM","HUMAN PRESCRIPTION DRUG","01/21/2025","N/A","ANDA","60 TABLET in 1 BOTTLE (71335-2549-4)","Thyroxine [CS],  l-Thyroxine [EPC]","N/A","No","12/31/2026"
"Levothyroxine Sodium","71335-2549-5",".025 mg/1","TABLET","ORAL","ANDA209713","Bryant Ranch Prepack","71335-2549","Levothyroxine Sodium","LEVOTHYROXINE SODIUM","HUMAN PRESCRIPTION DRUG","01/21/2025","N/A","ANDA","28 TABLET in 1 BOTTLE (71335-2549-5)","Thyroxine [CS],  l-Thyroxine [EPC]","N/A","No","12/31/2026"
"Levothyroxine Sodium","71335-2549-6",".025 mg/1","TABLET","ORAL","ANDA209713","Bryant Ranch Prepack","71335-2549","Levothyroxine Sodium","LEVOTHYROXINE SODIUM","HUMAN PRESCRIPTION DRUG","01/21/2025","N/A","ANDA","10 TABLET in 1 BOTTLE (71335-2549-6)","Thyroxine [CS],  l-Thyroxine [EPC]","N/A","No","12/31/2026"
"EUTHYROX","72305-088-30","88 ug/1","TABLET","ORAL","NDA021292","Provell Pharmaceuticals, LLC","72305-088","levothyroxine sodium","LEVOTHYROXINE SODIUM","HUMAN PRESCRIPTION DRUG","10/17/2018","08/31/2026","NDA","2 BLISTER PACK in 1 CARTON (72305-088-30)  / 15 TABLET in 1 BLISTER PACK","Thyroxine [CS],  l-Thyroxine [EPC]","N/A","No","N/A"
"levothyroxine sodium","68788-7764-3","175 ug/1","TABLET","ORAL","NDA021116","Preferred Pharmaceuticals, Inc.","68788-7764","levothyroxine sodium","LEVOTHYROXINE SODIUM","HUMAN PRESCRIPTION DRUG","07/22/2020","N/A","NDA","30 TABLET in 1 BOTTLE (68788-7764-3)","Thyroxine [CS],  l-Thyroxine [EPC]","N/A","No","12/31/2027"
"levothyroxine sodium","68788-7764-9","175 ug/1","TABLET","ORAL","NDA021116","Preferred Pharmaceuticals, Inc.","68788-7764","levothyroxine sodium","LEVOTHYROXINE SODIUM","HUMAN PRESCRIPTION DRUG","07/22/2020","N/A","NDA","90 TABLET in 1 BOTTLE (68788-7764-9)","Thyroxine [CS],  l-Thyroxine [EPC]","N/A","No","12/31/2027"
"levothyroxine sodium","51655-714-52","175 ug/1","TABLET","ORAL","NDA021116","Northwind Health Company, LLC","51655-714","levothyroxine sodium","LEVOTHYROXINE SODIUM","HUMAN PRESCRIPTION DRUG","05/26/2021","N/A","NDA","30 TABLET in 1 BOTTLE, PLASTIC (51655-714-52)","Thyroxine [CS],  l-Thyroxine [EPC]","N/A","No","12/31/2027"
"EUTHYROX","72305-050-30","50 ug/1","TABLET","ORAL","NDA021292","Provell Pharmaceuticals, LLC","72305-050","levothyroxine sodium","LEVOTHYROXINE SODIUM","HUMAN PRESCRIPTION DRUG","10/17/2018","09/30/2026","NDA","2 BLISTER PACK in 1 CARTON (72305-050-30)  / 15 TABLET in 1 BLISTER PACK","Thyroxine [CS],  l-Thyroxine [EPC]","N/A","No","N/A"
"Levothyroxine Sodium","69238-1840-1",".2 mg/1","TABLET","ORAL","NDA021210","Amneal Pharmaceuticals NY LLC","69238-1840","Levothyroxine Sodium","LEVOTHYROXINE SODIUM","HUMAN PRESCRIPTION DRUG","12/01/2003","N/A","NDA AUTHORIZED GENERIC","100 TABLET in 1 BOTTLE, PLASTIC (69238-1840-1)","Thyroxine [CS],  l-Thyroxine [EPC]","N/A","No","12/31/2026"
"Levothyroxine Sodium","69238-1840-7",".2 mg/1","TABLET","ORAL","NDA021210","Amneal Pharmaceuticals NY LLC","69238-1840","Levothyroxine Sodium","LEVOTHYROXINE SODIUM","HUMAN PRESCRIPTION DRUG","12/01/2003","N/A","NDA AUTHORIZED GENERIC","1000 TABLET in 1 BOTTLE, PLASTIC (69238-1840-7)","Thyroxine [CS],  l-Thyroxine [EPC]","N/A","No","12/31/2026"
"Levothyroxine sodium","50090-6118-0","75 ug/1","TABLET","ORAL","ANDA212399","A-S Medication Solutions","50090-6118","Levothyroxine Sodium","LEVOTHYROXINE SODIUM","HUMAN PRESCRIPTION DRUG","09/30/2022","N/A","ANDA","30 TABLET in 1 BOTTLE (50090-6118-0)","Thyroxine [CS],  l-Thyroxine [EPC]","N/A","No","12/31/2026"
"Levothyroxine sodium","50090-6118-1","75 ug/1","TABLET","ORAL","ANDA212399","A-S Medication Solutions","50090-6118","Levothyroxine Sodium","LEVOTHYROXINE SODIUM","HUMAN PRESCRIPTION DRUG","09/30/2022","N/A","ANDA","90 TABLET in 1 BOTTLE (50090-6118-1)","Thyroxine [CS],  l-Thyroxine [EPC]","N/A","No","12/31/2026"
"Levothyroxine Sodium","71335-2285-1","150 ug/1","TABLET","ORAL","NDA021342","Bryant Ranch Prepack","71335-2285","Levothyroxine Sodium","LEVOTHYROXINE SODIUM","HUMAN PRESCRIPTION DRUG","04/03/2024","N/A","NDA AUTHORIZED GENERIC","1000 TABLET in 1 BOTTLE (71335-2285-1)","Thyroxine [CS],  l-Thyroxine [EPC]","N/A","No","12/31/2027"
"Levothyroxine Sodium","69238-1841-1",".3 mg/1","TABLET","ORAL","NDA021210","Amneal Pharmaceuticals NY LLC","69238-1841","Levothyroxine Sodium","LEVOTHYROXINE SODIUM","HUMAN PRESCRIPTION DRUG","12/01/2003","N/A","NDA AUTHORIZED GENERIC","100 TABLET in 1 BOTTLE, PLASTIC (69238-1841-1)","Thyroxine [CS],  l-Thyroxine [EPC]","N/A","No","12/31/2026"
"Levothyroxine Sodium","69238-1841-7",".3 mg/1","TABLET","ORAL","NDA021210","Amneal Pharmaceuticals NY LLC","69238-1841","Levothyroxine Sodium","LEVOTHYROXINE SODIUM","HUMAN PRESCRIPTION DRUG","12/01/2003","N/A","NDA AUTHORIZED GENERIC","1000 TABLET in 1 BOTTLE, PLASTIC (69238-1841-7)","Thyroxine [CS],  l-Thyroxine [EPC]","N/A","No","12/31/2026"
"Levothyroxine sodium","50090-6119-0","75 ug/1","TABLET","ORAL","ANDA212399","A-S Medication Solutions","50090-6119","Levothyroxine Sodium","LEVOTHYROXINE SODIUM","HUMAN PRESCRIPTION DRUG","09/30/2022","N/A","ANDA","90 TABLET in 1 BOTTLE (50090-6119-0)","Thyroxine [CS],  l-Thyroxine [EPC]","N/A","No","12/31/2026"
"Levothyroxine Sodium","71335-2286-1","200 ug/1","TABLET","ORAL","NDA021342","Bryant Ranch Prepack","71335-2286","Levothyroxine Sodium","LEVOTHYROXINE SODIUM","HUMAN PRESCRIPTION DRUG","04/03/2024","N/A","NDA AUTHORIZED GENERIC","1000 TABLET in 1 BOTTLE (71335-2286-1)","Thyroxine [CS],  l-Thyroxine [EPC]","N/A","No","12/31/2027"
"Levothyroxine Sodium","71335-2286-2","200 ug/1","TABLET","ORAL","NDA021342","Bryant Ranch Prepack","71335-2286","Levothyroxine Sodium","LEVOTHYROXINE SODIUM","HUMAN PRESCRIPTION DRUG","04/03/2024","N/A","NDA AUTHORIZED GENERIC","30 TABLET in 1 BOTTLE (71335-2286-2)","Thyroxine [CS],  l-Thyroxine [EPC]","N/A","No","12/31/2027"
"EUTHYROX","72305-075-30","75 ug/1","TABLET","ORAL","NDA021292","Provell Pharmaceuticals, LLC","72305-075","levothyroxine sodium","LEVOTHYROXINE SODIUM","HUMAN PRESCRIPTION DRUG","10/17/2018","09/30/2026","NDA","2 BLISTER PACK in 1 CARTON (72305-075-30)  / 15 TABLET in 1 BLISTER PACK","Thyroxine [CS],  l-Thyroxine [EPC]","N/A","No","N/A"
"EUTHYROX","72305-150-30","150 ug/1","TABLET","ORAL","NDA021292","Provell Pharmaceuticals, LLC","72305-150","levothyroxine sodium","LEVOTHYROXINE SODIUM","HUMAN PRESCRIPTION DRUG","10/17/2018","09/30/2026","NDA","2 BLISTER PACK in 1 CARTON (72305-150-30)  / 15 TABLET in 1 BLISTER PACK","Thyroxine [CS],  l-Thyroxine [EPC]","N/A","No","N/A"
"levothyroxine sodium","71205-543-30","125 ug/1","TABLET","ORAL","NDA021116","Proficient Rx LP","71205-543","levothyroxine sodium","LEVOTHYROXINE SODIUM","HUMAN PRESCRIPTION DRUG","03/10/2021","N/A","NDA","30 TABLET in 1 BOTTLE (71205-543-30)","Thyroxine [CS],  l-Thyroxine [EPC]","N/A","No","12/31/2026"
"levothyroxine sodium","71205-543-60","125 ug/1","TABLET","ORAL","NDA021116","Proficient Rx LP","71205-543","levothyroxine sodium","LEVOTHYROXINE SODIUM","HUMAN PRESCRIPTION DRUG","03/10/2021","N/A","NDA","60 TABLET in 1 BOTTLE (71205-543-60)","Thyroxine [CS],  l-Thyroxine [EPC]","N/A","No","12/31/2026"
"levothyroxine sodium","71205-543-90","125 ug/1","TABLET","ORAL","NDA021116","Proficient Rx LP","71205-543","levothyroxine sodium","LEVOTHYROXINE SODIUM","HUMAN PRESCRIPTION DRUG","03/10/2021","N/A","NDA","90 TABLET in 1 BOTTLE (71205-543-90)","Thyroxine [CS],  l-Thyroxine [EPC]","N/A","No","12/31/2026"
"levothyroxine sodium","71335-2288-1","50 ug/1","TABLET","ORAL","NDA021116","Bryant Ranch Prepack","71335-2288","levothyroxine sodium","LEVOTHYROXINE SODIUM","HUMAN PRESCRIPTION DRUG","04/03/2024","N/A","NDA","1000 TABLET in 1 BOTTLE (71335-2288-1)","Thyroxine [CS],  l-Thyroxine [EPC]","N/A","No","12/31/2026"
"EUTHYROX","72305-112-30","112 ug/1","TABLET","ORAL","NDA021292","Provell Pharmaceuticals, LLC","72305-112","levothyroxine sodium","LEVOTHYROXINE SODIUM","HUMAN PRESCRIPTION DRUG","10/17/2018","08/31/2026","NDA","2 BLISTER PACK in 1 CARTON (72305-112-30)  / 15 TABLET in 1 BLISTER PACK","Thyroxine [CS],  l-Thyroxine [EPC]","N/A","No","N/A"
"Levothyroxine Sodium","82804-277-30",".112 mg/1","TABLET","ORAL","ANDA209713","Proficient Rx LP","82804-277","Levothyroxine Sodium","LEVOTHYROXINE SODIUM","HUMAN PRESCRIPTION DRUG","04/02/2026","N/A","ANDA","30 TABLET in 1 BOTTLE (82804-277-30)","Thyroxine [CS],  l-Thyroxine [EPC]","N/A","No","12/31/2027"
"levothyroxine sodium","51655-723-52","50 ug/1","TABLET","ORAL","NDA021116","Northwind Health Company, LLC","51655-723","levothyroxine sodium","LEVOTHYROXINE SODIUM","HUMAN PRESCRIPTION DRUG","06/09/2021","N/A","NDA","30 TABLET in 1 BOTTLE, PLASTIC (51655-723-52)","Thyroxine [CS],  l-Thyroxine [EPC]","N/A","No","12/31/2027"
"Levothyroxine Sodium","71335-1998-1","175 ug/1","TABLET","ORAL","NDA021342","Bryant Ranch Prepack","71335-1998","Levothyroxine Sodium","LEVOTHYROXINE SODIUM","HUMAN PRESCRIPTION DRUG","02/08/2022","N/A","NDA AUTHORIZED GENERIC","30 TABLET in 1 BOTTLE (71335-1998-1)","Thyroxine [CS],  l-Thyroxine [EPC]","N/A","No","12/31/2027"
"Levothyroxine Sodium","71335-1998-2","175 ug/1","TABLET","ORAL","NDA021342","Bryant Ranch Prepack","71335-1998","Levothyroxine Sodium","LEVOTHYROXINE SODIUM","HUMAN PRESCRIPTION DRUG","11/29/2021","N/A","NDA AUTHORIZED GENERIC","90 TABLET in 1 BOTTLE (71335-1998-2)","Thyroxine [CS],  l-Thyroxine [EPC]","N/A","No","12/31/2027"
"Levothyroxine Sodium","71335-1998-3","175 ug/1","TABLET","ORAL","NDA021342","Bryant Ranch Prepack","71335-1998","Levothyroxine Sodium","LEVOTHYROXINE SODIUM","HUMAN PRESCRIPTION DRUG","04/03/2024","N/A","NDA AUTHORIZED GENERIC","100 TABLET in 1 BOTTLE (71335-1998-3)","Thyroxine [CS],  l-Thyroxine [EPC]","N/A","No","12/31/2027"
"Levothyroxine Sodium","71335-1998-4","175 ug/1","TABLET","ORAL","NDA021342","Bryant Ranch Prepack","71335-1998","Levothyroxine Sodium","LEVOTHYROXINE SODIUM","HUMAN PRESCRIPTION DRUG","04/03/2024","N/A","NDA AUTHORIZED GENERIC","38 TABLET in 1 BOTTLE (71335-1998-4)","Thyroxine [CS],  l-Thyroxine [EPC]","N/A","No","12/31/2027"
"Levothyroxine Sodium","71335-1998-5","175 ug/1","TABLET","ORAL","NDA021342","Bryant Ranch Prepack","71335-1998","Levothyroxine Sodium","LEVOTHYROXINE SODIUM","HUMAN PRESCRIPTION DRUG","04/03/2024","N/A","NDA AUTHORIZED GENERIC","28 TABLET in 1 BOTTLE (71335-1998-5)","Thyroxine [CS],  l-Thyroxine [EPC]","N/A","No","12/31/2027"
"Levothyroxine Sodium","71335-1998-6","175 ug/1","TABLET","ORAL","NDA021342","Bryant Ranch Prepack","71335-1998","Levothyroxine Sodium","LEVOTHYROXINE SODIUM","HUMAN PRESCRIPTION DRUG","04/03/2024","N/A","NDA AUTHORIZED GENERIC","60 TABLET in 1 BOTTLE (71335-1998-6)","Thyroxine [CS],  l-Thyroxine [EPC]","N/A","No","12/31/2027"
"Levothyroxine Sodium","71335-2289-1","75 ug/1","TABLET","ORAL","NDA021342","Bryant Ranch Prepack","71335-2289","Levothyroxine Sodium","LEVOTHYROXINE SODIUM","HUMAN PRESCRIPTION DRUG","04/03/2024","N/A","NDA AUTHORIZED GENERIC","1000 TABLET in 1 BOTTLE (71335-2289-1)","Thyroxine [CS],  l-Thyroxine [EPC]","N/A","No","12/31/2027"
"EUTHYROX","72305-125-30","125 ug/1","TABLET","ORAL","NDA021292","Provell Pharmaceuticals, LLC","72305-125","levothyroxine sodium","LEVOTHYROXINE SODIUM","HUMAN PRESCRIPTION DRUG","10/17/2018","09/30/2026","NDA","2 BLISTER PACK in 1 CARTON (72305-125-30)  / 15 TABLET in 1 BLISTER PACK","Thyroxine [CS],  l-Thyroxine [EPC]","N/A","No","N/A"
"Levothyroxine Sodium","67046-1612-3","125 ug/1","TABLET","ORAL","NDA021342","Coupler LLC","67046-1612","Levothyroxine Sodium","LEVOTHYROXINE SODIUM","HUMAN PRESCRIPTION DRUG","11/07/2025","N/A","NDA AUTHORIZED GENERIC","30 TABLET in 1 BLISTER PACK (67046-1612-3)","Thyroxine [CS],  l-Thyroxine [EPC]","N/A","No","12/31/2026"
"Levothyroxine Sodium","70518-4390-0",".05 mg/1","TABLET","ORAL","ANDA209713","REMEDYREPACK INC.","70518-4390","Levothyroxine Sodium","LEVOTHYROXINE SODIUM","HUMAN PRESCRIPTION DRUG","07/14/2025","N/A","ANDA","90 TABLET in 1 BOTTLE (70518-4390-0)","Thyroxine [CS],  l-Thyroxine [EPC]","N/A","No","12/31/2026"
"Levothyroxine Sodium","71335-2290-1","88 ug/1","TABLET","ORAL","NDA021342","Bryant Ranch Prepack","71335-2290","Levothyroxine Sodium","LEVOTHYROXINE SODIUM","HUMAN PRESCRIPTION DRUG","04/03/2024","N/A","NDA AUTHORIZED GENERIC","1000 TABLET in 1 BOTTLE (71335-2290-1)","Thyroxine [CS],  l-Thyroxine [EPC]","N/A","No","12/31/2027"
"EUTHYROX","72305-137-30","137 ug/1","TABLET","ORAL","NDA021292","Provell Pharmaceuticals, LLC","72305-137","levothyroxine sodium","LEVOTHYROXINE SODIUM","HUMAN PRESCRIPTION DRUG","10/17/2018","09/30/2026","NDA","2 BLISTER PACK in 1 CARTON (72305-137-30)  / 15 TABLET in 1 BLISTER PACK","Thyroxine [CS],  l-Thyroxine [EPC]","N/A","No","N/A"
"Levothyroxine Sodium","67046-0951-3",".125 mg/1","TABLET","ORAL","ANDA209713","Coupler LLC","67046-0951","Levothyroxine Sodium","LEVOTHYROXINE SODIUM","HUMAN PRESCRIPTION DRUG","06/10/2026","N/A","ANDA","30 TABLET in 1 BLISTER PACK (67046-0951-3)","Thyroxine [CS],  l-Thyroxine [EPC]","N/A","No","12/31/2027"
"Levothyroxine Sodium","42292-040-20","175 ug/1","TABLET","ORAL","ANDA076187","Mylan Institutional Inc.","42292-040","levothyroxine sodium","LEVOTHYROXINE SODIUM","HUMAN PRESCRIPTION DRUG","01/19/2017","N/A","ANDA","100 BLISTER PACK in 1 CARTON (42292-040-20)  / 1 TABLET in 1 BLISTER PACK (42292-040-01)","Thyroxine [CS],  l-Thyroxine [EPC]","N/A","No","12/31/2026"
"Levothyroxine Sodium","55154-5381-0","100 ug/1","TABLET","ORAL","ANDA076187","Cardinal Health 107, LLC","55154-5381","levothyroxine sodium","LEVOTHYROXINE SODIUM","HUMAN PRESCRIPTION DRUG","10/29/2010","N/A","ANDA","10 BLISTER PACK in 1 BAG (55154-5381-0)  / 1 TABLET in 1 BLISTER PACK","Thyroxine [CS],  l-Thyroxine [EPC]","N/A","No","12/31/2027"
"levothyroxine sodium","51655-727-52","150 ug/1","TABLET","ORAL","NDA021116","Northwind Health Company, LLC","51655-727","levothyroxine sodium","LEVOTHYROXINE SODIUM","HUMAN PRESCRIPTION DRUG","06/11/2021","N/A","NDA","30 TABLET in 1 BOTTLE, PLASTIC (51655-727-52)","Thyroxine [CS],  l-Thyroxine [EPC]","N/A","No","12/31/2027"
"Levothyroxine Sodium","55154-5362-0","25 ug/1","TABLET","ORAL","ANDA076187","Cardinal Health 107, LLC","55154-5362","levothyroxine sodium","LEVOTHYROXINE SODIUM","HUMAN PRESCRIPTION DRUG","10/29/2010","N/A","ANDA","10 BLISTER PACK in 1 BAG (55154-5362-0)  / 1 TABLET in 1 BLISTER PACK","Thyroxine [CS],  l-Thyroxine [EPC]","N/A","No","12/31/2027"
"EUTHYROX","72305-175-30","175 ug/1","TABLET","ORAL","NDA021292","Provell Pharmaceuticals, LLC","72305-175","levothyroxine sodium","LEVOTHYROXINE SODIUM","HUMAN PRESCRIPTION DRUG","10/17/2018","08/31/2026","NDA","2 BLISTER PACK in 1 CARTON (72305-175-30)  / 15 TABLET in 1 BLISTER PACK","Thyroxine [CS],  l-Thyroxine [EPC]","N/A","No","N/A"
"Levothyroxine Sodium","42292-038-20","88 ug/1","TABLET","ORAL","ANDA076187","Mylan Institutional Inc.","42292-038","levothyroxine sodium","LEVOTHYROXINE SODIUM","HUMAN PRESCRIPTION DRUG","01/18/2017","N/A","ANDA","100 BLISTER PACK in 1 CARTON (42292-038-20)  / 1 TABLET in 1 BLISTER PACK (42292-038-01)","Thyroxine [CS],  l-Thyroxine [EPC]","N/A","No","12/31/2026"
"Levothyroxine Sodium","51655-728-52","88 ug/1","TABLET","ORAL","NDA021342","Northwind Health Company, LLC","51655-728","Levothyroxine Sodium","LEVOTHYROXINE SODIUM","HUMAN PRESCRIPTION DRUG","06/16/2021","N/A","NDA AUTHORIZED GENERIC","30 TABLET in 1 BOTTLE, PLASTIC (51655-728-52)","Thyroxine [CS],  l-Thyroxine [EPC]","N/A","No","12/31/2027"
"Levothyroxine Sodium","71205-255-30",".175 mg/1","TABLET","ORAL","NDA021210","Proficient Rx LP","71205-255","Levothyroxine Sodium","LEVOTHYROXINE SODIUM","HUMAN PRESCRIPTION DRUG","04/01/2019","N/A","NDA","30 TABLET in 1 BOTTLE, PLASTIC (71205-255-30)","Thyroxine [CS],  l-Thyroxine [EPC]","N/A","No","12/31/2026"
"Levothyroxine Sodium","71205-255-60",".175 mg/1","TABLET","ORAL","NDA021210","Proficient Rx LP","71205-255","Levothyroxine Sodium","LEVOTHYROXINE SODIUM","HUMAN PRESCRIPTION DRUG","04/01/2019","N/A","NDA","60 TABLET in 1 BOTTLE, PLASTIC (71205-255-60)","Thyroxine [CS],  l-Thyroxine [EPC]","N/A","No","12/31/2026"
"Levothyroxine Sodium","71205-255-90",".175 mg/1","TABLET","ORAL","NDA021210","Proficient Rx LP","71205-255","Levothyroxine Sodium","LEVOTHYROXINE SODIUM","HUMAN PRESCRIPTION DRUG","04/01/2019","N/A","NDA","90 TABLET in 1 BOTTLE, PLASTIC (71205-255-90)","Thyroxine [CS],  l-Thyroxine [EPC]","N/A","No","12/31/2026"
"Levothyroxine Sodium","82804-281-30",".088 mg/1","TABLET","ORAL","ANDA209713","Proficient Rx LP","82804-281","Levothyroxine Sodium","LEVOTHYROXINE SODIUM","HUMAN PRESCRIPTION DRUG","04/16/2026","N/A","ANDA","30 TABLET in 1 BOTTLE (82804-281-30)","Thyroxine [CS],  l-Thyroxine [EPC]","N/A","No","12/31/2027"
"Levothyroxine Sodium","42292-039-20","112 ug/1","TABLET","ORAL","ANDA076187","Mylan Institutional Inc.","42292-039","levothyroxine sodium","LEVOTHYROXINE SODIUM","HUMAN PRESCRIPTION DRUG","01/19/2017","N/A","ANDA","100 BLISTER PACK in 1 CARTON (42292-039-20)  / 1 TABLET in 1 BLISTER PACK (42292-039-01)","Thyroxine [CS],  l-Thyroxine [EPC]","N/A","No","12/31/2026"
"Levothyroxine Sodium","55154-5380-0","50 ug/1","TABLET","ORAL","ANDA076187","Cardinal Health 107, LLC","55154-5380","levothyroxine sodium","LEVOTHYROXINE SODIUM","HUMAN PRESCRIPTION DRUG","10/29/2010","N/A","ANDA","10 BLISTER PACK in 1 BAG (55154-5380-0)  / 1 TABLET in 1 BLISTER PACK","Thyroxine [CS],  l-Thyroxine [EPC]","N/A","No","12/31/2027"
"Levothyroxine Sodium","0527-3281-43","50 ug/1","TABLET","ORAL","NDA021342","Lannett Company, Inc","0527-3281","Levothyroxine Sodium","LEVOTHYROXINE SODIUM","HUMAN PRESCRIPTION DRUG","08/03/2020","N/A","NDA AUTHORIZED GENERIC","1000 TABLET in 1 BOTTLE (0527-3281-43)","Thyroxine [CS],  l-Thyroxine [EPC]","N/A","No","12/31/2027"
"Levothyroxine Sodium","0527-3281-46","50 ug/1","TABLET","ORAL","NDA021342","Lannett Company, Inc","0527-3281","Levothyroxine Sodium","LEVOTHYROXINE SODIUM","HUMAN PRESCRIPTION DRUG","08/03/2020","N/A","NDA AUTHORIZED GENERIC","90 TABLET in 1 BOTTLE (0527-3281-46)","Thyroxine [CS],  l-Thyroxine [EPC]","N/A","No","12/31/2027"
"Levothyroxine Sodium","42292-041-20","137 ug/1","TABLET","ORAL","ANDA076187","Mylan Institutional Inc.","42292-041","levothyroxine sodium","LEVOTHYROXINE SODIUM","HUMAN PRESCRIPTION DRUG","01/14/2019","N/A","ANDA","100 BLISTER PACK in 1 CARTON (42292-041-20)  / 1 TABLET in 1 BLISTER PACK (42292-041-01)","Thyroxine [CS],  l-Thyroxine [EPC]","N/A","No","12/31/2026"
"Levothyroxine Sodium","55154-5395-0","75 ug/1","TABLET","ORAL","ANDA076187","Cardinal Health 107, LLC","55154-5395","levothyroxine sodium","LEVOTHYROXINE SODIUM","HUMAN PRESCRIPTION DRUG","10/29/2010","N/A","ANDA","10 BLISTER PACK in 1 BAG (55154-5395-0)  / 1 TABLET in 1 BLISTER PACK","Thyroxine [CS],  l-Thyroxine [EPC]","N/A","No","12/31/2027"
"Levothyroxine Sodium","67046-0972-3",".137 mg/1","TABLET","ORAL","ANDA209713","Coupler LLC","67046-0972","Levothyroxine Sodium","LEVOTHYROXINE SODIUM","HUMAN PRESCRIPTION DRUG","07/06/2026","N/A","ANDA","30 TABLET in 1 BLISTER PACK (67046-0972-3)","Thyroxine [CS],  l-Thyroxine [EPC]","N/A","No","12/31/2027"
"Levothyroxine Sodium","59651-554-90","137 ug/1","TABLET","ORAL","ANDA216414","Aurobindo Pharma Limited","59651-554","Levothyroxine Sodium","LEVOTHYROXINE SODIUM","HUMAN PRESCRIPTION DRUG","07/16/2024","N/A","ANDA","90 TABLET in 1 BOTTLE (59651-554-90)","Thyroxine [CS],  l-Thyroxine [EPC]","N/A","No","12/31/2026"
"Levothyroxine Sodium","59651-554-99","137 ug/1","TABLET","ORAL","ANDA216414","Aurobindo Pharma Limited","59651-554","Levothyroxine Sodium","LEVOTHYROXINE SODIUM","HUMAN PRESCRIPTION DRUG","07/16/2024","N/A","ANDA","1000 TABLET in 1 BOTTLE (59651-554-99)","Thyroxine [CS],  l-Thyroxine [EPC]","N/A","No","12/31/2026"
"Levothyroxine sodium","71335-2007-1","112 ug/1","TABLET","ORAL","ANDA212399","Bryant Ranch Prepack","71335-2007","Levothyroxine Sodium","LEVOTHYROXINE SODIUM","HUMAN PRESCRIPTION DRUG","02/25/2022","N/A","ANDA","30 TABLET in 1 BOTTLE (71335-2007-1)","Thyroxine [CS],  l-Thyroxine [EPC]","N/A","No","12/31/2026"
"Levothyroxine sodium","71335-2007-2","112 ug/1","TABLET","ORAL","ANDA212399","Bryant Ranch Prepack","71335-2007","Levothyroxine Sodium","LEVOTHYROXINE SODIUM","HUMAN PRESCRIPTION DRUG","03/04/2022","N/A","ANDA","90 TABLET in 1 BOTTLE (71335-2007-2)","Thyroxine [CS],  l-Thyroxine [EPC]","N/A","No","12/31/2026"
"Levothyroxine sodium","71335-2007-3","112 ug/1","TABLET","ORAL","ANDA212399","Bryant Ranch Prepack","71335-2007","Levothyroxine Sodium","LEVOTHYROXINE SODIUM","HUMAN PRESCRIPTION DRUG","12/11/2024","N/A","ANDA","60 TABLET in 1 BOTTLE (71335-2007-3)","Thyroxine [CS],  l-Thyroxine [EPC]","N/A","No","12/31/2026"
"Levothyroxine sodium","71335-2007-4","112 ug/1","TABLET","ORAL","ANDA212399","Bryant Ranch Prepack","71335-2007","Levothyroxine Sodium","LEVOTHYROXINE SODIUM","HUMAN PRESCRIPTION DRUG","12/11/2024","N/A","ANDA","18 TABLET in 1 BOTTLE (71335-2007-4)","Thyroxine [CS],  l-Thyroxine [EPC]","N/A","No","12/31/2026"
"Levothyroxine sodium","71335-2007-5","112 ug/1","TABLET","ORAL","ANDA212399","Bryant Ranch Prepack","71335-2007","Levothyroxine Sodium","LEVOTHYROXINE SODIUM","HUMAN PRESCRIPTION DRUG","07/14/2023","N/A","ANDA","100 TABLET in 1 BOTTLE (71335-2007-5)","Thyroxine [CS],  l-Thyroxine [EPC]","N/A","No","12/31/2026"
"Levothyroxine sodium","70518-4396-0","112 ug/1","TABLET","ORAL","ANDA212399","REMEDYREPACK INC.","70518-4396","Levothyroxine Sodium","LEVOTHYROXINE SODIUM","HUMAN PRESCRIPTION DRUG","07/22/2025","N/A","ANDA","90 TABLET in 1 BOTTLE (70518-4396-0)","Thyroxine [CS],  l-Thyroxine [EPC]","N/A","No","12/31/2026"
"Levothyroxine Sodium","59651-555-90","150 ug/1","TABLET","ORAL","ANDA216414","Aurobindo Pharma Limited","59651-555","Levothyroxine Sodium","LEVOTHYROXINE SODIUM","HUMAN PRESCRIPTION DRUG","07/16/2024","N/A","ANDA","90 TABLET in 1 BOTTLE (59651-555-90)","Thyroxine [CS],  l-Thyroxine [EPC]","N/A","No","12/31/2026"
"Levothyroxine Sodium","59651-555-99","150 ug/1","TABLET","ORAL","ANDA216414","Aurobindo Pharma Limited","59651-555","Levothyroxine Sodium","LEVOTHYROXINE SODIUM","HUMAN PRESCRIPTION DRUG","07/16/2024","N/A","ANDA","1000 TABLET in 1 BOTTLE (59651-555-99)","Thyroxine [CS],  l-Thyroxine [EPC]","N/A","No","12/31/2026"
"Levothyroxine Sodium","71205-261-30",".088 mg/1","TABLET","ORAL","NDA021210","Proficient Rx LP","71205-261","Levothyroxine Sodium","LEVOTHYROXINE SODIUM","HUMAN PRESCRIPTION DRUG","05/01/2019","N/A","NDA","30 TABLET in 1 BOTTLE, PLASTIC (71205-261-30)","Thyroxine [CS],  l-Thyroxine [EPC]","N/A","No","12/31/2026"
"Levothyroxine Sodium","71205-261-60",".088 mg/1","TABLET","ORAL","NDA021210","Proficient Rx LP","71205-261","Levothyroxine Sodium","LEVOTHYROXINE SODIUM","HUMAN PRESCRIPTION DRUG","05/01/2019","N/A","NDA","60 TABLET in 1 BOTTLE, PLASTIC (71205-261-60)","Thyroxine [CS],  l-Thyroxine [EPC]","N/A","No","12/31/2026"
"Levothyroxine Sodium","71205-261-90",".088 mg/1","TABLET","ORAL","NDA021210","Proficient Rx LP","71205-261","Levothyroxine Sodium","LEVOTHYROXINE SODIUM","HUMAN PRESCRIPTION DRUG","05/01/2019","N/A","NDA","90 TABLET in 1 BOTTLE, PLASTIC (71205-261-90)","Thyroxine [CS],  l-Thyroxine [EPC]","N/A","No","12/31/2026"
"Levothyroxine sodium","70518-4401-0","100 ug/1","TABLET","ORAL","ANDA212399","REMEDYREPACK INC.","70518-4401","Levothyroxine Sodium","LEVOTHYROXINE SODIUM","HUMAN PRESCRIPTION DRUG","07/24/2025","N/A","ANDA","90 TABLET in 1 BOTTLE (70518-4401-0)","Thyroxine [CS],  l-Thyroxine [EPC]","N/A","No","12/31/2026"
"Levothyroxine Sodium","25021-469-10","200 ug/5mL","INJECTION, POWDER, LYOPHILIZED, FOR SOLUTION","INTRAVENOUS","ANDA208749","Sagent Pharmaceuticals","25021-469","Levothyroxine Sodium Anhydrous","LEVOTHYROXINE SODIUM ANHYDROUS","HUMAN PRESCRIPTION DRUG","01/01/2024","N/A","ANDA","1 VIAL in 1 CARTON (25021-469-10)  / 5 mL in 1 VIAL","Thyroxine [CS],  l-Thyroxine [EPC]","N/A","No","12/31/2026"
"Levothyroxine sodium","68071-2531-9","125 ug/1","TABLET","ORAL","ANDA212399","NuCare Pharmaceuticals,Inc.","68071-2531","Levothyroxine Sodium","LEVOTHYROXINE SODIUM","HUMAN PRESCRIPTION DRUG","09/10/2021","N/A","ANDA","90 TABLET in 1 BOTTLE (68071-2531-9)","Thyroxine [CS],  l-Thyroxine [EPC]","N/A","No","12/31/2026"
"Levothyroxine Sodium","59651-556-90","175 ug/1","TABLET","ORAL","ANDA216414","Aurobindo Pharma Limited","59651-556","Levothyroxine Sodium","LEVOTHYROXINE SODIUM","HUMAN PRESCRIPTION DRUG","07/16/2024","N/A","ANDA","90 TABLET in 1 BOTTLE (59651-556-90)","Thyroxine [CS],  l-Thyroxine [EPC]","N/A","No","12/31/2026"
"Levothyroxine Sodium","59651-556-99","175 ug/1","TABLET","ORAL","ANDA216414","Aurobindo Pharma Limited","59651-556","Levothyroxine Sodium","LEVOTHYROXINE SODIUM","HUMAN PRESCRIPTION DRUG","07/16/2024","N/A","ANDA","1000 TABLET in 1 BOTTLE (59651-556-99)","Thyroxine [CS],  l-Thyroxine [EPC]","N/A","No","12/31/2026"
"levothyroxine sodium","63629-8711-1","25 ug/1","TABLET","ORAL","NDA021116","Bryant Ranch Prepack","63629-8711","levothyroxine sodium","LEVOTHYROXINE SODIUM","HUMAN PRESCRIPTION DRUG","05/07/2019","N/A","NDA","1000 TABLET in 1 BOTTLE (63629-8711-1)","Thyroxine [CS],  l-Thyroxine [EPC]","N/A","No","12/31/2026"
"Levothyroxine sodium","82804-053-30","75 ug/1","TABLET","ORAL","ANDA212399","Proficient Rx LP","82804-053","Levothyroxine Sodium","LEVOTHYROXINE SODIUM","HUMAN PRESCRIPTION DRUG","12/28/2023","N/A","ANDA","30 TABLET in 1 BOTTLE (82804-053-30)","Thyroxine [CS],  l-Thyroxine [EPC]","N/A","No","12/31/2026"
"Levothyroxine sodium","82804-053-60","75 ug/1","TABLET","ORAL","ANDA212399","Proficient Rx LP","82804-053","Levothyroxine Sodium","LEVOTHYROXINE SODIUM","HUMAN PRESCRIPTION DRUG","12/28/2023","N/A","ANDA","60 TABLET in 1 BOTTLE (82804-053-60)","Thyroxine [CS],  l-Thyroxine [EPC]","N/A","No","12/31/2026"
"Levothyroxine sodium","82804-053-90","75 ug/1","TABLET","ORAL","ANDA212399","Proficient Rx LP","82804-053","Levothyroxine Sodium","LEVOTHYROXINE SODIUM","HUMAN PRESCRIPTION DRUG","12/28/2023","N/A","ANDA","90 TABLET in 1 BOTTLE (82804-053-90)","Thyroxine [CS],  l-Thyroxine [EPC]","N/A","No","12/31/2026"
"Levothyroxine sodium","70518-4399-0","137 ug/1","TABLET","ORAL","ANDA212399","REMEDYREPACK INC.","70518-4399","Levothyroxine Sodium","LEVOTHYROXINE SODIUM","HUMAN PRESCRIPTION DRUG","07/24/2025","N/A","ANDA","90 TABLET in 1 BOTTLE (70518-4399-0)","Thyroxine [CS],  l-Thyroxine [EPC]","N/A","No","12/31/2026"
"Levothyroxine Sodium","59651-557-90","200 ug/1","TABLET","ORAL","ANDA216414","Aurobindo Pharma Limited","59651-557","Levothyroxine Sodium","LEVOTHYROXINE SODIUM","HUMAN PRESCRIPTION DRUG","07/16/2024","N/A","ANDA","90 TABLET in 1 BOTTLE (59651-557-90)","Thyroxine [CS],  l-Thyroxine [EPC]","N/A","No","12/31/2026"
"Levothyroxine Sodium","59651-557-99","200 ug/1","TABLET","ORAL","ANDA216414","Aurobindo Pharma Limited","59651-557","Levothyroxine Sodium","LEVOTHYROXINE SODIUM","HUMAN PRESCRIPTION DRUG","07/16/2024","N/A","ANDA","1000 TABLET in 1 BOTTLE (59651-557-99)","Thyroxine [CS],  l-Thyroxine [EPC]","N/A","No","12/31/2026"
"Levothyroxine sodium","71335-2562-1","137 ug/1","TABLET","ORAL","ANDA207588","Bryant Ranch Prepack","71335-2562","Levothyroxine sodium","LEVOTHYROXINE SODIUM","HUMAN PRESCRIPTION DRUG","01/28/2025","N/A","ANDA","30 TABLET in 1 BOTTLE (71335-2562-1)","Thyroxine [CS],  l-Thyroxine [EPC]","N/A","No","12/31/2026"
"Levothyroxine sodium","71335-2562-2","137 ug/1","TABLET","ORAL","ANDA207588","Bryant Ranch Prepack","71335-2562","Levothyroxine sodium","LEVOTHYROXINE SODIUM","HUMAN PRESCRIPTION DRUG","01/28/2025","N/A","ANDA","100 TABLET in 1 BOTTLE (71335-2562-2)","Thyroxine [CS],  l-Thyroxine [EPC]","N/A","No","12/31/2026"
"Levothyroxine sodium","71335-2562-3","137 ug/1","TABLET","ORAL","ANDA207588","Bryant Ranch Prepack","71335-2562","Levothyroxine sodium","LEVOTHYROXINE SODIUM","HUMAN PRESCRIPTION DRUG","01/28/2025","N/A","ANDA","90 TABLET in 1 BOTTLE (71335-2562-3)","Thyroxine [CS],  l-Thyroxine [EPC]","N/A","No","12/31/2026"
"Levothyroxine sodium","71335-2562-4","137 ug/1","TABLET","ORAL","ANDA207588","Bryant Ranch Prepack","71335-2562","Levothyroxine sodium","LEVOTHYROXINE SODIUM","HUMAN PRESCRIPTION DRUG","01/28/2025","N/A","ANDA","28 TABLET in 1 BOTTLE (71335-2562-4)","Thyroxine [CS],  l-Thyroxine [EPC]","N/A","No","12/31/2026"
"Levothyroxine sodium","71335-2562-5","137 ug/1","TABLET","ORAL","ANDA207588","Bryant Ranch Prepack","71335-2562","Levothyroxine sodium","LEVOTHYROXINE SODIUM","HUMAN PRESCRIPTION DRUG","01/28/2025","N/A","ANDA","60 TABLET in 1 BOTTLE (71335-2562-5)","Thyroxine [CS],  l-Thyroxine [EPC]","N/A","No","12/31/2026"
"Levothyroxine Sodium","82804-290-30",".1 mg/1","TABLET","ORAL","ANDA209713","Proficient Rx LP","82804-290","Levothyroxine Sodium","LEVOTHYROXINE SODIUM","HUMAN PRESCRIPTION DRUG","05/20/2026","N/A","ANDA","30 TABLET in 1 BOTTLE (82804-290-30)","Thyroxine [CS],  l-Thyroxine [EPC]","N/A","No","12/31/2027"
"Synthroid","0074-7068-11","125 ug/1","TABLET","ORAL","NDA021402","AbbVie Inc.","0074-7068","Levothyroxine Sodium","LEVOTHYROXINE SODIUM","HUMAN PRESCRIPTION DRUG","07/24/2002","N/A","NDA","10 BLISTER PACK in 1 BOX, UNIT-DOSE (0074-7068-11)  / 10 TABLET in 1 BLISTER PACK","Thyroxine [CS],  l-Thyroxine [EPC]","N/A","No","12/31/2026"
"Synthroid","0074-7068-19","125 ug/1","TABLET","ORAL","NDA021402","AbbVie Inc.","0074-7068","Levothyroxine Sodium","LEVOTHYROXINE SODIUM","HUMAN PRESCRIPTION DRUG","07/24/2002","N/A","NDA","1000 TABLET in 1 BOTTLE (0074-7068-19)","Thyroxine [CS],  l-Thyroxine [EPC]","N/A","No","12/31/2026"
"Synthroid","0074-7068-72","125 ug/1","TABLET","ORAL","NDA021402","AbbVie Inc.","0074-7068","Levothyroxine Sodium","LEVOTHYROXINE SODIUM","HUMAN PRESCRIPTION DRUG","07/24/2002","N/A","NDA","2 BLISTER PACK in 1 CARTON (0074-7068-72)  / 7 TABLET in 1 BLISTER PACK","Thyroxine [CS],  l-Thyroxine [EPC]","N/A","Yes","12/31/2026"
"Synthroid","0074-7068-90","125 ug/1","TABLET","ORAL","NDA021402","AbbVie Inc.","0074-7068","Levothyroxine Sodium","LEVOTHYROXINE SODIUM","HUMAN PRESCRIPTION DRUG","07/24/2002","N/A","NDA","90 TABLET in 1 BOTTLE (0074-7068-90)","Thyroxine [CS],  l-Thyroxine [EPC]","N/A","No","12/31/2026"
"Levothyroxine sodium","70518-4400-0","25 ug/1","TABLET","ORAL","ANDA212399","REMEDYREPACK INC.","70518-4400","Levothyroxine Sodium","LEVOTHYROXINE SODIUM","HUMAN PRESCRIPTION DRUG","07/24/2025","N/A","ANDA","90 TABLET in 1 BOTTLE (70518-4400-0)","Thyroxine [CS],  l-Thyroxine [EPC]","N/A","No","12/31/2026"
"Levothyroxine Sodium","59651-558-90","300 ug/1","TABLET","ORAL","ANDA216414","Aurobindo Pharma Limited","59651-558","Levothyroxine Sodium","LEVOTHYROXINE SODIUM","HUMAN PRESCRIPTION DRUG","07/16/2024","N/A","ANDA","90 TABLET in 1 BOTTLE (59651-558-90)","Thyroxine [CS],  l-Thyroxine [EPC]","N/A","No","12/31/2026"
"Levothyroxine Sodium","59651-558-99","300 ug/1","TABLET","ORAL","ANDA216414","Aurobindo Pharma Limited","59651-558","Levothyroxine Sodium","LEVOTHYROXINE SODIUM","HUMAN PRESCRIPTION DRUG","07/16/2024","N/A","ANDA","1000 TABLET in 1 BOTTLE (59651-558-99)","Thyroxine [CS],  l-Thyroxine [EPC]","N/A","No","12/31/2026"
"levothyroxine sodium","63629-8712-1","50 ug/1","TABLET","ORAL","NDA021116","Bryant Ranch Prepack","63629-8712","levothyroxine sodium","LEVOTHYROXINE SODIUM","HUMAN PRESCRIPTION DRUG","08/19/2021","N/A","NDA","1000 TABLET in 1 BOTTLE (63629-8712-1)","Thyroxine [CS],  l-Thyroxine [EPC]","N/A","No","12/31/2026"
"Levothyroxine Sodium","25021-468-10","100 ug/5mL","INJECTION, POWDER, LYOPHILIZED, FOR SOLUTION","INTRAVENOUS","ANDA208749","Sagent Pharmaceuticals","25021-468","Levothyroxine Sodium Anhydrous","LEVOTHYROXINE SODIUM ANHYDROUS","HUMAN PRESCRIPTION DRUG","01/01/2024","N/A","ANDA","1 VIAL in 1 CARTON (25021-468-10)  / 5 mL in 1 VIAL","Thyroxine [CS],  l-Thyroxine [EPC]","N/A","No","12/31/2026"
"Levothyroxine Sodium","50090-7767-0",".137 mg/1","TABLET","ORAL","ANDA209713","A-S Medication Solutions","50090-7767","Levothyroxine Sodium","LEVOTHYROXINE SODIUM","HUMAN PRESCRIPTION DRUG","11/17/2025","N/A","ANDA","90 TABLET in 1 BOTTLE (50090-7767-0)","Thyroxine [CS],  l-Thyroxine [EPC]","N/A","No","12/31/2026"
"Levothyroxine sodium","70518-4402-0","125 ug/1","TABLET","ORAL","ANDA212399","REMEDYREPACK INC.","70518-4402","Levothyroxine Sodium","LEVOTHYROXINE SODIUM","HUMAN PRESCRIPTION DRUG","07/24/2025","N/A","ANDA","90 TABLET in 1 BOTTLE (70518-4402-0)","Thyroxine [CS],  l-Thyroxine [EPC]","N/A","No","12/31/2026"
"Levothyroxine sodium","51655-739-52","50 ug/1","TABLET","ORAL","ANDA212399","Northwind Health Company, LLC","51655-739","Levothyroxine Sodium","LEVOTHYROXINE SODIUM","HUMAN PRESCRIPTION DRUG","06/28/2021","N/A","ANDA","30 TABLET in 1 BOTTLE, PLASTIC (51655-739-52)","Thyroxine [CS],  l-Thyroxine [EPC]","N/A","No","12/31/2027"
"Levothyroxine Sodium","25021-470-10","500 ug/5mL","INJECTION, POWDER, LYOPHILIZED, FOR SOLUTION","INTRAVENOUS","ANDA208749","Sagent Pharmaceuticals","25021-470","Levothyroxine Sodium Anhydrous","LEVOTHYROXINE SODIUM ANHYDROUS","HUMAN PRESCRIPTION DRUG","01/01/2024","N/A","ANDA","1 VIAL in 1 CARTON (25021-470-10)  / 5 mL in 1 VIAL","Thyroxine [CS],  l-Thyroxine [EPC]","N/A","No","12/31/2026"
"Levothyroxine sodium","70518-4403-0","150 ug/1","TABLET","ORAL","ANDA212399","REMEDYREPACK INC.","70518-4403","Levothyroxine Sodium","LEVOTHYROXINE SODIUM","HUMAN PRESCRIPTION DRUG","07/24/2025","N/A","ANDA","90 TABLET in 1 BOTTLE (70518-4403-0)","Thyroxine [CS],  l-Thyroxine [EPC]","N/A","No","12/31/2026"
"Levothyroxine Sodium","50090-5654-0","100 ug/1","TABLET","ORAL","NDA021342","A-S Medication Solutions","50090-5654","Levothyroxine Sodium","LEVOTHYROXINE SODIUM","HUMAN PRESCRIPTION DRUG","09/13/2021","N/A","NDA AUTHORIZED GENERIC","30 TABLET in 1 BOTTLE (50090-5654-0)","Thyroxine [CS],  l-Thyroxine [EPC]","N/A","No","12/31/2026"
"Levothyroxine Sodium","50090-5654-1","100 ug/1","TABLET","ORAL","NDA021342","A-S Medication Solutions","50090-5654","Levothyroxine Sodium","LEVOTHYROXINE SODIUM","HUMAN PRESCRIPTION DRUG","09/14/2021","N/A","NDA AUTHORIZED GENERIC","90 TABLET in 1 BOTTLE (50090-5654-1)","Thyroxine [CS],  l-Thyroxine [EPC]","N/A","No","12/31/2026"
"Levothyroxine Sodium","0527-3282-43","75 ug/1","TABLET","ORAL","NDA021342","Lannett Company, Inc","0527-3282","Levothyroxine Sodium","LEVOTHYROXINE SODIUM","HUMAN PRESCRIPTION DRUG","08/03/2020","N/A","NDA AUTHORIZED GENERIC","1000 TABLET in 1 BOTTLE (0527-3282-43)","Thyroxine [CS],  l-Thyroxine [EPC]","N/A","No","12/31/2027"
"Levothyroxine Sodium","0527-3282-46","75 ug/1","TABLET","ORAL","NDA021342","Lannett Company, Inc","0527-3282","Levothyroxine Sodium","LEVOTHYROXINE SODIUM","HUMAN PRESCRIPTION DRUG","08/03/2020","N/A","NDA AUTHORIZED GENERIC","90 TABLET in 1 BOTTLE (0527-3282-46)","Thyroxine [CS],  l-Thyroxine [EPC]","N/A","No","12/31/2027"
"Levothyroxine sodium","51655-742-52","100 ug/1","TABLET","ORAL","ANDA212399","Northwind Health Company, LLC","51655-742","Levothyroxine Sodium","LEVOTHYROXINE SODIUM","HUMAN PRESCRIPTION DRUG","08/09/2021","N/A","ANDA","30 TABLET in 1 BOTTLE, PLASTIC (51655-742-52)","Thyroxine [CS],  l-Thyroxine [EPC]","N/A","No","12/31/2027"
"Levothyroxine Sodium","50090-6884-0",".15 mg/1","TABLET","ORAL","ANDA209713","A-S Medication Solutions","50090-6884","Levothyroxine Sodium","LEVOTHYROXINE SODIUM","HUMAN PRESCRIPTION DRUG","12/06/2023","N/A","ANDA","30 TABLET in 1 BOTTLE (50090-6884-0)","Thyroxine [CS],  l-Thyroxine [EPC]","N/A","No","12/31/2026"
"Levothyroxine Sodium","50090-6884-1",".15 mg/1","TABLET","ORAL","ANDA209713","A-S Medication Solutions","50090-6884","Levothyroxine Sodium","LEVOTHYROXINE SODIUM","HUMAN PRESCRIPTION DRUG","12/06/2023","N/A","ANDA","90 TABLET in 1 BOTTLE (50090-6884-1)","Thyroxine [CS],  l-Thyroxine [EPC]","N/A","No","12/31/2026"
"Levothyroxine Sodium","50090-6879-0",".112 mg/1","TABLET","ORAL","ANDA209713","A-S Medication Solutions","50090-6879","Levothyroxine Sodium","LEVOTHYROXINE SODIUM","HUMAN PRESCRIPTION DRUG","12/05/2023","N/A","ANDA","90 TABLET in 1 BOTTLE (50090-6879-0)","Thyroxine [CS],  l-Thyroxine [EPC]","N/A","No","12/31/2026"
"Levothyroxine Sodium","50090-6879-1",".112 mg/1","TABLET","ORAL","ANDA209713","A-S Medication Solutions","50090-6879","Levothyroxine Sodium","LEVOTHYROXINE SODIUM","HUMAN PRESCRIPTION DRUG","12/05/2023","N/A","ANDA","30 TABLET in 1 BOTTLE (50090-6879-1)","Thyroxine [CS],  l-Thyroxine [EPC]","N/A","No","12/31/2026"
"Levothyroxine Sodium","50090-6880-0",".112 mg/1","TABLET","ORAL","ANDA209713","A-S Medication Solutions","50090-6880","Levothyroxine Sodium","LEVOTHYROXINE SODIUM","HUMAN PRESCRIPTION DRUG","12/05/2023","N/A","ANDA","90 TABLET in 1 BOTTLE (50090-6880-0)","Thyroxine [CS],  l-Thyroxine [EPC]","N/A","No","12/31/2026"
"Levothyroxine Sodium","67046-1635-3","75 ug/1","TABLET","ORAL","NDA021342","Coupler LLC","67046-1635","Levothyroxine Sodium","LEVOTHYROXINE SODIUM","HUMAN PRESCRIPTION DRUG","12/30/2025","N/A","NDA AUTHORIZED GENERIC","30 TABLET in 1 BLISTER PACK (67046-1635-3)","Thyroxine [CS],  l-Thyroxine [EPC]","N/A","No","12/31/2026"
"Levothyroxine Sodium","50090-6885-0",".15 mg/1","TABLET","ORAL","ANDA209713","A-S Medication Solutions","50090-6885","Levothyroxine Sodium","LEVOTHYROXINE SODIUM","HUMAN PRESCRIPTION DRUG","12/06/2023","N/A","ANDA","90 TABLET in 1 BOTTLE (50090-6885-0)","Thyroxine [CS],  l-Thyroxine [EPC]","N/A","No","12/31/2026"
"Levothyroxine Sodium","71335-1734-1","88 ug/1","TABLET","ORAL","NDA021342","Bryant Ranch Prepack","71335-1734","Levothyroxine Sodium","LEVOTHYROXINE SODIUM","HUMAN PRESCRIPTION DRUG","11/16/2020","N/A","NDA AUTHORIZED GENERIC","30 TABLET in 1 BOTTLE (71335-1734-1)","Thyroxine [CS],  l-Thyroxine [EPC]","N/A","No","12/31/2027"
"Levothyroxine Sodium","71335-1734-2","88 ug/1","TABLET","ORAL","NDA021342","Bryant Ranch Prepack","71335-1734","Levothyroxine Sodium","LEVOTHYROXINE SODIUM","HUMAN PRESCRIPTION DRUG","11/17/2020","N/A","NDA AUTHORIZED GENERIC","90 TABLET in 1 BOTTLE (71335-1734-2)","Thyroxine [CS],  l-Thyroxine [EPC]","N/A","No","12/31/2027"
"Levothyroxine Sodium","71335-1734-3","88 ug/1","TABLET","ORAL","NDA021342","Bryant Ranch Prepack","71335-1734","Levothyroxine Sodium","LEVOTHYROXINE SODIUM","HUMAN PRESCRIPTION DRUG","04/04/2024","N/A","NDA AUTHORIZED GENERIC","28 TABLET in 1 BOTTLE (71335-1734-3)","Thyroxine [CS],  l-Thyroxine [EPC]","N/A","No","12/31/2027"
"Levothyroxine Sodium","71335-1734-4","88 ug/1","TABLET","ORAL","NDA021342","Bryant Ranch Prepack","71335-1734","Levothyroxine Sodium","LEVOTHYROXINE SODIUM","HUMAN PRESCRIPTION DRUG","03/14/2022","N/A","NDA AUTHORIZED GENERIC","100 TABLET in 1 BOTTLE (71335-1734-4)","Thyroxine [CS],  l-Thyroxine [EPC]","N/A","No","12/31/2027"
"Levothyroxine Sodium","71335-1734-5","88 ug/1","TABLET","ORAL","NDA021342","Bryant Ranch Prepack","71335-1734","Levothyroxine Sodium","LEVOTHYROXINE SODIUM","HUMAN PRESCRIPTION DRUG","04/04/2024","N/A","NDA AUTHORIZED GENERIC","60 TABLET in 1 BOTTLE (71335-1734-5)","Thyroxine [CS],  l-Thyroxine [EPC]","N/A","No","12/31/2027"
"Synthroid","0074-7148-11","200 ug/1","TABLET","ORAL","NDA021402","AbbVie Inc.","0074-7148","Levothyroxine Sodium","LEVOTHYROXINE SODIUM","HUMAN PRESCRIPTION DRUG","02/24/2002","N/A","NDA","10 BLISTER PACK in 1 BOX, UNIT-DOSE (0074-7148-11)  / 10 TABLET in 1 BLISTER PACK","Thyroxine [CS],  l-Thyroxine [EPC]","N/A","No","12/31/2026"
"Synthroid","0074-7148-19","200 ug/1","TABLET","ORAL","NDA021402","AbbVie Inc.","0074-7148","Levothyroxine Sodium","LEVOTHYROXINE SODIUM","HUMAN PRESCRIPTION DRUG","02/24/2002","N/A","NDA","1000 TABLET in 1 BOTTLE (0074-7148-19)","Thyroxine [CS],  l-Thyroxine [EPC]","N/A","No","12/31/2026"
"Synthroid","0074-7148-90","200 ug/1","TABLET","ORAL","NDA021402","AbbVie Inc.","0074-7148","Levothyroxine Sodium","LEVOTHYROXINE SODIUM","HUMAN PRESCRIPTION DRUG","02/24/2002","N/A","NDA","90 TABLET in 1 BOTTLE (0074-7148-90)","Thyroxine [CS],  l-Thyroxine [EPC]","N/A","No","12/31/2026"
"Levothyroxine Sodium","68071-3787-9",".2 mg/1","TABLET","ORAL","ANDA209713","NuCare Pharmaceuticals, Inc.","68071-3787","Levothyroxine Sodium","LEVOTHYROXINE SODIUM","HUMAN PRESCRIPTION DRUG","01/30/2025","N/A","ANDA","90 TABLET in 1 BOTTLE (68071-3787-9)","Thyroxine [CS],  l-Thyroxine [EPC]","N/A","No","12/31/2026"
"Levothyroxine Sodium","50090-4947-0",".025 mg/1","TABLET","ORAL","ANDA209713","A-S Medication Solutions","50090-4947","Levothyroxine Sodium","LEVOTHYROXINE SODIUM","HUMAN PRESCRIPTION DRUG","03/02/2020","N/A","ANDA","30 TABLET in 1 BOTTLE (50090-4947-0)","Thyroxine [CS],  l-Thyroxine [EPC]","N/A","No","12/31/2026"
"Levothyroxine Sodium","50090-4947-1",".025 mg/1","TABLET","ORAL","ANDA209713","A-S Medication Solutions","50090-4947","Levothyroxine Sodium","LEVOTHYROXINE SODIUM","HUMAN PRESCRIPTION DRUG","03/02/2020","N/A","ANDA","90 TABLET in 1 BOTTLE (50090-4947-1)","Thyroxine [CS],  l-Thyroxine [EPC]","N/A","No","12/31/2026"
"Levothyroxine Sodium","0527-3283-43","88 ug/1","TABLET","ORAL","NDA021342","Lannett Company, Inc","0527-3283","Levothyroxine Sodium","LEVOTHYROXINE SODIUM","HUMAN PRESCRIPTION DRUG","08/03/2020","N/A","NDA AUTHORIZED GENERIC","1000 TABLET in 1 BOTTLE (0527-3283-43)","Thyroxine [CS],  l-Thyroxine [EPC]","N/A","No","12/31/2027"
"Levothyroxine Sodium","0527-3283-46","88 ug/1","TABLET","ORAL","NDA021342","Lannett Company, Inc","0527-3283","Levothyroxine Sodium","LEVOTHYROXINE SODIUM","HUMAN PRESCRIPTION DRUG","08/03/2020","N/A","NDA AUTHORIZED GENERIC","90 TABLET in 1 BOTTLE (0527-3283-46)","Thyroxine [CS],  l-Thyroxine [EPC]","N/A","No","12/31/2027"
"Levothyroxine Sodium","50090-6569-0",".05 mg/1","TABLET","ORAL","ANDA209713","A-S Medication Solutions","50090-6569","Levothyroxine Sodium","LEVOTHYROXINE SODIUM","HUMAN PRESCRIPTION DRUG","07/31/2023","N/A","ANDA","30 TABLET in 1 BOTTLE (50090-6569-0)","Thyroxine [CS],  l-Thyroxine [EPC]","N/A","No","12/31/2026"
"Levothyroxine Sodium","50090-6569-1",".05 mg/1","TABLET","ORAL","ANDA209713","A-S Medication Solutions","50090-6569","Levothyroxine Sodium","LEVOTHYROXINE SODIUM","HUMAN PRESCRIPTION DRUG","07/31/2023","N/A","ANDA","90 TABLET in 1 BOTTLE (50090-6569-1)","Thyroxine [CS],  l-Thyroxine [EPC]","N/A","No","12/31/2026"
"Levothyroxine Sodium","50090-4951-0",".088 mg/1","TABLET","ORAL","ANDA209713","A-S Medication Solutions","50090-4951","Levothyroxine Sodium","LEVOTHYROXINE SODIUM","HUMAN PRESCRIPTION DRUG","03/02/2020","N/A","ANDA","30 TABLET in 1 BOTTLE (50090-4951-0)","Thyroxine [CS],  l-Thyroxine [EPC]","N/A","No","12/31/2026"
"Levothyroxine Sodium","50090-4951-1",".088 mg/1","TABLET","ORAL","ANDA209713","A-S Medication Solutions","50090-4951","Levothyroxine Sodium","LEVOTHYROXINE SODIUM","HUMAN PRESCRIPTION DRUG","03/02/2020","N/A","ANDA","90 TABLET in 1 BOTTLE (50090-4951-1)","Thyroxine [CS],  l-Thyroxine [EPC]","N/A","No","12/31/2026"
"Levothyroxine Sodium","50090-6572-0",".05 mg/1","TABLET","ORAL","ANDA209713","A-S Medication Solutions","50090-6572","Levothyroxine Sodium","LEVOTHYROXINE SODIUM","HUMAN PRESCRIPTION DRUG","08/01/2023","N/A","ANDA","90 TABLET in 1 BOTTLE (50090-6572-0)","Thyroxine [CS],  l-Thyroxine [EPC]","N/A","No","12/31/2027"
"Levothyroxine sodium","72789-272-30","50 ug/1","TABLET","ORAL","ANDA212399","PD-Rx Pharmaceuticals, Inc.","72789-272","Levothyroxine Sodium","LEVOTHYROXINE SODIUM","HUMAN PRESCRIPTION DRUG","09/16/2022","N/A","ANDA","30 TABLET in 1 BOTTLE, PLASTIC (72789-272-30)","Thyroxine [CS],  l-Thyroxine [EPC]","N/A","No","12/31/2027"
"Levothyroxine sodium","72789-272-90","50 ug/1","TABLET","ORAL","ANDA212399","PD-Rx Pharmaceuticals, Inc.","72789-272","Levothyroxine Sodium","LEVOTHYROXINE SODIUM","HUMAN PRESCRIPTION DRUG","09/23/2022","N/A","ANDA","90 TABLET in 1 BOTTLE, PLASTIC (72789-272-90)","Thyroxine [CS],  l-Thyroxine [EPC]","N/A","No","12/31/2027"
"Levothyroxine Sodium","50090-6573-0","100 ug/1","TABLET","ORAL","NDA021342","A-S Medication Solutions","50090-6573","Levothyroxine Sodium","LEVOTHYROXINE SODIUM","HUMAN PRESCRIPTION DRUG","08/01/2023","N/A","NDA AUTHORIZED GENERIC","90 TABLET in 1 BOTTLE (50090-6573-0)","Thyroxine [CS],  l-Thyroxine [EPC]","N/A","No","12/31/2026"
"Levothyroxine sodium","0480-8682-10","25 ug/1","TABLET","ORAL","ANDA207588","Teva Pharmaceuticals, Inc.","0480-8682","Levothyroxine sodium","LEVOTHYROXINE SODIUM","HUMAN PRESCRIPTION DRUG","09/21/2022","08/31/2026","ANDA","1000 TABLET in 1 BOTTLE (0480-8682-10)","Thyroxine [CS],  l-Thyroxine [EPC]","N/A","No","N/A"
"Levothyroxine sodium","0480-8682-98","25 ug/1","TABLET","ORAL","ANDA207588","Teva Pharmaceuticals, Inc.","0480-8682","Levothyroxine sodium","LEVOTHYROXINE SODIUM","HUMAN PRESCRIPTION DRUG","09/21/2022","08/31/2026","ANDA","90 TABLET in 1 BOTTLE (0480-8682-98)","Thyroxine [CS],  l-Thyroxine [EPC]","N/A","No","N/A"
"Levothyroxine Sodium","71335-2039-1","75 ug/1","TABLET","ORAL","NDA021342","Bryant Ranch Prepack","71335-2039","Levothyroxine Sodium","LEVOTHYROXINE SODIUM","HUMAN PRESCRIPTION DRUG","05/28/2024","N/A","NDA AUTHORIZED GENERIC","30 TABLET in 1 BOTTLE (71335-2039-1)","Thyroxine [CS],  l-Thyroxine [EPC]","N/A","No","12/31/2027"
"Levothyroxine Sodium","71335-2039-2","75 ug/1","TABLET","ORAL","NDA021342","Bryant Ranch Prepack","71335-2039","Levothyroxine Sodium","LEVOTHYROXINE SODIUM","HUMAN PRESCRIPTION DRUG","05/28/2024","N/A","NDA AUTHORIZED GENERIC","100 TABLET in 1 BOTTLE (71335-2039-2)","Thyroxine [CS],  l-Thyroxine [EPC]","N/A","No","12/31/2027"
"Levothyroxine Sodium","71335-2039-3","75 ug/1","TABLET","ORAL","NDA021342","Bryant Ranch Prepack","71335-2039","Levothyroxine Sodium","LEVOTHYROXINE SODIUM","HUMAN PRESCRIPTION DRUG","05/28/2024","N/A","NDA AUTHORIZED GENERIC","60 TABLET in 1 BOTTLE (71335-2039-3)","Thyroxine [CS],  l-Thyroxine [EPC]","N/A","No","12/31/2027"
"Levothyroxine Sodium","71335-2039-4","75 ug/1","TABLET","ORAL","NDA021342","Bryant Ranch Prepack","71335-2039","Levothyroxine Sodium","LEVOTHYROXINE SODIUM","HUMAN PRESCRIPTION DRUG","05/28/2024","N/A","NDA AUTHORIZED GENERIC","90 TABLET in 1 BOTTLE (71335-2039-4)","Thyroxine [CS],  l-Thyroxine [EPC]","N/A","No","12/31/2027"
"Levothyroxine Sodium","71335-2039-5","75 ug/1","TABLET","ORAL","NDA021342","Bryant Ranch Prepack","71335-2039","Levothyroxine Sodium","LEVOTHYROXINE SODIUM","HUMAN PRESCRIPTION DRUG","05/28/2024","N/A","NDA AUTHORIZED GENERIC","28 TABLET in 1 BOTTLE (71335-2039-5)","Thyroxine [CS],  l-Thyroxine [EPC]","N/A","No","12/31/2027"
"Levothyroxine Sodium","71335-2039-6","75 ug/1","TABLET","ORAL","NDA021342","Bryant Ranch Prepack","71335-2039","Levothyroxine Sodium","LEVOTHYROXINE SODIUM","HUMAN PRESCRIPTION DRUG","05/28/2024","N/A","NDA AUTHORIZED GENERIC","10 TABLET in 1 BOTTLE (71335-2039-6)","Thyroxine [CS],  l-Thyroxine [EPC]","N/A","No","12/31/2027"
"Levothyroxine Sodium","0527-3284-43","100 ug/1","TABLET","ORAL","NDA021342","Lannett Company, Inc","0527-3284","Levothyroxine Sodium","LEVOTHYROXINE SODIUM","HUMAN PRESCRIPTION DRUG","08/03/2020","N/A","NDA AUTHORIZED GENERIC","1000 TABLET in 1 BOTTLE (0527-3284-43)","Thyroxine [CS],  l-Thyroxine [EPC]","N/A","No","12/31/2027"
"Levothyroxine Sodium","0527-3284-46","100 ug/1","TABLET","ORAL","NDA021342","Lannett Company, Inc","0527-3284","Levothyroxine Sodium","LEVOTHYROXINE SODIUM","HUMAN PRESCRIPTION DRUG","08/03/2020","N/A","NDA AUTHORIZED GENERIC","90 TABLET in 1 BOTTLE (0527-3284-46)","Thyroxine [CS],  l-Thyroxine [EPC]","N/A","No","12/31/2027"
"Levothyroxine sodium","50090-6579-0","100 ug/1","TABLET","ORAL","ANDA212399","A-S Medication Solutions","50090-6579","Levothyroxine Sodium","LEVOTHYROXINE SODIUM","HUMAN PRESCRIPTION DRUG","08/04/2023","N/A","ANDA","90 TABLET in 1 BOTTLE (50090-6579-0)","Thyroxine [CS],  l-Thyroxine [EPC]","N/A","No","12/31/2027"
"Levothyroxine Sodium","0615-8649-14",".137 mg/1","TABLET","ORAL","NDA021210","NCS HealthCare of KY, LLC dba Vangard Labs","0615-8649","Levothyroxine Sodium","LEVOTHYROXINE SODIUM","HUMAN PRESCRIPTION DRUG","06/04/2026","N/A","NDA","14 TABLET in 1 BLISTER PACK (0615-8649-14)","Thyroxine [CS],  l-Thyroxine [EPC]","N/A","No","12/31/2027"
"Synthroid","0074-4552-11","50 ug/1","TABLET","ORAL","NDA021402","AbbVie Inc.","0074-4552","Levothyroxine Sodium","LEVOTHYROXINE SODIUM","HUMAN PRESCRIPTION DRUG","07/24/2002","N/A","NDA","10 BLISTER PACK in 1 BOX, UNIT-DOSE (0074-4552-11)  / 10 TABLET in 1 BLISTER PACK","Thyroxine [CS],  l-Thyroxine [EPC]","N/A","No","12/31/2026"
"Synthroid","0074-4552-19","50 ug/1","TABLET","ORAL","NDA021402","AbbVie Inc.","0074-4552","Levothyroxine Sodium","LEVOTHYROXINE SODIUM","HUMAN PRESCRIPTION DRUG","07/24/2002","N/A","NDA","1000 TABLET in 1 BOTTLE (0074-4552-19)","Thyroxine [CS],  l-Thyroxine [EPC]","N/A","No","12/31/2026"
"Synthroid","0074-4552-72","50 ug/1","TABLET","ORAL","NDA021402","AbbVie Inc.","0074-4552","Levothyroxine Sodium","LEVOTHYROXINE SODIUM","HUMAN PRESCRIPTION DRUG","07/24/2002","N/A","NDA","2 BLISTER PACK in 1 CARTON (0074-4552-72)  / 7 TABLET in 1 BLISTER PACK","Thyroxine [CS],  l-Thyroxine [EPC]","N/A","Yes","12/31/2026"
"Synthroid","0074-4552-90","50 ug/1","TABLET","ORAL","NDA021402","AbbVie Inc.","0074-4552","Levothyroxine Sodium","LEVOTHYROXINE SODIUM","HUMAN PRESCRIPTION DRUG","07/24/2002","N/A","NDA","90 TABLET in 1 BOTTLE (0074-4552-90)","Thyroxine [CS],  l-Thyroxine [EPC]","N/A","No","12/31/2026"
"Levothyroxine sodium","50090-7526-0","112 ug/1","TABLET","ORAL","ANDA207588","A-S Medication Solutions","50090-7526","Levothyroxine sodium","LEVOTHYROXINE SODIUM","HUMAN PRESCRIPTION DRUG","04/02/2025","N/A","ANDA","90 TABLET in 1 BOTTLE (50090-7526-0)","Thyroxine [CS],  l-Thyroxine [EPC]","N/A","No","12/31/2026"
"Levothyroxine sodium","50090-7526-1","112 ug/1","TABLET","ORAL","ANDA207588","A-S Medication Solutions","50090-7526","Levothyroxine sodium","LEVOTHYROXINE SODIUM","HUMAN PRESCRIPTION DRUG","04/02/2025","N/A","ANDA","30 TABLET in 1 BOTTLE (50090-7526-1)","Thyroxine [CS],  l-Thyroxine [EPC]","N/A","No","12/31/2026"
"Levothyroxine sodium","87063-083-00","25 ug/1","TABLET","ORAL","ANDA212399","ASCLEMED USA INC.","87063-083","Levothyroxine Sodium","LEVOTHYROXINE SODIUM","HUMAN PRESCRIPTION DRUG","02/06/2026","N/A","ANDA","1000 TABLET in 1 BOTTLE (87063-083-00)","Thyroxine [CS],  l-Thyroxine [EPC]","N/A","No","12/31/2027"
"Levothyroxine sodium","87063-083-30","25 ug/1","TABLET","ORAL","ANDA212399","ASCLEMED USA INC.","87063-083","Levothyroxine Sodium","LEVOTHYROXINE SODIUM","HUMAN PRESCRIPTION DRUG","02/06/2026","N/A","ANDA","30 TABLET in 1 BOTTLE (87063-083-30)","Thyroxine [CS],  l-Thyroxine [EPC]","N/A","No","12/31/2027"
"Levothyroxine sodium","87063-083-60","25 ug/1","TABLET","ORAL","ANDA212399","ASCLEMED USA INC.","87063-083","Levothyroxine Sodium","LEVOTHYROXINE SODIUM","HUMAN PRESCRIPTION DRUG","02/06/2026","N/A","ANDA","60 TABLET in 1 BOTTLE (87063-083-60)","Thyroxine [CS],  l-Thyroxine [EPC]","N/A","No","12/31/2027"
"Levothyroxine sodium","87063-083-90","25 ug/1","TABLET","ORAL","ANDA212399","ASCLEMED USA INC.","87063-083","Levothyroxine Sodium","LEVOTHYROXINE SODIUM","HUMAN PRESCRIPTION DRUG","02/06/2026","N/A","ANDA","90 TABLET in 1 BOTTLE (87063-083-90)","Thyroxine [CS],  l-Thyroxine [EPC]","N/A","No","12/31/2027"
"Levothyroxine sodium","87063-086-00","88 ug/1","TABLET","ORAL","ANDA212399","ASCLEMED USA INC.","87063-086","Levothyroxine Sodium","LEVOTHYROXINE SODIUM","HUMAN PRESCRIPTION DRUG","02/06/2026","N/A","ANDA","1000 TABLET in 1 BOTTLE (87063-086-00)","Thyroxine [CS],  l-Thyroxine [EPC]","N/A","No","12/31/2027"
"Levothyroxine sodium","87063-086-30","88 ug/1","TABLET","ORAL","ANDA212399","ASCLEMED USA INC.","87063-086","Levothyroxine Sodium","LEVOTHYROXINE SODIUM","HUMAN PRESCRIPTION DRUG","02/06/2026","N/A","ANDA","30 TABLET in 1 BOTTLE (87063-086-30)","Thyroxine [CS],  l-Thyroxine [EPC]","N/A","No","12/31/2027"
"Levothyroxine sodium","87063-086-60","88 ug/1","TABLET","ORAL","ANDA212399","ASCLEMED USA INC.","87063-086","Levothyroxine Sodium","LEVOTHYROXINE SODIUM","HUMAN PRESCRIPTION DRUG","02/06/2026","N/A","ANDA","60 TABLET in 1 BOTTLE (87063-086-60)","Thyroxine [CS],  l-Thyroxine [EPC]","N/A","No","12/31/2027"
"Levothyroxine sodium","87063-086-90","88 ug/1","TABLET","ORAL","ANDA212399","ASCLEMED USA INC.","87063-086","Levothyroxine Sodium","LEVOTHYROXINE SODIUM","HUMAN PRESCRIPTION DRUG","02/06/2026","N/A","ANDA","90 TABLET in 1 BOTTLE (87063-086-90)","Thyroxine [CS],  l-Thyroxine [EPC]","N/A","No","12/31/2027"
"Levothyroxine sodium","16729-450-15","88 ug/1","TABLET","ORAL","ANDA212399","Accord Healthcare Inc.","16729-450","Levothyroxine Sodium","LEVOTHYROXINE SODIUM","HUMAN PRESCRIPTION DRUG","12/03/2020","N/A","ANDA","90 TABLET in 1 BOTTLE (16729-450-15)","Thyroxine [CS],  l-Thyroxine [EPC]","N/A","No","12/31/2026"
"Levothyroxine sodium","16729-450-17","88 ug/1","TABLET","ORAL","ANDA212399","Accord Healthcare Inc.","16729-450","Levothyroxine Sodium","LEVOTHYROXINE SODIUM","HUMAN PRESCRIPTION DRUG","11/25/2020","N/A","ANDA","1000 TABLET in 1 BOTTLE (16729-450-17)","Thyroxine [CS],  l-Thyroxine [EPC]","N/A","No","12/31/2026"
"Levothyroxine sodium","50090-7527-0","112 ug/1","TABLET","ORAL","ANDA207588","A-S Medication Solutions","50090-7527","Levothyroxine sodium","LEVOTHYROXINE SODIUM","HUMAN PRESCRIPTION DRUG","04/03/2025","N/A","ANDA","90 TABLET in 1 BOTTLE (50090-7527-0)","Thyroxine [CS],  l-Thyroxine [EPC]","N/A","No","12/31/2026"
"Levothyroxine sodium","51655-783-52","150 ug/1","TABLET","ORAL","ANDA212399","Northwind Health Company, LLC","51655-783","Levothyroxine Sodium","LEVOTHYROXINE SODIUM","HUMAN PRESCRIPTION DRUG","08/12/2021","N/A","ANDA","30 TABLET in 1 BOTTLE, PLASTIC (51655-783-52)","Thyroxine [CS],  l-Thyroxine [EPC]","N/A","No","12/31/2027"
"Levothyroxine sodium","0480-8687-10","50 ug/1","TABLET","ORAL","ANDA207588","Teva Pharmaceuticals, Inc.","0480-8687","Levothyroxine sodium","LEVOTHYROXINE SODIUM","HUMAN PRESCRIPTION DRUG","09/21/2022","09/30/2026","ANDA","1000 TABLET in 1 BOTTLE (0480-8687-10)","Thyroxine [CS],  l-Thyroxine [EPC]","N/A","No","N/A"
"Levothyroxine sodium","0480-8687-98","50 ug/1","TABLET","ORAL","ANDA207588","Teva Pharmaceuticals, Inc.","0480-8687","Levothyroxine sodium","LEVOTHYROXINE SODIUM","HUMAN PRESCRIPTION DRUG","09/21/2022","09/30/2026","ANDA","90 TABLET in 1 BOTTLE (0480-8687-98)","Thyroxine [CS],  l-Thyroxine [EPC]","N/A","No","N/A"
"Levothyroxine sodium","16729-447-15","25 ug/1","TABLET","ORAL","ANDA212399","Accord Healthcare Inc.","16729-447","Levothyroxine Sodium","LEVOTHYROXINE SODIUM","HUMAN PRESCRIPTION DRUG","12/10/2020","N/A","ANDA","90 TABLET in 1 BOTTLE (16729-447-15)","Thyroxine [CS],  l-Thyroxine [EPC]","N/A","No","12/31/2026"
"Levothyroxine sodium","16729-447-17","25 ug/1","TABLET","ORAL","ANDA212399","Accord Healthcare Inc.","16729-447","Levothyroxine Sodium","LEVOTHYROXINE SODIUM","HUMAN PRESCRIPTION DRUG","12/10/2020","N/A","ANDA","1000 TABLET in 1 BOTTLE (16729-447-17)","Thyroxine [CS],  l-Thyroxine [EPC]","N/A","No","12/31/2026"
"Levothyroxine sodium","87063-084-00","50 ug/1","TABLET","ORAL","ANDA212399","ASCLEMED USA INC.","87063-084","Levothyroxine Sodium","LEVOTHYROXINE SODIUM","HUMAN PRESCRIPTION DRUG","02/06/2026","N/A","ANDA","1000 TABLET in 1 BOTTLE (87063-084-00)","Thyroxine [CS],  l-Thyroxine [EPC]","N/A","No","12/31/2027"
"Levothyroxine sodium","87063-084-30","50 ug/1","TABLET","ORAL","ANDA212399","ASCLEMED USA INC.","87063-084","Levothyroxine Sodium","LEVOTHYROXINE SODIUM","HUMAN PRESCRIPTION DRUG","02/06/2026","N/A","ANDA","30 TABLET in 1 BOTTLE (87063-084-30)","Thyroxine [CS],  l-Thyroxine [EPC]","N/A","No","12/31/2027"
"Levothyroxine sodium","87063-084-60","50 ug/1","TABLET","ORAL","ANDA212399","ASCLEMED USA INC.","87063-084","Levothyroxine Sodium","LEVOTHYROXINE SODIUM","HUMAN PRESCRIPTION DRUG","02/06/2026","N/A","ANDA","60 TABLET in 1 BOTTLE (87063-084-60)","Thyroxine [CS],  l-Thyroxine [EPC]","N/A","No","12/31/2027"
"Levothyroxine sodium","87063-084-90","50 ug/1","TABLET","ORAL","ANDA212399","ASCLEMED USA INC.","87063-084","Levothyroxine Sodium","LEVOTHYROXINE SODIUM","HUMAN PRESCRIPTION DRUG","02/06/2026","N/A","ANDA","90 TABLET in 1 BOTTLE (87063-084-90)","Thyroxine [CS],  l-Thyroxine [EPC]","N/A","No","12/31/2027"
"Levothyroxine sodium","16729-448-15","50 ug/1","TABLET","ORAL","ANDA212399","Accord Healthcare Inc.","16729-448","Levothyroxine Sodium","LEVOTHYROXINE SODIUM","HUMAN PRESCRIPTION DRUG","12/03/2020","N/A","ANDA","90 TABLET in 1 BOTTLE (16729-448-15)","Thyroxine [CS],  l-Thyroxine [EPC]","N/A","No","12/31/2026"
"Levothyroxine sodium","16729-448-17","50 ug/1","TABLET","ORAL","ANDA212399","Accord Healthcare Inc.","16729-448","Levothyroxine Sodium","LEVOTHYROXINE SODIUM","HUMAN PRESCRIPTION DRUG","11/25/2020","N/A","ANDA","1000 TABLET in 1 BOTTLE (16729-448-17)","Thyroxine [CS],  l-Thyroxine [EPC]","N/A","No","12/31/2026"
"Levothyroxine sodium","87063-085-00","75 ug/1","TABLET","ORAL","ANDA212399","ASCLEMED USA INC.","87063-085","Levothyroxine Sodium","LEVOTHYROXINE SODIUM","HUMAN PRESCRIPTION DRUG","02/06/2026","N/A","ANDA","1000 TABLET in 1 BOTTLE (87063-085-00)","Thyroxine [CS],  l-Thyroxine [EPC]","N/A","No","12/31/2027"
"Levothyroxine sodium","87063-085-30","75 ug/1","TABLET","ORAL","ANDA212399","ASCLEMED USA INC.","87063-085","Levothyroxine Sodium","LEVOTHYROXINE SODIUM","HUMAN PRESCRIPTION DRUG","02/06/2026","N/A","ANDA","30 TABLET in 1 BOTTLE (87063-085-30)","Thyroxine [CS],  l-Thyroxine [EPC]","N/A","No","12/31/2027"
"Levothyroxine sodium","87063-085-60","75 ug/1","TABLET","ORAL","ANDA212399","ASCLEMED USA INC.","87063-085","Levothyroxine Sodium","LEVOTHYROXINE SODIUM","HUMAN PRESCRIPTION DRUG","02/06/2026","N/A","ANDA","60 TABLET in 1 BOTTLE (87063-085-60)","Thyroxine [CS],  l-Thyroxine [EPC]","N/A","No","12/31/2027"
"Levothyroxine sodium","87063-085-90","75 ug/1","TABLET","ORAL","ANDA212399","ASCLEMED USA INC.","87063-085","Levothyroxine Sodium","LEVOTHYROXINE SODIUM","HUMAN PRESCRIPTION DRUG","02/06/2026","N/A","ANDA","90 TABLET in 1 BOTTLE (87063-085-90)","Thyroxine [CS],  l-Thyroxine [EPC]","N/A","No","12/31/2027"
"Levothyroxine sodium","16729-449-15","75 ug/1","TABLET","ORAL","ANDA212399","Accord Healthcare Inc.","16729-449","Levothyroxine Sodium","LEVOTHYROXINE SODIUM","HUMAN PRESCRIPTION DRUG","12/03/2020","N/A","ANDA","90 TABLET in 1 BOTTLE (16729-449-15)","Thyroxine [CS],  l-Thyroxine [EPC]","N/A","No","12/31/2026"
"Levothyroxine sodium","16729-449-17","75 ug/1","TABLET","ORAL","ANDA212399","Accord Healthcare Inc.","16729-449","Levothyroxine Sodium","LEVOTHYROXINE SODIUM","HUMAN PRESCRIPTION DRUG","11/25/2020","N/A","ANDA","1000 TABLET in 1 BOTTLE (16729-449-17)","Thyroxine [CS],  l-Thyroxine [EPC]","N/A","No","12/31/2026"
"LEVOTHYROXINE SODIUM","50090-7801-0","137 ug/1","TABLET","ORAL","ANDA211417","A-S Medication Solutions","50090-7801","LEVOTHYROXINE SODIUM","LEVOTHYROXINE SODIUM","HUMAN PRESCRIPTION DRUG","12/01/2025","N/A","ANDA","90 TABLET in 1 BOTTLE (50090-7801-0)","Thyroxine [CS],  l-Thyroxine [EPC]","N/A","No","12/31/2026"
"LEVOTHYROXINE SODIUM","50090-7801-1","137 ug/1","TABLET","ORAL","ANDA211417","A-S Medication Solutions","50090-7801","LEVOTHYROXINE SODIUM","LEVOTHYROXINE SODIUM","HUMAN PRESCRIPTION DRUG","12/01/2025","N/A","ANDA","30 TABLET in 1 BOTTLE (50090-7801-1)","Thyroxine [CS],  l-Thyroxine [EPC]","N/A","No","12/31/2026"
"Levothyroxine sodium","87063-090-00","137 ug/1","TABLET","ORAL","ANDA212399","ASCLEMED USA INC.","87063-090","Levothyroxine Sodium","LEVOTHYROXINE SODIUM","HUMAN PRESCRIPTION DRUG","02/06/2026","N/A","ANDA","1000 TABLET in 1 BOTTLE (87063-090-00)","Thyroxine [CS],  l-Thyroxine [EPC]","N/A","No","12/31/2027"
"Levothyroxine sodium","87063-090-30","137 ug/1","TABLET","ORAL","ANDA212399","ASCLEMED USA INC.","87063-090","Levothyroxine Sodium","LEVOTHYROXINE SODIUM","HUMAN PRESCRIPTION DRUG","02/06/2026","N/A","ANDA","30 TABLET in 1 BOTTLE (87063-090-30)","Thyroxine [CS],  l-Thyroxine [EPC]","N/A","No","12/31/2027"
"Levothyroxine sodium","87063-090-60","137 ug/1","TABLET","ORAL","ANDA212399","ASCLEMED USA INC.","87063-090","Levothyroxine Sodium","LEVOTHYROXINE SODIUM","HUMAN PRESCRIPTION DRUG","02/06/2026","N/A","ANDA","60 TABLET in 1 BOTTLE (87063-090-60)","Thyroxine [CS],  l-Thyroxine [EPC]","N/A","No","12/31/2027"
"Levothyroxine sodium","87063-090-90","137 ug/1","TABLET","ORAL","ANDA212399","ASCLEMED USA INC.","87063-090","Levothyroxine Sodium","LEVOTHYROXINE SODIUM","HUMAN PRESCRIPTION DRUG","02/06/2026","N/A","ANDA","90 TABLET in 1 BOTTLE (87063-090-90)","Thyroxine [CS],  l-Thyroxine [EPC]","N/A","No","12/31/2027"
"Levothyroxine Sodium","0904-6949-61",".025 mg/1","TABLET","ORAL","ANDA209713","Major Pharmaceuticals","0904-6949","Levothyroxine Sodium","LEVOTHYROXINE SODIUM","HUMAN PRESCRIPTION DRUG","03/20/2019","N/A","ANDA","100 BLISTER PACK in 1 CARTON (0904-6949-61)  / 1 TABLET in 1 BLISTER PACK","Thyroxine [CS],  l-Thyroxine [EPC]","N/A","No","12/31/2026"
"Levothyroxine sodium","16729-453-15","125 ug/1","TABLET","ORAL","ANDA212399","Accord Healthcare Inc.","16729-453","Levothyroxine Sodium","LEVOTHYROXINE SODIUM","HUMAN PRESCRIPTION DRUG","12/03/2020","N/A","ANDA","90 TABLET in 1 BOTTLE (16729-453-15)","Thyroxine [CS],  l-Thyroxine [EPC]","N/A","No","12/31/2026"
"Levothyroxine sodium","16729-453-17","125 ug/1","TABLET","ORAL","ANDA212399","Accord Healthcare Inc.","16729-453","Levothyroxine Sodium","LEVOTHYROXINE SODIUM","HUMAN PRESCRIPTION DRUG","12/03/2020","N/A","ANDA","1000 TABLET in 1 BOTTLE (16729-453-17)","Thyroxine [CS],  l-Thyroxine [EPC]","N/A","No","12/31/2026"
"Levothyroxine Sodium","0615-8650-14",".15 mg/1","TABLET","ORAL","NDA021210","NCS HealthCare of KY, LLC dba Vangard Labs","0615-8650","Levothyroxine Sodium","LEVOTHYROXINE SODIUM","HUMAN PRESCRIPTION DRUG","06/04/2026","N/A","NDA","14 TABLET in 1 BLISTER PACK (0615-8650-14)","Thyroxine [CS],  l-Thyroxine [EPC]","N/A","No","12/31/2027"
"Levothyroxine Sodium","0615-8650-39",".15 mg/1","TABLET","ORAL","NDA021210","NCS HealthCare of KY, LLC dba Vangard Labs","0615-8650","Levothyroxine Sodium","LEVOTHYROXINE SODIUM","HUMAN PRESCRIPTION DRUG","06/04/2026","N/A","NDA","30 TABLET in 1 BLISTER PACK (0615-8650-39)","Thyroxine [CS],  l-Thyroxine [EPC]","N/A","No","12/31/2027"
"Levothyroxine sodium","87063-087-00","100 ug/1","TABLET","ORAL","ANDA212399","ASCLEMED USA INC.","87063-087","Levothyroxine Sodium","LEVOTHYROXINE SODIUM","HUMAN PRESCRIPTION DRUG","02/06/2026","N/A","ANDA","1000 TABLET in 1 BOTTLE (87063-087-00)","Thyroxine [CS],  l-Thyroxine [EPC]","N/A","No","12/31/2027"
"Levothyroxine sodium","87063-087-30","100 ug/1","TABLET","ORAL","ANDA212399","ASCLEMED USA INC.","87063-087","Levothyroxine Sodium","LEVOTHYROXINE SODIUM","HUMAN PRESCRIPTION DRUG","02/06/2026","N/A","ANDA","30 TABLET in 1 BOTTLE (87063-087-30)","Thyroxine [CS],  l-Thyroxine [EPC]","N/A","No","12/31/2027"
"Levothyroxine sodium","87063-087-60","100 ug/1","TABLET","ORAL","ANDA212399","ASCLEMED USA INC.","87063-087","Levothyroxine Sodium","LEVOTHYROXINE SODIUM","HUMAN PRESCRIPTION DRUG","02/06/2026","N/A","ANDA","60 TABLET in 1 BOTTLE (87063-087-60)","Thyroxine [CS],  l-Thyroxine [EPC]","N/A","No","12/31/2027"
"Levothyroxine sodium","87063-087-90","100 ug/1","TABLET","ORAL","ANDA212399","ASCLEMED USA INC.","87063-087","Levothyroxine Sodium","LEVOTHYROXINE SODIUM","HUMAN PRESCRIPTION DRUG","02/06/2026","N/A","ANDA","90 TABLET in 1 BOTTLE (87063-087-90)","Thyroxine [CS],  l-Thyroxine [EPC]","N/A","No","12/31/2027"
"Levothyroxine sodium","16729-451-15","100 ug/1","TABLET","ORAL","ANDA212399","Accord Healthcare Inc.","16729-451","Levothyroxine Sodium","LEVOTHYROXINE SODIUM","HUMAN PRESCRIPTION DRUG","12/10/2020","N/A","ANDA","90 TABLET in 1 BOTTLE (16729-451-15)","Thyroxine [CS],  l-Thyroxine [EPC]","N/A","No","12/31/2026"
"Levothyroxine sodium","16729-451-17","100 ug/1","TABLET","ORAL","ANDA212399","Accord Healthcare Inc.","16729-451","Levothyroxine Sodium","LEVOTHYROXINE SODIUM","HUMAN PRESCRIPTION DRUG","12/10/2020","N/A","ANDA","1000 TABLET in 1 BOTTLE (16729-451-17)","Thyroxine [CS],  l-Thyroxine [EPC]","N/A","No","12/31/2026"
"Levothyroxine sodium","87063-088-00","112 ug/1","TABLET","ORAL","ANDA212399","ASCLEMED USA INC.","87063-088","Levothyroxine Sodium","LEVOTHYROXINE SODIUM","HUMAN PRESCRIPTION DRUG","02/06/2026","N/A","ANDA","1000 TABLET in 1 BOTTLE (87063-088-00)","Thyroxine [CS],  l-Thyroxine [EPC]","N/A","No","12/31/2027"
"Levothyroxine sodium","87063-088-30","112 ug/1","TABLET","ORAL","ANDA212399","ASCLEMED USA INC.","87063-088","Levothyroxine Sodium","LEVOTHYROXINE SODIUM","HUMAN PRESCRIPTION DRUG","02/06/2026","N/A","ANDA","30 TABLET in 1 BOTTLE (87063-088-30)","Thyroxine [CS],  l-Thyroxine [EPC]","N/A","No","12/31/2027"
"Levothyroxine sodium","87063-088-60","112 ug/1","TABLET","ORAL","ANDA212399","ASCLEMED USA INC.","87063-088","Levothyroxine Sodium","LEVOTHYROXINE SODIUM","HUMAN PRESCRIPTION DRUG","02/06/2026","N/A","ANDA","60 TABLET in 1 BOTTLE (87063-088-60)","Thyroxine [CS],  l-Thyroxine [EPC]","N/A","No","12/31/2027"
"Levothyroxine sodium","87063-088-90","112 ug/1","TABLET","ORAL","ANDA212399","ASCLEMED USA INC.","87063-088","Levothyroxine Sodium","LEVOTHYROXINE SODIUM","HUMAN PRESCRIPTION DRUG","02/06/2026","N/A","ANDA","90 TABLET in 1 BOTTLE (87063-088-90)","Thyroxine [CS],  l-Thyroxine [EPC]","N/A","No","12/31/2027"
"Levothyroxine Sodium","50090-6594-0","50 ug/1","TABLET","ORAL","NDA021342","A-S Medication Solutions","50090-6594","Levothyroxine Sodium","LEVOTHYROXINE SODIUM","HUMAN PRESCRIPTION DRUG","08/18/2023","N/A","NDA AUTHORIZED GENERIC","90 TABLET in 1 BOTTLE (50090-6594-0)","Thyroxine [CS],  l-Thyroxine [EPC]","N/A","No","12/31/2026"
"Levothyroxine Sodium","71335-9762-1","50 ug/1","TABLET","ORAL","NDA021342","Bryant Ranch Prepack","71335-9762","Levothyroxine Sodium","LEVOTHYROXINE SODIUM","HUMAN PRESCRIPTION DRUG","03/04/2024","N/A","NDA AUTHORIZED GENERIC","30 TABLET in 1 BOTTLE (71335-9762-1)","Thyroxine [CS],  l-Thyroxine [EPC]","N/A","No","12/31/2026"
"Levothyroxine Sodium","71335-9762-2","50 ug/1","TABLET","ORAL","NDA021342","Bryant Ranch Prepack","71335-9762","Levothyroxine Sodium","LEVOTHYROXINE SODIUM","HUMAN PRESCRIPTION DRUG","04/05/2024","N/A","NDA AUTHORIZED GENERIC","90 TABLET in 1 BOTTLE (71335-9762-2)","Thyroxine [CS],  l-Thyroxine [EPC]","N/A","No","12/31/2026"
"Levothyroxine Sodium","71335-9762-3","50 ug/1","TABLET","ORAL","NDA021342","Bryant Ranch Prepack","71335-9762","Levothyroxine Sodium","LEVOTHYROXINE SODIUM","HUMAN PRESCRIPTION DRUG","04/05/2024","N/A","NDA AUTHORIZED GENERIC","100 TABLET in 1 BOTTLE (71335-9762-3)","Thyroxine [CS],  l-Thyroxine [EPC]","N/A","No","12/31/2026"
"Levothyroxine Sodium","71335-9762-4","50 ug/1","TABLET","ORAL","NDA021342","Bryant Ranch Prepack","71335-9762","Levothyroxine Sodium","LEVOTHYROXINE SODIUM","HUMAN PRESCRIPTION DRUG","04/05/2024","N/A","NDA AUTHORIZED GENERIC","7 TABLET in 1 BOTTLE (71335-9762-4)","Thyroxine [CS],  l-Thyroxine [EPC]","N/A","No","12/31/2026"
"Levothyroxine Sodium","71335-9762-5","50 ug/1","TABLET","ORAL","NDA021342","Bryant Ranch Prepack","71335-9762","Levothyroxine Sodium","LEVOTHYROXINE SODIUM","HUMAN PRESCRIPTION DRUG","04/05/2024","N/A","NDA AUTHORIZED GENERIC","14 TABLET in 1 BOTTLE (71335-9762-5)","Thyroxine [CS],  l-Thyroxine [EPC]","N/A","No","12/31/2026"
"Levothyroxine Sodium","71335-9762-6","50 ug/1","TABLET","ORAL","NDA021342","Bryant Ranch Prepack","71335-9762","Levothyroxine Sodium","LEVOTHYROXINE SODIUM","HUMAN PRESCRIPTION DRUG","04/05/2024","N/A","NDA AUTHORIZED GENERIC","60 TABLET in 1 BOTTLE (71335-9762-6)","Thyroxine [CS],  l-Thyroxine [EPC]","N/A","No","12/31/2026"
"Levothyroxine Sodium","71335-9762-7","50 ug/1","TABLET","ORAL","NDA021342","Bryant Ranch Prepack","71335-9762","Levothyroxine Sodium","LEVOTHYROXINE SODIUM","HUMAN PRESCRIPTION DRUG","04/05/2024","N/A","NDA AUTHORIZED GENERIC","21 TABLET in 1 BOTTLE (71335-9762-7)","Thyroxine [CS],  l-Thyroxine [EPC]","N/A","No","12/31/2026"
"Levothyroxine Sodium","71335-9762-8","50 ug/1","TABLET","ORAL","NDA021342","Bryant Ranch Prepack","71335-9762","Levothyroxine Sodium","LEVOTHYROXINE SODIUM","HUMAN PRESCRIPTION DRUG","04/05/2024","N/A","NDA AUTHORIZED GENERIC","42 TABLET in 1 BOTTLE (71335-9762-8)","Thyroxine [CS],  l-Thyroxine [EPC]","N/A","No","12/31/2026"
"Levothyroxine Sodium","0527-3285-43","112 ug/1","TABLET","ORAL","NDA021342","Lannett Company, Inc","0527-3285","Levothyroxine Sodium","LEVOTHYROXINE SODIUM","HUMAN PRESCRIPTION DRUG","08/03/2020","N/A","NDA AUTHORIZED GENERIC","1000 TABLET in 1 BOTTLE (0527-3285-43)","Thyroxine [CS],  l-Thyroxine [EPC]","N/A","No","12/31/2027"
"Levothyroxine Sodium","0527-3285-46","112 ug/1","TABLET","ORAL","NDA021342","Lannett Company, Inc","0527-3285","Levothyroxine Sodium","LEVOTHYROXINE SODIUM","HUMAN PRESCRIPTION DRUG","08/03/2020","N/A","NDA AUTHORIZED GENERIC","90 TABLET in 1 BOTTLE (0527-3285-46)","Thyroxine [CS],  l-Thyroxine [EPC]","N/A","No","12/31/2027"
"Levothyroxine sodium","87063-089-00","125 ug/1","TABLET","ORAL","ANDA212399","ASCLEMED USA INC.","87063-089","Levothyroxine Sodium","LEVOTHYROXINE SODIUM","HUMAN PRESCRIPTION DRUG","02/06/2026","N/A","ANDA","1000 TABLET in 1 BOTTLE (87063-089-00)","Thyroxine [CS],  l-Thyroxine [EPC]","N/A","No","12/31/2027"
"Levothyroxine sodium","87063-089-30","125 ug/1","TABLET","ORAL","ANDA212399","ASCLEMED USA INC.","87063-089","Levothyroxine Sodium","LEVOTHYROXINE SODIUM","HUMAN PRESCRIPTION DRUG","02/06/2026","N/A","ANDA","30 TABLET in 1 BOTTLE (87063-089-30)","Thyroxine [CS],  l-Thyroxine [EPC]","N/A","No","12/31/2027"
"Levothyroxine sodium","87063-089-60","125 ug/1","TABLET","ORAL","ANDA212399","ASCLEMED USA INC.","87063-089","Levothyroxine Sodium","LEVOTHYROXINE SODIUM","HUMAN PRESCRIPTION DRUG","02/06/2026","N/A","ANDA","60 TABLET in 1 BOTTLE (87063-089-60)","Thyroxine [CS],  l-Thyroxine [EPC]","N/A","No","12/31/2027"
"Levothyroxine sodium","87063-089-90","125 ug/1","TABLET","ORAL","ANDA212399","ASCLEMED USA INC.","87063-089","Levothyroxine Sodium","LEVOTHYROXINE SODIUM","HUMAN PRESCRIPTION DRUG","02/06/2026","N/A","ANDA","90 TABLET in 1 BOTTLE (87063-089-90)","Thyroxine [CS],  l-Thyroxine [EPC]","N/A","No","12/31/2027"
"Levothyroxine sodium","16729-452-15","112 ug/1","TABLET","ORAL","ANDA212399","Accord Healthcare Inc.","16729-452","Levothyroxine Sodium","LEVOTHYROXINE SODIUM","HUMAN PRESCRIPTION DRUG","11/25/2020","N/A","ANDA","90 TABLET in 1 BOTTLE (16729-452-15)","Thyroxine [CS],  l-Thyroxine [EPC]","N/A","No","12/31/2026"
"Levothyroxine sodium","16729-452-17","112 ug/1","TABLET","ORAL","ANDA212399","Accord Healthcare Inc.","16729-452","Levothyroxine Sodium","LEVOTHYROXINE SODIUM","HUMAN PRESCRIPTION DRUG","12/03/2020","N/A","ANDA","1000 TABLET in 1 BOTTLE (16729-452-17)","Thyroxine [CS],  l-Thyroxine [EPC]","N/A","No","12/31/2026"
"LEVOTHYROXINE SODIUM","70710-1833-1","100 ug/5mL","INJECTION, POWDER, LYOPHILIZED, FOR SOLUTION","INTRAVENOUS","ANDA217066","Zydus Pharmaceuticals USA Inc.","70710-1833","levothyroxine sodium","LEVOTHYROXINE SODIUM ANHYDROUS","HUMAN PRESCRIPTION DRUG","11/01/2024","N/A","ANDA","1 VIAL, SINGLE-DOSE in 1 CARTON (70710-1833-1)  / 5 mL in 1 VIAL, SINGLE-DOSE","Thyroxine [CS],  l-Thyroxine [EPC]","N/A","No","12/31/2026"
"Levothyroxine sodium","50090-6602-0","112 ug/1","TABLET","ORAL","ANDA212399","A-S Medication Solutions","50090-6602","Levothyroxine Sodium","LEVOTHYROXINE SODIUM","HUMAN PRESCRIPTION DRUG","08/22/2023","N/A","ANDA","90 TABLET in 1 BOTTLE (50090-6602-0)","Thyroxine [CS],  l-Thyroxine [EPC]","N/A","No","12/31/2027"
"Levothyroxine sodium","0480-8690-10","75 ug/1","TABLET","ORAL","ANDA207588","Teva Pharmaceuticals, Inc.","0480-8690","Levothyroxine sodium","LEVOTHYROXINE SODIUM","HUMAN PRESCRIPTION DRUG","09/21/2022","11/30/2026","ANDA","1000 TABLET in 1 BOTTLE (0480-8690-10)","Thyroxine [CS],  l-Thyroxine [EPC]","N/A","No","N/A"
"Levothyroxine sodium","0480-8690-98","75 ug/1","TABLET","ORAL","ANDA207588","Teva Pharmaceuticals, Inc.","0480-8690","Levothyroxine sodium","LEVOTHYROXINE SODIUM","HUMAN PRESCRIPTION DRUG","09/21/2022","11/30/2026","ANDA","90 TABLET in 1 BOTTLE (0480-8690-98)","Thyroxine [CS],  l-Thyroxine [EPC]","N/A","No","N/A"
"Levothyroxine sodium","16729-457-15","200 ug/1","TABLET","ORAL","ANDA212399","Accord Healthcare Inc.","16729-457","Levothyroxine Sodium","LEVOTHYROXINE SODIUM","HUMAN PRESCRIPTION DRUG","12/03/2020","N/A","ANDA","90 TABLET in 1 BOTTLE (16729-457-15)","Thyroxine [CS],  l-Thyroxine [EPC]","N/A","No","12/31/2026"
"Levothyroxine sodium","16729-457-17","200 ug/1","TABLET","ORAL","ANDA212399","Accord Healthcare Inc.","16729-457","Levothyroxine Sodium","LEVOTHYROXINE SODIUM","HUMAN PRESCRIPTION DRUG","12/03/2020","N/A","ANDA","1000 TABLET in 1 BOTTLE (16729-457-17)","Thyroxine [CS],  l-Thyroxine [EPC]","N/A","No","12/31/2026"
"LEVOTHYROXINE SODIUM","70518-4434-0","88 ug/1","TABLET","ORAL","ANDA211417","REMEDYREPACK INC.","70518-4434","LEVOTHYROXINE SODIUM","LEVOTHYROXINE SODIUM","HUMAN PRESCRIPTION DRUG","08/12/2025","N/A","ANDA","90 TABLET in 1 BOTTLE (70518-4434-0)","Thyroxine [CS],  l-Thyroxine [EPC]","N/A","No","12/31/2026"
"Levothyroxine sodium","50090-6919-0","137 ug/1","TABLET","ORAL","ANDA212399","A-S Medication Solutions","50090-6919","Levothyroxine Sodium","LEVOTHYROXINE SODIUM","HUMAN PRESCRIPTION DRUG","12/13/2023","N/A","ANDA","90 TABLET in 1 BOTTLE (50090-6919-0)","Thyroxine [CS],  l-Thyroxine [EPC]","N/A","No","12/31/2027"
"LEVOTHYROXINE SODIUM","50090-7802-0","137 ug/1","TABLET","ORAL","ANDA211417","A-S Medication Solutions","50090-7802","LEVOTHYROXINE SODIUM","LEVOTHYROXINE SODIUM","HUMAN PRESCRIPTION DRUG","12/01/2025","N/A","ANDA","90 TABLET in 1 BOTTLE (50090-7802-0)","Thyroxine [CS],  l-Thyroxine [EPC]","N/A","No","12/31/2026"
"Levothyroxine Sodium","71335-9763-1","150 ug/1","TABLET","ORAL","NDA021342","Bryant Ranch Prepack","71335-9763","Levothyroxine Sodium","LEVOTHYROXINE SODIUM","HUMAN PRESCRIPTION DRUG","04/05/2024","N/A","NDA AUTHORIZED GENERIC","30 TABLET in 1 BOTTLE (71335-9763-1)","Thyroxine [CS],  l-Thyroxine [EPC]","N/A","No","12/31/2026"
"Levothyroxine Sodium","71335-9763-2","150 ug/1","TABLET","ORAL","NDA021342","Bryant Ranch Prepack","71335-9763","Levothyroxine Sodium","LEVOTHYROXINE SODIUM","HUMAN PRESCRIPTION DRUG","04/05/2024","N/A","NDA AUTHORIZED GENERIC","100 TABLET in 1 BOTTLE (71335-9763-2)","Thyroxine [CS],  l-Thyroxine [EPC]","N/A","No","12/31/2026"
"Levothyroxine Sodium","71335-9763-3","150 ug/1","TABLET","ORAL","NDA021342","Bryant Ranch Prepack","71335-9763","Levothyroxine Sodium","LEVOTHYROXINE SODIUM","HUMAN PRESCRIPTION DRUG","04/05/2024","N/A","NDA AUTHORIZED GENERIC","90 TABLET in 1 BOTTLE (71335-9763-3)","Thyroxine [CS],  l-Thyroxine [EPC]","N/A","No","12/31/2026"
"Levothyroxine Sodium","71335-9763-4","150 ug/1","TABLET","ORAL","NDA021342","Bryant Ranch Prepack","71335-9763","Levothyroxine Sodium","LEVOTHYROXINE SODIUM","HUMAN PRESCRIPTION DRUG","04/05/2024","N/A","NDA AUTHORIZED GENERIC","60 TABLET in 1 BOTTLE (71335-9763-4)","Thyroxine [CS],  l-Thyroxine [EPC]","N/A","No","12/31/2026"
"Levothyroxine Sodium","72189-604-90","88 ug/1","TABLET","ORAL","ANDA212399","Direct_rx","72189-604","Levothyroxine Sodium","LEVOTHYROXINE SODIUM","HUMAN PRESCRIPTION DRUG","01/09/2025","N/A","ANDA","90 TABLET in 1 BOTTLE (72189-604-90)","Thyroxine [CS],  l-Thyroxine [EPC]","N/A","No","12/31/2026"
"Levothyroxine sodium","87063-091-00","150 ug/1","TABLET","ORAL","ANDA212399","ASCLEMED USA INC.","87063-091","Levothyroxine Sodium","LEVOTHYROXINE SODIUM","HUMAN PRESCRIPTION DRUG","02/06/2026","N/A","ANDA","1000 TABLET in 1 BOTTLE (87063-091-00)","Thyroxine [CS],  l-Thyroxine [EPC]","N/A","No","12/31/2027"
"Levothyroxine sodium","87063-091-30","150 ug/1","TABLET","ORAL","ANDA212399","ASCLEMED USA INC.","87063-091","Levothyroxine Sodium","LEVOTHYROXINE SODIUM","HUMAN PRESCRIPTION DRUG","02/06/2026","N/A","ANDA","30 TABLET in 1 BOTTLE (87063-091-30)","Thyroxine [CS],  l-Thyroxine [EPC]","N/A","No","12/31/2027"
"Levothyroxine sodium","87063-091-60","150 ug/1","TABLET","ORAL","ANDA212399","ASCLEMED USA INC.","87063-091","Levothyroxine Sodium","LEVOTHYROXINE SODIUM","HUMAN PRESCRIPTION DRUG","02/06/2026","N/A","ANDA","60 TABLET in 1 BOTTLE (87063-091-60)","Thyroxine [CS],  l-Thyroxine [EPC]","N/A","No","12/31/2027"
"Levothyroxine sodium","87063-091-90","150 ug/1","TABLET","ORAL","ANDA212399","ASCLEMED USA INC.","87063-091","Levothyroxine Sodium","LEVOTHYROXINE SODIUM","HUMAN PRESCRIPTION DRUG","02/06/2026","N/A","ANDA","90 TABLET in 1 BOTTLE (87063-091-90)","Thyroxine [CS],  l-Thyroxine [EPC]","N/A","No","12/31/2027"
"Levothyroxine sodium","16729-454-15","137 ug/1","TABLET","ORAL","ANDA212399","Accord Healthcare Inc.","16729-454","Levothyroxine Sodium","LEVOTHYROXINE SODIUM","HUMAN PRESCRIPTION DRUG","11/25/2020","N/A","ANDA","90 TABLET in 1 BOTTLE (16729-454-15)","Thyroxine [CS],  l-Thyroxine [EPC]","N/A","No","12/31/2026"
"Levothyroxine sodium","16729-454-17","137 ug/1","TABLET","ORAL","ANDA212399","Accord Healthcare Inc.","16729-454","Levothyroxine Sodium","LEVOTHYROXINE SODIUM","HUMAN PRESCRIPTION DRUG","12/03/2020","N/A","ANDA","1000 TABLET in 1 BOTTLE (16729-454-17)","Thyroxine [CS],  l-Thyroxine [EPC]","N/A","No","12/31/2026"
"LEVOTHYROXINE SODIUM","70518-4435-0","75 ug/1","TABLET","ORAL","ANDA211417","REMEDYREPACK INC.","70518-4435","LEVOTHYROXINE SODIUM","LEVOTHYROXINE SODIUM","HUMAN PRESCRIPTION DRUG","08/12/2025","N/A","ANDA","90 TABLET in 1 BOTTLE (70518-4435-0)","Thyroxine [CS],  l-Thyroxine [EPC]","N/A","No","12/31/2026"
"Levothyroxine Sodium","72189-605-90","112 ug/1","TABLET","ORAL","ANDA212399","Direct_Rx","72189-605","Levothyroxine Sodium","LEVOTHYROXINE SODIUM","HUMAN PRESCRIPTION DRUG","01/08/2025","N/A","ANDA","90 TABLET in 1 BOTTLE (72189-605-90)","Thyroxine [CS],  l-Thyroxine [EPC]","N/A","No","12/31/2026"
"Levothyroxine sodium","87063-092-00","175 ug/1","TABLET","ORAL","ANDA212399","ASCLEMED USA INC.","87063-092","Levothyroxine Sodium","LEVOTHYROXINE SODIUM","HUMAN PRESCRIPTION DRUG","02/06/2026","N/A","ANDA","1000 TABLET in 1 BOTTLE (87063-092-00)","Thyroxine [CS],  l-Thyroxine [EPC]","N/A","No","12/31/2027"
"Levothyroxine sodium","87063-092-30","175 ug/1","TABLET","ORAL","ANDA212399","ASCLEMED USA INC.","87063-092","Levothyroxine Sodium","LEVOTHYROXINE SODIUM","HUMAN PRESCRIPTION DRUG","02/06/2026","N/A","ANDA","30 TABLET in 1 BOTTLE (87063-092-30)","Thyroxine [CS],  l-Thyroxine [EPC]","N/A","No","12/31/2027"
"Levothyroxine sodium","87063-092-60","175 ug/1","TABLET","ORAL","ANDA212399","ASCLEMED USA INC.","87063-092","Levothyroxine Sodium","LEVOTHYROXINE SODIUM","HUMAN PRESCRIPTION DRUG","02/06/2026","N/A","ANDA","60 TABLET in 1 BOTTLE (87063-092-60)","Thyroxine [CS],  l-Thyroxine [EPC]","N/A","No","12/31/2027"
"Levothyroxine sodium","87063-092-90","175 ug/1","TABLET","ORAL","ANDA212399","ASCLEMED USA INC.","87063-092","Levothyroxine Sodium","LEVOTHYROXINE SODIUM","HUMAN PRESCRIPTION DRUG","02/06/2026","N/A","ANDA","90 TABLET in 1 BOTTLE (87063-092-90)","Thyroxine [CS],  l-Thyroxine [EPC]","N/A","No","12/31/2027"
"Levothyroxine sodium","16729-455-15","150 ug/1","TABLET","ORAL","ANDA212399","Accord Healthcare Inc.","16729-455","Levothyroxine Sodium","LEVOTHYROXINE SODIUM","HUMAN PRESCRIPTION DRUG","12/03/2020","N/A","ANDA","90 TABLET in 1 BOTTLE (16729-455-15)","Thyroxine [CS],  l-Thyroxine [EPC]","N/A","No","12/31/2026"
"Levothyroxine sodium","16729-455-17","150 ug/1","TABLET","ORAL","ANDA212399","Accord Healthcare Inc.","16729-455","Levothyroxine Sodium","LEVOTHYROXINE SODIUM","HUMAN PRESCRIPTION DRUG","11/25/2020","N/A","ANDA","1000 TABLET in 1 BOTTLE (16729-455-17)","Thyroxine [CS],  l-Thyroxine [EPC]","N/A","No","12/31/2026"
"Levothyroxine Sodium","68071-3814-3",".088 mg/1","TABLET","ORAL","ANDA209713","NuCare Pharmaceuticals, Inc.","68071-3814","Levothyroxine Sodium","LEVOTHYROXINE SODIUM","HUMAN PRESCRIPTION DRUG","03/20/2025","N/A","ANDA","30 TABLET in 1 BOTTLE (68071-3814-3)","Thyroxine [CS],  l-Thyroxine [EPC]","N/A","No","12/31/2026"
"Levothyroxine sodium","87063-093-00","200 ug/1","TABLET","ORAL","ANDA212399","ASCLEMED USA INC.","87063-093","Levothyroxine Sodium","LEVOTHYROXINE SODIUM","HUMAN PRESCRIPTION DRUG","02/06/2026","N/A","ANDA","1000 TABLET in 1 BOTTLE (87063-093-00)","Thyroxine [CS],  l-Thyroxine [EPC]","N/A","No","12/31/2027"
"Levothyroxine sodium","87063-093-30","200 ug/1","TABLET","ORAL","ANDA212399","ASCLEMED USA INC.","87063-093","Levothyroxine Sodium","LEVOTHYROXINE SODIUM","HUMAN PRESCRIPTION DRUG","02/06/2026","N/A","ANDA","30 TABLET in 1 BOTTLE (87063-093-30)","Thyroxine [CS],  l-Thyroxine [EPC]","N/A","No","12/31/2027"
"Levothyroxine sodium","87063-093-60","200 ug/1","TABLET","ORAL","ANDA212399","ASCLEMED USA INC.","87063-093","Levothyroxine Sodium","LEVOTHYROXINE SODIUM","HUMAN PRESCRIPTION DRUG","02/06/2026","N/A","ANDA","60 TABLET in 1 BOTTLE (87063-093-60)","Thyroxine [CS],  l-Thyroxine [EPC]","N/A","No","12/31/2027"
"Levothyroxine sodium","87063-093-90","200 ug/1","TABLET","ORAL","ANDA212399","ASCLEMED USA INC.","87063-093","Levothyroxine Sodium","LEVOTHYROXINE SODIUM","HUMAN PRESCRIPTION DRUG","02/06/2026","N/A","ANDA","90 TABLET in 1 BOTTLE (87063-093-90)","Thyroxine [CS],  l-Thyroxine [EPC]","N/A","No","12/31/2027"
"Levothyroxine sodium","16729-456-15","175 ug/1","TABLET","ORAL","ANDA212399","Accord Healthcare Inc.","16729-456","Levothyroxine Sodium","LEVOTHYROXINE SODIUM","HUMAN PRESCRIPTION DRUG","12/03/2020","N/A","ANDA","90 TABLET in 1 BOTTLE (16729-456-15)","Thyroxine [CS],  l-Thyroxine [EPC]","N/A","No","12/31/2026"
"Levothyroxine sodium","16729-456-17","175 ug/1","TABLET","ORAL","ANDA212399","Accord Healthcare Inc.","16729-456","Levothyroxine Sodium","LEVOTHYROXINE SODIUM","HUMAN PRESCRIPTION DRUG","12/03/2020","N/A","ANDA","1000 TABLET in 1 BOTTLE (16729-456-17)","Thyroxine [CS],  l-Thyroxine [EPC]","N/A","No","12/31/2026"
"Levothyroxine Sodium","63629-2088-1","112 ug/1","TABLET","ORAL","NDA021342","Bryant Ranch Prepack","63629-2088","Levothyroxine Sodium","LEVOTHYROXINE SODIUM","HUMAN PRESCRIPTION DRUG","02/09/2021","N/A","NDA AUTHORIZED GENERIC","1000 TABLET in 1 BOTTLE (63629-2088-1)","Thyroxine [CS],  l-Thyroxine [EPC]","N/A","No","12/31/2027"
"Levothyroxine Sodium","0615-8651-14",".175 mg/1","TABLET","ORAL","NDA021210","NCS HealthCare of KY, LLC dba Vangard Labs","0615-8651","Levothyroxine Sodium","LEVOTHYROXINE SODIUM","HUMAN PRESCRIPTION DRUG","06/04/2026","N/A","NDA","14 TABLET in 1 BLISTER PACK (0615-8651-14)","Thyroxine [CS],  l-Thyroxine [EPC]","N/A","No","12/31/2027"
"LEVOTHYROXINE SODIUM","70518-4438-0","125 ug/1","TABLET","ORAL","ANDA211417","REMEDYREPACK INC.","70518-4438","LEVOTHYROXINE SODIUM","LEVOTHYROXINE SODIUM","HUMAN PRESCRIPTION DRUG","08/13/2025","N/A","ANDA","90 TABLET in 1 BOTTLE (70518-4438-0)","Thyroxine [CS],  l-Thyroxine [EPC]","N/A","No","12/31/2026"
"LEVOTHYROXINE SODIUM","70710-1834-1","200 ug/5mL","INJECTION, POWDER, LYOPHILIZED, FOR SOLUTION","INTRAVENOUS","ANDA217066","Zydus Pharmaceuticals USA Inc.","70710-1834","levothyroxine sodium","LEVOTHYROXINE SODIUM ANHYDROUS","HUMAN PRESCRIPTION DRUG","11/01/2024","N/A","ANDA","1 VIAL, SINGLE-DOSE in 1 CARTON (70710-1834-1)  / 5 mL in 1 VIAL, SINGLE-DOSE","Thyroxine [CS],  l-Thyroxine [EPC]","N/A","No","12/31/2026"
"Levothyroxine sodium","72789-297-30","100 ug/1","TABLET","ORAL","ANDA212399","PD-Rx Pharmaceuticals, Inc.","72789-297","Levothyroxine Sodium","LEVOTHYROXINE SODIUM","HUMAN PRESCRIPTION DRUG","01/11/2023","N/A","ANDA","30 TABLET in 1 BOTTLE, PLASTIC (72789-297-30)","Thyroxine [CS],  l-Thyroxine [EPC]","N/A","No","12/31/2027"
"Levothyroxine sodium","87063-094-00","300 ug/1","TABLET","ORAL","ANDA212399","ASCLEMED USA INC.","87063-094","Levothyroxine Sodium","LEVOTHYROXINE SODIUM","HUMAN PRESCRIPTION DRUG","02/06/2026","N/A","ANDA","1000 TABLET in 1 BOTTLE (87063-094-00)","Thyroxine [CS],  l-Thyroxine [EPC]","N/A","No","12/31/2027"
"Levothyroxine sodium","87063-094-30","300 ug/1","TABLET","ORAL","ANDA212399","ASCLEMED USA INC.","87063-094","Levothyroxine Sodium","LEVOTHYROXINE SODIUM","HUMAN PRESCRIPTION DRUG","02/06/2026","N/A","ANDA","30 TABLET in 1 BOTTLE (87063-094-30)","Thyroxine [CS],  l-Thyroxine [EPC]","N/A","No","12/31/2027"
"Levothyroxine sodium","87063-094-60","300 ug/1","TABLET","ORAL","ANDA212399","ASCLEMED USA INC.","87063-094","Levothyroxine Sodium","LEVOTHYROXINE SODIUM","HUMAN PRESCRIPTION DRUG","02/06/2026","N/A","ANDA","60 TABLET in 1 BOTTLE (87063-094-60)","Thyroxine [CS],  l-Thyroxine [EPC]","N/A","No","12/31/2027"
"Levothyroxine sodium","87063-094-90","300 ug/1","TABLET","ORAL","ANDA212399","ASCLEMED USA INC.","87063-094","Levothyroxine Sodium","LEVOTHYROXINE SODIUM","HUMAN PRESCRIPTION DRUG","02/06/2026","N/A","ANDA","90 TABLET in 1 BOTTLE (87063-094-90)","Thyroxine [CS],  l-Thyroxine [EPC]","N/A","No","12/31/2027"
"Levothyroxine sodium","16729-458-15","300 ug/1","TABLET","ORAL","ANDA212399","Accord Healthcare Inc.","16729-458","Levothyroxine Sodium","LEVOTHYROXINE SODIUM","HUMAN PRESCRIPTION DRUG","12/10/2020","N/A","ANDA","90 TABLET in 1 BOTTLE (16729-458-15)","Thyroxine [CS],  l-Thyroxine [EPC]","N/A","No","12/31/2026"
"LEVOTHYROXINE SODIUM","70710-1835-1","500 ug/5mL","INJECTION, POWDER, LYOPHILIZED, FOR SOLUTION","INTRAVENOUS","ANDA217066","Zydus Pharmaceuticals USA Inc.","70710-1835","levothyroxine sodium","LEVOTHYROXINE SODIUM ANHYDROUS","HUMAN PRESCRIPTION DRUG","11/01/2024","N/A","ANDA","1 VIAL, SINGLE-DOSE in 1 CARTON (70710-1835-1)  / 5 mL in 1 VIAL, SINGLE-DOSE","Thyroxine [CS],  l-Thyroxine [EPC]","N/A","No","12/31/2026"
"LEVOTHYROXINE SODIUM","72189-346-90","200 ug/1","TABLET","ORAL","ANDA212399","Direct Rx","72189-346","LEVOTHYROXINE SODIUM","LEVOTHYROXINE SODIUM","HUMAN PRESCRIPTION DRUG","04/19/2022","N/A","ANDA","90 TABLET in 1 BOTTLE (72189-346-90)","Thyroxine [CS],  l-Thyroxine [EPC]","N/A","No","12/31/2026"
"Levothyroxine sodium","68788-7929-1","100 ug/1","TABLET","ORAL","ANDA212399","Preferred Pharmaceuticals Inc.","68788-7929","Levothyroxine Sodium","LEVOTHYROXINE SODIUM","HUMAN PRESCRIPTION DRUG","06/15/2021","N/A","ANDA","100 TABLET in 1 BOTTLE (68788-7929-1)","Thyroxine [CS],  l-Thyroxine [EPC]","N/A","No","12/31/2026"
"Levothyroxine sodium","68788-7929-3","100 ug/1","TABLET","ORAL","ANDA212399","Preferred Pharmaceuticals Inc.","68788-7929","Levothyroxine Sodium","LEVOTHYROXINE SODIUM","HUMAN PRESCRIPTION DRUG","06/15/2021","N/A","ANDA","30 TABLET in 1 BOTTLE (68788-7929-3)","Thyroxine [CS],  l-Thyroxine [EPC]","N/A","No","12/31/2026"
"Levothyroxine sodium","68788-7929-9","100 ug/1","TABLET","ORAL","ANDA212399","Preferred Pharmaceuticals Inc.","68788-7929","Levothyroxine Sodium","LEVOTHYROXINE SODIUM","HUMAN PRESCRIPTION DRUG","06/15/2021","N/A","ANDA","90 TABLET in 1 BOTTLE (68788-7929-9)","Thyroxine [CS],  l-Thyroxine [EPC]","N/A","No","12/31/2026"
"Levothyroxine sodium","68788-7911-3","50 ug/1","TABLET","ORAL","ANDA212399","Preferred Pharmaceuticals Inc.","68788-7911","Levothyroxine Sodium","LEVOTHYROXINE SODIUM","HUMAN PRESCRIPTION DRUG","05/18/2021","N/A","ANDA","30 TABLET in 1 BOTTLE (68788-7911-3)","Thyroxine [CS],  l-Thyroxine [EPC]","N/A","No","12/31/2027"
"Levothyroxine sodium","68788-7911-9","50 ug/1","TABLET","ORAL","ANDA212399","Preferred Pharmaceuticals Inc.","68788-7911","Levothyroxine Sodium","LEVOTHYROXINE SODIUM","HUMAN PRESCRIPTION DRUG","05/18/2021","N/A","ANDA","90 TABLET in 1 BOTTLE (68788-7911-9)","Thyroxine [CS],  l-Thyroxine [EPC]","N/A","No","12/31/2027"
"Levothyroxine Sodium","63629-2090-1","175 ug/1","TABLET","ORAL","NDA021342","Bryant Ranch Prepack","63629-2090","Levothyroxine Sodium","LEVOTHYROXINE SODIUM","HUMAN PRESCRIPTION DRUG","02/09/2021","N/A","NDA AUTHORIZED GENERIC","1000 TABLET in 1 BOTTLE (63629-2090-1)","Thyroxine [CS],  l-Thyroxine [EPC]","N/A","No","12/31/2027"
"Levothyroxine sodium","50090-6610-0","150 ug/1","TABLET","ORAL","ANDA212399","A-S Medication Solutions","50090-6610","Levothyroxine Sodium","LEVOTHYROXINE SODIUM","HUMAN PRESCRIPTION DRUG","08/24/2023","N/A","ANDA","90 TABLET in 1 BOTTLE (50090-6610-0)","Thyroxine [CS],  l-Thyroxine [EPC]","N/A","No","12/31/2026"
"Levothyroxine Sodium","63629-2091-1","200 ug/1","TABLET","ORAL","NDA021342","Bryant Ranch Prepack","63629-2091","Levothyroxine Sodium","LEVOTHYROXINE SODIUM","HUMAN PRESCRIPTION DRUG","02/09/2021","N/A","NDA AUTHORIZED GENERIC","1000 TABLET in 1 BOTTLE (63629-2091-1)","Thyroxine [CS],  l-Thyroxine [EPC]","N/A","No","12/31/2027"
"Levothyroxine Sodium","82804-099-30","50 ug/1","TABLET","ORAL","NDA021342","Proficient Rx LP","82804-099","Levothyroxine Sodium","LEVOTHYROXINE SODIUM","HUMAN PRESCRIPTION DRUG","04/25/2024","N/A","NDA AUTHORIZED GENERIC","30 TABLET in 1 BOTTLE (82804-099-30)","Thyroxine [CS],  l-Thyroxine [EPC]","N/A","No","12/31/2026"
"Levothyroxine Sodium","82804-099-90","50 ug/1","TABLET","ORAL","NDA021342","Proficient Rx LP","82804-099","Levothyroxine Sodium","LEVOTHYROXINE SODIUM","HUMAN PRESCRIPTION DRUG","05/01/2024","N/A","NDA AUTHORIZED GENERIC","90 TABLET in 1 BOTTLE (82804-099-90)","Thyroxine [CS],  l-Thyroxine [EPC]","N/A","No","12/31/2026"
"Levothyroxine Sodium","63629-2092-1","88 ug/1","TABLET","ORAL","NDA021342","Bryant Ranch Prepack","63629-2092","Levothyroxine Sodium","LEVOTHYROXINE SODIUM","HUMAN PRESCRIPTION DRUG","02/09/2021","N/A","NDA AUTHORIZED GENERIC","1000 TABLET in 1 BOTTLE (63629-2092-1)","Thyroxine [CS],  l-Thyroxine [EPC]","N/A","No","12/31/2027"
"Levothyroxine Sodium","0527-3286-43","125 ug/1","TABLET","ORAL","NDA021342","Lannett Company, Inc","0527-3286","Levothyroxine Sodium","LEVOTHYROXINE SODIUM","HUMAN PRESCRIPTION DRUG","08/03/2020","N/A","NDA AUTHORIZED GENERIC","1000 TABLET in 1 BOTTLE (0527-3286-43)","Thyroxine [CS],  l-Thyroxine [EPC]","N/A","No","12/31/2027"
"Levothyroxine Sodium","0527-3286-46","125 ug/1","TABLET","ORAL","NDA021342","Lannett Company, Inc","0527-3286","Levothyroxine Sodium","LEVOTHYROXINE SODIUM","HUMAN PRESCRIPTION DRUG","08/03/2020","N/A","NDA AUTHORIZED GENERIC","90 TABLET in 1 BOTTLE (0527-3286-46)","Thyroxine [CS],  l-Thyroxine [EPC]","N/A","No","12/31/2027"
"Levothyroxine Sodium","0904-6950-61",".05 mg/1","TABLET","ORAL","ANDA209713","Major Pharmaceuticals","0904-6950","Levothyroxine Sodium","LEVOTHYROXINE SODIUM","HUMAN PRESCRIPTION DRUG","05/02/2019","N/A","ANDA","100 BLISTER PACK in 1 CARTON (0904-6950-61)  / 1 TABLET in 1 BLISTER PACK","Thyroxine [CS],  l-Thyroxine [EPC]","N/A","No","12/31/2026"
"Levothyroxine Sodium","51079-441-20","75 ug/1","TABLET","ORAL","ANDA076187","Mylan Institutional Inc.","51079-441","levothyroxine sodium","LEVOTHYROXINE SODIUM","HUMAN PRESCRIPTION DRUG","02/05/2007","N/A","ANDA","100 BLISTER PACK in 1 CARTON (51079-441-20)  / 1 TABLET in 1 BLISTER PACK (51079-441-01)","Thyroxine [CS],  l-Thyroxine [EPC]","N/A","No","12/31/2026"
"Levothyroxine sodium","0480-8693-10","88 ug/1","TABLET","ORAL","ANDA207588","Teva Pharmaceuticals, Inc.","0480-8693","Levothyroxine sodium","LEVOTHYROXINE SODIUM","HUMAN PRESCRIPTION DRUG","09/21/2022","11/30/2026","ANDA","1000 TABLET in 1 BOTTLE (0480-8693-10)","Thyroxine [CS],  l-Thyroxine [EPC]","N/A","No","N/A"
"Levothyroxine sodium","0480-8693-98","88 ug/1","TABLET","ORAL","ANDA207588","Teva Pharmaceuticals, Inc.","0480-8693","Levothyroxine sodium","LEVOTHYROXINE SODIUM","HUMAN PRESCRIPTION DRUG","09/21/2022","11/30/2026","ANDA","90 TABLET in 1 BOTTLE (0480-8693-98)","Thyroxine [CS],  l-Thyroxine [EPC]","N/A","No","N/A"
"Levothyroxine Sodium","63629-2094-1","300 ug/1","TABLET","ORAL","NDA021342","Bryant Ranch Prepack","63629-2094","Levothyroxine Sodium","LEVOTHYROXINE SODIUM","HUMAN PRESCRIPTION DRUG","02/09/2021","N/A","NDA AUTHORIZED GENERIC","1000 TABLET in 1 BOTTLE (63629-2094-1)","Thyroxine [CS],  l-Thyroxine [EPC]","N/A","No","12/31/2027"
"Levothyroxine Sodium","51079-440-20","50 ug/1","TABLET","ORAL","ANDA076187","Mylan Institutional Inc.","51079-440","levothyroxine sodium","LEVOTHYROXINE SODIUM","HUMAN PRESCRIPTION DRUG","02/05/2007","N/A","ANDA","100 BLISTER PACK in 1 CARTON (51079-440-20)  / 1 TABLET in 1 BLISTER PACK (51079-440-01)","Thyroxine [CS],  l-Thyroxine [EPC]","N/A","No","12/31/2026"
