"broad_group","category","medication","combo","search_type","search_term","source_file","Proprietary Name","NDC Package Code","Strength","Dosage Form","Route","Appl. No.","Labeler Name","Product NDC","Nonproprietary Name","Substance Name","Product Type Name","Start Marketing Date","End Marketing Date","Market Category","Package Description","Pharm Class","DEA","Sample Package","Listing Record Certified Through:","qc_missing_fields","qc_sparse","qc_conflict"
"Respiratory:allergy_Medication","Other_Asthma_Medications","AlbuterolSulfate",FALSE,"nonproprietary","AlbuterolSulfate","AlbuterolSulfate_nonproprietary_raw.csv","AIRSUPRA","0310-9080-12","90 ug/1,                         80  ug/1","AEROSOL, METERED","RESPIRATORY (INHALATION)","NDA214070","AstraZeneca Pharmaceuticals LP","0310-9080","Albuterol sulfate and budesonide","ALBUTEROL SULFATE;  BUDESONIDE","HUMAN PRESCRIPTION DRUG","10/02/2023","N/A","NDA","1 INHALER in 1 CARTON (0310-9080-12)  / 120 AEROSOL, METERED in 1 INHALER","Adrenergic beta2-Agonists [MoA],  Corticosteroid Hormone Receptor Agonists [MoA],  Corticosteroid [EPC],  beta2-Adrenergic Agonist [EPC]","N/A","No","12/31/2026",0,FALSE,FALSE
"Respiratory:allergy_Medication","Other_Asthma_Medications","AlbuterolSulfate",FALSE,"nonproprietary","AlbuterolSulfate","AlbuterolSulfate_nonproprietary_raw.csv","AIRSUPRA","0310-9080-28","90 ug/1,                         80  ug/1","AEROSOL, METERED","RESPIRATORY (INHALATION)","NDA214070","AstraZeneca Pharmaceuticals LP","0310-9080","Albuterol sulfate and budesonide","ALBUTEROL SULFATE;  BUDESONIDE","HUMAN PRESCRIPTION DRUG","10/02/2023","N/A","NDA","1 INHALER in 1 CARTON (0310-9080-28)  / 28 AEROSOL, METERED in 1 INHALER","Adrenergic beta2-Agonists [MoA],  Corticosteroid Hormone Receptor Agonists [MoA],  Corticosteroid [EPC],  beta2-Adrenergic Agonist [EPC]","N/A","Yes","12/31/2026",0,FALSE,FALSE
"Respiratory:allergy_Medication","Other_Asthma_Medications","AlbuterolSulfate",FALSE,"nonproprietary","AlbuterolSulfate","AlbuterolSulfate_nonproprietary_raw.csv","ALBUTEROL SULFATE","50090-5179-0","90 ug/1","INHALANT","RESPIRATORY (INHALATION)","ANDA209959","A-S Medication Solutions","50090-5179","albuterol sulfate","ALBUTEROL SULFATE","HUMAN PRESCRIPTION DRUG","09/28/2020","N/A","ANDA","1 CANISTER in 1 CARTON (50090-5179-0)  / 200 INHALANT in 1 CANISTER","Adrenergic beta2-Agonists [MoA],  beta2-Adrenergic Agonist [EPC]","N/A","No","12/31/2026",0,FALSE,FALSE
"Respiratory:allergy_Medication","Other_Asthma_Medications","AlbuterolSulfate",FALSE,"nonproprietary","AlbuterolSulfate","AlbuterolSulfate_nonproprietary_raw.csv","ALBUTEROL SULFATE","50090-5179-1","90 ug/1","INHALANT","RESPIRATORY (INHALATION)","ANDA209959","A-S Medication Solutions","50090-5179","albuterol sulfate","ALBUTEROL SULFATE","HUMAN PRESCRIPTION DRUG","10/06/2020","N/A","ANDA","144 CANISTER in 1 CASE (50090-5179-1)  / 200 INHALANT in 1 CANISTER","Adrenergic beta2-Agonists [MoA],  beta2-Adrenergic Agonist [EPC]","N/A","No","12/31/2026",0,FALSE,FALSE
"Respiratory:allergy_Medication","Other_Asthma_Medications","AlbuterolSulfate",FALSE,"nonproprietary","AlbuterolSulfate","AlbuterolSulfate_nonproprietary_raw.csv","ALBUTEROL SULFATE","50090-5735-1","90 ug/1","INHALANT","RESPIRATORY (INHALATION)","ANDA209959","A-S Medication Solutions","50090-5735","albuterol sulfate","ALBUTEROL SULFATE","HUMAN PRESCRIPTION DRUG","12/19/2022","N/A","ANDA","96 CANISTER in 1 CASE (50090-5735-1)  / 200 INHALANT in 1 CANISTER","Adrenergic beta2-Agonists [MoA],  beta2-Adrenergic Agonist [EPC]","N/A","No","12/31/2026",0,FALSE,FALSE
"Respiratory:allergy_Medication","Other_Asthma_Medications","AlbuterolSulfate",FALSE,"nonproprietary","AlbuterolSulfate","AlbuterolSulfate_nonproprietary_raw.csv","ALBUTEROL SULFATE","51662-1267-1","90 ug/1","AEROSOL, METERED","RESPIRATORY (INHALATION)","NDA020983","HF Acquisition Co LLC, DBA HealthFirst","51662-1267","ALBUTEROL SULFATE","ALBUTEROL SULFATE","HUMAN PRESCRIPTION DRUG","09/22/2018","N/A","NDA","1 INHALER in 1 CARTON (51662-1267-1)  / 60 AEROSOL, METERED in 1 INHALER","Adrenergic beta2-Agonists [MoA],  beta2-Adrenergic Agonist [EPC]","N/A","No","12/31/2026",0,FALSE,FALSE
"Respiratory:allergy_Medication","Other_Asthma_Medications","AlbuterolSulfate",FALSE,"nonproprietary","AlbuterolSulfate","AlbuterolSulfate_nonproprietary_raw.csv","ALBUTEROL SULFATE","51662-1267-9","90 ug/1","AEROSOL, METERED","RESPIRATORY (INHALATION)","NDA020983","HF Acquisition Co LLC, DBA HealthFirst","51662-1267","ALBUTEROL SULFATE","ALBUTEROL SULFATE","HUMAN PRESCRIPTION DRUG","09/22/2018","N/A","NDA","60 AEROSOL, METERED in 1 INHALER (51662-1267-9)","Adrenergic beta2-Agonists [MoA],  beta2-Adrenergic Agonist [EPC]","N/A","No","12/31/2026",0,FALSE,FALSE
"Respiratory:allergy_Medication","Other_Asthma_Medications","AlbuterolSulfate",FALSE,"nonproprietary","AlbuterolSulfate","AlbuterolSulfate_nonproprietary_raw.csv","ALBUTEROL SULFATE","51662-1499-1","2.5 mg/3mL","SOLUTION","RESPIRATORY (INHALATION)","ANDA074880","HF Acquisition Co LLC, DBA HealthFirst","51662-1499","ALBUTEROL SULFATE","ALBUTEROL SULFATE","HUMAN PRESCRIPTION DRUG","01/29/2020","N/A","ANDA","5 VIAL, SINGLE-DOSE in 1 POUCH (51662-1499-1)  / 3 mL in 1 VIAL, SINGLE-DOSE","Adrenergic beta2-Agonists [MoA],  beta2-Adrenergic Agonist [EPC]","N/A","No","12/31/2026",0,FALSE,FALSE
"Respiratory:allergy_Medication","Other_Asthma_Medications","AlbuterolSulfate",FALSE,"nonproprietary","AlbuterolSulfate","AlbuterolSulfate_nonproprietary_raw.csv","ALBUTEROL SULFATE","51662-1513-1","90 ug/1","AEROSOL, METERED","RESPIRATORY (INHALATION)","ANDA203760","HF Acquisition Co LLC, DBA HealthFirst","51662-1513","ALBUTEROL SULFATE","ALBUTEROL SULFATE","HUMAN PRESCRIPTION DRUG","08/18/2020","N/A","ANDA","1 INHALER in 1 CARTON (51662-1513-1)  / 200 AEROSOL, METERED in 1 INHALER","Adrenergic beta2-Agonists [MoA],  beta2-Adrenergic Agonist [EPC]","N/A","No","12/31/2026",0,FALSE,FALSE
"Respiratory:allergy_Medication","Other_Asthma_Medications","AlbuterolSulfate",FALSE,"nonproprietary","AlbuterolSulfate","AlbuterolSulfate_nonproprietary_raw.csv","ALBUTEROL SULFATE","59651-183-25",".63 mg/3mL","SOLUTION","RESPIRATORY (INHALATION)","ANDA211888","Aurobindo Pharma Limited","59651-183","ALBUTEROL SULFATE","ALBUTEROL SULFATE","HUMAN PRESCRIPTION DRUG","04/20/2020","N/A","ANDA","5 POUCH in 1 CARTON (59651-183-25)  / 5 VIAL in 1 POUCH / 3 mL in 1 VIAL","Adrenergic beta2-Agonists [MoA],  beta2-Adrenergic Agonist [EPC]","N/A","No","12/31/2026",0,FALSE,FALSE
"Respiratory:allergy_Medication","Other_Asthma_Medications","AlbuterolSulfate",FALSE,"nonproprietary","AlbuterolSulfate","AlbuterolSulfate_nonproprietary_raw.csv","ALBUTEROL SULFATE","59651-183-30",".63 mg/3mL","SOLUTION","RESPIRATORY (INHALATION)","ANDA211888","Aurobindo Pharma Limited","59651-183","ALBUTEROL SULFATE","ALBUTEROL SULFATE","HUMAN PRESCRIPTION DRUG","07/29/2024","N/A","ANDA","6 POUCH in 1 CARTON (59651-183-30)  / 5 VIAL in 1 POUCH / 3 mL in 1 VIAL","Adrenergic beta2-Agonists [MoA],  beta2-Adrenergic Agonist [EPC]","N/A","No","12/31/2026",0,FALSE,FALSE
"Respiratory:allergy_Medication","Other_Asthma_Medications","AlbuterolSulfate",FALSE,"nonproprietary","AlbuterolSulfate","AlbuterolSulfate_nonproprietary_raw.csv","ALBUTEROL SULFATE","59651-184-25","1.25 mg/3mL","SOLUTION","RESPIRATORY (INHALATION)","ANDA211888","Aurobindo Pharma Limited","59651-184","ALBUTEROL SULFATE","ALBUTEROL SULFATE","HUMAN PRESCRIPTION DRUG","04/20/2020","N/A","ANDA","5 POUCH in 1 CARTON (59651-184-25)  / 5 VIAL in 1 POUCH / 3 mL in 1 VIAL","Adrenergic beta2-Agonists [MoA],  beta2-Adrenergic Agonist [EPC]","N/A","No","12/31/2026",0,FALSE,FALSE
"Respiratory:allergy_Medication","Other_Asthma_Medications","AlbuterolSulfate",FALSE,"nonproprietary","AlbuterolSulfate","AlbuterolSulfate_nonproprietary_raw.csv","ALBUTEROL SULFATE","59651-184-30","1.25 mg/3mL","SOLUTION","RESPIRATORY (INHALATION)","ANDA211888","Aurobindo Pharma Limited","59651-184","ALBUTEROL SULFATE","ALBUTEROL SULFATE","HUMAN PRESCRIPTION DRUG","07/29/2024","N/A","ANDA","6 POUCH in 1 CARTON (59651-184-30)  / 5 VIAL in 1 POUCH / 3 mL in 1 VIAL","Adrenergic beta2-Agonists [MoA],  beta2-Adrenergic Agonist [EPC]","N/A","No","12/31/2026",0,FALSE,FALSE
"Respiratory:allergy_Medication","Other_Asthma_Medications","AlbuterolSulfate",FALSE,"nonproprietary","AlbuterolSulfate","AlbuterolSulfate_nonproprietary_raw.csv","ALBUTEROL SULFATE","62135-189-23","2 mg/5mL","SYRUP","ORAL","ANDA077788","Chartwell RX, LLC","62135-189","Albuterol Sulfate","ALBUTEROL SULFATE","HUMAN PRESCRIPTION DRUG","03/26/2025","N/A","ANDA","2 TRAY in 1 BOX (62135-189-23)  / 10 CUP in 1 TRAY / 20 mL in 1 CUP (62135-189-20)","Adrenergic beta2-Agonists [MoA],  beta2-Adrenergic Agonist [EPC]","N/A","No","12/31/2026",0,FALSE,FALSE
"Respiratory:allergy_Medication","Other_Asthma_Medications","AlbuterolSulfate",FALSE,"nonproprietary","AlbuterolSulfate","AlbuterolSulfate_nonproprietary_raw.csv","ALBUTEROL SULFATE","62135-189-24","2 mg/5mL","SYRUP","ORAL","ANDA077788","Chartwell RX, LLC","62135-189","Albuterol Sulfate","ALBUTEROL SULFATE","HUMAN PRESCRIPTION DRUG","03/26/2025","N/A","ANDA","2 TRAY in 1 BOX (62135-189-24)  / 10 CUP in 1 TRAY / 5 mL in 1 CUP (62135-189-05)","Adrenergic beta2-Agonists [MoA],  beta2-Adrenergic Agonist [EPC]","N/A","No","12/31/2026",0,FALSE,FALSE
"Respiratory:allergy_Medication","Other_Asthma_Medications","AlbuterolSulfate",FALSE,"nonproprietary","AlbuterolSulfate","AlbuterolSulfate_nonproprietary_raw.csv","ALBUTEROL SULFATE","62135-189-41","2 mg/5mL","SYRUP","ORAL","ANDA077788","Chartwell RX, LLC","62135-189","Albuterol Sulfate","ALBUTEROL SULFATE","HUMAN PRESCRIPTION DRUG","06/08/2022","N/A","ANDA","120 mL in 1 CONTAINER (62135-189-41)","Adrenergic beta2-Agonists [MoA],  beta2-Adrenergic Agonist [EPC]","N/A","No","12/31/2026",0,FALSE,FALSE
"Respiratory:allergy_Medication","Other_Asthma_Medications","AlbuterolSulfate",FALSE,"nonproprietary","AlbuterolSulfate","AlbuterolSulfate_nonproprietary_raw.csv","ALBUTEROL SULFATE","62135-189-47","2 mg/5mL","SYRUP","ORAL","ANDA077788","Chartwell RX, LLC","62135-189","Albuterol Sulfate","ALBUTEROL SULFATE","HUMAN PRESCRIPTION DRUG","06/08/2022","N/A","ANDA","473 mL in 1 CONTAINER (62135-189-47)","Adrenergic beta2-Agonists [MoA],  beta2-Adrenergic Agonist [EPC]","N/A","No","12/31/2026",0,FALSE,FALSE
"Respiratory:allergy_Medication","Other_Asthma_Medications","AlbuterolSulfate",FALSE,"nonproprietary","AlbuterolSulfate","AlbuterolSulfate_nonproprietary_raw.csv","ALBUTEROL SULFATE","65862-858-03",".83 mg/mL","SOLUTION","RESPIRATORY (INHALATION)","ANDA206224","Aurobindo Pharma Limited","65862-858","ALBUTEROL SULFATE","ALBUTEROL SULFATE","HUMAN PRESCRIPTION DRUG","10/17/2017","N/A","ANDA","30 POUCH in 1 CARTON (65862-858-03)  / 1 VIAL, SINGLE-DOSE in 1 POUCH / 3 mL in 1 VIAL, SINGLE-DOSE","Adrenergic beta2-Agonists [MoA],  beta2-Adrenergic Agonist [EPC]","N/A","No","12/31/2026",0,FALSE,FALSE
"Respiratory:allergy_Medication","Other_Asthma_Medications","AlbuterolSulfate",FALSE,"nonproprietary","AlbuterolSulfate","AlbuterolSulfate_nonproprietary_raw.csv","ALBUTEROL SULFATE","65862-858-25",".83 mg/mL","SOLUTION","RESPIRATORY (INHALATION)","ANDA206224","Aurobindo Pharma Limited","65862-858","ALBUTEROL SULFATE","ALBUTEROL SULFATE","HUMAN PRESCRIPTION DRUG","10/17/2017","N/A","ANDA","5 POUCH in 1 CARTON (65862-858-25)  / 5 VIAL, SINGLE-DOSE in 1 POUCH / 3 mL in 1 VIAL, SINGLE-DOSE","Adrenergic beta2-Agonists [MoA],  beta2-Adrenergic Agonist [EPC]","N/A","No","12/31/2026",0,FALSE,FALSE
"Respiratory:allergy_Medication","Other_Asthma_Medications","AlbuterolSulfate",FALSE,"nonproprietary","AlbuterolSulfate","AlbuterolSulfate_nonproprietary_raw.csv","ALBUTEROL SULFATE","65862-858-30",".83 mg/mL","SOLUTION","RESPIRATORY (INHALATION)","ANDA206224","Aurobindo Pharma Limited","65862-858","ALBUTEROL SULFATE","ALBUTEROL SULFATE","HUMAN PRESCRIPTION DRUG","10/17/2017","N/A","ANDA","6 POUCH in 1 CARTON (65862-858-30)  / 5 VIAL, SINGLE-DOSE in 1 POUCH / 3 mL in 1 VIAL, SINGLE-DOSE","Adrenergic beta2-Agonists [MoA],  beta2-Adrenergic Agonist [EPC]","N/A","No","12/31/2026",0,FALSE,FALSE
"Respiratory:allergy_Medication","Other_Asthma_Medications","AlbuterolSulfate",FALSE,"nonproprietary","AlbuterolSulfate","AlbuterolSulfate_nonproprietary_raw.csv","ALBUTEROL SULFATE","65862-858-60",".83 mg/mL","SOLUTION","RESPIRATORY (INHALATION)","ANDA206224","Aurobindo Pharma Limited","65862-858","ALBUTEROL SULFATE","ALBUTEROL SULFATE","HUMAN PRESCRIPTION DRUG","10/17/2017","N/A","ANDA","12 POUCH in 1 CARTON (65862-858-60)  / 5 VIAL, SINGLE-DOSE in 1 POUCH / 3 mL in 1 VIAL, SINGLE-DOSE","Adrenergic beta2-Agonists [MoA],  beta2-Adrenergic Agonist [EPC]","N/A","No","12/31/2026",0,FALSE,FALSE
"Respiratory:allergy_Medication","Other_Asthma_Medications","AlbuterolSulfate",FALSE,"nonproprietary","AlbuterolSulfate","AlbuterolSulfate_nonproprietary_raw.csv","ALBUTEROL SULFATE","68788-7573-4","2 mg/5mL","SYRUP","ORAL","ANDA212197","Preferred Pharmaceuticals, Inc.","68788-7573","ALBUTEROL SULFATE","ALBUTEROL SULFATE","HUMAN PRESCRIPTION DRUG","05/01/2020","N/A","ANDA","473 mL in 1 BOTTLE (68788-7573-4)","Adrenergic beta2-Agonists [MoA],  beta2-Adrenergic Agonist [EPC]","N/A","No","12/31/2026",0,FALSE,FALSE
"Respiratory:allergy_Medication","Other_Asthma_Medications","AlbuterolSulfate",FALSE,"nonproprietary","AlbuterolSulfate","AlbuterolSulfate_nonproprietary_raw.csv","ALBUTEROL SULFATE","68999-189-23","2 mg/5mL","SYRUP","ORAL","ANDA077788","Chartwell Governmental & Specialty RX, LLC.","68999-189","Albuterol Sulfate","ALBUTEROL SULFATE","HUMAN PRESCRIPTION DRUG","12/15/2025","N/A","ANDA","2 TRAY in 1 BOX (68999-189-23)  / 10 CUP in 1 TRAY / 20 mL in 1 CUP (68999-189-20)","Adrenergic beta2-Agonists [MoA],  beta2-Adrenergic Agonist [EPC]","N/A","No","12/31/2026",0,FALSE,FALSE
"Respiratory:allergy_Medication","Other_Asthma_Medications","AlbuterolSulfate",FALSE,"nonproprietary","AlbuterolSulfate","AlbuterolSulfate_nonproprietary_raw.csv","ALBUTEROL SULFATE","68999-189-24","2 mg/5mL","SYRUP","ORAL","ANDA077788","Chartwell Governmental & Specialty RX, LLC.","68999-189","Albuterol Sulfate","ALBUTEROL SULFATE","HUMAN PRESCRIPTION DRUG","12/15/2025","N/A","ANDA","2 TRAY in 1 BOX (68999-189-24)  / 10 CUP in 1 TRAY / 5 mL in 1 CUP (68999-189-05)","Adrenergic beta2-Agonists [MoA],  beta2-Adrenergic Agonist [EPC]","N/A","No","12/31/2026",0,FALSE,FALSE
"Respiratory:allergy_Medication","Other_Asthma_Medications","AlbuterolSulfate",FALSE,"nonproprietary","AlbuterolSulfate","AlbuterolSulfate_nonproprietary_raw.csv","ALBUTEROL SULFATE","69097-142-60","90 ug/1","INHALANT","RESPIRATORY (INHALATION)","ANDA209959","Cipla USA Inc.","69097-142","albuterol sulfate","ALBUTEROL SULFATE","HUMAN PRESCRIPTION DRUG","04/08/2020","N/A","ANDA","1 CANISTER in 1 CARTON (69097-142-60)  / 200 INHALANT in 1 CANISTER","Adrenergic beta2-Agonists [MoA],  beta2-Adrenergic Agonist [EPC]","N/A","No","12/31/2027",0,FALSE,FALSE
"Respiratory:allergy_Medication","Other_Asthma_Medications","AlbuterolSulfate",FALSE,"nonproprietary","AlbuterolSulfate","AlbuterolSulfate_nonproprietary_raw.csv","ALBUTEROL SULFATE","70518-4490-0",".83 mg/mL","SOLUTION","RESPIRATORY (INHALATION)","ANDA206224","REMEDYREPACK INC.","70518-4490","ALBUTEROL SULFATE","ALBUTEROL SULFATE","HUMAN PRESCRIPTION DRUG","10/03/2025","N/A","ANDA","5 POUCH in 1 CARTON (70518-4490-0)  / 5 VIAL, SINGLE-DOSE in 1 POUCH / 3 mL in 1 VIAL, SINGLE-DOSE","Adrenergic beta2-Agonists [MoA],  beta2-Adrenergic Agonist [EPC]","N/A","No","12/31/2026",0,FALSE,FALSE
"Respiratory:allergy_Medication","Other_Asthma_Medications","AlbuterolSulfate",FALSE,"nonproprietary","AlbuterolSulfate","AlbuterolSulfate_nonproprietary_raw.csv","ALBUTEROL SULFATE","70752-102-12","2 mg/5mL","SYRUP","ORAL","ANDA212197","QUAGEN PHARMACEUTICALS LLC","70752-102","ALBUTEROL SULFATE","ALBUTEROL SULFATE","HUMAN PRESCRIPTION DRUG","09/06/2019","N/A","ANDA","473 mL in 1 BOTTLE (70752-102-12)","Adrenergic beta2-Agonists [MoA],  beta2-Adrenergic Agonist [EPC]","N/A","No","12/31/2026",0,FALSE,FALSE
"Respiratory:allergy_Medication","Other_Asthma_Medications","AlbuterolSulfate",FALSE,"nonproprietary","AlbuterolSulfate","AlbuterolSulfate_nonproprietary_raw.csv","ALBUTEROL SULFATE","71335-2907-1","2 mg/5mL","SYRUP","ORAL","ANDA212197","Bryant Ranch Prepack","71335-2907","ALBUTEROL SULFATE","ALBUTEROL SULFATE","HUMAN PRESCRIPTION DRUG","11/10/2025","N/A","ANDA","473 mL in 1 BOTTLE (71335-2907-1)","Adrenergic beta2-Agonists [MoA],  beta2-Adrenergic Agonist [EPC]","N/A","No","12/31/2026",0,FALSE,FALSE
"Respiratory:allergy_Medication","Other_Asthma_Medications","AlbuterolSulfate",FALSE,"nonproprietary","AlbuterolSulfate","AlbuterolSulfate_nonproprietary_raw.csv","ALBUTEROL SULFATE","72162-2064-2","2 mg/5mL","SYRUP","ORAL","ANDA212197","Bryant Ranch Prepack","72162-2064","ALBUTEROL SULFATE","ALBUTEROL SULFATE","HUMAN PRESCRIPTION DRUG","08/15/2023","N/A","ANDA","473 mL in 1 BOTTLE (72162-2064-2)","Adrenergic beta2-Agonists [MoA],  beta2-Adrenergic Agonist [EPC]","N/A","No","12/31/2026",0,FALSE,FALSE
"Respiratory:allergy_Medication","Other_Asthma_Medications","AlbuterolSulfate",FALSE,"nonproprietary","AlbuterolSulfate","AlbuterolSulfate_nonproprietary_raw.csv","ALBUTEROL SULFATE","76282-679-42","90 ug/1","INHALANT","RESPIRATORY (INHALATION)","ANDA209959","Exelan Pharmaceuticals, Inc.","76282-679","albuterol sulfate","ALBUTEROL SULFATE","HUMAN PRESCRIPTION DRUG","10/04/2021","N/A","ANDA","1 CANISTER in 1 CARTON (76282-679-42)  / 200 INHALANT in 1 CANISTER","Adrenergic beta2-Agonists [MoA],  beta2-Adrenergic Agonist [EPC]","N/A","No","12/31/2026",0,FALSE,FALSE
"Respiratory:allergy_Medication","Other_Asthma_Medications","AlbuterolSulfate",FALSE,"nonproprietary","AlbuterolSulfate","AlbuterolSulfate_nonproprietary_raw.csv","ALBUTEROL SULFATE","81894-104-02",".83 mg/mL","SOLUTION","RESPIRATORY (INHALATION)","ANDA206224","Luoxin Aurovitas Pharma (Chengdu) Co., Ltd.","81894-104","ALBUTEROL SULFATE","ALBUTEROL SULFATE","HUMAN PRESCRIPTION DRUG","10/17/2017","N/A","ANDA","30 POUCH in 1 CARTON (81894-104-02)  / 1 VIAL, SINGLE-DOSE in 1 POUCH / 3 mL in 1 VIAL, SINGLE-DOSE","Adrenergic beta2-Agonists [MoA],  beta2-Adrenergic Agonist [EPC]","N/A","No","12/31/2026",0,FALSE,FALSE
"Respiratory:allergy_Medication","Other_Asthma_Medications","AlbuterolSulfate",FALSE,"nonproprietary","AlbuterolSulfate","AlbuterolSulfate_nonproprietary_raw.csv","ALBUTEROL SULFATE","81894-104-25",".83 mg/mL","SOLUTION","RESPIRATORY (INHALATION)","ANDA206224","Luoxin Aurovitas Pharma (Chengdu) Co., Ltd.","81894-104","ALBUTEROL SULFATE","ALBUTEROL SULFATE","HUMAN PRESCRIPTION DRUG","10/17/2017","N/A","ANDA","5 POUCH in 1 CARTON (81894-104-25)  / 5 VIAL, SINGLE-DOSE in 1 POUCH / 3 mL in 1 VIAL, SINGLE-DOSE","Adrenergic beta2-Agonists [MoA],  beta2-Adrenergic Agonist [EPC]","N/A","No","12/31/2026",0,FALSE,FALSE
"Respiratory:allergy_Medication","Other_Asthma_Medications","AlbuterolSulfate",FALSE,"nonproprietary","AlbuterolSulfate","AlbuterolSulfate_nonproprietary_raw.csv","ALBUTEROL SULFATE","81894-104-30",".83 mg/mL","SOLUTION","RESPIRATORY (INHALATION)","ANDA206224","Luoxin Aurovitas Pharma (Chengdu) Co., Ltd.","81894-104","ALBUTEROL SULFATE","ALBUTEROL SULFATE","HUMAN PRESCRIPTION DRUG","10/17/2017","N/A","ANDA","6 POUCH in 1 CARTON (81894-104-30)  / 5 VIAL, SINGLE-DOSE in 1 POUCH / 3 mL in 1 VIAL, SINGLE-DOSE","Adrenergic beta2-Agonists [MoA],  beta2-Adrenergic Agonist [EPC]","N/A","No","12/31/2026",0,FALSE,FALSE
"Respiratory:allergy_Medication","Other_Asthma_Medications","AlbuterolSulfate",FALSE,"nonproprietary","AlbuterolSulfate","AlbuterolSulfate_nonproprietary_raw.csv","ALBUTEROL SULFATE","81894-104-60",".83 mg/mL","SOLUTION","RESPIRATORY (INHALATION)","ANDA206224","Luoxin Aurovitas Pharma (Chengdu) Co., Ltd.","81894-104","ALBUTEROL SULFATE","ALBUTEROL SULFATE","HUMAN PRESCRIPTION DRUG","10/17/2017","N/A","ANDA","12 POUCH in 1 CARTON (81894-104-60)  / 5 VIAL, SINGLE-DOSE in 1 POUCH / 3 mL in 1 VIAL, SINGLE-DOSE","Adrenergic beta2-Agonists [MoA],  beta2-Adrenergic Agonist [EPC]","N/A","No","12/31/2026",0,FALSE,FALSE
"Respiratory:allergy_Medication","Other_Asthma_Medications","AlbuterolSulfate",FALSE,"nonproprietary","AlbuterolSulfate","AlbuterolSulfate_nonproprietary_raw.csv","ALBUTEROL SULFATE","81894-105-25",".63 mg/3mL","SOLUTION","RESPIRATORY (INHALATION)","ANDA211888","Luoxin Aurovitas Pharma (Chengdu) Co., Ltd.","81894-105","ALBUTEROL SULFATE","ALBUTEROL SULFATE","HUMAN PRESCRIPTION DRUG","04/20/2020","N/A","ANDA","5 POUCH in 1 CARTON (81894-105-25)  / 5 VIAL in 1 POUCH / 3 mL in 1 VIAL","Adrenergic beta2-Agonists [MoA],  beta2-Adrenergic Agonist [EPC]","N/A","No","12/31/2026",0,FALSE,FALSE
"Respiratory:allergy_Medication","Other_Asthma_Medications","AlbuterolSulfate",FALSE,"nonproprietary","AlbuterolSulfate","AlbuterolSulfate_nonproprietary_raw.csv","ALBUTEROL SULFATE","81894-105-30",".63 mg/3mL","SOLUTION","RESPIRATORY (INHALATION)","ANDA211888","Luoxin Aurovitas Pharma (Chengdu) Co., Ltd.","81894-105","ALBUTEROL SULFATE","ALBUTEROL SULFATE","HUMAN PRESCRIPTION DRUG","07/29/2024","N/A","ANDA","6 POUCH in 1 CARTON (81894-105-30)  / 5 VIAL in 1 POUCH / 3 mL in 1 VIAL","Adrenergic beta2-Agonists [MoA],  beta2-Adrenergic Agonist [EPC]","N/A","No","12/31/2026",0,FALSE,FALSE
"Respiratory:allergy_Medication","Other_Asthma_Medications","AlbuterolSulfate",FALSE,"nonproprietary","AlbuterolSulfate","AlbuterolSulfate_nonproprietary_raw.csv","ALBUTEROL SULFATE","81894-106-25","1.25 mg/3mL","SOLUTION","RESPIRATORY (INHALATION)","ANDA211888","Luoxin Aurovitas Pharma (Chengdu) Co., Ltd.","81894-106","ALBUTEROL SULFATE","ALBUTEROL SULFATE","HUMAN PRESCRIPTION DRUG","07/29/2024","N/A","ANDA","5 POUCH in 1 CARTON (81894-106-25)  / 5 VIAL in 1 POUCH / 3 mL in 1 VIAL","Adrenergic beta2-Agonists [MoA],  beta2-Adrenergic Agonist [EPC]","N/A","No","12/31/2026",0,FALSE,FALSE
"Respiratory:allergy_Medication","Other_Asthma_Medications","AlbuterolSulfate",FALSE,"nonproprietary","AlbuterolSulfate","AlbuterolSulfate_nonproprietary_raw.csv","ALBUTEROL SULFATE","81894-106-30","1.25 mg/3mL","SOLUTION","RESPIRATORY (INHALATION)","ANDA211888","Luoxin Aurovitas Pharma (Chengdu) Co., Ltd.","81894-106","ALBUTEROL SULFATE","ALBUTEROL SULFATE","HUMAN PRESCRIPTION DRUG","07/29/2024","N/A","ANDA","6 POUCH in 1 CARTON (81894-106-30)  / 5 VIAL in 1 POUCH / 3 mL in 1 VIAL","Adrenergic beta2-Agonists [MoA],  beta2-Adrenergic Agonist [EPC]","N/A","No","12/31/2026",0,FALSE,FALSE
"Respiratory:allergy_Medication","Other_Asthma_Medications","AlbuterolSulfate",FALSE,"nonproprietary","AlbuterolSulfate","AlbuterolSulfate_nonproprietary_raw.csv","Albuterol","69097-021-60","90 ug/1","AEROSOL, METERED","RESPIRATORY (INHALATION)","ANDA219409","Cipla USA Inc.","69097-021","Albuterol Sulfate","ALBUTEROL SULFATE","HUMAN PRESCRIPTION DRUG","04/22/2026","N/A","ANDA","1 INHALER in 1 CARTON (69097-021-60)  / 200 AEROSOL, METERED in 1 INHALER","Adrenergic beta2-Agonists [MoA],  beta2-Adrenergic Agonist [EPC]","N/A","No","12/31/2027",0,FALSE,FALSE
"Respiratory:allergy_Medication","Other_Asthma_Medications","AlbuterolSulfate",FALSE,"nonproprietary","AlbuterolSulfate","AlbuterolSulfate_nonproprietary_raw.csv","Albuterol","75834-273-01","2 mg/1","TABLET","ORAL","ANDA210948","Nivagen Pharmaceuticals Inc","75834-273","albuterol sulfate","ALBUTEROL SULFATE","HUMAN PRESCRIPTION DRUG","01/21/2021","N/A","ANDA","100 TABLET in 1 BOTTLE, PLASTIC (75834-273-01)","Adrenergic beta2-Agonists [MoA],  beta2-Adrenergic Agonist [EPC]","N/A","No","12/31/2026",0,FALSE,FALSE
"Respiratory:allergy_Medication","Other_Asthma_Medications","AlbuterolSulfate",FALSE,"nonproprietary","AlbuterolSulfate","AlbuterolSulfate_nonproprietary_raw.csv","Albuterol","75834-274-01","4 mg/1","TABLET","ORAL","ANDA210948","Nivagen Pharmaceuticals Inc","75834-274","albuterol sulfate","ALBUTEROL SULFATE","HUMAN PRESCRIPTION DRUG","01/21/2021","N/A","ANDA","100 TABLET in 1 BOTTLE, PLASTIC (75834-274-01)","Adrenergic beta2-Agonists [MoA],  beta2-Adrenergic Agonist [EPC]","N/A","No","12/31/2026",0,FALSE,FALSE
"Respiratory:allergy_Medication","Other_Asthma_Medications","AlbuterolSulfate",FALSE,"nonproprietary","AlbuterolSulfate","AlbuterolSulfate_nonproprietary_raw.csv","Albuterol Sulate","68071-4777-2","90 ug/1","AEROSOL, METERED","RESPIRATORY (INHALATION)","NDA020983","NuCare Pharmaceuticals,Inc.","68071-4777","albuterol sulfate","ALBUTEROL SULFATE","HUMAN PRESCRIPTION DRUG","02/20/2019","N/A","NDA AUTHORIZED GENERIC","200 AEROSOL, METERED in 1 INHALER (68071-4777-2)","Adrenergic beta2-Agonists [MoA],  beta2-Adrenergic Agonist [EPC]","N/A","No","12/31/2026",0,FALSE,FALSE
"Respiratory:allergy_Medication","Other_Asthma_Medications","AlbuterolSulfate",FALSE,"nonproprietary","AlbuterolSulfate","AlbuterolSulfate_nonproprietary_raw.csv","Albuterol Sulate","70518-2072-0","90 ug/1","AEROSOL, METERED","RESPIRATORY (INHALATION)","NDA020983","REMEDYREPACK INC.","70518-2072","albuterol sulfate","ALBUTEROL SULFATE","HUMAN PRESCRIPTION DRUG","05/13/2019","N/A","NDA AUTHORIZED GENERIC","1 INHALER in 1 CARTON (70518-2072-0)  / 200 AEROSOL, METERED in 1 INHALER","Adrenergic beta2-Agonists [MoA],  beta2-Adrenergic Agonist [EPC]","N/A","No","12/31/2027",0,FALSE,FALSE
"Respiratory:allergy_Medication","Other_Asthma_Medications","AlbuterolSulfate",FALSE,"nonproprietary","AlbuterolSulfate","AlbuterolSulfate_nonproprietary_raw.csv","Albuterol Sulfate","0054-0742-87","90 ug/1","AEROSOL, METERED","RESPIRATORY (INHALATION)","ANDA207085","Hikma Pharmaceuticals USA Inc.","0054-0742","Albuterol Sulfate","ALBUTEROL SULFATE","HUMAN PRESCRIPTION DRUG","11/30/2021","N/A","ANDA","1 CANISTER in 1 CARTON (0054-0742-87)  / 200 AEROSOL, METERED in 1 CANISTER","Adrenergic beta2-Agonists [MoA],  beta2-Adrenergic Agonist [EPC]","N/A","No","12/31/2026",0,FALSE,FALSE
"Respiratory:allergy_Medication","Other_Asthma_Medications","AlbuterolSulfate",FALSE,"nonproprietary","AlbuterolSulfate","AlbuterolSulfate_nonproprietary_raw.csv","Albuterol Sulfate","0093-3174-31","90 ug/1","AEROSOL, METERED","RESPIRATORY (INHALATION)","NDA021457","Teva Pharmaceuticals USA, Inc.","0093-3174","Albuterol Sulfate","ALBUTEROL SULFATE","HUMAN PRESCRIPTION DRUG","01/16/2019","N/A","NDA AUTHORIZED GENERIC","1 INHALER in 1 CARTON (0093-3174-31)  / 200 AEROSOL, METERED in 1 INHALER","Adrenergic beta2-Agonists [MoA],  beta2-Adrenergic Agonist [EPC]","N/A","No","12/31/2026",0,FALSE,FALSE
"Respiratory:allergy_Medication","Other_Asthma_Medications","AlbuterolSulfate",FALSE,"nonproprietary","AlbuterolSulfate","AlbuterolSulfate_nonproprietary_raw.csv","Albuterol Sulfate","0378-8270-52","2.5 mg/3mL","SOLUTION","RESPIRATORY (INHALATION)","ANDA077839","Mylan Pharmaceuticals Inc.","0378-8270","Albuterol Sulfate","ALBUTEROL SULFATE","HUMAN PRESCRIPTION DRUG","12/18/2012","N/A","ANDA","1 POUCH in 1 CARTON (0378-8270-52)  / 25 AMPULE in 1 POUCH (0378-8270-62)  / 3 mL in 1 AMPULE","Adrenergic beta2-Agonists [MoA],  beta2-Adrenergic Agonist [EPC]","N/A","No","12/31/2027",0,FALSE,FALSE
"Respiratory:allergy_Medication","Other_Asthma_Medications","AlbuterolSulfate",FALSE,"nonproprietary","AlbuterolSulfate","AlbuterolSulfate_nonproprietary_raw.csv","Albuterol Sulfate","0378-8270-55","2.5 mg/3mL","SOLUTION","RESPIRATORY (INHALATION)","ANDA077839","Mylan Pharmaceuticals Inc.","0378-8270","Albuterol Sulfate","ALBUTEROL SULFATE","HUMAN PRESCRIPTION DRUG","03/06/2014","N/A","ANDA","30 POUCH in 1 CARTON (0378-8270-55)  / 1 AMPULE in 1 POUCH (0378-8270-31)  / 3 mL in 1 AMPULE","Adrenergic beta2-Agonists [MoA],  beta2-Adrenergic Agonist [EPC]","N/A","No","12/31/2027",0,FALSE,FALSE
"Respiratory:allergy_Medication","Other_Asthma_Medications","AlbuterolSulfate",FALSE,"nonproprietary","AlbuterolSulfate","AlbuterolSulfate_nonproprietary_raw.csv","Albuterol Sulfate","0378-8270-91","2.5 mg/3mL","SOLUTION","RESPIRATORY (INHALATION)","ANDA077839","Mylan Pharmaceuticals Inc.","0378-8270","Albuterol Sulfate","ALBUTEROL SULFATE","HUMAN PRESCRIPTION DRUG","04/11/2013","N/A","ANDA","2 POUCH in 1 CARTON (0378-8270-91)  / 30 AMPULE in 1 POUCH (0378-8270-64)  / 3 mL in 1 AMPULE","Adrenergic beta2-Agonists [MoA],  beta2-Adrenergic Agonist [EPC]","N/A","No","12/31/2027",0,FALSE,FALSE
"Respiratory:allergy_Medication","Other_Asthma_Medications","AlbuterolSulfate",FALSE,"nonproprietary","AlbuterolSulfate","AlbuterolSulfate_nonproprietary_raw.csv","Albuterol Sulfate","0378-8270-93","2.5 mg/3mL","SOLUTION","RESPIRATORY (INHALATION)","ANDA077839","Mylan Pharmaceuticals Inc.","0378-8270","Albuterol Sulfate","ALBUTEROL SULFATE","HUMAN PRESCRIPTION DRUG","01/22/2013","N/A","ANDA","1 POUCH in 1 CARTON (0378-8270-93)  / 30 AMPULE in 1 POUCH / 3 mL in 1 AMPULE","Adrenergic beta2-Agonists [MoA],  beta2-Adrenergic Agonist [EPC]","N/A","No","12/31/2027",0,FALSE,FALSE
"Respiratory:allergy_Medication","Other_Asthma_Medications","AlbuterolSulfate",FALSE,"nonproprietary","AlbuterolSulfate","AlbuterolSulfate_nonproprietary_raw.csv","Albuterol Sulfate","0487-0301-01",".63 mg/3mL","SOLUTION","RESPIRATORY (INHALATION)","ANDA076355","Nephron Pharmaceuticals Corporation","0487-0301","Albuterol Sulfate","ALBUTEROL SULFATE","HUMAN PRESCRIPTION DRUG","03/31/2010","N/A","ANDA","30 POUCH in 1 CARTON (0487-0301-01)  / 1 VIAL, SINGLE-DOSE in 1 POUCH / 3 mL in 1 VIAL, SINGLE-DOSE","Adrenergic beta2-Agonists [MoA],  beta2-Adrenergic Agonist [EPC]","N/A","No","12/31/2027",0,FALSE,FALSE
"Respiratory:allergy_Medication","Other_Asthma_Medications","AlbuterolSulfate",FALSE,"nonproprietary","AlbuterolSulfate","AlbuterolSulfate_nonproprietary_raw.csv","Albuterol Sulfate","0487-9501-01","2.5 mg/3mL","SOLUTION","RESPIRATORY (INHALATION)","ANDA074880","Nephron Pharmaceuticals Corporation","0487-9501","Albuterol Sulfate","ALBUTEROL SULFATE","HUMAN PRESCRIPTION DRUG","09/17/1997","N/A","ANDA","30 POUCH in 1 CARTON (0487-9501-01)  / 1 VIAL, SINGLE-DOSE in 1 POUCH / 3 mL in 1 VIAL, SINGLE-DOSE","Adrenergic beta2-Agonists [MoA],  beta2-Adrenergic Agonist [EPC]","N/A","No","12/31/2026",0,FALSE,FALSE
"Respiratory:allergy_Medication","Other_Asthma_Medications","AlbuterolSulfate",FALSE,"nonproprietary","AlbuterolSulfate","AlbuterolSulfate_nonproprietary_raw.csv","Albuterol Sulfate","0487-9501-03","2.5 mg/3mL","SOLUTION","RESPIRATORY (INHALATION)","ANDA074880","Nephron Pharmaceuticals Corporation","0487-9501","Albuterol Sulfate","ALBUTEROL SULFATE","HUMAN PRESCRIPTION DRUG","09/17/1997","N/A","ANDA","1 POUCH in 1 CARTON (0487-9501-03)  / 30 VIAL, SINGLE-DOSE in 1 POUCH / 3 mL in 1 VIAL, SINGLE-DOSE","Adrenergic beta2-Agonists [MoA],  beta2-Adrenergic Agonist [EPC]","N/A","No","12/31/2026",0,FALSE,FALSE
"Respiratory:allergy_Medication","Other_Asthma_Medications","AlbuterolSulfate",FALSE,"nonproprietary","AlbuterolSulfate","AlbuterolSulfate_nonproprietary_raw.csv","Albuterol Sulfate","0487-9501-25","2.5 mg/3mL","SOLUTION","RESPIRATORY (INHALATION)","ANDA074880","Nephron Pharmaceuticals Corporation","0487-9501","Albuterol Sulfate","ALBUTEROL SULFATE","HUMAN PRESCRIPTION DRUG","09/17/1997","N/A","ANDA","1 POUCH in 1 CARTON (0487-9501-25)  / 25 VIAL, SINGLE-DOSE in 1 POUCH / 3 mL in 1 VIAL, SINGLE-DOSE","Adrenergic beta2-Agonists [MoA],  beta2-Adrenergic Agonist [EPC]","N/A","No","12/31/2026",0,FALSE,FALSE
"Respiratory:allergy_Medication","Other_Asthma_Medications","AlbuterolSulfate",FALSE,"nonproprietary","AlbuterolSulfate","AlbuterolSulfate_nonproprietary_raw.csv","Albuterol Sulfate","0487-9501-60","2.5 mg/3mL","SOLUTION","RESPIRATORY (INHALATION)","ANDA074880","Nephron Pharmaceuticals Corporation","0487-9501","Albuterol Sulfate","ALBUTEROL SULFATE","HUMAN PRESCRIPTION DRUG","09/17/1997","N/A","ANDA","2 POUCH in 1 CARTON (0487-9501-60)  / 30 VIAL, SINGLE-DOSE in 1 POUCH / 3 mL in 1 VIAL, SINGLE-DOSE","Adrenergic beta2-Agonists [MoA],  beta2-Adrenergic Agonist [EPC]","N/A","No","12/31/2026",0,FALSE,FALSE
"Respiratory:allergy_Medication","Other_Asthma_Medications","AlbuterolSulfate",FALSE,"nonproprietary","AlbuterolSulfate","AlbuterolSulfate_nonproprietary_raw.csv","Albuterol Sulfate","0487-9901-02","2.5 mg/.5mL","SOLUTION","RESPIRATORY (INHALATION)","ANDA075664","Nephron Pharmaceuticals Corporation","0487-9901","Albuterol Sulfate","ALBUTEROL SULFATE","HUMAN PRESCRIPTION DRUG","06/26/2001","N/A","ANDA","30 BAG in 1 BOX (0487-9901-02)  / 1 POUCH in 1 BAG / 1 VIAL, SINGLE-DOSE in 1 POUCH / .5 mL in 1 VIAL, SINGLE-DOSE","Adrenergic beta2-Agonists [MoA],  beta2-Adrenergic Agonist [EPC]","N/A","No","12/31/2026",0,FALSE,FALSE
"Respiratory:allergy_Medication","Other_Asthma_Medications","AlbuterolSulfate",FALSE,"nonproprietary","AlbuterolSulfate","AlbuterolSulfate_nonproprietary_raw.csv","Albuterol Sulfate","0487-9901-30","2.5 mg/.5mL","SOLUTION","RESPIRATORY (INHALATION)","ANDA075664","Nephron Pharmaceuticals Corporation","0487-9901","Albuterol Sulfate","ALBUTEROL SULFATE","HUMAN PRESCRIPTION DRUG","06/26/2001","N/A","ANDA","30 POUCH in 1 CARTON (0487-9901-30)  / 1 VIAL, SINGLE-DOSE in 1 POUCH / .5 mL in 1 VIAL, SINGLE-DOSE","Adrenergic beta2-Agonists [MoA],  beta2-Adrenergic Agonist [EPC]","N/A","No","12/31/2026",0,FALSE,FALSE
"Respiratory:allergy_Medication","Other_Asthma_Medications","AlbuterolSulfate",FALSE,"nonproprietary","AlbuterolSulfate","AlbuterolSulfate_nonproprietary_raw.csv","Albuterol Sulfate","0487-9904-01","1.25 mg/3mL","SOLUTION","RESPIRATORY (INHALATION)","ANDA076355","Nephron Pharmaceuticals Corporation","0487-9904","Albuterol Sulfate","ALBUTEROL SULFATE","HUMAN PRESCRIPTION DRUG","06/28/2004","N/A","ANDA","30 POUCH in 1 CARTON (0487-9904-01)  / 1 VIAL, SINGLE-DOSE in 1 POUCH / 3 mL in 1 VIAL, SINGLE-DOSE","Adrenergic beta2-Agonists [MoA],  beta2-Adrenergic Agonist [EPC]","N/A","No","12/31/2027",0,FALSE,FALSE
"Respiratory:allergy_Medication","Other_Asthma_Medications","AlbuterolSulfate",FALSE,"nonproprietary","AlbuterolSulfate","AlbuterolSulfate_nonproprietary_raw.csv","Albuterol Sulfate","0781-7296-85","108 ug/1","AEROSOL, METERED","RESPIRATORY (INHALATION)","NDA020503","Sandoz Inc","0781-7296","Albuterol Sulfate","ALBUTEROL SULFATE","HUMAN PRESCRIPTION DRUG","03/15/2021","N/A","NDA AUTHORIZED GENERIC","1 CANISTER in 1 CARTON (0781-7296-85)  / 200 AEROSOL, METERED in 1 CANISTER","Adrenergic beta2-Agonists [MoA],  beta2-Adrenergic Agonist [EPC]","N/A","No","12/31/2026",0,FALSE,FALSE
"Respiratory:allergy_Medication","Other_Asthma_Medications","AlbuterolSulfate",FALSE,"nonproprietary","AlbuterolSulfate","AlbuterolSulfate_nonproprietary_raw.csv","Albuterol Sulfate","17270-0740-0","90 ug/1","INHALANT","RESPIRATORY (INHALATION)","ANDA212447","Armstrong Pharmaceuticals, Inc.","17270-0740","Albuterol Sulfate","ALBUTEROL SULFATE","HUMAN PRESCRIPTION DRUG","08/06/2024","N/A","ANDA","1 INHALER in 1 CARTON (17270-0740-0)  / 200 INHALANT in 1 INHALER","Adrenergic beta2-Agonists [MoA],  beta2-Adrenergic Agonist [EPC]","N/A","No","12/31/2027",0,FALSE,FALSE
"Respiratory:allergy_Medication","Other_Asthma_Medications","AlbuterolSulfate",FALSE,"nonproprietary","AlbuterolSulfate","AlbuterolSulfate_nonproprietary_raw.csv","Albuterol Sulfate","47335-703-49",".83 mg/mL","SOLUTION","RESPIRATORY (INHALATION)","ANDA207857","Sun Pharmaceutical Industries, Inc.","47335-703","albuterol sulfate","ALBUTEROL SULFATE","HUMAN PRESCRIPTION DRUG","06/11/2021","N/A","ANDA","5 POUCH in 1 CARTON (47335-703-49)  / 5 VIAL in 1 POUCH / 3 mL in 1 VIAL","Adrenergic beta2-Agonists [MoA],  beta2-Adrenergic Agonist [EPC]","N/A","No","12/31/2027",0,FALSE,FALSE
"Respiratory:allergy_Medication","Other_Asthma_Medications","AlbuterolSulfate",FALSE,"nonproprietary","AlbuterolSulfate","AlbuterolSulfate_nonproprietary_raw.csv","Albuterol Sulfate","47335-703-52",".83 mg/mL","SOLUTION","RESPIRATORY (INHALATION)","ANDA207857","Sun Pharmaceutical Industries, Inc.","47335-703","albuterol sulfate","ALBUTEROL SULFATE","HUMAN PRESCRIPTION DRUG","06/11/2021","N/A","ANDA","6 POUCH in 1 CARTON (47335-703-52)  / 5 VIAL in 1 POUCH / 3 mL in 1 VIAL","Adrenergic beta2-Agonists [MoA],  beta2-Adrenergic Agonist [EPC]","N/A","No","12/31/2027",0,FALSE,FALSE
"Respiratory:allergy_Medication","Other_Asthma_Medications","AlbuterolSulfate",FALSE,"nonproprietary","AlbuterolSulfate","AlbuterolSulfate_nonproprietary_raw.csv","Albuterol Sulfate","47335-703-54",".83 mg/mL","SOLUTION","RESPIRATORY (INHALATION)","ANDA207857","Sun Pharmaceutical Industries, Inc.","47335-703","albuterol sulfate","ALBUTEROL SULFATE","HUMAN PRESCRIPTION DRUG","06/11/2021","N/A","ANDA","12 POUCH in 1 CARTON (47335-703-54)  / 5 VIAL in 1 POUCH / 3 mL in 1 VIAL","Adrenergic beta2-Agonists [MoA],  beta2-Adrenergic Agonist [EPC]","N/A","No","12/31/2027",0,FALSE,FALSE
"Respiratory:allergy_Medication","Other_Asthma_Medications","AlbuterolSulfate",FALSE,"nonproprietary","AlbuterolSulfate","AlbuterolSulfate_nonproprietary_raw.csv","Albuterol Sulfate","50090-0516-0","2.5 mg/3mL","SOLUTION","RESPIRATORY (INHALATION)","ANDA077839","A-S Medication Solutions","50090-0516","Albuterol Sulfate","ALBUTEROL SULFATE","HUMAN PRESCRIPTION DRUG","06/29/2016","N/A","ANDA","1 POUCH in 1 CARTON (50090-0516-0)  / 25 mL in 1 POUCH","Adrenergic beta2-Agonists [MoA],  beta2-Adrenergic Agonist [EPC]","N/A","No","12/31/2026",0,FALSE,FALSE
"Respiratory:allergy_Medication","Other_Asthma_Medications","AlbuterolSulfate",FALSE,"nonproprietary","AlbuterolSulfate","AlbuterolSulfate_nonproprietary_raw.csv","Albuterol Sulfate","50090-0516-1","2.5 mg/3mL","SOLUTION","RESPIRATORY (INHALATION)","ANDA077839","A-S Medication Solutions","50090-0516","Albuterol Sulfate","ALBUTEROL SULFATE","HUMAN PRESCRIPTION DRUG","06/29/2016","N/A","ANDA","5 POUCH in 1 CARTON (50090-0516-1)  / 25 mL in 1 POUCH","Adrenergic beta2-Agonists [MoA],  beta2-Adrenergic Agonist [EPC]","N/A","No","12/31/2026",0,FALSE,FALSE
"Respiratory:allergy_Medication","Other_Asthma_Medications","AlbuterolSulfate",FALSE,"nonproprietary","AlbuterolSulfate","AlbuterolSulfate_nonproprietary_raw.csv","Albuterol Sulfate","50090-6560-0","2.5 mg/3mL","SOLUTION","RESPIRATORY (INHALATION)","ANDA074880","A-S Medication Solutions","50090-6560","Albuterol Sulfate","ALBUTEROL SULFATE","HUMAN PRESCRIPTION DRUG","07/17/2023","N/A","ANDA","25 POUCH in 1 CARTON (50090-6560-0)  / 3 mL in 1 POUCH","Adrenergic beta2-Agonists [MoA],  beta2-Adrenergic Agonist [EPC]","N/A","No","12/31/2026",0,FALSE,FALSE
"Respiratory:allergy_Medication","Other_Asthma_Medications","AlbuterolSulfate",FALSE,"nonproprietary","AlbuterolSulfate","AlbuterolSulfate_nonproprietary_raw.csv","Albuterol Sulfate","50090-6560-1","2.5 mg/3mL","SOLUTION","RESPIRATORY (INHALATION)","ANDA074880","A-S Medication Solutions","50090-6560","Albuterol Sulfate","ALBUTEROL SULFATE","HUMAN PRESCRIPTION DRUG","07/24/2023","N/A","ANDA","75 POUCH in 1 CARTON (50090-6560-1)  / 3 mL in 1 POUCH","Adrenergic beta2-Agonists [MoA],  beta2-Adrenergic Agonist [EPC]","N/A","No","12/31/2026",0,FALSE,FALSE
"Respiratory:allergy_Medication","Other_Asthma_Medications","AlbuterolSulfate",FALSE,"nonproprietary","AlbuterolSulfate","AlbuterolSulfate_nonproprietary_raw.csv","Albuterol Sulfate","50742-392-25",".63 mg/3mL","SOLUTION","RESPIRATORY (INHALATION)","ANDA215571","Ingenus Pharmaceuticals, LLC","50742-392","Albuterol Sulfate","ALBUTEROL SULFATE","HUMAN PRESCRIPTION DRUG","11/01/2024","N/A","ANDA","5 POUCH in 1 CARTON (50742-392-25)  / 5 VIAL in 1 POUCH (50742-392-05)  / 3 mL in 1 VIAL","Adrenergic beta2-Agonists [MoA],  beta2-Adrenergic Agonist [EPC]","N/A","No","12/31/2026",0,FALSE,FALSE
"Respiratory:allergy_Medication","Other_Asthma_Medications","AlbuterolSulfate",FALSE,"nonproprietary","AlbuterolSulfate","AlbuterolSulfate_nonproprietary_raw.csv","Albuterol Sulfate","50742-393-25","1.25 mg/3mL","SOLUTION","RESPIRATORY (INHALATION)","ANDA215571","Ingenus Pharmaceuticals, LLC","50742-393","Albuterol Sulfate","ALBUTEROL SULFATE","HUMAN PRESCRIPTION DRUG","11/01/2024","N/A","ANDA","5 POUCH in 1 CARTON (50742-393-25)  / 5 VIAL in 1 POUCH (50742-393-05)  / 3 mL in 1 VIAL","Adrenergic beta2-Agonists [MoA],  beta2-Adrenergic Agonist [EPC]","N/A","No","12/31/2026",0,FALSE,FALSE
"Respiratory:allergy_Medication","Other_Asthma_Medications","AlbuterolSulfate",FALSE,"nonproprietary","AlbuterolSulfate","AlbuterolSulfate_nonproprietary_raw.csv","Albuterol Sulfate","55154-2132-5","2.5 mg/3mL","SOLUTION","RESPIRATORY (INHALATION)","ANDA077839","Cardinal Health 107, LLC","55154-2132","Albuterol Sulfate","ALBUTEROL SULFATE","HUMAN PRESCRIPTION DRUG","01/16/2023","N/A","ANDA","5 POUCH in 1 BAG (55154-2132-5)  / 1 AMPULE in 1 POUCH / 3 mL in 1 AMPULE","Adrenergic beta2-Agonists [MoA],  beta2-Adrenergic Agonist [EPC]","N/A","No","12/31/2027",0,FALSE,FALSE
"Respiratory:allergy_Medication","Other_Asthma_Medications","AlbuterolSulfate",FALSE,"nonproprietary","AlbuterolSulfate","AlbuterolSulfate_nonproprietary_raw.csv","Albuterol Sulfate","55154-4410-5","2.5 mg/3mL","SOLUTION","RESPIRATORY (INHALATION)","ANDA077839","Cardinal Health 107, LLC","55154-4410","Albuterol Sulfate","ALBUTEROL SULFATE","HUMAN PRESCRIPTION DRUG","02/16/2023","N/A","ANDA","5 POUCH in 1 BAG (55154-4410-5)  / 1 AMPULE in 1 POUCH / 3 mL in 1 AMPULE","Adrenergic beta2-Agonists [MoA],  beta2-Adrenergic Agonist [EPC]","N/A","No","12/31/2027",0,FALSE,FALSE
"Respiratory:allergy_Medication","Other_Asthma_Medications","AlbuterolSulfate",FALSE,"nonproprietary","AlbuterolSulfate","AlbuterolSulfate_nonproprietary_raw.csv","Albuterol Sulfate","60687-395-83","2.5 mg/3mL","SOLUTION","RESPIRATORY (INHALATION)","ANDA077839","American Health Packaging","60687-395","Albuterol Sulfate","ALBUTEROL SULFATE","HUMAN PRESCRIPTION DRUG","01/11/2019","N/A","ANDA","30 POUCH in 1 CARTON (60687-395-83)  / 1 AMPULE in 1 POUCH (60687-395-79)  / 3 mL in 1 AMPULE","Adrenergic beta2-Agonists [MoA],  beta2-Adrenergic Agonist [EPC]","N/A","No","12/31/2027",0,FALSE,FALSE
"Respiratory:allergy_Medication","Other_Asthma_Medications","AlbuterolSulfate",FALSE,"nonproprietary","AlbuterolSulfate","AlbuterolSulfate_nonproprietary_raw.csv","Albuterol Sulfate","60687-662-91","90 ug/1","INHALANT","RESPIRATORY (INHALATION)","ANDA209959","American Health Packaging","60687-662","Albuterol Sulfate","ALBUTEROL SULFATE","HUMAN PRESCRIPTION DRUG","01/18/2023","N/A","ANDA","1 CANISTER in 1 CARTON (60687-662-91)  / 200 INHALANT in 1 CANISTER","Adrenergic beta2-Agonists [MoA],  beta2-Adrenergic Agonist [EPC]","N/A","No","12/31/2027",0,FALSE,FALSE
"Respiratory:allergy_Medication","Other_Asthma_Medications","AlbuterolSulfate",FALSE,"nonproprietary","AlbuterolSulfate","AlbuterolSulfate_nonproprietary_raw.csv","Albuterol Sulfate","62135-671-90","2 mg/1","TABLET","ORAL","ANDA072151","Chartwell RX, LLC","62135-671","Albuterol Sulfate","ALBUTEROL SULFATE","HUMAN PRESCRIPTION DRUG","06/14/2023","N/A","ANDA","90 TABLET in 1 BOTTLE (62135-671-90)","Adrenergic beta2-Agonists [MoA],  beta2-Adrenergic Agonist [EPC]","N/A","No","12/31/2026",0,FALSE,FALSE
"Respiratory:allergy_Medication","Other_Asthma_Medications","AlbuterolSulfate",FALSE,"nonproprietary","AlbuterolSulfate","AlbuterolSulfate_nonproprietary_raw.csv","Albuterol Sulfate","62135-672-90","4 mg/1","TABLET","ORAL","ANDA072151","Chartwell RX, LLC","62135-672","Albuterol Sulfate","ALBUTEROL SULFATE","HUMAN PRESCRIPTION DRUG","06/14/2023","N/A","ANDA","90 TABLET in 1 BOTTLE (62135-672-90)","Adrenergic beta2-Agonists [MoA],  beta2-Adrenergic Agonist [EPC]","N/A","No","12/31/2026",0,FALSE,FALSE
"Respiratory:allergy_Medication","Other_Asthma_Medications","AlbuterolSulfate",FALSE,"nonproprietary","AlbuterolSulfate","AlbuterolSulfate_nonproprietary_raw.csv","Albuterol Sulfate","62135-826-84",".63 mg/3mL","SOLUTION","RESPIRATORY (INHALATION)","ANDA076355","Chartwell RX, LLC","62135-826","Albuterol Sulfate","ALBUTEROL SULFATE","HUMAN PRESCRIPTION DRUG","01/19/2024","N/A","ANDA","30 POUCH in 1 CARTON (62135-826-84)  / 1 VIAL in 1 POUCH / 3 mL in 1 VIAL","Adrenergic beta2-Agonists [MoA],  beta2-Adrenergic Agonist [EPC]","N/A","No","12/31/2026",0,FALSE,FALSE
"Respiratory:allergy_Medication","Other_Asthma_Medications","AlbuterolSulfate",FALSE,"nonproprietary","AlbuterolSulfate","AlbuterolSulfate_nonproprietary_raw.csv","Albuterol Sulfate","62135-827-84","1.25 mg/3mL","SOLUTION","RESPIRATORY (INHALATION)","ANDA076355","Chartwell RX, LLC","62135-827","Albuterol Sulfate","ALBUTEROL SULFATE","HUMAN PRESCRIPTION DRUG","01/19/2024","N/A","ANDA","30 POUCH in 1 CARTON (62135-827-84)  / 1 VIAL in 1 POUCH / 3 mL in 1 VIAL","Adrenergic beta2-Agonists [MoA],  beta2-Adrenergic Agonist [EPC]","N/A","No","12/31/2026",0,FALSE,FALSE
"Respiratory:allergy_Medication","Other_Asthma_Medications","AlbuterolSulfate",FALSE,"nonproprietary","AlbuterolSulfate","AlbuterolSulfate_nonproprietary_raw.csv","Albuterol Sulfate","62135-828-84","2.5 mg/3mL","SOLUTION","RESPIRATORY (INHALATION)","ANDA074880","Chartwell RX, LLC","62135-828","Albuterol Sulfate","ALBUTEROL SULFATE","HUMAN PRESCRIPTION DRUG","01/18/2024","N/A","ANDA","6 POUCH in 1 CARTON (62135-828-84)  / 5 VIAL in 1 POUCH / 3 mL in 1 VIAL","Adrenergic beta2-Agonists [MoA],  beta2-Adrenergic Agonist [EPC]","N/A","No","12/31/2026",0,FALSE,FALSE
"Respiratory:allergy_Medication","Other_Asthma_Medications","AlbuterolSulfate",FALSE,"nonproprietary","AlbuterolSulfate","AlbuterolSulfate_nonproprietary_raw.csv","Albuterol Sulfate","62135-829-84","2.5 mg/.5mL","SOLUTION","RESPIRATORY (INHALATION)","ANDA075664","Chartwell RX, LLC.","62135-829","Albuterol Sulfate","ALBUTEROL SULFATE","HUMAN PRESCRIPTION DRUG","01/23/2024","N/A","ANDA","30 POUCH in 1 CARTON (62135-829-84)  / 1 VIAL, SINGLE-DOSE in 1 POUCH / .5 mL in 1 VIAL, SINGLE-DOSE","Adrenergic beta2-Agonists [MoA],  beta2-Adrenergic Agonist [EPC]","N/A","No","12/31/2026",0,FALSE,FALSE
"Respiratory:allergy_Medication","Other_Asthma_Medications","AlbuterolSulfate",FALSE,"nonproprietary","AlbuterolSulfate","AlbuterolSulfate_nonproprietary_raw.csv","Albuterol Sulfate","63187-204-25","2.5 mg/3mL","SOLUTION","RESPIRATORY (INHALATION)","ANDA074880","Proficient Rx LP","63187-204","Albuterol Sulfate","ALBUTEROL SULFATE","HUMAN PRESCRIPTION DRUG","11/01/2018","N/A","ANDA","1 POUCH in 1 CARTON (63187-204-25)  / 25 VIAL, SINGLE-DOSE in 1 POUCH / 3 mL in 1 VIAL, SINGLE-DOSE","Adrenergic beta2-Agonists [MoA],  beta2-Adrenergic Agonist [EPC]","N/A","No","12/31/2026",0,FALSE,FALSE
"Respiratory:allergy_Medication","Other_Asthma_Medications","AlbuterolSulfate",FALSE,"nonproprietary","AlbuterolSulfate","AlbuterolSulfate_nonproprietary_raw.csv","Albuterol Sulfate","64980-641-02","2.5 mg/3mL","SOLUTION","RESPIRATORY (INHALATION)","ANDA074880","Rising Pharma Holdings, Inc.","64980-641","Albuterol Sulfate","ALBUTEROL SULFATE","HUMAN PRESCRIPTION DRUG","03/14/2025","N/A","ANDA","1 POUCH in 1 CARTON (64980-641-02)  / 25 VIAL, SINGLE-DOSE in 1 POUCH / 3 mL in 1 VIAL, SINGLE-DOSE","Adrenergic beta2-Agonists [MoA],  beta2-Adrenergic Agonist [EPC]","N/A","No","12/31/2027",0,FALSE,FALSE
"Respiratory:allergy_Medication","Other_Asthma_Medications","AlbuterolSulfate",FALSE,"nonproprietary","AlbuterolSulfate","AlbuterolSulfate_nonproprietary_raw.csv","Albuterol Sulfate","64980-641-03","2.5 mg/3mL","SOLUTION","RESPIRATORY (INHALATION)","ANDA074880","Rising Pharma Holdings, Inc.","64980-641","Albuterol Sulfate","ALBUTEROL SULFATE","HUMAN PRESCRIPTION DRUG","03/14/2025","N/A","ANDA","1 POUCH in 1 CARTON (64980-641-03)  / 30 VIAL, SINGLE-DOSE in 1 POUCH / 3 mL in 1 VIAL, SINGLE-DOSE","Adrenergic beta2-Agonists [MoA],  beta2-Adrenergic Agonist [EPC]","N/A","No","12/31/2027",0,FALSE,FALSE
"Respiratory:allergy_Medication","Other_Asthma_Medications","AlbuterolSulfate",FALSE,"nonproprietary","AlbuterolSulfate","AlbuterolSulfate_nonproprietary_raw.csv","Albuterol Sulfate","64980-641-06","2.5 mg/3mL","SOLUTION","RESPIRATORY (INHALATION)","ANDA074880","Rising Pharma Holdings, Inc.","64980-641","Albuterol Sulfate","ALBUTEROL SULFATE","HUMAN PRESCRIPTION DRUG","03/14/2025","N/A","ANDA","2 POUCH in 1 CARTON (64980-641-06)  / 30 VIAL, SINGLE-DOSE in 1 POUCH / 3 mL in 1 VIAL, SINGLE-DOSE","Adrenergic beta2-Agonists [MoA],  beta2-Adrenergic Agonist [EPC]","N/A","No","12/31/2027",0,FALSE,FALSE
"Respiratory:allergy_Medication","Other_Asthma_Medications","AlbuterolSulfate",FALSE,"nonproprietary","AlbuterolSulfate","AlbuterolSulfate_nonproprietary_raw.csv","Albuterol Sulfate","64980-642-03","2.5 mg/.5mL","SOLUTION","RESPIRATORY (INHALATION)","ANDA075664","Rising Pharma Holdings, Inc.","64980-642","Albuterol Sulfate","ALBUTEROL SULFATE","HUMAN PRESCRIPTION DRUG","04/30/2025","N/A","ANDA","30 POUCH in 1 CARTON (64980-642-03)  / 1 VIAL, SINGLE-DOSE in 1 POUCH / .5 mL in 1 VIAL, SINGLE-DOSE","Adrenergic beta2-Agonists [MoA],  beta2-Adrenergic Agonist [EPC]","N/A","No","12/31/2027",0,FALSE,FALSE
"Respiratory:allergy_Medication","Other_Asthma_Medications","AlbuterolSulfate",FALSE,"nonproprietary","AlbuterolSulfate","AlbuterolSulfate_nonproprietary_raw.csv","Albuterol Sulfate","64980-643-03",".63 mg/3mL","SOLUTION","RESPIRATORY (INHALATION)","ANDA076355","Rising Pharma Holdings, Inc","64980-643","Albuterol Sulfate","ALBUTEROL SULFATE","HUMAN PRESCRIPTION DRUG","04/30/2025","N/A","ANDA","30 POUCH in 1 CARTON (64980-643-03)  / 1 VIAL, SINGLE-DOSE in 1 POUCH / 3 mL in 1 VIAL, SINGLE-DOSE","Adrenergic beta2-Agonists [MoA],  beta2-Adrenergic Agonist [EPC]","N/A","No","12/31/2027",0,FALSE,FALSE
"Respiratory:allergy_Medication","Other_Asthma_Medications","AlbuterolSulfate",FALSE,"nonproprietary","AlbuterolSulfate","AlbuterolSulfate_nonproprietary_raw.csv","Albuterol Sulfate","64980-644-02","1.25 mg/3mL","SOLUTION","RESPIRATORY (INHALATION)","ANDA076355","Rising Pharma Holdings, Inc","64980-644","Albuterol Sulfate","ALBUTEROL SULFATE","HUMAN PRESCRIPTION DRUG","04/30/2025","N/A","ANDA","25 POUCH in 1 CARTON (64980-644-02)  / 1 VIAL, SINGLE-DOSE in 1 POUCH / 3 mL in 1 VIAL, SINGLE-DOSE","Adrenergic beta2-Agonists [MoA],  beta2-Adrenergic Agonist [EPC]","N/A","No","12/31/2027",0,FALSE,FALSE
"Respiratory:allergy_Medication","Other_Asthma_Medications","AlbuterolSulfate",FALSE,"nonproprietary","AlbuterolSulfate","AlbuterolSulfate_nonproprietary_raw.csv","Albuterol Sulfate","66993-019-68","90 ug/1","AEROSOL, METERED","RESPIRATORY (INHALATION)","NDA020983","Prasco Laboratories","66993-019","albuterol sulfate","ALBUTEROL SULFATE","HUMAN PRESCRIPTION DRUG","01/15/2019","N/A","NDA AUTHORIZED GENERIC","1 INHALER in 1 CARTON (66993-019-68)  / 200 AEROSOL, METERED in 1 INHALER","Adrenergic beta2-Agonists [MoA],  beta2-Adrenergic Agonist [EPC]","N/A","No","12/31/2027",0,FALSE,FALSE
"Respiratory:allergy_Medication","Other_Asthma_Medications","AlbuterolSulfate",FALSE,"nonproprietary","AlbuterolSulfate","AlbuterolSulfate_nonproprietary_raw.csv","Albuterol Sulfate","68071-3780-2","2.5 mg/3mL","SOLUTION","RESPIRATORY (INHALATION)","ANDA077839","NuCare Pharmaceuticals, Inc.","68071-3780","Albuterol Sulfate","ALBUTEROL SULFATE","HUMAN PRESCRIPTION DRUG","01/21/2025","N/A","ANDA","1 POUCH in 1 CARTON (68071-3780-2)  / 25 AMPULE in 1 POUCH / 3 mL in 1 AMPULE","Adrenergic beta2-Agonists [MoA],  beta2-Adrenergic Agonist [EPC]","N/A","No","12/31/2026",0,FALSE,FALSE
"Respiratory:allergy_Medication","Other_Asthma_Medications","AlbuterolSulfate",FALSE,"nonproprietary","AlbuterolSulfate","AlbuterolSulfate_nonproprietary_raw.csv","Albuterol Sulfate","68071-3902-2","90 ug/1","INHALANT","RESPIRATORY (INHALATION)","ANDA212447","NuCare Pharmaceuticals,Inc.","68071-3902","Albuterol Sulfate","ALBUTEROL SULFATE","HUMAN PRESCRIPTION DRUG","10/14/2025","N/A","ANDA","1 INHALER in 1 CARTON (68071-3902-2)  / 200 INHALANT in 1 INHALER","Adrenergic beta2-Agonists [MoA],  beta2-Adrenergic Agonist [EPC]","N/A","No","12/31/2026",0,FALSE,FALSE
"Respiratory:allergy_Medication","Other_Asthma_Medications","AlbuterolSulfate",FALSE,"nonproprietary","AlbuterolSulfate","AlbuterolSulfate_nonproprietary_raw.csv","Albuterol Sulfate","68071-4543-6","2.5 mg/3mL","SOLUTION","RESPIRATORY (INHALATION)","ANDA074880","NuCare Pharmaceuticals,Inc.","68071-4543","Albuterol Sulfate","ALBUTEROL SULFATE","HUMAN PRESCRIPTION DRUG","08/29/2018","N/A","ANDA","3 mL in 1 CONTAINER (68071-4543-6)","Adrenergic beta2-Agonists [MoA],  beta2-Adrenergic Agonist [EPC]","N/A","No","12/31/2026",0,FALSE,FALSE
"Respiratory:allergy_Medication","Other_Asthma_Medications","AlbuterolSulfate",FALSE,"nonproprietary","AlbuterolSulfate","AlbuterolSulfate_nonproprietary_raw.csv","Albuterol Sulfate","68071-4754-2","2.5 mg/3mL","SOLUTION","RESPIRATORY (INHALATION)","ANDA074880","NuCare Pharmaceuticals,Inc.","68071-4754","Albuterol Sulfate","ALBUTEROL SULFATE","HUMAN PRESCRIPTION DRUG","02/06/2019","N/A","ANDA","3 mL in 1 VIAL, SINGLE-DOSE (68071-4754-2)","Adrenergic beta2-Agonists [MoA],  beta2-Adrenergic Agonist [EPC]","N/A","No","12/31/2026",0,FALSE,FALSE
"Respiratory:allergy_Medication","Other_Asthma_Medications","AlbuterolSulfate",FALSE,"nonproprietary","AlbuterolSulfate","AlbuterolSulfate_nonproprietary_raw.csv","Albuterol Sulfate","68071-4940-2","90 ug/1","AEROSOL, METERED","RESPIRATORY (INHALATION)","NDA021457","NuCare Pharmaceuticals,Inc.","68071-4940","Albuterol Sulfate","ALBUTEROL SULFATE","HUMAN PRESCRIPTION DRUG","06/25/2019","N/A","NDA","200 AEROSOL, METERED in 1 BOX (68071-4940-2)","Adrenergic beta2-Agonists [MoA],  beta2-Adrenergic Agonist [EPC]","N/A","No","12/31/2026",0,FALSE,FALSE
"Respiratory:allergy_Medication","Other_Asthma_Medications","AlbuterolSulfate",FALSE,"nonproprietary","AlbuterolSulfate","AlbuterolSulfate_nonproprietary_raw.csv","Albuterol Sulfate","68071-5312-6","90 ug/1","AEROSOL, METERED","RESPIRATORY (INHALATION)","ANDA207085","NuCare Pharmaceuticals, Inc.","68071-5312","Albuterol Sulfate","ALBUTEROL SULFATE","HUMAN PRESCRIPTION DRUG","08/04/2026","N/A","ANDA","1 CANISTER in 1 CARTON (68071-5312-6)  / 200 AEROSOL, METERED in 1 CANISTER","Adrenergic beta2-Agonists [MoA],  beta2-Adrenergic Agonist [EPC]","N/A","No","12/31/2027",0,FALSE,FALSE
"Respiratory:allergy_Medication","Other_Asthma_Medications","AlbuterolSulfate",FALSE,"nonproprietary","AlbuterolSulfate","AlbuterolSulfate_nonproprietary_raw.csv","Albuterol Sulfate","68084-949-25","2 mg/1","TABLET","ORAL","ANDA072637","American Health Packaging","68084-949","Albuterol Sulfate","ALBUTEROL SULFATE","HUMAN PRESCRIPTION DRUG","09/22/2015","N/A","ANDA","30 BLISTER PACK in 1 BOX, UNIT-DOSE (68084-949-25)  / 1 TABLET in 1 BLISTER PACK (68084-949-95)","Adrenergic beta2-Agonists [MoA],  beta2-Adrenergic Agonist [EPC]","N/A","No","12/31/2026",0,FALSE,FALSE
"Respiratory:allergy_Medication","Other_Asthma_Medications","AlbuterolSulfate",FALSE,"nonproprietary","AlbuterolSulfate","AlbuterolSulfate_nonproprietary_raw.csv","Albuterol Sulfate","68788-4041-2","90 ug/1","INHALANT","RESPIRATORY (INHALATION)","ANDA212447","Preferred Pharmaceuticals, Inc.","68788-4041","Albuterol Sulfate","ALBUTEROL SULFATE","HUMAN PRESCRIPTION DRUG","10/13/2025","N/A","ANDA","1 INHALER in 1 CARTON (68788-4041-2)  / 200 INHALANT in 1 INHALER","Adrenergic beta2-Agonists [MoA],  beta2-Adrenergic Agonist [EPC]","N/A","No","12/31/2026",0,FALSE,FALSE
"Respiratory:allergy_Medication","Other_Asthma_Medications","AlbuterolSulfate",FALSE,"nonproprietary","AlbuterolSulfate","AlbuterolSulfate_nonproprietary_raw.csv","Albuterol Sulfate","68788-7996-2","108 ug/1","AEROSOL, METERED","RESPIRATORY (INHALATION)","NDA020503","Preferred Pharmaceuticals Inc.","68788-7996","Albuterol Sulfate","ALBUTEROL SULFATE","HUMAN PRESCRIPTION DRUG","08/10/2021","N/A","NDA AUTHORIZED GENERIC","1 CANISTER in 1 CARTON (68788-7996-2)  / 200 AEROSOL, METERED in 1 CANISTER","Adrenergic beta2-Agonists [MoA],  beta2-Adrenergic Agonist [EPC]","N/A","No","12/31/2027",0,FALSE,FALSE
"Respiratory:allergy_Medication","Other_Asthma_Medications","AlbuterolSulfate",FALSE,"nonproprietary","AlbuterolSulfate","AlbuterolSulfate_nonproprietary_raw.csv","Albuterol Sulfate","68788-8399-2","2.5 mg/3mL","SOLUTION","RESPIRATORY (INHALATION)","ANDA077839","Preferred Pharmaceuticals Inc.","68788-8399","Albuterol Sulfate","ALBUTEROL SULFATE","HUMAN PRESCRIPTION DRUG","03/01/2023","N/A","ANDA","25 AMPULE in 1 POUCH (68788-8399-2)  / 3 mL in 1 AMPULE","Adrenergic beta2-Agonists [MoA],  beta2-Adrenergic Agonist [EPC]","N/A","No","12/31/2027",0,FALSE,FALSE
"Respiratory:allergy_Medication","Other_Asthma_Medications","AlbuterolSulfate",FALSE,"nonproprietary","AlbuterolSulfate","AlbuterolSulfate_nonproprietary_raw.csv","Albuterol Sulfate","68788-8492-2",".83 mg/mL","SOLUTION","RESPIRATORY (INHALATION)","ANDA207857","Preferred Pharmaceuticals Inc.","68788-8492","albuterol sulfate","ALBUTEROL SULFATE","HUMAN PRESCRIPTION DRUG","07/24/2023","N/A","ANDA","5 POUCH in 1 CARTON (68788-8492-2)  / 5 VIAL in 1 POUCH / 3 mL in 1 VIAL","Adrenergic beta2-Agonists [MoA],  beta2-Adrenergic Agonist [EPC]","N/A","No","12/31/2027",0,FALSE,FALSE
"Respiratory:allergy_Medication","Other_Asthma_Medications","AlbuterolSulfate",FALSE,"nonproprietary","AlbuterolSulfate","AlbuterolSulfate_nonproprietary_raw.csv","Albuterol Sulfate","68788-8787-2","90 ug/1","AEROSOL, METERED","RESPIRATORY (INHALATION)","ANDA207085","Preferred Pharmaceuticals Inc.","68788-8787","Albuterol Sulfate","ALBUTEROL SULFATE","HUMAN PRESCRIPTION DRUG","12/16/2024","N/A","ANDA","1 CANISTER in 1 CARTON (68788-8787-2)  / 200 AEROSOL, METERED in 1 CANISTER","Adrenergic beta2-Agonists [MoA],  beta2-Adrenergic Agonist [EPC]","N/A","No","12/31/2027",0,FALSE,FALSE
"Respiratory:allergy_Medication","Other_Asthma_Medications","AlbuterolSulfate",FALSE,"nonproprietary","AlbuterolSulfate","AlbuterolSulfate_nonproprietary_raw.csv","Albuterol Sulfate","68788-8874-2","90 ug/1","INHALANT","RESPIRATORY (INHALATION)","ANDA209959","Preferred Pharmaceuticals Inc.","68788-8874","Albuterol Sulfate","ALBUTEROL SULFATE","HUMAN PRESCRIPTION DRUG","05/16/2025","N/A","ANDA","1 CANISTER in 1 CARTON (68788-8874-2)  / 200 INHALANT in 1 CANISTER","Adrenergic beta2-Agonists [MoA],  beta2-Adrenergic Agonist [EPC]","N/A","No","12/31/2026",0,FALSE,FALSE
"Respiratory:allergy_Medication","Other_Asthma_Medications","AlbuterolSulfate",FALSE,"nonproprietary","AlbuterolSulfate","AlbuterolSulfate_nonproprietary_raw.csv","Albuterol Sulfate","70518-3560-1",".83 mg/mL","SOLUTION","RESPIRATORY (INHALATION)","ANDA207857","REMEDYREPACK INC.","70518-3560","albuterol sulfate","ALBUTEROL SULFATE","HUMAN PRESCRIPTION DRUG","10/19/2022","N/A","ANDA","5 POUCH in 1 CARTON (70518-3560-1)  / 5 VIAL in 1 POUCH / 3 mL in 1 VIAL","Adrenergic beta2-Agonists [MoA],  beta2-Adrenergic Agonist [EPC]","N/A","No","12/31/2027",0,FALSE,FALSE
"Respiratory:allergy_Medication","Other_Asthma_Medications","AlbuterolSulfate",FALSE,"nonproprietary","AlbuterolSulfate","AlbuterolSulfate_nonproprietary_raw.csv","Albuterol Sulfate","70518-4496-0","90 ug/1","INHALANT","RESPIRATORY (INHALATION)","ANDA212447","REMEDYREPACK INC.","70518-4496","Albuterol Sulfate","ALBUTEROL SULFATE","HUMAN PRESCRIPTION DRUG","10/10/2025","N/A","ANDA","1 INHALER in 1 CARTON (70518-4496-0)  / 200 INHALANT in 1 INHALER","Adrenergic beta2-Agonists [MoA],  beta2-Adrenergic Agonist [EPC]","N/A","No","12/31/2026",0,FALSE,FALSE
"Respiratory:allergy_Medication","Other_Asthma_Medications","AlbuterolSulfate",FALSE,"nonproprietary","AlbuterolSulfate","AlbuterolSulfate_nonproprietary_raw.csv","Albuterol Sulfate","70518-4528-0","108 ug/1","AEROSOL, METERED","RESPIRATORY (INHALATION)","NDA020503","REMEDYREPACK INC.","70518-4528","Albuterol Sulfate","ALBUTEROL SULFATE","HUMAN PRESCRIPTION DRUG","12/03/2025","N/A","NDA AUTHORIZED GENERIC","1 CANISTER in 1 CARTON (70518-4528-0)  / 200 AEROSOL, METERED in 1 CANISTER","Adrenergic beta2-Agonists [MoA],  beta2-Adrenergic Agonist [EPC]","N/A","No","12/31/2026",0,FALSE,FALSE
"Respiratory:allergy_Medication","Other_Asthma_Medications","AlbuterolSulfate",FALSE,"nonproprietary","AlbuterolSulfate","AlbuterolSulfate_nonproprietary_raw.csv","Albuterol Sulfate","71205-211-85","90 ug/1","AEROSOL, METERED","RESPIRATORY (INHALATION)","NDA021457","Proficient Rx LP","71205-211","Albuterol Sulfate","ALBUTEROL SULFATE","HUMAN PRESCRIPTION DRUG","06/01/2019","N/A","NDA","1 INHALER in 1 CARTON (71205-211-85)  / 200 AEROSOL, METERED in 1 INHALER","Adrenergic beta2-Agonists [MoA],  beta2-Adrenergic Agonist [EPC]","N/A","No","12/31/2026",0,FALSE,FALSE
"Respiratory:allergy_Medication","Other_Asthma_Medications","AlbuterolSulfate",FALSE,"nonproprietary","AlbuterolSulfate","AlbuterolSulfate_nonproprietary_raw.csv","Albuterol Sulfate","71205-641-25",".83 mg/mL","SOLUTION","RESPIRATORY (INHALATION)","ANDA207857","Proficient Rx LP","71205-641","albuterol sulfate","ALBUTEROL SULFATE","HUMAN PRESCRIPTION DRUG","02/25/2022","N/A","ANDA","5 POUCH in 1 CARTON (71205-641-25)  / 5 VIAL in 1 POUCH / 3 mL in 1 VIAL","Adrenergic beta2-Agonists [MoA],  beta2-Adrenergic Agonist [EPC]","N/A","No","12/31/2026",0,FALSE,FALSE
"Respiratory:allergy_Medication","Other_Asthma_Medications","AlbuterolSulfate",FALSE,"nonproprietary","AlbuterolSulfate","AlbuterolSulfate_nonproprietary_raw.csv","Albuterol Sulfate","71205-641-30",".83 mg/mL","SOLUTION","RESPIRATORY (INHALATION)","ANDA207857","Proficient Rx LP","71205-641","albuterol sulfate","ALBUTEROL SULFATE","HUMAN PRESCRIPTION DRUG","04/08/2025","N/A","ANDA","6 POUCH in 1 CARTON (71205-641-30)  / 5 VIAL in 1 POUCH / 3 mL in 1 VIAL","Adrenergic beta2-Agonists [MoA],  beta2-Adrenergic Agonist [EPC]","N/A","No","12/31/2026",0,FALSE,FALSE
"Respiratory:allergy_Medication","Other_Asthma_Medications","AlbuterolSulfate",FALSE,"nonproprietary","AlbuterolSulfate","AlbuterolSulfate_nonproprietary_raw.csv","Albuterol Sulfate","71872-7054-1","2.5 mg/3mL","SOLUTION","RESPIRATORY (INHALATION)","ANDA077839","Medical Purchasing Solutions, LLC","71872-7054","Albuterol Sulfate","ALBUTEROL SULFATE","HUMAN PRESCRIPTION DRUG","03/06/2018","N/A","ANDA","1 AMPULE in 1 BAG (71872-7054-1)  / 3 mL in 1 AMPULE","Adrenergic beta2-Agonists [MoA],  beta2-Adrenergic Agonist [EPC]","N/A","No","12/31/2026",0,FALSE,FALSE
"Respiratory:allergy_Medication","Other_Asthma_Medications","AlbuterolSulfate",FALSE,"nonproprietary","AlbuterolSulfate","AlbuterolSulfate_nonproprietary_raw.csv","Albuterol Sulfate","76204-200-01","2.5 mg/3mL","SOLUTION","RESPIRATORY (INHALATION)","ANDA077839","Ritedose Pharmaceuticals, LLC","76204-200","Albuterol Sulfate","ALBUTEROL SULFATE","HUMAN PRESCRIPTION DRUG","12/05/2011","N/A","ANDA","30 POUCH in 1 CARTON (76204-200-01)  / 1 AMPULE in 1 POUCH / 3 mL in 1 AMPULE","Adrenergic beta2-Agonists [MoA],  beta2-Adrenergic Agonist [EPC]","N/A","No","12/31/2027",0,FALSE,FALSE
"Respiratory:allergy_Medication","Other_Asthma_Medications","AlbuterolSulfate",FALSE,"nonproprietary","AlbuterolSulfate","AlbuterolSulfate_nonproprietary_raw.csv","Albuterol Sulfate","76204-200-25","2.5 mg/3mL","SOLUTION","RESPIRATORY (INHALATION)","ANDA077839","Ritedose Pharmaceuticals, LLC","76204-200","Albuterol Sulfate","ALBUTEROL SULFATE","HUMAN PRESCRIPTION DRUG","12/05/2011","N/A","ANDA","1 POUCH in 1 CARTON (76204-200-25)  / 25 AMPULE in 1 POUCH / 3 mL in 1 AMPULE","Adrenergic beta2-Agonists [MoA],  beta2-Adrenergic Agonist [EPC]","N/A","No","12/31/2027",0,FALSE,FALSE
"Respiratory:allergy_Medication","Other_Asthma_Medications","AlbuterolSulfate",FALSE,"nonproprietary","AlbuterolSulfate","AlbuterolSulfate_nonproprietary_raw.csv","Albuterol Sulfate","76204-200-30","2.5 mg/3mL","SOLUTION","RESPIRATORY (INHALATION)","ANDA077839","Ritedose Pharmaceuticals, LLC","76204-200","Albuterol Sulfate","ALBUTEROL SULFATE","HUMAN PRESCRIPTION DRUG","12/05/2011","N/A","ANDA","1 POUCH in 1 CARTON (76204-200-30)  / 30 AMPULE in 1 POUCH / 3 mL in 1 AMPULE","Adrenergic beta2-Agonists [MoA],  beta2-Adrenergic Agonist [EPC]","N/A","No","12/31/2027",0,FALSE,FALSE
"Respiratory:allergy_Medication","Other_Asthma_Medications","AlbuterolSulfate",FALSE,"nonproprietary","AlbuterolSulfate","AlbuterolSulfate_nonproprietary_raw.csv","Albuterol Sulfate","76204-200-60","2.5 mg/3mL","SOLUTION","RESPIRATORY (INHALATION)","ANDA077839","Ritedose Pharmaceuticals, LLC","76204-200","Albuterol Sulfate","ALBUTEROL SULFATE","HUMAN PRESCRIPTION DRUG","12/05/2011","N/A","ANDA","2 POUCH in 1 CARTON (76204-200-60)  / 30 AMPULE in 1 POUCH / 3 mL in 1 AMPULE","Adrenergic beta2-Agonists [MoA],  beta2-Adrenergic Agonist [EPC]","N/A","No","12/31/2027",0,FALSE,FALSE
"Respiratory:allergy_Medication","Other_Asthma_Medications","AlbuterolSulfate",FALSE,"nonproprietary","AlbuterolSulfate","AlbuterolSulfate_nonproprietary_raw.csv","Albuterol Sulfate","76420-087-03","2.5 mg/3mL","SOLUTION","RESPIRATORY (INHALATION)","ANDA074880","Asclemed USA, Inc.","76420-087","Albuterol Sulfate","ALBUTEROL SULFATE","HUMAN PRESCRIPTION DRUG","10/16/2020","N/A","ANDA","1 VIAL, SINGLE-DOSE in 1 CARTON (76420-087-03)  / 3 mL in 1 VIAL, SINGLE-DOSE","Adrenergic beta2-Agonists [MoA],  beta2-Adrenergic Agonist [EPC]","N/A","No","12/31/2026",0,FALSE,FALSE
"Respiratory:allergy_Medication","Other_Asthma_Medications","AlbuterolSulfate",FALSE,"nonproprietary","AlbuterolSulfate","AlbuterolSulfate_nonproprietary_raw.csv","Albuterol Sulfate","76420-087-25","2.5 mg/3mL","SOLUTION","RESPIRATORY (INHALATION)","ANDA074880","Asclemed USA, Inc.","76420-087","Albuterol Sulfate","ALBUTEROL SULFATE","HUMAN PRESCRIPTION DRUG","11/06/2025","N/A","ANDA","1 POUCH in 1 CARTON (76420-087-25)  / 25 VIAL, SINGLE-DOSE in 1 POUCH / 3 mL in 1 VIAL, SINGLE-DOSE","Adrenergic beta2-Agonists [MoA],  beta2-Adrenergic Agonist [EPC]","N/A","No","12/31/2026",0,FALSE,FALSE
"Respiratory:allergy_Medication","Other_Asthma_Medications","AlbuterolSulfate",FALSE,"nonproprietary","AlbuterolSulfate","AlbuterolSulfate_nonproprietary_raw.csv","Albuterol Sulfate","76420-088-01","90 ug/1","AEROSOL, METERED","RESPIRATORY (INHALATION)","NDA021457","Asclemed USA, Inc.","76420-088","Albuterol Sulfate","ALBUTEROL SULFATE","HUMAN PRESCRIPTION DRUG","10/13/2020","N/A","NDA","1 INHALER in 1 CARTON (76420-088-01)  / 200 AEROSOL, METERED in 1 INHALER","Adrenergic beta2-Agonists [MoA],  beta2-Adrenergic Agonist [EPC]","N/A","No","12/31/2026",0,FALSE,FALSE
"Respiratory:allergy_Medication","Other_Asthma_Medications","AlbuterolSulfate",FALSE,"nonproprietary","AlbuterolSulfate","AlbuterolSulfate_nonproprietary_raw.csv","Albuterol Sulfate","76420-531-01","90 ug/1","AEROSOL, METERED","RESPIRATORY (INHALATION)","ANDA207085","Asclemed USA, Inc.","76420-531","Albuterol Sulfate","ALBUTEROL SULFATE","HUMAN PRESCRIPTION DRUG","12/13/2022","N/A","ANDA","200 AEROSOL, METERED in 1 CANISTER (76420-531-01)","Adrenergic beta2-Agonists [MoA],  beta2-Adrenergic Agonist [EPC]","N/A","No","12/31/2026",0,FALSE,FALSE
"Respiratory:allergy_Medication","Other_Asthma_Medications","AlbuterolSulfate",FALSE,"nonproprietary","AlbuterolSulfate","AlbuterolSulfate_nonproprietary_raw.csv","Albuterol Sulfate","80425-0266-1","90 ug/1","AEROSOL, METERED","RESPIRATORY (INHALATION)","ANDA209954","Advanced Rx Pharmacy of Tennessee, LLC","80425-0266","Albuterol Sulfate","ALBUTEROL SULFATE","HUMAN PRESCRIPTION DRUG","02/09/2023","N/A","ANDA","1 CANISTER in 1 CARTON (80425-0266-1)  / 200 AEROSOL, METERED in 1 CANISTER","Adrenergic beta2-Agonists [MoA],  beta2-Adrenergic Agonist [EPC]","N/A","No","12/31/2026",0,FALSE,FALSE
"Respiratory:allergy_Medication","Other_Asthma_Medications","AlbuterolSulfate",FALSE,"nonproprietary","AlbuterolSulfate","AlbuterolSulfate_nonproprietary_raw.csv","Albuterol Sulfate","80425-0359-1","90 ug/1","AEROSOL, METERED","RESPIRATORY (INHALATION)","NDA020983","Advanced Rx of Tennessee, LLC","80425-0359","albuterol sulfate","ALBUTEROL SULFATE","HUMAN PRESCRIPTION DRUG","09/07/2023","N/A","NDA AUTHORIZED GENERIC","1 INHALER in 1 CARTON (80425-0359-1)  / 200 AEROSOL, METERED in 1 INHALER","Adrenergic beta2-Agonists [MoA],  beta2-Adrenergic Agonist [EPC]","N/A","No","12/31/2026",0,FALSE,FALSE
"Respiratory:allergy_Medication","Other_Asthma_Medications","AlbuterolSulfate",FALSE,"nonproprietary","AlbuterolSulfate","AlbuterolSulfate_nonproprietary_raw.csv","Albuterol Sulfate","82804-036-67","108 ug/1","AEROSOL, METERED","RESPIRATORY (INHALATION)","NDA020503","Proficient Rx LP","82804-036","Albuterol Sulfate","ALBUTEROL SULFATE","HUMAN PRESCRIPTION DRUG","10/26/2023","N/A","NDA AUTHORIZED GENERIC","1 CANISTER in 1 CARTON (82804-036-67)  / 200 AEROSOL, METERED in 1 CANISTER","Adrenergic beta2-Agonists [MoA],  beta2-Adrenergic Agonist [EPC]","N/A","No","12/31/2026",0,FALSE,FALSE
"Respiratory:allergy_Medication","Other_Asthma_Medications","AlbuterolSulfate",FALSE,"nonproprietary","AlbuterolSulfate","AlbuterolSulfate_nonproprietary_raw.csv","Albuterol Sulfate","82804-189-67","90 ug/1","AEROSOL, METERED","RESPIRATORY (INHALATION)","ANDA207085","Proficient Rx LP","82804-189","Albuterol Sulfate","ALBUTEROL SULFATE","HUMAN PRESCRIPTION DRUG","01/24/2025","N/A","ANDA","1 CANISTER in 1 CARTON (82804-189-67)  / 200 AEROSOL, METERED in 1 CANISTER","Adrenergic beta2-Agonists [MoA],  beta2-Adrenergic Agonist [EPC]","N/A","No","12/31/2026",0,FALSE,FALSE
"Respiratory:allergy_Medication","Other_Asthma_Medications","AlbuterolSulfate",FALSE,"nonproprietary","AlbuterolSulfate","AlbuterolSulfate_nonproprietary_raw.csv","Albuterol Sulfate","85534-0039-0","90 ug/1","AEROSOL, METERED","RESPIRATORY (INHALATION)","ANDA207085","HAWAII REPACK, INC.","85534-0039","Albuterol Sulfate","ALBUTEROL SULFATE","HUMAN PRESCRIPTION DRUG","07/03/2026","N/A","ANDA","1 CANISTER in 1 CARTON (85534-0039-0)  / 200 AEROSOL, METERED in 1 CANISTER","Adrenergic beta2-Agonists [MoA],  beta2-Adrenergic Agonist [EPC]","N/A","No","12/31/2027",0,FALSE,FALSE
"Respiratory:allergy_Medication","Other_Asthma_Medications","AlbuterolSulfate",FALSE,"nonproprietary","AlbuterolSulfate","AlbuterolSulfate_nonproprietary_raw.csv","Albuterol Sulfate","85766-020-90","90 ug/1","AEROSOL, METERED","RESPIRATORY (INHALATION)","ANDA207085","Sportpharm LLC","85766-020","Albuterol Sulfate","ALBUTEROL SULFATE","HUMAN PRESCRIPTION DRUG","08/05/2025","N/A","ANDA","1 CANISTER in 1 CARTON (85766-020-90)  / 200 AEROSOL, METERED in 1 CANISTER","Adrenergic beta2-Agonists [MoA],  beta2-Adrenergic Agonist [EPC]","N/A","No","12/31/2027",0,FALSE,FALSE
"Respiratory:allergy_Medication","Other_Asthma_Medications","AlbuterolSulfate",FALSE,"nonproprietary","AlbuterolSulfate","AlbuterolSulfate_nonproprietary_raw.csv","Albuterol Sulfate","85766-127-01","2.5 mg/3mL","SOLUTION","RESPIRATORY (INHALATION)","ANDA074880","Sportpharm LLC","85766-127","Albuterol Sulfate","ALBUTEROL SULFATE","HUMAN PRESCRIPTION DRUG","11/07/2025","N/A","ANDA","30 POUCH in 1 CARTON (85766-127-01)  / 1 VIAL, SINGLE-DOSE in 1 POUCH / 3 mL in 1 VIAL, SINGLE-DOSE","Adrenergic beta2-Agonists [MoA],  beta2-Adrenergic Agonist [EPC]","N/A","No","12/31/2027",0,FALSE,FALSE
"Respiratory:allergy_Medication","Other_Asthma_Medications","AlbuterolSulfate",FALSE,"nonproprietary","AlbuterolSulfate","AlbuterolSulfate_nonproprietary_raw.csv","Albuterol Sulfate","85766-127-25","2.5 mg/3mL","SOLUTION","RESPIRATORY (INHALATION)","ANDA074880","Sportpharm LLC","85766-127","Albuterol Sulfate","ALBUTEROL SULFATE","HUMAN PRESCRIPTION DRUG","11/07/2025","N/A","ANDA","1 POUCH in 1 CARTON (85766-127-25)  / 25 VIAL, SINGLE-DOSE in 1 POUCH / 3 mL in 1 VIAL, SINGLE-DOSE","Adrenergic beta2-Agonists [MoA],  beta2-Adrenergic Agonist [EPC]","N/A","No","12/31/2027",0,FALSE,FALSE
"Respiratory:allergy_Medication","Other_Asthma_Medications","AlbuterolSulfate",FALSE,"nonproprietary","AlbuterolSulfate","AlbuterolSulfate_nonproprietary_raw.csv","Albuterol Sulfate","85766-127-30","2.5 mg/3mL","SOLUTION","RESPIRATORY (INHALATION)","ANDA074880","Sportpharm LLC","85766-127","Albuterol Sulfate","ALBUTEROL SULFATE","HUMAN PRESCRIPTION DRUG","11/07/2025","N/A","ANDA","1 POUCH in 1 CARTON (85766-127-30)  / 30 VIAL, SINGLE-DOSE in 1 POUCH / 3 mL in 1 VIAL, SINGLE-DOSE","Adrenergic beta2-Agonists [MoA],  beta2-Adrenergic Agonist [EPC]","N/A","No","12/31/2027",0,FALSE,FALSE
"Respiratory:allergy_Medication","Other_Asthma_Medications","AlbuterolSulfate",FALSE,"nonproprietary","AlbuterolSulfate","AlbuterolSulfate_nonproprietary_raw.csv","Albuterol Sulfate","85766-127-60","2.5 mg/3mL","SOLUTION","RESPIRATORY (INHALATION)","ANDA074880","Sportpharm LLC","85766-127","Albuterol Sulfate","ALBUTEROL SULFATE","HUMAN PRESCRIPTION DRUG","11/07/2025","N/A","ANDA","2 POUCH in 1 CARTON (85766-127-60)  / 30 VIAL, SINGLE-DOSE in 1 POUCH / 3 mL in 1 VIAL, SINGLE-DOSE","Adrenergic beta2-Agonists [MoA],  beta2-Adrenergic Agonist [EPC]","N/A","No","12/31/2027",0,FALSE,FALSE
"Respiratory:allergy_Medication","Other_Asthma_Medications","AlbuterolSulfate",FALSE,"nonproprietary","AlbuterolSulfate","AlbuterolSulfate_nonproprietary_raw.csv","Albuterol Sulfate","87063-031-01","2.5 mg/3mL","SOLUTION","RESPIRATORY (INHALATION)","ANDA074880","ASCLEMED USA INC.","87063-031","Albuterol Sulfate","ALBUTEROL SULFATE","HUMAN PRESCRIPTION DRUG","11/07/2025","N/A","ANDA","30 POUCH in 1 CARTON (87063-031-01)  / 1 VIAL, SINGLE-DOSE in 1 POUCH / 3 mL in 1 VIAL, SINGLE-DOSE","Adrenergic beta2-Agonists [MoA],  beta2-Adrenergic Agonist [EPC]","N/A","No","12/31/2026",0,FALSE,FALSE
"Respiratory:allergy_Medication","Other_Asthma_Medications","AlbuterolSulfate",FALSE,"nonproprietary","AlbuterolSulfate","AlbuterolSulfate_nonproprietary_raw.csv","Albuterol Sulfate","87063-031-25","2.5 mg/3mL","SOLUTION","RESPIRATORY (INHALATION)","ANDA074880","ASCLEMED USA INC.","87063-031","Albuterol Sulfate","ALBUTEROL SULFATE","HUMAN PRESCRIPTION DRUG","11/07/2025","N/A","ANDA","1 POUCH in 1 CARTON (87063-031-25)  / 25 VIAL, SINGLE-DOSE in 1 POUCH / 3 mL in 1 VIAL, SINGLE-DOSE","Adrenergic beta2-Agonists [MoA],  beta2-Adrenergic Agonist [EPC]","N/A","No","12/31/2026",0,FALSE,FALSE
"Respiratory:allergy_Medication","Other_Asthma_Medications","AlbuterolSulfate",FALSE,"nonproprietary","AlbuterolSulfate","AlbuterolSulfate_nonproprietary_raw.csv","Albuterol Sulfate","87063-031-30","2.5 mg/3mL","SOLUTION","RESPIRATORY (INHALATION)","ANDA074880","ASCLEMED USA INC.","87063-031","Albuterol Sulfate","ALBUTEROL SULFATE","HUMAN PRESCRIPTION DRUG","11/07/2025","N/A","ANDA","1 POUCH in 1 CARTON (87063-031-30)  / 30 VIAL, SINGLE-DOSE in 1 POUCH / 3 mL in 1 VIAL, SINGLE-DOSE","Adrenergic beta2-Agonists [MoA],  beta2-Adrenergic Agonist [EPC]","N/A","No","12/31/2026",0,FALSE,FALSE
"Respiratory:allergy_Medication","Other_Asthma_Medications","AlbuterolSulfate",FALSE,"nonproprietary","AlbuterolSulfate","AlbuterolSulfate_nonproprietary_raw.csv","Albuterol Sulfate","87063-031-60","2.5 mg/3mL","SOLUTION","RESPIRATORY (INHALATION)","ANDA074880","ASCLEMED USA INC.","87063-031","Albuterol Sulfate","ALBUTEROL SULFATE","HUMAN PRESCRIPTION DRUG","11/07/2025","N/A","ANDA","2 POUCH in 1 CARTON (87063-031-60)  / 30 VIAL, SINGLE-DOSE in 1 POUCH / 3 mL in 1 VIAL, SINGLE-DOSE","Adrenergic beta2-Agonists [MoA],  beta2-Adrenergic Agonist [EPC]","N/A","No","12/31/2026",0,FALSE,FALSE
"Respiratory:allergy_Medication","Other_Asthma_Medications","AlbuterolSulfate",FALSE,"nonproprietary","AlbuterolSulfate","AlbuterolSulfate_nonproprietary_raw.csv","Albuterol Sulfate Inhalation","69238-1291-1","90 ug/1","INHALANT","ORAL","ANDA211600","Amneal Pharmaceuticals NY LLC","69238-1291","Albuterol Sulfate","ALBUTEROL SULFATE","HUMAN PRESCRIPTION DRUG","12/03/2025","N/A","ANDA","1 CANISTER in 1 CARTON (69238-1291-1)  / 200 INHALANT in 1 CANISTER","Adrenergic beta2-Agonists [MoA],  beta2-Adrenergic Agonist [EPC]","N/A","No","12/31/2026",0,FALSE,FALSE
"Respiratory:allergy_Medication","Other_Asthma_Medications","AlbuterolSulfate",FALSE,"nonproprietary","AlbuterolSulfate","AlbuterolSulfate_nonproprietary_raw.csv","Albuterol Sulfate Inhalation Solution","76204-010-01",".63 mg/3mL","SOLUTION","RESPIRATORY (INHALATION)","ANDA214531","Ritedose Pharmaceuticals, LLC","76204-010","Albuterol Sulfate","ALBUTEROL SULFATE","HUMAN PRESCRIPTION DRUG","01/04/2022","N/A","ANDA","30 POUCH in 1 CARTON (76204-010-01)  / 1 VIAL in 1 POUCH (76204-010-11)  / 3 mL in 1 VIAL","Adrenergic beta2-Agonists [MoA],  beta2-Adrenergic Agonist [EPC]","N/A","No","12/31/2027",0,FALSE,FALSE
"Respiratory:allergy_Medication","Other_Asthma_Medications","AlbuterolSulfate",FALSE,"nonproprietary","AlbuterolSulfate","AlbuterolSulfate_nonproprietary_raw.csv","Albuterol Sulfate Inhalation Solution","76204-010-55",".63 mg/3mL","SOLUTION","RESPIRATORY (INHALATION)","ANDA214531","Ritedose Pharmaceuticals, LLC","76204-010","Albuterol Sulfate","ALBUTEROL SULFATE","HUMAN PRESCRIPTION DRUG","01/04/2022","N/A","ANDA","25 POUCH in 1 CARTON (76204-010-55)  / 5 VIAL in 1 POUCH (76204-010-05)  / 3 mL in 1 VIAL","Adrenergic beta2-Agonists [MoA],  beta2-Adrenergic Agonist [EPC]","N/A","No","12/31/2027",0,FALSE,FALSE
"Respiratory:allergy_Medication","Other_Asthma_Medications","AlbuterolSulfate",FALSE,"nonproprietary","AlbuterolSulfate","AlbuterolSulfate_nonproprietary_raw.csv","Albuterol Sulfate Inhalation Solution","76204-011-01","1.25 mg/3mL","SOLUTION","RESPIRATORY (INHALATION)","ANDA214531","Ritedose Pharmaceuticals, LLC","76204-011","Albuterol Sulfate","ALBUTEROL SULFATE","HUMAN PRESCRIPTION DRUG","01/04/2022","N/A","ANDA","30 POUCH in 1 CARTON (76204-011-01)  / 1 VIAL in 1 POUCH (76204-011-11)  / 3 mL in 1 VIAL","Adrenergic beta2-Agonists [MoA],  beta2-Adrenergic Agonist [EPC]","N/A","No","12/31/2027",0,FALSE,FALSE
"Respiratory:allergy_Medication","Other_Asthma_Medications","AlbuterolSulfate",FALSE,"nonproprietary","AlbuterolSulfate","AlbuterolSulfate_nonproprietary_raw.csv","Albuterol Sulfate Inhalation Solution","76204-011-55","1.25 mg/3mL","SOLUTION","RESPIRATORY (INHALATION)","ANDA214531","Ritedose Pharmaceuticals, LLC","76204-011","Albuterol Sulfate","ALBUTEROL SULFATE","HUMAN PRESCRIPTION DRUG","01/04/2022","N/A","ANDA","25 POUCH in 1 CARTON (76204-011-55)  / 5 VIAL in 1 POUCH (76204-011-05)  / 3 mL in 1 VIAL","Adrenergic beta2-Agonists [MoA],  beta2-Adrenergic Agonist [EPC]","N/A","No","12/31/2027",0,FALSE,FALSE
"Respiratory:allergy_Medication","Other_Asthma_Medications","AlbuterolSulfate",FALSE,"nonproprietary","AlbuterolSulfate","AlbuterolSulfate_nonproprietary_raw.csv","Albuterol Sulfate Inhalation Solution, 0.5%","76204-027-01","2.5 mg/.5mL","SOLUTION","RESPIRATORY (INHALATION)","ANDA218386","Ritedose Pharmaceuticals, LLC","76204-027","Albuterol Sulfate","ALBUTEROL SULFATE","HUMAN PRESCRIPTION DRUG","03/24/2025","N/A","ANDA","30 POUCH in 1 CARTON (76204-027-01)  / 1 VIAL in 1 POUCH (76204-027-11)  / .5 mL in 1 VIAL","Adrenergic beta2-Agonists [MoA],  beta2-Adrenergic Agonist [EPC]","N/A","No","12/31/2027",0,FALSE,FALSE
"Respiratory:allergy_Medication","Other_Asthma_Medications","AlbuterolSulfate",FALSE,"nonproprietary","AlbuterolSulfate","AlbuterolSulfate_nonproprietary_raw.csv","Albuterol sulfate","50090-5231-0","90 ug/1","AEROSOL, METERED","RESPIRATORY (INHALATION)","ANDA209954","A-S Medication Solutions","50090-5231","Albuterol sulfate","ALBUTEROL SULFATE","HUMAN PRESCRIPTION DRUG","10/08/2020","N/A","ANDA","1 CANISTER in 1 CARTON (50090-5231-0)  / 200 AEROSOL, METERED in 1 CANISTER","Adrenergic beta2-Agonists [MoA],  beta2-Adrenergic Agonist [EPC]","N/A","No","12/31/2026",0,FALSE,FALSE
"Respiratory:allergy_Medication","Other_Asthma_Medications","AlbuterolSulfate",FALSE,"nonproprietary","AlbuterolSulfate","AlbuterolSulfate_nonproprietary_raw.csv","Albuterol sulfate","68071-2300-2","90 ug/1","AEROSOL, METERED","RESPIRATORY (INHALATION)","ANDA209954","NuCare Pharmaceuticals,Inc.","68071-2300","Albuterol sulfate","ALBUTEROL SULFATE","HUMAN PRESCRIPTION DRUG","11/19/2020","N/A","ANDA","1 CANISTER in 1 CARTON (68071-2300-2)  / 200 AEROSOL, METERED in 1 CANISTER","Adrenergic beta2-Agonists [MoA],  beta2-Adrenergic Agonist [EPC]","N/A","No","12/31/2026",0,FALSE,FALSE
"Respiratory:allergy_Medication","Other_Asthma_Medications","AlbuterolSulfate",FALSE,"nonproprietary","AlbuterolSulfate","AlbuterolSulfate_nonproprietary_raw.csv","Albuterol sulfate","68180-963-01","90 ug/1","AEROSOL, METERED","RESPIRATORY (INHALATION)","ANDA209954","Lupin Pharmaceuticals, Inc.","68180-963","Albuterol sulfate","ALBUTEROL SULFATE","HUMAN PRESCRIPTION DRUG","08/25/2020","N/A","ANDA","1 CANISTER in 1 CARTON (68180-963-01)  / 200 AEROSOL, METERED in 1 CANISTER","Adrenergic beta2-Agonists [MoA],  beta2-Adrenergic Agonist [EPC]","N/A","No","12/31/2026",0,FALSE,FALSE
"Respiratory:allergy_Medication","Other_Asthma_Medications","AlbuterolSulfate",FALSE,"nonproprietary","AlbuterolSulfate","AlbuterolSulfate_nonproprietary_raw.csv","Albuterol sulfate","68788-8878-2","90 ug/1","AEROSOL, METERED","RESPIRATORY (INHALATION)","ANDA209954","Preferred Pharmaceuticals, Inc.","68788-8878","Albuterol sulfate","ALBUTEROL SULFATE","HUMAN PRESCRIPTION DRUG","05/19/2025","N/A","ANDA","1 CANISTER in 1 CARTON (68788-8878-2)  / 200 AEROSOL, METERED in 1 CANISTER","Adrenergic beta2-Agonists [MoA],  beta2-Adrenergic Agonist [EPC]","N/A","No","12/31/2026",0,FALSE,FALSE
"Respiratory:allergy_Medication","Other_Asthma_Medications","AlbuterolSulfate",FALSE,"nonproprietary","AlbuterolSulfate","AlbuterolSulfate_nonproprietary_raw.csv","Albuterol sulfate","70518-3541-0","90 ug/1","AEROSOL, METERED","RESPIRATORY (INHALATION)","ANDA209954","REMEDYREPACK INC.","70518-3541","Albuterol sulfate","ALBUTEROL SULFATE","HUMAN PRESCRIPTION DRUG","09/28/2022","N/A","ANDA","1 CANISTER in 1 CARTON (70518-3541-0)  / 200 AEROSOL, METERED in 1 CANISTER","Adrenergic beta2-Agonists [MoA],  beta2-Adrenergic Agonist [EPC]","N/A","No","12/31/2027",0,FALSE,FALSE
"Respiratory:allergy_Medication","Other_Asthma_Medications","AlbuterolSulfate",FALSE,"nonproprietary","AlbuterolSulfate","AlbuterolSulfate_nonproprietary_raw.csv","Albuterol sulfate","71205-732-85","90 ug/1","AEROSOL, METERED","RESPIRATORY (INHALATION)","ANDA209954","Proficient Rx LP","71205-732","Albuterol sulfate","ALBUTEROL SULFATE","HUMAN PRESCRIPTION DRUG","12/21/2022","N/A","ANDA","1 CANISTER in 1 CARTON (71205-732-85)  / 200 AEROSOL, METERED in 1 CANISTER","Adrenergic beta2-Agonists [MoA],  beta2-Adrenergic Agonist [EPC]","N/A","No","12/31/2026",0,FALSE,FALSE
"Respiratory:allergy_Medication","Other_Asthma_Medications","AlbuterolSulfate",FALSE,"nonproprietary","AlbuterolSulfate","AlbuterolSulfate_nonproprietary_raw.csv","Albuterol sulfate","76420-350-90","90 ug/1","AEROSOL, METERED","RESPIRATORY (INHALATION)","ANDA209954","Asclemed USA, Inc.","76420-350","Albuterol sulfate","ALBUTEROL SULFATE","HUMAN PRESCRIPTION DRUG","05/07/2025","N/A","ANDA","1 CANISTER in 1 CARTON (76420-350-90)  / 200 AEROSOL, METERED in 1 CANISTER","Adrenergic beta2-Agonists [MoA],  beta2-Adrenergic Agonist [EPC]","N/A","No","12/31/2026",0,FALSE,FALSE
"Respiratory:allergy_Medication","Other_Asthma_Medications","AlbuterolSulfate",FALSE,"nonproprietary","AlbuterolSulfate","AlbuterolSulfate_nonproprietary_raw.csv","Albuterol sulfate","85766-062-90","90 ug/1","AEROSOL, METERED","RESPIRATORY (INHALATION)","ANDA209954","Sportpharm LLC","85766-062","Albuterol sulfate","ALBUTEROL SULFATE","HUMAN PRESCRIPTION DRUG","09/17/2025","N/A","ANDA","1 CANISTER in 1 CARTON (85766-062-90)  / 200 AEROSOL, METERED in 1 CANISTER","Adrenergic beta2-Agonists [MoA],  beta2-Adrenergic Agonist [EPC]","N/A","No","12/31/2027",0,FALSE,FALSE
"Respiratory:allergy_Medication","Other_Asthma_Medications","AlbuterolSulfate",FALSE,"nonproprietary","AlbuterolSulfate","AlbuterolSulfate_nonproprietary_raw.csv","Basic Dental Emergency Kit","83220-002-08",NA,"KIT",NA,NA,"Best Dental Kit LLC","83220-002","Epinephrine, Albuterol Sulfate, Nitroglycerin, Diphenhydramine Hydrochloride, Aspirin",NA,"HUMAN PRESCRIPTION DRUG","01/30/2023","N/A","UNAPPROVED DRUG OTHER","1 KIT in 1 KIT (83220-002-08)  *  1 mL in 1 VIAL *  10 TABLET, CHEWABLE in 1 BOTTLE, PLASTIC *  1 POUCH in 1 BLISTER PACK / 2 TABLET in 1 POUCH *  1 SYRINGE, GLASS in 1 CASE / .3 mL in 1 SYRINGE, GLASS *  25 TABLET in 1 BOTTLE *  1 CANISTER in 1 CARTON / 200 AEROSOL, METERED in 1 CANISTER","N/A","N/A","No","12/31/2026",2,FALSE,FALSE
"Respiratory:allergy_Medication","Other_Asthma_Medications","AlbuterolSulfate",FALSE,"nonproprietary","AlbuterolSulfate","AlbuterolSulfate_nonproprietary_raw.csv","Deluxe Dental Emergency Kit","83220-001-11",NA,"KIT",NA,NA,"Best Dental Kit LLC","83220-001","Epinephrine, Albuterol Sulfate, Nitroglycerin, Diphenhydramine Hydrochloride, Aspirin",NA,"HUMAN PRESCRIPTION DRUG","01/30/2023","N/A","UNAPPROVED DRUG OTHER","1 KIT in 1 KIT (83220-001-11)  *  1 POUCH in 1 BLISTER PACK / 2 TABLET in 1 POUCH *  1 SYRINGE, GLASS in 1 CASE / .3 mL in 1 SYRINGE, GLASS *  10 TABLET, CHEWABLE in 1 BOTTLE, PLASTIC *  1 BOTTLE in 1 CARTON / 118 mL in 1 BOTTLE *  1 SYRINGE, GLASS in 1 CASE / .15 mL in 1 SYRINGE, GLASS *  1 mL in 1 VIAL *  25 TABLET in 1 BOTTLE *  1 CANISTER in 1 CARTON / 200 AEROSOL, METERED in 1 CANISTER","N/A","N/A","No","12/31/2026",2,FALSE,FALSE
"Respiratory:allergy_Medication","Other_Asthma_Medications","AlbuterolSulfate",FALSE,"nonproprietary","AlbuterolSulfate","AlbuterolSulfate_nonproprietary_raw.csv","IPRATROPIUM BROMIDE AND ALBUTEROL SULFATE","50090-1382-0","2.5 mg/3mL,                         .5  mg/3mL","SOLUTION","RESPIRATORY (INHALATION)","ANDA202496","A-S Medication Solutions","50090-1382","Ipratropium Bromide and Albuterol Sulfate","ALBUTEROL SULFATE;  IPRATROPIUM BROMIDE","HUMAN PRESCRIPTION DRUG","11/28/2014","N/A","ANDA","30 VIAL in 1 CARTON (50090-1382-0)  / 3 mL in 1 VIAL","Adrenergic beta2-Agonists [MoA],  Anticholinergic [EPC],  Cholinergic Antagonists [MoA],  beta2-Adrenergic Agonist [EPC]","N/A","No","12/31/2026",0,FALSE,FALSE
"Respiratory:allergy_Medication","Other_Asthma_Medications","AlbuterolSulfate",FALSE,"nonproprietary","AlbuterolSulfate","AlbuterolSulfate_nonproprietary_raw.csv","IPRATROPIUM BROMIDE AND ALBUTEROL SULFATE","60429-975-30","2.5 mg/3mL,                         .5  mg/3mL","SOLUTION","RESPIRATORY (INHALATION)","ANDA202496","Golden State Medical Supply, Inc.","60429-975","Ipratropium Bromide and Albuterol Sulfate","ALBUTEROL SULFATE;  IPRATROPIUM BROMIDE","HUMAN PRESCRIPTION DRUG","10/17/2017","N/A","ANDA","1 POUCH in 1 CARTON (60429-975-30)  / 30 AMPULE in 1 POUCH / 3 mL in 1 AMPULE","Adrenergic beta2-Agonists [MoA],  Anticholinergic [EPC],  Cholinergic Antagonists [MoA],  beta2-Adrenergic Agonist [EPC]","N/A","No","12/31/2027",0,FALSE,FALSE
"Respiratory:allergy_Medication","Other_Asthma_Medications","AlbuterolSulfate",FALSE,"nonproprietary","AlbuterolSulfate","AlbuterolSulfate_nonproprietary_raw.csv","IPRATROPIUM BROMIDE AND ALBUTEROL SULFATE","60429-975-60","2.5 mg/3mL,                         .5  mg/3mL","SOLUTION","RESPIRATORY (INHALATION)","ANDA202496","Golden State Medical Supply, Inc.","60429-975","Ipratropium Bromide and Albuterol Sulfate","ALBUTEROL SULFATE;  IPRATROPIUM BROMIDE","HUMAN PRESCRIPTION DRUG","10/17/2017","N/A","ANDA","2 POUCH in 1 CARTON (60429-975-60)  / 30 AMPULE in 1 POUCH / 3 mL in 1 AMPULE","Adrenergic beta2-Agonists [MoA],  Anticholinergic [EPC],  Cholinergic Antagonists [MoA],  beta2-Adrenergic Agonist [EPC]","N/A","No","12/31/2027",0,FALSE,FALSE
"Respiratory:allergy_Medication","Other_Asthma_Medications","AlbuterolSulfate",FALSE,"nonproprietary","AlbuterolSulfate","AlbuterolSulfate_nonproprietary_raw.csv","IPRATROPIUM BROMIDE AND ALBUTEROL SULFATE","60687-405-83","2.5 mg/3mL,                         .5  mg/3mL","SOLUTION","RESPIRATORY (INHALATION)","ANDA202496","American Health Packaging","60687-405","Ipratropium Bromide and Albuterol Sulfate","ALBUTEROL SULFATE;  IPRATROPIUM BROMIDE","HUMAN PRESCRIPTION DRUG","01/21/2019","N/A","ANDA","30 POUCH in 1 CARTON (60687-405-83)  / 1 AMPULE in 1 POUCH (60687-405-79)  / 3 mL in 1 AMPULE","Adrenergic beta2-Agonists [MoA],  Anticholinergic [EPC],  Cholinergic Antagonists [MoA],  beta2-Adrenergic Agonist [EPC]","N/A","No","12/31/2026",0,FALSE,FALSE
"Respiratory:allergy_Medication","Other_Asthma_Medications","AlbuterolSulfate",FALSE,"nonproprietary","AlbuterolSulfate","AlbuterolSulfate_nonproprietary_raw.csv","IPRATROPIUM BROMIDE AND ALBUTEROL SULFATE","67296-2315-9","2.5 mg/3mL,                         .5  mg/3mL","SOLUTION","RESPIRATORY (INHALATION)","ANDA202496","Redpharm Drug","67296-2315","Ipratropium Bromide and Albuterol Sulfate","ALBUTEROL SULFATE;  IPRATROPIUM BROMIDE","HUMAN PRESCRIPTION DRUG","10/15/2012","N/A","ANDA","1 POUCH in 1 CARTON (67296-2315-9)  / 30 AMPULE in 1 POUCH / 3 mL in 1 AMPULE","Adrenergic beta2-Agonists [MoA],  Anticholinergic [EPC],  Cholinergic Antagonists [MoA],  beta2-Adrenergic Agonist [EPC]","N/A","No","12/31/2027",0,FALSE,FALSE
"Respiratory:allergy_Medication","Other_Asthma_Medications","AlbuterolSulfate",FALSE,"nonproprietary","AlbuterolSulfate","AlbuterolSulfate_nonproprietary_raw.csv","IPRATROPIUM BROMIDE AND ALBUTEROL SULFATE","76204-600-01","2.5 mg/3mL,                         .5  mg/3mL","SOLUTION","RESPIRATORY (INHALATION)","ANDA202496","Ritedose Pharmaceuticals, LLC","76204-600","Ipratropium Bromide and Albuterol Sulfate","ALBUTEROL SULFATE;  IPRATROPIUM BROMIDE","HUMAN PRESCRIPTION DRUG","10/15/2012","N/A","ANDA","30 POUCH in 1 CARTON (76204-600-01)  / 1 AMPULE in 1 POUCH / 3 mL in 1 AMPULE","Adrenergic beta2-Agonists [MoA],  Anticholinergic [EPC],  Cholinergic Antagonists [MoA],  beta2-Adrenergic Agonist [EPC]","N/A","No","12/31/2026",0,FALSE,FALSE
"Respiratory:allergy_Medication","Other_Asthma_Medications","AlbuterolSulfate",FALSE,"nonproprietary","AlbuterolSulfate","AlbuterolSulfate_nonproprietary_raw.csv","IPRATROPIUM BROMIDE AND ALBUTEROL SULFATE","76204-600-05","2.5 mg/3mL,                         .5  mg/3mL","SOLUTION","RESPIRATORY (INHALATION)","ANDA202496","Ritedose Pharmaceuticals, LLC","76204-600","Ipratropium Bromide and Albuterol Sulfate","ALBUTEROL SULFATE;  IPRATROPIUM BROMIDE","HUMAN PRESCRIPTION DRUG","10/15/2012","N/A","ANDA","6 POUCH in 1 CARTON (76204-600-05)  / 5 AMPULE in 1 POUCH / 3 mL in 1 AMPULE","Adrenergic beta2-Agonists [MoA],  Anticholinergic [EPC],  Cholinergic Antagonists [MoA],  beta2-Adrenergic Agonist [EPC]","N/A","No","12/31/2026",0,FALSE,FALSE
"Respiratory:allergy_Medication","Other_Asthma_Medications","AlbuterolSulfate",FALSE,"nonproprietary","AlbuterolSulfate","AlbuterolSulfate_nonproprietary_raw.csv","IPRATROPIUM BROMIDE AND ALBUTEROL SULFATE","76204-600-12","2.5 mg/3mL,                         .5  mg/3mL","SOLUTION","RESPIRATORY (INHALATION)","ANDA202496","Ritedose Pharmaceuticals, LLC","76204-600","Ipratropium Bromide and Albuterol Sulfate","ALBUTEROL SULFATE;  IPRATROPIUM BROMIDE","HUMAN PRESCRIPTION DRUG","10/15/2012","N/A","ANDA","12 POUCH in 1 CARTON (76204-600-12)  / 5 AMPULE in 1 POUCH / 3 mL in 1 AMPULE","Adrenergic beta2-Agonists [MoA],  Anticholinergic [EPC],  Cholinergic Antagonists [MoA],  beta2-Adrenergic Agonist [EPC]","N/A","No","12/31/2026",0,FALSE,FALSE
"Respiratory:allergy_Medication","Other_Asthma_Medications","AlbuterolSulfate",FALSE,"nonproprietary","AlbuterolSulfate","AlbuterolSulfate_nonproprietary_raw.csv","IPRATROPIUM BROMIDE AND ALBUTEROL SULFATE","76204-600-30","2.5 mg/3mL,                         .5  mg/3mL","SOLUTION","RESPIRATORY (INHALATION)","ANDA202496","Ritedose Pharmaceuticals, LLC","76204-600","Ipratropium Bromide and Albuterol Sulfate","ALBUTEROL SULFATE;  IPRATROPIUM BROMIDE","HUMAN PRESCRIPTION DRUG","10/15/2012","N/A","ANDA","1 POUCH in 1 CARTON (76204-600-30)  / 30 AMPULE in 1 POUCH / 3 mL in 1 AMPULE","Adrenergic beta2-Agonists [MoA],  Anticholinergic [EPC],  Cholinergic Antagonists [MoA],  beta2-Adrenergic Agonist [EPC]","N/A","No","12/31/2026",0,FALSE,FALSE
"Respiratory:allergy_Medication","Other_Asthma_Medications","AlbuterolSulfate",FALSE,"nonproprietary","AlbuterolSulfate","AlbuterolSulfate_nonproprietary_raw.csv","IPRATROPIUM BROMIDE AND ALBUTEROL SULFATE","76204-600-60","2.5 mg/3mL,                         .5  mg/3mL","SOLUTION","RESPIRATORY (INHALATION)","ANDA202496","Ritedose Pharmaceuticals, LLC","76204-600","Ipratropium Bromide and Albuterol Sulfate","ALBUTEROL SULFATE;  IPRATROPIUM BROMIDE","HUMAN PRESCRIPTION DRUG","10/15/2012","N/A","ANDA","2 POUCH in 1 CARTON (76204-600-60)  / 30 AMPULE in 1 POUCH / 3 mL in 1 AMPULE","Adrenergic beta2-Agonists [MoA],  Anticholinergic [EPC],  Cholinergic Antagonists [MoA],  beta2-Adrenergic Agonist [EPC]","N/A","No","12/31/2026",0,FALSE,FALSE
"Respiratory:allergy_Medication","Other_Asthma_Medications","AlbuterolSulfate",FALSE,"nonproprietary","AlbuterolSulfate","AlbuterolSulfate_nonproprietary_raw.csv","Ipratropium Bromide and Albuterol Sulfate","0378-9671-30",".5 mg/3mL,                         2.5  mg/3mL","SOLUTION","RESPIRATORY (INHALATION)","ANDA202496","Mylan Pharmaceuticals Inc.","0378-9671","Ipratropium Bromide and Albuterol Sulfate","IPRATROPIUM BROMIDE;  ALBUTEROL SULFATE","HUMAN PRESCRIPTION DRUG","03/01/2013","N/A","ANDA","1 POUCH in 1 CARTON (0378-9671-30)  / 30 AMPULE in 1 POUCH (0378-9671-64)  / 3 mL in 1 AMPULE","Adrenergic beta2-Agonists [MoA],  Anticholinergic [EPC],  Cholinergic Antagonists [MoA],  beta2-Adrenergic Agonist [EPC]","N/A","No","12/31/2026",0,FALSE,FALSE
"Respiratory:allergy_Medication","Other_Asthma_Medications","AlbuterolSulfate",FALSE,"nonproprietary","AlbuterolSulfate","AlbuterolSulfate_nonproprietary_raw.csv","Ipratropium Bromide and Albuterol Sulfate","0378-9671-60",".5 mg/3mL,                         2.5  mg/3mL","SOLUTION","RESPIRATORY (INHALATION)","ANDA202496","Mylan Pharmaceuticals Inc.","0378-9671","Ipratropium Bromide and Albuterol Sulfate","IPRATROPIUM BROMIDE;  ALBUTEROL SULFATE","HUMAN PRESCRIPTION DRUG","03/01/2013","N/A","ANDA","2 POUCH in 1 CARTON (0378-9671-60)  / 30 AMPULE in 1 POUCH / 3 mL in 1 AMPULE","Adrenergic beta2-Agonists [MoA],  Anticholinergic [EPC],  Cholinergic Antagonists [MoA],  beta2-Adrenergic Agonist [EPC]","N/A","No","12/31/2026",0,FALSE,FALSE
"Respiratory:allergy_Medication","Other_Asthma_Medications","AlbuterolSulfate",FALSE,"nonproprietary","AlbuterolSulfate","AlbuterolSulfate_nonproprietary_raw.csv","Ipratropium Bromide and Albuterol Sulfate","0378-9671-93",".5 mg/3mL,                         2.5  mg/3mL","SOLUTION","RESPIRATORY (INHALATION)","ANDA202496","Mylan Pharmaceuticals Inc.","0378-9671","Ipratropium Bromide and Albuterol Sulfate","IPRATROPIUM BROMIDE;  ALBUTEROL SULFATE","HUMAN PRESCRIPTION DRUG","03/01/2013","N/A","ANDA","30 POUCH in 1 CARTON (0378-9671-93)  / 1 AMPULE in 1 POUCH (0378-9671-31)  / 3 mL in 1 AMPULE","Adrenergic beta2-Agonists [MoA],  Anticholinergic [EPC],  Cholinergic Antagonists [MoA],  beta2-Adrenergic Agonist [EPC]","N/A","No","12/31/2026",0,FALSE,FALSE
"Respiratory:allergy_Medication","Other_Asthma_Medications","AlbuterolSulfate",FALSE,"nonproprietary","AlbuterolSulfate","AlbuterolSulfate_nonproprietary_raw.csv","Ipratropium Bromide and Albuterol Sulfate","0487-0201-01",".5 mg/3mL,                         3  mg/3mL","SOLUTION","RESPIRATORY (INHALATION)","ANDA076749","Nephron Pharmaceuticals Corporation","0487-0201","Ipratropium Bromide and Albuterol Sulfate","ALBUTEROL SULFATE;  IPRATROPIUM BROMIDE","HUMAN PRESCRIPTION DRUG","12/31/2007","N/A","ANDA","30 POUCH in 1 CARTON (0487-0201-01)  / 1 VIAL, SINGLE-USE in 1 POUCH / 3 mL in 1 VIAL, SINGLE-USE","Adrenergic beta2-Agonists [MoA],  Anticholinergic [EPC],  Cholinergic Antagonists [MoA],  beta2-Adrenergic Agonist [EPC]","N/A","No","12/31/2026",0,FALSE,FALSE
"Respiratory:allergy_Medication","Other_Asthma_Medications","AlbuterolSulfate",FALSE,"nonproprietary","AlbuterolSulfate","AlbuterolSulfate_nonproprietary_raw.csv","Ipratropium Bromide and Albuterol Sulfate","0487-0201-02",".5 mg/3mL,                         3  mg/3mL","SOLUTION","RESPIRATORY (INHALATION)","ANDA076749","Nephron Pharmaceuticals Corporation","0487-0201","Ipratropium Bromide and Albuterol Sulfate","ALBUTEROL SULFATE;  IPRATROPIUM BROMIDE","HUMAN PRESCRIPTION DRUG","12/31/2007","N/A","ANDA","30 POUCH in 1 CARTON (0487-0201-02)  / 1 VIAL, SINGLE-USE in 1 POUCH / 3 mL in 1 VIAL, SINGLE-USE","Adrenergic beta2-Agonists [MoA],  Anticholinergic [EPC],  Cholinergic Antagonists [MoA],  beta2-Adrenergic Agonist [EPC]","N/A","No","12/31/2026",0,FALSE,FALSE
"Respiratory:allergy_Medication","Other_Asthma_Medications","AlbuterolSulfate",FALSE,"nonproprietary","AlbuterolSulfate","AlbuterolSulfate_nonproprietary_raw.csv","Ipratropium Bromide and Albuterol Sulfate","0487-0201-03",".5 mg/3mL,                         3  mg/3mL","SOLUTION","RESPIRATORY (INHALATION)","ANDA076749","Nephron Pharmaceuticals Corporation","0487-0201","Ipratropium Bromide and Albuterol Sulfate","ALBUTEROL SULFATE;  IPRATROPIUM BROMIDE","HUMAN PRESCRIPTION DRUG","12/31/2007","N/A","ANDA","6 POUCH in 1 CARTON (0487-0201-03)  / 5 VIAL, SINGLE-USE in 1 POUCH / 3 mL in 1 VIAL, SINGLE-USE","Adrenergic beta2-Agonists [MoA],  Anticholinergic [EPC],  Cholinergic Antagonists [MoA],  beta2-Adrenergic Agonist [EPC]","N/A","No","12/31/2026",0,FALSE,FALSE
"Respiratory:allergy_Medication","Other_Asthma_Medications","AlbuterolSulfate",FALSE,"nonproprietary","AlbuterolSulfate","AlbuterolSulfate_nonproprietary_raw.csv","Ipratropium Bromide and Albuterol Sulfate","0487-0201-60",".5 mg/3mL,                         3  mg/3mL","SOLUTION","RESPIRATORY (INHALATION)","ANDA076749","Nephron Pharmaceuticals Corporation","0487-0201","Ipratropium Bromide and Albuterol Sulfate","ALBUTEROL SULFATE;  IPRATROPIUM BROMIDE","HUMAN PRESCRIPTION DRUG","12/31/2007","N/A","ANDA","12 POUCH in 1 CARTON (0487-0201-60)  / 5 VIAL, SINGLE-USE in 1 POUCH / 3 mL in 1 VIAL, SINGLE-USE","Adrenergic beta2-Agonists [MoA],  Anticholinergic [EPC],  Cholinergic Antagonists [MoA],  beta2-Adrenergic Agonist [EPC]","N/A","No","12/31/2026",0,FALSE,FALSE
"Respiratory:allergy_Medication","Other_Asthma_Medications","AlbuterolSulfate",FALSE,"nonproprietary","AlbuterolSulfate","AlbuterolSulfate_nonproprietary_raw.csv","Ipratropium Bromide and Albuterol Sulfate","47335-756-49",".5 mg/3mL,                         2.5  mg/3mL","SOLUTION","RESPIRATORY (INHALATION)","ANDA207875","Sun Pharmaceutical Industries, Inc.","47335-756","Ipratropium Bromide and Albuterol Sulfate","ALBUTEROL SULFATE;  IPRATROPIUM BROMIDE","HUMAN PRESCRIPTION DRUG","11/15/2021","N/A","ANDA","6 POUCH in 1 CARTON (47335-756-49)  / 5 VIAL in 1 POUCH / 3 mL in 1 VIAL","Adrenergic beta2-Agonists [MoA],  Anticholinergic [EPC],  Cholinergic Antagonists [MoA],  beta2-Adrenergic Agonist [EPC]","N/A","No","12/31/2027",0,FALSE,FALSE
"Respiratory:allergy_Medication","Other_Asthma_Medications","AlbuterolSulfate",FALSE,"nonproprietary","AlbuterolSulfate","AlbuterolSulfate_nonproprietary_raw.csv","Ipratropium Bromide and Albuterol Sulfate","47335-756-52",".5 mg/3mL,                         2.5  mg/3mL","SOLUTION","RESPIRATORY (INHALATION)","ANDA207875","Sun Pharmaceutical Industries, Inc.","47335-756","Ipratropium Bromide and Albuterol Sulfate","ALBUTEROL SULFATE;  IPRATROPIUM BROMIDE","HUMAN PRESCRIPTION DRUG","11/15/2021","N/A","ANDA","12 POUCH in 1 CARTON (47335-756-52)  / 5 VIAL in 1 POUCH / 3 mL in 1 VIAL","Adrenergic beta2-Agonists [MoA],  Anticholinergic [EPC],  Cholinergic Antagonists [MoA],  beta2-Adrenergic Agonist [EPC]","N/A","No","12/31/2027",0,FALSE,FALSE
"Respiratory:allergy_Medication","Other_Asthma_Medications","AlbuterolSulfate",FALSE,"nonproprietary","AlbuterolSulfate","AlbuterolSulfate_nonproprietary_raw.csv","Ipratropium Bromide and Albuterol Sulfate","50090-1669-0",".5 mg/3mL,                         3  mg/3mL","SOLUTION","RESPIRATORY (INHALATION)","ANDA076749","A-S Medication Solutions","50090-1669","Ipratropium Bromide and Albuterol Sulfate","ALBUTEROL SULFATE;  IPRATROPIUM BROMIDE","HUMAN PRESCRIPTION DRUG","01/28/2015","N/A","ANDA","30 VIAL, SINGLE-DOSE in 1 POUCH (50090-1669-0)  / 3 mL in 1 VIAL, SINGLE-DOSE","Adrenergic beta2-Agonists [MoA],  Anticholinergic [EPC],  Cholinergic Antagonists [MoA],  beta2-Adrenergic Agonist [EPC]","N/A","No","12/31/2027",0,FALSE,FALSE
"Respiratory:allergy_Medication","Other_Asthma_Medications","AlbuterolSulfate",FALSE,"nonproprietary","AlbuterolSulfate","AlbuterolSulfate_nonproprietary_raw.csv","Ipratropium Bromide and Albuterol Sulfate","62135-831-84",".5 mg/3mL,                         3  mg/3mL","SOLUTION","RESPIRATORY (INHALATION)","ANDA076749","Chartwell RX, LLC","62135-831","Ipratropium Bromide and Albuterol Sulfate","ALBUTEROL SULFATE;  IPRATROPIUM BROMIDE","HUMAN PRESCRIPTION DRUG","01/25/2024","N/A","ANDA","6 POUCH in 1 CARTON (62135-831-84)  / 5 VIAL, SINGLE-DOSE in 1 POUCH / 3 mL in 1 VIAL, SINGLE-DOSE","Adrenergic beta2-Agonists [MoA],  Anticholinergic [EPC],  Cholinergic Antagonists [MoA],  beta2-Adrenergic Agonist [EPC]","N/A","No","12/31/2026",0,FALSE,FALSE
"Respiratory:allergy_Medication","Other_Asthma_Medications","AlbuterolSulfate",FALSE,"nonproprietary","AlbuterolSulfate","AlbuterolSulfate_nonproprietary_raw.csv","Ipratropium Bromide and Albuterol Sulfate","64980-645-03",".5 mg/3mL,                         3  mg/3mL","SOLUTION","RESPIRATORY (INHALATION)","ANDA076749","Rising Pharma Holdings, Inc.","64980-645","Ipratropium Bromide and Albuterol Sulfate","IPRATROPIUM BROMIDE;  ALBUTEROL SULFATE","HUMAN PRESCRIPTION DRUG","03/14/2025","N/A","ANDA","30 POUCH in 1 CARTON (64980-645-03)  / 5 VIAL, SINGLE-USE in 1 POUCH / 3 mL in 1 VIAL, SINGLE-USE","Adrenergic beta2-Agonists [MoA],  Anticholinergic [EPC],  Cholinergic Antagonists [MoA],  beta2-Adrenergic Agonist [EPC]","N/A","No","12/31/2027",0,FALSE,FALSE
"Respiratory:allergy_Medication","Other_Asthma_Medications","AlbuterolSulfate",FALSE,"nonproprietary","AlbuterolSulfate","AlbuterolSulfate_nonproprietary_raw.csv","Ipratropium Bromide and Albuterol Sulfate","64980-645-06",".5 mg/3mL,                         3  mg/3mL","SOLUTION","RESPIRATORY (INHALATION)","ANDA076749","Rising Pharma Holdings, Inc.","64980-645","Ipratropium Bromide and Albuterol Sulfate","IPRATROPIUM BROMIDE;  ALBUTEROL SULFATE","HUMAN PRESCRIPTION DRUG","03/14/2025","N/A","ANDA","60 POUCH in 1 CARTON (64980-645-06)  / 5 VIAL, SINGLE-USE in 1 POUCH / 3 mL in 1 VIAL, SINGLE-USE","Adrenergic beta2-Agonists [MoA],  Anticholinergic [EPC],  Cholinergic Antagonists [MoA],  beta2-Adrenergic Agonist [EPC]","N/A","No","12/31/2027",0,FALSE,FALSE
"Respiratory:allergy_Medication","Other_Asthma_Medications","AlbuterolSulfate",FALSE,"nonproprietary","AlbuterolSulfate","AlbuterolSulfate_nonproprietary_raw.csv","Ipratropium Bromide and Albuterol Sulfate","65862-906-03","2.5 mg/3mL,                         .5  mg/3mL","SOLUTION","RESPIRATORY (INHALATION)","ANDA206532","Aurobindo Pharma Limited","65862-906","Ipratropium Bromide and Albuterol Sulfate","ALBUTEROL SULFATE;  IPRATROPIUM BROMIDE","HUMAN PRESCRIPTION DRUG","07/09/2020","N/A","ANDA","30 POUCH in 1 CARTON (65862-906-03)  / 1 VIAL, SINGLE-DOSE in 1 POUCH (65862-906-01)  / 3 mL in 1 VIAL, SINGLE-DOSE","Adrenergic beta2-Agonists [MoA],  Anticholinergic [EPC],  Cholinergic Antagonists [MoA],  beta2-Adrenergic Agonist [EPC]","N/A","No","12/31/2026",0,FALSE,FALSE
"Respiratory:allergy_Medication","Other_Asthma_Medications","AlbuterolSulfate",FALSE,"nonproprietary","AlbuterolSulfate","AlbuterolSulfate_nonproprietary_raw.csv","Ipratropium Bromide and Albuterol Sulfate","65862-906-30","2.5 mg/3mL,                         .5  mg/3mL","SOLUTION","RESPIRATORY (INHALATION)","ANDA206532","Aurobindo Pharma Limited","65862-906","Ipratropium Bromide and Albuterol Sulfate","ALBUTEROL SULFATE;  IPRATROPIUM BROMIDE","HUMAN PRESCRIPTION DRUG","07/09/2020","N/A","ANDA","6 POUCH in 1 CARTON (65862-906-30)  / 5 VIAL, SINGLE-DOSE in 1 POUCH (65862-906-05)  / 3 mL in 1 VIAL, SINGLE-DOSE","Adrenergic beta2-Agonists [MoA],  Anticholinergic [EPC],  Cholinergic Antagonists [MoA],  beta2-Adrenergic Agonist [EPC]","N/A","No","12/31/2026",0,FALSE,FALSE
"Respiratory:allergy_Medication","Other_Asthma_Medications","AlbuterolSulfate",FALSE,"nonproprietary","AlbuterolSulfate","AlbuterolSulfate_nonproprietary_raw.csv","Ipratropium Bromide and Albuterol Sulfate","65862-906-60","2.5 mg/3mL,                         .5  mg/3mL","SOLUTION","RESPIRATORY (INHALATION)","ANDA206532","Aurobindo Pharma Limited","65862-906","Ipratropium Bromide and Albuterol Sulfate","ALBUTEROL SULFATE;  IPRATROPIUM BROMIDE","HUMAN PRESCRIPTION DRUG","07/09/2020","N/A","ANDA","12 POUCH in 1 CARTON (65862-906-60)  / 5 VIAL, SINGLE-DOSE in 1 POUCH / 3 mL in 1 VIAL, SINGLE-DOSE","Adrenergic beta2-Agonists [MoA],  Anticholinergic [EPC],  Cholinergic Antagonists [MoA],  beta2-Adrenergic Agonist [EPC]","N/A","No","12/31/2026",0,FALSE,FALSE
"Respiratory:allergy_Medication","Other_Asthma_Medications","AlbuterolSulfate",FALSE,"nonproprietary","AlbuterolSulfate","AlbuterolSulfate_nonproprietary_raw.csv","Ipratropium Bromide and Albuterol Sulfate","68788-8103-3",".5 mg/3mL,                         3  mg/3mL","SOLUTION","RESPIRATORY (INHALATION)","ANDA076749","Preferred Pharmaceuticals Inc.","68788-8103","Ipratropium Bromide and Albuterol Sulfate","ALBUTEROL SULFATE;  IPRATROPIUM BROMIDE","HUMAN PRESCRIPTION DRUG","10/14/2021","N/A","ANDA","30 POUCH in 1 CARTON (68788-8103-3)  / 1 VIAL, SINGLE-USE in 1 POUCH / 3 mL in 1 VIAL, SINGLE-USE","Adrenergic beta2-Agonists [MoA],  Anticholinergic [EPC],  Cholinergic Antagonists [MoA],  beta2-Adrenergic Agonist [EPC]","N/A","No","12/31/2027",0,FALSE,FALSE
"Respiratory:allergy_Medication","Other_Asthma_Medications","AlbuterolSulfate",FALSE,"nonproprietary","AlbuterolSulfate","AlbuterolSulfate_nonproprietary_raw.csv","Ipratropium Bromide and Albuterol Sulfate","69097-173-53","2.5 mg/3mL,                         .5  mg/3mL","SOLUTION","RESPIRATORY (INHALATION)","ANDA077559","Cipla USA Inc.","69097-173","Ipratropium Bromide and Albuterol Sulfate","ALBUTEROL SULFATE;  IPRATROPIUM BROMIDE","HUMAN PRESCRIPTION DRUG","12/31/2007","N/A","ANDA","6 POUCH in 1 CARTON (69097-173-53)  / 5 VIAL in 1 POUCH / 3 mL in 1 VIAL","Adrenergic beta2-Agonists [MoA],  Anticholinergic [EPC],  Cholinergic Antagonists [MoA],  beta2-Adrenergic Agonist [EPC]","N/A","No","12/31/2027",0,FALSE,FALSE
"Respiratory:allergy_Medication","Other_Asthma_Medications","AlbuterolSulfate",FALSE,"nonproprietary","AlbuterolSulfate","AlbuterolSulfate_nonproprietary_raw.csv","Ipratropium Bromide and Albuterol Sulfate","69097-173-64","2.5 mg/3mL,                         .5  mg/3mL","SOLUTION","RESPIRATORY (INHALATION)","ANDA077559","Cipla USA Inc.","69097-173","Ipratropium Bromide and Albuterol Sulfate","ALBUTEROL SULFATE;  IPRATROPIUM BROMIDE","HUMAN PRESCRIPTION DRUG","12/31/2007","N/A","ANDA","12 POUCH in 1 CARTON (69097-173-64)  / 5 VIAL in 1 POUCH / 3 mL in 1 VIAL","Adrenergic beta2-Agonists [MoA],  Anticholinergic [EPC],  Cholinergic Antagonists [MoA],  beta2-Adrenergic Agonist [EPC]","N/A","No","12/31/2027",0,FALSE,FALSE
"Respiratory:allergy_Medication","Other_Asthma_Medications","AlbuterolSulfate",FALSE,"nonproprietary","AlbuterolSulfate","AlbuterolSulfate_nonproprietary_raw.csv","Ipratropium Bromide and Albuterol Sulfate","69097-840-53",".5 mg/3mL,                         2.5  mg/3mL","SOLUTION","RESPIRATORY (INHALATION)","ANDA202496","Cipla USA Inc.","69097-840","Ipratropium Bromide and Albuterol Sulfate","ALBUTEROL SULFATE;  IPRATROPIUM BROMIDE","HUMAN PRESCRIPTION DRUG","06/01/2020","N/A","ANDA","30 POUCH in 1 CARTON (69097-840-53)  / 1 VIAL in 1 POUCH (69097-840-34)  / 3 mL in 1 VIAL","Adrenergic beta2-Agonists [MoA],  Anticholinergic [EPC],  Cholinergic Antagonists [MoA],  beta2-Adrenergic Agonist [EPC]","N/A","No","12/31/2026",0,FALSE,FALSE
"Respiratory:allergy_Medication","Other_Asthma_Medications","AlbuterolSulfate",FALSE,"nonproprietary","AlbuterolSulfate","AlbuterolSulfate_nonproprietary_raw.csv","Ipratropium Bromide and Albuterol Sulfate","69097-840-64",".5 mg/3mL,                         2.5  mg/3mL","SOLUTION","RESPIRATORY (INHALATION)","ANDA202496","Cipla USA Inc.","69097-840","Ipratropium Bromide and Albuterol Sulfate","ALBUTEROL SULFATE;  IPRATROPIUM BROMIDE","HUMAN PRESCRIPTION DRUG","06/01/2020","N/A","ANDA","2 POUCH in 1 CARTON (69097-840-64)  / 30 VIAL in 1 POUCH / 3 mL in 1 VIAL","Adrenergic beta2-Agonists [MoA],  Anticholinergic [EPC],  Cholinergic Antagonists [MoA],  beta2-Adrenergic Agonist [EPC]","N/A","No","12/31/2026",0,FALSE,FALSE
"Respiratory:allergy_Medication","Other_Asthma_Medications","AlbuterolSulfate",FALSE,"nonproprietary","AlbuterolSulfate","AlbuterolSulfate_nonproprietary_raw.csv","Ipratropium Bromide and Albuterol Sulfate","69097-840-87",".5 mg/3mL,                         2.5  mg/3mL","SOLUTION","RESPIRATORY (INHALATION)","ANDA202496","Cipla USA Inc.","69097-840","Ipratropium Bromide and Albuterol Sulfate","ALBUTEROL SULFATE;  IPRATROPIUM BROMIDE","HUMAN PRESCRIPTION DRUG","06/01/2020","N/A","ANDA","1 POUCH in 1 CARTON (69097-840-87)  / 30 VIAL in 1 POUCH / 3 mL in 1 VIAL","Adrenergic beta2-Agonists [MoA],  Anticholinergic [EPC],  Cholinergic Antagonists [MoA],  beta2-Adrenergic Agonist [EPC]","N/A","No","12/31/2026",0,FALSE,FALSE
"Respiratory:allergy_Medication","Other_Asthma_Medications","AlbuterolSulfate",FALSE,"nonproprietary","AlbuterolSulfate","AlbuterolSulfate_nonproprietary_raw.csv","Ipratropium Bromide and Albuterol Sulfate","71205-051-05",".5 mg/3mL,                         3  mg/3mL","SOLUTION","RESPIRATORY (INHALATION)","ANDA076749","Proficient Rx LP","71205-051","Ipratropium Bromide and Albuterol Sulfate","ALBUTEROL SULFATE;  IPRATROPIUM BROMIDE","HUMAN PRESCRIPTION DRUG","01/10/2024","N/A","ANDA","5 POUCH in 1 CARTON (71205-051-05)  / 1 VIAL, SINGLE-USE in 1 POUCH / 3 mL in 1 VIAL, SINGLE-USE","Adrenergic beta2-Agonists [MoA],  Anticholinergic [EPC],  Cholinergic Antagonists [MoA],  beta2-Adrenergic Agonist [EPC]","N/A","No","12/31/2026",0,FALSE,FALSE
"Respiratory:allergy_Medication","Other_Asthma_Medications","AlbuterolSulfate",FALSE,"nonproprietary","AlbuterolSulfate","AlbuterolSulfate_nonproprietary_raw.csv","Ipratropium Bromide and Albuterol Sulfate","71205-051-15",".5 mg/3mL,                         3  mg/3mL","SOLUTION","RESPIRATORY (INHALATION)","ANDA076749","Proficient Rx LP","71205-051","Ipratropium Bromide and Albuterol Sulfate","ALBUTEROL SULFATE;  IPRATROPIUM BROMIDE","HUMAN PRESCRIPTION DRUG","04/01/2019","N/A","ANDA","15 POUCH in 1 CARTON (71205-051-15)  / 1 VIAL, SINGLE-USE in 1 POUCH / 3 mL in 1 VIAL, SINGLE-USE","Adrenergic beta2-Agonists [MoA],  Anticholinergic [EPC],  Cholinergic Antagonists [MoA],  beta2-Adrenergic Agonist [EPC]","N/A","No","12/31/2026",0,FALSE,FALSE
"Respiratory:allergy_Medication","Other_Asthma_Medications","AlbuterolSulfate",FALSE,"nonproprietary","AlbuterolSulfate","AlbuterolSulfate_nonproprietary_raw.csv","Ipratropium Bromide and Albuterol Sulfate","71205-051-30",".5 mg/3mL,                         3  mg/3mL","SOLUTION","RESPIRATORY (INHALATION)","ANDA076749","Proficient Rx LP","71205-051","Ipratropium Bromide and Albuterol Sulfate","ALBUTEROL SULFATE;  IPRATROPIUM BROMIDE","HUMAN PRESCRIPTION DRUG","06/01/2018","N/A","ANDA","30 POUCH in 1 CARTON (71205-051-30)  / 1 VIAL, SINGLE-USE in 1 POUCH / 3 mL in 1 VIAL, SINGLE-USE","Adrenergic beta2-Agonists [MoA],  Anticholinergic [EPC],  Cholinergic Antagonists [MoA],  beta2-Adrenergic Agonist [EPC]","N/A","No","12/31/2026",0,FALSE,FALSE
"Respiratory:allergy_Medication","Other_Asthma_Medications","AlbuterolSulfate",FALSE,"nonproprietary","AlbuterolSulfate","AlbuterolSulfate_nonproprietary_raw.csv","Ipratropium Bromide and Albuterol Sulfate","71205-726-15",".5 mg/3mL,                         2.5  mg/3mL","SOLUTION","RESPIRATORY (INHALATION)","ANDA207875","Proficient Rx LP","71205-726","Ipratropium Bromide and Albuterol Sulfate","ALBUTEROL SULFATE;  IPRATROPIUM BROMIDE","HUMAN PRESCRIPTION DRUG","12/01/2022","N/A","ANDA","1 POUCH in 1 BAG (71205-726-15)  / 5 VIAL in 1 POUCH / 3 mL in 1 VIAL","Adrenergic beta2-Agonists [MoA],  Anticholinergic [EPC],  Cholinergic Antagonists [MoA],  beta2-Adrenergic Agonist [EPC]","N/A","No","12/31/2026",0,FALSE,FALSE
"Respiratory:allergy_Medication","Other_Asthma_Medications","AlbuterolSulfate",FALSE,"nonproprietary | proprietary","AlbuterolSulfate | ProAirDigihaler","AlbuterolSulfate_nonproprietary_raw.csv | AlbuterolSulfate_ProAirDigihaler_proprietary_raw.csv","ProAir Digihaler","59310-117-20","90 ug/1","INHALANT","RESPIRATORY (INHALATION)","NDA205636","Teva Respiratory, LLC","59310-117","albuterol sulfate","ALBUTEROL SULFATE","HUMAN PRESCRIPTION DRUG","10/04/2019","N/A","NDA","1 INHALER in 1 BOX (59310-117-20)  / 200 INHALANT in 1 INHALER","Adrenergic beta2-Agonists [MoA],  beta2-Adrenergic Agonist [EPC]","N/A","No","12/31/2026",0,FALSE,FALSE
"Respiratory:allergy_Medication","Other_Asthma_Medications","AlbuterolSulfate",FALSE,"nonproprietary | proprietary","AlbuterolSulfate | ProAirRespiClick","AlbuterolSulfate_nonproprietary_raw.csv | AlbuterolSulfate_ProAirRespiClick_proprietary_raw.csv","ProAir RespiClick","59310-580-20","90 ug/1","POWDER, METERED","RESPIRATORY (INHALATION)","NDA205636","Teva Respiratory, LLC","59310-580","Albuterol Sulfate","ALBUTEROL SULFATE","HUMAN PRESCRIPTION DRUG","05/11/2015","N/A","NDA","1 INHALER in 1 BOX (59310-580-20)  / 200 POWDER, METERED in 1 INHALER","Adrenergic beta2-Agonists [MoA],  beta2-Adrenergic Agonist [EPC]","N/A","No","12/31/2026",0,FALSE,FALSE
"Respiratory:allergy_Medication","Other_Asthma_Medications","AlbuterolSulfate",FALSE,"nonproprietary","AlbuterolSulfate","AlbuterolSulfate_nonproprietary_raw.csv","VENTOLIN","0173-0682-20","90 ug/1","AEROSOL, METERED","RESPIRATORY (INHALATION)","NDA020983","GlaxoSmithKline LLC","0173-0682","albuterol sulfate","ALBUTEROL SULFATE","HUMAN PRESCRIPTION DRUG","06/09/2006","N/A","NDA","1 INHALER in 1 CARTON (0173-0682-20)  / 200 AEROSOL, METERED in 1 INHALER","Adrenergic beta2-Agonists [MoA],  beta2-Adrenergic Agonist [EPC]","N/A","No","12/31/2027",0,FALSE,FALSE
"Respiratory:allergy_Medication","Other_Asthma_Medications","AlbuterolSulfate",FALSE,"nonproprietary","AlbuterolSulfate","AlbuterolSulfate_nonproprietary_raw.csv","VENTOLIN","0173-0682-24","90 ug/1","AEROSOL, METERED","RESPIRATORY (INHALATION)","NDA020983","GlaxoSmithKline LLC","0173-0682","albuterol sulfate","ALBUTEROL SULFATE","HUMAN PRESCRIPTION DRUG","06/09/2006","N/A","NDA","1 INHALER in 1 CARTON (0173-0682-24)  / 60 AEROSOL, METERED in 1 INHALER","Adrenergic beta2-Agonists [MoA],  beta2-Adrenergic Agonist [EPC]","N/A","No","12/31/2027",0,FALSE,FALSE
"Respiratory:allergy_Medication","Other_Asthma_Medications","AlbuterolSulfate",FALSE,"nonproprietary","AlbuterolSulfate","AlbuterolSulfate_nonproprietary_raw.csv","VENTOLIN","50090-1159-0","90 ug/1","AEROSOL, METERED","RESPIRATORY (INHALATION)","NDA020983","A-S Medication Solutions","50090-1159","albuterol sulfate","ALBUTEROL SULFATE","HUMAN PRESCRIPTION DRUG","11/28/2014","N/A","NDA","1 INHALER in 1 CARTON (50090-1159-0)  / 200 AEROSOL, METERED in 1 INHALER","Adrenergic beta2-Agonists [MoA],  beta2-Adrenergic Agonist [EPC]","N/A","No","12/31/2026",0,FALSE,FALSE
"Respiratory:allergy_Medication","Other_Asthma_Medications","AlbuterolSulfate",FALSE,"nonproprietary","AlbuterolSulfate","AlbuterolSulfate_nonproprietary_raw.csv","VENTOLIN","63187-026-08","90 ug/1","AEROSOL, METERED","RESPIRATORY (INHALATION)","NDA020983","Proficient Rx LP","63187-026","albuterol sulfate","ALBUTEROL SULFATE","HUMAN PRESCRIPTION DRUG","04/01/2015","N/A","NDA","60 AEROSOL, METERED in 1 INHALER (63187-026-08)","Adrenergic beta2-Agonists [MoA],  beta2-Adrenergic Agonist [EPC]","N/A","No","12/31/2026",0,FALSE,FALSE
"Respiratory:allergy_Medication","Other_Asthma_Medications","AlbuterolSulfate",FALSE,"nonproprietary","AlbuterolSulfate","AlbuterolSulfate_nonproprietary_raw.csv","VENTOLIN","63187-026-18","90 ug/1","AEROSOL, METERED","RESPIRATORY (INHALATION)","NDA020983","Proficient Rx LP","63187-026","albuterol sulfate","ALBUTEROL SULFATE","HUMAN PRESCRIPTION DRUG","04/01/2015","N/A","NDA","200 AEROSOL, METERED in 1 INHALER (63187-026-18)","Adrenergic beta2-Agonists [MoA],  beta2-Adrenergic Agonist [EPC]","N/A","No","12/31/2026",0,FALSE,FALSE
"Respiratory:allergy_Medication","Other_Asthma_Medications","AlbuterolSulfate",FALSE,"nonproprietary","AlbuterolSulfate","AlbuterolSulfate_nonproprietary_raw.csv","VENTOLIN","68071-1670-2","90 ug/1","AEROSOL, METERED","RESPIRATORY (INHALATION)","NDA020983","NuCare Pharmaceuticals,Inc.","68071-1670","albuterol sulfate","ALBUTEROL SULFATE","HUMAN PRESCRIPTION DRUG","07/21/2017","N/A","NDA","200 AEROSOL, METERED in 1 BOX (68071-1670-2)","Adrenergic beta2-Agonists [MoA],  beta2-Adrenergic Agonist [EPC]","N/A","No","12/31/2026",0,FALSE,FALSE
"Respiratory:allergy_Medication","Other_Asthma_Medications","AlbuterolSulfate",FALSE,"nonproprietary","AlbuterolSulfate","AlbuterolSulfate_nonproprietary_raw.csv","VENTOLIN","68071-1890-6","90 ug/1","AEROSOL, METERED","RESPIRATORY (INHALATION)","NDA020983","NuCare Pharmaceuticals,Inc.","68071-1890","albuterol sulfate","ALBUTEROL SULFATE","HUMAN PRESCRIPTION DRUG","07/05/2018","N/A","NDA","60 AEROSOL, METERED in 1 BOX (68071-1890-6)","Adrenergic beta2-Agonists [MoA],  beta2-Adrenergic Agonist [EPC]","N/A","No","12/31/2026",0,FALSE,FALSE
"Respiratory:allergy_Medication","Other_Asthma_Medications","AlbuterolSulfate",FALSE,"nonproprietary","AlbuterolSulfate","AlbuterolSulfate_nonproprietary_raw.csv","VENTOLIN","70518-1081-0","90 ug/1","AEROSOL, METERED","RESPIRATORY (INHALATION)","NDA020983","REMEDYREPACK INC.","70518-1081","albuterol sulfate","ALBUTEROL SULFATE","HUMAN PRESCRIPTION DRUG","03/24/2018","N/A","NDA","200 AEROSOL, METERED in 1 INHALER (70518-1081-0)","Adrenergic beta2-Agonists [MoA],  beta2-Adrenergic Agonist [EPC]","N/A","No","12/31/2027",0,FALSE,FALSE
"Respiratory:allergy_Medication","Other_Asthma_Medications","AlbuterolSulfate",FALSE,"nonproprietary","AlbuterolSulfate","AlbuterolSulfate_nonproprietary_raw.csv","VENTOLIN","70518-1237-0","90 ug/1","AEROSOL, METERED","RESPIRATORY (INHALATION)","NDA020983","REMEDYREPACK INC.","70518-1237","albuterol sulfate","ALBUTEROL SULFATE","HUMAN PRESCRIPTION DRUG","05/30/2018","N/A","NDA","1 INHALER in 1 CARTON (70518-1237-0)  / 60 AEROSOL, METERED in 1 INHALER","Adrenergic beta2-Agonists [MoA],  beta2-Adrenergic Agonist [EPC]","N/A","No","12/31/2027",0,FALSE,FALSE
"Respiratory:allergy_Medication","Other_Asthma_Medications","AlbuterolSulfate",FALSE,"nonproprietary | proprietary","AlbuterolSulfate | VentolinHFA","AlbuterolSulfate_nonproprietary_raw.csv | AlbuterolSulfate_VentolinHFA_proprietary_raw.csv","VENTOLIN HFA","50090-1158-0","90 ug/1","AEROSOL, METERED","RESPIRATORY (INHALATION)","NDA020983","A-S Medication Solutions","50090-1158","albuterol sulfate","ALBUTEROL SULFATE","HUMAN PRESCRIPTION DRUG","11/28/2014","N/A","NDA","1 INHALER in 1 CARTON (50090-1158-0)  / 60 AEROSOL, METERED in 1 INHALER","Adrenergic beta2-Agonists [MoA],  beta2-Adrenergic Agonist [EPC]","N/A","No","12/31/2026",0,FALSE,FALSE
"Respiratory:allergy_Medication","Other_Asthma_Medications","AlbuterolSulfate",FALSE,"nonproprietary","AlbuterolSulfate","AlbuterolSulfate_nonproprietary_raw.csv","albuterol sulfate","45802-088-01","90 ug/1","AEROSOL, METERED","RESPIRATORY (INHALATION)","ANDA203760","Padagis Israel Pharmaceuticals Ltd","45802-088","albuterol sulfate","ALBUTEROL SULFATE","HUMAN PRESCRIPTION DRUG","02/26/2020","N/A","ANDA","1 INHALER in 1 CARTON (45802-088-01)  / 200 AEROSOL, METERED in 1 INHALER","Adrenergic beta2-Agonists [MoA],  beta2-Adrenergic Agonist [EPC]","N/A","No","12/31/2026",0,FALSE,FALSE
"Respiratory:allergy_Medication","Other_Asthma_Medications","AlbuterolSulfate",FALSE,"nonproprietary","AlbuterolSulfate","AlbuterolSulfate_nonproprietary_raw.csv","albuterol sulfate","51407-367-01","2 mg/1","TABLET","ORAL","ANDA072637","Golden State Medical Supply, Inc.","51407-367","albuterol sulfate","ALBUTEROL SULFATE","HUMAN PRESCRIPTION DRUG","03/26/2020","N/A","ANDA","100 TABLET in 1 BOTTLE (51407-367-01)","Adrenergic beta2-Agonists [MoA],  beta2-Adrenergic Agonist [EPC]","N/A","No","12/31/2027",0,FALSE,FALSE
"Respiratory:allergy_Medication","Other_Asthma_Medications","AlbuterolSulfate",FALSE,"nonproprietary","AlbuterolSulfate","AlbuterolSulfate_nonproprietary_raw.csv","albuterol sulfate","51407-368-01","4 mg/1","TABLET","ORAL","ANDA072637","Golden State Medical Supply, Inc.","51407-368","albuterol sulfate","ALBUTEROL SULFATE","HUMAN PRESCRIPTION DRUG","03/26/2020","N/A","ANDA","100 TABLET in 1 BOTTLE (51407-368-01)","Adrenergic beta2-Agonists [MoA],  beta2-Adrenergic Agonist [EPC]","N/A","No","12/31/2027",0,FALSE,FALSE
"Respiratory:allergy_Medication","Other_Asthma_Medications","AlbuterolSulfate",FALSE,"nonproprietary","AlbuterolSulfate","AlbuterolSulfate_nonproprietary_raw.csv","albuterol sulfate","53489-176-01","2 mg/1","TABLET","ORAL","ANDA072637","Sun Pharmaceutical Industries, Inc.","53489-176","albuterol sulfate","ALBUTEROL SULFATE","HUMAN PRESCRIPTION DRUG","12/05/1989","N/A","ANDA","100 TABLET in 1 BOTTLE (53489-176-01)","Adrenergic beta2-Agonists [MoA],  beta2-Adrenergic Agonist [EPC]","N/A","No","12/31/2027",0,FALSE,FALSE
"Respiratory:allergy_Medication","Other_Asthma_Medications","AlbuterolSulfate",FALSE,"nonproprietary","AlbuterolSulfate","AlbuterolSulfate_nonproprietary_raw.csv","albuterol sulfate","53489-176-02","2 mg/1","TABLET","ORAL","ANDA072637","Sun Pharmaceutical Industries, Inc.","53489-176","albuterol sulfate","ALBUTEROL SULFATE","HUMAN PRESCRIPTION DRUG","12/05/1989","N/A","ANDA","50 TABLET in 1 BOTTLE (53489-176-02)","Adrenergic beta2-Agonists [MoA],  beta2-Adrenergic Agonist [EPC]","N/A","No","12/31/2027",0,FALSE,FALSE
"Respiratory:allergy_Medication","Other_Asthma_Medications","AlbuterolSulfate",FALSE,"nonproprietary","AlbuterolSulfate","AlbuterolSulfate_nonproprietary_raw.csv","albuterol sulfate","53489-176-03","2 mg/1","TABLET","ORAL","ANDA072637","Sun Pharmaceutical Industries, Inc.","53489-176","albuterol sulfate","ALBUTEROL SULFATE","HUMAN PRESCRIPTION DRUG","12/05/1989","N/A","ANDA","250 TABLET in 1 BOTTLE (53489-176-03)","Adrenergic beta2-Agonists [MoA],  beta2-Adrenergic Agonist [EPC]","N/A","No","12/31/2027",0,FALSE,FALSE
"Respiratory:allergy_Medication","Other_Asthma_Medications","AlbuterolSulfate",FALSE,"nonproprietary","AlbuterolSulfate","AlbuterolSulfate_nonproprietary_raw.csv","albuterol sulfate","53489-176-05","2 mg/1","TABLET","ORAL","ANDA072637","Sun Pharmaceutical Industries, Inc.","53489-176","albuterol sulfate","ALBUTEROL SULFATE","HUMAN PRESCRIPTION DRUG","12/05/1989","N/A","ANDA","500 TABLET in 1 BOTTLE (53489-176-05)","Adrenergic beta2-Agonists [MoA],  beta2-Adrenergic Agonist [EPC]","N/A","No","12/31/2027",0,FALSE,FALSE
"Respiratory:allergy_Medication","Other_Asthma_Medications","AlbuterolSulfate",FALSE,"nonproprietary","AlbuterolSulfate","AlbuterolSulfate_nonproprietary_raw.csv","albuterol sulfate","53489-176-10","2 mg/1","TABLET","ORAL","ANDA072637","Sun Pharmaceutical Industries, Inc.","53489-176","albuterol sulfate","ALBUTEROL SULFATE","HUMAN PRESCRIPTION DRUG","12/05/1989","N/A","ANDA","1000 TABLET in 1 BOTTLE (53489-176-10)","Adrenergic beta2-Agonists [MoA],  beta2-Adrenergic Agonist [EPC]","N/A","No","12/31/2027",0,FALSE,FALSE
"Respiratory:allergy_Medication","Other_Asthma_Medications","AlbuterolSulfate",FALSE,"nonproprietary","AlbuterolSulfate","AlbuterolSulfate_nonproprietary_raw.csv","albuterol sulfate","53489-177-01","4 mg/1","TABLET","ORAL","ANDA072637","Sun Pharmaceutical Industries, Inc.","53489-177","albuterol sulfate","ALBUTEROL SULFATE","HUMAN PRESCRIPTION DRUG","12/05/1989","N/A","ANDA","100 TABLET in 1 BOTTLE (53489-177-01)","Adrenergic beta2-Agonists [MoA],  beta2-Adrenergic Agonist [EPC]","N/A","No","12/31/2027",0,FALSE,FALSE
"Respiratory:allergy_Medication","Other_Asthma_Medications","AlbuterolSulfate",FALSE,"nonproprietary","AlbuterolSulfate","AlbuterolSulfate_nonproprietary_raw.csv","albuterol sulfate","53489-177-02","4 mg/1","TABLET","ORAL","ANDA072637","Sun Pharmaceutical Industries, Inc.","53489-177","albuterol sulfate","ALBUTEROL SULFATE","HUMAN PRESCRIPTION DRUG","12/05/1989","N/A","ANDA","50 TABLET in 1 BOTTLE (53489-177-02)","Adrenergic beta2-Agonists [MoA],  beta2-Adrenergic Agonist [EPC]","N/A","No","12/31/2027",0,FALSE,FALSE
"Respiratory:allergy_Medication","Other_Asthma_Medications","AlbuterolSulfate",FALSE,"nonproprietary","AlbuterolSulfate","AlbuterolSulfate_nonproprietary_raw.csv","albuterol sulfate","53489-177-03","4 mg/1","TABLET","ORAL","ANDA072637","Sun Pharmaceutical Industries, Inc.","53489-177","albuterol sulfate","ALBUTEROL SULFATE","HUMAN PRESCRIPTION DRUG","12/05/1989","N/A","ANDA","250 TABLET in 1 BOTTLE (53489-177-03)","Adrenergic beta2-Agonists [MoA],  beta2-Adrenergic Agonist [EPC]","N/A","No","12/31/2027",0,FALSE,FALSE
"Respiratory:allergy_Medication","Other_Asthma_Medications","AlbuterolSulfate",FALSE,"nonproprietary","AlbuterolSulfate","AlbuterolSulfate_nonproprietary_raw.csv","albuterol sulfate","53489-177-05","4 mg/1","TABLET","ORAL","ANDA072637","Sun Pharmaceutical Industries, Inc.","53489-177","albuterol sulfate","ALBUTEROL SULFATE","HUMAN PRESCRIPTION DRUG","12/05/1989","N/A","ANDA","500 TABLET in 1 BOTTLE (53489-177-05)","Adrenergic beta2-Agonists [MoA],  beta2-Adrenergic Agonist [EPC]","N/A","No","12/31/2027",0,FALSE,FALSE
"Respiratory:allergy_Medication","Other_Asthma_Medications","AlbuterolSulfate",FALSE,"nonproprietary","AlbuterolSulfate","AlbuterolSulfate_nonproprietary_raw.csv","albuterol sulfate","53489-177-10","4 mg/1","TABLET","ORAL","ANDA072637","Sun Pharmaceutical Industries, Inc.","53489-177","albuterol sulfate","ALBUTEROL SULFATE","HUMAN PRESCRIPTION DRUG","12/05/1989","N/A","ANDA","1000 TABLET in 1 BOTTLE (53489-177-10)","Adrenergic beta2-Agonists [MoA],  beta2-Adrenergic Agonist [EPC]","N/A","No","12/31/2027",0,FALSE,FALSE
"Respiratory:allergy_Medication","Other_Asthma_Medications","AlbuterolSulfate",FALSE,"nonproprietary","AlbuterolSulfate","AlbuterolSulfate_nonproprietary_raw.csv","albuterol sulfate","71205-441-85","90 ug/1","AEROSOL, METERED","RESPIRATORY (INHALATION)","ANDA203760","Proficient Rx LP","71205-441","albuterol sulfate","ALBUTEROL SULFATE","HUMAN PRESCRIPTION DRUG","04/01/2020","N/A","ANDA","1 INHALER in 1 CARTON (71205-441-85)  / 200 AEROSOL, METERED in 1 INHALER","Adrenergic beta2-Agonists [MoA],  beta2-Adrenergic Agonist [EPC]","N/A","No","12/31/2026",0,FALSE,FALSE
"Respiratory:allergy_Medication","Other_Asthma_Medications","AlbuterolSulfate",FALSE,"nonproprietary","AlbuterolSulfate","AlbuterolSulfate_nonproprietary_raw.csv","albuterol sulfate","85766-055-90","90 ug/1","AEROSOL, METERED","RESPIRATORY (INHALATION)","ANDA203760","Sportpharm LLC","85766-055","albuterol sulfate","ALBUTEROL SULFATE","HUMAN PRESCRIPTION DRUG","11/19/2025","N/A","ANDA","1 INHALER in 1 CARTON (85766-055-90)  / 200 AEROSOL, METERED in 1 INHALER","Adrenergic beta2-Agonists [MoA],  beta2-Adrenergic Agonist [EPC]","N/A","No","12/31/2027",0,FALSE,FALSE
"Respiratory:allergy_Medication","Other_Asthma_Medications","AlbuterolSulfate",FALSE,"nonproprietary","AlbuterolSulfate","AlbuterolSulfate_nonproprietary_raw.csv","albuterol sulfate HFA","50090-4137-0","90 ug/1","AEROSOL, METERED","RESPIRATORY (INHALATION)","NDA020983","A-S Medication Solutions","50090-4137","albuterol sulfate","ALBUTEROL SULFATE","HUMAN PRESCRIPTION DRUG","02/12/2019","N/A","NDA AUTHORIZED GENERIC","1 INHALER in 1 CARTON (50090-4137-0)  / 200 AEROSOL, METERED in 1 INHALER","Adrenergic beta2-Agonists [MoA],  beta2-Adrenergic Agonist [EPC]","N/A","No","12/31/2026",0,FALSE,FALSE
"Respiratory:allergy_Medication","Other_Asthma_Medications","AlbuterolSulfateBudesonide",TRUE,"proprietary","Airsupra","AlbuterolSulfateBudesonide_combo_Airsupra_proprietary_raw.csv","AIRSUPRA","0310-9080-12","90 ug/1,                         80  ug/1","AEROSOL, METERED","RESPIRATORY (INHALATION)","NDA214070","AstraZeneca Pharmaceuticals LP","0310-9080","Albuterol sulfate and budesonide","ALBUTEROL SULFATE;  BUDESONIDE","HUMAN PRESCRIPTION DRUG","10/02/2023","N/A","NDA","1 INHALER in 1 CARTON (0310-9080-12)  / 120 AEROSOL, METERED in 1 INHALER","Adrenergic beta2-Agonists [MoA],  Corticosteroid Hormone Receptor Agonists [MoA],  Corticosteroid [EPC],  beta2-Adrenergic Agonist [EPC]","N/A","No","12/31/2026",0,FALSE,FALSE
"Respiratory:allergy_Medication","Other_Asthma_Medications","AlbuterolSulfateBudesonide",TRUE,"proprietary","Airsupra","AlbuterolSulfateBudesonide_combo_Airsupra_proprietary_raw.csv","AIRSUPRA","0310-9080-28","90 ug/1,                         80  ug/1","AEROSOL, METERED","RESPIRATORY (INHALATION)","NDA214070","AstraZeneca Pharmaceuticals LP","0310-9080","Albuterol sulfate and budesonide","ALBUTEROL SULFATE;  BUDESONIDE","HUMAN PRESCRIPTION DRUG","10/02/2023","N/A","NDA","1 INHALER in 1 CARTON (0310-9080-28)  / 28 AEROSOL, METERED in 1 INHALER","Adrenergic beta2-Agonists [MoA],  Corticosteroid Hormone Receptor Agonists [MoA],  Corticosteroid [EPC],  beta2-Adrenergic Agonist [EPC]","N/A","Yes","12/31/2026",0,FALSE,FALSE
"Respiratory:allergy_Medication","Other_Asthma_Medications","Aminophylline",FALSE,"nonproprietary","Aminophylline","Aminophylline_nonproprietary_raw.csv","AMINOPHYLLINE","51662-1204-1","25 mg/mL","INJECTION, SOLUTION","INTRAVENOUS","ANDA087242","HF Acquisition Co LLC, DBA HealthFirst","51662-1204","AMINOPHYLLINE","AMINOPHYLLINE DIHYDRATE","HUMAN PRESCRIPTION DRUG","09/13/2018","N/A","ANDA","10 mL in 1 VIAL, SINGLE-DOSE (51662-1204-1)","Methylxanthine [EPC],  Xanthines [CS]","N/A","No","12/31/2026",0,FALSE,FALSE
"Respiratory:allergy_Medication","Other_Asthma_Medications","Aminophylline",FALSE,"nonproprietary","Aminophylline","Aminophylline_nonproprietary_raw.csv","AMINOPHYLLINE","51662-1204-3","25 mg/mL","INJECTION, SOLUTION","INTRAVENOUS","ANDA087242","HF Acquisition Co LLC, DBA HealthFirst","51662-1204","AMINOPHYLLINE","AMINOPHYLLINE DIHYDRATE","HUMAN PRESCRIPTION DRUG","06/15/2020","N/A","ANDA","25 POUCH in 1 CASE (51662-1204-3)  / 1 mL in 1 POUCH (51662-1204-2)","Methylxanthine [EPC],  Xanthines [CS]","N/A","No","12/31/2026",0,FALSE,FALSE
"Respiratory:allergy_Medication","Other_Asthma_Medications","Aminophylline",FALSE,"nonproprietary","Aminophylline","Aminophylline_nonproprietary_raw.csv","AMINOPHYLLINE","51662-1341-1","25 mg/mL","INJECTION, SOLUTION","INTRAVENOUS","ANDA087242","HF Acquisition Co LLC, DBA HealthFirst","51662-1341","AMINOPHYLLINE","AMINOPHYLLINE DIHYDRATE","HUMAN PRESCRIPTION DRUG","02/10/2019","N/A","ANDA","20 mL in 1 VIAL, SINGLE-DOSE (51662-1341-1)","Methylxanthine [EPC],  Xanthines [CS]","N/A","No","12/31/2027",0,FALSE,FALSE
"Respiratory:allergy_Medication","Other_Asthma_Medications","Aminophylline",FALSE,"nonproprietary","Aminophylline","Aminophylline_nonproprietary_raw.csv","AMINOPHYLLINE","51662-1341-3","25 mg/mL","INJECTION, SOLUTION","INTRAVENOUS","ANDA087242","HF Acquisition Co LLC, DBA HealthFirst","51662-1341","AMINOPHYLLINE","AMINOPHYLLINE DIHYDRATE","HUMAN PRESCRIPTION DRUG","10/27/2020","N/A","ANDA","25 POUCH in 1 CASE (51662-1341-3)  / 1 mL in 1 POUCH (51662-1341-2)","Methylxanthine [EPC],  Xanthines [CS]","N/A","No","12/31/2027",0,FALSE,FALSE
"Respiratory:allergy_Medication","Other_Asthma_Medications","Aminophylline",FALSE,"nonproprietary","Aminophylline","Aminophylline_nonproprietary_raw.csv","Aminophylline","0404-9813-10","25 mg/mL","INJECTION, SOLUTION","INTRAVENOUS","ANDA087242","Henry Schein, Inc.","0404-9813","Aminophylline","AMINOPHYLLINE DIHYDRATE","HUMAN PRESCRIPTION DRUG","01/08/2022","N/A","ANDA","1 VIAL, SINGLE-DOSE in 1 BAG (0404-9813-10)  / 10 mL in 1 VIAL, SINGLE-DOSE","Methylxanthine [EPC],  Xanthines [CS]","N/A","No","12/31/2026",0,FALSE,FALSE
"Respiratory:allergy_Medication","Other_Asthma_Medications","Aminophylline",FALSE,"nonproprietary","Aminophylline","Aminophylline_nonproprietary_raw.csv","Aminophylline","0404-9814-20","25 mg/mL","INJECTION, SOLUTION","INTRAVENOUS","ANDA087242","Henry Schein, Inc.","0404-9814","Aminophylline","AMINOPHYLLINE DIHYDRATE","HUMAN PRESCRIPTION DRUG","01/08/2022","N/A","ANDA","1 VIAL, SINGLE-DOSE in 1 BAG (0404-9814-20)  / 20 mL in 1 VIAL, SINGLE-DOSE","Methylxanthine [EPC],  Xanthines [CS]","N/A","No","12/31/2026",0,FALSE,FALSE
"Respiratory:allergy_Medication","Other_Asthma_Medications","Aminophylline",FALSE,"nonproprietary","Aminophylline","Aminophylline_nonproprietary_raw.csv","Aminophylline","0409-5921-01","25 mg/mL","INJECTION, SOLUTION","INTRAVENOUS","ANDA087242","Hospira, Inc.","0409-5921","Aminophylline","AMINOPHYLLINE DIHYDRATE","HUMAN PRESCRIPTION DRUG","05/10/2005","N/A","ANDA","25 VIAL, SINGLE-DOSE in 1 TRAY (0409-5921-01)  / 10 mL in 1 VIAL, SINGLE-DOSE (0409-5921-16)","Methylxanthine [EPC],  Xanthines [CS]","N/A","No","12/31/2027",0,FALSE,FALSE
"Respiratory:allergy_Medication","Other_Asthma_Medications","Aminophylline",FALSE,"nonproprietary","Aminophylline","Aminophylline_nonproprietary_raw.csv","Aminophylline","0409-5922-01","25 mg/mL","INJECTION, SOLUTION","INTRAVENOUS","ANDA087242","Hospira, Inc.","0409-5922","Aminophylline","AMINOPHYLLINE DIHYDRATE","HUMAN PRESCRIPTION DRUG","02/28/2005","N/A","ANDA","25 VIAL, SINGLE-DOSE in 1 TRAY (0409-5922-01)  / 20 mL in 1 VIAL, SINGLE-DOSE (0409-5922-16)","Methylxanthine [EPC],  Xanthines [CS]","N/A","No","12/31/2027",0,FALSE,FALSE
"Respiratory:allergy_Medication","Other_Asthma_Medications","Aminophylline",FALSE,"nonproprietary","Aminophylline","Aminophylline_nonproprietary_raw.csv","Aminophylline","71872-7060-1","25 mg/mL","INJECTION, SOLUTION","INTRAVENOUS","ANDA087242","Medical Purchasing Solutions, LLC","71872-7060","Aminophylline","AMINOPHYLLINE DIHYDRATE","HUMAN PRESCRIPTION DRUG","03/26/2018","N/A","ANDA","1 VIAL, SINGLE-DOSE in 1 BAG (71872-7060-1)  / 20 mL in 1 VIAL, SINGLE-DOSE","Methylxanthine [EPC],  Xanthines [CS]","N/A","No","12/31/2026",0,FALSE,FALSE
"Respiratory:allergy_Medication","Other_Asthma_Medications","Aminophylline",FALSE,"nonproprietary","Aminophylline","Aminophylline_nonproprietary_raw.csv","Aminophylline","71872-7374-1","25 mg/mL","INJECTION, SOLUTION","INTRAVENOUS","ANDA087242","Medical Purchasing Solutions, LLC","71872-7374","Aminophylline","AMINOPHYLLINE DIHYDRATE","HUMAN PRESCRIPTION DRUG","05/21/2026","N/A","ANDA","1 VIAL, SINGLE-DOSE in 1 BAG (71872-7374-1)  / 10 mL in 1 VIAL, SINGLE-DOSE","Methylxanthine [EPC],  Xanthines [CS]","N/A","No","12/31/2027",0,FALSE,FALSE
"Respiratory:allergy_Medication","Other_Asthma_Medications","Aminophylline",FALSE,"nonproprietary","Aminophylline","Aminophylline_nonproprietary_raw.csv","Aminophylline","84549-922-01","25 mg/mL","INJECTION, SOLUTION","INTRAVENOUS","ANDA087242","ProPharma Distribution","84549-922","Aminophylline","AMINOPHYLLINE DIHYDRATE","HUMAN PRESCRIPTION DRUG","09/17/2025","N/A","ANDA","20 mL in 1 VIAL, SINGLE-DOSE (84549-922-01)","Methylxanthine [EPC],  Xanthines [CS]","N/A","No","12/31/2026",0,FALSE,FALSE
"Respiratory:allergy_Medication","Other_Asthma_Medications","Benralizumab",FALSE,"proprietary | nonproprietary","Fasenra | Benralizumab","Benralizumab_Fasenra_proprietary_raw.csv | Benralizumab_nonproprietary_raw.csv","FASENRA","0310-1730-30","30 mg/mL","INJECTION, SOLUTION","SUBCUTANEOUS","BLA761070","AstraZeneca Pharmaceuticals LP","0310-1730","Benralizumab","BENRALIZUMAB","HUMAN PRESCRIPTION DRUG","11/14/2017","N/A","BLA","1 SYRINGE, GLASS in 1 CARTON (0310-1730-30)  / 1 mL in 1 SYRINGE, GLASS","Interleukin 5 Receptor alpha-directed Antibody Interactions [MoA],  Interleukin-5 Receptor alpha-directed Cytolytic Antibody [EPC]","N/A","No","12/31/2027",0,FALSE,FALSE
"Respiratory:allergy_Medication","Other_Asthma_Medications","Benralizumab",FALSE,"proprietary | nonproprietary","Fasenra | Benralizumab","Benralizumab_Fasenra_proprietary_raw.csv | Benralizumab_nonproprietary_raw.csv","FASENRA","0310-1730-85","30 mg/mL","INJECTION, SOLUTION","SUBCUTANEOUS","BLA761070","AstraZeneca Pharmaceuticals LP","0310-1730","Benralizumab","BENRALIZUMAB","HUMAN PRESCRIPTION DRUG","11/14/2017","N/A","BLA","1 SYRINGE, GLASS in 1 CARTON (0310-1730-85)  / 1 mL in 1 SYRINGE, GLASS","Interleukin 5 Receptor alpha-directed Antibody Interactions [MoA],  Interleukin-5 Receptor alpha-directed Cytolytic Antibody [EPC]","N/A","Yes","12/31/2027",0,FALSE,FALSE
"Respiratory:allergy_Medication","Other_Asthma_Medications","Benralizumab",FALSE,"proprietary | nonproprietary","Fasenra | Benralizumab","Benralizumab_Fasenra_proprietary_raw.csv | Benralizumab_nonproprietary_raw.csv","FASENRA","0310-1745-01","10 mg/.5mL","INJECTION, SOLUTION","SUBCUTANEOUS","BLA761070","AstraZeneca Pharmaceuticals LP","0310-1745","Benralizumab","BENRALIZUMAB","HUMAN PRESCRIPTION DRUG","06/03/2024","N/A","BLA","1 CARTRIDGE in 1 CARTON (0310-1745-01)  / .5 mL in 1 CARTRIDGE","Interleukin 5 Receptor alpha-directed Antibody Interactions [MoA],  Interleukin-5 Receptor alpha-directed Cytolytic Antibody [EPC]","N/A","No","12/31/2027",0,FALSE,FALSE
"Respiratory:allergy_Medication","Other_Asthma_Medications","Benralizumab",FALSE,"proprietary | nonproprietary","Fasenra | Benralizumab","Benralizumab_Fasenra_proprietary_raw.csv | Benralizumab_nonproprietary_raw.csv","FASENRA","0310-1745-95","10 mg/.5mL","INJECTION, SOLUTION","SUBCUTANEOUS","BLA761070","AstraZeneca Pharmaceuticals LP","0310-1745","Benralizumab","BENRALIZUMAB","HUMAN PRESCRIPTION DRUG","06/03/2024","N/A","BLA","1 CARTRIDGE in 1 CARTON (0310-1745-95)  / .5 mL in 1 CARTRIDGE","Interleukin 5 Receptor alpha-directed Antibody Interactions [MoA],  Interleukin-5 Receptor alpha-directed Cytolytic Antibody [EPC]","N/A","Yes","12/31/2027",0,FALSE,FALSE
"Respiratory:allergy_Medication","Other_Asthma_Medications","Benralizumab",FALSE,"proprietary | nonproprietary","Fasenra | Benralizumab","Benralizumab_Fasenra_proprietary_raw.csv | Benralizumab_nonproprietary_raw.csv","FASENRA","0310-1830-30","30 mg/mL","INJECTION, SOLUTION","SUBCUTANEOUS","BLA761070","AstraZeneca Pharmaceuticals LP","0310-1830","Benralizumab","BENRALIZUMAB","HUMAN PRESCRIPTION DRUG","10/04/2019","N/A","BLA","1 CARTRIDGE in 1 CARTON (0310-1830-30)  / 1 mL in 1 CARTRIDGE","Interleukin 5 Receptor alpha-directed Antibody Interactions [MoA],  Interleukin-5 Receptor alpha-directed Cytolytic Antibody [EPC]","N/A","No","12/31/2027",0,FALSE,FALSE
"Respiratory:allergy_Medication","Other_Asthma_Medications","Benralizumab",FALSE,"proprietary | nonproprietary","Fasenra | Benralizumab","Benralizumab_Fasenra_proprietary_raw.csv | Benralizumab_nonproprietary_raw.csv","FASENRA","0310-1830-85","30 mg/mL","INJECTION, SOLUTION","SUBCUTANEOUS","BLA761070","AstraZeneca Pharmaceuticals LP","0310-1830","Benralizumab","BENRALIZUMAB","HUMAN PRESCRIPTION DRUG","10/04/2019","N/A","BLA","1 CARTRIDGE in 1 CARTON (0310-1830-85)  / 1 mL in 1 CARTRIDGE","Interleukin 5 Receptor alpha-directed Antibody Interactions [MoA],  Interleukin-5 Receptor alpha-directed Cytolytic Antibody [EPC]","N/A","Yes","12/31/2027",0,FALSE,FALSE
"Respiratory:allergy_Medication","Other_Asthma_Medications","BudesonideFormoterolFumarate",TRUE,"proprietary","Breyna","BudesonideFormoterolFumarate_combo_Breyna_proprietary_raw.csv","BREYNA","0378-7502-32","80 ug/1,                         4.5  ug/1","AEROSOL, METERED","RESPIRATORY (INHALATION)","ANDA211699","Mylan Pharmaceuticals Inc.","0378-7502","Budesonide and Formoterol Fumarate","BUDESONIDE;  FORMOTEROL FUMARATE","HUMAN PRESCRIPTION DRUG","07/31/2023","N/A","ANDA","1 POUCH in 1 CARTON (0378-7502-32)  / 1 CANISTER in 1 POUCH / 120 AEROSOL, METERED in 1 CANISTER","Adrenergic beta2-Agonists [MoA],  Corticosteroid Hormone Receptor Agonists [MoA],  Corticosteroid [EPC],  beta2-Adrenergic Agonist [EPC]","N/A","No","12/31/2027",0,FALSE,FALSE
"Respiratory:allergy_Medication","Other_Asthma_Medications","BudesonideFormoterolFumarate",TRUE,"proprietary","Breyna","BudesonideFormoterolFumarate_combo_Breyna_proprietary_raw.csv","BREYNA","0378-7503-32","160 ug/1,                         4.5  ug/1","AEROSOL, METERED","RESPIRATORY (INHALATION)","ANDA211699","Mylan Pharmaceuticals Inc.","0378-7503","Budesonide and Formoterol Fumarate","BUDESONIDE;  FORMOTEROL FUMARATE","HUMAN PRESCRIPTION DRUG","07/31/2023","N/A","ANDA","1 POUCH in 1 CARTON (0378-7503-32)  / 1 CANISTER in 1 POUCH / 120 AEROSOL, METERED in 1 CANISTER","Adrenergic beta2-Agonists [MoA],  Corticosteroid Hormone Receptor Agonists [MoA],  Corticosteroid [EPC],  beta2-Adrenergic Agonist [EPC]","N/A","No","12/31/2027",0,FALSE,FALSE
"Respiratory:allergy_Medication","Other_Asthma_Medications","BudesonideFormoterolFumarate",TRUE,"proprietary","Symbicort","BudesonideFormoterolFumarate_combo_Symbicort_proprietary_raw.csv","SYMBICORT","0186-0370-20","160 ug/1,                         4.5  ug/1","AEROSOL","RESPIRATORY (INHALATION)","NDA021929","AstraZeneca Pharmaceuticals LP","0186-0370","Budesonide and Formoterol Fumarate Dihydrate","BUDESONIDE;  FORMOTEROL FUMARATE","HUMAN PRESCRIPTION DRUG","05/29/2007","N/A","NDA","1 POUCH in 1 CARTON (0186-0370-20)  / 1 CANISTER in 1 POUCH / 120 AEROSOL in 1 CANISTER","Adrenergic beta2-Agonists [MoA],  Corticosteroid Hormone Receptor Agonists [MoA],  Corticosteroid [EPC],  beta2-Adrenergic Agonist [EPC]","N/A","No","12/31/2026",0,FALSE,FALSE
"Respiratory:allergy_Medication","Other_Asthma_Medications","BudesonideFormoterolFumarate",TRUE,"proprietary","Symbicort","BudesonideFormoterolFumarate_combo_Symbicort_proprietary_raw.csv","SYMBICORT","0186-0370-28","160 ug/1,                         4.5  ug/1","AEROSOL","RESPIRATORY (INHALATION)","NDA021929","AstraZeneca Pharmaceuticals LP","0186-0370","Budesonide and Formoterol Fumarate Dihydrate","BUDESONIDE;  FORMOTEROL FUMARATE","HUMAN PRESCRIPTION DRUG","09/06/2007","N/A","NDA","1 POUCH in 1 CARTON (0186-0370-28)  / 1 CANISTER in 1 POUCH / 60 AEROSOL in 1 CANISTER","Adrenergic beta2-Agonists [MoA],  Corticosteroid Hormone Receptor Agonists [MoA],  Corticosteroid [EPC],  beta2-Adrenergic Agonist [EPC]","N/A","No","12/31/2026",0,FALSE,FALSE
"Respiratory:allergy_Medication","Other_Asthma_Medications","BudesonideFormoterolFumarate",TRUE,"proprietary","Symbicort","BudesonideFormoterolFumarate_combo_Symbicort_proprietary_raw.csv","SYMBICORT","0186-0372-20","80 ug/1,                         4.5  ug/1","AEROSOL","RESPIRATORY (INHALATION)","NDA021929","AstraZeneca Pharmaceuticals LP","0186-0372","Budesonide and Formoterol Fumarate Dihydrate","BUDESONIDE;  FORMOTEROL FUMARATE","HUMAN PRESCRIPTION DRUG","05/29/2007","N/A","NDA","1 POUCH in 1 CARTON (0186-0372-20)  / 1 CANISTER in 1 POUCH / 120 AEROSOL in 1 CANISTER","Adrenergic beta2-Agonists [MoA],  Corticosteroid Hormone Receptor Agonists [MoA],  Corticosteroid [EPC],  beta2-Adrenergic Agonist [EPC]","N/A","No","12/31/2026",0,FALSE,FALSE
"Respiratory:allergy_Medication","Other_Asthma_Medications","BudesonideFormoterolFumarate",TRUE,"proprietary","Symbicort","BudesonideFormoterolFumarate_combo_Symbicort_proprietary_raw.csv","SYMBICORT","0186-0372-28","80 ug/1,                         4.5  ug/1","AEROSOL","RESPIRATORY (INHALATION)","NDA021929","AstraZeneca Pharmaceuticals LP","0186-0372","Budesonide and Formoterol Fumarate Dihydrate","BUDESONIDE;  FORMOTEROL FUMARATE","HUMAN PRESCRIPTION DRUG","09/06/2007","N/A","NDA","1 POUCH in 1 CARTON (0186-0372-28)  / 1 CANISTER in 1 POUCH / 60 AEROSOL in 1 CANISTER","Adrenergic beta2-Agonists [MoA],  Corticosteroid Hormone Receptor Agonists [MoA],  Corticosteroid [EPC],  beta2-Adrenergic Agonist [EPC]","N/A","No","12/31/2026",0,FALSE,FALSE
"Respiratory:allergy_Medication","Other_Asthma_Medications","BudesonideFormoterolFumarate",TRUE,"proprietary","Symbicort","BudesonideFormoterolFumarate_combo_Symbicort_proprietary_raw.csv","SYMBICORT","50090-1403-0","160 ug/1,                         4.5  ug/1","AEROSOL","RESPIRATORY (INHALATION)","NDA021929","A-S Medication Solutions","50090-1403","Budesonide and Formoterol Fumarate Dihydrate","BUDESONIDE;  FORMOTEROL FUMARATE","HUMAN PRESCRIPTION DRUG","11/28/2014","N/A","NDA","1 POUCH in 1 CARTON (50090-1403-0)  / 1 AEROSOL in 1 POUCH","Adrenergic beta2-Agonists [MoA],  Corticosteroid Hormone Receptor Agonists [MoA],  Corticosteroid [EPC],  beta2-Adrenergic Agonist [EPC]","N/A","No","12/31/2026",0,FALSE,FALSE
"Respiratory:allergy_Medication","Other_Asthma_Medications","BudesonideFormoterolFumarate",TRUE,"proprietary","Symbicort","BudesonideFormoterolFumarate_combo_Symbicort_proprietary_raw.csv","SYMBICORT","50090-4508-0","160 ug/1,                         4.5  ug/1","AEROSOL","RESPIRATORY (INHALATION)","NDA021929","A-S Medication Solutions","50090-4508","Budesonide and Formoterol Fumarate Dihydrate","BUDESONIDE;  FORMOTEROL FUMARATE","HUMAN PRESCRIPTION DRUG","09/04/2019","N/A","NDA","1 POUCH in 1 CARTON (50090-4508-0)  / 1 AEROSOL in 1 POUCH","Adrenergic beta2-Agonists [MoA],  Corticosteroid Hormone Receptor Agonists [MoA],  Corticosteroid [EPC],  beta2-Adrenergic Agonist [EPC]","N/A","No","12/31/2026",0,FALSE,FALSE
"Respiratory:allergy_Medication","Other_Asthma_Medications","BudesonideFormoterolFumarate",TRUE,"proprietary","Symbicort","BudesonideFormoterolFumarate_combo_Symbicort_proprietary_raw.csv","SYMBICORT","50090-4509-0","160 ug/1,                         4.5  ug/1","AEROSOL","RESPIRATORY (INHALATION)","NDA021929","A-S Medication Solutions","50090-4509","Budesonide and Formoterol Fumarate Dihydrate","BUDESONIDE;  FORMOTEROL FUMARATE","HUMAN PRESCRIPTION DRUG","09/04/2019","N/A","NDA","1 POUCH in 1 CARTON (50090-4509-0)  / 1 AEROSOL in 1 POUCH","Adrenergic beta2-Agonists [MoA],  Corticosteroid Hormone Receptor Agonists [MoA],  Corticosteroid [EPC],  beta2-Adrenergic Agonist [EPC]","N/A","No","12/31/2026",0,FALSE,FALSE
"Respiratory:allergy_Medication","Other_Asthma_Medications","BudesonideFormoterolFumarate",TRUE,"proprietary","Symbicort","BudesonideFormoterolFumarate_combo_Symbicort_proprietary_raw.csv","SYMBICORT","50090-4510-0","80 ug/1,                         4.5  ug/1","AEROSOL","RESPIRATORY (INHALATION)","NDA021929","A-S Medication Solutions","50090-4510","Budesonide and Formoterol Fumarate Dihydrate","BUDESONIDE;  FORMOTEROL FUMARATE","HUMAN PRESCRIPTION DRUG","09/04/2019","N/A","NDA","1 POUCH in 1 CARTON (50090-4510-0)  / 1 AEROSOL in 1 POUCH","Adrenergic beta2-Agonists [MoA],  Corticosteroid Hormone Receptor Agonists [MoA],  Corticosteroid [EPC],  beta2-Adrenergic Agonist [EPC]","N/A","No","12/31/2026",0,FALSE,FALSE
"Respiratory:allergy_Medication","Other_Asthma_Medications","BudesonideFormoterolFumarate",TRUE,"proprietary","Symbicort","BudesonideFormoterolFumarate_combo_Symbicort_proprietary_raw.csv","SYMBICORT","85766-184-28","80 ug/1,                         4.5  ug/1","AEROSOL","RESPIRATORY (INHALATION)","NDA021929","Sportpharm LLC","85766-184","Budesonide and Formoterol Fumarate Dihydrate","BUDESONIDE;  FORMOTEROL FUMARATE","HUMAN PRESCRIPTION DRUG","03/12/2026","N/A","NDA","1 POUCH in 1 CARTON (85766-184-28)  / 1 CANISTER in 1 POUCH / 60 AEROSOL in 1 CANISTER","Adrenergic beta2-Agonists [MoA],  Corticosteroid Hormone Receptor Agonists [MoA],  Corticosteroid [EPC],  beta2-Adrenergic Agonist [EPC]","N/A","No","12/31/2027",0,FALSE,FALSE
"Respiratory:allergy_Medication","Other_Asthma_Medications","CromolynSodium",FALSE,"nonproprietary","CromolynSodium","CromolynSodium_nonproprietary_raw.csv","CROMOLYN SODIUM","16571-600-96","100 mg/5mL","SOLUTION, CONCENTRATE","ORAL","ANDA202583","Rising Pharma Holdings, Inc.","16571-600","CROMOLYN SODIUM","CROMOLYN SODIUM","HUMAN PRESCRIPTION DRUG","12/05/2011","N/A","ANDA","12 POUCH in 1 CARTON (16571-600-96)  / 8 AMPULE in 1 POUCH / 5 mL in 1 AMPULE","Decreased Histamine Release [PE],  Mast Cell Stabilizer [EPC]","N/A","No","12/31/2026",0,FALSE,FALSE
"Respiratory:allergy_Medication","Other_Asthma_Medications","CromolynSodium",FALSE,"nonproprietary","CromolynSodium","CromolynSodium_nonproprietary_raw.csv","CROMOLYN SODIUM","42571-132-52","100 mg/5mL","SOLUTION, CONCENTRATE","ORAL","ANDA202745","Micro Labs Limited","42571-132","Cromolyn sodium","CROMOLYN SODIUM","HUMAN PRESCRIPTION DRUG","05/04/2013","N/A","ANDA","96 CARTON in 1 CARTON (42571-132-52)  / 1 TRAY in 1 CARTON / 8 AMPULE in 1 TRAY / 5 mL in 1 AMPULE (42571-132-21)","Decreased Histamine Release [PE],  Mast Cell Stabilizer [EPC]","N/A","No","12/31/2026",0,FALSE,FALSE
"Respiratory:allergy_Medication","Other_Asthma_Medications","CromolynSodium",FALSE,"nonproprietary","CromolynSodium","CromolynSodium_nonproprietary_raw.csv","CROMOLYN SODIUM","81665-104-96","100 mg/5mL","SOLUTION, CONCENTRATE","ORAL","ANDA209264","Omnivium Pharmaceuticals LLC","81665-104","CROMOLYN SODIUM","CROMOLYN SODIUM","HUMAN PRESCRIPTION DRUG","08/31/2024","N/A","ANDA","12 POUCH in 1 CARTON (81665-104-96)  / 8 AMPULE in 1 POUCH / 5 mL in 1 AMPULE","Decreased Histamine Release [PE],  Mast Cell Stabilizer [EPC]","N/A","No","12/31/2027",0,FALSE,FALSE
"Respiratory:allergy_Medication","Other_Asthma_Medications","CromolynSodium",FALSE,"nonproprietary","CromolynSodium","CromolynSodium_nonproprietary_raw.csv","Cromolyn Sodium","0172-6406-49","20 mg/2mL","SOLUTION","INTRABRONCHIAL","ANDA075271","Teva Pharmaceuticals USA, Inc.","0172-6406","Cromolyn Sodium","CROMOLYN SODIUM","HUMAN PRESCRIPTION DRUG","01/18/2000","N/A","ANDA","12 POUCH in 1 CARTON (0172-6406-49)  / 5 VIAL, SINGLE-DOSE in 1 POUCH (0172-6406-05)  / 2 mL in 1 VIAL, SINGLE-DOSE","Decreased Histamine Release [PE],  Mast Cell Stabilizer [EPC]","N/A","No","12/31/2026",0,FALSE,FALSE
"Respiratory:allergy_Medication","Other_Asthma_Medications","CromolynSodium",FALSE,"nonproprietary","CromolynSodium","CromolynSodium_nonproprietary_raw.csv","Cromolyn Sodium","50090-1202-0","40 mg/mL","SOLUTION/ DROPS","OPHTHALMIC","ANDA075282","A-S Medication Solutions","50090-1202","Cromolyn Sodium","CROMOLYN SODIUM","HUMAN PRESCRIPTION DRUG","11/28/2014","N/A","ANDA","10 mL in 1 BOTTLE, PLASTIC (50090-1202-0)","Decreased Histamine Release [PE],  Mast Cell Stabilizer [EPC]","N/A","No","12/31/2026",0,FALSE,FALSE
"Respiratory:allergy_Medication","Other_Asthma_Medications","CromolynSodium",FALSE,"nonproprietary","CromolynSodium","CromolynSodium_nonproprietary_raw.csv","Cromolyn Sodium","57782-397-26","5.2 mg/1","SPRAY, METERED","NASAL","ANDA075702","Bausch & Lomb Incorporated","57782-397","Cromolyn Sodium","CROMOLYN SODIUM","HUMAN OTC DRUG","07/03/2001","N/A","ANDA","1 BOTTLE in 1 CARTON (57782-397-26)  / 200 SPRAY, METERED in 1 BOTTLE","Decreased Histamine Release [PE],  Mast Cell Stabilizer [EPC]","N/A","No","12/31/2026",0,FALSE,FALSE
"Respiratory:allergy_Medication","Other_Asthma_Medications","CromolynSodium",FALSE,"nonproprietary","CromolynSodium","CromolynSodium_nonproprietary_raw.csv","Cromolyn Sodium","61314-237-10","40 mg/mL","SOLUTION/ DROPS","OPHTHALMIC","ANDA075282","Sandoz Inc","61314-237","Cromolyn Sodium","CROMOLYN SODIUM","HUMAN PRESCRIPTION DRUG","06/29/1999","N/A","ANDA","1 BOTTLE, PLASTIC in 1 CARTON (61314-237-10)  / 10 mL in 1 BOTTLE, PLASTIC","Decreased Histamine Release [PE],  Mast Cell Stabilizer [EPC]","N/A","No","12/31/2027",0,FALSE,FALSE
"Respiratory:allergy_Medication","Other_Asthma_Medications","CromolynSodium",FALSE,"nonproprietary","CromolynSodium","CromolynSodium_nonproprietary_raw.csv","Cromolyn Sodium","68788-8490-1","40 mg/mL","SOLUTION/ DROPS","OPHTHALMIC","ANDA075282","Preferred Pharmaceuticals Inc.","68788-8490","Cromolyn Sodium","CROMOLYN SODIUM","HUMAN PRESCRIPTION DRUG","07/21/2023","N/A","ANDA","10 mL in 1 BOTTLE, PLASTIC (68788-8490-1)","Decreased Histamine Release [PE],  Mast Cell Stabilizer [EPC]","N/A","No","12/31/2027",0,FALSE,FALSE
"Respiratory:allergy_Medication","Other_Asthma_Medications","CromolynSodium",FALSE,"nonproprietary","CromolynSodium","CromolynSodium_nonproprietary_raw.csv","Cromolyn Sodium","71205-230-10","40 mg/mL","SOLUTION/ DROPS","OPHTHALMIC","ANDA075282","Proficient Rx LP","71205-230","Cromolyn Sodium","CROMOLYN SODIUM","HUMAN PRESCRIPTION DRUG","03/01/2019","N/A","ANDA","10 mL in 1 BOTTLE, PLASTIC (71205-230-10)","Decreased Histamine Release [PE],  Mast Cell Stabilizer [EPC]","N/A","No","12/31/2026",0,FALSE,FALSE
"Respiratory:allergy_Medication","Other_Asthma_Medications","CromolynSodium",FALSE,"nonproprietary","CromolynSodium","CromolynSodium_nonproprietary_raw.csv","Gastrocrom","0037-0678-96","20 mg/mL","LIQUID","ORAL","NDA020479","Viatris Specialty LLC","0037-0678","cromolyn sodium","CROMOLYN SODIUM","HUMAN PRESCRIPTION DRUG","05/01/2015","N/A","NDA","12 POUCH in 1 CARTON (0037-0678-96)  / 8 AMPULE in 1 POUCH (0037-0678-08)  / 5 mL in 1 AMPULE","Decreased Histamine Release [PE],  Mast Cell Stabilizer [EPC]","N/A","No","12/31/2026",0,FALSE,FALSE
"Respiratory:allergy_Medication","Other_Asthma_Medications","CromolynSodium",FALSE,"nonproprietary","CromolynSodium","CromolynSodium_nonproprietary_raw.csv","NasalCrom","52183-199-13","5.2 mg/1","SPRAY, METERED","NASAL","ANDA075702","Prestige Brands Holdings, Inc.","52183-199","cromolyn sodium","CROMOLYN SODIUM","HUMAN OTC DRUG","10/29/2009","N/A","ANDA","1 BOTTLE, PUMP in 1 CARTON (52183-199-13)  / 200 SPRAY, METERED in 1 BOTTLE, PUMP","Decreased Histamine Release [PE],  Mast Cell Stabilizer [EPC]","N/A","No","12/31/2027",0,FALSE,FALSE
"Respiratory:allergy_Medication","Other_Asthma_Medications","DepemokimabUlaa",FALSE,"proprietary","Exdensur","DepemokimabUlaa_Exdensur_proprietary_raw.csv","Exdensur","0173-0927-42","100 mg/mL","INJECTION, SOLUTION","SUBCUTANEOUS","BLA761458","GlaxoSmithKline LLC","0173-0927","depemokimab","DEPEMOKIMAB","HUMAN PRESCRIPTION DRUG","12/16/2025","N/A","BLA","1 SYRINGE in 1 CARTON (0173-0927-42)  / 1 mL in 1 SYRINGE","N/A","N/A","No","12/31/2027",0,FALSE,FALSE
"Respiratory:allergy_Medication","Other_Asthma_Medications","DepemokimabUlaa",FALSE,"proprietary","Exdensur","DepemokimabUlaa_Exdensur_proprietary_raw.csv","Exdensur","0173-0927-61","100 mg/mL","INJECTION, SOLUTION","SUBCUTANEOUS","BLA761458","GlaxoSmithKline LLC","0173-0927","depemokimab","DEPEMOKIMAB","HUMAN PRESCRIPTION DRUG","03/30/2026","N/A","BLA","1 SYRINGE in 1 CARTON (0173-0927-61)  / 1 mL in 1 SYRINGE","N/A","N/A","No","12/31/2027",0,FALSE,FALSE
"Respiratory:allergy_Medication","Other_Asthma_Medications","Dupilumab",FALSE,"proprietary | nonproprietary","Dupixent | Dupilumab","Dupilumab_Dupixent_proprietary_raw.csv | Dupilumab_nonproprietary_raw.csv","Dupixent","0024-5914-01","300 mg/2mL","INJECTION, SOLUTION","SUBCUTANEOUS","BLA761055","Sanofi-Aventis U.S. LLC","0024-5914","Dupilumab","DUPILUMAB","HUMAN PRESCRIPTION DRUG","03/28/2017","N/A","BLA","2 SYRINGE, GLASS in 1 CARTON (0024-5914-01)  / 2 mL in 1 SYRINGE, GLASS (0024-5914-00)","Antibodies,  Monoclonal [CS],  Interleukin 4 Receptor alpha Antagonists [MoA],  Interleukin-4 Receptor alpha Antagonist [EPC]","N/A","No","12/31/2027",0,FALSE,FALSE
"Respiratory:allergy_Medication","Other_Asthma_Medications","Dupilumab",FALSE,"proprietary | nonproprietary","Dupixent | Dupilumab","Dupilumab_Dupixent_proprietary_raw.csv | Dupilumab_nonproprietary_raw.csv","Dupixent","0024-5914-02","300 mg/2mL","INJECTION, SOLUTION","SUBCUTANEOUS","BLA761055","Sanofi-Aventis U.S. LLC","0024-5914","Dupilumab","DUPILUMAB","HUMAN PRESCRIPTION DRUG","07/01/2018","N/A","BLA","2 SYRINGE, GLASS in 1 CARTON (0024-5914-02)  / 2 mL in 1 SYRINGE, GLASS (0024-5914-20)","Antibodies,  Monoclonal [CS],  Interleukin 4 Receptor alpha Antagonists [MoA],  Interleukin-4 Receptor alpha Antagonist [EPC]","N/A","No","12/31/2027",0,FALSE,FALSE
"Respiratory:allergy_Medication","Other_Asthma_Medications","Dupilumab",FALSE,"proprietary | nonproprietary","Dupixent | Dupilumab","Dupilumab_Dupixent_proprietary_raw.csv | Dupilumab_nonproprietary_raw.csv","Dupixent","0024-5915-02","300 mg/2mL","INJECTION, SOLUTION","SUBCUTANEOUS","BLA761055","Sanofi-Aventis U.S. LLC","0024-5915","Dupilumab","DUPILUMAB","HUMAN PRESCRIPTION DRUG","06/19/2020","N/A","BLA","2 SYRINGE, GLASS in 1 CARTON (0024-5915-02)  / 2 mL in 1 SYRINGE, GLASS (0024-5915-00)","Antibodies,  Monoclonal [CS],  Interleukin 4 Receptor alpha Antagonists [MoA],  Interleukin-4 Receptor alpha Antagonist [EPC]","N/A","No","12/31/2027",0,FALSE,FALSE
"Respiratory:allergy_Medication","Other_Asthma_Medications","Dupilumab",FALSE,"proprietary | nonproprietary","Dupixent | Dupilumab","Dupilumab_Dupixent_proprietary_raw.csv | Dupilumab_nonproprietary_raw.csv","Dupixent","0024-5915-20","300 mg/2mL","INJECTION, SOLUTION","SUBCUTANEOUS","BLA761055","Sanofi-Aventis U.S. LLC","0024-5915","Dupilumab","DUPILUMAB","HUMAN PRESCRIPTION DRUG","06/19/2020","N/A","BLA","2 SYRINGE, GLASS in 1 CARTON (0024-5915-20)  / 2 mL in 1 SYRINGE, GLASS (0024-5915-01)","Antibodies,  Monoclonal [CS],  Interleukin 4 Receptor alpha Antagonists [MoA],  Interleukin-4 Receptor alpha Antagonist [EPC]","N/A","No","12/31/2027",0,FALSE,FALSE
"Respiratory:allergy_Medication","Other_Asthma_Medications","Dupilumab",FALSE,"proprietary | nonproprietary","Dupixent | Dupilumab","Dupilumab_Dupixent_proprietary_raw.csv | Dupilumab_nonproprietary_raw.csv","Dupixent","0024-5918-01","200 mg/1.14mL","INJECTION, SOLUTION","SUBCUTANEOUS","BLA761055","Sanofi-Aventis U.S. LLC","0024-5918","Dupilumab","DUPILUMAB","HUMAN PRESCRIPTION DRUG","10/19/2018","N/A","BLA","2 SYRINGE, GLASS in 1 CARTON (0024-5918-01)  / 1.14 mL in 1 SYRINGE, GLASS (0024-5918-00)","Antibodies,  Monoclonal [CS],  Interleukin 4 Receptor alpha Antagonists [MoA],  Interleukin-4 Receptor alpha Antagonist [EPC]","N/A","No","12/31/2027",0,FALSE,FALSE
"Respiratory:allergy_Medication","Other_Asthma_Medications","Dupilumab",FALSE,"proprietary | nonproprietary","Dupixent | Dupilumab","Dupilumab_Dupixent_proprietary_raw.csv | Dupilumab_nonproprietary_raw.csv","Dupixent","0024-5918-02","200 mg/1.14mL","INJECTION, SOLUTION","SUBCUTANEOUS","BLA761055","Sanofi-Aventis U.S. LLC","0024-5918","Dupilumab","DUPILUMAB","HUMAN PRESCRIPTION DRUG","10/19/2018","N/A","BLA","2 SYRINGE, GLASS in 1 CARTON (0024-5918-02)  / 1.14 mL in 1 SYRINGE, GLASS (0024-5918-20)","Antibodies,  Monoclonal [CS],  Interleukin 4 Receptor alpha Antagonists [MoA],  Interleukin-4 Receptor alpha Antagonist [EPC]","N/A","No","12/31/2027",0,FALSE,FALSE
"Respiratory:allergy_Medication","Other_Asthma_Medications","Dupilumab",FALSE,"proprietary | nonproprietary","Dupixent | Dupilumab","Dupilumab_Dupixent_proprietary_raw.csv | Dupilumab_nonproprietary_raw.csv","Dupixent","0024-5919-02","200 mg/1.14mL","INJECTION, SOLUTION","SUBCUTANEOUS","BLA761055","Sanofi-Aventis U.S. LLC","0024-5919","Dupilumab","DUPILUMAB","HUMAN PRESCRIPTION DRUG","06/14/2021","N/A","BLA","2 SYRINGE, GLASS in 1 CARTON (0024-5919-02)  / 1.14 mL in 1 SYRINGE, GLASS (0024-5919-00)","Antibodies,  Monoclonal [CS],  Interleukin 4 Receptor alpha Antagonists [MoA],  Interleukin-4 Receptor alpha Antagonist [EPC]","N/A","No","12/31/2027",0,FALSE,FALSE
"Respiratory:allergy_Medication","Other_Asthma_Medications","Dupilumab",FALSE,"proprietary | nonproprietary","Dupixent | Dupilumab","Dupilumab_Dupixent_proprietary_raw.csv | Dupilumab_nonproprietary_raw.csv","Dupixent","0024-5919-20","200 mg/1.14mL","INJECTION, SOLUTION","SUBCUTANEOUS","BLA761055","Sanofi-Aventis U.S. LLC","0024-5919","Dupilumab","DUPILUMAB","HUMAN PRESCRIPTION DRUG","06/14/2021","N/A","BLA","2 SYRINGE, GLASS in 1 CARTON (0024-5919-20)  / 1.14 mL in 1 SYRINGE, GLASS (0024-5919-01)","Antibodies,  Monoclonal [CS],  Interleukin 4 Receptor alpha Antagonists [MoA],  Interleukin-4 Receptor alpha Antagonist [EPC]","N/A","No","12/31/2027",0,FALSE,FALSE
"Respiratory:allergy_Medication","Other_Asthma_Medications","Epinephrine",FALSE,"nonproprietary","Epinephrine","Epinephrine_nonproprietary_raw.csv","ADRENALIN (EPINEPHRINE)","51662-1290-1","1 mg/mL","INJECTION","INTRAMUSCULAR; SUBCUTANEOUS","NDA204200","HF Acquisition Co LLC, DBA HealthFirst","51662-1290","ADRENALIN (EPINEPHRINE)","EPINEPHRINE","HUMAN PRESCRIPTION DRUG","09/21/2018","N/A","NDA","1 mL in 1 VIAL, SINGLE-DOSE (51662-1290-1)","Adrenergic alpha-Agonists [MoA],  Adrenergic beta-Agonists [MoA],  Catecholamine [EPC],  Catecholamines [CS],  alpha-Adrenergic Agonist [EPC],  beta-Adrenergic Agonist [EPC]","N/A","No","12/31/2026",0,FALSE,FALSE
"Respiratory:allergy_Medication","Other_Asthma_Medications","Epinephrine",FALSE,"nonproprietary","Epinephrine","Epinephrine_nonproprietary_raw.csv","ADRENALIN (EPINEPHRINE)","51662-1290-3","1 mg/mL","INJECTION","INTRAMUSCULAR; SUBCUTANEOUS","NDA204200","HF Acquisition Co LLC, DBA HealthFirst","51662-1290","ADRENALIN (EPINEPHRINE)","EPINEPHRINE","HUMAN PRESCRIPTION DRUG","04/29/2020","N/A","NDA","25 POUCH in 1 CASE (51662-1290-3)  / 1 mL in 1 POUCH (51662-1290-2)","Adrenergic alpha-Agonists [MoA],  Adrenergic beta-Agonists [MoA],  Catecholamine [EPC],  Catecholamines [CS],  alpha-Adrenergic Agonist [EPC],  beta-Adrenergic Agonist [EPC]","N/A","No","12/31/2026",0,FALSE,FALSE
"Respiratory:allergy_Medication","Other_Asthma_Medications","Epinephrine",FALSE,"nonproprietary","Epinephrine","Epinephrine_nonproprietary_raw.csv","ANTI AGE STRESS","17089-067-20","15 [hp_C]/4g,                         4  [hp_C]/4g,                         5  [hp_C]/4g,                         8  [hp_X]/4g,                         8  [hp_X]/4g,                         7  [hp_C]/4g,                         7  [hp_C]/4g,                         7  [hp_C]/4g,                         9  [hp_C]/4g,                         9  [hp_C]/4g,                         3  [hp_X]/4g,                         3  [hp_X]/4g,                         4  [hp_C]/4g,                         9  [hp_C]/4g,                         4  [hp_C]/4g,                         4  [hp_C]/4g,                         5  [hp_C]/4g,                         8  [hp_X]/4g","PELLET","ORAL",NA,"Guna spa","17089-067","acetylcysteine - ballota foetida - epinephrine - glutathione - interferon gamma-1b - lenograstim - lithium carbonate - melatonin - penicillium glabrum - potassium carbonate - pummelo - rhodotorula rubra - silver nitrate - strychnos nux-vomica seed - sus scrofa cerebral cortex - sus scrofa stomach - sus scrofa superior gastric plexus - sus scrofa thalamus -","ACETYLCYSTEINE;  BALLOTA FOETIDA;  EPINEPHRINE;  GLUTATHIONE;  INTERFERON GAMMA-1B;  LENOGRASTIM;  LITHIUM CARBONATE;  MELATONIN;  PENICILLIUM GLABRUM;  POTASSIUM CARBONATE;  PUMMELO;  RHODOTORULA RUBRA;  SILVER NITRATE;  STRYCHNOS NUX-VOMICA SEED;  SUS SCROFA CEREBRAL CORTEX;  SUS SCROFA STOMACH;  SUS SCROFA SUPERIOR GASTRIC PLEXUS;  SUS SCROFA THALAMUS","HUMAN OTC DRUG","12/21/2018","N/A","UNAPPROVED HOMEOPATHIC","2 TUBE in 1 BOX (17089-067-20)  / 4 g in 1 TUBE","Adrenergic alpha-Agonists [MoA],  Adrenergic beta-Agonists [MoA],  Allergens [CS],  Allergens [CS],  Antidote [EPC],  Antidote for Acetaminophen Overdose [EPC],  Catecholamine [EPC],  Catecholamines [CS],  Cell-mediated Immunity [PE],  Cell-mediated Immunity [PE],  Decreased Respiratory Secretion Viscosity [PE],  Fungal Proteins [CS],  Increased Glutathione Concentration [PE],  Increased Histamine Release [PE],  Increased Histamine Release [PE],  Increased IgG Production [PE],  Increased IgG Production [PE],  Interferon gamma [EPC],  Interferon-gamma [CS],  Mood Stabilizer [EPC],  Mucolytic [EPC],  Non-Standardized Fungal Allergenic Extract [EPC],  Non-Standardized Plant Allergenic Extract [EPC],  Plant Proteins [CS],  Reduction Activity [MoA],  Seed Storage Proteins [CS],  alpha-Adrenergic Agonist [EPC],  beta-Adrenergic Agonist [EPC]","N/A","No","12/31/2026",0,FALSE,FALSE
"Respiratory:allergy_Medication","Other_Asthma_Medications","Epinephrine",FALSE,"nonproprietary","Epinephrine","Epinephrine_nonproprietary_raw.csv","ARTICAINE","43128-101-05","40 mg/mL,                         .01  mg/mL","INJECTION, SOLUTION","SUBMUCOSAL","NDA020971","NDC, Inc.","43128-101","Articaine Hydrochloride and Epinephrine","ARTICAINE HYDROCHLORIDE;  EPINEPHRINE BITARTRATE","HUMAN PRESCRIPTION DRUG","06/22/2015","N/A","NDA AUTHORIZED GENERIC","50 CARTRIDGE in 1 CARTON (43128-101-05)  / 1.7 mL in 1 CARTRIDGE","Adrenergic alpha-Agonists [MoA],  Adrenergic beta-Agonists [MoA],  Amide Local Anesthetic [EPC],  Amides [CS],  Catecholamine [EPC],  Catecholamines [CS],  Local Anesthesia [PE],  alpha-Adrenergic Agonist [EPC],  beta-Adrenergic Agonist [EPC]","N/A","No","12/31/2026",0,FALSE,FALSE
"Respiratory:allergy_Medication","Other_Asthma_Medications","Epinephrine",FALSE,"nonproprietary","Epinephrine","Epinephrine_nonproprietary_raw.csv","ARTICAINE","43128-102-05","40 mg/mL,                         .005  mg/mL","INJECTION, SOLUTION","SUBMUCOSAL","NDA020971","NDC, Inc.","43128-102","Articaine Hydrochloride and Epinephrine","ARTICAINE HYDROCHLORIDE;  EPINEPHRINE BITARTRATE","HUMAN PRESCRIPTION DRUG","12/04/2015","N/A","NDA AUTHORIZED GENERIC","50 CARTRIDGE in 1 CARTON (43128-102-05)  / 1.7 mL in 1 CARTRIDGE","Adrenergic alpha-Agonists [MoA],  Adrenergic beta-Agonists [MoA],  Amide Local Anesthetic [EPC],  Amides [CS],  Catecholamine [EPC],  Catecholamines [CS],  Local Anesthesia [PE],  alpha-Adrenergic Agonist [EPC],  beta-Adrenergic Agonist [EPC]","N/A","No","12/31/2026",0,FALSE,FALSE
"Respiratory:allergy_Medication","Other_Asthma_Medications","Epinephrine",FALSE,"nonproprietary","Epinephrine","Epinephrine_nonproprietary_raw.csv","ARTICAINE","50227-1040-5","40 mg/mL,                         .01  mg/mL","INJECTION, SOLUTION","SUBMUCOSAL","NDA020971","Patterson Dental","50227-1040","Articaine Hydrochloride and Epinephrine","ARTICAINE HYDROCHLORIDE;  EPINEPHRINE BITARTRATE","HUMAN PRESCRIPTION DRUG","12/22/2014","N/A","NDA AUTHORIZED GENERIC","50 CARTRIDGE in 1 CARTON (50227-1040-5)  / 1.7 mL in 1 CARTRIDGE","Adrenergic alpha-Agonists [MoA],  Adrenergic beta-Agonists [MoA],  Amide Local Anesthetic [EPC],  Amides [CS],  Catecholamine [EPC],  Catecholamines [CS],  Local Anesthesia [PE],  alpha-Adrenergic Agonist [EPC],  beta-Adrenergic Agonist [EPC]","N/A","No","12/31/2026",0,FALSE,FALSE
"Respiratory:allergy_Medication","Other_Asthma_Medications","Epinephrine",FALSE,"nonproprietary","Epinephrine","Epinephrine_nonproprietary_raw.csv","ARTICAINE","50227-1050-5","40 mg/mL,                         .005  mg/mL","INJECTION, SOLUTION","SUBMUCOSAL","NDA020971","Patterson Dental","50227-1050","Articaine Hydrochloride and Epinephrine","ARTICAINE HYDROCHLORIDE;  EPINEPHRINE BITARTRATE","HUMAN PRESCRIPTION DRUG","12/22/2014","N/A","NDA AUTHORIZED GENERIC","50 CARTRIDGE in 1 CARTON (50227-1050-5)  / 1.7 mL in 1 CARTRIDGE","Adrenergic alpha-Agonists [MoA],  Adrenergic beta-Agonists [MoA],  Amide Local Anesthetic [EPC],  Amides [CS],  Catecholamine [EPC],  Catecholamines [CS],  Local Anesthesia [PE],  alpha-Adrenergic Agonist [EPC],  beta-Adrenergic Agonist [EPC]","N/A","No","12/31/2026",0,FALSE,FALSE
"Respiratory:allergy_Medication","Other_Asthma_Medications","Epinephrine",FALSE,"nonproprietary","Epinephrine","Epinephrine_nonproprietary_raw.csv","ARTICAINE","51004-0102-5","40 mg/mL,                         .005  mg/mL","INJECTION, SOLUTION","SUBMUCOSAL","NDA020971","Novocol Pharmaceutical of Canada, Inc.","51004-0102","Articaine Hydrochloride and Epinephrine","ARTICAINE HYDROCHLORIDE;  EPINEPHRINE BITARTRATE","HUMAN PRESCRIPTION DRUG","12/04/2015","N/A","NDA AUTHORIZED GENERIC","50 CARTRIDGE in 1 CARTON (51004-0102-5)  / 1.7 mL in 1 CARTRIDGE","Adrenergic alpha-Agonists [MoA],  Adrenergic beta-Agonists [MoA],  Amide Local Anesthetic [EPC],  Amides [CS],  Catecholamine [EPC],  Catecholamines [CS],  Local Anesthesia [PE],  alpha-Adrenergic Agonist [EPC],  beta-Adrenergic Agonist [EPC]","N/A","No","12/31/2027",0,FALSE,FALSE
"Respiratory:allergy_Medication","Other_Asthma_Medications","Epinephrine",FALSE,"nonproprietary","Epinephrine","Epinephrine_nonproprietary_raw.csv","ARTICAINE","51004-1010-5","40 mg/mL,                         .01  mg/mL","INJECTION, SOLUTION","SUBMUCOSAL","NDA020971","Novocol Pharmaceutical of Canada, Inc.","51004-1010","Articaine Hydrochloride and Epinephrine","ARTICAINE HYDROCHLORIDE;  EPINEPHRINE BITARTRATE","HUMAN PRESCRIPTION DRUG","06/22/2015","N/A","NDA AUTHORIZED GENERIC","50 CARTRIDGE in 1 CARTON (51004-1010-5)  / 1.7 mL in 1 CARTRIDGE","Adrenergic alpha-Agonists [MoA],  Adrenergic beta-Agonists [MoA],  Amide Local Anesthetic [EPC],  Amides [CS],  Catecholamine [EPC],  Catecholamines [CS],  Local Anesthesia [PE],  alpha-Adrenergic Agonist [EPC],  beta-Adrenergic Agonist [EPC]","N/A","No","12/31/2027",0,FALSE,FALSE
"Respiratory:allergy_Medication","Other_Asthma_Medications","Epinephrine",FALSE,"nonproprietary","Epinephrine","Epinephrine_nonproprietary_raw.csv","ARTICAINE","51004-1040-5","40 mg/mL,                         .01  mg/mL","INJECTION, SOLUTION","SUBMUCOSAL","NDA020971","Novocol Pharmaceutical of Canada, Inc.","51004-1040","Articaine Hydrochloride and Epinephrine","ARTICAINE HYDROCHLORIDE;  EPINEPHRINE BITARTRATE","HUMAN PRESCRIPTION DRUG","12/22/2014","N/A","NDA AUTHORIZED GENERIC","50 CARTRIDGE in 1 CARTON (51004-1040-5)  / 1.7 mL in 1 CARTRIDGE","Adrenergic alpha-Agonists [MoA],  Adrenergic beta-Agonists [MoA],  Amide Local Anesthetic [EPC],  Amides [CS],  Catecholamine [EPC],  Catecholamines [CS],  Local Anesthesia [PE],  alpha-Adrenergic Agonist [EPC],  beta-Adrenergic Agonist [EPC]","N/A","No","12/31/2027",0,FALSE,FALSE
"Respiratory:allergy_Medication","Other_Asthma_Medications","Epinephrine",FALSE,"nonproprietary","Epinephrine","Epinephrine_nonproprietary_raw.csv","ARTICAINE","51004-4175-1","40 mg/mL,                         .01  mg/mL","INJECTION, SOLUTION","SUBMUCOSAL","NDA020971","Novocol Pharmaceutical of Canada, Inc.","51004-4175","Articaine Hydrochloride and Epinephrine","ARTICAINE HYDROCHLORIDE;  EPINEPHRINE BITARTRATE","HUMAN PRESCRIPTION DRUG","04/04/2016","N/A","NDA AUTHORIZED GENERIC","50 CARTRIDGE in 1 CARTON (51004-4175-1)  / 1.7 mL in 1 CARTRIDGE","Adrenergic alpha-Agonists [MoA],  Adrenergic beta-Agonists [MoA],  Amide Local Anesthetic [EPC],  Amides [CS],  Catecholamine [EPC],  Catecholamines [CS],  Local Anesthesia [PE],  alpha-Adrenergic Agonist [EPC],  beta-Adrenergic Agonist [EPC]","N/A","No","12/31/2027",0,FALSE,FALSE
"Respiratory:allergy_Medication","Other_Asthma_Medications","Epinephrine",FALSE,"nonproprietary","Epinephrine","Epinephrine_nonproprietary_raw.csv","ARTICAINE","51004-4185-1","40 mg/mL,                         .005  mg/mL","INJECTION, SOLUTION","SUBMUCOSAL","NDA020971","Novocol Pharmaceutical of Canada, Inc.","51004-4185","Articaine Hydrochloride and Epinephrine","ARTICAINE HYDROCHLORIDE;  EPINEPHRINE BITARTRATE","HUMAN PRESCRIPTION DRUG","04/04/2016","N/A","NDA AUTHORIZED GENERIC","50 CARTRIDGE in 1 CARTON (51004-4185-1)  / 1.7 mL in 1 CARTRIDGE","Adrenergic alpha-Agonists [MoA],  Adrenergic beta-Agonists [MoA],  Amide Local Anesthetic [EPC],  Amides [CS],  Catecholamine [EPC],  Catecholamines [CS],  Local Anesthesia [PE],  alpha-Adrenergic Agonist [EPC],  beta-Adrenergic Agonist [EPC]","N/A","No","12/31/2027",0,FALSE,FALSE
"Respiratory:allergy_Medication","Other_Asthma_Medications","Epinephrine",FALSE,"nonproprietary","Epinephrine","Epinephrine_nonproprietary_raw.csv","ARTICAINE","66975-417-51","40 mg/mL,                         .01  mg/mL","INJECTION, SOLUTION","SUBMUCOSAL","NDA020971","Benco Dental","66975-417","Articaine Hydrochloride and Epinephrine","ARTICAINE HYDROCHLORIDE;  EPINEPHRINE BITARTRATE","HUMAN PRESCRIPTION DRUG","04/04/2016","N/A","NDA AUTHORIZED GENERIC","50 CARTRIDGE in 1 CARTON (66975-417-51)  / 1.7 mL in 1 CARTRIDGE","Adrenergic alpha-Agonists [MoA],  Adrenergic beta-Agonists [MoA],  Amide Local Anesthetic [EPC],  Amides [CS],  Catecholamine [EPC],  Catecholamines [CS],  Local Anesthesia [PE],  alpha-Adrenergic Agonist [EPC],  beta-Adrenergic Agonist [EPC]","N/A","No","12/31/2026",0,FALSE,FALSE
"Respiratory:allergy_Medication","Other_Asthma_Medications","Epinephrine",FALSE,"nonproprietary","Epinephrine","Epinephrine_nonproprietary_raw.csv","ARTICAINE","66975-418-51","40 mg/mL,                         .005  mg/mL","INJECTION, SOLUTION","SUBMUCOSAL","NDA020971","Benco Dental","66975-418","Articaine Hydrochloride and Epinephrine","ARTICAINE HYDROCHLORIDE;  EPINEPHRINE BITARTRATE","HUMAN PRESCRIPTION DRUG","04/04/2016","N/A","NDA AUTHORIZED GENERIC","50 CARTRIDGE in 1 CARTON (66975-418-51)  / 1.7 mL in 1 CARTRIDGE","Adrenergic alpha-Agonists [MoA],  Adrenergic beta-Agonists [MoA],  Amide Local Anesthetic [EPC],  Amides [CS],  Catecholamine [EPC],  Catecholamines [CS],  Local Anesthesia [PE],  alpha-Adrenergic Agonist [EPC],  beta-Adrenergic Agonist [EPC]","N/A","No","12/31/2026",0,FALSE,FALSE
"Respiratory:allergy_Medication","Other_Asthma_Medications","Epinephrine",FALSE,"nonproprietary","Epinephrine","Epinephrine_nonproprietary_raw.csv","Adrenalin","42023-159-25","1 mg/mL","INJECTION","INTRAMUSCULAR; INTRAVENOUS; SUBCUTANEOUS","NDA204200","Par Health USA, LLC","42023-159","epinephrine","EPINEPHRINE","HUMAN PRESCRIPTION DRUG","07/01/2013","N/A","NDA","25 VIAL in 1 CARTON (42023-159-25)  / 1 mL in 1 VIAL (42023-159-01)","Adrenergic alpha-Agonists [MoA],  Adrenergic beta-Agonists [MoA],  Catecholamine [EPC],  Catecholamines [CS],  alpha-Adrenergic Agonist [EPC],  beta-Adrenergic Agonist [EPC]","N/A","No","12/31/2027",0,FALSE,FALSE
"Respiratory:allergy_Medication","Other_Asthma_Medications","Epinephrine",FALSE,"nonproprietary","Epinephrine","Epinephrine_nonproprietary_raw.csv","Adrenalin","42023-168-01","1 mg/mL","INJECTION","INTRAMUSCULAR; INTRAVENOUS; SUBCUTANEOUS","NDA204640","Par Health USA, LLC","42023-168","epinephrine","EPINEPHRINE","HUMAN PRESCRIPTION DRUG","03/01/2014","N/A","NDA","1 VIAL in 1 CARTON (42023-168-01)  / 30 mL in 1 VIAL","Adrenergic alpha-Agonists [MoA],  Adrenergic beta-Agonists [MoA],  Catecholamine [EPC],  Catecholamines [CS],  alpha-Adrenergic Agonist [EPC],  beta-Adrenergic Agonist [EPC]","N/A","No","12/31/2027",0,FALSE,FALSE
"Respiratory:allergy_Medication","Other_Asthma_Medications","Epinephrine",FALSE,"nonproprietary","Epinephrine","Epinephrine_nonproprietary_raw.csv","Adrenalin","42023-168-89","1 mg/mL","INJECTION","INTRAMUSCULAR; INTRAVENOUS; SUBCUTANEOUS","NDA204640","Par Health USA, LLC","42023-168","epinephrine","EPINEPHRINE","HUMAN PRESCRIPTION DRUG","12/04/2020","N/A","NDA","1 VIAL in 1 CARTON (42023-168-89)  / 30 mL in 1 VIAL","Adrenergic alpha-Agonists [MoA],  Adrenergic beta-Agonists [MoA],  Catecholamine [EPC],  Catecholamines [CS],  alpha-Adrenergic Agonist [EPC],  beta-Adrenergic Agonist [EPC]","N/A","No","12/31/2027",0,FALSE,FALSE
"Respiratory:allergy_Medication","Other_Asthma_Medications","Epinephrine",FALSE,"nonproprietary","Epinephrine","Epinephrine_nonproprietary_raw.csv","Adrenalin","42023-168-99","1 mg/mL","INJECTION","INTRAMUSCULAR; INTRAVENOUS; SUBCUTANEOUS","NDA204640","Par Health USA, LLC","42023-168","epinephrine","EPINEPHRINE","HUMAN PRESCRIPTION DRUG","12/04/2020","N/A","NDA","1 VIAL in 1 CARTON (42023-168-99)  / 30 mL in 1 VIAL","Adrenergic alpha-Agonists [MoA],  Adrenergic beta-Agonists [MoA],  Catecholamine [EPC],  Catecholamines [CS],  alpha-Adrenergic Agonist [EPC],  beta-Adrenergic Agonist [EPC]","N/A","No","12/31/2027",0,FALSE,FALSE
"Respiratory:allergy_Medication","Other_Asthma_Medications","Epinephrine",FALSE,"nonproprietary","Epinephrine","Epinephrine_nonproprietary_raw.csv","Adrenalin","70518-1342-0","1 mg/mL","INJECTION","INTRAMUSCULAR; INTRAVENOUS; SUBCUTANEOUS","NDA204200","REMEDYREPACK INC.","70518-1342","epinephrine","EPINEPHRINE","HUMAN PRESCRIPTION DRUG","08/03/2018","N/A","NDA","25 VIAL in 1 CARTON (70518-1342-0)  / 1 mL in 1 VIAL (70518-1342-1)","Adrenergic alpha-Agonists [MoA],  Adrenergic beta-Agonists [MoA],  Catecholamine [EPC],  Catecholamines [CS],  alpha-Adrenergic Agonist [EPC],  beta-Adrenergic Agonist [EPC]","N/A","No","12/31/2027",0,FALSE,FALSE
"Respiratory:allergy_Medication","Other_Asthma_Medications","Epinephrine",FALSE,"nonproprietary","Epinephrine","Epinephrine_nonproprietary_raw.csv","Adrenalin","71872-7223-1","1 mg/mL","INJECTION","INTRAMUSCULAR; INTRAVENOUS; SUBCUTANEOUS","NDA204200","Medical Purchasing Solutions, LLC","71872-7223","epinephrine","EPINEPHRINE","HUMAN PRESCRIPTION DRUG","11/17/2020","N/A","NDA","1 VIAL in 1 BAG (71872-7223-1)  / 1 mL in 1 VIAL","Adrenergic alpha-Agonists [MoA],  Adrenergic beta-Agonists [MoA],  Catecholamine [EPC],  Catecholamines [CS],  alpha-Adrenergic Agonist [EPC],  beta-Adrenergic Agonist [EPC]","N/A","No","12/31/2026",0,FALSE,FALSE
"Respiratory:allergy_Medication","Other_Asthma_Medications","Epinephrine",FALSE,"nonproprietary","Epinephrine","Epinephrine_nonproprietary_raw.csv","Adrenalin","84549-159-25","1 mg/mL","INJECTION","INTRAMUSCULAR; INTRAVENOUS; SUBCUTANEOUS","NDA204200","ProPharma Distribution","84549-159","epinephrine","EPINEPHRINE","HUMAN PRESCRIPTION DRUG","09/16/2025","N/A","NDA","1 mL in 1 VIAL (84549-159-25)","Adrenergic alpha-Agonists [MoA],  Adrenergic beta-Agonists [MoA],  Catecholamine [EPC],  Catecholamines [CS],  alpha-Adrenergic Agonist [EPC],  beta-Adrenergic Agonist [EPC]","N/A","No","12/31/2026",0,FALSE,FALSE
"Respiratory:allergy_Medication","Other_Asthma_Medications","Epinephrine",FALSE,"nonproprietary","Epinephrine","Epinephrine_nonproprietary_raw.csv","Adrenalin (epinephrine in sodium chloride)","42023-273-10","8 ug/mL","INJECTION","INTRAVENOUS","NDA215875","Par Health USA, LLC","42023-273","Epinephrine in Sodium Chloride","EPINEPHRINE","HUMAN PRESCRIPTION DRUG","05/14/2025","N/A","NDA","10 BAG in 1 CARTON (42023-273-10)  / 250 mL in 1 BAG (42023-273-01)","Adrenergic alpha-Agonists [MoA],  Adrenergic beta-Agonists [MoA],  Catecholamine [EPC],  Catecholamines [CS],  alpha-Adrenergic Agonist [EPC],  beta-Adrenergic Agonist [EPC]","N/A","No","12/31/2027",0,FALSE,FALSE
"Respiratory:allergy_Medication","Other_Asthma_Medications","Epinephrine",FALSE,"nonproprietary","Epinephrine","Epinephrine_nonproprietary_raw.csv","Adrenalin (epinephrine in sodium chloride)","42023-315-10","16 ug/mL","INJECTION","INTRAVENOUS","NDA215875","Par Health USA, LLC","42023-315","Epinephrine in Sodium Chloride","EPINEPHRINE","HUMAN PRESCRIPTION DRUG","10/04/2024","N/A","NDA","10 BAG in 1 CARTON (42023-315-10)  / 250 mL in 1 BAG (42023-315-01)","Adrenergic alpha-Agonists [MoA],  Adrenergic beta-Agonists [MoA],  Catecholamine [EPC],  Catecholamines [CS],  alpha-Adrenergic Agonist [EPC],  beta-Adrenergic Agonist [EPC]","N/A","No","12/31/2027",0,FALSE,FALSE
"Respiratory:allergy_Medication","Other_Asthma_Medications","Epinephrine",FALSE,"nonproprietary","Epinephrine","Epinephrine_nonproprietary_raw.csv","Adrenalin (epinephrine in sodium chloride)","42023-434-10","20 ug/mL","INJECTION","INTRAVENOUS","NDA215875","Par Health USA, LLC","42023-434","Epinephrine in Sodium Chloride","EPINEPHRINE","HUMAN PRESCRIPTION DRUG","05/14/2025","N/A","NDA","10 BAG in 1 CARTON (42023-434-10)  / 250 mL in 1 BAG (42023-434-01)","Adrenergic alpha-Agonists [MoA],  Adrenergic beta-Agonists [MoA],  Catecholamine [EPC],  Catecholamines [CS],  alpha-Adrenergic Agonist [EPC],  beta-Adrenergic Agonist [EPC]","N/A","No","12/31/2027",0,FALSE,FALSE
"Respiratory:allergy_Medication","Other_Asthma_Medications","Epinephrine",FALSE,"nonproprietary","Epinephrine","Epinephrine_nonproprietary_raw.csv","Adrenalin (epinephrine in sodium chloride)","42023-500-10","32 ug/mL","INJECTION","INTRAVENOUS","NDA215875","Par Health USA, LLC","42023-500","Epinephrine in Sodium Chloride","EPINEPHRINE","HUMAN PRESCRIPTION DRUG","05/19/2025","N/A","NDA","10 BAG in 1 CARTON (42023-500-10)  / 250 mL in 1 BAG (42023-500-01)","Adrenergic alpha-Agonists [MoA],  Adrenergic beta-Agonists [MoA],  Catecholamine [EPC],  Catecholamines [CS],  alpha-Adrenergic Agonist [EPC],  beta-Adrenergic Agonist [EPC]","N/A","No","12/31/2027",0,FALSE,FALSE
"Respiratory:allergy_Medication","Other_Asthma_Medications","Epinephrine",FALSE,"nonproprietary","Epinephrine","Epinephrine_nonproprietary_raw.csv","Adrenalin (epinephrine in sodium chloride)","42023-721-10","40 ug/mL","INJECTION","INTRAVENOUS","NDA215875","Par Health USA, LLC","42023-721","Epinephrine in Sodium Chloride","EPINEPHRINE","HUMAN PRESCRIPTION DRUG","05/14/2025","N/A","NDA","10 BAG in 1 CARTON (42023-721-10)  / 250 mL in 1 BAG (42023-721-01)","Adrenergic alpha-Agonists [MoA],  Adrenergic beta-Agonists [MoA],  Catecholamine [EPC],  Catecholamines [CS],  alpha-Adrenergic Agonist [EPC],  beta-Adrenergic Agonist [EPC]","N/A","No","12/31/2027",0,FALSE,FALSE
"Respiratory:allergy_Medication","Other_Asthma_Medications","Epinephrine",FALSE,"nonproprietary","Epinephrine","Epinephrine_nonproprietary_raw.csv","Adrenalin Vials","70385-2024-2","1 mg/mL","INJECTION","INTRAMUSCULAR; INTRAVENOUS; SUBCUTANEOUS","NDA204200","Sina Health Inc","70385-2024","epinephrine","EPINEPHRINE","HUMAN PRESCRIPTION DRUG","07/01/2013","N/A","NDA","2 VIAL in 1 PACKAGE (70385-2024-2)  / 1 mL in 1 VIAL","Adrenergic alpha-Agonists [MoA],  Adrenergic beta-Agonists [MoA],  Catecholamine [EPC],  Catecholamines [CS],  alpha-Adrenergic Agonist [EPC],  beta-Adrenergic Agonist [EPC]","N/A","No","12/31/2027",0,FALSE,FALSE
"Respiratory:allergy_Medication","Other_Asthma_Medications","Epinephrine",FALSE,"nonproprietary","Epinephrine","Epinephrine_nonproprietary_raw.csv","Adrenalinum","0220-0076-41","30 [hp_C]/30[hp_C]","PELLET","ORAL",NA,"Boiron","0220-0076","EPINEPHRINE","EPINEPHRINE","HUMAN OTC DRUG","03/03/1983","N/A","UNAPPROVED HOMEOPATHIC","30 [hp_C] in 1 TUBE (0220-0076-41)","Adrenergic alpha-Agonists [MoA],  Adrenergic beta-Agonists [MoA],  Catecholamine [EPC],  Catecholamines [CS],  alpha-Adrenergic Agonist [EPC],  beta-Adrenergic Agonist [EPC]","N/A","No","12/31/2026",0,FALSE,FALSE
"Respiratory:allergy_Medication","Other_Asthma_Medications","Epinephrine",FALSE,"nonproprietary","Epinephrine","Epinephrine_nonproprietary_raw.csv","Adrenalinum","0220-0078-41","200 [kp_C]/200[kp_C]","PELLET","ORAL",NA,"Boiron","0220-0078","EPINEPHRINE","EPINEPHRINE","HUMAN PRESCRIPTION DRUG","03/03/1983","N/A","UNAPPROVED HOMEOPATHIC","200 [kp_C] in 1 TUBE (0220-0078-41)","Adrenergic alpha-Agonists [MoA],  Adrenergic beta-Agonists [MoA],  Catecholamine [EPC],  Catecholamines [CS],  alpha-Adrenergic Agonist [EPC],  beta-Adrenergic Agonist [EPC]","N/A","No","12/31/2026",0,FALSE,FALSE
"Respiratory:allergy_Medication","Other_Asthma_Medications","Epinephrine",FALSE,"nonproprietary","Epinephrine","Epinephrine_nonproprietary_raw.csv","Articadent","66312-601-16","40 mg/mL,                         .01  mg/mL","INJECTION, SOLUTION","SUBMUCOSAL","NDA020971","Dentsply Pharmaceutical","66312-601","Articaine hydrochloride and Epinephrine Bitartrate","ARTICAINE HYDROCHLORIDE;  EPINEPHRINE BITARTRATE","HUMAN PRESCRIPTION DRUG","09/01/2009","N/A","NDA AUTHORIZED GENERIC","50 CARTRIDGE in 1 CARTON (66312-601-16)  / 1.7 mL in 1 CARTRIDGE","Adrenergic alpha-Agonists [MoA],  Adrenergic beta-Agonists [MoA],  Amide Local Anesthetic [EPC],  Amides [CS],  Catecholamine [EPC],  Catecholamines [CS],  Local Anesthesia [PE],  alpha-Adrenergic Agonist [EPC],  beta-Adrenergic Agonist [EPC]","N/A","No","12/31/2026",0,FALSE,FALSE
"Respiratory:allergy_Medication","Other_Asthma_Medications","Epinephrine",FALSE,"nonproprietary","Epinephrine","Epinephrine_nonproprietary_raw.csv","Articadent","66312-602-16","40 mg/mL,                         .005  mg/mL","INJECTION, SOLUTION","SUBMUCOSAL","NDA020971","Dentsply Pharmaceutical","66312-602","Articaine hydrochloride and Epinephrine Bitartrate","ARTICAINE HYDROCHLORIDE;  EPINEPHRINE BITARTRATE","HUMAN PRESCRIPTION DRUG","09/01/2009","N/A","NDA AUTHORIZED GENERIC","50 CARTRIDGE in 1 CARTON (66312-602-16)  / 1.7 mL in 1 CARTRIDGE","Adrenergic alpha-Agonists [MoA],  Adrenergic beta-Agonists [MoA],  Amide Local Anesthetic [EPC],  Amides [CS],  Catecholamine [EPC],  Catecholamines [CS],  Local Anesthesia [PE],  alpha-Adrenergic Agonist [EPC],  beta-Adrenergic Agonist [EPC]","N/A","No","12/31/2026",0,FALSE,FALSE
"Respiratory:allergy_Medication","Other_Asthma_Medications","Epinephrine",FALSE,"nonproprietary","Epinephrine","Epinephrine_nonproprietary_raw.csv","Articaine HCl and Epinephrine","67239-0209-1","40 mg/mL,                         10  ug/mL","INJECTION","SUBMUCOSAL","NDA022466","Safco Dental Supply Co.","67239-0209","articaine hydrochloride and epinephrine bitartrate","ARTICAINE HYDROCHLORIDE;  EPINEPHRINE BITARTRATE","HUMAN PRESCRIPTION DRUG","06/01/2016","N/A","NDA AUTHORIZED GENERIC","50 CARTRIDGE in 1 CARTON (67239-0209-1)  / 1.8 mL in 1 CARTRIDGE","Adrenergic alpha-Agonists [MoA],  Adrenergic beta-Agonists [MoA],  Amide Local Anesthetic [EPC],  Amides [CS],  Catecholamine [EPC],  Catecholamines [CS],  Local Anesthesia [PE],  alpha-Adrenergic Agonist [EPC],  beta-Adrenergic Agonist [EPC]","N/A","No","12/31/2026",0,FALSE,FALSE
"Respiratory:allergy_Medication","Other_Asthma_Medications","Epinephrine",FALSE,"nonproprietary","Epinephrine","Epinephrine_nonproprietary_raw.csv","Articaine HCl and Epinephrine","67239-0210-1","40 mg/mL,                         5  ug/mL","INJECTION","SUBMUCOSAL","NDA022466","Safco Dental Supply Co.","67239-0210","articaine hydrochloride and epinephrine bitartrate","ARTICAINE HYDROCHLORIDE;  EPINEPHRINE BITARTRATE","HUMAN PRESCRIPTION DRUG","06/01/2016","N/A","NDA AUTHORIZED GENERIC","50 CARTRIDGE in 1 CARTON (67239-0210-1)  / 1.8 mL in 1 CARTRIDGE","Adrenergic alpha-Agonists [MoA],  Adrenergic beta-Agonists [MoA],  Amide Local Anesthetic [EPC],  Amides [CS],  Catecholamine [EPC],  Catecholamines [CS],  Local Anesthesia [PE],  alpha-Adrenergic Agonist [EPC],  beta-Adrenergic Agonist [EPC]","N/A","No","12/31/2026",0,FALSE,FALSE
"Respiratory:allergy_Medication","Other_Asthma_Medications","Epinephrine",FALSE,"nonproprietary","Epinephrine","Epinephrine_nonproprietary_raw.csv","Articaine Hydrochloride and Epinephrine","0404-6620-05","40 mg/mL,                         .01  mg/mL","INJECTION, SOLUTION","SUBMUCOSAL","NDA020971","Henry Schein","0404-6620","Articaine Hydrochloride and Epinephrine","ARTICAINE HYDROCHLORIDE;  EPINEPHRINE BITARTRATE","HUMAN PRESCRIPTION DRUG","01/28/2015","N/A","NDA AUTHORIZED GENERIC","50 CARTRIDGE in 1 CARTON (0404-6620-05)  / 1.7 mL in 1 CARTRIDGE","Adrenergic alpha-Agonists [MoA],  Adrenergic beta-Agonists [MoA],  Amide Local Anesthetic [EPC],  Amides [CS],  Catecholamine [EPC],  Catecholamines [CS],  Local Anesthesia [PE],  alpha-Adrenergic Agonist [EPC],  beta-Adrenergic Agonist [EPC]","N/A","No","12/31/2026",0,FALSE,FALSE
"Respiratory:allergy_Medication","Other_Asthma_Medications","Epinephrine",FALSE,"nonproprietary","Epinephrine","Epinephrine_nonproprietary_raw.csv","Articaine Hydrochloride and Epinephrine","0404-6625-05","40 mg/mL,                         .005  mg/mL","INJECTION, SOLUTION","SUBMUCOSAL","NDA020971","Henry Schein","0404-6625","Articaine Hydrochloride and Epinephrine","ARTICAINE HYDROCHLORIDE;  EPINEPHRINE BITARTRATE","HUMAN PRESCRIPTION DRUG","01/28/2014","N/A","NDA AUTHORIZED GENERIC","50 CARTRIDGE in 1 CARTON (0404-6625-05)  / 1.7 mL in 1 CARTRIDGE","Adrenergic alpha-Agonists [MoA],  Adrenergic beta-Agonists [MoA],  Amide Local Anesthetic [EPC],  Amides [CS],  Catecholamine [EPC],  Catecholamines [CS],  Local Anesthesia [PE],  alpha-Adrenergic Agonist [EPC],  beta-Adrenergic Agonist [EPC]","N/A","No","12/31/2026",0,FALSE,FALSE
"Respiratory:allergy_Medication","Other_Asthma_Medications","Epinephrine",FALSE,"nonproprietary","Epinephrine","Epinephrine_nonproprietary_raw.csv","Articaine Hydrochloride and Epinephrine","43498-816-01","40 mg/mL,                         10  ug/mL","INJECTION, SOLUTION","SUBMUCOSAL","NDA022466","Burkhart Dental Supply Co., Inc","43498-816","ARTICAINE HYDROCHLORIDE, EPINEPHRINE BITARTRATE","ARTICAINE HYDROCHLORIDE;  EPINEPHRINE BITARTRATE","HUMAN PRESCRIPTION DRUG","11/04/2024","N/A","NDA AUTHORIZED GENERIC","50 CARTRIDGE in 1 BOX (43498-816-01)  / 1.8 mL in 1 CARTRIDGE","Adrenergic alpha-Agonists [MoA],  Adrenergic beta-Agonists [MoA],  Amide Local Anesthetic [EPC],  Amides [CS],  Catecholamine [EPC],  Catecholamines [CS],  Local Anesthesia [PE],  alpha-Adrenergic Agonist [EPC],  beta-Adrenergic Agonist [EPC]","N/A","No","12/31/2026",0,FALSE,FALSE
"Respiratory:allergy_Medication","Other_Asthma_Medications","Epinephrine",FALSE,"nonproprietary","Epinephrine","Epinephrine_nonproprietary_raw.csv","Articaine Hydrochloride and Epinephrine","43498-993-01","40 mg/mL,                         5  ug/mL","INJECTION, SOLUTION","SUBMUCOSAL","NDA022466","Burkhart Dental Supply Co., Inc","43498-993","ARTICAINE HYDROCHLORIDE, EPINEPHRINE BITARTRATE","ARTICAINE HYDROCHLORIDE;  EPINEPHRINE BITARTRATE","HUMAN PRESCRIPTION DRUG","11/04/2024","N/A","NDA AUTHORIZED GENERIC","50 CARTRIDGE in 1 BOX (43498-993-01)  / 1.8 mL in 1 CARTRIDGE","Adrenergic alpha-Agonists [MoA],  Adrenergic beta-Agonists [MoA],  Amide Local Anesthetic [EPC],  Amides [CS],  Catecholamine [EPC],  Catecholamines [CS],  Local Anesthesia [PE],  alpha-Adrenergic Agonist [EPC],  beta-Adrenergic Agonist [EPC]","N/A","No","12/31/2026",0,FALSE,FALSE
"Respiratory:allergy_Medication","Other_Asthma_Medications","Epinephrine",FALSE,"nonproprietary","Epinephrine","Epinephrine_nonproprietary_raw.csv","Articaine Hydrochloride and Epinephrine","51004-6620-5","40 mg/mL,                         .01  mg/mL","INJECTION, SOLUTION","SUBMUCOSAL","NDA020971","Novocol Pharmaceutical of Canada, Inc.","51004-6620","Articaine Hydrochloride and Epinephrine","ARTICAINE HYDROCHLORIDE;  EPINEPHRINE BITARTRATE","HUMAN PRESCRIPTION DRUG","01/28/2015","N/A","NDA AUTHORIZED GENERIC","50 CARTRIDGE in 1 CARTON (51004-6620-5)  / 1.7 mL in 1 CARTRIDGE","Adrenergic alpha-Agonists [MoA],  Adrenergic beta-Agonists [MoA],  Amide Local Anesthetic [EPC],  Amides [CS],  Catecholamine [EPC],  Catecholamines [CS],  Local Anesthesia [PE],  alpha-Adrenergic Agonist [EPC],  beta-Adrenergic Agonist [EPC]","N/A","No","12/31/2027",0,FALSE,FALSE
"Respiratory:allergy_Medication","Other_Asthma_Medications","Epinephrine",FALSE,"nonproprietary","Epinephrine","Epinephrine_nonproprietary_raw.csv","Articaine Hydrochloride and Epinephrine","51004-6625-5","40 mg/mL,                         .005  mg/mL","INJECTION, SOLUTION","SUBMUCOSAL","NDA020971","Novocol Pharmaceutical of Canada, Inc.","51004-6625","Articaine Hydrochloride and Epinephrine","ARTICAINE HYDROCHLORIDE;  EPINEPHRINE BITARTRATE","HUMAN PRESCRIPTION DRUG","01/28/2014","N/A","NDA AUTHORIZED GENERIC","50 CARTRIDGE in 1 CARTON (51004-6625-5)  / 1.7 mL in 1 CARTRIDGE","Adrenergic alpha-Agonists [MoA],  Adrenergic beta-Agonists [MoA],  Amide Local Anesthetic [EPC],  Amides [CS],  Catecholamine [EPC],  Catecholamines [CS],  Local Anesthesia [PE],  alpha-Adrenergic Agonist [EPC],  beta-Adrenergic Agonist [EPC]","N/A","No","12/31/2027",0,FALSE,FALSE
"Respiratory:allergy_Medication","Other_Asthma_Medications","Epinephrine",FALSE,"nonproprietary","Epinephrine","Epinephrine_nonproprietary_raw.csv","Auvi-Q","60842-021-02",".1 mg/.1mL","INJECTION, SOLUTION","INTRAMUSCULAR","NDA201739","kaleo, Inc","60842-021","epinephrine","EPINEPHRINE","HUMAN PRESCRIPTION DRUG","09/05/2024","N/A","NDA","2 DOSE PACK in 1 CARTON (60842-021-02)  / .1 mL in 1 DOSE PACK","Adrenergic alpha-Agonists [MoA],  Adrenergic beta-Agonists [MoA],  Catecholamine [EPC],  Catecholamines [CS],  alpha-Adrenergic Agonist [EPC],  beta-Adrenergic Agonist [EPC]","N/A","No","12/31/2026",0,FALSE,FALSE
"Respiratory:allergy_Medication","Other_Asthma_Medications","Epinephrine",FALSE,"nonproprietary","Epinephrine","Epinephrine_nonproprietary_raw.csv","Auvi-Q","60842-022-02",".15 mg/.15mL","INJECTION, SOLUTION","INTRAMUSCULAR","NDA201739","kaleo, Inc","60842-022","epinephrine","EPINEPHRINE","HUMAN PRESCRIPTION DRUG","11/05/2024","N/A","NDA","2 DOSE PACK in 1 CARTON (60842-022-02)  / .15 mL in 1 DOSE PACK","Adrenergic alpha-Agonists [MoA],  Adrenergic beta-Agonists [MoA],  Catecholamine [EPC],  Catecholamines [CS],  alpha-Adrenergic Agonist [EPC],  beta-Adrenergic Agonist [EPC]","N/A","No","12/31/2026",0,FALSE,FALSE
"Respiratory:allergy_Medication","Other_Asthma_Medications","Epinephrine",FALSE,"nonproprietary","Epinephrine","Epinephrine_nonproprietary_raw.csv","Auvi-Q","60842-023-02",".3 mg/.3mL","INJECTION, SOLUTION","INTRAMUSCULAR","NDA201739","kaleo, Inc","60842-023","epinephrine","EPINEPHRINE","HUMAN PRESCRIPTION DRUG","09/10/2024","N/A","NDA","2 DOSE PACK in 1 CARTON (60842-023-02)  / .3 mL in 1 DOSE PACK","Adrenergic alpha-Agonists [MoA],  Adrenergic beta-Agonists [MoA],  Catecholamine [EPC],  Catecholamines [CS],  alpha-Adrenergic Agonist [EPC],  beta-Adrenergic Agonist [EPC]","N/A","No","12/31/2026",0,FALSE,FALSE
"Respiratory:allergy_Medication","Other_Asthma_Medications","Epinephrine",FALSE,"nonproprietary","Epinephrine","Epinephrine_nonproprietary_raw.csv","Auvi-Q","71872-7172-1",".15 mg/.15mL","INJECTION, SOLUTION","INTRAMUSCULAR","NDA201739","Medical Purchasing Solutions, LLC","71872-7172","epinephrine","EPINEPHRINE","HUMAN PRESCRIPTION DRUG","07/15/2019","N/A","NDA","1 DOSE PACK in 1 BAG (71872-7172-1)  / .15 mL in 1 DOSE PACK","Adrenergic alpha-Agonists [MoA],  Adrenergic beta-Agonists [MoA],  Catecholamine [EPC],  Catecholamines [CS],  alpha-Adrenergic Agonist [EPC],  beta-Adrenergic Agonist [EPC]","N/A","No","12/31/2026",0,FALSE,FALSE
"Respiratory:allergy_Medication","Other_Asthma_Medications","Epinephrine",FALSE,"nonproprietary","Epinephrine","Epinephrine_nonproprietary_raw.csv","Auvi-Q","71872-7173-1",".3 mg/.3mL","INJECTION, SOLUTION","INTRAMUSCULAR","NDA201739","Medical Purchasing Solutions, LLC","71872-7173","epinephrine","EPINEPHRINE","HUMAN PRESCRIPTION DRUG","07/15/2019","N/A","NDA","1 DOSE PACK in 1 BAG (71872-7173-1)  / .3 mL in 1 DOSE PACK","Adrenergic alpha-Agonists [MoA],  Adrenergic beta-Agonists [MoA],  Catecholamine [EPC],  Catecholamines [CS],  alpha-Adrenergic Agonist [EPC],  beta-Adrenergic Agonist [EPC]","N/A","No","12/31/2026",0,FALSE,FALSE
"Respiratory:allergy_Medication","Other_Asthma_Medications","Epinephrine",FALSE,"nonproprietary","Epinephrine","Epinephrine_nonproprietary_raw.csv","Auvi-Q","71872-7329-1",".3 mg/.3mL","INJECTION, SOLUTION","INTRAMUSCULAR","NDA201739","Medical Purchasing Solutions, LLC","71872-7329","epinephrine","EPINEPHRINE","HUMAN PRESCRIPTION DRUG","10/25/2024","N/A","NDA","1 DOSE PACK in 1 BAG (71872-7329-1)  / .3 mL in 1 DOSE PACK","Adrenergic alpha-Agonists [MoA],  Adrenergic beta-Agonists [MoA],  Catecholamine [EPC],  Catecholamines [CS],  alpha-Adrenergic Agonist [EPC],  beta-Adrenergic Agonist [EPC]","N/A","No","12/31/2026",0,FALSE,FALSE
"Respiratory:allergy_Medication","Other_Asthma_Medications","Epinephrine",FALSE,"nonproprietary","Epinephrine","Epinephrine_nonproprietary_raw.csv","Auvi-Q","71872-7333-1",".15 mg/.15mL","INJECTION, SOLUTION","INTRAMUSCULAR","NDA201739","Medical Purchasing Solutions, LLC","71872-7333","epinephrine","EPINEPHRINE","HUMAN PRESCRIPTION DRUG","11/15/2024","N/A","NDA","1 DOSE PACK in 1 BAG (71872-7333-1)  / .15 mL in 1 DOSE PACK","Adrenergic alpha-Agonists [MoA],  Adrenergic beta-Agonists [MoA],  Catecholamine [EPC],  Catecholamines [CS],  alpha-Adrenergic Agonist [EPC],  beta-Adrenergic Agonist [EPC]","N/A","No","12/31/2026",0,FALSE,FALSE
"Respiratory:allergy_Medication","Other_Asthma_Medications","Epinephrine",FALSE,"nonproprietary","Epinephrine","Epinephrine_nonproprietary_raw.csv","BUPIVACAINE HCI AND EPINEPHRINE","51662-1399-1","5 mg/mL,                         .005  mg/mL","INJECTION, SOLUTION","PERINEURAL","ANDA070968","HF Acquisition Co LLC, DBA HealthFirst","51662-1399","BUPIVACAINE HCI AND EPINEPHRINE","BUPIVACAINE HYDROCHLORIDE;  EPINEPHRINE BITARTRATE","HUMAN PRESCRIPTION DRUG","12/09/2019","N/A","ANDA","50 mL in 1 VIAL, MULTI-DOSE (51662-1399-1)","Adrenergic alpha-Agonists [MoA],  Adrenergic beta-Agonists [MoA],  Amide Local Anesthetic [EPC],  Amides [CS],  Catecholamine [EPC],  Catecholamines [CS],  Local Anesthesia [PE],  alpha-Adrenergic Agonist [EPC],  beta-Adrenergic Agonist [EPC]","N/A","No","12/31/2026",0,FALSE,FALSE
"Respiratory:allergy_Medication","Other_Asthma_Medications","Epinephrine",FALSE,"nonproprietary","Epinephrine","Epinephrine_nonproprietary_raw.csv","BUPIVACAINE HCI AND EPINEPHRINE","51662-1399-2","5 mg/mL,                         .005  mg/mL","INJECTION, SOLUTION","PERINEURAL","ANDA070968","HF Acquisition Co LLC, DBA HealthFirst","51662-1399","BUPIVACAINE HCI AND EPINEPHRINE","BUPIVACAINE HYDROCHLORIDE;  EPINEPHRINE BITARTRATE","HUMAN PRESCRIPTION DRUG","01/26/2021","N/A","ANDA","1 VIAL, MULTI-DOSE in 1 POUCH (51662-1399-2)  / 50 mL in 1 VIAL, MULTI-DOSE","Adrenergic alpha-Agonists [MoA],  Adrenergic beta-Agonists [MoA],  Amide Local Anesthetic [EPC],  Amides [CS],  Catecholamine [EPC],  Catecholamines [CS],  Local Anesthesia [PE],  alpha-Adrenergic Agonist [EPC],  beta-Adrenergic Agonist [EPC]","N/A","No","12/31/2026",0,FALSE,FALSE
"Respiratory:allergy_Medication","Other_Asthma_Medications","Epinephrine",FALSE,"nonproprietary","Epinephrine","Epinephrine_nonproprietary_raw.csv","BUPIVACAINE HCI AND EPINEPHRINE","51662-1399-3","5 mg/mL,                         .005  mg/mL","INJECTION, SOLUTION","PERINEURAL","ANDA070968","HF Acquisition Co LLC, DBA HealthFirst","51662-1399","BUPIVACAINE HCI AND EPINEPHRINE","BUPIVACAINE HYDROCHLORIDE;  EPINEPHRINE BITARTRATE","HUMAN PRESCRIPTION DRUG","01/26/2021","N/A","ANDA","25 POUCH in 1 CASE (51662-1399-3)  / 1 VIAL, MULTI-DOSE in 1 POUCH / 50 mL in 1 VIAL, MULTI-DOSE","Adrenergic alpha-Agonists [MoA],  Adrenergic beta-Agonists [MoA],  Amide Local Anesthetic [EPC],  Amides [CS],  Catecholamine [EPC],  Catecholamines [CS],  Local Anesthesia [PE],  alpha-Adrenergic Agonist [EPC],  beta-Adrenergic Agonist [EPC]","N/A","No","12/31/2026",0,FALSE,FALSE
"Respiratory:allergy_Medication","Other_Asthma_Medications","Epinephrine",FALSE,"nonproprietary","Epinephrine","Epinephrine_nonproprietary_raw.csv","Basic Dental Emergency Kit","83220-002-08",NA,"KIT",NA,NA,"Best Dental Kit LLC","83220-002","Epinephrine, Albuterol Sulfate, Nitroglycerin, Diphenhydramine Hydrochloride, Aspirin",NA,"HUMAN PRESCRIPTION DRUG","01/30/2023","N/A","UNAPPROVED DRUG OTHER","1 KIT in 1 KIT (83220-002-08)  *  1 mL in 1 VIAL *  10 TABLET, CHEWABLE in 1 BOTTLE, PLASTIC *  1 POUCH in 1 BLISTER PACK / 2 TABLET in 1 POUCH *  1 SYRINGE, GLASS in 1 CASE / .3 mL in 1 SYRINGE, GLASS *  25 TABLET in 1 BOTTLE *  1 CANISTER in 1 CARTON / 200 AEROSOL, METERED in 1 CANISTER","N/A","N/A","No","12/31/2026",2,FALSE,FALSE
"Respiratory:allergy_Medication","Other_Asthma_Medications","Epinephrine",FALSE,"nonproprietary","Epinephrine","Epinephrine_nonproprietary_raw.csv","Bio Cytotox Phase","43742-1493-1","5 [hp_X]/mL,                         6  [hp_X]/mL,                         6  [hp_X]/mL,                         6  [hp_X]/mL,                         6  [hp_X]/mL,                         6  [hp_X]/mL,                         6  [hp_X]/mL,                         6  [hp_X]/mL,                         6  [hp_X]/mL,                         8  [hp_X]/mL,                         8  [hp_X]/mL,                         8  [hp_X]/mL,                         8  [hp_X]/mL,                         8  [hp_X]/mL,                         8  [hp_X]/mL,                         10  [hp_X]/mL,                         10  [hp_X]/mL,                         10  [hp_X]/mL,                         10  [hp_X]/mL,                         10  [hp_X]/mL,                         10  [hp_X]/mL,                         10  [hp_X]/mL,                         10  [hp_X]/mL,                         10  [hp_X]/mL,                         10  [hp_X]/mL,                         15  [hp_X]/mL,                         3  [hp_C]/mL,                         30  [hp_C]/mL","LIQUID","ORAL",NA,"Deseret Biologicals, Inc.","43742-1493","Podophyllum Peltatum, Ascorbicum Acidum, Galium Aparine, Hydrastis Canadensis, Nicotinamidum, Pyridoxinum Hydrochloricum, Riboflavinum, Sarcolacticum Acidum, Thiaminum Hydrochloricum, alpha-Lipoicum Acidum, Colchicum Autumnale, Conium Maculatum, Natrum Oxalaceticum, Sulphur, Vaccinium Myrtillus, Norepinephrine, Acetylsalicylicum Acidum, Adenosinum Triphosphoricum Dinatrum, Anthrachinonum, Histaminum Hydrochloricum, Magnesium Gluconicum Dihydricum, Nadidum, Naphthochinonum, Pantothenic Acid, Ubidecarenonum,","ADENOSINE TRIPHOSPHATE DISODIUM;  ANTHRAQUINONE;  ASCORBIC ACID;  ASPIRIN;  BILBERRY;  COLCHICUM AUTUMNALE BULB;  CONIUM MACULATUM FLOWERING TOP;  GALIUM APARINE;  GOLDENSEAL;  HISTAMINE DIHYDROCHLORIDE;  HYDROQUINONE;  LACTIC ACID, L-;  MAGNESIUM GLUCONATE;  MANGANESE PHOSPHATE, DIBASIC;  NADIDE;  NAPHTHOQUINE;  NIACINAMIDE;  NOREPINEPHRINE BITARTRATE;  PANTOTHENIC ACID;  PODOPHYLLUM;  PYRIDOXINE HYDROCHLORIDE;  RIBOFLAVIN;  SALMONELLA ENTERICA SUBSP. ENTERICA SEROVAR ENTERITIDIS;  SODIUM DIETHYL OXALACETATE;  SULFUR;  THIAMINE HYDROCHLORIDE;  THIOCTIC ACID;  UBIDECARENONE","HUMAN OTC DRUG","07/09/2019","N/A","UNAPPROVED HOMEOPATHIC","30 mL in 1 BOTTLE, DROPPER (43742-1493-1)","Analogs/Derivatives [Chemical/Ingredient],  Anti-Inflammatory Agents,  Non-Steroidal [CS],  Ascorbic Acid [CS],  Calculi Dissolution Agent [EPC],  Catecholamine [EPC],  Catecholamines [CS],  Cyclooxygenase Inhibitors [MoA],  Decreased Platelet Aggregation [PE],  Decreased Prostaglandin Production [PE],  Depigmenting Activity [PE],  Increased Large Intestinal Motility [PE],  Inhibition Large Intestine Fluid/Electrolyte Absorption [PE],  Inhibition Small Intestine Fluid/Electrolyte Absorption [PE],  Magnesium Ion Exchange Activity [MoA],  Magnetic Resonance Contrast Activity [MoA],  Melanin Synthesis Inhibitor [EPC],  Melanin Synthesis Inhibitors [MoA],  Nonsteroidal Anti-inflammatory Drug [EPC],  Osmotic Activity [MoA],  Osmotic Laxative [EPC],  Paramagnetic Contrast Agent [EPC],  Platelet Aggregation Inhibitor [EPC],  Stimulation Large Intestine Fluid/Electrolyte Secretion [PE],  Vitamin B 6 [Chemical/Ingredient],  Vitamin B6 Analog [EPC],  Vitamin C [EPC]","N/A","No","12/31/2026",0,FALSE,FALSE
"Respiratory:allergy_Medication","Other_Asthma_Medications","Epinephrine",FALSE,"nonproprietary","Epinephrine","Epinephrine_nonproprietary_raw.csv","Brain Support","62185-0051-1","6 [hp_X]/mL,                         6  [hp_X]/mL,                         8  [hp_X]/mL,                         8  [hp_X]/mL,                         8  [hp_X]/mL,                         8  [hp_X]/mL,                         8  [hp_X]/mL,                         8  [hp_X]/mL,                         8  [hp_X]/mL,                         8  [hp_X]/mL,                         8  [hp_X]/mL,                         8  [hp_X]/mL,                         8  [hp_X]/mL","LIQUID","ORAL",NA,"Dr. Donna Restivo DC","62185-0051","Acetylcholine Chloride, Taurine, Adenosinum Cyclophosphoricum, Cerebrum (Suis), Diencephalon (Suis), Pineal Gland (Suis), Thalamus Opticus (Suis), Adrenalinum, Dopamine Hydrochloride, GABA (Gamma-Aminobutyric Acid), Norepinephrine (Bitartrate), Serotonin (Hydrochloride), Tyramine",".GAMMA.-AMINOBUTYRIC ACID;  ACETYLCHOLINE CHLORIDE;  ADENOSINE CYCLIC PHOSPHATE;  DOPAMINE HYDROCHLORIDE;  EPINEPHRINE;  NOREPINEPHRINE BITARTRATE;  SEROTONIN HYDROCHLORIDE;  SUS SCROFA CEREBRUM;  SUS SCROFA DIENCEPHALON;  SUS SCROFA PINEAL GLAND;  SUS SCROFA THALAMUS LATERAL GENICULATE NUCLEUS;  TAURINE;  TYRAMINE","HUMAN OTC DRUG","11/22/2019","N/A","UNAPPROVED HOMEOPATHIC","30 mL in 1 BOTTLE, DROPPER (62185-0051-1)","Adrenergic alpha-Agonists [MoA],  Adrenergic beta-Agonists [MoA],  Catecholamine [EPC],  Catecholamine [EPC],  Catecholamine [EPC],  Catecholamines [CS],  Catecholamines [CS],  Catecholamines [CS],  Cholinergic Agonists [MoA],  Cholinergic Receptor Agonist [EPC],  alpha-Adrenergic Agonist [EPC],  beta-Adrenergic Agonist [EPC]","N/A","No","12/31/2026",0,FALSE,FALSE
"Respiratory:allergy_Medication","Other_Asthma_Medications","Epinephrine",FALSE,"nonproprietary","Epinephrine","Epinephrine_nonproprietary_raw.csv","Bupivacaine Hydrochloride and Epinephrine","0404-9828-30","2.5 mg/mL,                         5  ug/mL","INJECTION, SOLUTION","EPIDURAL; INFILTRATION; INTRACAUDAL; PERINEURAL","ANDA071165","Henry Schein, Inc.","0404-9828","Bupivacaine Hydrochloride and Epinephrine","BUPIVACAINE HYDROCHLORIDE;  EPINEPHRINE BITARTRATE","HUMAN PRESCRIPTION DRUG","01/09/2022","N/A","ANDA","1 VIAL, SINGLE-DOSE in 1 BAG (0404-9828-30)  / 30 mL in 1 VIAL, SINGLE-DOSE","Adrenergic alpha-Agonists [MoA],  Adrenergic beta-Agonists [MoA],  Amide Local Anesthetic [EPC],  Amides [CS],  Catecholamine [EPC],  Catecholamines [CS],  Local Anesthesia [PE],  alpha-Adrenergic Agonist [EPC],  beta-Adrenergic Agonist [EPC]","N/A","No","12/31/2026",0,FALSE,FALSE
"Respiratory:allergy_Medication","Other_Asthma_Medications","Epinephrine",FALSE,"nonproprietary","Epinephrine","Epinephrine_nonproprietary_raw.csv","Bupivacaine Hydrochloride and Epinephrine","0409-9042-01","2.5 mg/mL,                         5  ug/mL","INJECTION, SOLUTION","EPIDURAL; INFILTRATION; INTRACAUDAL; PERINEURAL","ANDA071165","Hospira, Inc.","0409-9042","BUPIVACAINE HYDROCHLORIDE AND EPINEPHRINE","BUPIVACAINE HYDROCHLORIDE;  EPINEPHRINE BITARTRATE","HUMAN PRESCRIPTION DRUG","08/26/2005","N/A","ANDA","10 VIAL, SINGLE-DOSE in 1 CARTON (0409-9042-01)  / 10 mL in 1 VIAL, SINGLE-DOSE (0409-9042-11)","Adrenergic alpha-Agonists [MoA],  Adrenergic beta-Agonists [MoA],  Amide Local Anesthetic [EPC],  Amides [CS],  Catecholamine [EPC],  Catecholamines [CS],  Local Anesthesia [PE],  alpha-Adrenergic Agonist [EPC],  beta-Adrenergic Agonist [EPC]","N/A","No","12/31/2027",0,FALSE,FALSE
"Respiratory:allergy_Medication","Other_Asthma_Medications","Epinephrine",FALSE,"nonproprietary","Epinephrine","Epinephrine_nonproprietary_raw.csv","Bupivacaine Hydrochloride and Epinephrine","0409-9042-17","2.5 mg/mL,                         5  ug/mL","INJECTION, SOLUTION","EPIDURAL; INFILTRATION; INTRACAUDAL; PERINEURAL","ANDA071165","Hospira, Inc.","0409-9042","BUPIVACAINE HYDROCHLORIDE AND EPINEPHRINE","BUPIVACAINE HYDROCHLORIDE;  EPINEPHRINE BITARTRATE","HUMAN PRESCRIPTION DRUG","03/21/2011","N/A","ANDA","25 VIAL, SINGLE-DOSE in 1 TRAY (0409-9042-17)  / 30 mL in 1 VIAL, SINGLE-DOSE (0409-9042-16)","Adrenergic alpha-Agonists [MoA],  Adrenergic beta-Agonists [MoA],  Amide Local Anesthetic [EPC],  Amides [CS],  Catecholamine [EPC],  Catecholamines [CS],  Local Anesthesia [PE],  alpha-Adrenergic Agonist [EPC],  beta-Adrenergic Agonist [EPC]","N/A","No","12/31/2027",0,FALSE,FALSE
"Respiratory:allergy_Medication","Other_Asthma_Medications","Epinephrine",FALSE,"nonproprietary","Epinephrine","Epinephrine_nonproprietary_raw.csv","Bupivacaine Hydrochloride and Epinephrine","0409-9043-01","2.5 mg/mL,                         5  ug/mL","INJECTION, SOLUTION","INFILTRATION; PERINEURAL","ANDA071167","Hospira, Inc.","0409-9043","BUPIVACAINE HYDROCHLORIDE AND EPINEPHRINE","BUPIVACAINE HYDROCHLORIDE;  EPINEPHRINE BITARTRATE","HUMAN PRESCRIPTION DRUG","11/29/2005","N/A","ANDA","25 CARTON in 1 BOX (0409-9043-01)  / 1 VIAL, MULTI-DOSE in 1 CARTON (0409-9043-11)  / 50 mL in 1 VIAL, MULTI-DOSE","Adrenergic alpha-Agonists [MoA],  Adrenergic beta-Agonists [MoA],  Amide Local Anesthetic [EPC],  Amides [CS],  Catecholamine [EPC],  Catecholamines [CS],  Local Anesthesia [PE],  alpha-Adrenergic Agonist [EPC],  beta-Adrenergic Agonist [EPC]","N/A","No","12/31/2027",0,FALSE,FALSE
"Respiratory:allergy_Medication","Other_Asthma_Medications","Epinephrine",FALSE,"nonproprietary","Epinephrine","Epinephrine_nonproprietary_raw.csv","Bupivacaine Hydrochloride and Epinephrine","0409-9045-01","5 mg/mL,                         5  ug/mL","INJECTION, SOLUTION","EPIDURAL; INTRACAUDAL; PERINEURAL","ANDA071168","Hospira, Inc.","0409-9045","BUPIVACAINE HYDROCHLORIDE AND EPINEPHRINE","BUPIVACAINE HYDROCHLORIDE;  EPINEPHRINE BITARTRATE","HUMAN PRESCRIPTION DRUG","09/08/2005","N/A","ANDA","10 VIAL, SINGLE-DOSE in 1 CARTON (0409-9045-01)  / 10 mL in 1 VIAL, SINGLE-DOSE (0409-9045-11)","Adrenergic alpha-Agonists [MoA],  Adrenergic beta-Agonists [MoA],  Amide Local Anesthetic [EPC],  Amides [CS],  Catecholamine [EPC],  Catecholamines [CS],  Local Anesthesia [PE],  alpha-Adrenergic Agonist [EPC],  beta-Adrenergic Agonist [EPC]","N/A","No","12/31/2027",0,FALSE,FALSE
"Respiratory:allergy_Medication","Other_Asthma_Medications","Epinephrine",FALSE,"nonproprietary","Epinephrine","Epinephrine_nonproprietary_raw.csv","Bupivacaine Hydrochloride and Epinephrine","0409-9045-17","5 mg/mL,                         5  ug/mL","INJECTION, SOLUTION","EPIDURAL; INTRACAUDAL; PERINEURAL","ANDA071168","Hospira, Inc.","0409-9045","BUPIVACAINE HYDROCHLORIDE AND EPINEPHRINE","BUPIVACAINE HYDROCHLORIDE;  EPINEPHRINE BITARTRATE","HUMAN PRESCRIPTION DRUG","03/21/2011","N/A","ANDA","25 VIAL, SINGLE-DOSE in 1 TRAY (0409-9045-17)  / 30 mL in 1 VIAL, SINGLE-DOSE (0409-9045-16)","Adrenergic alpha-Agonists [MoA],  Adrenergic beta-Agonists [MoA],  Amide Local Anesthetic [EPC],  Amides [CS],  Catecholamine [EPC],  Catecholamines [CS],  Local Anesthesia [PE],  alpha-Adrenergic Agonist [EPC],  beta-Adrenergic Agonist [EPC]","N/A","No","12/31/2027",0,FALSE,FALSE
"Respiratory:allergy_Medication","Other_Asthma_Medications","Epinephrine",FALSE,"nonproprietary","Epinephrine","Epinephrine_nonproprietary_raw.csv","Bupivacaine Hydrochloride and Epinephrine","0409-9046-01","5 mg/mL,                         5  ug/mL","INJECTION, SOLUTION","PERINEURAL","ANDA071170","Hospira, Inc.","0409-9046","BUPIVACAINE HYDROCHLORIDE AND EPINEPHRINE","BUPIVACAINE HYDROCHLORIDE;  EPINEPHRINE BITARTRATE","HUMAN PRESCRIPTION DRUG","07/26/2005","N/A","ANDA","25 CARTON in 1 BOX (0409-9046-01)  / 1 VIAL, MULTI-DOSE in 1 CARTON (0409-9046-11)  / 50 mL in 1 VIAL, MULTI-DOSE","Adrenergic alpha-Agonists [MoA],  Adrenergic beta-Agonists [MoA],  Amide Local Anesthetic [EPC],  Amides [CS],  Catecholamine [EPC],  Catecholamines [CS],  Local Anesthesia [PE],  alpha-Adrenergic Agonist [EPC],  beta-Adrenergic Agonist [EPC]","N/A","No","12/31/2027",0,FALSE,FALSE
"Respiratory:allergy_Medication","Other_Asthma_Medications","Epinephrine",FALSE,"nonproprietary","Epinephrine","Epinephrine_nonproprietary_raw.csv","Cerebromax","43742-1486-1","6 [hp_X]/mL,                         6  [hp_X]/mL,                         8  [hp_X]/mL,                         8  [hp_X]/mL,                         8  [hp_X]/mL,                         8  [hp_X]/mL,                         8  [hp_X]/mL,                         8  [hp_X]/mL,                         8  [hp_X]/mL,                         8  [hp_X]/mL,                         8  [hp_X]/mL,                         8  [hp_X]/mL,                         8  [hp_X]/mL","LIQUID","ORAL",NA,"Deseret Biologicals, Inc.","43742-1486","Acetylcholine Chloride, Taurine, Adenosinum Cyclophosphoricum, Cerebrum Suis, Diencephalon (Suis), Pineal Gland (Suis), Thalamus Opticus (Suis), Adrenalinum, Dopamine Hydrochloride, GABA (Gamma-Aminobutyric Acid), Norepinephrine (Bitartrate), Serotonin (Hydrochloride), Tyramine",".GAMMA.-AMINOBUTYRIC ACID;  ACETYLCHOLINE CHLORIDE;  ADENOSINE CYCLIC PHOSPHATE;  DOPAMINE HYDROCHLORIDE;  EPINEPHRINE;  NOREPINEPHRINE BITARTRATE;  SEROTONIN HYDROCHLORIDE;  SUS SCROFA CEREBRUM;  SUS SCROFA DIENCEPHALON;  SUS SCROFA PINEAL GLAND;  SUS SCROFA THALAMUS LATERAL GENICULATE NUCLEUS;  TAURINE;  TYRAMINE","HUMAN OTC DRUG","05/17/2019","N/A","UNAPPROVED HOMEOPATHIC","30 mL in 1 BOTTLE, DROPPER (43742-1486-1)","Adrenergic alpha-Agonists [MoA],  Adrenergic beta-Agonists [MoA],  Catecholamine [EPC],  Catecholamine [EPC],  Catecholamine [EPC],  Catecholamines [CS],  Catecholamines [CS],  Catecholamines [CS],  Cholinergic Agonists [MoA],  Cholinergic Receptor Agonist [EPC],  alpha-Adrenergic Agonist [EPC],  beta-Adrenergic Agonist [EPC]","N/A","No","12/31/2026",0,FALSE,FALSE
"Respiratory:allergy_Medication","Other_Asthma_Medications","Epinephrine",FALSE,"nonproprietary","Epinephrine","Epinephrine_nonproprietary_raw.csv","Chronic Fatigue Therapy","17312-170-14","6 [hp_X]/1,                         6  [hp_X]/1,                         3  [hp_X]/1,                         6  [hp_X]/1,                         7  [hp_X]/1,                         6  [hp_X]/1,                         3  [hp_X]/1,                         8  [hp_X]/1,                         6  [hp_X]/1","TABLET, ORALLY DISINTEGRATING","ORAL",NA,"TRP Company","17312-170","EPINEPHRINE, GOLD, CHELIDONIUM MAJUS, ECHINACEA, GINKGO, HELLEBORUS NIGER, PHOSPHORIC ACID, SCUTELLARIA LATERIFLORA, THUJA OCCIDENTALIS","CHELIDONIUM MAJUS;  ECHINACEA, UNSPECIFIED;  EPINEPHRINE;  GINKGO;  GOLD;  HELLEBORUS NIGER ROOT;  PHOSPHORIC ACID;  SCUTELLARIA LATERIFLORA;  THUJA OCCIDENTALIS LEAFY TWIG","HUMAN OTC DRUG","08/20/2018","N/A","UNAPPROVED HOMEOPATHIC","1 BOTTLE in 1 PACKAGE (17312-170-14)  / 70 TABLET, ORALLY DISINTEGRATING in 1 BOTTLE","Adrenergic alpha-Agonists [MoA],  Adrenergic beta-Agonists [MoA],  Allergens [CS],  Catecholamine [EPC],  Catecholamines [CS],  Cell-mediated Immunity [PE],  Increased Histamine Release [PE],  Standardized Chemical Allergen [EPC],  alpha-Adrenergic Agonist [EPC],  beta-Adrenergic Agonist [EPC]","N/A","No","12/31/2026",0,FALSE,FALSE
"Respiratory:allergy_Medication","Other_Asthma_Medications","Epinephrine",FALSE,"nonproprietary","Epinephrine","Epinephrine_nonproprietary_raw.csv","Citanest Forte DENTAL","51004-5801-6","40 mg/mL,                         .005  mg/mL","INJECTION, SOLUTION","SUBMUCOSAL","ANDA078959","Novocol Pharmaceutical of Canada, Inc.","51004-5801","prilocaine hcl and epinephrine","EPINEPHRINE BITARTRATE;  PRILOCAINE HYDROCHLORIDE","HUMAN PRESCRIPTION DRUG","12/04/2017","N/A","ANDA","50 CARTRIDGE in 1 CARTON (51004-5801-6)  / 1.8 mL in 1 CARTRIDGE","Adrenergic alpha-Agonists [MoA],  Adrenergic beta-Agonists [MoA],  Amide Local Anesthetic [EPC],  Amides [CS],  Catecholamine [EPC],  Catecholamines [CS],  Local Anesthesia [PE],  alpha-Adrenergic Agonist [EPC],  beta-Adrenergic Agonist [EPC]","N/A","No","12/31/2027",0,FALSE,FALSE
"Respiratory:allergy_Medication","Other_Asthma_Medications","Epinephrine",FALSE,"nonproprietary","Epinephrine","Epinephrine_nonproprietary_raw.csv","Citanest Forte DENTAL","66312-580-16","40 mg/mL,                         .005  mg/mL","INJECTION, SOLUTION","SUBMUCOSAL","ANDA078959","Dentsply Pharmaceutical Inc.","66312-580","prilocaine hcl and epinephrine","EPINEPHRINE BITARTRATE;  PRILOCAINE HYDROCHLORIDE","HUMAN PRESCRIPTION DRUG","12/04/2017","N/A","ANDA","50 CARTRIDGE in 1 CARTON (66312-580-16)  / 1.8 mL in 1 CARTRIDGE","Adrenergic alpha-Agonists [MoA],  Adrenergic beta-Agonists [MoA],  Amide Local Anesthetic [EPC],  Amides [CS],  Catecholamine [EPC],  Catecholamines [CS],  Local Anesthesia [PE],  alpha-Adrenergic Agonist [EPC],  beta-Adrenergic Agonist [EPC]","N/A","No","12/31/2026",0,FALSE,FALSE
"Respiratory:allergy_Medication","Other_Asthma_Medications","Epinephrine",FALSE,"nonproprietary","Epinephrine","Epinephrine_nonproprietary_raw.csv","D-63","58264-0063-1","6 [hp_X]/mL,                         2  [hp_X]/mL,                         6  [hp_X]/mL,                         2  [hp_X]/mL,                         4  [hp_X]/mL,                         4  [hp_X]/mL,                         6  [hp_X]/mL","SOLUTION","SUBLINGUAL",NA,"DNA Labs, Inc.","58264-0063","EPINEPHRINE, HORSE CHESTNUT, CUPRIC ACETATE, POTENTILLA ANSERINA WHOLE, CLAVICEPS PURPUREA SCLEROTIUM, TOBACCO LEAF, and VERATRUM ALBUM ROOT","CLAVICEPS PURPUREA SCLEROTIUM;  CUPRIC ACETATE;  EPINEPHRINE;  HORSE CHESTNUT;  POTENTILLA ANSERINA WHOLE;  TOBACCO LEAF;  VERATRUM ALBUM ROOT","HUMAN OTC DRUG","01/01/1990","N/A","UNAPPROVED HOMEOPATHIC","29.57 mL in 1 BOTTLE, GLASS (58264-0063-1)","Adrenergic alpha-Agonists [MoA],  Adrenergic beta-Agonists [MoA],  Allergens [CS],  Catecholamine [EPC],  Catecholamines [CS],  Cell-mediated Immunity [PE],  Increased Histamine Release [PE],  Increased IgG Production [PE],  Non-Standardized Plant Allergenic Extract [EPC],  Plant Proteins [CS],  alpha-Adrenergic Agonist [EPC],  beta-Adrenergic Agonist [EPC]","N/A","No","12/31/2026",0,FALSE,FALSE
"Respiratory:allergy_Medication","Other_Asthma_Medications","Epinephrine",FALSE,"nonproprietary","Epinephrine","Epinephrine_nonproprietary_raw.csv","Deluxe Dental Emergency Kit","83220-001-11",NA,"KIT",NA,NA,"Best Dental Kit LLC","83220-001","Epinephrine, Albuterol Sulfate, Nitroglycerin, Diphenhydramine Hydrochloride, Aspirin",NA,"HUMAN PRESCRIPTION DRUG","01/30/2023","N/A","UNAPPROVED DRUG OTHER","1 KIT in 1 KIT (83220-001-11)  *  1 POUCH in 1 BLISTER PACK / 2 TABLET in 1 POUCH *  1 SYRINGE, GLASS in 1 CASE / .3 mL in 1 SYRINGE, GLASS *  10 TABLET, CHEWABLE in 1 BOTTLE, PLASTIC *  1 BOTTLE in 1 CARTON / 118 mL in 1 BOTTLE *  1 SYRINGE, GLASS in 1 CASE / .15 mL in 1 SYRINGE, GLASS *  1 mL in 1 VIAL *  25 TABLET in 1 BOTTLE *  1 CANISTER in 1 CARTON / 200 AEROSOL, METERED in 1 CANISTER","N/A","N/A","No","12/31/2026",2,FALSE,FALSE
"Respiratory:allergy_Medication","Other_Asthma_Medications","Epinephrine",FALSE,"nonproprietary","Epinephrine","Epinephrine_nonproprietary_raw.csv","EPINEPHRINE","0404-9806-10",".1 mg/mL","INJECTION","INTRAVENOUS","NDA211363","Henry Schein, Inc.","0404-9806","EPINEPHRINE","EPINEPHRINE","HUMAN PRESCRIPTION DRUG","12/03/2024","N/A","NDA","1 SYRINGE in 1 BAG (0404-9806-10)  / 10 mL in 1 SYRINGE","Adrenergic alpha-Agonists [MoA],  Adrenergic beta-Agonists [MoA],  Catecholamine [EPC],  Catecholamines [CS],  alpha-Adrenergic Agonist [EPC],  beta-Adrenergic Agonist [EPC]","N/A","No","12/31/2026",0,FALSE,FALSE
"Respiratory:allergy_Medication","Other_Asthma_Medications","Epinephrine",FALSE,"nonproprietary","Epinephrine","Epinephrine_nonproprietary_raw.csv","EPINEPHRINE","0404-9857-01","1 mg/mL","INJECTION, SOLUTION, CONCENTRATE","INTRAVENOUS","NDA205029","Henry Schein, Inc.","0404-9857","EPINEPHRINE","EPINEPHRINE","HUMAN PRESCRIPTION DRUG","01/10/2022","N/A","NDA","1 AMPULE in 1 BAG (0404-9857-01)  / 1 mL in 1 AMPULE","Adrenergic alpha-Agonists [MoA],  Adrenergic beta-Agonists [MoA],  Catecholamine [EPC],  Catecholamines [CS],  alpha-Adrenergic Agonist [EPC],  beta-Adrenergic Agonist [EPC]","N/A","No","12/31/2027",0,FALSE,FALSE
"Respiratory:allergy_Medication","Other_Asthma_Medications","Epinephrine",FALSE,"nonproprietary","Epinephrine","Epinephrine_nonproprietary_raw.csv","EPINEPHRINE","51662-1222-1",".15 mg/.15mL","INJECTION","SUBCUTANEOUS","NDA020800","HF Acquisition Co LLC, DBA HealthFirst","51662-1222","EPINEPHRINE","EPINEPHRINE","HUMAN PRESCRIPTION DRUG","09/14/2018","N/A","NDA AUTHORIZED GENERIC","1 SYRINGE, GLASS in 1 CASE (51662-1222-1)  / .15 mL in 1 SYRINGE, GLASS","Adrenergic alpha-Agonists [MoA],  Adrenergic beta-Agonists [MoA],  Catecholamine [EPC],  Catecholamines [CS],  alpha-Adrenergic Agonist [EPC],  beta-Adrenergic Agonist [EPC]","N/A","No","12/31/2026",0,FALSE,FALSE
"Respiratory:allergy_Medication","Other_Asthma_Medications","Epinephrine",FALSE,"nonproprietary","Epinephrine","Epinephrine_nonproprietary_raw.csv","EPINEPHRINE","51662-1223-1",".3 mg/.3mL","INJECTION","SUBCUTANEOUS","NDA020800","HF Acquisition Co LLC, DBA HealthFirst","51662-1223","EPINEPHRINE","EPINEPHRINE","HUMAN PRESCRIPTION DRUG","09/15/2018","N/A","NDA AUTHORIZED GENERIC","1 SYRINGE, GLASS in 1 CASE (51662-1223-1)  / .3 mL in 1 SYRINGE, GLASS","Adrenergic alpha-Agonists [MoA],  Adrenergic beta-Agonists [MoA],  Catecholamine [EPC],  Catecholamines [CS],  alpha-Adrenergic Agonist [EPC],  beta-Adrenergic Agonist [EPC]","N/A","No","12/31/2026",0,FALSE,FALSE
"Respiratory:allergy_Medication","Other_Asthma_Medications","Epinephrine",FALSE,"nonproprietary","Epinephrine","Epinephrine_nonproprietary_raw.csv","EPINEPHRINE","51662-1224-1",".3 mg/.3mL","INJECTION","INTRAMUSCULAR","NDA019430","HF Acquisition Co LLC, DBA HealthFirst","51662-1224","EPINEPHRINE","EPINEPHRINE","HUMAN PRESCRIPTION DRUG","09/15/2018","N/A","NDA","1 SYRINGE, GLASS in 1 CONTAINER (51662-1224-1)  / .3 mL in 1 SYRINGE, GLASS","Adrenergic alpha-Agonists [MoA],  Adrenergic beta-Agonists [MoA],  Catecholamine [EPC],  Catecholamines [CS],  alpha-Adrenergic Agonist [EPC],  beta-Adrenergic Agonist [EPC]","N/A","No","12/31/2026",0,FALSE,FALSE
"Respiratory:allergy_Medication","Other_Asthma_Medications","Epinephrine",FALSE,"nonproprietary","Epinephrine","Epinephrine_nonproprietary_raw.csv","EPINEPHRINE","51662-1225-1",".15 mg/.3mL","INJECTION","INTRAMUSCULAR","NDA019430","HF Acquisition Co LLC, DBA HealthFirst","51662-1225","EPINEPHRINE","EPINEPHRINE","HUMAN PRESCRIPTION DRUG","09/15/2018","N/A","NDA","1 SYRINGE, GLASS in 1 CONTAINER (51662-1225-1)  / .3 mL in 1 SYRINGE, GLASS","Adrenergic alpha-Agonists [MoA],  Adrenergic beta-Agonists [MoA],  Catecholamine [EPC],  Catecholamines [CS],  alpha-Adrenergic Agonist [EPC],  beta-Adrenergic Agonist [EPC]","N/A","No","12/31/2026",0,FALSE,FALSE
"Respiratory:allergy_Medication","Other_Asthma_Medications","Epinephrine",FALSE,"nonproprietary","Epinephrine","Epinephrine_nonproprietary_raw.csv","EPINEPHRINE","51662-1320-1",".3 mg/.3mL","INJECTION, SOLUTION","INTRAMUSCULAR","NDA201739","HF Acquisition Co LLC, DBA HealthFirst","51662-1320","EPINEPHRINE","EPINEPHRINE","HUMAN PRESCRIPTION DRUG","09/21/2018","N/A","NDA",".3 mL in 1 DOSE PACK (51662-1320-1)","Adrenergic alpha-Agonists [MoA],  Adrenergic beta-Agonists [MoA],  Catecholamine [EPC],  Catecholamines [CS],  alpha-Adrenergic Agonist [EPC],  beta-Adrenergic Agonist [EPC]","N/A","No","12/31/2026",0,FALSE,FALSE
"Respiratory:allergy_Medication","Other_Asthma_Medications","Epinephrine",FALSE,"nonproprietary","Epinephrine","Epinephrine_nonproprietary_raw.csv","EPINEPHRINE","51662-1320-2",".3 mg/.3mL","INJECTION, SOLUTION","INTRAMUSCULAR","NDA201739","HF Acquisition Co LLC, DBA HealthFirst","51662-1320","EPINEPHRINE","EPINEPHRINE","HUMAN PRESCRIPTION DRUG","08/24/2019","N/A","NDA","2 DOSE PACK in 1 CARTON (51662-1320-2)  / .3 mL in 1 DOSE PACK","Adrenergic alpha-Agonists [MoA],  Adrenergic beta-Agonists [MoA],  Catecholamine [EPC],  Catecholamines [CS],  alpha-Adrenergic Agonist [EPC],  beta-Adrenergic Agonist [EPC]","N/A","No","12/31/2026",0,FALSE,FALSE
"Respiratory:allergy_Medication","Other_Asthma_Medications","Epinephrine",FALSE,"nonproprietary","Epinephrine","Epinephrine_nonproprietary_raw.csv","EPINEPHRINE","51662-1321-1",".15 mg/.15mL","INJECTION, SOLUTION","INTRAMUSCULAR","NDA201739","HF Acquisition Co LLC, DBA HealthFirst","51662-1321","EPINEPHRINE","EPINEPHRINE","HUMAN PRESCRIPTION DRUG","09/21/2018","N/A","NDA",".15 mL in 1 DOSE PACK (51662-1321-1)","Adrenergic alpha-Agonists [MoA],  Adrenergic beta-Agonists [MoA],  Catecholamine [EPC],  Catecholamines [CS],  alpha-Adrenergic Agonist [EPC],  beta-Adrenergic Agonist [EPC]","N/A","No","12/31/2026",0,FALSE,FALSE
"Respiratory:allergy_Medication","Other_Asthma_Medications","Epinephrine",FALSE,"nonproprietary","Epinephrine","Epinephrine_nonproprietary_raw.csv","EPINEPHRINE","51662-1321-2",".15 mg/.15mL","INJECTION, SOLUTION","INTRAMUSCULAR","NDA201739","HF Acquisition Co LLC, DBA HealthFirst","51662-1321","EPINEPHRINE","EPINEPHRINE","HUMAN PRESCRIPTION DRUG","08/24/2019","N/A","NDA","2 DOSE PACK in 1 CARTON (51662-1321-2)  / .15 mL in 1 DOSE PACK","Adrenergic alpha-Agonists [MoA],  Adrenergic beta-Agonists [MoA],  Catecholamine [EPC],  Catecholamines [CS],  alpha-Adrenergic Agonist [EPC],  beta-Adrenergic Agonist [EPC]","N/A","No","12/31/2026",0,FALSE,FALSE
"Respiratory:allergy_Medication","Other_Asthma_Medications","Epinephrine",FALSE,"nonproprietary","Epinephrine","Epinephrine_nonproprietary_raw.csv","EPINEPHRINE","51662-1476-1",".1 mg/.1mL","INJECTION, SOLUTION","INTRAMUSCULAR","NDA201739","HF Acquisition Co LLC, DBA HealthFirst","51662-1476","EPINEPHRINE","EPINEPHRINE","HUMAN PRESCRIPTION DRUG","12/01/2019","N/A","NDA","2 DOSE PACK in 1 CARTON (51662-1476-1)  / .1 mL in 1 DOSE PACK","Adrenergic alpha-Agonists [MoA],  Adrenergic beta-Agonists [MoA],  Catecholamine [EPC],  Catecholamines [CS],  alpha-Adrenergic Agonist [EPC],  beta-Adrenergic Agonist [EPC]","N/A","No","12/31/2026",0,FALSE,FALSE
"Respiratory:allergy_Medication","Other_Asthma_Medications","Epinephrine",FALSE,"nonproprietary","Epinephrine","Epinephrine_nonproprietary_raw.csv","EPINEPHRINE","51662-1476-2",".1 mg/.1mL","INJECTION, SOLUTION","INTRAMUSCULAR","NDA201739","HF Acquisition Co LLC, DBA HealthFirst","51662-1476","EPINEPHRINE","EPINEPHRINE","HUMAN PRESCRIPTION DRUG","07/14/2021","N/A","NDA","1 mL in 1 DOSE PACK (51662-1476-2)","Adrenergic alpha-Agonists [MoA],  Adrenergic beta-Agonists [MoA],  Catecholamine [EPC],  Catecholamines [CS],  alpha-Adrenergic Agonist [EPC],  beta-Adrenergic Agonist [EPC]","N/A","No","12/31/2026",0,FALSE,FALSE
"Respiratory:allergy_Medication","Other_Asthma_Medications","Epinephrine",FALSE,"nonproprietary","Epinephrine","Epinephrine_nonproprietary_raw.csv","EPINEPHRINE","51662-1531-1",".1 mg/mL","INJECTION, SOLUTION","INTRAVENOUS","NDA209359","HF Acquisition Co LLC, DBA HealthFirst","51662-1531","EPINEPHRINE","EPINEPHRINE","HUMAN PRESCRIPTION DRUG","04/25/2021","N/A","NDA","1 SYRINGE, GLASS in 1 CARTON (51662-1531-1)  / 10 mL in 1 SYRINGE, GLASS","Adrenergic alpha-Agonists [MoA],  Adrenergic beta-Agonists [MoA],  Catecholamine [EPC],  Catecholamines [CS],  alpha-Adrenergic Agonist [EPC],  beta-Adrenergic Agonist [EPC]","N/A","No","12/31/2026",0,FALSE,FALSE
"Respiratory:allergy_Medication","Other_Asthma_Medications","Epinephrine",FALSE,"nonproprietary","Epinephrine","Epinephrine_nonproprietary_raw.csv","EPINEPHRINE","51662-1531-3",".1 mg/mL","INJECTION, SOLUTION","INTRAVENOUS","NDA209359","HF Acquisition Co LLC, DBA HealthFirst","51662-1531","EPINEPHRINE","EPINEPHRINE","HUMAN PRESCRIPTION DRUG","04/25/2021","N/A","NDA","50 POUCH in 1 CARTON (51662-1531-3)  / 1 CARTON in 1 POUCH (51662-1531-2)  / 1 SYRINGE, GLASS in 1 CARTON / 10 mL in 1 SYRINGE, GLASS","Adrenergic alpha-Agonists [MoA],  Adrenergic beta-Agonists [MoA],  Catecholamine [EPC],  Catecholamines [CS],  alpha-Adrenergic Agonist [EPC],  beta-Adrenergic Agonist [EPC]","N/A","No","12/31/2026",0,FALSE,FALSE
"Respiratory:allergy_Medication","Other_Asthma_Medications","Epinephrine",FALSE,"nonproprietary","Epinephrine","Epinephrine_nonproprietary_raw.csv","EPINEPHRINE","51662-1629-1",".1 mg/mL","INJECTION","INTRAVENOUS","NDA211363","HF Acquisition Co LLC, DBA HealthFirst","51662-1629","EPINEPHRINE","EPINEPHRINE","HUMAN PRESCRIPTION DRUG","04/20/2023","N/A","NDA","1 SYRINGE in 1 BOX (51662-1629-1)  / 10 mL in 1 SYRINGE","Adrenergic alpha-Agonists [MoA],  Adrenergic beta-Agonists [MoA],  Catecholamine [EPC],  Catecholamines [CS],  alpha-Adrenergic Agonist [EPC],  beta-Adrenergic Agonist [EPC]","N/A","No","12/31/2026",0,FALSE,FALSE
"Respiratory:allergy_Medication","Other_Asthma_Medications","Epinephrine",FALSE,"nonproprietary","Epinephrine","Epinephrine_nonproprietary_raw.csv","EPINEPHRINE","51662-1629-3",".1 mg/mL","INJECTION","INTRAVENOUS","NDA211363","HF Acquisition Co LLC, DBA HealthFirst","51662-1629","EPINEPHRINE","EPINEPHRINE","HUMAN PRESCRIPTION DRUG","04/20/2023","N/A","NDA","10 POUCH in 1 CASE (51662-1629-3)  / 1 BOX in 1 POUCH (51662-1629-2)  / 1 SYRINGE in 1 BOX / 10 mL in 1 SYRINGE","Adrenergic alpha-Agonists [MoA],  Adrenergic beta-Agonists [MoA],  Catecholamine [EPC],  Catecholamines [CS],  alpha-Adrenergic Agonist [EPC],  beta-Adrenergic Agonist [EPC]","N/A","No","12/31/2026",0,FALSE,FALSE
"Respiratory:allergy_Medication","Other_Asthma_Medications","Epinephrine",FALSE,"nonproprietary","Epinephrine","Epinephrine_nonproprietary_raw.csv","EPINEPHRINE","51662-1706-3","1 mg/mL","INJECTION","INTRAMUSCULAR; INTRAVENOUS; SUBCUTANEOUS","NDA205029","HF Acquisition Co LLC, DBA HealthFirst","51662-1706","EPINEPHRINE","EPINEPHRINE","HUMAN PRESCRIPTION DRUG","03/16/2022","N/A","NDA","25 POUCH in 1 BOX (51662-1706-3)  / 1 VIAL in 1 POUCH (51662-1706-2)  / 1 mL in 1 VIAL (51662-1706-1)","Adrenergic alpha-Agonists [MoA],  Adrenergic beta-Agonists [MoA],  Catecholamine [EPC],  Catecholamines [CS],  alpha-Adrenergic Agonist [EPC],  beta-Adrenergic Agonist [EPC]","N/A","No","12/31/2027",0,FALSE,FALSE
"Respiratory:allergy_Medication","Other_Asthma_Medications","Epinephrine",FALSE,"nonproprietary","Epinephrine","Epinephrine_nonproprietary_raw.csv","EPINEPHRINE","51662-1708-3","1 mg/mL","INJECTION","INTRAMUSCULAR; INTRAVENOUS; SUBCUTANEOUS","ANDA220562","HF Acquisition Co LLC, DBA HealthFirst","51662-1708","EPINEPHRINE","EPINEPHRINE","HUMAN PRESCRIPTION DRUG","06/08/2026","N/A","ANDA","25 POUCH in 1 CASE (51662-1708-3)  / 1 AMPULE in 1 POUCH (51662-1708-2)  / 1 mL in 1 AMPULE (51662-1708-1)","Adrenergic alpha-Agonists [MoA],  Adrenergic beta-Agonists [MoA],  Catecholamine [EPC],  Catecholamines [CS],  alpha-Adrenergic Agonist [EPC],  beta-Adrenergic Agonist [EPC]","N/A","No","12/31/2027",0,FALSE,FALSE
"Respiratory:allergy_Medication","Other_Asthma_Medications","Epinephrine",FALSE,"nonproprietary","Epinephrine","Epinephrine_nonproprietary_raw.csv","EPINEPHRINE","54288-117-10","1 mg/mL","INJECTION","INTRAVENOUS","NDA205029","BPI Labs, LLC","54288-117","EPINEPHRINE","EPINEPHRINE","HUMAN PRESCRIPTION DRUG","05/24/2023","N/A","NDA","10 SYRINGE, GLASS in 1 CARTON (54288-117-10)  / 1 mL in 1 SYRINGE, GLASS (54288-117-01)","Adrenergic alpha-Agonists [MoA],  Adrenergic beta-Agonists [MoA],  Catecholamine [EPC],  Catecholamines [CS],  alpha-Adrenergic Agonist [EPC],  beta-Adrenergic Agonist [EPC]","N/A","No","12/31/2026",0,FALSE,FALSE
"Respiratory:allergy_Medication","Other_Asthma_Medications","Epinephrine",FALSE,"nonproprietary","Epinephrine","Epinephrine_nonproprietary_raw.csv","EPINEPHRINE","54288-119-10","1 mg/mL","INJECTION","INTRAMUSCULAR; INTRAVENOUS; SUBCUTANEOUS","NDA205029","BPI Labs, LLC","54288-119","EPINEPHRINE","EPINEPHRINE","HUMAN PRESCRIPTION DRUG","03/07/2024","N/A","NDA","10 VIAL in 1 CARTON (54288-119-10)  / 1 mL in 1 VIAL","Adrenergic alpha-Agonists [MoA],  Adrenergic beta-Agonists [MoA],  Catecholamine [EPC],  Catecholamines [CS],  alpha-Adrenergic Agonist [EPC],  beta-Adrenergic Agonist [EPC]","N/A","No","12/31/2026",0,FALSE,FALSE
"Respiratory:allergy_Medication","Other_Asthma_Medications","Epinephrine",FALSE,"nonproprietary","Epinephrine","Epinephrine_nonproprietary_raw.csv","EPINEPHRINE","54288-119-25","1 mg/mL","INJECTION","INTRAMUSCULAR; INTRAVENOUS; SUBCUTANEOUS","NDA205029","BPI Labs, LLC","54288-119","EPINEPHRINE","EPINEPHRINE","HUMAN PRESCRIPTION DRUG","03/07/2024","N/A","NDA","25 VIAL in 1 CARTON (54288-119-25)  / 1 mL in 1 VIAL","Adrenergic alpha-Agonists [MoA],  Adrenergic beta-Agonists [MoA],  Catecholamine [EPC],  Catecholamines [CS],  alpha-Adrenergic Agonist [EPC],  beta-Adrenergic Agonist [EPC]","N/A","No","12/31/2026",0,FALSE,FALSE
"Respiratory:allergy_Medication","Other_Asthma_Medications","Epinephrine",FALSE,"nonproprietary","Epinephrine","Epinephrine_nonproprietary_raw.csv","EPINEPHRINE","54288-120-01","1 mg/mL","INJECTION","INTRAMUSCULAR; INTRAVENOUS; SUBCUTANEOUS","NDA205029","BPI Labs, LLC","54288-120","EPINEPHRINE","EPINEPHRINE","HUMAN PRESCRIPTION DRUG","03/16/2022","N/A","NDA","1 VIAL in 1 CARTON (54288-120-01)  / 10 mL in 1 VIAL","Adrenergic alpha-Agonists [MoA],  Adrenergic beta-Agonists [MoA],  Catecholamine [EPC],  Catecholamines [CS],  alpha-Adrenergic Agonist [EPC],  beta-Adrenergic Agonist [EPC]","N/A","No","12/31/2026",0,FALSE,FALSE
"Respiratory:allergy_Medication","Other_Asthma_Medications","Epinephrine",FALSE,"nonproprietary","Epinephrine","Epinephrine_nonproprietary_raw.csv","EPINEPHRINE","54288-152-01","30 mg/30mL","INJECTION","INTRAMUSCULAR; INTRAVENOUS; SUBCUTANEOUS","NDA205029","BPI Labs, LLC","54288-152","EPINEPHRINE","EPINEPHRINE","HUMAN PRESCRIPTION DRUG","03/21/2024","N/A","NDA","1 VIAL in 1 CARTON (54288-152-01)  / 30 mL in 1 VIAL","Adrenergic alpha-Agonists [MoA],  Adrenergic beta-Agonists [MoA],  Catecholamine [EPC],  Catecholamines [CS],  alpha-Adrenergic Agonist [EPC],  beta-Adrenergic Agonist [EPC]","N/A","No","12/31/2026",0,FALSE,FALSE
"Respiratory:allergy_Medication","Other_Asthma_Medications","Epinephrine",FALSE,"nonproprietary","Epinephrine","Epinephrine_nonproprietary_raw.csv","EPINEPHRINE","54288-600-01","1 mg/mL","INJECTION","INTRAMUSCULAR; INTRAVENOUS; SUBCUTANEOUS","NDA205029","BPI Labs, LLC","54288-600","EPINEPHRINE","EPINEPHRINE","HUMAN PRESCRIPTION DRUG","01/16/2023","N/A","NDA","1 VIAL in 1 CARTON (54288-600-01)  / 10 mL in 1 VIAL","Adrenergic alpha-Agonists [MoA],  Adrenergic beta-Agonists [MoA],  Catecholamine [EPC],  Catecholamines [CS],  alpha-Adrenergic Agonist [EPC],  beta-Adrenergic Agonist [EPC]","N/A","No","12/31/2026",0,FALSE,FALSE
"Respiratory:allergy_Medication","Other_Asthma_Medications","Epinephrine",FALSE,"nonproprietary","Epinephrine","Epinephrine_nonproprietary_raw.csv","EPINEPHRINE","63323-696-25","1 mg/mL","INJECTION, SOLUTION, CONCENTRATE","INTRAMUSCULAR; INTRAOCULAR; INTRAVENOUS; SUBCUTANEOUS","ANDA213708","Fresenius Kabi USA, LLC","63323-696","EPINEPHRINE","EPINEPHRINE","HUMAN PRESCRIPTION DRUG","11/21/2024","N/A","ANDA","25 VIAL, SINGLE-DOSE in 1 TRAY (63323-696-25)  / 1 mL in 1 VIAL, SINGLE-DOSE (63323-696-02)","Adrenergic alpha-Agonists [MoA],  Adrenergic beta-Agonists [MoA],  Catecholamine [EPC],  Catecholamines [CS],  alpha-Adrenergic Agonist [EPC],  beta-Adrenergic Agonist [EPC]","N/A","No","12/31/2027",0,FALSE,FALSE
"Respiratory:allergy_Medication","Other_Asthma_Medications","Epinephrine",FALSE,"nonproprietary","Epinephrine","Epinephrine_nonproprietary_raw.csv","EPINEPHRINE","63323-698-30","1 mg/mL","INJECTION, SOLUTION, CONCENTRATE","INTRAMUSCULAR; INTRAVENOUS; SUBCUTANEOUS","NDA215425","Fresenius Kabi USA, LLC","63323-698","EPINEPHRINE","EPINEPHRINE","HUMAN PRESCRIPTION DRUG","03/13/2025","N/A","NDA","1 VIAL, MULTI-DOSE in 1 CARTON (63323-698-30)  / 30 mL in 1 VIAL, MULTI-DOSE","Adrenergic alpha-Agonists [MoA],  Adrenergic beta-Agonists [MoA],  Catecholamine [EPC],  Catecholamines [CS],  alpha-Adrenergic Agonist [EPC],  beta-Adrenergic Agonist [EPC]","N/A","No","12/31/2027",0,FALSE,FALSE
"Respiratory:allergy_Medication","Other_Asthma_Medications","Epinephrine",FALSE,"nonproprietary","Epinephrine","Epinephrine_nonproprietary_raw.csv","EPINEPHRINE","70518-4156-0","1 mg/mL","INJECTION","INTRAMUSCULAR; INTRAVENOUS; SUBCUTANEOUS","NDA205029","REMEDYREPACK INC.","70518-4156","EPINEPHRINE","EPINEPHRINE","HUMAN PRESCRIPTION DRUG","08/12/2024","N/A","NDA","25 VIAL in 1 CARTON (70518-4156-0)  / 1 mL in 1 VIAL (70518-4156-1)","Adrenergic alpha-Agonists [MoA],  Adrenergic beta-Agonists [MoA],  Catecholamine [EPC],  Catecholamines [CS],  alpha-Adrenergic Agonist [EPC],  beta-Adrenergic Agonist [EPC]","N/A","No","12/31/2027",0,FALSE,FALSE
"Respiratory:allergy_Medication","Other_Asthma_Medications","Epinephrine",FALSE,"nonproprietary","Epinephrine","Epinephrine_nonproprietary_raw.csv","EPINEPHRINE","70518-4274-0","1 mg/mL","INJECTION, SOLUTION, CONCENTRATE","INTRAMUSCULAR; INTRAOCULAR; INTRAVENOUS; SUBCUTANEOUS","ANDA213708","REMEDYREPACK INC.","70518-4274","EPINEPHRINE","EPINEPHRINE","HUMAN PRESCRIPTION DRUG","02/03/2025","N/A","ANDA","25 VIAL, SINGLE-DOSE in 1 TRAY (70518-4274-0)  / 1 mL in 1 VIAL, SINGLE-DOSE (70518-4274-1)","Adrenergic alpha-Agonists [MoA],  Adrenergic beta-Agonists [MoA],  Catecholamine [EPC],  Catecholamines [CS],  alpha-Adrenergic Agonist [EPC],  beta-Adrenergic Agonist [EPC]","N/A","No","12/31/2026",0,FALSE,FALSE
"Respiratory:allergy_Medication","Other_Asthma_Medications","Epinephrine",FALSE,"nonproprietary","Epinephrine","Epinephrine_nonproprietary_raw.csv","EPINEPHRINE","71872-7250-1",".1 mg/mL","INJECTION, SOLUTION","INTRAVENOUS","NDA209359","Medical Purchasing Solutions, LLC","71872-7250","epinephrine","EPINEPHRINE","HUMAN PRESCRIPTION DRUG","05/04/2021","N/A","NDA","1 CARTON in 1 BAG (71872-7250-1)  / 1 SYRINGE, GLASS in 1 CARTON / 10 mL in 1 SYRINGE, GLASS","Adrenergic alpha-Agonists [MoA],  Adrenergic beta-Agonists [MoA],  Catecholamine [EPC],  Catecholamines [CS],  alpha-Adrenergic Agonist [EPC],  beta-Adrenergic Agonist [EPC]","N/A","No","12/31/2026",0,FALSE,FALSE
"Respiratory:allergy_Medication","Other_Asthma_Medications","Epinephrine",FALSE,"nonproprietary","Epinephrine","Epinephrine_nonproprietary_raw.csv","EPINEPHRINE","71872-7360-1","1 mg/mL","INJECTION","INTRAMUSCULAR; INTRAVENOUS; SUBCUTANEOUS","NDA205029","Medical Purchasing Solutions, LLC.","71872-7360","EPINEPHRINE","EPINEPHRINE","HUMAN PRESCRIPTION DRUG","10/02/2024","N/A","NDA","1 VIAL in 1 BAG (71872-7360-1)  / 1 mL in 1 VIAL","Adrenergic alpha-Agonists [MoA],  Adrenergic beta-Agonists [MoA],  Catecholamine [EPC],  Catecholamines [CS],  alpha-Adrenergic Agonist [EPC],  beta-Adrenergic Agonist [EPC]","N/A","No","12/31/2026",0,FALSE,FALSE
"Respiratory:allergy_Medication","Other_Asthma_Medications","Epinephrine",FALSE,"nonproprietary","Epinephrine","Epinephrine_nonproprietary_raw.csv","EPINEPHRINE","72572-238-01","1 mg/mL","INJECTION, SOLUTION, CONCENTRATE","INTRAMUSCULAR; INTRAVENOUS; SUBCUTANEOUS","NDA215425","CIVICA, INC.","72572-238","EPINEPHRINE","EPINEPHRINE","HUMAN PRESCRIPTION DRUG","07/01/2026","N/A","NDA","1 VIAL, MULTI-DOSE in 1 CARTON (72572-238-01)  / 30 mL in 1 VIAL, MULTI-DOSE","Adrenergic alpha-Agonists [MoA],  Adrenergic beta-Agonists [MoA],  Catecholamine [EPC],  Catecholamines [CS],  alpha-Adrenergic Agonist [EPC],  beta-Adrenergic Agonist [EPC]","N/A","No","12/31/2027",0,FALSE,FALSE
"Respiratory:allergy_Medication","Other_Asthma_Medications","Epinephrine",FALSE,"nonproprietary","Epinephrine","Epinephrine_nonproprietary_raw.csv","EPINEPHRINE","80830-1659-2","1 mg/mL","INJECTION","INTRAMUSCULAR; INTRAVENOUS; SUBCUTANEOUS","ANDA218208","Amneal Pharmaceuticals Private Limited","80830-1659","epinephrine","EPINEPHRINE","HUMAN PRESCRIPTION DRUG","12/08/2025","N/A","ANDA","25 VIAL, GLASS in 1 CARTON (80830-1659-2)  / 1 mL in 1 VIAL, GLASS (80830-1659-1)","Adrenergic alpha-Agonists [MoA],  Adrenergic beta-Agonists [MoA],  Catecholamine [EPC],  Catecholamines [CS],  alpha-Adrenergic Agonist [EPC],  beta-Adrenergic Agonist [EPC]","N/A","No","12/31/2026",0,FALSE,FALSE
"Respiratory:allergy_Medication","Other_Asthma_Medications","Epinephrine",FALSE,"nonproprietary","Epinephrine","Epinephrine_nonproprietary_raw.csv","EPIPEN","49502-500-02",".3 mg/.3mL","INJECTION","INTRAMUSCULAR","NDA019430","Viatris Specialty LLC","49502-500","epinephrine","EPINEPHRINE","HUMAN PRESCRIPTION DRUG","12/22/1987","N/A","NDA","2 CONTAINER in 1 CARTON (49502-500-02)  / 1 SYRINGE, GLASS in 1 CONTAINER (49502-500-01)  / .3 mL in 1 SYRINGE, GLASS","Adrenergic alpha-Agonists [MoA],  Adrenergic beta-Agonists [MoA],  Catecholamine [EPC],  Catecholamines [CS],  alpha-Adrenergic Agonist [EPC],  beta-Adrenergic Agonist [EPC]","N/A","No","12/31/2026",0,FALSE,FALSE
"Respiratory:allergy_Medication","Other_Asthma_Medications","Epinephrine",FALSE,"nonproprietary","Epinephrine","Epinephrine_nonproprietary_raw.csv","EPIPEN","49502-500-92",".3 mg/.3mL","INJECTION","INTRAMUSCULAR","NDA019430","Viatris Specialty LLC","49502-500","epinephrine","EPINEPHRINE","HUMAN PRESCRIPTION DRUG","12/22/1987","N/A","NDA","2 CONTAINER in 1 CARTON (49502-500-92)  / 1 SYRINGE, GLASS in 1 CONTAINER / .3 mL in 1 SYRINGE, GLASS","Adrenergic alpha-Agonists [MoA],  Adrenergic beta-Agonists [MoA],  Catecholamine [EPC],  Catecholamines [CS],  alpha-Adrenergic Agonist [EPC],  beta-Adrenergic Agonist [EPC]","N/A","Yes","12/31/2026",0,FALSE,FALSE
"Respiratory:allergy_Medication","Other_Asthma_Medications","Epinephrine",FALSE,"nonproprietary","Epinephrine","Epinephrine_nonproprietary_raw.csv","EPIPEN","76420-584-02",".3 mg/.3mL","INJECTION","INTRAMUSCULAR","NDA019430","Asclemed USA, Inc.","76420-584","epinephrine","EPINEPHRINE","HUMAN PRESCRIPTION DRUG","08/29/2023","N/A","NDA","2 CONTAINER in 1 CARTON (76420-584-02)  / 1 SYRINGE, GLASS in 1 CONTAINER / .3 mL in 1 SYRINGE, GLASS","Adrenergic alpha-Agonists [MoA],  Adrenergic beta-Agonists [MoA],  Catecholamine [EPC],  Catecholamines [CS],  alpha-Adrenergic Agonist [EPC],  beta-Adrenergic Agonist [EPC]","N/A","No","12/31/2026",0,FALSE,FALSE
"Respiratory:allergy_Medication","Other_Asthma_Medications","Epinephrine",FALSE,"nonproprietary","Epinephrine","Epinephrine_nonproprietary_raw.csv","EPIPEN JR","49502-501-02",".15 mg/.3mL","INJECTION","INTRAMUSCULAR","NDA019430","Viatris Specialty LLC","49502-501","epinephrine","EPINEPHRINE","HUMAN PRESCRIPTION DRUG","12/22/1987","N/A","NDA","2 CONTAINER in 1 CARTON (49502-501-02)  / 1 SYRINGE, GLASS in 1 CONTAINER (49502-501-01)  / .3 mL in 1 SYRINGE, GLASS","Adrenergic alpha-Agonists [MoA],  Adrenergic beta-Agonists [MoA],  Catecholamine [EPC],  Catecholamines [CS],  alpha-Adrenergic Agonist [EPC],  beta-Adrenergic Agonist [EPC]","N/A","No","12/31/2026",0,FALSE,FALSE
"Respiratory:allergy_Medication","Other_Asthma_Medications","Epinephrine",FALSE,"nonproprietary","Epinephrine","Epinephrine_nonproprietary_raw.csv","EPIPEN JR","49502-501-92",".15 mg/.3mL","INJECTION","INTRAMUSCULAR","NDA019430","Viatris Specialty LLC","49502-501","epinephrine","EPINEPHRINE","HUMAN PRESCRIPTION DRUG","12/22/1987","N/A","NDA","2 CONTAINER in 1 CARTON (49502-501-92)  / 1 SYRINGE, GLASS in 1 CONTAINER / .3 mL in 1 SYRINGE, GLASS","Adrenergic alpha-Agonists [MoA],  Adrenergic beta-Agonists [MoA],  Catecholamine [EPC],  Catecholamines [CS],  alpha-Adrenergic Agonist [EPC],  beta-Adrenergic Agonist [EPC]","N/A","Yes","12/31/2026",0,FALSE,FALSE
"Respiratory:allergy_Medication","Other_Asthma_Medications","Epinephrine",FALSE,"nonproprietary","Epinephrine","Epinephrine_nonproprietary_raw.csv","Elevate","43742-1452-1","3 [hp_X]/mL,                         3  [hp_X]/mL,                         3  [hp_X]/mL,                         4  [hp_X]/mL,                         4  [hp_X]/mL,                         4  [hp_X]/mL,                         6  [hp_X]/mL,                         8  [hp_X]/mL,                         8  [hp_X]/mL,                         8  [hp_X]/mL,                         8  [hp_X]/mL,                         8  [hp_X]/mL,                         8  [hp_X]/mL,                         8  [hp_X]/mL,                         10  [hp_X]/mL,                         10  [hp_X]/mL,                         10  [hp_X]/mL,                         10  [hp_X]/mL,                         10  [hp_X]/mL,                         10  [hp_X]/mL,                         10  [hp_X]/mL,                         30  [hp_C]/mL,                         30  [hp_C]/mL,                         30  [hp_C]/mL","LIQUID","ORAL",NA,"Deseret Biologicals, Inc.","43742-1452","Lycopodium Clavatum, Natrum Muriaticum, Sepia, Causticum, Phosphorus, Sulphur, 5-Hydroxytryptophan, Alumina, Silicea, Acetylcholine Chloride, Dopamine Hydrochloride, Norepinephrine (Bitartrate), Phenylethylamine (Hydrochloride), Serotonin (Hydrochloride), Adenosinum Cyclophosphoricum, Cerebrum (Suis), Diencephalon (Suis), Funiculus Umbilicalis Suis, Pantothenic Acid, Pineal Gland (Suis), Sarcolacticum Acidum, Faecalis (Alkaligenes), Gaertner Bacillus (Bach), Proteus (Vulgaris)","ACETYLCHOLINE CHLORIDE;  ADENOSINE CYCLIC PHOSPHATE;  ALCALIGENES FAECALIS;  ALUMINUM OXIDE;  CAUSTICUM;  DOPAMINE HYDROCHLORIDE;  LACTIC ACID, L-;  LYCOPODIUM CLAVATUM SPORE;  NOREPINEPHRINE BITARTRATE;  OXITRIPTAN;  PANTOTHENIC ACID;  PHENETHYLAMINE HYDROCHLORIDE;  PHOSPHORUS;  PROTEUS VULGARIS;  SALMONELLA ENTERICA SUBSP. ENTERICA SEROVAR ENTERITIDIS;  SEPIA OFFICINALIS JUICE;  SEROTONIN HYDROCHLORIDE;  SILICON DIOXIDE;  SODIUM CHLORIDE;  SULFUR;  SUS SCROFA CEREBRUM;  SUS SCROFA DIENCEPHALON;  SUS SCROFA PINEAL GLAND;  SUS SCROFA UMBILICAL CORD","HUMAN OTC DRUG","03/15/2019","N/A","UNAPPROVED HOMEOPATHIC","30 mL in 1 BOTTLE, DROPPER (43742-1452-1)","Catecholamine [EPC],  Catecholamine [EPC],  Catecholamines [CS],  Catecholamines [CS],  Cholinergic Agonists [MoA],  Cholinergic Receptor Agonist [EPC]","N/A","No","12/31/2026",0,FALSE,FALSE
"Respiratory:allergy_Medication","Other_Asthma_Medications","Epinephrine",FALSE,"nonproprietary","Epinephrine","Epinephrine_nonproprietary_raw.csv","Epinephrine","0093-5985-27",".15 mg/.3mL","INJECTION","INTRAMUSCULAR; SUBCUTANEOUS","ANDA090589","Teva Pharmaceuticals USA, Inc.","0093-5985","Epinephrine","EPINEPHRINE","HUMAN PRESCRIPTION DRUG","08/19/2019","N/A","ANDA","2 CONTAINER in 1 CARTON (0093-5985-27)  / 1 SYRINGE in 1 CONTAINER (0093-5985-19)  / .3 mL in 1 SYRINGE","Adrenergic alpha-Agonists [MoA],  Adrenergic beta-Agonists [MoA],  Catecholamine [EPC],  Catecholamines [CS],  alpha-Adrenergic Agonist [EPC],  beta-Adrenergic Agonist [EPC]","N/A","No","12/31/2026",0,FALSE,FALSE
"Respiratory:allergy_Medication","Other_Asthma_Medications","Epinephrine",FALSE,"nonproprietary","Epinephrine","Epinephrine_nonproprietary_raw.csv","Epinephrine","0093-5986-27",".3 mg/.3mL","INJECTION","INTRAMUSCULAR; SUBCUTANEOUS","ANDA090589","Teva Pharmaceuticals USA, Inc.","0093-5986","Epinephrine","EPINEPHRINE","HUMAN PRESCRIPTION DRUG","11/27/2018","N/A","ANDA","2 CONTAINER in 1 CARTON (0093-5986-27)  / 1 SYRINGE in 1 CONTAINER (0093-5986-19)  / .3 mL in 1 SYRINGE","Adrenergic alpha-Agonists [MoA],  Adrenergic beta-Agonists [MoA],  Catecholamine [EPC],  Catecholamines [CS],  alpha-Adrenergic Agonist [EPC],  beta-Adrenergic Agonist [EPC]","N/A","No","12/31/2026",0,FALSE,FALSE
"Respiratory:allergy_Medication","Other_Asthma_Medications","Epinephrine",FALSE,"nonproprietary","Epinephrine","Epinephrine_nonproprietary_raw.csv","Epinephrine","0143-9476-25","1 mg/mL","INJECTION","INTRAMUSCULAR; INTRAVENOUS; SUBCUTANEOUS","ANDA220562","Hikma Pharmaceuticals USA Inc.","0143-9476","Epinephrine","EPINEPHRINE","HUMAN PRESCRIPTION DRUG","06/08/2026","N/A","ANDA","25 AMPULE in 1 CARTON (0143-9476-25)  / 1 mL in 1 AMPULE (0143-9476-01)","Adrenergic alpha-Agonists [MoA],  Adrenergic beta-Agonists [MoA],  Catecholamine [EPC],  Catecholamines [CS],  alpha-Adrenergic Agonist [EPC],  beta-Adrenergic Agonist [EPC]","N/A","No","12/31/2027",0,FALSE,FALSE
"Respiratory:allergy_Medication","Other_Asthma_Medications","Epinephrine",FALSE,"nonproprietary","Epinephrine","Epinephrine_nonproprietary_raw.csv","Epinephrine","0517-3030-01","1 mg/mL","INJECTION","INTRAMUSCULAR; INTRAVENOUS; SUBCUTANEOUS","ANDA217192","American Regent, Inc.","0517-3030","epinephrine","EPINEPHRINE","HUMAN PRESCRIPTION DRUG","10/09/2024","N/A","ANDA","1 VIAL in 1 CARTON (0517-3030-01)  / 1 mL in 1 VIAL","Adrenergic alpha-Agonists [MoA],  Adrenergic beta-Agonists [MoA],  Catecholamine [EPC],  Catecholamines [CS],  alpha-Adrenergic Agonist [EPC],  beta-Adrenergic Agonist [EPC]","N/A","No","12/31/2026",0,FALSE,FALSE
"Respiratory:allergy_Medication","Other_Asthma_Medications","Epinephrine",FALSE,"nonproprietary","Epinephrine","Epinephrine_nonproprietary_raw.csv","Epinephrine","49502-101-02",".15 mg/.3mL","INJECTION","INTRAMUSCULAR","NDA019430","Viatris Specialty LLC","49502-101","Epinephrine","EPINEPHRINE","HUMAN PRESCRIPTION DRUG","12/15/2016","N/A","NDA AUTHORIZED GENERIC","2 CONTAINER in 1 CARTON (49502-101-02)  / 1 SYRINGE, GLASS in 1 CONTAINER (49502-101-01)  / .3 mL in 1 SYRINGE, GLASS","Adrenergic alpha-Agonists [MoA],  Adrenergic beta-Agonists [MoA],  Catecholamine [EPC],  Catecholamines [CS],  alpha-Adrenergic Agonist [EPC],  beta-Adrenergic Agonist [EPC]","N/A","No","12/31/2026",0,FALSE,FALSE
"Respiratory:allergy_Medication","Other_Asthma_Medications","Epinephrine",FALSE,"nonproprietary","Epinephrine","Epinephrine_nonproprietary_raw.csv","Epinephrine","49502-102-02",".3 mg/.3mL","INJECTION","INTRAMUSCULAR","NDA019430","Viatris Specialty LLC","49502-102","Epinephrine","EPINEPHRINE","HUMAN PRESCRIPTION DRUG","12/15/2016","N/A","NDA AUTHORIZED GENERIC","2 CONTAINER in 1 CARTON (49502-102-02)  / 1 SYRINGE, GLASS in 1 CONTAINER (49502-102-01)  / .3 mL in 1 SYRINGE, GLASS","Adrenergic alpha-Agonists [MoA],  Adrenergic beta-Agonists [MoA],  Catecholamine [EPC],  Catecholamines [CS],  alpha-Adrenergic Agonist [EPC],  beta-Adrenergic Agonist [EPC]","N/A","No","12/31/2026",0,FALSE,FALSE
"Respiratory:allergy_Medication","Other_Asthma_Medications","Epinephrine",FALSE,"nonproprietary","Epinephrine","Epinephrine_nonproprietary_raw.csv","Epinephrine","50090-3039-1","1 mg/mL","INJECTION, SOLUTION, CONCENTRATE","INTRAMUSCULAR; INTRAOCULAR; INTRAVENOUS; SUBCUTANEOUS","NDA205029","A-S Medication Solutions","50090-3039","Epinephrine","EPINEPHRINE","HUMAN PRESCRIPTION DRUG","06/06/2017","N/A","NDA","1 mL in 1 AMPULE (50090-3039-1)","Adrenergic alpha-Agonists [MoA],  Adrenergic beta-Agonists [MoA],  Catecholamine [EPC],  Catecholamines [CS],  alpha-Adrenergic Agonist [EPC],  beta-Adrenergic Agonist [EPC]","N/A","No","12/31/2027",0,FALSE,FALSE
"Respiratory:allergy_Medication","Other_Asthma_Medications","Epinephrine",FALSE,"nonproprietary","Epinephrine","Epinephrine_nonproprietary_raw.csv","Epinephrine","50090-4543-0",".3 mg/.3mL","INJECTION","INTRAMUSCULAR","NDA019430","A-S Medication Solutions","50090-4543","Epinephrine","EPINEPHRINE","HUMAN PRESCRIPTION DRUG","09/20/2019","N/A","NDA AUTHORIZED GENERIC","2 CONTAINER in 1 CARTON (50090-4543-0)  / 1 mL in 1 CONTAINER","Adrenergic alpha-Agonists [MoA],  Adrenergic beta-Agonists [MoA],  Catecholamine [EPC],  Catecholamines [CS],  alpha-Adrenergic Agonist [EPC],  beta-Adrenergic Agonist [EPC]","N/A","No","12/31/2026",0,FALSE,FALSE
"Respiratory:allergy_Medication","Other_Asthma_Medications","Epinephrine",FALSE,"nonproprietary","Epinephrine","Epinephrine_nonproprietary_raw.csv","Epinephrine","50090-5254-0",".15 mg/.3mL","INJECTION","INTRAMUSCULAR; SUBCUTANEOUS","ANDA090589","A-S Medication Solutions","50090-5254","Epinephrine","EPINEPHRINE","HUMAN PRESCRIPTION DRUG","10/14/2020","N/A","ANDA","2 CONTAINER in 1 CARTON (50090-5254-0)  / 1 mL in 1 CONTAINER","Adrenergic alpha-Agonists [MoA],  Adrenergic beta-Agonists [MoA],  Catecholamine [EPC],  Catecholamines [CS],  alpha-Adrenergic Agonist [EPC],  beta-Adrenergic Agonist [EPC]","N/A","No","12/31/2026",0,FALSE,FALSE
"Respiratory:allergy_Medication","Other_Asthma_Medications","Epinephrine",FALSE,"nonproprietary","Epinephrine","Epinephrine_nonproprietary_raw.csv","Epinephrine","50090-7037-0",".1 mg/mL","INJECTION","INTRAVENOUS","NDA211363","A-S Medication Solutions","50090-7037","Epinephrine","EPINEPHRINE","HUMAN PRESCRIPTION DRUG","01/10/2024","N/A","NDA","1 CARTON in 1 PACKAGE (50090-7037-0)  / 1 mL in 1 CARTON","Adrenergic alpha-Agonists [MoA],  Adrenergic beta-Agonists [MoA],  Catecholamine [EPC],  Catecholamines [CS],  alpha-Adrenergic Agonist [EPC],  beta-Adrenergic Agonist [EPC]","N/A","No","12/31/2027",0,FALSE,FALSE
"Respiratory:allergy_Medication","Other_Asthma_Medications","Epinephrine",FALSE,"nonproprietary","Epinephrine","Epinephrine_nonproprietary_raw.csv","Epinephrine","54288-103-10","1 mg/mL","INJECTION, SOLUTION, CONCENTRATE","INTRAMUSCULAR; INTRAOCULAR; INTRAVENOUS; SUBCUTANEOUS","NDA205029","BPI Labs, LLC","54288-103","Epinephrine","EPINEPHRINE","HUMAN PRESCRIPTION DRUG","08/08/2014","N/A","NDA","10 AMPULE in 1 BOX (54288-103-10)  / 1 mL in 1 AMPULE","Adrenergic alpha-Agonists [MoA],  Adrenergic beta-Agonists [MoA],  Catecholamine [EPC],  Catecholamines [CS],  alpha-Adrenergic Agonist [EPC],  beta-Adrenergic Agonist [EPC]","N/A","No","12/31/2026",0,FALSE,FALSE
"Respiratory:allergy_Medication","Other_Asthma_Medications","Epinephrine",FALSE,"nonproprietary","Epinephrine","Epinephrine_nonproprietary_raw.csv","Epinephrine","63083-1553-1","9 [hp_X]/29.5mL","LIQUID","ORAL",NA,"Professional Complementary Health Formulas","63083-1553","Epinephrine","EPINEPHRINE","HUMAN OTC DRUG","08/15/1985","N/A","UNAPPROVED HOMEOPATHIC","29.5 mL in 1 BOTTLE, DROPPER (63083-1553-1)","Adrenergic alpha-Agonists [MoA],  Adrenergic beta-Agonists [MoA],  Catecholamine [EPC],  Catecholamines [CS],  alpha-Adrenergic Agonist [EPC],  beta-Adrenergic Agonist [EPC]","N/A","No","12/31/2027",0,FALSE,FALSE
"Respiratory:allergy_Medication","Other_Asthma_Medications","Epinephrine",FALSE,"nonproprietary","Epinephrine","Epinephrine_nonproprietary_raw.csv","Epinephrine","63629-8801-1",".15 mg/.3mL","INJECTION","INTRAMUSCULAR; SUBCUTANEOUS","ANDA090589","Bryant Ranch Prepack","63629-8801","Epinephrine","EPINEPHRINE","HUMAN PRESCRIPTION DRUG","09/10/2021","N/A","ANDA","2 CONTAINER in 1 CARTON (63629-8801-1)  / 1 SYRINGE in 1 CONTAINER / .3 mL in 1 SYRINGE","Adrenergic alpha-Agonists [MoA],  Adrenergic beta-Agonists [MoA],  Catecholamine [EPC],  Catecholamines [CS],  alpha-Adrenergic Agonist [EPC],  beta-Adrenergic Agonist [EPC]","N/A","No","12/31/2026",0,FALSE,FALSE
"Respiratory:allergy_Medication","Other_Asthma_Medications","Epinephrine",FALSE,"nonproprietary","Epinephrine","Epinephrine_nonproprietary_raw.csv","Epinephrine","67296-1946-2",".3 mg/.3mL","INJECTION","INTRAMUSCULAR; SUBCUTANEOUS","ANDA090589","Redpharm Drug","67296-1946","Epinephrine","EPINEPHRINE","HUMAN PRESCRIPTION DRUG","11/27/2018","N/A","ANDA","2 CONTAINER in 1 CARTON (67296-1946-2)  / 1 SYRINGE in 1 CONTAINER / .3 mL in 1 SYRINGE","Adrenergic alpha-Agonists [MoA],  Adrenergic beta-Agonists [MoA],  Catecholamine [EPC],  Catecholamines [CS],  alpha-Adrenergic Agonist [EPC],  beta-Adrenergic Agonist [EPC]","N/A","No","12/31/2026",0,FALSE,FALSE
"Respiratory:allergy_Medication","Other_Asthma_Medications","Epinephrine",FALSE,"nonproprietary","Epinephrine","Epinephrine_nonproprietary_raw.csv","Epinephrine","70518-2283-0",".3 mg/.3mL","INJECTION","INTRAMUSCULAR; SUBCUTANEOUS","ANDA090589","REMEDYREPACK INC.","70518-2283","Epinephrine","EPINEPHRINE","HUMAN PRESCRIPTION DRUG","08/26/2019","N/A","ANDA","2 CONTAINER in 1 CARTON (70518-2283-0)  / 1 SYRINGE in 1 CONTAINER / .3 mL in 1 SYRINGE","Adrenergic alpha-Agonists [MoA],  Adrenergic beta-Agonists [MoA],  Catecholamine [EPC],  Catecholamines [CS],  alpha-Adrenergic Agonist [EPC],  beta-Adrenergic Agonist [EPC]","N/A","No","12/31/2027",0,FALSE,FALSE
"Respiratory:allergy_Medication","Other_Asthma_Medications","Epinephrine",FALSE,"nonproprietary","Epinephrine","Epinephrine_nonproprietary_raw.csv","Epinephrine","70518-3816-0",".1 mg/mL","INJECTION","INTRAVENOUS","NDA211363","REMEDYREPACK INC.","70518-3816","Epinephrine","EPINEPHRINE","HUMAN PRESCRIPTION DRUG","08/02/2023","N/A","NDA","10 CARTON in 1 PACKAGE (70518-3816-0)  / 1 SYRINGE in 1 CARTON / 10 mL in 1 SYRINGE","Adrenergic alpha-Agonists [MoA],  Adrenergic beta-Agonists [MoA],  Catecholamine [EPC],  Catecholamines [CS],  alpha-Adrenergic Agonist [EPC],  beta-Adrenergic Agonist [EPC]","N/A","No","12/31/2027",0,FALSE,FALSE
"Respiratory:allergy_Medication","Other_Asthma_Medications","Epinephrine",FALSE,"nonproprietary","Epinephrine","Epinephrine_nonproprietary_raw.csv","Epinephrine","71872-7117-1","1 mg/mL","INJECTION, SOLUTION, CONCENTRATE","INTRAVENOUS","NDA205029","Medical Purchasing Solutions, LLC","71872-7117","Epinephrine","EPINEPHRINE","HUMAN PRESCRIPTION DRUG","03/05/2018","N/A","NDA","1 AMPULE in 1 BAG (71872-7117-1)  / 1 mL in 1 AMPULE","Adrenergic alpha-Agonists [MoA],  Adrenergic beta-Agonists [MoA],  Catecholamine [EPC],  Catecholamines [CS],  alpha-Adrenergic Agonist [EPC],  beta-Adrenergic Agonist [EPC]","N/A","No","12/31/2026",0,FALSE,FALSE
"Respiratory:allergy_Medication","Other_Asthma_Medications","Epinephrine",FALSE,"nonproprietary","Epinephrine","Epinephrine_nonproprietary_raw.csv","Epinephrine","71872-7134-1",".15 mg/.3mL","INJECTION","INTRAMUSCULAR","NDA019430","Medical Purchasing Solutions, LLC","71872-7134","Epinephrine","EPINEPHRINE","HUMAN PRESCRIPTION DRUG","04/11/2018","N/A","NDA AUTHORIZED GENERIC","1 CONTAINER in 1 BAG (71872-7134-1)  / 1 SYRINGE, GLASS in 1 CONTAINER / .3 mL in 1 SYRINGE, GLASS","Adrenergic alpha-Agonists [MoA],  Adrenergic beta-Agonists [MoA],  Catecholamine [EPC],  Catecholamines [CS],  alpha-Adrenergic Agonist [EPC],  beta-Adrenergic Agonist [EPC]","N/A","No","12/31/2026",0,FALSE,FALSE
"Respiratory:allergy_Medication","Other_Asthma_Medications","Epinephrine",FALSE,"nonproprietary","Epinephrine","Epinephrine_nonproprietary_raw.csv","Epinephrine","71872-7135-1",".3 mg/.3mL","INJECTION","INTRAMUSCULAR","NDA019430","Medical Purchasing Solutions, LLC","71872-7135","Epinephrine","EPINEPHRINE","HUMAN PRESCRIPTION DRUG","04/11/2018","N/A","NDA AUTHORIZED GENERIC","1 CONTAINER in 1 BAG (71872-7135-1)  / 1 SYRINGE, GLASS in 1 CONTAINER / .3 mL in 1 SYRINGE, GLASS","Adrenergic alpha-Agonists [MoA],  Adrenergic beta-Agonists [MoA],  Catecholamine [EPC],  Catecholamines [CS],  alpha-Adrenergic Agonist [EPC],  beta-Adrenergic Agonist [EPC]","N/A","No","12/31/2026",0,FALSE,FALSE
"Respiratory:allergy_Medication","Other_Asthma_Medications","Epinephrine",FALSE,"nonproprietary","Epinephrine","Epinephrine_nonproprietary_raw.csv","Epinephrine","71872-7304-1",".1 mg/mL","INJECTION","INTRAVENOUS","NDA211363","Medical Purchasing Solutions, LLC","71872-7304","Epinephrine","EPINEPHRINE","HUMAN PRESCRIPTION DRUG","07/12/2023","N/A","NDA","1 CARTON in 1 BAG (71872-7304-1)  / 1 SYRINGE in 1 CARTON / 10 mL in 1 SYRINGE","Adrenergic alpha-Agonists [MoA],  Adrenergic beta-Agonists [MoA],  Catecholamine [EPC],  Catecholamines [CS],  alpha-Adrenergic Agonist [EPC],  beta-Adrenergic Agonist [EPC]","N/A","No","12/31/2026",0,FALSE,FALSE
"Respiratory:allergy_Medication","Other_Asthma_Medications","Epinephrine",FALSE,"nonproprietary","Epinephrine","Epinephrine_nonproprietary_raw.csv","Epinephrine","76329-3318-1",".1 mg/mL","INJECTION","INTRAVENOUS","NDA211363","International Medication Systems, Limited","76329-3318","Epinephrine","EPINEPHRINE","HUMAN PRESCRIPTION DRUG","01/30/2023","N/A","NDA","10 CARTON in 1 PACKAGE (76329-3318-1)  / 1 SYRINGE in 1 CARTON / 10 mL in 1 SYRINGE","Adrenergic alpha-Agonists [MoA],  Adrenergic beta-Agonists [MoA],  Catecholamine [EPC],  Catecholamines [CS],  alpha-Adrenergic Agonist [EPC],  beta-Adrenergic Agonist [EPC]","N/A","No","12/31/2026",0,FALSE,FALSE
"Respiratory:allergy_Medication","Other_Asthma_Medications","Epinephrine",FALSE,"nonproprietary","Epinephrine","Epinephrine_nonproprietary_raw.csv","Epinephrine","76329-9060-0","1 mg/mL","INJECTION","INTRAMUSCULAR; INTRAVENOUS; SUBCUTANEOUS","ANDA211880","International Medication Systems, Limited","76329-9060","Epinephrine","EPINEPHRINE","HUMAN PRESCRIPTION DRUG","05/19/2020","N/A","ANDA","1 VIAL in 1 CARTON (76329-9060-0)  / 30 mL in 1 VIAL","Adrenergic alpha-Agonists [MoA],  Adrenergic beta-Agonists [MoA],  Catecholamine [EPC],  Catecholamines [CS],  alpha-Adrenergic Agonist [EPC],  beta-Adrenergic Agonist [EPC]","N/A","No","12/31/2026",0,FALSE,FALSE
"Respiratory:allergy_Medication","Other_Asthma_Medications","Epinephrine",FALSE,"nonproprietary","Epinephrine","Epinephrine_nonproprietary_raw.csv","Epinephrine","76420-188-02",".3 mg/.3mL","INJECTION","INTRAMUSCULAR; SUBCUTANEOUS","ANDA090589","Asclemed USA, Inc.","76420-188","Epinephrine","EPINEPHRINE","HUMAN PRESCRIPTION DRUG","01/28/2021","N/A","ANDA","2 SYRINGE in 1 PACKAGE (76420-188-02)  / .3 mL in 1 SYRINGE","Adrenergic alpha-Agonists [MoA],  Adrenergic beta-Agonists [MoA],  Catecholamine [EPC],  Catecholamines [CS],  alpha-Adrenergic Agonist [EPC],  beta-Adrenergic Agonist [EPC]","N/A","No","12/31/2026",0,FALSE,FALSE
"Respiratory:allergy_Medication","Other_Asthma_Medications","Epinephrine",FALSE,"nonproprietary","Epinephrine","Epinephrine_nonproprietary_raw.csv","Epinephrine","80425-0264-1",".3 mg/.3mL","INJECTION","SUBCUTANEOUS","NDA020800","Advanced Rx Pharmacy of Tennessee, LLC","80425-0264","Epinephrine","EPINEPHRINE","HUMAN PRESCRIPTION DRUG","02/16/2023","N/A","NDA AUTHORIZED GENERIC","2 CASE in 1 CARTON (80425-0264-1)  / 1 SYRINGE in 1 CASE / .3 mL in 1 SYRINGE","Adrenergic alpha-Agonists [MoA],  Adrenergic beta-Agonists [MoA],  Catecholamine [EPC],  Catecholamines [CS],  alpha-Adrenergic Agonist [EPC],  beta-Adrenergic Agonist [EPC]","N/A","No","12/31/2026",0,FALSE,FALSE
"Respiratory:allergy_Medication","Other_Asthma_Medications","Epinephrine",FALSE,"nonproprietary","Epinephrine","Epinephrine_nonproprietary_raw.csv","Epinephrine","84549-018-01",".1 mg/mL","INJECTION","INTRAVENOUS","NDA211363","ProPharma Distribution","84549-018","Epinephrine","EPINEPHRINE","HUMAN PRESCRIPTION DRUG","09/01/2025","N/A","NDA","10 mL in 1 SYRINGE (84549-018-01)","Adrenergic alpha-Agonists [MoA],  Adrenergic beta-Agonists [MoA],  Catecholamine [EPC],  Catecholamines [CS],  alpha-Adrenergic Agonist [EPC],  beta-Adrenergic Agonist [EPC]","N/A","No","12/31/2026",0,FALSE,FALSE
"Respiratory:allergy_Medication","Other_Asthma_Medications","Epinephrine",FALSE,"nonproprietary","Epinephrine","Epinephrine_nonproprietary_raw.csv","Epinephrine","84549-103-10","1 mg/mL","INJECTION, SOLUTION, CONCENTRATE","INTRAMUSCULAR; INTRAOCULAR; INTRAVENOUS; SUBCUTANEOUS","NDA205029","ProPharma Distribution","84549-103","Epinephrine","EPINEPHRINE","HUMAN PRESCRIPTION DRUG","08/27/2025","N/A","NDA","1 mL in 1 AMPULE (84549-103-10)","Adrenergic alpha-Agonists [MoA],  Adrenergic beta-Agonists [MoA],  Catecholamine [EPC],  Catecholamines [CS],  alpha-Adrenergic Agonist [EPC],  beta-Adrenergic Agonist [EPC]","N/A","No","12/31/2026",0,FALSE,FALSE
"Respiratory:allergy_Medication","Other_Asthma_Medications","Epinephrine",FALSE,"nonproprietary","Epinephrine","Epinephrine_nonproprietary_raw.csv","Epinephrine","85766-091-02",".3 mg/.3mL","INJECTION","INTRAMUSCULAR; SUBCUTANEOUS","ANDA090589","Sportpharm LLC","85766-091","Epinephrine","EPINEPHRINE","HUMAN PRESCRIPTION DRUG","10/10/2025","N/A","ANDA","2 CONTAINER in 1 CARTON (85766-091-02)  / 1 SYRINGE in 1 CONTAINER / .3 mL in 1 SYRINGE","Adrenergic alpha-Agonists [MoA],  Adrenergic beta-Agonists [MoA],  Catecholamine [EPC],  Catecholamines [CS],  alpha-Adrenergic Agonist [EPC],  beta-Adrenergic Agonist [EPC]","N/A","No","12/31/2027",0,FALSE,FALSE
"Respiratory:allergy_Medication","Other_Asthma_Medications","Epinephrine",FALSE,"nonproprietary","Epinephrine","Epinephrine_nonproprietary_raw.csv","Epinephrine 0.15 Pediatrics","70385-2020-1",".15 mg/.3mL","INJECTION","INTRAMUSCULAR","NDA019430","Sina Health Inc","70385-2020","Epinephrine 0.15 Pediatrics","EPINEPHRINE","HUMAN PRESCRIPTION DRUG","12/15/2016","N/A","NDA AUTHORIZED GENERIC","1 CONTAINER in 1 PACKAGE (70385-2020-1)  / 1 SYRINGE, GLASS in 1 CONTAINER / .3 mL in 1 SYRINGE, GLASS","Adrenergic alpha-Agonists [MoA],  Adrenergic beta-Agonists [MoA],  Catecholamine [EPC],  Catecholamines [CS],  alpha-Adrenergic Agonist [EPC],  beta-Adrenergic Agonist [EPC]","N/A","No","12/31/2027",0,FALSE,FALSE
"Respiratory:allergy_Medication","Other_Asthma_Medications","Epinephrine",FALSE,"nonproprietary","Epinephrine","Epinephrine_nonproprietary_raw.csv","Epinephrine 0.3 Adults","70385-2019-1",".3 mg/.3mL","INJECTION","INTRAMUSCULAR","NDA019430","Sina Health Inc","70385-2019","Epinephrine 0.3 Adults","EPINEPHRINE","HUMAN PRESCRIPTION DRUG","12/15/2016","N/A","NDA AUTHORIZED GENERIC","1 CONTAINER in 1 PACKAGE (70385-2019-1)  / 1 SYRINGE, GLASS in 1 CONTAINER / .3 mL in 1 SYRINGE, GLASS","Adrenergic alpha-Agonists [MoA],  Adrenergic beta-Agonists [MoA],  Catecholamine [EPC],  Catecholamines [CS],  alpha-Adrenergic Agonist [EPC],  beta-Adrenergic Agonist [EPC]","N/A","No","12/31/2027",0,FALSE,FALSE
"Respiratory:allergy_Medication","Other_Asthma_Medications","Epinephrine",FALSE,"nonproprietary","Epinephrine","Epinephrine_nonproprietary_raw.csv","Epinephrine 0.3 Adults","70385-2022-1",".3 mg/.3mL","INJECTION","SUBCUTANEOUS","NDA020800","Sina Health Inc","70385-2022","Epinephrine 0.3 Adults","EPINEPHRINE","HUMAN PRESCRIPTION DRUG","04/01/2010","N/A","NDA AUTHORIZED GENERIC","1 CASE in 1 PACKAGE (70385-2022-1)  / 1 SYRINGE, GLASS in 1 CASE / .3 mL in 1 SYRINGE, GLASS","Adrenergic alpha-Agonists [MoA],  Adrenergic beta-Agonists [MoA],  Catecholamine [EPC],  Catecholamines [CS],  alpha-Adrenergic Agonist [EPC],  beta-Adrenergic Agonist [EPC]","N/A","No","12/31/2027",0,FALSE,FALSE
"Respiratory:allergy_Medication","Other_Asthma_Medications","Epinephrine",FALSE,"nonproprietary","Epinephrine","Epinephrine_nonproprietary_raw.csv","Epinephrine Convenience Kit","51662-1507-1",NA,"KIT","INTRAMUSCULAR; SUBCUTANEOUS","NDA204200","HF Acquisition Co LLC, DBA HealthFirst","51662-1507","Epinephrine",NA,"HUMAN PRESCRIPTION DRUG","02/08/2020","N/A","NDA","1 VIAL, SINGLE-DOSE in 1 KIT (51662-1507-1)  / 1 KIT in 1 VIAL, SINGLE-DOSE *  1 mL in 1 VIAL, SINGLE-DOSE (51662-1290-1)","N/A","N/A","No","12/31/2026",1,FALSE,FALSE
"Respiratory:allergy_Medication","Other_Asthma_Medications","Epinephrine",FALSE,"nonproprietary","Epinephrine","Epinephrine_nonproprietary_raw.csv","Epinephrine Pediatrics","70385-2038-1",".15 mg/.15mL","INJECTION","SUBCUTANEOUS","NDA020800","Sina Health Inc","70385-2038","Epinephrine 0.15 Pediatrics","EPINEPHRINE","HUMAN PRESCRIPTION DRUG","04/01/2010","N/A","NDA AUTHORIZED GENERIC","1 CASE in 1 PACKAGE (70385-2038-1)  / 1 SYRINGE, GLASS in 1 CASE / .15 mL in 1 SYRINGE, GLASS","Adrenergic alpha-Agonists [MoA],  Adrenergic beta-Agonists [MoA],  Catecholamine [EPC],  Catecholamines [CS],  alpha-Adrenergic Agonist [EPC],  beta-Adrenergic Agonist [EPC]","N/A","No","12/31/2027",0,FALSE,FALSE
"Respiratory:allergy_Medication","Other_Asthma_Medications","Epinephrine",FALSE,"nonproprietary","Epinephrine","Epinephrine_nonproprietary_raw.csv","Epinephrine Professional","24357-011-13",NA,"KIT","INTRAMUSCULAR; SUBCUTANEOUS","NDA204200","Focus Health Group","24357-011","Epinephrine and Isopropyl Alcohol",NA,"HUMAN PRESCRIPTION DRUG","07/01/2019","N/A","NDA","1 KIT in 1 CARTON (24357-011-13)  *  1 mL in 1 VIAL (42023-159-25)  *  1 mL in 1 PACKET (68599-5804-1)","N/A","N/A","No","12/31/2027",1,FALSE,FALSE
"Respiratory:allergy_Medication","Other_Asthma_Medications","Epinephrine",FALSE,"nonproprietary","Epinephrine","Epinephrine_nonproprietary_raw.csv","FCS CP","43406-0697-1","30 [hp_C]/mL,                         30  [hp_C]/mL,                         30  [hp_C]/mL,                         30  [hp_C]/mL,                         30  [hp_C]/mL,                         8  [hp_X]/mL,                         8  [hp_X]/mL,                         6  [hp_C]/mL,                         6  [hp_C]/mL,                         6  [hp_C]/mL,                         6  [hp_C]/mL,                         6  [hp_C]/mL,                         6  [hp_C]/mL,                         12  [hp_C]/mL,                         12  [hp_C]/mL,                         12  [hp_C]/mL,                         30  [hp_C]/mL,                         30  [hp_C]/mL,                         30  [hp_C]/mL,                         30  [hp_C]/mL,                         30  [hp_C]/mL,                         30  [hp_C]/mL,                         30  [hp_C]/mL,                         30  [hp_C]/mL,                         30  [hp_C]/mL,                         30  [hp_C]/mL","LIQUID","ORAL",NA,"Natural Creations, Inc","43406-0697","Corticotropin,GlutamicAcid,MucunaPuriensSeed,Serotonin,Epinephrine,Niacinamide,Ubidecarenone,AdenosineTriphosphate,InsulinPork,SusScrofaParathyroidGland,SusScrofaPituitaryGland,ThiamineHydrochloride,Thyroid,Unspecified,AnhydrousCitricAcid,HerringSpermDNA,SaccharomycesCerevisiaeRNA,AnacardiumOccidentaleFruit,ArsenicTrioxide,AsparticAcid,BariumCarbonate,OysterShellCalciumCarbonate,Crude,ClematisRectaFloweringTop,LycopodiumClavatumSpore,AnemonePulsatilla,DaturaStramonium,Sulfur","ADENOSINE TRIPHOSPHATE;  ANACARDIUM OCCIDENTALE FRUIT;  ANEMONE PULSATILLA;  ANHYDROUS CITRIC ACID;  ARSENIC TRIOXIDE;  ASPARTIC ACID;  BARIUM CARBONATE;  CLEMATIS RECTA FLOWERING TOP;  CORTICOTROPIN;  DATURA STRAMONIUM;  EPINEPHRINE;  GLUTAMIC ACID;  HERRING SPERM DNA;  INSULIN PORK;  LYCOPODIUM CLAVATUM SPORE;  MUCUNA PRURIENS SEED;  NIACINAMIDE;  OYSTER SHELL CALCIUM CARBONATE, CRUDE;  SACCHAROMYCES CEREVISIAE RNA;  SEROTONIN;  SULFUR;  SUS SCROFA PARATHYROID GLAND;  SUS SCROFA PITUITARY GLAND;  THIAMINE HYDROCHLORIDE;  THYROID, UNSPECIFIED;  UBIDECARENONE","HUMAN OTC DRUG","07/01/2016","N/A","UNAPPROVED HOMEOPATHIC","30 mL in 1 BOTTLE, DROPPER (43406-0697-1)","Acidifying Activity [MoA],  Adrenergic alpha-Agonists [MoA],  Adrenergic beta-Agonists [MoA],  Adrenocorticotropic Hormone [CS],  Adrenocorticotropic Hormone [EPC],  Anti-coagulant [EPC],  Calcium Chelating Activity [MoA],  Calculi Dissolution Agent [EPC],  Catecholamine [EPC],  Catecholamines [CS],  Decreased Coagulation Factor Activity [PE],  alpha-Adrenergic Agonist [EPC],  beta-Adrenergic Agonist [EPC]","N/A","No","12/31/2026",0,FALSE,FALSE
"Respiratory:allergy_Medication","Other_Asthma_Medications","Epinephrine",FALSE,"nonproprietary","Epinephrine","Epinephrine_nonproprietary_raw.csv","FCS HP","43406-0696-1","30 [hp_C]/mL,                         30  [hp_C]/mL,                         30  [hp_C]/mL,                         9  [hp_X]/mL,                         30  [hp_C]/mL,                         9  [hp_X]/mL,                         30  [hp_C]/mL,                         6  [hp_C]/mL,                         6  [hp_C]/mL,                         6  [hp_C]/mL,                         6  [hp_C]/mL,                         6  [hp_C]/mL,                         6  [hp_C]/mL,                         12  [hp_C]/mL,                         12  [hp_C]/mL,                         12  [hp_C]/mL,                         30  [hp_C]/mL,                         30  [hp_C]/mL,                         30  [hp_C]/mL,                         30  [hp_C]/mL,                         30  [hp_C]/mL,                         30  [hp_C]/mL,                         30  [hp_C]/mL,                         30  [hp_C]/mL,                         30  [hp_C]/mL,                         30  [hp_C]/mL","LIQUID","ORAL",NA,"Natural Creations, Inc.","43406-0696","Epinephrine,GlutamicAcid,MucunaPruriensSeed,Niacinamide,Serotonin,Ubidecarenone,Corticotropin,AdenosineTriphosphate,InsulinPork,SusScrofaParathyroidGland,SusScrofaPituitaryGland,ThiamineHydrochloride,Thyroid,AnhydrousCitricAcid,HerringSpermDNA,SaccharomycesCerevisiaeRNA,AnacardiumOccidentaleFruit,ArsenicTrioxide,AsparticAcid,BariumCarbonate,OysterShellCalciumCarbonateCrude,ClematisRectaFloweringTop,LycopodiumClavatumSpore,AnemonePulsatilla,DaturaStramonium,Sulfur","ADENOSINE TRIPHOSPHATE;  ANACARDIUM OCCIDENTALE FRUIT;  ANEMONE PULSATILLA;  ANHYDROUS CITRIC ACID;  ARSENIC TRIOXIDE;  ASPARTIC ACID;  BARIUM CARBONATE;  CLEMATIS RECTA FLOWERING TOP;  CORTICOTROPIN;  DATURA STRAMONIUM;  EPINEPHRINE;  GLUTAMIC ACID;  HERRING SPERM DNA;  INSULIN PORK;  LYCOPODIUM CLAVATUM SPORE;  MUCUNA PRURIENS SEED;  NIACINAMIDE;  OYSTER SHELL CALCIUM CARBONATE, CRUDE;  SACCHAROMYCES CEREVISIAE RNA;  SEROTONIN;  SULFUR;  SUS SCROFA PARATHYROID GLAND;  SUS SCROFA PITUITARY GLAND;  THIAMINE HYDROCHLORIDE;  THYROID, UNSPECIFIED;  UBIDECARENONE","HUMAN OTC DRUG","06/01/2018","N/A","UNAPPROVED HOMEOPATHIC","30 mL in 1 BOTTLE, DROPPER (43406-0696-1)","Acidifying Activity [MoA],  Adrenergic alpha-Agonists [MoA],  Adrenergic beta-Agonists [MoA],  Adrenocorticotropic Hormone [CS],  Adrenocorticotropic Hormone [EPC],  Anti-coagulant [EPC],  Calcium Chelating Activity [MoA],  Calculi Dissolution Agent [EPC],  Catecholamine [EPC],  Catecholamines [CS],  Decreased Coagulation Factor Activity [PE],  alpha-Adrenergic Agonist [EPC],  beta-Adrenergic Agonist [EPC]","N/A","No","12/31/2026",0,FALSE,FALSE
"Respiratory:allergy_Medication","Other_Asthma_Medications","Epinephrine",FALSE,"nonproprietary","Epinephrine","Epinephrine_nonproprietary_raw.csv","Flavalta","0362-1200-50","20 mg/mL,                         .01  mg/mL","INJECTION, SOLUTION","SUBMUCOSAL","NDA216564","Septodont, Inc.","0362-1200","Lidocaine Hydrochloride and Epinephrine","EPINEPHRINE BITARTRATE;  LIDOCAINE HYDROCHLORIDE","HUMAN PRESCRIPTION DRUG","03/19/2026","N/A","NDA","50 CARTRIDGE in 1 CARTON (0362-1200-50)  / 1.7 mL in 1 CARTRIDGE","Adrenergic alpha-Agonists [MoA],  Adrenergic beta-Agonists [MoA],  Amide Local Anesthetic [EPC],  Amides [CS],  Antiarrhythmic [EPC],  Catecholamine [EPC],  Catecholamines [CS],  Local Anesthesia [PE],  alpha-Adrenergic Agonist [EPC],  beta-Adrenergic Agonist [EPC]","N/A","No","12/31/2027",0,FALSE,FALSE
"Respiratory:allergy_Medication","Other_Asthma_Medications","Epinephrine",FALSE,"nonproprietary","Epinephrine","Epinephrine_nonproprietary_raw.csv","Focus Spectrum HP","44911-0584-1","6 [hp_X]/mL,                         6  [hp_X]/mL,                         6  [hp_X]/mL,                         6  [hp_X]/mL,                         15  [hp_C]/mL,                         30  [hp_C]/mL,                         30  [hp_C]/mL,                         30  [hp_C]/mL,                         30  [hp_C]/mL,                         30  [hp_C]/mL,                         30  [hp_C]/mL,                         30  [hp_C]/mL,                         30  [hp_C]/mL","LIQUID","ORAL",NA,"Engergique, Inc.","44911-0584","GABA (Gamma-Aminobutyric Acid), L-Dopa, Norepinephrine (Bitartrate), Serotonin (Hydrochloride), Adrenocorticotrophin, Anacardium Orientale, Arsenicum Album, Baryta Carbonica, Calcarea Carbonica, Calcarea Phosphorica, Hyoscyamus Niger, Lycopodium Clavatum, Stramonium",".GAMMA.-AMINOBUTYRIC ACID;  ARSENIC TRIOXIDE;  BARIUM CARBONATE;  CORTICOTROPIN;  DATURA STRAMONIUM;  HYOSCYAMUS NIGER;  LEVODOPA;  LYCOPODIUM CLAVATUM SPORE;  NOREPINEPHRINE BITARTRATE;  OYSTER SHELL CALCIUM CARBONATE, CRUDE;  SEMECARPUS ANACARDIUM JUICE;  SEROTONIN HYDROCHLORIDE;  TRIBASIC CALCIUM PHOSPHATE","HUMAN OTC DRUG","04/21/2021","N/A","UNAPPROVED HOMEOPATHIC","30 mL in 1 BOTTLE, DROPPER (44911-0584-1)","Adrenocorticotropic Hormone [CS],  Adrenocorticotropic Hormone [EPC],  Amino Acids,  Aromatic [CS],  Aromatic Amino Acid [EPC],  Blood Coagulation Factor [EPC],  Calcium [CS],  Catecholamine [EPC],  Catecholamines [CS],  Cations,  Divalent [CS],  Increased Coagulation Factor Activity [PE],  Phosphate Binder [EPC],  Phosphate Chelating Activity [MoA]","N/A","No","12/31/2026",0,FALSE,FALSE
"Respiratory:allergy_Medication","Other_Asthma_Medications","Epinephrine",FALSE,"nonproprietary","Epinephrine","Epinephrine_nonproprietary_raw.csv","GOLD LABEL","82617-104-59","5 g/100mL,                         .01  g/100mL","SPRAY","TOPICAL","M015","SCALP TECH INC","82617-104","LIDOCAINE HYDROCHLORIDE, EPINEPHRINE HYDROCHLORIDE","EPINEPHRINE HYDROCHLORIDE;  LIDOCAINE HYDROCHLORIDE","HUMAN OTC DRUG","02/22/2024","N/A","OTC MONOGRAPH DRUG","59 mL in 1 BOTTLE, SPRAY (82617-104-59)","Adrenergic alpha-Agonists [MoA],  Adrenergic beta-Agonists [MoA],  Amide Local Anesthetic [EPC],  Amides [CS],  Antiarrhythmic [EPC],  Catecholamine [EPC],  Catecholamines [CS],  Local Anesthesia [PE],  alpha-Adrenergic Agonist [EPC],  beta-Adrenergic Agonist [EPC]","N/A","No","12/31/2027",0,FALSE,FALSE
"Respiratory:allergy_Medication","Other_Asthma_Medications","Epinephrine",FALSE,"nonproprietary","Epinephrine","Epinephrine_nonproprietary_raw.csv","GUNA-ALLERGY T","17089-418-18","6 [hp_X]/30mL,                         30  [hp_X]/30mL,                         30  [hp_X]/30mL,                         200  [hp_X]/30mL,                         30  [hp_X]/30mL,                         12  [hp_X]/30mL,                         200  [hp_X]/30mL,                         30  [hp_X]/30mL,                         12  [hp_X]/30mL,                         12  [hp_X]/30mL,                         200  [hp_X]/30mL,                         12  [hp_X]/30mL,                         4  [hp_X]/30mL,                         200  [hp_X]/30mL,                         30  [hp_X]/30mL,                         30  [hp_X]/30mL,                         30  [hp_X]/30mL","SOLUTION/ DROPS","ORAL",NA,"Guna spa","17089-418","ammonium carbonate - apis mellifera - arsenic trioxide - blatta orientalis - cupric acetate - drimia maritima bulb - epinephrine - galphimia glauca flowering top - histamine dihydrochloride - luffa operculata - manganese gluconate - onion - schoenocaulon officinale seed - sodium chloride - sus scrofa adrenal gland - sus scrofa bronchus - sus scrofa nasal mucosa -","AMMONIUM CARBONATE;  APIS MELLIFERA;  ARSENIC TRIOXIDE;  BLATTA ORIENTALIS;  CUPRIC ACETATE;  DRIMIA MARITIMA BULB;  EPINEPHRINE;  GALPHIMIA GLAUCA FLOWERING TOP;  HISTAMINE DIHYDROCHLORIDE;  LUFFA OPERCULATA FRUIT;  MANGANESE GLUCONATE;  ONION;  SCHOENOCAULON OFFICINALE SEED;  SODIUM CHLORIDE;  SUS SCROFA ADRENAL GLAND;  SUS SCROFA BRONCHUS;  SUS SCROFA NASAL MUCOSA","HUMAN OTC DRUG","12/21/2018","N/A","UNAPPROVED HOMEOPATHIC","1 BOTTLE, DROPPER in 1 BOX (17089-418-18)  / 30 mL in 1 BOTTLE, DROPPER","Adrenergic alpha-Agonists [MoA],  Adrenergic beta-Agonists [MoA],  Allergens [CS],  Allergens [CS],  Allergens [CS],  Bee Venoms [CS],  Catecholamine [EPC],  Catecholamines [CS],  Cell-mediated Immunity [PE],  Cell-mediated Immunity [PE],  Cell-mediated Immunity [PE],  Dietary Proteins [CS],  Increased Histamine Release [PE],  Increased Histamine Release [PE],  Increased Histamine Release [PE],  Increased IgG Production [PE],  Increased IgG Production [PE],  Insect Proteins [CS],  Magnetic Resonance Contrast Activity [MoA],  Non-Standardized Food Allergenic Extract [EPC],  Non-Standardized Insect Allergenic Extract [EPC],  Paramagnetic Contrast Agent [EPC],  Standardized Insect Venom Allergenic Extract [EPC],  Vegetable Proteins [CS],  alpha-Adrenergic Agonist [EPC],  beta-Adrenergic Agonist [EPC]","N/A","No","12/31/2027",0,FALSE,FALSE
"Respiratory:allergy_Medication","Other_Asthma_Medications","Epinephrine",FALSE,"nonproprietary","Epinephrine","Epinephrine_nonproprietary_raw.csv","GUNA-DIZZY","17089-306-18","6 [hp_X]/30mL,                         6  [hp_X]/30mL,                         6  [hp_X]/30mL,                         6  [hp_X]/30mL,                         6  [hp_X]/30mL,                         6  [hp_X]/30mL,                         4  [hp_X]/30mL,                         3  [hp_X]/30mL,                         6  [hp_X]/30mL,                         6  [hp_X]/30mL,                         4  [hp_C]/30mL,                         8  [hp_X]/30mL,                         6  [hp_X]/30mL,                         8  [hp_X]/30mL,                         6  [hp_X]/30mL,                         6  [hp_X]/30mL,                         6  [hp_X]/30mL,                         4  [hp_X]/30mL","SOLUTION/ DROPS","ORAL",NA,"Guna spa","17089-306",".alpha.-ketoglutaric acid - ambergris - anamirta cocculus seed - conium maculatum flowering top - epinephrine - fumaric acid - malic acid - melatonin - mineral oil - pteridium aquilinum root - pyridoxine hydrochloride - quinhydrone - quinine - sus scrofa artery - sus scrofa cerebellum - sus scrofa placenta - thiamine hydrochloride - tobacco leaf -","EPINEPHRINE;  .ALPHA.-KETOGLUTARIC ACID;  AMBERGRIS;  SUS SCROFA ARTERY;  SUS SCROFA CEREBELLUM;  QUININE SALICYLATE;  ANAMIRTA COCCULUS SEED;  CONIUM MACULATUM FLOWERING TOP;  FUMARIC ACID;  MALIC ACID;  MELATONIN;  MINERAL OIL;  SUS SCROFA PLACENTA;  PTERIDIUM AQUILINUM ROOT;  PYRIDOXINE HYDROCHLORIDE;  QUINHYDRONE;  TOBACCO LEAF;  THIAMINE HYDROCHLORIDE","HUMAN OTC DRUG","12/21/2018","N/A","UNAPPROVED HOMEOPATHIC","1 BOTTLE, DROPPER in 1 BOX (17089-306-18)  / 30 mL in 1 BOTTLE, DROPPER","Adrenergic alpha-Agonists [MoA],  Adrenergic beta-Agonists [MoA],  Allergens [CS],  Analogs/Derivatives [Chemical/Ingredient],  Antimalarial [EPC],  Catecholamine [EPC],  Catecholamines [CS],  Cell-mediated Immunity [PE],  Depigmenting Activity [PE],  Increased Histamine Release [PE],  Increased IgG Production [PE],  Melanin Synthesis Inhibitor [EPC],  Melanin Synthesis Inhibitors [MoA],  Non-Standardized Plant Allergenic Extract [EPC],  Plant Proteins [CS],  Vitamin B 6 [Chemical/Ingredient],  Vitamin B6 Analog [EPC],  alpha-Adrenergic Agonist [EPC],  beta-Adrenergic Agonist [EPC]","N/A","No","12/31/2026",0,FALSE,FALSE
"Respiratory:allergy_Medication","Other_Asthma_Medications","Epinephrine",FALSE,"nonproprietary","Epinephrine","Epinephrine_nonproprietary_raw.csv","LEVOPHED","0409-0161-10","1 mg/mL","INJECTION, SOLUTION, CONCENTRATE","INTRAVENOUS","NDA007513","Hospira, Inc.","0409-0161","NOREPINEPHRINE BITARTRATE","NOREPINEPHRINE BITARTRATE","HUMAN PRESCRIPTION DRUG","03/11/2024","N/A","NDA","10 VIAL, SINGLE-DOSE in 1 CARTON (0409-0161-10)  / 4 mL in 1 VIAL, SINGLE-DOSE (0409-0161-01)","Catecholamine [EPC],  Catecholamines [CS]","N/A","No","12/31/2026",0,FALSE,FALSE
"Respiratory:allergy_Medication","Other_Asthma_Medications","Epinephrine",FALSE,"nonproprietary","Epinephrine","Epinephrine_nonproprietary_raw.csv","LEVOPHED","0409-3375-04","1 mg/mL","INJECTION, SOLUTION, CONCENTRATE","INTRAVENOUS","NDA007513","Hospira, Inc.","0409-3375","NOREPINEPHRINE BITARTRATE","NOREPINEPHRINE BITARTRATE","HUMAN PRESCRIPTION DRUG","04/27/2009","N/A","NDA","10 VIAL, SINGLE-DOSE in 1 CARTON (0409-3375-04)  / 4 mL in 1 VIAL, SINGLE-DOSE (0409-3375-14)","Catecholamine [EPC],  Catecholamines [CS]","N/A","No","12/31/2026",0,FALSE,FALSE
"Respiratory:allergy_Medication","Other_Asthma_Medications","Epinephrine",FALSE,"nonproprietary","Epinephrine","Epinephrine_nonproprietary_raw.csv","LEVOPHED(R) NOREPINEPHRINE BITARTRATE","51662-1315-1","1 mg/mL","INJECTION, SOLUTION, CONCENTRATE","INTRAVENOUS","NDA007513","HF Acquisition Co LLC, DBA HealthFirst","51662-1315","LEVOPHED(R) NOREPINEPHRINE BITARTRATE","NOREPINEPHRINE BITARTRATE","HUMAN PRESCRIPTION DRUG","10/18/2018","N/A","NDA","4 mL in 1 VIAL, SINGLE-DOSE (51662-1315-1)","Catecholamine [EPC],  Catecholamines [CS]","N/A","No","12/31/2026",0,FALSE,FALSE
"Respiratory:allergy_Medication","Other_Asthma_Medications","Epinephrine",FALSE,"nonproprietary","Epinephrine","Epinephrine_nonproprietary_raw.csv","LEVOPHED(R) NOREPINEPHRINE BITARTRATE","51662-1315-3","1 mg/mL","INJECTION, SOLUTION, CONCENTRATE","INTRAVENOUS","NDA007513","HF Acquisition Co LLC, DBA HealthFirst","51662-1315","LEVOPHED(R) NOREPINEPHRINE BITARTRATE","NOREPINEPHRINE BITARTRATE","HUMAN PRESCRIPTION DRUG","09/26/2020","N/A","NDA","10 POUCH in 1 CASE (51662-1315-3)  / 1 mL in 1 POUCH (51662-1315-2)","Catecholamine [EPC],  Catecholamines [CS]","N/A","No","12/31/2026",0,FALSE,FALSE
"Respiratory:allergy_Medication","Other_Asthma_Medications","Epinephrine",FALSE,"nonproprietary","Epinephrine","Epinephrine_nonproprietary_raw.csv","LIDOCAINE","0404-6500-15","20 mg/mL,                         .02  mg/mL","INJECTION, SOLUTION","SUBMUCOSAL","ANDA088389","Henry Schein Inc.","0404-6500","Lidocaine Hydrochloride and Epinephrine Bitartrate","EPINEPHRINE BITARTRATE;  LIDOCAINE HYDROCHLORIDE","HUMAN PRESCRIPTION DRUG","11/07/2011","N/A","ANDA","50 CARTRIDGE in 1 CARTON (0404-6500-15)  / 1.7 mL in 1 CARTRIDGE","Adrenergic alpha-Agonists [MoA],  Adrenergic beta-Agonists [MoA],  Amide Local Anesthetic [EPC],  Amides [CS],  Antiarrhythmic [EPC],  Catecholamine [EPC],  Catecholamines [CS],  Local Anesthesia [PE],  alpha-Adrenergic Agonist [EPC],  beta-Adrenergic Agonist [EPC]","N/A","No","12/31/2027",0,FALSE,FALSE
"Respiratory:allergy_Medication","Other_Asthma_Medications","Epinephrine",FALSE,"nonproprietary","Epinephrine","Epinephrine_nonproprietary_raw.csv","LIDOCAINE","43128-105-15","20 mg/mL,                         .01  mg/mL","INJECTION, SOLUTION","SUBMUCOSAL","ANDA088390","NDC, Inc.","43128-105","Lidocaine Hydrochloride and Epinephrine Bitartrate","LIDOCAINE HYDROCHLORIDE;  EPINEPHRINE BITARTRATE","HUMAN PRESCRIPTION DRUG","04/10/2015","N/A","ANDA","50 CARTRIDGE in 1 CARTON (43128-105-15)  / 1.7 mL in 1 CARTRIDGE","Adrenergic alpha-Agonists [MoA],  Adrenergic beta-Agonists [MoA],  Amide Local Anesthetic [EPC],  Amides [CS],  Antiarrhythmic [EPC],  Catecholamine [EPC],  Catecholamines [CS],  Local Anesthesia [PE],  alpha-Adrenergic Agonist [EPC],  beta-Adrenergic Agonist [EPC]","N/A","No","12/31/2027",0,FALSE,FALSE
"Respiratory:allergy_Medication","Other_Asthma_Medications","Epinephrine",FALSE,"nonproprietary","Epinephrine","Epinephrine_nonproprietary_raw.csv","LIDOCAINE","50227-1030-5","20 mg/mL,                         .01  mg/mL","INJECTION, SOLUTION","SUBMUCOSAL","ANDA088390","Patterson Dental","50227-1030","Lidocaine Hydrochloride and Epinephrine Bitartrate","LIDOCAINE HYDROCHLORIDE;  EPINEPHRINE BITARTRATE","HUMAN PRESCRIPTION DRUG","11/07/2011","N/A","ANDA","50 CARTRIDGE in 1 CARTON (50227-1030-5)  / 1.7 mL in 1 CARTRIDGE","Adrenergic alpha-Agonists [MoA],  Adrenergic beta-Agonists [MoA],  Amide Local Anesthetic [EPC],  Amides [CS],  Antiarrhythmic [EPC],  Catecholamine [EPC],  Catecholamines [CS],  Local Anesthesia [PE],  alpha-Adrenergic Agonist [EPC],  beta-Adrenergic Agonist [EPC]","N/A","No","12/31/2027",0,FALSE,FALSE
"Respiratory:allergy_Medication","Other_Asthma_Medications","Epinephrine",FALSE,"nonproprietary","Epinephrine","Epinephrine_nonproprietary_raw.csv","LIDOCAINE HCI AND EPINEPHRINE","51662-1395-1","10 mg/mL,                         10  ug/mL","INJECTION, SOLUTION","INFILTRATION; PERINEURAL","ANDA089644","HF Acquisition Co LLC, DBA HealthFirst","51662-1395","LIDOCAINE HCI AND EPINEPHRINE","EPINEPHRINE;  LIDOCAINE HYDROCHLORIDE","HUMAN PRESCRIPTION DRUG","10/21/2019","N/A","ANDA","50 mL in 1 VIAL, MULTI-DOSE (51662-1395-1)","Adrenergic alpha-Agonists [MoA],  Adrenergic beta-Agonists [MoA],  Amide Local Anesthetic [EPC],  Amides [CS],  Antiarrhythmic [EPC],  Catecholamine [EPC],  Catecholamines [CS],  Local Anesthesia [PE],  alpha-Adrenergic Agonist [EPC],  beta-Adrenergic Agonist [EPC]","N/A","No","12/31/2026",0,FALSE,FALSE
"Respiratory:allergy_Medication","Other_Asthma_Medications","Epinephrine",FALSE,"nonproprietary","Epinephrine","Epinephrine_nonproprietary_raw.csv","LIDOCAINE HCI AND EPINEPHRINE","51662-1395-3","10 mg/mL,                         10  ug/mL","INJECTION, SOLUTION","INFILTRATION; PERINEURAL","ANDA089644","HF Acquisition Co LLC, DBA HealthFirst","51662-1395","LIDOCAINE HCI AND EPINEPHRINE","EPINEPHRINE;  LIDOCAINE HYDROCHLORIDE","HUMAN PRESCRIPTION DRUG","04/28/2020","N/A","ANDA","25 POUCH in 1 CASE (51662-1395-3)  / 1 mL in 1 POUCH (51662-1395-2)","Adrenergic alpha-Agonists [MoA],  Adrenergic beta-Agonists [MoA],  Amide Local Anesthetic [EPC],  Amides [CS],  Antiarrhythmic [EPC],  Catecholamine [EPC],  Catecholamines [CS],  Local Anesthesia [PE],  alpha-Adrenergic Agonist [EPC],  beta-Adrenergic Agonist [EPC]","N/A","No","12/31/2026",0,FALSE,FALSE
"Respiratory:allergy_Medication","Other_Asthma_Medications","Epinephrine",FALSE,"nonproprietary","Epinephrine","Epinephrine_nonproprietary_raw.csv","LIDOCAINE HCI AND EPINEPHRINE","51662-1505-1","20 mg/mL,                         .01  mg/mL","INJECTION, SOLUTION","INFILTRATION; PERINEURAL","NDA006488","HF Acquisition Co LLC, DBA HealthFirst","51662-1505","LIDOCAINE HCI AND EPINEPHRINE","EPINEPHRINE BITARTRATE;  LIDOCAINE HYDROCHLORIDE ANHYDROUS","HUMAN PRESCRIPTION DRUG","03/11/2020","N/A","NDA","50 mL in 1 VIAL, MULTI-DOSE (51662-1505-1)","Adrenergic alpha-Agonists [MoA],  Adrenergic beta-Agonists [MoA],  Amide Local Anesthetic [EPC],  Amides [CS],  Antiarrhythmic [EPC],  Catecholamine [EPC],  Catecholamines [CS],  Local Anesthesia [PE],  alpha-Adrenergic Agonist [EPC],  beta-Adrenergic Agonist [EPC]","N/A","No","12/31/2026",0,FALSE,FALSE
"Respiratory:allergy_Medication","Other_Asthma_Medications","Epinephrine",FALSE,"nonproprietary","Epinephrine","Epinephrine_nonproprietary_raw.csv","LIDOCAINE HCI AND EPINEPHRINE","51662-1505-3","20 mg/mL,                         .01  mg/mL","INJECTION, SOLUTION","INFILTRATION; PERINEURAL","NDA006488","HF Acquisition Co LLC, DBA HealthFirst","51662-1505","LIDOCAINE HCI AND EPINEPHRINE","EPINEPHRINE BITARTRATE;  LIDOCAINE HYDROCHLORIDE ANHYDROUS","HUMAN PRESCRIPTION DRUG","03/17/2022","N/A","NDA","25 POUCH in 1 CASE (51662-1505-3)  / 1 VIAL, MULTI-DOSE in 1 POUCH (51662-1505-2)  / 50 mL in 1 VIAL, MULTI-DOSE","Adrenergic alpha-Agonists [MoA],  Adrenergic beta-Agonists [MoA],  Amide Local Anesthetic [EPC],  Amides [CS],  Antiarrhythmic [EPC],  Catecholamine [EPC],  Catecholamines [CS],  Local Anesthesia [PE],  alpha-Adrenergic Agonist [EPC],  beta-Adrenergic Agonist [EPC]","N/A","No","12/31/2026",0,FALSE,FALSE
"Respiratory:allergy_Medication","Other_Asthma_Medications","Epinephrine",FALSE,"nonproprietary","Epinephrine","Epinephrine_nonproprietary_raw.csv","LIDOCAINE HCI AND EPINEPHRINE","51662-1506-1","20 mg/mL,                         .01  mg/mL","INJECTION, SOLUTION","INFILTRATION; PERINEURAL","NDA006488","HF Acquisition Co LLC, DBA HealthFirst","51662-1506","LIDOCAINE HCI AND EPINEPHRINE","EPINEPHRINE BITARTRATE;  LIDOCAINE HYDROCHLORIDE ANHYDROUS","HUMAN PRESCRIPTION DRUG","03/11/2020","N/A","NDA","20 mL in 1 VIAL, MULTI-DOSE (51662-1506-1)","Adrenergic alpha-Agonists [MoA],  Adrenergic beta-Agonists [MoA],  Amide Local Anesthetic [EPC],  Amides [CS],  Antiarrhythmic [EPC],  Catecholamine [EPC],  Catecholamines [CS],  Local Anesthesia [PE],  alpha-Adrenergic Agonist [EPC],  beta-Adrenergic Agonist [EPC]","N/A","No","12/31/2026",0,FALSE,FALSE
"Respiratory:allergy_Medication","Other_Asthma_Medications","Epinephrine",FALSE,"nonproprietary","Epinephrine","Epinephrine_nonproprietary_raw.csv","LIDOCAINE HCI AND EPINEPHRINE","51662-1506-2","20 mg/mL,                         .01  mg/mL","INJECTION, SOLUTION","INFILTRATION; PERINEURAL","NDA006488","HF Acquisition Co LLC, DBA HealthFirst","51662-1506","LIDOCAINE HCI AND EPINEPHRINE","EPINEPHRINE BITARTRATE;  LIDOCAINE HYDROCHLORIDE ANHYDROUS","HUMAN PRESCRIPTION DRUG","01/26/2021","N/A","NDA","1 VIAL, MULTI-DOSE in 1 POUCH (51662-1506-2)  / 20 mL in 1 VIAL, MULTI-DOSE","Adrenergic alpha-Agonists [MoA],  Adrenergic beta-Agonists [MoA],  Amide Local Anesthetic [EPC],  Amides [CS],  Antiarrhythmic [EPC],  Catecholamine [EPC],  Catecholamines [CS],  Local Anesthesia [PE],  alpha-Adrenergic Agonist [EPC],  beta-Adrenergic Agonist [EPC]","N/A","No","12/31/2026",0,FALSE,FALSE
"Respiratory:allergy_Medication","Other_Asthma_Medications","Epinephrine",FALSE,"nonproprietary","Epinephrine","Epinephrine_nonproprietary_raw.csv","LIDOCAINE HCI AND EPINEPHRINE","51662-1506-3","20 mg/mL,                         .01  mg/mL","INJECTION, SOLUTION","INFILTRATION; PERINEURAL","NDA006488","HF Acquisition Co LLC, DBA HealthFirst","51662-1506","LIDOCAINE HCI AND EPINEPHRINE","EPINEPHRINE BITARTRATE;  LIDOCAINE HYDROCHLORIDE ANHYDROUS","HUMAN PRESCRIPTION DRUG","01/26/2021","N/A","NDA","25 POUCH in 1 CASE (51662-1506-3)  / 1 VIAL, MULTI-DOSE in 1 POUCH / 20 mL in 1 VIAL, MULTI-DOSE","Adrenergic alpha-Agonists [MoA],  Adrenergic beta-Agonists [MoA],  Amide Local Anesthetic [EPC],  Amides [CS],  Antiarrhythmic [EPC],  Catecholamine [EPC],  Catecholamines [CS],  Local Anesthesia [PE],  alpha-Adrenergic Agonist [EPC],  beta-Adrenergic Agonist [EPC]","N/A","No","12/31/2026",0,FALSE,FALSE
"Respiratory:allergy_Medication","Other_Asthma_Medications","Epinephrine",FALSE,"nonproprietary","Epinephrine","Epinephrine_nonproprietary_raw.csv","LIDOCAINE HCI AND EPINEPHRINE WITH EPINEPHRINE","51662-1412-1",".005 mg/mL,                         20  mg/mL","INJECTION, SOLUTION","EPIDURAL; INFILTRATION; INTRACAUDAL; PERINEURAL","NDA006488","HF Acquisition Co LLC, DBA HealthFirst","51662-1412","LIDOCAINE HCI AND EPINEPHRINE WITH EPINEPHRINE","EPINEPHRINE BITARTRATE;  LIDOCAINE HYDROCHLORIDE ANHYDROUS","HUMAN PRESCRIPTION DRUG","10/14/2019","N/A","NDA","10 mL in 1 VIAL, SINGLE-DOSE (51662-1412-1)","Adrenergic alpha-Agonists [MoA],  Adrenergic beta-Agonists [MoA],  Amide Local Anesthetic [EPC],  Amides [CS],  Antiarrhythmic [EPC],  Catecholamine [EPC],  Catecholamines [CS],  Local Anesthesia [PE],  alpha-Adrenergic Agonist [EPC],  beta-Adrenergic Agonist [EPC]","N/A","No","12/31/2026",0,FALSE,FALSE
"Respiratory:allergy_Medication","Other_Asthma_Medications","Epinephrine",FALSE,"nonproprietary","Epinephrine","Epinephrine_nonproprietary_raw.csv","LIDOCAINE HCI AND EPINEPHRINE WITH EPINEPHRINE","51662-1412-3",".005 mg/mL,                         20  mg/mL","INJECTION, SOLUTION","EPIDURAL; INFILTRATION; INTRACAUDAL; PERINEURAL","NDA006488","HF Acquisition Co LLC, DBA HealthFirst","51662-1412","LIDOCAINE HCI AND EPINEPHRINE WITH EPINEPHRINE","EPINEPHRINE BITARTRATE;  LIDOCAINE HYDROCHLORIDE ANHYDROUS","HUMAN PRESCRIPTION DRUG","03/16/2022","N/A","NDA","25 POUCH in 1 BOX (51662-1412-3)  / 1 VIAL, SINGLE-DOSE in 1 POUCH (51662-1412-2)  / 10 mL in 1 VIAL, SINGLE-DOSE","Adrenergic alpha-Agonists [MoA],  Adrenergic beta-Agonists [MoA],  Amide Local Anesthetic [EPC],  Amides [CS],  Antiarrhythmic [EPC],  Catecholamine [EPC],  Catecholamines [CS],  Local Anesthesia [PE],  alpha-Adrenergic Agonist [EPC],  beta-Adrenergic Agonist [EPC]","N/A","No","12/31/2026",0,FALSE,FALSE
"Respiratory:allergy_Medication","Other_Asthma_Medications","Epinephrine",FALSE,"nonproprietary","Epinephrine","Epinephrine_nonproprietary_raw.csv","LIDOCAINE HCl AND EPINEPHRINE","51662-1503-1","20 mg/mL,                         10  ug/mL","INJECTION, SOLUTION","INFILTRATION; PERINEURAL","ANDA089646","HF Acquisition Co LLC, DBA HealthFirst","51662-1503","LIDOCAINE HCl AND EPINEPHRINE","EPINEPHRINE;  LIDOCAINE HYDROCHLORIDE","HUMAN PRESCRIPTION DRUG","03/11/2020","N/A","ANDA","30 mL in 1 VIAL, MULTI-DOSE (51662-1503-1)","Adrenergic alpha-Agonists [MoA],  Adrenergic beta-Agonists [MoA],  Amide Local Anesthetic [EPC],  Amides [CS],  Antiarrhythmic [EPC],  Catecholamine [EPC],  Catecholamines [CS],  Local Anesthesia [PE],  alpha-Adrenergic Agonist [EPC],  beta-Adrenergic Agonist [EPC]","N/A","No","12/31/2027",0,FALSE,FALSE
"Respiratory:allergy_Medication","Other_Asthma_Medications","Epinephrine",FALSE,"nonproprietary","Epinephrine","Epinephrine_nonproprietary_raw.csv","LIDOCAINE HCl AND EPINEPHRINE","51662-1503-3","20 mg/mL,                         10  ug/mL","INJECTION, SOLUTION","INFILTRATION; PERINEURAL","ANDA089646","HF Acquisition Co LLC, DBA HealthFirst","51662-1503","LIDOCAINE HCl AND EPINEPHRINE","EPINEPHRINE;  LIDOCAINE HYDROCHLORIDE","HUMAN PRESCRIPTION DRUG","06/12/2022","N/A","ANDA","25 POUCH in 1 CASE (51662-1503-3)  / 1 VIAL, MULTI-DOSE in 1 POUCH (51662-1503-2)  / 30 mL in 1 VIAL, MULTI-DOSE","Adrenergic alpha-Agonists [MoA],  Adrenergic beta-Agonists [MoA],  Amide Local Anesthetic [EPC],  Amides [CS],  Antiarrhythmic [EPC],  Catecholamine [EPC],  Catecholamines [CS],  Local Anesthesia [PE],  alpha-Adrenergic Agonist [EPC],  beta-Adrenergic Agonist [EPC]","N/A","No","12/31/2027",0,FALSE,FALSE
"Respiratory:allergy_Medication","Other_Asthma_Medications","Epinephrine",FALSE,"nonproprietary","Epinephrine","Epinephrine_nonproprietary_raw.csv","LIDOCAINE HCl AND EPINEPHRINE","51662-1504-1","10 ug/mL,                         20  mg/mL","INJECTION, SOLUTION","INFILTRATION; PERINEURAL","ANDA089646","HF Acquisition Co LLC, DBA HealthFirst","51662-1504","LIDOCAINE HCl AND EPINEPHRINE","EPINEPHRINE;  LIDOCAINE HYDROCHLORIDE","HUMAN PRESCRIPTION DRUG","03/11/2020","N/A","ANDA","50 mL in 1 VIAL, MULTI-DOSE (51662-1504-1)","Adrenergic alpha-Agonists [MoA],  Adrenergic beta-Agonists [MoA],  Amide Local Anesthetic [EPC],  Amides [CS],  Antiarrhythmic [EPC],  Catecholamine [EPC],  Catecholamines [CS],  Local Anesthesia [PE],  alpha-Adrenergic Agonist [EPC],  beta-Adrenergic Agonist [EPC]","N/A","No","12/31/2026",0,FALSE,FALSE
"Respiratory:allergy_Medication","Other_Asthma_Medications","Epinephrine",FALSE,"nonproprietary","Epinephrine","Epinephrine_nonproprietary_raw.csv","LIDOCAINE HCl AND EPINEPHRINE","51662-1504-3","10 ug/mL,                         20  mg/mL","INJECTION, SOLUTION","INFILTRATION; PERINEURAL","ANDA089646","HF Acquisition Co LLC, DBA HealthFirst","51662-1504","LIDOCAINE HCl AND EPINEPHRINE","EPINEPHRINE;  LIDOCAINE HYDROCHLORIDE","HUMAN PRESCRIPTION DRUG","01/12/2021","N/A","ANDA","25 POUCH in 1 CASE (51662-1504-3)  / 1 mL in 1 POUCH (51662-1504-2)","Adrenergic alpha-Agonists [MoA],  Adrenergic beta-Agonists [MoA],  Amide Local Anesthetic [EPC],  Amides [CS],  Antiarrhythmic [EPC],  Catecholamine [EPC],  Catecholamines [CS],  Local Anesthesia [PE],  alpha-Adrenergic Agonist [EPC],  beta-Adrenergic Agonist [EPC]","N/A","No","12/31/2026",0,FALSE,FALSE
"Respiratory:allergy_Medication","Other_Asthma_Medications","Epinephrine",FALSE,"nonproprietary","Epinephrine","Epinephrine_nonproprietary_raw.csv","LIDOCAINE HCl and EPINEPHRINE","0264-9378-05","15 mg/mL,                         .005  mg/mL","INJECTION","EPIDURAL; INFILTRATION; INTRACAUDAL; PERINEURAL","ANDA208475","B. Braun Medical Inc.","0264-9378","LIDOCAINE HCl and EPINEPHRINE","LIDOCAINE HYDROCHLORIDE ANHYDROUS;  EPINEPHRINE BITARTRATE","HUMAN PRESCRIPTION DRUG","09/08/2021","N/A","ANDA","5 AMPULE in 1 CARTON (0264-9378-05)  / 5 mL in 1 AMPULE (0264-9378-88)","Adrenergic alpha-Agonists [MoA],  Adrenergic beta-Agonists [MoA],  Amide Local Anesthetic [EPC],  Amides [CS],  Antiarrhythmic [EPC],  Catecholamine [EPC],  Catecholamines [CS],  Local Anesthesia [PE],  alpha-Adrenergic Agonist [EPC],  beta-Adrenergic Agonist [EPC]","N/A","No","12/31/2026",0,FALSE,FALSE
"Respiratory:allergy_Medication","Other_Asthma_Medications","Epinephrine",FALSE,"nonproprietary","Epinephrine","Epinephrine_nonproprietary_raw.csv","Lidocaine","0362-0262-05","20 mg/mL,                         .02  mg/mL","INJECTION, SOLUTION","SUBMUCOSAL","ANDA088389","Septodont, Inc.","0362-0262","Lidocaine Hydrochloride and Epinephrine","LIDOCAINE HYDROCHLORIDE;  EPINEPHRINE BITARTRATE","HUMAN PRESCRIPTION DRUG","08/10/2018","N/A","ANDA","50 CARTRIDGE in 1 CARTON (0362-0262-05)  / 1.7 mL in 1 CARTRIDGE","Adrenergic alpha-Agonists [MoA],  Adrenergic beta-Agonists [MoA],  Amide Local Anesthetic [EPC],  Amides [CS],  Antiarrhythmic [EPC],  Catecholamine [EPC],  Catecholamines [CS],  Local Anesthesia [PE],  alpha-Adrenergic Agonist [EPC],  beta-Adrenergic Agonist [EPC]","N/A","No","12/31/2027",0,FALSE,FALSE
"Respiratory:allergy_Medication","Other_Asthma_Medications","Epinephrine",FALSE,"nonproprietary","Epinephrine","Epinephrine_nonproprietary_raw.csv","Lidocaine","0362-0898-05","20 mg/mL,                         .01  mg/mL","INJECTION, SOLUTION","SUBMUCOSAL","ANDA088390","Septodont, Inc.","0362-0898","Lidocaine Hydrochloride and Epinephrine","LIDOCAINE HYDROCHLORIDE;  EPINEPHRINE BITARTRATE","HUMAN PRESCRIPTION DRUG","07/18/2018","N/A","ANDA","50 CARTRIDGE in 1 CARTON (0362-0898-05)  / 1.7 mL in 1 CARTRIDGE","Adrenergic alpha-Agonists [MoA],  Adrenergic beta-Agonists [MoA],  Amide Local Anesthetic [EPC],  Amides [CS],  Antiarrhythmic [EPC],  Catecholamine [EPC],  Catecholamines [CS],  Local Anesthesia [PE],  alpha-Adrenergic Agonist [EPC],  beta-Adrenergic Agonist [EPC]","N/A","No","12/31/2027",0,FALSE,FALSE
"Respiratory:allergy_Medication","Other_Asthma_Medications","Epinephrine",FALSE,"nonproprietary","Epinephrine","Epinephrine_nonproprietary_raw.csv","Lidocaine","0404-6512-05","20 mg/mL,                         .01  mg/mL","INJECTION, SOLUTION","SUBMUCOSAL","ANDA088390","Henry Schein Inc.","0404-6512","Lidocaine Hydrochloride and Epinephrine Bitartrate","EPINEPHRINE BITARTRATE;  LIDOCAINE HYDROCHLORIDE","HUMAN PRESCRIPTION DRUG","11/07/2011","N/A","ANDA","50 CARTRIDGE in 1 CARTON (0404-6512-05)  / 1.7 mL in 1 CARTRIDGE","Adrenergic alpha-Agonists [MoA],  Adrenergic beta-Agonists [MoA],  Amide Local Anesthetic [EPC],  Amides [CS],  Antiarrhythmic [EPC],  Catecholamine [EPC],  Catecholamines [CS],  Local Anesthesia [PE],  alpha-Adrenergic Agonist [EPC],  beta-Adrenergic Agonist [EPC]","N/A","No","12/31/2027",0,FALSE,FALSE
"Respiratory:allergy_Medication","Other_Asthma_Medications","Epinephrine",FALSE,"nonproprietary","Epinephrine","Epinephrine_nonproprietary_raw.csv","Lidocaine","50227-1020-5","20 mg/mL,                         .02  mg/mL","INJECTION, SOLUTION","SUBMUCOSAL","ANDA088389","Patterson Dental","50227-1020","Lidocaine Hydrochloride and Epinephrine Bitartrate","LIDOCAINE HYDROCHLORIDE;  EPINEPHRINE BITARTRATE","HUMAN PRESCRIPTION DRUG","11/07/2011","N/A","ANDA","50 CARTRIDGE in 1 CARTON (50227-1020-5)  / 1.7 mL in 1 CARTRIDGE","Adrenergic alpha-Agonists [MoA],  Adrenergic beta-Agonists [MoA],  Amide Local Anesthetic [EPC],  Amides [CS],  Antiarrhythmic [EPC],  Catecholamine [EPC],  Catecholamines [CS],  Local Anesthesia [PE],  alpha-Adrenergic Agonist [EPC],  beta-Adrenergic Agonist [EPC]","N/A","No","12/31/2027",0,FALSE,FALSE
"Respiratory:allergy_Medication","Other_Asthma_Medications","Epinephrine",FALSE,"nonproprietary","Epinephrine","Epinephrine_nonproprietary_raw.csv","Lidocaine","51004-2105-0","20 mg/mL,                         .01  mg/mL","INJECTION, SOLUTION","SUBMUCOSAL","ANDA088390","Novocol Pharmaceutical of Canada, Inc.","51004-2105","Lidocaine Hydrochloride and Epinephrine Bitartrate","EPINEPHRINE BITARTRATE;  LIDOCAINE HYDROCHLORIDE","HUMAN PRESCRIPTION DRUG","03/18/2019","N/A","ANDA","50 CARTRIDGE in 1 CARTON (51004-2105-0)  / 1.7 mL in 1 CARTRIDGE","Adrenergic alpha-Agonists [MoA],  Adrenergic beta-Agonists [MoA],  Amide Local Anesthetic [EPC],  Amides [CS],  Antiarrhythmic [EPC],  Catecholamine [EPC],  Catecholamines [CS],  Local Anesthesia [PE],  alpha-Adrenergic Agonist [EPC],  beta-Adrenergic Agonist [EPC]","N/A","No","12/31/2027",0,FALSE,FALSE
"Respiratory:allergy_Medication","Other_Asthma_Medications","Epinephrine",FALSE,"nonproprietary","Epinephrine","Epinephrine_nonproprietary_raw.csv","Lidocaine","66467-9710-5","20 mg/mL,                         .02  mg/mL","INJECTION, SOLUTION","SUBMUCOSAL","ANDA088389","Darby Dental Supply, LLC","66467-9710","Lidocaine Hydrochloride and Epinephrine Bitartrate","LIDOCAINE HYDROCHLORIDE;  EPINEPHRINE BITARTRATE","HUMAN PRESCRIPTION DRUG","01/14/2011","N/A","ANDA","50 CARTRIDGE in 1 CARTON (66467-9710-5)  / 1.7 mL in 1 CARTRIDGE","Adrenergic alpha-Agonists [MoA],  Adrenergic beta-Agonists [MoA],  Amide Local Anesthetic [EPC],  Amides [CS],  Antiarrhythmic [EPC],  Catecholamine [EPC],  Catecholamines [CS],  Local Anesthesia [PE],  alpha-Adrenergic Agonist [EPC],  beta-Adrenergic Agonist [EPC]","N/A","No","12/31/2027",0,FALSE,FALSE
"Respiratory:allergy_Medication","Other_Asthma_Medications","Epinephrine",FALSE,"nonproprietary","Epinephrine","Epinephrine_nonproprietary_raw.csv","Lidocaine","66467-9730-5","20 mg/mL,                         .01  mg/mL","INJECTION, SOLUTION","SUBMUCOSAL","ANDA088390","Darby Dental Supply, LLC","66467-9730","Lidocaine Hydrochloride and Epinephrine Bitartrate","LIDOCAINE HYDROCHLORIDE;  EPINEPHRINE BITARTRATE","HUMAN PRESCRIPTION DRUG","12/15/2011","N/A","ANDA","50 CARTRIDGE in 1 CARTON (66467-9730-5)  / 1.7 mL in 1 CARTRIDGE","Adrenergic alpha-Agonists [MoA],  Adrenergic beta-Agonists [MoA],  Amide Local Anesthetic [EPC],  Amides [CS],  Antiarrhythmic [EPC],  Catecholamine [EPC],  Catecholamines [CS],  Local Anesthesia [PE],  alpha-Adrenergic Agonist [EPC],  beta-Adrenergic Agonist [EPC]","N/A","No","12/31/2027",0,FALSE,FALSE
"Respiratory:allergy_Medication","Other_Asthma_Medications","Epinephrine",FALSE,"nonproprietary","Epinephrine","Epinephrine_nonproprietary_raw.csv","Lidocaine","66975-415-51","20 mg/mL,                         .02  mg/mL","INJECTION, SOLUTION","SUBMUCOSAL","ANDA088389","Benco Dental","66975-415","Lidocaine Hydrochloride and Epinephrine Bitartrate","LIDOCAINE HYDROCHLORIDE;  EPINEPHRINE BITARTRATE","HUMAN PRESCRIPTION DRUG","12/07/2011","N/A","ANDA","50 CARTRIDGE in 1 CARTON (66975-415-51)  / 1.7 mL in 1 CARTRIDGE","Adrenergic alpha-Agonists [MoA],  Adrenergic beta-Agonists [MoA],  Amide Local Anesthetic [EPC],  Amides [CS],  Antiarrhythmic [EPC],  Catecholamine [EPC],  Catecholamines [CS],  Local Anesthesia [PE],  alpha-Adrenergic Agonist [EPC],  beta-Adrenergic Agonist [EPC]","N/A","No","12/31/2027",0,FALSE,FALSE
"Respiratory:allergy_Medication","Other_Asthma_Medications","Epinephrine",FALSE,"nonproprietary","Epinephrine","Epinephrine_nonproprietary_raw.csv","Lidocaine","66975-425-51","20 mg/mL,                         .01  mg/mL","INJECTION, SOLUTION","SUBMUCOSAL","ANDA088390","Benco Dental","66975-425","Lidocaine Hydrochloride and Epinephrine Bitartrate","LIDOCAINE HYDROCHLORIDE;  EPINEPHRINE BITARTRATE","HUMAN PRESCRIPTION DRUG","12/07/2011","N/A","ANDA","50 CARTRIDGE in 1 CARTON (66975-425-51)  / 1.7 mL in 1 CARTRIDGE","Adrenergic alpha-Agonists [MoA],  Adrenergic beta-Agonists [MoA],  Amide Local Anesthetic [EPC],  Amides [CS],  Antiarrhythmic [EPC],  Catecholamine [EPC],  Catecholamines [CS],  Local Anesthesia [PE],  alpha-Adrenergic Agonist [EPC],  beta-Adrenergic Agonist [EPC]","N/A","No","12/31/2027",0,FALSE,FALSE
"Respiratory:allergy_Medication","Other_Asthma_Medications","Epinephrine",FALSE,"nonproprietary","Epinephrine","Epinephrine_nonproprietary_raw.csv","Lidocaine","67239-0240-0","20 mg/mL,                         .01  mg/mL","INJECTION, SOLUTION","SUBMUCOSAL","ANDA088390","Safco Dental Supply Co","67239-0240","Lidocaine Hydrochloride and Epinephrine Bitartrate","EPINEPHRINE BITARTRATE;  LIDOCAINE HYDROCHLORIDE","HUMAN PRESCRIPTION DRUG","11/07/2011","N/A","ANDA","50 CARTRIDGE in 1 CARTON (67239-0240-0)  / 1.7 mL in 1 CARTRIDGE","Adrenergic alpha-Agonists [MoA],  Adrenergic beta-Agonists [MoA],  Amide Local Anesthetic [EPC],  Amides [CS],  Antiarrhythmic [EPC],  Catecholamine [EPC],  Catecholamines [CS],  Local Anesthesia [PE],  alpha-Adrenergic Agonist [EPC],  beta-Adrenergic Agonist [EPC]","N/A","No","12/31/2026",0,FALSE,FALSE
"Respiratory:allergy_Medication","Other_Asthma_Medications","Epinephrine",FALSE,"nonproprietary","Epinephrine","Epinephrine_nonproprietary_raw.csv","Lidocaine","71347-210-50","20 mg/mL,                         .01  mg/mL","INJECTION, SOLUTION","SUBMUCOSAL","ANDA088390","The Atlanta Dental Supply Company DBA Advanced Dental Products","71347-210","Lidocaine Hydrochloride and Epinephrine Bitartrate","LIDOCAINE HYDROCHLORIDE;  EPINEPHRINE BITARTRATE","HUMAN PRESCRIPTION DRUG","03/18/2019","N/A","ANDA","50 CARTRIDGE in 1 CARTON (71347-210-50)  / 1.7 mL in 1 CARTRIDGE","Adrenergic alpha-Agonists [MoA],  Adrenergic beta-Agonists [MoA],  Amide Local Anesthetic [EPC],  Amides [CS],  Antiarrhythmic [EPC],  Catecholamine [EPC],  Catecholamines [CS],  Local Anesthesia [PE],  alpha-Adrenergic Agonist [EPC],  beta-Adrenergic Agonist [EPC]","N/A","No","12/31/2027",0,FALSE,FALSE
"Respiratory:allergy_Medication","Other_Asthma_Medications","Epinephrine",FALSE,"nonproprietary","Epinephrine","Epinephrine_nonproprietary_raw.csv","Lidocaine Hydrochloride and Epinephrine","0404-9788-20","20 mg/mL,                         10  ug/mL","INJECTION, SOLUTION","INFILTRATION; PERINEURAL","ANDA089646","Henry Schein, Inc.","0404-9788","LIDOCAINE HYDROCHLORIDE and EPINEPHRINE","EPINEPHRINE;  LIDOCAINE HYDROCHLORIDE","HUMAN PRESCRIPTION DRUG","02/17/2025","N/A","ANDA","1 VIAL, MULTI-DOSE in 1 BAG (0404-9788-20)  / 20 mL in 1 VIAL, MULTI-DOSE","Adrenergic alpha-Agonists [MoA],  Adrenergic beta-Agonists [MoA],  Amide Local Anesthetic [EPC],  Amides [CS],  Antiarrhythmic [EPC],  Catecholamine [EPC],  Catecholamines [CS],  Local Anesthesia [PE],  alpha-Adrenergic Agonist [EPC],  beta-Adrenergic Agonist [EPC]","N/A","No","12/31/2026",0,FALSE,FALSE
"Respiratory:allergy_Medication","Other_Asthma_Medications","Epinephrine",FALSE,"nonproprietary","Epinephrine","Epinephrine_nonproprietary_raw.csv","Lidocaine Hydrochloride and Epinephrine","0404-9792-20","10 mg/mL,                         10  ug/mL","INJECTION, SOLUTION","INFILTRATION; PERINEURAL","ANDA089644","Henry Schein, Inc.","0404-9792","LIDOCAINE HYDROCHLORIDE and EPINEPHRINE","EPINEPHRINE;  LIDOCAINE HYDROCHLORIDE","HUMAN PRESCRIPTION DRUG","02/21/2025","09/30/2026","ANDA","1 VIAL, MULTI-DOSE in 1 BAG (0404-9792-20)  / 20 mL in 1 VIAL, MULTI-DOSE","Adrenergic alpha-Agonists [MoA],  Adrenergic beta-Agonists [MoA],  Amide Local Anesthetic [EPC],  Amides [CS],  Antiarrhythmic [EPC],  Catecholamine [EPC],  Catecholamines [CS],  Local Anesthesia [PE],  alpha-Adrenergic Agonist [EPC],  beta-Adrenergic Agonist [EPC]","N/A","No","N/A",0,FALSE,FALSE
"Respiratory:allergy_Medication","Other_Asthma_Medications","Epinephrine",FALSE,"nonproprietary","Epinephrine","Epinephrine_nonproprietary_raw.csv","Lidocaine Hydrochloride and Epinephrine","0404-9886-50","5 mg/mL,                         5  ug/mL","INJECTION, SOLUTION","INFILTRATION; PERINEURAL","ANDA089635","Henry Schein, Inc.","0404-9886","Lidocaine Hydrochloride and Epinephrine","EPINEPHRINE;  LIDOCAINE HYDROCHLORIDE","HUMAN PRESCRIPTION DRUG","01/11/2022","N/A","ANDA","1 VIAL, MULTI-DOSE in 1 BAG (0404-9886-50)  / 50 mL in 1 VIAL, MULTI-DOSE","Adrenergic alpha-Agonists [MoA],  Adrenergic beta-Agonists [MoA],  Amide Local Anesthetic [EPC],  Amides [CS],  Antiarrhythmic [EPC],  Catecholamine [EPC],  Catecholamines [CS],  Local Anesthesia [PE],  alpha-Adrenergic Agonist [EPC],  beta-Adrenergic Agonist [EPC]","N/A","No","12/31/2027",0,FALSE,FALSE
"Respiratory:allergy_Medication","Other_Asthma_Medications","Epinephrine",FALSE,"nonproprietary","Epinephrine","Epinephrine_nonproprietary_raw.csv","Lidocaine Hydrochloride and Epinephrine","0404-9891-20","10 mg/mL,                         10  ug/mL","INJECTION, SOLUTION","INFILTRATION","ANDA089644","Henry Schein, Inc.","0404-9891","Lidocaine Hydrochloride and Epinephrine","EPINEPHRINE;  LIDOCAINE HYDROCHLORIDE","HUMAN PRESCRIPTION DRUG","01/12/2022","N/A","ANDA","1 VIAL, MULTI-DOSE in 1 BAG (0404-9891-20)  / 30 mL in 1 VIAL, MULTI-DOSE","Adrenergic alpha-Agonists [MoA],  Adrenergic beta-Agonists [MoA],  Amide Local Anesthetic [EPC],  Amides [CS],  Antiarrhythmic [EPC],  Catecholamine [EPC],  Catecholamines [CS],  Local Anesthesia [PE],  alpha-Adrenergic Agonist [EPC],  beta-Adrenergic Agonist [EPC]","N/A","No","12/31/2027",0,FALSE,FALSE
"Respiratory:allergy_Medication","Other_Asthma_Medications","Epinephrine",FALSE,"nonproprietary","Epinephrine","Epinephrine_nonproprietary_raw.csv","Lidocaine Hydrochloride and Epinephrine","0404-9891-50","10 mg/mL,                         10  ug/mL","INJECTION, SOLUTION","INFILTRATION","ANDA089644","Henry Schein, Inc.","0404-9891","Lidocaine Hydrochloride and Epinephrine","EPINEPHRINE;  LIDOCAINE HYDROCHLORIDE","HUMAN PRESCRIPTION DRUG","01/12/2022","N/A","ANDA","1 VIAL, MULTI-DOSE in 1 BAG (0404-9891-50)  / 50 mL in 1 VIAL, MULTI-DOSE","Adrenergic alpha-Agonists [MoA],  Adrenergic beta-Agonists [MoA],  Amide Local Anesthetic [EPC],  Amides [CS],  Antiarrhythmic [EPC],  Catecholamine [EPC],  Catecholamines [CS],  Local Anesthesia [PE],  alpha-Adrenergic Agonist [EPC],  beta-Adrenergic Agonist [EPC]","N/A","No","12/31/2027",0,FALSE,FALSE
"Respiratory:allergy_Medication","Other_Asthma_Medications","Epinephrine",FALSE,"nonproprietary","Epinephrine","Epinephrine_nonproprietary_raw.csv","Lidocaine Hydrochloride and Epinephrine","0404-9896-30","20 mg/mL,                         10  ug/mL","INJECTION, SOLUTION","INFILTRATION; PERINEURAL","ANDA089646","Henry Schein, Inc.","0404-9896","Lidocaine Hydrochloride and Epinephrine","EPINEPHRINE;  LIDOCAINE HYDROCHLORIDE","HUMAN PRESCRIPTION DRUG","01/12/2022","N/A","ANDA","1 VIAL, MULTI-DOSE in 1 BAG (0404-9896-30)  / 30 mL in 1 VIAL, MULTI-DOSE","Adrenergic alpha-Agonists [MoA],  Adrenergic beta-Agonists [MoA],  Amide Local Anesthetic [EPC],  Amides [CS],  Antiarrhythmic [EPC],  Catecholamine [EPC],  Catecholamines [CS],  Local Anesthesia [PE],  alpha-Adrenergic Agonist [EPC],  beta-Adrenergic Agonist [EPC]","N/A","No","12/31/2026",0,FALSE,FALSE
"Respiratory:allergy_Medication","Other_Asthma_Medications","Epinephrine",FALSE,"nonproprietary","Epinephrine","Epinephrine_nonproprietary_raw.csv","Lidocaine Hydrochloride and Epinephrine","0404-9896-50","20 mg/mL,                         10  ug/mL","INJECTION, SOLUTION","INFILTRATION; PERINEURAL","ANDA089646","Henry Schein, Inc.","0404-9896","Lidocaine Hydrochloride and Epinephrine","EPINEPHRINE;  LIDOCAINE HYDROCHLORIDE","HUMAN PRESCRIPTION DRUG","01/12/2022","N/A","ANDA","1 VIAL, MULTI-DOSE in 1 BAG (0404-9896-50)  / 50 mL in 1 VIAL, MULTI-DOSE","Adrenergic alpha-Agonists [MoA],  Adrenergic beta-Agonists [MoA],  Amide Local Anesthetic [EPC],  Amides [CS],  Antiarrhythmic [EPC],  Catecholamine [EPC],  Catecholamines [CS],  Local Anesthesia [PE],  alpha-Adrenergic Agonist [EPC],  beta-Adrenergic Agonist [EPC]","N/A","No","12/31/2026",0,FALSE,FALSE
"Respiratory:allergy_Medication","Other_Asthma_Medications","Epinephrine",FALSE,"nonproprietary","Epinephrine","Epinephrine_nonproprietary_raw.csv","Lidocaine Hydrochloride and Epinephrine","0409-0007-10","10 mg/mL,                         10  ug/mL","INJECTION, SOLUTION","INFILTRATION; PERINEURAL","ANDA089644","Hospira, Inc.","0409-0007","LIDOCAINE HYDROCHLORIDE and EPINEPHRINE","EPINEPHRINE;  LIDOCAINE HYDROCHLORIDE","HUMAN PRESCRIPTION DRUG","10/28/2024","N/A","ANDA","10 VIAL, MULTI-DOSE in 1 CARTON (0409-0007-10)  / 20 mL in 1 VIAL, MULTI-DOSE (0409-0007-01)","Adrenergic alpha-Agonists [MoA],  Adrenergic beta-Agonists [MoA],  Amide Local Anesthetic [EPC],  Amides [CS],  Antiarrhythmic [EPC],  Catecholamine [EPC],  Catecholamines [CS],  Local Anesthesia [PE],  alpha-Adrenergic Agonist [EPC],  beta-Adrenergic Agonist [EPC]","N/A","No","12/31/2027",0,FALSE,FALSE
"Respiratory:allergy_Medication","Other_Asthma_Medications","Epinephrine",FALSE,"nonproprietary","Epinephrine","Epinephrine_nonproprietary_raw.csv","Lidocaine Hydrochloride and Epinephrine","0409-0147-10","20 mg/mL,                         10  ug/mL","INJECTION, SOLUTION","INFILTRATION; PERINEURAL","ANDA089646","Hospira, Inc.","0409-0147","LIDOCAINE HYDROCHLORIDE and EPINEPHRINE","EPINEPHRINE;  LIDOCAINE HYDROCHLORIDE","HUMAN PRESCRIPTION DRUG","10/28/2024","N/A","ANDA","10 VIAL, MULTI-DOSE in 1 CARTON (0409-0147-10)  / 20 mL in 1 VIAL, MULTI-DOSE (0409-0147-01)","Adrenergic alpha-Agonists [MoA],  Adrenergic beta-Agonists [MoA],  Amide Local Anesthetic [EPC],  Amides [CS],  Antiarrhythmic [EPC],  Catecholamine [EPC],  Catecholamines [CS],  Local Anesthesia [PE],  alpha-Adrenergic Agonist [EPC],  beta-Adrenergic Agonist [EPC]","N/A","No","12/31/2027",0,FALSE,FALSE
"Respiratory:allergy_Medication","Other_Asthma_Medications","Epinephrine",FALSE,"nonproprietary","Epinephrine","Epinephrine_nonproprietary_raw.csv","Lidocaine Hydrochloride and Epinephrine","0409-1209-01","15 mg/mL,                         5  ug/mL","INJECTION, SOLUTION","EPIDURAL","ANDA088571","Hospira, Inc.","0409-1209","LIDOCAINE HYDROCHLORIDE and EPINEPHRINE","EPINEPHRINE;  LIDOCAINE HYDROCHLORIDE","HUMAN PRESCRIPTION DRUG","02/02/2006","N/A","ANDA","10 AMPULE in 1 TRAY (0409-1209-01)  / 5 mL in 1 AMPULE (0409-1209-10)","Adrenergic alpha-Agonists [MoA],  Adrenergic beta-Agonists [MoA],  Amide Local Anesthetic [EPC],  Amides [CS],  Antiarrhythmic [EPC],  Catecholamine [EPC],  Catecholamines [CS],  Local Anesthesia [PE],  alpha-Adrenergic Agonist [EPC],  beta-Adrenergic Agonist [EPC]","N/A","No","12/31/2027",0,FALSE,FALSE
"Respiratory:allergy_Medication","Other_Asthma_Medications","Epinephrine",FALSE,"nonproprietary","Epinephrine","Epinephrine_nonproprietary_raw.csv","Lidocaine Hydrochloride and Epinephrine","0409-1209-05","15 mg/mL,                         5  ug/mL","INJECTION, SOLUTION","EPIDURAL","ANDA088571","Hospira, Inc.","0409-1209","LIDOCAINE HYDROCHLORIDE and EPINEPHRINE","EPINEPHRINE;  LIDOCAINE HYDROCHLORIDE","HUMAN PRESCRIPTION DRUG","09/13/1985","N/A","ANDA","400 AMPULE in 1 CASE (0409-1209-05)  / 5 mL in 1 AMPULE","Adrenergic alpha-Agonists [MoA],  Adrenergic beta-Agonists [MoA],  Amide Local Anesthetic [EPC],  Amides [CS],  Antiarrhythmic [EPC],  Catecholamine [EPC],  Catecholamines [CS],  Local Anesthesia [PE],  alpha-Adrenergic Agonist [EPC],  beta-Adrenergic Agonist [EPC]","N/A","No","12/31/2027",0,FALSE,FALSE
"Respiratory:allergy_Medication","Other_Asthma_Medications","Epinephrine",FALSE,"nonproprietary","Epinephrine","Epinephrine_nonproprietary_raw.csv","Lidocaine Hydrochloride and Epinephrine","0409-1209-65","15 mg/mL,                         5  ug/mL","INJECTION, SOLUTION","EPIDURAL","ANDA088571","Hospira, Inc.","0409-1209","LIDOCAINE HYDROCHLORIDE and EPINEPHRINE","EPINEPHRINE;  LIDOCAINE HYDROCHLORIDE","HUMAN PRESCRIPTION DRUG","03/31/2005","N/A","ANDA","800 AMPULE in 1 CASE (0409-1209-65)  / 5 mL in 1 AMPULE (0409-1209-70)","Adrenergic alpha-Agonists [MoA],  Adrenergic beta-Agonists [MoA],  Amide Local Anesthetic [EPC],  Amides [CS],  Antiarrhythmic [EPC],  Catecholamine [EPC],  Catecholamines [CS],  Local Anesthesia [PE],  alpha-Adrenergic Agonist [EPC],  beta-Adrenergic Agonist [EPC]","N/A","No","12/31/2027",0,FALSE,FALSE
"Respiratory:allergy_Medication","Other_Asthma_Medications","Epinephrine",FALSE,"nonproprietary","Epinephrine","Epinephrine_nonproprietary_raw.csv","Lidocaine Hydrochloride and Epinephrine","0409-3177-01","5 mg/mL,                         5  ug/mL","INJECTION, SOLUTION","INFILTRATION; PERINEURAL","ANDA089635","Hospira, Inc.","0409-3177","LIDOCAINE HYDROCHLORIDE and EPINEPHRINE","EPINEPHRINE;  LIDOCAINE HYDROCHLORIDE","HUMAN PRESCRIPTION DRUG","11/01/2005","N/A","ANDA","25 VIAL, MULTI-DOSE in 1 TRAY (0409-3177-01)  / 50 mL in 1 VIAL, MULTI-DOSE (0409-3177-16)","Adrenergic alpha-Agonists [MoA],  Adrenergic beta-Agonists [MoA],  Amide Local Anesthetic [EPC],  Amides [CS],  Antiarrhythmic [EPC],  Catecholamine [EPC],  Catecholamines [CS],  Local Anesthesia [PE],  alpha-Adrenergic Agonist [EPC],  beta-Adrenergic Agonist [EPC]","N/A","No","12/31/2027",0,FALSE,FALSE
"Respiratory:allergy_Medication","Other_Asthma_Medications","Epinephrine",FALSE,"nonproprietary","Epinephrine","Epinephrine_nonproprietary_raw.csv","Lidocaine Hydrochloride and Epinephrine","0409-3178-01","10 mg/mL,                         10  ug/mL","INJECTION, SOLUTION","INFILTRATION; PERINEURAL","ANDA089644","Hospira, Inc.","0409-3178","LIDOCAINE HYDROCHLORIDE and EPINEPHRINE","EPINEPHRINE;  LIDOCAINE HYDROCHLORIDE","HUMAN PRESCRIPTION DRUG","09/16/2005","N/A","ANDA","25 VIAL, MULTI-DOSE in 1 TRAY (0409-3178-01)  / 20 mL in 1 VIAL, MULTI-DOSE (0409-3178-16)","Adrenergic alpha-Agonists [MoA],  Adrenergic beta-Agonists [MoA],  Amide Local Anesthetic [EPC],  Amides [CS],  Antiarrhythmic [EPC],  Catecholamine [EPC],  Catecholamines [CS],  Local Anesthesia [PE],  alpha-Adrenergic Agonist [EPC],  beta-Adrenergic Agonist [EPC]","N/A","No","12/31/2027",0,FALSE,FALSE
"Respiratory:allergy_Medication","Other_Asthma_Medications","Epinephrine",FALSE,"nonproprietary","Epinephrine","Epinephrine_nonproprietary_raw.csv","Lidocaine Hydrochloride and Epinephrine","0409-3178-02","10 mg/mL,                         10  ug/mL","INJECTION, SOLUTION","INFILTRATION; PERINEURAL","ANDA089644","Hospira, Inc.","0409-3178","LIDOCAINE HYDROCHLORIDE and EPINEPHRINE","EPINEPHRINE;  LIDOCAINE HYDROCHLORIDE","HUMAN PRESCRIPTION DRUG","09/27/2005","N/A","ANDA","25 VIAL, MULTI-DOSE in 1 TRAY (0409-3178-02)  / 30 mL in 1 VIAL, MULTI-DOSE (0409-3178-17)","Adrenergic alpha-Agonists [MoA],  Adrenergic beta-Agonists [MoA],  Amide Local Anesthetic [EPC],  Amides [CS],  Antiarrhythmic [EPC],  Catecholamine [EPC],  Catecholamines [CS],  Local Anesthesia [PE],  alpha-Adrenergic Agonist [EPC],  beta-Adrenergic Agonist [EPC]","N/A","No","12/31/2027",0,FALSE,FALSE
"Respiratory:allergy_Medication","Other_Asthma_Medications","Epinephrine",FALSE,"nonproprietary","Epinephrine","Epinephrine_nonproprietary_raw.csv","Lidocaine Hydrochloride and Epinephrine","0409-3178-03","10 mg/mL,                         10  ug/mL","INJECTION, SOLUTION","INFILTRATION; PERINEURAL","ANDA089644","Hospira, Inc.","0409-3178","LIDOCAINE HYDROCHLORIDE and EPINEPHRINE","EPINEPHRINE;  LIDOCAINE HYDROCHLORIDE","HUMAN PRESCRIPTION DRUG","09/19/2005","N/A","ANDA","25 VIAL, MULTI-DOSE in 1 TRAY (0409-3178-03)  / 50 mL in 1 VIAL, MULTI-DOSE (0409-3178-18)","Adrenergic alpha-Agonists [MoA],  Adrenergic beta-Agonists [MoA],  Amide Local Anesthetic [EPC],  Amides [CS],  Antiarrhythmic [EPC],  Catecholamine [EPC],  Catecholamines [CS],  Local Anesthesia [PE],  alpha-Adrenergic Agonist [EPC],  beta-Adrenergic Agonist [EPC]","N/A","No","12/31/2027",0,FALSE,FALSE
"Respiratory:allergy_Medication","Other_Asthma_Medications","Epinephrine",FALSE,"nonproprietary","Epinephrine","Epinephrine_nonproprietary_raw.csv","Lidocaine Hydrochloride and Epinephrine","0409-3181-01","15 mg/mL,                         5  ug/mL","INJECTION, SOLUTION","EPIDURAL; INFILTRATION; INTRACAUDAL; PERINEURAL","ANDA089645","Hospira, Inc.","0409-3181","LIDOCAINE HYDROCHLORIDE and EPINEPHRINE","EPINEPHRINE;  LIDOCAINE HYDROCHLORIDE","HUMAN PRESCRIPTION DRUG","01/31/2005","N/A","ANDA","5 VIAL, SINGLE-DOSE in 1 CARTON (0409-3181-01)  / 30 mL in 1 VIAL, SINGLE-DOSE (0409-3181-11)","Adrenergic alpha-Agonists [MoA],  Adrenergic beta-Agonists [MoA],  Amide Local Anesthetic [EPC],  Amides [CS],  Antiarrhythmic [EPC],  Catecholamine [EPC],  Catecholamines [CS],  Local Anesthesia [PE],  alpha-Adrenergic Agonist [EPC],  beta-Adrenergic Agonist [EPC]","N/A","No","12/31/2027",0,FALSE,FALSE
"Respiratory:allergy_Medication","Other_Asthma_Medications","Epinephrine",FALSE,"nonproprietary","Epinephrine","Epinephrine_nonproprietary_raw.csv","Lidocaine Hydrochloride and Epinephrine","0409-3182-01","20 mg/mL,                         10  ug/mL","INJECTION, SOLUTION","INFILTRATION; PERINEURAL","ANDA089646","Hospira, Inc.","0409-3182","LIDOCAINE HYDROCHLORIDE and EPINEPHRINE","EPINEPHRINE;  LIDOCAINE HYDROCHLORIDE","HUMAN PRESCRIPTION DRUG","09/15/2005","N/A","ANDA","25 VIAL, MULTI-DOSE in 1 TRAY (0409-3182-01)  / 20 mL in 1 VIAL, MULTI-DOSE (0409-3182-11)","Adrenergic alpha-Agonists [MoA],  Adrenergic beta-Agonists [MoA],  Amide Local Anesthetic [EPC],  Amides [CS],  Antiarrhythmic [EPC],  Catecholamine [EPC],  Catecholamines [CS],  Local Anesthesia [PE],  alpha-Adrenergic Agonist [EPC],  beta-Adrenergic Agonist [EPC]","N/A","No","12/31/2027",0,FALSE,FALSE
"Respiratory:allergy_Medication","Other_Asthma_Medications","Epinephrine",FALSE,"nonproprietary","Epinephrine","Epinephrine_nonproprietary_raw.csv","Lidocaine Hydrochloride and Epinephrine","0409-3182-02","20 mg/mL,                         10  ug/mL","INJECTION, SOLUTION","INFILTRATION; PERINEURAL","ANDA089646","Hospira, Inc.","0409-3182","LIDOCAINE HYDROCHLORIDE and EPINEPHRINE","EPINEPHRINE;  LIDOCAINE HYDROCHLORIDE","HUMAN PRESCRIPTION DRUG","12/29/2005","N/A","ANDA","25 VIAL, MULTI-DOSE in 1 TRAY (0409-3182-02)  / 30 mL in 1 VIAL, MULTI-DOSE (0409-3182-21)","Adrenergic alpha-Agonists [MoA],  Adrenergic beta-Agonists [MoA],  Amide Local Anesthetic [EPC],  Amides [CS],  Antiarrhythmic [EPC],  Catecholamine [EPC],  Catecholamines [CS],  Local Anesthesia [PE],  alpha-Adrenergic Agonist [EPC],  beta-Adrenergic Agonist [EPC]","N/A","No","12/31/2027",0,FALSE,FALSE
"Respiratory:allergy_Medication","Other_Asthma_Medications","Epinephrine",FALSE,"nonproprietary","Epinephrine","Epinephrine_nonproprietary_raw.csv","Lidocaine Hydrochloride and Epinephrine","0409-3182-03","20 mg/mL,                         10  ug/mL","INJECTION, SOLUTION","INFILTRATION; PERINEURAL","ANDA089646","Hospira, Inc.","0409-3182","LIDOCAINE HYDROCHLORIDE and EPINEPHRINE","EPINEPHRINE;  LIDOCAINE HYDROCHLORIDE","HUMAN PRESCRIPTION DRUG","06/23/2005","N/A","ANDA","25 VIAL, MULTI-DOSE in 1 TRAY (0409-3182-03)  / 50 mL in 1 VIAL, MULTI-DOSE (0409-3182-31)","Adrenergic alpha-Agonists [MoA],  Adrenergic beta-Agonists [MoA],  Amide Local Anesthetic [EPC],  Amides [CS],  Antiarrhythmic [EPC],  Catecholamine [EPC],  Catecholamines [CS],  Local Anesthesia [PE],  alpha-Adrenergic Agonist [EPC],  beta-Adrenergic Agonist [EPC]","N/A","No","12/31/2027",0,FALSE,FALSE
"Respiratory:allergy_Medication","Other_Asthma_Medications","Epinephrine",FALSE,"nonproprietary","Epinephrine","Epinephrine_nonproprietary_raw.csv","Lidocaine Hydrochloride and Epinephrine","0409-3183-01","20 mg/mL,                         5  ug/mL","INJECTION, SOLUTION","EPIDURAL; INFILTRATION; INTRACAUDAL; PERINEURAL","ANDA089651","Hospira, Inc.","0409-3183","LIDOCAINE HYDROCHLORIDE and EPINEPHRINE","EPINEPHRINE;  LIDOCAINE HYDROCHLORIDE","HUMAN PRESCRIPTION DRUG","07/06/2005","N/A","ANDA","5 VIAL, SINGLE-DOSE in 1 CARTON (0409-3183-01)  / 20 mL in 1 VIAL, SINGLE-DOSE (0409-3183-11)","Adrenergic alpha-Agonists [MoA],  Adrenergic beta-Agonists [MoA],  Amide Local Anesthetic [EPC],  Amides [CS],  Antiarrhythmic [EPC],  Catecholamine [EPC],  Catecholamines [CS],  Local Anesthesia [PE],  alpha-Adrenergic Agonist [EPC],  beta-Adrenergic Agonist [EPC]","N/A","No","12/31/2027",0,FALSE,FALSE
"Respiratory:allergy_Medication","Other_Asthma_Medications","Epinephrine",FALSE,"nonproprietary","Epinephrine","Epinephrine_nonproprietary_raw.csv","Lidocaine Hydrochloride and Epinephrine","55154-0132-5","10 mg/mL,                         10  ug/mL","INJECTION, SOLUTION","INFILTRATION; PERINEURAL","ANDA089644","Cardinal Health 107, LLC","55154-0132","lidocaine hydrochloride and epinephrine","EPINEPHRINE;  LIDOCAINE HYDROCHLORIDE","HUMAN PRESCRIPTION DRUG","04/05/2010","N/A","ANDA","5 VIAL, MULTI-DOSE in 1 BAG (55154-0132-5)  / 20 mL in 1 VIAL, MULTI-DOSE","Adrenergic alpha-Agonists [MoA],  Adrenergic beta-Agonists [MoA],  Amide Local Anesthetic [EPC],  Amides [CS],  Antiarrhythmic [EPC],  Catecholamine [EPC],  Catecholamines [CS],  Local Anesthesia [PE],  alpha-Adrenergic Agonist [EPC],  beta-Adrenergic Agonist [EPC]","N/A","No","12/31/2027",0,FALSE,FALSE
"Respiratory:allergy_Medication","Other_Asthma_Medications","Epinephrine",FALSE,"nonproprietary","Epinephrine","Epinephrine_nonproprietary_raw.csv","Lidocaine Hydrochloride and Epinephrine","84549-182-03","20 mg/mL,                         10  ug/mL","INJECTION, SOLUTION","INFILTRATION; PERINEURAL","ANDA089646","ProPharma Distribution","84549-182","LIDOCAINE HYDROCHLORIDE and EPINEPHRINE","EPINEPHRINE;  LIDOCAINE HYDROCHLORIDE","HUMAN PRESCRIPTION DRUG","10/10/2025","N/A","ANDA","50 mL in 1 VIAL, MULTI-DOSE (84549-182-03)","Adrenergic alpha-Agonists [MoA],  Adrenergic beta-Agonists [MoA],  Amide Local Anesthetic [EPC],  Amides [CS],  Antiarrhythmic [EPC],  Catecholamine [EPC],  Catecholamines [CS],  Local Anesthesia [PE],  alpha-Adrenergic Agonist [EPC],  beta-Adrenergic Agonist [EPC]","N/A","No","12/31/2026",0,FALSE,FALSE
"Respiratory:allergy_Medication","Other_Asthma_Medications","Epinephrine",FALSE,"nonproprietary","Epinephrine","Epinephrine_nonproprietary_raw.csv","Lidocaine Hydrochloride and Epinephrine","85766-073-25","10 mg/mL,                         10  ug/mL","INJECTION, SOLUTION","INFILTRATION; PERINEURAL","ANDA089644","Sportpharm LLC","85766-073","LIDOCAINE HYDROCHLORIDE and EPINEPHRINE","EPINEPHRINE;  LIDOCAINE HYDROCHLORIDE","HUMAN PRESCRIPTION DRUG","10/03/2025","N/A","ANDA","25 VIAL, MULTI-DOSE in 1 TRAY (85766-073-25)  / 20 mL in 1 VIAL, MULTI-DOSE (85766-073-01)","Adrenergic alpha-Agonists [MoA],  Adrenergic beta-Agonists [MoA],  Amide Local Anesthetic [EPC],  Amides [CS],  Antiarrhythmic [EPC],  Catecholamine [EPC],  Catecholamines [CS],  Local Anesthesia [PE],  alpha-Adrenergic Agonist [EPC],  beta-Adrenergic Agonist [EPC]","N/A","No","12/31/2027",0,FALSE,FALSE
"Respiratory:allergy_Medication","Other_Asthma_Medications","Epinephrine",FALSE,"nonproprietary","Epinephrine","Epinephrine_nonproprietary_raw.csv","Lidocaine Hydrochloride and Epinephrine","85766-073-50","10 mg/mL,                         10  ug/mL","INJECTION, SOLUTION","INFILTRATION; PERINEURAL","ANDA089644","Sportpharm LLC","85766-073","LIDOCAINE HYDROCHLORIDE and EPINEPHRINE","EPINEPHRINE;  LIDOCAINE HYDROCHLORIDE","HUMAN PRESCRIPTION DRUG","04/22/2026","N/A","ANDA","50 mL in 1 VIAL, MULTI-DOSE (85766-073-50)","Adrenergic alpha-Agonists [MoA],  Adrenergic beta-Agonists [MoA],  Amide Local Anesthetic [EPC],  Amides [CS],  Antiarrhythmic [EPC],  Catecholamine [EPC],  Catecholamines [CS],  Local Anesthesia [PE],  alpha-Adrenergic Agonist [EPC],  beta-Adrenergic Agonist [EPC]","N/A","No","12/31/2027",0,FALSE,FALSE
"Respiratory:allergy_Medication","Other_Asthma_Medications","Epinephrine",FALSE,"nonproprietary","Epinephrine","Epinephrine_nonproprietary_raw.csv","Lignospan Forte","0362-1096-70","20 mg/mL,                         .02  mg/mL","INJECTION, SOLUTION","SUBMUCOSAL","ANDA088389","Septodont, Inc.","0362-1096","Lidocaine Hydrochloride and Epinephrine","EPINEPHRINE BITARTRATE;  LIDOCAINE HYDROCHLORIDE","HUMAN PRESCRIPTION DRUG","12/01/2017","N/A","ANDA","5 BLISTER PACK in 1 CARTON (0362-1096-70)  / 10 CARTRIDGE in 1 BLISTER PACK / 1.7 mL in 1 CARTRIDGE","Adrenergic alpha-Agonists [MoA],  Adrenergic beta-Agonists [MoA],  Amide Local Anesthetic [EPC],  Amides [CS],  Antiarrhythmic [EPC],  Catecholamine [EPC],  Catecholamines [CS],  Local Anesthesia [PE],  alpha-Adrenergic Agonist [EPC],  beta-Adrenergic Agonist [EPC]","N/A","No","12/31/2026",0,FALSE,FALSE
"Respiratory:allergy_Medication","Other_Asthma_Medications","Epinephrine",FALSE,"nonproprietary","Epinephrine","Epinephrine_nonproprietary_raw.csv","Lignospan Standard","0362-1095-60","20 mg/mL,                         .01  mg/mL","INJECTION, SOLUTION","SUBMUCOSAL","ANDA088390","Septodont, Inc.","0362-1095","Lidocaine Hydrochloride and Epinephrine","EPINEPHRINE BITARTRATE;  LIDOCAINE HYDROCHLORIDE","HUMAN PRESCRIPTION DRUG","11/28/2017","N/A","ANDA","5 BLISTER PACK in 1 CARTON (0362-1095-60)  / 10 CARTRIDGE in 1 BLISTER PACK / 1.7 mL in 1 CARTRIDGE","Adrenergic alpha-Agonists [MoA],  Adrenergic beta-Agonists [MoA],  Amide Local Anesthetic [EPC],  Amides [CS],  Antiarrhythmic [EPC],  Catecholamine [EPC],  Catecholamines [CS],  Local Anesthesia [PE],  alpha-Adrenergic Agonist [EPC],  beta-Adrenergic Agonist [EPC]","N/A","No","12/31/2026",0,FALSE,FALSE
"Respiratory:allergy_Medication","Other_Asthma_Medications","Epinephrine",FALSE,"nonproprietary","Epinephrine","Epinephrine_nonproprietary_raw.csv","MARCAINE WITH EPINEPHRINE","0404-9908-30","2.5 mg/mL,                         .0091  mg/mL","INJECTION, SOLUTION","EPIDURAL; INFILTRATION; INTRACAUDAL; PERINEURAL","NDA016964","Henry Schein, Inc.","0404-9908","bupivacaine hydrochloride and epinephrine bitartrate","BUPIVACAINE HYDROCHLORIDE;  EPINEPHRINE BITARTRATE","HUMAN PRESCRIPTION DRUG","01/13/2022","N/A","NDA","1 VIAL, SINGLE-DOSE in 1 BAG (0404-9908-30)  / 30 mL in 1 VIAL, SINGLE-DOSE","Adrenergic alpha-Agonists [MoA],  Adrenergic beta-Agonists [MoA],  Amide Local Anesthetic [EPC],  Amides [CS],  Catecholamine [EPC],  Catecholamines [CS],  Local Anesthesia [PE],  alpha-Adrenergic Agonist [EPC],  beta-Adrenergic Agonist [EPC]","N/A","No","12/31/2027",0,FALSE,FALSE
"Respiratory:allergy_Medication","Other_Asthma_Medications","Epinephrine",FALSE,"nonproprietary","Epinephrine","Epinephrine_nonproprietary_raw.csv","Marcaine","0362-0557-05","5 mg/mL,                         .005  mg/mL","INJECTION, SOLUTION","SUBMUCOSAL","ANDA077250","Septodont, Inc.","0362-0557","bupivacaine hydrochloride and epinephrine bitartrate","BUPIVACAINE HYDROCHLORIDE ANHYDROUS;  EPINEPHRINE BITARTRATE","HUMAN PRESCRIPTION DRUG","06/12/2018","N/A","ANDA","50 CARTRIDGE in 1 CARTON (0362-0557-05)  / 1.8 mL in 1 CARTRIDGE","Adrenergic alpha-Agonists [MoA],  Adrenergic beta-Agonists [MoA],  Amide Local Anesthetic [EPC],  Amides [CS],  Catecholamine [EPC],  Catecholamines [CS],  Local Anesthesia [PE],  alpha-Adrenergic Agonist [EPC],  beta-Adrenergic Agonist [EPC]","N/A","No","12/31/2026",0,FALSE,FALSE
"Respiratory:allergy_Medication","Other_Asthma_Medications","Epinephrine",FALSE,"nonproprietary","Epinephrine","Epinephrine_nonproprietary_raw.csv","Marcaine with Epinephrine","0409-1541-10","2.5 mg/mL,                         .0091  mg/mL","INJECTION, SOLUTION","EPIDURAL; INFILTRATION; INTRACAUDAL; PERINEURAL","NDA016964","Hospira, Inc.","0409-1541","BUPIVACAINE HYDROCHLORIDE AND EPINEPHRINE","BUPIVACAINE HYDROCHLORIDE;  EPINEPHRINE BITARTRATE","HUMAN PRESCRIPTION DRUG","09/06/2022","N/A","NDA","10 VIAL, SINGLE-DOSE in 1 CARTON (0409-1541-10)  / 30 mL in 1 VIAL, SINGLE-DOSE (0409-1541-01)","Adrenergic alpha-Agonists [MoA],  Adrenergic beta-Agonists [MoA],  Amide Local Anesthetic [EPC],  Amides [CS],  Catecholamine [EPC],  Catecholamines [CS],  Local Anesthesia [PE],  alpha-Adrenergic Agonist [EPC],  beta-Adrenergic Agonist [EPC]","N/A","No","12/31/2026",0,FALSE,FALSE
"Respiratory:allergy_Medication","Other_Asthma_Medications","Epinephrine",FALSE,"nonproprietary","Epinephrine","Epinephrine_nonproprietary_raw.csv","Marcaine with Epinephrine","0409-1746-10","2.5 mg/mL,                         .0091  mg/mL","INJECTION, SOLUTION","EPIDURAL; INFILTRATION; INTRACAUDAL; PERINEURAL","NDA016964","Hospira, Inc.","0409-1746","BUPIVACAINE HYDROCHLORIDE AND EPINEPHRINE BITARTRATE","BUPIVACAINE HYDROCHLORIDE;  EPINEPHRINE BITARTRATE","HUMAN PRESCRIPTION DRUG","12/09/2005","N/A","NDA","10 VIAL, SINGLE-DOSE in 1 CARTON (0409-1746-10)  / 10 mL in 1 VIAL, SINGLE-DOSE (0409-1746-70)","Adrenergic alpha-Agonists [MoA],  Adrenergic beta-Agonists [MoA],  Amide Local Anesthetic [EPC],  Amides [CS],  Catecholamine [EPC],  Catecholamines [CS],  Local Anesthesia [PE],  alpha-Adrenergic Agonist [EPC],  beta-Adrenergic Agonist [EPC]","N/A","No","12/31/2027",0,FALSE,FALSE
"Respiratory:allergy_Medication","Other_Asthma_Medications","Epinephrine",FALSE,"nonproprietary","Epinephrine","Epinephrine_nonproprietary_raw.csv","Marcaine with Epinephrine","0409-1746-30","2.5 mg/mL,                         .0091  mg/mL","INJECTION, SOLUTION","EPIDURAL; INFILTRATION; INTRACAUDAL; PERINEURAL","NDA016964","Hospira, Inc.","0409-1746","BUPIVACAINE HYDROCHLORIDE AND EPINEPHRINE BITARTRATE","BUPIVACAINE HYDROCHLORIDE;  EPINEPHRINE BITARTRATE","HUMAN PRESCRIPTION DRUG","09/12/2005","N/A","NDA","10 VIAL, SINGLE-DOSE in 1 CARTON (0409-1746-30)  / 30 mL in 1 VIAL, SINGLE-DOSE (0409-1746-71)","Adrenergic alpha-Agonists [MoA],  Adrenergic beta-Agonists [MoA],  Amide Local Anesthetic [EPC],  Amides [CS],  Catecholamine [EPC],  Catecholamines [CS],  Local Anesthesia [PE],  alpha-Adrenergic Agonist [EPC],  beta-Adrenergic Agonist [EPC]","N/A","No","12/31/2027",0,FALSE,FALSE
"Respiratory:allergy_Medication","Other_Asthma_Medications","Epinephrine",FALSE,"nonproprietary","Epinephrine","Epinephrine_nonproprietary_raw.csv","Marcaine with Epinephrine","0409-1749-10","5 mg/mL,                         .0091  mg/mL","INJECTION, SOLUTION","EPIDURAL; INTRACAUDAL; PERINEURAL","NDA016964","Hospira, Inc.","0409-1749","BUPIVACAINE HYDROCHLORIDE AND EPINEPHRINE BITARTRATE","BUPIVACAINE HYDROCHLORIDE;  EPINEPHRINE BITARTRATE","HUMAN PRESCRIPTION DRUG","09/22/2005","N/A","NDA","10 VIAL, SINGLE-DOSE in 1 CARTON (0409-1749-10)  / 10 mL in 1 VIAL, SINGLE-DOSE (0409-1749-70)","Adrenergic alpha-Agonists [MoA],  Adrenergic beta-Agonists [MoA],  Amide Local Anesthetic [EPC],  Amides [CS],  Catecholamine [EPC],  Catecholamines [CS],  Local Anesthesia [PE],  alpha-Adrenergic Agonist [EPC],  beta-Adrenergic Agonist [EPC]","N/A","No","12/31/2027",0,FALSE,FALSE
"Respiratory:allergy_Medication","Other_Asthma_Medications","Epinephrine",FALSE,"nonproprietary","Epinephrine","Epinephrine_nonproprietary_raw.csv","Marcaine with Epinephrine","0409-1749-29","5 mg/mL,                         .0091  mg/mL","INJECTION, SOLUTION","EPIDURAL; INTRACAUDAL; PERINEURAL","NDA016964","Hospira, Inc.","0409-1749","BUPIVACAINE HYDROCHLORIDE AND EPINEPHRINE BITARTRATE","BUPIVACAINE HYDROCHLORIDE;  EPINEPHRINE BITARTRATE","HUMAN PRESCRIPTION DRUG","09/12/2005","N/A","NDA","10 VIAL, SINGLE-DOSE in 1 CARTON (0409-1749-29)  / 30 mL in 1 VIAL, SINGLE-DOSE (0409-1749-71)","Adrenergic alpha-Agonists [MoA],  Adrenergic beta-Agonists [MoA],  Amide Local Anesthetic [EPC],  Amides [CS],  Catecholamine [EPC],  Catecholamines [CS],  Local Anesthesia [PE],  alpha-Adrenergic Agonist [EPC],  beta-Adrenergic Agonist [EPC]","N/A","No","12/31/2027",0,FALSE,FALSE
"Respiratory:allergy_Medication","Other_Asthma_Medications","Epinephrine",FALSE,"nonproprietary","Epinephrine","Epinephrine_nonproprietary_raw.csv","Marcaine with Epinephrine","0409-1752-50","2.5 mg/mL,                         .0091  mg/mL","INJECTION, SOLUTION","INFILTRATION; PERINEURAL","NDA016964","Hospira, Inc.","0409-1752","BUPIVACAINE HYDROCHLORIDE AND EPINEPHRINE BITARTRATE","BUPIVACAINE HYDROCHLORIDE;  EPINEPHRINE BITARTRATE","HUMAN PRESCRIPTION DRUG","02/06/2006","N/A","NDA","1 VIAL, MULTI-DOSE in 1 CARTON (0409-1752-50)  / 50 mL in 1 VIAL, MULTI-DOSE","Adrenergic alpha-Agonists [MoA],  Adrenergic beta-Agonists [MoA],  Amide Local Anesthetic [EPC],  Amides [CS],  Catecholamine [EPC],  Catecholamines [CS],  Local Anesthesia [PE],  alpha-Adrenergic Agonist [EPC],  beta-Adrenergic Agonist [EPC]","N/A","No","12/31/2027",0,FALSE,FALSE
"Respiratory:allergy_Medication","Other_Asthma_Medications","Epinephrine",FALSE,"nonproprietary","Epinephrine","Epinephrine_nonproprietary_raw.csv","Marcaine with Epinephrine","0409-1755-50","5 mg/mL,                         .0091  mg/mL","INJECTION, SOLUTION","PERINEURAL","NDA016964","Hospira, Inc.","0409-1755","BUPIVACAINE HYDROCHLORIDE AND EPINEPHRINE BITARTRATE","BUPIVACAINE HYDROCHLORIDE;  EPINEPHRINE BITARTRATE","HUMAN PRESCRIPTION DRUG","03/22/2006","N/A","NDA","1 VIAL, MULTI-DOSE in 1 CARTON (0409-1755-50)  / 50 mL in 1 VIAL, MULTI-DOSE","Adrenergic alpha-Agonists [MoA],  Adrenergic beta-Agonists [MoA],  Amide Local Anesthetic [EPC],  Amides [CS],  Catecholamine [EPC],  Catecholamines [CS],  Local Anesthesia [PE],  alpha-Adrenergic Agonist [EPC],  beta-Adrenergic Agonist [EPC]","N/A","No","12/31/2027",0,FALSE,FALSE
"Respiratory:allergy_Medication","Other_Asthma_Medications","Epinephrine",FALSE,"nonproprietary","Epinephrine","Epinephrine_nonproprietary_raw.csv","Marcaine with Epinephrine","0409-3812-01","2.5 mg/mL,                         .0091  mg/mL","INJECTION, SOLUTION","INFILTRATION; PERINEURAL","NDA016964","Hospira, Inc.","0409-3812","BUPIVACAINE HYDROCHLORIDE AND EPINEPHRINE","BUPIVACAINE HYDROCHLORIDE;  EPINEPHRINE BITARTRATE","HUMAN PRESCRIPTION DRUG","09/06/2022","N/A","NDA","1 VIAL, MULTI-DOSE in 1 CARTON (0409-3812-01)  / 50 mL in 1 VIAL, MULTI-DOSE","Adrenergic alpha-Agonists [MoA],  Adrenergic beta-Agonists [MoA],  Amide Local Anesthetic [EPC],  Amides [CS],  Catecholamine [EPC],  Catecholamines [CS],  Local Anesthesia [PE],  alpha-Adrenergic Agonist [EPC],  beta-Adrenergic Agonist [EPC]","N/A","No","12/31/2026",0,FALSE,FALSE
"Respiratory:allergy_Medication","Other_Asthma_Medications","Epinephrine",FALSE,"nonproprietary","Epinephrine","Epinephrine_nonproprietary_raw.csv","Marcaine with Epinephrine","0409-4208-10","5 mg/mL,                         .0091  mg/mL","INJECTION, SOLUTION","EPIDURAL; INTRACAUDAL; PERINEURAL","NDA016964","Hospira, Inc.","0409-4208","BUPIVACAINE HYDROCHLORIDE AND EPINEPHRINE","BUPIVACAINE HYDROCHLORIDE;  EPINEPHRINE BITARTRATE","HUMAN PRESCRIPTION DRUG","09/26/2022","N/A","NDA","10 VIAL, SINGLE-DOSE in 1 CARTON (0409-4208-10)  / 30 mL in 1 VIAL, SINGLE-DOSE (0409-4208-01)","Adrenergic alpha-Agonists [MoA],  Adrenergic beta-Agonists [MoA],  Amide Local Anesthetic [EPC],  Amides [CS],  Catecholamine [EPC],  Catecholamines [CS],  Local Anesthesia [PE],  alpha-Adrenergic Agonist [EPC],  beta-Adrenergic Agonist [EPC]","N/A","No","12/31/2026",0,FALSE,FALSE
"Respiratory:allergy_Medication","Other_Asthma_Medications","Epinephrine",FALSE,"nonproprietary","Epinephrine","Epinephrine_nonproprietary_raw.csv","Marcaine with Epinephrine","0409-5738-10","2.5 mg/mL,                         .0091  mg/mL","INJECTION, SOLUTION","EPIDURAL; INFILTRATION; INTRACAUDAL; PERINEURAL","NDA016964","Hospira, Inc.","0409-5738","BUPIVACAINE HYDROCHLORIDE AND EPINEPHRINE","BUPIVACAINE HYDROCHLORIDE;  EPINEPHRINE BITARTRATE","HUMAN PRESCRIPTION DRUG","09/06/2022","N/A","NDA","10 VIAL, SINGLE-DOSE in 1 CARTON (0409-5738-10)  / 10 mL in 1 VIAL, SINGLE-DOSE (0409-5738-01)","Adrenergic alpha-Agonists [MoA],  Adrenergic beta-Agonists [MoA],  Amide Local Anesthetic [EPC],  Amides [CS],  Catecholamine [EPC],  Catecholamines [CS],  Local Anesthesia [PE],  alpha-Adrenergic Agonist [EPC],  beta-Adrenergic Agonist [EPC]","N/A","No","12/31/2026",0,FALSE,FALSE
"Respiratory:allergy_Medication","Other_Asthma_Medications","Epinephrine",FALSE,"nonproprietary","Epinephrine","Epinephrine_nonproprietary_raw.csv","Marcaine with Epinephrine","0409-6581-01","5 mg/mL,                         .0091  mg/mL","INJECTION, SOLUTION","PERINEURAL","NDA016964","Hospira, Inc.","0409-6581","BUPIVACAINE HYDROCHLORIDE AND EPINEPHRINE","BUPIVACAINE HYDROCHLORIDE;  EPINEPHRINE BITARTRATE","HUMAN PRESCRIPTION DRUG","09/26/2022","N/A","NDA","1 VIAL, MULTI-DOSE in 1 CARTON (0409-6581-01)  / 50 mL in 1 VIAL, MULTI-DOSE","Adrenergic alpha-Agonists [MoA],  Adrenergic beta-Agonists [MoA],  Amide Local Anesthetic [EPC],  Amides [CS],  Catecholamine [EPC],  Catecholamines [CS],  Local Anesthesia [PE],  alpha-Adrenergic Agonist [EPC],  beta-Adrenergic Agonist [EPC]","N/A","No","12/31/2026",0,FALSE,FALSE
"Respiratory:allergy_Medication","Other_Asthma_Medications","Epinephrine",FALSE,"nonproprietary","Epinephrine","Epinephrine_nonproprietary_raw.csv","Marcaine with Epinephrine","0409-8126-10","5 mg/mL,                         .0091  mg/mL","INJECTION, SOLUTION","EPIDURAL; INTRACAUDAL; PERINEURAL","NDA016964","Hospira, Inc.","0409-8126","BUPIVACAINE HYDROCHLORIDE AND EPINEPHRINE","BUPIVACAINE HYDROCHLORIDE;  EPINEPHRINE BITARTRATE","HUMAN PRESCRIPTION DRUG","09/06/2022","N/A","NDA","10 VIAL, SINGLE-DOSE in 1 CARTON (0409-8126-10)  / 10 mL in 1 VIAL, SINGLE-DOSE (0409-8126-01)","Adrenergic alpha-Agonists [MoA],  Adrenergic beta-Agonists [MoA],  Amide Local Anesthetic [EPC],  Amides [CS],  Catecholamine [EPC],  Catecholamines [CS],  Local Anesthesia [PE],  alpha-Adrenergic Agonist [EPC],  beta-Adrenergic Agonist [EPC]","N/A","No","12/31/2026",0,FALSE,FALSE
"Respiratory:allergy_Medication","Other_Asthma_Medications","Epinephrine",FALSE,"nonproprietary","Epinephrine","Epinephrine_nonproprietary_raw.csv","Minnerva II","82718-2210-1",".004 g/10g,                         .3  g/10g","GEL","TOPICAL",NA,"SofTap Inc","82718-2210","Lidocaine, Epinephrine","EPINEPHRINE HYDROCHLORIDE;  LIDOCAINE","HUMAN OTC DRUG","05/11/2022","N/A","UNAPPROVED DRUG OTHER","10 g in 1 TUBE (82718-2210-1)","Adrenergic alpha-Agonists [MoA],  Adrenergic beta-Agonists [MoA],  Amide Local Anesthetic [EPC],  Amides [CS],  Antiarrhythmic [EPC],  Catecholamine [EPC],  Catecholamines [CS],  Local Anesthesia [PE],  alpha-Adrenergic Agonist [EPC],  beta-Adrenergic Agonist [EPC]","N/A","No","12/31/2026",0,FALSE,FALSE
"Respiratory:allergy_Medication","Other_Asthma_Medications","Epinephrine",FALSE,"nonproprietary","Epinephrine","Epinephrine_nonproprietary_raw.csv","Multi-Phenolic","44911-0649-1","12 [hp_X]/mL,                         12  [hp_X]/mL,                         12  [hp_X]/mL,                         12  [hp_X]/mL,                         12  [hp_X]/mL,                         12  [hp_X]/mL,                         12  [hp_X]/mL,                         12  [hp_X]/mL,                         12  [hp_X]/mL,                         12  [hp_X]/mL,                         12  [hp_X]/mL,                         12  [hp_X]/mL,                         12  [hp_X]/mL,                         12  [hp_X]/mL,                         12  [hp_X]/mL,                         12  [hp_X]/mL,                         12  [hp_X]/mL,                         12  [hp_X]/mL,                         12  [hp_X]/mL,                         12  [hp_X]/mL,                         12  [hp_X]/mL,                         12  [hp_X]/mL,                         12  [hp_X]/mL,                         12  [hp_X]/mL,                         12  [hp_X]/mL,                         12  [hp_X]/mL,                         12  [hp_X]/mL,                         12  [hp_X]/mL,                         12  [hp_X]/mL,                         12  [hp_X]/mL,                         12  [hp_X]/mL,                         12  [hp_X]/mL,                         12  [hp_X]/mL,                         12  [hp_X]/mL,                         16  [hp_X]/mL,                         16  [hp_X]/mL,                         12  [hp_C]/mL","LIQUID","ORAL",NA,"Energique, Inc.","44911-0649","Mannose, 5-Hydroxytryptophan, Acetaldehyde, Acetylcholine Chloride, Ascorbicum Acidum, Aspartame, Butylated Hydroxytoluene, Caffeic Acid, Candida Albicans, Cinnamic Acid, Coniferyl Alcohol, Coumarinum, Dopamine Hydrochloride, Estradiol, Gaba (Gamma-Aminobutyric Acid), Gallicum Acidum, Histaminum Hydrochloricum, Hydrocortisone, Indolum, L-Dopa, L-Phenylalanine, Melatonin, Menadione, Norepinephrine (Bitartrate), Petroselinum Crispum, Phenyl Isothiocyanate, Piperine, Progesterone, Pyrrole, Quercetin,",".GAMMA.-AMINOBUTYRIC ACID;  ACETALDEHYDE;  ACETYLCHOLINE CHLORIDE;  ASCORBIC ACID;  ASPARTAME;  BUTYLATED HYDROXYTOLUENE;  CAFFEIC ACID;  CANDIDA ALBICANS;  CHLOROGENIC ACID;  CINNAMIC ACID;  CONIFERYL ALCOHOL;  COUMARIN;  DOPAMINE HYDROCHLORIDE;  ESTRADIOL;  GALLIC ACID MONOHYDRATE;  HISTAMINE DIHYDROCHLORIDE;  HYDROCORTISONE;  INDOLE;  LEVODOPA;  MALVIN;  MANNOSE, D-;  MELATONIN;  MENADIONE;  NOREPINEPHRINE BITARTRATE;  OXITRIPTAN;  PETROSELINUM CRISPUM WHOLE;  PHENYL ISOTHIOCYANATE;  PHENYLALANINE;  PHLORIZIN;  PIPERINE;  PROGESTERONE;  PYRROLE;  QUERCETIN;  RUTIN;  SEROTONIN HYDROCHLORIDE;  TAURINE;  TYRAMINE","HUMAN OTC DRUG","01/11/2022","N/A","UNAPPROVED HOMEOPATHIC","30 mL in 1 BOTTLE, DROPPER (44911-0649-1)","Allergens [CS],  Amino Acids,  Aromatic [CS],  Aromatic Amino Acid [EPC],  Ascorbic Acid [CS],  Catecholamine [EPC],  Catecholamine [EPC],  Catecholamines [CS],  Catecholamines [CS],  Cell-mediated Immunity [PE],  Cholinergic Agonists [MoA],  Cholinergic Receptor Agonist [EPC],  Corticosteroid Hormone Receptor Agonists [MoA],  Corticosteroid [EPC],  Estradiol Congeners [CS],  Estrogen Receptor Agonists [MoA],  Estrogen [EPC],  Fungal Proteins [CS],  Increased Histamine Release [PE],  Increased IgG Production [PE],  Non-Standardized Fungal Allergenic Extract [EPC],  Progesterone [CS],  Progesterone [EPC],  Vitamin C [EPC]","N/A","No","12/31/2026",0,FALSE,FALSE
"Respiratory:allergy_Medication","Other_Asthma_Medications","Epinephrine",FALSE,"nonproprietary","Epinephrine","Epinephrine_nonproprietary_raw.csv","NOREPINEPHRINE BITARTRATE","0338-0040-20","4 mg/250mL","INJECTION, SOLUTION","INTRAVENOUS","NDA214313","Baxter Healthcare Corporation","0338-0040","norepinephrine bitartrate","NOREPINEPHRINE BITARTRATE","HUMAN PRESCRIPTION DRUG","02/06/2026","N/A","NDA","20 BAG in 1 CARTON (0338-0040-20)  / 250 mL in 1 BAG","Catecholamine [EPC],  Catecholamines [CS]","N/A","No","12/31/2027",0,FALSE,FALSE
"Respiratory:allergy_Medication","Other_Asthma_Medications","Epinephrine",FALSE,"nonproprietary","Epinephrine","Epinephrine_nonproprietary_raw.csv","NOREPINEPHRINE BITARTRATE","0338-0042-20","8 mg/250mL","INJECTION, SOLUTION","INTRAVENOUS","NDA214313","Baxter Healthcare Corporation","0338-0042","norepinephrine bitartrate","NOREPINEPHRINE BITARTRATE","HUMAN PRESCRIPTION DRUG","02/06/2026","N/A","NDA","20 BAG in 1 CARTON (0338-0042-20)  / 250 mL in 1 BAG","Catecholamine [EPC],  Catecholamines [CS]","N/A","No","12/31/2027",0,FALSE,FALSE
"Respiratory:allergy_Medication","Other_Asthma_Medications","Epinephrine",FALSE,"nonproprietary","Epinephrine","Epinephrine_nonproprietary_raw.csv","NOREPINEPHRINE BITARTRATE","0338-0108-20","8 mg/250mL","INJECTION, SOLUTION","INTRAVENOUS","NDA214313","Baxter Healthcare Corporation","0338-0108","norepinephrine bitartrate","NOREPINEPHRINE BITARTRATE","HUMAN PRESCRIPTION DRUG","01/15/2021","N/A","NDA","20 CONTAINER in 1 CARTON (0338-0108-20)  / 250 mL in 1 CONTAINER","Catecholamine [EPC],  Catecholamines [CS]","N/A","No","12/31/2027",0,FALSE,FALSE
"Respiratory:allergy_Medication","Other_Asthma_Medications","Epinephrine",FALSE,"nonproprietary","Epinephrine","Epinephrine_nonproprietary_raw.csv","NOREPINEPHRINE BITARTRATE","0338-0112-20","4 mg/250mL","INJECTION, SOLUTION","INTRAVENOUS","NDA214313","Baxter Healthcare Corporation","0338-0112","norepinephrine bitartrate","NOREPINEPHRINE BITARTRATE","HUMAN PRESCRIPTION DRUG","01/15/2021","N/A","NDA","20 BAG in 1 CARTON (0338-0112-20)  / 250 mL in 1 BAG","Catecholamine [EPC],  Catecholamines [CS]","N/A","No","12/31/2027",0,FALSE,FALSE
"Respiratory:allergy_Medication","Other_Asthma_Medications","Epinephrine",FALSE,"nonproprietary","Epinephrine","Epinephrine_nonproprietary_raw.csv","NOREPINEPHRINE BITARTRATE","0338-0116-20","16 mg/250mL","INJECTION, SOLUTION","INTRAVENOUS","NDA214313","Baxter Healthcare Corporation","0338-0116","norepinephrine bitartrate","NOREPINEPHRINE BITARTRATE","HUMAN PRESCRIPTION DRUG","11/21/2023","N/A","NDA","20 BAG in 1 CARTON (0338-0116-20)  / 250 mL in 1 BAG","Catecholamine [EPC],  Catecholamines [CS]","N/A","No","12/31/2027",0,FALSE,FALSE
"Respiratory:allergy_Medication","Other_Asthma_Medications","Epinephrine",FALSE,"nonproprietary","Epinephrine","Epinephrine_nonproprietary_raw.csv","NOREPINEPHRINE BITARTRATE","0338-0128-20","16 mg/250mL","INJECTION, SOLUTION","INTRAVENOUS","NDA214313","Baxter Healthcare Corporation","0338-0128","norepinephrine bitartrate","NOREPINEPHRINE BITARTRATE","HUMAN PRESCRIPTION DRUG","02/06/2026","N/A","NDA","20 BAG in 1 CARTON (0338-0128-20)  / 250 mL in 1 BAG","Catecholamine [EPC],  Catecholamines [CS]","N/A","No","12/31/2027",0,FALSE,FALSE
"Respiratory:allergy_Medication","Other_Asthma_Medications","Epinephrine",FALSE,"nonproprietary","Epinephrine","Epinephrine_nonproprietary_raw.csv","NOREPINEPHRINE BITARTRATE","0781-3755-95","1 mg/mL","INJECTION, SOLUTION, CONCENTRATE","INTRAVENOUS","ANDA211359","Sandoz Inc","0781-3755","Norepinephrine Bitartrate","NOREPINEPHRINE BITARTRATE","HUMAN PRESCRIPTION DRUG","04/23/2019","N/A","ANDA","10 VIAL, SINGLE-DOSE in 1 CARTON (0781-3755-95)  / 4 mL in 1 VIAL, SINGLE-DOSE (0781-3755-75)","Catecholamine [EPC],  Catecholamines [CS]","N/A","No","12/31/2027",0,FALSE,FALSE
"Respiratory:allergy_Medication","Other_Asthma_Medications","Epinephrine",FALSE,"nonproprietary","Epinephrine","Epinephrine_nonproprietary_raw.csv","NOREPINEPHRINE BITARTRATE","47335-615-44","1 mg/mL","INJECTION, SOLUTION, CONCENTRATE","INTRAVENOUS","ANDA211980","Sun Pharmaceutical Industries, Inc.","47335-615","NOREPINEPHRINE BITARTRATE","NOREPINEPHRINE BITARTRATE","HUMAN PRESCRIPTION DRUG","07/01/2021","N/A","ANDA","10 VIAL, SINGLE-DOSE in 1 CARTON (47335-615-44)  / 4 mL in 1 VIAL, SINGLE-DOSE","Catecholamine [EPC],  Catecholamines [CS]","N/A","No","12/31/2026",0,FALSE,FALSE
"Respiratory:allergy_Medication","Other_Asthma_Medications","Epinephrine",FALSE,"nonproprietary","Epinephrine","Epinephrine_nonproprietary_raw.csv","NOREPINEPHRINE BITARTRATE","51662-1528-1","1 mg/mL","INJECTION","INTRAVENOUS","ANDA203662","HF Acquisition Co LLC, DBA HealthFirst","51662-1528","NOREPINEPHRINE BITARTRATE","NOREPINEPHRINE BITARTRATE","HUMAN PRESCRIPTION DRUG","08/08/2021","N/A","ANDA","4 mL in 1 VIAL (51662-1528-1)","Catecholamine [EPC],  Catecholamines [CS]","N/A","No","12/31/2027",0,FALSE,FALSE
"Respiratory:allergy_Medication","Other_Asthma_Medications","Epinephrine",FALSE,"nonproprietary","Epinephrine","Epinephrine_nonproprietary_raw.csv","NOREPINEPHRINE BITARTRATE","51662-1528-3","1 mg/mL","INJECTION","INTRAVENOUS","ANDA203662","HF Acquisition Co LLC, DBA HealthFirst","51662-1528","NOREPINEPHRINE BITARTRATE","NOREPINEPHRINE BITARTRATE","HUMAN PRESCRIPTION DRUG","07/10/2022","N/A","ANDA","10 POUCH in 1 CASE (51662-1528-3)  / 1 VIAL in 1 POUCH (51662-1528-2)  / 4 mL in 1 VIAL","Catecholamine [EPC],  Catecholamines [CS]","N/A","No","12/31/2027",0,FALSE,FALSE
"Respiratory:allergy_Medication","Other_Asthma_Medications","Epinephrine",FALSE,"nonproprietary","Epinephrine","Epinephrine_nonproprietary_raw.csv","NOREPINEPHRINE BITARTRATE","65145-133-10","1 mg/mL","INJECTION","INTRAVENOUS","ANDA217575","Caplin Steriles Limited","65145-133","norepinephrine bitartrate","NOREPINEPHRINE BITARTRATE","HUMAN PRESCRIPTION DRUG","09/28/2024","N/A","ANDA","10 VIAL, SINGLE-DOSE in 1 CARTON (65145-133-10)  / 4 mL in 1 VIAL, SINGLE-DOSE (65145-133-01)","Catecholamine [EPC],  Catecholamines [CS]","N/A","No","12/31/2026",0,FALSE,FALSE
"Respiratory:allergy_Medication","Other_Asthma_Medications","Epinephrine",FALSE,"nonproprietary","Epinephrine","Epinephrine_nonproprietary_raw.csv","NOREPINEPHRINE BITARTRATE","70377-121-12","1 mg/mL","INJECTION, SOLUTION, CONCENTRATE","INTRAVENOUS","ANDA219443","BIOCON PHARMA INC.","70377-121","NOREPINEPHRINE BITARTRATE","NOREPINEPHRINE BITARTRATE","HUMAN PRESCRIPTION DRUG","07/01/2025","N/A","ANDA","10 VIAL, SINGLE-DOSE in 1 CARTON (70377-121-12)  / 4 mL in 1 VIAL, SINGLE-DOSE (70377-121-11)","Catecholamine [EPC],  Catecholamines [CS]","N/A","No","12/31/2026",0,FALSE,FALSE
"Respiratory:allergy_Medication","Other_Asthma_Medications","Epinephrine",FALSE,"nonproprietary","Epinephrine","Epinephrine_nonproprietary_raw.csv","NOREPINEPHRINE BITARTRATE","72572-481-10","1 mg/mL","INJECTION, SOLUTION, CONCENTRATE","INTRAVENOUS","ANDA211359","Civica, Inc.","72572-481","Norepinephrine Bitartrate","NOREPINEPHRINE BITARTRATE","HUMAN PRESCRIPTION DRUG","03/12/2021","N/A","ANDA","10 VIAL, SINGLE-DOSE in 1 CARTON (72572-481-10)  / 4 mL in 1 VIAL, SINGLE-DOSE (72572-481-01)","Catecholamine [EPC],  Catecholamines [CS]","N/A","No","12/31/2026",0,FALSE,FALSE
"Respiratory:allergy_Medication","Other_Asthma_Medications","Epinephrine",FALSE,"nonproprietary","Epinephrine","Epinephrine_nonproprietary_raw.csv","NOREPINEPHRINE BITARTRATE","72603-180-10","1 mg/mL","INJECTION","INTRAVENOUS","ANDA217575","NorthStar Rx LLC","72603-180","norepinephrine bitartrate","NOREPINEPHRINE BITARTRATE","HUMAN PRESCRIPTION DRUG","12/01/2023","N/A","ANDA","10 VIAL, SINGLE-DOSE in 1 CARTON (72603-180-10)  / 4 mL in 1 VIAL, SINGLE-DOSE (72603-180-01)","Catecholamine [EPC],  Catecholamines [CS]","N/A","No","12/31/2026",0,FALSE,FALSE
"Respiratory:allergy_Medication","Other_Asthma_Medications","Epinephrine",FALSE,"nonproprietary","Epinephrine","Epinephrine_nonproprietary_raw.csv","NOREPINEPHRINE BITARTRATE","83854-017-10","1 mg/mL","INJECTION, SOLUTION, CONCENTRATE","INTRAVENOUS","ANDA219924","Anthea Pharma Private Limited","83854-017","NOREPINEPHRINE BITARTRATE","NOREPINEPHRINE BITARTRATE","HUMAN PRESCRIPTION DRUG","11/25/2025","N/A","ANDA","10 VIAL in 1 CARTON (83854-017-10)  / 4 mL in 1 VIAL (83854-017-01)","Catecholamine [EPC],  Catecholamines [CS]","N/A","No","12/31/2026",0,FALSE,FALSE
"Respiratory:allergy_Medication","Other_Asthma_Medications","Epinephrine",FALSE,"nonproprietary","Epinephrine","Epinephrine_nonproprietary_raw.csv","NOREPINEPHRINE BITARTRATE IN SODIUM CHLORIDE","44567-640-10",".016 mg/mL","INJECTION, SOLUTION","INTRAVENOUS","NDA215700","WG Critical Care, LLC","44567-640","NOREPINEPHRINE BITARTRATE","NOREPINEPHRINE BITARTRATE","HUMAN PRESCRIPTION DRUG","10/31/2022","N/A","NDA","10 BAG in 1 CARTON (44567-640-10)  / 250 mL in 1 BAG (44567-640-01)","Catecholamine [EPC],  Catecholamines [CS]","N/A","No","12/31/2027",0,FALSE,FALSE
"Respiratory:allergy_Medication","Other_Asthma_Medications","Epinephrine",FALSE,"nonproprietary","Epinephrine","Epinephrine_nonproprietary_raw.csv","NOREPINEPHRINE BITARTRATE IN SODIUM CHLORIDE","44567-641-10",".032 mg/mL","INJECTION, SOLUTION","INTRAVENOUS","NDA215700","WG Critical Care, LLC","44567-641","NOREPINEPHRINE BITARTRATE","NOREPINEPHRINE BITARTRATE","HUMAN PRESCRIPTION DRUG","10/31/2022","N/A","NDA","10 BAG in 1 CARTON (44567-641-10)  / 250 mL in 1 BAG (44567-641-01)","Catecholamine [EPC],  Catecholamines [CS]","N/A","No","12/31/2027",0,FALSE,FALSE
"Respiratory:allergy_Medication","Other_Asthma_Medications","Epinephrine",FALSE,"nonproprietary","Epinephrine","Epinephrine_nonproprietary_raw.csv","NOREPINEPHRINE BITARTRATE IN SODIUM CHLORIDE","44567-642-10",".064 mg/mL","INJECTION, SOLUTION","INTRAVENOUS","NDA215700","WG Critical Care, LLC","44567-642","NOREPINEPHRINE BITARTRATE","NOREPINEPHRINE BITARTRATE","HUMAN PRESCRIPTION DRUG","10/31/2022","N/A","NDA","10 BAG in 1 CARTON (44567-642-10)  / 250 mL in 1 BAG (44567-642-01)","Catecholamine [EPC],  Catecholamines [CS]","N/A","No","12/31/2027",0,FALSE,FALSE
"Respiratory:allergy_Medication","Other_Asthma_Medications","Epinephrine",FALSE,"nonproprietary","Epinephrine","Epinephrine_nonproprietary_raw.csv","NOREPINEPHRINE BITARTRATE IN SODIUM CHLORIDE","44567-643-10",".128 mg/mL","INJECTION, SOLUTION","INTRAVENOUS","NDA215700","WG Critical Care, LLC","44567-643","NOREPINEPHRINE BITARTRATE","NOREPINEPHRINE BITARTRATE","HUMAN PRESCRIPTION DRUG","10/01/2025","N/A","NDA","10 BAG in 1 CARTON (44567-643-10)  / 250 mL in 1 BAG (44567-643-01)","Catecholamine [EPC],  Catecholamines [CS]","N/A","No","12/31/2027",0,FALSE,FALSE
"Respiratory:allergy_Medication","Other_Asthma_Medications","Epinephrine",FALSE,"nonproprietary","Epinephrine","Epinephrine_nonproprietary_raw.csv","NebuClear MD","73117-523-18","11.25 mg/.5mL","SOLUTION","RESPIRATORY (INHALATION)","M012","Blue Echo Care LLC","73117-523","racepinephrine hydrochloride","RACEPINEPHRINE HYDROCHLORIDE","HUMAN OTC DRUG","11/18/2025","N/A","OTC MONOGRAPH DRUG","20 mL in 1 BOX (73117-523-18)","N/A","N/A","No","12/31/2027",0,FALSE,FALSE
"Respiratory:allergy_Medication","Other_Asthma_Medications","Epinephrine",FALSE,"nonproprietary","Epinephrine","Epinephrine_nonproprietary_raw.csv","NebuClear MD","73117-523-19","11.25 mg/.5mL","SOLUTION","RESPIRATORY (INHALATION)","M012","Blue Echo Care LLC","73117-523","racepinephrine hydrochloride","RACEPINEPHRINE HYDROCHLORIDE","HUMAN OTC DRUG","05/01/2026","N/A","OTC MONOGRAPH DRUG","40 mL in 1 BOX (73117-523-19)","N/A","N/A","No","12/31/2027",0,FALSE,FALSE
"Respiratory:allergy_Medication","Other_Asthma_Medications","Epinephrine",FALSE,"nonproprietary","Epinephrine","Epinephrine_nonproprietary_raw.csv","Neuro","43742-1449-1","3 [hp_X]/mL,                         6  [hp_X]/mL,                         6  [hp_X]/mL,                         6  [hp_X]/mL,                         8  [hp_X]/mL,                         8  [hp_X]/mL,                         8  [hp_X]/mL,                         12  [hp_X]/mL","LIQUID","ORAL",NA,"Deseret Biologicals, Inc.","43742-1449","Taraxacum Officinale, Hydrastis Canadensis, Acetylcholine Chloride, Histaminum Hydrochloricum, Adrenalinum, GABA (Gamma-Aminobutyric Acid), Norepinephrine (Bitartrate), Tyramine",".GAMMA.-AMINOBUTYRIC ACID;  ACETYLCHOLINE CHLORIDE;  EPINEPHRINE;  GOLDENSEAL;  HISTAMINE DIHYDROCHLORIDE;  NOREPINEPHRINE BITARTRATE;  TARAXACUM OFFICINALE;  TYRAMINE","HUMAN OTC DRUG","02/22/2019","N/A","UNAPPROVED HOMEOPATHIC","30 mL in 1 BOTTLE, DROPPER (43742-1449-1)","Adrenergic alpha-Agonists [MoA],  Adrenergic beta-Agonists [MoA],  Catecholamine [EPC],  Catecholamine [EPC],  Catecholamines [CS],  Catecholamines [CS],  Cholinergic Agonists [MoA],  Cholinergic Receptor Agonist [EPC],  alpha-Adrenergic Agonist [EPC],  beta-Adrenergic Agonist [EPC]","N/A","No","12/31/2026",0,FALSE,FALSE
"Respiratory:allergy_Medication","Other_Asthma_Medications","Epinephrine",FALSE,"nonproprietary","Epinephrine","Epinephrine_nonproprietary_raw.csv","Neuro Links","60564-0003-1","12 [hp_X]/mL,                         12  [hp_X]/mL,                         12  [hp_X]/mL,                         12  [hp_X]/mL,                         12  [hp_X]/mL,                         12  [hp_X]/mL,                         12  [hp_X]/mL,                         12  [hp_X]/mL,                         12  [hp_X]/mL,                         12  [hp_X]/mL,                         12  [hp_X]/mL,                         12  [hp_X]/mL","LIQUID","ORAL",NA,"Pain & Stress Center Products","60564-0003","5-Methoxytryptamine, Acetylcholine Chloride, Dopamine Hydrochloride, Gaba (Gamma-Aminobutyric Acid), Histaminum Hydrochloricum, L-Dopa, Melatonin, Norepinephrine (Bitartrate), Phenethylamine (Hydrochloride), Serotonin (Hydrochloride), Taurine, Tyramine",".GAMMA.-AMINOBUTYRIC ACID;  5-METHOXYTRYPTAMINE;  ACETYLCHOLINE CHLORIDE;  DOPAMINE HYDROCHLORIDE;  HISTAMINE DIHYDROCHLORIDE;  LEVODOPA;  MELATONIN;  NOREPINEPHRINE BITARTRATE;  PHENETHYLAMINE HYDROCHLORIDE;  SEROTONIN HYDROCHLORIDE;  TAURINE;  TYRAMINE","HUMAN OTC DRUG","01/22/2019","N/A","UNAPPROVED HOMEOPATHIC","30 mL in 1 BOTTLE, DROPPER (60564-0003-1)","Amino Acids,  Aromatic [CS],  Aromatic Amino Acid [EPC],  Catecholamine [EPC],  Catecholamine [EPC],  Catecholamines [CS],  Catecholamines [CS],  Cholinergic Agonists [MoA],  Cholinergic Receptor Agonist [EPC]","N/A","No","12/31/2026",0,FALSE,FALSE
"Respiratory:allergy_Medication","Other_Asthma_Medications","Epinephrine",FALSE,"nonproprietary","Epinephrine","Epinephrine_nonproprietary_raw.csv","Neuro T Support Liquescence","83027-0032-1","3 [hp_X]/mL,                         3  [hp_X]/mL,                         3  [hp_X]/mL,                         4  [hp_X]/mL,                         4  [hp_X]/mL,                         4  [hp_X]/mL,                         5  [hp_X]/mL,                         6  [hp_X]/mL,                         6  [hp_X]/mL,                         6  [hp_X]/mL,                         6  [hp_X]/mL,                         6  [hp_X]/mL,                         6  [hp_X]/mL,                         12  [hp_X]/mL,                         12  [hp_X]/mL,                         12  [hp_X]/mL,                         12  [hp_X]/mL","LIQUID","ORAL",NA,"Nutritional Specialties, Inc.","83027-0032","Alfalfa, Banana, Valeriana Officinalis, Cholinum, Gaba (Gamma Aminobutyric Acid), Inositol, Oleander, Hypophysis Suis, Hypothalamus Suis, Pineal Gland (Suis), Scutellaria Lateriflora, Acetylcholine Chloride, Norepinephrine (Bitartrate), Cadmium Metallicum, Dopamine (Hydrochloride), Serotonin (Hydrochloride), Adrenalinum",".GAMMA.-AMINOBUTYRIC ACID;  ACETYLCHOLINE CHLORIDE;  BANANA;  CADMIUM;  CHOLINE HYDROXIDE;  DOPAMINE HYDROCHLORIDE;  EPINEPHRINE;  INOSITOL;  MEDICAGO SATIVA WHOLE;  NERIUM OLEANDER LEAF;  NOREPINEPHRINE BITARTRATE;  SCUTELLARIA LATERIFLORA WHOLE;  SEROTONIN HYDROCHLORIDE;  SUS SCROFA HYPOTHALAMUS;  SUS SCROFA PINEAL GLAND;  SUS SCROFA PITUITARY GLAND;  VALERIAN","HUMAN OTC DRUG","04/25/2023","N/A","UNAPPROVED HOMEOPATHIC","120 mL in 1 BOTTLE, GLASS (83027-0032-1)","Adrenergic alpha-Agonists [MoA],  Adrenergic beta-Agonists [MoA],  Allergens [CS],  Catecholamine [EPC],  Catecholamine [EPC],  Catecholamine [EPC],  Catecholamines [CS],  Catecholamines [CS],  Catecholamines [CS],  Cell-mediated Immunity [PE],  Cholinergic Agonists [MoA],  Cholinergic Receptor Agonist [EPC],  Dietary Proteins [CS],  Fruit Proteins [EXT],  Increased Histamine Release [PE],  Non-Standardized Food Allergenic Extract [EPC],  alpha-Adrenergic Agonist [EPC],  beta-Adrenergic Agonist [EPC]","N/A","No","12/31/2026",0,FALSE,FALSE
"Respiratory:allergy_Medication","Other_Asthma_Medications","Epinephrine",FALSE,"nonproprietary","Epinephrine","Epinephrine_nonproprietary_raw.csv","Neuro-Pro","71742-0001-1","6 [hp_X]/mL,                         6  [hp_X]/mL,                         6  [hp_X]/mL,                         6  [hp_X]/mL,                         8  [hp_X]/mL,                         30  [hp_C]/mL,                         30  [hp_C]/mL,                         30  [hp_C]/mL,                         30  [hp_C]/mL,                         30  [hp_C]/mL,                         30  [hp_C]/mL,                         30  [hp_C]/mL,                         30  [hp_C]/mL","LIQUID","ORAL",NA,"Guangzhou Renuma Medical Systems Co., Ltd","71742-0001","Gaba, L-Dopa, Norepinephrine, Serotonin, Adrenocorticotrophin, Anacardium Orientale, Arsenicum Album, Baryta Carbonica, Calcarea Carbonica, Calcarea Phosphorica, Hyoscyamus Niger, Lycopodium Clavatum, Stramonium",".GAMMA.-AMINOBUTYRIC ACID;  LEVODOPA;  NOREPINEPHRINE;  SEROTONIN HYDROCHLORIDE;  CORTICOTROPIN;  ANACARDIUM OCCIDENTALE FRUIT;  ARSENIC TRIOXIDE;  BARIUM CARBONATE;  OYSTER SHELL CALCIUM CARBONATE, CRUDE;  TRIBASIC CALCIUM PHOSPHATE;  HYOSCYAMUS NIGER;  LYCOPODIUM CLAVATUM SPORE;  DATURA STRAMONIUM","HUMAN OTC DRUG","10/18/2017","N/A","UNAPPROVED HOMEOPATHIC","59 mL in 1 BOTTLE, DROPPER (71742-0001-1)","Adrenocorticotropic Hormone [CS],  Adrenocorticotropic Hormone [EPC],  Amino Acids,  Aromatic [CS],  Aromatic Amino Acid [EPC],  Blood Coagulation Factor [EPC],  Calcium [CS],  Catecholamine [EPC],  Catecholamines [CS],  Cations,  Divalent [CS],  Increased Coagulation Factor Activity [PE]","N/A","No","12/31/2026",0,FALSE,FALSE
"Respiratory:allergy_Medication","Other_Asthma_Medications","Epinephrine",FALSE,"nonproprietary","Epinephrine","Epinephrine_nonproprietary_raw.csv","Neurotransmitter Pro","44911-0672-1","6 [hp_X]/mL,                         6  [hp_X]/mL,                         6  [hp_X]/mL,                         8  [hp_X]/mL,                         8  [hp_X]/mL,                         12  [hp_X]/mL,                         12  [hp_X]/mL,                         12  [hp_X]/mL,                         12  [hp_X]/mL,                         12  [hp_X]/mL,                         12  [hp_X]/mL,                         12  [hp_X]/mL,                         12  [hp_X]/mL,                         12  [hp_X]/mL,                         12  [hp_X]/mL,                         12  [hp_X]/mL,                         30  [hp_X]/mL,                         30  [hp_X]/mL,                         30  [hp_X]/mL,                         30  [hp_X]/mL,                         30  [hp_X]/mL,                         30  [hp_X]/mL,                         30  [hp_X]/mL,                         30  [hp_X]/mL","LIQUID","ORAL",NA,"Energique, Inc.","44911-0672","Aethusa Cynapium, Ginkgo Biloba, Kali Phosphoricum, Cerebrum Suis, Hypothalamus Suis, Adenosinum Triphosphoricum Dinatrum, Alumina, Anacardium Orientale, Arsenicum Album, Cortisone Aceticum, Levothyroxinum, Lycopodium Clavatum, Nadidum, Phosphorus, Ubidecarenonum, Zincum Metallicum, Acetylcholine Chloride, Dopamine Hydrochloride, Gaba (Gamma-Aminobutyric Acid), Histaminum Hydrochloricum, Melatonin, Norepinephrine (Bitartrate), Oxytocin, Serotonin (Hydrochloride)",".GAMMA.-AMINOBUTYRIC ACID;  ACETYLCHOLINE CHLORIDE;  ADENOSINE TRIPHOSPHATE DISODIUM;  AETHUSA CYNAPIUM WHOLE;  ALUMINUM OXIDE;  ARSENIC TRIOXIDE;  CORTISONE ACETATE;  DIBASIC POTASSIUM PHOSPHATE;  DOPAMINE HYDROCHLORIDE;  GINKGO;  HISTAMINE DIHYDROCHLORIDE;  LEVOTHYROXINE;  LYCOPODIUM CLAVATUM SPORE;  MELATONIN;  NADIDE;  NOREPINEPHRINE BITARTRATE;  OXYTOCIN;  PHOSPHORUS;  SEMECARPUS ANACARDIUM JUICE;  SEROTONIN HYDROCHLORIDE;  SUS SCROFA CEREBRUM;  SUS SCROFA HYPOTHALAMUS;  UBIDECARENONE;  ZINC","HUMAN OTC DRUG","05/31/2023","06/27/2028","UNAPPROVED HOMEOPATHIC","30 mL in 1 BOTTLE, DROPPER (44911-0672-1)","Catecholamine [EPC],  Catecholamine [EPC],  Catecholamines [CS],  Catecholamines [CS],  Cholinergic Agonists [MoA],  Cholinergic Receptor Agonist [EPC],  Corticosteroid Hormone Receptor Agonists [MoA],  Corticosteroid [EPC],  Increased Uterine Smooth Muscle Contraction or Tone [PE],  Oxytocic [EPC],  Oxytocin [CS],  Thyroxine [CS],  l-Thyroxine [EPC]","N/A","No","N/A",0,FALSE,FALSE
"Respiratory:allergy_Medication","Other_Asthma_Medications","Epinephrine",FALSE,"nonproprietary","Epinephrine","Epinephrine_nonproprietary_raw.csv","Neurotransmitter Pro","44911-0710-1","6 [hp_X]/mL,                         6  [hp_X]/mL,                         6  [hp_X]/mL,                         8  [hp_X]/mL,                         8  [hp_X]/mL,                         12  [hp_X]/mL,                         12  [hp_X]/mL,                         12  [hp_X]/mL,                         12  [hp_X]/mL,                         12  [hp_X]/mL,                         12  [hp_X]/mL,                         12  [hp_X]/mL,                         12  [hp_X]/mL,                         12  [hp_X]/mL,                         12  [hp_X]/mL,                         12  [hp_X]/mL,                         30  [hp_X]/mL,                         30  [hp_X]/mL,                         30  [hp_X]/mL,                         30  [hp_X]/mL,                         30  [hp_X]/mL,                         30  [hp_X]/mL,                         30  [hp_X]/mL,                         36  [hp_C]/mL","LIQUID","ORAL",NA,"Energique, Inc.","44911-0710","Aethusa Cynapium, Ginkgo Biloba, Kali Phosphoricum, Cerebrum Suis, Hypothalamus Suis, Adenosinum Triphosphoricum Dinatrum, Alumina, Anacardium Orientale, Arsenicum Album, Cortisone Aceticum, Levothyroxinum, Lycopodium Clavatum, Nadidum, Phosphorus, Ubidecarenonum, Zincum Metallicum, Acetylcholine Chloride, Dopamine Hydrochloride, Gaba (Gamma-Aminobutyric Acid), Histaminum Hydrochloricum, Melatonin, Norepinephrine (Bitartrate), Serotonin (Hydrochloride), Oxytocin",".GAMMA.-AMINOBUTYRIC ACID;  ACETYLCHOLINE CHLORIDE;  ADENOSINE TRIPHOSPHATE DISODIUM;  AETHUSA CYNAPIUM WHOLE;  ALUMINUM OXIDE;  ARSENIC TRIOXIDE;  CORTISONE ACETATE;  DIBASIC POTASSIUM PHOSPHATE;  DOPAMINE HYDROCHLORIDE;  GINKGO;  HISTAMINE DIHYDROCHLORIDE;  LEVOTHYROXINE;  LYCOPODIUM CLAVATUM SPORE;  MELATONIN;  NADIDE;  NOREPINEPHRINE BITARTRATE;  OXYTOCIN;  PHOSPHORUS;  SEMECARPUS ANACARDIUM JUICE;  SEROTONIN HYDROCHLORIDE;  SUS SCROFA CEREBRUM;  SUS SCROFA HYPOTHALAMUS;  UBIDECARENONE;  ZINC","HUMAN OTC DRUG","05/06/2024","N/A","UNAPPROVED HOMEOPATHIC","30 mL in 1 BOTTLE, DROPPER (44911-0710-1)","Catecholamine [EPC],  Catecholamine [EPC],  Catecholamines [CS],  Catecholamines [CS],  Cholinergic Agonists [MoA],  Cholinergic Receptor Agonist [EPC],  Corticosteroid Hormone Receptor Agonists [MoA],  Corticosteroid [EPC],  Increased Uterine Smooth Muscle Contraction or Tone [PE],  Oxytocic [EPC],  Oxytocin [CS],  Thyroxine [CS],  l-Thyroxine [EPC]","N/A","No","12/31/2026",0,FALSE,FALSE
"Respiratory:allergy_Medication","Other_Asthma_Medications","Epinephrine",FALSE,"nonproprietary","Epinephrine","Epinephrine_nonproprietary_raw.csv","Norepinephrine","43742-1489-1","8 [hp_X]/mL","LIQUID","ORAL",NA,"Deseret Biologicals, Inc.","43742-1489","Norepinephrine (Bitartrate)","NOREPINEPHRINE BITARTRATE","HUMAN OTC DRUG","05/28/2019","N/A","UNAPPROVED HOMEOPATHIC","30 mL in 1 BOTTLE, DROPPER (43742-1489-1)","Catecholamine [EPC],  Catecholamines [CS]","N/A","No","12/31/2026",0,FALSE,FALSE
"Respiratory:allergy_Medication","Other_Asthma_Medications","Epinephrine",FALSE,"nonproprietary","Epinephrine","Epinephrine_nonproprietary_raw.csv","Norepinephrine","43857-0161-1","6 [hp_X]/mL","LIQUID","ORAL",NA,"BioActive Nutritional, Inc.","43857-0161","Norepinephrine","NOREPINEPHRINE","HUMAN OTC DRUG","04/17/2013","N/A","UNAPPROVED HOMEOPATHIC","30 mL in 1 BOTTLE, DROPPER (43857-0161-1)","Catecholamine [EPC],  Catecholamines [CS]","N/A","No","12/31/2026",0,FALSE,FALSE
"Respiratory:allergy_Medication","Other_Asthma_Medications","Epinephrine",FALSE,"nonproprietary","Epinephrine","Epinephrine_nonproprietary_raw.csv","Norepinephrine","43857-0260-1","6 [hp_X]/mL","LIQUID","ORAL",NA,"BioActive Nutritional, Inc.","43857-0260","Norepinephrine","NOREPINEPHRINE","HUMAN OTC DRUG","03/27/2015","N/A","UNAPPROVED HOMEOPATHIC","30 mL in 1 BOTTLE, DROPPER (43857-0260-1)","Catecholamine [EPC],  Catecholamines [CS]","N/A","No","12/31/2026",0,FALSE,FALSE
"Respiratory:allergy_Medication","Other_Asthma_Medications","Epinephrine",FALSE,"nonproprietary","Epinephrine","Epinephrine_nonproprietary_raw.csv","Norepinephrine","63083-1530-1","9 [hp_X]/29.5mL","LIQUID","ORAL",NA,"Professional Complementary Health Formulas","63083-1530","Norepinephrine","NOREPINEPHRINE","HUMAN OTC DRUG","08/15/1985","N/A","UNAPPROVED HOMEOPATHIC","29.5 mL in 1 BOTTLE, DROPPER (63083-1530-1)","Catecholamine [EPC],  Catecholamines [CS]","N/A","No","12/31/2027",0,FALSE,FALSE
"Respiratory:allergy_Medication","Other_Asthma_Medications","Epinephrine",FALSE,"nonproprietary","Epinephrine","Epinephrine_nonproprietary_raw.csv","Norepinephrine","81298-9655-3","32 ug/mL","SOLUTION","INTRAVENOUS","NDA214628","Long Grove Pharmaceuticals, LLC","81298-9655","Norepinephrine Bitartrate","NOREPINEPHRINE BITARTRATE","HUMAN PRESCRIPTION DRUG","02/02/2024","N/A","NDA","10 POUCH in 1 BOX (81298-9655-3)  / 1 BAG in 1 POUCH (81298-9655-1)  / 250 mL in 1 BAG","Catecholamine [EPC],  Catecholamines [CS]","N/A","No","12/31/2026",0,FALSE,FALSE
"Respiratory:allergy_Medication","Other_Asthma_Medications","Epinephrine",FALSE,"nonproprietary","Epinephrine","Epinephrine_nonproprietary_raw.csv","Norepinephrine","81298-9658-3","64 ug/mL","SOLUTION","INTRAVENOUS","NDA214628","Long Grove Pharmaceuticals, LLC","81298-9658","Norepinephrine Bitartrate","NOREPINEPHRINE BITARTRATE","HUMAN PRESCRIPTION DRUG","02/02/2024","N/A","NDA","10 POUCH in 1 BOX (81298-9658-3)  / 1 BAG in 1 POUCH (81298-9658-1)  / 250 mL in 1 BAG","Catecholamine [EPC],  Catecholamines [CS]","N/A","No","12/31/2026",0,FALSE,FALSE
"Respiratory:allergy_Medication","Other_Asthma_Medications","Epinephrine",FALSE,"nonproprietary","Epinephrine","Epinephrine_nonproprietary_raw.csv","Norepinephrine","81298-9659-3","16 ug/mL","SOLUTION","INTRAVENOUS","NDA214628","Long Grove Pharmaceuticals, LLC","81298-9659","Norepinephrine Bitartrate","NOREPINEPHRINE BITARTRATE","HUMAN PRESCRIPTION DRUG","02/02/2024","N/A","NDA","10 POUCH in 1 BOX (81298-9659-3)  / 1 BAG in 1 POUCH (81298-9659-1)  / 250 mL in 1 BAG","Catecholamine [EPC],  Catecholamines [CS]","N/A","No","12/31/2026",0,FALSE,FALSE
"Respiratory:allergy_Medication","Other_Asthma_Medications","Epinephrine",FALSE,"nonproprietary","Epinephrine","Epinephrine_nonproprietary_raw.csv","Norepinephrine Bitartrate","0143-9318-10","1 mg/mL","INJECTION","INTRAVENOUS","ANDA203662","Hikma Pharmaceuticals USA Inc.","0143-9318","Norepinephrine Bitartrate","NOREPINEPHRINE BITARTRATE","HUMAN PRESCRIPTION DRUG","08/01/2018","N/A","ANDA","10 VIAL in 1 CARTON (0143-9318-10)  / 4 mL in 1 VIAL (0143-9318-01)","Catecholamine [EPC],  Catecholamines [CS]","N/A","No","12/31/2026",0,FALSE,FALSE
"Respiratory:allergy_Medication","Other_Asthma_Medications","Epinephrine",FALSE,"nonproprietary","Epinephrine","Epinephrine_nonproprietary_raw.csv","Norepinephrine Bitartrate","25021-316-04","1 mg/mL","INJECTION, SOLUTION","INTRAVENOUS","ANDA214323","Sagent Pharmaceuticals","25021-316","Norepinephrine Bitartrate","NOREPINEPHRINE BITARTRATE","HUMAN PRESCRIPTION DRUG","07/01/2021","N/A","ANDA","10 VIAL in 1 CARTON (25021-316-04)  / 4 mL in 1 VIAL","Catecholamine [EPC],  Catecholamines [CS]","N/A","No","12/31/2026",0,FALSE,FALSE
"Respiratory:allergy_Medication","Other_Asthma_Medications","Epinephrine",FALSE,"nonproprietary","Epinephrine","Epinephrine_nonproprietary_raw.csv","Norepinephrine Bitartrate","43066-997-10","1 mg/mL","INJECTION","INTRAVENOUS","ANDA214323","Baxter Healthcare Company","43066-997","norepinephrine bitartrate","NOREPINEPHRINE BITARTRATE","HUMAN PRESCRIPTION DRUG","05/06/2021","N/A","ANDA","10 VIAL, SINGLE-DOSE in 1 CARTON (43066-997-10)  / 4 mL in 1 VIAL, SINGLE-DOSE (43066-997-01)","Catecholamine [EPC],  Catecholamines [CS]","N/A","No","12/31/2027",0,FALSE,FALSE
"Respiratory:allergy_Medication","Other_Asthma_Medications","Epinephrine",FALSE,"nonproprietary","Epinephrine","Epinephrine_nonproprietary_raw.csv","Norepinephrine Bitartrate","51991-983-17","1 mg/mL","INJECTION, SOLUTION, CONCENTRATE","INTRAVENOUS","ANDA214455","Breckenridge Pharmaceutical, Inc.","51991-983","Norepinephrine Bitartrate","NOREPINEPHRINE BITARTRATE","HUMAN PRESCRIPTION DRUG","07/01/2021","N/A","ANDA","10 VIAL, SINGLE-DOSE in 1 CARTON (51991-983-17)  / 4 mL in 1 VIAL, SINGLE-DOSE (51991-983-99)","Catecholamine [EPC],  Catecholamines [CS]","N/A","No","12/31/2027",0,FALSE,FALSE
"Respiratory:allergy_Medication","Other_Asthma_Medications","Epinephrine",FALSE,"nonproprietary","Epinephrine","Epinephrine_nonproprietary_raw.csv","Norepinephrine Bitartrate","63323-940-04","1 mg/mL","SOLUTION","INTRAVENOUS","ANDA211382","Fresenius Kabi USA, LLC","63323-940","NOREPINEPHRINE BITARTRATE","NOREPINEPHRINE BITARTRATE","HUMAN PRESCRIPTION DRUG","03/01/2021","N/A","ANDA","10 VIAL, SINGLE-DOSE in 1 CARTON (63323-940-04)  / 4 mL in 1 VIAL, SINGLE-DOSE (63323-940-21)","Catecholamine [EPC],  Catecholamines [CS]","N/A","No","12/31/2026",0,FALSE,FALSE
"Respiratory:allergy_Medication","Other_Asthma_Medications","Epinephrine",FALSE,"nonproprietary","Epinephrine","Epinephrine_nonproprietary_raw.csv","Norepinephrine Bitartrate","64980-630-41","1 mg/mL","INJECTION","INTRAVENOUS","ANDA218758","Rising Pharma Holdings, Inc.","64980-630","Norepinephrine Bitartrate","NOREPINEPHRINE BITARTRATE","HUMAN PRESCRIPTION DRUG","11/01/2024","N/A","ANDA","10 VIAL, SINGLE-DOSE in 1 CARTON (64980-630-41)  / 4 mL in 1 VIAL, SINGLE-DOSE (64980-630-04)","Catecholamine [EPC],  Catecholamines [CS]","N/A","No","12/31/2026",0,FALSE,FALSE
"Respiratory:allergy_Medication","Other_Asthma_Medications","Epinephrine",FALSE,"nonproprietary","Epinephrine","Epinephrine_nonproprietary_raw.csv","Norepinephrine Bitartrate","65219-140-04","1 mg/mL","SOLUTION","INTRAVENOUS","ANDA211382","Fresenius Kabi USA, LLC","65219-140","NOREPINEPHRINE BITARTRATE","NOREPINEPHRINE BITARTRATE","HUMAN PRESCRIPTION DRUG","03/01/2021","N/A","ANDA","10 VIAL, SINGLE-DOSE in 1 CARTON (65219-140-04)  / 4 mL in 1 VIAL, SINGLE-DOSE (65219-140-02)","Catecholamine [EPC],  Catecholamines [CS]","N/A","No","12/31/2026",0,FALSE,FALSE
"Respiratory:allergy_Medication","Other_Asthma_Medications","Epinephrine",FALSE,"nonproprietary","Epinephrine","Epinephrine_nonproprietary_raw.csv","Norepinephrine Bitartrate","70121-1576-7","1 mg/mL","INJECTION, SOLUTION, CONCENTRATE","INTRAVENOUS","ANDA210839","Amneal Pharmaceuticals LLC","70121-1576","Norepinephrine Bitartrate","NOREPINEPHRINE BITARTRATE","HUMAN PRESCRIPTION DRUG","12/17/2018","N/A","ANDA","10 VIAL in 1 CARTON (70121-1576-7)  / 4 mL in 1 VIAL (70121-1576-1)","Catecholamine [EPC],  Catecholamines [CS]","N/A","No","12/31/2026",0,FALSE,FALSE
"Respiratory:allergy_Medication","Other_Asthma_Medications","Epinephrine",FALSE,"nonproprietary","Epinephrine","Epinephrine_nonproprietary_raw.csv","Norepinephrine Bitartrate","71288-439-05","1 mg/mL","INJECTION, SOLUTION, CONCENTRATE","INTRAVENOUS","ANDA040455","Meitheal Pharmaceuticals Inc.","71288-439","Norepinephrine Bitartrate","NOREPINEPHRINE BITARTRATE","HUMAN PRESCRIPTION DRUG","12/01/2024","N/A","ANDA","10 VIAL, SINGLE-USE in 1 CARTON (71288-439-05)  / 4 mL in 1 VIAL, SINGLE-USE (71288-439-04)","Catecholamine [EPC],  Catecholamines [CS]","N/A","No","12/31/2026",0,FALSE,FALSE
"Respiratory:allergy_Medication","Other_Asthma_Medications","Epinephrine",FALSE,"nonproprietary","Epinephrine","Epinephrine_nonproprietary_raw.csv","Norepinephrine Bitartrate","71839-143-10","1 mg/mL","INJECTION","INTRAVENOUS","ANDA217575","BE Pharmaceuticals Inc.","71839-143","norepinephrine bitartrate","NOREPINEPHRINE BITARTRATE","HUMAN PRESCRIPTION DRUG","12/30/2023","N/A","ANDA","10 VIAL, SINGLE-DOSE in 1 CARTON (71839-143-10)  / 4 mL in 1 VIAL, SINGLE-DOSE (71839-143-01)","Catecholamine [EPC],  Catecholamines [CS]","N/A","No","12/31/2026",0,FALSE,FALSE
"Respiratory:allergy_Medication","Other_Asthma_Medications","Epinephrine",FALSE,"nonproprietary","Epinephrine","Epinephrine_nonproprietary_raw.csv","Norepinephrine Bitartrate","71839-143-25","1 mg/mL","INJECTION","INTRAVENOUS","ANDA217575","BE Pharmaceuticals Inc.","71839-143","norepinephrine bitartrate","NOREPINEPHRINE BITARTRATE","HUMAN PRESCRIPTION DRUG","12/30/2023","N/A","ANDA","25 VIAL, SINGLE-DOSE in 1 CARTON (71839-143-25)  / 4 mL in 1 VIAL, SINGLE-DOSE (71839-143-01)","Catecholamine [EPC],  Catecholamines [CS]","N/A","No","12/31/2026",0,FALSE,FALSE
"Respiratory:allergy_Medication","Other_Asthma_Medications","Epinephrine",FALSE,"nonproprietary","Epinephrine","Epinephrine_nonproprietary_raw.csv","Norepinephrine Phenolic","44911-0499-1","6 [hp_X]/mL","LIQUID","ORAL",NA,"Energique, Inc.","44911-0499","Norepinephrine (Bitartrate)","NOREPINEPHRINE BITARTRATE","HUMAN OTC DRUG","06/07/2019","N/A","UNAPPROVED HOMEOPATHIC","30 mL in 1 BOTTLE, DROPPER (44911-0499-1)","Catecholamine [EPC],  Catecholamines [CS]","N/A","No","12/31/2026",0,FALSE,FALSE
"Respiratory:allergy_Medication","Other_Asthma_Medications","Epinephrine",FALSE,"nonproprietary","Epinephrine","Epinephrine_nonproprietary_raw.csv","Norepinephrine Phenolic","44911-0669-1","6 [hp_X]/mL","LIQUID","ORAL",NA,"Energique, Inc.","44911-0669","Norepinephrine (Bitartrate)","NOREPINEPHRINE BITARTRATE","HUMAN OTC DRUG","04/12/2023","N/A","UNAPPROVED HOMEOPATHIC","60 mL in 1 BOTTLE, DROPPER (44911-0669-1)","Catecholamine [EPC],  Catecholamines [CS]","N/A","No","12/31/2026",0,FALSE,FALSE
"Respiratory:allergy_Medication","Other_Asthma_Medications","Epinephrine",FALSE,"nonproprietary","Epinephrine","Epinephrine_nonproprietary_raw.csv","Norepinephrine bitartrate","31722-372-32","1 mg/mL","INJECTION, SOLUTION, CONCENTRATE","INTRAVENOUS","ANDA219163","Camber Pharmaceuticals, Inc.","31722-372","Norepinephrine bitartrate","NOREPINEPHRINE BITARTRATE","HUMAN PRESCRIPTION DRUG","01/31/2025","N/A","ANDA","10 VIAL, SINGLE-DOSE in 1 CARTON (31722-372-32)  / 4 mL in 1 VIAL, SINGLE-DOSE (31722-372-31)","Catecholamine [EPC],  Catecholamines [CS]","N/A","No","12/31/2026",0,FALSE,FALSE
"Respiratory:allergy_Medication","Other_Asthma_Medications","Epinephrine",FALSE,"nonproprietary","Epinephrine","Epinephrine_nonproprietary_raw.csv","Norepinephrine bitartrate","67457-852-04","1 mg/mL","INJECTION, SOLUTION, CONCENTRATE","INTRAVENOUS","ANDA211242","Mylan Institutional LLC","67457-852","Norepinephrine bitartrate","NOREPINEPHRINE BITARTRATE","HUMAN PRESCRIPTION DRUG","10/15/2018","N/A","ANDA","10 VIAL, SINGLE-DOSE in 1 CARTON (67457-852-04)  / 4 mL in 1 VIAL, SINGLE-DOSE (67457-852-00)","Catecholamine [EPC],  Catecholamines [CS]","N/A","No","12/31/2026",0,FALSE,FALSE
"Respiratory:allergy_Medication","Other_Asthma_Medications","Epinephrine",FALSE,"nonproprietary","Epinephrine","Epinephrine_nonproprietary_raw.csv","Norepinephrine bitartrate","68083-437-10","1 mg/mL","INJECTION","INTRAVENOUS","ANDA214323","Gland Pharma Limited","68083-437","Norepinephrine bitartrate","NOREPINEPHRINE BITARTRATE","HUMAN PRESCRIPTION DRUG","05/12/2021","N/A","ANDA","10 VIAL, SINGLE-DOSE in 1 CARTON (68083-437-10)  / 4 mL in 1 VIAL, SINGLE-DOSE (68083-437-01)","Catecholamine [EPC],  Catecholamines [CS]","N/A","No","12/31/2026",0,FALSE,FALSE
"Respiratory:allergy_Medication","Other_Asthma_Medications","Epinephrine",FALSE,"nonproprietary","Epinephrine","Epinephrine_nonproprietary_raw.csv","Norepinephrine bitartrate","72078-002-04","1 mg/mL","INJECTION, SOLUTION, CONCENTRATE","INTRAVENOUS","ANDA211242","Mylan Institutional LLC","72078-002","Norepinephrine bitartrate","NOREPINEPHRINE BITARTRATE","HUMAN PRESCRIPTION DRUG","12/04/2020","09/30/2026","ANDA","10 VIAL, SINGLE-DOSE in 1 CARTON (72078-002-04)  / 4 mL in 1 VIAL, SINGLE-DOSE (72078-002-00)","Catecholamine [EPC],  Catecholamines [CS]","N/A","No","N/A",0,FALSE,FALSE
"Respiratory:allergy_Medication","Other_Asthma_Medications","Epinephrine",FALSE,"nonproprietary","Epinephrine","Epinephrine_nonproprietary_raw.csv","Numquick Analgesic","67194-008-01",".1 mg/mL,                         50  mg/mL","SPRAY","TOPICAL","M015","Unit Dose, Ltd.","67194-008","EPINEPHRINE HYDROCHLORIDE, LIDOCAINE HYDROCHLORIDE","EPINEPHRINE HYDROCHLORIDE;  LIDOCAINE HYDROCHLORIDE","HUMAN OTC DRUG","01/20/2016","N/A","OTC MONOGRAPH DRUG","59 mL in 1 BOTTLE (67194-008-01)","Adrenergic alpha-Agonists [MoA],  Adrenergic beta-Agonists [MoA],  Amide Local Anesthetic [EPC],  Amides [CS],  Antiarrhythmic [EPC],  Catecholamine [EPC],  Catecholamines [CS],  Local Anesthesia [PE],  alpha-Adrenergic Agonist [EPC],  beta-Adrenergic Agonist [EPC]","N/A","No","12/31/2026",0,FALSE,FALSE
"Respiratory:allergy_Medication","Other_Asthma_Medications","Epinephrine",FALSE,"nonproprietary","Epinephrine","Epinephrine_nonproprietary_raw.csv","Numquick Topical Analgesic","67194-005-01",".1 mg/mL,                         50  mg/mL","GEL","TOPICAL","M015","Unit Dose, Ltd.","67194-005","EPINEPHRINE HYDROCHLORIDE, LIDOCAINE HYDROCHLORIDE","EPINEPHRINE HYDROCHLORIDE;  LIDOCAINE HYDROCHLORIDE","HUMAN OTC DRUG","01/20/2016","N/A","OTC MONOGRAPH DRUG","59 mL in 1 BOTTLE (67194-005-01)","Adrenergic alpha-Agonists [MoA],  Adrenergic beta-Agonists [MoA],  Amide Local Anesthetic [EPC],  Amides [CS],  Antiarrhythmic [EPC],  Catecholamine [EPC],  Catecholamines [CS],  Local Anesthesia [PE],  alpha-Adrenergic Agonist [EPC],  beta-Adrenergic Agonist [EPC]","N/A","No","12/31/2026",0,FALSE,FALSE
"Respiratory:allergy_Medication","Other_Asthma_Medications","Epinephrine",FALSE,"nonproprietary","Epinephrine","Epinephrine_nonproprietary_raw.csv","Orabloc","45146-110-01","40 mg/mL,                         10  ug/mL","INJECTION","SUBMUCOSAL","NDA022466","Pierrel S.p.A.","45146-110","articaine hydrochloride and epinephrine bitartrate","ARTICAINE HYDROCHLORIDE;  EPINEPHRINE BITARTRATE","HUMAN PRESCRIPTION DRUG","03/01/2011","N/A","NDA","100 CARTRIDGE in 1 BOX (45146-110-01)  / 1.8 mL in 1 CARTRIDGE","Adrenergic alpha-Agonists [MoA],  Adrenergic beta-Agonists [MoA],  Amide Local Anesthetic [EPC],  Amides [CS],  Catecholamine [EPC],  Catecholamines [CS],  Local Anesthesia [PE],  alpha-Adrenergic Agonist [EPC],  beta-Adrenergic Agonist [EPC]","N/A","No","12/31/2026",0,FALSE,FALSE
"Respiratory:allergy_Medication","Other_Asthma_Medications","Epinephrine",FALSE,"nonproprietary","Epinephrine","Epinephrine_nonproprietary_raw.csv","Orabloc","45146-110-02","40 mg/mL,                         10  ug/mL","INJECTION","SUBMUCOSAL","NDA022466","Pierrel S.p.A.","45146-110","articaine hydrochloride and epinephrine bitartrate","ARTICAINE HYDROCHLORIDE;  EPINEPHRINE BITARTRATE","HUMAN PRESCRIPTION DRUG","03/01/2011","N/A","NDA","50 CARTRIDGE in 1 BOX (45146-110-02)  / 1.8 mL in 1 CARTRIDGE","Adrenergic alpha-Agonists [MoA],  Adrenergic beta-Agonists [MoA],  Amide Local Anesthetic [EPC],  Amides [CS],  Catecholamine [EPC],  Catecholamines [CS],  Local Anesthesia [PE],  alpha-Adrenergic Agonist [EPC],  beta-Adrenergic Agonist [EPC]","N/A","No","12/31/2026",0,FALSE,FALSE
"Respiratory:allergy_Medication","Other_Asthma_Medications","Epinephrine",FALSE,"nonproprietary","Epinephrine","Epinephrine_nonproprietary_raw.csv","Orabloc","45146-120-01","40 mg/mL,                         5  ug/mL","INJECTION","SUBMUCOSAL","NDA022466","Pierrel S.p.A.","45146-120","articaine hydrochloride and epinephrine bitartrate","ARTICAINE HYDROCHLORIDE;  EPINEPHRINE BITARTRATE","HUMAN PRESCRIPTION DRUG","03/01/2011","N/A","NDA","100 CARTRIDGE in 1 BOX (45146-120-01)  / 1.8 mL in 1 CARTRIDGE","Adrenergic alpha-Agonists [MoA],  Adrenergic beta-Agonists [MoA],  Amide Local Anesthetic [EPC],  Amides [CS],  Catecholamine [EPC],  Catecholamines [CS],  Local Anesthesia [PE],  alpha-Adrenergic Agonist [EPC],  beta-Adrenergic Agonist [EPC]","N/A","No","12/31/2026",0,FALSE,FALSE
"Respiratory:allergy_Medication","Other_Asthma_Medications","Epinephrine",FALSE,"nonproprietary","Epinephrine","Epinephrine_nonproprietary_raw.csv","Orabloc","45146-120-02","40 mg/mL,                         5  ug/mL","INJECTION","SUBMUCOSAL","NDA022466","Pierrel S.p.A.","45146-120","articaine hydrochloride and epinephrine bitartrate","ARTICAINE HYDROCHLORIDE;  EPINEPHRINE BITARTRATE","HUMAN PRESCRIPTION DRUG","03/01/2011","N/A","NDA","50 CARTRIDGE in 1 BOX (45146-120-02)  / 1.8 mL in 1 CARTRIDGE","Adrenergic alpha-Agonists [MoA],  Adrenergic beta-Agonists [MoA],  Amide Local Anesthetic [EPC],  Amides [CS],  Catecholamine [EPC],  Catecholamines [CS],  Local Anesthesia [PE],  alpha-Adrenergic Agonist [EPC],  beta-Adrenergic Agonist [EPC]","N/A","No","12/31/2026",0,FALSE,FALSE
"Respiratory:allergy_Medication","Other_Asthma_Medications","Epinephrine",FALSE,"nonproprietary","Epinephrine","Epinephrine_nonproprietary_raw.csv","Orostat 8%","10129-006-02","1200 mg/15mL","SOLUTION","DENTAL; PERIODONTAL; SUBGINGIVAL",NA,"Gingi-Pak a Division of the Belport","10129-006","EPINEPHRINE HYDROCHLORIDE","EPINEPHRINE HYDROCHLORIDE","HUMAN OTC DRUG","04/04/1990","N/A","UNAPPROVED DRUG OTHER","15 mL in 1 BOTTLE, GLASS (10129-006-02)","Adrenergic alpha-Agonists [MoA],  Adrenergic beta-Agonists [MoA],  Catecholamine [EPC],  Catecholamines [CS],  alpha-Adrenergic Agonist [EPC],  beta-Adrenergic Agonist [EPC]","N/A","No","12/31/2027",0,FALSE,FALSE
"Respiratory:allergy_Medication","Other_Asthma_Medications","Epinephrine",FALSE,"nonproprietary | proprietary","Epinephrine | PrimateneMist","Epinephrine_nonproprietary_raw.csv | Epinephrine_PrimateneMist_proprietary_raw.csv","Primatene Mist","17270-5512-0","125 ug/1","AEROSOL","RESPIRATORY (INHALATION)","NDA205920","Armstrong Pharmaceuticals, Inc.","17270-5512","Epinephrine Inhalation","EPINEPHRINE","HUMAN OTC DRUG","06/09/2026","N/A","NDA","12 CARTON in 1 PACKAGE (17270-5512-0)  / 1 INHALER in 1 CARTON / 160 AEROSOL in 1 INHALER","Adrenergic alpha-Agonists [MoA],  Adrenergic beta-Agonists [MoA],  Catecholamine [EPC],  Catecholamines [CS],  alpha-Adrenergic Agonist [EPC],  beta-Adrenergic Agonist [EPC]","N/A","No","12/31/2027",0,FALSE,FALSE
"Respiratory:allergy_Medication","Other_Asthma_Medications","Epinephrine",FALSE,"nonproprietary | proprietary","Epinephrine | PrimateneMist","Epinephrine_nonproprietary_raw.csv | Epinephrine_PrimateneMist_proprietary_raw.csv","Primatene Mist","17270-5530-0","125 ug/1","AEROSOL","RESPIRATORY (INHALATION)","NDA205920","Armstrong Pharmaceuticals, Inc.","17270-5530","Epinephrine Inhalation","EPINEPHRINE","HUMAN OTC DRUG","12/14/2018","N/A","NDA","1 INHALER in 1 CARTON (17270-5530-0)  / 160 AEROSOL in 1 INHALER","Adrenergic alpha-Agonists [MoA],  Adrenergic beta-Agonists [MoA],  Catecholamine [EPC],  Catecholamines [CS],  alpha-Adrenergic Agonist [EPC],  beta-Adrenergic Agonist [EPC]","N/A","No","12/31/2027",0,FALSE,FALSE
"Respiratory:allergy_Medication","Other_Asthma_Medications","Epinephrine",FALSE,"nonproprietary","Epinephrine","Epinephrine_nonproprietary_raw.csv","S2","0487-5901-99","11.25 mg/.5mL","SOLUTION","RESPIRATORY (INHALATION)","M012","Nephron Pharmaceuticals Corporation","0487-5901","racepinephrine hydrochloride","RACEPINEPHRINE HYDROCHLORIDE","HUMAN OTC DRUG","01/01/2000","N/A","OTC MONOGRAPH DRUG","30 POUCH in 1 CARTON (0487-5901-99)  / 1 VIAL, SINGLE-USE in 1 POUCH / .5 mL in 1 VIAL, SINGLE-USE","N/A","N/A","No","12/31/2027",0,FALSE,FALSE
"Respiratory:allergy_Medication","Other_Asthma_Medications","Epinephrine",FALSE,"nonproprietary","Epinephrine","Epinephrine_nonproprietary_raw.csv","SENSORCAINE","63323-460-37","7.5 mg/mL,                         .005  mg/mL","INJECTION, SOLUTION","EPIDURAL; RETROBULBAR","NDA018304","Fresenius Kabi USA, LLC","63323-460","BUPIVACAINE HYDROCHLORIDE and EPINEPHRINE BITARTRATE","BUPIVACAINE HYDROCHLORIDE;  EPINEPHRINE BITARTRATE","HUMAN PRESCRIPTION DRUG","11/19/2010","N/A","NDA","25 VIAL, SINGLE-DOSE in 1 TRAY (63323-460-37)  / 30 mL in 1 VIAL, SINGLE-DOSE (63323-460-01)","Adrenergic alpha-Agonists [MoA],  Adrenergic beta-Agonists [MoA],  Amide Local Anesthetic [EPC],  Amides [CS],  Catecholamine [EPC],  Catecholamines [CS],  Local Anesthesia [PE],  alpha-Adrenergic Agonist [EPC],  beta-Adrenergic Agonist [EPC]","N/A","No","12/31/2026",0,FALSE,FALSE
"Respiratory:allergy_Medication","Other_Asthma_Medications","Epinephrine",FALSE,"nonproprietary","Epinephrine","Epinephrine_nonproprietary_raw.csv","SENSORCAINE","63323-461-57","2.5 mg/mL,                         .005  mg/mL","INJECTION, SOLUTION","INFILTRATION; PERINEURAL","ANDA070967","Fresenius Kabi USA, LLC","63323-461","BUPIVACAINE HYDROCHLORIDE and EPINEPHRINE BITARTRATE","BUPIVACAINE HYDROCHLORIDE;  EPINEPHRINE BITARTRATE","HUMAN PRESCRIPTION DRUG","11/19/2010","N/A","ANDA","25 VIAL, MULTI-DOSE in 1 TRAY (63323-461-57)  / 50 mL in 1 VIAL, MULTI-DOSE (63323-461-01)","Adrenergic alpha-Agonists [MoA],  Adrenergic beta-Agonists [MoA],  Amide Local Anesthetic [EPC],  Amides [CS],  Catecholamine [EPC],  Catecholamines [CS],  Local Anesthesia [PE],  alpha-Adrenergic Agonist [EPC],  beta-Adrenergic Agonist [EPC]","N/A","No","12/31/2026",0,FALSE,FALSE
"Respiratory:allergy_Medication","Other_Asthma_Medications","Epinephrine",FALSE,"nonproprietary","Epinephrine","Epinephrine_nonproprietary_raw.csv","SENSORCAINE","63323-462-17","5 mg/mL,                         .005  mg/mL","INJECTION, SOLUTION","EPIDURAL; INTRACAUDAL; PERINEURAL","NDA018304","Fresenius Kabi USA, LLC","63323-462","BUPIVACAINE HYDROCHLORIDE and EPINEPHRINE BITARTRATE","BUPIVACAINE HYDROCHLORIDE;  EPINEPHRINE BITARTRATE","HUMAN PRESCRIPTION DRUG","11/19/2010","N/A","NDA","25 VIAL, SINGLE-DOSE in 1 TRAY (63323-462-17)  / 10 mL in 1 VIAL, SINGLE-DOSE (63323-462-04)","Adrenergic alpha-Agonists [MoA],  Adrenergic beta-Agonists [MoA],  Amide Local Anesthetic [EPC],  Amides [CS],  Catecholamine [EPC],  Catecholamines [CS],  Local Anesthesia [PE],  alpha-Adrenergic Agonist [EPC],  beta-Adrenergic Agonist [EPC]","N/A","No","12/31/2026",0,FALSE,FALSE
"Respiratory:allergy_Medication","Other_Asthma_Medications","Epinephrine",FALSE,"nonproprietary","Epinephrine","Epinephrine_nonproprietary_raw.csv","SENSORCAINE","63323-462-31","5 mg/mL,                         .005  mg/mL","INJECTION, SOLUTION","EPIDURAL; INTRACAUDAL; PERINEURAL","NDA018304","Fresenius Kabi USA, LLC","63323-462","BUPIVACAINE HYDROCHLORIDE and EPINEPHRINE BITARTRATE","BUPIVACAINE HYDROCHLORIDE;  EPINEPHRINE BITARTRATE","HUMAN PRESCRIPTION DRUG","11/19/2010","N/A","NDA","5 VIAL, SINGLE-DOSE in 1 BOX (63323-462-31)  / 30 mL in 1 VIAL, SINGLE-DOSE (63323-462-02)","Adrenergic alpha-Agonists [MoA],  Adrenergic beta-Agonists [MoA],  Amide Local Anesthetic [EPC],  Amides [CS],  Catecholamine [EPC],  Catecholamines [CS],  Local Anesthesia [PE],  alpha-Adrenergic Agonist [EPC],  beta-Adrenergic Agonist [EPC]","N/A","No","12/31/2026",0,FALSE,FALSE
"Respiratory:allergy_Medication","Other_Asthma_Medications","Epinephrine",FALSE,"nonproprietary","Epinephrine","Epinephrine_nonproprietary_raw.csv","SENSORCAINE","63323-462-37","5 mg/mL,                         .005  mg/mL","INJECTION, SOLUTION","EPIDURAL; INTRACAUDAL; PERINEURAL","NDA018304","Fresenius Kabi USA, LLC","63323-462","BUPIVACAINE HYDROCHLORIDE and EPINEPHRINE BITARTRATE","BUPIVACAINE HYDROCHLORIDE;  EPINEPHRINE BITARTRATE","HUMAN PRESCRIPTION DRUG","11/19/2010","N/A","NDA","25 VIAL, SINGLE-DOSE in 1 TRAY (63323-462-37)  / 30 mL in 1 VIAL, SINGLE-DOSE (63323-462-01)","Adrenergic alpha-Agonists [MoA],  Adrenergic beta-Agonists [MoA],  Amide Local Anesthetic [EPC],  Amides [CS],  Catecholamine [EPC],  Catecholamines [CS],  Local Anesthesia [PE],  alpha-Adrenergic Agonist [EPC],  beta-Adrenergic Agonist [EPC]","N/A","No","12/31/2026",0,FALSE,FALSE
"Respiratory:allergy_Medication","Other_Asthma_Medications","Epinephrine",FALSE,"nonproprietary","Epinephrine","Epinephrine_nonproprietary_raw.csv","SENSORCAINE","63323-462-38","5 mg/mL,                         .005  mg/mL","INJECTION, SOLUTION","EPIDURAL; INFILTRATION; INTRACAUDAL; PERINEURAL","NDA018304","Fresenius Kabi USA, LLC","63323-462","BUPIVACAINE HYDROCHLORIDE and EPINEPHRINE BITARTRATE","BUPIVACAINE HYDROCHLORIDE;  EPINEPHRINE BITARTRATE","HUMAN PRESCRIPTION DRUG","07/29/2022","N/A","NDA","25 VIAL, SINGLE-DOSE in 1 TRAY (63323-462-38)  / 30 mL in 1 VIAL, SINGLE-DOSE (63323-462-03)","Adrenergic alpha-Agonists [MoA],  Adrenergic beta-Agonists [MoA],  Amide Local Anesthetic [EPC],  Amides [CS],  Catecholamine [EPC],  Catecholamines [CS],  Local Anesthesia [PE],  alpha-Adrenergic Agonist [EPC],  beta-Adrenergic Agonist [EPC]","N/A","No","12/31/2026",0,FALSE,FALSE
"Respiratory:allergy_Medication","Other_Asthma_Medications","Epinephrine",FALSE,"nonproprietary","Epinephrine","Epinephrine_nonproprietary_raw.csv","SENSORCAINE","63323-463-57","5 mg/mL,                         .005  mg/mL","INJECTION, SOLUTION","PERINEURAL","ANDA070968","Fresenius Kabi USA, LLC","63323-463","BUPIVACAINE HYDROCHLORIDE and EPINEPHRINE BITARTRATE","BUPIVACAINE HYDROCHLORIDE;  EPINEPHRINE BITARTRATE","HUMAN PRESCRIPTION DRUG","11/19/2010","N/A","ANDA","25 VIAL, MULTI-DOSE in 1 TRAY (63323-463-57)  / 50 mL in 1 VIAL, MULTI-DOSE (63323-463-01)","Adrenergic alpha-Agonists [MoA],  Adrenergic beta-Agonists [MoA],  Amide Local Anesthetic [EPC],  Amides [CS],  Catecholamine [EPC],  Catecholamines [CS],  Local Anesthesia [PE],  alpha-Adrenergic Agonist [EPC],  beta-Adrenergic Agonist [EPC]","N/A","No","12/31/2026",0,FALSE,FALSE
"Respiratory:allergy_Medication","Other_Asthma_Medications","Epinephrine",FALSE,"nonproprietary","Epinephrine","Epinephrine_nonproprietary_raw.csv","SENSORCAINE","63323-468-17","2.5 mg/mL,                         .005  mg/mL","INJECTION, SOLUTION","EPIDURAL; INFILTRATION; INTRACAUDAL; PERINEURAL","ANDA070966","Fresenius Kabi USA, LLC","63323-468","BUPIVACAINE HYDROCHLORIDE and EPINEPHRINE BITARTRATE","BUPIVACAINE HYDROCHLORIDE;  EPINEPHRINE BITARTRATE","HUMAN PRESCRIPTION DRUG","11/19/2010","N/A","ANDA","25 VIAL, SINGLE-DOSE in 1 TRAY (63323-468-17)  / 10 mL in 1 VIAL, SINGLE-DOSE (63323-468-01)","Adrenergic alpha-Agonists [MoA],  Adrenergic beta-Agonists [MoA],  Amide Local Anesthetic [EPC],  Amides [CS],  Catecholamine [EPC],  Catecholamines [CS],  Local Anesthesia [PE],  alpha-Adrenergic Agonist [EPC],  beta-Adrenergic Agonist [EPC]","N/A","No","12/31/2026",0,FALSE,FALSE
"Respiratory:allergy_Medication","Other_Asthma_Medications","Epinephrine",FALSE,"nonproprietary","Epinephrine","Epinephrine_nonproprietary_raw.csv","SENSORCAINE","63323-468-37","2.5 mg/mL,                         .005  mg/mL","INJECTION, SOLUTION","EPIDURAL; INFILTRATION; INTRACAUDAL; PERINEURAL","ANDA070966","Fresenius Kabi USA, LLC","63323-468","BUPIVACAINE HYDROCHLORIDE and EPINEPHRINE BITARTRATE","BUPIVACAINE HYDROCHLORIDE;  EPINEPHRINE BITARTRATE","HUMAN PRESCRIPTION DRUG","11/19/2010","N/A","ANDA","25 VIAL, SINGLE-DOSE in 1 TRAY (63323-468-37)  / 30 mL in 1 VIAL, SINGLE-DOSE (63323-468-02)","Adrenergic alpha-Agonists [MoA],  Adrenergic beta-Agonists [MoA],  Amide Local Anesthetic [EPC],  Amides [CS],  Catecholamine [EPC],  Catecholamines [CS],  Local Anesthesia [PE],  alpha-Adrenergic Agonist [EPC],  beta-Adrenergic Agonist [EPC]","N/A","No","12/31/2026",0,FALSE,FALSE
"Respiratory:allergy_Medication","Other_Asthma_Medications","Epinephrine",FALSE,"nonproprietary","Epinephrine","Epinephrine_nonproprietary_raw.csv","SENSORCAINE","63323-468-38","2.5 mg/mL,                         .005  mg/mL","INJECTION, SOLUTION","EPIDURAL; INFILTRATION; INTRACAUDAL; PERINEURAL","ANDA070966","Fresenius Kabi USA, LLC","63323-468","BUPIVACAINE HYDROCHLORIDE and EPINEPHRINE BITARTRATE","BUPIVACAINE HYDROCHLORIDE;  EPINEPHRINE BITARTRATE","HUMAN PRESCRIPTION DRUG","07/29/2022","N/A","ANDA","25 VIAL, SINGLE-DOSE in 1 TRAY (63323-468-38)  / 30 mL in 1 VIAL, SINGLE-DOSE (63323-468-08)","Adrenergic alpha-Agonists [MoA],  Adrenergic beta-Agonists [MoA],  Amide Local Anesthetic [EPC],  Amides [CS],  Catecholamine [EPC],  Catecholamines [CS],  Local Anesthesia [PE],  alpha-Adrenergic Agonist [EPC],  beta-Adrenergic Agonist [EPC]","N/A","No","12/31/2026",0,FALSE,FALSE
"Respiratory:allergy_Medication","Other_Asthma_Medications","Epinephrine",FALSE,"nonproprietary","Epinephrine","Epinephrine_nonproprietary_raw.csv","SENSORCAINE(R) (BUPIVACAINE HCI AND EPINEPHRINE)","51662-1397-1","2.5 mg/mL,                         .005  mg/mL","INJECTION, SOLUTION","INFILTRATION; PERINEURAL","ANDA070967","HF Acquisition Co LLC, DBA HealthFirst","51662-1397","SENSORCAINE(R) (BUPIVACAINE HCI AND EPINEPHRINE)","BUPIVACAINE HYDROCHLORIDE;  EPINEPHRINE BITARTRATE","HUMAN PRESCRIPTION DRUG","10/08/2019","N/A","ANDA","50 mL in 1 VIAL, MULTI-DOSE (51662-1397-1)","Adrenergic alpha-Agonists [MoA],  Adrenergic beta-Agonists [MoA],  Amide Local Anesthetic [EPC],  Amides [CS],  Catecholamine [EPC],  Catecholamines [CS],  Local Anesthesia [PE],  alpha-Adrenergic Agonist [EPC],  beta-Adrenergic Agonist [EPC]","N/A","No","12/31/2026",0,FALSE,FALSE
"Respiratory:allergy_Medication","Other_Asthma_Medications","Epinephrine",FALSE,"nonproprietary","Epinephrine","Epinephrine_nonproprietary_raw.csv","SENSORCAINE(R) (BUPIVACAINE HCI AND EPINEPHRINE)","51662-1397-2","2.5 mg/mL,                         .005  mg/mL","INJECTION, SOLUTION","INFILTRATION; PERINEURAL","ANDA070967","HF Acquisition Co LLC, DBA HealthFirst","51662-1397","SENSORCAINE(R) (BUPIVACAINE HCI AND EPINEPHRINE)","BUPIVACAINE HYDROCHLORIDE;  EPINEPHRINE BITARTRATE","HUMAN PRESCRIPTION DRUG","01/26/2021","N/A","ANDA","1 VIAL, MULTI-DOSE in 1 POUCH (51662-1397-2)  / 50 mL in 1 VIAL, MULTI-DOSE","Adrenergic alpha-Agonists [MoA],  Adrenergic beta-Agonists [MoA],  Amide Local Anesthetic [EPC],  Amides [CS],  Catecholamine [EPC],  Catecholamines [CS],  Local Anesthesia [PE],  alpha-Adrenergic Agonist [EPC],  beta-Adrenergic Agonist [EPC]","N/A","No","12/31/2026",0,FALSE,FALSE
"Respiratory:allergy_Medication","Other_Asthma_Medications","Epinephrine",FALSE,"nonproprietary","Epinephrine","Epinephrine_nonproprietary_raw.csv","SENSORCAINE(R) (BUPIVACAINE HCI AND EPINEPHRINE)","51662-1397-3","2.5 mg/mL,                         .005  mg/mL","INJECTION, SOLUTION","INFILTRATION; PERINEURAL","ANDA070967","HF Acquisition Co LLC, DBA HealthFirst","51662-1397","SENSORCAINE(R) (BUPIVACAINE HCI AND EPINEPHRINE)","BUPIVACAINE HYDROCHLORIDE;  EPINEPHRINE BITARTRATE","HUMAN PRESCRIPTION DRUG","01/26/2021","N/A","ANDA","25 POUCH in 1 CASE (51662-1397-3)  / 1 VIAL, MULTI-DOSE in 1 POUCH / 50 mL in 1 VIAL, MULTI-DOSE","Adrenergic alpha-Agonists [MoA],  Adrenergic beta-Agonists [MoA],  Amide Local Anesthetic [EPC],  Amides [CS],  Catecholamine [EPC],  Catecholamines [CS],  Local Anesthesia [PE],  alpha-Adrenergic Agonist [EPC],  beta-Adrenergic Agonist [EPC]","N/A","No","12/31/2026",0,FALSE,FALSE
"Respiratory:allergy_Medication","Other_Asthma_Medications","Epinephrine",FALSE,"nonproprietary","Epinephrine","Epinephrine_nonproprietary_raw.csv","STRESS / FATIGUE","43406-0612-1","6 [hp_X]/mL,                         6  [hp_X]/mL,                         6  [hp_X]/mL,                         12  [hp_X]/mL,                         12  [hp_X]/mL,                         12  [hp_X]/mL,                         12  [hp_X]/mL,                         12  [hp_X]/mL,                         12  [hp_X]/mL,                         12  [hp_X]/mL,                         12  [hp_X]/mL,                         12  [hp_X]/mL,                         12  [hp_X]/mL,                         12  [hp_X]/mL,                         30  [hp_C]/mL","LIQUID","ORAL",NA,"Natural Creations, Inc.","43406-0612","Epinephrine, Thyroid Unspecified,Bos Taurus Pituitary Gland, Arsenic Trioxide, Oyster Shell Calcium Carbonate Crude, Conium Maculatum Flowering Top, Cortisone Acetate, Crotalus Horridus Horridus Venom, Iron, Strychnos Nux-Vomica Seed, Phosphoric Acid, Phosphorus, Selenium, Sepia Officinalis Juice, Zanthoxylum Americanum Bark","ARSENIC TRIOXIDE;  BOS TAURUS PITUITARY GLAND;  CONIUM MACULATUM FLOWERING TOP;  CORTISONE ACETATE;  CROTALUS HORRIDUS HORRIDUS VENOM;  EPINEPHRINE;  IRON;  OYSTER SHELL CALCIUM CARBONATE, CRUDE;  PHOSPHORIC ACID;  PHOSPHORUS;  SELENIUM;  SEPIA OFFICINALIS JUICE;  STRYCHNOS NUX-VOMICA SEED;  THYROID, UNSPECIFIED;  ZANTHOXYLUM AMERICANUM BARK","HUMAN OTC DRUG","01/01/2016","N/A","UNAPPROVED HOMEOPATHIC","30 mL in 1 BOTTLE, DROPPER (43406-0612-1)","Adrenergic alpha-Agonists [MoA],  Adrenergic beta-Agonists [MoA],  Allergens [CS],  Catecholamine [EPC],  Catecholamines [CS],  Cell-mediated Immunity [PE],  Corticosteroid Hormone Receptor Agonists [MoA],  Corticosteroid [EPC],  Increased Histamine Release [PE],  Increased IgG Production [PE],  Non-Standardized Plant Allergenic Extract [EPC],  Plant Proteins [CS],  Seed Storage Proteins [CS],  alpha-Adrenergic Agonist [EPC],  beta-Adrenergic Agonist [EPC]","N/A","No","12/31/2026",0,FALSE,FALSE
"Respiratory:allergy_Medication","Other_Asthma_Medications","Epinephrine",FALSE,"nonproprietary","Epinephrine","Epinephrine_nonproprietary_raw.csv","Septocaine and Epinephrine","0362-9048-02","40 mg/mL,                         .005  mg/mL","INJECTION, SOLUTION","SUBMUCOSAL","NDA020971","Septodont Inc.","0362-9048","Articaine Hydrochloride and Epinephrine Bitartrate","ARTICAINE HYDROCHLORIDE;  EPINEPHRINE BITARTRATE","HUMAN PRESCRIPTION DRUG","01/12/2011","N/A","NDA","50 CARTRIDGE in 1 CARTON (0362-9048-02)  / 1.7 mL in 1 CARTRIDGE","Adrenergic alpha-Agonists [MoA],  Adrenergic beta-Agonists [MoA],  Amide Local Anesthetic [EPC],  Amides [CS],  Catecholamine [EPC],  Catecholamines [CS],  Local Anesthesia [PE],  alpha-Adrenergic Agonist [EPC],  beta-Adrenergic Agonist [EPC]","N/A","No","12/31/2026",0,FALSE,FALSE
"Respiratory:allergy_Medication","Other_Asthma_Medications","Epinephrine",FALSE,"nonproprietary","Epinephrine","Epinephrine_nonproprietary_raw.csv","Septocaine and Epinephrine","0362-9049-02","40 mg/mL,                         .01  mg/mL","INJECTION, SOLUTION","SUBMUCOSAL","NDA020971","Septodont Inc.","0362-9049","Articaine Hydrochloride and Epinephrine Bitartrate","ARTICAINE HYDROCHLORIDE;  EPINEPHRINE BITARTRATE","HUMAN PRESCRIPTION DRUG","01/12/2011","N/A","NDA","50 CARTRIDGE in 1 CARTON (0362-9049-02)  / 1.7 mL in 1 CARTRIDGE","Adrenergic alpha-Agonists [MoA],  Adrenergic beta-Agonists [MoA],  Amide Local Anesthetic [EPC],  Amides [CS],  Catecholamine [EPC],  Catecholamines [CS],  Local Anesthesia [PE],  alpha-Adrenergic Agonist [EPC],  beta-Adrenergic Agonist [EPC]","N/A","No","12/31/2026",0,FALSE,FALSE
"Respiratory:allergy_Medication","Other_Asthma_Medications","Epinephrine",FALSE,"nonproprietary","Epinephrine","Epinephrine_nonproprietary_raw.csv","Stress II","81825-0011-1","9 [hp_X]/mL,                         9  [hp_X]/mL,                         9  [hp_X]/mL,                         12  [hp_X]/mL,                         12  [hp_X]/mL,                         12  [hp_X]/mL,                         12  [hp_X]/mL,                         12  [hp_X]/mL,                         12  [hp_X]/mL,                         12  [hp_X]/mL,                         12  [hp_X]/mL,                         12  [hp_X]/mL,                         12  [hp_X]/mL,                         12  [hp_X]/mL,                         30  [hp_X]/mL","LIQUID","ORAL",NA,"Zorex","81825-0011","epinephrine, thyroid, unspecified, bos taurus pituitary gland, posterior, arsenic trioxide, oyster shell calcium carbonate, crude, conium maculatum flowering top, cortisone acetate, crotalus horridus horridus venom, iron, strychnos nux-vomica seed, phosphoric acid, phosphorus, selenium, sepia officinalis juice, and zanthoxylum americanum bark","ARSENIC TRIOXIDE;  BOS TAURUS PITUITARY GLAND, POSTERIOR;  CONIUM MACULATUM FLOWERING TOP;  CORTISONE ACETATE;  CROTALUS HORRIDUS HORRIDUS VENOM;  EPINEPHRINE;  IRON;  OYSTER SHELL CALCIUM CARBONATE, CRUDE;  PHOSPHORIC ACID;  PHOSPHORUS;  SELENIUM;  SEPIA OFFICINALIS JUICE;  STRYCHNOS NUX-VOMICA SEED;  THYROID, UNSPECIFIED;  ZANTHOXYLUM AMERICANUM BARK","HUMAN OTC DRUG","06/16/2025","N/A","UNAPPROVED HOMEOPATHIC","30 mL in 1 BOTTLE, DROPPER (81825-0011-1)","Adrenergic alpha-Agonists [MoA],  Adrenergic beta-Agonists [MoA],  Allergens [CS],  Catecholamine [EPC],  Catecholamines [CS],  Cell-mediated Immunity [PE],  Corticosteroid Hormone Receptor Agonists [MoA],  Corticosteroid [EPC],  Increased Histamine Release [PE],  Increased IgG Production [PE],  Non-Standardized Plant Allergenic Extract [EPC],  Plant Proteins [CS],  Seed Storage Proteins [CS],  alpha-Adrenergic Agonist [EPC],  beta-Adrenergic Agonist [EPC]","N/A","No","12/31/2026",0,FALSE,FALSE
"Respiratory:allergy_Medication","Other_Asthma_Medications","Epinephrine",FALSE,"nonproprietary","Epinephrine","Epinephrine_nonproprietary_raw.csv","THE SOLU TION","82617-110-01","5 g/100mL,                         .01  g/100mL","AEROSOL, FOAM","TOPICAL","M015","SCALP TECH INC","82617-110","LIDOCAINE HYDROCHLORIDE and EPINEPHRINE HYDROCHLORIDE","LIDOCAINE HYDROCHLORIDE;  EPINEPHRINE HYDROCHLORIDE","HUMAN OTC DRUG","08/07/2026","N/A","OTC MONOGRAPH DRUG","50 mL in 1 BOTTLE, DISPENSING (82617-110-01)","Adrenergic alpha-Agonists [MoA],  Adrenergic beta-Agonists [MoA],  Amide Local Anesthetic [EPC],  Amides [CS],  Antiarrhythmic [EPC],  Catecholamine [EPC],  Catecholamines [CS],  Local Anesthesia [PE],  alpha-Adrenergic Agonist [EPC],  beta-Adrenergic Agonist [EPC]","N/A","No","12/31/2027",0,FALSE,FALSE
"Respiratory:allergy_Medication","Other_Asthma_Medications","Epinephrine",FALSE,"nonproprietary","Epinephrine","Epinephrine_nonproprietary_raw.csv","THE SOLUTION","82617-101-14","5 g/100mL,                         .01  g/100mL","SPRAY","TOPICAL","M015","SCALP TECH INC","82617-101","LIDOCAINE HYDROCHLORIDE, EPINEPHRINE HYDROCHLORIDE","EPINEPHRINE HYDROCHLORIDE;  LIDOCAINE HYDROCHLORIDE","HUMAN OTC DRUG","04/01/2022","N/A","OTC MONOGRAPH DRUG","118 mL in 1 BOTTLE, SPRAY (82617-101-14)","Adrenergic alpha-Agonists [MoA],  Adrenergic beta-Agonists [MoA],  Amide Local Anesthetic [EPC],  Amides [CS],  Antiarrhythmic [EPC],  Catecholamine [EPC],  Catecholamines [CS],  Local Anesthesia [PE],  alpha-Adrenergic Agonist [EPC],  beta-Adrenergic Agonist [EPC]","N/A","No","12/31/2026",0,FALSE,FALSE
"Respiratory:allergy_Medication","Other_Asthma_Medications","Epinephrine",FALSE,"nonproprietary","Epinephrine","Epinephrine_nonproprietary_raw.csv","Vivacaine","0362-9011-50","5 mg/mL,                         .005  mg/mL","INJECTION, SOLUTION","SUBMUCOSAL","ANDA077250","Septodont, Inc.","0362-9011","bupivacaine hydrochloride and epinephrine bitartrate","BUPIVACAINE HYDROCHLORIDE ANHYDROUS;  EPINEPHRINE BITARTRATE","HUMAN PRESCRIPTION DRUG","06/01/2013","N/A","ANDA","50 CARTRIDGE in 1 CARTON (0362-9011-50)  / 1.8 mL in 1 CARTRIDGE","Adrenergic alpha-Agonists [MoA],  Adrenergic beta-Agonists [MoA],  Amide Local Anesthetic [EPC],  Amides [CS],  Catecholamine [EPC],  Catecholamines [CS],  Local Anesthesia [PE],  alpha-Adrenergic Agonist [EPC],  beta-Adrenergic Agonist [EPC]","N/A","No","12/31/2026",0,FALSE,FALSE
"Respiratory:allergy_Medication","Other_Asthma_Medications","Epinephrine",FALSE,"nonproprietary","Epinephrine","Epinephrine_nonproprietary_raw.csv","XYLOCAINE(R) -MPF (LIDOCAINE HCI AND EPINEPHRINE)","51662-1405-1","10 mg/mL,                         .005  mg/mL","INJECTION, SOLUTION","EPIDURAL; INFILTRATION; INTRACAUDAL; PERINEURAL","NDA006488","HF Acquisition Co LLC, DBA HealthFirst","51662-1405","XYLOCAINE(R) -MPF (LIDOCAINE HCI AND EPINEPHRINE)","EPINEPHRINE BITARTRATE;  LIDOCAINE HYDROCHLORIDE ANHYDROUS","HUMAN PRESCRIPTION DRUG","11/11/2019","N/A","NDA","30 mL in 1 VIAL, SINGLE-DOSE (51662-1405-1)","Adrenergic alpha-Agonists [MoA],  Adrenergic beta-Agonists [MoA],  Amide Local Anesthetic [EPC],  Amides [CS],  Antiarrhythmic [EPC],  Catecholamine [EPC],  Catecholamines [CS],  Local Anesthesia [PE],  alpha-Adrenergic Agonist [EPC],  beta-Adrenergic Agonist [EPC]","N/A","No","12/31/2026",0,FALSE,FALSE
"Respiratory:allergy_Medication","Other_Asthma_Medications","Epinephrine",FALSE,"nonproprietary","Epinephrine","Epinephrine_nonproprietary_raw.csv","XYLOCAINE(R) -MPF (LIDOCAINE HCI AND EPINEPHRINE)","51662-1405-3","10 mg/mL,                         .005  mg/mL","INJECTION, SOLUTION","EPIDURAL; INFILTRATION; INTRACAUDAL; PERINEURAL","NDA006488","HF Acquisition Co LLC, DBA HealthFirst","51662-1405","XYLOCAINE(R) -MPF (LIDOCAINE HCI AND EPINEPHRINE)","EPINEPHRINE BITARTRATE;  LIDOCAINE HYDROCHLORIDE ANHYDROUS","HUMAN PRESCRIPTION DRUG","03/17/2022","N/A","NDA","25 POUCH in 1 CASE (51662-1405-3)  / 1 VIAL, SINGLE-DOSE in 1 POUCH (51662-1405-2)  / 30 mL in 1 VIAL, SINGLE-DOSE","Adrenergic alpha-Agonists [MoA],  Adrenergic beta-Agonists [MoA],  Amide Local Anesthetic [EPC],  Amides [CS],  Antiarrhythmic [EPC],  Catecholamine [EPC],  Catecholamines [CS],  Local Anesthesia [PE],  alpha-Adrenergic Agonist [EPC],  beta-Adrenergic Agonist [EPC]","N/A","No","12/31/2026",0,FALSE,FALSE
"Respiratory:allergy_Medication","Other_Asthma_Medications","Epinephrine",FALSE,"nonproprietary","Epinephrine","Epinephrine_nonproprietary_raw.csv","Xylocaine","0404-9972-20","20 mg/mL,                         .005  mg/mL","INJECTION, SOLUTION","EPIDURAL; INFILTRATION; INTRACAUDAL; PERINEURAL","NDA006488","Henry Schein, Inc.","0404-9972","Lidocaine Hydrochloride and epinephrine","EPINEPHRINE BITARTRATE;  LIDOCAINE HYDROCHLORIDE ANHYDROUS","HUMAN PRESCRIPTION DRUG","01/10/2022","N/A","NDA","1 VIAL in 1 BAG (0404-9972-20)  / 20 mL in 1 VIAL","Adrenergic alpha-Agonists [MoA],  Adrenergic beta-Agonists [MoA],  Amide Local Anesthetic [EPC],  Amides [CS],  Antiarrhythmic [EPC],  Catecholamine [EPC],  Catecholamines [CS],  Local Anesthesia [PE],  alpha-Adrenergic Agonist [EPC],  beta-Adrenergic Agonist [EPC]","N/A","No","12/31/2026",0,FALSE,FALSE
"Respiratory:allergy_Medication","Other_Asthma_Medications","Epinephrine",FALSE,"nonproprietary","Epinephrine","Epinephrine_nonproprietary_raw.csv","Xylocaine","0404-9975-50","5 mg/mL,                         .005  mg/mL","INJECTION, SOLUTION","INFILTRATION; PERINEURAL","NDA006488","Henry Schein, Inc","0404-9975","Lidocaine hydrochloride, epinephrine bitartrate injection, solution","EPINEPHRINE BITARTRATE;  LIDOCAINE HYDROCHLORIDE ANHYDROUS","HUMAN PRESCRIPTION DRUG","01/10/2022","N/A","NDA","1 VIAL in 1 BAG (0404-9975-50)  / 50 mL in 1 VIAL","Adrenergic alpha-Agonists [MoA],  Adrenergic beta-Agonists [MoA],  Amide Local Anesthetic [EPC],  Amides [CS],  Antiarrhythmic [EPC],  Catecholamine [EPC],  Catecholamines [CS],  Local Anesthesia [PE],  alpha-Adrenergic Agonist [EPC],  beta-Adrenergic Agonist [EPC]","N/A","No","12/31/2026",0,FALSE,FALSE
"Respiratory:allergy_Medication","Other_Asthma_Medications","Epinephrine",FALSE,"nonproprietary","Epinephrine","Epinephrine_nonproprietary_raw.csv","Xylocaine","0404-9976-20","20 mg/mL,                         .01  mg/mL","INJECTION, SOLUTION","INFILTRATION; PERINEURAL","NDA006488","Henry Schein, Inc.","0404-9976","Lidocaine Hydrochloride and epinephrine","EPINEPHRINE BITARTRATE;  LIDOCAINE HYDROCHLORIDE ANHYDROUS","HUMAN PRESCRIPTION DRUG","01/10/2022","N/A","NDA","1 VIAL, MULTI-DOSE in 1 BAG (0404-9976-20)  / 20 mL in 1 VIAL, MULTI-DOSE","Adrenergic alpha-Agonists [MoA],  Adrenergic beta-Agonists [MoA],  Amide Local Anesthetic [EPC],  Amides [CS],  Antiarrhythmic [EPC],  Catecholamine [EPC],  Catecholamines [CS],  Local Anesthesia [PE],  alpha-Adrenergic Agonist [EPC],  beta-Adrenergic Agonist [EPC]","N/A","No","12/31/2026",0,FALSE,FALSE
"Respiratory:allergy_Medication","Other_Asthma_Medications","Epinephrine",FALSE,"nonproprietary","Epinephrine","Epinephrine_nonproprietary_raw.csv","Xylocaine","0404-9976-50","20 mg/mL,                         .01  mg/mL","INJECTION, SOLUTION","INFILTRATION; PERINEURAL","NDA006488","Henry Schein, Inc.","0404-9976","Lidocaine Hydrochloride and epinephrine","EPINEPHRINE BITARTRATE;  LIDOCAINE HYDROCHLORIDE ANHYDROUS","HUMAN PRESCRIPTION DRUG","01/10/2022","N/A","NDA","1 VIAL, MULTI-DOSE in 1 BAG (0404-9976-50)  / 50 mL in 1 VIAL, MULTI-DOSE","Adrenergic alpha-Agonists [MoA],  Adrenergic beta-Agonists [MoA],  Amide Local Anesthetic [EPC],  Amides [CS],  Antiarrhythmic [EPC],  Catecholamine [EPC],  Catecholamines [CS],  Local Anesthesia [PE],  alpha-Adrenergic Agonist [EPC],  beta-Adrenergic Agonist [EPC]","N/A","No","12/31/2026",0,FALSE,FALSE
"Respiratory:allergy_Medication","Other_Asthma_Medications","Epinephrine",FALSE,"nonproprietary","Epinephrine","Epinephrine_nonproprietary_raw.csv","Xylocaine","0404-9977-20","10 mg/mL,                         .01  mg/mL","INJECTION, SOLUTION","INFILTRATION; PERINEURAL","NDA006488","Henry Schein, Inc.","0404-9977","Lidocaine Hydrochloride and Epinephrine","EPINEPHRINE BITARTRATE;  LIDOCAINE HYDROCHLORIDE ANHYDROUS","HUMAN PRESCRIPTION DRUG","01/10/2022","N/A","NDA","1 VIAL in 1 BAG (0404-9977-20)  / 20 mL in 1 VIAL","Adrenergic alpha-Agonists [MoA],  Adrenergic beta-Agonists [MoA],  Amide Local Anesthetic [EPC],  Amides [CS],  Antiarrhythmic [EPC],  Catecholamine [EPC],  Catecholamines [CS],  Local Anesthesia [PE],  alpha-Adrenergic Agonist [EPC],  beta-Adrenergic Agonist [EPC]","N/A","No","12/31/2026",0,FALSE,FALSE
"Respiratory:allergy_Medication","Other_Asthma_Medications","Epinephrine",FALSE,"nonproprietary","Epinephrine","Epinephrine_nonproprietary_raw.csv","Xylocaine","0404-9977-50","10 mg/mL,                         .01  mg/mL","INJECTION, SOLUTION","INFILTRATION; PERINEURAL","NDA006488","Henry Schein, Inc.","0404-9977","Lidocaine Hydrochloride and Epinephrine","EPINEPHRINE BITARTRATE;  LIDOCAINE HYDROCHLORIDE ANHYDROUS","HUMAN PRESCRIPTION DRUG","01/10/2022","N/A","NDA","1 VIAL in 1 BAG (0404-9977-50)  / 50 mL in 1 VIAL","Adrenergic alpha-Agonists [MoA],  Adrenergic beta-Agonists [MoA],  Amide Local Anesthetic [EPC],  Amides [CS],  Antiarrhythmic [EPC],  Catecholamine [EPC],  Catecholamines [CS],  Local Anesthesia [PE],  alpha-Adrenergic Agonist [EPC],  beta-Adrenergic Agonist [EPC]","N/A","No","12/31/2026",0,FALSE,FALSE
"Respiratory:allergy_Medication","Other_Asthma_Medications","Epinephrine",FALSE,"nonproprietary","Epinephrine","Epinephrine_nonproprietary_raw.csv","Xylocaine","50090-6851-0","20 mg/mL,                         .01  mg/mL","INJECTION, SOLUTION","INFILTRATION; PERINEURAL","NDA006488","A-S Medication Solutions","50090-6851","LIDOCAINE HYDROCHLORIDE,EPINEPHRINE BITARTRATE","EPINEPHRINE BITARTRATE;  LIDOCAINE HYDROCHLORIDE ANHYDROUS","HUMAN PRESCRIPTION DRUG","11/29/2023","N/A","NDA","25 VIAL, MULTI-DOSE in 1 TRAY (50090-6851-0)  / 20 mL in 1 VIAL, MULTI-DOSE","Adrenergic alpha-Agonists [MoA],  Adrenergic beta-Agonists [MoA],  Amide Local Anesthetic [EPC],  Amides [CS],  Antiarrhythmic [EPC],  Catecholamine [EPC],  Catecholamines [CS],  Local Anesthesia [PE],  alpha-Adrenergic Agonist [EPC],  beta-Adrenergic Agonist [EPC]","N/A","No","12/31/2026",0,FALSE,FALSE
"Respiratory:allergy_Medication","Other_Asthma_Medications","Epinephrine",FALSE,"nonproprietary","Epinephrine","Epinephrine_nonproprietary_raw.csv","Xylocaine","63323-481-57","5 mg/mL,                         .005  mg/mL","INJECTION, SOLUTION","INFILTRATION; PERINEURAL","NDA006488","Fresenius Kabi USA, LLC","63323-481","LIDOCAINE HYDROCHLORIDE,EPINEPHRINE BITARTRATE","LIDOCAINE HYDROCHLORIDE ANHYDROUS;  EPINEPHRINE BITARTRATE","HUMAN PRESCRIPTION DRUG","08/12/2010","N/A","NDA","25 VIAL, MULTI-DOSE in 1 TRAY (63323-481-57)  / 50 mL in 1 VIAL, MULTI-DOSE (63323-481-01)","Adrenergic alpha-Agonists [MoA],  Adrenergic beta-Agonists [MoA],  Amide Local Anesthetic [EPC],  Amides [CS],  Antiarrhythmic [EPC],  Catecholamine [EPC],  Catecholamines [CS],  Local Anesthesia [PE],  alpha-Adrenergic Agonist [EPC],  beta-Adrenergic Agonist [EPC]","N/A","No","12/31/2026",0,FALSE,FALSE
"Respiratory:allergy_Medication","Other_Asthma_Medications","Epinephrine",FALSE,"nonproprietary","Epinephrine","Epinephrine_nonproprietary_raw.csv","Xylocaine","63323-482-17","10 mg/mL,                         .01  mg/mL","INJECTION, SOLUTION","INFILTRATION; PERINEURAL","NDA006488","Fresenius Kabi USA, LLC","63323-482","LIDOCAINE HYDROCHLORIDE,EPINEPHRINE BITARTRATE","LIDOCAINE HYDROCHLORIDE ANHYDROUS;  EPINEPHRINE BITARTRATE","HUMAN PRESCRIPTION DRUG","08/12/2010","N/A","NDA","25 VIAL, MULTI-DOSE in 1 TRAY (63323-482-17)  / 10 mL in 1 VIAL, MULTI-DOSE (63323-482-01)","Adrenergic alpha-Agonists [MoA],  Adrenergic beta-Agonists [MoA],  Amide Local Anesthetic [EPC],  Amides [CS],  Antiarrhythmic [EPC],  Catecholamine [EPC],  Catecholamines [CS],  Local Anesthesia [PE],  alpha-Adrenergic Agonist [EPC],  beta-Adrenergic Agonist [EPC]","N/A","No","12/31/2026",0,FALSE,FALSE
"Respiratory:allergy_Medication","Other_Asthma_Medications","Epinephrine",FALSE,"nonproprietary","Epinephrine","Epinephrine_nonproprietary_raw.csv","Xylocaine","63323-482-26","10 mg/mL,                         .01  mg/mL","INJECTION, SOLUTION","INFILTRATION; PERINEURAL","NDA006488","Fresenius Kabi USA, LLC","63323-482","LIDOCAINE HYDROCHLORIDE,EPINEPHRINE BITARTRATE","EPINEPHRINE BITARTRATE;  LIDOCAINE HYDROCHLORIDE ANHYDROUS","HUMAN PRESCRIPTION DRUG","08/12/2010","N/A","NDA","25 VIAL, MULTI-DOSE in 1 TRAY (63323-482-26)  / 20 mL in 1 VIAL, MULTI-DOSE (63323-482-41)","Adrenergic alpha-Agonists [MoA],  Adrenergic beta-Agonists [MoA],  Amide Local Anesthetic [EPC],  Amides [CS],  Antiarrhythmic [EPC],  Catecholamine [EPC],  Catecholamines [CS],  Local Anesthesia [PE],  alpha-Adrenergic Agonist [EPC],  beta-Adrenergic Agonist [EPC]","N/A","No","12/31/2026",0,FALSE,FALSE
"Respiratory:allergy_Medication","Other_Asthma_Medications","Epinephrine",FALSE,"nonproprietary","Epinephrine","Epinephrine_nonproprietary_raw.csv","Xylocaine","63323-482-27","10 mg/mL,                         .01  mg/mL","INJECTION, SOLUTION","INFILTRATION; PERINEURAL","NDA006488","Fresenius Kabi USA, LLC","63323-482","LIDOCAINE HYDROCHLORIDE,EPINEPHRINE BITARTRATE","LIDOCAINE HYDROCHLORIDE ANHYDROUS;  EPINEPHRINE BITARTRATE","HUMAN PRESCRIPTION DRUG","08/12/2010","N/A","NDA","25 VIAL, MULTI-DOSE in 1 TRAY (63323-482-27)  / 20 mL in 1 VIAL, MULTI-DOSE (63323-482-03)","Adrenergic alpha-Agonists [MoA],  Adrenergic beta-Agonists [MoA],  Amide Local Anesthetic [EPC],  Amides [CS],  Antiarrhythmic [EPC],  Catecholamine [EPC],  Catecholamines [CS],  Local Anesthesia [PE],  alpha-Adrenergic Agonist [EPC],  beta-Adrenergic Agonist [EPC]","N/A","No","12/31/2026",0,FALSE,FALSE
"Respiratory:allergy_Medication","Other_Asthma_Medications","Epinephrine",FALSE,"nonproprietary","Epinephrine","Epinephrine_nonproprietary_raw.csv","Xylocaine","63323-482-57","10 mg/mL,                         .01  mg/mL","INJECTION, SOLUTION","INFILTRATION; PERINEURAL","NDA006488","Fresenius Kabi USA, LLC","63323-482","LIDOCAINE HYDROCHLORIDE,EPINEPHRINE BITARTRATE","LIDOCAINE HYDROCHLORIDE ANHYDROUS;  EPINEPHRINE BITARTRATE","HUMAN PRESCRIPTION DRUG","08/12/2010","N/A","NDA","25 VIAL, MULTI-DOSE in 1 TRAY (63323-482-57)  / 50 mL in 1 VIAL, MULTI-DOSE (63323-482-05)","Adrenergic alpha-Agonists [MoA],  Adrenergic beta-Agonists [MoA],  Amide Local Anesthetic [EPC],  Amides [CS],  Antiarrhythmic [EPC],  Catecholamine [EPC],  Catecholamines [CS],  Local Anesthesia [PE],  alpha-Adrenergic Agonist [EPC],  beta-Adrenergic Agonist [EPC]","N/A","No","12/31/2026",0,FALSE,FALSE
"Respiratory:allergy_Medication","Other_Asthma_Medications","Epinephrine",FALSE,"nonproprietary","Epinephrine","Epinephrine_nonproprietary_raw.csv","Xylocaine","63323-483-27","20 mg/mL,                         .01  mg/mL","INJECTION, SOLUTION","INFILTRATION; PERINEURAL","NDA006488","Fresenius Kabi USA, LLC","63323-483","LIDOCAINE HYDROCHLORIDE,EPINEPHRINE BITARTRATE","LIDOCAINE HYDROCHLORIDE ANHYDROUS;  EPINEPHRINE BITARTRATE","HUMAN PRESCRIPTION DRUG","08/12/2010","N/A","NDA","25 VIAL, MULTI-DOSE in 1 TRAY (63323-483-27)  / 20 mL in 1 VIAL, MULTI-DOSE (63323-483-03)","Adrenergic alpha-Agonists [MoA],  Adrenergic beta-Agonists [MoA],  Amide Local Anesthetic [EPC],  Amides [CS],  Antiarrhythmic [EPC],  Catecholamine [EPC],  Catecholamines [CS],  Local Anesthesia [PE],  alpha-Adrenergic Agonist [EPC],  beta-Adrenergic Agonist [EPC]","N/A","No","12/31/2026",0,FALSE,FALSE
"Respiratory:allergy_Medication","Other_Asthma_Medications","Epinephrine",FALSE,"nonproprietary","Epinephrine","Epinephrine_nonproprietary_raw.csv","Xylocaine","63323-483-57","20 mg/mL,                         .01  mg/mL","INJECTION, SOLUTION","INFILTRATION; PERINEURAL","NDA006488","Fresenius Kabi USA, LLC","63323-483","LIDOCAINE HYDROCHLORIDE,EPINEPHRINE BITARTRATE","LIDOCAINE HYDROCHLORIDE ANHYDROUS;  EPINEPHRINE BITARTRATE","HUMAN PRESCRIPTION DRUG","08/12/2010","N/A","NDA","25 VIAL, MULTI-DOSE in 1 TRAY (63323-483-57)  / 50 mL in 1 VIAL, MULTI-DOSE (63323-483-01)","Adrenergic alpha-Agonists [MoA],  Adrenergic beta-Agonists [MoA],  Amide Local Anesthetic [EPC],  Amides [CS],  Antiarrhythmic [EPC],  Catecholamine [EPC],  Catecholamines [CS],  Local Anesthesia [PE],  alpha-Adrenergic Agonist [EPC],  beta-Adrenergic Agonist [EPC]","N/A","No","12/31/2026",0,FALSE,FALSE
"Respiratory:allergy_Medication","Other_Asthma_Medications","Epinephrine",FALSE,"nonproprietary","Epinephrine","Epinephrine_nonproprietary_raw.csv","Xylocaine","63323-488-17","15 mg/mL,                         .005  mg/mL","INJECTION, SOLUTION","EPIDURAL; INFILTRATION; INTRACAUDAL; PERINEURAL","NDA006488","Fresenius Kabi USA, LLC","63323-488","LIDOCAINE HYDROCHLORIDE,EPINEPHRINE BITARTRATE","LIDOCAINE HYDROCHLORIDE ANHYDROUS;  EPINEPHRINE BITARTRATE","HUMAN PRESCRIPTION DRUG","08/12/2010","N/A","NDA","25 VIAL, SINGLE-DOSE in 1 TRAY (63323-488-17)  / 10 mL in 1 VIAL, SINGLE-DOSE (63323-488-01)","Adrenergic alpha-Agonists [MoA],  Adrenergic beta-Agonists [MoA],  Amide Local Anesthetic [EPC],  Amides [CS],  Antiarrhythmic [EPC],  Catecholamine [EPC],  Catecholamines [CS],  Local Anesthesia [PE],  alpha-Adrenergic Agonist [EPC],  beta-Adrenergic Agonist [EPC]","N/A","No","12/31/2026",0,FALSE,FALSE
"Respiratory:allergy_Medication","Other_Asthma_Medications","Epinephrine",FALSE,"nonproprietary","Epinephrine","Epinephrine_nonproprietary_raw.csv","Xylocaine","63323-488-31","15 mg/mL,                         .005  mg/mL","INJECTION, SOLUTION","EPIDURAL; INFILTRATION; INTRACAUDAL; PERINEURAL","NDA006488","Fresenius Kabi USA, LLC","63323-488","LIDOCAINE HYDROCHLORIDE,EPINEPHRINE BITARTRATE","LIDOCAINE HYDROCHLORIDE ANHYDROUS;  EPINEPHRINE BITARTRATE","HUMAN PRESCRIPTION DRUG","08/12/2010","N/A","NDA","5 VIAL, SINGLE-DOSE in 1 CARTON (63323-488-31)  / 30 mL in 1 VIAL, SINGLE-DOSE (63323-488-03)","Adrenergic alpha-Agonists [MoA],  Adrenergic beta-Agonists [MoA],  Amide Local Anesthetic [EPC],  Amides [CS],  Antiarrhythmic [EPC],  Catecholamine [EPC],  Catecholamines [CS],  Local Anesthesia [PE],  alpha-Adrenergic Agonist [EPC],  beta-Adrenergic Agonist [EPC]","N/A","No","12/31/2026",0,FALSE,FALSE
"Respiratory:allergy_Medication","Other_Asthma_Medications","Epinephrine",FALSE,"nonproprietary","Epinephrine","Epinephrine_nonproprietary_raw.csv","Xylocaine","63323-488-37","15 mg/mL,                         .005  mg/mL","INJECTION, SOLUTION","EPIDURAL; INFILTRATION; INTRACAUDAL; PERINEURAL","NDA006488","Fresenius Kabi USA, LLC","63323-488","LIDOCAINE HYDROCHLORIDE,EPINEPHRINE BITARTRATE","LIDOCAINE HYDROCHLORIDE ANHYDROUS;  EPINEPHRINE BITARTRATE","HUMAN PRESCRIPTION DRUG","08/12/2010","N/A","NDA","25 VIAL, SINGLE-DOSE in 1 TRAY (63323-488-37)  / 30 mL in 1 VIAL, SINGLE-DOSE (63323-488-07)","Adrenergic alpha-Agonists [MoA],  Adrenergic beta-Agonists [MoA],  Amide Local Anesthetic [EPC],  Amides [CS],  Antiarrhythmic [EPC],  Catecholamine [EPC],  Catecholamines [CS],  Local Anesthesia [PE],  alpha-Adrenergic Agonist [EPC],  beta-Adrenergic Agonist [EPC]","N/A","No","12/31/2026",0,FALSE,FALSE
"Respiratory:allergy_Medication","Other_Asthma_Medications","Epinephrine",FALSE,"nonproprietary","Epinephrine","Epinephrine_nonproprietary_raw.csv","Xylocaine","63323-489-17","20 mg/mL,                         .005  mg/mL","INJECTION, SOLUTION","EPIDURAL; INFILTRATION; INTRACAUDAL; PERINEURAL","NDA006488","Fresenius Kabi USA, LLC","63323-489","LIDOCAINE HYDROCHLORIDE,EPINEPHRINE BITARTRATE","LIDOCAINE HYDROCHLORIDE ANHYDROUS;  EPINEPHRINE BITARTRATE","HUMAN PRESCRIPTION DRUG","08/12/2010","N/A","NDA","25 VIAL, SINGLE-DOSE in 1 TRAY (63323-489-17)  / 10 mL in 1 VIAL, SINGLE-DOSE (63323-489-01)","Adrenergic alpha-Agonists [MoA],  Adrenergic beta-Agonists [MoA],  Amide Local Anesthetic [EPC],  Amides [CS],  Antiarrhythmic [EPC],  Catecholamine [EPC],  Catecholamines [CS],  Local Anesthesia [PE],  alpha-Adrenergic Agonist [EPC],  beta-Adrenergic Agonist [EPC]","N/A","No","12/31/2026",0,FALSE,FALSE
"Respiratory:allergy_Medication","Other_Asthma_Medications","Epinephrine",FALSE,"nonproprietary","Epinephrine","Epinephrine_nonproprietary_raw.csv","Xylocaine","63323-489-21","20 mg/mL,                         .005  mg/mL","INJECTION, SOLUTION","EPIDURAL; INFILTRATION; INTRACAUDAL; PERINEURAL","NDA006488","Fresenius Kabi USA, LLC","63323-489","LIDOCAINE HYDROCHLORIDE,EPINEPHRINE BITARTRATE","LIDOCAINE HYDROCHLORIDE ANHYDROUS;  EPINEPHRINE BITARTRATE","HUMAN PRESCRIPTION DRUG","08/12/2010","N/A","NDA","5 VIAL, SINGLE-DOSE in 1 CARTON (63323-489-21)  / 20 mL in 1 VIAL, SINGLE-DOSE (63323-489-03)","Adrenergic alpha-Agonists [MoA],  Adrenergic beta-Agonists [MoA],  Amide Local Anesthetic [EPC],  Amides [CS],  Antiarrhythmic [EPC],  Catecholamine [EPC],  Catecholamines [CS],  Local Anesthesia [PE],  alpha-Adrenergic Agonist [EPC],  beta-Adrenergic Agonist [EPC]","N/A","No","12/31/2026",0,FALSE,FALSE
"Respiratory:allergy_Medication","Other_Asthma_Medications","Epinephrine",FALSE,"nonproprietary","Epinephrine","Epinephrine_nonproprietary_raw.csv","Xylocaine","63323-489-27","20 mg/mL,                         .005  mg/mL","INJECTION, SOLUTION","EPIDURAL; INFILTRATION; INTRACAUDAL; PERINEURAL","NDA006488","Fresenius Kabi USA, LLC","63323-489","LIDOCAINE HYDROCHLORIDE,EPINEPHRINE BITARTRATE","LIDOCAINE HYDROCHLORIDE ANHYDROUS;  EPINEPHRINE BITARTRATE","HUMAN PRESCRIPTION DRUG","08/12/2010","N/A","NDA","25 VIAL, SINGLE-DOSE in 1 TRAY (63323-489-27)  / 20 mL in 1 VIAL, SINGLE-DOSE (63323-489-02)","Adrenergic alpha-Agonists [MoA],  Adrenergic beta-Agonists [MoA],  Amide Local Anesthetic [EPC],  Amides [CS],  Antiarrhythmic [EPC],  Catecholamine [EPC],  Catecholamines [CS],  Local Anesthesia [PE],  alpha-Adrenergic Agonist [EPC],  beta-Adrenergic Agonist [EPC]","N/A","No","12/31/2026",0,FALSE,FALSE
"Respiratory:allergy_Medication","Other_Asthma_Medications","Epinephrine",FALSE,"nonproprietary","Epinephrine","Epinephrine_nonproprietary_raw.csv","Xylocaine","66312-176-16","20 mg/mL,                         10  ug/mL","INJECTION, SOLUTION","SUBMUCOSAL","ANDA088390","Dentsply Pharmaceutical","66312-176","Lidocaine Hydrochloride and Epinephrine Bitartrate","LIDOCAINE HYDROCHLORIDE;  EPINEPHRINE BITARTRATE","HUMAN PRESCRIPTION DRUG","04/14/2009","N/A","ANDA","50 CARTRIDGE in 1 CARTON (66312-176-16)  / 1.7 mL in 1 CARTRIDGE","Adrenergic alpha-Agonists [MoA],  Adrenergic beta-Agonists [MoA],  Amide Local Anesthetic [EPC],  Amides [CS],  Antiarrhythmic [EPC],  Catecholamine [EPC],  Catecholamines [CS],  Local Anesthesia [PE],  alpha-Adrenergic Agonist [EPC],  beta-Adrenergic Agonist [EPC]","N/A","No","12/31/2027",0,FALSE,FALSE
"Respiratory:allergy_Medication","Other_Asthma_Medications","Epinephrine",FALSE,"nonproprietary","Epinephrine","Epinephrine_nonproprietary_raw.csv","Xylocaine","66312-181-16","20 mg/mL,                         20  ug/mL","INJECTION, SOLUTION","SUBMUCOSAL","ANDA088389","Dentsply Pharmaceutical","66312-181","Lidocaine Hydrochloride and Epinephrine Bitartrate","LIDOCAINE HYDROCHLORIDE;  EPINEPHRINE BITARTRATE","HUMAN PRESCRIPTION DRUG","04/14/2009","N/A","ANDA","50 CARTRIDGE in 1 CARTON (66312-181-16)  / 1.7 mL in 1 CARTRIDGE","Adrenergic alpha-Agonists [MoA],  Adrenergic beta-Agonists [MoA],  Amide Local Anesthetic [EPC],  Amides [CS],  Antiarrhythmic [EPC],  Catecholamine [EPC],  Catecholamines [CS],  Local Anesthesia [PE],  alpha-Adrenergic Agonist [EPC],  beta-Adrenergic Agonist [EPC]","N/A","No","12/31/2027",0,FALSE,FALSE
"Respiratory:allergy_Medication","Other_Asthma_Medications","Epinephrine",FALSE,"nonproprietary","Epinephrine","Epinephrine_nonproprietary_raw.csv","Xylocaine","70518-4152-1","10 mg/mL,                         .01  mg/mL","INJECTION, SOLUTION","INFILTRATION; PERINEURAL","NDA006488","REMEDYREPACK INC.","70518-4152","LIDOCAINE HYDROCHLORIDE,EPINEPHRINE BITARTRATE","LIDOCAINE HYDROCHLORIDE ANHYDROUS;  EPINEPHRINE BITARTRATE","HUMAN PRESCRIPTION DRUG","07/31/2024","N/A","NDA","25 VIAL, MULTI-DOSE in 1 TRAY (70518-4152-1)  / 20 mL in 1 VIAL, MULTI-DOSE (70518-4152-0)","Adrenergic alpha-Agonists [MoA],  Adrenergic beta-Agonists [MoA],  Amide Local Anesthetic [EPC],  Amides [CS],  Antiarrhythmic [EPC],  Catecholamine [EPC],  Catecholamines [CS],  Local Anesthesia [PE],  alpha-Adrenergic Agonist [EPC],  beta-Adrenergic Agonist [EPC]","N/A","No","12/31/2027",0,FALSE,FALSE
"Respiratory:allergy_Medication","Other_Asthma_Medications","Epinephrine",FALSE,"nonproprietary","Epinephrine","Epinephrine_nonproprietary_raw.csv","Xylocaine","70518-4152-2","10 mg/mL,                         .01  mg/mL","INJECTION, SOLUTION","INFILTRATION; PERINEURAL","NDA006488","REMEDYREPACK INC.","70518-4152","LIDOCAINE HYDROCHLORIDE,EPINEPHRINE BITARTRATE","LIDOCAINE HYDROCHLORIDE ANHYDROUS;  EPINEPHRINE BITARTRATE","HUMAN PRESCRIPTION DRUG","10/04/2024","N/A","NDA","25 VIAL, MULTI-DOSE in 1 TRAY (70518-4152-2)  / 50 mL in 1 VIAL, MULTI-DOSE (70518-4152-3)","Adrenergic alpha-Agonists [MoA],  Adrenergic beta-Agonists [MoA],  Amide Local Anesthetic [EPC],  Amides [CS],  Antiarrhythmic [EPC],  Catecholamine [EPC],  Catecholamines [CS],  Local Anesthesia [PE],  alpha-Adrenergic Agonist [EPC],  beta-Adrenergic Agonist [EPC]","N/A","No","12/31/2027",0,FALSE,FALSE
"Respiratory:allergy_Medication","Other_Asthma_Medications","Epinephrine",FALSE,"nonproprietary","Epinephrine","Epinephrine_nonproprietary_raw.csv","Xylocaine","84549-482-57","10 mg/mL,                         .01  mg/mL","INJECTION, SOLUTION","INFILTRATION; PERINEURAL","NDA006488","ProPharma Distribution","84549-482","LIDOCAINE HYDROCHLORIDE,EPINEPHRINE BITARTRATE","EPINEPHRINE BITARTRATE;  LIDOCAINE HYDROCHLORIDE ANHYDROUS","HUMAN PRESCRIPTION DRUG","08/27/2025","N/A","NDA","50 mL in 1 VIAL, MULTI-DOSE (84549-482-57)","Adrenergic alpha-Agonists [MoA],  Adrenergic beta-Agonists [MoA],  Amide Local Anesthetic [EPC],  Amides [CS],  Antiarrhythmic [EPC],  Catecholamine [EPC],  Catecholamines [CS],  Local Anesthesia [PE],  alpha-Adrenergic Agonist [EPC],  beta-Adrenergic Agonist [EPC]","N/A","No","12/31/2026",0,FALSE,FALSE
"Respiratory:allergy_Medication","Other_Asthma_Medications","Epinephrine",FALSE,"nonproprietary","Epinephrine","Epinephrine_nonproprietary_raw.csv","Xylocaine","85766-190-25","10 mg/mL,                         .01  mg/mL","INJECTION, SOLUTION","INFILTRATION; PERINEURAL","NDA006488","Sportpharm LLC","85766-190","LIDOCAINE HYDROCHLORIDE,EPINEPHRINE BITARTRATE","EPINEPHRINE BITARTRATE;  LIDOCAINE HYDROCHLORIDE ANHYDROUS","HUMAN PRESCRIPTION DRUG","03/21/2026","N/A","NDA","25 VIAL, MULTI-DOSE in 1 TRAY (85766-190-25)  / 20 mL in 1 VIAL, MULTI-DOSE (85766-190-01)","Adrenergic alpha-Agonists [MoA],  Adrenergic beta-Agonists [MoA],  Amide Local Anesthetic [EPC],  Amides [CS],  Antiarrhythmic [EPC],  Catecholamine [EPC],  Catecholamines [CS],  Local Anesthesia [PE],  alpha-Adrenergic Agonist [EPC],  beta-Adrenergic Agonist [EPC]","N/A","No","12/31/2027",0,FALSE,FALSE
"Respiratory:allergy_Medication","Other_Asthma_Medications","Epinephrine",FALSE,"nonproprietary","Epinephrine","Epinephrine_nonproprietary_raw.csv","Zorcaine","0362-0830-05","40 mg/mL,                         .01  mg/mL","INJECTION, SOLUTION","SUBMUCOSAL","NDA020971","Septodont, Inc.","0362-0830","Articaine Hydrochloride and Epinephrine","ARTICAINE HYDROCHLORIDE;  EPINEPHRINE BITARTRATE","HUMAN PRESCRIPTION DRUG","04/05/2019","N/A","NDA AUTHORIZED GENERIC","50 CARTRIDGE in 1 CARTON (0362-0830-05)  / 1.7 mL in 1 CARTRIDGE","Adrenergic alpha-Agonists [MoA],  Adrenergic beta-Agonists [MoA],  Amide Local Anesthetic [EPC],  Amides [CS],  Catecholamine [EPC],  Catecholamines [CS],  Local Anesthesia [PE],  alpha-Adrenergic Agonist [EPC],  beta-Adrenergic Agonist [EPC]","N/A","No","12/31/2026",0,FALSE,FALSE
"Respiratory:allergy_Medication","Other_Asthma_Medications","Epinephrine",FALSE,"nonproprietary","Epinephrine","Epinephrine_nonproprietary_raw.csv","epinephrine","0115-1694-30",".3 mg/.3mL","INJECTION","SUBCUTANEOUS","NDA020800","Amneal Pharmaceuticals of New York LLC","0115-1694","epinephrine","EPINEPHRINE","HUMAN PRESCRIPTION DRUG","04/01/2010","N/A","NDA AUTHORIZED GENERIC","1 CASE in 1 CARTON (0115-1694-30)  / 1 SYRINGE, GLASS in 1 CASE / .3 mL in 1 SYRINGE, GLASS","Adrenergic alpha-Agonists [MoA],  Adrenergic beta-Agonists [MoA],  Catecholamine [EPC],  Catecholamines [CS],  alpha-Adrenergic Agonist [EPC],  beta-Adrenergic Agonist [EPC]","N/A","No","12/31/2027",0,FALSE,FALSE
"Respiratory:allergy_Medication","Other_Asthma_Medications","Epinephrine",FALSE,"nonproprietary","Epinephrine","Epinephrine_nonproprietary_raw.csv","epinephrine","0115-1694-49",".3 mg/.3mL","INJECTION","SUBCUTANEOUS","NDA020800","Amneal Pharmaceuticals of New York LLC","0115-1694","epinephrine","EPINEPHRINE","HUMAN PRESCRIPTION DRUG","04/01/2010","N/A","NDA AUTHORIZED GENERIC","2 CASE in 1 CARTON (0115-1694-49)  / 1 SYRINGE, GLASS in 1 CASE / .3 mL in 1 SYRINGE, GLASS","Adrenergic alpha-Agonists [MoA],  Adrenergic beta-Agonists [MoA],  Catecholamine [EPC],  Catecholamines [CS],  alpha-Adrenergic Agonist [EPC],  beta-Adrenergic Agonist [EPC]","N/A","No","12/31/2027",0,FALSE,FALSE
"Respiratory:allergy_Medication","Other_Asthma_Medications","Epinephrine",FALSE,"nonproprietary","Epinephrine","Epinephrine_nonproprietary_raw.csv","epinephrine","0115-1695-30",".15 mg/.15mL","INJECTION","SUBCUTANEOUS","NDA020800","Amneal Pharmaceuticals of New York LLC","0115-1695","epinephrine","EPINEPHRINE","HUMAN PRESCRIPTION DRUG","04/01/2010","N/A","NDA AUTHORIZED GENERIC","1 CASE in 1 CARTON (0115-1695-30)  / 1 SYRINGE, GLASS in 1 CASE / .15 mL in 1 SYRINGE, GLASS","Adrenergic alpha-Agonists [MoA],  Adrenergic beta-Agonists [MoA],  Catecholamine [EPC],  Catecholamines [CS],  alpha-Adrenergic Agonist [EPC],  beta-Adrenergic Agonist [EPC]","N/A","No","12/31/2027",0,FALSE,FALSE
"Respiratory:allergy_Medication","Other_Asthma_Medications","Epinephrine",FALSE,"nonproprietary","Epinephrine","Epinephrine_nonproprietary_raw.csv","epinephrine","0115-1695-49",".15 mg/.15mL","INJECTION","SUBCUTANEOUS","NDA020800","Amneal Pharmaceuticals of New York LLC","0115-1695","epinephrine","EPINEPHRINE","HUMAN PRESCRIPTION DRUG","04/01/2010","N/A","NDA AUTHORIZED GENERIC","2 CASE in 1 CARTON (0115-1695-49)  / 1 SYRINGE, GLASS in 1 CASE / .15 mL in 1 SYRINGE, GLASS","Adrenergic alpha-Agonists [MoA],  Adrenergic beta-Agonists [MoA],  Catecholamine [EPC],  Catecholamines [CS],  alpha-Adrenergic Agonist [EPC],  beta-Adrenergic Agonist [EPC]","N/A","No","12/31/2027",0,FALSE,FALSE
"Respiratory:allergy_Medication","Other_Asthma_Medications","Epinephrine",FALSE,"nonproprietary","Epinephrine","Epinephrine_nonproprietary_raw.csv","epinephrine","0338-0006-20","16 ug/mL","INJECTION, SOLUTION","INTRAVENOUS","NDA218475","Baxter Healthcare Corporation","0338-0006","epinephrine","EPINEPHRINE BITARTRATE","HUMAN PRESCRIPTION DRUG","03/16/2026","N/A","NDA","20 BAG in 1 CARTON (0338-0006-20)  / 250 mL in 1 BAG","Adrenergic alpha-Agonists [MoA],  Adrenergic beta-Agonists [MoA],  Catecholamine [EPC],  Catecholamines [CS],  alpha-Adrenergic Agonist [EPC],  beta-Adrenergic Agonist [EPC]","N/A","No","12/31/2027",0,FALSE,FALSE
"Respiratory:allergy_Medication","Other_Asthma_Medications","Epinephrine",FALSE,"nonproprietary","Epinephrine","Epinephrine_nonproprietary_raw.csv","epinephrine","0338-0024-20","64 ug/mL","INJECTION, SOLUTION","INTRAVENOUS","NDA218475","Baxter Healthcare Corporation","0338-0024","epinephrine","EPINEPHRINE BITARTRATE","HUMAN PRESCRIPTION DRUG","02/28/2025","N/A","NDA","20 BAG in 1 CARTON (0338-0024-20)  / 250 mL in 1 BAG","Adrenergic alpha-Agonists [MoA],  Adrenergic beta-Agonists [MoA],  Catecholamine [EPC],  Catecholamines [CS],  alpha-Adrenergic Agonist [EPC],  beta-Adrenergic Agonist [EPC]","N/A","No","12/31/2027",0,FALSE,FALSE
"Respiratory:allergy_Medication","Other_Asthma_Medications","Epinephrine",FALSE,"nonproprietary","Epinephrine","Epinephrine_nonproprietary_raw.csv","epinephrine","0517-1171-10","1 mg/mL","INJECTION, SOLUTION","INTRAMUSCULAR; SUBCUTANEOUS","ANDA207568","American Regent, Inc.","0517-1171","epinephrine","EPINEPHRINE","HUMAN PRESCRIPTION DRUG","01/31/2023","N/A","ANDA","10 AMPULE in 1 BOX (0517-1171-10)  / 1 mL in 1 AMPULE (0517-1171-01)","Adrenergic alpha-Agonists [MoA],  Adrenergic beta-Agonists [MoA],  Catecholamine [EPC],  Catecholamines [CS],  alpha-Adrenergic Agonist [EPC],  beta-Adrenergic Agonist [EPC]","N/A","No","12/31/2026",0,FALSE,FALSE
"Respiratory:allergy_Medication","Other_Asthma_Medications","Epinephrine",FALSE,"nonproprietary","Epinephrine","Epinephrine_nonproprietary_raw.csv","epinephrine","43066-801-02","1 mg/mL","INJECTION, SOLUTION, CONCENTRATE","INTRAMUSCULAR; INTRAVENOUS; SUBCUTANEOUS","NDA220626","Baxter Healthcare Corporation","43066-801","epinephrine","EPINEPHRINE","HUMAN PRESCRIPTION DRUG","03/30/2026","N/A","NDA","1 VIAL, MULTI-DOSE in 1 CARTON (43066-801-02)  / 30 mL in 1 VIAL, MULTI-DOSE (43066-801-01)","Adrenergic alpha-Agonists [MoA],  Adrenergic beta-Agonists [MoA],  Catecholamine [EPC],  Catecholamines [CS],  alpha-Adrenergic Agonist [EPC],  beta-Adrenergic Agonist [EPC]","N/A","No","12/31/2027",0,FALSE,FALSE
"Respiratory:allergy_Medication","Other_Asthma_Medications","Epinephrine",FALSE,"nonproprietary","Epinephrine","Epinephrine_nonproprietary_raw.csv","epinephrine","43066-803-25","1 mg/mL","INJECTION, SOLUTION, CONCENTRATE","INTRAMUSCULAR; INTRAVENOUS; SUBCUTANEOUS","NDA220626","Baxter Healthcare Corporation","43066-803","epinephrine","EPINEPHRINE","HUMAN PRESCRIPTION DRUG","03/30/2026","N/A","NDA","25 VIAL, SINGLE-DOSE in 1 CARTON (43066-803-25)  / 1 mL in 1 VIAL, SINGLE-DOSE (43066-803-01)","Adrenergic alpha-Agonists [MoA],  Adrenergic beta-Agonists [MoA],  Catecholamine [EPC],  Catecholamines [CS],  alpha-Adrenergic Agonist [EPC],  beta-Adrenergic Agonist [EPC]","N/A","No","12/31/2027",0,FALSE,FALSE
"Respiratory:allergy_Medication","Other_Asthma_Medications","Epinephrine",FALSE,"nonproprietary","Epinephrine","Epinephrine_nonproprietary_raw.csv","epinephrine","50090-3155-0",".3 mg/.3mL","INJECTION","SUBCUTANEOUS","NDA020800","A-S Medication Solutions","50090-3155","epinephrine","EPINEPHRINE","HUMAN PRESCRIPTION DRUG","10/05/2017","N/A","NDA AUTHORIZED GENERIC","2 CASE in 1 CARTON (50090-3155-0)  / 1 mL in 1 CASE","Adrenergic alpha-Agonists [MoA],  Adrenergic beta-Agonists [MoA],  Catecholamine [EPC],  Catecholamines [CS],  alpha-Adrenergic Agonist [EPC],  beta-Adrenergic Agonist [EPC]","N/A","No","12/31/2026",0,FALSE,FALSE
"Respiratory:allergy_Medication","Other_Asthma_Medications","Epinephrine",FALSE,"nonproprietary","Epinephrine","Epinephrine_nonproprietary_raw.csv","epinephrine","68083-591-10","1 mg/mL","INJECTION, SOLUTION, CONCENTRATE","INTRAMUSCULAR; INTRAOCULAR; INTRAVENOUS; SUBCUTANEOUS","ANDA218144","Gland Pharma Limited","68083-591","epinephrine","EPINEPHRINE","HUMAN PRESCRIPTION DRUG","06/03/2025","N/A","ANDA","10 AMPULE in 1 BOX (68083-591-10)  / 1 mL in 1 AMPULE","Adrenergic alpha-Agonists [MoA],  Adrenergic beta-Agonists [MoA],  Catecholamine [EPC],  Catecholamines [CS],  alpha-Adrenergic Agonist [EPC],  beta-Adrenergic Agonist [EPC]","N/A","No","12/31/2026",0,FALSE,FALSE
"Respiratory:allergy_Medication","Other_Asthma_Medications","Epinephrine",FALSE,"nonproprietary","Epinephrine","Epinephrine_nonproprietary_raw.csv","epinephrine","68083-633-01","1 mg/mL","INJECTION","INTRAMUSCULAR; INTRAVENOUS; SUBCUTANEOUS","ANDA219239","Gland Pharma Limited","68083-633","epinephrine","EPINEPHRINE","HUMAN PRESCRIPTION DRUG","02/06/2025","N/A","ANDA","1 VIAL, MULTI-DOSE in 1 CARTON (68083-633-01)  / 10 mL in 1 VIAL, MULTI-DOSE","Adrenergic alpha-Agonists [MoA],  Adrenergic beta-Agonists [MoA],  Catecholamine [EPC],  Catecholamines [CS],  alpha-Adrenergic Agonist [EPC],  beta-Adrenergic Agonist [EPC]","N/A","No","12/31/2026",0,FALSE,FALSE
"Respiratory:allergy_Medication","Other_Asthma_Medications","Epinephrine",FALSE,"nonproprietary","Epinephrine","Epinephrine_nonproprietary_raw.csv","epinephrine","68083-685-01","1 mg/mL","INJECTION","INTRAMUSCULAR; INTRAVENOUS; SUBCUTANEOUS","ANDA219239","Gland Pharma Limited","68083-685","epinephrine","EPINEPHRINE","HUMAN PRESCRIPTION DRUG","10/02/2025","N/A","ANDA","1 VIAL, MULTI-DOSE in 1 CARTON (68083-685-01)  / 30 mL in 1 VIAL, MULTI-DOSE","Adrenergic alpha-Agonists [MoA],  Adrenergic beta-Agonists [MoA],  Catecholamine [EPC],  Catecholamines [CS],  alpha-Adrenergic Agonist [EPC],  beta-Adrenergic Agonist [EPC]","N/A","No","12/31/2026",0,FALSE,FALSE
"Respiratory:allergy_Medication","Other_Asthma_Medications","Epinephrine",FALSE,"nonproprietary","Epinephrine","Epinephrine_nonproprietary_raw.csv","epinephrine","68462-760-10","1 mg/mL","INJECTION","INTRAMUSCULAR; INTRAVENOUS; SUBCUTANEOUS","ANDA219239","GLENMARK PHARMACEUTICALS INC., USA","68462-760","epinephrine","EPINEPHRINE","HUMAN PRESCRIPTION DRUG","02/06/2025","N/A","ANDA","1 VIAL, MULTI-DOSE in 1 CARTON (68462-760-10)  / 10 mL in 1 VIAL, MULTI-DOSE","Adrenergic alpha-Agonists [MoA],  Adrenergic beta-Agonists [MoA],  Catecholamine [EPC],  Catecholamines [CS],  alpha-Adrenergic Agonist [EPC],  beta-Adrenergic Agonist [EPC]","N/A","No","12/31/2026",0,FALSE,FALSE
"Respiratory:allergy_Medication","Other_Asthma_Medications","Epinephrine",FALSE,"nonproprietary","Epinephrine","Epinephrine_nonproprietary_raw.csv","epinephrine","68462-761-30","1 mg/mL","INJECTION","INTRAMUSCULAR; INTRAVENOUS; SUBCUTANEOUS","ANDA219239","GLENMARK PHARMACEUTICALS INC., USA","68462-761","epinephrine","EPINEPHRINE","HUMAN PRESCRIPTION DRUG","12/18/2025","N/A","ANDA","1 VIAL, MULTI-DOSE in 1 CARTON (68462-761-30)  / 30 mL in 1 VIAL, MULTI-DOSE","Adrenergic alpha-Agonists [MoA],  Adrenergic beta-Agonists [MoA],  Catecholamine [EPC],  Catecholamines [CS],  alpha-Adrenergic Agonist [EPC],  beta-Adrenergic Agonist [EPC]","N/A","No","12/31/2026",0,FALSE,FALSE
"Respiratory:allergy_Medication","Other_Asthma_Medications","Epinephrine",FALSE,"nonproprietary","Epinephrine","Epinephrine_nonproprietary_raw.csv","epinephrine","68462-933-10","1 mg/mL","INJECTION, SOLUTION, CONCENTRATE","INTRAMUSCULAR; INTRAOCULAR; INTRAVENOUS; SUBCUTANEOUS","ANDA218144","GLENMARK PHARMACEUTICALS INC., USA","68462-933","epinephrine","EPINEPHRINE","HUMAN PRESCRIPTION DRUG","06/03/2025","N/A","ANDA","10 AMPULE in 1 BOX (68462-933-10)  / 1 mL in 1 AMPULE (68462-933-01)","Adrenergic alpha-Agonists [MoA],  Adrenergic beta-Agonists [MoA],  Catecholamine [EPC],  Catecholamines [CS],  alpha-Adrenergic Agonist [EPC],  beta-Adrenergic Agonist [EPC]","N/A","No","12/31/2026",0,FALSE,FALSE
"Respiratory:allergy_Medication","Other_Asthma_Medications","Epinephrine",FALSE,"nonproprietary","Epinephrine","Epinephrine_nonproprietary_raw.csv","epinephrine","70121-1660-2","1 mg/mL","INJECTION","INTRAMUSCULAR; INTRAVENOUS; SUBCUTANEOUS","ANDA217485","Amneal Pharmaceuticals LLC","70121-1660","epinephrine","EPINEPHRINE","HUMAN PRESCRIPTION DRUG","10/14/2025","N/A","ANDA","1 VIAL, MULTI-DOSE in 1 CARTON (70121-1660-2)  / 1 mL in 1 VIAL, MULTI-DOSE","Adrenergic alpha-Agonists [MoA],  Adrenergic beta-Agonists [MoA],  Catecholamine [EPC],  Catecholamines [CS],  alpha-Adrenergic Agonist [EPC],  beta-Adrenergic Agonist [EPC]","N/A","No","12/31/2026",0,FALSE,FALSE
"Respiratory:allergy_Medication","Other_Asthma_Medications","Epinephrine",FALSE,"nonproprietary","Epinephrine","Epinephrine_nonproprietary_raw.csv","epinephrine","70518-2048-0",".3 mg/.3mL","INJECTION","SUBCUTANEOUS","NDA020800","REMEDYREPACK INC.","70518-2048","epinephrine","EPINEPHRINE","HUMAN PRESCRIPTION DRUG","04/29/2019","N/A","NDA AUTHORIZED GENERIC","2 CASE in 1 CARTON (70518-2048-0)  / 1 SYRINGE, GLASS in 1 CASE / .3 mL in 1 SYRINGE, GLASS","Adrenergic alpha-Agonists [MoA],  Adrenergic beta-Agonists [MoA],  Catecholamine [EPC],  Catecholamines [CS],  alpha-Adrenergic Agonist [EPC],  beta-Adrenergic Agonist [EPC]","N/A","No","12/31/2027",0,FALSE,FALSE
"Respiratory:allergy_Medication","Other_Asthma_Medications","Epinephrine",FALSE,"nonproprietary","Epinephrine","Epinephrine_nonproprietary_raw.csv","epinephrine","70518-4573-0",".15 mg/.15mL","INJECTION","SUBCUTANEOUS","NDA020800","REMEDYREPACK INC.","70518-4573","epinephrine","EPINEPHRINE","HUMAN PRESCRIPTION DRUG","02/11/2026","N/A","NDA AUTHORIZED GENERIC","2 CASE in 1 CARTON (70518-4573-0)  / 1 SYRINGE, GLASS in 1 CASE / .15 mL in 1 SYRINGE, GLASS","Adrenergic alpha-Agonists [MoA],  Adrenergic beta-Agonists [MoA],  Catecholamine [EPC],  Catecholamines [CS],  alpha-Adrenergic Agonist [EPC],  beta-Adrenergic Agonist [EPC]","N/A","No","12/31/2027",0,FALSE,FALSE
"Respiratory:allergy_Medication","Other_Asthma_Medications","Epinephrine",FALSE,"nonproprietary","Epinephrine","Epinephrine_nonproprietary_raw.csv","epinephrine","76420-467-02",".3 mg/.3mL","INJECTION","SUBCUTANEOUS","NDA020800","ASCLEMED USA INC.","76420-467","epinephrine","EPINEPHRINE","HUMAN PRESCRIPTION DRUG","09/04/2025","N/A","NDA AUTHORIZED GENERIC","2 CASE in 1 CARTON (76420-467-02)  / 1 SYRINGE, GLASS in 1 CASE / .3 mL in 1 SYRINGE, GLASS","Adrenergic alpha-Agonists [MoA],  Adrenergic beta-Agonists [MoA],  Catecholamine [EPC],  Catecholamines [CS],  alpha-Adrenergic Agonist [EPC],  beta-Adrenergic Agonist [EPC]","N/A","No","12/31/2026",0,FALSE,FALSE
"Respiratory:allergy_Medication","Other_Asthma_Medications","Epinephrine",FALSE,"nonproprietary","Epinephrine","Epinephrine_nonproprietary_raw.csv","epinephrine","76420-834-01",".3 mg/.3mL","INJECTION","SUBCUTANEOUS","NDA020800","Asclemed USA, Inc.","76420-834","epinephrine","EPINEPHRINE","HUMAN PRESCRIPTION DRUG","08/02/2024","N/A","NDA AUTHORIZED GENERIC","1 CASE in 1 CARTON (76420-834-01)  / 1 SYRINGE, GLASS in 1 CASE / .3 mL in 1 SYRINGE, GLASS","Adrenergic alpha-Agonists [MoA],  Adrenergic beta-Agonists [MoA],  Catecholamine [EPC],  Catecholamines [CS],  alpha-Adrenergic Agonist [EPC],  beta-Adrenergic Agonist [EPC]","N/A","No","12/31/2026",0,FALSE,FALSE
"Respiratory:allergy_Medication","Other_Asthma_Medications","Epinephrine",FALSE,"nonproprietary","Epinephrine","Epinephrine_nonproprietary_raw.csv","epinephrine","76420-834-02",".3 mg/.3mL","INJECTION","SUBCUTANEOUS","NDA020800","Asclemed USA, Inc.","76420-834","epinephrine","EPINEPHRINE","HUMAN PRESCRIPTION DRUG","08/02/2024","N/A","NDA AUTHORIZED GENERIC","2 CASE in 1 CARTON (76420-834-02)  / 1 SYRINGE, GLASS in 1 CASE / .3 mL in 1 SYRINGE, GLASS","Adrenergic alpha-Agonists [MoA],  Adrenergic beta-Agonists [MoA],  Catecholamine [EPC],  Catecholamines [CS],  alpha-Adrenergic Agonist [EPC],  beta-Adrenergic Agonist [EPC]","N/A","No","12/31/2026",0,FALSE,FALSE
"Respiratory:allergy_Medication","Other_Asthma_Medications","Epinephrine",FALSE,"nonproprietary","Epinephrine","Epinephrine_nonproprietary_raw.csv","epinephrine","76420-835-01",".15 mg/.15mL","INJECTION","SUBCUTANEOUS","NDA020800","Asclemed USA, Inc.","76420-835","epinephrine","EPINEPHRINE","HUMAN PRESCRIPTION DRUG","08/02/2024","N/A","NDA AUTHORIZED GENERIC","1 CASE in 1 CARTON (76420-835-01)  / 1 SYRINGE, GLASS in 1 CASE / .15 mL in 1 SYRINGE, GLASS","Adrenergic alpha-Agonists [MoA],  Adrenergic beta-Agonists [MoA],  Catecholamine [EPC],  Catecholamines [CS],  alpha-Adrenergic Agonist [EPC],  beta-Adrenergic Agonist [EPC]","N/A","No","12/31/2026",0,FALSE,FALSE
"Respiratory:allergy_Medication","Other_Asthma_Medications","Epinephrine",FALSE,"nonproprietary","Epinephrine","Epinephrine_nonproprietary_raw.csv","epinephrine","76420-835-02",".15 mg/.15mL","INJECTION","SUBCUTANEOUS","NDA020800","Asclemed USA, Inc.","76420-835","epinephrine","EPINEPHRINE","HUMAN PRESCRIPTION DRUG","08/02/2024","N/A","NDA AUTHORIZED GENERIC","2 CASE in 1 CARTON (76420-835-02)  / 1 SYRINGE, GLASS in 1 CASE / .15 mL in 1 SYRINGE, GLASS","Adrenergic alpha-Agonists [MoA],  Adrenergic beta-Agonists [MoA],  Catecholamine [EPC],  Catecholamines [CS],  alpha-Adrenergic Agonist [EPC],  beta-Adrenergic Agonist [EPC]","N/A","No","12/31/2026",0,FALSE,FALSE
"Respiratory:allergy_Medication","Other_Asthma_Medications","Epinephrine",FALSE,"nonproprietary","Epinephrine","Epinephrine_nonproprietary_raw.csv","epinephrine","85766-061-01",".3 mg/.3mL","INJECTION","SUBCUTANEOUS","NDA020800","Sportpharm LLC","85766-061","epinephrine","EPINEPHRINE","HUMAN PRESCRIPTION DRUG","02/03/2026","N/A","NDA AUTHORIZED GENERIC","1 CASE in 1 CARTON (85766-061-01)  / 1 SYRINGE, GLASS in 1 CASE / .3 mL in 1 SYRINGE, GLASS","Adrenergic alpha-Agonists [MoA],  Adrenergic beta-Agonists [MoA],  Catecholamine [EPC],  Catecholamines [CS],  alpha-Adrenergic Agonist [EPC],  beta-Adrenergic Agonist [EPC]","N/A","No","12/31/2027",0,FALSE,FALSE
"Respiratory:allergy_Medication","Other_Asthma_Medications","Epinephrine",FALSE,"nonproprietary","Epinephrine","Epinephrine_nonproprietary_raw.csv","epinephrine","85766-061-02",".3 mg/.3mL","INJECTION","SUBCUTANEOUS","NDA020800","Sportpharm LLC","85766-061","epinephrine","EPINEPHRINE","HUMAN PRESCRIPTION DRUG","09/04/2025","N/A","NDA AUTHORIZED GENERIC","2 CASE in 1 CARTON (85766-061-02)  / 1 SYRINGE, GLASS in 1 CASE / .3 mL in 1 SYRINGE, GLASS","Adrenergic alpha-Agonists [MoA],  Adrenergic beta-Agonists [MoA],  Catecholamine [EPC],  Catecholamines [CS],  alpha-Adrenergic Agonist [EPC],  beta-Adrenergic Agonist [EPC]","N/A","No","12/31/2027",0,FALSE,FALSE
"Respiratory:allergy_Medication","Other_Asthma_Medications","Epinephrine",FALSE,"nonproprietary","Epinephrine","Epinephrine_nonproprietary_raw.csv","neffy","71872-7330-1","2 mg/100uL","SPRAY","NASAL","NDA214697","Medical Purchasing Solutions, LLC","71872-7330","epinephrine","EPINEPHRINE","HUMAN PRESCRIPTION DRUG","01/16/2025","N/A","NDA","1 BLISTER PACK in 1 BAG (71872-7330-1)  / 1 VIAL, SINGLE-DOSE in 1 BLISTER PACK / 100 uL in 1 VIAL, SINGLE-DOSE","Adrenergic alpha-Agonists [MoA],  Adrenergic beta-Agonists [MoA],  Catecholamine [EPC],  Catecholamines [CS],  alpha-Adrenergic Agonist [EPC],  beta-Adrenergic Agonist [EPC]","N/A","No","12/31/2026",0,FALSE,FALSE
"Respiratory:allergy_Medication","Other_Asthma_Medications","Epinephrine",FALSE,"nonproprietary","Epinephrine","Epinephrine_nonproprietary_raw.csv","neffy","82580-010-02","1 mg/100uL","SPRAY","NASAL","NDA214697","ARS Pharmaceuticals Operations, Inc.","82580-010","epinephrine","EPINEPHRINE","HUMAN PRESCRIPTION DRUG","03/05/2025","N/A","NDA","2 BLISTER PACK in 1 CARTON (82580-010-02)  / 1 VIAL, SINGLE-DOSE in 1 BLISTER PACK / 100 uL in 1 VIAL, SINGLE-DOSE","Adrenergic alpha-Agonists [MoA],  Adrenergic beta-Agonists [MoA],  Catecholamine [EPC],  Catecholamines [CS],  alpha-Adrenergic Agonist [EPC],  beta-Adrenergic Agonist [EPC]","N/A","No","12/31/2027",0,FALSE,FALSE
"Respiratory:allergy_Medication","Other_Asthma_Medications","Epinephrine",FALSE,"nonproprietary","Epinephrine","Epinephrine_nonproprietary_raw.csv","neffy","82580-020-02","2 mg/100uL","SPRAY","NASAL","NDA214697","ARS Pharmaceuticals Operations, Inc.","82580-020","epinephrine","EPINEPHRINE","HUMAN PRESCRIPTION DRUG","08/09/2024","N/A","NDA","2 BLISTER PACK in 1 CARTON (82580-020-02)  / 1 VIAL, SINGLE-DOSE in 1 BLISTER PACK / 100 uL in 1 VIAL, SINGLE-DOSE","Adrenergic alpha-Agonists [MoA],  Adrenergic beta-Agonists [MoA],  Catecholamine [EPC],  Catecholamines [CS],  alpha-Adrenergic Agonist [EPC],  beta-Adrenergic Agonist [EPC]","N/A","No","12/31/2027",0,FALSE,FALSE
"Respiratory:allergy_Medication","Other_Asthma_Medications","Epinephrine",FALSE,"nonproprietary","Epinephrine","Epinephrine_nonproprietary_raw.csv","neffy","85766-129-02","1 mg/100uL","SPRAY","NASAL","NDA214697","Sportpharm LLC","85766-129","epinephrine","EPINEPHRINE","HUMAN PRESCRIPTION DRUG","12/06/2025","N/A","NDA","2 BLISTER PACK in 1 CARTON (85766-129-02)  / 1 VIAL, SINGLE-DOSE in 1 BLISTER PACK / 100 uL in 1 VIAL, SINGLE-DOSE","Adrenergic alpha-Agonists [MoA],  Adrenergic beta-Agonists [MoA],  Catecholamine [EPC],  Catecholamines [CS],  alpha-Adrenergic Agonist [EPC],  beta-Adrenergic Agonist [EPC]","N/A","No","12/31/2027",0,FALSE,FALSE
"Respiratory:allergy_Medication","Other_Asthma_Medications","Epinephrine",FALSE,"nonproprietary","Epinephrine","Epinephrine_nonproprietary_raw.csv","neffy","85766-130-02","2 mg/100uL","SPRAY","NASAL","NDA214697","Sportpharm LLC","85766-130","epinephrine","EPINEPHRINE","HUMAN PRESCRIPTION DRUG","12/06/2025","N/A","NDA","2 BLISTER PACK in 1 CARTON (85766-130-02)  / 1 VIAL, SINGLE-DOSE in 1 BLISTER PACK / 100 uL in 1 VIAL, SINGLE-DOSE","Adrenergic alpha-Agonists [MoA],  Adrenergic beta-Agonists [MoA],  Catecholamine [EPC],  Catecholamines [CS],  alpha-Adrenergic Agonist [EPC],  beta-Adrenergic Agonist [EPC]","N/A","No","12/31/2027",0,FALSE,FALSE
"Respiratory:allergy_Medication","Other_Asthma_Medications","Epinephrine",FALSE,"nonproprietary","Epinephrine","Epinephrine_nonproprietary_raw.csv","norepinephrine bitartrate","72205-241-07","1 mg/mL","INJECTION, SOLUTION, CONCENTRATE","INTRAVENOUS","ANDA218595","Novadoz Pharmaceuticals LLC","72205-241","norepinephrine bitartrate","NOREPINEPHRINE BITARTRATE","HUMAN PRESCRIPTION DRUG","12/11/2025","N/A","ANDA","10 VIAL in 1 CARTON (72205-241-07)  / 4 mL in 1 VIAL","Catecholamine [EPC],  Catecholamines [CS]","N/A","No","12/31/2026",0,FALSE,FALSE
"Respiratory:allergy_Medication","Other_Asthma_Medications","Epinephrine",FALSE,"nonproprietary","Epinephrine","Epinephrine_nonproprietary_raw.csv","norepinephrine bitartrate","83634-307-04","1 mg/mL","INJECTION, SOLUTION","INTRAVENOUS","ANDA219924","Avenacy, LLC","83634-307","norepinephrine bitartrate","NOREPINEPHRINE BITARTRATE","HUMAN PRESCRIPTION DRUG","02/01/2026","N/A","ANDA","10 VIAL, SINGLE-DOSE in 1 CARTON (83634-307-04)  / 4 mL in 1 VIAL, SINGLE-DOSE (83634-307-41)","Catecholamine [EPC],  Catecholamines [CS]","N/A","No","12/31/2026",0,FALSE,FALSE
"Respiratory:allergy_Medication","Other_Asthma_Medications","FluticasoneFuroateUmeclidiniumVilanterol",TRUE,"proprietary","TrelegyEllipta","FluticasoneFuroateUmeclidiniumVilanterol_combo_TrelegyEllipta_proprietary_raw.csv","Trelegy Ellipta","0173-0887-10","100 ug/1,                         62.5  ug/1,                         25  ug/1","POWDER","RESPIRATORY (INHALATION)","NDA209482","GlaxoSmithKline LLC","0173-0887","fluticasone furoate, umeclidinium bromide and vilanterol trifenatate","FLUTICASONE FUROATE;  UMECLIDINIUM BROMIDE;  VILANTEROL TRIFENATATE","HUMAN PRESCRIPTION DRUG","09/18/2017","N/A","NDA","1 TRAY in 1 CARTON (0173-0887-10)  / 1 INHALER in 1 TRAY / 30 POWDER in 1 INHALER","Adrenergic beta2-Agonists [MoA],  Anticholinergic [EPC],  Cholinergic Antagonists [MoA],  Corticosteroid Hormone Receptor Agonists [MoA],  Corticosteroid [EPC],  beta2-Adrenergic Agonist [EPC]","N/A","No","12/31/2027",0,FALSE,FALSE
"Respiratory:allergy_Medication","Other_Asthma_Medications","FluticasoneFuroateUmeclidiniumVilanterol",TRUE,"proprietary","TrelegyEllipta","FluticasoneFuroateUmeclidiniumVilanterol_combo_TrelegyEllipta_proprietary_raw.csv","Trelegy Ellipta","0173-0887-14","100 ug/1,                         62.5  ug/1,                         25  ug/1","POWDER","RESPIRATORY (INHALATION)","NDA209482","GlaxoSmithKline LLC","0173-0887","fluticasone furoate, umeclidinium bromide and vilanterol trifenatate","FLUTICASONE FUROATE;  UMECLIDINIUM BROMIDE;  VILANTEROL TRIFENATATE","HUMAN PRESCRIPTION DRUG","09/18/2017","N/A","NDA","1 TRAY in 1 CARTON (0173-0887-14)  / 1 INHALER in 1 TRAY / 14 POWDER in 1 INHALER","Adrenergic beta2-Agonists [MoA],  Anticholinergic [EPC],  Cholinergic Antagonists [MoA],  Corticosteroid Hormone Receptor Agonists [MoA],  Corticosteroid [EPC],  beta2-Adrenergic Agonist [EPC]","N/A","No","12/31/2027",0,FALSE,FALSE
"Respiratory:allergy_Medication","Other_Asthma_Medications","FluticasoneFuroateUmeclidiniumVilanterol",TRUE,"proprietary","TrelegyEllipta","FluticasoneFuroateUmeclidiniumVilanterol_combo_TrelegyEllipta_proprietary_raw.csv","Trelegy Ellipta","0173-0887-61","100 ug/1,                         62.5  ug/1,                         25  ug/1","POWDER","RESPIRATORY (INHALATION)","NDA209482","GlaxoSmithKline LLC","0173-0887","fluticasone furoate, umeclidinium bromide and vilanterol trifenatate","FLUTICASONE FUROATE;  UMECLIDINIUM BROMIDE;  VILANTEROL TRIFENATATE","HUMAN PRESCRIPTION DRUG","09/18/2017","N/A","NDA","1 TRAY in 1 CARTON (0173-0887-61)  / 1 INHALER in 1 TRAY / 14 POWDER in 1 INHALER","Adrenergic beta2-Agonists [MoA],  Anticholinergic [EPC],  Cholinergic Antagonists [MoA],  Corticosteroid Hormone Receptor Agonists [MoA],  Corticosteroid [EPC],  beta2-Adrenergic Agonist [EPC]","N/A","Yes","12/31/2027",0,FALSE,FALSE
"Respiratory:allergy_Medication","Other_Asthma_Medications","FluticasoneFuroateUmeclidiniumVilanterol",TRUE,"proprietary","TrelegyEllipta","FluticasoneFuroateUmeclidiniumVilanterol_combo_TrelegyEllipta_proprietary_raw.csv","Trelegy Ellipta","0173-0893-10","200 ug/1,                         62.5  ug/1,                         25  ug/1","POWDER","RESPIRATORY (INHALATION)","NDA209482","GlaxoSmithKline LLC","0173-0893","fluticasone furoate, umeclidinium bromide and vilanterol trifenatate","FLUTICASONE FUROATE;  UMECLIDINIUM BROMIDE;  VILANTEROL TRIFENATATE","HUMAN PRESCRIPTION DRUG","09/09/2020","N/A","NDA","1 TRAY in 1 CARTON (0173-0893-10)  / 1 INHALER in 1 TRAY / 30 POWDER in 1 INHALER","Adrenergic beta2-Agonists [MoA],  Anticholinergic [EPC],  Cholinergic Antagonists [MoA],  Corticosteroid Hormone Receptor Agonists [MoA],  Corticosteroid [EPC],  beta2-Adrenergic Agonist [EPC]","N/A","No","12/31/2027",0,FALSE,FALSE
"Respiratory:allergy_Medication","Other_Asthma_Medications","FluticasoneFuroateUmeclidiniumVilanterol",TRUE,"proprietary","TrelegyEllipta","FluticasoneFuroateUmeclidiniumVilanterol_combo_TrelegyEllipta_proprietary_raw.csv","Trelegy Ellipta","0173-0893-14","200 ug/1,                         62.5  ug/1,                         25  ug/1","POWDER","RESPIRATORY (INHALATION)","NDA209482","GlaxoSmithKline LLC","0173-0893","fluticasone furoate, umeclidinium bromide and vilanterol trifenatate","FLUTICASONE FUROATE;  UMECLIDINIUM BROMIDE;  VILANTEROL TRIFENATATE","HUMAN PRESCRIPTION DRUG","09/09/2020","N/A","NDA","1 TRAY in 1 CARTON (0173-0893-14)  / 1 INHALER in 1 TRAY / 14 POWDER in 1 INHALER","Adrenergic beta2-Agonists [MoA],  Anticholinergic [EPC],  Cholinergic Antagonists [MoA],  Corticosteroid Hormone Receptor Agonists [MoA],  Corticosteroid [EPC],  beta2-Adrenergic Agonist [EPC]","N/A","No","12/31/2027",0,FALSE,FALSE
"Respiratory:allergy_Medication","Other_Asthma_Medications","FluticasoneFuroateUmeclidiniumVilanterol",TRUE,"proprietary","TrelegyEllipta","FluticasoneFuroateUmeclidiniumVilanterol_combo_TrelegyEllipta_proprietary_raw.csv","Trelegy Ellipta","0173-0893-61","200 ug/1,                         62.5  ug/1,                         25  ug/1","POWDER","RESPIRATORY (INHALATION)","NDA209482","GlaxoSmithKline LLC","0173-0893","fluticasone furoate, umeclidinium bromide and vilanterol trifenatate","FLUTICASONE FUROATE;  UMECLIDINIUM BROMIDE;  VILANTEROL TRIFENATATE","HUMAN PRESCRIPTION DRUG","09/09/2020","N/A","NDA","1 TRAY in 1 CARTON (0173-0893-61)  / 1 INHALER in 1 TRAY / 14 POWDER in 1 INHALER","Adrenergic beta2-Agonists [MoA],  Anticholinergic [EPC],  Cholinergic Antagonists [MoA],  Corticosteroid Hormone Receptor Agonists [MoA],  Corticosteroid [EPC],  beta2-Adrenergic Agonist [EPC]","N/A","Yes","12/31/2027",0,FALSE,FALSE
"Respiratory:allergy_Medication","Other_Asthma_Medications","FluticasoneFuroateVilanterol",TRUE,"proprietary","BreoEllipta","FluticasoneFuroateVilanterol_combo_BreoEllipta_proprietary_raw.csv","Breo Ellipta","0173-0859-10","100 ug/1,                         25  ug/1","POWDER","RESPIRATORY (INHALATION)","NDA204275","GlaxoSmithKline LLC","0173-0859","fluticasone furoate and vilanterol trifenatate","FLUTICASONE FUROATE;  VILANTEROL TRIFENATATE","HUMAN PRESCRIPTION DRUG","08/26/2013","N/A","NDA","1 TRAY in 1 CARTON (0173-0859-10)  / 1 INHALER in 1 TRAY / 30 POWDER in 1 INHALER","Adrenergic beta2-Agonists [MoA],  Corticosteroid Hormone Receptor Agonists [MoA],  Corticosteroid [EPC],  beta2-Adrenergic Agonist [EPC]","N/A","No","12/31/2027",0,FALSE,FALSE
"Respiratory:allergy_Medication","Other_Asthma_Medications","FluticasoneFuroateVilanterol",TRUE,"proprietary","BreoEllipta","FluticasoneFuroateVilanterol_combo_BreoEllipta_proprietary_raw.csv","Breo Ellipta","0173-0859-14","100 ug/1,                         25  ug/1","POWDER","RESPIRATORY (INHALATION)","NDA204275","GlaxoSmithKline LLC","0173-0859","fluticasone furoate and vilanterol trifenatate","FLUTICASONE FUROATE;  VILANTEROL TRIFENATATE","HUMAN PRESCRIPTION DRUG","08/26/2013","N/A","NDA","1 TRAY in 1 CARTON (0173-0859-14)  / 1 INHALER in 1 TRAY / 14 POWDER in 1 INHALER","Adrenergic beta2-Agonists [MoA],  Corticosteroid Hormone Receptor Agonists [MoA],  Corticosteroid [EPC],  beta2-Adrenergic Agonist [EPC]","N/A","No","12/31/2027",0,FALSE,FALSE
"Respiratory:allergy_Medication","Other_Asthma_Medications","FluticasoneFuroateVilanterol",TRUE,"proprietary","BreoEllipta","FluticasoneFuroateVilanterol_combo_BreoEllipta_proprietary_raw.csv","Breo Ellipta","0173-0882-10","200 ug/1,                         25  ug/1","POWDER","RESPIRATORY (INHALATION)","NDA204275","GlaxoSmithKline LLC","0173-0882","fluticasone furoate and vilanterol trifenatate","FLUTICASONE FUROATE;  VILANTEROL TRIFENATATE","HUMAN PRESCRIPTION DRUG","04/30/2015","N/A","NDA","1 TRAY in 1 CARTON (0173-0882-10)  / 1 INHALER in 1 TRAY / 30 POWDER in 1 INHALER","Adrenergic beta2-Agonists [MoA],  Corticosteroid Hormone Receptor Agonists [MoA],  Corticosteroid [EPC],  beta2-Adrenergic Agonist [EPC]","N/A","No","12/31/2027",0,FALSE,FALSE
"Respiratory:allergy_Medication","Other_Asthma_Medications","FluticasoneFuroateVilanterol",TRUE,"proprietary","BreoEllipta","FluticasoneFuroateVilanterol_combo_BreoEllipta_proprietary_raw.csv","Breo Ellipta","0173-0882-14","200 ug/1,                         25  ug/1","POWDER","RESPIRATORY (INHALATION)","NDA204275","GlaxoSmithKline LLC","0173-0882","fluticasone furoate and vilanterol trifenatate","FLUTICASONE FUROATE;  VILANTEROL TRIFENATATE","HUMAN PRESCRIPTION DRUG","04/30/2015","N/A","NDA","1 TRAY in 1 CARTON (0173-0882-14)  / 1 INHALER in 1 TRAY / 14 POWDER in 1 INHALER","Adrenergic beta2-Agonists [MoA],  Corticosteroid Hormone Receptor Agonists [MoA],  Corticosteroid [EPC],  beta2-Adrenergic Agonist [EPC]","N/A","No","12/31/2027",0,FALSE,FALSE
"Respiratory:allergy_Medication","Other_Asthma_Medications","FluticasoneFuroateVilanterol",TRUE,"proprietary","BreoEllipta","FluticasoneFuroateVilanterol_combo_BreoEllipta_proprietary_raw.csv","Breo Ellipta","0173-0916-10","50 ug/1,                         25  ug/1","POWDER","RESPIRATORY (INHALATION)","NDA204275","GlaxoSmithKline LLC","0173-0916","fluticasone furoate and vilanterol trifenatate","FLUTICASONE FUROATE;  VILANTEROL TRIFENATATE","HUMAN PRESCRIPTION DRUG","05/12/2023","N/A","NDA","1 TRAY in 1 CARTON (0173-0916-10)  / 1 INHALER in 1 TRAY / 30 POWDER in 1 INHALER","Adrenergic beta2-Agonists [MoA],  Corticosteroid Hormone Receptor Agonists [MoA],  Corticosteroid [EPC],  beta2-Adrenergic Agonist [EPC]","N/A","No","12/31/2027",0,FALSE,FALSE
"Respiratory:allergy_Medication","Other_Asthma_Medications","FluticasonePropionateSalmeterolXinafoate",TRUE,"proprietary","AdvairDiskus","FluticasonePropionateSalmeterolXinafoate_combo_AdvairDiskus_proprietary_raw.csv","ADVAIR DISKUS","50090-4310-0","50 ug/1,                         100  ug/1","POWDER","RESPIRATORY (INHALATION)","NDA021077","A-S Medication Solutions","50090-4310","fluticasone propionate and salmeterol","FLUTICASONE PROPIONATE;  SALMETEROL XINAFOATE","HUMAN PRESCRIPTION DRUG","05/28/2019","N/A","NDA","1 INHALER in 1 CARTON (50090-4310-0)  / 60 POWDER in 1 INHALER","Adrenergic beta2-Agonists [MoA],  Corticosteroid Hormone Receptor Agonists [MoA],  Corticosteroid [EPC],  beta2-Adrenergic Agonist [EPC]","N/A","No","12/31/2026",0,FALSE,FALSE
"Respiratory:allergy_Medication","Other_Asthma_Medications","FluticasonePropionateSalmeterolXinafoate",TRUE,"proprietary","AdvairDiskus","FluticasonePropionateSalmeterolXinafoate_combo_AdvairDiskus_proprietary_raw.csv","ADVAIR DISKUS","50090-4502-0","50 ug/1,                         250  ug/1","POWDER","RESPIRATORY (INHALATION)","NDA021077","A-S Medication Solutions","50090-4502","fluticasone propionate and salmeterol","FLUTICASONE PROPIONATE;  SALMETEROL XINAFOATE","HUMAN PRESCRIPTION DRUG","09/04/2019","N/A","NDA","1 INHALER in 1 CARTON (50090-4502-0)  / 60 POWDER in 1 INHALER","Adrenergic beta2-Agonists [MoA],  Corticosteroid Hormone Receptor Agonists [MoA],  Corticosteroid [EPC],  beta2-Adrenergic Agonist [EPC]","N/A","No","12/31/2026",0,FALSE,FALSE
"Respiratory:allergy_Medication","Other_Asthma_Medications","FluticasonePropionateSalmeterolXinafoate",TRUE,"proprietary","AdvairHFA","FluticasonePropionateSalmeterolXinafoate_combo_AdvairHFA_proprietary_raw.csv","ADVAIR HFA","0173-0715-20","45 ug/1,                         21  ug/1","AEROSOL, METERED","RESPIRATORY (INHALATION)","NDA021254","GlaxoSmithKline LLC","0173-0715","fluticasone propionate and salmeterol xinafoate","FLUTICASONE PROPIONATE;  SALMETEROL XINAFOATE","HUMAN PRESCRIPTION DRUG","09/29/2008","N/A","NDA","1 INHALER in 1 CARTON (0173-0715-20)  / 120 AEROSOL, METERED in 1 INHALER","Adrenergic beta2-Agonists [MoA],  Corticosteroid Hormone Receptor Agonists [MoA],  Corticosteroid [EPC],  beta2-Adrenergic Agonist [EPC]","N/A","No","12/31/2027",0,FALSE,FALSE
"Respiratory:allergy_Medication","Other_Asthma_Medications","FluticasonePropionateSalmeterolXinafoate",TRUE,"proprietary","AdvairHFA","FluticasonePropionateSalmeterolXinafoate_combo_AdvairHFA_proprietary_raw.csv","ADVAIR HFA","0173-0715-22","45 ug/1,                         21  ug/1","AEROSOL, METERED","RESPIRATORY (INHALATION)","NDA021254","GlaxoSmithKline LLC","0173-0715","fluticasone propionate and salmeterol xinafoate","FLUTICASONE PROPIONATE;  SALMETEROL XINAFOATE","HUMAN PRESCRIPTION DRUG","09/29/2008","N/A","NDA","1 INHALER in 1 CARTON (0173-0715-22)  / 60 AEROSOL, METERED in 1 INHALER","Adrenergic beta2-Agonists [MoA],  Corticosteroid Hormone Receptor Agonists [MoA],  Corticosteroid [EPC],  beta2-Adrenergic Agonist [EPC]","N/A","No","12/31/2027",0,FALSE,FALSE
"Respiratory:allergy_Medication","Other_Asthma_Medications","FluticasonePropionateSalmeterolXinafoate",TRUE,"proprietary","AdvairHFA","FluticasonePropionateSalmeterolXinafoate_combo_AdvairHFA_proprietary_raw.csv","ADVAIR HFA","0173-0716-20","115 ug/1,                         21  ug/1","AEROSOL, METERED","RESPIRATORY (INHALATION)","NDA021254","GlaxoSmithKline LLC","0173-0716","fluticasone propionate and salmeterol xinafoate","FLUTICASONE PROPIONATE;  SALMETEROL XINAFOATE","HUMAN PRESCRIPTION DRUG","09/29/2008","N/A","NDA","1 INHALER in 1 CARTON (0173-0716-20)  / 120 AEROSOL, METERED in 1 INHALER","Adrenergic beta2-Agonists [MoA],  Corticosteroid Hormone Receptor Agonists [MoA],  Corticosteroid [EPC],  beta2-Adrenergic Agonist [EPC]","N/A","No","12/31/2027",0,FALSE,FALSE
"Respiratory:allergy_Medication","Other_Asthma_Medications","FluticasonePropionateSalmeterolXinafoate",TRUE,"proprietary","AdvairHFA","FluticasonePropionateSalmeterolXinafoate_combo_AdvairHFA_proprietary_raw.csv","ADVAIR HFA","0173-0716-22","115 ug/1,                         21  ug/1","AEROSOL, METERED","RESPIRATORY (INHALATION)","NDA021254","GlaxoSmithKline LLC","0173-0716","fluticasone propionate and salmeterol xinafoate","FLUTICASONE PROPIONATE;  SALMETEROL XINAFOATE","HUMAN PRESCRIPTION DRUG","09/29/2008","N/A","NDA","1 INHALER in 1 CARTON (0173-0716-22)  / 60 AEROSOL, METERED in 1 INHALER","Adrenergic beta2-Agonists [MoA],  Corticosteroid Hormone Receptor Agonists [MoA],  Corticosteroid [EPC],  beta2-Adrenergic Agonist [EPC]","N/A","No","12/31/2027",0,FALSE,FALSE
"Respiratory:allergy_Medication","Other_Asthma_Medications","FluticasonePropionateSalmeterolXinafoate",TRUE,"proprietary","AdvairHFA","FluticasonePropionateSalmeterolXinafoate_combo_AdvairHFA_proprietary_raw.csv","ADVAIR HFA","0173-0717-20","230 ug/1,                         21  ug/1","AEROSOL, METERED","RESPIRATORY (INHALATION)","NDA021254","GlaxoSmithKline LLC","0173-0717","fluticasone propionate and salmeterol xinafoate","FLUTICASONE PROPIONATE;  SALMETEROL XINAFOATE","HUMAN PRESCRIPTION DRUG","03/06/2009","N/A","NDA","1 INHALER in 1 CARTON (0173-0717-20)  / 120 AEROSOL, METERED in 1 INHALER","Adrenergic beta2-Agonists [MoA],  Corticosteroid Hormone Receptor Agonists [MoA],  Corticosteroid [EPC],  beta2-Adrenergic Agonist [EPC]","N/A","No","12/31/2027",0,FALSE,FALSE
"Respiratory:allergy_Medication","Other_Asthma_Medications","FluticasonePropionateSalmeterolXinafoate",TRUE,"proprietary","AdvairHFA","FluticasonePropionateSalmeterolXinafoate_combo_AdvairHFA_proprietary_raw.csv","ADVAIR HFA","0173-0717-22","230 ug/1,                         21  ug/1","AEROSOL, METERED","RESPIRATORY (INHALATION)","NDA021254","GlaxoSmithKline LLC","0173-0717","fluticasone propionate and salmeterol xinafoate","FLUTICASONE PROPIONATE;  SALMETEROL XINAFOATE","HUMAN PRESCRIPTION DRUG","03/06/2009","N/A","NDA","1 INHALER in 1 CARTON (0173-0717-22)  / 60 AEROSOL, METERED in 1 INHALER","Adrenergic beta2-Agonists [MoA],  Corticosteroid Hormone Receptor Agonists [MoA],  Corticosteroid [EPC],  beta2-Adrenergic Agonist [EPC]","N/A","No","12/31/2027",0,FALSE,FALSE
"Respiratory:allergy_Medication","Other_Asthma_Medications","FluticasonePropionateSalmeterolXinafoate",TRUE,"proprietary","AdvairHFA","FluticasonePropionateSalmeterolXinafoate_combo_AdvairHFA_proprietary_raw.csv","ADVAIR HFA","50090-3672-0","115 ug/1,                         21  ug/1","AEROSOL, METERED","RESPIRATORY (INHALATION)","NDA021254","A-S Medication Solutions","50090-3672","fluticasone propionate and salmeterol xinafoate","FLUTICASONE PROPIONATE;  SALMETEROL XINAFOATE","HUMAN PRESCRIPTION DRUG","10/16/2018","N/A","NDA","1 INHALER in 1 CARTON (50090-3672-0)  / 120 AEROSOL, METERED in 1 INHALER","Adrenergic beta2-Agonists [MoA],  Corticosteroid Hormone Receptor Agonists [MoA],  Corticosteroid [EPC],  beta2-Adrenergic Agonist [EPC]","N/A","No","12/31/2026",0,FALSE,FALSE
"Respiratory:allergy_Medication","Other_Asthma_Medications","FluticasonePropionateSalmeterolXinafoate",TRUE,"proprietary","AdvairHFA","FluticasonePropionateSalmeterolXinafoate_combo_AdvairHFA_proprietary_raw.csv","ADVAIR HFA","50090-4504-0","115 ug/1,                         21  ug/1","AEROSOL, METERED","RESPIRATORY (INHALATION)","NDA021254","A-S Medication Solutions","50090-4504","fluticasone propionate and salmeterol xinafoate","FLUTICASONE PROPIONATE;  SALMETEROL XINAFOATE","HUMAN PRESCRIPTION DRUG","09/04/2019","N/A","NDA","1 INHALER in 1 CARTON (50090-4504-0)  / 120 AEROSOL, METERED in 1 INHALER","Adrenergic beta2-Agonists [MoA],  Corticosteroid Hormone Receptor Agonists [MoA],  Corticosteroid [EPC],  beta2-Adrenergic Agonist [EPC]","N/A","No","12/31/2026",0,FALSE,FALSE
"Respiratory:allergy_Medication","Other_Asthma_Medications","FluticasonePropionateSalmeterolXinafoate",TRUE,"proprietary","AirDuoRespiClick","FluticasonePropionateSalmeterolXinafoate_combo_AirDuoRespiClick_proprietary_raw.csv","AirDuo RespiClick","59310-805-06","55 ug/1,                         14  ug/1","POWDER, METERED","RESPIRATORY (INHALATION)","NDA208799","Teva Respiratory, LLC","59310-805","Fluticasone Propionate and Salmeterol","FLUTICASONE PROPIONATE;  SALMETEROL XINAFOATE","HUMAN PRESCRIPTION DRUG","04/24/2017","N/A","NDA","1 POUCH in 1 CARTON (59310-805-06)  / 1 INHALER in 1 POUCH / 60 POWDER, METERED in 1 INHALER","Adrenergic beta2-Agonists [MoA],  Corticosteroid Hormone Receptor Agonists [MoA],  Corticosteroid [EPC],  beta2-Adrenergic Agonist [EPC]","N/A","No","12/31/2026",0,FALSE,FALSE
"Respiratory:allergy_Medication","Other_Asthma_Medications","FluticasonePropionateSalmeterolXinafoate",TRUE,"proprietary","AirDuoRespiClick","FluticasonePropionateSalmeterolXinafoate_combo_AirDuoRespiClick_proprietary_raw.csv","AirDuo RespiClick","59310-812-06","113 ug/1,                         14  ug/1","POWDER, METERED","RESPIRATORY (INHALATION)","NDA208799","Teva Respiratory, LLC","59310-812","Fluticasone Propionate and Salmeterol","FLUTICASONE PROPIONATE;  SALMETEROL XINAFOATE","HUMAN PRESCRIPTION DRUG","04/24/2017","N/A","NDA","1 POUCH in 1 CARTON (59310-812-06)  / 1 INHALER in 1 POUCH / 60 POWDER, METERED in 1 INHALER","Adrenergic beta2-Agonists [MoA],  Corticosteroid Hormone Receptor Agonists [MoA],  Corticosteroid [EPC],  beta2-Adrenergic Agonist [EPC]","N/A","No","12/31/2026",0,FALSE,FALSE
"Respiratory:allergy_Medication","Other_Asthma_Medications","FluticasonePropionateSalmeterolXinafoate",TRUE,"proprietary","AirDuoRespiClick","FluticasonePropionateSalmeterolXinafoate_combo_AirDuoRespiClick_proprietary_raw.csv","AirDuo RespiClick","59310-822-06","232 ug/1,                         14  ug/1","POWDER, METERED","RESPIRATORY (INHALATION)","NDA208799","Teva Respiratory, LLC","59310-822","Fluticasone Propionate and Salmeterol","FLUTICASONE PROPIONATE;  SALMETEROL XINAFOATE","HUMAN PRESCRIPTION DRUG","04/24/2017","N/A","NDA","1 POUCH in 1 CARTON (59310-822-06)  / 1 INHALER in 1 POUCH / 60 POWDER, METERED in 1 INHALER","Adrenergic beta2-Agonists [MoA],  Corticosteroid Hormone Receptor Agonists [MoA],  Corticosteroid [EPC],  beta2-Adrenergic Agonist [EPC]","N/A","No","12/31/2026",0,FALSE,FALSE
"Respiratory:allergy_Medication","Other_Asthma_Medications","FluticasonePropionateSalmeterolXinafoate",TRUE,"proprietary","WixelaInhub","FluticasonePropionateSalmeterolXinafoate_combo_WixelaInhub_proprietary_raw.csv","Wixela Inhub","0378-9320-32","100 ug/1,                         50  ug/1","POWDER","RESPIRATORY (INHALATION)","ANDA208891","Mylan Pharmaceuticals Inc.","0378-9320","fluticasone propionate and salmeterol","FLUTICASONE PROPIONATE;  SALMETEROL XINAFOATE","HUMAN PRESCRIPTION DRUG","02/11/2019","N/A","ANDA","1 INHALER in 1 CARTON (0378-9320-32)  / 60 POWDER in 1 INHALER","Adrenergic beta2-Agonists [MoA],  Corticosteroid Hormone Receptor Agonists [MoA],  Corticosteroid [EPC],  beta2-Adrenergic Agonist [EPC]","N/A","No","12/31/2026",0,FALSE,FALSE
"Respiratory:allergy_Medication","Other_Asthma_Medications","FluticasonePropionateSalmeterolXinafoate",TRUE,"proprietary","WixelaInhub","FluticasonePropionateSalmeterolXinafoate_combo_WixelaInhub_proprietary_raw.csv","Wixela Inhub","0378-9321-32","250 ug/1,                         50  ug/1","POWDER","RESPIRATORY (INHALATION)","ANDA208891","Mylan Pharmaceuticals Inc.","0378-9321","fluticasone propionate and salmeterol","FLUTICASONE PROPIONATE;  SALMETEROL XINAFOATE","HUMAN PRESCRIPTION DRUG","02/11/2019","N/A","ANDA","1 INHALER in 1 CARTON (0378-9321-32)  / 60 POWDER in 1 INHALER","Adrenergic beta2-Agonists [MoA],  Corticosteroid Hormone Receptor Agonists [MoA],  Corticosteroid [EPC],  beta2-Adrenergic Agonist [EPC]","N/A","No","12/31/2026",0,FALSE,FALSE
"Respiratory:allergy_Medication","Other_Asthma_Medications","FluticasonePropionateSalmeterolXinafoate",TRUE,"proprietary","WixelaInhub","FluticasonePropionateSalmeterolXinafoate_combo_WixelaInhub_proprietary_raw.csv","Wixela Inhub","0378-9322-32","500 ug/1,                         50  ug/1","POWDER","RESPIRATORY (INHALATION)","ANDA208891","Mylan Pharmaceuticals Inc.","0378-9322","fluticasone propionate and salmeterol","FLUTICASONE PROPIONATE;  SALMETEROL XINAFOATE","HUMAN PRESCRIPTION DRUG","02/11/2019","N/A","ANDA","1 INHALER in 1 CARTON (0378-9322-32)  / 60 POWDER in 1 INHALER","Adrenergic beta2-Agonists [MoA],  Corticosteroid Hormone Receptor Agonists [MoA],  Corticosteroid [EPC],  beta2-Adrenergic Agonist [EPC]","N/A","No","12/31/2026",0,FALSE,FALSE
"Respiratory:allergy_Medication","Other_Asthma_Medications","FluticasonePropionateSalmeterolXinafoate",TRUE,"proprietary","WixelaInhub","FluticasonePropionateSalmeterolXinafoate_combo_WixelaInhub_proprietary_raw.csv","Wixela Inhub","63629-4989-1","250 ug/1,                         50  ug/1","POWDER","RESPIRATORY (INHALATION)","ANDA208891","Bryant Ranch Prepack","63629-4989","fluticasone propionate and salmeterol","FLUTICASONE PROPIONATE;  SALMETEROL XINAFOATE","HUMAN PRESCRIPTION DRUG","02/13/2025","N/A","ANDA","1 INHALER in 1 CARTON (63629-4989-1)  / 60 POWDER in 1 INHALER","Adrenergic beta2-Agonists [MoA],  Corticosteroid Hormone Receptor Agonists [MoA],  Corticosteroid [EPC],  beta2-Adrenergic Agonist [EPC]","N/A","No","12/31/2026",0,FALSE,FALSE
"Respiratory:allergy_Medication","Other_Asthma_Medications","FormoterolFumarate",FALSE,"nonproprietary","FormoterolFumarate","FormoterolFumarate_nonproprietary_raw.csv","BEVESPI AEROSPHERE","0310-4600-12","9 ug/1,                         4.8  ug/1","AEROSOL, METERED","RESPIRATORY (INHALATION)","NDA208294","AstraZeneca Pharmaceuticals LP","0310-4600","Glycopyrrolate and formoterol fumarate","FORMOTEROL FUMARATE;  GLYCOPYRROLATE","HUMAN PRESCRIPTION DRUG","10/03/2016","N/A","NDA","120 AEROSOL, METERED in 1 INHALER (0310-4600-12)","Adrenergic beta2-Agonists [MoA],  Anticholinergic [EPC],  Cholinergic Antagonists [MoA],  Cholinergic Muscarinic Antagonist [EPC],  Cholinergic Muscarinic Antagonists [MoA],  beta2-Adrenergic Agonist [EPC]","N/A","No","12/31/2026",0,FALSE,FALSE
"Respiratory:allergy_Medication","Other_Asthma_Medications","FormoterolFumarate",FALSE,"nonproprietary","FormoterolFumarate","FormoterolFumarate_nonproprietary_raw.csv","BREYNA","0378-7502-32","80 ug/1,                         4.5  ug/1","AEROSOL, METERED","RESPIRATORY (INHALATION)","ANDA211699","Mylan Pharmaceuticals Inc.","0378-7502","Budesonide and Formoterol Fumarate","BUDESONIDE;  FORMOTEROL FUMARATE","HUMAN PRESCRIPTION DRUG","07/31/2023","N/A","ANDA","1 POUCH in 1 CARTON (0378-7502-32)  / 1 CANISTER in 1 POUCH / 120 AEROSOL, METERED in 1 CANISTER","Adrenergic beta2-Agonists [MoA],  Corticosteroid Hormone Receptor Agonists [MoA],  Corticosteroid [EPC],  beta2-Adrenergic Agonist [EPC]","N/A","No","12/31/2027",0,FALSE,FALSE
"Respiratory:allergy_Medication","Other_Asthma_Medications","FormoterolFumarate",FALSE,"nonproprietary","FormoterolFumarate","FormoterolFumarate_nonproprietary_raw.csv","BREYNA","0378-7503-32","160 ug/1,                         4.5  ug/1","AEROSOL, METERED","RESPIRATORY (INHALATION)","ANDA211699","Mylan Pharmaceuticals Inc.","0378-7503","Budesonide and Formoterol Fumarate","BUDESONIDE;  FORMOTEROL FUMARATE","HUMAN PRESCRIPTION DRUG","07/31/2023","N/A","ANDA","1 POUCH in 1 CARTON (0378-7503-32)  / 1 CANISTER in 1 POUCH / 120 AEROSOL, METERED in 1 CANISTER","Adrenergic beta2-Agonists [MoA],  Corticosteroid Hormone Receptor Agonists [MoA],  Corticosteroid [EPC],  beta2-Adrenergic Agonist [EPC]","N/A","No","12/31/2027",0,FALSE,FALSE
"Respiratory:allergy_Medication","Other_Asthma_Medications","FormoterolFumarate",FALSE,"nonproprietary","FormoterolFumarate","FormoterolFumarate_nonproprietary_raw.csv","BREZTRI","0310-4616-12","160 ug/1,                         9  ug/1,                         4.8  ug/1","AEROSOL, METERED","RESPIRATORY (INHALATION)","NDA212122","AstraZeneca Pharmaceuticals LP","0310-4616","budesonide, glycopyrrolate, and formoterol fumarate","BUDESONIDE;  FORMOTEROL;  GLYCOPYRROLATE","HUMAN PRESCRIPTION DRUG","07/23/2020","N/A","NDA","120 AEROSOL, METERED in 1 INHALER (0310-4616-12)","Adrenergic beta2-Agonists [MoA],  Anticholinergic [EPC],  Cholinergic Antagonists [MoA],  Cholinergic Muscarinic Antagonist [EPC],  Cholinergic Muscarinic Antagonists [MoA],  Corticosteroid Hormone Receptor Agonists [MoA],  Corticosteroid [EPC],  beta2-Adrenergic Agonist [EPC]","N/A","No","12/31/2027",0,FALSE,FALSE
"Respiratory:allergy_Medication","Other_Asthma_Medications","FormoterolFumarate",FALSE,"nonproprietary","FormoterolFumarate","FormoterolFumarate_nonproprietary_raw.csv","BREZTRI","0310-4616-28","160 ug/1,                         9  ug/1,                         4.8  ug/1","AEROSOL, METERED","RESPIRATORY (INHALATION)","NDA212122","AstraZeneca Pharmaceuticals LP","0310-4616","budesonide, glycopyrrolate, and formoterol fumarate","BUDESONIDE;  FORMOTEROL;  GLYCOPYRROLATE","HUMAN PRESCRIPTION DRUG","07/23/2020","N/A","NDA","28 AEROSOL, METERED in 1 INHALER (0310-4616-28)","Adrenergic beta2-Agonists [MoA],  Anticholinergic [EPC],  Cholinergic Antagonists [MoA],  Cholinergic Muscarinic Antagonist [EPC],  Cholinergic Muscarinic Antagonists [MoA],  Corticosteroid Hormone Receptor Agonists [MoA],  Corticosteroid [EPC],  beta2-Adrenergic Agonist [EPC]","N/A","Yes","12/31/2027",0,FALSE,FALSE
"Respiratory:allergy_Medication","Other_Asthma_Medications","FormoterolFumarate",FALSE,"nonproprietary","FormoterolFumarate","FormoterolFumarate_nonproprietary_raw.csv","BREZTRI","0310-4616-39","160 ug/1,                         9  ug/1,                         4.8  ug/1","AEROSOL, METERED","RESPIRATORY (INHALATION)","NDA212122","AstraZeneca Pharmaceuticals LP","0310-4616","budesonide, glycopyrrolate, and formoterol fumarate","BUDESONIDE;  FORMOTEROL;  GLYCOPYRROLATE","HUMAN PRESCRIPTION DRUG","07/23/2020","N/A","NDA","28 AEROSOL, METERED in 1 INHALER (0310-4616-39)","Adrenergic beta2-Agonists [MoA],  Anticholinergic [EPC],  Cholinergic Antagonists [MoA],  Cholinergic Muscarinic Antagonist [EPC],  Cholinergic Muscarinic Antagonists [MoA],  Corticosteroid Hormone Receptor Agonists [MoA],  Corticosteroid [EPC],  beta2-Adrenergic Agonist [EPC]","N/A","No","12/31/2027",0,FALSE,FALSE
"Respiratory:allergy_Medication","Other_Asthma_Medications","FormoterolFumarate",FALSE,"nonproprietary","FormoterolFumarate","FormoterolFumarate_nonproprietary_raw.csv","BREZTRI","0310-6616-01","160 ug/1,                         18  ug/1,                         4.8  ug/1","AEROSOL, METERED","RESPIRATORY (INHALATION)","NDA212122","AstraZeneca Pharmaceuticals LP","0310-6616","budesonide, glycopyrrolate, and formoterol fumarate","BUDESONIDE;  FORMOTEROL;  GLYCOPYRROLATE","HUMAN PRESCRIPTION DRUG","04/27/2026","N/A","NDA","120 AEROSOL, METERED in 1 INHALER (0310-6616-01)","Adrenergic beta2-Agonists [MoA],  Anticholinergic [EPC],  Cholinergic Antagonists [MoA],  Cholinergic Muscarinic Antagonist [EPC],  Cholinergic Muscarinic Antagonists [MoA],  Corticosteroid Hormone Receptor Agonists [MoA],  Corticosteroid [EPC],  beta2-Adrenergic Agonist [EPC]","N/A","No","12/31/2027",0,FALSE,FALSE
"Respiratory:allergy_Medication","Other_Asthma_Medications","FormoterolFumarate",FALSE,"nonproprietary","FormoterolFumarate","FormoterolFumarate_nonproprietary_raw.csv","BREZTRI","0310-6616-39","160 ug/1,                         18  ug/1,                         4.8  ug/1","AEROSOL, METERED","RESPIRATORY (INHALATION)","NDA212122","AstraZeneca Pharmaceuticals LP","0310-6616","budesonide, glycopyrrolate, and formoterol fumarate","BUDESONIDE;  FORMOTEROL;  GLYCOPYRROLATE","HUMAN PRESCRIPTION DRUG","04/27/2026","N/A","NDA","28 AEROSOL, METERED in 1 INHALER (0310-6616-39)","Adrenergic beta2-Agonists [MoA],  Anticholinergic [EPC],  Cholinergic Antagonists [MoA],  Cholinergic Muscarinic Antagonist [EPC],  Cholinergic Muscarinic Antagonists [MoA],  Corticosteroid Hormone Receptor Agonists [MoA],  Corticosteroid [EPC],  beta2-Adrenergic Agonist [EPC]","N/A","No","12/31/2027",0,FALSE,FALSE
"Respiratory:allergy_Medication","Other_Asthma_Medications","FormoterolFumarate",FALSE,"nonproprietary","FormoterolFumarate","FormoterolFumarate_nonproprietary_raw.csv","BREZTRI","0310-6616-95","160 ug/1,                         18  ug/1,                         4.8  ug/1","AEROSOL, METERED","RESPIRATORY (INHALATION)","NDA212122","AstraZeneca Pharmaceuticals LP","0310-6616","budesonide, glycopyrrolate, and formoterol fumarate","BUDESONIDE;  FORMOTEROL;  GLYCOPYRROLATE","HUMAN PRESCRIPTION DRUG","04/27/2026","N/A","NDA","28 AEROSOL, METERED in 1 INHALER (0310-6616-95)","Adrenergic beta2-Agonists [MoA],  Anticholinergic [EPC],  Cholinergic Antagonists [MoA],  Cholinergic Muscarinic Antagonist [EPC],  Cholinergic Muscarinic Antagonists [MoA],  Corticosteroid Hormone Receptor Agonists [MoA],  Corticosteroid [EPC],  beta2-Adrenergic Agonist [EPC]","N/A","Yes","12/31/2027",0,FALSE,FALSE
"Respiratory:allergy_Medication","Other_Asthma_Medications","FormoterolFumarate",FALSE,"nonproprietary","FormoterolFumarate","FormoterolFumarate_nonproprietary_raw.csv","Budesonide and Formoterol Fumarate Dihydrate","0310-7370-20","160 ug/1,                         4.5  ug/1","AEROSOL","RESPIRATORY (INHALATION)","NDA021929","AstraZeneca Pharmaceuticals LP","0310-7370","Budesonide and Formoterol Fumarate Dihydrate","BUDESONIDE;  FORMOTEROL FUMARATE","HUMAN PRESCRIPTION DRUG","01/03/2020","N/A","NDA AUTHORIZED GENERIC","1 POUCH in 1 CARTON (0310-7370-20)  / 1 CANISTER in 1 POUCH / 120 AEROSOL in 1 CANISTER","Adrenergic beta2-Agonists [MoA],  Corticosteroid Hormone Receptor Agonists [MoA],  Corticosteroid [EPC],  beta2-Adrenergic Agonist [EPC]","N/A","No","12/31/2026",0,FALSE,FALSE
"Respiratory:allergy_Medication","Other_Asthma_Medications","FormoterolFumarate",FALSE,"nonproprietary","FormoterolFumarate","FormoterolFumarate_nonproprietary_raw.csv","Budesonide and Formoterol Fumarate Dihydrate","0310-7372-20","80 ug/1,                         4.5  ug/1","AEROSOL","RESPIRATORY (INHALATION)","NDA021929","AstraZeneca Pharmaceuticals LP","0310-7372","Budesonide and Formoterol Fumarate Dihydrate","BUDESONIDE;  FORMOTEROL FUMARATE","HUMAN PRESCRIPTION DRUG","01/03/2020","N/A","NDA AUTHORIZED GENERIC","1 POUCH in 1 CARTON (0310-7372-20)  / 1 CANISTER in 1 POUCH / 120 AEROSOL in 1 CANISTER","Adrenergic beta2-Agonists [MoA],  Corticosteroid Hormone Receptor Agonists [MoA],  Corticosteroid [EPC],  beta2-Adrenergic Agonist [EPC]","N/A","No","12/31/2026",0,FALSE,FALSE
"Respiratory:allergy_Medication","Other_Asthma_Medications","FormoterolFumarate",FALSE,"nonproprietary","FormoterolFumarate","FormoterolFumarate_nonproprietary_raw.csv","Budesonide and Formoterol Fumarate Dihydrate","50090-6327-0","160 ug/1,                         4.5  ug/1","AEROSOL","RESPIRATORY (INHALATION)","NDA021929","A-S Medication Solutions","50090-6327","Budesonide and Formoterol Fumarate Dihydrate","BUDESONIDE;  FORMOTEROL FUMARATE","HUMAN PRESCRIPTION DRUG","01/12/2023","N/A","NDA AUTHORIZED GENERIC","1 POUCH in 1 CARTON (50090-6327-0)  / 1 AEROSOL in 1 POUCH","Adrenergic beta2-Agonists [MoA],  Corticosteroid Hormone Receptor Agonists [MoA],  Corticosteroid [EPC],  beta2-Adrenergic Agonist [EPC]","N/A","No","12/31/2026",0,FALSE,FALSE
"Respiratory:allergy_Medication","Other_Asthma_Medications","FormoterolFumarate",FALSE,"nonproprietary","FormoterolFumarate","FormoterolFumarate_nonproprietary_raw.csv","Budesonide and Formoterol Fumarate Dihydrate","50090-6382-0","80 ug/1,                         4.5  ug/1","AEROSOL","RESPIRATORY (INHALATION)","NDA021929","A-S Medication Solutions","50090-6382","Budesonide and Formoterol Fumarate Dihydrate","BUDESONIDE;  FORMOTEROL FUMARATE","HUMAN PRESCRIPTION DRUG","02/27/2023","N/A","NDA AUTHORIZED GENERIC","1 CANISTER in 1 CARTON (50090-6382-0)  / 120 AEROSOL in 1 CANISTER","Adrenergic beta2-Agonists [MoA],  Corticosteroid Hormone Receptor Agonists [MoA],  Corticosteroid [EPC],  beta2-Adrenergic Agonist [EPC]","N/A","No","12/31/2026",0,FALSE,FALSE
"Respiratory:allergy_Medication","Other_Asthma_Medications","FormoterolFumarate",FALSE,"nonproprietary","FormoterolFumarate","FormoterolFumarate_nonproprietary_raw.csv","Budesonide and Formoterol Fumarate Dihydrate","85766-113-12","80 ug/1,                         4.5  ug/1","AEROSOL","RESPIRATORY (INHALATION)","NDA021929","Sportpharm LLC","85766-113","Budesonide and Formoterol Fumarate Dihydrate","BUDESONIDE;  FORMOTEROL FUMARATE","HUMAN PRESCRIPTION DRUG","10/31/2025","N/A","NDA AUTHORIZED GENERIC","1 POUCH in 1 CARTON (85766-113-12)  / 1 CANISTER in 1 POUCH / 120 AEROSOL in 1 CANISTER","Adrenergic beta2-Agonists [MoA],  Corticosteroid Hormone Receptor Agonists [MoA],  Corticosteroid [EPC],  beta2-Adrenergic Agonist [EPC]","N/A","No","12/31/2027",0,FALSE,FALSE
"Respiratory:allergy_Medication","Other_Asthma_Medications","FormoterolFumarate",FALSE,"nonproprietary","FormoterolFumarate","FormoterolFumarate_nonproprietary_raw.csv","Budesonide and Formoterol Fumarate Dihydrate","85766-114-12","160 ug/1,                         4.5  ug/1","AEROSOL","RESPIRATORY (INHALATION)","NDA021929","Sportpharm LLC","85766-114","Budesonide and Formoterol Fumarate Dihydrate","BUDESONIDE;  FORMOTEROL FUMARATE","HUMAN PRESCRIPTION DRUG","10/31/2025","N/A","NDA AUTHORIZED GENERIC","1 POUCH in 1 CARTON (85766-114-12)  / 1 CANISTER in 1 POUCH / 120 AEROSOL in 1 CANISTER","Adrenergic beta2-Agonists [MoA],  Corticosteroid Hormone Receptor Agonists [MoA],  Corticosteroid [EPC],  beta2-Adrenergic Agonist [EPC]","N/A","No","12/31/2027",0,FALSE,FALSE
"Respiratory:allergy_Medication","Other_Asthma_Medications","FormoterolFumarate",FALSE,"nonproprietary","FormoterolFumarate","FormoterolFumarate_nonproprietary_raw.csv","Budesonide and formoterol fumarate dihydrate","0480-3080-31","80 ug/1,                         4.5  ug/1","AEROSOL, METERED","RESPIRATORY (INHALATION)","ANDA212212","Teva Pharmaceuticals, Inc.","0480-3080","Budesonide and formoterol fumarate dihydrate","BUDESONIDE;  FORMOTEROL FUMARATE","HUMAN PRESCRIPTION DRUG","05/27/2026","N/A","ANDA","1 POUCH in 1 CARTON (0480-3080-31)  / 1 CANISTER in 1 POUCH / 120 AEROSOL, METERED in 1 CANISTER","Adrenergic beta2-Agonists [MoA],  Corticosteroid Hormone Receptor Agonists [MoA],  Corticosteroid [EPC],  beta2-Adrenergic Agonist [EPC]","N/A","No","12/31/2027",0,FALSE,FALSE
"Respiratory:allergy_Medication","Other_Asthma_Medications","FormoterolFumarate",FALSE,"nonproprietary","FormoterolFumarate","FormoterolFumarate_nonproprietary_raw.csv","Budesonide and formoterol fumarate dihydrate","0480-3081-31","160 ug/1,                         4.5  ug/1","AEROSOL, METERED","RESPIRATORY (INHALATION)","ANDA212212","Teva Pharmaceuticals, Inc.","0480-3081","Budesonide and formoterol fumarate dihydrate","BUDESONIDE;  FORMOTEROL FUMARATE","HUMAN PRESCRIPTION DRUG","05/27/2026","N/A","ANDA","1 POUCH in 1 CARTON (0480-3081-31)  / 1 CANISTER in 1 POUCH / 120 AEROSOL, METERED in 1 CANISTER","Adrenergic beta2-Agonists [MoA],  Corticosteroid Hormone Receptor Agonists [MoA],  Corticosteroid [EPC],  beta2-Adrenergic Agonist [EPC]","N/A","No","12/31/2027",0,FALSE,FALSE
"Respiratory:allergy_Medication","Other_Asthma_Medications","FormoterolFumarate",FALSE,"nonproprietary","FormoterolFumarate","FormoterolFumarate_nonproprietary_raw.csv","DUAKLIR PRESSAIR","70515-001-01","400 ug/1,                         12  ug/1","POWDER, METERED","RESPIRATORY (INHALATION)","NDA210595","Covis Pharma US, Inc","70515-001","aclidinium bromide and formoterol fumarate","ACLIDINIUM BROMIDE;  FORMOTEROL FUMARATE","HUMAN PRESCRIPTION DRUG","03/29/2019","N/A","NDA","1 POUCH in 1 CARTON (70515-001-01)  / 1 INHALER in 1 POUCH / 60 POWDER, METERED in 1 INHALER","Adrenergic beta2-Agonists [MoA],  Anticholinergic [EPC],  Cholinergic Antagonists [MoA],  beta2-Adrenergic Agonist [EPC]","N/A","No","12/31/2026",0,FALSE,FALSE
"Respiratory:allergy_Medication","Other_Asthma_Medications","FormoterolFumarate",FALSE,"nonproprietary","FormoterolFumarate","FormoterolFumarate_nonproprietary_raw.csv","DUAKLIR PRESSAIR","70515-001-03","400 ug/1,                         12  ug/1","POWDER, METERED","RESPIRATORY (INHALATION)","NDA210595","Covis Pharma US, Inc","70515-001","aclidinium bromide and formoterol fumarate","ACLIDINIUM BROMIDE;  FORMOTEROL FUMARATE","HUMAN PRESCRIPTION DRUG","03/29/2019","N/A","NDA","1 POUCH in 1 CARTON (70515-001-03)  / 1 INHALER in 1 POUCH / 30 POWDER, METERED in 1 INHALER","Adrenergic beta2-Agonists [MoA],  Anticholinergic [EPC],  Cholinergic Antagonists [MoA],  beta2-Adrenergic Agonist [EPC]","N/A","No","12/31/2026",0,FALSE,FALSE
"Respiratory:allergy_Medication","Other_Asthma_Medications","FormoterolFumarate",FALSE,"nonproprietary","FormoterolFumarate","FormoterolFumarate_nonproprietary_raw.csv","Dulera","78206-125-01","50 ug/1,                         5  ug/1","AEROSOL","RESPIRATORY (INHALATION)","NDA022518","Organon LLC","78206-125","mometasone furoate and formoterol fumarate dihydrate","FORMOTEROL FUMARATE;  MOMETASONE FUROATE","HUMAN PRESCRIPTION DRUG","06/01/2021","N/A","NDA","1 CANISTER in 1 CARTON (78206-125-01)  / 120 AEROSOL in 1 CANISTER","Adrenergic beta2-Agonists [MoA],  Corticosteroid Hormone Receptor Agonists [MoA],  Corticosteroid Hormone Receptor Agonists [MoA],  Corticosteroid [EPC],  beta2-Adrenergic Agonist [EPC]","N/A","No","12/31/2027",0,FALSE,FALSE
"Respiratory:allergy_Medication","Other_Asthma_Medications","FormoterolFumarate",FALSE,"nonproprietary","FormoterolFumarate","FormoterolFumarate_nonproprietary_raw.csv","Dulera","78206-126-01","200 ug/1,                         5  ug/1","AEROSOL","RESPIRATORY (INHALATION)","NDA022518","Organon LLC","78206-126","mometasone furoate and formoterol fumarate dihydrate","FORMOTEROL FUMARATE;  MOMETASONE FUROATE","HUMAN PRESCRIPTION DRUG","06/01/2021","N/A","NDA","1 CANISTER in 1 CARTON (78206-126-01)  / 120 AEROSOL in 1 CANISTER","Adrenergic beta2-Agonists [MoA],  Corticosteroid Hormone Receptor Agonists [MoA],  Corticosteroid Hormone Receptor Agonists [MoA],  Corticosteroid [EPC],  beta2-Adrenergic Agonist [EPC]","N/A","No","12/31/2027",0,FALSE,FALSE
"Respiratory:allergy_Medication","Other_Asthma_Medications","FormoterolFumarate",FALSE,"nonproprietary","FormoterolFumarate","FormoterolFumarate_nonproprietary_raw.csv","Dulera","78206-126-02","200 ug/1,                         5  ug/1","AEROSOL","RESPIRATORY (INHALATION)","NDA022518","Organon LLC","78206-126","mometasone furoate and formoterol fumarate dihydrate","FORMOTEROL FUMARATE;  MOMETASONE FUROATE","HUMAN PRESCRIPTION DRUG","06/01/2021","N/A","NDA","1 CANISTER in 1 CARTON (78206-126-02)  / 60 AEROSOL in 1 CANISTER","Adrenergic beta2-Agonists [MoA],  Corticosteroid Hormone Receptor Agonists [MoA],  Corticosteroid Hormone Receptor Agonists [MoA],  Corticosteroid [EPC],  beta2-Adrenergic Agonist [EPC]","N/A","No","12/31/2027",0,FALSE,FALSE
"Respiratory:allergy_Medication","Other_Asthma_Medications","FormoterolFumarate",FALSE,"nonproprietary","FormoterolFumarate","FormoterolFumarate_nonproprietary_raw.csv","Dulera","78206-127-01","100 ug/1,                         5  ug/1","AEROSOL","RESPIRATORY (INHALATION)","NDA022518","Organon LLC","78206-127","mometasone furoate and formoterol fumarate dihydrate","FORMOTEROL FUMARATE;  MOMETASONE FUROATE","HUMAN PRESCRIPTION DRUG","06/01/2021","N/A","NDA","1 CANISTER in 1 CARTON (78206-127-01)  / 120 AEROSOL in 1 CANISTER","Adrenergic beta2-Agonists [MoA],  Corticosteroid Hormone Receptor Agonists [MoA],  Corticosteroid Hormone Receptor Agonists [MoA],  Corticosteroid [EPC],  beta2-Adrenergic Agonist [EPC]","N/A","No","12/31/2027",0,FALSE,FALSE
"Respiratory:allergy_Medication","Other_Asthma_Medications","FormoterolFumarate",FALSE,"nonproprietary","FormoterolFumarate","FormoterolFumarate_nonproprietary_raw.csv","Dulera","78206-127-02","100 ug/1,                         5  ug/1","AEROSOL","RESPIRATORY (INHALATION)","NDA022518","Organon LLC","78206-127","mometasone furoate and formoterol fumarate dihydrate","FORMOTEROL FUMARATE;  MOMETASONE FUROATE","HUMAN PRESCRIPTION DRUG","06/01/2021","N/A","NDA","1 CANISTER in 1 CARTON (78206-127-02)  / 60 AEROSOL in 1 CANISTER","Adrenergic beta2-Agonists [MoA],  Corticosteroid Hormone Receptor Agonists [MoA],  Corticosteroid Hormone Receptor Agonists [MoA],  Corticosteroid [EPC],  beta2-Adrenergic Agonist [EPC]","N/A","No","12/31/2027",0,FALSE,FALSE
"Respiratory:allergy_Medication","Other_Asthma_Medications","FormoterolFumarate",FALSE,"nonproprietary","FormoterolFumarate","FormoterolFumarate_nonproprietary_raw.csv","FORMOTEROL FUMARATE","0378-1631-91","20 ug/2mL","SOLUTION","RESPIRATORY (INHALATION)","NDA022007","Mylan Pharmaceuticals Inc.","0378-1631","formoterol fumarate dihydrate","FORMOTEROL FUMARATE","HUMAN PRESCRIPTION DRUG","06/22/2021","N/A","NDA AUTHORIZED GENERIC","60 POUCH in 1 CARTON (0378-1631-91)  / 1 VIAL in 1 POUCH / 2 mL in 1 VIAL","Adrenergic beta2-Agonists [MoA],  beta2-Adrenergic Agonist [EPC]","N/A","No","12/31/2026",0,FALSE,FALSE
"Respiratory:allergy_Medication","Other_Asthma_Medications","FormoterolFumarate",FALSE,"nonproprietary","FormoterolFumarate","FormoterolFumarate_nonproprietary_raw.csv","FORMOTEROL FUMARATE","0378-1631-93","20 ug/2mL","SOLUTION","RESPIRATORY (INHALATION)","NDA022007","Mylan Pharmaceuticals Inc.","0378-1631","formoterol fumarate dihydrate","FORMOTEROL FUMARATE","HUMAN PRESCRIPTION DRUG","06/22/2021","N/A","NDA AUTHORIZED GENERIC","30 POUCH in 1 CARTON (0378-1631-93)  / 1 VIAL in 1 POUCH (0378-1631-32)  / 2 mL in 1 VIAL","Adrenergic beta2-Agonists [MoA],  beta2-Adrenergic Agonist [EPC]","N/A","No","12/31/2026",0,FALSE,FALSE
"Respiratory:allergy_Medication","Other_Asthma_Medications","FormoterolFumarate",FALSE,"nonproprietary","FormoterolFumarate","FormoterolFumarate_nonproprietary_raw.csv","Formoterol Fumarate","43598-778-30","20 ug/2mL","SOLUTION","RESPIRATORY (INHALATION)","ANDA215907","Dr. Reddy's Laboratories Inc.","43598-778","formoterol fumarate","FORMOTEROL FUMARATE","HUMAN PRESCRIPTION DRUG","01/30/2025","N/A","ANDA","30 POUCH in 1 CARTON (43598-778-30)  / 1 VIAL in 1 POUCH (43598-778-11)  / 2 mL in 1 VIAL","Adrenergic beta2-Agonists [MoA],  beta2-Adrenergic Agonist [EPC]","N/A","No","12/31/2026",0,FALSE,FALSE
"Respiratory:allergy_Medication","Other_Asthma_Medications","FormoterolFumarate",FALSE,"nonproprietary","FormoterolFumarate","FormoterolFumarate_nonproprietary_raw.csv","Formoterol Fumarate","43598-778-60","20 ug/2mL","SOLUTION","RESPIRATORY (INHALATION)","ANDA215907","Dr. Reddy's Laboratories Inc.","43598-778","formoterol fumarate","FORMOTEROL FUMARATE","HUMAN PRESCRIPTION DRUG","01/30/2025","N/A","ANDA","60 POUCH in 1 CARTON (43598-778-60)  / 1 VIAL in 1 POUCH (43598-778-11)  / 2 mL in 1 VIAL","Adrenergic beta2-Agonists [MoA],  beta2-Adrenergic Agonist [EPC]","N/A","No","12/31/2026",0,FALSE,FALSE
"Respiratory:allergy_Medication","Other_Asthma_Medications","FormoterolFumarate",FALSE,"nonproprietary","FormoterolFumarate","FormoterolFumarate_nonproprietary_raw.csv","Formoterol Fumarate","50742-394-30",".02 mg/2mL","SOLUTION","RESPIRATORY (INHALATION)","ANDA216426","Ingenus Pharmaceuticals, LLC","50742-394","Formoterol Fumarate","FORMOTEROL FUMARATE","HUMAN PRESCRIPTION DRUG","06/06/2025","N/A","ANDA","30 POUCH in 1 CARTON (50742-394-30)  / 1 VIAL, SINGLE-DOSE in 1 POUCH (50742-394-01)  / 2 mL in 1 VIAL, SINGLE-DOSE","Adrenergic beta2-Agonists [MoA],  beta2-Adrenergic Agonist [EPC]","N/A","No","12/31/2026",0,FALSE,FALSE
"Respiratory:allergy_Medication","Other_Asthma_Medications","FormoterolFumarate",FALSE,"nonproprietary","FormoterolFumarate","FormoterolFumarate_nonproprietary_raw.csv","Formoterol Fumarate","50742-394-60",".02 mg/2mL","SOLUTION","RESPIRATORY (INHALATION)","ANDA216426","Ingenus Pharmaceuticals, LLC","50742-394","Formoterol Fumarate","FORMOTEROL FUMARATE","HUMAN PRESCRIPTION DRUG","06/05/2025","N/A","ANDA","60 POUCH in 1 CARTON (50742-394-60)  / 1 VIAL, SINGLE-DOSE in 1 POUCH / 2 mL in 1 VIAL, SINGLE-DOSE","Adrenergic beta2-Agonists [MoA],  beta2-Adrenergic Agonist [EPC]","N/A","No","12/31/2026",0,FALSE,FALSE
"Respiratory:allergy_Medication","Other_Asthma_Medications","FormoterolFumarate",FALSE,"nonproprietary","FormoterolFumarate","FormoterolFumarate_nonproprietary_raw.csv","Formoterol Fumarate","62332-655-30","20 ug/2mL","SOLUTION","RESPIRATORY (INHALATION)","ANDA215078","Alembic Pharmaceuticals Inc.","62332-655","Formoterol Fumarate","FORMOTEROL FUMARATE","HUMAN PRESCRIPTION DRUG","11/22/2021","N/A","ANDA","30 POUCH in 1 CARTON (62332-655-30)  / 1 VIAL in 1 POUCH (62332-655-01)  / 2 mL in 1 VIAL","Adrenergic beta2-Agonists [MoA],  beta2-Adrenergic Agonist [EPC]","N/A","No","12/31/2026",0,FALSE,FALSE
"Respiratory:allergy_Medication","Other_Asthma_Medications","FormoterolFumarate",FALSE,"nonproprietary","FormoterolFumarate","FormoterolFumarate_nonproprietary_raw.csv","Formoterol Fumarate","62332-655-60","20 ug/2mL","SOLUTION","RESPIRATORY (INHALATION)","ANDA215078","Alembic Pharmaceuticals Inc.","62332-655","Formoterol Fumarate","FORMOTEROL FUMARATE","HUMAN PRESCRIPTION DRUG","11/22/2021","N/A","ANDA","60 POUCH in 1 CARTON (62332-655-60)  / 1 VIAL in 1 POUCH / 2 mL in 1 VIAL","Adrenergic beta2-Agonists [MoA],  beta2-Adrenergic Agonist [EPC]","N/A","No","12/31/2026",0,FALSE,FALSE
"Respiratory:allergy_Medication","Other_Asthma_Medications","FormoterolFumarate",FALSE,"nonproprietary","FormoterolFumarate","FormoterolFumarate_nonproprietary_raw.csv","Formoterol Fumarate Inhalation Solution","76204-030-01","20 ug/2mL","SOLUTION","RESPIRATORY (INHALATION)","ANDA216486","Ritedose Pharmaceuticals, LLC","76204-030","formoterol fumarate dihydrate","FORMOTEROL FUMARATE","HUMAN PRESCRIPTION DRUG","03/14/2025","N/A","ANDA","30 POUCH in 1 CARTON (76204-030-01)  / 1 VIAL in 1 POUCH / 2 mL in 1 VIAL","Adrenergic beta2-Agonists [MoA],  beta2-Adrenergic Agonist [EPC]","N/A","No","12/31/2026",0,FALSE,FALSE
"Respiratory:allergy_Medication","Other_Asthma_Medications","FormoterolFumarate",FALSE,"nonproprietary","FormoterolFumarate","FormoterolFumarate_nonproprietary_raw.csv","Formoterol Fumarate Inhalation Solution","76204-030-02","20 ug/2mL","SOLUTION","RESPIRATORY (INHALATION)","ANDA216486","Ritedose Pharmaceuticals, LLC","76204-030","formoterol fumarate dihydrate","FORMOTEROL FUMARATE","HUMAN PRESCRIPTION DRUG","03/14/2025","N/A","ANDA","60 POUCH in 1 CARTON (76204-030-02)  / 1 VIAL in 1 POUCH / 2 mL in 1 VIAL","Adrenergic beta2-Agonists [MoA],  beta2-Adrenergic Agonist [EPC]","N/A","No","12/31/2026",0,FALSE,FALSE
"Respiratory:allergy_Medication","Other_Asthma_Medications","FormoterolFumarate",FALSE,"nonproprietary","FormoterolFumarate","FormoterolFumarate_nonproprietary_raw.csv","Formoterol fumarate","0093-4061-06","20 ug/2mL","SOLUTION","RESPIRATORY (INHALATION)","ANDA091141","Teva Pharmaceuticals USA, Inc.","0093-4061","Formoterol fumarate","FORMOTEROL FUMARATE","HUMAN PRESCRIPTION DRUG","06/22/2021","N/A","ANDA","60 POUCH in 1 CARTON (0093-4061-06)  / 1 VIAL in 1 POUCH / 2 mL in 1 VIAL","Adrenergic beta2-Agonists [MoA],  beta2-Adrenergic Agonist [EPC]","N/A","No","12/31/2026",0,FALSE,FALSE
"Respiratory:allergy_Medication","Other_Asthma_Medications","FormoterolFumarate",FALSE,"nonproprietary","FormoterolFumarate","FormoterolFumarate_nonproprietary_raw.csv","Formoterol fumarate","0093-4061-30","20 ug/2mL","SOLUTION","RESPIRATORY (INHALATION)","ANDA091141","Teva Pharmaceuticals USA, Inc.","0093-4061","Formoterol fumarate","FORMOTEROL FUMARATE","HUMAN PRESCRIPTION DRUG","06/22/2021","N/A","ANDA","30 POUCH in 1 CARTON (0093-4061-30)  / 1 VIAL in 1 POUCH (0093-4061-19)  / 2 mL in 1 VIAL","Adrenergic beta2-Agonists [MoA],  beta2-Adrenergic Agonist [EPC]","N/A","No","12/31/2026",0,FALSE,FALSE
"Respiratory:allergy_Medication","Other_Asthma_Medications","FormoterolFumarate",FALSE,"nonproprietary","FormoterolFumarate","FormoterolFumarate_nonproprietary_raw.csv","Formoterol fumarate","42571-463-62","20 ug/2mL","SOLUTION","RESPIRATORY (INHALATION)","ANDA218304","Micro Labs Limited","42571-463","Formoterol fumarate","FORMOTEROL FUMARATE","HUMAN PRESCRIPTION DRUG","10/01/2024","N/A","ANDA","60 POUCH in 1 CARTON (42571-463-62)  / 1 VIAL in 1 POUCH / 2 mL in 1 VIAL","Adrenergic beta2-Agonists [MoA],  beta2-Adrenergic Agonist [EPC]","N/A","No","12/31/2026",0,FALSE,FALSE
"Respiratory:allergy_Medication","Other_Asthma_Medications","FormoterolFumarate",FALSE,"nonproprietary","FormoterolFumarate","FormoterolFumarate_nonproprietary_raw.csv","Formoterol fumarate","42571-463-73","20 ug/2mL","SOLUTION","RESPIRATORY (INHALATION)","ANDA218304","Micro Labs Limited","42571-463","Formoterol fumarate","FORMOTEROL FUMARATE","HUMAN PRESCRIPTION DRUG","10/01/2024","N/A","ANDA","30 POUCH in 1 CARTON (42571-463-73)  / 1 VIAL in 1 POUCH / 2 mL in 1 VIAL","Adrenergic beta2-Agonists [MoA],  beta2-Adrenergic Agonist [EPC]","N/A","No","12/31/2026",0,FALSE,FALSE
"Respiratory:allergy_Medication","Other_Asthma_Medications","FormoterolFumarate",FALSE,"nonproprietary","FormoterolFumarate","FormoterolFumarate_nonproprietary_raw.csv","Formoterol fumarate","63629-8813-1","20 ug/2mL","SOLUTION","RESPIRATORY (INHALATION)","ANDA091141","Bryant Ranch Prepack","63629-8813","Formoterol fumarate","FORMOTEROL FUMARATE","HUMAN PRESCRIPTION DRUG","09/10/2021","N/A","ANDA","30 POUCH in 1 CARTON (63629-8813-1)  / 1 VIAL in 1 POUCH / 2 mL in 1 VIAL","Adrenergic beta2-Agonists [MoA],  beta2-Adrenergic Agonist [EPC]","N/A","No","12/31/2026",0,FALSE,FALSE
"Respiratory:allergy_Medication","Other_Asthma_Medications","FormoterolFumarate",FALSE,"nonproprietary","FormoterolFumarate","FormoterolFumarate_nonproprietary_raw.csv","Formoterol fumarate","63629-8814-1","20 ug/2mL","SOLUTION","RESPIRATORY (INHALATION)","ANDA091141","Bryant Ranch Prepack","63629-8814","Formoterol fumarate","FORMOTEROL FUMARATE","HUMAN PRESCRIPTION DRUG","09/10/2021","N/A","ANDA","60 POUCH in 1 CARTON (63629-8814-1)  / 1 VIAL in 1 POUCH / 2 mL in 1 VIAL","Adrenergic beta2-Agonists [MoA],  beta2-Adrenergic Agonist [EPC]","N/A","No","12/31/2026",0,FALSE,FALSE
"Respiratory:allergy_Medication","Other_Asthma_Medications","FormoterolFumarate",FALSE,"nonproprietary","FormoterolFumarate","FormoterolFumarate_nonproprietary_raw.csv","Formoterol fumarate","70756-608-60","20 ug/2mL","SOLUTION","RESPIRATORY (INHALATION)","ANDA215883","Lifestar Pharma LLC","70756-608","Formoterol fumarate dihydrate","FORMOTEROL FUMARATE","HUMAN PRESCRIPTION DRUG","03/22/2023","N/A","ANDA","60 POUCH in 1 CARTON (70756-608-60)  / 4 VIAL in 1 POUCH (70756-608-44)  / 2 mL in 1 VIAL","Adrenergic beta2-Agonists [MoA],  beta2-Adrenergic Agonist [EPC]","N/A","No","12/31/2027",0,FALSE,FALSE
"Respiratory:allergy_Medication","Other_Asthma_Medications","FormoterolFumarate",FALSE,"nonproprietary","FormoterolFumarate","FormoterolFumarate_nonproprietary_raw.csv","Formoterol fumarate","70756-608-70","20 ug/2mL","SOLUTION","RESPIRATORY (INHALATION)","ANDA215883","Lifestar Pharma LLC","70756-608","Formoterol fumarate dihydrate","FORMOTEROL FUMARATE","HUMAN PRESCRIPTION DRUG","03/22/2023","N/A","ANDA","30 POUCH in 1 CARTON (70756-608-70)  / 1 VIAL in 1 POUCH (70756-608-12)  / 2 mL in 1 VIAL","Adrenergic beta2-Agonists [MoA],  beta2-Adrenergic Agonist [EPC]","N/A","No","12/31/2027",0,FALSE,FALSE
"Respiratory:allergy_Medication","Other_Asthma_Medications","FormoterolFumarate",FALSE,"nonproprietary","FormoterolFumarate","FormoterolFumarate_nonproprietary_raw.csv","Formoterol fumarate","72603-620-30","20 ug/2mL","SOLUTION","RESPIRATORY (INHALATION)","ANDA215883","NorthStar RxLLC","72603-620","Formoterol fumarate dihydrate","FORMOTEROL FUMARATE","HUMAN PRESCRIPTION DRUG","07/01/2024","N/A","ANDA","30 POUCH in 1 CARTON (72603-620-30)  / 1 VIAL in 1 POUCH (72603-620-01)  / 2 mL in 1 VIAL","Adrenergic beta2-Agonists [MoA],  beta2-Adrenergic Agonist [EPC]","N/A","No","12/31/2027",0,FALSE,FALSE
"Respiratory:allergy_Medication","Other_Asthma_Medications","FormoterolFumarate",FALSE,"nonproprietary","FormoterolFumarate","FormoterolFumarate_nonproprietary_raw.csv","Formoterol fumarate","72603-620-60","20 ug/2mL","SOLUTION","RESPIRATORY (INHALATION)","ANDA215883","NorthStar RxLLC","72603-620","Formoterol fumarate dihydrate","FORMOTEROL FUMARATE","HUMAN PRESCRIPTION DRUG","07/01/2024","N/A","ANDA","60 POUCH in 1 CARTON (72603-620-60)  / 4 VIAL in 1 POUCH (72603-620-04)  / 2 mL in 1 VIAL","Adrenergic beta2-Agonists [MoA],  beta2-Adrenergic Agonist [EPC]","N/A","No","12/31/2027",0,FALSE,FALSE
"Respiratory:allergy_Medication","Other_Asthma_Medications","FormoterolFumarate",FALSE,"nonproprietary","FormoterolFumarate","FormoterolFumarate_nonproprietary_raw.csv","Formoterol fumarate","73043-051-93","20 ug/2mL","SOLUTION","RESPIRATORY (INHALATION)","ANDA218308","Devatis, Inc.","73043-051","Formoterol fumarate dihydrate","FORMOTEROL FUMARATE","HUMAN PRESCRIPTION DRUG","06/30/2025","N/A","ANDA","30 POUCH in 1 CARTON (73043-051-93)  / 1 VIAL in 1 POUCH / 2 mL in 1 VIAL","Adrenergic beta2-Agonists [MoA],  beta2-Adrenergic Agonist [EPC]","N/A","No","12/31/2026",0,FALSE,FALSE
"Respiratory:allergy_Medication","Other_Asthma_Medications","FormoterolFumarate",FALSE,"nonproprietary","FormoterolFumarate","FormoterolFumarate_nonproprietary_raw.csv","Formoterol fumarate","73043-051-96","20 ug/2mL","SOLUTION","RESPIRATORY (INHALATION)","ANDA218308","Devatis, Inc.","73043-051","Formoterol fumarate dihydrate","FORMOTEROL FUMARATE","HUMAN PRESCRIPTION DRUG","06/30/2025","N/A","ANDA","60 POUCH in 1 CARTON (73043-051-96)  / 1 VIAL in 1 POUCH / 2 mL in 1 VIAL","Adrenergic beta2-Agonists [MoA],  beta2-Adrenergic Agonist [EPC]","N/A","No","12/31/2026",0,FALSE,FALSE
"Respiratory:allergy_Medication","Other_Asthma_Medications","FormoterolFumarate",FALSE,"nonproprietary","FormoterolFumarate","FormoterolFumarate_nonproprietary_raw.csv","Perforomist","49502-605-30","20 ug/2mL","SOLUTION","RESPIRATORY (INHALATION)","NDA022007","Viatris Specialty LLC","49502-605","formoterol fumarate dihydrate","FORMOTEROL FUMARATE","HUMAN PRESCRIPTION DRUG","10/01/2007","N/A","NDA","30 POUCH in 1 CARTON (49502-605-30)  / 1 VIAL in 1 POUCH / 2 mL in 1 VIAL","Adrenergic beta2-Agonists [MoA],  beta2-Adrenergic Agonist [EPC]","N/A","No","12/31/2026",0,FALSE,FALSE
"Respiratory:allergy_Medication","Other_Asthma_Medications","FormoterolFumarate",FALSE,"nonproprietary","FormoterolFumarate","FormoterolFumarate_nonproprietary_raw.csv","Perforomist","49502-605-61","20 ug/2mL","SOLUTION","RESPIRATORY (INHALATION)","NDA022007","Viatris Specialty LLC","49502-605","formoterol fumarate dihydrate","FORMOTEROL FUMARATE","HUMAN PRESCRIPTION DRUG","10/01/2007","N/A","NDA","60 POUCH in 1 CARTON (49502-605-61)  / 1 VIAL in 1 POUCH (49502-605-95)  / 2 mL in 1 VIAL","Adrenergic beta2-Agonists [MoA],  beta2-Adrenergic Agonist [EPC]","N/A","No","12/31/2026",0,FALSE,FALSE
"Respiratory:allergy_Medication","Other_Asthma_Medications","FormoterolFumarate",FALSE,"nonproprietary","FormoterolFumarate","FormoterolFumarate_nonproprietary_raw.csv","SYMBICORT","0186-0370-20","160 ug/1,                         4.5  ug/1","AEROSOL","RESPIRATORY (INHALATION)","NDA021929","AstraZeneca Pharmaceuticals LP","0186-0370","Budesonide and Formoterol Fumarate Dihydrate","BUDESONIDE;  FORMOTEROL FUMARATE","HUMAN PRESCRIPTION DRUG","05/29/2007","N/A","NDA","1 POUCH in 1 CARTON (0186-0370-20)  / 1 CANISTER in 1 POUCH / 120 AEROSOL in 1 CANISTER","Adrenergic beta2-Agonists [MoA],  Corticosteroid Hormone Receptor Agonists [MoA],  Corticosteroid [EPC],  beta2-Adrenergic Agonist [EPC]","N/A","No","12/31/2026",0,FALSE,FALSE
"Respiratory:allergy_Medication","Other_Asthma_Medications","FormoterolFumarate",FALSE,"nonproprietary","FormoterolFumarate","FormoterolFumarate_nonproprietary_raw.csv","SYMBICORT","0186-0370-28","160 ug/1,                         4.5  ug/1","AEROSOL","RESPIRATORY (INHALATION)","NDA021929","AstraZeneca Pharmaceuticals LP","0186-0370","Budesonide and Formoterol Fumarate Dihydrate","BUDESONIDE;  FORMOTEROL FUMARATE","HUMAN PRESCRIPTION DRUG","09/06/2007","N/A","NDA","1 POUCH in 1 CARTON (0186-0370-28)  / 1 CANISTER in 1 POUCH / 60 AEROSOL in 1 CANISTER","Adrenergic beta2-Agonists [MoA],  Corticosteroid Hormone Receptor Agonists [MoA],  Corticosteroid [EPC],  beta2-Adrenergic Agonist [EPC]","N/A","No","12/31/2026",0,FALSE,FALSE
"Respiratory:allergy_Medication","Other_Asthma_Medications","FormoterolFumarate",FALSE,"nonproprietary","FormoterolFumarate","FormoterolFumarate_nonproprietary_raw.csv","SYMBICORT","0186-0372-20","80 ug/1,                         4.5  ug/1","AEROSOL","RESPIRATORY (INHALATION)","NDA021929","AstraZeneca Pharmaceuticals LP","0186-0372","Budesonide and Formoterol Fumarate Dihydrate","BUDESONIDE;  FORMOTEROL FUMARATE","HUMAN PRESCRIPTION DRUG","05/29/2007","N/A","NDA","1 POUCH in 1 CARTON (0186-0372-20)  / 1 CANISTER in 1 POUCH / 120 AEROSOL in 1 CANISTER","Adrenergic beta2-Agonists [MoA],  Corticosteroid Hormone Receptor Agonists [MoA],  Corticosteroid [EPC],  beta2-Adrenergic Agonist [EPC]","N/A","No","12/31/2026",0,FALSE,FALSE
"Respiratory:allergy_Medication","Other_Asthma_Medications","FormoterolFumarate",FALSE,"nonproprietary","FormoterolFumarate","FormoterolFumarate_nonproprietary_raw.csv","SYMBICORT","0186-0372-28","80 ug/1,                         4.5  ug/1","AEROSOL","RESPIRATORY (INHALATION)","NDA021929","AstraZeneca Pharmaceuticals LP","0186-0372","Budesonide and Formoterol Fumarate Dihydrate","BUDESONIDE;  FORMOTEROL FUMARATE","HUMAN PRESCRIPTION DRUG","09/06/2007","N/A","NDA","1 POUCH in 1 CARTON (0186-0372-28)  / 1 CANISTER in 1 POUCH / 60 AEROSOL in 1 CANISTER","Adrenergic beta2-Agonists [MoA],  Corticosteroid Hormone Receptor Agonists [MoA],  Corticosteroid [EPC],  beta2-Adrenergic Agonist [EPC]","N/A","No","12/31/2026",0,FALSE,FALSE
"Respiratory:allergy_Medication","Other_Asthma_Medications","FormoterolFumarate",FALSE,"nonproprietary","FormoterolFumarate","FormoterolFumarate_nonproprietary_raw.csv","SYMBICORT","50090-1403-0","160 ug/1,                         4.5  ug/1","AEROSOL","RESPIRATORY (INHALATION)","NDA021929","A-S Medication Solutions","50090-1403","Budesonide and Formoterol Fumarate Dihydrate","BUDESONIDE;  FORMOTEROL FUMARATE","HUMAN PRESCRIPTION DRUG","11/28/2014","N/A","NDA","1 POUCH in 1 CARTON (50090-1403-0)  / 1 AEROSOL in 1 POUCH","Adrenergic beta2-Agonists [MoA],  Corticosteroid Hormone Receptor Agonists [MoA],  Corticosteroid [EPC],  beta2-Adrenergic Agonist [EPC]","N/A","No","12/31/2026",0,FALSE,FALSE
"Respiratory:allergy_Medication","Other_Asthma_Medications","FormoterolFumarate",FALSE,"nonproprietary","FormoterolFumarate","FormoterolFumarate_nonproprietary_raw.csv","SYMBICORT","50090-4508-0","160 ug/1,                         4.5  ug/1","AEROSOL","RESPIRATORY (INHALATION)","NDA021929","A-S Medication Solutions","50090-4508","Budesonide and Formoterol Fumarate Dihydrate","BUDESONIDE;  FORMOTEROL FUMARATE","HUMAN PRESCRIPTION DRUG","09/04/2019","N/A","NDA","1 POUCH in 1 CARTON (50090-4508-0)  / 1 AEROSOL in 1 POUCH","Adrenergic beta2-Agonists [MoA],  Corticosteroid Hormone Receptor Agonists [MoA],  Corticosteroid [EPC],  beta2-Adrenergic Agonist [EPC]","N/A","No","12/31/2026",0,FALSE,FALSE
"Respiratory:allergy_Medication","Other_Asthma_Medications","FormoterolFumarate",FALSE,"nonproprietary","FormoterolFumarate","FormoterolFumarate_nonproprietary_raw.csv","SYMBICORT","50090-4509-0","160 ug/1,                         4.5  ug/1","AEROSOL","RESPIRATORY (INHALATION)","NDA021929","A-S Medication Solutions","50090-4509","Budesonide and Formoterol Fumarate Dihydrate","BUDESONIDE;  FORMOTEROL FUMARATE","HUMAN PRESCRIPTION DRUG","09/04/2019","N/A","NDA","1 POUCH in 1 CARTON (50090-4509-0)  / 1 AEROSOL in 1 POUCH","Adrenergic beta2-Agonists [MoA],  Corticosteroid Hormone Receptor Agonists [MoA],  Corticosteroid [EPC],  beta2-Adrenergic Agonist [EPC]","N/A","No","12/31/2026",0,FALSE,FALSE
"Respiratory:allergy_Medication","Other_Asthma_Medications","FormoterolFumarate",FALSE,"nonproprietary","FormoterolFumarate","FormoterolFumarate_nonproprietary_raw.csv","SYMBICORT","50090-4510-0","80 ug/1,                         4.5  ug/1","AEROSOL","RESPIRATORY (INHALATION)","NDA021929","A-S Medication Solutions","50090-4510","Budesonide and Formoterol Fumarate Dihydrate","BUDESONIDE;  FORMOTEROL FUMARATE","HUMAN PRESCRIPTION DRUG","09/04/2019","N/A","NDA","1 POUCH in 1 CARTON (50090-4510-0)  / 1 AEROSOL in 1 POUCH","Adrenergic beta2-Agonists [MoA],  Corticosteroid Hormone Receptor Agonists [MoA],  Corticosteroid [EPC],  beta2-Adrenergic Agonist [EPC]","N/A","No","12/31/2026",0,FALSE,FALSE
"Respiratory:allergy_Medication","Other_Asthma_Medications","FormoterolFumarate",FALSE,"nonproprietary","FormoterolFumarate","FormoterolFumarate_nonproprietary_raw.csv","SYMBICORT","85766-184-28","80 ug/1,                         4.5  ug/1","AEROSOL","RESPIRATORY (INHALATION)","NDA021929","Sportpharm LLC","85766-184","Budesonide and Formoterol Fumarate Dihydrate","BUDESONIDE;  FORMOTEROL FUMARATE","HUMAN PRESCRIPTION DRUG","03/12/2026","N/A","NDA","1 POUCH in 1 CARTON (85766-184-28)  / 1 CANISTER in 1 POUCH / 60 AEROSOL in 1 CANISTER","Adrenergic beta2-Agonists [MoA],  Corticosteroid Hormone Receptor Agonists [MoA],  Corticosteroid [EPC],  beta2-Adrenergic Agonist [EPC]","N/A","No","12/31/2027",0,FALSE,FALSE
"Respiratory:allergy_Medication","Other_Asthma_Medications","FormoterolFumarate",FALSE,"nonproprietary","FormoterolFumarate","FormoterolFumarate_nonproprietary_raw.csv","Trimbow","10122-120-02","86 ug/1,                         4.9  ug/1,                         10.6  ug/1","AEROSOL, METERED","RESPIRATORY (INHALATION)","NDA219622","Chiesi USA, Inc.","10122-120","beclomethasone dipropionate/formoterol fumarate/glycopyrrolate","BECLOMETHASONE DIPROPIONATE;  FORMOTEROL FUMARATE;  GLYCOPYRROLATE","HUMAN PRESCRIPTION DRUG","05/14/2026","N/A","NDA","1 CANISTER in 1 CARTON (10122-120-02)  / 120 AEROSOL, METERED in 1 CANISTER","Adrenergic beta2-Agonists [MoA],  Anticholinergic [EPC],  Cholinergic Antagonists [MoA],  Cholinergic Muscarinic Antagonist [EPC],  Cholinergic Muscarinic Antagonists [MoA],  Corticosteroid Hormone Receptor Agonists [MoA],  Corticosteroid [EPC],  beta2-Adrenergic Agonist [EPC]","N/A","No","12/31/2027",0,FALSE,FALSE
"Respiratory:allergy_Medication","Other_Asthma_Medications","FormoterolFumarate",FALSE,"nonproprietary","FormoterolFumarate","FormoterolFumarate_nonproprietary_raw.csv","Trimbow","10122-121-02","172 ug/1,                         4.9  ug/1,                         10.6  ug/1","AEROSOL, METERED","RESPIRATORY (INHALATION)","NDA219622","Chiesi USA, Inc.","10122-121","beclomethasone dipropionate/formoterol fumarate/glycopyrrolate","BECLOMETHASONE DIPROPIONATE;  FORMOTEROL FUMARATE;  GLYCOPYRROLATE","HUMAN PRESCRIPTION DRUG","07/14/2026","N/A","NDA","1 CANISTER in 1 CARTON (10122-121-02)  / 120 AEROSOL, METERED in 1 CANISTER","Adrenergic beta2-Agonists [MoA],  Anticholinergic [EPC],  Cholinergic Antagonists [MoA],  Cholinergic Muscarinic Antagonist [EPC],  Cholinergic Muscarinic Antagonists [MoA],  Corticosteroid Hormone Receptor Agonists [MoA],  Corticosteroid [EPC],  beta2-Adrenergic Agonist [EPC]","N/A","No","12/31/2027",0,FALSE,FALSE
"Respiratory:allergy_Medication","Other_Asthma_Medications","FormoterolFumarate",FALSE,"nonproprietary","FormoterolFumarate","FormoterolFumarate_nonproprietary_raw.csv","Trimbow","10122-460-02","86 ug/1,                         4.9  ug/1,                         10.6  ug/1","AEROSOL, METERED","RESPIRATORY (INHALATION)","NDA219622","Chiesi USA, Inc.","10122-460","beclomethasone dipropionate/formoterol fumarate/glycopyrrolate","BECLOMETHASONE DIPROPIONATE;  FORMOTEROL FUMARATE;  GLYCOPYRROLATE","HUMAN PRESCRIPTION DRUG","05/14/2026","N/A","NDA","1 CANISTER in 1 CARTON (10122-460-02)  / 120 AEROSOL, METERED in 1 CANISTER","Adrenergic beta2-Agonists [MoA],  Anticholinergic [EPC],  Cholinergic Antagonists [MoA],  Cholinergic Muscarinic Antagonist [EPC],  Cholinergic Muscarinic Antagonists [MoA],  Corticosteroid Hormone Receptor Agonists [MoA],  Corticosteroid [EPC],  beta2-Adrenergic Agonist [EPC]","N/A","Yes","12/31/2027",0,FALSE,FALSE
"Respiratory:allergy_Medication","Other_Asthma_Medications","FormoterolFumarate",FALSE,"nonproprietary","FormoterolFumarate","FormoterolFumarate_nonproprietary_raw.csv","Trimbow","10122-590-02","172 ug/1,                         4.9  ug/1,                         10.6  ug/1","AEROSOL, METERED","RESPIRATORY (INHALATION)","NDA219622","Chiesi USA, Inc.","10122-590","beclomethasone dipropionate/formoterol fumarate/glycopyrrolate","BECLOMETHASONE DIPROPIONATE;  FORMOTEROL FUMARATE;  GLYCOPYRROLATE","HUMAN PRESCRIPTION DRUG","05/14/2026","N/A","NDA","1 CANISTER in 1 CARTON (10122-590-02)  / 120 AEROSOL, METERED in 1 CANISTER","Adrenergic beta2-Agonists [MoA],  Anticholinergic [EPC],  Cholinergic Antagonists [MoA],  Cholinergic Muscarinic Antagonist [EPC],  Cholinergic Muscarinic Antagonists [MoA],  Corticosteroid Hormone Receptor Agonists [MoA],  Corticosteroid [EPC],  beta2-Adrenergic Agonist [EPC]","N/A","Yes","12/31/2027",0,FALSE,FALSE
"Respiratory:allergy_Medication","Other_Asthma_Medications","FormoterolFumarate",FALSE,"nonproprietary","FormoterolFumarate","FormoterolFumarate_nonproprietary_raw.csv","formoterol fumarate","70748-261-30","20 ug/2mL","SOLUTION","RESPIRATORY (INHALATION)","ANDA215053","Lupin Pharmaceuticals, Inc.","70748-261","formoterol fumarate","FORMOTEROL FUMARATE","HUMAN PRESCRIPTION DRUG","11/28/2022","N/A","ANDA","30 POUCH in 1 CARTON (70748-261-30)  / 1 VIAL in 1 POUCH / 2 mL in 1 VIAL","Adrenergic beta2-Agonists [MoA],  beta2-Adrenergic Agonist [EPC]","N/A","No","12/31/2026",0,FALSE,FALSE
"Respiratory:allergy_Medication","Other_Asthma_Medications","FormoterolFumarate",FALSE,"nonproprietary","FormoterolFumarate","FormoterolFumarate_nonproprietary_raw.csv","formoterol fumarate","70748-261-60","20 ug/2mL","SOLUTION","RESPIRATORY (INHALATION)","ANDA215053","Lupin Pharmaceuticals, Inc.","70748-261","formoterol fumarate","FORMOTEROL FUMARATE","HUMAN PRESCRIPTION DRUG","11/28/2022","N/A","ANDA","60 POUCH in 1 CARTON (70748-261-60)  / 1 VIAL in 1 POUCH / 2 mL in 1 VIAL","Adrenergic beta2-Agonists [MoA],  beta2-Adrenergic Agonist [EPC]","N/A","No","12/31/2026",0,FALSE,FALSE
"Respiratory:allergy_Medication","Other_Asthma_Medications","LevalbuterolHydrochloride",FALSE,"nonproprietary","LevalbuterolHydrochloride","LevalbuterolHydrochloride_nonproprietary_raw.csv","Levalbuterol","0115-9930-78",".31 mg/3mL","SOLUTION","RESPIRATORY (INHALATION)","ANDA203653","Amneal Pharmaceuticals of New York LLC","0115-9930","Levalbuterol Hydrochloride","LEVALBUTEROL HYDROCHLORIDE","HUMAN PRESCRIPTION DRUG","02/17/2017","N/A","ANDA","1 POUCH in 1 CARTON (0115-9930-78)  / 25 AMPULE in 1 POUCH (0115-9930-76)  / 3 mL in 1 AMPULE","Adrenergic beta2-Agonists [MoA],  beta2-Adrenergic Agonist [EPC]","N/A","No","12/31/2026",0,FALSE,FALSE
"Respiratory:allergy_Medication","Other_Asthma_Medications","LevalbuterolHydrochloride",FALSE,"nonproprietary","LevalbuterolHydrochloride","LevalbuterolHydrochloride_nonproprietary_raw.csv","Levalbuterol","0115-9931-78",".63 mg/3mL","SOLUTION","RESPIRATORY (INHALATION)","ANDA203653","Amneal Pharmaceuticals of New York LLC","0115-9931","Levalbuterol Hydrochloride","LEVALBUTEROL HYDROCHLORIDE","HUMAN PRESCRIPTION DRUG","02/17/2017","N/A","ANDA","1 POUCH in 1 CARTON (0115-9931-78)  / 25 AMPULE in 1 POUCH (0115-9931-76)  / 3 mL in 1 AMPULE","Adrenergic beta2-Agonists [MoA],  beta2-Adrenergic Agonist [EPC]","N/A","No","12/31/2026",0,FALSE,FALSE
"Respiratory:allergy_Medication","Other_Asthma_Medications","LevalbuterolHydrochloride",FALSE,"nonproprietary","LevalbuterolHydrochloride","LevalbuterolHydrochloride_nonproprietary_raw.csv","Levalbuterol","0115-9932-78","1.25 mg/3mL","SOLUTION","RESPIRATORY (INHALATION)","ANDA203653","Amneal Pharmaceuticals of New York LLC","0115-9932","Levalbuterol Hydrochloride","LEVALBUTEROL HYDROCHLORIDE","HUMAN PRESCRIPTION DRUG","02/17/2017","N/A","ANDA","1 POUCH in 1 CARTON (0115-9932-78)  / 25 AMPULE in 1 POUCH (0115-9932-76)  / 3 mL in 1 AMPULE","Adrenergic beta2-Agonists [MoA],  beta2-Adrenergic Agonist [EPC]","N/A","No","12/31/2026",0,FALSE,FALSE
"Respiratory:allergy_Medication","Other_Asthma_Medications","LevalbuterolHydrochloride",FALSE,"nonproprietary","LevalbuterolHydrochloride","LevalbuterolHydrochloride_nonproprietary_raw.csv","Levalbuterol","35573-443-25",".31 mg/3mL","SOLUTION","RESPIRATORY (INHALATION)","ANDA203653","Burel Pharmaceuticals, LLC","35573-443","Levalbuterol Hydrochloride","LEVALBUTEROL HYDROCHLORIDE","HUMAN PRESCRIPTION DRUG","04/01/2021","N/A","ANDA","25 POUCH in 1 CARTON (35573-443-25)  / 25 VIAL, SINGLE-DOSE in 1 POUCH / 3 mL in 1 VIAL, SINGLE-DOSE","Adrenergic beta2-Agonists [MoA],  beta2-Adrenergic Agonist [EPC]","N/A","No","12/31/2026",0,FALSE,FALSE
"Respiratory:allergy_Medication","Other_Asthma_Medications","LevalbuterolHydrochloride",FALSE,"nonproprietary","LevalbuterolHydrochloride","LevalbuterolHydrochloride_nonproprietary_raw.csv","Levalbuterol","35573-444-25",".63 mg/3mL","SOLUTION","RESPIRATORY (INHALATION)","ANDA203653","Burel Pharmaceuticals, LLC","35573-444","Levalbuterol Hydrochloride","LEVALBUTEROL HYDROCHLORIDE","HUMAN PRESCRIPTION DRUG","04/01/2021","N/A","ANDA","25 POUCH in 1 CARTON (35573-444-25)  / 25 VIAL, SINGLE-DOSE in 1 POUCH / 3 mL in 1 VIAL, SINGLE-DOSE","Adrenergic beta2-Agonists [MoA],  beta2-Adrenergic Agonist [EPC]","N/A","No","12/31/2026",0,FALSE,FALSE
"Respiratory:allergy_Medication","Other_Asthma_Medications","LevalbuterolHydrochloride",FALSE,"nonproprietary","LevalbuterolHydrochloride","LevalbuterolHydrochloride_nonproprietary_raw.csv","Levalbuterol","35573-445-25","1.25 mg/3mL","SOLUTION","RESPIRATORY (INHALATION)","ANDA203653","Burel Pharmaceuticals, LLC","35573-445","Levalbuterol Hydrochloride","LEVALBUTEROL HYDROCHLORIDE","HUMAN PRESCRIPTION DRUG","04/01/2021","N/A","ANDA","25 POUCH in 1 CARTON (35573-445-25)  / 25 VIAL, SINGLE-DOSE in 1 POUCH / 3 mL in 1 VIAL, SINGLE-DOSE","Adrenergic beta2-Agonists [MoA],  beta2-Adrenergic Agonist [EPC]","N/A","No","12/31/2026",0,FALSE,FALSE
"Respiratory:allergy_Medication","Other_Asthma_Medications","LevalbuterolHydrochloride",FALSE,"nonproprietary","LevalbuterolHydrochloride","LevalbuterolHydrochloride_nonproprietary_raw.csv","Levalbuterol","50090-6377-0",".63 mg/3mL","SOLUTION","RESPIRATORY (INHALATION)","ANDA203653","A-S Medication Solutions","50090-6377","Levalbuterol Hydrochloride","LEVALBUTEROL HYDROCHLORIDE","HUMAN PRESCRIPTION DRUG","02/20/2023","N/A","ANDA","1 POUCH in 1 CARTON (50090-6377-0)  / 25 mL in 1 POUCH","Adrenergic beta2-Agonists [MoA],  beta2-Adrenergic Agonist [EPC]","N/A","No","12/31/2026",0,FALSE,FALSE
"Respiratory:allergy_Medication","Other_Asthma_Medications","LevalbuterolHydrochloride",FALSE,"nonproprietary","LevalbuterolHydrochloride","LevalbuterolHydrochloride_nonproprietary_raw.csv","Levalbuterol","67296-2271-2",".63 mg/3mL","SOLUTION","RESPIRATORY (INHALATION)","ANDA203653","Redpharm Drug","67296-2271","Levalbuterol Hydrochloride","LEVALBUTEROL HYDROCHLORIDE","HUMAN PRESCRIPTION DRUG","02/17/2017","N/A","ANDA","1 POUCH in 1 CARTON (67296-2271-2)  / 25 AMPULE in 1 POUCH / 3 mL in 1 AMPULE","Adrenergic beta2-Agonists [MoA],  beta2-Adrenergic Agonist [EPC]","N/A","No","12/31/2027",0,FALSE,FALSE
"Respiratory:allergy_Medication","Other_Asthma_Medications","LevalbuterolHydrochloride",FALSE,"nonproprietary","LevalbuterolHydrochloride","LevalbuterolHydrochloride_nonproprietary_raw.csv","Levalbuterol","67296-2304-2",".63 mg/3mL","SOLUTION","RESPIRATORY (INHALATION)","ANDA203653","Redpharm Drug","67296-2304","Levalbuterol Hydrochloride","LEVALBUTEROL HYDROCHLORIDE","HUMAN PRESCRIPTION DRUG","04/01/2021","N/A","ANDA","25 POUCH in 1 CARTON (67296-2304-2)  / 25 VIAL, SINGLE-DOSE in 1 POUCH / 3 mL in 1 VIAL, SINGLE-DOSE","Adrenergic beta2-Agonists [MoA],  beta2-Adrenergic Agonist [EPC]","N/A","No","12/31/2027",0,FALSE,FALSE
"Respiratory:allergy_Medication","Other_Asthma_Medications","LevalbuterolHydrochloride",FALSE,"nonproprietary","LevalbuterolHydrochloride","LevalbuterolHydrochloride_nonproprietary_raw.csv","Levalbuterol","72162-2081-2",".31 mg/3mL","SOLUTION","RESPIRATORY (INHALATION)","ANDA203653","Bryant Ranch Prepack","72162-2081","Levalbuterol Hydrochloride","LEVALBUTEROL HYDROCHLORIDE","HUMAN PRESCRIPTION DRUG","09/13/2023","N/A","ANDA","1 POUCH in 1 CARTON (72162-2081-2)  / 25 AMPULE in 1 POUCH / 3 mL in 1 AMPULE","Adrenergic beta2-Agonists [MoA],  beta2-Adrenergic Agonist [EPC]","N/A","No","12/31/2026",0,FALSE,FALSE
"Respiratory:allergy_Medication","Other_Asthma_Medications","LevalbuterolHydrochloride",FALSE,"nonproprietary","LevalbuterolHydrochloride","LevalbuterolHydrochloride_nonproprietary_raw.csv","Levalbuterol","72162-2082-2",".63 mg/3mL","SOLUTION","RESPIRATORY (INHALATION)","ANDA203653","Bryant Ranch Prepack","72162-2082","Levalbuterol Hydrochloride","LEVALBUTEROL HYDROCHLORIDE","HUMAN PRESCRIPTION DRUG","09/14/2023","N/A","ANDA","1 POUCH in 1 CARTON (72162-2082-2)  / 25 AMPULE in 1 POUCH / 3 mL in 1 AMPULE","Adrenergic beta2-Agonists [MoA],  beta2-Adrenergic Agonist [EPC]","N/A","No","12/31/2026",0,FALSE,FALSE
"Respiratory:allergy_Medication","Other_Asthma_Medications","LevalbuterolHydrochloride",FALSE,"nonproprietary","LevalbuterolHydrochloride","LevalbuterolHydrochloride_nonproprietary_raw.csv","Levalbuterol","72162-2083-2","1.25 mg/3mL","SOLUTION","RESPIRATORY (INHALATION)","ANDA203653","Bryant Ranch Prepack","72162-2083","Levalbuterol Hydrochloride","LEVALBUTEROL HYDROCHLORIDE","HUMAN PRESCRIPTION DRUG","09/14/2023","N/A","ANDA","1 POUCH in 1 CARTON (72162-2083-2)  / 25 AMPULE in 1 POUCH / 3 mL in 1 AMPULE","Adrenergic beta2-Agonists [MoA],  beta2-Adrenergic Agonist [EPC]","N/A","No","12/31/2026",0,FALSE,FALSE
"Respiratory:allergy_Medication","Other_Asthma_Medications","LevalbuterolHydrochloride",FALSE,"nonproprietary","LevalbuterolHydrochloride","LevalbuterolHydrochloride_nonproprietary_raw.csv","Levalbuterol","76204-700-01",".31 mg/3mL","SOLUTION","RESPIRATORY (INHALATION)","ANDA203653","Ritedose Pharmaceuticals, LLC","76204-700","Levalbuterol Hydrochloride","LEVALBUTEROL HYDROCHLORIDE","HUMAN PRESCRIPTION DRUG","02/17/2017","N/A","ANDA","30 POUCH in 1 CARTON (76204-700-01)  / 1 AMPULE in 1 POUCH (76204-700-11)  / 3 mL in 1 AMPULE","Adrenergic beta2-Agonists [MoA],  beta2-Adrenergic Agonist [EPC]","N/A","No","12/31/2026",0,FALSE,FALSE
"Respiratory:allergy_Medication","Other_Asthma_Medications","LevalbuterolHydrochloride",FALSE,"nonproprietary","LevalbuterolHydrochloride","LevalbuterolHydrochloride_nonproprietary_raw.csv","Levalbuterol","76204-700-25",".31 mg/3mL","SOLUTION","RESPIRATORY (INHALATION)","ANDA203653","Ritedose Pharmaceuticals, LLC","76204-700","Levalbuterol Hydrochloride","LEVALBUTEROL HYDROCHLORIDE","HUMAN PRESCRIPTION DRUG","02/17/2017","N/A","ANDA","1 POUCH in 1 CARTON (76204-700-25)  / 25 AMPULE in 1 POUCH (76204-700-15)  / 3 mL in 1 AMPULE","Adrenergic beta2-Agonists [MoA],  beta2-Adrenergic Agonist [EPC]","N/A","No","12/31/2026",0,FALSE,FALSE
"Respiratory:allergy_Medication","Other_Asthma_Medications","LevalbuterolHydrochloride",FALSE,"nonproprietary","LevalbuterolHydrochloride","LevalbuterolHydrochloride_nonproprietary_raw.csv","Levalbuterol","76204-700-55",".31 mg/3mL","SOLUTION","RESPIRATORY (INHALATION)","ANDA203653","Ritedose Pharmaceuticals, LLC","76204-700","Levalbuterol Hydrochloride","LEVALBUTEROL HYDROCHLORIDE","HUMAN PRESCRIPTION DRUG","02/17/2017","N/A","ANDA","5 POUCH in 1 CARTON (76204-700-55)  / 5 AMPULE in 1 POUCH (76204-700-05)  / 3 mL in 1 AMPULE","Adrenergic beta2-Agonists [MoA],  beta2-Adrenergic Agonist [EPC]","N/A","No","12/31/2026",0,FALSE,FALSE
"Respiratory:allergy_Medication","Other_Asthma_Medications","LevalbuterolHydrochloride",FALSE,"nonproprietary","LevalbuterolHydrochloride","LevalbuterolHydrochloride_nonproprietary_raw.csv","Levalbuterol","76204-800-01",".63 mg/3mL","SOLUTION","RESPIRATORY (INHALATION)","ANDA203653","Ritedose Pharmaceuticals, LLC","76204-800","Levalbuterol Hydrochloride","LEVALBUTEROL HYDROCHLORIDE","HUMAN PRESCRIPTION DRUG","02/17/2017","N/A","ANDA","30 POUCH in 1 CARTON (76204-800-01)  / 1 AMPULE in 1 POUCH (76204-800-11)  / 3 mL in 1 AMPULE","Adrenergic beta2-Agonists [MoA],  beta2-Adrenergic Agonist [EPC]","N/A","No","12/31/2026",0,FALSE,FALSE
"Respiratory:allergy_Medication","Other_Asthma_Medications","LevalbuterolHydrochloride",FALSE,"nonproprietary","LevalbuterolHydrochloride","LevalbuterolHydrochloride_nonproprietary_raw.csv","Levalbuterol","76204-800-25",".63 mg/3mL","SOLUTION","RESPIRATORY (INHALATION)","ANDA203653","Ritedose Pharmaceuticals, LLC","76204-800","Levalbuterol Hydrochloride","LEVALBUTEROL HYDROCHLORIDE","HUMAN PRESCRIPTION DRUG","02/17/2017","N/A","ANDA","1 POUCH in 1 CARTON (76204-800-25)  / 25 AMPULE in 1 POUCH (76204-800-15)  / 3 mL in 1 AMPULE","Adrenergic beta2-Agonists [MoA],  beta2-Adrenergic Agonist [EPC]","N/A","No","12/31/2026",0,FALSE,FALSE
"Respiratory:allergy_Medication","Other_Asthma_Medications","LevalbuterolHydrochloride",FALSE,"nonproprietary","LevalbuterolHydrochloride","LevalbuterolHydrochloride_nonproprietary_raw.csv","Levalbuterol","76204-800-55",".63 mg/3mL","SOLUTION","RESPIRATORY (INHALATION)","ANDA203653","Ritedose Pharmaceuticals, LLC","76204-800","Levalbuterol Hydrochloride","LEVALBUTEROL HYDROCHLORIDE","HUMAN PRESCRIPTION DRUG","02/17/2017","N/A","ANDA","5 POUCH in 1 CARTON (76204-800-55)  / 5 AMPULE in 1 POUCH (76204-800-05)  / 3 mL in 1 AMPULE","Adrenergic beta2-Agonists [MoA],  beta2-Adrenergic Agonist [EPC]","N/A","No","12/31/2026",0,FALSE,FALSE
"Respiratory:allergy_Medication","Other_Asthma_Medications","LevalbuterolHydrochloride",FALSE,"nonproprietary","LevalbuterolHydrochloride","LevalbuterolHydrochloride_nonproprietary_raw.csv","Levalbuterol","76204-900-01","1.25 mg/3mL","SOLUTION","RESPIRATORY (INHALATION)","ANDA203653","Ritedose Pharmaceuticals, LLC","76204-900","Levalbuterol Hydrochloride","LEVALBUTEROL HYDROCHLORIDE","HUMAN PRESCRIPTION DRUG","02/17/2017","N/A","ANDA","30 POUCH in 1 CARTON (76204-900-01)  / 1 AMPULE in 1 POUCH (76204-900-11)  / 3 mL in 1 AMPULE","Adrenergic beta2-Agonists [MoA],  beta2-Adrenergic Agonist [EPC]","N/A","No","12/31/2026",0,FALSE,FALSE
"Respiratory:allergy_Medication","Other_Asthma_Medications","LevalbuterolHydrochloride",FALSE,"nonproprietary","LevalbuterolHydrochloride","LevalbuterolHydrochloride_nonproprietary_raw.csv","Levalbuterol","76204-900-25","1.25 mg/3mL","SOLUTION","RESPIRATORY (INHALATION)","ANDA203653","Ritedose Pharmaceuticals, LLC","76204-900","Levalbuterol Hydrochloride","LEVALBUTEROL HYDROCHLORIDE","HUMAN PRESCRIPTION DRUG","02/17/2017","N/A","ANDA","1 POUCH in 1 CARTON (76204-900-25)  / 25 AMPULE in 1 POUCH (76204-900-15)  / 3 mL in 1 AMPULE","Adrenergic beta2-Agonists [MoA],  beta2-Adrenergic Agonist [EPC]","N/A","No","12/31/2026",0,FALSE,FALSE
"Respiratory:allergy_Medication","Other_Asthma_Medications","LevalbuterolHydrochloride",FALSE,"nonproprietary","LevalbuterolHydrochloride","LevalbuterolHydrochloride_nonproprietary_raw.csv","Levalbuterol","76204-900-55","1.25 mg/3mL","SOLUTION","RESPIRATORY (INHALATION)","ANDA203653","Ritedose Pharmaceuticals, LLC","76204-900","Levalbuterol Hydrochloride","LEVALBUTEROL HYDROCHLORIDE","HUMAN PRESCRIPTION DRUG","02/17/2017","N/A","ANDA","5 POUCH in 1 CARTON (76204-900-55)  / 5 AMPULE in 1 POUCH (76204-900-05)  / 3 mL in 1 AMPULE","Adrenergic beta2-Agonists [MoA],  beta2-Adrenergic Agonist [EPC]","N/A","No","12/31/2026",0,FALSE,FALSE
"Respiratory:allergy_Medication","Other_Asthma_Medications","LevalbuterolHydrochloride",FALSE,"proprietary","Xopenex | XopenexHFA","LevalbuterolHydrochloride_Xopenex_proprietary_raw.csv | LevalbuterolHydrochloride_XopenexHFA_proprietary_raw.csv","XOPENEX HFA","27437-056-01","45 ug/1","AEROSOL, METERED","ORAL","NDA021730","Lupin Pharmaceuticals, Inc.","27437-056","levalbuterol tartrate","LEVALBUTEROL TARTRATE","HUMAN PRESCRIPTION DRUG","11/10/2023","N/A","NDA","1 INHALER in 1 CARTON (27437-056-01)  / 200 AEROSOL, METERED in 1 INHALER","Adrenergic beta2-Agonists [MoA],  beta2-Adrenergic Agonist [EPC]","N/A","No","12/31/2026",0,FALSE,FALSE
"Respiratory:allergy_Medication","Other_Asthma_Medications","Mepolizumab",FALSE,"nonproprietary | proprietary","Mepolizumab | Nucala","Mepolizumab_nonproprietary_raw.csv | Mepolizumab_Nucala_proprietary_raw.csv","Nucala","0173-0881-01","100 mg/mL","INJECTION, POWDER, FOR SOLUTION","SUBCUTANEOUS","BLA125526","GlaxoSmithKline LLC","0173-0881","mepolizumab","MEPOLIZUMAB","HUMAN PRESCRIPTION DRUG","11/04/2015","N/A","BLA","1 VIAL in 1 CARTON (0173-0881-01)  / 1 mL in 1 VIAL","Interleukin-5 Antagonist [EPC],  Interleukin-5 Antagonists [MoA]","N/A","No","12/31/2026",0,FALSE,FALSE
"Respiratory:allergy_Medication","Other_Asthma_Medications","Mepolizumab",FALSE,"nonproprietary | proprietary","Mepolizumab | Nucala","Mepolizumab_nonproprietary_raw.csv | Mepolizumab_Nucala_proprietary_raw.csv","Nucala","0173-0881-61","100 mg/mL","INJECTION, POWDER, FOR SOLUTION","SUBCUTANEOUS","BLA125526","GlaxoSmithKline LLC","0173-0881","mepolizumab","MEPOLIZUMAB","HUMAN PRESCRIPTION DRUG","06/17/2016","N/A","BLA","1 VIAL in 1 CARTON (0173-0881-61)  / 1 mL in 1 VIAL","Interleukin-5 Antagonist [EPC],  Interleukin-5 Antagonists [MoA]","N/A","No","12/31/2026",0,FALSE,FALSE
"Respiratory:allergy_Medication","Other_Asthma_Medications","Mepolizumab",FALSE,"nonproprietary | proprietary","Mepolizumab | Nucala","Mepolizumab_nonproprietary_raw.csv | Mepolizumab_Nucala_proprietary_raw.csv","Nucala","0173-0892-01","100 mg/mL","INJECTION, SOLUTION","SUBCUTANEOUS","BLA761122","GlaxoSmithKline LLC","0173-0892","mepolizumab","MEPOLIZUMAB","HUMAN PRESCRIPTION DRUG","06/06/2019","N/A","BLA","1 SYRINGE in 1 CARTON (0173-0892-01)  / 1 mL in 1 SYRINGE","Interleukin-5 Antagonist [EPC],  Interleukin-5 Antagonists [MoA]","N/A","No","12/31/2026",0,FALSE,FALSE
"Respiratory:allergy_Medication","Other_Asthma_Medications","Mepolizumab",FALSE,"nonproprietary | proprietary","Mepolizumab | Nucala","Mepolizumab_nonproprietary_raw.csv | Mepolizumab_Nucala_proprietary_raw.csv","Nucala","0173-0892-42","100 mg/mL","INJECTION, SOLUTION","SUBCUTANEOUS","BLA761122","GlaxoSmithKline LLC","0173-0892","mepolizumab","MEPOLIZUMAB","HUMAN PRESCRIPTION DRUG","06/06/2019","N/A","BLA","1 SYRINGE in 1 CARTON (0173-0892-42)  / 1 mL in 1 SYRINGE","Interleukin-5 Antagonist [EPC],  Interleukin-5 Antagonists [MoA]","N/A","No","12/31/2026",0,FALSE,FALSE
"Respiratory:allergy_Medication","Other_Asthma_Medications","Mepolizumab",FALSE,"nonproprietary | proprietary","Mepolizumab | Nucala","Mepolizumab_nonproprietary_raw.csv | Mepolizumab_Nucala_proprietary_raw.csv","Nucala","0173-0892-61","100 mg/mL","INJECTION, SOLUTION","SUBCUTANEOUS","BLA761122","GlaxoSmithKline LLC","0173-0892","mepolizumab","MEPOLIZUMAB","HUMAN PRESCRIPTION DRUG","06/06/2019","N/A","BLA","1 SYRINGE in 1 CARTON (0173-0892-61)  / 1 mL in 1 SYRINGE","Interleukin-5 Antagonist [EPC],  Interleukin-5 Antagonists [MoA]","N/A","No","12/31/2026",0,FALSE,FALSE
"Respiratory:allergy_Medication","Other_Asthma_Medications","Mepolizumab",FALSE,"nonproprietary | proprietary","Mepolizumab | Nucala","Mepolizumab_nonproprietary_raw.csv | Mepolizumab_Nucala_proprietary_raw.csv","Nucala","0173-0892-63","100 mg/mL","INJECTION, SOLUTION","SUBCUTANEOUS","BLA761122","GlaxoSmithKline LLC","0173-0892","mepolizumab","MEPOLIZUMAB","HUMAN PRESCRIPTION DRUG","06/06/2019","N/A","BLA","1 SYRINGE in 1 CARTON (0173-0892-63)  / 1 mL in 1 SYRINGE","Interleukin-5 Antagonist [EPC],  Interleukin-5 Antagonists [MoA]","N/A","No","12/31/2026",0,FALSE,FALSE
"Respiratory:allergy_Medication","Other_Asthma_Medications","Mepolizumab",FALSE,"nonproprietary | proprietary","Mepolizumab | Nucala","Mepolizumab_nonproprietary_raw.csv | Mepolizumab_Nucala_proprietary_raw.csv","Nucala","0173-0904-42","40 mg/.4mL","INJECTION, SOLUTION","SUBCUTANEOUS","BLA761122","GlaxoSmithKline LLC","0173-0904","mepolizumab","MEPOLIZUMAB","HUMAN PRESCRIPTION DRUG","01/22/2022","N/A","BLA","1 SYRINGE in 1 CARTON (0173-0904-42)  / .4 mL in 1 SYRINGE","Interleukin-5 Antagonist [EPC],  Interleukin-5 Antagonists [MoA]","N/A","No","12/31/2026",0,FALSE,FALSE
"Respiratory:allergy_Medication","Other_Asthma_Medications","MometasoneFuroateFormoterolFumarate",TRUE,"proprietary","Dulera","MometasoneFuroateFormoterolFumarate_combo_Dulera_proprietary_raw.csv","Dulera","78206-125-01","50 ug/1,                         5  ug/1","AEROSOL","RESPIRATORY (INHALATION)","NDA022518","Organon LLC","78206-125","mometasone furoate and formoterol fumarate dihydrate","FORMOTEROL FUMARATE;  MOMETASONE FUROATE","HUMAN PRESCRIPTION DRUG","06/01/2021","N/A","NDA","1 CANISTER in 1 CARTON (78206-125-01)  / 120 AEROSOL in 1 CANISTER","Adrenergic beta2-Agonists [MoA],  Corticosteroid Hormone Receptor Agonists [MoA],  Corticosteroid Hormone Receptor Agonists [MoA],  Corticosteroid [EPC],  beta2-Adrenergic Agonist [EPC]","N/A","No","12/31/2027",0,FALSE,FALSE
"Respiratory:allergy_Medication","Other_Asthma_Medications","MometasoneFuroateFormoterolFumarate",TRUE,"proprietary","Dulera","MometasoneFuroateFormoterolFumarate_combo_Dulera_proprietary_raw.csv","Dulera","78206-126-01","200 ug/1,                         5  ug/1","AEROSOL","RESPIRATORY (INHALATION)","NDA022518","Organon LLC","78206-126","mometasone furoate and formoterol fumarate dihydrate","FORMOTEROL FUMARATE;  MOMETASONE FUROATE","HUMAN PRESCRIPTION DRUG","06/01/2021","N/A","NDA","1 CANISTER in 1 CARTON (78206-126-01)  / 120 AEROSOL in 1 CANISTER","Adrenergic beta2-Agonists [MoA],  Corticosteroid Hormone Receptor Agonists [MoA],  Corticosteroid Hormone Receptor Agonists [MoA],  Corticosteroid [EPC],  beta2-Adrenergic Agonist [EPC]","N/A","No","12/31/2027",0,FALSE,FALSE
"Respiratory:allergy_Medication","Other_Asthma_Medications","MometasoneFuroateFormoterolFumarate",TRUE,"proprietary","Dulera","MometasoneFuroateFormoterolFumarate_combo_Dulera_proprietary_raw.csv","Dulera","78206-126-02","200 ug/1,                         5  ug/1","AEROSOL","RESPIRATORY (INHALATION)","NDA022518","Organon LLC","78206-126","mometasone furoate and formoterol fumarate dihydrate","FORMOTEROL FUMARATE;  MOMETASONE FUROATE","HUMAN PRESCRIPTION DRUG","06/01/2021","N/A","NDA","1 CANISTER in 1 CARTON (78206-126-02)  / 60 AEROSOL in 1 CANISTER","Adrenergic beta2-Agonists [MoA],  Corticosteroid Hormone Receptor Agonists [MoA],  Corticosteroid Hormone Receptor Agonists [MoA],  Corticosteroid [EPC],  beta2-Adrenergic Agonist [EPC]","N/A","No","12/31/2027",0,FALSE,FALSE
"Respiratory:allergy_Medication","Other_Asthma_Medications","MometasoneFuroateFormoterolFumarate",TRUE,"proprietary","Dulera","MometasoneFuroateFormoterolFumarate_combo_Dulera_proprietary_raw.csv","Dulera","78206-127-01","100 ug/1,                         5  ug/1","AEROSOL","RESPIRATORY (INHALATION)","NDA022518","Organon LLC","78206-127","mometasone furoate and formoterol fumarate dihydrate","FORMOTEROL FUMARATE;  MOMETASONE FUROATE","HUMAN PRESCRIPTION DRUG","06/01/2021","N/A","NDA","1 CANISTER in 1 CARTON (78206-127-01)  / 120 AEROSOL in 1 CANISTER","Adrenergic beta2-Agonists [MoA],  Corticosteroid Hormone Receptor Agonists [MoA],  Corticosteroid Hormone Receptor Agonists [MoA],  Corticosteroid [EPC],  beta2-Adrenergic Agonist [EPC]","N/A","No","12/31/2027",0,FALSE,FALSE
"Respiratory:allergy_Medication","Other_Asthma_Medications","MometasoneFuroateFormoterolFumarate",TRUE,"proprietary","Dulera","MometasoneFuroateFormoterolFumarate_combo_Dulera_proprietary_raw.csv","Dulera","78206-127-02","100 ug/1,                         5  ug/1","AEROSOL","RESPIRATORY (INHALATION)","NDA022518","Organon LLC","78206-127","mometasone furoate and formoterol fumarate dihydrate","FORMOTEROL FUMARATE;  MOMETASONE FUROATE","HUMAN PRESCRIPTION DRUG","06/01/2021","N/A","NDA","1 CANISTER in 1 CARTON (78206-127-02)  / 60 AEROSOL in 1 CANISTER","Adrenergic beta2-Agonists [MoA],  Corticosteroid Hormone Receptor Agonists [MoA],  Corticosteroid Hormone Receptor Agonists [MoA],  Corticosteroid [EPC],  beta2-Adrenergic Agonist [EPC]","N/A","No","12/31/2027",0,FALSE,FALSE
"Respiratory:allergy_Medication","Other_Asthma_Medications","MontelukastSodium",FALSE,"nonproprietary","MontelukastSodium","MontelukastSodium_nonproprietary_raw.csv","MONTELUKAST","50090-6109-0","10 mg/1","TABLET, FILM COATED","ORAL","ANDA202843","A-S Medication Solutions","50090-6109","MONTELUKAST SODIUM","MONTELUKAST SODIUM","HUMAN PRESCRIPTION DRUG","09/28/2022","N/A","ANDA","90 TABLET, FILM COATED in 1 BOTTLE (50090-6109-0)","Leukotriene Receptor Antagonist [EPC],  Leukotriene Receptor Antagonists [MoA]","N/A","No","12/31/2026",0,FALSE,FALSE
"Respiratory:allergy_Medication","Other_Asthma_Medications","MontelukastSodium",FALSE,"nonproprietary","MontelukastSodium","MontelukastSodium_nonproprietary_raw.csv","MONTELUKAST SODIUM","16571-100-09","10 mg/1","TABLET","ORAL","ANDA209012","Rising Pharma Holdings, Inc.","16571-100","MONTELUKAST SODIUM","MONTELUKAST SODIUM","HUMAN PRESCRIPTION DRUG","06/01/2023","N/A","ANDA","90 TABLET in 1 BOTTLE (16571-100-09)","Leukotriene Receptor Antagonist [EPC],  Leukotriene Receptor Antagonists [MoA]","N/A","No","12/31/2026",0,FALSE,FALSE
"Respiratory:allergy_Medication","Other_Asthma_Medications","MontelukastSodium",FALSE,"nonproprietary","MontelukastSodium","MontelukastSodium_nonproprietary_raw.csv","MONTELUKAST SODIUM","16571-100-10","10 mg/1","TABLET","ORAL","ANDA209012","Rising Pharma Holdings, Inc.","16571-100","MONTELUKAST SODIUM","MONTELUKAST SODIUM","HUMAN PRESCRIPTION DRUG","06/01/2023","N/A","ANDA","1000 TABLET in 1 BOTTLE (16571-100-10)","Leukotriene Receptor Antagonist [EPC],  Leukotriene Receptor Antagonists [MoA]","N/A","No","12/31/2026",0,FALSE,FALSE
"Respiratory:allergy_Medication","Other_Asthma_Medications","MontelukastSodium",FALSE,"nonproprietary","MontelukastSodium","MontelukastSodium_nonproprietary_raw.csv","MONTELUKAST SODIUM","27241-015-31","4 mg/1","GRANULE","ORAL","ANDA203438","Ajanta Pharma USA Inc.","27241-015","MONTELUKAST SODIUM","MONTELUKAST SODIUM","HUMAN PRESCRIPTION DRUG","08/13/2015","N/A","ANDA","30 GRANULE in 1 CARTON (27241-015-31)","Leukotriene Receptor Antagonist [EPC],  Leukotriene Receptor Antagonists [MoA]","N/A","No","12/31/2027",0,FALSE,FALSE
"Respiratory:allergy_Medication","Other_Asthma_Medications","MontelukastSodium",FALSE,"nonproprietary","MontelukastSodium","MontelukastSodium_nonproprietary_raw.csv","MONTELUKAST SODIUM","27241-016-03","4 mg/1","TABLET, CHEWABLE","ORAL","ANDA203328","Ajanta Pharma USA Inc.","27241-016","MONTELUKAST SODIUM","MONTELUKAST SODIUM","HUMAN PRESCRIPTION DRUG","08/13/2015","N/A","ANDA","30 TABLET, CHEWABLE in 1 BOTTLE (27241-016-03)","Leukotriene Receptor Antagonist [EPC],  Leukotriene Receptor Antagonists [MoA]","N/A","No","12/31/2027",0,FALSE,FALSE
"Respiratory:allergy_Medication","Other_Asthma_Medications","MontelukastSodium",FALSE,"nonproprietary","MontelukastSodium","MontelukastSodium_nonproprietary_raw.csv","MONTELUKAST SODIUM","27241-016-09","4 mg/1","TABLET, CHEWABLE","ORAL","ANDA203328","Ajanta Pharma USA Inc.","27241-016","MONTELUKAST SODIUM","MONTELUKAST SODIUM","HUMAN PRESCRIPTION DRUG","08/13/2015","N/A","ANDA","90 TABLET, CHEWABLE in 1 BOTTLE (27241-016-09)","Leukotriene Receptor Antagonist [EPC],  Leukotriene Receptor Antagonists [MoA]","N/A","No","12/31/2027",0,FALSE,FALSE
"Respiratory:allergy_Medication","Other_Asthma_Medications","MontelukastSodium",FALSE,"nonproprietary","MontelukastSodium","MontelukastSodium_nonproprietary_raw.csv","MONTELUKAST SODIUM","27241-018-03","10 mg/1","TABLET, COATED","ORAL","ANDA203432","Ajanta Pharma USA Inc.","27241-018","MONTELUKAST SODIUM","MONTELUKAST SODIUM","HUMAN PRESCRIPTION DRUG","08/13/2015","N/A","ANDA","30 TABLET, COATED in 1 BOTTLE (27241-018-03)","Leukotriene Receptor Antagonist [EPC],  Leukotriene Receptor Antagonists [MoA]","N/A","No","12/31/2027",0,FALSE,FALSE
"Respiratory:allergy_Medication","Other_Asthma_Medications","MontelukastSodium",FALSE,"nonproprietary","MontelukastSodium","MontelukastSodium_nonproprietary_raw.csv","MONTELUKAST SODIUM","27241-018-09","10 mg/1","TABLET, COATED","ORAL","ANDA203432","Ajanta Pharma USA Inc.","27241-018","MONTELUKAST SODIUM","MONTELUKAST SODIUM","HUMAN PRESCRIPTION DRUG","08/13/2015","N/A","ANDA","90 TABLET, COATED in 1 BOTTLE (27241-018-09)","Leukotriene Receptor Antagonist [EPC],  Leukotriene Receptor Antagonists [MoA]","N/A","No","12/31/2027",0,FALSE,FALSE
"Respiratory:allergy_Medication","Other_Asthma_Medications","MontelukastSodium",FALSE,"nonproprietary","MontelukastSodium","MontelukastSodium_nonproprietary_raw.csv","MONTELUKAST SODIUM","27241-018-90","10 mg/1","TABLET, COATED","ORAL","ANDA203432","Ajanta Pharma USA Inc.","27241-018","MONTELUKAST SODIUM","MONTELUKAST SODIUM","HUMAN PRESCRIPTION DRUG","08/13/2015","N/A","ANDA","1000 TABLET, COATED in 1 BOTTLE (27241-018-90)","Leukotriene Receptor Antagonist [EPC],  Leukotriene Receptor Antagonists [MoA]","N/A","No","12/31/2027",0,FALSE,FALSE
"Respiratory:allergy_Medication","Other_Asthma_Medications","MontelukastSodium",FALSE,"nonproprietary","MontelukastSodium","MontelukastSodium_nonproprietary_raw.csv","MONTELUKAST SODIUM","31722-726-01","10 mg/1","TABLET, FILM COATED","ORAL","ANDA202843","Camber Pharmaceuticals, Inc.","31722-726","MONTELUKAST SODIUM","MONTELUKAST SODIUM","HUMAN PRESCRIPTION DRUG","09/10/2014","N/A","ANDA","100 TABLET, FILM COATED in 1 BOTTLE (31722-726-01)","Leukotriene Receptor Antagonist [EPC],  Leukotriene Receptor Antagonists [MoA]","N/A","No","12/31/2026",0,FALSE,FALSE
"Respiratory:allergy_Medication","Other_Asthma_Medications","MontelukastSodium",FALSE,"nonproprietary","MontelukastSodium","MontelukastSodium_nonproprietary_raw.csv","MONTELUKAST SODIUM","31722-726-10","10 mg/1","TABLET, FILM COATED","ORAL","ANDA202843","Camber Pharmaceuticals, Inc.","31722-726","MONTELUKAST SODIUM","MONTELUKAST SODIUM","HUMAN PRESCRIPTION DRUG","09/10/2014","N/A","ANDA","1000 TABLET, FILM COATED in 1 BOTTLE (31722-726-10)","Leukotriene Receptor Antagonist [EPC],  Leukotriene Receptor Antagonists [MoA]","N/A","No","12/31/2026",0,FALSE,FALSE
"Respiratory:allergy_Medication","Other_Asthma_Medications","MontelukastSodium",FALSE,"nonproprietary","MontelukastSodium","MontelukastSodium_nonproprietary_raw.csv","MONTELUKAST SODIUM","31722-726-30","10 mg/1","TABLET, FILM COATED","ORAL","ANDA202843","Camber Pharmaceuticals, Inc.","31722-726","MONTELUKAST SODIUM","MONTELUKAST SODIUM","HUMAN PRESCRIPTION DRUG","09/10/2014","N/A","ANDA","30 TABLET, FILM COATED in 1 BOTTLE (31722-726-30)","Leukotriene Receptor Antagonist [EPC],  Leukotriene Receptor Antagonists [MoA]","N/A","No","12/31/2026",0,FALSE,FALSE
"Respiratory:allergy_Medication","Other_Asthma_Medications","MontelukastSodium",FALSE,"nonproprietary","MontelukastSodium","MontelukastSodium_nonproprietary_raw.csv","MONTELUKAST SODIUM","31722-726-32","10 mg/1","TABLET, FILM COATED","ORAL","ANDA202843","Camber Pharmaceuticals, Inc.","31722-726","MONTELUKAST SODIUM","MONTELUKAST SODIUM","HUMAN PRESCRIPTION DRUG","09/10/2014","N/A","ANDA","10 BLISTER PACK in 1 CARTON (31722-726-32)  / 10 TABLET, FILM COATED in 1 BLISTER PACK (31722-726-31)","Leukotriene Receptor Antagonist [EPC],  Leukotriene Receptor Antagonists [MoA]","N/A","No","12/31/2026",0,FALSE,FALSE
"Respiratory:allergy_Medication","Other_Asthma_Medications","MontelukastSodium",FALSE,"nonproprietary","MontelukastSodium","MontelukastSodium_nonproprietary_raw.csv","MONTELUKAST SODIUM","31722-726-90","10 mg/1","TABLET, FILM COATED","ORAL","ANDA202843","Camber Pharmaceuticals, Inc.","31722-726","MONTELUKAST SODIUM","MONTELUKAST SODIUM","HUMAN PRESCRIPTION DRUG","09/10/2014","N/A","ANDA","90 TABLET, FILM COATED in 1 BOTTLE (31722-726-90)","Leukotriene Receptor Antagonist [EPC],  Leukotriene Receptor Antagonists [MoA]","N/A","No","12/31/2026",0,FALSE,FALSE
"Respiratory:allergy_Medication","Other_Asthma_Medications","MontelukastSodium",FALSE,"nonproprietary","MontelukastSodium","MontelukastSodium_nonproprietary_raw.csv","MONTELUKAST SODIUM","62135-781-30","4 mg/1","TABLET, CHEWABLE","ORAL","ANDA200405","Chartwell RX, LLC","62135-781","MONTELUKAST SODIUM","MONTELUKAST SODIUM","HUMAN PRESCRIPTION DRUG","10/06/2023","N/A","ANDA","30 TABLET, CHEWABLE in 1 BOTTLE (62135-781-30)","Leukotriene Receptor Antagonist [EPC],  Leukotriene Receptor Antagonists [MoA]","N/A","No","12/31/2026",0,FALSE,FALSE
"Respiratory:allergy_Medication","Other_Asthma_Medications","MontelukastSodium",FALSE,"nonproprietary","MontelukastSodium","MontelukastSodium_nonproprietary_raw.csv","MONTELUKAST SODIUM","62135-782-30","5 mg/1","TABLET, CHEWABLE","ORAL","ANDA200405","Chartwell RX, LLC","62135-782","MONTELUKAST SODIUM","MONTELUKAST SODIUM","HUMAN PRESCRIPTION DRUG","10/06/2023","N/A","ANDA","30 TABLET, CHEWABLE in 1 BOTTLE (62135-782-30)","Leukotriene Receptor Antagonist [EPC],  Leukotriene Receptor Antagonists [MoA]","N/A","No","12/31/2026",0,FALSE,FALSE
"Respiratory:allergy_Medication","Other_Asthma_Medications","MontelukastSodium",FALSE,"nonproprietary","MontelukastSodium","MontelukastSodium_nonproprietary_raw.csv","MONTELUKAST SODIUM","63187-692-30","10 mg/1","TABLET, COATED","ORAL","ANDA203432","Proficient Rx LP","63187-692","MONTELUKAST SODIUM","MONTELUKAST SODIUM","HUMAN PRESCRIPTION DRUG","04/01/2016","N/A","ANDA","30 TABLET, COATED in 1 BOTTLE (63187-692-30)","Leukotriene Receptor Antagonist [EPC],  Leukotriene Receptor Antagonists [MoA]","N/A","No","12/31/2026",0,FALSE,FALSE
"Respiratory:allergy_Medication","Other_Asthma_Medications","MontelukastSodium",FALSE,"nonproprietary","MontelukastSodium","MontelukastSodium_nonproprietary_raw.csv","MONTELUKAST SODIUM","63187-692-60","10 mg/1","TABLET, COATED","ORAL","ANDA203432","Proficient Rx LP","63187-692","MONTELUKAST SODIUM","MONTELUKAST SODIUM","HUMAN PRESCRIPTION DRUG","04/01/2016","N/A","ANDA","60 TABLET, COATED in 1 BOTTLE (63187-692-60)","Leukotriene Receptor Antagonist [EPC],  Leukotriene Receptor Antagonists [MoA]","N/A","No","12/31/2026",0,FALSE,FALSE
"Respiratory:allergy_Medication","Other_Asthma_Medications","MontelukastSodium",FALSE,"nonproprietary","MontelukastSodium","MontelukastSodium_nonproprietary_raw.csv","MONTELUKAST SODIUM","63187-692-90","10 mg/1","TABLET, COATED","ORAL","ANDA203432","Proficient Rx LP","63187-692","MONTELUKAST SODIUM","MONTELUKAST SODIUM","HUMAN PRESCRIPTION DRUG","04/01/2016","N/A","ANDA","90 TABLET, COATED in 1 BOTTLE (63187-692-90)","Leukotriene Receptor Antagonist [EPC],  Leukotriene Receptor Antagonists [MoA]","N/A","No","12/31/2026",0,FALSE,FALSE
"Respiratory:allergy_Medication","Other_Asthma_Medications","MontelukastSodium",FALSE,"nonproprietary","MontelukastSodium","MontelukastSodium_nonproprietary_raw.csv","MONTELUKAST SODIUM","63187-751-30","4 mg/1","TABLET, CHEWABLE","ORAL","ANDA203328","Proficient Rx LP","63187-751","MONTELUKAST SODIUM","MONTELUKAST SODIUM","HUMAN PRESCRIPTION DRUG","10/03/2016","N/A","ANDA","30 TABLET, CHEWABLE in 1 BOTTLE (63187-751-30)","Leukotriene Receptor Antagonist [EPC],  Leukotriene Receptor Antagonists [MoA]","N/A","No","12/31/2026",0,FALSE,FALSE
"Respiratory:allergy_Medication","Other_Asthma_Medications","MontelukastSodium",FALSE,"nonproprietary","MontelukastSodium","MontelukastSodium_nonproprietary_raw.csv","MONTELUKAST SODIUM","63187-751-60","4 mg/1","TABLET, CHEWABLE","ORAL","ANDA203328","Proficient Rx LP","63187-751","MONTELUKAST SODIUM","MONTELUKAST SODIUM","HUMAN PRESCRIPTION DRUG","10/03/2016","N/A","ANDA","60 TABLET, CHEWABLE in 1 BOTTLE (63187-751-60)","Leukotriene Receptor Antagonist [EPC],  Leukotriene Receptor Antagonists [MoA]","N/A","No","12/31/2026",0,FALSE,FALSE
"Respiratory:allergy_Medication","Other_Asthma_Medications","MontelukastSodium",FALSE,"nonproprietary","MontelukastSodium","MontelukastSodium_nonproprietary_raw.csv","MONTELUKAST SODIUM","63187-751-90","4 mg/1","TABLET, CHEWABLE","ORAL","ANDA203328","Proficient Rx LP","63187-751","MONTELUKAST SODIUM","MONTELUKAST SODIUM","HUMAN PRESCRIPTION DRUG","10/03/2016","N/A","ANDA","90 TABLET, CHEWABLE in 1 BOTTLE (63187-751-90)","Leukotriene Receptor Antagonist [EPC],  Leukotriene Receptor Antagonists [MoA]","N/A","No","12/31/2026",0,FALSE,FALSE
"Respiratory:allergy_Medication","Other_Asthma_Medications","MontelukastSodium",FALSE,"nonproprietary","MontelukastSodium","MontelukastSodium_nonproprietary_raw.csv","MONTELUKAST SODIUM","72189-223-30","5 mg/1","TABLET, CHEWABLE","ORAL","ANDA204093","DIRECT RX","72189-223","MONTELUKAST SODIUM","MONTELUKAST","HUMAN PRESCRIPTION DRUG","05/21/2021","N/A","ANDA","30 TABLET, CHEWABLE in 1 BOTTLE (72189-223-30)","Leukotriene Receptor Antagonist [EPC],  Leukotriene Receptor Antagonists [MoA]","N/A","No","12/31/2026",0,FALSE,FALSE
"Respiratory:allergy_Medication","Other_Asthma_Medications","MontelukastSodium",FALSE,"nonproprietary","MontelukastSodium","MontelukastSodium_nonproprietary_raw.csv","MONTELUKAST SODIUM","72189-418-30","10 mg/1","TABLET, FILM COATED","ORAL","ANDA202843","Direct_Rx","72189-418","MONTELUKAST SODIUM","MONTELUKAST SODIUM","HUMAN PRESCRIPTION DRUG","02/02/2023","N/A","ANDA","30 TABLET, FILM COATED in 1 BOTTLE (72189-418-30)","Leukotriene Receptor Antagonist [EPC],  Leukotriene Receptor Antagonists [MoA]","N/A","No","12/31/2026",0,FALSE,FALSE
"Respiratory:allergy_Medication","Other_Asthma_Medications","MontelukastSodium",FALSE,"nonproprietary","MontelukastSodium","MontelukastSodium_nonproprietary_raw.csv","MONTELUKAST SODIUM","72189-418-90","10 mg/1","TABLET, FILM COATED","ORAL","ANDA202843","Direct_Rx","72189-418","MONTELUKAST SODIUM","MONTELUKAST SODIUM","HUMAN PRESCRIPTION DRUG","02/02/2023","N/A","ANDA","90 TABLET, FILM COATED in 1 BOTTLE (72189-418-90)","Leukotriene Receptor Antagonist [EPC],  Leukotriene Receptor Antagonists [MoA]","N/A","No","12/31/2026",0,FALSE,FALSE
"Respiratory:allergy_Medication","Other_Asthma_Medications","MontelukastSodium",FALSE,"nonproprietary","MontelukastSodium","MontelukastSodium_nonproprietary_raw.csv","Montelukast Sodium","0904-6808-06","10 mg/1","TABLET, FILM COATED","ORAL","ANDA202843","Major Pharmaceuticals","0904-6808","Montelukast Sodium","MONTELUKAST SODIUM","HUMAN PRESCRIPTION DRUG","09/10/2014","N/A","ANDA","50 BLISTER PACK in 1 CARTON (0904-6808-06)  / 1 TABLET, FILM COATED in 1 BLISTER PACK","Leukotriene Receptor Antagonist [EPC],  Leukotriene Receptor Antagonists [MoA]","N/A","No","12/31/2026",0,FALSE,FALSE
"Respiratory:allergy_Medication","Other_Asthma_Medications","MontelukastSodium",FALSE,"nonproprietary","MontelukastSodium","MontelukastSodium_nonproprietary_raw.csv","Montelukast Sodium","0904-6808-61","10 mg/1","TABLET, FILM COATED","ORAL","ANDA202843","Major Pharmaceuticals","0904-6808","Montelukast Sodium","MONTELUKAST SODIUM","HUMAN PRESCRIPTION DRUG","09/10/2014","N/A","ANDA","100 BLISTER PACK in 1 CARTON (0904-6808-61)  / 1 TABLET, FILM COATED in 1 BLISTER PACK","Leukotriene Receptor Antagonist [EPC],  Leukotriene Receptor Antagonists [MoA]","N/A","No","12/31/2026",0,FALSE,FALSE
"Respiratory:allergy_Medication","Other_Asthma_Medications","MontelukastSodium",FALSE,"nonproprietary","MontelukastSodium","MontelukastSodium_nonproprietary_raw.csv","Montelukast Sodium","13668-079-05","4 mg/1","TABLET, CHEWABLE","ORAL","ANDA090984","Torrent Pharmaceuticals Limited","13668-079","Montelukast Sodium","MONTELUKAST SODIUM","HUMAN PRESCRIPTION DRUG","08/03/2012","N/A","ANDA","500 TABLET, CHEWABLE in 1 BOTTLE (13668-079-05)","Leukotriene Receptor Antagonist [EPC],  Leukotriene Receptor Antagonists [MoA]","N/A","No","12/31/2027",0,FALSE,FALSE
"Respiratory:allergy_Medication","Other_Asthma_Medications","MontelukastSodium",FALSE,"nonproprietary","MontelukastSodium","MontelukastSodium_nonproprietary_raw.csv","Montelukast Sodium","13668-079-30","4 mg/1","TABLET, CHEWABLE","ORAL","ANDA090984","Torrent Pharmaceuticals Limited","13668-079","Montelukast Sodium","MONTELUKAST SODIUM","HUMAN PRESCRIPTION DRUG","08/03/2012","N/A","ANDA","30 TABLET, CHEWABLE in 1 BOTTLE (13668-079-30)","Leukotriene Receptor Antagonist [EPC],  Leukotriene Receptor Antagonists [MoA]","N/A","No","12/31/2027",0,FALSE,FALSE
"Respiratory:allergy_Medication","Other_Asthma_Medications","MontelukastSodium",FALSE,"nonproprietary","MontelukastSodium","MontelukastSodium_nonproprietary_raw.csv","Montelukast Sodium","13668-079-90","4 mg/1","TABLET, CHEWABLE","ORAL","ANDA090984","Torrent Pharmaceuticals Limited","13668-079","Montelukast Sodium","MONTELUKAST SODIUM","HUMAN PRESCRIPTION DRUG","08/03/2012","N/A","ANDA","90 TABLET, CHEWABLE in 1 BOTTLE (13668-079-90)","Leukotriene Receptor Antagonist [EPC],  Leukotriene Receptor Antagonists [MoA]","N/A","No","12/31/2027",0,FALSE,FALSE
"Respiratory:allergy_Medication","Other_Asthma_Medications","MontelukastSodium",FALSE,"nonproprietary","MontelukastSodium","MontelukastSodium_nonproprietary_raw.csv","Montelukast Sodium","13668-080-05","5 mg/1","TABLET, CHEWABLE","ORAL","ANDA090984","Torrent Pharmaceuticals Limited","13668-080","Montelukast Sodium","MONTELUKAST SODIUM","HUMAN PRESCRIPTION DRUG","08/03/2012","N/A","ANDA","500 TABLET, CHEWABLE in 1 BOTTLE (13668-080-05)","Leukotriene Receptor Antagonist [EPC],  Leukotriene Receptor Antagonists [MoA]","N/A","No","12/31/2027",0,FALSE,FALSE
"Respiratory:allergy_Medication","Other_Asthma_Medications","MontelukastSodium",FALSE,"nonproprietary","MontelukastSodium","MontelukastSodium_nonproprietary_raw.csv","Montelukast Sodium","13668-080-30","5 mg/1","TABLET, CHEWABLE","ORAL","ANDA090984","Torrent Pharmaceuticals Limited","13668-080","Montelukast Sodium","MONTELUKAST SODIUM","HUMAN PRESCRIPTION DRUG","08/03/2012","N/A","ANDA","30 TABLET, CHEWABLE in 1 BOTTLE (13668-080-30)","Leukotriene Receptor Antagonist [EPC],  Leukotriene Receptor Antagonists [MoA]","N/A","No","12/31/2027",0,FALSE,FALSE
"Respiratory:allergy_Medication","Other_Asthma_Medications","MontelukastSodium",FALSE,"nonproprietary","MontelukastSodium","MontelukastSodium_nonproprietary_raw.csv","Montelukast Sodium","13668-080-90","5 mg/1","TABLET, CHEWABLE","ORAL","ANDA090984","Torrent Pharmaceuticals Limited","13668-080","Montelukast Sodium","MONTELUKAST SODIUM","HUMAN PRESCRIPTION DRUG","08/03/2012","N/A","ANDA","90 TABLET, CHEWABLE in 1 BOTTLE (13668-080-90)","Leukotriene Receptor Antagonist [EPC],  Leukotriene Receptor Antagonists [MoA]","N/A","No","12/31/2027",0,FALSE,FALSE
"Respiratory:allergy_Medication","Other_Asthma_Medications","MontelukastSodium",FALSE,"nonproprietary","MontelukastSodium","MontelukastSodium_nonproprietary_raw.csv","Montelukast Sodium","13668-081-05","10 mg/1","TABLET","ORAL","ANDA201515","Torrent Pharmaceuticals Limited","13668-081","Montelukast Sodium","MONTELUKAST SODIUM","HUMAN PRESCRIPTION DRUG","08/03/2012","N/A","ANDA","500 TABLET in 1 BOTTLE (13668-081-05)","Leukotriene Receptor Antagonist [EPC],  Leukotriene Receptor Antagonists [MoA]","N/A","No","12/31/2027",0,FALSE,FALSE
"Respiratory:allergy_Medication","Other_Asthma_Medications","MontelukastSodium",FALSE,"nonproprietary","MontelukastSodium","MontelukastSodium_nonproprietary_raw.csv","Montelukast Sodium","13668-081-30","10 mg/1","TABLET","ORAL","ANDA201515","Torrent Pharmaceuticals Limited","13668-081","Montelukast Sodium","MONTELUKAST SODIUM","HUMAN PRESCRIPTION DRUG","08/03/2012","N/A","ANDA","30 TABLET in 1 BOTTLE (13668-081-30)","Leukotriene Receptor Antagonist [EPC],  Leukotriene Receptor Antagonists [MoA]","N/A","No","12/31/2027",0,FALSE,FALSE
"Respiratory:allergy_Medication","Other_Asthma_Medications","MontelukastSodium",FALSE,"nonproprietary","MontelukastSodium","MontelukastSodium_nonproprietary_raw.csv","Montelukast Sodium","13668-081-32","10 mg/1","TABLET","ORAL","ANDA201515","Torrent Pharmaceuticals Limited","13668-081","Montelukast Sodium","MONTELUKAST SODIUM","HUMAN PRESCRIPTION DRUG","08/03/2012","N/A","ANDA","3200 TABLET in 1 BOTTLE (13668-081-32)","Leukotriene Receptor Antagonist [EPC],  Leukotriene Receptor Antagonists [MoA]","N/A","No","12/31/2027",0,FALSE,FALSE
"Respiratory:allergy_Medication","Other_Asthma_Medications","MontelukastSodium",FALSE,"nonproprietary","MontelukastSodium","MontelukastSodium_nonproprietary_raw.csv","Montelukast Sodium","13668-081-74","10 mg/1","TABLET","ORAL","ANDA201515","Torrent Pharmaceuticals Limited","13668-081","Montelukast Sodium","MONTELUKAST SODIUM","HUMAN PRESCRIPTION DRUG","08/03/2012","N/A","ANDA","100 TABLET in 1 CARTON (13668-081-74)","Leukotriene Receptor Antagonist [EPC],  Leukotriene Receptor Antagonists [MoA]","N/A","No","12/31/2027",0,FALSE,FALSE
"Respiratory:allergy_Medication","Other_Asthma_Medications","MontelukastSodium",FALSE,"nonproprietary","MontelukastSodium","MontelukastSodium_nonproprietary_raw.csv","Montelukast Sodium","13668-081-90","10 mg/1","TABLET","ORAL","ANDA201515","Torrent Pharmaceuticals Limited","13668-081","Montelukast Sodium","MONTELUKAST SODIUM","HUMAN PRESCRIPTION DRUG","08/03/2012","N/A","ANDA","90 TABLET in 1 BOTTLE (13668-081-90)","Leukotriene Receptor Antagonist [EPC],  Leukotriene Receptor Antagonists [MoA]","N/A","No","12/31/2027",0,FALSE,FALSE
"Respiratory:allergy_Medication","Other_Asthma_Medications","MontelukastSodium",FALSE,"nonproprietary","MontelukastSodium","MontelukastSodium_nonproprietary_raw.csv","Montelukast Sodium","13668-531-94","4 mg/500mg","GRANULE","ORAL","ANDA210431","Torrent Pharmaceuticals Limited","13668-531","Montelukast Sodium","MONTELUKAST SODIUM","HUMAN PRESCRIPTION DRUG","03/30/2017","N/A","ANDA","30 PACKET in 1 CARTON (13668-531-94)  / 500 mg in 1 PACKET (13668-531-11)","Leukotriene Receptor Antagonist [EPC],  Leukotriene Receptor Antagonists [MoA]","N/A","No","12/31/2027",0,FALSE,FALSE
"Respiratory:allergy_Medication","Other_Asthma_Medications","MontelukastSodium",FALSE,"nonproprietary","MontelukastSodium","MontelukastSodium_nonproprietary_raw.csv","Montelukast Sodium","16729-119-10","10 mg/1","TABLET, FILM COATED","ORAL","ANDA202717","Accord Healthcare Inc.","16729-119","Montelukast Sodium","MONTELUKAST SODIUM","HUMAN PRESCRIPTION DRUG","06/11/2013","N/A","ANDA","30 TABLET, FILM COATED in 1 BOTTLE (16729-119-10)","Leukotriene Receptor Antagonist [EPC],  Leukotriene Receptor Antagonists [MoA]","N/A","No","12/31/2026",0,FALSE,FALSE
"Respiratory:allergy_Medication","Other_Asthma_Medications","MontelukastSodium",FALSE,"nonproprietary","MontelukastSodium","MontelukastSodium_nonproprietary_raw.csv","Montelukast Sodium","16729-119-15","10 mg/1","TABLET, FILM COATED","ORAL","ANDA202717","Accord Healthcare Inc.","16729-119","Montelukast Sodium","MONTELUKAST SODIUM","HUMAN PRESCRIPTION DRUG","04/11/2013","N/A","ANDA","90 TABLET, FILM COATED in 1 BOTTLE (16729-119-15)","Leukotriene Receptor Antagonist [EPC],  Leukotriene Receptor Antagonists [MoA]","N/A","No","12/31/2026",0,FALSE,FALSE
"Respiratory:allergy_Medication","Other_Asthma_Medications","MontelukastSodium",FALSE,"nonproprietary","MontelukastSodium","MontelukastSodium_nonproprietary_raw.csv","Montelukast Sodium","16729-119-17","10 mg/1","TABLET, FILM COATED","ORAL","ANDA202717","Accord Healthcare Inc.","16729-119","Montelukast Sodium","MONTELUKAST SODIUM","HUMAN PRESCRIPTION DRUG","11/20/2014","N/A","ANDA","1000 TABLET, FILM COATED in 1 BOTTLE (16729-119-17)","Leukotriene Receptor Antagonist [EPC],  Leukotriene Receptor Antagonists [MoA]","N/A","No","12/31/2026",0,FALSE,FALSE
"Respiratory:allergy_Medication","Other_Asthma_Medications","MontelukastSodium",FALSE,"nonproprietary","MontelukastSodium","MontelukastSodium_nonproprietary_raw.csv","Montelukast Sodium","42291-622-10","4 mg/1","TABLET, CHEWABLE","ORAL","ANDA200405","AvKARE","42291-622","Montelukast Sodium","MONTELUKAST SODIUM","HUMAN PRESCRIPTION DRUG","08/04/2016","N/A","ANDA","1000 TABLET, CHEWABLE in 1 BOTTLE (42291-622-10)","Leukotriene Receptor Antagonist [EPC],  Leukotriene Receptor Antagonists [MoA]","N/A","No","12/31/2026",0,FALSE,FALSE
"Respiratory:allergy_Medication","Other_Asthma_Medications","MontelukastSodium",FALSE,"nonproprietary","MontelukastSodium","MontelukastSodium_nonproprietary_raw.csv","Montelukast Sodium","42291-622-30","4 mg/1","TABLET, CHEWABLE","ORAL","ANDA200405","AvKARE","42291-622","Montelukast Sodium","MONTELUKAST SODIUM","HUMAN PRESCRIPTION DRUG","01/04/2013","N/A","ANDA","30 TABLET, CHEWABLE in 1 BOTTLE (42291-622-30)","Leukotriene Receptor Antagonist [EPC],  Leukotriene Receptor Antagonists [MoA]","N/A","No","12/31/2026",0,FALSE,FALSE
"Respiratory:allergy_Medication","Other_Asthma_Medications","MontelukastSodium",FALSE,"nonproprietary","MontelukastSodium","MontelukastSodium_nonproprietary_raw.csv","Montelukast Sodium","42291-622-90","4 mg/1","TABLET, CHEWABLE","ORAL","ANDA200405","AvKARE","42291-622","Montelukast Sodium","MONTELUKAST SODIUM","HUMAN PRESCRIPTION DRUG","01/04/2013","N/A","ANDA","90 TABLET, CHEWABLE in 1 BOTTLE (42291-622-90)","Leukotriene Receptor Antagonist [EPC],  Leukotriene Receptor Antagonists [MoA]","N/A","No","12/31/2026",0,FALSE,FALSE
"Respiratory:allergy_Medication","Other_Asthma_Medications","MontelukastSodium",FALSE,"nonproprietary","MontelukastSodium","MontelukastSodium_nonproprietary_raw.csv","Montelukast Sodium","42291-623-10","5 mg/1","TABLET, CHEWABLE","ORAL","ANDA200405","AvKARE","42291-623","Montelukast Sodium","MONTELUKAST SODIUM","HUMAN PRESCRIPTION DRUG","08/04/2016","N/A","ANDA","1000 TABLET, CHEWABLE in 1 BOTTLE (42291-623-10)","Leukotriene Receptor Antagonist [EPC],  Leukotriene Receptor Antagonists [MoA]","N/A","No","12/31/2026",0,FALSE,FALSE
"Respiratory:allergy_Medication","Other_Asthma_Medications","MontelukastSodium",FALSE,"nonproprietary","MontelukastSodium","MontelukastSodium_nonproprietary_raw.csv","Montelukast Sodium","42291-623-30","5 mg/1","TABLET, CHEWABLE","ORAL","ANDA200405","AvKARE","42291-623","Montelukast Sodium","MONTELUKAST SODIUM","HUMAN PRESCRIPTION DRUG","01/04/2013","N/A","ANDA","30 TABLET, CHEWABLE in 1 BOTTLE (42291-623-30)","Leukotriene Receptor Antagonist [EPC],  Leukotriene Receptor Antagonists [MoA]","N/A","No","12/31/2026",0,FALSE,FALSE
"Respiratory:allergy_Medication","Other_Asthma_Medications","MontelukastSodium",FALSE,"nonproprietary","MontelukastSodium","MontelukastSodium_nonproprietary_raw.csv","Montelukast Sodium","42291-623-90","5 mg/1","TABLET, CHEWABLE","ORAL","ANDA200405","AvKARE","42291-623","Montelukast Sodium","MONTELUKAST SODIUM","HUMAN PRESCRIPTION DRUG","01/04/2013","N/A","ANDA","90 TABLET, CHEWABLE in 1 BOTTLE (42291-623-90)","Leukotriene Receptor Antagonist [EPC],  Leukotriene Receptor Antagonists [MoA]","N/A","No","12/31/2026",0,FALSE,FALSE
"Respiratory:allergy_Medication","Other_Asthma_Medications","MontelukastSodium",FALSE,"nonproprietary","MontelukastSodium","MontelukastSodium_nonproprietary_raw.csv","Montelukast Sodium","43063-381-21","4 mg/1","TABLET, CHEWABLE","ORAL","ANDA090984","PD-Rx Pharmaceuticals, Inc.","43063-381","Montelukast Sodium","MONTELUKAST SODIUM","HUMAN PRESCRIPTION DRUG","11/05/2015","N/A","ANDA","21 TABLET, CHEWABLE in 1 BOTTLE, PLASTIC (43063-381-21)","Leukotriene Receptor Antagonist [EPC],  Leukotriene Receptor Antagonists [MoA]","N/A","No","12/31/2027",0,FALSE,FALSE
"Respiratory:allergy_Medication","Other_Asthma_Medications","MontelukastSodium",FALSE,"nonproprietary","MontelukastSodium","MontelukastSodium_nonproprietary_raw.csv","Montelukast Sodium","43063-381-30","4 mg/1","TABLET, CHEWABLE","ORAL","ANDA090984","PD-Rx Pharmaceuticals, Inc.","43063-381","Montelukast Sodium","MONTELUKAST SODIUM","HUMAN PRESCRIPTION DRUG","11/05/2015","N/A","ANDA","30 TABLET, CHEWABLE in 1 BOTTLE, PLASTIC (43063-381-30)","Leukotriene Receptor Antagonist [EPC],  Leukotriene Receptor Antagonists [MoA]","N/A","No","12/31/2027",0,FALSE,FALSE
"Respiratory:allergy_Medication","Other_Asthma_Medications","MontelukastSodium",FALSE,"nonproprietary","MontelukastSodium","MontelukastSodium_nonproprietary_raw.csv","Montelukast Sodium","43063-762-30","10 mg/1","TABLET, FILM COATED","ORAL","ANDA202717","PD-Rx Pharmaceuticals, Inc.","43063-762","Montelukast Sodium","MONTELUKAST SODIUM","HUMAN PRESCRIPTION DRUG","05/04/2017","N/A","ANDA","30 TABLET, FILM COATED in 1 BOTTLE, PLASTIC (43063-762-30)","Leukotriene Receptor Antagonist [EPC],  Leukotriene Receptor Antagonists [MoA]","N/A","No","12/31/2026",0,FALSE,FALSE
"Respiratory:allergy_Medication","Other_Asthma_Medications","MontelukastSodium",FALSE,"nonproprietary","MontelukastSodium","MontelukastSodium_nonproprietary_raw.csv","Montelukast Sodium","50268-573-15","4 mg/1","TABLET, CHEWABLE","ORAL","ANDA200405","AvPAK","50268-573","Montelukast Sodium","MONTELUKAST SODIUM","HUMAN PRESCRIPTION DRUG","11/12/2014","N/A","ANDA","50 BLISTER PACK in 1 BOX (50268-573-15)  / 1 TABLET, CHEWABLE in 1 BLISTER PACK (50268-573-11)","Leukotriene Receptor Antagonist [EPC],  Leukotriene Receptor Antagonists [MoA]","N/A","No","12/31/2026",0,FALSE,FALSE
"Respiratory:allergy_Medication","Other_Asthma_Medications","MontelukastSodium",FALSE,"nonproprietary","MontelukastSodium","MontelukastSodium_nonproprietary_raw.csv","Montelukast Sodium","50268-574-15","5 mg/1","TABLET, CHEWABLE","ORAL","ANDA200405","AvPAK","50268-574","Montelukast Sodium","MONTELUKAST SODIUM","HUMAN PRESCRIPTION DRUG","11/12/2014","N/A","ANDA","50 BLISTER PACK in 1 BOX (50268-574-15)  / 1 TABLET, CHEWABLE in 1 BLISTER PACK (50268-574-11)","Leukotriene Receptor Antagonist [EPC],  Leukotriene Receptor Antagonists [MoA]","N/A","No","12/31/2026",0,FALSE,FALSE
"Respiratory:allergy_Medication","Other_Asthma_Medications","MontelukastSodium",FALSE,"nonproprietary","MontelukastSodium","MontelukastSodium_nonproprietary_raw.csv","Montelukast Sodium","55111-593-05","4 mg/1","TABLET, CHEWABLE","ORAL","ANDA201581","Dr.Reddy's Laboratories Limited","55111-593","Montelukast Sodium","MONTELUKAST SODIUM","HUMAN PRESCRIPTION DRUG","08/06/2012","N/A","ANDA","500 TABLET, CHEWABLE in 1 BOTTLE (55111-593-05)","Leukotriene Receptor Antagonist [EPC],  Leukotriene Receptor Antagonists [MoA]","N/A","No","12/31/2026",0,FALSE,FALSE
"Respiratory:allergy_Medication","Other_Asthma_Medications","MontelukastSodium",FALSE,"nonproprietary","MontelukastSodium","MontelukastSodium_nonproprietary_raw.csv","Montelukast Sodium","55111-593-30","4 mg/1","TABLET, CHEWABLE","ORAL","ANDA201581","Dr.Reddy's Laboratories Limited","55111-593","Montelukast Sodium","MONTELUKAST SODIUM","HUMAN PRESCRIPTION DRUG","08/06/2012","N/A","ANDA","30 TABLET, CHEWABLE in 1 BOTTLE (55111-593-30)","Leukotriene Receptor Antagonist [EPC],  Leukotriene Receptor Antagonists [MoA]","N/A","No","12/31/2026",0,FALSE,FALSE
"Respiratory:allergy_Medication","Other_Asthma_Medications","MontelukastSodium",FALSE,"nonproprietary","MontelukastSodium","MontelukastSodium_nonproprietary_raw.csv","Montelukast Sodium","55111-593-78","4 mg/1","TABLET, CHEWABLE","ORAL","ANDA201581","Dr.Reddy's Laboratories Limited","55111-593","Montelukast Sodium","MONTELUKAST SODIUM","HUMAN PRESCRIPTION DRUG","08/06/2012","N/A","ANDA","10 BLISTER PACK in 1 CARTON (55111-593-78)  / 10 TABLET, CHEWABLE in 1 BLISTER PACK (55111-593-79)","Leukotriene Receptor Antagonist [EPC],  Leukotriene Receptor Antagonists [MoA]","N/A","No","12/31/2026",0,FALSE,FALSE
"Respiratory:allergy_Medication","Other_Asthma_Medications","MontelukastSodium",FALSE,"nonproprietary","MontelukastSodium","MontelukastSodium_nonproprietary_raw.csv","Montelukast Sodium","55111-593-90","4 mg/1","TABLET, CHEWABLE","ORAL","ANDA201581","Dr.Reddy's Laboratories Limited","55111-593","Montelukast Sodium","MONTELUKAST SODIUM","HUMAN PRESCRIPTION DRUG","08/06/2012","N/A","ANDA","90 TABLET, CHEWABLE in 1 BOTTLE (55111-593-90)","Leukotriene Receptor Antagonist [EPC],  Leukotriene Receptor Antagonists [MoA]","N/A","No","12/31/2026",0,FALSE,FALSE
"Respiratory:allergy_Medication","Other_Asthma_Medications","MontelukastSodium",FALSE,"nonproprietary","MontelukastSodium","MontelukastSodium_nonproprietary_raw.csv","Montelukast Sodium","55111-594-05","5 mg/1","TABLET, CHEWABLE","ORAL","ANDA201581","Dr.Reddy's Laboratories Limited","55111-594","Montelukast Sodium","MONTELUKAST SODIUM","HUMAN PRESCRIPTION DRUG","08/06/2012","N/A","ANDA","500 TABLET, CHEWABLE in 1 BOTTLE (55111-594-05)","Leukotriene Receptor Antagonist [EPC],  Leukotriene Receptor Antagonists [MoA]","N/A","No","12/31/2026",0,FALSE,FALSE
"Respiratory:allergy_Medication","Other_Asthma_Medications","MontelukastSodium",FALSE,"nonproprietary","MontelukastSodium","MontelukastSodium_nonproprietary_raw.csv","Montelukast Sodium","55111-594-30","5 mg/1","TABLET, CHEWABLE","ORAL","ANDA201581","Dr.Reddy's Laboratories Limited","55111-594","Montelukast Sodium","MONTELUKAST SODIUM","HUMAN PRESCRIPTION DRUG","08/06/2012","N/A","ANDA","30 TABLET, CHEWABLE in 1 BOTTLE (55111-594-30)","Leukotriene Receptor Antagonist [EPC],  Leukotriene Receptor Antagonists [MoA]","N/A","No","12/31/2026",0,FALSE,FALSE
"Respiratory:allergy_Medication","Other_Asthma_Medications","MontelukastSodium",FALSE,"nonproprietary","MontelukastSodium","MontelukastSodium_nonproprietary_raw.csv","Montelukast Sodium","55111-594-78","5 mg/1","TABLET, CHEWABLE","ORAL","ANDA201581","Dr.Reddy's Laboratories Limited","55111-594","Montelukast Sodium","MONTELUKAST SODIUM","HUMAN PRESCRIPTION DRUG","08/06/2012","N/A","ANDA","10 BLISTER PACK in 1 CARTON (55111-594-78)  / 10 TABLET, CHEWABLE in 1 BLISTER PACK (55111-594-79)","Leukotriene Receptor Antagonist [EPC],  Leukotriene Receptor Antagonists [MoA]","N/A","No","12/31/2026",0,FALSE,FALSE
"Respiratory:allergy_Medication","Other_Asthma_Medications","MontelukastSodium",FALSE,"nonproprietary","MontelukastSodium","MontelukastSodium_nonproprietary_raw.csv","Montelukast Sodium","55111-594-90","5 mg/1","TABLET, CHEWABLE","ORAL","ANDA201581","Dr.Reddy's Laboratories Limited","55111-594","Montelukast Sodium","MONTELUKAST SODIUM","HUMAN PRESCRIPTION DRUG","08/06/2012","N/A","ANDA","90 TABLET, CHEWABLE in 1 BOTTLE (55111-594-90)","Leukotriene Receptor Antagonist [EPC],  Leukotriene Receptor Antagonists [MoA]","N/A","No","12/31/2026",0,FALSE,FALSE
"Respiratory:allergy_Medication","Other_Asthma_Medications","MontelukastSodium",FALSE,"nonproprietary","MontelukastSodium","MontelukastSodium_nonproprietary_raw.csv","Montelukast Sodium","55111-725-01","10 mg/1","TABLET, COATED","ORAL","ANDA201582","Dr.Reddy's Laboratories Limited","55111-725","Montelukast Sodium","MONTELUKAST SODIUM","HUMAN PRESCRIPTION DRUG","08/06/2012","N/A","ANDA","100 TABLET, COATED in 1 BOTTLE (55111-725-01)","Leukotriene Receptor Antagonist [EPC],  Leukotriene Receptor Antagonists [MoA]","N/A","No","12/31/2026",0,FALSE,FALSE
"Respiratory:allergy_Medication","Other_Asthma_Medications","MontelukastSodium",FALSE,"nonproprietary","MontelukastSodium","MontelukastSodium_nonproprietary_raw.csv","Montelukast Sodium","55111-725-10","10 mg/1","TABLET, COATED","ORAL","ANDA201582","Dr.Reddy's Laboratories Limited","55111-725","Montelukast Sodium","MONTELUKAST SODIUM","HUMAN PRESCRIPTION DRUG","08/06/2012","N/A","ANDA","1000 TABLET, COATED in 1 BOTTLE (55111-725-10)","Leukotriene Receptor Antagonist [EPC],  Leukotriene Receptor Antagonists [MoA]","N/A","No","12/31/2026",0,FALSE,FALSE
"Respiratory:allergy_Medication","Other_Asthma_Medications","MontelukastSodium",FALSE,"nonproprietary","MontelukastSodium","MontelukastSodium_nonproprietary_raw.csv","Montelukast Sodium","55111-725-30","10 mg/1","TABLET, COATED","ORAL","ANDA201582","Dr.Reddy's Laboratories Limited","55111-725","Montelukast Sodium","MONTELUKAST SODIUM","HUMAN PRESCRIPTION DRUG","08/06/2012","N/A","ANDA","30 TABLET, COATED in 1 BOTTLE (55111-725-30)","Leukotriene Receptor Antagonist [EPC],  Leukotriene Receptor Antagonists [MoA]","N/A","No","12/31/2026",0,FALSE,FALSE
"Respiratory:allergy_Medication","Other_Asthma_Medications","MontelukastSodium",FALSE,"nonproprietary","MontelukastSodium","MontelukastSodium_nonproprietary_raw.csv","Montelukast Sodium","55111-725-78","10 mg/1","TABLET, COATED","ORAL","ANDA201582","Dr.Reddy's Laboratories Limited","55111-725","Montelukast Sodium","MONTELUKAST SODIUM","HUMAN PRESCRIPTION DRUG","08/06/2012","N/A","ANDA","10 BLISTER PACK in 1 CARTON (55111-725-78)  / 10 TABLET, COATED in 1 BLISTER PACK (55111-725-79)","Leukotriene Receptor Antagonist [EPC],  Leukotriene Receptor Antagonists [MoA]","N/A","No","12/31/2026",0,FALSE,FALSE
"Respiratory:allergy_Medication","Other_Asthma_Medications","MontelukastSodium",FALSE,"nonproprietary","MontelukastSodium","MontelukastSodium_nonproprietary_raw.csv","Montelukast Sodium","55111-725-90","10 mg/1","TABLET, COATED","ORAL","ANDA201582","Dr.Reddy's Laboratories Limited","55111-725","Montelukast Sodium","MONTELUKAST SODIUM","HUMAN PRESCRIPTION DRUG","08/06/2012","N/A","ANDA","90 TABLET, COATED in 1 BOTTLE (55111-725-90)","Leukotriene Receptor Antagonist [EPC],  Leukotriene Receptor Antagonists [MoA]","N/A","No","12/31/2026",0,FALSE,FALSE
"Respiratory:allergy_Medication","Other_Asthma_Medications","MontelukastSodium",FALSE,"nonproprietary","MontelukastSodium","MontelukastSodium_nonproprietary_raw.csv","Montelukast Sodium","55154-8075-0","10 mg/1","TABLET, FILM COATED","ORAL","ANDA202843","Cardinal Health 107, LLC","55154-8075","Montelukast Sodium","MONTELUKAST SODIUM","HUMAN PRESCRIPTION DRUG","09/10/2014","N/A","ANDA","10 BLISTER PACK in 1 BAG (55154-8075-0)  / 1 TABLET, FILM COATED in 1 BLISTER PACK","Leukotriene Receptor Antagonist [EPC],  Leukotriene Receptor Antagonists [MoA]","N/A","No","12/31/2026",0,FALSE,FALSE
"Respiratory:allergy_Medication","Other_Asthma_Medications","MontelukastSodium",FALSE,"nonproprietary","MontelukastSodium","MontelukastSodium_nonproprietary_raw.csv","Montelukast Sodium","57237-212-30","4 mg/1","TABLET, CHEWABLE","ORAL","ANDA202096","Rising Pharma Holdings, Inc.","57237-212","Montelukast Sodium","MONTELUKAST SODIUM","HUMAN PRESCRIPTION DRUG","08/03/2012","N/A","ANDA","30 TABLET, CHEWABLE in 1 BOTTLE (57237-212-30)","Leukotriene Receptor Antagonist [EPC],  Leukotriene Receptor Antagonists [MoA]","N/A","No","12/31/2027",0,FALSE,FALSE
"Respiratory:allergy_Medication","Other_Asthma_Medications","MontelukastSodium",FALSE,"nonproprietary","MontelukastSodium","MontelukastSodium_nonproprietary_raw.csv","Montelukast Sodium","57237-212-90","4 mg/1","TABLET, CHEWABLE","ORAL","ANDA202096","Rising Pharma Holdings, Inc.","57237-212","Montelukast Sodium","MONTELUKAST SODIUM","HUMAN PRESCRIPTION DRUG","08/03/2012","N/A","ANDA","90 TABLET, CHEWABLE in 1 BOTTLE (57237-212-90)","Leukotriene Receptor Antagonist [EPC],  Leukotriene Receptor Antagonists [MoA]","N/A","No","12/31/2027",0,FALSE,FALSE
"Respiratory:allergy_Medication","Other_Asthma_Medications","MontelukastSodium",FALSE,"nonproprietary","MontelukastSodium","MontelukastSodium_nonproprietary_raw.csv","Montelukast Sodium","57237-213-30","5 mg/1","TABLET, CHEWABLE","ORAL","ANDA202096","Rising Pharma Holdings, Inc.","57237-213","Montelukast Sodium","MONTELUKAST SODIUM","HUMAN PRESCRIPTION DRUG","08/03/2012","N/A","ANDA","30 TABLET, CHEWABLE in 1 BOTTLE (57237-213-30)","Leukotriene Receptor Antagonist [EPC],  Leukotriene Receptor Antagonists [MoA]","N/A","No","12/31/2027",0,FALSE,FALSE
"Respiratory:allergy_Medication","Other_Asthma_Medications","MontelukastSodium",FALSE,"nonproprietary","MontelukastSodium","MontelukastSodium_nonproprietary_raw.csv","Montelukast Sodium","57237-213-90","5 mg/1","TABLET, CHEWABLE","ORAL","ANDA202096","Rising Pharma Holdings, Inc.","57237-213","Montelukast Sodium","MONTELUKAST SODIUM","HUMAN PRESCRIPTION DRUG","08/03/2012","N/A","ANDA","90 TABLET, CHEWABLE in 1 BOTTLE (57237-213-90)","Leukotriene Receptor Antagonist [EPC],  Leukotriene Receptor Antagonists [MoA]","N/A","No","12/31/2027",0,FALSE,FALSE
"Respiratory:allergy_Medication","Other_Asthma_Medications","MontelukastSodium",FALSE,"nonproprietary","MontelukastSodium","MontelukastSodium_nonproprietary_raw.csv","Montelukast Sodium","57237-255-30","10 mg/1","TABLET, FILM COATED","ORAL","ANDA202468","Rising Pharma Holdings, Inc.","57237-255","Montelukast Sodium","MONTELUKAST SODIUM","HUMAN PRESCRIPTION DRUG","08/03/2012","N/A","ANDA","30 TABLET, FILM COATED in 1 BOTTLE (57237-255-30)","Leukotriene Receptor Antagonist [EPC],  Leukotriene Receptor Antagonists [MoA]","N/A","No","12/31/2027",0,FALSE,FALSE
"Respiratory:allergy_Medication","Other_Asthma_Medications","MontelukastSodium",FALSE,"nonproprietary","MontelukastSodium","MontelukastSodium_nonproprietary_raw.csv","Montelukast Sodium","57237-255-90","10 mg/1","TABLET, FILM COATED","ORAL","ANDA202468","Rising Pharma Holdings, Inc.","57237-255","Montelukast Sodium","MONTELUKAST SODIUM","HUMAN PRESCRIPTION DRUG","08/03/2012","N/A","ANDA","90 TABLET, FILM COATED in 1 BOTTLE (57237-255-90)","Leukotriene Receptor Antagonist [EPC],  Leukotriene Receptor Antagonists [MoA]","N/A","No","12/31/2027",0,FALSE,FALSE
"Respiratory:allergy_Medication","Other_Asthma_Medications","MontelukastSodium",FALSE,"nonproprietary","MontelukastSodium","MontelukastSodium_nonproprietary_raw.csv","Montelukast Sodium","59651-329-30","4 mg/1","GRANULE","ORAL","ANDA213471","Aurobindo Pharma Limited","59651-329","Montelukast Sodium","MONTELUKAST SODIUM","HUMAN PRESCRIPTION DRUG","02/18/2020","N/A","ANDA","30 PACKET in 1 CARTON (59651-329-30)  / 1 GRANULE in 1 PACKET (59651-329-05)","Leukotriene Receptor Antagonist [EPC],  Leukotriene Receptor Antagonists [MoA]","N/A","No","12/31/2026",0,FALSE,FALSE
"Respiratory:allergy_Medication","Other_Asthma_Medications","MontelukastSodium",FALSE,"nonproprietary","MontelukastSodium","MontelukastSodium_nonproprietary_raw.csv","Montelukast Sodium","62175-204-32","4 mg/1","TABLET, CHEWABLE","ORAL","ANDA200405","Lannett Company, Inc.","62175-204","Montelukast Sodium","MONTELUKAST SODIUM","HUMAN PRESCRIPTION DRUG","08/03/2012","N/A","ANDA","30 TABLET, CHEWABLE in 1 BOTTLE (62175-204-32)","Leukotriene Receptor Antagonist [EPC],  Leukotriene Receptor Antagonists [MoA]","N/A","No","12/31/2026",0,FALSE,FALSE
"Respiratory:allergy_Medication","Other_Asthma_Medications","MontelukastSodium",FALSE,"nonproprietary","MontelukastSodium","MontelukastSodium_nonproprietary_raw.csv","Montelukast Sodium","62175-204-43","4 mg/1","TABLET, CHEWABLE","ORAL","ANDA200405","Lannett Company, Inc.","62175-204","Montelukast Sodium","MONTELUKAST SODIUM","HUMAN PRESCRIPTION DRUG","08/03/2012","N/A","ANDA","1000 TABLET, CHEWABLE in 1 BOTTLE (62175-204-43)","Leukotriene Receptor Antagonist [EPC],  Leukotriene Receptor Antagonists [MoA]","N/A","No","12/31/2026",0,FALSE,FALSE
"Respiratory:allergy_Medication","Other_Asthma_Medications","MontelukastSodium",FALSE,"nonproprietary","MontelukastSodium","MontelukastSodium_nonproprietary_raw.csv","Montelukast Sodium","62175-204-46","4 mg/1","TABLET, CHEWABLE","ORAL","ANDA200405","Lannett Company, Inc.","62175-204","Montelukast Sodium","MONTELUKAST SODIUM","HUMAN PRESCRIPTION DRUG","08/03/2012","N/A","ANDA","90 TABLET, CHEWABLE in 1 BOTTLE (62175-204-46)","Leukotriene Receptor Antagonist [EPC],  Leukotriene Receptor Antagonists [MoA]","N/A","No","12/31/2026",0,FALSE,FALSE
"Respiratory:allergy_Medication","Other_Asthma_Medications","MontelukastSodium",FALSE,"nonproprietary","MontelukastSodium","MontelukastSodium_nonproprietary_raw.csv","Montelukast Sodium","62175-205-32","5 mg/1","TABLET, CHEWABLE","ORAL","ANDA200405","Lannett Company, Inc.","62175-205","Montelukast Sodium","MONTELUKAST SODIUM","HUMAN PRESCRIPTION DRUG","08/03/2012","N/A","ANDA","30 TABLET, CHEWABLE in 1 BOTTLE (62175-205-32)","Leukotriene Receptor Antagonist [EPC],  Leukotriene Receptor Antagonists [MoA]","N/A","No","12/31/2026",0,FALSE,FALSE
"Respiratory:allergy_Medication","Other_Asthma_Medications","MontelukastSodium",FALSE,"nonproprietary","MontelukastSodium","MontelukastSodium_nonproprietary_raw.csv","Montelukast Sodium","62175-205-43","5 mg/1","TABLET, CHEWABLE","ORAL","ANDA200405","Lannett Company, Inc.","62175-205","Montelukast Sodium","MONTELUKAST SODIUM","HUMAN PRESCRIPTION DRUG","08/03/2012","N/A","ANDA","1000 TABLET, CHEWABLE in 1 BOTTLE (62175-205-43)","Leukotriene Receptor Antagonist [EPC],  Leukotriene Receptor Antagonists [MoA]","N/A","No","12/31/2026",0,FALSE,FALSE
"Respiratory:allergy_Medication","Other_Asthma_Medications","MontelukastSodium",FALSE,"nonproprietary","MontelukastSodium","MontelukastSodium_nonproprietary_raw.csv","Montelukast Sodium","62175-205-46","5 mg/1","TABLET, CHEWABLE","ORAL","ANDA200405","Lannett Company, Inc.","62175-205","Montelukast Sodium","MONTELUKAST SODIUM","HUMAN PRESCRIPTION DRUG","08/03/2012","N/A","ANDA","90 TABLET, CHEWABLE in 1 BOTTLE (62175-205-46)","Leukotriene Receptor Antagonist [EPC],  Leukotriene Receptor Antagonists [MoA]","N/A","No","12/31/2026",0,FALSE,FALSE
"Respiratory:allergy_Medication","Other_Asthma_Medications","MontelukastSodium",FALSE,"nonproprietary","MontelukastSodium","MontelukastSodium_nonproprietary_raw.csv","Montelukast Sodium","63187-430-30","10 mg/1","TABLET","ORAL","ANDA201515","Proficient Rx LP","63187-430","Montelukast Sodium","MONTELUKAST SODIUM","HUMAN PRESCRIPTION DRUG","03/03/2014","N/A","ANDA","30 TABLET in 1 BOTTLE (63187-430-30)","Leukotriene Receptor Antagonist [EPC],  Leukotriene Receptor Antagonists [MoA]","N/A","No","12/31/2026",0,FALSE,FALSE
"Respiratory:allergy_Medication","Other_Asthma_Medications","MontelukastSodium",FALSE,"nonproprietary","MontelukastSodium","MontelukastSodium_nonproprietary_raw.csv","Montelukast Sodium","63187-430-60","10 mg/1","TABLET","ORAL","ANDA201515","Proficient Rx LP","63187-430","Montelukast Sodium","MONTELUKAST SODIUM","HUMAN PRESCRIPTION DRUG","03/03/2014","N/A","ANDA","60 TABLET in 1 BOTTLE (63187-430-60)","Leukotriene Receptor Antagonist [EPC],  Leukotriene Receptor Antagonists [MoA]","N/A","No","12/31/2026",0,FALSE,FALSE
"Respiratory:allergy_Medication","Other_Asthma_Medications","MontelukastSodium",FALSE,"nonproprietary","MontelukastSodium","MontelukastSodium_nonproprietary_raw.csv","Montelukast Sodium","63187-430-90","10 mg/1","TABLET","ORAL","ANDA201515","Proficient Rx LP","63187-430","Montelukast Sodium","MONTELUKAST SODIUM","HUMAN PRESCRIPTION DRUG","03/03/2014","N/A","ANDA","90 TABLET in 1 BOTTLE (63187-430-90)","Leukotriene Receptor Antagonist [EPC],  Leukotriene Receptor Antagonists [MoA]","N/A","No","12/31/2026",0,FALSE,FALSE
"Respiratory:allergy_Medication","Other_Asthma_Medications","MontelukastSodium",FALSE,"nonproprietary","MontelukastSodium","MontelukastSodium_nonproprietary_raw.csv","Montelukast Sodium","63187-550-30","4 mg/1","TABLET, CHEWABLE","ORAL","ANDA090984","Proficient Rx LP","63187-550","Montelukast Sodium","MONTELUKAST SODIUM","HUMAN PRESCRIPTION DRUG","12/01/2018","N/A","ANDA","30 TABLET, CHEWABLE in 1 BOTTLE (63187-550-30)","Leukotriene Receptor Antagonist [EPC],  Leukotriene Receptor Antagonists [MoA]","N/A","No","12/31/2026",0,FALSE,FALSE
"Respiratory:allergy_Medication","Other_Asthma_Medications","MontelukastSodium",FALSE,"nonproprietary","MontelukastSodium","MontelukastSodium_nonproprietary_raw.csv","Montelukast Sodium","63187-550-60","4 mg/1","TABLET, CHEWABLE","ORAL","ANDA090984","Proficient Rx LP","63187-550","Montelukast Sodium","MONTELUKAST SODIUM","HUMAN PRESCRIPTION DRUG","12/01/2018","N/A","ANDA","60 TABLET, CHEWABLE in 1 BOTTLE (63187-550-60)","Leukotriene Receptor Antagonist [EPC],  Leukotriene Receptor Antagonists [MoA]","N/A","No","12/31/2026",0,FALSE,FALSE
"Respiratory:allergy_Medication","Other_Asthma_Medications","MontelukastSodium",FALSE,"nonproprietary","MontelukastSodium","MontelukastSodium_nonproprietary_raw.csv","Montelukast Sodium","63187-550-90","4 mg/1","TABLET, CHEWABLE","ORAL","ANDA090984","Proficient Rx LP","63187-550","Montelukast Sodium","MONTELUKAST SODIUM","HUMAN PRESCRIPTION DRUG","12/01/2018","N/A","ANDA","90 TABLET, CHEWABLE in 1 BOTTLE (63187-550-90)","Leukotriene Receptor Antagonist [EPC],  Leukotriene Receptor Antagonists [MoA]","N/A","No","12/31/2026",0,FALSE,FALSE
"Respiratory:allergy_Medication","Other_Asthma_Medications","MontelukastSodium",FALSE,"nonproprietary","MontelukastSodium","MontelukastSodium_nonproprietary_raw.csv","Montelukast Sodium","63187-781-14","10 mg/1","TABLET, FILM COATED","ORAL","ANDA202717","Proficient Rx LP","63187-781","Montelukast Sodium","MONTELUKAST SODIUM","HUMAN PRESCRIPTION DRUG","09/04/2018","N/A","ANDA","14 TABLET, FILM COATED in 1 BOTTLE (63187-781-14)","Leukotriene Receptor Antagonist [EPC],  Leukotriene Receptor Antagonists [MoA]","N/A","No","12/31/2026",0,FALSE,FALSE
"Respiratory:allergy_Medication","Other_Asthma_Medications","MontelukastSodium",FALSE,"nonproprietary","MontelukastSodium","MontelukastSodium_nonproprietary_raw.csv","Montelukast Sodium","63187-781-30","10 mg/1","TABLET, FILM COATED","ORAL","ANDA202717","Proficient Rx LP","63187-781","Montelukast Sodium","MONTELUKAST SODIUM","HUMAN PRESCRIPTION DRUG","11/01/2016","N/A","ANDA","30 TABLET, FILM COATED in 1 BOTTLE (63187-781-30)","Leukotriene Receptor Antagonist [EPC],  Leukotriene Receptor Antagonists [MoA]","N/A","No","12/31/2026",0,FALSE,FALSE
"Respiratory:allergy_Medication","Other_Asthma_Medications","MontelukastSodium",FALSE,"nonproprietary","MontelukastSodium","MontelukastSodium_nonproprietary_raw.csv","Montelukast Sodium","63187-781-60","10 mg/1","TABLET, FILM COATED","ORAL","ANDA202717","Proficient Rx LP","63187-781","Montelukast Sodium","MONTELUKAST SODIUM","HUMAN PRESCRIPTION DRUG","11/01/2016","N/A","ANDA","60 TABLET, FILM COATED in 1 BOTTLE (63187-781-60)","Leukotriene Receptor Antagonist [EPC],  Leukotriene Receptor Antagonists [MoA]","N/A","No","12/31/2026",0,FALSE,FALSE
"Respiratory:allergy_Medication","Other_Asthma_Medications","MontelukastSodium",FALSE,"nonproprietary","MontelukastSodium","MontelukastSodium_nonproprietary_raw.csv","Montelukast Sodium","63187-781-90","10 mg/1","TABLET, FILM COATED","ORAL","ANDA202717","Proficient Rx LP","63187-781","Montelukast Sodium","MONTELUKAST SODIUM","HUMAN PRESCRIPTION DRUG","11/01/2016","N/A","ANDA","90 TABLET, FILM COATED in 1 BOTTLE (63187-781-90)","Leukotriene Receptor Antagonist [EPC],  Leukotriene Receptor Antagonists [MoA]","N/A","No","12/31/2026",0,FALSE,FALSE
"Respiratory:allergy_Medication","Other_Asthma_Medications","MontelukastSodium",FALSE,"nonproprietary","MontelukastSodium","MontelukastSodium_nonproprietary_raw.csv","Montelukast Sodium","63187-896-30","5 mg/1","TABLET, CHEWABLE","ORAL","ANDA200405","Proficient Rx LP","63187-896","Montelukast Sodium","MONTELUKAST SODIUM","HUMAN PRESCRIPTION DRUG","08/01/2017","N/A","ANDA","30 TABLET, CHEWABLE in 1 BOTTLE (63187-896-30)","Leukotriene Receptor Antagonist [EPC],  Leukotriene Receptor Antagonists [MoA]","N/A","No","12/31/2026",0,FALSE,FALSE
"Respiratory:allergy_Medication","Other_Asthma_Medications","MontelukastSodium",FALSE,"nonproprietary","MontelukastSodium","MontelukastSodium_nonproprietary_raw.csv","Montelukast Sodium","63187-896-60","5 mg/1","TABLET, CHEWABLE","ORAL","ANDA200405","Proficient Rx LP","63187-896","Montelukast Sodium","MONTELUKAST SODIUM","HUMAN PRESCRIPTION DRUG","08/01/2017","N/A","ANDA","60 TABLET, CHEWABLE in 1 BOTTLE (63187-896-60)","Leukotriene Receptor Antagonist [EPC],  Leukotriene Receptor Antagonists [MoA]","N/A","No","12/31/2026",0,FALSE,FALSE
"Respiratory:allergy_Medication","Other_Asthma_Medications","MontelukastSodium",FALSE,"nonproprietary","MontelukastSodium","MontelukastSodium_nonproprietary_raw.csv","Montelukast Sodium","63187-896-90","5 mg/1","TABLET, CHEWABLE","ORAL","ANDA200405","Proficient Rx LP","63187-896","Montelukast Sodium","MONTELUKAST SODIUM","HUMAN PRESCRIPTION DRUG","08/01/2017","N/A","ANDA","90 TABLET, CHEWABLE in 1 BOTTLE (63187-896-90)","Leukotriene Receptor Antagonist [EPC],  Leukotriene Receptor Antagonists [MoA]","N/A","No","12/31/2026",0,FALSE,FALSE
"Respiratory:allergy_Medication","Other_Asthma_Medications","MontelukastSodium",FALSE,"nonproprietary","MontelukastSodium","MontelukastSodium_nonproprietary_raw.csv","Montelukast Sodium","65862-567-05","4 mg/1","TABLET, CHEWABLE","ORAL","ANDA202096","Aurobindo Pharma Limited","65862-567","Montelukast Sodium","MONTELUKAST SODIUM","HUMAN PRESCRIPTION DRUG","08/03/2012","N/A","ANDA","500 TABLET, CHEWABLE in 1 BOTTLE (65862-567-05)","Leukotriene Receptor Antagonist [EPC],  Leukotriene Receptor Antagonists [MoA]","N/A","No","12/31/2026",0,FALSE,FALSE
"Respiratory:allergy_Medication","Other_Asthma_Medications","MontelukastSodium",FALSE,"nonproprietary","MontelukastSodium","MontelukastSodium_nonproprietary_raw.csv","Montelukast Sodium","65862-567-30","4 mg/1","TABLET, CHEWABLE","ORAL","ANDA202096","Aurobindo Pharma Limited","65862-567","Montelukast Sodium","MONTELUKAST SODIUM","HUMAN PRESCRIPTION DRUG","08/03/2012","N/A","ANDA","30 TABLET, CHEWABLE in 1 BOTTLE (65862-567-30)","Leukotriene Receptor Antagonist [EPC],  Leukotriene Receptor Antagonists [MoA]","N/A","No","12/31/2026",0,FALSE,FALSE
"Respiratory:allergy_Medication","Other_Asthma_Medications","MontelukastSodium",FALSE,"nonproprietary","MontelukastSodium","MontelukastSodium_nonproprietary_raw.csv","Montelukast Sodium","65862-567-90","4 mg/1","TABLET, CHEWABLE","ORAL","ANDA202096","Aurobindo Pharma Limited","65862-567","Montelukast Sodium","MONTELUKAST SODIUM","HUMAN PRESCRIPTION DRUG","08/03/2012","N/A","ANDA","90 TABLET, CHEWABLE in 1 BOTTLE (65862-567-90)","Leukotriene Receptor Antagonist [EPC],  Leukotriene Receptor Antagonists [MoA]","N/A","No","12/31/2026",0,FALSE,FALSE
"Respiratory:allergy_Medication","Other_Asthma_Medications","MontelukastSodium",FALSE,"nonproprietary","MontelukastSodium","MontelukastSodium_nonproprietary_raw.csv","Montelukast Sodium","65862-568-05","5 mg/1","TABLET, CHEWABLE","ORAL","ANDA202096","Aurobindo Pharma Limited","65862-568","Montelukast Sodium","MONTELUKAST SODIUM","HUMAN PRESCRIPTION DRUG","08/03/2012","N/A","ANDA","500 TABLET, CHEWABLE in 1 BOTTLE (65862-568-05)","Leukotriene Receptor Antagonist [EPC],  Leukotriene Receptor Antagonists [MoA]","N/A","No","12/31/2026",0,FALSE,FALSE
"Respiratory:allergy_Medication","Other_Asthma_Medications","MontelukastSodium",FALSE,"nonproprietary","MontelukastSodium","MontelukastSodium_nonproprietary_raw.csv","Montelukast Sodium","65862-568-30","5 mg/1","TABLET, CHEWABLE","ORAL","ANDA202096","Aurobindo Pharma Limited","65862-568","Montelukast Sodium","MONTELUKAST SODIUM","HUMAN PRESCRIPTION DRUG","08/03/2012","N/A","ANDA","30 TABLET, CHEWABLE in 1 BOTTLE (65862-568-30)","Leukotriene Receptor Antagonist [EPC],  Leukotriene Receptor Antagonists [MoA]","N/A","No","12/31/2026",0,FALSE,FALSE
"Respiratory:allergy_Medication","Other_Asthma_Medications","MontelukastSodium",FALSE,"nonproprietary","MontelukastSodium","MontelukastSodium_nonproprietary_raw.csv","Montelukast Sodium","65862-568-90","5 mg/1","TABLET, CHEWABLE","ORAL","ANDA202096","Aurobindo Pharma Limited","65862-568","Montelukast Sodium","MONTELUKAST SODIUM","HUMAN PRESCRIPTION DRUG","08/03/2012","N/A","ANDA","90 TABLET, CHEWABLE in 1 BOTTLE (65862-568-90)","Leukotriene Receptor Antagonist [EPC],  Leukotriene Receptor Antagonists [MoA]","N/A","No","12/31/2026",0,FALSE,FALSE
"Respiratory:allergy_Medication","Other_Asthma_Medications","MontelukastSodium",FALSE,"nonproprietary","MontelukastSodium","MontelukastSodium_nonproprietary_raw.csv","Montelukast Sodium","65862-574-10","10 mg/1","TABLET, FILM COATED","ORAL","ANDA202468","Aurobindo Pharma Limited","65862-574","Montelukast Sodium","MONTELUKAST SODIUM","HUMAN PRESCRIPTION DRUG","08/03/2012","N/A","ANDA","10 BLISTER PACK in 1 CARTON (65862-574-10)  / 10 TABLET, FILM COATED in 1 BLISTER PACK","Leukotriene Receptor Antagonist [EPC],  Leukotriene Receptor Antagonists [MoA]","N/A","No","12/31/2026",0,FALSE,FALSE
"Respiratory:allergy_Medication","Other_Asthma_Medications","MontelukastSodium",FALSE,"nonproprietary","MontelukastSodium","MontelukastSodium_nonproprietary_raw.csv","Montelukast Sodium","65862-574-19","10 mg/1","TABLET, FILM COATED","ORAL","ANDA202468","Aurobindo Pharma Limited","65862-574","Montelukast Sodium","MONTELUKAST SODIUM","HUMAN PRESCRIPTION DRUG","08/03/2012","N/A","ANDA","10000 TABLET, FILM COATED in 1 BOTTLE (65862-574-19)","Leukotriene Receptor Antagonist [EPC],  Leukotriene Receptor Antagonists [MoA]","N/A","No","12/31/2026",0,FALSE,FALSE
"Respiratory:allergy_Medication","Other_Asthma_Medications","MontelukastSodium",FALSE,"nonproprietary","MontelukastSodium","MontelukastSodium_nonproprietary_raw.csv","Montelukast Sodium","65862-574-30","10 mg/1","TABLET, FILM COATED","ORAL","ANDA202468","Aurobindo Pharma Limited","65862-574","Montelukast Sodium","MONTELUKAST SODIUM","HUMAN PRESCRIPTION DRUG","08/03/2012","N/A","ANDA","30 TABLET, FILM COATED in 1 BOTTLE (65862-574-30)","Leukotriene Receptor Antagonist [EPC],  Leukotriene Receptor Antagonists [MoA]","N/A","No","12/31/2026",0,FALSE,FALSE
"Respiratory:allergy_Medication","Other_Asthma_Medications","MontelukastSodium",FALSE,"nonproprietary","MontelukastSodium","MontelukastSodium_nonproprietary_raw.csv","Montelukast Sodium","65862-574-90","10 mg/1","TABLET, FILM COATED","ORAL","ANDA202468","Aurobindo Pharma Limited","65862-574","Montelukast Sodium","MONTELUKAST SODIUM","HUMAN PRESCRIPTION DRUG","08/03/2012","N/A","ANDA","90 TABLET, FILM COATED in 1 BOTTLE (65862-574-90)","Leukotriene Receptor Antagonist [EPC],  Leukotriene Receptor Antagonists [MoA]","N/A","No","12/31/2026",0,FALSE,FALSE
"Respiratory:allergy_Medication","Other_Asthma_Medications","MontelukastSodium",FALSE,"nonproprietary","MontelukastSodium","MontelukastSodium_nonproprietary_raw.csv","Montelukast Sodium","67296-1926-3","10 mg/1","TABLET, FILM COATED","ORAL","ANDA202717","Redpharm Drug","67296-1926","Montelukast Sodium","MONTELUKAST SODIUM","HUMAN PRESCRIPTION DRUG","06/11/2013","N/A","ANDA","30 TABLET, FILM COATED in 1 BOTTLE (67296-1926-3)","Leukotriene Receptor Antagonist [EPC],  Leukotriene Receptor Antagonists [MoA]","N/A","No","12/31/2026",0,FALSE,FALSE
"Respiratory:allergy_Medication","Other_Asthma_Medications","MontelukastSodium",FALSE,"nonproprietary","MontelukastSodium","MontelukastSodium_nonproprietary_raw.csv","Montelukast Sodium","68071-3355-9","10 mg/1","TABLET, FILM COATED","ORAL","ANDA202717","NuCare Pharmaceuticals,Inc.","68071-3355","Montelukast Sodium","MONTELUKAST SODIUM","HUMAN PRESCRIPTION DRUG","07/18/2017","N/A","ANDA","90 TABLET, FILM COATED in 1 BOTTLE (68071-3355-9)","Leukotriene Receptor Antagonist [EPC],  Leukotriene Receptor Antagonists [MoA]","N/A","No","12/31/2026",0,FALSE,FALSE
"Respiratory:allergy_Medication","Other_Asthma_Medications","MontelukastSodium",FALSE,"nonproprietary","MontelukastSodium","MontelukastSodium_nonproprietary_raw.csv","Montelukast Sodium","68071-4047-3","10 mg/1","TABLET, FILM COATED","ORAL","ANDA202717","NuCare Pharmaceuticals,Inc.","68071-4047","Montelukast Sodium","MONTELUKAST SODIUM","HUMAN PRESCRIPTION DRUG","08/10/2017","N/A","ANDA","30 TABLET, FILM COATED in 1 BOTTLE (68071-4047-3)","Leukotriene Receptor Antagonist [EPC],  Leukotriene Receptor Antagonists [MoA]","N/A","No","12/31/2026",0,FALSE,FALSE
"Respiratory:allergy_Medication","Other_Asthma_Medications","MontelukastSodium",FALSE,"nonproprietary","MontelukastSodium","MontelukastSodium_nonproprietary_raw.csv","Montelukast Sodium","68084-875-01","10 mg/1","TABLET, COATED","ORAL","ANDA201582","American Health Packaging","68084-875","Montelukast Sodium","MONTELUKAST SODIUM","HUMAN PRESCRIPTION DRUG","04/02/2015","N/A","ANDA","100 BLISTER PACK in 1 BOX, UNIT-DOSE (68084-875-01)  / 1 TABLET, COATED in 1 BLISTER PACK (68084-875-11)","Leukotriene Receptor Antagonist [EPC],  Leukotriene Receptor Antagonists [MoA]","N/A","No","12/31/2026",0,FALSE,FALSE
"Respiratory:allergy_Medication","Other_Asthma_Medications","MontelukastSodium",FALSE,"nonproprietary","MontelukastSodium","MontelukastSodium_nonproprietary_raw.csv","Montelukast Sodium","68788-8610-3","10 mg/1","TABLET","ORAL","ANDA201515","Preferred Pharmaceuticals Inc.","68788-8610","Montelukast Sodium","MONTELUKAST SODIUM","HUMAN PRESCRIPTION DRUG","03/20/2024","N/A","ANDA","30 TABLET in 1 BOTTLE (68788-8610-3)","Leukotriene Receptor Antagonist [EPC],  Leukotriene Receptor Antagonists [MoA]","N/A","No","12/31/2027",0,FALSE,FALSE
"Respiratory:allergy_Medication","Other_Asthma_Medications","MontelukastSodium",FALSE,"nonproprietary","MontelukastSodium","MontelukastSodium_nonproprietary_raw.csv","Montelukast Sodium","68788-8610-6","10 mg/1","TABLET","ORAL","ANDA201515","Preferred Pharmaceuticals Inc.","68788-8610","Montelukast Sodium","MONTELUKAST SODIUM","HUMAN PRESCRIPTION DRUG","03/20/2024","N/A","ANDA","60 TABLET in 1 BOTTLE (68788-8610-6)","Leukotriene Receptor Antagonist [EPC],  Leukotriene Receptor Antagonists [MoA]","N/A","No","12/31/2027",0,FALSE,FALSE
"Respiratory:allergy_Medication","Other_Asthma_Medications","MontelukastSodium",FALSE,"nonproprietary","MontelukastSodium","MontelukastSodium_nonproprietary_raw.csv","Montelukast Sodium","68788-8610-9","10 mg/1","TABLET","ORAL","ANDA201515","Preferred Pharmaceuticals Inc.","68788-8610","Montelukast Sodium","MONTELUKAST SODIUM","HUMAN PRESCRIPTION DRUG","03/20/2024","N/A","ANDA","90 TABLET in 1 BOTTLE (68788-8610-9)","Leukotriene Receptor Antagonist [EPC],  Leukotriene Receptor Antagonists [MoA]","N/A","No","12/31/2027",0,FALSE,FALSE
"Respiratory:allergy_Medication","Other_Asthma_Medications","MontelukastSodium",FALSE,"nonproprietary","MontelukastSodium","MontelukastSodium_nonproprietary_raw.csv","Montelukast Sodium","69367-287-05","10 mg/1","TABLET","ORAL","ANDA205683","Westminster Pharmaceuticals, LLC","69367-287","Montelukast Sodium","MONTELUKAST SODIUM","HUMAN PRESCRIPTION DRUG","04/25/2021","N/A","ANDA","500 TABLET in 1 BOTTLE (69367-287-05)","Leukotriene Receptor Antagonist [EPC],  Leukotriene Receptor Antagonists [MoA]","N/A","No","12/31/2026",0,FALSE,FALSE
"Respiratory:allergy_Medication","Other_Asthma_Medications","MontelukastSodium",FALSE,"nonproprietary","MontelukastSodium","MontelukastSodium_nonproprietary_raw.csv","Montelukast Sodium","69367-287-09","10 mg/1","TABLET","ORAL","ANDA205683","Westminster Pharmaceuticals, LLC","69367-287","Montelukast Sodium","MONTELUKAST SODIUM","HUMAN PRESCRIPTION DRUG","04/25/2021","N/A","ANDA","90 TABLET in 1 BOTTLE (69367-287-09)","Leukotriene Receptor Antagonist [EPC],  Leukotriene Receptor Antagonists [MoA]","N/A","No","12/31/2026",0,FALSE,FALSE
"Respiratory:allergy_Medication","Other_Asthma_Medications","MontelukastSodium",FALSE,"nonproprietary","MontelukastSodium","MontelukastSodium_nonproprietary_raw.csv","Montelukast Sodium","71205-189-30","4 mg/1","TABLET, CHEWABLE","ORAL","ANDA200405","Proficient Rx LP","71205-189","Montelukast Sodium","MONTELUKAST SODIUM","HUMAN PRESCRIPTION DRUG","01/03/2018","N/A","ANDA","30 TABLET, CHEWABLE in 1 BOTTLE (71205-189-30)","Leukotriene Receptor Antagonist [EPC],  Leukotriene Receptor Antagonists [MoA]","N/A","No","12/31/2026",0,FALSE,FALSE
"Respiratory:allergy_Medication","Other_Asthma_Medications","MontelukastSodium",FALSE,"nonproprietary","MontelukastSodium","MontelukastSodium_nonproprietary_raw.csv","Montelukast Sodium","71205-189-60","4 mg/1","TABLET, CHEWABLE","ORAL","ANDA200405","Proficient Rx LP","71205-189","Montelukast Sodium","MONTELUKAST SODIUM","HUMAN PRESCRIPTION DRUG","01/03/2018","N/A","ANDA","60 TABLET, CHEWABLE in 1 BOTTLE (71205-189-60)","Leukotriene Receptor Antagonist [EPC],  Leukotriene Receptor Antagonists [MoA]","N/A","No","12/31/2026",0,FALSE,FALSE
"Respiratory:allergy_Medication","Other_Asthma_Medications","MontelukastSodium",FALSE,"nonproprietary","MontelukastSodium","MontelukastSodium_nonproprietary_raw.csv","Montelukast Sodium","71205-189-90","4 mg/1","TABLET, CHEWABLE","ORAL","ANDA200405","Proficient Rx LP","71205-189","Montelukast Sodium","MONTELUKAST SODIUM","HUMAN PRESCRIPTION DRUG","01/03/2018","N/A","ANDA","90 TABLET, CHEWABLE in 1 BOTTLE (71205-189-90)","Leukotriene Receptor Antagonist [EPC],  Leukotriene Receptor Antagonists [MoA]","N/A","No","12/31/2026",0,FALSE,FALSE
"Respiratory:allergy_Medication","Other_Asthma_Medications","MontelukastSodium",FALSE,"nonproprietary","MontelukastSodium","MontelukastSodium_nonproprietary_raw.csv","Montelukast Sodium","71205-778-30","10 mg/1","TABLET, FILM COATED","ORAL","ANDA202468","Proficient Rx LP","71205-778","Montelukast Sodium","MONTELUKAST SODIUM","HUMAN PRESCRIPTION DRUG","03/21/2023","N/A","ANDA","30 TABLET, FILM COATED in 1 BOTTLE (71205-778-30)","Leukotriene Receptor Antagonist [EPC],  Leukotriene Receptor Antagonists [MoA]","N/A","No","12/31/2026",0,FALSE,FALSE
"Respiratory:allergy_Medication","Other_Asthma_Medications","MontelukastSodium",FALSE,"nonproprietary","MontelukastSodium","MontelukastSodium_nonproprietary_raw.csv","Montelukast Sodium","71205-778-60","10 mg/1","TABLET, FILM COATED","ORAL","ANDA202468","Proficient Rx LP","71205-778","Montelukast Sodium","MONTELUKAST SODIUM","HUMAN PRESCRIPTION DRUG","03/21/2023","N/A","ANDA","60 TABLET, FILM COATED in 1 BOTTLE (71205-778-60)","Leukotriene Receptor Antagonist [EPC],  Leukotriene Receptor Antagonists [MoA]","N/A","No","12/31/2026",0,FALSE,FALSE
"Respiratory:allergy_Medication","Other_Asthma_Medications","MontelukastSodium",FALSE,"nonproprietary","MontelukastSodium","MontelukastSodium_nonproprietary_raw.csv","Montelukast Sodium","71205-778-90","10 mg/1","TABLET, FILM COATED","ORAL","ANDA202468","Proficient Rx LP","71205-778","Montelukast Sodium","MONTELUKAST SODIUM","HUMAN PRESCRIPTION DRUG","03/21/2023","N/A","ANDA","90 TABLET, FILM COATED in 1 BOTTLE (71205-778-90)","Leukotriene Receptor Antagonist [EPC],  Leukotriene Receptor Antagonists [MoA]","N/A","No","12/31/2026",0,FALSE,FALSE
"Respiratory:allergy_Medication","Other_Asthma_Medications","MontelukastSodium",FALSE,"nonproprietary","MontelukastSodium","MontelukastSodium_nonproprietary_raw.csv","Montelukast Sodium","71335-0514-1","10 mg/1","TABLET, FILM COATED","ORAL","ANDA202717","Bryant Ranch Prepack","71335-0514","Montelukast Sodium","MONTELUKAST SODIUM","HUMAN PRESCRIPTION DRUG","03/08/2018","N/A","ANDA","30 TABLET, FILM COATED in 1 BOTTLE (71335-0514-1)","Leukotriene Receptor Antagonist [EPC],  Leukotriene Receptor Antagonists [MoA]","N/A","No","12/31/2026",0,FALSE,FALSE
"Respiratory:allergy_Medication","Other_Asthma_Medications","MontelukastSodium",FALSE,"nonproprietary","MontelukastSodium","MontelukastSodium_nonproprietary_raw.csv","Montelukast Sodium","71335-0514-2","10 mg/1","TABLET, FILM COATED","ORAL","ANDA202717","Bryant Ranch Prepack","71335-0514","Montelukast Sodium","MONTELUKAST SODIUM","HUMAN PRESCRIPTION DRUG","12/27/2021","N/A","ANDA","4 TABLET, FILM COATED in 1 BOTTLE (71335-0514-2)","Leukotriene Receptor Antagonist [EPC],  Leukotriene Receptor Antagonists [MoA]","N/A","No","12/31/2026",0,FALSE,FALSE
"Respiratory:allergy_Medication","Other_Asthma_Medications","MontelukastSodium",FALSE,"nonproprietary","MontelukastSodium","MontelukastSodium_nonproprietary_raw.csv","Montelukast Sodium","71335-0514-3","10 mg/1","TABLET, FILM COATED","ORAL","ANDA202717","Bryant Ranch Prepack","71335-0514","Montelukast Sodium","MONTELUKAST SODIUM","HUMAN PRESCRIPTION DRUG","12/27/2021","N/A","ANDA","7 TABLET, FILM COATED in 1 BOTTLE (71335-0514-3)","Leukotriene Receptor Antagonist [EPC],  Leukotriene Receptor Antagonists [MoA]","N/A","No","12/31/2026",0,FALSE,FALSE
"Respiratory:allergy_Medication","Other_Asthma_Medications","MontelukastSodium",FALSE,"nonproprietary","MontelukastSodium","MontelukastSodium_nonproprietary_raw.csv","Montelukast Sodium","71335-0514-4","10 mg/1","TABLET, FILM COATED","ORAL","ANDA202717","Bryant Ranch Prepack","71335-0514","Montelukast Sodium","MONTELUKAST SODIUM","HUMAN PRESCRIPTION DRUG","08/29/2018","N/A","ANDA","60 TABLET, FILM COATED in 1 BOTTLE (71335-0514-4)","Leukotriene Receptor Antagonist [EPC],  Leukotriene Receptor Antagonists [MoA]","N/A","No","12/31/2026",0,FALSE,FALSE
"Respiratory:allergy_Medication","Other_Asthma_Medications","MontelukastSodium",FALSE,"nonproprietary","MontelukastSodium","MontelukastSodium_nonproprietary_raw.csv","Montelukast Sodium","71335-0514-5","10 mg/1","TABLET, FILM COATED","ORAL","ANDA202717","Bryant Ranch Prepack","71335-0514","Montelukast Sodium","MONTELUKAST SODIUM","HUMAN PRESCRIPTION DRUG","12/27/2021","N/A","ANDA","10 TABLET, FILM COATED in 1 BOTTLE (71335-0514-5)","Leukotriene Receptor Antagonist [EPC],  Leukotriene Receptor Antagonists [MoA]","N/A","No","12/31/2026",0,FALSE,FALSE
"Respiratory:allergy_Medication","Other_Asthma_Medications","MontelukastSodium",FALSE,"nonproprietary","MontelukastSodium","MontelukastSodium_nonproprietary_raw.csv","Montelukast Sodium","71335-0514-6","10 mg/1","TABLET, FILM COATED","ORAL","ANDA202717","Bryant Ranch Prepack","71335-0514","Montelukast Sodium","MONTELUKAST SODIUM","HUMAN PRESCRIPTION DRUG","02/12/2018","N/A","ANDA","90 TABLET, FILM COATED in 1 BOTTLE (71335-0514-6)","Leukotriene Receptor Antagonist [EPC],  Leukotriene Receptor Antagonists [MoA]","N/A","No","12/31/2026",0,FALSE,FALSE
"Respiratory:allergy_Medication","Other_Asthma_Medications","MontelukastSodium",FALSE,"nonproprietary","MontelukastSodium","MontelukastSodium_nonproprietary_raw.csv","Montelukast Sodium","71335-0514-7","10 mg/1","TABLET, FILM COATED","ORAL","ANDA202717","Bryant Ranch Prepack","71335-0514","Montelukast Sodium","MONTELUKAST SODIUM","HUMAN PRESCRIPTION DRUG","04/12/2019","N/A","ANDA","120 TABLET, FILM COATED in 1 BOTTLE (71335-0514-7)","Leukotriene Receptor Antagonist [EPC],  Leukotriene Receptor Antagonists [MoA]","N/A","No","12/31/2026",0,FALSE,FALSE
"Respiratory:allergy_Medication","Other_Asthma_Medications","MontelukastSodium",FALSE,"nonproprietary","MontelukastSodium","MontelukastSodium_nonproprietary_raw.csv","Montelukast Sodium","71335-0514-8","10 mg/1","TABLET, FILM COATED","ORAL","ANDA202717","Bryant Ranch Prepack","71335-0514","Montelukast Sodium","MONTELUKAST SODIUM","HUMAN PRESCRIPTION DRUG","12/27/2021","N/A","ANDA","15 TABLET, FILM COATED in 1 BOTTLE (71335-0514-8)","Leukotriene Receptor Antagonist [EPC],  Leukotriene Receptor Antagonists [MoA]","N/A","No","12/31/2026",0,FALSE,FALSE
"Respiratory:allergy_Medication","Other_Asthma_Medications","MontelukastSodium",FALSE,"nonproprietary","MontelukastSodium","MontelukastSodium_nonproprietary_raw.csv","Montelukast Sodium","72789-306-30","10 mg/1","TABLET, FILM COATED","ORAL","ANDA202468","PD-Rx Pharmaceuticals, Inc.","72789-306","Montelukast Sodium","MONTELUKAST SODIUM","HUMAN PRESCRIPTION DRUG","03/06/2022","N/A","ANDA","30 TABLET, FILM COATED in 1 BOTTLE, PLASTIC (72789-306-30)","Leukotriene Receptor Antagonist [EPC],  Leukotriene Receptor Antagonists [MoA]","N/A","No","12/31/2026",0,FALSE,FALSE
"Respiratory:allergy_Medication","Other_Asthma_Medications","MontelukastSodium",FALSE,"nonproprietary","MontelukastSodium","MontelukastSodium_nonproprietary_raw.csv","Montelukast sodium","33342-110-07","4 mg/1","TABLET, CHEWABLE","ORAL","ANDA203582","Macleods Pharmaceuticals Limited","33342-110","Montelukast sodium","MONTELUKAST","HUMAN PRESCRIPTION DRUG","03/13/2015","N/A","ANDA","30 TABLET, CHEWABLE in 1 BOTTLE (33342-110-07)","Leukotriene Receptor Antagonist [EPC],  Leukotriene Receptor Antagonists [MoA]","N/A","No","12/31/2026",0,FALSE,FALSE
"Respiratory:allergy_Medication","Other_Asthma_Medications","MontelukastSodium",FALSE,"nonproprietary","MontelukastSodium","MontelukastSodium_nonproprietary_raw.csv","Montelukast sodium","33342-110-10","4 mg/1","TABLET, CHEWABLE","ORAL","ANDA203582","Macleods Pharmaceuticals Limited","33342-110","Montelukast sodium","MONTELUKAST","HUMAN PRESCRIPTION DRUG","03/13/2015","N/A","ANDA","90 TABLET, CHEWABLE in 1 BOTTLE (33342-110-10)","Leukotriene Receptor Antagonist [EPC],  Leukotriene Receptor Antagonists [MoA]","N/A","No","12/31/2026",0,FALSE,FALSE
"Respiratory:allergy_Medication","Other_Asthma_Medications","MontelukastSodium",FALSE,"nonproprietary","MontelukastSodium","MontelukastSodium_nonproprietary_raw.csv","Montelukast sodium","33342-110-12","4 mg/1","TABLET, CHEWABLE","ORAL","ANDA203582","Macleods Pharmaceuticals Limited","33342-110","Montelukast sodium","MONTELUKAST","HUMAN PRESCRIPTION DRUG","03/13/2015","N/A","ANDA","100 TABLET, CHEWABLE in 1 BLISTER PACK (33342-110-12)","Leukotriene Receptor Antagonist [EPC],  Leukotriene Receptor Antagonists [MoA]","N/A","No","12/31/2026",0,FALSE,FALSE
"Respiratory:allergy_Medication","Other_Asthma_Medications","MontelukastSodium",FALSE,"nonproprietary","MontelukastSodium","MontelukastSodium_nonproprietary_raw.csv","Montelukast sodium","33342-110-15","4 mg/1","TABLET, CHEWABLE","ORAL","ANDA203582","Macleods Pharmaceuticals Limited","33342-110","Montelukast sodium","MONTELUKAST","HUMAN PRESCRIPTION DRUG","03/13/2015","N/A","ANDA","500 TABLET, CHEWABLE in 1 BOTTLE (33342-110-15)","Leukotriene Receptor Antagonist [EPC],  Leukotriene Receptor Antagonists [MoA]","N/A","No","12/31/2026",0,FALSE,FALSE
"Respiratory:allergy_Medication","Other_Asthma_Medications","MontelukastSodium",FALSE,"nonproprietary","MontelukastSodium","MontelukastSodium_nonproprietary_raw.csv","Montelukast sodium","33342-110-39","4 mg/1","TABLET, CHEWABLE","ORAL","ANDA203582","Macleods Pharmaceuticals Limited","33342-110","Montelukast sodium","MONTELUKAST","HUMAN PRESCRIPTION DRUG","03/13/2015","N/A","ANDA","90 TABLET, CHEWABLE in 1 BLISTER PACK (33342-110-39)","Leukotriene Receptor Antagonist [EPC],  Leukotriene Receptor Antagonists [MoA]","N/A","No","12/31/2026",0,FALSE,FALSE
"Respiratory:allergy_Medication","Other_Asthma_Medications","MontelukastSodium",FALSE,"nonproprietary","MontelukastSodium","MontelukastSodium_nonproprietary_raw.csv","Montelukast sodium","33342-110-44","4 mg/1","TABLET, CHEWABLE","ORAL","ANDA203582","Macleods Pharmaceuticals Limited","33342-110","Montelukast sodium","MONTELUKAST","HUMAN PRESCRIPTION DRUG","09/25/2015","N/A","ANDA","1000 TABLET, CHEWABLE in 1 BOTTLE (33342-110-44)","Leukotriene Receptor Antagonist [EPC],  Leukotriene Receptor Antagonists [MoA]","N/A","No","12/31/2026",0,FALSE,FALSE
"Respiratory:allergy_Medication","Other_Asthma_Medications","MontelukastSodium",FALSE,"nonproprietary","MontelukastSodium","MontelukastSodium_nonproprietary_raw.csv","Montelukast sodium","33342-111-07","5 mg/1","TABLET, CHEWABLE","ORAL","ANDA203582","Macleods Pharmaceuticals Limited","33342-111","Montelukast sodium","MONTELUKAST","HUMAN PRESCRIPTION DRUG","03/13/2015","N/A","ANDA","30 TABLET, CHEWABLE in 1 BOTTLE (33342-111-07)","Leukotriene Receptor Antagonist [EPC],  Leukotriene Receptor Antagonists [MoA]","N/A","No","12/31/2026",0,FALSE,FALSE
"Respiratory:allergy_Medication","Other_Asthma_Medications","MontelukastSodium",FALSE,"nonproprietary","MontelukastSodium","MontelukastSodium_nonproprietary_raw.csv","Montelukast sodium","33342-111-10","5 mg/1","TABLET, CHEWABLE","ORAL","ANDA203582","Macleods Pharmaceuticals Limited","33342-111","Montelukast sodium","MONTELUKAST","HUMAN PRESCRIPTION DRUG","03/13/2015","N/A","ANDA","90 TABLET, CHEWABLE in 1 BOTTLE (33342-111-10)","Leukotriene Receptor Antagonist [EPC],  Leukotriene Receptor Antagonists [MoA]","N/A","No","12/31/2026",0,FALSE,FALSE
"Respiratory:allergy_Medication","Other_Asthma_Medications","MontelukastSodium",FALSE,"nonproprietary","MontelukastSodium","MontelukastSodium_nonproprietary_raw.csv","Montelukast sodium","33342-111-12","5 mg/1","TABLET, CHEWABLE","ORAL","ANDA203582","Macleods Pharmaceuticals Limited","33342-111","Montelukast sodium","MONTELUKAST","HUMAN PRESCRIPTION DRUG","03/13/2015","N/A","ANDA","100 TABLET, CHEWABLE in 1 BLISTER PACK (33342-111-12)","Leukotriene Receptor Antagonist [EPC],  Leukotriene Receptor Antagonists [MoA]","N/A","No","12/31/2026",0,FALSE,FALSE
"Respiratory:allergy_Medication","Other_Asthma_Medications","MontelukastSodium",FALSE,"nonproprietary","MontelukastSodium","MontelukastSodium_nonproprietary_raw.csv","Montelukast sodium","33342-111-15","5 mg/1","TABLET, CHEWABLE","ORAL","ANDA203582","Macleods Pharmaceuticals Limited","33342-111","Montelukast sodium","MONTELUKAST","HUMAN PRESCRIPTION DRUG","03/13/2015","N/A","ANDA","500 TABLET, CHEWABLE in 1 BOTTLE (33342-111-15)","Leukotriene Receptor Antagonist [EPC],  Leukotriene Receptor Antagonists [MoA]","N/A","No","12/31/2026",0,FALSE,FALSE
"Respiratory:allergy_Medication","Other_Asthma_Medications","MontelukastSodium",FALSE,"nonproprietary","MontelukastSodium","MontelukastSodium_nonproprietary_raw.csv","Montelukast sodium","33342-111-39","5 mg/1","TABLET, CHEWABLE","ORAL","ANDA203582","Macleods Pharmaceuticals Limited","33342-111","Montelukast sodium","MONTELUKAST","HUMAN PRESCRIPTION DRUG","03/13/2015","N/A","ANDA","90 TABLET, CHEWABLE in 1 BLISTER PACK (33342-111-39)","Leukotriene Receptor Antagonist [EPC],  Leukotriene Receptor Antagonists [MoA]","N/A","No","12/31/2026",0,FALSE,FALSE
"Respiratory:allergy_Medication","Other_Asthma_Medications","MontelukastSodium",FALSE,"nonproprietary","MontelukastSodium","MontelukastSodium_nonproprietary_raw.csv","Montelukast sodium","33342-111-44","5 mg/1","TABLET, CHEWABLE","ORAL","ANDA203582","Macleods Pharmaceuticals Limited","33342-111","Montelukast sodium","MONTELUKAST","HUMAN PRESCRIPTION DRUG","09/25/2015","N/A","ANDA","1000 TABLET, CHEWABLE in 1 BOTTLE (33342-111-44)","Leukotriene Receptor Antagonist [EPC],  Leukotriene Receptor Antagonists [MoA]","N/A","No","12/31/2026",0,FALSE,FALSE
"Respiratory:allergy_Medication","Other_Asthma_Medications","MontelukastSodium",FALSE,"nonproprietary | proprietary","MontelukastSodium | Singulair","MontelukastSodium_nonproprietary_raw.csv | MontelukastSodium_Singulair_proprietary_raw.csv","SINGULAIR","78206-170-01","4 mg/1","TABLET, CHEWABLE","ORAL","NDA020830","Organon LLC","78206-170","montelukast sodium","MONTELUKAST SODIUM","HUMAN PRESCRIPTION DRUG","06/01/2021","N/A","NDA","30 TABLET, CHEWABLE in 1 BOTTLE (78206-170-01)","Leukotriene Receptor Antagonist [EPC],  Leukotriene Receptor Antagonists [MoA]","N/A","No","12/31/2026",0,FALSE,FALSE
"Respiratory:allergy_Medication","Other_Asthma_Medications","MontelukastSodium",FALSE,"nonproprietary | proprietary","MontelukastSodium | Singulair","MontelukastSodium_nonproprietary_raw.csv | MontelukastSodium_Singulair_proprietary_raw.csv","SINGULAIR","78206-171-01","4 mg/1","GRANULE","ORAL","NDA021409","Organon LLC","78206-171","montelukast sodium","MONTELUKAST SODIUM","HUMAN PRESCRIPTION DRUG","06/01/2021","N/A","NDA","30 PACKET in 1 CARTON (78206-171-01)  / 1 GRANULE in 1 PACKET","Leukotriene Receptor Antagonist [EPC],  Leukotriene Receptor Antagonists [MoA]","N/A","No","12/31/2026",0,FALSE,FALSE
"Respiratory:allergy_Medication","Other_Asthma_Medications","MontelukastSodium",FALSE,"nonproprietary | proprietary","MontelukastSodium | Singulair","MontelukastSodium_nonproprietary_raw.csv | MontelukastSodium_Singulair_proprietary_raw.csv","SINGULAIR","78206-172-01","10 mg/1","TABLET, FILM COATED","ORAL","NDA020829","Organon LLC","78206-172","montelukast sodium","MONTELUKAST SODIUM","HUMAN PRESCRIPTION DRUG","06/01/2021","N/A","NDA","30 TABLET, FILM COATED in 1 BOTTLE (78206-172-01)","Leukotriene Receptor Antagonist [EPC],  Leukotriene Receptor Antagonists [MoA]","N/A","No","12/31/2026",0,FALSE,FALSE
"Respiratory:allergy_Medication","Other_Asthma_Medications","MontelukastSodium",FALSE,"nonproprietary | proprietary","MontelukastSodium | Singulair","MontelukastSodium_nonproprietary_raw.csv | MontelukastSodium_Singulair_proprietary_raw.csv","SINGULAIR","78206-172-02","10 mg/1","TABLET, FILM COATED","ORAL","NDA020829","Organon LLC","78206-172","montelukast sodium","MONTELUKAST SODIUM","HUMAN PRESCRIPTION DRUG","06/01/2021","N/A","NDA","90 TABLET, FILM COATED in 1 BOTTLE (78206-172-02)","Leukotriene Receptor Antagonist [EPC],  Leukotriene Receptor Antagonists [MoA]","N/A","No","12/31/2026",0,FALSE,FALSE
"Respiratory:allergy_Medication","Other_Asthma_Medications","MontelukastSodium",FALSE,"nonproprietary | proprietary","MontelukastSodium | Singulair","MontelukastSodium_nonproprietary_raw.csv | MontelukastSodium_Singulair_proprietary_raw.csv","SINGULAIR","78206-173-01","5 mg/1","TABLET, CHEWABLE","ORAL","NDA020830","Organon LLC","78206-173","montelukast sodium","MONTELUKAST SODIUM","HUMAN PRESCRIPTION DRUG","06/01/2021","N/A","NDA","30 TABLET, CHEWABLE in 1 BOTTLE (78206-173-01)","Leukotriene Receptor Antagonist [EPC],  Leukotriene Receptor Antagonists [MoA]","N/A","No","12/31/2026",0,FALSE,FALSE
"Respiratory:allergy_Medication","Other_Asthma_Medications","MontelukastSodium",FALSE,"nonproprietary","MontelukastSodium","MontelukastSodium_nonproprietary_raw.csv","montelukast sodium","29300-220-01","10 mg/1","TABLET, FILM COATED","ORAL","ANDA204290","Unichem Pharmaceuticals (USA), Inc.","29300-220","montelukast sodium","MONTELUKAST SODIUM","HUMAN PRESCRIPTION DRUG","01/01/2016","N/A","ANDA","100 TABLET, FILM COATED in 1 BOTTLE, PLASTIC (29300-220-01)","Leukotriene Receptor Antagonist [EPC],  Leukotriene Receptor Antagonists [MoA]","N/A","No","12/31/2026",0,FALSE,FALSE
"Respiratory:allergy_Medication","Other_Asthma_Medications","MontelukastSodium",FALSE,"nonproprietary","MontelukastSodium","MontelukastSodium_nonproprietary_raw.csv","montelukast sodium","29300-220-10","10 mg/1","TABLET, FILM COATED","ORAL","ANDA204290","Unichem Pharmaceuticals (USA), Inc.","29300-220","montelukast sodium","MONTELUKAST SODIUM","HUMAN PRESCRIPTION DRUG","01/01/2016","N/A","ANDA","1000 TABLET, FILM COATED in 1 BOTTLE, PLASTIC (29300-220-10)","Leukotriene Receptor Antagonist [EPC],  Leukotriene Receptor Antagonists [MoA]","N/A","No","12/31/2026",0,FALSE,FALSE
"Respiratory:allergy_Medication","Other_Asthma_Medications","MontelukastSodium",FALSE,"nonproprietary","MontelukastSodium","MontelukastSodium_nonproprietary_raw.csv","montelukast sodium","29300-220-13","10 mg/1","TABLET, FILM COATED","ORAL","ANDA204290","Unichem Pharmaceuticals (USA), Inc.","29300-220","montelukast sodium","MONTELUKAST SODIUM","HUMAN PRESCRIPTION DRUG","01/01/2016","N/A","ANDA","30 TABLET, FILM COATED in 1 BOTTLE, PLASTIC (29300-220-13)","Leukotriene Receptor Antagonist [EPC],  Leukotriene Receptor Antagonists [MoA]","N/A","No","12/31/2026",0,FALSE,FALSE
"Respiratory:allergy_Medication","Other_Asthma_Medications","MontelukastSodium",FALSE,"nonproprietary","MontelukastSodium","MontelukastSodium_nonproprietary_raw.csv","montelukast sodium","29300-220-19","10 mg/1","TABLET, FILM COATED","ORAL","ANDA204290","Unichem Pharmaceuticals (USA), Inc.","29300-220","montelukast sodium","MONTELUKAST SODIUM","HUMAN PRESCRIPTION DRUG","01/01/2016","N/A","ANDA","90 TABLET, FILM COATED in 1 BOTTLE, PLASTIC (29300-220-19)","Leukotriene Receptor Antagonist [EPC],  Leukotriene Receptor Antagonists [MoA]","N/A","No","12/31/2026",0,FALSE,FALSE
"Respiratory:allergy_Medication","Other_Asthma_Medications","MontelukastSodium",FALSE,"nonproprietary","MontelukastSodium","MontelukastSodium_nonproprietary_raw.csv","montelukast sodium","29300-221-10","4 mg/1","TABLET, CHEWABLE","ORAL","ANDA208621","Unichem Pharmaceuticals (USA), Inc.","29300-221","montelukast sodium","MONTELUKAST SODIUM","HUMAN PRESCRIPTION DRUG","08/20/2018","N/A","ANDA","1000 TABLET, CHEWABLE in 1 BOTTLE, PLASTIC (29300-221-10)","Leukotriene Receptor Antagonist [EPC],  Leukotriene Receptor Antagonists [MoA]","N/A","No","12/31/2026",0,FALSE,FALSE
"Respiratory:allergy_Medication","Other_Asthma_Medications","MontelukastSodium",FALSE,"nonproprietary","MontelukastSodium","MontelukastSodium_nonproprietary_raw.csv","montelukast sodium","29300-221-13","4 mg/1","TABLET, CHEWABLE","ORAL","ANDA208621","Unichem Pharmaceuticals (USA), Inc.","29300-221","montelukast sodium","MONTELUKAST SODIUM","HUMAN PRESCRIPTION DRUG","08/20/2018","N/A","ANDA","30 TABLET, CHEWABLE in 1 BOTTLE, PLASTIC (29300-221-13)","Leukotriene Receptor Antagonist [EPC],  Leukotriene Receptor Antagonists [MoA]","N/A","No","12/31/2026",0,FALSE,FALSE
"Respiratory:allergy_Medication","Other_Asthma_Medications","MontelukastSodium",FALSE,"nonproprietary","MontelukastSodium","MontelukastSodium_nonproprietary_raw.csv","montelukast sodium","29300-221-19","4 mg/1","TABLET, CHEWABLE","ORAL","ANDA208621","Unichem Pharmaceuticals (USA), Inc.","29300-221","montelukast sodium","MONTELUKAST SODIUM","HUMAN PRESCRIPTION DRUG","08/20/2018","N/A","ANDA","90 TABLET, CHEWABLE in 1 BOTTLE, PLASTIC (29300-221-19)","Leukotriene Receptor Antagonist [EPC],  Leukotriene Receptor Antagonists [MoA]","N/A","No","12/31/2026",0,FALSE,FALSE
"Respiratory:allergy_Medication","Other_Asthma_Medications","MontelukastSodium",FALSE,"nonproprietary","MontelukastSodium","MontelukastSodium_nonproprietary_raw.csv","montelukast sodium","29300-222-10","5 mg/1","TABLET, CHEWABLE","ORAL","ANDA208621","Unichem Pharmaceuticals (USA), Inc.","29300-222","montelukast sodium","MONTELUKAST SODIUM","HUMAN PRESCRIPTION DRUG","08/20/2018","N/A","ANDA","1000 TABLET, CHEWABLE in 1 BOTTLE, PLASTIC (29300-222-10)","Leukotriene Receptor Antagonist [EPC],  Leukotriene Receptor Antagonists [MoA]","N/A","No","12/31/2026",0,FALSE,FALSE
"Respiratory:allergy_Medication","Other_Asthma_Medications","MontelukastSodium",FALSE,"nonproprietary","MontelukastSodium","MontelukastSodium_nonproprietary_raw.csv","montelukast sodium","29300-222-13","5 mg/1","TABLET, CHEWABLE","ORAL","ANDA208621","Unichem Pharmaceuticals (USA), Inc.","29300-222","montelukast sodium","MONTELUKAST SODIUM","HUMAN PRESCRIPTION DRUG","08/20/2018","N/A","ANDA","30 TABLET, CHEWABLE in 1 BOTTLE, PLASTIC (29300-222-13)","Leukotriene Receptor Antagonist [EPC],  Leukotriene Receptor Antagonists [MoA]","N/A","No","12/31/2026",0,FALSE,FALSE
"Respiratory:allergy_Medication","Other_Asthma_Medications","MontelukastSodium",FALSE,"nonproprietary","MontelukastSodium","MontelukastSodium_nonproprietary_raw.csv","montelukast sodium","29300-222-19","5 mg/1","TABLET, CHEWABLE","ORAL","ANDA208621","Unichem Pharmaceuticals (USA), Inc.","29300-222","montelukast sodium","MONTELUKAST SODIUM","HUMAN PRESCRIPTION DRUG","08/20/2018","N/A","ANDA","90 TABLET, CHEWABLE in 1 BOTTLE, PLASTIC (29300-222-19)","Leukotriene Receptor Antagonist [EPC],  Leukotriene Receptor Antagonists [MoA]","N/A","No","12/31/2026",0,FALSE,FALSE
"Respiratory:allergy_Medication","Other_Asthma_Medications","MontelukastSodium",FALSE,"nonproprietary","MontelukastSodium","MontelukastSodium_nonproprietary_raw.csv","montelukast sodium","31722-727-01","4 mg/1","TABLET, CHEWABLE","ORAL","ANDA204093","Camber Pharmaceuticals, Inc.","31722-727","montelukast sodium","MONTELUKAST","HUMAN PRESCRIPTION DRUG","05/27/2015","N/A","ANDA","100 TABLET, CHEWABLE in 1 BOTTLE (31722-727-01)","Leukotriene Receptor Antagonist [EPC],  Leukotriene Receptor Antagonists [MoA]","N/A","No","12/31/2026",0,FALSE,FALSE
"Respiratory:allergy_Medication","Other_Asthma_Medications","MontelukastSodium",FALSE,"nonproprietary","MontelukastSodium","MontelukastSodium_nonproprietary_raw.csv","montelukast sodium","31722-727-10","4 mg/1","TABLET, CHEWABLE","ORAL","ANDA204093","Camber Pharmaceuticals, Inc.","31722-727","montelukast sodium","MONTELUKAST","HUMAN PRESCRIPTION DRUG","05/27/2015","N/A","ANDA","1000 TABLET, CHEWABLE in 1 BOTTLE (31722-727-10)","Leukotriene Receptor Antagonist [EPC],  Leukotriene Receptor Antagonists [MoA]","N/A","No","12/31/2026",0,FALSE,FALSE
"Respiratory:allergy_Medication","Other_Asthma_Medications","MontelukastSodium",FALSE,"nonproprietary","MontelukastSodium","MontelukastSodium_nonproprietary_raw.csv","montelukast sodium","31722-727-30","4 mg/1","TABLET, CHEWABLE","ORAL","ANDA204093","Camber Pharmaceuticals, Inc.","31722-727","montelukast sodium","MONTELUKAST","HUMAN PRESCRIPTION DRUG","05/27/2015","N/A","ANDA","30 TABLET, CHEWABLE in 1 BOTTLE (31722-727-30)","Leukotriene Receptor Antagonist [EPC],  Leukotriene Receptor Antagonists [MoA]","N/A","No","12/31/2026",0,FALSE,FALSE
"Respiratory:allergy_Medication","Other_Asthma_Medications","MontelukastSodium",FALSE,"nonproprietary","MontelukastSodium","MontelukastSodium_nonproprietary_raw.csv","montelukast sodium","31722-727-31","4 mg/1","TABLET, CHEWABLE","ORAL","ANDA204093","Camber Pharmaceuticals, Inc.","31722-727","montelukast sodium","MONTELUKAST","HUMAN PRESCRIPTION DRUG","05/27/2015","N/A","ANDA","10 TABLET, CHEWABLE in 1 BLISTER PACK (31722-727-31)","Leukotriene Receptor Antagonist [EPC],  Leukotriene Receptor Antagonists [MoA]","N/A","No","12/31/2026",0,FALSE,FALSE
"Respiratory:allergy_Medication","Other_Asthma_Medications","MontelukastSodium",FALSE,"nonproprietary","MontelukastSodium","MontelukastSodium_nonproprietary_raw.csv","montelukast sodium","31722-727-32","4 mg/1","TABLET, CHEWABLE","ORAL","ANDA204093","Camber Pharmaceuticals, Inc.","31722-727","montelukast sodium","MONTELUKAST","HUMAN PRESCRIPTION DRUG","05/27/2015","N/A","ANDA","100 TABLET, CHEWABLE in 1 CARTON (31722-727-32)","Leukotriene Receptor Antagonist [EPC],  Leukotriene Receptor Antagonists [MoA]","N/A","No","12/31/2026",0,FALSE,FALSE
"Respiratory:allergy_Medication","Other_Asthma_Medications","MontelukastSodium",FALSE,"nonproprietary","MontelukastSodium","MontelukastSodium_nonproprietary_raw.csv","montelukast sodium","31722-727-90","4 mg/1","TABLET, CHEWABLE","ORAL","ANDA204093","Camber Pharmaceuticals, Inc.","31722-727","montelukast sodium","MONTELUKAST","HUMAN PRESCRIPTION DRUG","05/27/2015","N/A","ANDA","90 TABLET, CHEWABLE in 1 BOTTLE (31722-727-90)","Leukotriene Receptor Antagonist [EPC],  Leukotriene Receptor Antagonists [MoA]","N/A","No","12/31/2026",0,FALSE,FALSE
"Respiratory:allergy_Medication","Other_Asthma_Medications","MontelukastSodium",FALSE,"nonproprietary","MontelukastSodium","MontelukastSodium_nonproprietary_raw.csv","montelukast sodium","31722-728-01","5 mg/1","TABLET, CHEWABLE","ORAL","ANDA204093","Camber Pharmaceuticals, Inc.","31722-728","montelukast sodium","MONTELUKAST","HUMAN PRESCRIPTION DRUG","05/27/2015","N/A","ANDA","100 TABLET, CHEWABLE in 1 BOTTLE (31722-728-01)","Leukotriene Receptor Antagonist [EPC],  Leukotriene Receptor Antagonists [MoA]","N/A","No","12/31/2026",0,FALSE,FALSE
"Respiratory:allergy_Medication","Other_Asthma_Medications","MontelukastSodium",FALSE,"nonproprietary","MontelukastSodium","MontelukastSodium_nonproprietary_raw.csv","montelukast sodium","31722-728-10","5 mg/1","TABLET, CHEWABLE","ORAL","ANDA204093","Camber Pharmaceuticals, Inc.","31722-728","montelukast sodium","MONTELUKAST","HUMAN PRESCRIPTION DRUG","05/27/2015","N/A","ANDA","1000 TABLET, CHEWABLE in 1 BOTTLE (31722-728-10)","Leukotriene Receptor Antagonist [EPC],  Leukotriene Receptor Antagonists [MoA]","N/A","No","12/31/2026",0,FALSE,FALSE
"Respiratory:allergy_Medication","Other_Asthma_Medications","MontelukastSodium",FALSE,"nonproprietary","MontelukastSodium","MontelukastSodium_nonproprietary_raw.csv","montelukast sodium","31722-728-30","5 mg/1","TABLET, CHEWABLE","ORAL","ANDA204093","Camber Pharmaceuticals, Inc.","31722-728","montelukast sodium","MONTELUKAST","HUMAN PRESCRIPTION DRUG","05/27/2015","N/A","ANDA","30 TABLET, CHEWABLE in 1 BOTTLE (31722-728-30)","Leukotriene Receptor Antagonist [EPC],  Leukotriene Receptor Antagonists [MoA]","N/A","No","12/31/2026",0,FALSE,FALSE
"Respiratory:allergy_Medication","Other_Asthma_Medications","MontelukastSodium",FALSE,"nonproprietary","MontelukastSodium","MontelukastSodium_nonproprietary_raw.csv","montelukast sodium","31722-728-31","5 mg/1","TABLET, CHEWABLE","ORAL","ANDA204093","Camber Pharmaceuticals, Inc.","31722-728","montelukast sodium","MONTELUKAST","HUMAN PRESCRIPTION DRUG","05/27/2015","N/A","ANDA","10 TABLET, CHEWABLE in 1 BLISTER PACK (31722-728-31)","Leukotriene Receptor Antagonist [EPC],  Leukotriene Receptor Antagonists [MoA]","N/A","No","12/31/2026",0,FALSE,FALSE
"Respiratory:allergy_Medication","Other_Asthma_Medications","MontelukastSodium",FALSE,"nonproprietary","MontelukastSodium","MontelukastSodium_nonproprietary_raw.csv","montelukast sodium","31722-728-32","5 mg/1","TABLET, CHEWABLE","ORAL","ANDA204093","Camber Pharmaceuticals, Inc.","31722-728","montelukast sodium","MONTELUKAST","HUMAN PRESCRIPTION DRUG","05/27/2015","N/A","ANDA","100 TABLET, CHEWABLE in 1 CARTON (31722-728-32)","Leukotriene Receptor Antagonist [EPC],  Leukotriene Receptor Antagonists [MoA]","N/A","No","12/31/2026",0,FALSE,FALSE
"Respiratory:allergy_Medication","Other_Asthma_Medications","MontelukastSodium",FALSE,"nonproprietary","MontelukastSodium","MontelukastSodium_nonproprietary_raw.csv","montelukast sodium","31722-728-90","5 mg/1","TABLET, CHEWABLE","ORAL","ANDA204093","Camber Pharmaceuticals, Inc.","31722-728","montelukast sodium","MONTELUKAST","HUMAN PRESCRIPTION DRUG","05/27/2015","N/A","ANDA","90 TABLET, CHEWABLE in 1 BOTTLE (31722-728-90)","Leukotriene Receptor Antagonist [EPC],  Leukotriene Receptor Antagonists [MoA]","N/A","No","12/31/2026",0,FALSE,FALSE
"Respiratory:allergy_Medication","Other_Asthma_Medications","MontelukastSodium",FALSE,"nonproprietary","MontelukastSodium","MontelukastSodium_nonproprietary_raw.csv","montelukast sodium","50090-2921-0","4 mg/1","TABLET, CHEWABLE","ORAL","ANDA204093","A-S Medication Solutions","50090-2921","montelukast sodium","MONTELUKAST","HUMAN PRESCRIPTION DRUG","03/15/2017","N/A","ANDA","30 TABLET, CHEWABLE in 1 BOTTLE (50090-2921-0)","Leukotriene Receptor Antagonist [EPC],  Leukotriene Receptor Antagonists [MoA]","N/A","No","12/31/2027",0,FALSE,FALSE
"Respiratory:allergy_Medication","Other_Asthma_Medications","MontelukastSodium",FALSE,"nonproprietary","MontelukastSodium","MontelukastSodium_nonproprietary_raw.csv","montelukast sodium","50090-2921-1","4 mg/1","TABLET, CHEWABLE","ORAL","ANDA204093","A-S Medication Solutions","50090-2921","montelukast sodium","MONTELUKAST","HUMAN PRESCRIPTION DRUG","10/05/2018","N/A","ANDA","90 TABLET, CHEWABLE in 1 BOTTLE (50090-2921-1)","Leukotriene Receptor Antagonist [EPC],  Leukotriene Receptor Antagonists [MoA]","N/A","No","12/31/2027",0,FALSE,FALSE
"Respiratory:allergy_Medication","Other_Asthma_Medications","MontelukastSodium",FALSE,"nonproprietary","MontelukastSodium","MontelukastSodium_nonproprietary_raw.csv","montelukast sodium","50090-4705-0","5 mg/1","TABLET, CHEWABLE","ORAL","ANDA204093","A-S Medication Solutions","50090-4705","montelukast sodium","MONTELUKAST","HUMAN PRESCRIPTION DRUG","11/11/2019","N/A","ANDA","30 TABLET, CHEWABLE in 1 BOTTLE (50090-4705-0)","Leukotriene Receptor Antagonist [EPC],  Leukotriene Receptor Antagonists [MoA]","N/A","No","12/31/2027",0,FALSE,FALSE
"Respiratory:allergy_Medication","Other_Asthma_Medications","MontelukastSodium",FALSE,"nonproprietary","MontelukastSodium","MontelukastSodium_nonproprietary_raw.csv","montelukast sodium","50090-4705-1","5 mg/1","TABLET, CHEWABLE","ORAL","ANDA204093","A-S Medication Solutions","50090-4705","montelukast sodium","MONTELUKAST","HUMAN PRESCRIPTION DRUG","11/11/2019","N/A","ANDA","90 TABLET, CHEWABLE in 1 BOTTLE (50090-4705-1)","Leukotriene Receptor Antagonist [EPC],  Leukotriene Receptor Antagonists [MoA]","N/A","No","12/31/2027",0,FALSE,FALSE
"Respiratory:allergy_Medication","Other_Asthma_Medications","MontelukastSodium",FALSE,"nonproprietary","MontelukastSodium","MontelukastSodium_nonproprietary_raw.csv","montelukast sodium","50090-7920-0","4 mg/1","TABLET, CHEWABLE","ORAL","ANDA204093","A-S Medication Solutions","50090-7920","montelukast sodium","MONTELUKAST","HUMAN PRESCRIPTION DRUG","03/03/2026","N/A","ANDA","30 TABLET, CHEWABLE in 1 BOTTLE (50090-7920-0)","Leukotriene Receptor Antagonist [EPC],  Leukotriene Receptor Antagonists [MoA]","N/A","No","12/31/2027",0,FALSE,FALSE
"Respiratory:allergy_Medication","Other_Asthma_Medications","MontelukastSodium",FALSE,"nonproprietary","MontelukastSodium","MontelukastSodium_nonproprietary_raw.csv","montelukast sodium","50090-7920-1","4 mg/1","TABLET, CHEWABLE","ORAL","ANDA204093","A-S Medication Solutions","50090-7920","montelukast sodium","MONTELUKAST","HUMAN PRESCRIPTION DRUG","03/03/2026","N/A","ANDA","90 TABLET, CHEWABLE in 1 BOTTLE (50090-7920-1)","Leukotriene Receptor Antagonist [EPC],  Leukotriene Receptor Antagonists [MoA]","N/A","No","12/31/2027",0,FALSE,FALSE
"Respiratory:allergy_Medication","Other_Asthma_Medications","MontelukastSodium",FALSE,"nonproprietary","MontelukastSodium","MontelukastSodium_nonproprietary_raw.csv","montelukast sodium","50090-7925-0","5 mg/1","TABLET, CHEWABLE","ORAL","ANDA204093","A-S Medication Solutions","50090-7925","montelukast sodium","MONTELUKAST","HUMAN PRESCRIPTION DRUG","03/04/2026","N/A","ANDA","30 TABLET, CHEWABLE in 1 BOTTLE (50090-7925-0)","Leukotriene Receptor Antagonist [EPC],  Leukotriene Receptor Antagonists [MoA]","N/A","No","12/31/2027",0,FALSE,FALSE
"Respiratory:allergy_Medication","Other_Asthma_Medications","MontelukastSodium",FALSE,"nonproprietary","MontelukastSodium","MontelukastSodium_nonproprietary_raw.csv","montelukast sodium","50090-7925-1","5 mg/1","TABLET, CHEWABLE","ORAL","ANDA204093","A-S Medication Solutions","50090-7925","montelukast sodium","MONTELUKAST","HUMAN PRESCRIPTION DRUG","03/04/2026","N/A","ANDA","90 TABLET, CHEWABLE in 1 BOTTLE (50090-7925-1)","Leukotriene Receptor Antagonist [EPC],  Leukotriene Receptor Antagonists [MoA]","N/A","No","12/31/2027",0,FALSE,FALSE
"Respiratory:allergy_Medication","Other_Asthma_Medications","MontelukastSodium",FALSE,"nonproprietary","MontelukastSodium","MontelukastSodium_nonproprietary_raw.csv","montelukast sodium","50090-7925-2","5 mg/1","TABLET, CHEWABLE","ORAL","ANDA204093","A-S Medication Solutions","50090-7925","montelukast sodium","MONTELUKAST","HUMAN PRESCRIPTION DRUG","03/04/2026","N/A","ANDA","1000 TABLET, CHEWABLE in 1 BOTTLE (50090-7925-2)","Leukotriene Receptor Antagonist [EPC],  Leukotriene Receptor Antagonists [MoA]","N/A","No","12/31/2027",0,FALSE,FALSE
"Respiratory:allergy_Medication","Other_Asthma_Medications","MontelukastSodium",FALSE,"nonproprietary","MontelukastSodium","MontelukastSodium_nonproprietary_raw.csv","montelukast sodium","68071-5278-3","10 mg/1","TABLET, FILM COATED","ORAL","ANDA204290","NuCare Pharmaceuticals,Inc.","68071-5278","montelukast sodium","MONTELUKAST SODIUM","HUMAN PRESCRIPTION DRUG","06/10/2020","N/A","ANDA","30 TABLET, FILM COATED in 1 BOTTLE (68071-5278-3)","Leukotriene Receptor Antagonist [EPC],  Leukotriene Receptor Antagonists [MoA]","N/A","No","12/31/2026",0,FALSE,FALSE
"Respiratory:allergy_Medication","Other_Asthma_Medications","MontelukastSodium",FALSE,"nonproprietary","MontelukastSodium","MontelukastSodium_nonproprietary_raw.csv","montelukast sodium","68788-7669-1","5 mg/1","TABLET, CHEWABLE","ORAL","ANDA204093","Preferred Pharmaceuticals, Inc.","68788-7669","montelukast sodium","MONTELUKAST","HUMAN PRESCRIPTION DRUG","02/28/2020","N/A","ANDA","10 TABLET, CHEWABLE in 1 BOTTLE (68788-7669-1)","Leukotriene Receptor Antagonist [EPC],  Leukotriene Receptor Antagonists [MoA]","N/A","No","12/31/2027",0,FALSE,FALSE
"Respiratory:allergy_Medication","Other_Asthma_Medications","MontelukastSodium",FALSE,"nonproprietary","MontelukastSodium","MontelukastSodium_nonproprietary_raw.csv","montelukast sodium","68788-7669-2","5 mg/1","TABLET, CHEWABLE","ORAL","ANDA204093","Preferred Pharmaceuticals, Inc.","68788-7669","montelukast sodium","MONTELUKAST","HUMAN PRESCRIPTION DRUG","02/28/2020","N/A","ANDA","20 TABLET, CHEWABLE in 1 BOTTLE (68788-7669-2)","Leukotriene Receptor Antagonist [EPC],  Leukotriene Receptor Antagonists [MoA]","N/A","No","12/31/2027",0,FALSE,FALSE
"Respiratory:allergy_Medication","Other_Asthma_Medications","MontelukastSodium",FALSE,"nonproprietary","MontelukastSodium","MontelukastSodium_nonproprietary_raw.csv","montelukast sodium","68788-7669-3","5 mg/1","TABLET, CHEWABLE","ORAL","ANDA204093","Preferred Pharmaceuticals, Inc.","68788-7669","montelukast sodium","MONTELUKAST","HUMAN PRESCRIPTION DRUG","02/28/2020","N/A","ANDA","30 TABLET, CHEWABLE in 1 BOTTLE (68788-7669-3)","Leukotriene Receptor Antagonist [EPC],  Leukotriene Receptor Antagonists [MoA]","N/A","No","12/31/2027",0,FALSE,FALSE
"Respiratory:allergy_Medication","Other_Asthma_Medications","MontelukastSodium",FALSE,"nonproprietary","MontelukastSodium","MontelukastSodium_nonproprietary_raw.csv","montelukast sodium","68788-7669-4","5 mg/1","TABLET, CHEWABLE","ORAL","ANDA204093","Preferred Pharmaceuticals, Inc.","68788-7669","montelukast sodium","MONTELUKAST","HUMAN PRESCRIPTION DRUG","02/28/2020","N/A","ANDA","14 TABLET, CHEWABLE in 1 BOTTLE (68788-7669-4)","Leukotriene Receptor Antagonist [EPC],  Leukotriene Receptor Antagonists [MoA]","N/A","No","12/31/2027",0,FALSE,FALSE
"Respiratory:allergy_Medication","Other_Asthma_Medications","MontelukastSodium",FALSE,"nonproprietary","MontelukastSodium","MontelukastSodium_nonproprietary_raw.csv","montelukast sodium","68788-7669-6","5 mg/1","TABLET, CHEWABLE","ORAL","ANDA204093","Preferred Pharmaceuticals, Inc.","68788-7669","montelukast sodium","MONTELUKAST","HUMAN PRESCRIPTION DRUG","02/28/2020","N/A","ANDA","60 TABLET, CHEWABLE in 1 BOTTLE (68788-7669-6)","Leukotriene Receptor Antagonist [EPC],  Leukotriene Receptor Antagonists [MoA]","N/A","No","12/31/2027",0,FALSE,FALSE
"Respiratory:allergy_Medication","Other_Asthma_Medications","MontelukastSodium",FALSE,"nonproprietary","MontelukastSodium","MontelukastSodium_nonproprietary_raw.csv","montelukast sodium","68788-7669-9","5 mg/1","TABLET, CHEWABLE","ORAL","ANDA204093","Preferred Pharmaceuticals, Inc.","68788-7669","montelukast sodium","MONTELUKAST","HUMAN PRESCRIPTION DRUG","02/28/2020","N/A","ANDA","90 TABLET, CHEWABLE in 1 BOTTLE (68788-7669-9)","Leukotriene Receptor Antagonist [EPC],  Leukotriene Receptor Antagonists [MoA]","N/A","No","12/31/2027",0,FALSE,FALSE
"Respiratory:allergy_Medication","Other_Asthma_Medications","MontelukastSodium",FALSE,"nonproprietary","MontelukastSodium","MontelukastSodium_nonproprietary_raw.csv","montelukast sodium","68788-8617-3","10 mg/1","TABLET, FILM COATED","ORAL","ANDA204290","Preferred Pharmaceuticals Inc.","68788-8617","montelukast sodium","MONTELUKAST SODIUM","HUMAN PRESCRIPTION DRUG","03/28/2024","N/A","ANDA","30 TABLET, FILM COATED in 1 BOTTLE, PLASTIC (68788-8617-3)","Leukotriene Receptor Antagonist [EPC],  Leukotriene Receptor Antagonists [MoA]","N/A","No","12/31/2027",0,FALSE,FALSE
"Respiratory:allergy_Medication","Other_Asthma_Medications","MontelukastSodium",FALSE,"nonproprietary","MontelukastSodium","MontelukastSodium_nonproprietary_raw.csv","montelukast sodium","68788-8617-6","10 mg/1","TABLET, FILM COATED","ORAL","ANDA204290","Preferred Pharmaceuticals Inc.","68788-8617","montelukast sodium","MONTELUKAST SODIUM","HUMAN PRESCRIPTION DRUG","03/28/2024","N/A","ANDA","60 TABLET, FILM COATED in 1 BOTTLE, PLASTIC (68788-8617-6)","Leukotriene Receptor Antagonist [EPC],  Leukotriene Receptor Antagonists [MoA]","N/A","No","12/31/2027",0,FALSE,FALSE
"Respiratory:allergy_Medication","Other_Asthma_Medications","MontelukastSodium",FALSE,"nonproprietary","MontelukastSodium","MontelukastSodium_nonproprietary_raw.csv","montelukast sodium","68788-8617-9","10 mg/1","TABLET, FILM COATED","ORAL","ANDA204290","Preferred Pharmaceuticals Inc.","68788-8617","montelukast sodium","MONTELUKAST SODIUM","HUMAN PRESCRIPTION DRUG","03/28/2024","N/A","ANDA","90 TABLET, FILM COATED in 1 BOTTLE, PLASTIC (68788-8617-9)","Leukotriene Receptor Antagonist [EPC],  Leukotriene Receptor Antagonists [MoA]","N/A","No","12/31/2027",0,FALSE,FALSE
"Respiratory:allergy_Medication","Other_Asthma_Medications","MontelukastSodium",FALSE,"nonproprietary","MontelukastSodium","MontelukastSodium_nonproprietary_raw.csv","montelukast sodium","71205-181-30","10 mg/1","TABLET, FILM COATED","ORAL","ANDA204290","Proficient Rx LP","71205-181","montelukast sodium","MONTELUKAST SODIUM","HUMAN PRESCRIPTION DRUG","12/01/2018","N/A","ANDA","30 TABLET, FILM COATED in 1 BOTTLE, PLASTIC (71205-181-30)","Leukotriene Receptor Antagonist [EPC],  Leukotriene Receptor Antagonists [MoA]","N/A","No","12/31/2026",0,FALSE,FALSE
"Respiratory:allergy_Medication","Other_Asthma_Medications","MontelukastSodium",FALSE,"nonproprietary","MontelukastSodium","MontelukastSodium_nonproprietary_raw.csv","montelukast sodium","71205-181-60","10 mg/1","TABLET, FILM COATED","ORAL","ANDA204290","Proficient Rx LP","71205-181","montelukast sodium","MONTELUKAST SODIUM","HUMAN PRESCRIPTION DRUG","12/01/2018","N/A","ANDA","60 TABLET, FILM COATED in 1 BOTTLE, PLASTIC (71205-181-60)","Leukotriene Receptor Antagonist [EPC],  Leukotriene Receptor Antagonists [MoA]","N/A","No","12/31/2026",0,FALSE,FALSE
"Respiratory:allergy_Medication","Other_Asthma_Medications","MontelukastSodium",FALSE,"nonproprietary","MontelukastSodium","MontelukastSodium_nonproprietary_raw.csv","montelukast sodium","71205-181-90","10 mg/1","TABLET, FILM COATED","ORAL","ANDA204290","Proficient Rx LP","71205-181","montelukast sodium","MONTELUKAST SODIUM","HUMAN PRESCRIPTION DRUG","12/01/2018","N/A","ANDA","90 TABLET, FILM COATED in 1 BOTTLE, PLASTIC (71205-181-90)","Leukotriene Receptor Antagonist [EPC],  Leukotriene Receptor Antagonists [MoA]","N/A","No","12/31/2026",0,FALSE,FALSE
"Respiratory:allergy_Medication","Other_Asthma_Medications","MontelukastSodium",FALSE,"nonproprietary","MontelukastSodium","MontelukastSodium_nonproprietary_raw.csv","montelukast sodium","71335-1602-1","4 mg/1","TABLET, CHEWABLE","ORAL","ANDA204093","Bryant Ranch Prepack","71335-1602","montelukast sodium","MONTELUKAST SODIUM","HUMAN PRESCRIPTION DRUG","05/13/2020","N/A","ANDA","30 TABLET, CHEWABLE in 1 BOTTLE (71335-1602-1)","Leukotriene Receptor Antagonist [EPC],  Leukotriene Receptor Antagonists [MoA]","N/A","No","12/31/2026",0,FALSE,FALSE
"Respiratory:allergy_Medication","Other_Asthma_Medications","MontelukastSodium",FALSE,"nonproprietary","MontelukastSodium","MontelukastSodium_nonproprietary_raw.csv","montelukast sodium","71335-1602-2","4 mg/1","TABLET, CHEWABLE","ORAL","ANDA204093","Bryant Ranch Prepack","71335-1602","montelukast sodium","MONTELUKAST SODIUM","HUMAN PRESCRIPTION DRUG","05/13/2020","N/A","ANDA","90 TABLET, CHEWABLE in 1 BOTTLE (71335-1602-2)","Leukotriene Receptor Antagonist [EPC],  Leukotriene Receptor Antagonists [MoA]","N/A","No","12/31/2026",0,FALSE,FALSE
"Respiratory:allergy_Medication","Other_Asthma_Medications","MontelukastSodium",FALSE,"nonproprietary","MontelukastSodium","MontelukastSodium_nonproprietary_raw.csv","montelukast sodium","71335-1602-3","4 mg/1","TABLET, CHEWABLE","ORAL","ANDA204093","Bryant Ranch Prepack","71335-1602","montelukast sodium","MONTELUKAST SODIUM","HUMAN PRESCRIPTION DRUG","02/14/2022","N/A","ANDA","60 TABLET, CHEWABLE in 1 BOTTLE (71335-1602-3)","Leukotriene Receptor Antagonist [EPC],  Leukotriene Receptor Antagonists [MoA]","N/A","No","12/31/2026",0,FALSE,FALSE
"Respiratory:allergy_Medication","Other_Asthma_Medications","MontelukastSodium",FALSE,"nonproprietary","MontelukastSodium","MontelukastSodium_nonproprietary_raw.csv","montelukast sodium","71335-1995-1","10 mg/1","TABLET, FILM COATED","ORAL","ANDA204290","Bryant Ranch Prepack","71335-1995","montelukast sodium","MONTELUKAST SODIUM","HUMAN PRESCRIPTION DRUG","12/16/2021","N/A","ANDA","30 TABLET, FILM COATED in 1 BOTTLE (71335-1995-1)","Leukotriene Receptor Antagonist [EPC],  Leukotriene Receptor Antagonists [MoA]","N/A","No","12/31/2026",0,FALSE,FALSE
"Respiratory:allergy_Medication","Other_Asthma_Medications","MontelukastSodium",FALSE,"nonproprietary","MontelukastSodium","MontelukastSodium_nonproprietary_raw.csv","montelukast sodium","71335-1995-2","10 mg/1","TABLET, FILM COATED","ORAL","ANDA204290","Bryant Ranch Prepack","71335-1995","montelukast sodium","MONTELUKAST SODIUM","HUMAN PRESCRIPTION DRUG","04/03/2024","N/A","ANDA","4 TABLET, FILM COATED in 1 BOTTLE (71335-1995-2)","Leukotriene Receptor Antagonist [EPC],  Leukotriene Receptor Antagonists [MoA]","N/A","No","12/31/2026",0,FALSE,FALSE
"Respiratory:allergy_Medication","Other_Asthma_Medications","MontelukastSodium",FALSE,"nonproprietary","MontelukastSodium","MontelukastSodium_nonproprietary_raw.csv","montelukast sodium","71335-1995-3","10 mg/1","TABLET, FILM COATED","ORAL","ANDA204290","Bryant Ranch Prepack","71335-1995","montelukast sodium","MONTELUKAST SODIUM","HUMAN PRESCRIPTION DRUG","04/03/2024","N/A","ANDA","7 TABLET, FILM COATED in 1 BOTTLE (71335-1995-3)","Leukotriene Receptor Antagonist [EPC],  Leukotriene Receptor Antagonists [MoA]","N/A","No","12/31/2026",0,FALSE,FALSE
"Respiratory:allergy_Medication","Other_Asthma_Medications","MontelukastSodium",FALSE,"nonproprietary","MontelukastSodium","MontelukastSodium_nonproprietary_raw.csv","montelukast sodium","71335-1995-4","10 mg/1","TABLET, FILM COATED","ORAL","ANDA204290","Bryant Ranch Prepack","71335-1995","montelukast sodium","MONTELUKAST SODIUM","HUMAN PRESCRIPTION DRUG","05/09/2022","N/A","ANDA","60 TABLET, FILM COATED in 1 BOTTLE (71335-1995-4)","Leukotriene Receptor Antagonist [EPC],  Leukotriene Receptor Antagonists [MoA]","N/A","No","12/31/2026",0,FALSE,FALSE
"Respiratory:allergy_Medication","Other_Asthma_Medications","MontelukastSodium",FALSE,"nonproprietary","MontelukastSodium","MontelukastSodium_nonproprietary_raw.csv","montelukast sodium","71335-1995-5","10 mg/1","TABLET, FILM COATED","ORAL","ANDA204290","Bryant Ranch Prepack","71335-1995","montelukast sodium","MONTELUKAST SODIUM","HUMAN PRESCRIPTION DRUG","04/03/2024","N/A","ANDA","10 TABLET, FILM COATED in 1 BOTTLE (71335-1995-5)","Leukotriene Receptor Antagonist [EPC],  Leukotriene Receptor Antagonists [MoA]","N/A","No","12/31/2026",0,FALSE,FALSE
"Respiratory:allergy_Medication","Other_Asthma_Medications","MontelukastSodium",FALSE,"nonproprietary","MontelukastSodium","MontelukastSodium_nonproprietary_raw.csv","montelukast sodium","71335-1995-6","10 mg/1","TABLET, FILM COATED","ORAL","ANDA204290","Bryant Ranch Prepack","71335-1995","montelukast sodium","MONTELUKAST SODIUM","HUMAN PRESCRIPTION DRUG","12/08/2021","N/A","ANDA","90 TABLET, FILM COATED in 1 BOTTLE (71335-1995-6)","Leukotriene Receptor Antagonist [EPC],  Leukotriene Receptor Antagonists [MoA]","N/A","No","12/31/2026",0,FALSE,FALSE
"Respiratory:allergy_Medication","Other_Asthma_Medications","MontelukastSodium",FALSE,"nonproprietary","MontelukastSodium","MontelukastSodium_nonproprietary_raw.csv","montelukast sodium","71335-1995-7","10 mg/1","TABLET, FILM COATED","ORAL","ANDA204290","Bryant Ranch Prepack","71335-1995","montelukast sodium","MONTELUKAST SODIUM","HUMAN PRESCRIPTION DRUG","04/03/2024","N/A","ANDA","120 TABLET, FILM COATED in 1 BOTTLE (71335-1995-7)","Leukotriene Receptor Antagonist [EPC],  Leukotriene Receptor Antagonists [MoA]","N/A","No","12/31/2026",0,FALSE,FALSE
"Respiratory:allergy_Medication","Other_Asthma_Medications","MontelukastSodium",FALSE,"nonproprietary","MontelukastSodium","MontelukastSodium_nonproprietary_raw.csv","montelukast sodium","71335-1995-8","10 mg/1","TABLET, FILM COATED","ORAL","ANDA204290","Bryant Ranch Prepack","71335-1995","montelukast sodium","MONTELUKAST SODIUM","HUMAN PRESCRIPTION DRUG","04/03/2024","N/A","ANDA","15 TABLET, FILM COATED in 1 BOTTLE (71335-1995-8)","Leukotriene Receptor Antagonist [EPC],  Leukotriene Receptor Antagonists [MoA]","N/A","No","12/31/2026",0,FALSE,FALSE
"Respiratory:allergy_Medication","Other_Asthma_Medications","Omalizumab",FALSE,"nonproprietary","Omalizumab","Omalizumab_nonproprietary_raw.csv","OMLYCLO","72606-035-01","75 mg/.5mL","INJECTION","SUBCUTANEOUS","BLA761399","CELLTRION USA, Inc.","72606-035","omalizumab-igec","OMALIZUMAB","HUMAN PRESCRIPTION DRUG","09/01/2026","N/A","BLA","1 SYRINGE, GLASS in 1 CARTON (72606-035-01)  / .5 mL in 1 SYRINGE, GLASS","Anti-IgE [EPC],  Decreased IgE Activity [PE],  IgE-directed Antibody Interactions [MoA]","N/A","No","N/A",0,FALSE,FALSE
"Respiratory:allergy_Medication","Other_Asthma_Medications","Omalizumab",FALSE,"nonproprietary","Omalizumab","Omalizumab_nonproprietary_raw.csv","OMLYCLO","72606-036-01","150 mg/mL","INJECTION","SUBCUTANEOUS","BLA761399","CELLTRION USA, Inc.","72606-036","omalizumab-igec","OMALIZUMAB","HUMAN PRESCRIPTION DRUG","09/01/2026","N/A","BLA","1 SYRINGE, GLASS in 1 CARTON (72606-036-01)  / 1 mL in 1 SYRINGE, GLASS","Anti-IgE [EPC],  Decreased IgE Activity [PE],  IgE-directed Antibody Interactions [MoA]","N/A","No","N/A",0,FALSE,FALSE
"Respiratory:allergy_Medication","Other_Asthma_Medications","Omalizumab",FALSE,"nonproprietary","Omalizumab","Omalizumab_nonproprietary_raw.csv","OMLYCLO","72606-054-01","300 mg/2mL","INJECTION","SUBCUTANEOUS","BLA761399","CELLTRION USA, Inc.","72606-054","omalizumab-igec","OMALIZUMAB","HUMAN PRESCRIPTION DRUG","09/01/2026","N/A","BLA","1 SYRINGE, GLASS in 1 CARTON (72606-054-01)  / 2 mL in 1 SYRINGE, GLASS","Anti-IgE [EPC],  Decreased IgE Activity [PE],  IgE-directed Antibody Interactions [MoA]","N/A","No","N/A",0,FALSE,FALSE
"Respiratory:allergy_Medication","Other_Asthma_Medications","Omalizumab",FALSE,"nonproprietary","Omalizumab","Omalizumab_nonproprietary_raw.csv","OMLYCLO","72606-054-02","300 mg/2mL","INJECTION","SUBCUTANEOUS","BLA761399","CELLTRION USA, Inc.","72606-054","omalizumab-igec","OMALIZUMAB","HUMAN PRESCRIPTION DRUG","09/01/2026","N/A","BLA","2 SYRINGE, GLASS in 1 CARTON (72606-054-02)  / 2 mL in 1 SYRINGE, GLASS","Anti-IgE [EPC],  Decreased IgE Activity [PE],  IgE-directed Antibody Interactions [MoA]","N/A","No","N/A",0,FALSE,FALSE
"Respiratory:allergy_Medication","Other_Asthma_Medications","Omalizumab",FALSE,"nonproprietary | proprietary","Omalizumab | Xolair","Omalizumab_nonproprietary_raw.csv | Omalizumab_Xolair_proprietary_raw.csv","XOLAIR","50242-040-62","150 mg/1.2mL","INJECTION, SOLUTION","SUBCUTANEOUS","BLA103976","Genentech, Inc.","50242-040","omalizumab","OMALIZUMAB","HUMAN PRESCRIPTION DRUG","06/20/2003","N/A","BLA","1 VIAL, SINGLE-USE in 1 CARTON (50242-040-62)  / 1.2 mL in 1 VIAL, SINGLE-USE","Anti-IgE [EPC],  Decreased IgE Activity [PE],  IgE-directed Antibody Interactions [MoA]","N/A","No","12/31/2027",0,FALSE,FALSE
"Respiratory:allergy_Medication","Other_Asthma_Medications","Omalizumab",FALSE,"nonproprietary | proprietary","Omalizumab | Xolair","Omalizumab_nonproprietary_raw.csv | Omalizumab_Xolair_proprietary_raw.csv","XOLAIR","50242-040-86","150 mg/1.2mL","INJECTION, SOLUTION","SUBCUTANEOUS","BLA103976","Genentech, Inc.","50242-040","omalizumab","OMALIZUMAB","HUMAN PRESCRIPTION DRUG","12/20/2013","N/A","BLA","1 VIAL, SINGLE-USE in 1 CARTON (50242-040-86)  / 1.2 mL in 1 VIAL, SINGLE-USE","Anti-IgE [EPC],  Decreased IgE Activity [PE],  IgE-directed Antibody Interactions [MoA]","N/A","Yes","12/31/2027",0,FALSE,FALSE
"Respiratory:allergy_Medication","Other_Asthma_Medications","Omalizumab",FALSE,"nonproprietary | proprietary","Omalizumab | Xolair","Omalizumab_nonproprietary_raw.csv | Omalizumab_Xolair_proprietary_raw.csv","Xolair","50242-227-01","300 mg/2mL","INJECTION, SOLUTION","SUBCUTANEOUS","BLA103976","Genentech, Inc.","50242-227","omalizumab","OMALIZUMAB","HUMAN PRESCRIPTION DRUG","08/18/2023","N/A","BLA","1 SYRINGE, GLASS in 1 CARTON (50242-227-01)  / 2 mL in 1 SYRINGE, GLASS","Anti-IgE [EPC],  Decreased IgE Activity [PE],  IgE-directed Antibody Interactions [MoA]","N/A","No","12/31/2027",0,FALSE,FALSE
"Respiratory:allergy_Medication","Other_Asthma_Medications","Omalizumab",FALSE,"nonproprietary | proprietary","Omalizumab | Xolair","Omalizumab_nonproprietary_raw.csv | Omalizumab_Xolair_proprietary_raw.csv","Xolair","50242-227-55","300 mg/2mL","INJECTION, SOLUTION","SUBCUTANEOUS","BLA103976","Genentech, Inc.","50242-227","omalizumab","OMALIZUMAB","HUMAN PRESCRIPTION DRUG","08/18/2023","N/A","BLA","1 SYRINGE, GLASS in 1 CARTON (50242-227-55)  / 2 mL in 1 SYRINGE, GLASS","Anti-IgE [EPC],  Decreased IgE Activity [PE],  IgE-directed Antibody Interactions [MoA]","N/A","No","12/31/2027",0,FALSE,FALSE
"Respiratory:allergy_Medication","Other_Asthma_Medications","Omalizumab",FALSE,"nonproprietary | proprietary","Omalizumab | Xolair","Omalizumab_nonproprietary_raw.csv | Omalizumab_Xolair_proprietary_raw.csv","Xolair","50242-227-86","300 mg/2mL","INJECTION, SOLUTION","SUBCUTANEOUS","BLA103976","Genentech, Inc.","50242-227","omalizumab","OMALIZUMAB","HUMAN PRESCRIPTION DRUG","08/18/2023","N/A","BLA","1 SYRINGE, GLASS in 1 CARTON (50242-227-86)  / 2 mL in 1 SYRINGE, GLASS","Anti-IgE [EPC],  Decreased IgE Activity [PE],  IgE-directed Antibody Interactions [MoA]","N/A","Yes","12/31/2027",0,FALSE,FALSE
"Respiratory:allergy_Medication","Other_Asthma_Medications","Omalizumab",FALSE,"nonproprietary | proprietary","Omalizumab | Xolair","Omalizumab_nonproprietary_raw.csv | Omalizumab_Xolair_proprietary_raw.csv","Xolair","50242-227-99","300 mg/2mL","INJECTION, SOLUTION","SUBCUTANEOUS","BLA103976","Genentech, Inc.","50242-227","omalizumab","OMALIZUMAB","HUMAN PRESCRIPTION DRUG","08/18/2023","N/A","BLA","1 SYRINGE, GLASS in 1 CARTON (50242-227-99)  / 2 mL in 1 SYRINGE, GLASS","Anti-IgE [EPC],  Decreased IgE Activity [PE],  IgE-directed Antibody Interactions [MoA]","N/A","Yes","12/31/2027",0,FALSE,FALSE
"Respiratory:allergy_Medication","Other_Asthma_Medications","Omalizumab",FALSE,"nonproprietary | proprietary","Omalizumab | Xolair","Omalizumab_nonproprietary_raw.csv | Omalizumab_Xolair_proprietary_raw.csv","Xolair PFS","50242-214-03","75 mg/.5mL","INJECTION, SOLUTION","SUBCUTANEOUS","BLA103976","Genentech, Inc.","50242-214","omalizumab","OMALIZUMAB","HUMAN PRESCRIPTION DRUG","08/18/2023","N/A","BLA","1 SYRINGE, GLASS in 1 CARTON (50242-214-03)  / .5 mL in 1 SYRINGE, GLASS","Anti-IgE [EPC],  Decreased IgE Activity [PE],  IgE-directed Antibody Interactions [MoA]","N/A","No","12/31/2027",0,FALSE,FALSE
"Respiratory:allergy_Medication","Other_Asthma_Medications","Omalizumab",FALSE,"nonproprietary | proprietary","Omalizumab | Xolair","Omalizumab_nonproprietary_raw.csv | Omalizumab_Xolair_proprietary_raw.csv","Xolair PFS","50242-214-55","75 mg/.5mL","INJECTION, SOLUTION","SUBCUTANEOUS","BLA103976","Genentech, Inc.","50242-214","omalizumab","OMALIZUMAB","HUMAN PRESCRIPTION DRUG","08/18/2023","N/A","BLA","1 SYRINGE, GLASS in 1 CARTON (50242-214-55)  / .5 mL in 1 SYRINGE, GLASS","Anti-IgE [EPC],  Decreased IgE Activity [PE],  IgE-directed Antibody Interactions [MoA]","N/A","No","12/31/2027",0,FALSE,FALSE
"Respiratory:allergy_Medication","Other_Asthma_Medications","Omalizumab",FALSE,"nonproprietary | proprietary","Omalizumab | Xolair","Omalizumab_nonproprietary_raw.csv | Omalizumab_Xolair_proprietary_raw.csv","Xolair PFS","50242-214-83","75 mg/.5mL","INJECTION, SOLUTION","SUBCUTANEOUS","BLA103976","Genentech, Inc.","50242-214","omalizumab","OMALIZUMAB","HUMAN PRESCRIPTION DRUG","08/18/2023","N/A","BLA","1 SYRINGE, GLASS in 1 CARTON (50242-214-83)  / .5 mL in 1 SYRINGE, GLASS","Anti-IgE [EPC],  Decreased IgE Activity [PE],  IgE-directed Antibody Interactions [MoA]","N/A","Yes","12/31/2027",0,FALSE,FALSE
"Respiratory:allergy_Medication","Other_Asthma_Medications","Omalizumab",FALSE,"nonproprietary | proprietary","Omalizumab | Xolair","Omalizumab_nonproprietary_raw.csv | Omalizumab_Xolair_proprietary_raw.csv","Xolair PFS","50242-214-99","75 mg/.5mL","INJECTION, SOLUTION","SUBCUTANEOUS","BLA103976","Genentech, Inc.","50242-214","omalizumab","OMALIZUMAB","HUMAN PRESCRIPTION DRUG","08/18/2023","N/A","BLA","1 SYRINGE, GLASS in 1 CARTON (50242-214-99)  / .5 mL in 1 SYRINGE, GLASS","Anti-IgE [EPC],  Decreased IgE Activity [PE],  IgE-directed Antibody Interactions [MoA]","N/A","No","12/31/2027",0,FALSE,FALSE
"Respiratory:allergy_Medication","Other_Asthma_Medications","Omalizumab",FALSE,"nonproprietary | proprietary","Omalizumab | Xolair","Omalizumab_nonproprietary_raw.csv | Omalizumab_Xolair_proprietary_raw.csv","Xolair PFS","50242-215-03","150 mg/mL","INJECTION, SOLUTION","SUBCUTANEOUS","BLA103976","Genentech, Inc.","50242-215","omalizumab","OMALIZUMAB","HUMAN PRESCRIPTION DRUG","08/18/2023","N/A","BLA","1 SYRINGE, GLASS in 1 CARTON (50242-215-03)  / 1 mL in 1 SYRINGE, GLASS","Anti-IgE [EPC],  Decreased IgE Activity [PE],  IgE-directed Antibody Interactions [MoA]","N/A","No","12/31/2027",0,FALSE,FALSE
"Respiratory:allergy_Medication","Other_Asthma_Medications","Omalizumab",FALSE,"nonproprietary | proprietary","Omalizumab | Xolair","Omalizumab_nonproprietary_raw.csv | Omalizumab_Xolair_proprietary_raw.csv","Xolair PFS","50242-215-55","150 mg/mL","INJECTION, SOLUTION","SUBCUTANEOUS","BLA103976","Genentech, Inc.","50242-215","omalizumab","OMALIZUMAB","HUMAN PRESCRIPTION DRUG","08/18/2023","N/A","BLA","1 SYRINGE, GLASS in 1 CARTON (50242-215-55)  / 1 mL in 1 SYRINGE, GLASS","Anti-IgE [EPC],  Decreased IgE Activity [PE],  IgE-directed Antibody Interactions [MoA]","N/A","No","12/31/2027",0,FALSE,FALSE
"Respiratory:allergy_Medication","Other_Asthma_Medications","Omalizumab",FALSE,"nonproprietary | proprietary","Omalizumab | Xolair","Omalizumab_nonproprietary_raw.csv | Omalizumab_Xolair_proprietary_raw.csv","Xolair PFS","50242-215-83","150 mg/mL","INJECTION, SOLUTION","SUBCUTANEOUS","BLA103976","Genentech, Inc.","50242-215","omalizumab","OMALIZUMAB","HUMAN PRESCRIPTION DRUG","08/18/2023","N/A","BLA","1 SYRINGE, GLASS in 1 CARTON (50242-215-83)  / 1 mL in 1 SYRINGE, GLASS","Anti-IgE [EPC],  Decreased IgE Activity [PE],  IgE-directed Antibody Interactions [MoA]","N/A","Yes","12/31/2027",0,FALSE,FALSE
"Respiratory:allergy_Medication","Other_Asthma_Medications","Omalizumab",FALSE,"nonproprietary | proprietary","Omalizumab | Xolair","Omalizumab_nonproprietary_raw.csv | Omalizumab_Xolair_proprietary_raw.csv","Xolair PFS","50242-215-99","150 mg/mL","INJECTION, SOLUTION","SUBCUTANEOUS","BLA103976","Genentech, Inc.","50242-215","omalizumab","OMALIZUMAB","HUMAN PRESCRIPTION DRUG","08/18/2023","N/A","BLA","1 SYRINGE, GLASS in 1 CARTON (50242-215-99)  / 1 mL in 1 SYRINGE, GLASS","Anti-IgE [EPC],  Decreased IgE Activity [PE],  IgE-directed Antibody Interactions [MoA]","N/A","Yes","12/31/2027",0,FALSE,FALSE
"Respiratory:allergy_Medication","Other_Asthma_Medications","Reslizumab",FALSE,"proprietary | nonproprietary","Cinqair | Reslizumab","Reslizumab_Cinqair_proprietary_raw.csv | Reslizumab_nonproprietary_raw.csv","CINQAIR","59310-610-31","10 mg/mL","INJECTION, SOLUTION, CONCENTRATE","INTRAVENOUS","BLA761033","Teva Respiratory, LLC","59310-610","Reslizumab","RESLIZUMAB","HUMAN PRESCRIPTION DRUG","04/18/2016","N/A","BLA","1 VIAL, SINGLE-USE in 1 CARTON (59310-610-31)  / 10 mL in 1 VIAL, SINGLE-USE","Interleukin-5 Antagonist [EPC],  Interleukin-5 Antagonists [MoA]","N/A","No","12/31/2027",0,FALSE,FALSE
"Respiratory:allergy_Medication","Other_Asthma_Medications","SalmeterolXinafoate",FALSE,"nonproprietary","SalmeterolXinafoate","SalmeterolXinafoate_nonproprietary_raw.csv","ADVAIR HFA","0173-0715-20","45 ug/1,                         21  ug/1","AEROSOL, METERED","RESPIRATORY (INHALATION)","NDA021254","GlaxoSmithKline LLC","0173-0715","fluticasone propionate and salmeterol xinafoate","FLUTICASONE PROPIONATE;  SALMETEROL XINAFOATE","HUMAN PRESCRIPTION DRUG","09/29/2008","N/A","NDA","1 INHALER in 1 CARTON (0173-0715-20)  / 120 AEROSOL, METERED in 1 INHALER","Adrenergic beta2-Agonists [MoA],  Corticosteroid Hormone Receptor Agonists [MoA],  Corticosteroid [EPC],  beta2-Adrenergic Agonist [EPC]","N/A","No","12/31/2027",0,FALSE,FALSE
"Respiratory:allergy_Medication","Other_Asthma_Medications","SalmeterolXinafoate",FALSE,"nonproprietary","SalmeterolXinafoate","SalmeterolXinafoate_nonproprietary_raw.csv","ADVAIR HFA","0173-0715-22","45 ug/1,                         21  ug/1","AEROSOL, METERED","RESPIRATORY (INHALATION)","NDA021254","GlaxoSmithKline LLC","0173-0715","fluticasone propionate and salmeterol xinafoate","FLUTICASONE PROPIONATE;  SALMETEROL XINAFOATE","HUMAN PRESCRIPTION DRUG","09/29/2008","N/A","NDA","1 INHALER in 1 CARTON (0173-0715-22)  / 60 AEROSOL, METERED in 1 INHALER","Adrenergic beta2-Agonists [MoA],  Corticosteroid Hormone Receptor Agonists [MoA],  Corticosteroid [EPC],  beta2-Adrenergic Agonist [EPC]","N/A","No","12/31/2027",0,FALSE,FALSE
"Respiratory:allergy_Medication","Other_Asthma_Medications","SalmeterolXinafoate",FALSE,"nonproprietary","SalmeterolXinafoate","SalmeterolXinafoate_nonproprietary_raw.csv","ADVAIR HFA","0173-0716-20","115 ug/1,                         21  ug/1","AEROSOL, METERED","RESPIRATORY (INHALATION)","NDA021254","GlaxoSmithKline LLC","0173-0716","fluticasone propionate and salmeterol xinafoate","FLUTICASONE PROPIONATE;  SALMETEROL XINAFOATE","HUMAN PRESCRIPTION DRUG","09/29/2008","N/A","NDA","1 INHALER in 1 CARTON (0173-0716-20)  / 120 AEROSOL, METERED in 1 INHALER","Adrenergic beta2-Agonists [MoA],  Corticosteroid Hormone Receptor Agonists [MoA],  Corticosteroid [EPC],  beta2-Adrenergic Agonist [EPC]","N/A","No","12/31/2027",0,FALSE,FALSE
"Respiratory:allergy_Medication","Other_Asthma_Medications","SalmeterolXinafoate",FALSE,"nonproprietary","SalmeterolXinafoate","SalmeterolXinafoate_nonproprietary_raw.csv","ADVAIR HFA","0173-0716-22","115 ug/1,                         21  ug/1","AEROSOL, METERED","RESPIRATORY (INHALATION)","NDA021254","GlaxoSmithKline LLC","0173-0716","fluticasone propionate and salmeterol xinafoate","FLUTICASONE PROPIONATE;  SALMETEROL XINAFOATE","HUMAN PRESCRIPTION DRUG","09/29/2008","N/A","NDA","1 INHALER in 1 CARTON (0173-0716-22)  / 60 AEROSOL, METERED in 1 INHALER","Adrenergic beta2-Agonists [MoA],  Corticosteroid Hormone Receptor Agonists [MoA],  Corticosteroid [EPC],  beta2-Adrenergic Agonist [EPC]","N/A","No","12/31/2027",0,FALSE,FALSE
"Respiratory:allergy_Medication","Other_Asthma_Medications","SalmeterolXinafoate",FALSE,"nonproprietary","SalmeterolXinafoate","SalmeterolXinafoate_nonproprietary_raw.csv","ADVAIR HFA","0173-0717-20","230 ug/1,                         21  ug/1","AEROSOL, METERED","RESPIRATORY (INHALATION)","NDA021254","GlaxoSmithKline LLC","0173-0717","fluticasone propionate and salmeterol xinafoate","FLUTICASONE PROPIONATE;  SALMETEROL XINAFOATE","HUMAN PRESCRIPTION DRUG","03/06/2009","N/A","NDA","1 INHALER in 1 CARTON (0173-0717-20)  / 120 AEROSOL, METERED in 1 INHALER","Adrenergic beta2-Agonists [MoA],  Corticosteroid Hormone Receptor Agonists [MoA],  Corticosteroid [EPC],  beta2-Adrenergic Agonist [EPC]","N/A","No","12/31/2027",0,FALSE,FALSE
"Respiratory:allergy_Medication","Other_Asthma_Medications","SalmeterolXinafoate",FALSE,"nonproprietary","SalmeterolXinafoate","SalmeterolXinafoate_nonproprietary_raw.csv","ADVAIR HFA","0173-0717-22","230 ug/1,                         21  ug/1","AEROSOL, METERED","RESPIRATORY (INHALATION)","NDA021254","GlaxoSmithKline LLC","0173-0717","fluticasone propionate and salmeterol xinafoate","FLUTICASONE PROPIONATE;  SALMETEROL XINAFOATE","HUMAN PRESCRIPTION DRUG","03/06/2009","N/A","NDA","1 INHALER in 1 CARTON (0173-0717-22)  / 60 AEROSOL, METERED in 1 INHALER","Adrenergic beta2-Agonists [MoA],  Corticosteroid Hormone Receptor Agonists [MoA],  Corticosteroid [EPC],  beta2-Adrenergic Agonist [EPC]","N/A","No","12/31/2027",0,FALSE,FALSE
"Respiratory:allergy_Medication","Other_Asthma_Medications","SalmeterolXinafoate",FALSE,"nonproprietary","SalmeterolXinafoate","SalmeterolXinafoate_nonproprietary_raw.csv","ADVAIR HFA","50090-3672-0","115 ug/1,                         21  ug/1","AEROSOL, METERED","RESPIRATORY (INHALATION)","NDA021254","A-S Medication Solutions","50090-3672","fluticasone propionate and salmeterol xinafoate","FLUTICASONE PROPIONATE;  SALMETEROL XINAFOATE","HUMAN PRESCRIPTION DRUG","10/16/2018","N/A","NDA","1 INHALER in 1 CARTON (50090-3672-0)  / 120 AEROSOL, METERED in 1 INHALER","Adrenergic beta2-Agonists [MoA],  Corticosteroid Hormone Receptor Agonists [MoA],  Corticosteroid [EPC],  beta2-Adrenergic Agonist [EPC]","N/A","No","12/31/2026",0,FALSE,FALSE
"Respiratory:allergy_Medication","Other_Asthma_Medications","SalmeterolXinafoate",FALSE,"nonproprietary","SalmeterolXinafoate","SalmeterolXinafoate_nonproprietary_raw.csv","ADVAIR HFA","50090-4504-0","115 ug/1,                         21  ug/1","AEROSOL, METERED","RESPIRATORY (INHALATION)","NDA021254","A-S Medication Solutions","50090-4504","fluticasone propionate and salmeterol xinafoate","FLUTICASONE PROPIONATE;  SALMETEROL XINAFOATE","HUMAN PRESCRIPTION DRUG","09/04/2019","N/A","NDA","1 INHALER in 1 CARTON (50090-4504-0)  / 120 AEROSOL, METERED in 1 INHALER","Adrenergic beta2-Agonists [MoA],  Corticosteroid Hormone Receptor Agonists [MoA],  Corticosteroid [EPC],  beta2-Adrenergic Agonist [EPC]","N/A","No","12/31/2026",0,FALSE,FALSE
"Respiratory:allergy_Medication","Other_Asthma_Medications","SalmeterolXinafoate",FALSE,"nonproprietary","SalmeterolXinafoate","SalmeterolXinafoate_nonproprietary_raw.csv","Fluticasone Propionate and Salmeterol HFA","66993-086-96","45 ug/1,                         21  ug/1","AEROSOL, METERED","RESPIRATORY (INHALATION)","NDA021254","Prasco Laboratories","66993-086","fluticasone propionate and salmeterol xinafoate","FLUTICASONE PROPIONATE;  SALMETEROL XINAFOATE","HUMAN PRESCRIPTION DRUG","03/01/2023","N/A","NDA AUTHORIZED GENERIC","1 INHALER in 1 CARTON (66993-086-96)  / 120 AEROSOL, METERED in 1 INHALER","Adrenergic beta2-Agonists [MoA],  Corticosteroid Hormone Receptor Agonists [MoA],  Corticosteroid [EPC],  beta2-Adrenergic Agonist [EPC]","N/A","No","12/31/2027",0,FALSE,FALSE
"Respiratory:allergy_Medication","Other_Asthma_Medications","SalmeterolXinafoate",FALSE,"nonproprietary","SalmeterolXinafoate","SalmeterolXinafoate_nonproprietary_raw.csv","Fluticasone Propionate and Salmeterol HFA","66993-087-96","115 ug/1,                         21  ug/1","AEROSOL, METERED","RESPIRATORY (INHALATION)","NDA021254","Prasco Laboratories","66993-087","fluticasone propionate and salmeterol xinafoate","FLUTICASONE PROPIONATE;  SALMETEROL XINAFOATE","HUMAN PRESCRIPTION DRUG","03/01/2023","N/A","NDA AUTHORIZED GENERIC","1 INHALER in 1 CARTON (66993-087-96)  / 120 AEROSOL, METERED in 1 INHALER","Adrenergic beta2-Agonists [MoA],  Corticosteroid Hormone Receptor Agonists [MoA],  Corticosteroid [EPC],  beta2-Adrenergic Agonist [EPC]","N/A","No","12/31/2027",0,FALSE,FALSE
"Respiratory:allergy_Medication","Other_Asthma_Medications","SalmeterolXinafoate",FALSE,"nonproprietary","SalmeterolXinafoate","SalmeterolXinafoate_nonproprietary_raw.csv","Fluticasone Propionate and Salmeterol HFA","66993-088-96","230 ug/1,                         21  ug/1","AEROSOL, METERED","RESPIRATORY (INHALATION)","NDA021254","Prasco Laboratories","66993-088","fluticasone propionate and salmeterol xinafoate","FLUTICASONE PROPIONATE;  SALMETEROL XINAFOATE","HUMAN PRESCRIPTION DRUG","03/01/2023","N/A","NDA AUTHORIZED GENERIC","1 INHALER in 1 CARTON (66993-088-96)  / 120 AEROSOL, METERED in 1 INHALER","Adrenergic beta2-Agonists [MoA],  Corticosteroid Hormone Receptor Agonists [MoA],  Corticosteroid [EPC],  beta2-Adrenergic Agonist [EPC]","N/A","No","12/31/2027",0,FALSE,FALSE
"Respiratory:allergy_Medication","Other_Asthma_Medications","SalmeterolXinafoate",FALSE,"nonproprietary","SalmeterolXinafoate","SalmeterolXinafoate_nonproprietary_raw.csv","SEREVENT","0173-0521-00","50 ug/1","POWDER, METERED","ORAL; RESPIRATORY (INHALATION)","NDA020692","GlaxoSmithKline LLC","0173-0521","salmeterol xinafoate","SALMETEROL XINAFOATE","HUMAN PRESCRIPTION DRUG","11/25/1997","N/A","NDA","1 INHALER in 1 CARTON (0173-0521-00)  / 60 POWDER, METERED in 1 INHALER","Adrenergic beta2-Agonists [MoA],  beta2-Adrenergic Agonist [EPC]","N/A","No","12/31/2026",0,FALSE,FALSE
"Respiratory:allergy_Medication","Other_Asthma_Medications","TerbutalineSulfate",FALSE,"nonproprietary","TerbutalineSulfate","TerbutalineSulfate_nonproprietary_raw.csv","TERBUTALINE SULFATE","0115-2611-01","2.5 mg/1","TABLET","ORAL","ANDA075877","Amneal Pharmaceuticals of New York LLC","0115-2611","TERBUTALINE SULFATE","TERBUTALINE SULFATE","HUMAN PRESCRIPTION DRUG","06/26/2001","N/A","ANDA","100 TABLET in 1 BOTTLE (0115-2611-01)","N/A","N/A","No","12/31/2026",0,FALSE,FALSE
"Respiratory:allergy_Medication","Other_Asthma_Medications","TerbutalineSulfate",FALSE,"nonproprietary","TerbutalineSulfate","TerbutalineSulfate_nonproprietary_raw.csv","TERBUTALINE SULFATE","0115-2611-02","2.5 mg/1","TABLET","ORAL","ANDA075877","Amneal Pharmaceuticals of New York LLC","0115-2611","TERBUTALINE SULFATE","TERBUTALINE SULFATE","HUMAN PRESCRIPTION DRUG","06/26/2001","N/A","ANDA","500 TABLET in 1 BOTTLE (0115-2611-02)","N/A","N/A","No","12/31/2026",0,FALSE,FALSE
"Respiratory:allergy_Medication","Other_Asthma_Medications","TerbutalineSulfate",FALSE,"nonproprietary","TerbutalineSulfate","TerbutalineSulfate_nonproprietary_raw.csv","TERBUTALINE SULFATE","0115-2622-01","5 mg/1","TABLET","ORAL","ANDA075877","Amneal Pharmaceuticals of New York LLC","0115-2622","TERBUTALINE SULFATE","TERBUTALINE SULFATE","HUMAN PRESCRIPTION DRUG","06/26/2001","N/A","ANDA","100 TABLET in 1 BOTTLE (0115-2622-01)","N/A","N/A","No","12/31/2026",0,FALSE,FALSE
"Respiratory:allergy_Medication","Other_Asthma_Medications","TerbutalineSulfate",FALSE,"nonproprietary","TerbutalineSulfate","TerbutalineSulfate_nonproprietary_raw.csv","TERBUTALINE SULFATE","0115-2622-02","5 mg/1","TABLET","ORAL","ANDA075877","Amneal Pharmaceuticals of New York LLC","0115-2622","TERBUTALINE SULFATE","TERBUTALINE SULFATE","HUMAN PRESCRIPTION DRUG","06/26/2001","N/A","ANDA","500 TABLET in 1 BOTTLE (0115-2622-02)","N/A","N/A","No","12/31/2026",0,FALSE,FALSE
"Respiratory:allergy_Medication","Other_Asthma_Medications","TerbutalineSulfate",FALSE,"nonproprietary","TerbutalineSulfate","TerbutalineSulfate_nonproprietary_raw.csv","Terbutaline Sulfate","0143-9375-10","1 mg/mL","INJECTION","SUBCUTANEOUS","ANDA078630","Hikma Pharmaceuticals USA Inc.","0143-9375","Terbutaline Sulfate","TERBUTALINE SULFATE","HUMAN PRESCRIPTION DRUG","05/20/2009","N/A","ANDA","10 VIAL in 1 CARTON (0143-9375-10)  / 1 mL in 1 VIAL (0143-9375-01)","N/A","N/A","No","12/31/2026",0,FALSE,FALSE
"Respiratory:allergy_Medication","Other_Asthma_Medications","TerbutalineSulfate",FALSE,"nonproprietary","TerbutalineSulfate","TerbutalineSulfate_nonproprietary_raw.csv","Terbutaline Sulfate","0143-9746-10","1 mg/mL","INJECTION","SUBCUTANEOUS","ANDA078630","Hikma Pharmaceuticals USA Inc.","0143-9746","Terbutaline Sulfate","TERBUTALINE SULFATE","HUMAN PRESCRIPTION DRUG","05/20/2009","N/A","ANDA","10 VIAL in 1 CARTON (0143-9746-10)  / 1 mL in 1 VIAL (0143-9746-01)","N/A","N/A","No","12/31/2026",0,FALSE,FALSE
"Respiratory:allergy_Medication","Other_Asthma_Medications","TerbutalineSulfate",FALSE,"nonproprietary","TerbutalineSulfate","TerbutalineSulfate_nonproprietary_raw.csv","Terbutaline Sulfate","0404-9962-01","1 mg/mL","INJECTION, SOLUTION","SUBCUTANEOUS","ANDA076887","Henry Schein, Inc.","0404-9962","Terbutaline Sulfate","TERBUTALINE SULFATE","HUMAN PRESCRIPTION DRUG","01/12/2022","03/01/2027","ANDA","1 VIAL in 1 BAG (0404-9962-01)  / 1 mL in 1 VIAL","N/A","N/A","No","N/A",0,FALSE,FALSE
"Respiratory:allergy_Medication","Other_Asthma_Medications","TerbutalineSulfate",FALSE,"nonproprietary","TerbutalineSulfate","TerbutalineSulfate_nonproprietary_raw.csv","Terbutaline Sulfate","0527-1311-01","5 mg/1","TABLET","ORAL","ANDA077152","Lannett Company, Inc.","0527-1311","Terbutaline Sulfate","TERBUTALINE SULFATE","HUMAN PRESCRIPTION DRUG","03/25/2005","N/A","ANDA","100 TABLET in 1 BOTTLE (0527-1311-01)","N/A","N/A","No","12/31/2026",0,FALSE,FALSE
"Respiratory:allergy_Medication","Other_Asthma_Medications","TerbutalineSulfate",FALSE,"nonproprietary","TerbutalineSulfate","TerbutalineSulfate_nonproprietary_raw.csv","Terbutaline Sulfate","0527-1311-10","5 mg/1","TABLET","ORAL","ANDA077152","Lannett Company, Inc.","0527-1311","Terbutaline Sulfate","TERBUTALINE SULFATE","HUMAN PRESCRIPTION DRUG","03/25/2005","N/A","ANDA","1000 TABLET in 1 BOTTLE (0527-1311-10)","N/A","N/A","No","12/31/2026",0,FALSE,FALSE
"Respiratory:allergy_Medication","Other_Asthma_Medications","TerbutalineSulfate",FALSE,"nonproprietary","TerbutalineSulfate","TerbutalineSulfate_nonproprietary_raw.csv","Terbutaline Sulfate","0527-1318-01","2.5 mg/1","TABLET","ORAL","ANDA077152","Lannett Company, Inc.","0527-1318","Terbutaline Sulfate","TERBUTALINE SULFATE","HUMAN PRESCRIPTION DRUG","03/25/2005","N/A","ANDA","100 TABLET in 1 BOTTLE (0527-1318-01)","N/A","N/A","No","12/31/2026",0,FALSE,FALSE
"Respiratory:allergy_Medication","Other_Asthma_Medications","TerbutalineSulfate",FALSE,"nonproprietary","TerbutalineSulfate","TerbutalineSulfate_nonproprietary_raw.csv","Terbutaline Sulfate","0527-1318-10","2.5 mg/1","TABLET","ORAL","ANDA077152","Lannett Company, Inc.","0527-1318","Terbutaline Sulfate","TERBUTALINE SULFATE","HUMAN PRESCRIPTION DRUG","03/25/2005","N/A","ANDA","1000 TABLET in 1 BOTTLE (0527-1318-10)","N/A","N/A","No","12/31/2026",0,FALSE,FALSE
"Respiratory:allergy_Medication","Other_Asthma_Medications","TerbutalineSulfate",FALSE,"nonproprietary","TerbutalineSulfate","TerbutalineSulfate_nonproprietary_raw.csv","Terbutaline Sulfate","24979-132-01","2.5 mg/1","TABLET","ORAL","ANDA211832","Upsher-Smith Laboratories, LLC","24979-132","Terbutaline Sulfate","TERBUTALINE SULFATE","HUMAN PRESCRIPTION DRUG","07/13/2020","N/A","ANDA","100 TABLET in 1 BOTTLE (24979-132-01)","N/A","N/A","No","12/31/2026",0,FALSE,FALSE
"Respiratory:allergy_Medication","Other_Asthma_Medications","TerbutalineSulfate",FALSE,"nonproprietary","TerbutalineSulfate","TerbutalineSulfate_nonproprietary_raw.csv","Terbutaline Sulfate","24979-132-03","2.5 mg/1","TABLET","ORAL","ANDA211832","Upsher-Smith Laboratories, LLC","24979-132","Terbutaline Sulfate","TERBUTALINE SULFATE","HUMAN PRESCRIPTION DRUG","07/13/2020","N/A","ANDA","1000 TABLET in 1 BOTTLE (24979-132-03)","N/A","N/A","No","12/31/2026",0,FALSE,FALSE
"Respiratory:allergy_Medication","Other_Asthma_Medications","TerbutalineSulfate",FALSE,"nonproprietary","TerbutalineSulfate","TerbutalineSulfate_nonproprietary_raw.csv","Terbutaline Sulfate","24979-133-01","5 mg/1","TABLET","ORAL","ANDA211832","Upsher-Smith Laboratories, LLC","24979-133","Terbutaline Sulfate","TERBUTALINE SULFATE","HUMAN PRESCRIPTION DRUG","07/13/2020","N/A","ANDA","100 TABLET in 1 BOTTLE (24979-133-01)","N/A","N/A","No","12/31/2026",0,FALSE,FALSE
"Respiratory:allergy_Medication","Other_Asthma_Medications","TerbutalineSulfate",FALSE,"nonproprietary","TerbutalineSulfate","TerbutalineSulfate_nonproprietary_raw.csv","Terbutaline Sulfate","24979-133-03","5 mg/1","TABLET","ORAL","ANDA211832","Upsher-Smith Laboratories, LLC","24979-133","Terbutaline Sulfate","TERBUTALINE SULFATE","HUMAN PRESCRIPTION DRUG","07/13/2020","N/A","ANDA","1000 TABLET in 1 BOTTLE (24979-133-03)","N/A","N/A","No","12/31/2026",0,FALSE,FALSE
"Respiratory:allergy_Medication","Other_Asthma_Medications","TerbutalineSulfate",FALSE,"nonproprietary","TerbutalineSulfate","TerbutalineSulfate_nonproprietary_raw.csv","Terbutaline Sulfate","62135-524-90","2.5 mg/1","TABLET","ORAL","ANDA077152","Chartwell RX, LLC.","62135-524","Terbutaline Sulfate","TERBUTALINE SULFATE","HUMAN PRESCRIPTION DRUG","02/28/2023","N/A","ANDA","90 TABLET in 1 BOTTLE (62135-524-90)","N/A","N/A","No","12/31/2026",0,FALSE,FALSE
"Respiratory:allergy_Medication","Other_Asthma_Medications","TerbutalineSulfate",FALSE,"nonproprietary","TerbutalineSulfate","TerbutalineSulfate_nonproprietary_raw.csv","Terbutaline Sulfate","62135-525-90","5 mg/1","TABLET","ORAL","ANDA077152","Chartwell RX, LLC.","62135-525","Terbutaline Sulfate","TERBUTALINE SULFATE","HUMAN PRESCRIPTION DRUG","02/28/2023","N/A","ANDA","90 TABLET in 1 BOTTLE (62135-525-90)","N/A","N/A","No","12/31/2026",0,FALSE,FALSE
"Respiratory:allergy_Medication","Other_Asthma_Medications","TerbutalineSulfate",FALSE,"nonproprietary","TerbutalineSulfate","TerbutalineSulfate_nonproprietary_raw.csv","Terbutaline Sulfate","62559-721-01","2.5 mg/1","TABLET","ORAL","NDA017849","ANI Pharmaceuticals, Inc.","62559-721","Terbutaline Sulfate","TERBUTALINE SULFATE","HUMAN PRESCRIPTION DRUG","10/16/2018","N/A","NDA AUTHORIZED GENERIC","100 TABLET in 1 BOTTLE (62559-721-01)","N/A","N/A","No","12/31/2026",0,FALSE,FALSE
"Respiratory:allergy_Medication","Other_Asthma_Medications","TerbutalineSulfate",FALSE,"nonproprietary","TerbutalineSulfate","TerbutalineSulfate_nonproprietary_raw.csv","Terbutaline Sulfate","62559-722-01","5 mg/1","TABLET","ORAL","NDA017849","ANI Pharmaceuticals, Inc.","62559-722","Terbutaline Sulfate","TERBUTALINE SULFATE","HUMAN PRESCRIPTION DRUG","10/16/2018","N/A","NDA AUTHORIZED GENERIC","100 TABLET in 1 BOTTLE (62559-722-01)","N/A","N/A","No","12/31/2026",0,FALSE,FALSE
"Respiratory:allergy_Medication","Other_Asthma_Medications","TerbutalineSulfate",FALSE,"nonproprietary","TerbutalineSulfate","TerbutalineSulfate_nonproprietary_raw.csv","Terbutaline Sulfate","63323-665-01","1 mg/mL","INJECTION, SOLUTION","SUBCUTANEOUS","ANDA076887","Fresenius Kabi USA, LLC","63323-665","TERBUTALINE SULFATE","TERBUTALINE SULFATE","HUMAN PRESCRIPTION DRUG","03/10/2011","N/A","ANDA","25 VIAL, SINGLE-USE in 1 TRAY (63323-665-01)  / 1 mL in 1 VIAL, SINGLE-USE (63323-665-00)","N/A","N/A","No","12/31/2026",0,FALSE,FALSE
"Respiratory:allergy_Medication","Other_Asthma_Medications","TerbutalineSulfate",FALSE,"nonproprietary","TerbutalineSulfate","TerbutalineSulfate_nonproprietary_raw.csv","Terbutaline Sulfate","71205-938-00","2.5 mg/1","TABLET","ORAL","ANDA211832","Proficient Rx LP","71205-938","Terbutaline Sulfate","TERBUTALINE SULFATE","HUMAN PRESCRIPTION DRUG","11/19/2020","N/A","ANDA","100 TABLET in 1 BOTTLE (71205-938-00)","N/A","N/A","No","12/31/2026",0,FALSE,FALSE
"Respiratory:allergy_Medication","Other_Asthma_Medications","TerbutalineSulfate",FALSE,"nonproprietary","TerbutalineSulfate","TerbutalineSulfate_nonproprietary_raw.csv","Terbutaline Sulfate","71205-938-30","2.5 mg/1","TABLET","ORAL","ANDA211832","Proficient Rx LP","71205-938","Terbutaline Sulfate","TERBUTALINE SULFATE","HUMAN PRESCRIPTION DRUG","11/19/2020","N/A","ANDA","30 TABLET in 1 BOTTLE (71205-938-30)","N/A","N/A","No","12/31/2026",0,FALSE,FALSE
"Respiratory:allergy_Medication","Other_Asthma_Medications","TerbutalineSulfate",FALSE,"nonproprietary","TerbutalineSulfate","TerbutalineSulfate_nonproprietary_raw.csv","Terbutaline Sulfate","71205-938-55","2.5 mg/1","TABLET","ORAL","ANDA211832","Proficient Rx LP","71205-938","Terbutaline Sulfate","TERBUTALINE SULFATE","HUMAN PRESCRIPTION DRUG","11/19/2020","N/A","ANDA","500 TABLET in 1 BOTTLE (71205-938-55)","N/A","N/A","No","12/31/2026",0,FALSE,FALSE
"Respiratory:allergy_Medication","Other_Asthma_Medications","TerbutalineSulfate",FALSE,"nonproprietary","TerbutalineSulfate","TerbutalineSulfate_nonproprietary_raw.csv","Terbutaline Sulfate","71205-938-60","2.5 mg/1","TABLET","ORAL","ANDA211832","Proficient Rx LP","71205-938","Terbutaline Sulfate","TERBUTALINE SULFATE","HUMAN PRESCRIPTION DRUG","11/19/2020","N/A","ANDA","60 TABLET in 1 BOTTLE (71205-938-60)","N/A","N/A","No","12/31/2026",0,FALSE,FALSE
"Respiratory:allergy_Medication","Other_Asthma_Medications","TerbutalineSulfate",FALSE,"nonproprietary","TerbutalineSulfate","TerbutalineSulfate_nonproprietary_raw.csv","Terbutaline Sulfate","71205-938-90","2.5 mg/1","TABLET","ORAL","ANDA211832","Proficient Rx LP","71205-938","Terbutaline Sulfate","TERBUTALINE SULFATE","HUMAN PRESCRIPTION DRUG","11/19/2020","N/A","ANDA","90 TABLET in 1 BOTTLE (71205-938-90)","N/A","N/A","No","12/31/2026",0,FALSE,FALSE
"Respiratory:allergy_Medication","Other_Asthma_Medications","TerbutalineSulfate",FALSE,"nonproprietary","TerbutalineSulfate","TerbutalineSulfate_nonproprietary_raw.csv","Terbutaline Sulfate","71205-939-00","5 mg/1","TABLET","ORAL","ANDA211832","Proficient Rx LP","71205-939","Terbutaline Sulfate","TERBUTALINE SULFATE","HUMAN PRESCRIPTION DRUG","11/19/2020","N/A","ANDA","100 TABLET in 1 BOTTLE (71205-939-00)","N/A","N/A","No","12/31/2026",0,FALSE,FALSE
"Respiratory:allergy_Medication","Other_Asthma_Medications","TerbutalineSulfate",FALSE,"nonproprietary","TerbutalineSulfate","TerbutalineSulfate_nonproprietary_raw.csv","Terbutaline Sulfate","71205-939-30","5 mg/1","TABLET","ORAL","ANDA211832","Proficient Rx LP","71205-939","Terbutaline Sulfate","TERBUTALINE SULFATE","HUMAN PRESCRIPTION DRUG","11/19/2020","N/A","ANDA","30 TABLET in 1 BOTTLE (71205-939-30)","N/A","N/A","No","12/31/2026",0,FALSE,FALSE
"Respiratory:allergy_Medication","Other_Asthma_Medications","TerbutalineSulfate",FALSE,"nonproprietary","TerbutalineSulfate","TerbutalineSulfate_nonproprietary_raw.csv","Terbutaline Sulfate","71205-939-55","5 mg/1","TABLET","ORAL","ANDA211832","Proficient Rx LP","71205-939","Terbutaline Sulfate","TERBUTALINE SULFATE","HUMAN PRESCRIPTION DRUG","11/19/2020","N/A","ANDA","500 TABLET in 1 BOTTLE (71205-939-55)","N/A","N/A","No","12/31/2026",0,FALSE,FALSE
"Respiratory:allergy_Medication","Other_Asthma_Medications","TerbutalineSulfate",FALSE,"nonproprietary","TerbutalineSulfate","TerbutalineSulfate_nonproprietary_raw.csv","Terbutaline Sulfate","71205-939-60","5 mg/1","TABLET","ORAL","ANDA211832","Proficient Rx LP","71205-939","Terbutaline Sulfate","TERBUTALINE SULFATE","HUMAN PRESCRIPTION DRUG","11/19/2020","N/A","ANDA","60 TABLET in 1 BOTTLE (71205-939-60)","N/A","N/A","No","12/31/2026",0,FALSE,FALSE
"Respiratory:allergy_Medication","Other_Asthma_Medications","TerbutalineSulfate",FALSE,"nonproprietary","TerbutalineSulfate","TerbutalineSulfate_nonproprietary_raw.csv","Terbutaline Sulfate","71205-939-90","5 mg/1","TABLET","ORAL","ANDA211832","Proficient Rx LP","71205-939","Terbutaline Sulfate","TERBUTALINE SULFATE","HUMAN PRESCRIPTION DRUG","11/19/2020","N/A","ANDA","90 TABLET in 1 BOTTLE (71205-939-90)","N/A","N/A","No","12/31/2026",0,FALSE,FALSE
"Respiratory:allergy_Medication","Other_Asthma_Medications","TerbutalineSulfate",FALSE,"nonproprietary","TerbutalineSulfate","TerbutalineSulfate_nonproprietary_raw.csv","Terbutaline Sulfate","71872-7080-1","1 mg/mL","INJECTION","SUBCUTANEOUS","ANDA078630","Medical Purchasing Solutions. LLC","71872-7080","Terbutaline Sulfate","TERBUTALINE SULFATE","HUMAN PRESCRIPTION DRUG","03/06/2018","N/A","ANDA","1 VIAL in 1 BAG (71872-7080-1)  / 1 mL in 1 VIAL","N/A","N/A","No","12/31/2026",0,FALSE,FALSE
"Respiratory:allergy_Medication","Other_Asthma_Medications","TezepelumabEkko",FALSE,"nonproprietary | proprietary","TezepelumabEkko | Tezspire","TezepelumabEkko_nonproprietary_raw.csv | TezepelumabEkko_Tezspire_proprietary_raw.csv","TEZSPIRE","55513-112-01","210 mg/1.9mL","INJECTION, SOLUTION","SUBCUTANEOUS","BLA761224","Amgen Inc","55513-112","tezepelumab-ekko","TEZEPELUMAB","HUMAN PRESCRIPTION DRUG","12/17/2021","N/A","BLA","1 SYRINGE in 1 CARTON (55513-112-01)  / 1.91 mL in 1 SYRINGE","Thymic Stromal Lymphopoietin Blocker [EPC],  Thymic Stromal Lymphopoietin Blockers [MoA]","N/A","No","12/31/2027",0,FALSE,FALSE
"Respiratory:allergy_Medication","Other_Asthma_Medications","TezepelumabEkko",FALSE,"nonproprietary | proprietary","TezepelumabEkko | Tezspire","TezepelumabEkko_nonproprietary_raw.csv | TezepelumabEkko_Tezspire_proprietary_raw.csv","TEZSPIRE","55513-112-96","210 mg/1.9mL","INJECTION, SOLUTION","SUBCUTANEOUS","BLA761224","Amgen Inc","55513-112","tezepelumab-ekko","TEZEPELUMAB","HUMAN PRESCRIPTION DRUG","12/17/2021","N/A","BLA","1 SYRINGE in 1 CARTON (55513-112-96)  / 1.91 mL in 1 SYRINGE","Thymic Stromal Lymphopoietin Blocker [EPC],  Thymic Stromal Lymphopoietin Blockers [MoA]","N/A","Yes","12/31/2027",0,FALSE,FALSE
"Respiratory:allergy_Medication","Other_Asthma_Medications","TezepelumabEkko",FALSE,"nonproprietary | proprietary","TezepelumabEkko | Tezspire","TezepelumabEkko_nonproprietary_raw.csv | TezepelumabEkko_Tezspire_proprietary_raw.csv","TEZSPIRE","55513-123-01","210 mg/1.9mL","INJECTION, SOLUTION","SUBCUTANEOUS","BLA761224","Amgen Inc","55513-123","tezepelumab-ekko","TEZEPELUMAB","HUMAN PRESCRIPTION DRUG","02/14/2023","N/A","BLA","1 CARTRIDGE in 1 CARTON (55513-123-01)  / 1.91 mL in 1 CARTRIDGE","Thymic Stromal Lymphopoietin Blocker [EPC],  Thymic Stromal Lymphopoietin Blockers [MoA]","N/A","No","12/31/2027",0,FALSE,FALSE
"Respiratory:allergy_Medication","Other_Asthma_Medications","TezepelumabEkko",FALSE,"nonproprietary | proprietary","TezepelumabEkko | Tezspire","TezepelumabEkko_nonproprietary_raw.csv | TezepelumabEkko_Tezspire_proprietary_raw.csv","TEZSPIRE","55513-123-96","210 mg/1.9mL","INJECTION, SOLUTION","SUBCUTANEOUS","BLA761224","Amgen Inc","55513-123","tezepelumab-ekko","TEZEPELUMAB","HUMAN PRESCRIPTION DRUG","02/20/2024","N/A","BLA","1 CARTRIDGE in 1 CARTON (55513-123-96)  / 1.91 mL in 1 CARTRIDGE","Thymic Stromal Lymphopoietin Blocker [EPC],  Thymic Stromal Lymphopoietin Blockers [MoA]","N/A","Yes","12/31/2027",0,FALSE,FALSE
"Respiratory:allergy_Medication","Other_Asthma_Medications","Theophylline",FALSE,"nonproprietary","Theophylline","Theophylline_nonproprietary_raw.csv","THEOPHYLLINE","0121-0820-04","80 mg/15mL","SOLUTION","ORAL","ANDA206344","PAI Holdings, LLC dba PAI Pharma","0121-0820","THEOPHYLLINE","THEOPHYLLINE","HUMAN PRESCRIPTION DRUG","12/16/2016","N/A","ANDA","118 mL in 1 BOTTLE (0121-0820-04)","Methylxanthine [EPC],  Xanthines [CS]","N/A","No","12/31/2026",0,FALSE,FALSE
"Respiratory:allergy_Medication","Other_Asthma_Medications","Theophylline",FALSE,"nonproprietary","Theophylline","Theophylline_nonproprietary_raw.csv","THEOPHYLLINE","0121-0820-16","80 mg/15mL","SOLUTION","ORAL","ANDA206344","PAI Holdings, LLC dba PAI Pharma","0121-0820","THEOPHYLLINE","THEOPHYLLINE","HUMAN PRESCRIPTION DRUG","12/16/2016","N/A","ANDA","473 mL in 1 BOTTLE (0121-0820-16)","Methylxanthine [EPC],  Xanthines [CS]","N/A","No","12/31/2026",0,FALSE,FALSE
"Respiratory:allergy_Medication","Other_Asthma_Medications","Theophylline",FALSE,"nonproprietary","Theophylline","Theophylline_nonproprietary_raw.csv","THEOPHYLLINE","0121-4820-40","80 mg/15mL","SOLUTION","ORAL","ANDA206344","PAI Holdings, LLC dba PAI Pharma","0121-4820","THEOPHYLLINE","THEOPHYLLINE","HUMAN PRESCRIPTION DRUG","12/16/2016","N/A","ANDA","4 TRAY in 1 CASE (0121-4820-40)  / 10 CUP, UNIT-DOSE in 1 TRAY / 15 mL in 1 CUP, UNIT-DOSE (0121-4820-15)","Methylxanthine [EPC],  Xanthines [CS]","N/A","No","12/31/2026",0,FALSE,FALSE
"Respiratory:allergy_Medication","Other_Asthma_Medications","Theophylline",FALSE,"nonproprietary","Theophylline","Theophylline_nonproprietary_raw.csv","THEOPHYLLINE","69315-226-01","300 mg/1","TABLET, EXTENDED RELEASE","ORAL","ANDA214950","Leading Pharma, LLC","69315-226","THEOPHYLLINE","THEOPHYLLINE","HUMAN PRESCRIPTION DRUG","05/15/2023","N/A","ANDA","100 TABLET, EXTENDED RELEASE in 1 BOTTLE (69315-226-01)","Methylxanthine [EPC],  Xanthines [CS]","N/A","No","12/31/2026",0,FALSE,FALSE
"Respiratory:allergy_Medication","Other_Asthma_Medications","Theophylline",FALSE,"nonproprietary","Theophylline","Theophylline_nonproprietary_raw.csv","THEOPHYLLINE","69315-227-01","450 mg/1","TABLET, EXTENDED RELEASE","ORAL","ANDA214950","Leading Pharma, LLC","69315-227","THEOPHYLLINE","THEOPHYLLINE","HUMAN PRESCRIPTION DRUG","05/15/2023","N/A","ANDA","100 TABLET, EXTENDED RELEASE in 1 BOTTLE (69315-227-01)","Methylxanthine [EPC],  Xanthines [CS]","N/A","No","12/31/2026",0,FALSE,FALSE
"Respiratory:allergy_Medication","Other_Asthma_Medications","Theophylline",FALSE,"nonproprietary | proprietary","Theophylline | Theo24","Theophylline_nonproprietary_raw.csv | Theophylline_Theo24_proprietary_raw.csv","Theo-24","52244-100-10","100 mg/1","CAPSULE, EXTENDED RELEASE","ORAL","ANDA087942","ENDO USA, Inc.","52244-100","theophylline anhydrous","THEOPHYLLINE ANHYDROUS","HUMAN PRESCRIPTION DRUG","08/25/2014","N/A","ANDA","100 CAPSULE, EXTENDED RELEASE in 1 BOTTLE (52244-100-10)","Methylxanthine [EPC],  Xanthines [CS]","N/A","No","12/31/2026",0,FALSE,FALSE
"Respiratory:allergy_Medication","Other_Asthma_Medications","Theophylline",FALSE,"nonproprietary | proprietary","Theophylline | Theo24","Theophylline_nonproprietary_raw.csv | Theophylline_Theo24_proprietary_raw.csv","Theo-24","52244-200-10","200 mg/1","CAPSULE, EXTENDED RELEASE","ORAL","ANDA087943","ENDO USA, Inc.","52244-200","theophylline anhydrous","THEOPHYLLINE ANHYDROUS","HUMAN PRESCRIPTION DRUG","08/25/2014","N/A","ANDA","100 CAPSULE, EXTENDED RELEASE in 1 BOTTLE (52244-200-10)","Methylxanthine [EPC],  Xanthines [CS]","N/A","No","12/31/2026",0,FALSE,FALSE
"Respiratory:allergy_Medication","Other_Asthma_Medications","Theophylline",FALSE,"nonproprietary | proprietary","Theophylline | Theo24","Theophylline_nonproprietary_raw.csv | Theophylline_Theo24_proprietary_raw.csv","Theo-24","52244-300-10","300 mg/1","CAPSULE, EXTENDED RELEASE","ORAL","ANDA087944","ENDO USA, Inc.","52244-300","theophylline anhydrous","THEOPHYLLINE ANHYDROUS","HUMAN PRESCRIPTION DRUG","08/25/2014","N/A","ANDA","100 CAPSULE, EXTENDED RELEASE in 1 BOTTLE (52244-300-10)","Methylxanthine [EPC],  Xanthines [CS]","N/A","No","12/31/2026",0,FALSE,FALSE
"Respiratory:allergy_Medication","Other_Asthma_Medications","Theophylline",FALSE,"nonproprietary | proprietary","Theophylline | Theo24","Theophylline_nonproprietary_raw.csv | Theophylline_Theo24_proprietary_raw.csv","Theo-24","52244-400-10","400 mg/1","CAPSULE, EXTENDED RELEASE","ORAL","ANDA081034","ENDO USA, Inc.","52244-400","theophylline anhydrous","THEOPHYLLINE ANHYDROUS","HUMAN PRESCRIPTION DRUG","08/25/2014","N/A","ANDA","100 CAPSULE, EXTENDED RELEASE in 1 BOTTLE (52244-400-10)","Methylxanthine [EPC],  Xanthines [CS]","N/A","No","12/31/2026",0,FALSE,FALSE
"Respiratory:allergy_Medication","Other_Asthma_Medications","Theophylline",FALSE,"nonproprietary","Theophylline","Theophylline_nonproprietary_raw.csv","Theophylline","0480-3309-01","450 mg/1","TABLET, EXTENDED RELEASE","ORAL","ANDA216961","Teva Pharmaceuticals, Inc.","0480-3309","Theophylline","THEOPHYLLINE","HUMAN PRESCRIPTION DRUG","01/27/2023","N/A","ANDA","100 TABLET, EXTENDED RELEASE in 1 BOTTLE (0480-3309-01)","Methylxanthine [EPC],  Xanthines [CS]","N/A","No","12/31/2027",0,FALSE,FALSE
"Respiratory:allergy_Medication","Other_Asthma_Medications","Theophylline",FALSE,"nonproprietary","Theophylline","Theophylline_nonproprietary_raw.csv","Theophylline","0480-3310-01","300 mg/1","TABLET, EXTENDED RELEASE","ORAL","ANDA216961","Teva Pharmaceuticals, Inc.","0480-3310","Theophylline","THEOPHYLLINE","HUMAN PRESCRIPTION DRUG","01/27/2023","N/A","ANDA","100 TABLET, EXTENDED RELEASE in 1 BOTTLE (0480-3310-01)","Methylxanthine [EPC],  Xanthines [CS]","N/A","No","12/31/2027",0,FALSE,FALSE
"Respiratory:allergy_Medication","Other_Asthma_Medications","Theophylline",FALSE,"nonproprietary","Theophylline","Theophylline_nonproprietary_raw.csv","Theophylline","17856-0038-1","80 mg/15mL","SOLUTION","ORAL","ANDA091586","ATLANTIC BIOLOGICALS CORP.","17856-0038","Theophylline","THEOPHYLLINE ANHYDROUS","HUMAN PRESCRIPTION DRUG","05/09/2024","N/A","ANDA","50 CUP, UNIT-DOSE in 1 BOX, UNIT-DOSE (17856-0038-1)  / 15 mL in 1 CUP, UNIT-DOSE","Methylxanthine [EPC],  Xanthines [CS]","N/A","No","12/31/2026",0,FALSE,FALSE
"Respiratory:allergy_Medication","Other_Asthma_Medications","Theophylline",FALSE,"nonproprietary","Theophylline","Theophylline_nonproprietary_raw.csv","Theophylline","23155-741-01","300 mg/1","TABLET, EXTENDED RELEASE","ORAL","ANDA089763","Heritage Pharmaceuticals Inc. d/b/a Avet Pharmaceuticals Inc.","23155-741","Theophylline","THEOPHYLLINE ANHYDROUS","HUMAN PRESCRIPTION DRUG","06/27/2022","N/A","ANDA","100 TABLET, EXTENDED RELEASE in 1 BOTTLE (23155-741-01)","Methylxanthine [EPC],  Xanthines [CS]","N/A","No","12/31/2026",0,FALSE,FALSE
"Respiratory:allergy_Medication","Other_Asthma_Medications","Theophylline",FALSE,"nonproprietary","Theophylline","Theophylline_nonproprietary_raw.csv","Theophylline","23155-741-05","300 mg/1","TABLET, EXTENDED RELEASE","ORAL","ANDA089763","Heritage Pharmaceuticals Inc. d/b/a Avet Pharmaceuticals Inc.","23155-741","Theophylline","THEOPHYLLINE ANHYDROUS","HUMAN PRESCRIPTION DRUG","06/27/2022","N/A","ANDA","500 TABLET, EXTENDED RELEASE in 1 BOTTLE (23155-741-05)","Methylxanthine [EPC],  Xanthines [CS]","N/A","No","12/31/2026",0,FALSE,FALSE
"Respiratory:allergy_Medication","Other_Asthma_Medications","Theophylline",FALSE,"nonproprietary","Theophylline","Theophylline_nonproprietary_raw.csv","Theophylline","23155-741-10","300 mg/1","TABLET, EXTENDED RELEASE","ORAL","ANDA089763","Heritage Pharmaceuticals Inc. d/b/a Avet Pharmaceuticals Inc.","23155-741","Theophylline","THEOPHYLLINE ANHYDROUS","HUMAN PRESCRIPTION DRUG","06/27/2022","N/A","ANDA","1000 TABLET, EXTENDED RELEASE in 1 BOTTLE (23155-741-10)","Methylxanthine [EPC],  Xanthines [CS]","N/A","No","12/31/2026",0,FALSE,FALSE
"Respiratory:allergy_Medication","Other_Asthma_Medications","Theophylline",FALSE,"nonproprietary","Theophylline","Theophylline_nonproprietary_raw.csv","Theophylline","23155-742-01","450 mg/1","TABLET, EXTENDED RELEASE","ORAL","ANDA081236","Heritage Pharmaceuticals Inc. d/b/a Avet Pharmaceuticals Inc.","23155-742","Theophylline","THEOPHYLLINE ANHYDROUS","HUMAN PRESCRIPTION DRUG","05/12/2022","N/A","ANDA","100 TABLET, EXTENDED RELEASE in 1 BOTTLE (23155-742-01)","Methylxanthine [EPC],  Xanthines [CS]","N/A","No","12/31/2026",0,FALSE,FALSE
"Respiratory:allergy_Medication","Other_Asthma_Medications","Theophylline",FALSE,"nonproprietary","Theophylline","Theophylline_nonproprietary_raw.csv","Theophylline","23155-742-05","450 mg/1","TABLET, EXTENDED RELEASE","ORAL","ANDA081236","Heritage Pharmaceuticals Inc. d/b/a Avet Pharmaceuticals Inc.","23155-742","Theophylline","THEOPHYLLINE ANHYDROUS","HUMAN PRESCRIPTION DRUG","05/12/2022","N/A","ANDA","500 TABLET, EXTENDED RELEASE in 1 BOTTLE (23155-742-05)","Methylxanthine [EPC],  Xanthines [CS]","N/A","No","12/31/2026",0,FALSE,FALSE
"Respiratory:allergy_Medication","Other_Asthma_Medications","Theophylline",FALSE,"nonproprietary","Theophylline","Theophylline_nonproprietary_raw.csv","Theophylline","27241-272-01","300 mg/1","TABLET, EXTENDED RELEASE","ORAL","ANDA218401","Ajanta Pharma USA Inc.","27241-272","Theophylline","THEOPHYLLINE ANHYDROUS","HUMAN PRESCRIPTION DRUG","03/26/2025","N/A","ANDA","100 TABLET, EXTENDED RELEASE in 1 BOTTLE (27241-272-01)","Methylxanthine [EPC],  Xanthines [CS]","N/A","No","12/31/2027",0,FALSE,FALSE
"Respiratory:allergy_Medication","Other_Asthma_Medications","Theophylline",FALSE,"nonproprietary","Theophylline","Theophylline_nonproprietary_raw.csv","Theophylline","27241-273-01","450 mg/1","TABLET, EXTENDED RELEASE","ORAL","ANDA218401","Ajanta Pharma USA Inc.","27241-273","Theophylline","THEOPHYLLINE ANHYDROUS","HUMAN PRESCRIPTION DRUG","01/13/2025","N/A","ANDA","100 TABLET, EXTENDED RELEASE in 1 BOTTLE (27241-273-01)","Methylxanthine [EPC],  Xanthines [CS]","N/A","No","12/31/2027",0,FALSE,FALSE
"Respiratory:allergy_Medication","Other_Asthma_Medications","Theophylline",FALSE,"nonproprietary","Theophylline","Theophylline_nonproprietary_raw.csv","Theophylline","27808-033-01","80 mg/15mL","SOLUTION","ORAL","ANDA091586","Cranbury Pharmaceuticals, LLC","27808-033","Theophylline","THEOPHYLLINE ANHYDROUS","HUMAN PRESCRIPTION DRUG","08/02/2012","N/A","ANDA","473 mL in 1 BOTTLE (27808-033-01)","Methylxanthine [EPC],  Xanthines [CS]","N/A","No","12/31/2026",0,FALSE,FALSE
"Respiratory:allergy_Medication","Other_Asthma_Medications","Theophylline",FALSE,"nonproprietary","Theophylline","Theophylline_nonproprietary_raw.csv","Theophylline","31722-077-01","300 mg/1","TABLET, EXTENDED RELEASE","ORAL","ANDA217422","Camber Pharmaceuticals, Inc.","31722-077","Theophylline","THEOPHYLLINE ANHYDROUS","HUMAN PRESCRIPTION DRUG","09/08/2023","N/A","ANDA","100 TABLET, EXTENDED RELEASE in 1 BOTTLE (31722-077-01)","Methylxanthine [EPC],  Xanthines [CS]","N/A","No","12/31/2026",0,FALSE,FALSE
"Respiratory:allergy_Medication","Other_Asthma_Medications","Theophylline",FALSE,"nonproprietary","Theophylline","Theophylline_nonproprietary_raw.csv","Theophylline","31722-078-01","450 mg/1","TABLET, EXTENDED RELEASE","ORAL","ANDA217422","Camber Pharmaceuticals, Inc.","31722-078","Theophylline","THEOPHYLLINE ANHYDROUS","HUMAN PRESCRIPTION DRUG","09/08/2023","N/A","ANDA","100 TABLET, EXTENDED RELEASE in 1 BOTTLE (31722-078-01)","Methylxanthine [EPC],  Xanthines [CS]","N/A","No","12/31/2026",0,FALSE,FALSE
"Respiratory:allergy_Medication","Other_Asthma_Medications","Theophylline",FALSE,"nonproprietary","Theophylline","Theophylline_nonproprietary_raw.csv","Theophylline","42291-922-01","300 mg/1","TABLET, EXTENDED RELEASE","ORAL","ANDA089763","AvKARE","42291-922","Theophylline","THEOPHYLLINE ANHYDROUS","HUMAN PRESCRIPTION DRUG","04/13/2023","N/A","ANDA","100 TABLET, EXTENDED RELEASE in 1 BOTTLE (42291-922-01)","Methylxanthine [EPC],  Xanthines [CS]","N/A","No","12/31/2027",0,FALSE,FALSE
"Respiratory:allergy_Medication","Other_Asthma_Medications","Theophylline",FALSE,"nonproprietary","Theophylline","Theophylline_nonproprietary_raw.csv","Theophylline","46708-025-30","300 mg/1","TABLET, EXTENDED RELEASE","ORAL","ANDA090430","Alembic Pharmaceuticals Limited","46708-025","Theophylline","THEOPHYLLINE ANHYDROUS","HUMAN PRESCRIPTION DRUG","11/01/2010","N/A","ANDA","30 TABLET, EXTENDED RELEASE in 1 BOTTLE (46708-025-30)","Methylxanthine [EPC],  Xanthines [CS]","N/A","No","12/31/2026",0,FALSE,FALSE
"Respiratory:allergy_Medication","Other_Asthma_Medications","Theophylline",FALSE,"nonproprietary","Theophylline","Theophylline_nonproprietary_raw.csv","Theophylline","46708-025-31","300 mg/1","TABLET, EXTENDED RELEASE","ORAL","ANDA090430","Alembic Pharmaceuticals Limited","46708-025","Theophylline","THEOPHYLLINE ANHYDROUS","HUMAN PRESCRIPTION DRUG","11/01/2010","N/A","ANDA","100 TABLET, EXTENDED RELEASE in 1 BOTTLE (46708-025-31)","Methylxanthine [EPC],  Xanthines [CS]","N/A","No","12/31/2026",0,FALSE,FALSE
"Respiratory:allergy_Medication","Other_Asthma_Medications","Theophylline",FALSE,"nonproprietary","Theophylline","Theophylline_nonproprietary_raw.csv","Theophylline","46708-025-71","300 mg/1","TABLET, EXTENDED RELEASE","ORAL","ANDA090430","Alembic Pharmaceuticals Limited","46708-025","Theophylline","THEOPHYLLINE ANHYDROUS","HUMAN PRESCRIPTION DRUG","11/01/2010","N/A","ANDA","500 TABLET, EXTENDED RELEASE in 1 BOTTLE (46708-025-71)","Methylxanthine [EPC],  Xanthines [CS]","N/A","No","12/31/2026",0,FALSE,FALSE
"Respiratory:allergy_Medication","Other_Asthma_Medications","Theophylline",FALSE,"nonproprietary","Theophylline","Theophylline_nonproprietary_raw.csv","Theophylline","46708-025-91","300 mg/1","TABLET, EXTENDED RELEASE","ORAL","ANDA090430","Alembic Pharmaceuticals Limited","46708-025","Theophylline","THEOPHYLLINE ANHYDROUS","HUMAN PRESCRIPTION DRUG","11/01/2010","N/A","ANDA","1000 TABLET, EXTENDED RELEASE in 1 BOTTLE (46708-025-91)","Methylxanthine [EPC],  Xanthines [CS]","N/A","No","12/31/2026",0,FALSE,FALSE
"Respiratory:allergy_Medication","Other_Asthma_Medications","Theophylline",FALSE,"nonproprietary","Theophylline","Theophylline_nonproprietary_raw.csv","Theophylline","46708-026-30","450 mg/1","TABLET, EXTENDED RELEASE","ORAL","ANDA090430","Alembic Pharmaceuticals Limited","46708-026","Theophylline","THEOPHYLLINE ANHYDROUS","HUMAN PRESCRIPTION DRUG","11/01/2010","N/A","ANDA","30 TABLET, EXTENDED RELEASE in 1 BOTTLE (46708-026-30)","Methylxanthine [EPC],  Xanthines [CS]","N/A","No","12/31/2026",0,FALSE,FALSE
"Respiratory:allergy_Medication","Other_Asthma_Medications","Theophylline",FALSE,"nonproprietary","Theophylline","Theophylline_nonproprietary_raw.csv","Theophylline","46708-026-31","450 mg/1","TABLET, EXTENDED RELEASE","ORAL","ANDA090430","Alembic Pharmaceuticals Limited","46708-026","Theophylline","THEOPHYLLINE ANHYDROUS","HUMAN PRESCRIPTION DRUG","11/01/2010","N/A","ANDA","100 TABLET, EXTENDED RELEASE in 1 BOTTLE (46708-026-31)","Methylxanthine [EPC],  Xanthines [CS]","N/A","No","12/31/2026",0,FALSE,FALSE
"Respiratory:allergy_Medication","Other_Asthma_Medications","Theophylline",FALSE,"nonproprietary","Theophylline","Theophylline_nonproprietary_raw.csv","Theophylline","46708-026-71","450 mg/1","TABLET, EXTENDED RELEASE","ORAL","ANDA090430","Alembic Pharmaceuticals Limited","46708-026","Theophylline","THEOPHYLLINE ANHYDROUS","HUMAN PRESCRIPTION DRUG","11/01/2010","N/A","ANDA","500 TABLET, EXTENDED RELEASE in 1 BOTTLE (46708-026-71)","Methylxanthine [EPC],  Xanthines [CS]","N/A","No","12/31/2026",0,FALSE,FALSE
"Respiratory:allergy_Medication","Other_Asthma_Medications","Theophylline",FALSE,"nonproprietary","Theophylline","Theophylline_nonproprietary_raw.csv","Theophylline","51407-318-01","400 mg/1","TABLET, EXTENDED RELEASE","ORAL","ANDA040560","Golden State Medical Supply, Inc.","51407-318","Theophylline","THEOPHYLLINE ANHYDROUS","HUMAN PRESCRIPTION DRUG","01/30/2020","07/31/2027","ANDA","100 TABLET, EXTENDED RELEASE in 1 BOTTLE, PLASTIC (51407-318-01)","Methylxanthine [EPC],  Xanthines [CS]","N/A","No","N/A",0,FALSE,FALSE
"Respiratory:allergy_Medication","Other_Asthma_Medications","Theophylline",FALSE,"nonproprietary","Theophylline","Theophylline_nonproprietary_raw.csv","Theophylline","51407-319-01","600 mg/1","TABLET, EXTENDED RELEASE","ORAL","ANDA040560","Golden State Medical Supply, Inc.","51407-319","Theophylline","THEOPHYLLINE ANHYDROUS","HUMAN PRESCRIPTION DRUG","01/30/2020","07/31/2027","ANDA","100 TABLET, EXTENDED RELEASE in 1 BOTTLE, PLASTIC (51407-319-01)","Methylxanthine [EPC],  Xanthines [CS]","N/A","No","N/A",0,FALSE,FALSE
"Respiratory:allergy_Medication","Other_Asthma_Medications","Theophylline",FALSE,"nonproprietary","Theophylline","Theophylline_nonproprietary_raw.csv","Theophylline","62135-457-90","300 mg/1","TABLET, EXTENDED RELEASE","ORAL","ANDA089763","Chartwell RX, LLC","62135-457","Theophylline","THEOPHYLLINE ANHYDROUS","HUMAN PRESCRIPTION DRUG","02/12/2023","N/A","ANDA","90 TABLET, EXTENDED RELEASE in 1 BOTTLE (62135-457-90)","Methylxanthine [EPC],  Xanthines [CS]","N/A","No","12/31/2026",0,FALSE,FALSE
"Respiratory:allergy_Medication","Other_Asthma_Medications","Theophylline",FALSE,"nonproprietary","Theophylline","Theophylline_nonproprietary_raw.csv","Theophylline","62135-556-24","80 mg/15mL","SOLUTION","ORAL","ANDA091156","Chartwell RX, LLC","62135-556","Theophylline","THEOPHYLLINE ANHYDROUS","HUMAN PRESCRIPTION DRUG","05/31/2024","N/A","ANDA","2 TRAY in 1 BOX (62135-556-24)  / 10 CUP in 1 TRAY / 15 mL in 1 CUP (62135-556-51)","Methylxanthine [EPC],  Xanthines [CS]","N/A","No","12/31/2027",0,FALSE,FALSE
"Respiratory:allergy_Medication","Other_Asthma_Medications","Theophylline",FALSE,"nonproprietary","Theophylline","Theophylline_nonproprietary_raw.csv","Theophylline","62135-556-47","80 mg/15mL","SOLUTION","ORAL","ANDA091156","Chartwell RX, LLC","62135-556","Theophylline","THEOPHYLLINE ANHYDROUS","HUMAN PRESCRIPTION DRUG","10/27/2022","N/A","ANDA","473 mL in 1 BOTTLE (62135-556-47)","Methylxanthine [EPC],  Xanthines [CS]","N/A","No","12/31/2027",0,FALSE,FALSE
"Respiratory:allergy_Medication","Other_Asthma_Medications","Theophylline",FALSE,"nonproprietary","Theophylline","Theophylline_nonproprietary_raw.csv","Theophylline","62332-025-30","300 mg/1","TABLET, EXTENDED RELEASE","ORAL","ANDA090430","Alembic Pharmaceuticals Inc.","62332-025","Theophylline","THEOPHYLLINE ANHYDROUS","HUMAN PRESCRIPTION DRUG","01/29/2016","N/A","ANDA","30 TABLET, EXTENDED RELEASE in 1 BOTTLE (62332-025-30)","Methylxanthine [EPC],  Xanthines [CS]","N/A","No","12/31/2026",0,FALSE,FALSE
"Respiratory:allergy_Medication","Other_Asthma_Medications","Theophylline",FALSE,"nonproprietary","Theophylline","Theophylline_nonproprietary_raw.csv","Theophylline","62332-025-31","300 mg/1","TABLET, EXTENDED RELEASE","ORAL","ANDA090430","Alembic Pharmaceuticals Inc.","62332-025","Theophylline","THEOPHYLLINE ANHYDROUS","HUMAN PRESCRIPTION DRUG","01/29/2016","N/A","ANDA","100 TABLET, EXTENDED RELEASE in 1 BOTTLE (62332-025-31)","Methylxanthine [EPC],  Xanthines [CS]","N/A","No","12/31/2026",0,FALSE,FALSE
"Respiratory:allergy_Medication","Other_Asthma_Medications","Theophylline",FALSE,"nonproprietary","Theophylline","Theophylline_nonproprietary_raw.csv","Theophylline","62332-025-71","300 mg/1","TABLET, EXTENDED RELEASE","ORAL","ANDA090430","Alembic Pharmaceuticals Inc.","62332-025","Theophylline","THEOPHYLLINE ANHYDROUS","HUMAN PRESCRIPTION DRUG","01/29/2016","N/A","ANDA","500 TABLET, EXTENDED RELEASE in 1 BOTTLE (62332-025-71)","Methylxanthine [EPC],  Xanthines [CS]","N/A","No","12/31/2026",0,FALSE,FALSE
"Respiratory:allergy_Medication","Other_Asthma_Medications","Theophylline",FALSE,"nonproprietary","Theophylline","Theophylline_nonproprietary_raw.csv","Theophylline","62332-025-91","300 mg/1","TABLET, EXTENDED RELEASE","ORAL","ANDA090430","Alembic Pharmaceuticals Inc.","62332-025","Theophylline","THEOPHYLLINE ANHYDROUS","HUMAN PRESCRIPTION DRUG","01/29/2016","N/A","ANDA","1000 TABLET, EXTENDED RELEASE in 1 BOTTLE (62332-025-91)","Methylxanthine [EPC],  Xanthines [CS]","N/A","No","12/31/2026",0,FALSE,FALSE
"Respiratory:allergy_Medication","Other_Asthma_Medications","Theophylline",FALSE,"nonproprietary","Theophylline","Theophylline_nonproprietary_raw.csv","Theophylline","62332-026-30","450 mg/1","TABLET, EXTENDED RELEASE","ORAL","ANDA090430","Alembic Pharmaceuticals Inc.","62332-026","Theophylline","THEOPHYLLINE ANHYDROUS","HUMAN PRESCRIPTION DRUG","01/29/2016","N/A","ANDA","30 TABLET, EXTENDED RELEASE in 1 BOTTLE (62332-026-30)","Methylxanthine [EPC],  Xanthines [CS]","N/A","No","12/31/2026",0,FALSE,FALSE
"Respiratory:allergy_Medication","Other_Asthma_Medications","Theophylline",FALSE,"nonproprietary","Theophylline","Theophylline_nonproprietary_raw.csv","Theophylline","62332-026-31","450 mg/1","TABLET, EXTENDED RELEASE","ORAL","ANDA090430","Alembic Pharmaceuticals Inc.","62332-026","Theophylline","THEOPHYLLINE ANHYDROUS","HUMAN PRESCRIPTION DRUG","01/29/2016","N/A","ANDA","100 TABLET, EXTENDED RELEASE in 1 BOTTLE (62332-026-31)","Methylxanthine [EPC],  Xanthines [CS]","N/A","No","12/31/2026",0,FALSE,FALSE
"Respiratory:allergy_Medication","Other_Asthma_Medications","Theophylline",FALSE,"nonproprietary","Theophylline","Theophylline_nonproprietary_raw.csv","Theophylline","62332-026-71","450 mg/1","TABLET, EXTENDED RELEASE","ORAL","ANDA090430","Alembic Pharmaceuticals Inc.","62332-026","Theophylline","THEOPHYLLINE ANHYDROUS","HUMAN PRESCRIPTION DRUG","01/29/2016","N/A","ANDA","500 TABLET, EXTENDED RELEASE in 1 BOTTLE (62332-026-71)","Methylxanthine [EPC],  Xanthines [CS]","N/A","No","12/31/2026",0,FALSE,FALSE
"Respiratory:allergy_Medication","Other_Asthma_Medications","Theophylline",FALSE,"nonproprietary","Theophylline","Theophylline_nonproprietary_raw.csv","Theophylline","64380-243-01","300 mg/1","TABLET, EXTENDED RELEASE","ORAL","ANDA215312","Strides Pharma Science Limited","64380-243","Theophylline","THEOPHYLLINE ANHYDROUS","HUMAN PRESCRIPTION DRUG","09/27/2024","N/A","ANDA","100 TABLET, EXTENDED RELEASE in 1 BOTTLE (64380-243-01)","Methylxanthine [EPC],  Xanthines [CS]","N/A","No","12/31/2027",0,FALSE,FALSE
"Respiratory:allergy_Medication","Other_Asthma_Medications","Theophylline",FALSE,"nonproprietary","Theophylline","Theophylline_nonproprietary_raw.csv","Theophylline","64380-244-01","450 mg/1","TABLET, EXTENDED RELEASE","ORAL","ANDA215312","Strides Pharma Science Limited","64380-244","Theophylline","THEOPHYLLINE ANHYDROUS","HUMAN PRESCRIPTION DRUG","09/27/2024","N/A","ANDA","100 TABLET, EXTENDED RELEASE in 1 BOTTLE (64380-244-01)","Methylxanthine [EPC],  Xanthines [CS]","N/A","No","12/31/2027",0,FALSE,FALSE
"Respiratory:allergy_Medication","Other_Asthma_Medications","Theophylline",FALSE,"nonproprietary","Theophylline","Theophylline_nonproprietary_raw.csv","Theophylline","68462-356-01","600 mg/1","TABLET, EXTENDED RELEASE","ORAL","ANDA090355","Glenmark Pharmaceuticals Inc., USA","68462-356","Theophylline","THEOPHYLLINE ANHYDROUS","HUMAN PRESCRIPTION DRUG","07/13/2010","N/A","ANDA","100 TABLET, EXTENDED RELEASE in 1 BOTTLE (68462-356-01)","Methylxanthine [EPC],  Xanthines [CS]","N/A","No","12/31/2027",0,FALSE,FALSE
"Respiratory:allergy_Medication","Other_Asthma_Medications","Theophylline",FALSE,"nonproprietary","Theophylline","Theophylline_nonproprietary_raw.csv","Theophylline","68462-356-05","600 mg/1","TABLET, EXTENDED RELEASE","ORAL","ANDA090355","Glenmark Pharmaceuticals Inc., USA","68462-356","Theophylline","THEOPHYLLINE ANHYDROUS","HUMAN PRESCRIPTION DRUG","07/13/2010","N/A","ANDA","500 TABLET, EXTENDED RELEASE in 1 BOTTLE (68462-356-05)","Methylxanthine [EPC],  Xanthines [CS]","N/A","No","12/31/2027",0,FALSE,FALSE
"Respiratory:allergy_Medication","Other_Asthma_Medications","Theophylline",FALSE,"nonproprietary","Theophylline","Theophylline_nonproprietary_raw.csv","Theophylline","68462-380-01","400 mg/1","TABLET, EXTENDED RELEASE","ORAL","ANDA090355","Glenmark Pharmaceuticals Inc., USA","68462-380","Theophylline","THEOPHYLLINE ANHYDROUS","HUMAN PRESCRIPTION DRUG","07/13/2010","N/A","ANDA","100 TABLET, EXTENDED RELEASE in 1 BOTTLE (68462-380-01)","Methylxanthine [EPC],  Xanthines [CS]","N/A","No","12/31/2027",0,FALSE,FALSE
"Respiratory:allergy_Medication","Other_Asthma_Medications","Theophylline",FALSE,"nonproprietary","Theophylline","Theophylline_nonproprietary_raw.csv","Theophylline","68462-380-05","400 mg/1","TABLET, EXTENDED RELEASE","ORAL","ANDA090355","Glenmark Pharmaceuticals Inc., USA","68462-380","Theophylline","THEOPHYLLINE ANHYDROUS","HUMAN PRESCRIPTION DRUG","07/13/2010","N/A","ANDA","500 TABLET, EXTENDED RELEASE in 1 BOTTLE (68462-380-05)","Methylxanthine [EPC],  Xanthines [CS]","N/A","No","12/31/2027",0,FALSE,FALSE
"Respiratory:allergy_Medication","Other_Asthma_Medications","Theophylline",FALSE,"nonproprietary","Theophylline","Theophylline_nonproprietary_raw.csv","Theophylline","68462-721-01","300 mg/1","TABLET, EXTENDED RELEASE","ORAL","ANDA212184","Glenmark Pharmaceuticals Inc., USA","68462-721","Theophylline","THEOPHYLLINE ANHYDROUS","HUMAN PRESCRIPTION DRUG","06/03/2021","N/A","ANDA","100 TABLET, EXTENDED RELEASE in 1 BOTTLE (68462-721-01)","Methylxanthine [EPC],  Xanthines [CS]","N/A","No","12/31/2027",0,FALSE,FALSE
"Respiratory:allergy_Medication","Other_Asthma_Medications","Theophylline",FALSE,"nonproprietary","Theophylline","Theophylline_nonproprietary_raw.csv","Theophylline","68462-721-05","300 mg/1","TABLET, EXTENDED RELEASE","ORAL","ANDA212184","Glenmark Pharmaceuticals Inc., USA","68462-721","Theophylline","THEOPHYLLINE ANHYDROUS","HUMAN PRESCRIPTION DRUG","06/03/2021","N/A","ANDA","500 TABLET, EXTENDED RELEASE in 1 BOTTLE (68462-721-05)","Methylxanthine [EPC],  Xanthines [CS]","N/A","No","12/31/2027",0,FALSE,FALSE
"Respiratory:allergy_Medication","Other_Asthma_Medications","Theophylline",FALSE,"nonproprietary","Theophylline","Theophylline_nonproprietary_raw.csv","Theophylline","68462-721-10","300 mg/1","TABLET, EXTENDED RELEASE","ORAL","ANDA212184","Glenmark Pharmaceuticals Inc., USA","68462-721","Theophylline","THEOPHYLLINE ANHYDROUS","HUMAN PRESCRIPTION DRUG","06/03/2021","N/A","ANDA","1000 TABLET, EXTENDED RELEASE in 1 BOTTLE (68462-721-10)","Methylxanthine [EPC],  Xanthines [CS]","N/A","No","12/31/2027",0,FALSE,FALSE
"Respiratory:allergy_Medication","Other_Asthma_Medications","Theophylline",FALSE,"nonproprietary","Theophylline","Theophylline_nonproprietary_raw.csv","Theophylline","68462-721-30","300 mg/1","TABLET, EXTENDED RELEASE","ORAL","ANDA212184","Glenmark Pharmaceuticals Inc., USA","68462-721","Theophylline","THEOPHYLLINE ANHYDROUS","HUMAN PRESCRIPTION DRUG","06/03/2021","N/A","ANDA","30 TABLET, EXTENDED RELEASE in 1 BOTTLE (68462-721-30)","Methylxanthine [EPC],  Xanthines [CS]","N/A","No","12/31/2027",0,FALSE,FALSE
"Respiratory:allergy_Medication","Other_Asthma_Medications","Theophylline",FALSE,"nonproprietary","Theophylline","Theophylline_nonproprietary_raw.csv","Theophylline","68462-722-01","450 mg/1","TABLET, EXTENDED RELEASE","ORAL","ANDA212184","Glenmark Pharmaceuticals Inc., USA","68462-722","Theophylline","THEOPHYLLINE ANHYDROUS","HUMAN PRESCRIPTION DRUG","06/03/2021","N/A","ANDA","100 TABLET, EXTENDED RELEASE in 1 BOTTLE (68462-722-01)","Methylxanthine [EPC],  Xanthines [CS]","N/A","No","12/31/2027",0,FALSE,FALSE
"Respiratory:allergy_Medication","Other_Asthma_Medications","Theophylline",FALSE,"nonproprietary","Theophylline","Theophylline_nonproprietary_raw.csv","Theophylline","68462-722-05","450 mg/1","TABLET, EXTENDED RELEASE","ORAL","ANDA212184","Glenmark Pharmaceuticals Inc., USA","68462-722","Theophylline","THEOPHYLLINE ANHYDROUS","HUMAN PRESCRIPTION DRUG","06/03/2021","N/A","ANDA","500 TABLET, EXTENDED RELEASE in 1 BOTTLE (68462-722-05)","Methylxanthine [EPC],  Xanthines [CS]","N/A","No","12/31/2027",0,FALSE,FALSE
"Respiratory:allergy_Medication","Other_Asthma_Medications","Theophylline",FALSE,"nonproprietary","Theophylline","Theophylline_nonproprietary_raw.csv","Theophylline","68462-722-30","450 mg/1","TABLET, EXTENDED RELEASE","ORAL","ANDA212184","Glenmark Pharmaceuticals Inc., USA","68462-722","Theophylline","THEOPHYLLINE ANHYDROUS","HUMAN PRESCRIPTION DRUG","06/03/2021","N/A","ANDA","30 TABLET, EXTENDED RELEASE in 1 BOTTLE (68462-722-30)","Methylxanthine [EPC],  Xanthines [CS]","N/A","No","12/31/2027",0,FALSE,FALSE
"Respiratory:allergy_Medication","Other_Asthma_Medications","Theophylline",FALSE,"nonproprietary","Theophylline","Theophylline_nonproprietary_raw.csv","Theophylline","68999-556-24","80 mg/15mL","SOLUTION","ORAL","ANDA091156","Chartwell Governmental & Specialty RX, LLC.","68999-556","Theophylline","THEOPHYLLINE ANHYDROUS","HUMAN PRESCRIPTION DRUG","11/13/2025","N/A","ANDA","2 TRAY in 1 BOX (68999-556-24)  / 10 CUP in 1 TRAY / 15 mL in 1 CUP (68999-556-51)","Methylxanthine [EPC],  Xanthines [CS]","N/A","No","12/31/2026",0,FALSE,FALSE
"Respiratory:allergy_Medication","Other_Asthma_Medications","Theophylline",FALSE,"nonproprietary","Theophylline","Theophylline_nonproprietary_raw.csv","Theophylline","69367-414-01","400 mg/1","TABLET, EXTENDED RELEASE","ORAL","ANDA040560","Westminster Pharmaceuticals, LLC","69367-414","Theophylline Anhydrous","THEOPHYLLINE ANHYDROUS","HUMAN PRESCRIPTION DRUG","11/25/2025","N/A","ANDA","100 TABLET, EXTENDED RELEASE in 1 BOTTLE (69367-414-01)","Methylxanthine [EPC],  Xanthines [CS]","N/A","No","12/31/2026",0,FALSE,FALSE
"Respiratory:allergy_Medication","Other_Asthma_Medications","Theophylline",FALSE,"nonproprietary","Theophylline","Theophylline_nonproprietary_raw.csv","Theophylline","69367-415-01","600 mg/1","TABLET, EXTENDED RELEASE","ORAL","ANDA040560","Westminster Pharmaceuticals, LLC","69367-415","Theophylline Anhydrous","THEOPHYLLINE ANHYDROUS","HUMAN PRESCRIPTION DRUG","11/25/2025","N/A","ANDA","100 TABLET, EXTENDED RELEASE in 1 BOTTLE (69367-415-01)","Methylxanthine [EPC],  Xanthines [CS]","N/A","No","12/31/2026",0,FALSE,FALSE
"Respiratory:allergy_Medication","Other_Asthma_Medications","Theophylline",FALSE,"nonproprietary","Theophylline","Theophylline_nonproprietary_raw.csv","Theophylline","69452-267-20","300 mg/1","TABLET, EXTENDED RELEASE","ORAL","ANDA216300","Bionpharma Inc.,","69452-267","Theophylline","THEOPHYLLINE ANHYDROUS","HUMAN PRESCRIPTION DRUG","10/12/2023","N/A","ANDA","100 TABLET, EXTENDED RELEASE in 1 BOTTLE (69452-267-20)","Methylxanthine [EPC],  Xanthines [CS]","N/A","No","12/31/2026",0,FALSE,FALSE
"Respiratory:allergy_Medication","Other_Asthma_Medications","Theophylline",FALSE,"nonproprietary","Theophylline","Theophylline_nonproprietary_raw.csv","Theophylline","70771-1782-1","300 mg/1","TABLET, EXTENDED RELEASE","ORAL","ANDA218063","Zydus Lifesciences Limited","70771-1782","Theophylline","THEOPHYLLINE ANHYDROUS","HUMAN PRESCRIPTION DRUG","05/25/2024","N/A","ANDA","100 TABLET, EXTENDED RELEASE in 1 BOTTLE (70771-1782-1)","Methylxanthine [EPC],  Xanthines [CS]","N/A","No","12/31/2026",0,FALSE,FALSE
"Respiratory:allergy_Medication","Other_Asthma_Medications","Theophylline",FALSE,"nonproprietary","Theophylline","Theophylline_nonproprietary_raw.csv","Theophylline","70771-1783-1","450 mg/1","TABLET, EXTENDED RELEASE","ORAL","ANDA218063","Zydus Lifesciences Limited","70771-1783","Theophylline","THEOPHYLLINE ANHYDROUS","HUMAN PRESCRIPTION DRUG","05/25/2024","N/A","ANDA","100 TABLET, EXTENDED RELEASE in 1 BOTTLE (70771-1783-1)","Methylxanthine [EPC],  Xanthines [CS]","N/A","No","12/31/2026",0,FALSE,FALSE
"Respiratory:allergy_Medication","Other_Asthma_Medications","Theophylline",FALSE,"nonproprietary","Theophylline","Theophylline_nonproprietary_raw.csv","Theophylline","71335-2909-1","80 mg/15mL","SOLUTION","ORAL","ANDA091586","Bryant Ranch Prepack","71335-2909","Theophylline","THEOPHYLLINE ANHYDROUS","HUMAN PRESCRIPTION DRUG","10/22/2025","N/A","ANDA","473 mL in 1 BOTTLE (71335-2909-1)","Methylxanthine [EPC],  Xanthines [CS]","N/A","No","12/31/2026",0,FALSE,FALSE
"Respiratory:allergy_Medication","Other_Asthma_Medications","Theophylline",FALSE,"nonproprietary","Theophylline","Theophylline_nonproprietary_raw.csv","Theophylline","72162-2038-2","80 mg/15mL","SOLUTION","ORAL","ANDA091586","Bryant Ranch Prepack","72162-2038","Theophylline","THEOPHYLLINE ANHYDROUS","HUMAN PRESCRIPTION DRUG","06/06/2023","N/A","ANDA","473 mL in 1 BOTTLE (72162-2038-2)","Methylxanthine [EPC],  Xanthines [CS]","N/A","No","12/31/2026",0,FALSE,FALSE
"Respiratory:allergy_Medication","Other_Asthma_Medications","Theophylline",FALSE,"nonproprietary","Theophylline","Theophylline_nonproprietary_raw.csv","Theophylline","72578-173-01","300 mg/1","TABLET, EXTENDED RELEASE","ORAL","ANDA218063","Viona Pharmaceuticals Inc","72578-173","Theophylline","THEOPHYLLINE ANHYDROUS","HUMAN PRESCRIPTION DRUG","05/25/2024","N/A","ANDA","100 TABLET, EXTENDED RELEASE in 1 BOTTLE (72578-173-01)","Methylxanthine [EPC],  Xanthines [CS]","N/A","No","12/31/2026",0,FALSE,FALSE
"Respiratory:allergy_Medication","Other_Asthma_Medications","Theophylline",FALSE,"nonproprietary","Theophylline","Theophylline_nonproprietary_raw.csv","Theophylline","72578-174-01","450 mg/1","TABLET, EXTENDED RELEASE","ORAL","ANDA218063","Viona Pharmaceuticals Inc","72578-174","Theophylline","THEOPHYLLINE ANHYDROUS","HUMAN PRESCRIPTION DRUG","05/25/2024","N/A","ANDA","100 TABLET, EXTENDED RELEASE in 1 BOTTLE (72578-174-01)","Methylxanthine [EPC],  Xanthines [CS]","N/A","No","12/31/2026",0,FALSE,FALSE
"Respiratory:allergy_Medication","Other_Asthma_Medications","Theophylline",FALSE,"nonproprietary","Theophylline","Theophylline_nonproprietary_raw.csv","Theophylline","72789-441-01","300 mg/1","TABLET, EXTENDED RELEASE","ORAL","ANDA215312","PD-Rx Pharmaceuticals, Inc.","72789-441","Theophylline","THEOPHYLLINE ANHYDROUS","HUMAN PRESCRIPTION DRUG","10/16/2024","N/A","ANDA","100 TABLET, EXTENDED RELEASE in 1 BOTTLE, PLASTIC (72789-441-01)","Methylxanthine [EPC],  Xanthines [CS]","N/A","No","12/31/2027",0,FALSE,FALSE
"Respiratory:allergy_Medication","Other_Asthma_Medications","Theophylline",FALSE,"nonproprietary","Theophylline","Theophylline_nonproprietary_raw.csv","Theophylline","72789-442-01","450 mg/1","TABLET, EXTENDED RELEASE","ORAL","ANDA215312","PD-Rx Pharmaceuticals, Inc.","72789-442","Theophylline","THEOPHYLLINE ANHYDROUS","HUMAN PRESCRIPTION DRUG","10/16/2024","N/A","ANDA","100 TABLET, EXTENDED RELEASE in 1 BOTTLE, PLASTIC (72789-442-01)","Methylxanthine [EPC],  Xanthines [CS]","N/A","No","12/31/2027",0,FALSE,FALSE
"Respiratory:allergy_Medication","Other_Asthma_Medications","Theophylline",FALSE,"nonproprietary","Theophylline","Theophylline_nonproprietary_raw.csv","Theophylline","82638-105-02","300 mg/1","TABLET, EXTENDED RELEASE","ORAL","ANDA214806","Harman Finochem Limited","82638-105","Theophylline","THEOPHYLLINE ANHYDROUS","HUMAN PRESCRIPTION DRUG","07/30/2024","N/A","ANDA","100 TABLET, EXTENDED RELEASE in 1 BOTTLE (82638-105-02)","Methylxanthine [EPC],  Xanthines [CS]","N/A","No","12/31/2026",0,FALSE,FALSE
"Respiratory:allergy_Medication","Other_Asthma_Medications","Theophylline",FALSE,"nonproprietary","Theophylline","Theophylline_nonproprietary_raw.csv","Theophylline","82638-106-02","450 mg/1","TABLET, EXTENDED RELEASE","ORAL","ANDA214806","Harman Finochem Limited","82638-106","Theophylline","THEOPHYLLINE ANHYDROUS","HUMAN PRESCRIPTION DRUG","07/30/2024","N/A","ANDA","100 TABLET, EXTENDED RELEASE in 1 BOTTLE (82638-106-02)","Methylxanthine [EPC],  Xanthines [CS]","N/A","No","12/31/2026",0,FALSE,FALSE
"Respiratory:allergy_Medication","Other_Asthma_Medications","Theophylline",FALSE,"nonproprietary","Theophylline","Theophylline_nonproprietary_raw.csv","theophylline","60219-2045-1","300 mg/1","TABLET, EXTENDED RELEASE","ORAL","ANDA216276","Amneal Pharmaceuticals NY LLC","60219-2045","theophylline","THEOPHYLLINE ANHYDROUS","HUMAN PRESCRIPTION DRUG","03/27/2023","N/A","ANDA","100 TABLET, EXTENDED RELEASE in 1 BOTTLE, PLASTIC (60219-2045-1)","Methylxanthine [EPC],  Xanthines [CS]","N/A","No","12/31/2027",0,FALSE,FALSE
"Respiratory:allergy_Medication","Other_Asthma_Medications","Theophylline",FALSE,"nonproprietary","Theophylline","Theophylline_nonproprietary_raw.csv","theophylline","60219-2045-3","300 mg/1","TABLET, EXTENDED RELEASE","ORAL","ANDA216276","Amneal Pharmaceuticals NY LLC","60219-2045","theophylline","THEOPHYLLINE ANHYDROUS","HUMAN PRESCRIPTION DRUG","03/27/2023","N/A","ANDA","30 TABLET, EXTENDED RELEASE in 1 BOTTLE, PLASTIC (60219-2045-3)","Methylxanthine [EPC],  Xanthines [CS]","N/A","No","12/31/2027",0,FALSE,FALSE
"Respiratory:allergy_Medication","Other_Asthma_Medications","Theophylline",FALSE,"nonproprietary","Theophylline","Theophylline_nonproprietary_raw.csv","theophylline","60219-2045-5","300 mg/1","TABLET, EXTENDED RELEASE","ORAL","ANDA216276","Amneal Pharmaceuticals NY LLC","60219-2045","theophylline","THEOPHYLLINE ANHYDROUS","HUMAN PRESCRIPTION DRUG","03/27/2023","N/A","ANDA","500 TABLET, EXTENDED RELEASE in 1 BOTTLE, PLASTIC (60219-2045-5)","Methylxanthine [EPC],  Xanthines [CS]","N/A","No","12/31/2027",0,FALSE,FALSE
"Respiratory:allergy_Medication","Other_Asthma_Medications","Theophylline",FALSE,"nonproprietary","Theophylline","Theophylline_nonproprietary_raw.csv","theophylline","60219-2045-7","300 mg/1","TABLET, EXTENDED RELEASE","ORAL","ANDA216276","Amneal Pharmaceuticals NY LLC","60219-2045","theophylline","THEOPHYLLINE ANHYDROUS","HUMAN PRESCRIPTION DRUG","03/27/2023","N/A","ANDA","1000 TABLET, EXTENDED RELEASE in 1 BOTTLE, PLASTIC (60219-2045-7)","Methylxanthine [EPC],  Xanthines [CS]","N/A","No","12/31/2027",0,FALSE,FALSE
"Respiratory:allergy_Medication","Other_Asthma_Medications","Theophylline",FALSE,"nonproprietary","Theophylline","Theophylline_nonproprietary_raw.csv","theophylline","60219-2046-1","450 mg/1","TABLET, EXTENDED RELEASE","ORAL","ANDA216276","Amneal Pharmaceuticals NY LLC","60219-2046","theophylline","THEOPHYLLINE ANHYDROUS","HUMAN PRESCRIPTION DRUG","03/27/2023","N/A","ANDA","100 TABLET, EXTENDED RELEASE in 1 BOTTLE, PLASTIC (60219-2046-1)","Methylxanthine [EPC],  Xanthines [CS]","N/A","No","12/31/2027",0,FALSE,FALSE
"Respiratory:allergy_Medication","Other_Asthma_Medications","Theophylline",FALSE,"nonproprietary","Theophylline","Theophylline_nonproprietary_raw.csv","theophylline","60219-2046-3","450 mg/1","TABLET, EXTENDED RELEASE","ORAL","ANDA216276","Amneal Pharmaceuticals NY LLC","60219-2046","theophylline","THEOPHYLLINE ANHYDROUS","HUMAN PRESCRIPTION DRUG","03/27/2023","N/A","ANDA","30 TABLET, EXTENDED RELEASE in 1 BOTTLE, PLASTIC (60219-2046-3)","Methylxanthine [EPC],  Xanthines [CS]","N/A","No","12/31/2027",0,FALSE,FALSE
"Respiratory:allergy_Medication","Other_Asthma_Medications","Theophylline",FALSE,"nonproprietary","Theophylline","Theophylline_nonproprietary_raw.csv","theophylline","60219-2046-5","450 mg/1","TABLET, EXTENDED RELEASE","ORAL","ANDA216276","Amneal Pharmaceuticals NY LLC","60219-2046","theophylline","THEOPHYLLINE ANHYDROUS","HUMAN PRESCRIPTION DRUG","03/27/2023","N/A","ANDA","500 TABLET, EXTENDED RELEASE in 1 BOTTLE, PLASTIC (60219-2046-5)","Methylxanthine [EPC],  Xanthines [CS]","N/A","No","12/31/2027",0,FALSE,FALSE
"Respiratory:allergy_Medication","Other_Asthma_Medications","TiotropiumBromide",FALSE,"nonproprietary","TiotropiumBromide","TiotropiumBromide_nonproprietary_raw.csv","Spiriva","0597-0075-41","18 ug/1","CAPSULE","ORAL; RESPIRATORY (INHALATION)","NDA021395","Boehringer Ingelheim Pharmaceuticals, Inc.","0597-0075","TIOTROPIUM BROMIDE","TIOTROPIUM BROMIDE MONOHYDRATE","HUMAN PRESCRIPTION DRUG","10/11/2005","N/A","NDA","3 BLISTER PACK in 1 CARTON (0597-0075-41)  / 10 CAPSULE in 1 BLISTER PACK","Anticholinergic [EPC],  Cholinergic Antagonists [MoA]","N/A","No","12/31/2026",0,FALSE,FALSE
"Respiratory:allergy_Medication","Other_Asthma_Medications","TiotropiumBromide",FALSE,"nonproprietary","TiotropiumBromide","TiotropiumBromide_nonproprietary_raw.csv","Spiriva","0597-0075-47","18 ug/1","CAPSULE","ORAL; RESPIRATORY (INHALATION)","NDA021395","Boehringer Ingelheim Pharmaceuticals, Inc.","0597-0075","TIOTROPIUM BROMIDE","TIOTROPIUM BROMIDE MONOHYDRATE","HUMAN PRESCRIPTION DRUG","10/11/2005","N/A","NDA","9 BLISTER PACK in 1 CARTON (0597-0075-47)  / 10 CAPSULE in 1 BLISTER PACK","Anticholinergic [EPC],  Cholinergic Antagonists [MoA]","N/A","No","12/31/2026",0,FALSE,FALSE
"Respiratory:allergy_Medication","Other_Asthma_Medications","TiotropiumBromide",FALSE,"nonproprietary","TiotropiumBromide","TiotropiumBromide_nonproprietary_raw.csv","Spiriva","0597-0075-75","18 ug/1","CAPSULE","ORAL; RESPIRATORY (INHALATION)","NDA021395","Boehringer Ingelheim Pharmaceuticals, Inc.","0597-0075","TIOTROPIUM BROMIDE","TIOTROPIUM BROMIDE MONOHYDRATE","HUMAN PRESCRIPTION DRUG","10/11/2005","N/A","NDA","1 BLISTER PACK in 1 CARTON (0597-0075-75)  / 5 CAPSULE in 1 BLISTER PACK","Anticholinergic [EPC],  Cholinergic Antagonists [MoA]","N/A","No","12/31/2026",0,FALSE,FALSE
"Respiratory:allergy_Medication","Other_Asthma_Medications","TiotropiumBromide",FALSE,"nonproprietary","TiotropiumBromide","TiotropiumBromide_nonproprietary_raw.csv","Spiriva","50090-4248-0","18 ug/1","CAPSULE","ORAL; RESPIRATORY (INHALATION)","NDA021395","A-S Medication Solutions","50090-4248","TIOTROPIUM BROMIDE","TIOTROPIUM BROMIDE MONOHYDRATE","HUMAN PRESCRIPTION DRUG","04/02/2019","N/A","NDA","3 BLISTER PACK in 1 CARTON (50090-4248-0)  / 10 CAPSULE in 1 BLISTER PACK","Anticholinergic [EPC],  Cholinergic Antagonists [MoA]","N/A","No","12/31/2026",0,FALSE,FALSE
"Respiratory:allergy_Medication","Other_Asthma_Medications","TiotropiumBromide",FALSE,"nonproprietary","TiotropiumBromide","TiotropiumBromide_nonproprietary_raw.csv","Spiriva","50090-7645-0","18 ug/1","CAPSULE","ORAL; RESPIRATORY (INHALATION)","NDA021395","A-S Medication Solutions","50090-7645","TIOTROPIUM BROMIDE","TIOTROPIUM BROMIDE MONOHYDRATE","HUMAN PRESCRIPTION DRUG","08/29/2025","N/A","NDA","3 BLISTER PACK in 1 CARTON (50090-7645-0)  / 10 CAPSULE in 1 BLISTER PACK","Anticholinergic [EPC],  Cholinergic Antagonists [MoA]","N/A","No","12/31/2026",0,FALSE,FALSE
"Respiratory:allergy_Medication","Other_Asthma_Medications","TiotropiumBromide",FALSE,"nonproprietary | proprietary","TiotropiumBromide | SpirivaRespimat","TiotropiumBromide_nonproprietary_raw.csv | TiotropiumBromide_SpirivaRespimat_proprietary_raw.csv","Spiriva Respimat","0597-0100-28","3.124 ug/1","SPRAY, METERED","RESPIRATORY (INHALATION)","NDA021936","Boehringer Ingelheim Pharmaceuticals, Inc.","0597-0100","tiotropium bromide inhalation spray","TIOTROPIUM BROMIDE ANHYDROUS","HUMAN PRESCRIPTION DRUG","09/30/2014","N/A","NDA","1 CARTRIDGE in 1 CARTON (0597-0100-28)  / 28 SPRAY, METERED in 1 CARTRIDGE","Anticholinergic [EPC],  Cholinergic Antagonists [MoA]","N/A","No","12/31/2027",0,FALSE,FALSE
"Respiratory:allergy_Medication","Other_Asthma_Medications","TiotropiumBromide",FALSE,"nonproprietary | proprietary","TiotropiumBromide | SpirivaRespimat","TiotropiumBromide_nonproprietary_raw.csv | TiotropiumBromide_SpirivaRespimat_proprietary_raw.csv","Spiriva Respimat","0597-0100-51","3.124 ug/1","SPRAY, METERED","RESPIRATORY (INHALATION)","NDA021936","Boehringer Ingelheim Pharmaceuticals, Inc.","0597-0100","tiotropium bromide inhalation spray","TIOTROPIUM BROMIDE ANHYDROUS","HUMAN PRESCRIPTION DRUG","03/15/2019","N/A","NDA","1 CARTRIDGE in 1 CARTON (0597-0100-51)  / 10 SPRAY, METERED in 1 CARTRIDGE","Anticholinergic [EPC],  Cholinergic Antagonists [MoA]","N/A","No","12/31/2027",0,FALSE,FALSE
"Respiratory:allergy_Medication","Other_Asthma_Medications","TiotropiumBromide",FALSE,"nonproprietary | proprietary","TiotropiumBromide | SpirivaRespimat","TiotropiumBromide_nonproprietary_raw.csv | TiotropiumBromide_SpirivaRespimat_proprietary_raw.csv","Spiriva Respimat","0597-0100-61","3.124 ug/1","SPRAY, METERED","RESPIRATORY (INHALATION)","NDA021936","Boehringer Ingelheim Pharmaceuticals, Inc.","0597-0100","tiotropium bromide inhalation spray","TIOTROPIUM BROMIDE ANHYDROUS","HUMAN PRESCRIPTION DRUG","09/30/2014","N/A","NDA","1 CARTRIDGE in 1 CARTON (0597-0100-61)  / 60 SPRAY, METERED in 1 CARTRIDGE","Anticholinergic [EPC],  Cholinergic Antagonists [MoA]","N/A","No","12/31/2027",0,FALSE,FALSE
"Respiratory:allergy_Medication","Other_Asthma_Medications","TiotropiumBromide",FALSE,"nonproprietary | proprietary","TiotropiumBromide | SpirivaRespimat","TiotropiumBromide_nonproprietary_raw.csv | TiotropiumBromide_SpirivaRespimat_proprietary_raw.csv","Spiriva Respimat","0597-0160-28","1.562 ug/1","SPRAY, METERED","RESPIRATORY (INHALATION)","NDA207070","Boehringer Ingelheim Pharmaceuticals, Inc.","0597-0160","tiotropium bromide inhalation spray","TIOTROPIUM BROMIDE ANHYDROUS","HUMAN PRESCRIPTION DRUG","09/15/2015","N/A","NDA","1 CARTRIDGE in 1 CARTON (0597-0160-28)  / 28 SPRAY, METERED in 1 CARTRIDGE","Anticholinergic [EPC],  Cholinergic Antagonists [MoA]","N/A","No","12/31/2027",0,FALSE,FALSE
"Respiratory:allergy_Medication","Other_Asthma_Medications","TiotropiumBromide",FALSE,"nonproprietary | proprietary","TiotropiumBromide | SpirivaRespimat","TiotropiumBromide_nonproprietary_raw.csv | TiotropiumBromide_SpirivaRespimat_proprietary_raw.csv","Spiriva Respimat","0597-0160-61","1.562 ug/1","SPRAY, METERED","RESPIRATORY (INHALATION)","NDA207070","Boehringer Ingelheim Pharmaceuticals, Inc.","0597-0160","tiotropium bromide inhalation spray","TIOTROPIUM BROMIDE ANHYDROUS","HUMAN PRESCRIPTION DRUG","09/15/2015","N/A","NDA","1 CARTRIDGE in 1 CARTON (0597-0160-61)  / 60 SPRAY, METERED in 1 CARTRIDGE","Anticholinergic [EPC],  Cholinergic Antagonists [MoA]","N/A","No","12/31/2027",0,FALSE,FALSE
"Respiratory:allergy_Medication","Other_Asthma_Medications","TiotropiumBromide",FALSE,"nonproprietary","TiotropiumBromide","TiotropiumBromide_nonproprietary_raw.csv","Stiolto Respimat","0597-0155-28","3.124 ug/1,                         2.736  ug/1","SPRAY, METERED","RESPIRATORY (INHALATION)","NDA206756","Boehringer Ingelheim Pharmaceuticals, Inc.","0597-0155","tiotropium bromide and olodaterol","OLODATEROL HYDROCHLORIDE;  TIOTROPIUM BROMIDE MONOHYDRATE","HUMAN PRESCRIPTION DRUG","05/21/2015","N/A","NDA","1 CARTRIDGE in 1 CARTON (0597-0155-28)  / 28 SPRAY, METERED in 1 CARTRIDGE","Adrenergic beta2-Agonists [MoA],  Anticholinergic [EPC],  Cholinergic Antagonists [MoA],  beta2-Adrenergic Agonist [EPC]","N/A","No","12/31/2026",0,FALSE,FALSE
"Respiratory:allergy_Medication","Other_Asthma_Medications","TiotropiumBromide",FALSE,"nonproprietary","TiotropiumBromide","TiotropiumBromide_nonproprietary_raw.csv","Stiolto Respimat","0597-0155-61","3.124 ug/1,                         2.736  ug/1","SPRAY, METERED","RESPIRATORY (INHALATION)","NDA206756","Boehringer Ingelheim Pharmaceuticals, Inc.","0597-0155","tiotropium bromide and olodaterol","OLODATEROL HYDROCHLORIDE;  TIOTROPIUM BROMIDE MONOHYDRATE","HUMAN PRESCRIPTION DRUG","05/21/2015","N/A","NDA","1 CARTRIDGE in 1 CARTON (0597-0155-61)  / 60 SPRAY, METERED in 1 CARTRIDGE","Adrenergic beta2-Agonists [MoA],  Anticholinergic [EPC],  Cholinergic Antagonists [MoA],  beta2-Adrenergic Agonist [EPC]","N/A","No","12/31/2026",0,FALSE,FALSE
"Respiratory:allergy_Medication","Other_Asthma_Medications","TiotropiumBromide",FALSE,"nonproprietary","TiotropiumBromide","TiotropiumBromide_nonproprietary_raw.csv","Stiolto Respimat","0597-0155-70","3.124 ug/1,                         2.736  ug/1","SPRAY, METERED","RESPIRATORY (INHALATION)","NDA206756","Boehringer Ingelheim Pharmaceuticals, Inc.","0597-0155","tiotropium bromide and olodaterol","OLODATEROL HYDROCHLORIDE;  TIOTROPIUM BROMIDE MONOHYDRATE","HUMAN PRESCRIPTION DRUG","03/22/2019","N/A","NDA","1 CARTRIDGE in 1 CARTON (0597-0155-70)  / 10 SPRAY, METERED in 1 CARTRIDGE","Adrenergic beta2-Agonists [MoA],  Anticholinergic [EPC],  Cholinergic Antagonists [MoA],  beta2-Adrenergic Agonist [EPC]","N/A","No","12/31/2026",0,FALSE,FALSE
"Respiratory:allergy_Medication","Other_Asthma_Medications","TiotropiumBromide",FALSE,"nonproprietary","TiotropiumBromide","TiotropiumBromide_nonproprietary_raw.csv","Tiotropium Bromide","68180-964-12","18 ug/1","CAPSULE","ORAL; RESPIRATORY (INHALATION)","ANDA211287","Lupin Pharmaceuticals, Inc.","68180-964","Tiotropium Bromide","TIOTROPIUM BROMIDE MONOHYDRATE","HUMAN PRESCRIPTION DRUG","08/16/2023","N/A","ANDA","3 BLISTER PACK in 1 CARTON (68180-964-12)  / 10 CAPSULE in 1 BLISTER PACK","Anticholinergic [EPC],  Cholinergic Antagonists [MoA]","N/A","No","12/31/2026",0,FALSE,FALSE
"Respiratory:allergy_Medication","Other_Asthma_Medications","Zafirlukast",FALSE,"nonproprietary","Zafirlukast","Zafirlukast_nonproprietary_raw.csv","Zafirlukast","31722-007-01","10 mg/1","TABLET, FILM COATED","ORAL","ANDA212475","Camber Pharmaceuticals, Inc.","31722-007","Zafirlukast","ZAFIRLUKAST","HUMAN PRESCRIPTION DRUG","09/10/2020","N/A","ANDA","10 BLISTER PACK in 1 CARTON (31722-007-01)  / 10 TABLET, FILM COATED in 1 BLISTER PACK","Cytochrome P450 2C9 Inhibitors [MoA],  Leukotriene Receptor Antagonist [EPC],  Leukotriene Receptor Antagonists [MoA]","N/A","No","12/31/2026",0,FALSE,FALSE
"Respiratory:allergy_Medication","Other_Asthma_Medications","Zafirlukast",FALSE,"nonproprietary","Zafirlukast","Zafirlukast_nonproprietary_raw.csv","Zafirlukast","31722-007-05","10 mg/1","TABLET, FILM COATED","ORAL","ANDA212475","Camber Pharmaceuticals, Inc.","31722-007","Zafirlukast","ZAFIRLUKAST","HUMAN PRESCRIPTION DRUG","09/10/2020","N/A","ANDA","500 TABLET, FILM COATED in 1 BOTTLE (31722-007-05)","Cytochrome P450 2C9 Inhibitors [MoA],  Leukotriene Receptor Antagonist [EPC],  Leukotriene Receptor Antagonists [MoA]","N/A","No","12/31/2026",0,FALSE,FALSE
"Respiratory:allergy_Medication","Other_Asthma_Medications","Zafirlukast",FALSE,"nonproprietary","Zafirlukast","Zafirlukast_nonproprietary_raw.csv","Zafirlukast","31722-007-60","10 mg/1","TABLET, FILM COATED","ORAL","ANDA212475","Camber Pharmaceuticals, Inc.","31722-007","Zafirlukast","ZAFIRLUKAST","HUMAN PRESCRIPTION DRUG","09/10/2020","N/A","ANDA","60 TABLET, FILM COATED in 1 BOTTLE (31722-007-60)","Cytochrome P450 2C9 Inhibitors [MoA],  Leukotriene Receptor Antagonist [EPC],  Leukotriene Receptor Antagonists [MoA]","N/A","No","12/31/2026",0,FALSE,FALSE
"Respiratory:allergy_Medication","Other_Asthma_Medications","Zafirlukast",FALSE,"nonproprietary","Zafirlukast","Zafirlukast_nonproprietary_raw.csv","Zafirlukast","31722-008-01","20 mg/1","TABLET, FILM COATED","ORAL","ANDA212475","Camber Pharmaceuticals, Inc.","31722-008","Zafirlukast","ZAFIRLUKAST","HUMAN PRESCRIPTION DRUG","09/10/2020","N/A","ANDA","10 BLISTER PACK in 1 CARTON (31722-008-01)  / 10 TABLET, FILM COATED in 1 BLISTER PACK","Cytochrome P450 2C9 Inhibitors [MoA],  Leukotriene Receptor Antagonist [EPC],  Leukotriene Receptor Antagonists [MoA]","N/A","No","12/31/2026",0,FALSE,FALSE
"Respiratory:allergy_Medication","Other_Asthma_Medications","Zafirlukast",FALSE,"nonproprietary","Zafirlukast","Zafirlukast_nonproprietary_raw.csv","Zafirlukast","31722-008-05","20 mg/1","TABLET, FILM COATED","ORAL","ANDA212475","Camber Pharmaceuticals, Inc.","31722-008","Zafirlukast","ZAFIRLUKAST","HUMAN PRESCRIPTION DRUG","09/10/2020","N/A","ANDA","500 TABLET, FILM COATED in 1 BOTTLE (31722-008-05)","Cytochrome P450 2C9 Inhibitors [MoA],  Leukotriene Receptor Antagonist [EPC],  Leukotriene Receptor Antagonists [MoA]","N/A","No","12/31/2026",0,FALSE,FALSE
"Respiratory:allergy_Medication","Other_Asthma_Medications","Zafirlukast",FALSE,"nonproprietary","Zafirlukast","Zafirlukast_nonproprietary_raw.csv","Zafirlukast","31722-008-60","20 mg/1","TABLET, FILM COATED","ORAL","ANDA212475","Camber Pharmaceuticals, Inc.","31722-008","Zafirlukast","ZAFIRLUKAST","HUMAN PRESCRIPTION DRUG","09/10/2020","N/A","ANDA","60 TABLET, FILM COATED in 1 BOTTLE (31722-008-60)","Cytochrome P450 2C9 Inhibitors [MoA],  Leukotriene Receptor Antagonist [EPC],  Leukotriene Receptor Antagonists [MoA]","N/A","No","12/31/2026",0,FALSE,FALSE
"Respiratory:allergy_Medication","Other_Asthma_Medications","Zafirlukast",FALSE,"nonproprietary","Zafirlukast","Zafirlukast_nonproprietary_raw.csv","Zafirlukast","42291-970-60","10 mg/1","TABLET, COATED","ORAL","NDA020547","AvKARE","42291-970","zafirlukast","ZAFIRLUKAST","HUMAN PRESCRIPTION DRUG","04/05/2023","N/A","NDA","60 TABLET, COATED in 1 BOTTLE (42291-970-60)","Cytochrome P450 2C9 Inhibitors [MoA],  Leukotriene Receptor Antagonist [EPC],  Leukotriene Receptor Antagonists [MoA]","N/A","No","12/31/2026",0,FALSE,FALSE
"Respiratory:allergy_Medication","Other_Asthma_Medications","Zafirlukast",FALSE,"nonproprietary","Zafirlukast","Zafirlukast_nonproprietary_raw.csv","Zafirlukast","42291-971-60","20 mg/1","TABLET, COATED","ORAL","NDA020547","AvKARE","42291-971","zafirlukast","ZAFIRLUKAST","HUMAN PRESCRIPTION DRUG","04/05/2023","N/A","NDA","60 TABLET, COATED in 1 BOTTLE (42291-971-60)","Cytochrome P450 2C9 Inhibitors [MoA],  Leukotriene Receptor Antagonist [EPC],  Leukotriene Receptor Antagonists [MoA]","N/A","No","12/31/2026",0,FALSE,FALSE
"Respiratory:allergy_Medication","Other_Asthma_Medications","Zafirlukast",FALSE,"nonproprietary","Zafirlukast","Zafirlukast_nonproprietary_raw.csv","Zafirlukast","55111-625-01","10 mg/1","TABLET, FILM COATED","ORAL","ANDA090372","Dr. Reddys Laboratories Limited","55111-625","Zafirlukast","ZAFIRLUKAST","HUMAN PRESCRIPTION DRUG","11/18/2010","N/A","ANDA","100 TABLET, FILM COATED in 1 BOTTLE (55111-625-01)","Cytochrome P450 2C9 Inhibitors [MoA],  Leukotriene Receptor Antagonist [EPC],  Leukotriene Receptor Antagonists [MoA]","N/A","No","12/31/2026",0,FALSE,FALSE
"Respiratory:allergy_Medication","Other_Asthma_Medications","Zafirlukast",FALSE,"nonproprietary","Zafirlukast","Zafirlukast_nonproprietary_raw.csv","Zafirlukast","55111-625-05","10 mg/1","TABLET, FILM COATED","ORAL","ANDA090372","Dr. Reddys Laboratories Limited","55111-625","Zafirlukast","ZAFIRLUKAST","HUMAN PRESCRIPTION DRUG","11/18/2010","N/A","ANDA","500 TABLET, FILM COATED in 1 BOTTLE (55111-625-05)","Cytochrome P450 2C9 Inhibitors [MoA],  Leukotriene Receptor Antagonist [EPC],  Leukotriene Receptor Antagonists [MoA]","N/A","No","12/31/2026",0,FALSE,FALSE
"Respiratory:allergy_Medication","Other_Asthma_Medications","Zafirlukast",FALSE,"nonproprietary","Zafirlukast","Zafirlukast_nonproprietary_raw.csv","Zafirlukast","55111-625-30","10 mg/1","TABLET, FILM COATED","ORAL","ANDA090372","Dr. Reddys Laboratories Limited","55111-625","Zafirlukast","ZAFIRLUKAST","HUMAN PRESCRIPTION DRUG","11/18/2010","N/A","ANDA","30 TABLET, FILM COATED in 1 BOTTLE (55111-625-30)","Cytochrome P450 2C9 Inhibitors [MoA],  Leukotriene Receptor Antagonist [EPC],  Leukotriene Receptor Antagonists [MoA]","N/A","No","12/31/2026",0,FALSE,FALSE
"Respiratory:allergy_Medication","Other_Asthma_Medications","Zafirlukast",FALSE,"nonproprietary","Zafirlukast","Zafirlukast_nonproprietary_raw.csv","Zafirlukast","55111-625-60","10 mg/1","TABLET, FILM COATED","ORAL","ANDA090372","Dr. Reddys Laboratories Limited","55111-625","Zafirlukast","ZAFIRLUKAST","HUMAN PRESCRIPTION DRUG","11/18/2010","N/A","ANDA","60 TABLET, FILM COATED in 1 BOTTLE (55111-625-60)","Cytochrome P450 2C9 Inhibitors [MoA],  Leukotriene Receptor Antagonist [EPC],  Leukotriene Receptor Antagonists [MoA]","N/A","No","12/31/2026",0,FALSE,FALSE
"Respiratory:allergy_Medication","Other_Asthma_Medications","Zafirlukast",FALSE,"nonproprietary","Zafirlukast","Zafirlukast_nonproprietary_raw.csv","Zafirlukast","55111-625-78","10 mg/1","TABLET, FILM COATED","ORAL","ANDA090372","Dr. Reddys Laboratories Limited","55111-625","Zafirlukast","ZAFIRLUKAST","HUMAN PRESCRIPTION DRUG","11/18/2010","N/A","ANDA","10 BLISTER PACK in 1 CARTON (55111-625-78)  / 10 TABLET, FILM COATED in 1 BLISTER PACK (55111-625-79)","Cytochrome P450 2C9 Inhibitors [MoA],  Leukotriene Receptor Antagonist [EPC],  Leukotriene Receptor Antagonists [MoA]","N/A","No","12/31/2026",0,FALSE,FALSE
"Respiratory:allergy_Medication","Other_Asthma_Medications","Zafirlukast",FALSE,"nonproprietary","Zafirlukast","Zafirlukast_nonproprietary_raw.csv","Zafirlukast","55111-626-01","20 mg/1","TABLET, FILM COATED","ORAL","ANDA090372","Dr. Reddys Laboratories Limited","55111-626","Zafirlukast","ZAFIRLUKAST","HUMAN PRESCRIPTION DRUG","11/18/2010","N/A","ANDA","100 TABLET, FILM COATED in 1 BOTTLE (55111-626-01)","Cytochrome P450 2C9 Inhibitors [MoA],  Leukotriene Receptor Antagonist [EPC],  Leukotriene Receptor Antagonists [MoA]","N/A","No","12/31/2026",0,FALSE,FALSE
"Respiratory:allergy_Medication","Other_Asthma_Medications","Zafirlukast",FALSE,"nonproprietary","Zafirlukast","Zafirlukast_nonproprietary_raw.csv","Zafirlukast","55111-626-05","20 mg/1","TABLET, FILM COATED","ORAL","ANDA090372","Dr. Reddys Laboratories Limited","55111-626","Zafirlukast","ZAFIRLUKAST","HUMAN PRESCRIPTION DRUG","11/18/2010","N/A","ANDA","500 TABLET, FILM COATED in 1 BOTTLE (55111-626-05)","Cytochrome P450 2C9 Inhibitors [MoA],  Leukotriene Receptor Antagonist [EPC],  Leukotriene Receptor Antagonists [MoA]","N/A","No","12/31/2026",0,FALSE,FALSE
"Respiratory:allergy_Medication","Other_Asthma_Medications","Zafirlukast",FALSE,"nonproprietary","Zafirlukast","Zafirlukast_nonproprietary_raw.csv","Zafirlukast","55111-626-30","20 mg/1","TABLET, FILM COATED","ORAL","ANDA090372","Dr. Reddys Laboratories Limited","55111-626","Zafirlukast","ZAFIRLUKAST","HUMAN PRESCRIPTION DRUG","11/18/2010","N/A","ANDA","30 TABLET, FILM COATED in 1 BOTTLE (55111-626-30)","Cytochrome P450 2C9 Inhibitors [MoA],  Leukotriene Receptor Antagonist [EPC],  Leukotriene Receptor Antagonists [MoA]","N/A","No","12/31/2026",0,FALSE,FALSE
"Respiratory:allergy_Medication","Other_Asthma_Medications","Zafirlukast",FALSE,"nonproprietary","Zafirlukast","Zafirlukast_nonproprietary_raw.csv","Zafirlukast","55111-626-60","20 mg/1","TABLET, FILM COATED","ORAL","ANDA090372","Dr. Reddys Laboratories Limited","55111-626","Zafirlukast","ZAFIRLUKAST","HUMAN PRESCRIPTION DRUG","11/18/2010","N/A","ANDA","60 TABLET, FILM COATED in 1 BOTTLE (55111-626-60)","Cytochrome P450 2C9 Inhibitors [MoA],  Leukotriene Receptor Antagonist [EPC],  Leukotriene Receptor Antagonists [MoA]","N/A","No","12/31/2026",0,FALSE,FALSE
"Respiratory:allergy_Medication","Other_Asthma_Medications","Zafirlukast",FALSE,"nonproprietary","Zafirlukast","Zafirlukast_nonproprietary_raw.csv","Zafirlukast","55111-626-78","20 mg/1","TABLET, FILM COATED","ORAL","ANDA090372","Dr. Reddys Laboratories Limited","55111-626","Zafirlukast","ZAFIRLUKAST","HUMAN PRESCRIPTION DRUG","11/18/2010","N/A","ANDA","10 BLISTER PACK in 1 CARTON (55111-626-78)  / 10 TABLET, FILM COATED in 1 BLISTER PACK (55111-626-79)","Cytochrome P450 2C9 Inhibitors [MoA],  Leukotriene Receptor Antagonist [EPC],  Leukotriene Receptor Antagonists [MoA]","N/A","No","12/31/2026",0,FALSE,FALSE
"Respiratory:allergy_Medication","Other_Asthma_Medications","Zafirlukast",FALSE,"nonproprietary","Zafirlukast","Zafirlukast_nonproprietary_raw.csv","Zafirlukast","59651-291-60","10 mg/1","TABLET, FILM COATED","ORAL","ANDA213163","Aurobindo Pharma Limited","59651-291","Zafirlukast","ZAFIRLUKAST","HUMAN PRESCRIPTION DRUG","11/27/2023","N/A","ANDA","60 TABLET, FILM COATED in 1 BOTTLE (59651-291-60)","Cytochrome P450 2C9 Inhibitors [MoA],  Leukotriene Receptor Antagonist [EPC],  Leukotriene Receptor Antagonists [MoA]","N/A","No","12/31/2026",0,FALSE,FALSE
"Respiratory:allergy_Medication","Other_Asthma_Medications","Zafirlukast",FALSE,"nonproprietary","Zafirlukast","Zafirlukast_nonproprietary_raw.csv","Zafirlukast","59651-292-60","20 mg/1","TABLET, FILM COATED","ORAL","ANDA213163","Aurobindo Pharma Limited","59651-292","Zafirlukast","ZAFIRLUKAST","HUMAN PRESCRIPTION DRUG","11/27/2023","N/A","ANDA","60 TABLET, FILM COATED in 1 BOTTLE (59651-292-60)","Cytochrome P450 2C9 Inhibitors [MoA],  Leukotriene Receptor Antagonist [EPC],  Leukotriene Receptor Antagonists [MoA]","N/A","No","12/31/2026",0,FALSE,FALSE
"Respiratory:allergy_Medication","Other_Asthma_Medications","Zafirlukast",FALSE,"nonproprietary","Zafirlukast","Zafirlukast_nonproprietary_raw.csv","Zafirlukast","64380-187-01","10 mg/1","TABLET, COATED","ORAL","NDA020547","Strides Pharma Science Limited","64380-187","zafirlukast","ZAFIRLUKAST","HUMAN PRESCRIPTION DRUG","09/15/2022","N/A","NDA AUTHORIZED GENERIC","60 TABLET, COATED in 1 BOTTLE (64380-187-01)","Cytochrome P450 2C9 Inhibitors [MoA],  Leukotriene Receptor Antagonist [EPC],  Leukotriene Receptor Antagonists [MoA]","N/A","No","12/31/2027",0,FALSE,FALSE
"Respiratory:allergy_Medication","Other_Asthma_Medications","Zafirlukast",FALSE,"nonproprietary","Zafirlukast","Zafirlukast_nonproprietary_raw.csv","Zafirlukast","64380-188-01","20 mg/1","TABLET, COATED","ORAL","NDA020547","Strides Pharma Science Limited","64380-188","zafirlukast","ZAFIRLUKAST","HUMAN PRESCRIPTION DRUG","08/01/2022","N/A","NDA AUTHORIZED GENERIC","60 TABLET, COATED in 1 BOTTLE (64380-188-01)","Cytochrome P450 2C9 Inhibitors [MoA],  Leukotriene Receptor Antagonist [EPC],  Leukotriene Receptor Antagonists [MoA]","N/A","No","12/31/2027",0,FALSE,FALSE
"Respiratory:allergy_Medication","Other_Asthma_Medications","Zafirlukast",FALSE,"nonproprietary","Zafirlukast","Zafirlukast_nonproprietary_raw.csv","Zafirlukast","68084-059-21","20 mg/1","TABLET, FILM COATED","ORAL","ANDA090372","American Health Packaging","68084-059","Zafirlukast","ZAFIRLUKAST","HUMAN PRESCRIPTION DRUG","06/03/2013","N/A","ANDA","30 BLISTER PACK in 1 BOX, UNIT-DOSE (68084-059-21)  / 1 TABLET, FILM COATED in 1 BLISTER PACK (68084-059-11)","Cytochrome P450 2C9 Inhibitors [MoA],  Leukotriene Receptor Antagonist [EPC],  Leukotriene Receptor Antagonists [MoA]","N/A","No","12/31/2026",0,FALSE,FALSE
"Respiratory:allergy_Medication","Other_Asthma_Medications","Zafirlukast",FALSE,"nonproprietary","Zafirlukast","Zafirlukast_nonproprietary_raw.csv","Zafirlukast","72162-2361-6","20 mg/1","TABLET, FILM COATED","ORAL","ANDA212475","Bryant Ranch Prepack","72162-2361","Zafirlukast","ZAFIRLUKAST","HUMAN PRESCRIPTION DRUG","06/28/2024","N/A","ANDA","60 TABLET, FILM COATED in 1 BOTTLE (72162-2361-6)","Cytochrome P450 2C9 Inhibitors [MoA],  Leukotriene Receptor Antagonist [EPC],  Leukotriene Receptor Antagonists [MoA]","N/A","No","12/31/2026",0,FALSE,FALSE
"Respiratory:allergy_Medication","Other_Asthma_Medications","Zileuton",FALSE,"nonproprietary | proprietary","Zileuton | Zyflo","Zileuton_nonproprietary_raw.csv | Zileuton_Zyflo_proprietary_raw.csv","ZYFLO","10122-901-12","600 mg/1","TABLET","ORAL","NDA020471","Chiesi USA, Inc.","10122-901","zileuton","ZILEUTON","HUMAN PRESCRIPTION DRUG","12/06/1996","11/30/2027","NDA","120 TABLET in 1 BOTTLE (10122-901-12)","5-Lipoxygenase Inhibitor [EPC],  5-Lipoxygenase Inhibitors [MoA],  Decreased Leukotriene Production [PE]","N/A","No","N/A",0,FALSE,FALSE
"Respiratory:allergy_Medication","Other_Asthma_Medications","Zileuton",FALSE,"nonproprietary","Zileuton","Zileuton_nonproprietary_raw.csv","Zileuton","31722-044-12","600 mg/1","TABLET, FILM COATED, EXTENDED RELEASE","ORAL","ANDA215742","Camber Pharmaceuticals, Inc.","31722-044","Zileuton","ZILEUTON","HUMAN PRESCRIPTION DRUG","10/11/2022","N/A","ANDA","120 TABLET, FILM COATED, EXTENDED RELEASE in 1 BOTTLE (31722-044-12)","5-Lipoxygenase Inhibitor [EPC],  5-Lipoxygenase Inhibitors [MoA],  Decreased Leukotriene Production [PE]","N/A","No","12/31/2026",0,FALSE,FALSE
"Respiratory:allergy_Medication","Other_Asthma_Medications","Zileuton",FALSE,"nonproprietary","Zileuton","Zileuton_nonproprietary_raw.csv","Zileuton","51407-741-12","600 mg/1","TABLET, MULTILAYER, EXTENDED RELEASE","ORAL","ANDA212670","Golden State Medical Supply, Inc.","51407-741","zileuton","ZILEUTON","HUMAN PRESCRIPTION DRUG","01/19/2023","N/A","ANDA","120 TABLET, MULTILAYER, EXTENDED RELEASE in 1 BOTTLE (51407-741-12)","5-Lipoxygenase Inhibitor [EPC],  5-Lipoxygenase Inhibitors [MoA],  Decreased Leukotriene Production [PE]","N/A","No","12/31/2026",0,FALSE,FALSE
"Respiratory:allergy_Medication","Other_Asthma_Medications","Zileuton",FALSE,"nonproprietary","Zileuton","Zileuton_nonproprietary_raw.csv","Zileuton","64380-189-01","600 mg/1","TABLET, MULTILAYER, EXTENDED RELEASE","ORAL","ANDA212670","Strides Pharma Science Limited","64380-189","zileuton","ZILEUTON","HUMAN PRESCRIPTION DRUG","10/15/2022","N/A","ANDA","120 TABLET, MULTILAYER, EXTENDED RELEASE in 1 BOTTLE (64380-189-01)","5-Lipoxygenase Inhibitor [EPC],  5-Lipoxygenase Inhibitors [MoA],  Decreased Leukotriene Production [PE]","N/A","No","12/31/2026",0,FALSE,FALSE
"Respiratory:allergy_Medication","Other_Asthma_Medications","Zileuton",FALSE,"nonproprietary","Zileuton","Zileuton_nonproprietary_raw.csv","Zileuton","64980-206-12","600 mg/1","TABLET, EXTENDED RELEASE","ORAL","ANDA204929","Rising Pharma Holdings, Inc.","64980-206","Zileuton","ZILEUTON","HUMAN PRESCRIPTION DRUG","03/21/2017","N/A","ANDA","120 TABLET, EXTENDED RELEASE in 1 BOTTLE (64980-206-12)","5-Lipoxygenase Inhibitor [EPC],  5-Lipoxygenase Inhibitors [MoA],  Decreased Leukotriene Production [PE]","N/A","No","12/31/2026",0,FALSE,FALSE
"Respiratory:allergy_Medication","Other_Asthma_Medications","Zileuton",FALSE,"nonproprietary","Zileuton","Zileuton_nonproprietary_raw.csv","Zileuton","72603-246-01","600 mg/1","TABLET, FILM COATED, EXTENDED RELEASE","ORAL","ANDA215742","NorthStar RxLLC","72603-246","Zileuton","ZILEUTON","HUMAN PRESCRIPTION DRUG","05/01/2024","N/A","ANDA","120 TABLET, FILM COATED, EXTENDED RELEASE in 1 BOTTLE (72603-246-01)","5-Lipoxygenase Inhibitor [EPC],  5-Lipoxygenase Inhibitors [MoA],  Decreased Leukotriene Production [PE]","N/A","No","12/31/2026",0,FALSE,FALSE
