"Proprietary Name","NDC Package Code","Strength","Dosage Form","Route","Appl. No.","Labeler Name","Product NDC","Nonproprietary Name","Substance Name","Product Type Name","Start Marketing Date","End Marketing Date","Market Category","Package Description","Pharm Class","DEA","Sample Package","Listing Record Certified Through:"
"Metformin Hydrochloride","50090-5246-0","750 mg/1","TABLET, EXTENDED RELEASE","ORAL","ANDA206145","A-S Medication Solutions","50090-5246","Metformin Hydrochloride","METFORMIN HYDROCHLORIDE","HUMAN PRESCRIPTION DRUG","10/12/2020","N/A","ANDA","90 TABLET, EXTENDED RELEASE in 1 BOTTLE (50090-5246-0)","Biguanide [EPC],  Biguanides [CS]","N/A","No","12/31/2026"
"Metformin Hydrochloride","50090-5246-1","750 mg/1","TABLET, EXTENDED RELEASE","ORAL","ANDA206145","A-S Medication Solutions","50090-5246","Metformin Hydrochloride","METFORMIN HYDROCHLORIDE","HUMAN PRESCRIPTION DRUG","10/12/2020","N/A","ANDA","60 TABLET, EXTENDED RELEASE in 1 BOTTLE (50090-5246-1)","Biguanide [EPC],  Biguanides [CS]","N/A","No","12/31/2026"
"Metformin Hydrochloride","50090-5246-2","750 mg/1","TABLET, EXTENDED RELEASE","ORAL","ANDA206145","A-S Medication Solutions","50090-5246","Metformin Hydrochloride","METFORMIN HYDROCHLORIDE","HUMAN PRESCRIPTION DRUG","03/13/2023","N/A","ANDA","100 TABLET, EXTENDED RELEASE in 1 BOTTLE (50090-5246-2)","Biguanide [EPC],  Biguanides [CS]","N/A","No","12/31/2026"
"Metformin Hydrochloride","50090-5246-3","750 mg/1","TABLET, EXTENDED RELEASE","ORAL","ANDA206145","A-S Medication Solutions","50090-5246","Metformin Hydrochloride","METFORMIN HYDROCHLORIDE","HUMAN PRESCRIPTION DRUG","08/04/2023","N/A","ANDA","30 TABLET, EXTENDED RELEASE in 1 BOTTLE (50090-5246-3)","Biguanide [EPC],  Biguanides [CS]","N/A","No","12/31/2026"
"Metformin Hydrochloride","50090-7866-0","1000 mg/1","TABLET, FILM COATED","ORAL","ANDA209882","A-S Medication Solutions","50090-7866","Metformin Hydrochloride","METFORMIN HYDROCHLORIDE","HUMAN PRESCRIPTION DRUG","01/26/2026","N/A","ANDA","90 TABLET, FILM COATED in 1 BOTTLE (50090-7866-0)","Biguanide [EPC],  Biguanides [CS]","N/A","No","12/31/2027"
"Metformin Hydrochloride","24658-792-05","1000 mg/1","TABLET, FILM COATED","ORAL","ANDA075965","PuraCap Laboratories LLC dba Blu Pharmaceuticals","24658-792","Metformin Hydrochloride","METFORMIN HYDROCHLORIDE","HUMAN PRESCRIPTION DRUG","04/01/2016","N/A","ANDA","500 TABLET, FILM COATED in 1 BOTTLE (24658-792-05)","Biguanide [EPC],  Biguanides [CS]","N/A","No","12/31/2026"
"Metformin Hydrochloride","70010-064-01","850 mg/1","TABLET","ORAL","ANDA090564","Granules Pharmaceuticals Inc.","70010-064","Metformin Hydrochloride","METFORMIN HYDROCHLORIDE","HUMAN PRESCRIPTION DRUG","06/26/2019","N/A","ANDA","100 TABLET in 1 BOTTLE (70010-064-01)","Biguanide [EPC],  Biguanides [CS]","N/A","No","12/31/2027"
"Metformin Hydrochloride","70010-064-05","850 mg/1","TABLET","ORAL","ANDA090564","Granules Pharmaceuticals Inc.","70010-064","Metformin Hydrochloride","METFORMIN HYDROCHLORIDE","HUMAN PRESCRIPTION DRUG","06/26/2019","N/A","ANDA","500 TABLET in 1 BOTTLE (70010-064-05)","Biguanide [EPC],  Biguanides [CS]","N/A","No","12/31/2027"
"Metformin Hydrochloride","70010-064-06","850 mg/1","TABLET","ORAL","ANDA090564","Granules Pharmaceuticals Inc.","70010-064","Metformin Hydrochloride","METFORMIN HYDROCHLORIDE","HUMAN PRESCRIPTION DRUG","06/26/2019","N/A","ANDA","60 TABLET in 1 BOTTLE (70010-064-06)","Biguanide [EPC],  Biguanides [CS]","N/A","No","12/31/2027"
"Metformin Hydrochloride","70010-064-09","850 mg/1","TABLET","ORAL","ANDA090564","Granules Pharmaceuticals Inc.","70010-064","Metformin Hydrochloride","METFORMIN HYDROCHLORIDE","HUMAN PRESCRIPTION DRUG","06/26/2019","N/A","ANDA","90 TABLET in 1 BOTTLE (70010-064-09)","Biguanide [EPC],  Biguanides [CS]","N/A","No","12/31/2027"
"Metformin Hydrochloride","70010-064-10","850 mg/1","TABLET","ORAL","ANDA090564","Granules Pharmaceuticals Inc.","70010-064","Metformin Hydrochloride","METFORMIN HYDROCHLORIDE","HUMAN PRESCRIPTION DRUG","06/26/2019","N/A","ANDA","1000 TABLET in 1 BOTTLE (70010-064-10)","Biguanide [EPC],  Biguanides [CS]","N/A","No","12/31/2027"
"Metformin Hydrochloride","70010-064-99","850 mg/1","TABLET","ORAL","ANDA090564","Granules Pharmaceuticals Inc.","70010-064","Metformin Hydrochloride","METFORMIN HYDROCHLORIDE","HUMAN PRESCRIPTION DRUG","08/09/2023","N/A","ANDA","1000 TABLET in 1 BOTTLE (70010-064-99)","Biguanide [EPC],  Biguanides [CS]","N/A","No","12/31/2027"
"Metformin Hydrochloride","50090-7597-0","500 mg/1","TABLET","ORAL","ANDA090564","A-S Medication Solutions","50090-7597","Metformin Hydrochloride","METFORMIN HYDROCHLORIDE","HUMAN PRESCRIPTION DRUG","07/07/2025","N/A","ANDA","90 TABLET in 1 BOTTLE (50090-7597-0)","Biguanide [EPC],  Biguanides [CS]","N/A","No","12/31/2026"
"Glyburide and Metformin Hydrochloride","51655-942-26","5 mg/1,  500 mg/1","TABLET, FILM COATED","ORAL","ANDA077870","Northwind Health Company, LLC","51655-942","Glyburide and Metformin Hydrochloride","GLYBURIDE,  METFORMIN HYDROCHLORIDE","HUMAN PRESCRIPTION DRUG","05/21/2020","N/A","ANDA","90 TABLET, FILM COATED in 1 BOTTLE, PLASTIC (51655-942-26)","Biguanide [EPC],  Biguanides [CS],  Sulfonylurea Compounds [CS],  Sulfonylurea [EPC]","N/A","No","12/31/2027"
"Metformin Hydrochloride","24658-790-01","500 mg/1","TABLET, FILM COATED","ORAL","ANDA075965","PuraCap Laboratories LLC dba Blu Pharmaceuticals","24658-790","Metformin Hydrochloride","METFORMIN HYDROCHLORIDE","HUMAN PRESCRIPTION DRUG","04/01/2016","N/A","ANDA","100 TABLET, FILM COATED in 1 BOTTLE (24658-790-01)","Biguanide [EPC],  Biguanides [CS]","N/A","No","12/31/2026"
"Metformin Hydrochloride","24658-790-10","500 mg/1","TABLET, FILM COATED","ORAL","ANDA075965","PuraCap Laboratories LLC dba Blu Pharmaceuticals","24658-790","Metformin Hydrochloride","METFORMIN HYDROCHLORIDE","HUMAN PRESCRIPTION DRUG","04/01/2016","N/A","ANDA","1000 TABLET, FILM COATED in 1 BOTTLE (24658-790-10)","Biguanide [EPC],  Biguanides [CS]","N/A","No","12/31/2026"
"Metformin Hydrochloride","70010-065-01","1000 mg/1","TABLET","ORAL","ANDA090564","Granules Pharmaceuticals Inc.","70010-065","Metformin Hydrochloride","METFORMIN HYDROCHLORIDE","HUMAN PRESCRIPTION DRUG","06/26/2019","N/A","ANDA","100 TABLET in 1 BOTTLE (70010-065-01)","Biguanide [EPC],  Biguanides [CS]","N/A","No","12/31/2027"
"Metformin Hydrochloride","70010-065-05","1000 mg/1","TABLET","ORAL","ANDA090564","Granules Pharmaceuticals Inc.","70010-065","Metformin Hydrochloride","METFORMIN HYDROCHLORIDE","HUMAN PRESCRIPTION DRUG","06/26/2019","N/A","ANDA","500 TABLET in 1 BOTTLE (70010-065-05)","Biguanide [EPC],  Biguanides [CS]","N/A","No","12/31/2027"
"Metformin Hydrochloride","70010-065-06","1000 mg/1","TABLET","ORAL","ANDA090564","Granules Pharmaceuticals Inc.","70010-065","Metformin Hydrochloride","METFORMIN HYDROCHLORIDE","HUMAN PRESCRIPTION DRUG","06/26/2019","N/A","ANDA","60 TABLET in 1 BOTTLE (70010-065-06)","Biguanide [EPC],  Biguanides [CS]","N/A","No","12/31/2027"
"Metformin Hydrochloride","70010-065-09","1000 mg/1","TABLET","ORAL","ANDA090564","Granules Pharmaceuticals Inc.","70010-065","Metformin Hydrochloride","METFORMIN HYDROCHLORIDE","HUMAN PRESCRIPTION DRUG","06/26/2019","N/A","ANDA","90 TABLET in 1 BOTTLE (70010-065-09)","Biguanide [EPC],  Biguanides [CS]","N/A","No","12/31/2027"
"Metformin Hydrochloride","70010-065-10","1000 mg/1","TABLET","ORAL","ANDA090564","Granules Pharmaceuticals Inc.","70010-065","Metformin Hydrochloride","METFORMIN HYDROCHLORIDE","HUMAN PRESCRIPTION DRUG","06/26/2019","N/A","ANDA","1000 TABLET in 1 BOTTLE (70010-065-10)","Biguanide [EPC],  Biguanides [CS]","N/A","No","12/31/2027"
"Metformin Hydrochloride","70010-065-99","1000 mg/1","TABLET","ORAL","ANDA090564","Granules Pharmaceuticals Inc.","70010-065","Metformin Hydrochloride","METFORMIN HYDROCHLORIDE","HUMAN PRESCRIPTION DRUG","08/09/2023","N/A","ANDA","1000 TABLET in 1 BOTTLE (70010-065-99)","Biguanide [EPC],  Biguanides [CS]","N/A","No","12/31/2027"
"Sitagliptin and Metformin Hydrochloride","84677-052-18","50 mg/1,  500 mg/1","TABLET, FILM COATED","ORAL","ANDA202426","Golden State Medical Supply, Inc.","84677-052","Sitagliptin and Metformin Hydrochloride","SITAGLIPTIN PHOSPHATE,  METFORMIN HYDROCHLORIDE","HUMAN PRESCRIPTION DRUG","06/01/2026","N/A","ANDA","180 TABLET, FILM COATED in 1 BOTTLE (84677-052-18)","Biguanide [EPC],  Biguanides [CS],  Dipeptidyl Peptidase 4 Inhibitor [EPC],  Dipeptidyl Peptidase 4 Inhibitors [MoA]","N/A","No","12/31/2027"
"Sitagliptin and Metformin Hydrochloride","84677-052-60","50 mg/1,  500 mg/1","TABLET, FILM COATED","ORAL","ANDA202426","Golden State Medical Supply, Inc.","84677-052","Sitagliptin and Metformin Hydrochloride","SITAGLIPTIN PHOSPHATE,  METFORMIN HYDROCHLORIDE","HUMAN PRESCRIPTION DRUG","06/01/2026","N/A","ANDA","60 TABLET, FILM COATED in 1 BOTTLE (84677-052-60)","Biguanide [EPC],  Biguanides [CS],  Dipeptidyl Peptidase 4 Inhibitor [EPC],  Dipeptidyl Peptidase 4 Inhibitors [MoA]","N/A","No","12/31/2027"
"Metformin Hydrochloride","70518-3101-0","1000 mg/1","TABLET","ORAL","ANDA090564","REMEDYREPACK INC.","70518-3101","Metformin Hydrochloride","METFORMIN HYDROCHLORIDE","HUMAN PRESCRIPTION DRUG","05/24/2021","N/A","ANDA","30 TABLET in 1 BLISTER PACK (70518-3101-0)","Biguanide [EPC],  Biguanides [CS]","N/A","No","12/31/2027"
"Metformin Hydrochloride","70518-3101-1","1000 mg/1","TABLET","ORAL","ANDA090564","REMEDYREPACK INC.","70518-3101","Metformin Hydrochloride","METFORMIN HYDROCHLORIDE","HUMAN PRESCRIPTION DRUG","07/26/2022","N/A","ANDA","180 TABLET in 1 BOTTLE, PLASTIC (70518-3101-1)","Biguanide [EPC],  Biguanides [CS]","N/A","No","12/31/2027"
"Metformin Hydrochloride","70518-3101-2","1000 mg/1","TABLET","ORAL","ANDA090564","REMEDYREPACK INC.","70518-3101","Metformin Hydrochloride","METFORMIN HYDROCHLORIDE","HUMAN PRESCRIPTION DRUG","07/29/2022","N/A","ANDA","90 TABLET in 1 BOTTLE, PLASTIC (70518-3101-2)","Biguanide [EPC],  Biguanides [CS]","N/A","No","12/31/2027"
"Metformin Hydrochloride","70518-3101-4","1000 mg/1","TABLET","ORAL","ANDA090564","REMEDYREPACK INC.","70518-3101","Metformin Hydrochloride","METFORMIN HYDROCHLORIDE","HUMAN PRESCRIPTION DRUG","03/20/2024","N/A","ANDA","30 TABLET in 1 BLISTER PACK (70518-3101-4)","Biguanide [EPC],  Biguanides [CS]","N/A","No","12/31/2027"
"Metformin Hydrochloride","70518-3101-5","1000 mg/1","TABLET","ORAL","ANDA090564","REMEDYREPACK INC.","70518-3101","Metformin Hydrochloride","METFORMIN HYDROCHLORIDE","HUMAN PRESCRIPTION DRUG","12/09/2024","N/A","ANDA","60 TABLET in 1 BOTTLE, PLASTIC (70518-3101-5)","Biguanide [EPC],  Biguanides [CS]","N/A","No","12/31/2027"
"Metformin Hydrochloride","70518-3101-6","1000 mg/1","TABLET","ORAL","ANDA090564","REMEDYREPACK INC.","70518-3101","Metformin Hydrochloride","METFORMIN HYDROCHLORIDE","HUMAN PRESCRIPTION DRUG","03/19/2025","N/A","ANDA","100 TABLET in 1 BOTTLE, PLASTIC (70518-3101-6)","Biguanide [EPC],  Biguanides [CS]","N/A","No","12/31/2027"
"XIGDUO XR","0310-6260-60","5 mg/1,  1000 mg/1","TABLET, FILM COATED, EXTENDED RELEASE","ORAL","NDA205649","AstraZeneca Pharmaceuticals LP","0310-6260","dapagliflozin and metformin hydrochloride","DAPAGLIFLOZIN PROPANEDIOL,  METFORMIN HYDROCHLORIDE","HUMAN PRESCRIPTION DRUG","11/11/2014","N/A","NDA","60 TABLET, FILM COATED, EXTENDED RELEASE in 1 BOTTLE, PLASTIC (0310-6260-60)","Biguanide [EPC],  Biguanides [CS],  Sodium-Glucose Cotransporter 2 Inhibitor [EPC],  Sodium-Glucose Transporter 2 Inhibitors [MoA]","N/A","No","12/31/2027"
"XIGDUO XR","0310-6260-95","5 mg/1,  1000 mg/1","TABLET, FILM COATED, EXTENDED RELEASE","ORAL","NDA205649","AstraZeneca Pharmaceuticals LP","0310-6260","dapagliflozin and metformin hydrochloride","DAPAGLIFLOZIN PROPANEDIOL,  METFORMIN HYDROCHLORIDE","HUMAN PRESCRIPTION DRUG","11/11/2014","N/A","NDA","1 BLISTER PACK in 1 CARTON (0310-6260-95)  / 7 TABLET, FILM COATED, EXTENDED RELEASE in 1 BLISTER PACK","Biguanide [EPC],  Biguanides [CS],  Sodium-Glucose Cotransporter 2 Inhibitor [EPC],  Sodium-Glucose Transporter 2 Inhibitors [MoA]","N/A","Yes","12/31/2027"
"Sitagliptin and Metformin Hydrochloride","84677-053-18","50 mg/1,  1000 mg/1","TABLET, FILM COATED","ORAL","ANDA202426","Golden State Medical Supply, Inc.","84677-053","Sitagliptin and Metformin Hydrochloride","SITAGLIPTIN PHOSPHATE,  METFORMIN HYDROCHLORIDE","HUMAN PRESCRIPTION DRUG","06/01/2026","N/A","ANDA","180 TABLET, FILM COATED in 1 BOTTLE (84677-053-18)","Biguanide [EPC],  Biguanides [CS],  Dipeptidyl Peptidase 4 Inhibitor [EPC],  Dipeptidyl Peptidase 4 Inhibitors [MoA]","N/A","No","12/31/2027"
"Sitagliptin and Metformin Hydrochloride","84677-053-60","50 mg/1,  1000 mg/1","TABLET, FILM COATED","ORAL","ANDA202426","Golden State Medical Supply, Inc.","84677-053","Sitagliptin and Metformin Hydrochloride","SITAGLIPTIN PHOSPHATE,  METFORMIN HYDROCHLORIDE","HUMAN PRESCRIPTION DRUG","06/01/2026","N/A","ANDA","60 TABLET, FILM COATED in 1 BOTTLE (84677-053-60)","Biguanide [EPC],  Biguanides [CS],  Dipeptidyl Peptidase 4 Inhibitor [EPC],  Dipeptidyl Peptidase 4 Inhibitors [MoA]","N/A","No","12/31/2027"
"Metformin Hydrochloride","24658-791-05","850 mg/1","TABLET, FILM COATED","ORAL","ANDA075965","PuraCap Laboratories LLC dba Blu Pharmaceuticals","24658-791","Metformin Hydrochloride","METFORMIN HYDROCHLORIDE","HUMAN PRESCRIPTION DRUG","04/01/2016","N/A","ANDA","500 TABLET, FILM COATED in 1 BOTTLE (24658-791-05)","Biguanide [EPC],  Biguanides [CS]","N/A","No","12/31/2026"
"Metformin Hydrochloride","25000-101-03","500 mg/1","TABLET, EXTENDED RELEASE","ORAL","ANDA090295","MARKSANS PHARMA LIMITED","25000-101","Metformin Hydrochloride","METFORMIN HYDROCHLORIDE","HUMAN PRESCRIPTION DRUG","05/12/2016","N/A","ANDA","30 TABLET, EXTENDED RELEASE in 1 BOTTLE (25000-101-03)","Biguanide [EPC],  Biguanides [CS]","N/A","No","12/31/2027"
"Metformin Hydrochloride","25000-101-12","500 mg/1","TABLET, EXTENDED RELEASE","ORAL","ANDA090295","MARKSANS PHARMA LIMITED","25000-101","Metformin Hydrochloride","METFORMIN HYDROCHLORIDE","HUMAN PRESCRIPTION DRUG","05/12/2016","N/A","ANDA","500 TABLET, EXTENDED RELEASE in 1 BOTTLE (25000-101-12)","Biguanide [EPC],  Biguanides [CS]","N/A","No","12/31/2027"
"Metformin Hydrochloride","25000-101-14","500 mg/1","TABLET, EXTENDED RELEASE","ORAL","ANDA090295","MARKSANS PHARMA LIMITED","25000-101","Metformin Hydrochloride","METFORMIN HYDROCHLORIDE","HUMAN PRESCRIPTION DRUG","06/24/2022","N/A","ANDA","1000 TABLET, EXTENDED RELEASE in 1 BOTTLE (25000-101-14)","Biguanide [EPC],  Biguanides [CS]","N/A","No","12/31/2027"
"Metformin Hydrochloride","25000-101-97","500 mg/1","TABLET, EXTENDED RELEASE","ORAL","ANDA090295","MARKSANS PHARMA LIMITED","25000-101","Metformin Hydrochloride","METFORMIN HYDROCHLORIDE","HUMAN PRESCRIPTION DRUG","05/12/2016","N/A","ANDA","4 BAG in 1 BOX (25000-101-97)  / 2000 TABLET, EXTENDED RELEASE in 1 BAG","Biguanide [EPC],  Biguanides [CS]","N/A","No","12/31/2027"
"Metformin Hydrochloride","25000-101-98","500 mg/1","TABLET, EXTENDED RELEASE","ORAL","ANDA090295","MARKSANS PHARMA LIMITED","25000-101","Metformin Hydrochloride","METFORMIN HYDROCHLORIDE","HUMAN PRESCRIPTION DRUG","05/12/2016","N/A","ANDA","1 BAG in 1 BOX (25000-101-98)  / 11695 TABLET, EXTENDED RELEASE in 1 BAG","Biguanide [EPC],  Biguanides [CS]","N/A","No","12/31/2027"
"Glipizide and Metformin Hydrochloride","70518-0373-0","500 mg/1,  5 mg/1","TABLET, FILM COATED","ORAL","ANDA077270","REMEDYREPACK INC.","70518-0373","Glipizide and Metformin Hydrochloride","METFORMIN HYDROCHLORIDE,  GLIPIZIDE","HUMAN PRESCRIPTION DRUG","04/03/2017","N/A","ANDA","90 TABLET, FILM COATED in 1 BOTTLE, PLASTIC (70518-0373-0)","Biguanide [EPC],  Biguanides [CS],  Sulfonylurea Compounds [CS],  Sulfonylurea [EPC]","N/A","No","12/31/2027"
"Glipizide and Metformin Hydrochloride","70518-0373-1","500 mg/1,  5 mg/1","TABLET, FILM COATED","ORAL","ANDA077270","REMEDYREPACK INC.","70518-0373","Glipizide and Metformin Hydrochloride","METFORMIN HYDROCHLORIDE,  GLIPIZIDE","HUMAN PRESCRIPTION DRUG","04/03/2017","N/A","ANDA","180 TABLET, FILM COATED in 1 BOTTLE, PLASTIC (70518-0373-1)","Biguanide [EPC],  Biguanides [CS],  Sulfonylurea Compounds [CS],  Sulfonylurea [EPC]","N/A","No","12/31/2027"
"Metformin Hydrochloride","43063-527-14","500 mg/1","TABLET","ORAL","ANDA077880","PD-Rx Pharmaceuticals, Inc.","43063-527","Metformin Hydrochloride","METFORMIN HYDROCHLORIDE","HUMAN PRESCRIPTION DRUG","05/12/2017","N/A","ANDA","14 TABLET in 1 BOTTLE, PLASTIC (43063-527-14)","Biguanide [EPC],  Biguanides [CS]","N/A","No","12/31/2026"
"Metformin Hydrochloride","43063-527-20","500 mg/1","TABLET","ORAL","ANDA077880","PD-Rx Pharmaceuticals, Inc.","43063-527","Metformin Hydrochloride","METFORMIN HYDROCHLORIDE","HUMAN PRESCRIPTION DRUG","09/16/2013","N/A","ANDA","20 TABLET in 1 BOTTLE, PLASTIC (43063-527-20)","Biguanide [EPC],  Biguanides [CS]","N/A","No","12/31/2026"
"Metformin Hydrochloride","43063-527-30","500 mg/1","TABLET","ORAL","ANDA077880","PD-Rx Pharmaceuticals, Inc.","43063-527","Metformin Hydrochloride","METFORMIN HYDROCHLORIDE","HUMAN PRESCRIPTION DRUG","09/16/2013","N/A","ANDA","30 TABLET in 1 BOTTLE, PLASTIC (43063-527-30)","Biguanide [EPC],  Biguanides [CS]","N/A","No","12/31/2026"
"Metformin Hydrochloride","43063-527-60","500 mg/1","TABLET","ORAL","ANDA077880","PD-Rx Pharmaceuticals, Inc.","43063-527","Metformin Hydrochloride","METFORMIN HYDROCHLORIDE","HUMAN PRESCRIPTION DRUG","09/16/2013","N/A","ANDA","60 TABLET in 1 BOTTLE, PLASTIC (43063-527-60)","Biguanide [EPC],  Biguanides [CS]","N/A","No","12/31/2026"
"Metformin Hydrochloride","43063-527-90","500 mg/1","TABLET","ORAL","ANDA077880","PD-Rx Pharmaceuticals, Inc.","43063-527","Metformin Hydrochloride","METFORMIN HYDROCHLORIDE","HUMAN PRESCRIPTION DRUG","09/16/2013","N/A","ANDA","90 TABLET in 1 BOTTLE, PLASTIC (43063-527-90)","Biguanide [EPC],  Biguanides [CS]","N/A","No","12/31/2026"
"Metformin Hydrochloride","43063-527-93","500 mg/1","TABLET","ORAL","ANDA077880","PD-Rx Pharmaceuticals, Inc.","43063-527","Metformin Hydrochloride","METFORMIN HYDROCHLORIDE","HUMAN PRESCRIPTION DRUG","09/16/2013","N/A","ANDA","180 TABLET in 1 BOTTLE, PLASTIC (43063-527-93)","Biguanide [EPC],  Biguanides [CS]","N/A","No","12/31/2026"
"Metformin Hydrochloride","43063-527-94","500 mg/1","TABLET","ORAL","ANDA077880","PD-Rx Pharmaceuticals, Inc.","43063-527","Metformin Hydrochloride","METFORMIN HYDROCHLORIDE","HUMAN PRESCRIPTION DRUG","09/16/2013","N/A","ANDA","270 TABLET in 1 BOTTLE, PLASTIC (43063-527-94)","Biguanide [EPC],  Biguanides [CS]","N/A","No","12/31/2026"
"Metformin Hydrochloride","43063-527-98","500 mg/1","TABLET","ORAL","ANDA077880","PD-Rx Pharmaceuticals, Inc.","43063-527","Metformin Hydrochloride","METFORMIN HYDROCHLORIDE","HUMAN PRESCRIPTION DRUG","09/16/2013","N/A","ANDA","120 TABLET in 1 BOTTLE, PLASTIC (43063-527-98)","Biguanide [EPC],  Biguanides [CS]","N/A","No","12/31/2026"
"Synjardy","0597-0175-18","5 mg/1,  1000 mg/1","TABLET","ORAL","NDA206111","Boehringer Ingelheim Pharmaceuticals, Inc.","0597-0175","empagliflozin and metformin hydrochloride","EMPAGLIFLOZIN,  METFORMIN HYDROCHLORIDE","HUMAN PRESCRIPTION DRUG","09/12/2015","N/A","NDA","180 TABLET in 1 BOTTLE (0597-0175-18)","Biguanide [EPC],  Biguanides [CS],  Sodium-Glucose Cotransporter 2 Inhibitor [EPC],  Sodium-Glucose Transporter 2 Inhibitors [MoA]","N/A","No","12/31/2027"
"Synjardy","0597-0175-60","5 mg/1,  1000 mg/1","TABLET","ORAL","NDA206111","Boehringer Ingelheim Pharmaceuticals, Inc.","0597-0175","empagliflozin and metformin hydrochloride","EMPAGLIFLOZIN,  METFORMIN HYDROCHLORIDE","HUMAN PRESCRIPTION DRUG","09/12/2015","N/A","NDA","60 TABLET in 1 BOTTLE (0597-0175-60)","Biguanide [EPC],  Biguanides [CS],  Sodium-Glucose Cotransporter 2 Inhibitor [EPC],  Sodium-Glucose Transporter 2 Inhibitors [MoA]","N/A","No","12/31/2027"
"METFORMIN HYDROCHLORIDE","23155-842-01","850 mg/1","TABLET","ORAL","ANDA213320","Heritage Pharmaceuticals Inc. d/b/a Avet Pharmaceuticals Inc.","23155-842","metformin hydrochloride","METFORMIN HYDROCHLORIDE","HUMAN PRESCRIPTION DRUG","01/19/2023","03/31/2027","ANDA","100 TABLET in 1 BOTTLE (23155-842-01)","Biguanide [EPC],  Biguanides [CS]","N/A","No","N/A"
"METFORMIN HYDROCHLORIDE","23155-842-05","850 mg/1","TABLET","ORAL","ANDA213320","Heritage Pharmaceuticals Inc. d/b/a Avet Pharmaceuticals Inc.","23155-842","metformin hydrochloride","METFORMIN HYDROCHLORIDE","HUMAN PRESCRIPTION DRUG","01/19/2023","03/31/2027","ANDA","500 TABLET in 1 BOTTLE (23155-842-05)","Biguanide [EPC],  Biguanides [CS]","N/A","No","N/A"
"METFORMIN HYDROCHLORIDE","23155-842-10","850 mg/1","TABLET","ORAL","ANDA213320","Heritage Pharmaceuticals Inc. d/b/a Avet Pharmaceuticals Inc.","23155-842","metformin hydrochloride","METFORMIN HYDROCHLORIDE","HUMAN PRESCRIPTION DRUG","08/30/2023","03/31/2027","ANDA","1000 TABLET in 1 BOTTLE (23155-842-10)","Biguanide [EPC],  Biguanides [CS]","N/A","No","N/A"
"METFORMIN HYDROCHLORIDE","23155-843-01","1000 mg/1","TABLET","ORAL","ANDA213320","Heritage Pharmaceuticals Inc. d/b/a Avet Pharmaceuticals Inc.","23155-843","metformin hydrochloride","METFORMIN HYDROCHLORIDE","HUMAN PRESCRIPTION DRUG","01/19/2023","04/30/2027","ANDA","100 TABLET in 1 BOTTLE (23155-843-01)","Biguanide [EPC],  Biguanides [CS]","N/A","No","N/A"
"METFORMIN HYDROCHLORIDE","23155-843-05","1000 mg/1","TABLET","ORAL","ANDA213320","Heritage Pharmaceuticals Inc. d/b/a Avet Pharmaceuticals Inc.","23155-843","metformin hydrochloride","METFORMIN HYDROCHLORIDE","HUMAN PRESCRIPTION DRUG","01/19/2023","04/30/2027","ANDA","500 TABLET in 1 BOTTLE (23155-843-05)","Biguanide [EPC],  Biguanides [CS]","N/A","No","N/A"
"METFORMIN HYDROCHLORIDE","23155-843-10","1000 mg/1","TABLET","ORAL","ANDA213320","Heritage Pharmaceuticals Inc. d/b/a Avet Pharmaceuticals Inc.","23155-843","metformin hydrochloride","METFORMIN HYDROCHLORIDE","HUMAN PRESCRIPTION DRUG","08/30/2023","04/30/2027","ANDA","1000 TABLET in 1 BOTTLE (23155-843-10)","Biguanide [EPC],  Biguanides [CS]","N/A","No","N/A"
"Metformin Hydrochloride","68788-4185-1","1000 mg/1","TABLET, FILM COATED","ORAL","ANDA077095","Preferred Pharmaceuticals Inc.","68788-4185","Metformin Hydrochloride","METFORMIN HYDROCHLORIDE","HUMAN PRESCRIPTION DRUG","08/27/2026","N/A","ANDA","100 TABLET, FILM COATED in 1 BOTTLE (68788-4185-1)","Biguanide [EPC],  Biguanides [CS]","N/A","No","12/31/2027"
"Metformin Hydrochloride","68788-4185-3","1000 mg/1","TABLET, FILM COATED","ORAL","ANDA077095","Preferred Pharmaceuticals Inc.","68788-4185","Metformin Hydrochloride","METFORMIN HYDROCHLORIDE","HUMAN PRESCRIPTION DRUG","08/27/2026","N/A","ANDA","30 TABLET, FILM COATED in 1 BOTTLE (68788-4185-3)","Biguanide [EPC],  Biguanides [CS]","N/A","No","12/31/2027"
"Metformin Hydrochloride","68788-4185-6","1000 mg/1","TABLET, FILM COATED","ORAL","ANDA077095","Preferred Pharmaceuticals Inc.","68788-4185","Metformin Hydrochloride","METFORMIN HYDROCHLORIDE","HUMAN PRESCRIPTION DRUG","08/27/2026","N/A","ANDA","60 TABLET, FILM COATED in 1 BOTTLE (68788-4185-6)","Biguanide [EPC],  Biguanides [CS]","N/A","No","12/31/2027"
"Metformin Hydrochloride","68788-4185-7","1000 mg/1","TABLET, FILM COATED","ORAL","ANDA077095","Preferred Pharmaceuticals Inc.","68788-4185","Metformin Hydrochloride","METFORMIN HYDROCHLORIDE","HUMAN PRESCRIPTION DRUG","08/27/2026","N/A","ANDA","180 TABLET, FILM COATED in 1 BOTTLE (68788-4185-7)","Biguanide [EPC],  Biguanides [CS]","N/A","No","12/31/2027"
"Metformin Hydrochloride","68788-4185-8","1000 mg/1","TABLET, FILM COATED","ORAL","ANDA077095","Preferred Pharmaceuticals Inc.","68788-4185","Metformin Hydrochloride","METFORMIN HYDROCHLORIDE","HUMAN PRESCRIPTION DRUG","08/27/2026","N/A","ANDA","120 TABLET, FILM COATED in 1 BOTTLE (68788-4185-8)","Biguanide [EPC],  Biguanides [CS]","N/A","No","12/31/2027"
"Metformin Hydrochloride","68788-4185-9","1000 mg/1","TABLET, FILM COATED","ORAL","ANDA077095","Preferred Pharmaceuticals Inc.","68788-4185","Metformin Hydrochloride","METFORMIN HYDROCHLORIDE","HUMAN PRESCRIPTION DRUG","08/27/2026","N/A","ANDA","90 TABLET, FILM COATED in 1 BOTTLE (68788-4185-9)","Biguanide [EPC],  Biguanides [CS]","N/A","No","12/31/2027"
"Metformin Hydrochloride","68788-8756-1","850 mg/1","TABLET, FILM COATED","ORAL","ANDA209882","Preferred Pharmaceuticals Inc.","68788-8756","Metformin Hydrochloride","METFORMIN HYDROCHLORIDE","HUMAN PRESCRIPTION DRUG","10/14/2024","N/A","ANDA","100 TABLET, FILM COATED in 1 BOTTLE (68788-8756-1)","Biguanide [EPC],  Biguanides [CS]","N/A","No","12/31/2027"
"Metformin Hydrochloride","68788-8756-3","850 mg/1","TABLET, FILM COATED","ORAL","ANDA209882","Preferred Pharmaceuticals Inc.","68788-8756","Metformin Hydrochloride","METFORMIN HYDROCHLORIDE","HUMAN PRESCRIPTION DRUG","10/14/2024","N/A","ANDA","30 TABLET, FILM COATED in 1 BOTTLE (68788-8756-3)","Biguanide [EPC],  Biguanides [CS]","N/A","No","12/31/2027"
"Metformin Hydrochloride","68788-8756-6","850 mg/1","TABLET, FILM COATED","ORAL","ANDA209882","Preferred Pharmaceuticals Inc.","68788-8756","Metformin Hydrochloride","METFORMIN HYDROCHLORIDE","HUMAN PRESCRIPTION DRUG","10/14/2024","N/A","ANDA","60 TABLET, FILM COATED in 1 BOTTLE (68788-8756-6)","Biguanide [EPC],  Biguanides [CS]","N/A","No","12/31/2027"
"Metformin Hydrochloride","68788-8756-8","850 mg/1","TABLET, FILM COATED","ORAL","ANDA209882","Preferred Pharmaceuticals Inc.","68788-8756","Metformin Hydrochloride","METFORMIN HYDROCHLORIDE","HUMAN PRESCRIPTION DRUG","10/14/2024","N/A","ANDA","120 TABLET, FILM COATED in 1 BOTTLE (68788-8756-8)","Biguanide [EPC],  Biguanides [CS]","N/A","No","12/31/2027"
"Metformin Hydrochloride","68788-8756-9","850 mg/1","TABLET, FILM COATED","ORAL","ANDA209882","Preferred Pharmaceuticals Inc.","68788-8756","Metformin Hydrochloride","METFORMIN HYDROCHLORIDE","HUMAN PRESCRIPTION DRUG","10/14/2024","N/A","ANDA","90 TABLET, FILM COATED in 1 BOTTLE (68788-8756-9)","Biguanide [EPC],  Biguanides [CS]","N/A","No","12/31/2027"
"Metformin Hydrochloride","50090-7278-0","500 mg/1","TABLET, COATED","ORAL","ANDA205096","A-S Medication Solutions","50090-7278","Metformin Hydrochloride","METFORMIN HYDROCHLORIDE","HUMAN PRESCRIPTION DRUG","10/08/2024","N/A","ANDA","60 TABLET, COATED in 1 BOTTLE (50090-7278-0)","Biguanide [EPC],  Biguanides [CS]","N/A","No","12/31/2026"
"Metformin Hydrochloride","50090-7278-3","500 mg/1","TABLET, COATED","ORAL","ANDA205096","A-S Medication Solutions","50090-7278","Metformin Hydrochloride","METFORMIN HYDROCHLORIDE","HUMAN PRESCRIPTION DRUG","10/08/2024","N/A","ANDA","100 TABLET, COATED in 1 BOTTLE (50090-7278-3)","Biguanide [EPC],  Biguanides [CS]","N/A","No","12/31/2026"
"Metformin Hydrochloride","50090-7278-4","500 mg/1","TABLET, COATED","ORAL","ANDA205096","A-S Medication Solutions","50090-7278","Metformin Hydrochloride","METFORMIN HYDROCHLORIDE","HUMAN PRESCRIPTION DRUG","10/08/2024","N/A","ANDA","30 TABLET, COATED in 1 BOTTLE (50090-7278-4)","Biguanide [EPC],  Biguanides [CS]","N/A","No","12/31/2026"
"Metformin Hydrochloride","50090-7278-5","500 mg/1","TABLET, COATED","ORAL","ANDA205096","A-S Medication Solutions","50090-7278","Metformin Hydrochloride","METFORMIN HYDROCHLORIDE","HUMAN PRESCRIPTION DRUG","10/08/2024","N/A","ANDA","180 TABLET, COATED in 1 BOTTLE (50090-7278-5)","Biguanide [EPC],  Biguanides [CS]","N/A","No","12/31/2026"
"Metformin Hydrochloride","50090-7278-6","500 mg/1","TABLET, COATED","ORAL","ANDA205096","A-S Medication Solutions","50090-7278","Metformin Hydrochloride","METFORMIN HYDROCHLORIDE","HUMAN PRESCRIPTION DRUG","10/08/2024","N/A","ANDA","90 TABLET, COATED in 1 BOTTLE (50090-7278-6)","Biguanide [EPC],  Biguanides [CS]","N/A","No","12/31/2026"
"Pioglitazone Hydrochloride and Metformin Hydrochloride","57237-217-60","15 mg/1,  500 mg/1","TABLET, FILM COATED","ORAL","ANDA200823","Rising Pharma Holdings, Inc.","57237-217","Pioglitazone Hydrochloride and Metformin Hydrochloride","PIOGLITAZONE HYDROCHLORIDE,  METFORMIN HYDROCHLORIDE","HUMAN PRESCRIPTION DRUG","02/13/2013","N/A","ANDA","60 TABLET, FILM COATED in 1 BOTTLE (57237-217-60)","Biguanide [EPC],  Biguanides [CS],  Peroxisome Proliferator Receptor alpha Agonist [EPC],  Peroxisome Proliferator Receptor gamma Agonist [EPC],  Peroxisome Proliferator-activated Receptor alpha Agonists [MoA],  Peroxisome Proliferator-activated Receptor gamma Agonists [MoA],  Thiazolidinedione [EPC],  Thiazolidinediones [CS]","N/A","No","12/31/2026"
"Pioglitazone Hydrochloride and Metformin Hydrochloride","57237-217-81","15 mg/1,  500 mg/1","TABLET, FILM COATED","ORAL","ANDA200823","Rising Pharma Holdings, Inc.","57237-217","Pioglitazone Hydrochloride and Metformin Hydrochloride","PIOGLITAZONE HYDROCHLORIDE,  METFORMIN HYDROCHLORIDE","HUMAN PRESCRIPTION DRUG","02/13/2013","N/A","ANDA","180 TABLET, FILM COATED in 1 BOTTLE (57237-217-81)","Biguanide [EPC],  Biguanides [CS],  Peroxisome Proliferator Receptor alpha Agonist [EPC],  Peroxisome Proliferator Receptor gamma Agonist [EPC],  Peroxisome Proliferator-activated Receptor alpha Agonists [MoA],  Peroxisome Proliferator-activated Receptor gamma Agonists [MoA],  Thiazolidinedione [EPC],  Thiazolidinediones [CS]","N/A","No","12/31/2026"
"Metformin Hydrochloride","68071-3833-8","850 mg/1","TABLET, FILM COATED","ORAL","ANDA209882","NuCare Pharmaceuticals,Inc.","68071-3833","Metformin Hydrochloride","METFORMIN HYDROCHLORIDE","HUMAN PRESCRIPTION DRUG","04/18/2025","N/A","ANDA","180 TABLET, FILM COATED in 1 BOTTLE (68071-3833-8)","Biguanide [EPC],  Biguanides [CS]","N/A","No","12/31/2026"
"Metformin Hydrochloride","51655-853-25","500 mg/1","TABLET, EXTENDED RELEASE","ORAL","ANDA206145","Northwind Health Company, LLC","51655-853","Metformin Hydrochloride","METFORMIN HYDROCHLORIDE","HUMAN PRESCRIPTION DRUG","10/07/2022","N/A","ANDA","60 TABLET, EXTENDED RELEASE in 1 BOTTLE, PLASTIC (51655-853-25)","Biguanide [EPC],  Biguanides [CS]","N/A","No","12/31/2027"
"Metformin Hydrochloride","51655-853-26","500 mg/1","TABLET, EXTENDED RELEASE","ORAL","ANDA206145","Northwind Health Company, LLC","51655-853","Metformin Hydrochloride","METFORMIN HYDROCHLORIDE","HUMAN PRESCRIPTION DRUG","10/03/2023","N/A","ANDA","90 TABLET, EXTENDED RELEASE in 1 BOTTLE, PLASTIC (51655-853-26)","Biguanide [EPC],  Biguanides [CS]","N/A","No","12/31/2027"
"Metformin Hydrochloride","51655-853-52","500 mg/1","TABLET, EXTENDED RELEASE","ORAL","ANDA206145","Northwind Health Company, LLC","51655-853","Metformin Hydrochloride","METFORMIN HYDROCHLORIDE","HUMAN PRESCRIPTION DRUG","12/19/2022","N/A","ANDA","30 TABLET, EXTENDED RELEASE in 1 BOTTLE, PLASTIC (51655-853-52)","Biguanide [EPC],  Biguanides [CS]","N/A","No","12/31/2027"
"Metformin Hydrochloride","51655-853-82","500 mg/1","TABLET, EXTENDED RELEASE","ORAL","ANDA206145","Northwind Health Company, LLC","51655-853","Metformin Hydrochloride","METFORMIN HYDROCHLORIDE","HUMAN PRESCRIPTION DRUG","10/25/2022","N/A","ANDA","120 TABLET, EXTENDED RELEASE in 1 BOTTLE, PLASTIC (51655-853-82)","Biguanide [EPC],  Biguanides [CS]","N/A","No","12/31/2027"
"Sitagliptin and Metformin hydrochloride","10370-318-02","50 mg/1,  1000 mg/1","TABLET, FILM COATED, EXTENDED RELEASE","ORAL","ANDA204144","Par Health USA, LLC","10370-318","sitagliptin and metformin hydrochloride","SITAGLIPTIN PHOSPHATE,  METFORMIN HYDROCHLORIDE","HUMAN PRESCRIPTION DRUG","07/24/2026","N/A","ANDA","60 TABLET, FILM COATED, EXTENDED RELEASE in 1 BOTTLE, PLASTIC (10370-318-02)","Biguanide [EPC],  Biguanides [CS],  Dipeptidyl Peptidase 4 Inhibitor [EPC],  Dipeptidyl Peptidase 4 Inhibitors [MoA]","N/A","No","12/31/2027"
"Metformin Hydrochloride","25000-102-03","750 mg/1","TABLET, EXTENDED RELEASE","ORAL","ANDA090295","MARKSANS PHARMA LIMITED","25000-102","Metformin Hydrochloride","METFORMIN HYDROCHLORIDE","HUMAN PRESCRIPTION DRUG","05/12/2016","N/A","ANDA","30 TABLET, EXTENDED RELEASE in 1 BOTTLE (25000-102-03)","Biguanide [EPC],  Biguanides [CS]","N/A","No","12/31/2027"
"Metformin Hydrochloride","25000-102-12","750 mg/1","TABLET, EXTENDED RELEASE","ORAL","ANDA090295","MARKSANS PHARMA LIMITED","25000-102","Metformin Hydrochloride","METFORMIN HYDROCHLORIDE","HUMAN PRESCRIPTION DRUG","05/12/2016","N/A","ANDA","500 TABLET, EXTENDED RELEASE in 1 BOTTLE (25000-102-12)","Biguanide [EPC],  Biguanides [CS]","N/A","No","12/31/2027"
"Metformin Hydrochloride","25000-102-53","750 mg/1","TABLET, EXTENDED RELEASE","ORAL","ANDA090295","MARKSANS PHARMA LIMITED","25000-102","Metformin Hydrochloride","METFORMIN HYDROCHLORIDE","HUMAN PRESCRIPTION DRUG","05/12/2016","N/A","ANDA","4 BAG in 1 BOX (25000-102-53)  / 1500 TABLET, EXTENDED RELEASE in 1 BAG","Biguanide [EPC],  Biguanides [CS]","N/A","No","12/31/2027"
"Metformin Hydrochloride","25000-102-98","750 mg/1","TABLET, EXTENDED RELEASE","ORAL","ANDA090295","MARKSANS PHARMA LIMITED","25000-102","Metformin Hydrochloride","METFORMIN HYDROCHLORIDE","HUMAN PRESCRIPTION DRUG","05/12/2016","N/A","ANDA","1 BAG in 1 BOX (25000-102-98)  / 8510 TABLET, EXTENDED RELEASE in 1 BAG","Biguanide [EPC],  Biguanides [CS]","N/A","No","12/31/2027"
"METFORMIN HYDROCHLORIDE EXTENDED RELEASE","72789-009-30","500 mg/1","TABLET, EXTENDED RELEASE","ORAL","ANDA090295","PD-Rx Pharmaceuticals, Inc.","72789-009","Metformin Hydrochloride","METFORMIN HYDROCHLORIDE","HUMAN PRESCRIPTION DRUG","09/18/2019","N/A","ANDA","30 TABLET, EXTENDED RELEASE in 1 BOTTLE, PLASTIC (72789-009-30)","Biguanide [EPC],  Biguanides [CS]","N/A","No","12/31/2027"
"METFORMIN HYDROCHLORIDE EXTENDED RELEASE","72789-009-60","500 mg/1","TABLET, EXTENDED RELEASE","ORAL","ANDA090295","PD-Rx Pharmaceuticals, Inc.","72789-009","Metformin Hydrochloride","METFORMIN HYDROCHLORIDE","HUMAN PRESCRIPTION DRUG","09/20/2019","N/A","ANDA","60 TABLET, EXTENDED RELEASE in 1 BOTTLE, PLASTIC (72789-009-60)","Biguanide [EPC],  Biguanides [CS]","N/A","No","12/31/2027"
"METFORMIN HYDROCHLORIDE EXTENDED RELEASE","72789-009-90","500 mg/1","TABLET, EXTENDED RELEASE","ORAL","ANDA090295","PD-Rx Pharmaceuticals, Inc.","72789-009","Metformin Hydrochloride","METFORMIN HYDROCHLORIDE","HUMAN PRESCRIPTION DRUG","09/13/2019","N/A","ANDA","90 TABLET, EXTENDED RELEASE in 1 BOTTLE, PLASTIC (72789-009-90)","Biguanide [EPC],  Biguanides [CS]","N/A","No","12/31/2027"
"METFORMIN HYDROCHLORIDE EXTENDED RELEASE","72789-009-93","500 mg/1","TABLET, EXTENDED RELEASE","ORAL","ANDA090295","PD-Rx Pharmaceuticals, Inc.","72789-009","Metformin Hydrochloride","METFORMIN HYDROCHLORIDE","HUMAN PRESCRIPTION DRUG","09/13/2019","N/A","ANDA","180 TABLET, EXTENDED RELEASE in 1 BOTTLE, PLASTIC (72789-009-93)","Biguanide [EPC],  Biguanides [CS]","N/A","No","12/31/2027"
"Metformin Hydrochloride","43063-544-30","1000 mg/1","TABLET","ORAL","ANDA077880","PD-Rx Pharmaceuticals, Inc.","43063-544","Metformin Hydrochloride","METFORMIN HYDROCHLORIDE","HUMAN PRESCRIPTION DRUG","04/03/2014","N/A","ANDA","30 TABLET in 1 BOTTLE, PLASTIC (43063-544-30)","Biguanide [EPC],  Biguanides [CS]","N/A","No","12/31/2026"
"Metformin Hydrochloride","43063-544-60","1000 mg/1","TABLET","ORAL","ANDA077880","PD-Rx Pharmaceuticals, Inc.","43063-544","Metformin Hydrochloride","METFORMIN HYDROCHLORIDE","HUMAN PRESCRIPTION DRUG","04/03/2014","N/A","ANDA","60 TABLET in 1 BOTTLE, PLASTIC (43063-544-60)","Biguanide [EPC],  Biguanides [CS]","N/A","No","12/31/2026"
"Metformin Hydrochloride","43063-544-90","1000 mg/1","TABLET","ORAL","ANDA077880","PD-Rx Pharmaceuticals, Inc.","43063-544","Metformin Hydrochloride","METFORMIN HYDROCHLORIDE","HUMAN PRESCRIPTION DRUG","04/03/2014","N/A","ANDA","90 TABLET in 1 BOTTLE, PLASTIC (43063-544-90)","Biguanide [EPC],  Biguanides [CS]","N/A","No","12/31/2026"
"Metformin Hydrochloride","43063-544-93","1000 mg/1","TABLET","ORAL","ANDA077880","PD-Rx Pharmaceuticals, Inc.","43063-544","Metformin Hydrochloride","METFORMIN HYDROCHLORIDE","HUMAN PRESCRIPTION DRUG","04/03/2014","N/A","ANDA","180 TABLET in 1 BOTTLE, PLASTIC (43063-544-93)","Biguanide [EPC],  Biguanides [CS]","N/A","No","12/31/2026"
"Metformin Hydrochloride","43063-544-98","1000 mg/1","TABLET","ORAL","ANDA077880","PD-Rx Pharmaceuticals, Inc.","43063-544","Metformin Hydrochloride","METFORMIN HYDROCHLORIDE","HUMAN PRESCRIPTION DRUG","04/03/2014","N/A","ANDA","120 TABLET in 1 BOTTLE, PLASTIC (43063-544-98)","Biguanide [EPC],  Biguanides [CS]","N/A","No","12/31/2026"
"Metformin Hydrochloride Oral Solution","71656-017-04","500 mg/5mL","SOLUTION","ORAL","ANDA211309","Saptalis Pharmaceuticals, LLC.","71656-017","Metformin Hydrochloride","METFORMIN HYDROCHLORIDE","HUMAN PRESCRIPTION DRUG","07/31/2024","N/A","ANDA","118 mL in 1 BOTTLE (71656-017-04)","Biguanide [EPC],  Biguanides [CS]","N/A","No","12/31/2026"
"Metformin Hydrochloride","42385-948-01","850 mg/1","TABLET, FILM COATED","ORAL","ANDA209882","Laurus Labs Limited","42385-948","Metformin Hydrochloride","METFORMIN HYDROCHLORIDE","HUMAN PRESCRIPTION DRUG","07/20/2021","N/A","ANDA","100 TABLET, FILM COATED in 1 BOTTLE (42385-948-01)","Biguanide [EPC],  Biguanides [CS]","N/A","No","12/31/2027"
"Metformin Hydrochloride","42385-948-05","850 mg/1","TABLET, FILM COATED","ORAL","ANDA209882","Laurus Labs Limited","42385-948","Metformin Hydrochloride","METFORMIN HYDROCHLORIDE","HUMAN PRESCRIPTION DRUG","07/20/2021","N/A","ANDA","500 TABLET, FILM COATED in 1 BOTTLE (42385-948-05)","Biguanide [EPC],  Biguanides [CS]","N/A","No","12/31/2027"
"Metformin Hydrochloride","42385-948-11","850 mg/1","TABLET, FILM COATED","ORAL","ANDA209882","Laurus Labs Limited","42385-948","Metformin Hydrochloride","METFORMIN HYDROCHLORIDE","HUMAN PRESCRIPTION DRUG","05/17/2021","N/A","ANDA","1000 TABLET, FILM COATED in 1 BOTTLE (42385-948-11)","Biguanide [EPC],  Biguanides [CS]","N/A","No","12/31/2027"
"Metformin Hydrochloride","42385-948-18","850 mg/1","TABLET, FILM COATED","ORAL","ANDA209882","Laurus Labs Limited","42385-948","Metformin Hydrochloride","METFORMIN HYDROCHLORIDE","HUMAN PRESCRIPTION DRUG","07/20/2021","N/A","ANDA","180 TABLET, FILM COATED in 1 BOTTLE (42385-948-18)","Biguanide [EPC],  Biguanides [CS]","N/A","No","12/31/2027"
"Metformin Hydrochloride","42385-948-19","850 mg/1","TABLET, FILM COATED","ORAL","ANDA209882","Laurus Labs Limited","42385-948","Metformin Hydrochloride","METFORMIN HYDROCHLORIDE","HUMAN PRESCRIPTION DRUG","05/17/2021","N/A","ANDA","10 BLISTER PACK in 1 CARTON (42385-948-19)  / 10 TABLET, FILM COATED in 1 BLISTER PACK","Biguanide [EPC],  Biguanides [CS]","N/A","No","12/31/2027"
"Metformin Hydrochloride","42385-948-90","850 mg/1","TABLET, FILM COATED","ORAL","ANDA209882","Laurus Labs Limited","42385-948","Metformin Hydrochloride","METFORMIN HYDROCHLORIDE","HUMAN PRESCRIPTION DRUG","05/17/2021","N/A","ANDA","90 TABLET, FILM COATED in 1 BOTTLE (42385-948-90)","Biguanide [EPC],  Biguanides [CS]","N/A","No","12/31/2027"
"Metformin Hydrochloride","71205-884-00","1000 mg/1","TABLET, FILM COATED","ORAL","ANDA203769","Proficient Rx LP","71205-884","METFORMIN HYDROCHLORIDE","METFORMIN HYDROCHLORIDE","HUMAN PRESCRIPTION DRUG","11/08/2021","N/A","ANDA","100 TABLET, FILM COATED in 1 BOTTLE, PLASTIC (71205-884-00)","Biguanide [EPC],  Biguanides [CS]","N/A","No","12/31/2026"
"Metformin Hydrochloride","71205-884-11","1000 mg/1","TABLET, FILM COATED","ORAL","ANDA203769","Proficient Rx LP","71205-884","METFORMIN HYDROCHLORIDE","METFORMIN HYDROCHLORIDE","HUMAN PRESCRIPTION DRUG","11/08/2021","N/A","ANDA","1000 TABLET, FILM COATED in 1 BOTTLE, PLASTIC (71205-884-11)","Biguanide [EPC],  Biguanides [CS]","N/A","No","12/31/2026"
"Metformin Hydrochloride","71205-884-30","1000 mg/1","TABLET, FILM COATED","ORAL","ANDA203769","Proficient Rx LP","71205-884","METFORMIN HYDROCHLORIDE","METFORMIN HYDROCHLORIDE","HUMAN PRESCRIPTION DRUG","11/08/2021","N/A","ANDA","30 TABLET, FILM COATED in 1 BOTTLE, PLASTIC (71205-884-30)","Biguanide [EPC],  Biguanides [CS]","N/A","No","12/31/2026"
"Metformin Hydrochloride","71205-884-55","1000 mg/1","TABLET, FILM COATED","ORAL","ANDA203769","Proficient Rx LP","71205-884","METFORMIN HYDROCHLORIDE","METFORMIN HYDROCHLORIDE","HUMAN PRESCRIPTION DRUG","11/08/2021","N/A","ANDA","500 TABLET, FILM COATED in 1 BOTTLE, PLASTIC (71205-884-55)","Biguanide [EPC],  Biguanides [CS]","N/A","No","12/31/2026"
"Metformin Hydrochloride","71205-884-60","1000 mg/1","TABLET, FILM COATED","ORAL","ANDA203769","Proficient Rx LP","71205-884","METFORMIN HYDROCHLORIDE","METFORMIN HYDROCHLORIDE","HUMAN PRESCRIPTION DRUG","11/08/2021","N/A","ANDA","60 TABLET, FILM COATED in 1 BOTTLE, PLASTIC (71205-884-60)","Biguanide [EPC],  Biguanides [CS]","N/A","No","12/31/2026"
"Metformin Hydrochloride","71205-884-64","1000 mg/1","TABLET, FILM COATED","ORAL","ANDA203769","Proficient Rx LP","71205-884","METFORMIN HYDROCHLORIDE","METFORMIN HYDROCHLORIDE","HUMAN PRESCRIPTION DRUG","11/08/2021","N/A","ANDA","240 TABLET, FILM COATED in 1 BOTTLE, PLASTIC (71205-884-64)","Biguanide [EPC],  Biguanides [CS]","N/A","No","12/31/2026"
"Metformin Hydrochloride","71205-884-72","1000 mg/1","TABLET, FILM COATED","ORAL","ANDA203769","Proficient Rx LP","71205-884","METFORMIN HYDROCHLORIDE","METFORMIN HYDROCHLORIDE","HUMAN PRESCRIPTION DRUG","11/08/2021","N/A","ANDA","120 TABLET, FILM COATED in 1 BOTTLE, PLASTIC (71205-884-72)","Biguanide [EPC],  Biguanides [CS]","N/A","No","12/31/2026"
"Metformin Hydrochloride","71205-884-78","1000 mg/1","TABLET, FILM COATED","ORAL","ANDA203769","Proficient Rx LP","71205-884","METFORMIN HYDROCHLORIDE","METFORMIN HYDROCHLORIDE","HUMAN PRESCRIPTION DRUG","11/08/2021","N/A","ANDA","180 TABLET, FILM COATED in 1 BOTTLE, PLASTIC (71205-884-78)","Biguanide [EPC],  Biguanides [CS]","N/A","No","12/31/2026"
"Metformin Hydrochloride","71205-884-90","1000 mg/1","TABLET, FILM COATED","ORAL","ANDA203769","Proficient Rx LP","71205-884","METFORMIN HYDROCHLORIDE","METFORMIN HYDROCHLORIDE","HUMAN PRESCRIPTION DRUG","11/08/2021","N/A","ANDA","90 TABLET, FILM COATED in 1 BOTTLE, PLASTIC (71205-884-90)","Biguanide [EPC],  Biguanides [CS]","N/A","No","12/31/2026"
"Synjardy","0597-0180-18","12.5 mg/1,  500 mg/1","TABLET","ORAL","NDA206111","Boehringer Ingelheim Pharmaceuticals, Inc.","0597-0180","empagliflozin and metformin hydrochloride","EMPAGLIFLOZIN,  METFORMIN HYDROCHLORIDE","HUMAN PRESCRIPTION DRUG","09/12/2015","N/A","NDA","180 TABLET in 1 BOTTLE (0597-0180-18)","Biguanide [EPC],  Biguanides [CS],  Sodium-Glucose Cotransporter 2 Inhibitor [EPC],  Sodium-Glucose Transporter 2 Inhibitors [MoA]","N/A","No","12/31/2027"
"Synjardy","0597-0180-60","12.5 mg/1,  500 mg/1","TABLET","ORAL","NDA206111","Boehringer Ingelheim Pharmaceuticals, Inc.","0597-0180","empagliflozin and metformin hydrochloride","EMPAGLIFLOZIN,  METFORMIN HYDROCHLORIDE","HUMAN PRESCRIPTION DRUG","09/12/2015","N/A","NDA","60 TABLET in 1 BOTTLE (0597-0180-60)","Biguanide [EPC],  Biguanides [CS],  Sodium-Glucose Cotransporter 2 Inhibitor [EPC],  Sodium-Glucose Transporter 2 Inhibitors [MoA]","N/A","No","12/31/2027"
"Metformin Hydrochloride","50090-7280-0","500 mg/1","TABLET, COATED","ORAL","ANDA205096","A-S Medication Solutions","50090-7280","Metformin Hydrochloride","METFORMIN HYDROCHLORIDE","HUMAN PRESCRIPTION DRUG","10/08/2024","N/A","ANDA","90 TABLET, COATED in 1 BOTTLE (50090-7280-0)","Biguanide [EPC],  Biguanides [CS]","N/A","No","12/31/2026"
"Pioglitazone Hydrochloride and Metformin Hydrochloride","57237-218-60","15 mg/1,  850 mg/1","TABLET, FILM COATED","ORAL","ANDA200823","Rising Pharma Holdings, Inc.","57237-218","Pioglitazone Hydrochloride and Metformin Hydrochloride","PIOGLITAZONE HYDROCHLORIDE,  METFORMIN HYDROCHLORIDE","HUMAN PRESCRIPTION DRUG","02/13/2013","N/A","ANDA","60 TABLET, FILM COATED in 1 BOTTLE (57237-218-60)","Biguanide [EPC],  Biguanides [CS],  Peroxisome Proliferator Receptor alpha Agonist [EPC],  Peroxisome Proliferator Receptor gamma Agonist [EPC],  Peroxisome Proliferator-activated Receptor alpha Agonists [MoA],  Peroxisome Proliferator-activated Receptor gamma Agonists [MoA],  Thiazolidinedione [EPC],  Thiazolidinediones [CS]","N/A","No","12/31/2026"
"Pioglitazone Hydrochloride and Metformin Hydrochloride","57237-218-81","15 mg/1,  850 mg/1","TABLET, FILM COATED","ORAL","ANDA200823","Rising Pharma Holdings, Inc.","57237-218","Pioglitazone Hydrochloride and Metformin Hydrochloride","PIOGLITAZONE HYDROCHLORIDE,  METFORMIN HYDROCHLORIDE","HUMAN PRESCRIPTION DRUG","02/13/2013","N/A","ANDA","180 TABLET, FILM COATED in 1 BOTTLE (57237-218-81)","Biguanide [EPC],  Biguanides [CS],  Peroxisome Proliferator Receptor alpha Agonist [EPC],  Peroxisome Proliferator Receptor gamma Agonist [EPC],  Peroxisome Proliferator-activated Receptor alpha Agonists [MoA],  Peroxisome Proliferator-activated Receptor gamma Agonists [MoA],  Thiazolidinedione [EPC],  Thiazolidinediones [CS]","N/A","No","12/31/2026"
"Metformin Hydrochloride","71205-882-00","500 mg/1","TABLET, FILM COATED","ORAL","ANDA203769","Proficient Rx LP","71205-882","METFORMIN HYDROCHLORIDE","METFORMIN HYDROCHLORIDE","HUMAN PRESCRIPTION DRUG","11/08/2021","N/A","ANDA","100 TABLET, FILM COATED in 1 BOTTLE, PLASTIC (71205-882-00)","Biguanide [EPC],  Biguanides [CS]","N/A","No","12/31/2026"
"Metformin Hydrochloride","71205-882-11","500 mg/1","TABLET, FILM COATED","ORAL","ANDA203769","Proficient Rx LP","71205-882","METFORMIN HYDROCHLORIDE","METFORMIN HYDROCHLORIDE","HUMAN PRESCRIPTION DRUG","11/08/2021","N/A","ANDA","1000 TABLET, FILM COATED in 1 BOTTLE, PLASTIC (71205-882-11)","Biguanide [EPC],  Biguanides [CS]","N/A","No","12/31/2026"
"Metformin Hydrochloride","71205-882-30","500 mg/1","TABLET, FILM COATED","ORAL","ANDA203769","Proficient Rx LP","71205-882","METFORMIN HYDROCHLORIDE","METFORMIN HYDROCHLORIDE","HUMAN PRESCRIPTION DRUG","11/08/2021","N/A","ANDA","30 TABLET, FILM COATED in 1 BOTTLE, PLASTIC (71205-882-30)","Biguanide [EPC],  Biguanides [CS]","N/A","No","12/31/2026"
"Metformin Hydrochloride","71205-882-55","500 mg/1","TABLET, FILM COATED","ORAL","ANDA203769","Proficient Rx LP","71205-882","METFORMIN HYDROCHLORIDE","METFORMIN HYDROCHLORIDE","HUMAN PRESCRIPTION DRUG","11/08/2021","N/A","ANDA","500 TABLET, FILM COATED in 1 BOTTLE, PLASTIC (71205-882-55)","Biguanide [EPC],  Biguanides [CS]","N/A","No","12/31/2026"
"Metformin Hydrochloride","71205-882-60","500 mg/1","TABLET, FILM COATED","ORAL","ANDA203769","Proficient Rx LP","71205-882","METFORMIN HYDROCHLORIDE","METFORMIN HYDROCHLORIDE","HUMAN PRESCRIPTION DRUG","11/08/2021","N/A","ANDA","60 TABLET, FILM COATED in 1 BOTTLE, PLASTIC (71205-882-60)","Biguanide [EPC],  Biguanides [CS]","N/A","No","12/31/2026"
"Metformin Hydrochloride","71205-882-64","500 mg/1","TABLET, FILM COATED","ORAL","ANDA203769","Proficient Rx LP","71205-882","METFORMIN HYDROCHLORIDE","METFORMIN HYDROCHLORIDE","HUMAN PRESCRIPTION DRUG","11/08/2021","N/A","ANDA","240 TABLET, FILM COATED in 1 BOTTLE, PLASTIC (71205-882-64)","Biguanide [EPC],  Biguanides [CS]","N/A","No","12/31/2026"
"Metformin Hydrochloride","71205-882-72","500 mg/1","TABLET, FILM COATED","ORAL","ANDA203769","Proficient Rx LP","71205-882","METFORMIN HYDROCHLORIDE","METFORMIN HYDROCHLORIDE","HUMAN PRESCRIPTION DRUG","11/08/2021","N/A","ANDA","120 TABLET, FILM COATED in 1 BOTTLE, PLASTIC (71205-882-72)","Biguanide [EPC],  Biguanides [CS]","N/A","No","12/31/2026"
"Metformin Hydrochloride","71205-882-78","500 mg/1","TABLET, FILM COATED","ORAL","ANDA203769","Proficient Rx LP","71205-882","METFORMIN HYDROCHLORIDE","METFORMIN HYDROCHLORIDE","HUMAN PRESCRIPTION DRUG","11/08/2021","N/A","ANDA","180 TABLET, FILM COATED in 1 BOTTLE, PLASTIC (71205-882-78)","Biguanide [EPC],  Biguanides [CS]","N/A","No","12/31/2026"
"Metformin Hydrochloride","71205-882-90","500 mg/1","TABLET, FILM COATED","ORAL","ANDA203769","Proficient Rx LP","71205-882","METFORMIN HYDROCHLORIDE","METFORMIN HYDROCHLORIDE","HUMAN PRESCRIPTION DRUG","11/08/2021","N/A","ANDA","90 TABLET, FILM COATED in 1 BOTTLE, PLASTIC (71205-882-90)","Biguanide [EPC],  Biguanides [CS]","N/A","No","12/31/2026"
"METFORMIN HYDROCHLORIDE","72789-561-20","500 mg/1","TABLET, FILM COATED","ORAL","ANDA213320","PD-Rx Pharmaceuticals, Inc.","72789-561","METFORMIN HYDROCHLORIDE","METFORMIN HYDROCHLORIDE","HUMAN PRESCRIPTION DRUG","04/14/2026","N/A","ANDA","20 TABLET, FILM COATED in 1 BOTTLE, PLASTIC (72789-561-20)","Biguanide [EPC],  Biguanides [CS]","N/A","No","12/31/2027"
"METFORMIN HYDROCHLORIDE","72789-561-30","500 mg/1","TABLET, FILM COATED","ORAL","ANDA213320","PD-Rx Pharmaceuticals, Inc.","72789-561","METFORMIN HYDROCHLORIDE","METFORMIN HYDROCHLORIDE","HUMAN PRESCRIPTION DRUG","04/29/2026","N/A","ANDA","30 TABLET, FILM COATED in 1 BOTTLE, PLASTIC (72789-561-30)","Biguanide [EPC],  Biguanides [CS]","N/A","No","12/31/2027"
"METFORMIN HYDROCHLORIDE","72789-561-42","500 mg/1","TABLET, FILM COATED","ORAL","ANDA213320","PD-Rx Pharmaceuticals, Inc.","72789-561","METFORMIN HYDROCHLORIDE","METFORMIN HYDROCHLORIDE","HUMAN PRESCRIPTION DRUG","08/04/2026","N/A","ANDA","42 TABLET, FILM COATED in 1 BOTTLE, PLASTIC (72789-561-42)","Biguanide [EPC],  Biguanides [CS]","N/A","No","12/31/2027"
"METFORMIN HYDROCHLORIDE","72789-561-60","500 mg/1","TABLET, FILM COATED","ORAL","ANDA213320","PD-Rx Pharmaceuticals, Inc.","72789-561","METFORMIN HYDROCHLORIDE","METFORMIN HYDROCHLORIDE","HUMAN PRESCRIPTION DRUG","04/16/2026","N/A","ANDA","60 TABLET, FILM COATED in 1 BOTTLE, PLASTIC (72789-561-60)","Biguanide [EPC],  Biguanides [CS]","N/A","No","12/31/2027"
"METFORMIN HYDROCHLORIDE","72789-561-90","500 mg/1","TABLET, FILM COATED","ORAL","ANDA213320","PD-Rx Pharmaceuticals, Inc.","72789-561","METFORMIN HYDROCHLORIDE","METFORMIN HYDROCHLORIDE","HUMAN PRESCRIPTION DRUG","05/27/2026","N/A","ANDA","90 TABLET, FILM COATED in 1 BOTTLE, PLASTIC (72789-561-90)","Biguanide [EPC],  Biguanides [CS]","N/A","No","12/31/2027"
"METFORMIN HYDROCHLORIDE","72789-561-93","500 mg/1","TABLET, FILM COATED","ORAL","ANDA213320","PD-Rx Pharmaceuticals, Inc.","72789-561","METFORMIN HYDROCHLORIDE","METFORMIN HYDROCHLORIDE","HUMAN PRESCRIPTION DRUG","04/16/2026","N/A","ANDA","180 TABLET, FILM COATED in 1 BOTTLE, PLASTIC (72789-561-93)","Biguanide [EPC],  Biguanides [CS]","N/A","No","12/31/2027"
"Metformin Hydrochloride","70518-4698-0","500 mg/1","TABLET","ORAL","ANDA090564","REMEDYREPACK INC.","70518-4698","Metformin Hydrochloride","METFORMIN HYDROCHLORIDE","HUMAN PRESCRIPTION DRUG","07/14/2026","N/A","ANDA","30 TABLET in 1 BLISTER PACK (70518-4698-0)","Biguanide [EPC],  Biguanides [CS]","N/A","No","12/31/2027"
"Metformin Hydrochloride","71205-622-30","500 mg/1","TABLET","ORAL","ANDA090564","Proficient Rx LP","71205-622","Metformin Hydrochloride","METFORMIN HYDROCHLORIDE","HUMAN PRESCRIPTION DRUG","11/17/2021","N/A","ANDA","30 TABLET in 1 BOTTLE (71205-622-30)","Biguanide [EPC],  Biguanides [CS]","N/A","No","12/31/2026"
"Metformin Hydrochloride","71205-622-60","500 mg/1","TABLET","ORAL","ANDA090564","Proficient Rx LP","71205-622","Metformin Hydrochloride","METFORMIN HYDROCHLORIDE","HUMAN PRESCRIPTION DRUG","11/17/2021","N/A","ANDA","60 TABLET in 1 BOTTLE (71205-622-60)","Biguanide [EPC],  Biguanides [CS]","N/A","No","12/31/2026"
"Metformin Hydrochloride","71205-622-90","500 mg/1","TABLET","ORAL","ANDA090564","Proficient Rx LP","71205-622","Metformin Hydrochloride","METFORMIN HYDROCHLORIDE","HUMAN PRESCRIPTION DRUG","11/17/2021","N/A","ANDA","90 TABLET in 1 BOTTLE (71205-622-90)","Biguanide [EPC],  Biguanides [CS]","N/A","No","12/31/2026"
"Metformin Hydrochloride","71205-883-00","850 mg/1","TABLET, FILM COATED","ORAL","ANDA203769","Proficient Rx LP","71205-883","METFORMIN HYDROCHLORIDE","METFORMIN HYDROCHLORIDE","HUMAN PRESCRIPTION DRUG","11/08/2021","N/A","ANDA","100 TABLET, FILM COATED in 1 BOTTLE, PLASTIC (71205-883-00)","Biguanide [EPC],  Biguanides [CS]","N/A","No","12/31/2026"
"Metformin Hydrochloride","71205-883-11","850 mg/1","TABLET, FILM COATED","ORAL","ANDA203769","Proficient Rx LP","71205-883","METFORMIN HYDROCHLORIDE","METFORMIN HYDROCHLORIDE","HUMAN PRESCRIPTION DRUG","11/08/2021","N/A","ANDA","1000 TABLET, FILM COATED in 1 BOTTLE, PLASTIC (71205-883-11)","Biguanide [EPC],  Biguanides [CS]","N/A","No","12/31/2026"
"Metformin Hydrochloride","71205-883-30","850 mg/1","TABLET, FILM COATED","ORAL","ANDA203769","Proficient Rx LP","71205-883","METFORMIN HYDROCHLORIDE","METFORMIN HYDROCHLORIDE","HUMAN PRESCRIPTION DRUG","11/08/2021","N/A","ANDA","30 TABLET, FILM COATED in 1 BOTTLE, PLASTIC (71205-883-30)","Biguanide [EPC],  Biguanides [CS]","N/A","No","12/31/2026"
"Metformin Hydrochloride","71205-883-55","850 mg/1","TABLET, FILM COATED","ORAL","ANDA203769","Proficient Rx LP","71205-883","METFORMIN HYDROCHLORIDE","METFORMIN HYDROCHLORIDE","HUMAN PRESCRIPTION DRUG","11/08/2021","N/A","ANDA","500 TABLET, FILM COATED in 1 BOTTLE, PLASTIC (71205-883-55)","Biguanide [EPC],  Biguanides [CS]","N/A","No","12/31/2026"
"Metformin Hydrochloride","71205-883-60","850 mg/1","TABLET, FILM COATED","ORAL","ANDA203769","Proficient Rx LP","71205-883","METFORMIN HYDROCHLORIDE","METFORMIN HYDROCHLORIDE","HUMAN PRESCRIPTION DRUG","11/08/2021","N/A","ANDA","60 TABLET, FILM COATED in 1 BOTTLE, PLASTIC (71205-883-60)","Biguanide [EPC],  Biguanides [CS]","N/A","No","12/31/2026"
"Metformin Hydrochloride","71205-883-64","850 mg/1","TABLET, FILM COATED","ORAL","ANDA203769","Proficient Rx LP","71205-883","METFORMIN HYDROCHLORIDE","METFORMIN HYDROCHLORIDE","HUMAN PRESCRIPTION DRUG","11/08/2021","N/A","ANDA","240 TABLET, FILM COATED in 1 BOTTLE, PLASTIC (71205-883-64)","Biguanide [EPC],  Biguanides [CS]","N/A","No","12/31/2026"
"Metformin Hydrochloride","71205-883-72","850 mg/1","TABLET, FILM COATED","ORAL","ANDA203769","Proficient Rx LP","71205-883","METFORMIN HYDROCHLORIDE","METFORMIN HYDROCHLORIDE","HUMAN PRESCRIPTION DRUG","11/08/2021","N/A","ANDA","120 TABLET, FILM COATED in 1 BOTTLE, PLASTIC (71205-883-72)","Biguanide [EPC],  Biguanides [CS]","N/A","No","12/31/2026"
"Metformin Hydrochloride","71205-883-78","850 mg/1","TABLET, FILM COATED","ORAL","ANDA203769","Proficient Rx LP","71205-883","METFORMIN HYDROCHLORIDE","METFORMIN HYDROCHLORIDE","HUMAN PRESCRIPTION DRUG","11/08/2021","N/A","ANDA","180 TABLET, FILM COATED in 1 BOTTLE, PLASTIC (71205-883-78)","Biguanide [EPC],  Biguanides [CS]","N/A","No","12/31/2026"
"Metformin Hydrochloride","71205-883-90","850 mg/1","TABLET, FILM COATED","ORAL","ANDA203769","Proficient Rx LP","71205-883","METFORMIN HYDROCHLORIDE","METFORMIN HYDROCHLORIDE","HUMAN PRESCRIPTION DRUG","11/08/2021","N/A","ANDA","90 TABLET, FILM COATED in 1 BOTTLE, PLASTIC (71205-883-90)","Biguanide [EPC],  Biguanides [CS]","N/A","No","12/31/2026"
"Metformin Hydrochloride","70518-1951-2","500 mg/1","TABLET, FILM COATED","ORAL","ANDA203769","REMEDYREPACK INC.","70518-1951","METFORMIN HYDROCHLORIDE","METFORMIN HYDROCHLORIDE","HUMAN PRESCRIPTION DRUG","06/01/2025","01/01/2027","ANDA","90 TABLET, FILM COATED in 1 BOTTLE, PLASTIC (70518-1951-2)","Biguanide [EPC],  Biguanides [CS]","N/A","No","N/A"
"Metformin Hydrochloride","70518-1951-3","500 mg/1","TABLET, FILM COATED","ORAL","ANDA203769","REMEDYREPACK INC.","70518-1951","METFORMIN HYDROCHLORIDE","METFORMIN HYDROCHLORIDE","HUMAN PRESCRIPTION DRUG","10/28/2025","01/01/2027","ANDA","30 TABLET, FILM COATED in 1 BLISTER PACK (70518-1951-3)","Biguanide [EPC],  Biguanides [CS]","N/A","No","N/A"
"Metformin Hydrochloride","42385-947-01","500 mg/1","TABLET, FILM COATED","ORAL","ANDA209882","Laurus Labs Limited","42385-947","Metformin Hydrochloride","METFORMIN HYDROCHLORIDE","HUMAN PRESCRIPTION DRUG","07/20/2021","N/A","ANDA","100 TABLET, FILM COATED in 1 BOTTLE (42385-947-01)","Biguanide [EPC],  Biguanides [CS]","N/A","No","12/31/2027"
"Metformin Hydrochloride","42385-947-05","500 mg/1","TABLET, FILM COATED","ORAL","ANDA209882","Laurus Labs Limited","42385-947","Metformin Hydrochloride","METFORMIN HYDROCHLORIDE","HUMAN PRESCRIPTION DRUG","07/20/2021","N/A","ANDA","500 TABLET, FILM COATED in 1 BOTTLE (42385-947-05)","Biguanide [EPC],  Biguanides [CS]","N/A","No","12/31/2027"
"Metformin Hydrochloride","42385-947-11","500 mg/1","TABLET, FILM COATED","ORAL","ANDA209882","Laurus Labs Limited","42385-947","Metformin Hydrochloride","METFORMIN HYDROCHLORIDE","HUMAN PRESCRIPTION DRUG","05/17/2021","N/A","ANDA","1000 TABLET, FILM COATED in 1 BOTTLE (42385-947-11)","Biguanide [EPC],  Biguanides [CS]","N/A","No","12/31/2027"
"Metformin Hydrochloride","42385-947-18","500 mg/1","TABLET, FILM COATED","ORAL","ANDA209882","Laurus Labs Limited","42385-947","Metformin Hydrochloride","METFORMIN HYDROCHLORIDE","HUMAN PRESCRIPTION DRUG","07/20/2021","N/A","ANDA","180 TABLET, FILM COATED in 1 BOTTLE (42385-947-18)","Biguanide [EPC],  Biguanides [CS]","N/A","No","12/31/2027"
"Metformin Hydrochloride","42385-947-19","500 mg/1","TABLET, FILM COATED","ORAL","ANDA209882","Laurus Labs Limited","42385-947","Metformin Hydrochloride","METFORMIN HYDROCHLORIDE","HUMAN PRESCRIPTION DRUG","05/17/2021","N/A","ANDA","10 BLISTER PACK in 1 CARTON (42385-947-19)  / 10 TABLET, FILM COATED in 1 BLISTER PACK","Biguanide [EPC],  Biguanides [CS]","N/A","No","12/31/2027"
"Metformin Hydrochloride","42385-947-90","500 mg/1","TABLET, FILM COATED","ORAL","ANDA209882","Laurus Labs Limited","42385-947","Metformin Hydrochloride","METFORMIN HYDROCHLORIDE","HUMAN PRESCRIPTION DRUG","05/17/2021","N/A","ANDA","90 TABLET, FILM COATED in 1 BOTTLE (42385-947-90)","Biguanide [EPC],  Biguanides [CS]","N/A","No","12/31/2027"
"Metformin Hydrochloride","42385-949-01","1000 mg/1","TABLET, FILM COATED","ORAL","ANDA209882","Laurus Labs Limited","42385-949","Metformin Hydrochloride","METFORMIN HYDROCHLORIDE","HUMAN PRESCRIPTION DRUG","07/20/2021","N/A","ANDA","100 TABLET, FILM COATED in 1 BOTTLE (42385-949-01)","Biguanide [EPC],  Biguanides [CS]","N/A","No","12/31/2027"
"Metformin Hydrochloride","42385-949-05","1000 mg/1","TABLET, FILM COATED","ORAL","ANDA209882","Laurus Labs Limited","42385-949","Metformin Hydrochloride","METFORMIN HYDROCHLORIDE","HUMAN PRESCRIPTION DRUG","07/20/2021","N/A","ANDA","500 TABLET, FILM COATED in 1 BOTTLE (42385-949-05)","Biguanide [EPC],  Biguanides [CS]","N/A","No","12/31/2027"
"Metformin Hydrochloride","42385-949-11","1000 mg/1","TABLET, FILM COATED","ORAL","ANDA209882","Laurus Labs Limited","42385-949","Metformin Hydrochloride","METFORMIN HYDROCHLORIDE","HUMAN PRESCRIPTION DRUG","05/17/2021","N/A","ANDA","1000 TABLET, FILM COATED in 1 BOTTLE (42385-949-11)","Biguanide [EPC],  Biguanides [CS]","N/A","No","12/31/2027"
"Metformin Hydrochloride","42385-949-18","1000 mg/1","TABLET, FILM COATED","ORAL","ANDA209882","Laurus Labs Limited","42385-949","Metformin Hydrochloride","METFORMIN HYDROCHLORIDE","HUMAN PRESCRIPTION DRUG","07/20/2021","N/A","ANDA","180 TABLET, FILM COATED in 1 BOTTLE (42385-949-18)","Biguanide [EPC],  Biguanides [CS]","N/A","No","12/31/2027"
"Metformin Hydrochloride","42385-949-19","1000 mg/1","TABLET, FILM COATED","ORAL","ANDA209882","Laurus Labs Limited","42385-949","Metformin Hydrochloride","METFORMIN HYDROCHLORIDE","HUMAN PRESCRIPTION DRUG","05/17/2021","N/A","ANDA","10 BLISTER PACK in 1 CARTON (42385-949-19)  / 10 TABLET, FILM COATED in 1 BLISTER PACK","Biguanide [EPC],  Biguanides [CS]","N/A","No","12/31/2027"
"Metformin Hydrochloride","42385-949-60","1000 mg/1","TABLET, FILM COATED","ORAL","ANDA209882","Laurus Labs Limited","42385-949","Metformin Hydrochloride","METFORMIN HYDROCHLORIDE","HUMAN PRESCRIPTION DRUG","05/17/2021","N/A","ANDA","60 TABLET, FILM COATED in 1 BOTTLE (42385-949-60)","Biguanide [EPC],  Biguanides [CS]","N/A","No","12/31/2027"
"Metformin Hydrochloride","42385-949-90","1000 mg/1","TABLET, FILM COATED","ORAL","ANDA209882","Laurus Labs Limited","42385-949","Metformin Hydrochloride","METFORMIN HYDROCHLORIDE","HUMAN PRESCRIPTION DRUG","08/01/2022","N/A","ANDA","90 TABLET, FILM COATED in 1 BOTTLE (42385-949-90)","Biguanide [EPC],  Biguanides [CS]","N/A","No","12/31/2027"
"Glyburide and Metformin Hydrochloride","71335-0967-1","5 mg/1,  500 mg/1","TABLET, FILM COATED","ORAL","ANDA077870","Bryant Ranch Prepack","71335-0967","Glyburide and Metformin Hydrochloride","GLYBURIDE,  METFORMIN HYDROCHLORIDE","HUMAN PRESCRIPTION DRUG","10/15/2018","N/A","ANDA","30 TABLET, FILM COATED in 1 BOTTLE (71335-0967-1)","Biguanide [EPC],  Biguanides [CS],  Sulfonylurea Compounds [CS],  Sulfonylurea [EPC]","N/A","No","12/31/2026"
"Glyburide and Metformin Hydrochloride","71335-0967-3","5 mg/1,  500 mg/1","TABLET, FILM COATED","ORAL","ANDA077870","Bryant Ranch Prepack","71335-0967","Glyburide and Metformin Hydrochloride","GLYBURIDE,  METFORMIN HYDROCHLORIDE","HUMAN PRESCRIPTION DRUG","10/15/2018","N/A","ANDA","60 TABLET, FILM COATED in 1 BOTTLE (71335-0967-3)","Biguanide [EPC],  Biguanides [CS],  Sulfonylurea Compounds [CS],  Sulfonylurea [EPC]","N/A","No","12/31/2026"
"Glyburide and Metformin Hydrochloride","71335-0967-4","5 mg/1,  500 mg/1","TABLET, FILM COATED","ORAL","ANDA077870","Bryant Ranch Prepack","71335-0967","Glyburide and Metformin Hydrochloride","GLYBURIDE,  METFORMIN HYDROCHLORIDE","HUMAN PRESCRIPTION DRUG","05/30/2024","N/A","ANDA","90 TABLET, FILM COATED in 1 BOTTLE (71335-0967-4)","Biguanide [EPC],  Biguanides [CS],  Sulfonylurea Compounds [CS],  Sulfonylurea [EPC]","N/A","No","12/31/2026"
"Glyburide and Metformin Hydrochloride","71335-0967-5","5 mg/1,  500 mg/1","TABLET, FILM COATED","ORAL","ANDA077870","Bryant Ranch Prepack","71335-0967","Glyburide and Metformin Hydrochloride","GLYBURIDE,  METFORMIN HYDROCHLORIDE","HUMAN PRESCRIPTION DRUG","05/30/2024","N/A","ANDA","120 TABLET, FILM COATED in 1 BOTTLE (71335-0967-5)","Biguanide [EPC],  Biguanides [CS],  Sulfonylurea Compounds [CS],  Sulfonylurea [EPC]","N/A","No","12/31/2026"
"Glyburide and Metformin Hydrochloride","71335-0967-6","5 mg/1,  500 mg/1","TABLET, FILM COATED","ORAL","ANDA077870","Bryant Ranch Prepack","71335-0967","Glyburide and Metformin Hydrochloride","GLYBURIDE,  METFORMIN HYDROCHLORIDE","HUMAN PRESCRIPTION DRUG","10/11/2018","N/A","ANDA","100 TABLET, FILM COATED in 1 BOTTLE (71335-0967-6)","Biguanide [EPC],  Biguanides [CS],  Sulfonylurea Compounds [CS],  Sulfonylurea [EPC]","N/A","No","12/31/2026"
"Glyburide and Metformin Hydrochloride","71335-0967-7","5 mg/1,  500 mg/1","TABLET, FILM COATED","ORAL","ANDA077870","Bryant Ranch Prepack","71335-0967","Glyburide and Metformin Hydrochloride","GLYBURIDE,  METFORMIN HYDROCHLORIDE","HUMAN PRESCRIPTION DRUG","05/30/2024","N/A","ANDA","180 TABLET, FILM COATED in 1 BOTTLE (71335-0967-7)","Biguanide [EPC],  Biguanides [CS],  Sulfonylurea Compounds [CS],  Sulfonylurea [EPC]","N/A","No","12/31/2026"
"Glyburide and Metformin Hydrochloride","71335-0967-8","5 mg/1,  500 mg/1","TABLET, FILM COATED","ORAL","ANDA077870","Bryant Ranch Prepack","71335-0967","Glyburide and Metformin Hydrochloride","GLYBURIDE,  METFORMIN HYDROCHLORIDE","HUMAN PRESCRIPTION DRUG","05/30/2024","N/A","ANDA","25 TABLET, FILM COATED in 1 BOTTLE (71335-0967-8)","Biguanide [EPC],  Biguanides [CS],  Sulfonylurea Compounds [CS],  Sulfonylurea [EPC]","N/A","No","12/31/2026"
"METFORMIN HYDROCHLORIDE","50090-7577-0","500 mg/1","TABLET, EXTENDED RELEASE","ORAL","ANDA217631","A-S Medication Solutions","50090-7577","METFORMIN HYDROCHLORIDE","METFORMIN HYDROCHLORIDE","HUMAN PRESCRIPTION DRUG","06/09/2025","N/A","ANDA","90 TABLET, EXTENDED RELEASE in 1 BOTTLE (50090-7577-0)","Biguanide [EPC],  Biguanides [CS]","N/A","No","12/31/2026"
"Dapagliflozin and Metformin Hydrochloride","84677-020-60","5 mg/1,  1000 mg/1","TABLET, FILM COATED, EXTENDED RELEASE","ORAL","ANDA211491","Golden State Medical Supply, Inc.","84677-020","Dapagliflozin and Metformin Hydrochloride","DAPAGLIFLOZIN,  METFORMIN HYDROCHLORIDE","HUMAN PRESCRIPTION DRUG","03/16/2026","N/A","ANDA","60 TABLET, FILM COATED, EXTENDED RELEASE in 1 BOTTLE (84677-020-60)","Biguanide [EPC],  Biguanides [CS],  Sodium-Glucose Cotransporter 2 Inhibitor [EPC],  Sodium-Glucose Transporter 2 Inhibitors [MoA]","N/A","No","12/31/2027"
"Metformin Hydrochloride","25000-132-03","1000 mg/1","TABLET, FILM COATED","ORAL","ANDA090888","MARKSANS PHARMA LIMITED","25000-132","Metformin Hydrochloride","METFORMIN HYDROCHLORIDE","HUMAN PRESCRIPTION DRUG","06/01/2012","N/A","ANDA","30 TABLET, FILM COATED in 1 BOTTLE (25000-132-03)","Biguanide [EPC],  Biguanides [CS]","N/A","No","12/31/2027"
"Metformin Hydrochloride","25000-132-12","1000 mg/1","TABLET, FILM COATED","ORAL","ANDA090888","MARKSANS PHARMA LIMITED","25000-132","Metformin Hydrochloride","METFORMIN HYDROCHLORIDE","HUMAN PRESCRIPTION DRUG","06/01/2012","N/A","ANDA","500 TABLET, FILM COATED in 1 BOTTLE (25000-132-12)","Biguanide [EPC],  Biguanides [CS]","N/A","No","12/31/2027"
"Metformin Hydrochloride","25000-132-53","1000 mg/1","TABLET, FILM COATED","ORAL","ANDA090888","MARKSANS PHARMA LIMITED","25000-132","Metformin Hydrochloride","METFORMIN HYDROCHLORIDE","HUMAN PRESCRIPTION DRUG","06/01/2012","N/A","ANDA","1500 TABLET, FILM COATED in 1 BAG (25000-132-53)","Biguanide [EPC],  Biguanides [CS]","N/A","No","12/31/2027"
"Metformin Hydrochloride","25000-132-98","1000 mg/1","TABLET, FILM COATED","ORAL","ANDA090888","MARKSANS PHARMA LIMITED","25000-132","Metformin Hydrochloride","METFORMIN HYDROCHLORIDE","HUMAN PRESCRIPTION DRUG","06/01/2012","N/A","ANDA","1 BAG in 1 BOX (25000-132-98)  / 8225 TABLET, FILM COATED in 1 BAG","Biguanide [EPC],  Biguanides [CS]","N/A","No","12/31/2027"
"JANUMET XR","0006-0080-28","50 mg/1,  1000 mg/1","TABLET, FILM COATED, EXTENDED RELEASE","ORAL","NDA202270","Merck Sharp & Dohme LLC","0006-0080","sitagliptin and metformin hydrochloride","SITAGLIPTIN PHOSPHATE,  METFORMIN HYDROCHLORIDE","HUMAN PRESCRIPTION DRUG","02/02/2012","N/A","NDA","2 BOTTLE in 1 CARTON (0006-0080-28)  / 14 TABLET, FILM COATED, EXTENDED RELEASE in 1 BOTTLE (0006-0080-14)","Biguanide [EPC],  Biguanides [CS],  Dipeptidyl Peptidase 4 Inhibitor [EPC],  Dipeptidyl Peptidase 4 Inhibitors [MoA]","N/A","Yes","12/31/2027"
"JANUMET XR","0006-0080-61","50 mg/1,  1000 mg/1","TABLET, FILM COATED, EXTENDED RELEASE","ORAL","NDA202270","Merck Sharp & Dohme LLC","0006-0080","sitagliptin and metformin hydrochloride","SITAGLIPTIN PHOSPHATE,  METFORMIN HYDROCHLORIDE","HUMAN PRESCRIPTION DRUG","02/02/2012","N/A","NDA","60 TABLET, FILM COATED, EXTENDED RELEASE in 1 BOTTLE (0006-0080-61)","Biguanide [EPC],  Biguanides [CS],  Dipeptidyl Peptidase 4 Inhibitor [EPC],  Dipeptidyl Peptidase 4 Inhibitors [MoA]","N/A","No","12/31/2027"
"JANUMET XR","0006-0080-62","50 mg/1,  1000 mg/1","TABLET, FILM COATED, EXTENDED RELEASE","ORAL","NDA202270","Merck Sharp & Dohme LLC","0006-0080","sitagliptin and metformin hydrochloride","SITAGLIPTIN PHOSPHATE,  METFORMIN HYDROCHLORIDE","HUMAN PRESCRIPTION DRUG","02/02/2012","N/A","NDA","180 TABLET, FILM COATED, EXTENDED RELEASE in 1 BOTTLE (0006-0080-62)","Biguanide [EPC],  Biguanides [CS],  Dipeptidyl Peptidase 4 Inhibitor [EPC],  Dipeptidyl Peptidase 4 Inhibitors [MoA]","N/A","No","12/31/2027"
"JANUMET XR","0006-0080-82","50 mg/1,  1000 mg/1","TABLET, FILM COATED, EXTENDED RELEASE","ORAL","NDA202270","Merck Sharp & Dohme LLC","0006-0080","sitagliptin and metformin hydrochloride","SITAGLIPTIN PHOSPHATE,  METFORMIN HYDROCHLORIDE","HUMAN PRESCRIPTION DRUG","02/02/2012","N/A","NDA","1000 TABLET, FILM COATED, EXTENDED RELEASE in 1 BOTTLE (0006-0080-82)","Biguanide [EPC],  Biguanides [CS],  Dipeptidyl Peptidase 4 Inhibitor [EPC],  Dipeptidyl Peptidase 4 Inhibitors [MoA]","N/A","No","12/31/2027"
"Metformin Hydrochloride","25000-131-03","850 mg/1","TABLET, FILM COATED","ORAL","ANDA090888","MARKSANS PHARMA LIMITED","25000-131","Metformin Hydrochloride","METFORMIN HYDROCHLORIDE","HUMAN PRESCRIPTION DRUG","06/01/2012","N/A","ANDA","30 TABLET, FILM COATED in 1 BOTTLE (25000-131-03)","Biguanide [EPC],  Biguanides [CS]","N/A","No","12/31/2027"
"Metformin Hydrochloride","25000-131-12","850 mg/1","TABLET, FILM COATED","ORAL","ANDA090888","MARKSANS PHARMA LIMITED","25000-131","Metformin Hydrochloride","METFORMIN HYDROCHLORIDE","HUMAN PRESCRIPTION DRUG","06/01/2012","N/A","ANDA","500 TABLET, FILM COATED in 1 BOTTLE (25000-131-12)","Biguanide [EPC],  Biguanides [CS]","N/A","No","12/31/2027"
"Metformin Hydrochloride","25000-131-52","850 mg/1","TABLET, FILM COATED","ORAL","ANDA090888","MARKSANS PHARMA LIMITED","25000-131","Metformin Hydrochloride","METFORMIN HYDROCHLORIDE","HUMAN PRESCRIPTION DRUG","06/01/2012","N/A","ANDA","1800 TABLET, FILM COATED in 1 BAG (25000-131-52)","Biguanide [EPC],  Biguanides [CS]","N/A","No","12/31/2027"
"Metformin Hydrochloride","25000-131-98","850 mg/1","TABLET, FILM COATED","ORAL","ANDA090888","MARKSANS PHARMA LIMITED","25000-131","Metformin Hydrochloride","METFORMIN HYDROCHLORIDE","HUMAN PRESCRIPTION DRUG","06/01/2012","N/A","ANDA","1 BAG in 1 BOX (25000-131-98)  / 9680 TABLET, FILM COATED in 1 BAG","Biguanide [EPC],  Biguanides [CS]","N/A","No","12/31/2027"
"METFORMIN HYDROCHLORIDE","50090-7576-0","500 mg/1","TABLET, EXTENDED RELEASE","ORAL","ANDA217631","A-S Medication Solutions","50090-7576","METFORMIN HYDROCHLORIDE","METFORMIN HYDROCHLORIDE","HUMAN PRESCRIPTION DRUG","06/09/2025","N/A","ANDA","60 TABLET, EXTENDED RELEASE in 1 BOTTLE (50090-7576-0)","Biguanide [EPC],  Biguanides [CS]","N/A","No","12/31/2026"
"METFORMIN HYDROCHLORIDE","50090-7576-1","500 mg/1","TABLET, EXTENDED RELEASE","ORAL","ANDA217631","A-S Medication Solutions","50090-7576","METFORMIN HYDROCHLORIDE","METFORMIN HYDROCHLORIDE","HUMAN PRESCRIPTION DRUG","06/09/2025","N/A","ANDA","30 TABLET, EXTENDED RELEASE in 1 BOTTLE (50090-7576-1)","Biguanide [EPC],  Biguanides [CS]","N/A","No","12/31/2026"
"METFORMIN HYDROCHLORIDE","50090-7576-2","500 mg/1","TABLET, EXTENDED RELEASE","ORAL","ANDA217631","A-S Medication Solutions","50090-7576","METFORMIN HYDROCHLORIDE","METFORMIN HYDROCHLORIDE","HUMAN PRESCRIPTION DRUG","06/09/2025","N/A","ANDA","90 TABLET, EXTENDED RELEASE in 1 BOTTLE (50090-7576-2)","Biguanide [EPC],  Biguanides [CS]","N/A","No","12/31/2026"
"METFORMIN HYDROCHLORIDE","50090-7576-3","500 mg/1","TABLET, EXTENDED RELEASE","ORAL","ANDA217631","A-S Medication Solutions","50090-7576","METFORMIN HYDROCHLORIDE","METFORMIN HYDROCHLORIDE","HUMAN PRESCRIPTION DRUG","06/09/2025","N/A","ANDA","180 TABLET, EXTENDED RELEASE in 1 BOTTLE (50090-7576-3)","Biguanide [EPC],  Biguanides [CS]","N/A","No","12/31/2026"
"METFORMIN HYDROCHLORIDE","50090-7576-4","500 mg/1","TABLET, EXTENDED RELEASE","ORAL","ANDA217631","A-S Medication Solutions","50090-7576","METFORMIN HYDROCHLORIDE","METFORMIN HYDROCHLORIDE","HUMAN PRESCRIPTION DRUG","06/09/2025","N/A","ANDA","100 TABLET, EXTENDED RELEASE in 1 BOTTLE (50090-7576-4)","Biguanide [EPC],  Biguanides [CS]","N/A","No","12/31/2026"
"Glyburide and Metformin Hydrochloride","71335-0360-1","5 mg/1,  500 mg/1","TABLET, FILM COATED","ORAL","ANDA077870","Bryant Ranch Prepack","71335-0360","Glyburide and Metformin Hydrochloride","GLYBURIDE,  METFORMIN HYDROCHLORIDE","HUMAN PRESCRIPTION DRUG","06/08/2018","N/A","ANDA","30 TABLET, FILM COATED in 1 BOTTLE (71335-0360-1)","Biguanide [EPC],  Biguanides [CS],  Sulfonylurea Compounds [CS],  Sulfonylurea [EPC]","N/A","No","12/31/2027"
"Glyburide and Metformin Hydrochloride","71335-0360-3","5 mg/1,  500 mg/1","TABLET, FILM COATED","ORAL","ANDA077870","Bryant Ranch Prepack","71335-0360","Glyburide and Metformin Hydrochloride","GLYBURIDE,  METFORMIN HYDROCHLORIDE","HUMAN PRESCRIPTION DRUG","03/16/2018","N/A","ANDA","60 TABLET, FILM COATED in 1 BOTTLE (71335-0360-3)","Biguanide [EPC],  Biguanides [CS],  Sulfonylurea Compounds [CS],  Sulfonylurea [EPC]","N/A","No","12/31/2027"
"Glyburide and Metformin Hydrochloride","71335-0360-4","5 mg/1,  500 mg/1","TABLET, FILM COATED","ORAL","ANDA077870","Bryant Ranch Prepack","71335-0360","Glyburide and Metformin Hydrochloride","GLYBURIDE,  METFORMIN HYDROCHLORIDE","HUMAN PRESCRIPTION DRUG","10/29/2018","N/A","ANDA","90 TABLET, FILM COATED in 1 BOTTLE (71335-0360-4)","Biguanide [EPC],  Biguanides [CS],  Sulfonylurea Compounds [CS],  Sulfonylurea [EPC]","N/A","No","12/31/2027"
"Glyburide and Metformin Hydrochloride","71335-0360-5","5 mg/1,  500 mg/1","TABLET, FILM COATED","ORAL","ANDA077870","Bryant Ranch Prepack","71335-0360","Glyburide and Metformin Hydrochloride","GLYBURIDE,  METFORMIN HYDROCHLORIDE","HUMAN PRESCRIPTION DRUG","08/18/2026","N/A","ANDA","120 TABLET, FILM COATED in 1 BOTTLE (71335-0360-5)","Biguanide [EPC],  Biguanides [CS],  Sulfonylurea Compounds [CS],  Sulfonylurea [EPC]","N/A","No","12/31/2027"
"Glyburide and Metformin Hydrochloride","71335-0360-6","5 mg/1,  500 mg/1","TABLET, FILM COATED","ORAL","ANDA077870","Bryant Ranch Prepack","71335-0360","Glyburide and Metformin Hydrochloride","GLYBURIDE,  METFORMIN HYDROCHLORIDE","HUMAN PRESCRIPTION DRUG","02/26/2018","N/A","ANDA","100 TABLET, FILM COATED in 1 BOTTLE (71335-0360-6)","Biguanide [EPC],  Biguanides [CS],  Sulfonylurea Compounds [CS],  Sulfonylurea [EPC]","N/A","No","12/31/2027"
"Glyburide and Metformin Hydrochloride","71335-0360-7","5 mg/1,  500 mg/1","TABLET, FILM COATED","ORAL","ANDA077870","Bryant Ranch Prepack","71335-0360","Glyburide and Metformin Hydrochloride","GLYBURIDE,  METFORMIN HYDROCHLORIDE","HUMAN PRESCRIPTION DRUG","08/18/2026","N/A","ANDA","180 TABLET, FILM COATED in 1 BOTTLE (71335-0360-7)","Biguanide [EPC],  Biguanides [CS],  Sulfonylurea Compounds [CS],  Sulfonylurea [EPC]","N/A","No","12/31/2027"
"Glyburide and Metformin Hydrochloride","71335-0360-8","5 mg/1,  500 mg/1","TABLET, FILM COATED","ORAL","ANDA077870","Bryant Ranch Prepack","71335-0360","Glyburide and Metformin Hydrochloride","GLYBURIDE,  METFORMIN HYDROCHLORIDE","HUMAN PRESCRIPTION DRUG","03/30/2018","N/A","ANDA","25 TABLET, FILM COATED in 1 BOTTLE (71335-0360-8)","Biguanide [EPC],  Biguanides [CS],  Sulfonylurea Compounds [CS],  Sulfonylurea [EPC]","N/A","No","12/31/2027"
"Metformin Hydrochloride","71610-533-30","500 mg/1","TABLET, EXTENDED RELEASE","ORAL","ANDA078321","Aphena Pharma Solutions - Tennessee, LLC","71610-533","Metformin Hydrochloride","METFORMIN HYDROCHLORIDE","HUMAN PRESCRIPTION DRUG","04/15/2021","N/A","ANDA","30 TABLET, EXTENDED RELEASE in 1 BOTTLE (71610-533-30)","Biguanide [EPC],  Biguanides [CS]","N/A","No","12/31/2026"
"Metformin Hydrochloride","71610-533-53","500 mg/1","TABLET, EXTENDED RELEASE","ORAL","ANDA078321","Aphena Pharma Solutions - Tennessee, LLC","71610-533","Metformin Hydrochloride","METFORMIN HYDROCHLORIDE","HUMAN PRESCRIPTION DRUG","03/09/2021","N/A","ANDA","60 TABLET, EXTENDED RELEASE in 1 BOTTLE (71610-533-53)","Biguanide [EPC],  Biguanides [CS]","N/A","No","12/31/2026"
"Metformin Hydrochloride","71610-533-60","500 mg/1","TABLET, EXTENDED RELEASE","ORAL","ANDA078321","Aphena Pharma Solutions - Tennessee, LLC","71610-533","Metformin Hydrochloride","METFORMIN HYDROCHLORIDE","HUMAN PRESCRIPTION DRUG","04/15/2021","N/A","ANDA","90 TABLET, EXTENDED RELEASE in 1 BOTTLE (71610-533-60)","Biguanide [EPC],  Biguanides [CS]","N/A","No","12/31/2026"
"Metformin Hydrochloride","71610-533-70","500 mg/1","TABLET, EXTENDED RELEASE","ORAL","ANDA078321","Aphena Pharma Solutions - Tennessee, LLC","71610-533","Metformin Hydrochloride","METFORMIN HYDROCHLORIDE","HUMAN PRESCRIPTION DRUG","05/18/2021","N/A","ANDA","120 TABLET, EXTENDED RELEASE in 1 BOTTLE (71610-533-70)","Biguanide [EPC],  Biguanides [CS]","N/A","No","12/31/2026"
"Metformin Hydrochloride","71610-533-80","500 mg/1","TABLET, EXTENDED RELEASE","ORAL","ANDA078321","Aphena Pharma Solutions - Tennessee, LLC","71610-533","Metformin Hydrochloride","METFORMIN HYDROCHLORIDE","HUMAN PRESCRIPTION DRUG","05/18/2021","N/A","ANDA","180 TABLET, EXTENDED RELEASE in 1 BOTTLE (71610-533-80)","Biguanide [EPC],  Biguanides [CS]","N/A","No","12/31/2026"
"Metformin Hydrochloride","70518-4710-0","1000 mg/1","TABLET, EXTENDED RELEASE","ORAL","ANDA209694","REMEDYREPACK INC.","70518-4710","Metformin Hydrochloride","METFORMIN HYDROCHLORIDE","HUMAN PRESCRIPTION DRUG","07/28/2026","N/A","ANDA","50 POUCH in 1 BOX (70518-4710-0)  / 1 TABLET, EXTENDED RELEASE in 1 POUCH (70518-4710-1)","Biguanide [EPC],  Biguanides [CS]","N/A","No","12/31/2027"
"Metformin Hydrochloride","70518-4710-2","1000 mg/1","TABLET, EXTENDED RELEASE","ORAL","ANDA209694","REMEDYREPACK INC.","70518-4710","Metformin Hydrochloride","METFORMIN HYDROCHLORIDE","HUMAN PRESCRIPTION DRUG","08/10/2026","N/A","ANDA","100 POUCH in 1 BOX (70518-4710-2)  / 1 TABLET, EXTENDED RELEASE in 1 POUCH (70518-4710-1)","Biguanide [EPC],  Biguanides [CS]","N/A","No","12/31/2027"
"Metformin hydrochloride","33342-239-11","500 mg/1","TABLET, EXTENDED RELEASE","ORAL","ANDA206955","Macleods Pharmaceuticals Limited","33342-239","Metformin hydrochloride","METFORMIN HYDROCHLORIDE","HUMAN PRESCRIPTION DRUG","12/08/2016","N/A","ANDA","100 TABLET, EXTENDED RELEASE in 1 BOTTLE (33342-239-11)","Biguanide [EPC],  Biguanides [CS]","N/A","No","12/31/2026"
"METFORMIN HYDROCHLORIDE","50090-1494-0","500 mg/1","TABLET, EXTENDED RELEASE","ORAL","ANDA201991","A-S Medication Solutions","50090-1494","metformin hydrochloride","METFORMIN HYDROCHLORIDE","HUMAN PRESCRIPTION DRUG","12/04/2014","N/A","ANDA","60 TABLET, EXTENDED RELEASE in 1 BOTTLE (50090-1494-0)","Biguanide [EPC],  Biguanides [CS]","N/A","No","12/31/2026"
"METFORMIN HYDROCHLORIDE","50090-1494-1","500 mg/1","TABLET, EXTENDED RELEASE","ORAL","ANDA201991","A-S Medication Solutions","50090-1494","metformin hydrochloride","METFORMIN HYDROCHLORIDE","HUMAN PRESCRIPTION DRUG","12/04/2014","N/A","ANDA","30 TABLET, EXTENDED RELEASE in 1 BOTTLE (50090-1494-1)","Biguanide [EPC],  Biguanides [CS]","N/A","No","12/31/2026"
"METFORMIN HYDROCHLORIDE","50090-1494-2","500 mg/1","TABLET, EXTENDED RELEASE","ORAL","ANDA201991","A-S Medication Solutions","50090-1494","metformin hydrochloride","METFORMIN HYDROCHLORIDE","HUMAN PRESCRIPTION DRUG","12/04/2014","N/A","ANDA","90 TABLET, EXTENDED RELEASE in 1 BOTTLE (50090-1494-2)","Biguanide [EPC],  Biguanides [CS]","N/A","No","12/31/2026"
"METFORMIN HYDROCHLORIDE","50090-1494-3","500 mg/1","TABLET, EXTENDED RELEASE","ORAL","ANDA201991","A-S Medication Solutions","50090-1494","metformin hydrochloride","METFORMIN HYDROCHLORIDE","HUMAN PRESCRIPTION DRUG","12/04/2014","N/A","ANDA","180 TABLET, EXTENDED RELEASE in 1 BOTTLE (50090-1494-3)","Biguanide [EPC],  Biguanides [CS]","N/A","No","12/31/2026"
"METFORMIN HYDROCHLORIDE","50090-1494-4","500 mg/1","TABLET, EXTENDED RELEASE","ORAL","ANDA201991","A-S Medication Solutions","50090-1494","metformin hydrochloride","METFORMIN HYDROCHLORIDE","HUMAN PRESCRIPTION DRUG","03/12/2024","N/A","ANDA","100 TABLET, EXTENDED RELEASE in 1 BOTTLE (50090-1494-4)","Biguanide [EPC],  Biguanides [CS]","N/A","No","12/31/2026"
"Metformin Hydrochloride","50090-7578-0","1000 mg/1","TABLET, COATED","ORAL","ANDA205096","A-S Medication Solutions","50090-7578","Metformin Hydrochloride","METFORMIN HYDROCHLORIDE","HUMAN PRESCRIPTION DRUG","06/16/2025","N/A","ANDA","90 TABLET, COATED in 1 BOTTLE (50090-7578-0)","Biguanide [EPC],  Biguanides [CS]","N/A","No","12/31/2026"
"XIGDUO XR","0310-6225-60","2.5 mg/1,  1000 mg/1","TABLET, FILM COATED, EXTENDED RELEASE","ORAL","NDA205649","AstraZeneca Pharmaceuticals LP","0310-6225","dapagliflozin and metformin hydrochloride","DAPAGLIFLOZIN PROPANEDIOL,  METFORMIN HYDROCHLORIDE","HUMAN PRESCRIPTION DRUG","01/15/2018","N/A","NDA","60 TABLET, FILM COATED, EXTENDED RELEASE in 1 BOTTLE, PLASTIC (0310-6225-60)","Biguanide [EPC],  Biguanides [CS],  Sodium-Glucose Cotransporter 2 Inhibitor [EPC],  Sodium-Glucose Transporter 2 Inhibitors [MoA]","N/A","No","12/31/2027"
"METFORMIN HYDROCHLORIDE EXTENDED RELEASE","72189-064-30","500 mg/1","TABLET, EXTENDED RELEASE","ORAL","ANDA090295","direct rx","72189-064","metformin hydrochloride","METFORMIN HYDROCHLORIDE","HUMAN PRESCRIPTION DRUG","06/17/2020","N/A","ANDA","30 TABLET, EXTENDED RELEASE in 1 BOTTLE (72189-064-30)","Biguanide [EPC],  Biguanides [CS]","N/A","No","12/31/2026"
"METFORMIN HYDROCHLORIDE EXTENDED RELEASE","72189-064-90","500 mg/1","TABLET, EXTENDED RELEASE","ORAL","ANDA090295","direct rx","72189-064","metformin hydrochloride","METFORMIN HYDROCHLORIDE","HUMAN PRESCRIPTION DRUG","06/17/2020","N/A","ANDA","90 TABLET, EXTENDED RELEASE in 1 BOTTLE (72189-064-90)","Biguanide [EPC],  Biguanides [CS]","N/A","No","12/31/2026"
"Dapagliflozin and Metformin Hydrochloride","84677-021-30","10 mg/1,  500 mg/1","TABLET, FILM COATED, EXTENDED RELEASE","ORAL","ANDA211491","Golden State Medical Supply, Inc.","84677-021","Dapagliflozin and Metformin Hydrochloride","DAPAGLIFLOZIN,  METFORMIN HYDROCHLORIDE","HUMAN PRESCRIPTION DRUG","03/16/2026","N/A","ANDA","30 TABLET, FILM COATED, EXTENDED RELEASE in 1 BOTTLE (84677-021-30)","Biguanide [EPC],  Biguanides [CS],  Sodium-Glucose Cotransporter 2 Inhibitor [EPC],  Sodium-Glucose Transporter 2 Inhibitors [MoA]","N/A","No","12/31/2027"
"Sitagliptin and metformin hydrochloride","70710-1986-6","50 mg/1,  500 mg/1","TABLET, FILM COATED","ORAL","NDA216743","Zydus Pharmaceuticals (USA) Inc.","70710-1986","Sitagliptin and Metformin Hydrochloride","SITAGLIPTIN,  METFORMIN HYDROCHLORIDE","HUMAN PRESCRIPTION DRUG","03/14/2024","N/A","NDA AUTHORIZED GENERIC","60 TABLET, FILM COATED in 1 BOTTLE (70710-1986-6)","Biguanide [EPC],  Biguanides [CS],  Dipeptidyl Peptidase 4 Inhibitor [EPC],  Dipeptidyl Peptidase 4 Inhibitors [MoA]","N/A","No","12/31/2027"
"Sitagliptin and metformin hydrochloride","70710-1986-8","50 mg/1,  500 mg/1","TABLET, FILM COATED","ORAL","NDA216743","Zydus Pharmaceuticals (USA) Inc.","70710-1986","Sitagliptin and Metformin Hydrochloride","SITAGLIPTIN,  METFORMIN HYDROCHLORIDE","HUMAN PRESCRIPTION DRUG","03/14/2024","N/A","NDA AUTHORIZED GENERIC","180 TABLET, FILM COATED in 1 BOTTLE (70710-1986-8)","Biguanide [EPC],  Biguanides [CS],  Dipeptidyl Peptidase 4 Inhibitor [EPC],  Dipeptidyl Peptidase 4 Inhibitors [MoA]","N/A","No","12/31/2027"
"SEGLUROMET","0006-5374-03","7.5 mg/1,  1000 mg/1","TABLET, FILM COATED","ORAL","NDA209806","Merck Sharp & Dohme LLC","0006-5374","ertugliflozin and metformin hydrochloride","ERTUGLIFLOZIN PIDOLATE,  METFORMIN HYDROCHLORIDE","HUMAN PRESCRIPTION DRUG","12/19/2017","N/A","NDA","60 TABLET, FILM COATED in 1 BOTTLE (0006-5374-03)","Biguanide [EPC],  Biguanides [CS]","N/A","No","12/31/2027"
"SEGLUROMET","0006-5374-06","7.5 mg/1,  1000 mg/1","TABLET, FILM COATED","ORAL","NDA209806","Merck Sharp & Dohme LLC","0006-5374","ertugliflozin and metformin hydrochloride","ERTUGLIFLOZIN PIDOLATE,  METFORMIN HYDROCHLORIDE","HUMAN PRESCRIPTION DRUG","12/19/2017","N/A","NDA","180 TABLET, FILM COATED in 1 BOTTLE (0006-5374-06)","Biguanide [EPC],  Biguanides [CS]","N/A","No","12/31/2027"
"SEGLUROMET","0006-5374-07","7.5 mg/1,  1000 mg/1","TABLET, FILM COATED","ORAL","NDA209806","Merck Sharp & Dohme LLC","0006-5374","ertugliflozin and metformin hydrochloride","ERTUGLIFLOZIN PIDOLATE,  METFORMIN HYDROCHLORIDE","HUMAN PRESCRIPTION DRUG","12/19/2017","N/A","NDA","500 TABLET, FILM COATED in 1 BOTTLE (0006-5374-07)","Biguanide [EPC],  Biguanides [CS]","N/A","No","12/31/2027"
"SEGLUROMET","0006-5374-09","7.5 mg/1,  1000 mg/1","TABLET, FILM COATED","ORAL","NDA209806","Merck Sharp & Dohme LLC","0006-5374","ertugliflozin and metformin hydrochloride","ERTUGLIFLOZIN PIDOLATE,  METFORMIN HYDROCHLORIDE","HUMAN PRESCRIPTION DRUG","12/19/2017","N/A","NDA","2 BOTTLE in 1 CARTON (0006-5374-09)  / 14 TABLET, FILM COATED in 1 BOTTLE (0006-5374-08)","Biguanide [EPC],  Biguanides [CS]","N/A","Yes","12/31/2027"
"METFORMIN HYDROCHLORIDE","50090-7579-0","500 mg/1","TABLET, EXTENDED RELEASE","ORAL","ANDA201991","A-S Medication Solutions","50090-7579","metformin hydrochloride","METFORMIN HYDROCHLORIDE","HUMAN PRESCRIPTION DRUG","06/16/2025","N/A","ANDA","90 TABLET, EXTENDED RELEASE in 1 BOTTLE (50090-7579-0)","Biguanide [EPC],  Biguanides [CS]","N/A","No","12/31/2026"
"Dapagliflozin and Metformin Hydrochloride","84677-022-30","10 mg/1,  1000 mg/1","TABLET, FILM COATED, EXTENDED RELEASE","ORAL","ANDA211491","Golden State Medical Supply, Inc.","84677-022","Dapagliflozin and Metformin Hydrochloride","DAPAGLIFLOZIN,  METFORMIN HYDROCHLORIDE","HUMAN PRESCRIPTION DRUG","03/16/2026","N/A","ANDA","30 TABLET, FILM COATED, EXTENDED RELEASE in 1 BOTTLE (84677-022-30)","Biguanide [EPC],  Biguanides [CS],  Sodium-Glucose Cotransporter 2 Inhibitor [EPC],  Sodium-Glucose Transporter 2 Inhibitors [MoA]","N/A","No","12/31/2027"
"Metformin Hydrochloride","25000-134-03","500 mg/1","TABLET, FILM COATED","ORAL","ANDA090888","MARKSANS PHARMA LIMITED","25000-134","Metformin Hydrochloride","METFORMIN HYDROCHLORIDE","HUMAN PRESCRIPTION DRUG","06/01/2012","N/A","ANDA","30 TABLET, FILM COATED in 1 BOTTLE (25000-134-03)","Biguanide [EPC],  Biguanides [CS]","N/A","No","12/31/2027"
"Metformin Hydrochloride","25000-134-14","500 mg/1","TABLET, FILM COATED","ORAL","ANDA090888","MARKSANS PHARMA LIMITED","25000-134","Metformin Hydrochloride","METFORMIN HYDROCHLORIDE","HUMAN PRESCRIPTION DRUG","06/01/2012","N/A","ANDA","1000 TABLET, FILM COATED in 1 BOTTLE (25000-134-14)","Biguanide [EPC],  Biguanides [CS]","N/A","No","12/31/2027"
"Metformin Hydrochloride","25000-134-51","500 mg/1","TABLET, FILM COATED","ORAL","ANDA090888","MARKSANS PHARMA LIMITED","25000-134","Metformin Hydrochloride","METFORMIN HYDROCHLORIDE","HUMAN PRESCRIPTION DRUG","06/01/2012","N/A","ANDA","2600 TABLET, FILM COATED in 1 BAG (25000-134-51)","Biguanide [EPC],  Biguanides [CS]","N/A","No","12/31/2027"
"Metformin Hydrochloride","25000-134-98","500 mg/1","TABLET, FILM COATED","ORAL","ANDA090888","MARKSANS PHARMA LIMITED","25000-134","Metformin Hydrochloride","METFORMIN HYDROCHLORIDE","HUMAN PRESCRIPTION DRUG","06/01/2012","N/A","ANDA","1 BAG in 1 BOX (25000-134-98)  / 16455 TABLET, FILM COATED in 1 BAG","Biguanide [EPC],  Biguanides [CS]","N/A","No","12/31/2027"
"Sitagliptin and metformin hydrochloride","70710-1987-6","50 mg/1,  1000 mg/1","TABLET, FILM COATED","ORAL","NDA216743","Zydus Pharmaceuticals (USA) Inc.","70710-1987","Sitagliptin and Metformin Hydrochloride","SITAGLIPTIN,  METFORMIN HYDROCHLORIDE","HUMAN PRESCRIPTION DRUG","03/14/2024","N/A","NDA AUTHORIZED GENERIC","60 TABLET, FILM COATED in 1 BOTTLE (70710-1987-6)","Biguanide [EPC],  Biguanides [CS],  Dipeptidyl Peptidase 4 Inhibitor [EPC],  Dipeptidyl Peptidase 4 Inhibitors [MoA]","N/A","No","12/31/2027"
"Sitagliptin and metformin hydrochloride","70710-1987-8","50 mg/1,  1000 mg/1","TABLET, FILM COATED","ORAL","NDA216743","Zydus Pharmaceuticals (USA) Inc.","70710-1987","Sitagliptin and Metformin Hydrochloride","SITAGLIPTIN,  METFORMIN HYDROCHLORIDE","HUMAN PRESCRIPTION DRUG","03/14/2024","N/A","NDA AUTHORIZED GENERIC","180 TABLET, FILM COATED in 1 BOTTLE (70710-1987-8)","Biguanide [EPC],  Biguanides [CS],  Dipeptidyl Peptidase 4 Inhibitor [EPC],  Dipeptidyl Peptidase 4 Inhibitors [MoA]","N/A","No","12/31/2027"
"METFORMIN HYDROCHLORIDE","42385-977-01","500 mg/1","TABLET, EXTENDED RELEASE","ORAL","ANDA217631","Laurus Labs Limited","42385-977","METFORMIN HYDROCHLORIDE","METFORMIN HYDROCHLORIDE","HUMAN PRESCRIPTION DRUG","10/06/2023","N/A","ANDA","100 TABLET, EXTENDED RELEASE in 1 BOTTLE (42385-977-01)","Biguanide [EPC],  Biguanides [CS]","N/A","No","12/31/2027"
"METFORMIN HYDROCHLORIDE","42385-977-05","500 mg/1","TABLET, EXTENDED RELEASE","ORAL","ANDA217631","Laurus Labs Limited","42385-977","METFORMIN HYDROCHLORIDE","METFORMIN HYDROCHLORIDE","HUMAN PRESCRIPTION DRUG","10/06/2023","N/A","ANDA","500 TABLET, EXTENDED RELEASE in 1 BOTTLE (42385-977-05)","Biguanide [EPC],  Biguanides [CS]","N/A","No","12/31/2027"
"METFORMIN HYDROCHLORIDE","42385-977-11","500 mg/1","TABLET, EXTENDED RELEASE","ORAL","ANDA217631","Laurus Labs Limited","42385-977","METFORMIN HYDROCHLORIDE","METFORMIN HYDROCHLORIDE","HUMAN PRESCRIPTION DRUG","10/06/2023","N/A","ANDA","1000 TABLET, EXTENDED RELEASE in 1 BOTTLE (42385-977-11)","Biguanide [EPC],  Biguanides [CS]","N/A","No","12/31/2027"
"METFORMIN HYDROCHLORIDE","42385-977-18","500 mg/1","TABLET, EXTENDED RELEASE","ORAL","ANDA217631","Laurus Labs Limited","42385-977","METFORMIN HYDROCHLORIDE","METFORMIN HYDROCHLORIDE","HUMAN PRESCRIPTION DRUG","10/06/2023","N/A","ANDA","180 TABLET, EXTENDED RELEASE in 1 BOTTLE (42385-977-18)","Biguanide [EPC],  Biguanides [CS]","N/A","No","12/31/2027"
"METFORMIN HYDROCHLORIDE","42385-977-30","500 mg/1","TABLET, EXTENDED RELEASE","ORAL","ANDA217631","Laurus Labs Limited","42385-977","METFORMIN HYDROCHLORIDE","METFORMIN HYDROCHLORIDE","HUMAN PRESCRIPTION DRUG","10/06/2023","N/A","ANDA","30 TABLET, EXTENDED RELEASE in 1 BOTTLE (42385-977-30)","Biguanide [EPC],  Biguanides [CS]","N/A","No","12/31/2027"
"METFORMIN HYDROCHLORIDE","42385-977-72","500 mg/1","TABLET, EXTENDED RELEASE","ORAL","ANDA217631","Laurus Labs Limited","42385-977","METFORMIN HYDROCHLORIDE","METFORMIN HYDROCHLORIDE","HUMAN PRESCRIPTION DRUG","10/06/2023","N/A","ANDA","15 BLISTER PACK in 1 CARTON (42385-977-72)  / 10 TABLET, EXTENDED RELEASE in 1 BLISTER PACK","Biguanide [EPC],  Biguanides [CS]","N/A","No","12/31/2027"
"METFORMIN HYDROCHLORIDE","42385-977-90","500 mg/1","TABLET, EXTENDED RELEASE","ORAL","ANDA217631","Laurus Labs Limited","42385-977","METFORMIN HYDROCHLORIDE","METFORMIN HYDROCHLORIDE","HUMAN PRESCRIPTION DRUG","10/06/2023","N/A","ANDA","90 TABLET, EXTENDED RELEASE in 1 BOTTLE (42385-977-90)","Biguanide [EPC],  Biguanides [CS]","N/A","No","12/31/2027"
"Glipizide and Metformin Hydrochloride","65841-661-01","5 mg/1,  500 mg/1","TABLET, FILM COATED","ORAL","ANDA078905","Zydus Lifesciences Limited","65841-661","Glipizide and Metformin Hydrochloride","GLIPIZIDE,  METFORMIN HYDROCHLORIDE","HUMAN PRESCRIPTION DRUG","05/05/2016","N/A","ANDA","100 TABLET, FILM COATED in 1 BOTTLE (65841-661-01)","Biguanide [EPC],  Biguanides [CS],  Sulfonylurea Compounds [CS],  Sulfonylurea [EPC]","N/A","No","12/31/2026"
"Glipizide and Metformin Hydrochloride","65841-661-10","5 mg/1,  500 mg/1","TABLET, FILM COATED","ORAL","ANDA078905","Zydus Lifesciences Limited","65841-661","Glipizide and Metformin Hydrochloride","GLIPIZIDE,  METFORMIN HYDROCHLORIDE","HUMAN PRESCRIPTION DRUG","05/05/2016","N/A","ANDA","1000 TABLET, FILM COATED in 1 BOTTLE (65841-661-10)","Biguanide [EPC],  Biguanides [CS],  Sulfonylurea Compounds [CS],  Sulfonylurea [EPC]","N/A","No","12/31/2026"
"Glipizide and Metformin Hydrochloride","65841-661-16","5 mg/1,  500 mg/1","TABLET, FILM COATED","ORAL","ANDA078905","Zydus Lifesciences Limited","65841-661","Glipizide and Metformin Hydrochloride","GLIPIZIDE,  METFORMIN HYDROCHLORIDE","HUMAN PRESCRIPTION DRUG","05/05/2016","N/A","ANDA","90 TABLET, FILM COATED in 1 BOTTLE (65841-661-16)","Biguanide [EPC],  Biguanides [CS],  Sulfonylurea Compounds [CS],  Sulfonylurea [EPC]","N/A","No","12/31/2026"
"Glipizide and Metformin Hydrochloride","65841-661-77","5 mg/1,  500 mg/1","TABLET, FILM COATED","ORAL","ANDA078905","Zydus Lifesciences Limited","65841-661","Glipizide and Metformin Hydrochloride","GLIPIZIDE,  METFORMIN HYDROCHLORIDE","HUMAN PRESCRIPTION DRUG","05/05/2016","N/A","ANDA","10 BLISTER PACK in 1 CARTON (65841-661-77)  / 10 TABLET, FILM COATED in 1 BLISTER PACK (65841-661-30)","Biguanide [EPC],  Biguanides [CS],  Sulfonylurea Compounds [CS],  Sulfonylurea [EPC]","N/A","No","12/31/2026"
"METFORMIN HYDROCHLORIDE","68462-520-01","500 mg/1","TABLET, FILM COATED, EXTENDED RELEASE","ORAL","ANDA212969","GLENMARK PHARMACEUTICALS INC., USA","68462-520","metformin hydrochloride","METFORMIN HYDROCHLORIDE","HUMAN PRESCRIPTION DRUG","11/25/2019","N/A","ANDA","100 TABLET, FILM COATED, EXTENDED RELEASE in 1 BOTTLE (68462-520-01)","Biguanide [EPC],  Biguanides [CS]","N/A","No","12/31/2027"
"METFORMIN HYDROCHLORIDE","68462-520-05","500 mg/1","TABLET, FILM COATED, EXTENDED RELEASE","ORAL","ANDA212969","GLENMARK PHARMACEUTICALS INC., USA","68462-520","metformin hydrochloride","METFORMIN HYDROCHLORIDE","HUMAN PRESCRIPTION DRUG","11/25/2019","N/A","ANDA","500 TABLET, FILM COATED, EXTENDED RELEASE in 1 BOTTLE (68462-520-05)","Biguanide [EPC],  Biguanides [CS]","N/A","No","12/31/2027"
"METFORMIN HYDROCHLORIDE","68462-520-10","500 mg/1","TABLET, FILM COATED, EXTENDED RELEASE","ORAL","ANDA212969","GLENMARK PHARMACEUTICALS INC., USA","68462-520","metformin hydrochloride","METFORMIN HYDROCHLORIDE","HUMAN PRESCRIPTION DRUG","11/25/2019","N/A","ANDA","1000 TABLET, FILM COATED, EXTENDED RELEASE in 1 BOTTLE (68462-520-10)","Biguanide [EPC],  Biguanides [CS]","N/A","No","12/31/2027"
"Glipizide and Metformin Hydrochloride","65841-659-01","2.5 mg/1,  250 mg/1","TABLET, FILM COATED","ORAL","ANDA078905","Zydus Lifesciences Limited","65841-659","Glipizide and Metformin Hydrochloride","GLIPIZIDE,  METFORMIN HYDROCHLORIDE","HUMAN PRESCRIPTION DRUG","05/05/2016","N/A","ANDA","100 TABLET, FILM COATED in 1 BOTTLE (65841-659-01)","Biguanide [EPC],  Biguanides [CS],  Sulfonylurea Compounds [CS],  Sulfonylurea [EPC]","N/A","No","12/31/2026"
"Glipizide and Metformin Hydrochloride","65841-659-10","2.5 mg/1,  250 mg/1","TABLET, FILM COATED","ORAL","ANDA078905","Zydus Lifesciences Limited","65841-659","Glipizide and Metformin Hydrochloride","GLIPIZIDE,  METFORMIN HYDROCHLORIDE","HUMAN PRESCRIPTION DRUG","05/05/2016","N/A","ANDA","1000 TABLET, FILM COATED in 1 BOTTLE (65841-659-10)","Biguanide [EPC],  Biguanides [CS],  Sulfonylurea Compounds [CS],  Sulfonylurea [EPC]","N/A","No","12/31/2026"
"Glipizide and Metformin Hydrochloride","65841-659-16","2.5 mg/1,  250 mg/1","TABLET, FILM COATED","ORAL","ANDA078905","Zydus Lifesciences Limited","65841-659","Glipizide and Metformin Hydrochloride","GLIPIZIDE,  METFORMIN HYDROCHLORIDE","HUMAN PRESCRIPTION DRUG","05/05/2016","N/A","ANDA","90 TABLET, FILM COATED in 1 BOTTLE (65841-659-16)","Biguanide [EPC],  Biguanides [CS],  Sulfonylurea Compounds [CS],  Sulfonylurea [EPC]","N/A","No","12/31/2026"
"Glipizide and Metformin Hydrochloride","65841-659-77","2.5 mg/1,  250 mg/1","TABLET, FILM COATED","ORAL","ANDA078905","Zydus Lifesciences Limited","65841-659","Glipizide and Metformin Hydrochloride","GLIPIZIDE,  METFORMIN HYDROCHLORIDE","HUMAN PRESCRIPTION DRUG","05/05/2016","N/A","ANDA","10 BLISTER PACK in 1 CARTON (65841-659-77)  / 10 TABLET, FILM COATED in 1 BLISTER PACK (65841-659-30)","Biguanide [EPC],  Biguanides [CS],  Sulfonylurea Compounds [CS],  Sulfonylurea [EPC]","N/A","No","12/31/2026"
"METFORMIN HYDROCHLORIDE","42385-978-01","750 mg/1","TABLET, EXTENDED RELEASE","ORAL","ANDA217631","Laurus Labs Limited","42385-978","METFORMIN HYDROCHLORIDE","METFORMIN HYDROCHLORIDE","HUMAN PRESCRIPTION DRUG","10/06/2023","N/A","ANDA","100 TABLET, EXTENDED RELEASE in 1 BOTTLE (42385-978-01)","Biguanide [EPC],  Biguanides [CS]","N/A","No","12/31/2027"
"METFORMIN HYDROCHLORIDE","42385-978-05","750 mg/1","TABLET, EXTENDED RELEASE","ORAL","ANDA217631","Laurus Labs Limited","42385-978","METFORMIN HYDROCHLORIDE","METFORMIN HYDROCHLORIDE","HUMAN PRESCRIPTION DRUG","10/06/2023","N/A","ANDA","500 TABLET, EXTENDED RELEASE in 1 BOTTLE (42385-978-05)","Biguanide [EPC],  Biguanides [CS]","N/A","No","12/31/2027"
"METFORMIN HYDROCHLORIDE","42385-978-11","750 mg/1","TABLET, EXTENDED RELEASE","ORAL","ANDA217631","Laurus Labs Limited","42385-978","METFORMIN HYDROCHLORIDE","METFORMIN HYDROCHLORIDE","HUMAN PRESCRIPTION DRUG","10/06/2023","N/A","ANDA","1000 TABLET, EXTENDED RELEASE in 1 BOTTLE (42385-978-11)","Biguanide [EPC],  Biguanides [CS]","N/A","No","12/31/2027"
"METFORMIN HYDROCHLORIDE","42385-978-18","750 mg/1","TABLET, EXTENDED RELEASE","ORAL","ANDA217631","Laurus Labs Limited","42385-978","METFORMIN HYDROCHLORIDE","METFORMIN HYDROCHLORIDE","HUMAN PRESCRIPTION DRUG","10/06/2023","N/A","ANDA","180 TABLET, EXTENDED RELEASE in 1 BOTTLE (42385-978-18)","Biguanide [EPC],  Biguanides [CS]","N/A","No","12/31/2027"
"METFORMIN HYDROCHLORIDE","42385-978-30","750 mg/1","TABLET, EXTENDED RELEASE","ORAL","ANDA217631","Laurus Labs Limited","42385-978","METFORMIN HYDROCHLORIDE","METFORMIN HYDROCHLORIDE","HUMAN PRESCRIPTION DRUG","10/06/2023","N/A","ANDA","30 TABLET, EXTENDED RELEASE in 1 BOTTLE (42385-978-30)","Biguanide [EPC],  Biguanides [CS]","N/A","No","12/31/2027"
"METFORMIN HYDROCHLORIDE","42385-978-72","750 mg/1","TABLET, EXTENDED RELEASE","ORAL","ANDA217631","Laurus Labs Limited","42385-978","METFORMIN HYDROCHLORIDE","METFORMIN HYDROCHLORIDE","HUMAN PRESCRIPTION DRUG","10/06/2023","N/A","ANDA","15 BLISTER PACK in 1 CARTON (42385-978-72)  / 10 TABLET, EXTENDED RELEASE in 1 BLISTER PACK","Biguanide [EPC],  Biguanides [CS]","N/A","No","12/31/2027"
"METFORMIN HYDROCHLORIDE","42385-978-90","750 mg/1","TABLET, EXTENDED RELEASE","ORAL","ANDA217631","Laurus Labs Limited","42385-978","METFORMIN HYDROCHLORIDE","METFORMIN HYDROCHLORIDE","HUMAN PRESCRIPTION DRUG","10/06/2023","N/A","ANDA","90 TABLET, EXTENDED RELEASE in 1 BOTTLE (42385-978-90)","Biguanide [EPC],  Biguanides [CS]","N/A","No","12/31/2027"
"Metformin hydrochloride","33342-240-11","750 mg/1","TABLET, EXTENDED RELEASE","ORAL","ANDA206955","Macleods Pharmaceuticals Limited","33342-240","Metformin hydrochloride","METFORMIN HYDROCHLORIDE","HUMAN PRESCRIPTION DRUG","12/08/2016","N/A","ANDA","100 TABLET, EXTENDED RELEASE in 1 BOTTLE (33342-240-11)","Biguanide [EPC],  Biguanides [CS]","N/A","No","12/31/2026"
"Glipizide and Metformin Hydrochloride","65841-660-01","2.5 mg/1,  500 mg/1","TABLET, FILM COATED","ORAL","ANDA078905","Zydus Lifesciences Limited","65841-660","Glipizide and Metformin Hydrochloride","GLIPIZIDE,  METFORMIN HYDROCHLORIDE","HUMAN PRESCRIPTION DRUG","05/05/2016","N/A","ANDA","100 TABLET, FILM COATED in 1 BOTTLE (65841-660-01)","Biguanide [EPC],  Biguanides [CS],  Sulfonylurea Compounds [CS],  Sulfonylurea [EPC]","N/A","No","12/31/2026"
"Glipizide and Metformin Hydrochloride","65841-660-10","2.5 mg/1,  500 mg/1","TABLET, FILM COATED","ORAL","ANDA078905","Zydus Lifesciences Limited","65841-660","Glipizide and Metformin Hydrochloride","GLIPIZIDE,  METFORMIN HYDROCHLORIDE","HUMAN PRESCRIPTION DRUG","05/05/2016","N/A","ANDA","1000 TABLET, FILM COATED in 1 BOTTLE (65841-660-10)","Biguanide [EPC],  Biguanides [CS],  Sulfonylurea Compounds [CS],  Sulfonylurea [EPC]","N/A","No","12/31/2026"
"Glipizide and Metformin Hydrochloride","65841-660-16","2.5 mg/1,  500 mg/1","TABLET, FILM COATED","ORAL","ANDA078905","Zydus Lifesciences Limited","65841-660","Glipizide and Metformin Hydrochloride","GLIPIZIDE,  METFORMIN HYDROCHLORIDE","HUMAN PRESCRIPTION DRUG","05/05/2016","N/A","ANDA","90 TABLET, FILM COATED in 1 BOTTLE (65841-660-16)","Biguanide [EPC],  Biguanides [CS],  Sulfonylurea Compounds [CS],  Sulfonylurea [EPC]","N/A","No","12/31/2026"
"Glipizide and Metformin Hydrochloride","65841-660-77","2.5 mg/1,  500 mg/1","TABLET, FILM COATED","ORAL","ANDA078905","Zydus Lifesciences Limited","65841-660","Glipizide and Metformin Hydrochloride","GLIPIZIDE,  METFORMIN HYDROCHLORIDE","HUMAN PRESCRIPTION DRUG","05/05/2016","N/A","ANDA","10 BLISTER PACK in 1 CARTON (65841-660-77)  / 10 TABLET, FILM COATED in 1 BLISTER PACK (65841-660-30)","Biguanide [EPC],  Biguanides [CS],  Sulfonylurea Compounds [CS],  Sulfonylurea [EPC]","N/A","No","12/31/2026"
"Metformin Hydrochloride","66689-318-16","500 mg/5mL","SOLUTION","ORAL","ANDA212677","VistaPharm, LLC","66689-318","Metformin Hydrochloride","METFORMIN HYDROCHLORIDE","HUMAN PRESCRIPTION DRUG","12/19/2022","N/A","ANDA","1 BOTTLE in 1 CARTON (66689-318-16)  / 473 mL in 1 BOTTLE","Biguanide [EPC],  Biguanides [CS]","N/A","No","12/31/2026"
"Sitagliptin and Metformin hydrochloride","10370-351-11","100 mg/1,  1000 mg/1","TABLET, FILM COATED, EXTENDED RELEASE","ORAL","ANDA204144","Par Health USA, LLC","10370-351","sitagliptin and metformin hydrochloride","SITAGLIPTIN PHOSPHATE,  METFORMIN HYDROCHLORIDE","HUMAN PRESCRIPTION DRUG","07/24/2026","N/A","ANDA","30 TABLET, FILM COATED, EXTENDED RELEASE in 1 BOTTLE, PLASTIC (10370-351-11)","Biguanide [EPC],  Biguanides [CS],  Dipeptidyl Peptidase 4 Inhibitor [EPC],  Dipeptidyl Peptidase 4 Inhibitors [MoA]","N/A","No","12/31/2027"
"METFORMIN HYDROCHLORIDE","50090-7588-0","1000 mg/1","TABLET","ORAL","ANDA203769","A-S Medication Solutions","50090-7588","METFORMIN HYDROCHLORIDE","METFORMIN HYDROCHLORIDE","HUMAN PRESCRIPTION DRUG","06/30/2025","N/A","ANDA","90 TABLET in 1 BOTTLE (50090-7588-0)","Biguanide [EPC],  Biguanides [CS]","N/A","No","12/31/2026"
"XIGDUO XR","0310-6250-30","5 mg/1,  500 mg/1","TABLET, FILM COATED, EXTENDED RELEASE","ORAL","NDA205649","AstraZeneca Pharmaceuticals LP","0310-6250","dapagliflozin and metformin hydrochloride","DAPAGLIFLOZIN PROPANEDIOL,  METFORMIN HYDROCHLORIDE","HUMAN PRESCRIPTION DRUG","12/01/2014","N/A","NDA","30 TABLET, FILM COATED, EXTENDED RELEASE in 1 BOTTLE, PLASTIC (0310-6250-30)","Biguanide [EPC],  Biguanides [CS],  Sodium-Glucose Cotransporter 2 Inhibitor [EPC],  Sodium-Glucose Transporter 2 Inhibitors [MoA]","N/A","No","12/31/2027"
"METFORMIN HYDROCHLORIDE","68462-521-01","1000 mg/1","TABLET, FILM COATED, EXTENDED RELEASE","ORAL","ANDA212969","GLENMARK PHARMACEUTICALS INC., USA","68462-521","metformin hydrochloride","METFORMIN HYDROCHLORIDE","HUMAN PRESCRIPTION DRUG","11/25/2019","N/A","ANDA","100 TABLET, FILM COATED, EXTENDED RELEASE in 1 BOTTLE (68462-521-01)","Biguanide [EPC],  Biguanides [CS]","N/A","No","12/31/2027"
"METFORMIN HYDROCHLORIDE","68462-521-05","1000 mg/1","TABLET, FILM COATED, EXTENDED RELEASE","ORAL","ANDA212969","GLENMARK PHARMACEUTICALS INC., USA","68462-521","metformin hydrochloride","METFORMIN HYDROCHLORIDE","HUMAN PRESCRIPTION DRUG","11/25/2019","N/A","ANDA","500 TABLET, FILM COATED, EXTENDED RELEASE in 1 BOTTLE (68462-521-05)","Biguanide [EPC],  Biguanides [CS]","N/A","No","12/31/2027"
"METFORMIN HYDROCHLORIDE","68462-521-90","1000 mg/1","TABLET, FILM COATED, EXTENDED RELEASE","ORAL","ANDA212969","GLENMARK PHARMACEUTICALS INC., USA","68462-521","metformin hydrochloride","METFORMIN HYDROCHLORIDE","HUMAN PRESCRIPTION DRUG","11/25/2019","N/A","ANDA","90 TABLET, FILM COATED, EXTENDED RELEASE in 1 BOTTLE (68462-521-90)","Biguanide [EPC],  Biguanides [CS]","N/A","No","12/31/2027"
"Sitagliptin and Metformin Hydrochloride","70710-2036-6","50 mg/1,  500 mg/1","TABLET, FILM COATED, EXTENDED RELEASE","ORAL","NDA216778","Zydus Pharmaceuticals USA Inc.","70710-2036","sitagliptin and metformin hydrochloride","SITAGLIPTIN,  METFORMIN HYDROCHLORIDE","HUMAN PRESCRIPTION DRUG","10/31/2024","N/A","NDA AUTHORIZED GENERIC","60 TABLET, FILM COATED, EXTENDED RELEASE in 1 BOTTLE (70710-2036-6)","Biguanide [EPC],  Biguanides [CS],  Dipeptidyl Peptidase 4 Inhibitor [EPC],  Dipeptidyl Peptidase 4 Inhibitors [MoA]","N/A","No","12/31/2026"
"Metformin Hydrochloride","63187-238-30","500 mg/1","TABLET, FILM COATED","ORAL","ANDA077095","Proficient Rx LP","63187-238","Metformin Hydrochloride","METFORMIN HYDROCHLORIDE","HUMAN PRESCRIPTION DRUG","06/16/2023","N/A","ANDA","30 TABLET, FILM COATED in 1 BOTTLE (63187-238-30)","Biguanide [EPC],  Biguanides [CS]","N/A","No","12/31/2026"
"Metformin Hydrochloride","63187-238-60","500 mg/1","TABLET, FILM COATED","ORAL","ANDA077095","Proficient Rx LP","63187-238","Metformin Hydrochloride","METFORMIN HYDROCHLORIDE","HUMAN PRESCRIPTION DRUG","06/16/2023","N/A","ANDA","60 TABLET, FILM COATED in 1 BOTTLE (63187-238-60)","Biguanide [EPC],  Biguanides [CS]","N/A","No","12/31/2026"
"Metformin Hydrochloride","63187-238-78","500 mg/1","TABLET, FILM COATED","ORAL","ANDA077095","Proficient Rx LP","63187-238","Metformin Hydrochloride","METFORMIN HYDROCHLORIDE","HUMAN PRESCRIPTION DRUG","06/16/2023","N/A","ANDA","180 TABLET, FILM COATED in 1 BOTTLE (63187-238-78)","Biguanide [EPC],  Biguanides [CS]","N/A","No","12/31/2026"
"Metformin Hydrochloride","63187-238-90","500 mg/1","TABLET, FILM COATED","ORAL","ANDA077095","Proficient Rx LP","63187-238","Metformin Hydrochloride","METFORMIN HYDROCHLORIDE","HUMAN PRESCRIPTION DRUG","01/01/2019","N/A","ANDA","90 TABLET, FILM COATED in 1 BOTTLE (63187-238-90)","Biguanide [EPC],  Biguanides [CS]","N/A","No","12/31/2026"
"Metformin Hydrochloride","82009-046-10","500 mg/1","TABLET","ORAL","ANDA090564","Quallent Pharmaceuticals Health LLC","82009-046","Metformin Hydrochloride Tablet","METFORMIN HYDROCHLORIDE","HUMAN PRESCRIPTION DRUG","02/01/2023","N/A","ANDA","1000 TABLET in 1 BOTTLE (82009-046-10)","Biguanide [EPC],  Biguanides [CS]","N/A","No","12/31/2026"
"Metformin Hydrochloride","67877-413-01","500 mg/1","TABLET, EXTENDED RELEASE","ORAL","ANDA206145","Ascend Laboratories, LLC","67877-413","Metformin Hydrochloride","METFORMIN HYDROCHLORIDE","HUMAN PRESCRIPTION DRUG","10/27/2018","N/A","ANDA","100 TABLET, EXTENDED RELEASE in 1 BOTTLE (67877-413-01)","Biguanide [EPC],  Biguanides [CS]","N/A","No","12/31/2026"
"Metformin Hydrochloride","67877-413-05","500 mg/1","TABLET, EXTENDED RELEASE","ORAL","ANDA206145","Ascend Laboratories, LLC","67877-413","Metformin Hydrochloride","METFORMIN HYDROCHLORIDE","HUMAN PRESCRIPTION DRUG","10/27/2018","N/A","ANDA","500 TABLET, EXTENDED RELEASE in 1 BOTTLE (67877-413-05)","Biguanide [EPC],  Biguanides [CS]","N/A","No","12/31/2026"
"Metformin Hydrochloride","67877-413-10","500 mg/1","TABLET, EXTENDED RELEASE","ORAL","ANDA206145","Ascend Laboratories, LLC","67877-413","Metformin Hydrochloride","METFORMIN HYDROCHLORIDE","HUMAN PRESCRIPTION DRUG","10/27/2018","N/A","ANDA","1000 TABLET, EXTENDED RELEASE in 1 BOTTLE (67877-413-10)","Biguanide [EPC],  Biguanides [CS]","N/A","No","12/31/2026"
"Metformin Hydrochloride","67877-413-33","500 mg/1","TABLET, EXTENDED RELEASE","ORAL","ANDA206145","Ascend Laboratories, LLC","67877-413","Metformin Hydrochloride","METFORMIN HYDROCHLORIDE","HUMAN PRESCRIPTION DRUG","10/27/2018","N/A","ANDA","10 BLISTER PACK in 1 CARTON (67877-413-33)  / 10 TABLET, EXTENDED RELEASE in 1 BLISTER PACK","Biguanide [EPC],  Biguanides [CS]","N/A","No","12/31/2026"
"Metformin Hydrochloride","67877-413-90","500 mg/1","TABLET, EXTENDED RELEASE","ORAL","ANDA206145","Ascend Laboratories, LLC","67877-413","Metformin Hydrochloride","METFORMIN HYDROCHLORIDE","HUMAN PRESCRIPTION DRUG","12/27/2019","N/A","ANDA","90 TABLET, EXTENDED RELEASE in 1 BOTTLE (67877-413-90)","Biguanide [EPC],  Biguanides [CS]","N/A","No","12/31/2026"
"Sitagliptin and Metformin Hydrochloride","70710-2037-6","50 mg/1,  1000 mg/1","TABLET, FILM COATED, EXTENDED RELEASE","ORAL","NDA216778","Zydus Pharmaceuticals USA Inc.","70710-2037","sitagliptin and metformin hydrochloride","SITAGLIPTIN,  METFORMIN HYDROCHLORIDE","HUMAN PRESCRIPTION DRUG","10/31/2024","N/A","NDA AUTHORIZED GENERIC","60 TABLET, FILM COATED, EXTENDED RELEASE in 1 BOTTLE (70710-2037-6)","Biguanide [EPC],  Biguanides [CS],  Dipeptidyl Peptidase 4 Inhibitor [EPC],  Dipeptidyl Peptidase 4 Inhibitors [MoA]","N/A","No","12/31/2026"
"METFORMIN HYDROCHLORIDE","50090-7586-0","1000 mg/1","TABLET","ORAL","ANDA203769","A-S Medication Solutions","50090-7586","METFORMIN HYDROCHLORIDE","METFORMIN HYDROCHLORIDE","HUMAN PRESCRIPTION DRUG","06/30/2025","N/A","ANDA","60 TABLET in 1 BOTTLE (50090-7586-0)","Biguanide [EPC],  Biguanides [CS]","N/A","No","12/31/2026"
"METFORMIN HYDROCHLORIDE","50090-7586-2","1000 mg/1","TABLET","ORAL","ANDA203769","A-S Medication Solutions","50090-7586","METFORMIN HYDROCHLORIDE","METFORMIN HYDROCHLORIDE","HUMAN PRESCRIPTION DRUG","06/30/2025","N/A","ANDA","100 TABLET in 1 BOTTLE (50090-7586-2)","Biguanide [EPC],  Biguanides [CS]","N/A","No","12/31/2026"
"METFORMIN HYDROCHLORIDE","50090-7586-3","1000 mg/1","TABLET","ORAL","ANDA203769","A-S Medication Solutions","50090-7586","METFORMIN HYDROCHLORIDE","METFORMIN HYDROCHLORIDE","HUMAN PRESCRIPTION DRUG","06/30/2025","N/A","ANDA","30 TABLET in 1 BOTTLE (50090-7586-3)","Biguanide [EPC],  Biguanides [CS]","N/A","No","12/31/2026"
"METFORMIN HYDROCHLORIDE","50090-7586-4","1000 mg/1","TABLET","ORAL","ANDA203769","A-S Medication Solutions","50090-7586","METFORMIN HYDROCHLORIDE","METFORMIN HYDROCHLORIDE","HUMAN PRESCRIPTION DRUG","06/30/2025","N/A","ANDA","90 TABLET in 1 BOTTLE (50090-7586-4)","Biguanide [EPC],  Biguanides [CS]","N/A","No","12/31/2026"
"METFORMIN HYDROCHLORIDE","50090-7586-5","1000 mg/1","TABLET","ORAL","ANDA203769","A-S Medication Solutions","50090-7586","METFORMIN HYDROCHLORIDE","METFORMIN HYDROCHLORIDE","HUMAN PRESCRIPTION DRUG","06/30/2025","N/A","ANDA","180 TABLET in 1 BOTTLE (50090-7586-5)","Biguanide [EPC],  Biguanides [CS]","N/A","No","12/31/2026"
"Metformin Hydrochloride","82009-047-10","1000 mg/1","TABLET","ORAL","ANDA090564","Quallent Pharmaceuticals Health LLC","82009-047","Metformin Hydrochloride Tablet","METFORMIN HYDROCHLORIDE","HUMAN PRESCRIPTION DRUG","02/01/2023","N/A","ANDA","1000 TABLET in 1 BOTTLE (82009-047-10)","Biguanide [EPC],  Biguanides [CS]","N/A","No","12/31/2026"
"Metformin Hydrochloride","67877-414-01","750 mg/1","TABLET, EXTENDED RELEASE","ORAL","ANDA206145","Ascend Laboratories, LLC","67877-414","Metformin Hydrochloride","METFORMIN HYDROCHLORIDE","HUMAN PRESCRIPTION DRUG","10/27/2018","N/A","ANDA","100 TABLET, EXTENDED RELEASE in 1 BOTTLE (67877-414-01)","Biguanide [EPC],  Biguanides [CS]","N/A","No","12/31/2026"
"Metformin Hydrochloride","67877-414-05","750 mg/1","TABLET, EXTENDED RELEASE","ORAL","ANDA206145","Ascend Laboratories, LLC","67877-414","Metformin Hydrochloride","METFORMIN HYDROCHLORIDE","HUMAN PRESCRIPTION DRUG","10/27/2018","N/A","ANDA","500 TABLET, EXTENDED RELEASE in 1 BOTTLE (67877-414-05)","Biguanide [EPC],  Biguanides [CS]","N/A","No","12/31/2026"
"Metformin Hydrochloride","67877-414-10","750 mg/1","TABLET, EXTENDED RELEASE","ORAL","ANDA206145","Ascend Laboratories, LLC","67877-414","Metformin Hydrochloride","METFORMIN HYDROCHLORIDE","HUMAN PRESCRIPTION DRUG","10/27/2018","N/A","ANDA","1000 TABLET, EXTENDED RELEASE in 1 BOTTLE (67877-414-10)","Biguanide [EPC],  Biguanides [CS]","N/A","No","12/31/2026"
"Metformin Hydrochloride","67877-414-33","750 mg/1","TABLET, EXTENDED RELEASE","ORAL","ANDA206145","Ascend Laboratories, LLC","67877-414","Metformin Hydrochloride","METFORMIN HYDROCHLORIDE","HUMAN PRESCRIPTION DRUG","10/27/2018","N/A","ANDA","10 BLISTER PACK in 1 CARTON (67877-414-33)  / 10 TABLET, EXTENDED RELEASE in 1 BLISTER PACK","Biguanide [EPC],  Biguanides [CS]","N/A","No","12/31/2026"
"Metformin Hydrochloride","67877-414-90","750 mg/1","TABLET, EXTENDED RELEASE","ORAL","ANDA206145","Ascend Laboratories, LLC","67877-414","Metformin Hydrochloride","METFORMIN HYDROCHLORIDE","HUMAN PRESCRIPTION DRUG","12/27/2019","N/A","ANDA","90 TABLET, EXTENDED RELEASE in 1 BOTTLE (67877-414-90)","Biguanide [EPC],  Biguanides [CS]","N/A","No","12/31/2026"
"Sitagliptin and Metformin Hydrochloride","70710-2038-3","100 mg/1,  1000 mg/1","TABLET, FILM COATED, EXTENDED RELEASE","ORAL","NDA216778","Zydus Pharmaceuticals USA Inc.","70710-2038","sitagliptin and metformin hydrochloride","SITAGLIPTIN,  METFORMIN HYDROCHLORIDE","HUMAN PRESCRIPTION DRUG","10/31/2024","N/A","NDA AUTHORIZED GENERIC","30 TABLET, FILM COATED, EXTENDED RELEASE in 1 BOTTLE (70710-2038-3)","Biguanide [EPC],  Biguanides [CS],  Dipeptidyl Peptidase 4 Inhibitor [EPC],  Dipeptidyl Peptidase 4 Inhibitors [MoA]","N/A","No","12/31/2026"
"METFORMIN HYDROCHLORIDE","50090-7587-0","1000 mg/1","TABLET","ORAL","ANDA203769","A-S Medication Solutions","50090-7587","METFORMIN HYDROCHLORIDE","METFORMIN HYDROCHLORIDE","HUMAN PRESCRIPTION DRUG","06/30/2025","N/A","ANDA","90 TABLET in 1 BOTTLE (50090-7587-0)","Biguanide [EPC],  Biguanides [CS]","N/A","No","12/31/2026"
"Metformin Hydrochloride","63187-239-30","1000 mg/1","TABLET, FILM COATED","ORAL","ANDA077095","Proficient Rx LP","63187-239","Metformin Hydrochloride","METFORMIN HYDROCHLORIDE","HUMAN PRESCRIPTION DRUG","06/16/2023","N/A","ANDA","30 TABLET, FILM COATED in 1 BOTTLE (63187-239-30)","Biguanide [EPC],  Biguanides [CS]","N/A","No","12/31/2026"
"Metformin Hydrochloride","63187-239-60","1000 mg/1","TABLET, FILM COATED","ORAL","ANDA077095","Proficient Rx LP","63187-239","Metformin Hydrochloride","METFORMIN HYDROCHLORIDE","HUMAN PRESCRIPTION DRUG","06/16/2023","N/A","ANDA","60 TABLET, FILM COATED in 1 BOTTLE (63187-239-60)","Biguanide [EPC],  Biguanides [CS]","N/A","No","12/31/2026"
"Metformin Hydrochloride","63187-239-78","1000 mg/1","TABLET, FILM COATED","ORAL","ANDA077095","Proficient Rx LP","63187-239","Metformin Hydrochloride","METFORMIN HYDROCHLORIDE","HUMAN PRESCRIPTION DRUG","06/16/2023","N/A","ANDA","180 TABLET, FILM COATED in 1 BOTTLE (63187-239-78)","Biguanide [EPC],  Biguanides [CS]","N/A","No","12/31/2026"
"Metformin Hydrochloride","63187-239-90","1000 mg/1","TABLET, FILM COATED","ORAL","ANDA077095","Proficient Rx LP","63187-239","Metformin Hydrochloride","METFORMIN HYDROCHLORIDE","HUMAN PRESCRIPTION DRUG","01/01/2019","N/A","ANDA","90 TABLET, FILM COATED in 1 BOTTLE (63187-239-90)","Biguanide [EPC],  Biguanides [CS]","N/A","No","12/31/2026"
"Metformin Hydrochloride","71335-3132-0","500 mg/1","TABLET, FILM COATED","ORAL","ANDA077095","Bryant Ranch Prepack","71335-3132","Metformin Hydrochloride","METFORMIN HYDROCHLORIDE","HUMAN PRESCRIPTION DRUG","08/26/2026","N/A","ANDA","25 TABLET, FILM COATED in 1 BOTTLE (71335-3132-0)","Biguanide [EPC],  Biguanides [CS]","N/A","No","12/31/2027"
"Metformin Hydrochloride","71335-3132-1","500 mg/1","TABLET, FILM COATED","ORAL","ANDA077095","Bryant Ranch Prepack","71335-3132","Metformin Hydrochloride","METFORMIN HYDROCHLORIDE","HUMAN PRESCRIPTION DRUG","08/03/2026","N/A","ANDA","30 TABLET, FILM COATED in 1 BOTTLE (71335-3132-1)","Biguanide [EPC],  Biguanides [CS]","N/A","No","12/31/2027"
"Metformin Hydrochloride","71335-3132-2","500 mg/1","TABLET, FILM COATED","ORAL","ANDA077095","Bryant Ranch Prepack","71335-3132","Metformin Hydrochloride","METFORMIN HYDROCHLORIDE","HUMAN PRESCRIPTION DRUG","07/06/2026","N/A","ANDA","60 TABLET, FILM COATED in 1 BOTTLE (71335-3132-2)","Biguanide [EPC],  Biguanides [CS]","N/A","No","12/31/2027"
"Metformin Hydrochloride","71335-3132-3","500 mg/1","TABLET, FILM COATED","ORAL","ANDA077095","Bryant Ranch Prepack","71335-3132","Metformin Hydrochloride","METFORMIN HYDROCHLORIDE","HUMAN PRESCRIPTION DRUG","07/22/2026","N/A","ANDA","100 TABLET, FILM COATED in 1 BOTTLE (71335-3132-3)","Biguanide [EPC],  Biguanides [CS]","N/A","No","12/31/2027"
"Metformin Hydrochloride","71335-3132-4","500 mg/1","TABLET, FILM COATED","ORAL","ANDA077095","Bryant Ranch Prepack","71335-3132","Metformin Hydrochloride","METFORMIN HYDROCHLORIDE","HUMAN PRESCRIPTION DRUG","08/26/2026","N/A","ANDA","120 TABLET, FILM COATED in 1 BOTTLE (71335-3132-4)","Biguanide [EPC],  Biguanides [CS]","N/A","No","12/31/2027"
"Metformin Hydrochloride","71335-3132-5","500 mg/1","TABLET, FILM COATED","ORAL","ANDA077095","Bryant Ranch Prepack","71335-3132","Metformin Hydrochloride","METFORMIN HYDROCHLORIDE","HUMAN PRESCRIPTION DRUG","05/12/2026","N/A","ANDA","90 TABLET, FILM COATED in 1 BOTTLE (71335-3132-5)","Biguanide [EPC],  Biguanides [CS]","N/A","No","12/31/2027"
"Metformin Hydrochloride","71335-3132-6","500 mg/1","TABLET, FILM COATED","ORAL","ANDA077095","Bryant Ranch Prepack","71335-3132","Metformin Hydrochloride","METFORMIN HYDROCHLORIDE","HUMAN PRESCRIPTION DRUG","08/26/2026","N/A","ANDA","28 TABLET, FILM COATED in 1 BOTTLE (71335-3132-6)","Biguanide [EPC],  Biguanides [CS]","N/A","No","12/31/2027"
"Metformin Hydrochloride","71335-3132-7","500 mg/1","TABLET, FILM COATED","ORAL","ANDA077095","Bryant Ranch Prepack","71335-3132","Metformin Hydrochloride","METFORMIN HYDROCHLORIDE","HUMAN PRESCRIPTION DRUG","08/26/2026","N/A","ANDA","56 TABLET, FILM COATED in 1 BOTTLE (71335-3132-7)","Biguanide [EPC],  Biguanides [CS]","N/A","No","12/31/2027"
"Metformin Hydrochloride","71335-3132-8","500 mg/1","TABLET, FILM COATED","ORAL","ANDA077095","Bryant Ranch Prepack","71335-3132","Metformin Hydrochloride","METFORMIN HYDROCHLORIDE","HUMAN PRESCRIPTION DRUG","08/26/2026","N/A","ANDA","180 TABLET, FILM COATED in 1 BOTTLE (71335-3132-8)","Biguanide [EPC],  Biguanides [CS]","N/A","No","12/31/2027"
"Metformin Hydrochloride","71335-3132-9","500 mg/1","TABLET, FILM COATED","ORAL","ANDA077095","Bryant Ranch Prepack","71335-3132","Metformin Hydrochloride","METFORMIN HYDROCHLORIDE","HUMAN PRESCRIPTION DRUG","08/26/2026","N/A","ANDA","10 TABLET, FILM COATED in 1 BOTTLE (71335-3132-9)","Biguanide [EPC],  Biguanides [CS]","N/A","No","12/31/2027"
"JANUMET","0006-0575-03","50 mg/1,  500 mg/1","TABLET, FILM COATED","ORAL","NDA022044","Merck Sharp & Dohme LLC","0006-0575","SITAGLIPTIN and METFORMIN HYDROCHLORIDE","SITAGLIPTIN PHOSPHATE,  METFORMIN HYDROCHLORIDE","HUMAN PRESCRIPTION DRUG","03/30/2007","N/A","NDA","2 BOTTLE in 1 CARTON (0006-0575-03)  / 14 TABLET, FILM COATED in 1 BOTTLE (0006-0575-02)","Biguanide [EPC],  Biguanides [CS],  Dipeptidyl Peptidase 4 Inhibitor [EPC],  Dipeptidyl Peptidase 4 Inhibitors [MoA]","N/A","Yes","12/31/2027"
"JANUMET","0006-0575-56","50 mg/1,  500 mg/1","TABLET, FILM COATED","ORAL","NDA022044","Merck Sharp & Dohme LLC","0006-0575","SITAGLIPTIN and METFORMIN HYDROCHLORIDE","SITAGLIPTIN PHOSPHATE,  METFORMIN HYDROCHLORIDE","HUMAN PRESCRIPTION DRUG","03/30/2007","N/A","NDA","4 POUCH in 1 CARTON (0006-0575-56)  / 2 BLISTER PACK in 1 POUCH / 7 TABLET, FILM COATED in 1 BLISTER PACK","Biguanide [EPC],  Biguanides [CS],  Dipeptidyl Peptidase 4 Inhibitor [EPC],  Dipeptidyl Peptidase 4 Inhibitors [MoA]","N/A","Yes","12/31/2027"
"JANUMET","0006-0575-61","50 mg/1,  500 mg/1","TABLET, FILM COATED","ORAL","NDA022044","Merck Sharp & Dohme LLC","0006-0575","SITAGLIPTIN and METFORMIN HYDROCHLORIDE","SITAGLIPTIN PHOSPHATE,  METFORMIN HYDROCHLORIDE","HUMAN PRESCRIPTION DRUG","03/30/2007","N/A","NDA","60 TABLET, FILM COATED in 1 BOTTLE (0006-0575-61)","Biguanide [EPC],  Biguanides [CS],  Dipeptidyl Peptidase 4 Inhibitor [EPC],  Dipeptidyl Peptidase 4 Inhibitors [MoA]","N/A","No","12/31/2027"
"JANUMET","0006-0575-62","50 mg/1,  500 mg/1","TABLET, FILM COATED","ORAL","NDA022044","Merck Sharp & Dohme LLC","0006-0575","SITAGLIPTIN and METFORMIN HYDROCHLORIDE","SITAGLIPTIN PHOSPHATE,  METFORMIN HYDROCHLORIDE","HUMAN PRESCRIPTION DRUG","03/30/2007","N/A","NDA","180 TABLET, FILM COATED in 1 BOTTLE (0006-0575-62)","Biguanide [EPC],  Biguanides [CS],  Dipeptidyl Peptidase 4 Inhibitor [EPC],  Dipeptidyl Peptidase 4 Inhibitors [MoA]","N/A","No","12/31/2027"
"JANUMET","0006-0575-82","50 mg/1,  500 mg/1","TABLET, FILM COATED","ORAL","NDA022044","Merck Sharp & Dohme LLC","0006-0575","SITAGLIPTIN and METFORMIN HYDROCHLORIDE","SITAGLIPTIN PHOSPHATE,  METFORMIN HYDROCHLORIDE","HUMAN PRESCRIPTION DRUG","03/30/2007","N/A","NDA","1000 TABLET, FILM COATED in 1 BOTTLE (0006-0575-82)","Biguanide [EPC],  Biguanides [CS],  Dipeptidyl Peptidase 4 Inhibitor [EPC],  Dipeptidyl Peptidase 4 Inhibitors [MoA]","N/A","No","12/31/2027"
"METFORMIN HYDROCHLORIDE","50228-105-00","500 mg/1","TABLET","ORAL","ANDA203769","ScieGen Pharmaceuticals Inc","50228-105","METFORMIN HYDROCHLORIDE","METFORMIN HYDROCHLORIDE","HUMAN PRESCRIPTION DRUG","02/01/2015","N/A","ANDA","9000 TABLET in 1 BOTTLE (50228-105-00)","Biguanide [EPC],  Biguanides [CS]","N/A","No","12/31/2027"
"METFORMIN HYDROCHLORIDE","50228-105-01","500 mg/1","TABLET","ORAL","ANDA203769","ScieGen Pharmaceuticals Inc","50228-105","METFORMIN HYDROCHLORIDE","METFORMIN HYDROCHLORIDE","HUMAN PRESCRIPTION DRUG","02/01/2015","N/A","ANDA","100 TABLET in 1 BOTTLE (50228-105-01)","Biguanide [EPC],  Biguanides [CS]","N/A","No","12/31/2027"
"METFORMIN HYDROCHLORIDE","50228-105-05","500 mg/1","TABLET","ORAL","ANDA203769","ScieGen Pharmaceuticals Inc","50228-105","METFORMIN HYDROCHLORIDE","METFORMIN HYDROCHLORIDE","HUMAN PRESCRIPTION DRUG","02/01/2015","N/A","ANDA","500 TABLET in 1 BOTTLE (50228-105-05)","Biguanide [EPC],  Biguanides [CS]","N/A","No","12/31/2027"
"METFORMIN HYDROCHLORIDE","50228-105-10","500 mg/1","TABLET","ORAL","ANDA203769","ScieGen Pharmaceuticals Inc","50228-105","METFORMIN HYDROCHLORIDE","METFORMIN HYDROCHLORIDE","HUMAN PRESCRIPTION DRUG","02/01/2015","N/A","ANDA","1000 TABLET in 1 BOTTLE (50228-105-10)","Biguanide [EPC],  Biguanides [CS]","N/A","No","12/31/2027"
"METFORMIN HYDROCHLORIDE","50228-105-30","500 mg/1","TABLET","ORAL","ANDA203769","ScieGen Pharmaceuticals Inc","50228-105","METFORMIN HYDROCHLORIDE","METFORMIN HYDROCHLORIDE","HUMAN PRESCRIPTION DRUG","02/01/2015","N/A","ANDA","30 TABLET in 1 BOTTLE (50228-105-30)","Biguanide [EPC],  Biguanides [CS]","N/A","No","12/31/2027"
"METFORMIN HYDROCHLORIDE","50228-106-00","850 mg/1","TABLET","ORAL","ANDA203769","ScieGen Pharmaceuticals Inc","50228-106","METFORMIN HYDROCHLORIDE","METFORMIN HYDROCHLORIDE","HUMAN PRESCRIPTION DRUG","02/01/2015","N/A","ANDA","4200 TABLET in 1 BOTTLE (50228-106-00)","Biguanide [EPC],  Biguanides [CS]","N/A","No","12/31/2027"
"METFORMIN HYDROCHLORIDE","50228-106-01","850 mg/1","TABLET","ORAL","ANDA203769","ScieGen Pharmaceuticals Inc","50228-106","METFORMIN HYDROCHLORIDE","METFORMIN HYDROCHLORIDE","HUMAN PRESCRIPTION DRUG","02/01/2015","N/A","ANDA","100 TABLET in 1 BOTTLE (50228-106-01)","Biguanide [EPC],  Biguanides [CS]","N/A","No","12/31/2027"
"METFORMIN HYDROCHLORIDE","50228-106-05","850 mg/1","TABLET","ORAL","ANDA203769","ScieGen Pharmaceuticals Inc","50228-106","METFORMIN HYDROCHLORIDE","METFORMIN HYDROCHLORIDE","HUMAN PRESCRIPTION DRUG","02/01/2015","N/A","ANDA","500 TABLET in 1 BOTTLE (50228-106-05)","Biguanide [EPC],  Biguanides [CS]","N/A","No","12/31/2027"
"METFORMIN HYDROCHLORIDE","50228-106-10","850 mg/1","TABLET","ORAL","ANDA203769","ScieGen Pharmaceuticals Inc","50228-106","METFORMIN HYDROCHLORIDE","METFORMIN HYDROCHLORIDE","HUMAN PRESCRIPTION DRUG","02/01/2015","N/A","ANDA","1000 TABLET in 1 BOTTLE (50228-106-10)","Biguanide [EPC],  Biguanides [CS]","N/A","No","12/31/2027"
"METFORMIN HYDROCHLORIDE","50228-106-30","850 mg/1","TABLET","ORAL","ANDA203769","ScieGen Pharmaceuticals Inc","50228-106","METFORMIN HYDROCHLORIDE","METFORMIN HYDROCHLORIDE","HUMAN PRESCRIPTION DRUG","02/01/2015","N/A","ANDA","30 TABLET in 1 BOTTLE (50228-106-30)","Biguanide [EPC],  Biguanides [CS]","N/A","No","12/31/2027"
"Metformin hydrochloride","71610-554-30","500 mg/1","TABLET, EXTENDED RELEASE","ORAL","ANDA207427","Aphena Pharma Solutions - Tennessee, LLC","71610-554","Metformin hydrochloride","METFORMIN HYDROCHLORIDE","HUMAN PRESCRIPTION DRUG","05/12/2021","N/A","ANDA","30 TABLET, EXTENDED RELEASE in 1 BOTTLE, PLASTIC (71610-554-30)","Biguanide [EPC],  Biguanides [CS]","N/A","No","12/31/2026"
"Metformin hydrochloride","71610-554-53","500 mg/1","TABLET, EXTENDED RELEASE","ORAL","ANDA207427","Aphena Pharma Solutions - Tennessee, LLC","71610-554","Metformin hydrochloride","METFORMIN HYDROCHLORIDE","HUMAN PRESCRIPTION DRUG","01/31/2022","N/A","ANDA","60 TABLET, EXTENDED RELEASE in 1 BOTTLE, PLASTIC (71610-554-53)","Biguanide [EPC],  Biguanides [CS]","N/A","No","12/31/2026"
"Metformin hydrochloride","71610-554-60","500 mg/1","TABLET, EXTENDED RELEASE","ORAL","ANDA207427","Aphena Pharma Solutions - Tennessee, LLC","71610-554","Metformin hydrochloride","METFORMIN HYDROCHLORIDE","HUMAN PRESCRIPTION DRUG","05/12/2021","N/A","ANDA","90 TABLET, EXTENDED RELEASE in 1 BOTTLE, PLASTIC (71610-554-60)","Biguanide [EPC],  Biguanides [CS]","N/A","No","12/31/2026"
"Metformin hydrochloride","71610-554-70","500 mg/1","TABLET, EXTENDED RELEASE","ORAL","ANDA207427","Aphena Pharma Solutions - Tennessee, LLC","71610-554","Metformin hydrochloride","METFORMIN HYDROCHLORIDE","HUMAN PRESCRIPTION DRUG","06/09/2021","N/A","ANDA","120 TABLET, EXTENDED RELEASE in 1 BOTTLE, PLASTIC (71610-554-70)","Biguanide [EPC],  Biguanides [CS]","N/A","No","12/31/2026"
"Metformin hydrochloride","71610-554-80","500 mg/1","TABLET, EXTENDED RELEASE","ORAL","ANDA207427","Aphena Pharma Solutions - Tennessee, LLC","71610-554","Metformin hydrochloride","METFORMIN HYDROCHLORIDE","HUMAN PRESCRIPTION DRUG","01/18/2022","N/A","ANDA","180 TABLET, EXTENDED RELEASE in 1 BOTTLE, PLASTIC (71610-554-80)","Biguanide [EPC],  Biguanides [CS]","N/A","No","12/31/2026"
"Metformin hydrochloride","71610-554-92","500 mg/1","TABLET, EXTENDED RELEASE","ORAL","ANDA207427","Aphena Pharma Solutions - Tennessee, LLC","71610-554","Metformin hydrochloride","METFORMIN HYDROCHLORIDE","HUMAN PRESCRIPTION DRUG","06/18/2021","N/A","ANDA","270 TABLET, EXTENDED RELEASE in 1 BOTTLE, PLASTIC (71610-554-92)","Biguanide [EPC],  Biguanides [CS]","N/A","No","12/31/2026"
"Metformin hydrochloride","71610-554-94","500 mg/1","TABLET, EXTENDED RELEASE","ORAL","ANDA207427","Aphena Pharma Solutions - Tennessee, LLC","71610-554","Metformin hydrochloride","METFORMIN HYDROCHLORIDE","HUMAN PRESCRIPTION DRUG","08/18/2021","N/A","ANDA","360 TABLET, EXTENDED RELEASE in 1 BOTTLE, PLASTIC (71610-554-94)","Biguanide [EPC],  Biguanides [CS]","N/A","No","12/31/2026"
"METFORMIN HYDROCHLORIDE","50228-107-00","1000 mg/1","TABLET","ORAL","ANDA203769","ScieGen Pharmaceuticals Inc","50228-107","METFORMIN HYDROCHLORIDE","METFORMIN HYDROCHLORIDE","HUMAN PRESCRIPTION DRUG","02/01/2015","N/A","ANDA","100 TABLET in 1 BOTTLE (50228-107-00)","Biguanide [EPC],  Biguanides [CS]","N/A","No","12/31/2027"
"METFORMIN HYDROCHLORIDE","50228-107-01","1000 mg/1","TABLET","ORAL","ANDA203769","ScieGen Pharmaceuticals Inc","50228-107","METFORMIN HYDROCHLORIDE","METFORMIN HYDROCHLORIDE","HUMAN PRESCRIPTION DRUG","02/01/2015","N/A","ANDA","100 TABLET in 1 BOTTLE (50228-107-01)","Biguanide [EPC],  Biguanides [CS]","N/A","No","12/31/2027"
"METFORMIN HYDROCHLORIDE","50228-107-05","1000 mg/1","TABLET","ORAL","ANDA203769","ScieGen Pharmaceuticals Inc","50228-107","METFORMIN HYDROCHLORIDE","METFORMIN HYDROCHLORIDE","HUMAN PRESCRIPTION DRUG","02/01/2015","N/A","ANDA","500 TABLET in 1 BOTTLE (50228-107-05)","Biguanide [EPC],  Biguanides [CS]","N/A","No","12/31/2027"
"METFORMIN HYDROCHLORIDE","50228-107-10","1000 mg/1","TABLET","ORAL","ANDA203769","ScieGen Pharmaceuticals Inc","50228-107","METFORMIN HYDROCHLORIDE","METFORMIN HYDROCHLORIDE","HUMAN PRESCRIPTION DRUG","02/01/2015","N/A","ANDA","1000 TABLET in 1 BOTTLE (50228-107-10)","Biguanide [EPC],  Biguanides [CS]","N/A","No","12/31/2027"
"METFORMIN HYDROCHLORIDE","50228-107-30","1000 mg/1","TABLET","ORAL","ANDA203769","ScieGen Pharmaceuticals Inc","50228-107","METFORMIN HYDROCHLORIDE","METFORMIN HYDROCHLORIDE","HUMAN PRESCRIPTION DRUG","02/01/2015","N/A","ANDA","30 TABLET in 1 BOTTLE (50228-107-30)","Biguanide [EPC],  Biguanides [CS]","N/A","No","12/31/2027"
"METFORMIN HYDROCHLORIDE","50228-107-60","1000 mg/1","TABLET","ORAL","ANDA203769","ScieGen Pharmaceuticals Inc","50228-107","METFORMIN HYDROCHLORIDE","METFORMIN HYDROCHLORIDE","HUMAN PRESCRIPTION DRUG","12/26/2022","N/A","ANDA","60 TABLET in 1 BOTTLE (50228-107-60)","Biguanide [EPC],  Biguanides [CS]","N/A","No","12/31/2027"
"Metformin Hydrochloride","70010-063-01","500 mg/1","TABLET","ORAL","ANDA090564","Granules Pharmaceuticals Inc.","70010-063","Metformin Hydrochloride","METFORMIN HYDROCHLORIDE","HUMAN PRESCRIPTION DRUG","06/26/2019","N/A","ANDA","100 TABLET in 1 BOTTLE (70010-063-01)","Biguanide [EPC],  Biguanides [CS]","N/A","No","12/31/2027"
"Metformin Hydrochloride","70010-063-05","500 mg/1","TABLET","ORAL","ANDA090564","Granules Pharmaceuticals Inc.","70010-063","Metformin Hydrochloride","METFORMIN HYDROCHLORIDE","HUMAN PRESCRIPTION DRUG","06/26/2019","N/A","ANDA","500 TABLET in 1 BOTTLE (70010-063-05)","Biguanide [EPC],  Biguanides [CS]","N/A","No","12/31/2027"
"Metformin Hydrochloride","70010-063-06","500 mg/1","TABLET","ORAL","ANDA090564","Granules Pharmaceuticals Inc.","70010-063","Metformin Hydrochloride","METFORMIN HYDROCHLORIDE","HUMAN PRESCRIPTION DRUG","06/26/2019","N/A","ANDA","60 TABLET in 1 BOTTLE (70010-063-06)","Biguanide [EPC],  Biguanides [CS]","N/A","No","12/31/2027"
"Metformin Hydrochloride","70010-063-09","500 mg/1","TABLET","ORAL","ANDA090564","Granules Pharmaceuticals Inc.","70010-063","Metformin Hydrochloride","METFORMIN HYDROCHLORIDE","HUMAN PRESCRIPTION DRUG","06/26/2019","N/A","ANDA","90 TABLET in 1 BOTTLE (70010-063-09)","Biguanide [EPC],  Biguanides [CS]","N/A","No","12/31/2027"
"Metformin Hydrochloride","70010-063-10","500 mg/1","TABLET","ORAL","ANDA090564","Granules Pharmaceuticals Inc.","70010-063","Metformin Hydrochloride","METFORMIN HYDROCHLORIDE","HUMAN PRESCRIPTION DRUG","06/26/2019","N/A","ANDA","1000 TABLET in 1 BOTTLE (70010-063-10)","Biguanide [EPC],  Biguanides [CS]","N/A","No","12/31/2027"
"Metformin Hydrochloride","50090-7595-0","500 mg/1","TABLET","ORAL","ANDA090564","A-S Medication Solutions","50090-7595","Metformin Hydrochloride","METFORMIN HYDROCHLORIDE","HUMAN PRESCRIPTION DRUG","07/07/2025","N/A","ANDA","60 TABLET in 1 BOTTLE (50090-7595-0)","Biguanide [EPC],  Biguanides [CS]","N/A","No","12/31/2026"
"Metformin Hydrochloride","50090-7595-3","500 mg/1","TABLET","ORAL","ANDA090564","A-S Medication Solutions","50090-7595","Metformin Hydrochloride","METFORMIN HYDROCHLORIDE","HUMAN PRESCRIPTION DRUG","07/07/2025","N/A","ANDA","100 TABLET in 1 BOTTLE (50090-7595-3)","Biguanide [EPC],  Biguanides [CS]","N/A","No","12/31/2026"
"Metformin Hydrochloride","50090-7595-4","500 mg/1","TABLET","ORAL","ANDA090564","A-S Medication Solutions","50090-7595","Metformin Hydrochloride","METFORMIN HYDROCHLORIDE","HUMAN PRESCRIPTION DRUG","07/07/2025","N/A","ANDA","30 TABLET in 1 BOTTLE (50090-7595-4)","Biguanide [EPC],  Biguanides [CS]","N/A","No","12/31/2026"
"Metformin Hydrochloride","50090-7595-5","500 mg/1","TABLET","ORAL","ANDA090564","A-S Medication Solutions","50090-7595","Metformin Hydrochloride","METFORMIN HYDROCHLORIDE","HUMAN PRESCRIPTION DRUG","07/07/2025","N/A","ANDA","180 TABLET in 1 BOTTLE (50090-7595-5)","Biguanide [EPC],  Biguanides [CS]","N/A","No","12/31/2026"
"Metformin Hydrochloride","50090-7595-6","500 mg/1","TABLET","ORAL","ANDA090564","A-S Medication Solutions","50090-7595","Metformin Hydrochloride","METFORMIN HYDROCHLORIDE","HUMAN PRESCRIPTION DRUG","07/07/2025","N/A","ANDA","90 TABLET in 1 BOTTLE (50090-7595-6)","Biguanide [EPC],  Biguanides [CS]","N/A","No","12/31/2026"
"Metformin Hydrochloride","68788-8498-1","500 mg/1","TABLET, FILM COATED","ORAL","ANDA209882","Preferred Pharmaceuticals Inc.","68788-8498","Metformin Hydrochloride","METFORMIN HYDROCHLORIDE","HUMAN PRESCRIPTION DRUG","08/01/2023","N/A","ANDA","100 TABLET, FILM COATED in 1 BOTTLE (68788-8498-1)","Biguanide [EPC],  Biguanides [CS]","N/A","No","12/31/2026"
"Metformin Hydrochloride","68788-8498-3","500 mg/1","TABLET, FILM COATED","ORAL","ANDA209882","Preferred Pharmaceuticals Inc.","68788-8498","Metformin Hydrochloride","METFORMIN HYDROCHLORIDE","HUMAN PRESCRIPTION DRUG","08/01/2023","N/A","ANDA","30 TABLET, FILM COATED in 1 BOTTLE (68788-8498-3)","Biguanide [EPC],  Biguanides [CS]","N/A","No","12/31/2026"
"Metformin Hydrochloride","68788-8498-6","500 mg/1","TABLET, FILM COATED","ORAL","ANDA209882","Preferred Pharmaceuticals Inc.","68788-8498","Metformin Hydrochloride","METFORMIN HYDROCHLORIDE","HUMAN PRESCRIPTION DRUG","08/01/2023","N/A","ANDA","60 TABLET, FILM COATED in 1 BOTTLE (68788-8498-6)","Biguanide [EPC],  Biguanides [CS]","N/A","No","12/31/2026"
"Metformin Hydrochloride","68788-8498-7","500 mg/1","TABLET, FILM COATED","ORAL","ANDA209882","Preferred Pharmaceuticals Inc.","68788-8498","Metformin Hydrochloride","METFORMIN HYDROCHLORIDE","HUMAN PRESCRIPTION DRUG","08/01/2023","N/A","ANDA","180 TABLET, FILM COATED in 1 BOTTLE (68788-8498-7)","Biguanide [EPC],  Biguanides [CS]","N/A","No","12/31/2026"
"Metformin Hydrochloride","68788-8498-8","500 mg/1","TABLET, FILM COATED","ORAL","ANDA209882","Preferred Pharmaceuticals Inc.","68788-8498","Metformin Hydrochloride","METFORMIN HYDROCHLORIDE","HUMAN PRESCRIPTION DRUG","08/01/2023","N/A","ANDA","120 TABLET, FILM COATED in 1 BOTTLE (68788-8498-8)","Biguanide [EPC],  Biguanides [CS]","N/A","No","12/31/2026"
"Metformin Hydrochloride","68788-8498-9","500 mg/1","TABLET, FILM COATED","ORAL","ANDA209882","Preferred Pharmaceuticals Inc.","68788-8498","Metformin Hydrochloride","METFORMIN HYDROCHLORIDE","HUMAN PRESCRIPTION DRUG","08/01/2023","N/A","ANDA","90 TABLET, FILM COATED in 1 BOTTLE (68788-8498-9)","Biguanide [EPC],  Biguanides [CS]","N/A","No","12/31/2026"
"METFORMIN HYDROCHLORIDE","71335-1833-0","1000 mg/1","TABLET","ORAL","ANDA203769","Bryant Ranch Prepack","71335-1833","METFORMIN HYDROCHLORIDE","METFORMIN HYDROCHLORIDE","HUMAN PRESCRIPTION DRUG","04/29/2021","N/A","ANDA","1000 TABLET in 1 BOTTLE (71335-1833-0)","Biguanide [EPC],  Biguanides [CS]","N/A","No","12/31/2026"
"METFORMIN HYDROCHLORIDE","71335-1833-1","1000 mg/1","TABLET","ORAL","ANDA203769","Bryant Ranch Prepack","71335-1833","METFORMIN HYDROCHLORIDE","METFORMIN HYDROCHLORIDE","HUMAN PRESCRIPTION DRUG","04/29/2021","N/A","ANDA","60 TABLET in 1 BOTTLE (71335-1833-1)","Biguanide [EPC],  Biguanides [CS]","N/A","No","12/31/2026"
"METFORMIN HYDROCHLORIDE","71335-1833-2","1000 mg/1","TABLET","ORAL","ANDA203769","Bryant Ranch Prepack","71335-1833","METFORMIN HYDROCHLORIDE","METFORMIN HYDROCHLORIDE","HUMAN PRESCRIPTION DRUG","04/29/2021","N/A","ANDA","100 TABLET in 1 BOTTLE (71335-1833-2)","Biguanide [EPC],  Biguanides [CS]","N/A","No","12/31/2026"
"METFORMIN HYDROCHLORIDE","71335-1833-3","1000 mg/1","TABLET","ORAL","ANDA203769","Bryant Ranch Prepack","71335-1833","METFORMIN HYDROCHLORIDE","METFORMIN HYDROCHLORIDE","HUMAN PRESCRIPTION DRUG","04/29/2021","N/A","ANDA","30 TABLET in 1 BOTTLE (71335-1833-3)","Biguanide [EPC],  Biguanides [CS]","N/A","No","12/31/2026"
"METFORMIN HYDROCHLORIDE","71335-1833-4","1000 mg/1","TABLET","ORAL","ANDA203769","Bryant Ranch Prepack","71335-1833","METFORMIN HYDROCHLORIDE","METFORMIN HYDROCHLORIDE","HUMAN PRESCRIPTION DRUG","04/29/2021","N/A","ANDA","120 TABLET in 1 BOTTLE (71335-1833-4)","Biguanide [EPC],  Biguanides [CS]","N/A","No","12/31/2026"
"METFORMIN HYDROCHLORIDE","71335-1833-5","1000 mg/1","TABLET","ORAL","ANDA203769","Bryant Ranch Prepack","71335-1833","METFORMIN HYDROCHLORIDE","METFORMIN HYDROCHLORIDE","HUMAN PRESCRIPTION DRUG","04/29/2021","N/A","ANDA","90 TABLET in 1 BOTTLE (71335-1833-5)","Biguanide [EPC],  Biguanides [CS]","N/A","No","12/31/2026"
"METFORMIN HYDROCHLORIDE","71335-1833-6","1000 mg/1","TABLET","ORAL","ANDA203769","Bryant Ranch Prepack","71335-1833","METFORMIN HYDROCHLORIDE","METFORMIN HYDROCHLORIDE","HUMAN PRESCRIPTION DRUG","04/29/2021","N/A","ANDA","28 TABLET in 1 BOTTLE (71335-1833-6)","Biguanide [EPC],  Biguanides [CS]","N/A","No","12/31/2026"
"METFORMIN HYDROCHLORIDE","71335-1833-7","1000 mg/1","TABLET","ORAL","ANDA203769","Bryant Ranch Prepack","71335-1833","METFORMIN HYDROCHLORIDE","METFORMIN HYDROCHLORIDE","HUMAN PRESCRIPTION DRUG","04/29/2021","N/A","ANDA","56 TABLET in 1 BOTTLE (71335-1833-7)","Biguanide [EPC],  Biguanides [CS]","N/A","No","12/31/2026"
"METFORMIN HYDROCHLORIDE","71335-1833-8","1000 mg/1","TABLET","ORAL","ANDA203769","Bryant Ranch Prepack","71335-1833","METFORMIN HYDROCHLORIDE","METFORMIN HYDROCHLORIDE","HUMAN PRESCRIPTION DRUG","04/29/2021","N/A","ANDA","180 TABLET in 1 BOTTLE (71335-1833-8)","Biguanide [EPC],  Biguanides [CS]","N/A","No","12/31/2026"
"glyburide-metformin hydrochloride","68788-8791-1","5 mg/1,  500 mg/1","TABLET","ORAL","ANDA079009","Preferred Pharmaceuticals Inc.","68788-8791","glyburide-metformin hydrochloride","GLYBURIDE,  METFORMIN HYDROCHLORIDE","HUMAN PRESCRIPTION DRUG","12/17/2024","N/A","ANDA","100 TABLET in 1 BOTTLE (68788-8791-1)","Biguanide [EPC],  Biguanides [CS],  Sulfonylurea Compounds [CS],  Sulfonylurea [EPC]","N/A","No","12/31/2027"
"glyburide-metformin hydrochloride","68788-8791-3","5 mg/1,  500 mg/1","TABLET","ORAL","ANDA079009","Preferred Pharmaceuticals Inc.","68788-8791","glyburide-metformin hydrochloride","GLYBURIDE,  METFORMIN HYDROCHLORIDE","HUMAN PRESCRIPTION DRUG","12/17/2024","N/A","ANDA","30 TABLET in 1 BOTTLE (68788-8791-3)","Biguanide [EPC],  Biguanides [CS],  Sulfonylurea Compounds [CS],  Sulfonylurea [EPC]","N/A","No","12/31/2027"
"glyburide-metformin hydrochloride","68788-8791-6","5 mg/1,  500 mg/1","TABLET","ORAL","ANDA079009","Preferred Pharmaceuticals Inc.","68788-8791","glyburide-metformin hydrochloride","GLYBURIDE,  METFORMIN HYDROCHLORIDE","HUMAN PRESCRIPTION DRUG","12/17/2024","N/A","ANDA","60 TABLET in 1 BOTTLE (68788-8791-6)","Biguanide [EPC],  Biguanides [CS],  Sulfonylurea Compounds [CS],  Sulfonylurea [EPC]","N/A","No","12/31/2027"
"glyburide-metformin hydrochloride","68788-8791-8","5 mg/1,  500 mg/1","TABLET","ORAL","ANDA079009","Preferred Pharmaceuticals Inc.","68788-8791","glyburide-metformin hydrochloride","GLYBURIDE,  METFORMIN HYDROCHLORIDE","HUMAN PRESCRIPTION DRUG","12/17/2024","N/A","ANDA","120 TABLET in 1 BOTTLE (68788-8791-8)","Biguanide [EPC],  Biguanides [CS],  Sulfonylurea Compounds [CS],  Sulfonylurea [EPC]","N/A","No","12/31/2027"
"glyburide-metformin hydrochloride","68788-8791-9","5 mg/1,  500 mg/1","TABLET","ORAL","ANDA079009","Preferred Pharmaceuticals Inc.","68788-8791","glyburide-metformin hydrochloride","GLYBURIDE,  METFORMIN HYDROCHLORIDE","HUMAN PRESCRIPTION DRUG","12/17/2024","N/A","ANDA","90 TABLET in 1 BOTTLE (68788-8791-9)","Biguanide [EPC],  Biguanides [CS],  Sulfonylurea Compounds [CS],  Sulfonylurea [EPC]","N/A","No","12/31/2027"
"Metformin Hydrochloride","70518-3084-3","850 mg/1","TABLET","ORAL","ANDA090564","REMEDYREPACK INC.","70518-3084","Metformin Hydrochloride","METFORMIN HYDROCHLORIDE","HUMAN PRESCRIPTION DRUG","04/16/2024","N/A","ANDA","30 TABLET in 1 BLISTER PACK (70518-3084-3)","Biguanide [EPC],  Biguanides [CS]","N/A","No","12/31/2027"
"Metformin Hydrochloride","70518-3084-4","850 mg/1","TABLET","ORAL","ANDA090564","REMEDYREPACK INC.","70518-3084","Metformin Hydrochloride","METFORMIN HYDROCHLORIDE","HUMAN PRESCRIPTION DRUG","05/09/2024","N/A","ANDA","90 TABLET in 1 BOTTLE, PLASTIC (70518-3084-4)","Biguanide [EPC],  Biguanides [CS]","N/A","No","12/31/2027"
"Metformin Hydrochloride","70518-3084-6","850 mg/1","TABLET","ORAL","ANDA090564","REMEDYREPACK INC.","70518-3084","Metformin Hydrochloride","METFORMIN HYDROCHLORIDE","HUMAN PRESCRIPTION DRUG","07/16/2024","N/A","ANDA","180 TABLET in 1 BOTTLE, PLASTIC (70518-3084-6)","Biguanide [EPC],  Biguanides [CS]","N/A","No","12/31/2027"
"Metformin Hydrochloride","70518-3084-7","850 mg/1","TABLET","ORAL","ANDA090564","REMEDYREPACK INC.","70518-3084","Metformin Hydrochloride","METFORMIN HYDROCHLORIDE","HUMAN PRESCRIPTION DRUG","03/19/2025","N/A","ANDA","100 TABLET in 1 BOTTLE, PLASTIC (70518-3084-7)","Biguanide [EPC],  Biguanides [CS]","N/A","No","12/31/2027"
"METFORMIN HYDROCHLORIDE","71335-1834-0","500 mg/1","TABLET","ORAL","ANDA203769","Bryant Ranch Prepack","71335-1834","METFORMIN HYDROCHLORIDE","METFORMIN HYDROCHLORIDE","HUMAN PRESCRIPTION DRUG","04/29/2021","N/A","ANDA","25 TABLET in 1 BOTTLE (71335-1834-0)","Biguanide [EPC],  Biguanides [CS]","N/A","No","12/31/2026"
"METFORMIN HYDROCHLORIDE","71335-1834-1","500 mg/1","TABLET","ORAL","ANDA203769","Bryant Ranch Prepack","71335-1834","METFORMIN HYDROCHLORIDE","METFORMIN HYDROCHLORIDE","HUMAN PRESCRIPTION DRUG","04/29/2021","N/A","ANDA","30 TABLET in 1 BOTTLE (71335-1834-1)","Biguanide [EPC],  Biguanides [CS]","N/A","No","12/31/2026"
"METFORMIN HYDROCHLORIDE","71335-1834-2","500 mg/1","TABLET","ORAL","ANDA203769","Bryant Ranch Prepack","71335-1834","METFORMIN HYDROCHLORIDE","METFORMIN HYDROCHLORIDE","HUMAN PRESCRIPTION DRUG","04/29/2021","N/A","ANDA","60 TABLET in 1 BOTTLE (71335-1834-2)","Biguanide [EPC],  Biguanides [CS]","N/A","No","12/31/2026"
"METFORMIN HYDROCHLORIDE","71335-1834-3","500 mg/1","TABLET","ORAL","ANDA203769","Bryant Ranch Prepack","71335-1834","METFORMIN HYDROCHLORIDE","METFORMIN HYDROCHLORIDE","HUMAN PRESCRIPTION DRUG","04/29/2021","N/A","ANDA","100 TABLET in 1 BOTTLE (71335-1834-3)","Biguanide [EPC],  Biguanides [CS]","N/A","No","12/31/2026"
"METFORMIN HYDROCHLORIDE","71335-1834-4","500 mg/1","TABLET","ORAL","ANDA203769","Bryant Ranch Prepack","71335-1834","METFORMIN HYDROCHLORIDE","METFORMIN HYDROCHLORIDE","HUMAN PRESCRIPTION DRUG","04/29/2021","N/A","ANDA","120 TABLET in 1 BOTTLE (71335-1834-4)","Biguanide [EPC],  Biguanides [CS]","N/A","No","12/31/2026"
"METFORMIN HYDROCHLORIDE","71335-1834-5","500 mg/1","TABLET","ORAL","ANDA203769","Bryant Ranch Prepack","71335-1834","METFORMIN HYDROCHLORIDE","METFORMIN HYDROCHLORIDE","HUMAN PRESCRIPTION DRUG","04/29/2021","N/A","ANDA","90 TABLET in 1 BOTTLE (71335-1834-5)","Biguanide [EPC],  Biguanides [CS]","N/A","No","12/31/2026"
"METFORMIN HYDROCHLORIDE","71335-1834-6","500 mg/1","TABLET","ORAL","ANDA203769","Bryant Ranch Prepack","71335-1834","METFORMIN HYDROCHLORIDE","METFORMIN HYDROCHLORIDE","HUMAN PRESCRIPTION DRUG","04/29/2021","N/A","ANDA","28 TABLET in 1 BOTTLE (71335-1834-6)","Biguanide [EPC],  Biguanides [CS]","N/A","No","12/31/2026"
"METFORMIN HYDROCHLORIDE","71335-1834-7","500 mg/1","TABLET","ORAL","ANDA203769","Bryant Ranch Prepack","71335-1834","METFORMIN HYDROCHLORIDE","METFORMIN HYDROCHLORIDE","HUMAN PRESCRIPTION DRUG","04/29/2021","N/A","ANDA","56 TABLET in 1 BOTTLE (71335-1834-7)","Biguanide [EPC],  Biguanides [CS]","N/A","No","12/31/2026"
"METFORMIN HYDROCHLORIDE","71335-1834-8","500 mg/1","TABLET","ORAL","ANDA203769","Bryant Ranch Prepack","71335-1834","METFORMIN HYDROCHLORIDE","METFORMIN HYDROCHLORIDE","HUMAN PRESCRIPTION DRUG","04/29/2021","N/A","ANDA","180 TABLET in 1 BOTTLE (71335-1834-8)","Biguanide [EPC],  Biguanides [CS]","N/A","No","12/31/2026"
"METFORMIN HYDROCHLORIDE","71335-1834-9","500 mg/1","TABLET","ORAL","ANDA203769","Bryant Ranch Prepack","71335-1834","METFORMIN HYDROCHLORIDE","METFORMIN HYDROCHLORIDE","HUMAN PRESCRIPTION DRUG","04/29/2021","N/A","ANDA","10 TABLET in 1 BOTTLE (71335-1834-9)","Biguanide [EPC],  Biguanides [CS]","N/A","No","12/31/2026"
"METFORMIN HYDROCHLORIDE","71335-1835-1","850 mg/1","TABLET","ORAL","ANDA203769","Bryant Ranch Prepack","71335-1835","METFORMIN HYDROCHLORIDE","METFORMIN HYDROCHLORIDE","HUMAN PRESCRIPTION DRUG","04/29/2021","N/A","ANDA","60 TABLET in 1 BOTTLE (71335-1835-1)","Biguanide [EPC],  Biguanides [CS]","N/A","No","12/31/2026"
"METFORMIN HYDROCHLORIDE","71335-1835-2","850 mg/1","TABLET","ORAL","ANDA203769","Bryant Ranch Prepack","71335-1835","METFORMIN HYDROCHLORIDE","METFORMIN HYDROCHLORIDE","HUMAN PRESCRIPTION DRUG","04/29/2021","N/A","ANDA","30 TABLET in 1 BOTTLE (71335-1835-2)","Biguanide [EPC],  Biguanides [CS]","N/A","No","12/31/2026"
"METFORMIN HYDROCHLORIDE","71335-1835-3","850 mg/1","TABLET","ORAL","ANDA203769","Bryant Ranch Prepack","71335-1835","METFORMIN HYDROCHLORIDE","METFORMIN HYDROCHLORIDE","HUMAN PRESCRIPTION DRUG","04/29/2021","N/A","ANDA","120 TABLET in 1 BOTTLE (71335-1835-3)","Biguanide [EPC],  Biguanides [CS]","N/A","No","12/31/2026"
"METFORMIN HYDROCHLORIDE","71335-1835-4","850 mg/1","TABLET","ORAL","ANDA203769","Bryant Ranch Prepack","71335-1835","METFORMIN HYDROCHLORIDE","METFORMIN HYDROCHLORIDE","HUMAN PRESCRIPTION DRUG","04/29/2021","N/A","ANDA","90 TABLET in 1 BOTTLE (71335-1835-4)","Biguanide [EPC],  Biguanides [CS]","N/A","No","12/31/2026"
"METFORMIN HYDROCHLORIDE","71335-1835-5","850 mg/1","TABLET","ORAL","ANDA203769","Bryant Ranch Prepack","71335-1835","METFORMIN HYDROCHLORIDE","METFORMIN HYDROCHLORIDE","HUMAN PRESCRIPTION DRUG","04/29/2021","N/A","ANDA","100 TABLET in 1 BOTTLE (71335-1835-5)","Biguanide [EPC],  Biguanides [CS]","N/A","No","12/31/2026"
"METFORMIN HYDROCHLORIDE","71335-1835-6","850 mg/1","TABLET","ORAL","ANDA203769","Bryant Ranch Prepack","71335-1835","METFORMIN HYDROCHLORIDE","METFORMIN HYDROCHLORIDE","HUMAN PRESCRIPTION DRUG","04/29/2021","N/A","ANDA","180 TABLET in 1 BOTTLE (71335-1835-6)","Biguanide [EPC],  Biguanides [CS]","N/A","No","12/31/2026"
"Metformin Hydrochloride","69367-382-01","850 mg/1","TABLET, COATED","ORAL","ANDA205096","Westminster Pharmaceuticals, LLC","69367-382","Metformin Hydrochloride","METFORMIN HYDROCHLORIDE","HUMAN PRESCRIPTION DRUG","03/04/2024","N/A","ANDA","100 TABLET, COATED in 1 BOTTLE (69367-382-01)","Biguanide [EPC],  Biguanides [CS]","N/A","No","12/31/2026"
"Metformin Hydrochloride","69367-382-05","850 mg/1","TABLET, COATED","ORAL","ANDA205096","Westminster Pharmaceuticals, LLC","69367-382","Metformin Hydrochloride","METFORMIN HYDROCHLORIDE","HUMAN PRESCRIPTION DRUG","03/04/2024","N/A","ANDA","500 TABLET, COATED in 1 BOTTLE (69367-382-05)","Biguanide [EPC],  Biguanides [CS]","N/A","No","12/31/2026"
"Metformin Hydrochloride","69367-382-10","850 mg/1","TABLET, COATED","ORAL","ANDA205096","Westminster Pharmaceuticals, LLC","69367-382","Metformin Hydrochloride","METFORMIN HYDROCHLORIDE","HUMAN PRESCRIPTION DRUG","03/04/2024","N/A","ANDA","1000 TABLET, COATED in 1 BOTTLE (69367-382-10)","Biguanide [EPC],  Biguanides [CS]","N/A","No","12/31/2026"
"Metformin Hydrochloride","62207-440-43","500 mg/1","TABLET","ORAL","ANDA090564","Granules India Ltd","62207-440","Metformin Hydrochloride Tablet","METFORMIN HYDROCHLORIDE","HUMAN PRESCRIPTION DRUG","07/04/2019","N/A","ANDA","100 TABLET in 1 BOTTLE (62207-440-43)","Biguanide [EPC],  Biguanides [CS]","N/A","No","12/31/2027"
"Metformin Hydrochloride","62207-440-47","500 mg/1","TABLET","ORAL","ANDA090564","Granules India Ltd","62207-440","Metformin Hydrochloride Tablet","METFORMIN HYDROCHLORIDE","HUMAN PRESCRIPTION DRUG","07/04/2019","N/A","ANDA","500 TABLET in 1 BOTTLE (62207-440-47)","Biguanide [EPC],  Biguanides [CS]","N/A","No","12/31/2027"
"Metformin Hydrochloride","62207-440-49","500 mg/1","TABLET","ORAL","ANDA090564","Granules India Ltd","62207-440","Metformin Hydrochloride Tablet","METFORMIN HYDROCHLORIDE","HUMAN PRESCRIPTION DRUG","07/04/2019","N/A","ANDA","1000 TABLET in 1 BOTTLE (62207-440-49)","Biguanide [EPC],  Biguanides [CS]","N/A","No","12/31/2027"
"Metformin Hydrochloride","62207-440-50","500 mg/1","TABLET","ORAL","ANDA090564","Granules India Ltd","62207-440","Metformin Hydrochloride Tablet","METFORMIN HYDROCHLORIDE","HUMAN PRESCRIPTION DRUG","07/04/2019","N/A","ANDA","60 TABLET in 1 BOTTLE (62207-440-50)","Biguanide [EPC],  Biguanides [CS]","N/A","No","12/31/2027"
"Metformin Hydrochloride","62207-440-57","500 mg/1","TABLET","ORAL","ANDA090564","Granules India Ltd","62207-440","Metformin Hydrochloride Tablet","METFORMIN HYDROCHLORIDE","HUMAN PRESCRIPTION DRUG","07/04/2019","N/A","ANDA","90 TABLET in 1 BOTTLE (62207-440-57)","Biguanide [EPC],  Biguanides [CS]","N/A","No","12/31/2027"
"Metformin Hydrochloride","62207-440-96","500 mg/1","TABLET","ORAL","ANDA090564","Granules India Ltd","62207-440","Metformin Hydrochloride Tablet","METFORMIN HYDROCHLORIDE","HUMAN PRESCRIPTION DRUG","07/04/2019","N/A","ANDA","55833 TABLET in 1 DRUM (62207-440-96)","Biguanide [EPC],  Biguanides [CS]","N/A","No","12/31/2027"
"Dapagliflozin and Metformin Hydrochloride","63304-027-30","10 mg/1,  500 mg/1","TABLET, FILM COATED, EXTENDED RELEASE","ORAL","ANDA211491","Sun Pharmaceutical Industries, Inc.","63304-027","Dapagliflozin and Metformin Hydrochloride","DAPAGLIFLOZIN,  METFORMIN HYDROCHLORIDE","HUMAN PRESCRIPTION DRUG","04/06/2026","N/A","ANDA","30 TABLET, FILM COATED, EXTENDED RELEASE in 1 BOTTLE (63304-027-30)","Biguanide [EPC],  Biguanides [CS],  Sodium-Glucose Cotransporter 2 Inhibitor [EPC],  Sodium-Glucose Transporter 2 Inhibitors [MoA]","N/A","No","12/31/2027"
"Dapagliflozin and Metformin Hydrochloride","63304-027-54","10 mg/1,  500 mg/1","TABLET, FILM COATED, EXTENDED RELEASE","ORAL","ANDA211491","Sun Pharmaceutical Industries, Inc.","63304-027","Dapagliflozin and Metformin Hydrochloride","DAPAGLIFLOZIN,  METFORMIN HYDROCHLORIDE","HUMAN PRESCRIPTION DRUG","04/06/2026","N/A","ANDA","400 TABLET, FILM COATED, EXTENDED RELEASE in 1 BOTTLE (63304-027-54)","Biguanide [EPC],  Biguanides [CS],  Sodium-Glucose Cotransporter 2 Inhibitor [EPC],  Sodium-Glucose Transporter 2 Inhibitors [MoA]","N/A","No","12/31/2027"
"METFORMIN HYDROCHLORIDE EXTENDED RELEASE","49483-624-01","750 mg/1","TABLET, EXTENDED RELEASE","ORAL","ANDA090295","TIME CAP LABORATORIES, INC","49483-624","Metformin Hydrochloride","METFORMIN HYDROCHLORIDE","HUMAN PRESCRIPTION DRUG","05/12/2016","N/A","ANDA","100 TABLET, EXTENDED RELEASE in 1 BOTTLE, PLASTIC (49483-624-01)","Biguanide [EPC],  Biguanides [CS]","N/A","No","12/31/2027"
"METFORMIN HYDROCHLORIDE EXTENDED RELEASE","49483-624-50","750 mg/1","TABLET, EXTENDED RELEASE","ORAL","ANDA090295","TIME CAP LABORATORIES, INC","49483-624","Metformin Hydrochloride","METFORMIN HYDROCHLORIDE","HUMAN PRESCRIPTION DRUG","05/12/2016","N/A","ANDA","500 TABLET, EXTENDED RELEASE in 1 BOTTLE, PLASTIC (49483-624-50)","Biguanide [EPC],  Biguanides [CS]","N/A","No","12/31/2027"
"Metformin Hydrochloride","70518-4262-0","1000 mg/1","TABLET, FILM COATED","ORAL","ANDA209882","REMEDYREPACK INC.","70518-4262","Metformin Hydrochloride","METFORMIN HYDROCHLORIDE","HUMAN PRESCRIPTION DRUG","01/23/2025","N/A","ANDA","180 TABLET, FILM COATED in 1 BOTTLE, PLASTIC (70518-4262-0)","Biguanide [EPC],  Biguanides [CS]","N/A","No","12/31/2026"
"Dapagliflozin and Metformin Hydrochloride","63304-026-30","5 mg/1,  1000 mg/1","TABLET, FILM COATED, EXTENDED RELEASE","ORAL","ANDA211491","Sun Pharmaceutical Industries, Inc.","63304-026","Dapagliflozin and Metformin Hydrochloride","DAPAGLIFLOZIN,  METFORMIN HYDROCHLORIDE","HUMAN PRESCRIPTION DRUG","04/06/2026","N/A","ANDA","30 TABLET, FILM COATED, EXTENDED RELEASE in 1 BOTTLE (63304-026-30)","Biguanide [EPC],  Biguanides [CS],  Sodium-Glucose Cotransporter 2 Inhibitor [EPC],  Sodium-Glucose Transporter 2 Inhibitors [MoA]","N/A","No","12/31/2027"
"Dapagliflozin and Metformin Hydrochloride","63304-026-54","5 mg/1,  1000 mg/1","TABLET, FILM COATED, EXTENDED RELEASE","ORAL","ANDA211491","Sun Pharmaceutical Industries, Inc.","63304-026","Dapagliflozin and Metformin Hydrochloride","DAPAGLIFLOZIN,  METFORMIN HYDROCHLORIDE","HUMAN PRESCRIPTION DRUG","04/06/2026","N/A","ANDA","400 TABLET, FILM COATED, EXTENDED RELEASE in 1 BOTTLE (63304-026-54)","Biguanide [EPC],  Biguanides [CS],  Sodium-Glucose Cotransporter 2 Inhibitor [EPC],  Sodium-Glucose Transporter 2 Inhibitors [MoA]","N/A","No","12/31/2027"
"Dapagliflozin and Metformin Hydrochloride","63304-026-62","5 mg/1,  1000 mg/1","TABLET, FILM COATED, EXTENDED RELEASE","ORAL","ANDA211491","Sun Pharmaceutical Industries, Inc.","63304-026","Dapagliflozin and Metformin Hydrochloride","DAPAGLIFLOZIN,  METFORMIN HYDROCHLORIDE","HUMAN PRESCRIPTION DRUG","04/06/2026","N/A","ANDA","60 TABLET, FILM COATED, EXTENDED RELEASE in 1 BOTTLE (63304-026-62)","Biguanide [EPC],  Biguanides [CS],  Sodium-Glucose Cotransporter 2 Inhibitor [EPC],  Sodium-Glucose Transporter 2 Inhibitors [MoA]","N/A","No","12/31/2027"
"Metformin Hydrochloride","69367-381-01","500 mg/1","TABLET, COATED","ORAL","ANDA205096","Westminster Pharmaceuticals, LLC","69367-381","Metformin Hydrochloride","METFORMIN HYDROCHLORIDE","HUMAN PRESCRIPTION DRUG","03/04/2024","N/A","ANDA","100 TABLET, COATED in 1 BOTTLE (69367-381-01)","Biguanide [EPC],  Biguanides [CS]","N/A","No","12/31/2026"
"Metformin Hydrochloride","69367-381-05","500 mg/1","TABLET, COATED","ORAL","ANDA205096","Westminster Pharmaceuticals, LLC","69367-381","Metformin Hydrochloride","METFORMIN HYDROCHLORIDE","HUMAN PRESCRIPTION DRUG","03/04/2024","N/A","ANDA","500 TABLET, COATED in 1 BOTTLE (69367-381-05)","Biguanide [EPC],  Biguanides [CS]","N/A","No","12/31/2026"
"Metformin Hydrochloride","69367-381-10","500 mg/1","TABLET, COATED","ORAL","ANDA205096","Westminster Pharmaceuticals, LLC","69367-381","Metformin Hydrochloride","METFORMIN HYDROCHLORIDE","HUMAN PRESCRIPTION DRUG","03/04/2024","N/A","ANDA","1000 TABLET, COATED in 1 BOTTLE (69367-381-10)","Biguanide [EPC],  Biguanides [CS]","N/A","No","12/31/2026"
"Metformin Hydrochloride","70518-3130-1","1000 mg/1","TABLET, FILM COATED","ORAL","ANDA077095","REMEDYREPACK INC.","70518-3130","Metformin Hydrochloride","METFORMIN HYDROCHLORIDE","HUMAN PRESCRIPTION DRUG","04/22/2025","N/A","ANDA","100 TABLET, FILM COATED in 1 BOTTLE, PLASTIC (70518-3130-1)","Biguanide [EPC],  Biguanides [CS]","N/A","No","12/31/2027"
"Metformin Hydrochloride","70518-3130-2","1000 mg/1","TABLET, FILM COATED","ORAL","ANDA077095","REMEDYREPACK INC.","70518-3130","Metformin Hydrochloride","METFORMIN HYDROCHLORIDE","HUMAN PRESCRIPTION DRUG","07/14/2025","N/A","ANDA","180 TABLET, FILM COATED in 1 BOTTLE, PLASTIC (70518-3130-2)","Biguanide [EPC],  Biguanides [CS]","N/A","No","12/31/2027"
"Metformin Hydrochloride","71610-578-60","500 mg/1","TABLET, EXTENDED RELEASE","ORAL","ANDA206145","Aphena Pharma Solutions - Tennessee, LLC","71610-578","Metformin Hydrochloride","METFORMIN HYDROCHLORIDE","HUMAN PRESCRIPTION DRUG","07/01/2021","N/A","ANDA","90 TABLET, EXTENDED RELEASE in 1 BOTTLE (71610-578-60)","Biguanide [EPC],  Biguanides [CS]","N/A","No","12/31/2026"
"Metformin Hydrochloride","71610-578-70","500 mg/1","TABLET, EXTENDED RELEASE","ORAL","ANDA206145","Aphena Pharma Solutions - Tennessee, LLC","71610-578","Metformin Hydrochloride","METFORMIN HYDROCHLORIDE","HUMAN PRESCRIPTION DRUG","07/01/2021","N/A","ANDA","120 TABLET, EXTENDED RELEASE in 1 BOTTLE (71610-578-70)","Biguanide [EPC],  Biguanides [CS]","N/A","No","12/31/2026"
"Metformin Hydrochloride","71610-578-80","500 mg/1","TABLET, EXTENDED RELEASE","ORAL","ANDA206145","Aphena Pharma Solutions - Tennessee, LLC","71610-578","Metformin Hydrochloride","METFORMIN HYDROCHLORIDE","HUMAN PRESCRIPTION DRUG","07/01/2021","N/A","ANDA","180 TABLET, EXTENDED RELEASE in 1 BOTTLE (71610-578-80)","Biguanide [EPC],  Biguanides [CS]","N/A","No","12/31/2026"
"Metformin Hydrochloride","71610-578-94","500 mg/1","TABLET, EXTENDED RELEASE","ORAL","ANDA206145","Aphena Pharma Solutions - Tennessee, LLC","71610-578","Metformin Hydrochloride","METFORMIN HYDROCHLORIDE","HUMAN PRESCRIPTION DRUG","07/01/2021","N/A","ANDA","360 TABLET, EXTENDED RELEASE in 1 BOTTLE (71610-578-94)","Biguanide [EPC],  Biguanides [CS]","N/A","No","12/31/2026"
"Metformin Hydrochloride","68788-8520-6","1000 mg/1","TABLET, EXTENDED RELEASE","ORAL","ANDA090692","Preferred Pharmaceuticals, Inc.","68788-8520","Metformin Hydrochloride","METFORMIN HYDROCHLORIDE","HUMAN PRESCRIPTION DRUG","09/01/2023","N/A","ANDA","60 TABLET, EXTENDED RELEASE in 1 BOTTLE (68788-8520-6)","Biguanide [EPC],  Biguanides [CS]","N/A","No","12/31/2027"
"SEGLUROMET","0006-5370-03","7.5 mg/1,  500 mg/1","TABLET, FILM COATED","ORAL","NDA209806","Merck Sharp & Dohme LLC","0006-5370","ertugliflozin and metformin hydrochloride","ERTUGLIFLOZIN PIDOLATE,  METFORMIN HYDROCHLORIDE","HUMAN PRESCRIPTION DRUG","12/19/2017","N/A","NDA","60 TABLET, FILM COATED in 1 BOTTLE (0006-5370-03)","Biguanide [EPC],  Biguanides [CS]","N/A","No","12/31/2027"
"SEGLUROMET","0006-5370-06","7.5 mg/1,  500 mg/1","TABLET, FILM COATED","ORAL","NDA209806","Merck Sharp & Dohme LLC","0006-5370","ertugliflozin and metformin hydrochloride","ERTUGLIFLOZIN PIDOLATE,  METFORMIN HYDROCHLORIDE","HUMAN PRESCRIPTION DRUG","12/19/2017","N/A","NDA","180 TABLET, FILM COATED in 1 BOTTLE (0006-5370-06)","Biguanide [EPC],  Biguanides [CS]","N/A","No","12/31/2027"
"SEGLUROMET","0006-5370-07","7.5 mg/1,  500 mg/1","TABLET, FILM COATED","ORAL","NDA209806","Merck Sharp & Dohme LLC","0006-5370","ertugliflozin and metformin hydrochloride","ERTUGLIFLOZIN PIDOLATE,  METFORMIN HYDROCHLORIDE","HUMAN PRESCRIPTION DRUG","12/19/2017","N/A","NDA","500 TABLET, FILM COATED in 1 BOTTLE (0006-5370-07)","Biguanide [EPC],  Biguanides [CS]","N/A","No","12/31/2027"
"Jentadueto XR","0597-0270-73","2.5 mg/1,  1000 mg/1","TABLET, FILM COATED, EXTENDED RELEASE","ORAL","NDA208026","Boehringer Ingelheim Pharmaceuticals, Inc.","0597-0270","linagliptin and metformin hydrochloride","LINAGLIPTIN,  METFORMIN HYDROCHLORIDE","HUMAN PRESCRIPTION DRUG","05/27/2016","N/A","NDA","60 TABLET, FILM COATED, EXTENDED RELEASE in 1 BOTTLE (0597-0270-73)","Biguanide [EPC],  Biguanides [CS],  Dipeptidyl Peptidase 4 Inhibitor [EPC],  Dipeptidyl Peptidase 4 Inhibitors [MoA]","N/A","No","12/31/2027"
"Jentadueto XR","0597-0270-94","2.5 mg/1,  1000 mg/1","TABLET, FILM COATED, EXTENDED RELEASE","ORAL","NDA208026","Boehringer Ingelheim Pharmaceuticals, Inc.","0597-0270","linagliptin and metformin hydrochloride","LINAGLIPTIN,  METFORMIN HYDROCHLORIDE","HUMAN PRESCRIPTION DRUG","05/27/2016","N/A","NDA","180 TABLET, FILM COATED, EXTENDED RELEASE in 1 BOTTLE (0597-0270-94)","Biguanide [EPC],  Biguanides [CS],  Dipeptidyl Peptidase 4 Inhibitor [EPC],  Dipeptidyl Peptidase 4 Inhibitors [MoA]","N/A","No","12/31/2027"
"Metformin Hydrochloride","69367-383-01","1000 mg/1","TABLET, COATED","ORAL","ANDA205096","Westminster Pharmaceuticals, LLC","69367-383","Metformin Hydrochloride","METFORMIN HYDROCHLORIDE","HUMAN PRESCRIPTION DRUG","03/04/2024","N/A","ANDA","100 TABLET, COATED in 1 BOTTLE (69367-383-01)","Biguanide [EPC],  Biguanides [CS]","N/A","No","12/31/2026"
"Metformin Hydrochloride","69367-383-05","1000 mg/1","TABLET, COATED","ORAL","ANDA205096","Westminster Pharmaceuticals, LLC","69367-383","Metformin Hydrochloride","METFORMIN HYDROCHLORIDE","HUMAN PRESCRIPTION DRUG","03/04/2024","N/A","ANDA","500 TABLET, COATED in 1 BOTTLE (69367-383-05)","Biguanide [EPC],  Biguanides [CS]","N/A","No","12/31/2026"
"Metformin Hydrochloride","69367-383-10","1000 mg/1","TABLET, COATED","ORAL","ANDA205096","Westminster Pharmaceuticals, LLC","69367-383","Metformin Hydrochloride","METFORMIN HYDROCHLORIDE","HUMAN PRESCRIPTION DRUG","03/04/2024","N/A","ANDA","1000 TABLET, COATED in 1 BOTTLE (69367-383-10)","Biguanide [EPC],  Biguanides [CS]","N/A","No","12/31/2026"
"Metformin Hydrochloride Oral Solution","69452-380-55","500 mg/5mL","SOLUTION","ORAL","ANDA219151","Bionpharma Inc.,","69452-380","Metformin Hydrochloride","METFORMIN HYDROCHLORIDE","HUMAN PRESCRIPTION DRUG","02/26/2026","N/A","ANDA","118 mL in 1 BOTTLE (69452-380-55)","Biguanide [EPC],  Biguanides [CS]","N/A","No","12/31/2027"
"Metformin Hydrochloride Oral Solution","69452-380-88","500 mg/5mL","SOLUTION","ORAL","ANDA219151","Bionpharma Inc.,","69452-380","Metformin Hydrochloride","METFORMIN HYDROCHLORIDE","HUMAN PRESCRIPTION DRUG","07/28/2025","N/A","ANDA","473 mL in 1 BOTTLE (69452-380-88)","Biguanide [EPC],  Biguanides [CS]","N/A","No","12/31/2027"
"METFORMIN HYDROCHLORIDE","50090-7877-0","1000 mg/1","TABLET, FILM COATED","ORAL","ANDA213320","A-S Medication Solutions","50090-7877","METFORMIN HYDROCHLORIDE","METFORMIN HYDROCHLORIDE","HUMAN PRESCRIPTION DRUG","02/02/2026","N/A","ANDA","60 TABLET, FILM COATED in 1 BOTTLE (50090-7877-0)","Biguanide [EPC],  Biguanides [CS]","N/A","No","12/31/2027"
"METFORMIN HYDROCHLORIDE","50090-7877-2","1000 mg/1","TABLET, FILM COATED","ORAL","ANDA213320","A-S Medication Solutions","50090-7877","METFORMIN HYDROCHLORIDE","METFORMIN HYDROCHLORIDE","HUMAN PRESCRIPTION DRUG","02/02/2026","N/A","ANDA","100 TABLET, FILM COATED in 1 BOTTLE (50090-7877-2)","Biguanide [EPC],  Biguanides [CS]","N/A","No","12/31/2027"
"METFORMIN HYDROCHLORIDE","50090-7877-3","1000 mg/1","TABLET, FILM COATED","ORAL","ANDA213320","A-S Medication Solutions","50090-7877","METFORMIN HYDROCHLORIDE","METFORMIN HYDROCHLORIDE","HUMAN PRESCRIPTION DRUG","02/02/2026","N/A","ANDA","30 TABLET, FILM COATED in 1 BOTTLE (50090-7877-3)","Biguanide [EPC],  Biguanides [CS]","N/A","No","12/31/2027"
"METFORMIN HYDROCHLORIDE","50090-7877-4","1000 mg/1","TABLET, FILM COATED","ORAL","ANDA213320","A-S Medication Solutions","50090-7877","METFORMIN HYDROCHLORIDE","METFORMIN HYDROCHLORIDE","HUMAN PRESCRIPTION DRUG","02/02/2026","N/A","ANDA","90 TABLET, FILM COATED in 1 BOTTLE (50090-7877-4)","Biguanide [EPC],  Biguanides [CS]","N/A","No","12/31/2027"
"METFORMIN HYDROCHLORIDE","50090-7877-5","1000 mg/1","TABLET, FILM COATED","ORAL","ANDA213320","A-S Medication Solutions","50090-7877","METFORMIN HYDROCHLORIDE","METFORMIN HYDROCHLORIDE","HUMAN PRESCRIPTION DRUG","02/02/2026","N/A","ANDA","180 TABLET, FILM COATED in 1 BOTTLE (50090-7877-5)","Biguanide [EPC],  Biguanides [CS]","N/A","No","12/31/2027"
"Metformin Hydrochloride","62207-441-43","850 mg/1","TABLET","ORAL","ANDA090564","Granules India Ltd","62207-441","Metformin Hydrochloride Tablet","METFORMIN HYDROCHLORIDE","HUMAN PRESCRIPTION DRUG","07/04/2019","N/A","ANDA","100 TABLET in 1 BOTTLE (62207-441-43)","Biguanide [EPC],  Biguanides [CS]","N/A","No","12/31/2027"
"Metformin Hydrochloride","62207-441-47","850 mg/1","TABLET","ORAL","ANDA090564","Granules India Ltd","62207-441","Metformin Hydrochloride Tablet","METFORMIN HYDROCHLORIDE","HUMAN PRESCRIPTION DRUG","07/04/2019","N/A","ANDA","500 TABLET in 1 BOTTLE (62207-441-47)","Biguanide [EPC],  Biguanides [CS]","N/A","No","12/31/2027"
"Metformin Hydrochloride","62207-441-49","850 mg/1","TABLET","ORAL","ANDA090564","Granules India Ltd","62207-441","Metformin Hydrochloride Tablet","METFORMIN HYDROCHLORIDE","HUMAN PRESCRIPTION DRUG","07/04/2019","N/A","ANDA","1000 TABLET in 1 BOTTLE (62207-441-49)","Biguanide [EPC],  Biguanides [CS]","N/A","No","12/31/2027"
"Metformin Hydrochloride","62207-441-50","850 mg/1","TABLET","ORAL","ANDA090564","Granules India Ltd","62207-441","Metformin Hydrochloride Tablet","METFORMIN HYDROCHLORIDE","HUMAN PRESCRIPTION DRUG","07/04/2019","N/A","ANDA","60 TABLET in 1 BOTTLE (62207-441-50)","Biguanide [EPC],  Biguanides [CS]","N/A","No","12/31/2027"
"Metformin Hydrochloride","62207-441-57","850 mg/1","TABLET","ORAL","ANDA090564","Granules India Ltd","62207-441","Metformin Hydrochloride Tablet","METFORMIN HYDROCHLORIDE","HUMAN PRESCRIPTION DRUG","07/04/2019","N/A","ANDA","90 TABLET in 1 BOTTLE (62207-441-57)","Biguanide [EPC],  Biguanides [CS]","N/A","No","12/31/2027"
"Metformin Hydrochloride","62207-441-97","850 mg/1","TABLET","ORAL","ANDA090564","Granules India Ltd","62207-441","Metformin Hydrochloride Tablet","METFORMIN HYDROCHLORIDE","HUMAN PRESCRIPTION DRUG","07/04/2019","N/A","ANDA","32857 TABLET in 1 DRUM (62207-441-97)","Biguanide [EPC],  Biguanides [CS]","N/A","No","12/31/2027"
"Dapagliflozin and Metformin Hydrochloride","63304-028-30","10 mg/1,  1000 mg/1","TABLET, FILM COATED, EXTENDED RELEASE","ORAL","ANDA211491","Sun Pharmaceutical Industries, Inc.","63304-028","Dapagliflozin and Metformin Hydrochloride","DAPAGLIFLOZIN,  METFORMIN HYDROCHLORIDE","HUMAN PRESCRIPTION DRUG","04/06/2026","N/A","ANDA","30 TABLET, FILM COATED, EXTENDED RELEASE in 1 BOTTLE (63304-028-30)","Biguanide [EPC],  Biguanides [CS],  Sodium-Glucose Cotransporter 2 Inhibitor [EPC],  Sodium-Glucose Transporter 2 Inhibitors [MoA]","N/A","No","12/31/2027"
"Dapagliflozin and Metformin Hydrochloride","63304-028-54","10 mg/1,  1000 mg/1","TABLET, FILM COATED, EXTENDED RELEASE","ORAL","ANDA211491","Sun Pharmaceutical Industries, Inc.","63304-028","Dapagliflozin and Metformin Hydrochloride","DAPAGLIFLOZIN,  METFORMIN HYDROCHLORIDE","HUMAN PRESCRIPTION DRUG","04/06/2026","N/A","ANDA","400 TABLET, FILM COATED, EXTENDED RELEASE in 1 BOTTLE (63304-028-54)","Biguanide [EPC],  Biguanides [CS],  Sodium-Glucose Cotransporter 2 Inhibitor [EPC],  Sodium-Glucose Transporter 2 Inhibitors [MoA]","N/A","No","12/31/2027"
"METFORMIN HYDROCHLORIDE","50090-7878-0","1000 mg/1","TABLET, FILM COATED","ORAL","ANDA213320","A-S Medication Solutions","50090-7878","METFORMIN HYDROCHLORIDE","METFORMIN HYDROCHLORIDE","HUMAN PRESCRIPTION DRUG","02/02/2026","N/A","ANDA","90 TABLET, FILM COATED in 1 BOTTLE (50090-7878-0)","Biguanide [EPC],  Biguanides [CS]","N/A","No","12/31/2027"
"Metformin Hydrochloride","62207-442-43","1000 mg/1","TABLET","ORAL","ANDA090564","Granules India Ltd","62207-442","Metformin Hydrochloride Tablet","METFORMIN HYDROCHLORIDE","HUMAN PRESCRIPTION DRUG","07/04/2019","N/A","ANDA","100 TABLET in 1 BOTTLE (62207-442-43)","Biguanide [EPC],  Biguanides [CS]","N/A","No","12/31/2027"
"Metformin Hydrochloride","62207-442-47","1000 mg/1","TABLET","ORAL","ANDA090564","Granules India Ltd","62207-442","Metformin Hydrochloride Tablet","METFORMIN HYDROCHLORIDE","HUMAN PRESCRIPTION DRUG","07/04/2019","N/A","ANDA","500 TABLET in 1 BOTTLE (62207-442-47)","Biguanide [EPC],  Biguanides [CS]","N/A","No","12/31/2027"
"Metformin Hydrochloride","62207-442-49","1000 mg/1","TABLET","ORAL","ANDA090564","Granules India Ltd","62207-442","Metformin Hydrochloride Tablet","METFORMIN HYDROCHLORIDE","HUMAN PRESCRIPTION DRUG","07/04/2019","N/A","ANDA","1000 TABLET in 1 BOTTLE (62207-442-49)","Biguanide [EPC],  Biguanides [CS]","N/A","No","12/31/2027"
"Metformin Hydrochloride","62207-442-50","1000 mg/1","TABLET","ORAL","ANDA090564","Granules India Ltd","62207-442","Metformin Hydrochloride Tablet","METFORMIN HYDROCHLORIDE","HUMAN PRESCRIPTION DRUG","07/04/2019","N/A","ANDA","60 TABLET in 1 BOTTLE (62207-442-50)","Biguanide [EPC],  Biguanides [CS]","N/A","No","12/31/2027"
"Metformin Hydrochloride","62207-442-57","1000 mg/1","TABLET","ORAL","ANDA090564","Granules India Ltd","62207-442","Metformin Hydrochloride Tablet","METFORMIN HYDROCHLORIDE","HUMAN PRESCRIPTION DRUG","07/04/2019","N/A","ANDA","90 TABLET in 1 BOTTLE (62207-442-57)","Biguanide [EPC],  Biguanides [CS]","N/A","No","12/31/2027"
"Metformin Hydrochloride","62207-442-98","1000 mg/1","TABLET","ORAL","ANDA090564","Granules India Ltd","62207-442","Metformin Hydrochloride Tablet","METFORMIN HYDROCHLORIDE","HUMAN PRESCRIPTION DRUG","07/04/2019","N/A","ANDA","27916 TABLET in 1 DRUM (62207-442-98)","Biguanide [EPC],  Biguanides [CS]","N/A","No","12/31/2027"
"XIGDUO XR","0310-6270-30","10 mg/1,  500 mg/1","TABLET, FILM COATED, EXTENDED RELEASE","ORAL","NDA205649","AstraZeneca Pharmaceuticals LP","0310-6270","dapagliflozin and metformin hydrochloride","DAPAGLIFLOZIN PROPANEDIOL,  METFORMIN HYDROCHLORIDE","HUMAN PRESCRIPTION DRUG","11/11/2014","N/A","NDA","30 TABLET, FILM COATED, EXTENDED RELEASE in 1 BOTTLE, PLASTIC (0310-6270-30)","Biguanide [EPC],  Biguanides [CS],  Sodium-Glucose Cotransporter 2 Inhibitor [EPC],  Sodium-Glucose Transporter 2 Inhibitors [MoA]","N/A","No","12/31/2027"
"METFORMIN HYDROCHLORIDE","71610-837-30","500 mg/1","TABLET, EXTENDED RELEASE","ORAL","ANDA201991","Aphena Pharma Solutions - Tennessee, LLC","71610-837","metformin hydrochloride","METFORMIN HYDROCHLORIDE","HUMAN PRESCRIPTION DRUG","05/31/2024","N/A","ANDA","30 TABLET, EXTENDED RELEASE in 1 BOTTLE (71610-837-30)","Biguanide [EPC],  Biguanides [CS]","N/A","No","12/31/2026"
"METFORMIN HYDROCHLORIDE","71610-837-53","500 mg/1","TABLET, EXTENDED RELEASE","ORAL","ANDA201991","Aphena Pharma Solutions - Tennessee, LLC","71610-837","metformin hydrochloride","METFORMIN HYDROCHLORIDE","HUMAN PRESCRIPTION DRUG","05/31/2024","N/A","ANDA","60 TABLET, EXTENDED RELEASE in 1 BOTTLE (71610-837-53)","Biguanide [EPC],  Biguanides [CS]","N/A","No","12/31/2026"
"METFORMIN HYDROCHLORIDE","71610-837-60","500 mg/1","TABLET, EXTENDED RELEASE","ORAL","ANDA201991","Aphena Pharma Solutions - Tennessee, LLC","71610-837","metformin hydrochloride","METFORMIN HYDROCHLORIDE","HUMAN PRESCRIPTION DRUG","05/31/2024","N/A","ANDA","90 TABLET, EXTENDED RELEASE in 1 BOTTLE (71610-837-60)","Biguanide [EPC],  Biguanides [CS]","N/A","No","12/31/2026"
"METFORMIN HYDROCHLORIDE","71610-837-70","500 mg/1","TABLET, EXTENDED RELEASE","ORAL","ANDA201991","Aphena Pharma Solutions - Tennessee, LLC","71610-837","metformin hydrochloride","METFORMIN HYDROCHLORIDE","HUMAN PRESCRIPTION DRUG","05/31/2024","N/A","ANDA","120 TABLET, EXTENDED RELEASE in 1 BOTTLE (71610-837-70)","Biguanide [EPC],  Biguanides [CS]","N/A","No","12/31/2026"
"METFORMIN HYDROCHLORIDE","71610-837-80","500 mg/1","TABLET, EXTENDED RELEASE","ORAL","ANDA201991","Aphena Pharma Solutions - Tennessee, LLC","71610-837","metformin hydrochloride","METFORMIN HYDROCHLORIDE","HUMAN PRESCRIPTION DRUG","05/31/2024","N/A","ANDA","180 TABLET, EXTENDED RELEASE in 1 BOTTLE (71610-837-80)","Biguanide [EPC],  Biguanides [CS]","N/A","No","12/31/2026"
"METFORMIN HYDROCHLORIDE","71610-837-94","500 mg/1","TABLET, EXTENDED RELEASE","ORAL","ANDA201991","Aphena Pharma Solutions - Tennessee, LLC","71610-837","metformin hydrochloride","METFORMIN HYDROCHLORIDE","HUMAN PRESCRIPTION DRUG","05/31/2024","N/A","ANDA","360 TABLET, EXTENDED RELEASE in 1 BOTTLE (71610-837-94)","Biguanide [EPC],  Biguanides [CS]","N/A","No","12/31/2026"
"Metformin Hydrochloride","50090-7010-0","500 mg/1","TABLET","ORAL","ANDA090564","A-S Medication Solutions","50090-7010","Metformin Hydrochloride","METFORMIN HYDROCHLORIDE","HUMAN PRESCRIPTION DRUG","01/04/2024","N/A","ANDA","60 TABLET in 1 BOTTLE (50090-7010-0)","Biguanide [EPC],  Biguanides [CS]","N/A","No","12/31/2026"
"Metformin Hydrochloride","50090-7010-3","500 mg/1","TABLET","ORAL","ANDA090564","A-S Medication Solutions","50090-7010","Metformin Hydrochloride","METFORMIN HYDROCHLORIDE","HUMAN PRESCRIPTION DRUG","01/04/2024","N/A","ANDA","100 TABLET in 1 BOTTLE (50090-7010-3)","Biguanide [EPC],  Biguanides [CS]","N/A","No","12/31/2026"
"Metformin Hydrochloride","50090-7010-4","500 mg/1","TABLET","ORAL","ANDA090564","A-S Medication Solutions","50090-7010","Metformin Hydrochloride","METFORMIN HYDROCHLORIDE","HUMAN PRESCRIPTION DRUG","01/04/2024","N/A","ANDA","30 TABLET in 1 BOTTLE (50090-7010-4)","Biguanide [EPC],  Biguanides [CS]","N/A","No","12/31/2026"
"Metformin Hydrochloride","50090-7010-5","500 mg/1","TABLET","ORAL","ANDA090564","A-S Medication Solutions","50090-7010","Metformin Hydrochloride","METFORMIN HYDROCHLORIDE","HUMAN PRESCRIPTION DRUG","01/04/2024","N/A","ANDA","180 TABLET in 1 BOTTLE (50090-7010-5)","Biguanide [EPC],  Biguanides [CS]","N/A","No","12/31/2026"
"Metformin Hydrochloride","50090-7010-6","500 mg/1","TABLET","ORAL","ANDA090564","A-S Medication Solutions","50090-7010","Metformin Hydrochloride","METFORMIN HYDROCHLORIDE","HUMAN PRESCRIPTION DRUG","01/04/2024","N/A","ANDA","90 TABLET in 1 BOTTLE (50090-7010-6)","Biguanide [EPC],  Biguanides [CS]","N/A","No","12/31/2026"
"Metformin hydrochloride","71610-587-30","500 mg/1","TABLET, EXTENDED RELEASE","ORAL","ANDA207427","Aphena Pharma Solutions - Tennessee, LLC","71610-587","Metformin hydrochloride","METFORMIN HYDROCHLORIDE","HUMAN PRESCRIPTION DRUG","01/18/2022","N/A","ANDA","30 TABLET, EXTENDED RELEASE in 1 BOTTLE (71610-587-30)","Biguanide [EPC],  Biguanides [CS]","N/A","No","12/31/2026"
"Metformin hydrochloride","71610-587-60","500 mg/1","TABLET, EXTENDED RELEASE","ORAL","ANDA207427","Aphena Pharma Solutions - Tennessee, LLC","71610-587","Metformin hydrochloride","METFORMIN HYDROCHLORIDE","HUMAN PRESCRIPTION DRUG","07/28/2021","N/A","ANDA","90 TABLET, EXTENDED RELEASE in 1 BOTTLE (71610-587-60)","Biguanide [EPC],  Biguanides [CS]","N/A","No","12/31/2026"
"Metformin hydrochloride","71610-587-70","500 mg/1","TABLET, EXTENDED RELEASE","ORAL","ANDA207427","Aphena Pharma Solutions - Tennessee, LLC","71610-587","Metformin hydrochloride","METFORMIN HYDROCHLORIDE","HUMAN PRESCRIPTION DRUG","07/28/2021","N/A","ANDA","120 TABLET, EXTENDED RELEASE in 1 BOTTLE (71610-587-70)","Biguanide [EPC],  Biguanides [CS]","N/A","No","12/31/2026"
"Metformin hydrochloride","71610-587-80","500 mg/1","TABLET, EXTENDED RELEASE","ORAL","ANDA207427","Aphena Pharma Solutions - Tennessee, LLC","71610-587","Metformin hydrochloride","METFORMIN HYDROCHLORIDE","HUMAN PRESCRIPTION DRUG","07/28/2021","N/A","ANDA","180 TABLET, EXTENDED RELEASE in 1 BOTTLE (71610-587-80)","Biguanide [EPC],  Biguanides [CS]","N/A","No","12/31/2026"
"Metformin hydrochloride","71610-587-92","500 mg/1","TABLET, EXTENDED RELEASE","ORAL","ANDA207427","Aphena Pharma Solutions - Tennessee, LLC","71610-587","Metformin hydrochloride","METFORMIN HYDROCHLORIDE","HUMAN PRESCRIPTION DRUG","01/18/2022","N/A","ANDA","270 TABLET, EXTENDED RELEASE in 1 BOTTLE (71610-587-92)","Biguanide [EPC],  Biguanides [CS]","N/A","No","12/31/2026"
"Metformin hydrochloride","71610-587-94","500 mg/1","TABLET, EXTENDED RELEASE","ORAL","ANDA207427","Aphena Pharma Solutions - Tennessee, LLC","71610-587","Metformin hydrochloride","METFORMIN HYDROCHLORIDE","HUMAN PRESCRIPTION DRUG","07/28/2021","N/A","ANDA","360 TABLET, EXTENDED RELEASE in 1 BOTTLE (71610-587-94)","Biguanide [EPC],  Biguanides [CS]","N/A","No","12/31/2026"
"METFORMIN HYDROCHLORIDE","62207-496-47","500 mg/1","TABLET, EXTENDED RELEASE","ORAL","ANDA213344","Granules India Ltd","62207-496","Metformin Hydrochloride","METFORMIN HYDROCHLORIDE","HUMAN PRESCRIPTION DRUG","02/01/2021","N/A","ANDA","500 TABLET, EXTENDED RELEASE in 1 BOTTLE (62207-496-47)","Biguanide [EPC],  Biguanides [CS]","N/A","No","12/31/2026"
"METFORMIN HYDROCHLORIDE","62207-496-54","500 mg/1","TABLET, EXTENDED RELEASE","ORAL","ANDA213344","Granules India Ltd","62207-496","Metformin Hydrochloride","METFORMIN HYDROCHLORIDE","HUMAN PRESCRIPTION DRUG","02/01/2021","N/A","ANDA","30 TABLET, EXTENDED RELEASE in 1 BOTTLE (62207-496-54)","Biguanide [EPC],  Biguanides [CS]","N/A","No","12/31/2026"
"METFORMIN HYDROCHLORIDE","62207-497-47","1000 mg/1","TABLET, EXTENDED RELEASE","ORAL","ANDA213344","Granules India Ltd","62207-497","Metformin Hydrochloride","METFORMIN HYDROCHLORIDE","HUMAN PRESCRIPTION DRUG","02/01/2021","N/A","ANDA","500 TABLET, EXTENDED RELEASE in 1 BOTTLE (62207-497-47)","Biguanide [EPC],  Biguanides [CS]","N/A","No","12/31/2026"
"METFORMIN HYDROCHLORIDE","62207-497-54","1000 mg/1","TABLET, EXTENDED RELEASE","ORAL","ANDA213344","Granules India Ltd","62207-497","Metformin Hydrochloride","METFORMIN HYDROCHLORIDE","HUMAN PRESCRIPTION DRUG","02/01/2021","N/A","ANDA","30 TABLET, EXTENDED RELEASE in 1 BOTTLE (62207-497-54)","Biguanide [EPC],  Biguanides [CS]","N/A","No","12/31/2026"
"Metformin Hydrochloride","67046-0298-3","500 mg/1","TABLET","ORAL","ANDA090564","Coupler LLC","67046-0298","Metformin Hydrochloride","METFORMIN HYDROCHLORIDE","HUMAN PRESCRIPTION DRUG","05/06/2026","N/A","ANDA","30 TABLET in 1 BLISTER PACK (67046-0298-3)","Biguanide [EPC],  Biguanides [CS]","N/A","No","12/31/2027"
"METFORMIN HYDROCHLORIDE","63629-8504-1","1000 mg/1","TABLET","ORAL","ANDA203769","Bryant Ranch Prepack","63629-8504","METFORMIN HYDROCHLORIDE","METFORMIN HYDROCHLORIDE","HUMAN PRESCRIPTION DRUG","05/18/2021","N/A","ANDA","100 TABLET in 1 BOTTLE (63629-8504-1)","Biguanide [EPC],  Biguanides [CS]","N/A","No","12/31/2026"
"METFORMIN HYDROCHLORIDE EXTENDED RELEASE","68071-3111-2","500 mg/1","TABLET, EXTENDED RELEASE","ORAL","ANDA090295","NuCare Pharmaceuticals, Inc.","68071-3111","METFORMIN HYDROCHLORIDE","METFORMIN HYDROCHLORIDE","HUMAN PRESCRIPTION DRUG","03/09/2017","N/A","ANDA","120 TABLET, EXTENDED RELEASE in 1 BOTTLE (68071-3111-2)","Biguanide [EPC],  Biguanides [CS]","N/A","No","12/31/2026"
"METFORMIN HYDROCHLORIDE EXTENDED RELEASE","68071-3111-3","500 mg/1","TABLET, EXTENDED RELEASE","ORAL","ANDA090295","NuCare Pharmaceuticals, Inc.","68071-3111","METFORMIN HYDROCHLORIDE","METFORMIN HYDROCHLORIDE","HUMAN PRESCRIPTION DRUG","03/09/2017","N/A","ANDA","30 TABLET, EXTENDED RELEASE in 1 BOTTLE (68071-3111-3)","Biguanide [EPC],  Biguanides [CS]","N/A","No","12/31/2026"
"METFORMIN HYDROCHLORIDE EXTENDED RELEASE","68071-3111-6","500 mg/1","TABLET, EXTENDED RELEASE","ORAL","ANDA090295","NuCare Pharmaceuticals, Inc.","68071-3111","METFORMIN HYDROCHLORIDE","METFORMIN HYDROCHLORIDE","HUMAN PRESCRIPTION DRUG","03/09/2017","N/A","ANDA","60 TABLET, EXTENDED RELEASE in 1 BOTTLE (68071-3111-6)","Biguanide [EPC],  Biguanides [CS]","N/A","No","12/31/2026"
"METFORMIN HYDROCHLORIDE EXTENDED RELEASE","68071-3111-8","500 mg/1","TABLET, EXTENDED RELEASE","ORAL","ANDA090295","NuCare Pharmaceuticals, Inc.","68071-3111","METFORMIN HYDROCHLORIDE","METFORMIN HYDROCHLORIDE","HUMAN PRESCRIPTION DRUG","03/09/2017","N/A","ANDA","180 TABLET, EXTENDED RELEASE in 1 BOTTLE (68071-3111-8)","Biguanide [EPC],  Biguanides [CS]","N/A","No","12/31/2026"
"METFORMIN HYDROCHLORIDE EXTENDED RELEASE","68071-3111-9","500 mg/1","TABLET, EXTENDED RELEASE","ORAL","ANDA090295","NuCare Pharmaceuticals, Inc.","68071-3111","METFORMIN HYDROCHLORIDE","METFORMIN HYDROCHLORIDE","HUMAN PRESCRIPTION DRUG","03/09/2017","N/A","ANDA","90 TABLET, EXTENDED RELEASE in 1 BOTTLE (68071-3111-9)","Biguanide [EPC],  Biguanides [CS]","N/A","No","12/31/2026"
"METFORMIN HYDROCHLORIDE","63629-8501-1","500 mg/1","TABLET","ORAL","ANDA203769","Bryant Ranch Prepack","63629-8501","METFORMIN HYDROCHLORIDE","METFORMIN HYDROCHLORIDE","HUMAN PRESCRIPTION DRUG","05/18/2021","N/A","ANDA","500 TABLET in 1 BOTTLE (63629-8501-1)","Biguanide [EPC],  Biguanides [CS]","N/A","No","12/31/2026"
"Metformin Hydrochloride","68788-8528-1","850 mg/1","TABLET","ORAL","ANDA090564","Preferred Pharmaceuticals Inc.","68788-8528","Metformin Hydrochloride","METFORMIN HYDROCHLORIDE","HUMAN PRESCRIPTION DRUG","10/06/2023","N/A","ANDA","100 TABLET in 1 BOTTLE (68788-8528-1)","Biguanide [EPC],  Biguanides [CS]","N/A","No","12/31/2027"
"Metformin Hydrochloride","68788-8528-3","850 mg/1","TABLET","ORAL","ANDA090564","Preferred Pharmaceuticals Inc.","68788-8528","Metformin Hydrochloride","METFORMIN HYDROCHLORIDE","HUMAN PRESCRIPTION DRUG","10/06/2023","N/A","ANDA","30 TABLET in 1 BOTTLE (68788-8528-3)","Biguanide [EPC],  Biguanides [CS]","N/A","No","12/31/2027"
"Metformin Hydrochloride","68788-8528-6","850 mg/1","TABLET","ORAL","ANDA090564","Preferred Pharmaceuticals Inc.","68788-8528","Metformin Hydrochloride","METFORMIN HYDROCHLORIDE","HUMAN PRESCRIPTION DRUG","10/06/2023","N/A","ANDA","60 TABLET in 1 BOTTLE (68788-8528-6)","Biguanide [EPC],  Biguanides [CS]","N/A","No","12/31/2027"
"Metformin Hydrochloride","68788-8528-8","850 mg/1","TABLET","ORAL","ANDA090564","Preferred Pharmaceuticals Inc.","68788-8528","Metformin Hydrochloride","METFORMIN HYDROCHLORIDE","HUMAN PRESCRIPTION DRUG","10/06/2023","N/A","ANDA","120 TABLET in 1 BOTTLE (68788-8528-8)","Biguanide [EPC],  Biguanides [CS]","N/A","No","12/31/2027"
"Metformin Hydrochloride","68788-8528-9","850 mg/1","TABLET","ORAL","ANDA090564","Preferred Pharmaceuticals Inc.","68788-8528","Metformin Hydrochloride","METFORMIN HYDROCHLORIDE","HUMAN PRESCRIPTION DRUG","10/06/2023","N/A","ANDA","90 TABLET in 1 BOTTLE (68788-8528-9)","Biguanide [EPC],  Biguanides [CS]","N/A","No","12/31/2027"
"Metformin Hydrochloride","50090-7011-0","500 mg/1","TABLET","ORAL","ANDA090564","A-S Medication Solutions","50090-7011","Metformin Hydrochloride","METFORMIN HYDROCHLORIDE","HUMAN PRESCRIPTION DRUG","01/04/2024","N/A","ANDA","100 TABLET in 1 BOTTLE (50090-7011-0)","Biguanide [EPC],  Biguanides [CS]","N/A","No","12/31/2026"
"Metformin Hydrochloride","50268-550-15","500 mg/1","TABLET, EXTENDED RELEASE","ORAL","ANDA078321","AvPAK","50268-550","Metformin Hydrochloride","METFORMIN HYDROCHLORIDE","HUMAN PRESCRIPTION DRUG","03/08/2022","N/A","ANDA","50 BLISTER PACK in 1 BOX (50268-550-15)  / 1 TABLET, EXTENDED RELEASE in 1 BLISTER PACK (50268-550-11)","Biguanide [EPC],  Biguanides [CS]","N/A","No","12/31/2027"
"METFORMIN HYDROCHLORIDE","63629-8502-1","500 mg/1","TABLET","ORAL","ANDA203769","Bryant Ranch Prepack","63629-8502","METFORMIN HYDROCHLORIDE","METFORMIN HYDROCHLORIDE","HUMAN PRESCRIPTION DRUG","05/18/2021","N/A","ANDA","100 TABLET in 1 BOTTLE (63629-8502-1)","Biguanide [EPC],  Biguanides [CS]","N/A","No","12/31/2026"
"Glyburide and Metformin Hydrochloride","68788-7180-1","2.5 mg/1,  500 mg/1","TABLET, FILM COATED","ORAL","ANDA077870","Preferred Pharmaceuticals Inc.","68788-7180","Glyburide and Metformin Hydrochloride","GLYBURIDE,  METFORMIN HYDROCHLORIDE","HUMAN PRESCRIPTION DRUG","07/16/2018","N/A","ANDA","100 TABLET, FILM COATED in 1 BOTTLE (68788-7180-1)","Biguanide [EPC],  Biguanides [CS],  Sulfonylurea Compounds [CS],  Sulfonylurea [EPC]","N/A","No","12/31/2026"
"Glyburide and Metformin Hydrochloride","68788-7180-3","2.5 mg/1,  500 mg/1","TABLET, FILM COATED","ORAL","ANDA077870","Preferred Pharmaceuticals Inc.","68788-7180","Glyburide and Metformin Hydrochloride","GLYBURIDE,  METFORMIN HYDROCHLORIDE","HUMAN PRESCRIPTION DRUG","07/16/2018","N/A","ANDA","30 TABLET, FILM COATED in 1 BOTTLE (68788-7180-3)","Biguanide [EPC],  Biguanides [CS],  Sulfonylurea Compounds [CS],  Sulfonylurea [EPC]","N/A","No","12/31/2026"
"Glyburide and Metformin Hydrochloride","68788-7180-6","2.5 mg/1,  500 mg/1","TABLET, FILM COATED","ORAL","ANDA077870","Preferred Pharmaceuticals Inc.","68788-7180","Glyburide and Metformin Hydrochloride","GLYBURIDE,  METFORMIN HYDROCHLORIDE","HUMAN PRESCRIPTION DRUG","07/16/2018","N/A","ANDA","60 TABLET, FILM COATED in 1 BOTTLE (68788-7180-6)","Biguanide [EPC],  Biguanides [CS],  Sulfonylurea Compounds [CS],  Sulfonylurea [EPC]","N/A","No","12/31/2026"
"Glyburide and Metformin Hydrochloride","68788-7180-9","2.5 mg/1,  500 mg/1","TABLET, FILM COATED","ORAL","ANDA077870","Preferred Pharmaceuticals Inc.","68788-7180","Glyburide and Metformin Hydrochloride","GLYBURIDE,  METFORMIN HYDROCHLORIDE","HUMAN PRESCRIPTION DRUG","07/16/2018","N/A","ANDA","90 TABLET, FILM COATED in 1 BOTTLE (68788-7180-9)","Biguanide [EPC],  Biguanides [CS],  Sulfonylurea Compounds [CS],  Sulfonylurea [EPC]","N/A","No","12/31/2026"
"METFORMIN HYDROCHLORIDE","68788-8814-1","500 mg/1","TABLET, EXTENDED RELEASE","ORAL","ANDA201991","Preferred Pharmaceuticals Inc.","68788-8814","metformin hydrochloride","METFORMIN HYDROCHLORIDE","HUMAN PRESCRIPTION DRUG","01/21/2025","N/A","ANDA","100 TABLET, EXTENDED RELEASE in 1 BOTTLE (68788-8814-1)","Biguanide [EPC],  Biguanides [CS]","N/A","No","12/31/2026"
"METFORMIN HYDROCHLORIDE","68788-8814-3","500 mg/1","TABLET, EXTENDED RELEASE","ORAL","ANDA201991","Preferred Pharmaceuticals Inc.","68788-8814","metformin hydrochloride","METFORMIN HYDROCHLORIDE","HUMAN PRESCRIPTION DRUG","01/21/2025","N/A","ANDA","30 TABLET, EXTENDED RELEASE in 1 BOTTLE (68788-8814-3)","Biguanide [EPC],  Biguanides [CS]","N/A","No","12/31/2026"
"METFORMIN HYDROCHLORIDE","68788-8814-6","500 mg/1","TABLET, EXTENDED RELEASE","ORAL","ANDA201991","Preferred Pharmaceuticals Inc.","68788-8814","metformin hydrochloride","METFORMIN HYDROCHLORIDE","HUMAN PRESCRIPTION DRUG","01/21/2025","N/A","ANDA","60 TABLET, EXTENDED RELEASE in 1 BOTTLE (68788-8814-6)","Biguanide [EPC],  Biguanides [CS]","N/A","No","12/31/2026"
"METFORMIN HYDROCHLORIDE","68788-8814-8","500 mg/1","TABLET, EXTENDED RELEASE","ORAL","ANDA201991","Preferred Pharmaceuticals Inc.","68788-8814","metformin hydrochloride","METFORMIN HYDROCHLORIDE","HUMAN PRESCRIPTION DRUG","01/21/2025","N/A","ANDA","120 TABLET, EXTENDED RELEASE in 1 BOTTLE (68788-8814-8)","Biguanide [EPC],  Biguanides [CS]","N/A","No","12/31/2026"
"METFORMIN HYDROCHLORIDE","68788-8814-9","500 mg/1","TABLET, EXTENDED RELEASE","ORAL","ANDA201991","Preferred Pharmaceuticals Inc.","68788-8814","metformin hydrochloride","METFORMIN HYDROCHLORIDE","HUMAN PRESCRIPTION DRUG","01/21/2025","N/A","ANDA","90 TABLET, EXTENDED RELEASE in 1 BOTTLE (68788-8814-9)","Biguanide [EPC],  Biguanides [CS]","N/A","No","12/31/2026"
"Metformin Hydrochloride","50090-7013-0","500 mg/1","TABLET","ORAL","ANDA090564","A-S Medication Solutions","50090-7013","Metformin Hydrochloride","METFORMIN HYDROCHLORIDE","HUMAN PRESCRIPTION DRUG","01/04/2024","N/A","ANDA","100 BLISTER PACK in 1 CARTON (50090-7013-0)  / 1 TABLET in 1 BLISTER PACK","Biguanide [EPC],  Biguanides [CS]","N/A","No","12/31/2026"
"Metformin Hydrochloride","50268-551-15","750 mg/1","TABLET, EXTENDED RELEASE","ORAL","ANDA078321","AvPAK","50268-551","Metformin Hydrochloride","METFORMIN HYDROCHLORIDE","HUMAN PRESCRIPTION DRUG","05/02/2022","N/A","ANDA","50 BLISTER PACK in 1 BOX (50268-551-15)  / 1 TABLET, EXTENDED RELEASE in 1 BLISTER PACK (50268-551-11)","Biguanide [EPC],  Biguanides [CS]","N/A","No","12/31/2027"
"METFORMIN HYDROCHLORIDE","63629-8503-1","1000 mg/1","TABLET","ORAL","ANDA203769","Bryant Ranch Prepack","63629-8503","METFORMIN HYDROCHLORIDE","METFORMIN HYDROCHLORIDE","HUMAN PRESCRIPTION DRUG","05/18/2021","N/A","ANDA","500 TABLET in 1 BOTTLE (63629-8503-1)","Biguanide [EPC],  Biguanides [CS]","N/A","No","12/31/2026"
"METFORMIN HYDROCHLORIDE","67877-931-01","850 mg/1","TABLET, FILM COATED","ORAL","ANDA213320","Ascend Laboratories, LLC","67877-931","METFORMIN HYDROCHLORIDE","METFORMIN HYDROCHLORIDE","HUMAN PRESCRIPTION DRUG","08/25/2025","N/A","ANDA","100 TABLET, FILM COATED in 1 BOTTLE (67877-931-01)","Biguanide [EPC],  Biguanides [CS]","N/A","No","12/31/2026"
"METFORMIN HYDROCHLORIDE","67877-931-05","850 mg/1","TABLET, FILM COATED","ORAL","ANDA213320","Ascend Laboratories, LLC","67877-931","METFORMIN HYDROCHLORIDE","METFORMIN HYDROCHLORIDE","HUMAN PRESCRIPTION DRUG","08/25/2025","N/A","ANDA","500 TABLET, FILM COATED in 1 BOTTLE (67877-931-05)","Biguanide [EPC],  Biguanides [CS]","N/A","No","12/31/2026"
"METFORMIN HYDROCHLORIDE","67877-931-10","850 mg/1","TABLET, FILM COATED","ORAL","ANDA213320","Ascend Laboratories, LLC","67877-931","METFORMIN HYDROCHLORIDE","METFORMIN HYDROCHLORIDE","HUMAN PRESCRIPTION DRUG","08/25/2025","N/A","ANDA","1000 TABLET, FILM COATED in 1 BOTTLE (67877-931-10)","Biguanide [EPC],  Biguanides [CS]","N/A","No","12/31/2026"
"Metformin Hydrochloride","68788-7205-1","750 mg/1","TABLET, EXTENDED RELEASE","ORAL","ANDA078321","Preferred Pharmaceuticals Inc.","68788-7205","Metformin Hydrochloride","METFORMIN HYDROCHLORIDE","HUMAN PRESCRIPTION DRUG","07/23/2018","09/30/2026","ANDA","100 TABLET, EXTENDED RELEASE in 1 BOTTLE (68788-7205-1)","Biguanide [EPC],  Biguanides [CS]","N/A","No","N/A"
"Metformin Hydrochloride","68788-7205-3","750 mg/1","TABLET, EXTENDED RELEASE","ORAL","ANDA078321","Preferred Pharmaceuticals Inc.","68788-7205","Metformin Hydrochloride","METFORMIN HYDROCHLORIDE","HUMAN PRESCRIPTION DRUG","07/23/2018","09/30/2026","ANDA","30 TABLET, EXTENDED RELEASE in 1 BOTTLE (68788-7205-3)","Biguanide [EPC],  Biguanides [CS]","N/A","No","N/A"
"Metformin Hydrochloride","68788-7205-6","750 mg/1","TABLET, EXTENDED RELEASE","ORAL","ANDA078321","Preferred Pharmaceuticals Inc.","68788-7205","Metformin Hydrochloride","METFORMIN HYDROCHLORIDE","HUMAN PRESCRIPTION DRUG","07/23/2018","09/30/2026","ANDA","60 TABLET, EXTENDED RELEASE in 1 BOTTLE (68788-7205-6)","Biguanide [EPC],  Biguanides [CS]","N/A","No","N/A"
"Metformin Hydrochloride","68788-7205-8","750 mg/1","TABLET, EXTENDED RELEASE","ORAL","ANDA078321","Preferred Pharmaceuticals Inc.","68788-7205","Metformin Hydrochloride","METFORMIN HYDROCHLORIDE","HUMAN PRESCRIPTION DRUG","07/23/2018","09/30/2026","ANDA","120 TABLET, EXTENDED RELEASE in 1 BOTTLE (68788-7205-8)","Biguanide [EPC],  Biguanides [CS]","N/A","No","N/A"
"Metformin Hydrochloride","68788-7205-9","750 mg/1","TABLET, EXTENDED RELEASE","ORAL","ANDA078321","Preferred Pharmaceuticals Inc.","68788-7205","Metformin Hydrochloride","METFORMIN HYDROCHLORIDE","HUMAN PRESCRIPTION DRUG","07/23/2018","09/30/2026","ANDA","90 TABLET, EXTENDED RELEASE in 1 BOTTLE (68788-7205-9)","Biguanide [EPC],  Biguanides [CS]","N/A","No","N/A"
"XIGDUO XR","0310-6280-30","10 mg/1,  1000 mg/1","TABLET, FILM COATED, EXTENDED RELEASE","ORAL","NDA205649","AstraZeneca Pharmaceuticals LP","0310-6280","dapagliflozin and metformin hydrochloride","DAPAGLIFLOZIN PROPANEDIOL,  METFORMIN HYDROCHLORIDE","HUMAN PRESCRIPTION DRUG","11/11/2014","N/A","NDA","30 TABLET, FILM COATED, EXTENDED RELEASE in 1 BOTTLE, PLASTIC (0310-6280-30)","Biguanide [EPC],  Biguanides [CS],  Sodium-Glucose Cotransporter 2 Inhibitor [EPC],  Sodium-Glucose Transporter 2 Inhibitors [MoA]","N/A","No","12/31/2027"
"XIGDUO XR","0310-6280-95","10 mg/1,  1000 mg/1","TABLET, FILM COATED, EXTENDED RELEASE","ORAL","NDA205649","AstraZeneca Pharmaceuticals LP","0310-6280","dapagliflozin and metformin hydrochloride","DAPAGLIFLOZIN PROPANEDIOL,  METFORMIN HYDROCHLORIDE","HUMAN PRESCRIPTION DRUG","11/11/2014","N/A","NDA","1 BLISTER PACK in 1 CARTON (0310-6280-95)  / 7 TABLET, FILM COATED, EXTENDED RELEASE in 1 BLISTER PACK","Biguanide [EPC],  Biguanides [CS],  Sodium-Glucose Cotransporter 2 Inhibitor [EPC],  Sodium-Glucose Transporter 2 Inhibitors [MoA]","N/A","Yes","12/31/2027"
"METFORMIN HYDROCHLORIDE","67877-930-01","500 mg/1","TABLET, FILM COATED","ORAL","ANDA213320","Ascend Laboratories, LLC","67877-930","METFORMIN HYDROCHLORIDE","METFORMIN HYDROCHLORIDE","HUMAN PRESCRIPTION DRUG","08/25/2025","N/A","ANDA","100 TABLET, FILM COATED in 1 BOTTLE (67877-930-01)","Biguanide [EPC],  Biguanides [CS]","N/A","No","12/31/2026"
"METFORMIN HYDROCHLORIDE","67877-930-05","500 mg/1","TABLET, FILM COATED","ORAL","ANDA213320","Ascend Laboratories, LLC","67877-930","METFORMIN HYDROCHLORIDE","METFORMIN HYDROCHLORIDE","HUMAN PRESCRIPTION DRUG","08/25/2025","N/A","ANDA","500 TABLET, FILM COATED in 1 BOTTLE (67877-930-05)","Biguanide [EPC],  Biguanides [CS]","N/A","No","12/31/2026"
"METFORMIN HYDROCHLORIDE","67877-930-10","500 mg/1","TABLET, FILM COATED","ORAL","ANDA213320","Ascend Laboratories, LLC","67877-930","METFORMIN HYDROCHLORIDE","METFORMIN HYDROCHLORIDE","HUMAN PRESCRIPTION DRUG","08/25/2025","N/A","ANDA","1000 TABLET, FILM COATED in 1 BOTTLE (67877-930-10)","Biguanide [EPC],  Biguanides [CS]","N/A","No","12/31/2026"
"Jentadueto XR","0597-0275-33","5 mg/1,  1000 mg/1","TABLET, FILM COATED, EXTENDED RELEASE","ORAL","NDA208026","Boehringer Ingelheim Pharmaceuticals, Inc.","0597-0275","linagliptin and metformin hydrochloride","LINAGLIPTIN,  METFORMIN HYDROCHLORIDE","HUMAN PRESCRIPTION DRUG","05/27/2016","N/A","NDA","30 TABLET, FILM COATED, EXTENDED RELEASE in 1 BOTTLE (0597-0275-33)","Biguanide [EPC],  Biguanides [CS],  Dipeptidyl Peptidase 4 Inhibitor [EPC],  Dipeptidyl Peptidase 4 Inhibitors [MoA]","N/A","No","12/31/2027"
"Jentadueto XR","0597-0275-81","5 mg/1,  1000 mg/1","TABLET, FILM COATED, EXTENDED RELEASE","ORAL","NDA208026","Boehringer Ingelheim Pharmaceuticals, Inc.","0597-0275","linagliptin and metformin hydrochloride","LINAGLIPTIN,  METFORMIN HYDROCHLORIDE","HUMAN PRESCRIPTION DRUG","05/27/2016","N/A","NDA","90 TABLET, FILM COATED, EXTENDED RELEASE in 1 BOTTLE (0597-0275-81)","Biguanide [EPC],  Biguanides [CS],  Dipeptidyl Peptidase 4 Inhibitor [EPC],  Dipeptidyl Peptidase 4 Inhibitors [MoA]","N/A","No","12/31/2027"
"Metformin Hydrochloride","11788-038-60","1000 mg/1","TABLET, FILM COATED, EXTENDED RELEASE","ORAL","ANDA209993","AiPing Pharmaceutical, Inc.","11788-038","Metformin Hydrochloride Extended-Release Tablets","METFORMIN HYDROCHLORIDE","HUMAN PRESCRIPTION DRUG","12/15/2025","N/A","ANDA","60 TABLET, FILM COATED, EXTENDED RELEASE in 1 BOTTLE, PLASTIC (11788-038-60)","Biguanide [EPC],  Biguanides [CS]","N/A","No","12/31/2027"
"METFORMIN HYDROCHLORIDE","67877-932-01","1000 mg/1","TABLET, FILM COATED","ORAL","ANDA213320","Ascend Laboratories, LLC","67877-932","METFORMIN HYDROCHLORIDE","METFORMIN HYDROCHLORIDE","HUMAN PRESCRIPTION DRUG","08/25/2025","N/A","ANDA","100 TABLET, FILM COATED in 1 BOTTLE (67877-932-01)","Biguanide [EPC],  Biguanides [CS]","N/A","No","12/31/2026"
"METFORMIN HYDROCHLORIDE","67877-932-05","1000 mg/1","TABLET, FILM COATED","ORAL","ANDA213320","Ascend Laboratories, LLC","67877-932","METFORMIN HYDROCHLORIDE","METFORMIN HYDROCHLORIDE","HUMAN PRESCRIPTION DRUG","08/25/2025","N/A","ANDA","500 TABLET, FILM COATED in 1 BOTTLE (67877-932-05)","Biguanide [EPC],  Biguanides [CS]","N/A","No","12/31/2026"
"METFORMIN HYDROCHLORIDE","67877-932-10","1000 mg/1","TABLET, FILM COATED","ORAL","ANDA213320","Ascend Laboratories, LLC","67877-932","METFORMIN HYDROCHLORIDE","METFORMIN HYDROCHLORIDE","HUMAN PRESCRIPTION DRUG","08/25/2025","N/A","ANDA","1000 TABLET, FILM COATED in 1 BOTTLE (67877-932-10)","Biguanide [EPC],  Biguanides [CS]","N/A","No","12/31/2026"
"Metformin Hydrochloride","71335-3166-1","500 mg/1","TABLET, EXTENDED RELEASE","ORAL","ANDA078321","Bryant Ranch Prepack","71335-3166","Metformin Hydrochloride","METFORMIN HYDROCHLORIDE","HUMAN PRESCRIPTION DRUG","08/04/2026","N/A","ANDA","60 TABLET, EXTENDED RELEASE in 1 BOTTLE (71335-3166-1)","Biguanide [EPC],  Biguanides [CS]","N/A","No","12/31/2027"
"Metformin Hydrochloride","71335-3166-2","500 mg/1","TABLET, EXTENDED RELEASE","ORAL","ANDA078321","Bryant Ranch Prepack","71335-3166","Metformin Hydrochloride","METFORMIN HYDROCHLORIDE","HUMAN PRESCRIPTION DRUG","08/04/2026","N/A","ANDA","30 TABLET, EXTENDED RELEASE in 1 BOTTLE (71335-3166-2)","Biguanide [EPC],  Biguanides [CS]","N/A","No","12/31/2027"
"Metformin Hydrochloride","71335-3166-3","500 mg/1","TABLET, EXTENDED RELEASE","ORAL","ANDA078321","Bryant Ranch Prepack","71335-3166","Metformin Hydrochloride","METFORMIN HYDROCHLORIDE","HUMAN PRESCRIPTION DRUG","08/04/2026","N/A","ANDA","100 TABLET, EXTENDED RELEASE in 1 BOTTLE (71335-3166-3)","Biguanide [EPC],  Biguanides [CS]","N/A","No","12/31/2027"
"Metformin Hydrochloride","71335-3166-4","500 mg/1","TABLET, EXTENDED RELEASE","ORAL","ANDA078321","Bryant Ranch Prepack","71335-3166","Metformin Hydrochloride","METFORMIN HYDROCHLORIDE","HUMAN PRESCRIPTION DRUG","08/04/2026","N/A","ANDA","90 TABLET, EXTENDED RELEASE in 1 BOTTLE (71335-3166-4)","Biguanide [EPC],  Biguanides [CS]","N/A","No","12/31/2027"
"Metformin Hydrochloride","71335-3166-5","500 mg/1","TABLET, EXTENDED RELEASE","ORAL","ANDA078321","Bryant Ranch Prepack","71335-3166","Metformin Hydrochloride","METFORMIN HYDROCHLORIDE","HUMAN PRESCRIPTION DRUG","08/04/2026","N/A","ANDA","120 TABLET, EXTENDED RELEASE in 1 BOTTLE (71335-3166-5)","Biguanide [EPC],  Biguanides [CS]","N/A","No","12/31/2027"
"Metformin Hydrochloride","71335-3166-6","500 mg/1","TABLET, EXTENDED RELEASE","ORAL","ANDA078321","Bryant Ranch Prepack","71335-3166","Metformin Hydrochloride","METFORMIN HYDROCHLORIDE","HUMAN PRESCRIPTION DRUG","08/04/2026","N/A","ANDA","15 TABLET, EXTENDED RELEASE in 1 BOTTLE (71335-3166-6)","Biguanide [EPC],  Biguanides [CS]","N/A","No","12/31/2027"
"Metformin Hydrochloride","71335-3166-7","500 mg/1","TABLET, EXTENDED RELEASE","ORAL","ANDA078321","Bryant Ranch Prepack","71335-3166","Metformin Hydrochloride","METFORMIN HYDROCHLORIDE","HUMAN PRESCRIPTION DRUG","08/04/2026","N/A","ANDA","45 TABLET, EXTENDED RELEASE in 1 BOTTLE (71335-3166-7)","Biguanide [EPC],  Biguanides [CS]","N/A","No","12/31/2027"
"Metformin Hydrochloride","71335-3166-8","500 mg/1","TABLET, EXTENDED RELEASE","ORAL","ANDA078321","Bryant Ranch Prepack","71335-3166","Metformin Hydrochloride","METFORMIN HYDROCHLORIDE","HUMAN PRESCRIPTION DRUG","08/04/2026","N/A","ANDA","180 TABLET, EXTENDED RELEASE in 1 BOTTLE (71335-3166-8)","Biguanide [EPC],  Biguanides [CS]","N/A","No","12/31/2027"
"Metformin Hydrochloride","71335-3166-9","500 mg/1","TABLET, EXTENDED RELEASE","ORAL","ANDA078321","Bryant Ranch Prepack","71335-3166","Metformin Hydrochloride","METFORMIN HYDROCHLORIDE","HUMAN PRESCRIPTION DRUG","08/04/2026","N/A","ANDA","20 TABLET, EXTENDED RELEASE in 1 BOTTLE (71335-3166-9)","Biguanide [EPC],  Biguanides [CS]","N/A","No","12/31/2027"
"Metformin Hydrochloride","68071-3900-6","500 mg/1","TABLET","ORAL","ANDA090564","NuCare Pharmaceuticals, Inc.","68071-3900","Metformin Hydrochloride","METFORMIN HYDROCHLORIDE","HUMAN PRESCRIPTION DRUG","10/02/2025","N/A","ANDA","60 TABLET in 1 BOTTLE (68071-3900-6)","Biguanide [EPC],  Biguanides [CS]","N/A","No","12/31/2026"
"Metformin Hydrochloride","51407-059-60","1000 mg/1","TABLET, FILM COATED, EXTENDED RELEASE","ORAL","ANDA203832","Golden State Medical Supply, Inc.","51407-059","metformin hydrochloride","METFORMIN HYDROCHLORIDE","HUMAN PRESCRIPTION DRUG","03/12/2018","11/30/2027","ANDA","60 TABLET, FILM COATED, EXTENDED RELEASE in 1 BOTTLE, PLASTIC (51407-059-60)","Biguanide [EPC],  Biguanides [CS]","N/A","No","N/A"
"Metformin Hydrochloride","29300-389-01","500 mg/1","TABLET, EXTENDED RELEASE","ORAL","ANDA213359","Unichem Pharmaceuticals (USA), Inc.","29300-389","Metformin Hydrochloride","METFORMIN HYDROCHLORIDE","HUMAN PRESCRIPTION DRUG","08/11/2021","N/A","ANDA","100 TABLET, EXTENDED RELEASE in 1 BOTTLE (29300-389-01)","Biguanide [EPC],  Biguanides [CS]","N/A","No","12/31/2027"
"Metformin Hydrochloride","29300-389-05","500 mg/1","TABLET, EXTENDED RELEASE","ORAL","ANDA213359","Unichem Pharmaceuticals (USA), Inc.","29300-389","Metformin Hydrochloride","METFORMIN HYDROCHLORIDE","HUMAN PRESCRIPTION DRUG","08/11/2021","N/A","ANDA","500 TABLET, EXTENDED RELEASE in 1 BOTTLE (29300-389-05)","Biguanide [EPC],  Biguanides [CS]","N/A","No","12/31/2027"
"Metformin Hydrochloride","29300-389-10","500 mg/1","TABLET, EXTENDED RELEASE","ORAL","ANDA213359","Unichem Pharmaceuticals (USA), Inc.","29300-389","Metformin Hydrochloride","METFORMIN HYDROCHLORIDE","HUMAN PRESCRIPTION DRUG","08/11/2021","N/A","ANDA","1000 TABLET, EXTENDED RELEASE in 1 BOTTLE (29300-389-10)","Biguanide [EPC],  Biguanides [CS]","N/A","No","12/31/2027"
"Metformin Hydrochloride","29300-389-19","500 mg/1","TABLET, EXTENDED RELEASE","ORAL","ANDA213359","Unichem Pharmaceuticals (USA), Inc.","29300-389","Metformin Hydrochloride","METFORMIN HYDROCHLORIDE","HUMAN PRESCRIPTION DRUG","08/11/2021","N/A","ANDA","90 TABLET, EXTENDED RELEASE in 1 BOTTLE (29300-389-19)","Biguanide [EPC],  Biguanides [CS]","N/A","No","12/31/2027"
"Metformin Hydrochloride","11788-037-60","500 mg/1","TABLET, FILM COATED, EXTENDED RELEASE","ORAL","ANDA209993","AiPing Pharmaceutical, Inc.","11788-037","Metformin Hydrochloride Extended-Release Tablets","METFORMIN HYDROCHLORIDE","HUMAN PRESCRIPTION DRUG","12/15/2025","N/A","ANDA","60 TABLET, FILM COATED, EXTENDED RELEASE in 1 BOTTLE, PLASTIC (11788-037-60)","Biguanide [EPC],  Biguanides [CS]","N/A","No","12/31/2027"
"glyburide and metformin hydrochloride","68382-653-01","1.25 mg/1,  250 mg/1","TABLET","ORAL","ANDA206748","Zydus Pharmaceuticals (USA) Inc.","68382-653","glyburide and metformin hydrochloride","GLYBURIDE,  METFORMIN HYDROCHLORIDE","HUMAN PRESCRIPTION DRUG","04/07/2016","N/A","ANDA","100 TABLET in 1 BOTTLE (68382-653-01)","Biguanide [EPC],  Biguanides [CS],  Sulfonylurea Compounds [CS],  Sulfonylurea [EPC]","N/A","No","12/31/2027"
"glyburide and metformin hydrochloride","68382-653-05","1.25 mg/1,  250 mg/1","TABLET","ORAL","ANDA206748","Zydus Pharmaceuticals (USA) Inc.","68382-653","glyburide and metformin hydrochloride","GLYBURIDE,  METFORMIN HYDROCHLORIDE","HUMAN PRESCRIPTION DRUG","04/07/2016","N/A","ANDA","500 TABLET in 1 BOTTLE (68382-653-05)","Biguanide [EPC],  Biguanides [CS],  Sulfonylurea Compounds [CS],  Sulfonylurea [EPC]","N/A","No","12/31/2027"
"glyburide and metformin hydrochloride","68382-653-06","1.25 mg/1,  250 mg/1","TABLET","ORAL","ANDA206748","Zydus Pharmaceuticals (USA) Inc.","68382-653","glyburide and metformin hydrochloride","GLYBURIDE,  METFORMIN HYDROCHLORIDE","HUMAN PRESCRIPTION DRUG","04/07/2016","N/A","ANDA","30 TABLET in 1 BOTTLE (68382-653-06)","Biguanide [EPC],  Biguanides [CS],  Sulfonylurea Compounds [CS],  Sulfonylurea [EPC]","N/A","No","12/31/2027"
"glyburide and metformin hydrochloride","68382-653-10","1.25 mg/1,  250 mg/1","TABLET","ORAL","ANDA206748","Zydus Pharmaceuticals (USA) Inc.","68382-653","glyburide and metformin hydrochloride","GLYBURIDE,  METFORMIN HYDROCHLORIDE","HUMAN PRESCRIPTION DRUG","04/07/2016","N/A","ANDA","1000 TABLET in 1 BOTTLE (68382-653-10)","Biguanide [EPC],  Biguanides [CS],  Sulfonylurea Compounds [CS],  Sulfonylurea [EPC]","N/A","No","12/31/2027"
"glyburide and metformin hydrochloride","68382-653-16","1.25 mg/1,  250 mg/1","TABLET","ORAL","ANDA206748","Zydus Pharmaceuticals (USA) Inc.","68382-653","glyburide and metformin hydrochloride","GLYBURIDE,  METFORMIN HYDROCHLORIDE","HUMAN PRESCRIPTION DRUG","04/07/2016","N/A","ANDA","90 TABLET in 1 BOTTLE (68382-653-16)","Biguanide [EPC],  Biguanides [CS],  Sulfonylurea Compounds [CS],  Sulfonylurea [EPC]","N/A","No","12/31/2027"
"glyburide and metformin hydrochloride","68382-653-77","1.25 mg/1,  250 mg/1","TABLET","ORAL","ANDA206748","Zydus Pharmaceuticals (USA) Inc.","68382-653","glyburide and metformin hydrochloride","GLYBURIDE,  METFORMIN HYDROCHLORIDE","HUMAN PRESCRIPTION DRUG","04/07/2016","N/A","ANDA","10 BLISTER PACK in 1 CARTON (68382-653-77)  / 10 TABLET in 1 BLISTER PACK (68382-653-30)","Biguanide [EPC],  Biguanides [CS],  Sulfonylurea Compounds [CS],  Sulfonylurea [EPC]","N/A","No","12/31/2027"
"METFORMIN HYDROCHLORIDE","69367-413-60","1000 mg/1","TABLET, FILM COATED, EXTENDED RELEASE","ORAL","ANDA203832","Westminster Pharmaceuticals, LLC","69367-413","METFORMIN HYDROCHLORIDE","METFORMIN HYDROCHLORIDE","HUMAN PRESCRIPTION DRUG","10/23/2025","N/A","ANDA","60 TABLET, FILM COATED, EXTENDED RELEASE in 1 BOTTLE (69367-413-60)","Biguanide [EPC],  Biguanides [CS]","N/A","No","12/31/2026"
"Metformin Hydrochloride","71205-686-30","500 mg/1","TABLET, EXTENDED RELEASE","ORAL","ANDA206145","Proficient Rx LP","71205-686","Metformin Hydrochloride","METFORMIN HYDROCHLORIDE","HUMAN PRESCRIPTION DRUG","08/19/2022","N/A","ANDA","30 TABLET, EXTENDED RELEASE in 1 BOTTLE (71205-686-30)","Biguanide [EPC],  Biguanides [CS]","N/A","No","12/31/2026"
"Metformin Hydrochloride","71205-686-60","500 mg/1","TABLET, EXTENDED RELEASE","ORAL","ANDA206145","Proficient Rx LP","71205-686","Metformin Hydrochloride","METFORMIN HYDROCHLORIDE","HUMAN PRESCRIPTION DRUG","08/19/2022","N/A","ANDA","60 TABLET, EXTENDED RELEASE in 1 BOTTLE (71205-686-60)","Biguanide [EPC],  Biguanides [CS]","N/A","No","12/31/2026"
"Metformin Hydrochloride","71205-686-72","500 mg/1","TABLET, EXTENDED RELEASE","ORAL","ANDA206145","Proficient Rx LP","71205-686","Metformin Hydrochloride","METFORMIN HYDROCHLORIDE","HUMAN PRESCRIPTION DRUG","11/10/2022","N/A","ANDA","120 TABLET, EXTENDED RELEASE in 1 BOTTLE (71205-686-72)","Biguanide [EPC],  Biguanides [CS]","N/A","No","12/31/2026"
"Metformin Hydrochloride","71205-686-90","500 mg/1","TABLET, EXTENDED RELEASE","ORAL","ANDA206145","Proficient Rx LP","71205-686","Metformin Hydrochloride","METFORMIN HYDROCHLORIDE","HUMAN PRESCRIPTION DRUG","08/19/2022","N/A","ANDA","90 TABLET, EXTENDED RELEASE in 1 BOTTLE (71205-686-90)","Biguanide [EPC],  Biguanides [CS]","N/A","No","12/31/2026"
"Metformin hydrochloride","72789-105-01","500 mg/1","TABLET, EXTENDED RELEASE","ORAL","ANDA207427","PD-Rx Pharmaceuticals, Inc.","72789-105","Metformin hydrochloride","METFORMIN HYDROCHLORIDE","HUMAN PRESCRIPTION DRUG","05/10/2021","N/A","ANDA","100 TABLET, EXTENDED RELEASE in 1 BOTTLE, PLASTIC (72789-105-01)","Biguanide [EPC],  Biguanides [CS]","N/A","No","12/31/2027"
"Metformin hydrochloride","72789-105-60","500 mg/1","TABLET, EXTENDED RELEASE","ORAL","ANDA207427","PD-Rx Pharmaceuticals, Inc.","72789-105","Metformin hydrochloride","METFORMIN HYDROCHLORIDE","HUMAN PRESCRIPTION DRUG","05/22/2023","N/A","ANDA","60 TABLET, EXTENDED RELEASE in 1 BOTTLE, PLASTIC (72789-105-60)","Biguanide [EPC],  Biguanides [CS]","N/A","No","12/31/2027"
"Metformin hydrochloride","72789-105-82","500 mg/1","TABLET, EXTENDED RELEASE","ORAL","ANDA207427","PD-Rx Pharmaceuticals, Inc.","72789-105","Metformin hydrochloride","METFORMIN HYDROCHLORIDE","HUMAN PRESCRIPTION DRUG","01/29/2021","N/A","ANDA","500 TABLET, EXTENDED RELEASE in 1 BOTTLE, PLASTIC (72789-105-82)","Biguanide [EPC],  Biguanides [CS]","N/A","No","12/31/2027"
"Metformin hydrochloride","72789-105-90","500 mg/1","TABLET, EXTENDED RELEASE","ORAL","ANDA207427","PD-Rx Pharmaceuticals, Inc.","72789-105","Metformin hydrochloride","METFORMIN HYDROCHLORIDE","HUMAN PRESCRIPTION DRUG","08/24/2020","N/A","ANDA","90 TABLET, EXTENDED RELEASE in 1 BOTTLE, PLASTIC (72789-105-90)","Biguanide [EPC],  Biguanides [CS]","N/A","No","12/31/2027"
"Metformin hydrochloride","72789-105-93","500 mg/1","TABLET, EXTENDED RELEASE","ORAL","ANDA207427","PD-Rx Pharmaceuticals, Inc.","72789-105","Metformin hydrochloride","METFORMIN HYDROCHLORIDE","HUMAN PRESCRIPTION DRUG","05/10/2021","N/A","ANDA","180 TABLET, EXTENDED RELEASE in 1 BOTTLE, PLASTIC (72789-105-93)","Biguanide [EPC],  Biguanides [CS]","N/A","No","12/31/2027"
"Metformin hydrochloride","72789-105-95","500 mg/1","TABLET, EXTENDED RELEASE","ORAL","ANDA207427","PD-Rx Pharmaceuticals, Inc.","72789-105","Metformin hydrochloride","METFORMIN HYDROCHLORIDE","HUMAN PRESCRIPTION DRUG","01/29/2021","N/A","ANDA","1000 TABLET, EXTENDED RELEASE in 1 BOTTLE, PLASTIC (72789-105-95)","Biguanide [EPC],  Biguanides [CS]","N/A","No","12/31/2027"
"Metformin hydrochloride ER","72789-106-01","750 mg/1","TABLET, EXTENDED RELEASE","ORAL","ANDA207427","PD-Rx Pharmaceuticals, Inc.","72789-106","Metformin hydrochloride","METFORMIN HYDROCHLORIDE","HUMAN PRESCRIPTION DRUG","04/20/2020","N/A","ANDA","100 TABLET, EXTENDED RELEASE in 1 BOTTLE, PLASTIC (72789-106-01)","Biguanide [EPC],  Biguanides [CS]","N/A","No","12/31/2027"
"Metformin hydrochloride ER","72789-106-82","750 mg/1","TABLET, EXTENDED RELEASE","ORAL","ANDA207427","PD-Rx Pharmaceuticals, Inc.","72789-106","Metformin hydrochloride","METFORMIN HYDROCHLORIDE","HUMAN PRESCRIPTION DRUG","01/29/2020","N/A","ANDA","500 TABLET, EXTENDED RELEASE in 1 BOTTLE, PLASTIC (72789-106-82)","Biguanide [EPC],  Biguanides [CS]","N/A","No","12/31/2027"
"Metformin hydrochloride ER","72789-106-90","750 mg/1","TABLET, EXTENDED RELEASE","ORAL","ANDA207427","PD-Rx Pharmaceuticals, Inc.","72789-106","Metformin hydrochloride","METFORMIN HYDROCHLORIDE","HUMAN PRESCRIPTION DRUG","08/24/2020","N/A","ANDA","90 TABLET, EXTENDED RELEASE in 1 BOTTLE, PLASTIC (72789-106-90)","Biguanide [EPC],  Biguanides [CS]","N/A","No","12/31/2027"
"Metformin hydrochloride ER","72789-106-93","750 mg/1","TABLET, EXTENDED RELEASE","ORAL","ANDA207427","PD-Rx Pharmaceuticals, Inc.","72789-106","Metformin hydrochloride","METFORMIN HYDROCHLORIDE","HUMAN PRESCRIPTION DRUG","08/24/2020","N/A","ANDA","180 TABLET, EXTENDED RELEASE in 1 BOTTLE, PLASTIC (72789-106-93)","Biguanide [EPC],  Biguanides [CS]","N/A","No","12/31/2027"
"Metformin Hydrochloride","29300-399-01","750 mg/1","TABLET, EXTENDED RELEASE","ORAL","ANDA213359","Unichem Pharmaceuticals (USA), Inc.","29300-399","Metformin Hydrochloride","METFORMIN HYDROCHLORIDE","HUMAN PRESCRIPTION DRUG","08/11/2021","N/A","ANDA","100 TABLET, EXTENDED RELEASE in 1 BOTTLE (29300-399-01)","Biguanide [EPC],  Biguanides [CS]","N/A","No","12/31/2027"
"Metformin Hydrochloride","29300-399-05","750 mg/1","TABLET, EXTENDED RELEASE","ORAL","ANDA213359","Unichem Pharmaceuticals (USA), Inc.","29300-399","Metformin Hydrochloride","METFORMIN HYDROCHLORIDE","HUMAN PRESCRIPTION DRUG","08/11/2021","N/A","ANDA","500 TABLET, EXTENDED RELEASE in 1 BOTTLE (29300-399-05)","Biguanide [EPC],  Biguanides [CS]","N/A","No","12/31/2027"
"METFORMIN HYDROCHLORIDE","69367-412-60","500 mg/1","TABLET, FILM COATED, EXTENDED RELEASE","ORAL","ANDA203832","Westminster Pharmaceuticals, LLC","69367-412","METFORMIN HYDROCHLORIDE","METFORMIN HYDROCHLORIDE","HUMAN PRESCRIPTION DRUG","10/23/2025","N/A","ANDA","60 TABLET, FILM COATED, EXTENDED RELEASE in 1 BOTTLE (69367-412-60)","Biguanide [EPC],  Biguanides [CS]","N/A","No","12/31/2026"
"glyburide-metformin hydrochloride","71335-2694-1","2.5 mg/1,  500 mg/1","TABLET","ORAL","ANDA079009","Bryant Ranch Prepack","71335-2694","glyburide-metformin hydrochloride","GLYBURIDE,  METFORMIN HYDROCHLORIDE","HUMAN PRESCRIPTION DRUG","09/24/2025","N/A","ANDA","100 TABLET in 1 BOTTLE (71335-2694-1)","Biguanide [EPC],  Biguanides [CS],  Sulfonylurea Compounds [CS],  Sulfonylurea [EPC]","N/A","No","12/31/2027"
"glyburide-metformin hydrochloride","71335-2694-2","2.5 mg/1,  500 mg/1","TABLET","ORAL","ANDA079009","Bryant Ranch Prepack","71335-2694","glyburide-metformin hydrochloride","GLYBURIDE,  METFORMIN HYDROCHLORIDE","HUMAN PRESCRIPTION DRUG","09/24/2025","N/A","ANDA","30 TABLET in 1 BOTTLE (71335-2694-2)","Biguanide [EPC],  Biguanides [CS],  Sulfonylurea Compounds [CS],  Sulfonylurea [EPC]","N/A","No","12/31/2027"
"glyburide-metformin hydrochloride","71335-2694-3","2.5 mg/1,  500 mg/1","TABLET","ORAL","ANDA079009","Bryant Ranch Prepack","71335-2694","glyburide-metformin hydrochloride","GLYBURIDE,  METFORMIN HYDROCHLORIDE","HUMAN PRESCRIPTION DRUG","09/24/2025","N/A","ANDA","60 TABLET in 1 BOTTLE (71335-2694-3)","Biguanide [EPC],  Biguanides [CS],  Sulfonylurea Compounds [CS],  Sulfonylurea [EPC]","N/A","No","12/31/2027"
"glyburide-metformin hydrochloride","71335-2694-4","2.5 mg/1,  500 mg/1","TABLET","ORAL","ANDA079009","Bryant Ranch Prepack","71335-2694","glyburide-metformin hydrochloride","GLYBURIDE,  METFORMIN HYDROCHLORIDE","HUMAN PRESCRIPTION DRUG","09/24/2025","N/A","ANDA","90 TABLET in 1 BOTTLE (71335-2694-4)","Biguanide [EPC],  Biguanides [CS],  Sulfonylurea Compounds [CS],  Sulfonylurea [EPC]","N/A","No","12/31/2027"
"glyburide-metformin hydrochloride","71335-2694-5","2.5 mg/1,  500 mg/1","TABLET","ORAL","ANDA079009","Bryant Ranch Prepack","71335-2694","glyburide-metformin hydrochloride","GLYBURIDE,  METFORMIN HYDROCHLORIDE","HUMAN PRESCRIPTION DRUG","09/24/2025","N/A","ANDA","180 TABLET in 1 BOTTLE (71335-2694-5)","Biguanide [EPC],  Biguanides [CS],  Sulfonylurea Compounds [CS],  Sulfonylurea [EPC]","N/A","No","12/31/2027"
"Metformin hydrochloride","71610-858-30","500 mg/1","TABLET, EXTENDED RELEASE","ORAL","ANDA207427","Aphena Pharma Solutions - Tennessee, LLC","71610-858","Metformin hydrochloride","METFORMIN HYDROCHLORIDE","HUMAN PRESCRIPTION DRUG","10/10/2024","N/A","ANDA","30 TABLET, EXTENDED RELEASE in 1 BOTTLE (71610-858-30)","Biguanide [EPC],  Biguanides [CS]","N/A","No","12/31/2026"
"Metformin hydrochloride","71610-858-53","500 mg/1","TABLET, EXTENDED RELEASE","ORAL","ANDA207427","Aphena Pharma Solutions - Tennessee, LLC","71610-858","Metformin hydrochloride","METFORMIN HYDROCHLORIDE","HUMAN PRESCRIPTION DRUG","10/10/2024","N/A","ANDA","60 TABLET, EXTENDED RELEASE in 1 BOTTLE (71610-858-53)","Biguanide [EPC],  Biguanides [CS]","N/A","No","12/31/2026"
"Metformin hydrochloride","71610-858-60","500 mg/1","TABLET, EXTENDED RELEASE","ORAL","ANDA207427","Aphena Pharma Solutions - Tennessee, LLC","71610-858","Metformin hydrochloride","METFORMIN HYDROCHLORIDE","HUMAN PRESCRIPTION DRUG","10/10/2024","N/A","ANDA","90 TABLET, EXTENDED RELEASE in 1 BOTTLE (71610-858-60)","Biguanide [EPC],  Biguanides [CS]","N/A","No","12/31/2026"
"Metformin hydrochloride","71610-858-70","500 mg/1","TABLET, EXTENDED RELEASE","ORAL","ANDA207427","Aphena Pharma Solutions - Tennessee, LLC","71610-858","Metformin hydrochloride","METFORMIN HYDROCHLORIDE","HUMAN PRESCRIPTION DRUG","10/10/2024","N/A","ANDA","120 TABLET, EXTENDED RELEASE in 1 BOTTLE (71610-858-70)","Biguanide [EPC],  Biguanides [CS]","N/A","No","12/31/2026"
"Metformin hydrochloride","71610-858-80","500 mg/1","TABLET, EXTENDED RELEASE","ORAL","ANDA207427","Aphena Pharma Solutions - Tennessee, LLC","71610-858","Metformin hydrochloride","METFORMIN HYDROCHLORIDE","HUMAN PRESCRIPTION DRUG","10/10/2024","N/A","ANDA","180 TABLET, EXTENDED RELEASE in 1 BOTTLE (71610-858-80)","Biguanide [EPC],  Biguanides [CS]","N/A","No","12/31/2026"
"Metformin hydrochloride","71610-858-94","500 mg/1","TABLET, EXTENDED RELEASE","ORAL","ANDA207427","Aphena Pharma Solutions - Tennessee, LLC","71610-858","Metformin hydrochloride","METFORMIN HYDROCHLORIDE","HUMAN PRESCRIPTION DRUG","10/10/2024","N/A","ANDA","360 TABLET, EXTENDED RELEASE in 1 BOTTLE (71610-858-94)","Biguanide [EPC],  Biguanides [CS]","N/A","No","12/31/2026"
"glyburide and metformin hydrochloride","68382-654-01","2.5 mg/1,  500 mg/1","TABLET","ORAL","ANDA206748","Zydus Pharmaceuticals (USA) Inc.","68382-654","glyburide and metformin hydrochloride","GLYBURIDE,  METFORMIN HYDROCHLORIDE","HUMAN PRESCRIPTION DRUG","04/07/2016","N/A","ANDA","100 TABLET in 1 BOTTLE (68382-654-01)","Biguanide [EPC],  Biguanides [CS],  Sulfonylurea Compounds [CS],  Sulfonylurea [EPC]","N/A","No","12/31/2027"
"glyburide and metformin hydrochloride","68382-654-05","2.5 mg/1,  500 mg/1","TABLET","ORAL","ANDA206748","Zydus Pharmaceuticals (USA) Inc.","68382-654","glyburide and metformin hydrochloride","GLYBURIDE,  METFORMIN HYDROCHLORIDE","HUMAN PRESCRIPTION DRUG","04/07/2016","N/A","ANDA","500 TABLET in 1 BOTTLE (68382-654-05)","Biguanide [EPC],  Biguanides [CS],  Sulfonylurea Compounds [CS],  Sulfonylurea [EPC]","N/A","No","12/31/2027"
"glyburide and metformin hydrochloride","68382-654-06","2.5 mg/1,  500 mg/1","TABLET","ORAL","ANDA206748","Zydus Pharmaceuticals (USA) Inc.","68382-654","glyburide and metformin hydrochloride","GLYBURIDE,  METFORMIN HYDROCHLORIDE","HUMAN PRESCRIPTION DRUG","04/07/2016","N/A","ANDA","30 TABLET in 1 BOTTLE (68382-654-06)","Biguanide [EPC],  Biguanides [CS],  Sulfonylurea Compounds [CS],  Sulfonylurea [EPC]","N/A","No","12/31/2027"
"glyburide and metformin hydrochloride","68382-654-10","2.5 mg/1,  500 mg/1","TABLET","ORAL","ANDA206748","Zydus Pharmaceuticals (USA) Inc.","68382-654","glyburide and metformin hydrochloride","GLYBURIDE,  METFORMIN HYDROCHLORIDE","HUMAN PRESCRIPTION DRUG","04/07/2016","N/A","ANDA","1000 TABLET in 1 BOTTLE (68382-654-10)","Biguanide [EPC],  Biguanides [CS],  Sulfonylurea Compounds [CS],  Sulfonylurea [EPC]","N/A","No","12/31/2027"
"glyburide and metformin hydrochloride","68382-654-16","2.5 mg/1,  500 mg/1","TABLET","ORAL","ANDA206748","Zydus Pharmaceuticals (USA) Inc.","68382-654","glyburide and metformin hydrochloride","GLYBURIDE,  METFORMIN HYDROCHLORIDE","HUMAN PRESCRIPTION DRUG","04/07/2016","N/A","ANDA","90 TABLET in 1 BOTTLE (68382-654-16)","Biguanide [EPC],  Biguanides [CS],  Sulfonylurea Compounds [CS],  Sulfonylurea [EPC]","N/A","No","12/31/2027"
"glyburide and metformin hydrochloride","68382-654-77","2.5 mg/1,  500 mg/1","TABLET","ORAL","ANDA206748","Zydus Pharmaceuticals (USA) Inc.","68382-654","glyburide and metformin hydrochloride","GLYBURIDE,  METFORMIN HYDROCHLORIDE","HUMAN PRESCRIPTION DRUG","04/07/2016","N/A","ANDA","10 BLISTER PACK in 1 CARTON (68382-654-77)  / 10 TABLET in 1 BLISTER PACK (68382-654-30)","Biguanide [EPC],  Biguanides [CS],  Sulfonylurea Compounds [CS],  Sulfonylurea [EPC]","N/A","No","12/31/2027"
"glyburide and metformin hydrochloride","68382-655-01","5 mg/1,  500 mg/1","TABLET","ORAL","ANDA206748","Zydus Pharmaceuticals (USA) Inc.","68382-655","glyburide and metformin hydrochloride","GLYBURIDE,  METFORMIN HYDROCHLORIDE","HUMAN PRESCRIPTION DRUG","04/07/2016","N/A","ANDA","100 TABLET in 1 BOTTLE (68382-655-01)","Biguanide [EPC],  Biguanides [CS],  Sulfonylurea Compounds [CS],  Sulfonylurea [EPC]","N/A","No","12/31/2027"
"glyburide and metformin hydrochloride","68382-655-05","5 mg/1,  500 mg/1","TABLET","ORAL","ANDA206748","Zydus Pharmaceuticals (USA) Inc.","68382-655","glyburide and metformin hydrochloride","GLYBURIDE,  METFORMIN HYDROCHLORIDE","HUMAN PRESCRIPTION DRUG","04/07/2016","N/A","ANDA","500 TABLET in 1 BOTTLE (68382-655-05)","Biguanide [EPC],  Biguanides [CS],  Sulfonylurea Compounds [CS],  Sulfonylurea [EPC]","N/A","No","12/31/2027"
"glyburide and metformin hydrochloride","68382-655-06","5 mg/1,  500 mg/1","TABLET","ORAL","ANDA206748","Zydus Pharmaceuticals (USA) Inc.","68382-655","glyburide and metformin hydrochloride","GLYBURIDE,  METFORMIN HYDROCHLORIDE","HUMAN PRESCRIPTION DRUG","04/07/2016","N/A","ANDA","30 TABLET in 1 BOTTLE (68382-655-06)","Biguanide [EPC],  Biguanides [CS],  Sulfonylurea Compounds [CS],  Sulfonylurea [EPC]","N/A","No","12/31/2027"
"glyburide and metformin hydrochloride","68382-655-10","5 mg/1,  500 mg/1","TABLET","ORAL","ANDA206748","Zydus Pharmaceuticals (USA) Inc.","68382-655","glyburide and metformin hydrochloride","GLYBURIDE,  METFORMIN HYDROCHLORIDE","HUMAN PRESCRIPTION DRUG","04/07/2016","N/A","ANDA","1000 TABLET in 1 BOTTLE (68382-655-10)","Biguanide [EPC],  Biguanides [CS],  Sulfonylurea Compounds [CS],  Sulfonylurea [EPC]","N/A","No","12/31/2027"
"glyburide and metformin hydrochloride","68382-655-16","5 mg/1,  500 mg/1","TABLET","ORAL","ANDA206748","Zydus Pharmaceuticals (USA) Inc.","68382-655","glyburide and metformin hydrochloride","GLYBURIDE,  METFORMIN HYDROCHLORIDE","HUMAN PRESCRIPTION DRUG","04/07/2016","N/A","ANDA","90 TABLET in 1 BOTTLE (68382-655-16)","Biguanide [EPC],  Biguanides [CS],  Sulfonylurea Compounds [CS],  Sulfonylurea [EPC]","N/A","No","12/31/2027"
"glyburide and metformin hydrochloride","68382-655-77","5 mg/1,  500 mg/1","TABLET","ORAL","ANDA206748","Zydus Pharmaceuticals (USA) Inc.","68382-655","glyburide and metformin hydrochloride","GLYBURIDE,  METFORMIN HYDROCHLORIDE","HUMAN PRESCRIPTION DRUG","04/07/2016","N/A","ANDA","10 BLISTER PACK in 1 CARTON (68382-655-77)  / 10 TABLET in 1 BLISTER PACK (68382-655-30)","Biguanide [EPC],  Biguanides [CS],  Sulfonylurea Compounds [CS],  Sulfonylurea [EPC]","N/A","No","12/31/2027"
"Synjardy XR","0597-0280-73","10 mg/1,  1000 mg/1","TABLET, EXTENDED RELEASE","ORAL","NDA208658","Boehringer Ingelheim Pharmaceuticals, Inc.","0597-0280","empagliflozin, metformin hydrochloride","EMPAGLIFLOZIN,  METFORMIN HYDROCHLORIDE","HUMAN PRESCRIPTION DRUG","12/10/2016","N/A","NDA","30 TABLET, EXTENDED RELEASE in 1 BOTTLE (0597-0280-73)","Biguanide [EPC],  Biguanides [CS],  Sodium-Glucose Cotransporter 2 Inhibitor [EPC],  Sodium-Glucose Transporter 2 Inhibitors [MoA]","N/A","No","12/31/2027"
"Synjardy XR","0597-0280-90","10 mg/1,  1000 mg/1","TABLET, EXTENDED RELEASE","ORAL","NDA208658","Boehringer Ingelheim Pharmaceuticals, Inc.","0597-0280","empagliflozin, metformin hydrochloride","EMPAGLIFLOZIN,  METFORMIN HYDROCHLORIDE","HUMAN PRESCRIPTION DRUG","12/10/2016","N/A","NDA","90 TABLET, EXTENDED RELEASE in 1 BOTTLE (0597-0280-90)","Biguanide [EPC],  Biguanides [CS],  Sodium-Glucose Cotransporter 2 Inhibitor [EPC],  Sodium-Glucose Transporter 2 Inhibitors [MoA]","N/A","No","12/31/2027"
"Metformin Hydrochloride","42571-334-01","1000 mg/1","TABLET, FILM COATED, EXTENDED RELEASE","ORAL","ANDA212448","Micro Labs Limited","42571-334","Metformin Hydrochloride","METFORMIN HYDROCHLORIDE","HUMAN PRESCRIPTION DRUG","03/01/2023","N/A","ANDA","100 TABLET, FILM COATED, EXTENDED RELEASE in 1 BOTTLE (42571-334-01)","Biguanide [EPC],  Biguanides [CS]","N/A","No","12/31/2026"
"Metformin Hydrochloride","42571-334-05","1000 mg/1","TABLET, FILM COATED, EXTENDED RELEASE","ORAL","ANDA212448","Micro Labs Limited","42571-334","Metformin Hydrochloride","METFORMIN HYDROCHLORIDE","HUMAN PRESCRIPTION DRUG","03/01/2023","N/A","ANDA","500 TABLET, FILM COATED, EXTENDED RELEASE in 1 BOTTLE (42571-334-05)","Biguanide [EPC],  Biguanides [CS]","N/A","No","12/31/2026"
"Metformin Hydrochloride","42571-334-60","1000 mg/1","TABLET, FILM COATED, EXTENDED RELEASE","ORAL","ANDA212448","Micro Labs Limited","42571-334","Metformin Hydrochloride","METFORMIN HYDROCHLORIDE","HUMAN PRESCRIPTION DRUG","03/01/2023","N/A","ANDA","60 TABLET, FILM COATED, EXTENDED RELEASE in 1 BOTTLE (42571-334-60)","Biguanide [EPC],  Biguanides [CS]","N/A","No","12/31/2026"
"Metformin Hydrochloride","42571-334-90","1000 mg/1","TABLET, FILM COATED, EXTENDED RELEASE","ORAL","ANDA212448","Micro Labs Limited","42571-334","Metformin Hydrochloride","METFORMIN HYDROCHLORIDE","HUMAN PRESCRIPTION DRUG","03/01/2023","N/A","ANDA","90 TABLET, FILM COATED, EXTENDED RELEASE in 1 BOTTLE (42571-334-90)","Biguanide [EPC],  Biguanides [CS]","N/A","No","12/31/2026"
"Metformin Hydrochloride","42571-333-01","500 mg/1","TABLET, FILM COATED, EXTENDED RELEASE","ORAL","ANDA212448","Micro Labs Limited","42571-333","Metformin Hydrochloride","METFORMIN HYDROCHLORIDE","HUMAN PRESCRIPTION DRUG","03/01/2023","N/A","ANDA","100 TABLET, FILM COATED, EXTENDED RELEASE in 1 BOTTLE (42571-333-01)","Biguanide [EPC],  Biguanides [CS]","N/A","No","12/31/2026"
"Metformin Hydrochloride","42571-333-05","500 mg/1","TABLET, FILM COATED, EXTENDED RELEASE","ORAL","ANDA212448","Micro Labs Limited","42571-333","Metformin Hydrochloride","METFORMIN HYDROCHLORIDE","HUMAN PRESCRIPTION DRUG","03/01/2023","N/A","ANDA","500 TABLET, FILM COATED, EXTENDED RELEASE in 1 BOTTLE (42571-333-05)","Biguanide [EPC],  Biguanides [CS]","N/A","No","12/31/2026"
"Metformin Hydrochloride","42571-333-60","500 mg/1","TABLET, FILM COATED, EXTENDED RELEASE","ORAL","ANDA212448","Micro Labs Limited","42571-333","Metformin Hydrochloride","METFORMIN HYDROCHLORIDE","HUMAN PRESCRIPTION DRUG","03/01/2023","N/A","ANDA","60 TABLET, FILM COATED, EXTENDED RELEASE in 1 BOTTLE (42571-333-60)","Biguanide [EPC],  Biguanides [CS]","N/A","No","12/31/2026"
"Metformin Hydrochloride","42571-333-90","500 mg/1","TABLET, FILM COATED, EXTENDED RELEASE","ORAL","ANDA212448","Micro Labs Limited","42571-333","Metformin Hydrochloride","METFORMIN HYDROCHLORIDE","HUMAN PRESCRIPTION DRUG","03/01/2023","N/A","ANDA","90 TABLET, FILM COATED, EXTENDED RELEASE in 1 BOTTLE (42571-333-90)","Biguanide [EPC],  Biguanides [CS]","N/A","No","12/31/2026"
"Metformin hydrochloride ER","42291-824-10","750 mg/1","TABLET, EXTENDED RELEASE","ORAL","ANDA207427","AvKARE","42291-824","Metformin hydrochloride","METFORMIN HYDROCHLORIDE","HUMAN PRESCRIPTION DRUG","11/03/2025","N/A","ANDA","1000 TABLET, EXTENDED RELEASE in 1 BOTTLE (42291-824-10)","Biguanide [EPC],  Biguanides [CS]","N/A","No","12/31/2026"
"Metformin hydrochloride ER","42291-824-50","750 mg/1","TABLET, EXTENDED RELEASE","ORAL","ANDA207427","AvKARE","42291-824","Metformin hydrochloride","METFORMIN HYDROCHLORIDE","HUMAN PRESCRIPTION DRUG","06/11/2024","N/A","ANDA","500 TABLET, EXTENDED RELEASE in 1 BOTTLE (42291-824-50)","Biguanide [EPC],  Biguanides [CS]","N/A","No","12/31/2026"
"Metformin hydrochloride ER","42291-824-90","750 mg/1","TABLET, EXTENDED RELEASE","ORAL","ANDA207427","AvKARE","42291-824","Metformin hydrochloride","METFORMIN HYDROCHLORIDE","HUMAN PRESCRIPTION DRUG","06/11/2024","N/A","ANDA","90 TABLET, EXTENDED RELEASE in 1 BOTTLE (42291-824-90)","Biguanide [EPC],  Biguanides [CS]","N/A","No","12/31/2026"
"METFORMIN HYDROCHLORIDE","67046-1516-3","1000 mg/1","TABLET","ORAL","ANDA213320","Coupler LLC","67046-1516","metformin hydrochloride","METFORMIN HYDROCHLORIDE","HUMAN PRESCRIPTION DRUG","02/06/2025","N/A","ANDA","30 TABLET in 1 BLISTER PACK (67046-1516-3)","Biguanide [EPC],  Biguanides [CS]","N/A","No","12/31/2026"
"METFORMIN HYDROCHLORIDE","68788-8560-1","1000 mg/1","TABLET","ORAL","ANDA213320","Preferred Pharmaceuticals Inc.","68788-8560","metformin hydrochloride","METFORMIN HYDROCHLORIDE","HUMAN PRESCRIPTION DRUG","01/08/2024","12/30/2026","ANDA","100 TABLET in 1 BOTTLE (68788-8560-1)","Biguanide [EPC],  Biguanides [CS]","N/A","No","N/A"
"METFORMIN HYDROCHLORIDE","68788-8560-3","1000 mg/1","TABLET","ORAL","ANDA213320","Preferred Pharmaceuticals Inc.","68788-8560","metformin hydrochloride","METFORMIN HYDROCHLORIDE","HUMAN PRESCRIPTION DRUG","01/08/2024","12/30/2026","ANDA","30 TABLET in 1 BOTTLE (68788-8560-3)","Biguanide [EPC],  Biguanides [CS]","N/A","No","N/A"
"METFORMIN HYDROCHLORIDE","68788-8560-6","1000 mg/1","TABLET","ORAL","ANDA213320","Preferred Pharmaceuticals Inc.","68788-8560","metformin hydrochloride","METFORMIN HYDROCHLORIDE","HUMAN PRESCRIPTION DRUG","01/08/2024","12/30/2026","ANDA","60 TABLET in 1 BOTTLE (68788-8560-6)","Biguanide [EPC],  Biguanides [CS]","N/A","No","N/A"
"METFORMIN HYDROCHLORIDE","68788-8560-8","1000 mg/1","TABLET","ORAL","ANDA213320","Preferred Pharmaceuticals Inc.","68788-8560","metformin hydrochloride","METFORMIN HYDROCHLORIDE","HUMAN PRESCRIPTION DRUG","01/08/2024","12/30/2026","ANDA","120 TABLET in 1 BOTTLE (68788-8560-8)","Biguanide [EPC],  Biguanides [CS]","N/A","No","N/A"
"METFORMIN HYDROCHLORIDE","68788-8560-9","1000 mg/1","TABLET","ORAL","ANDA213320","Preferred Pharmaceuticals Inc.","68788-8560","metformin hydrochloride","METFORMIN HYDROCHLORIDE","HUMAN PRESCRIPTION DRUG","01/08/2024","12/30/2026","ANDA","90 TABLET in 1 BOTTLE (68788-8560-9)","Biguanide [EPC],  Biguanides [CS]","N/A","No","N/A"
"METFORMIN HYDROCHLORIDE","50090-7918-0","500 mg/1","TABLET, EXTENDED RELEASE","ORAL","ANDA217631","A-S Medication Solutions","50090-7918","METFORMIN HYDROCHLORIDE","METFORMIN HYDROCHLORIDE","HUMAN PRESCRIPTION DRUG","02/26/2026","N/A","ANDA","90 TABLET, EXTENDED RELEASE in 1 BOTTLE (50090-7918-0)","Biguanide [EPC],  Biguanides [CS]","N/A","No","12/31/2027"
"Metformin hydrochloride ER","71610-867-53","750 mg/1","TABLET, EXTENDED RELEASE","ORAL","ANDA207427","Aphena Pharma Solutions - Tennessee, LLC","71610-867","Metformin hydrochloride","METFORMIN HYDROCHLORIDE","HUMAN PRESCRIPTION DRUG","11/25/2024","N/A","ANDA","60 TABLET, EXTENDED RELEASE in 1 BOTTLE (71610-867-53)","Biguanide [EPC],  Biguanides [CS]","N/A","No","12/31/2026"
"Metformin hydrochloride ER","71610-867-60","750 mg/1","TABLET, EXTENDED RELEASE","ORAL","ANDA207427","Aphena Pharma Solutions - Tennessee, LLC","71610-867","Metformin hydrochloride","METFORMIN HYDROCHLORIDE","HUMAN PRESCRIPTION DRUG","11/25/2024","N/A","ANDA","90 TABLET, EXTENDED RELEASE in 1 BOTTLE (71610-867-60)","Biguanide [EPC],  Biguanides [CS]","N/A","No","12/31/2026"
"Metformin hydrochloride ER","71610-867-70","750 mg/1","TABLET, EXTENDED RELEASE","ORAL","ANDA207427","Aphena Pharma Solutions - Tennessee, LLC","71610-867","Metformin hydrochloride","METFORMIN HYDROCHLORIDE","HUMAN PRESCRIPTION DRUG","11/25/2024","N/A","ANDA","120 TABLET, EXTENDED RELEASE in 1 BOTTLE (71610-867-70)","Biguanide [EPC],  Biguanides [CS]","N/A","No","12/31/2026"
"Metformin hydrochloride ER","71610-867-80","750 mg/1","TABLET, EXTENDED RELEASE","ORAL","ANDA207427","Aphena Pharma Solutions - Tennessee, LLC","71610-867","Metformin hydrochloride","METFORMIN HYDROCHLORIDE","HUMAN PRESCRIPTION DRUG","01/13/2025","N/A","ANDA","180 TABLET, EXTENDED RELEASE in 1 BOTTLE (71610-867-80)","Biguanide [EPC],  Biguanides [CS]","N/A","No","12/31/2026"
"Pioglitazole and metformin hydrochloride","72162-2497-2","15 mg/1,  500 mg/1","TABLET","ORAL","ANDA204802","Bryant Ranch Prepack","72162-2497","Pioglitazole and metformin hydrochloride","PIOGLITAZONE HYDROCHLORIDE,  METFORMIN HYDROCHLORIDE","HUMAN PRESCRIPTION DRUG","05/15/2025","N/A","ANDA","180 TABLET in 1 BOTTLE (72162-2497-2)","Biguanide [EPC],  Biguanides [CS],  Peroxisome Proliferator Receptor alpha Agonist [EPC],  Peroxisome Proliferator Receptor gamma Agonist [EPC],  Peroxisome Proliferator-activated Receptor alpha Agonists [MoA],  Peroxisome Proliferator-activated Receptor gamma Agonists [MoA],  Thiazolidinedione [EPC],  Thiazolidinediones [CS]","N/A","No","12/31/2026"
"Pioglitazole and metformin hydrochloride","72162-2497-6","15 mg/1,  500 mg/1","TABLET","ORAL","ANDA204802","Bryant Ranch Prepack","72162-2497","Pioglitazole and metformin hydrochloride","PIOGLITAZONE HYDROCHLORIDE,  METFORMIN HYDROCHLORIDE","HUMAN PRESCRIPTION DRUG","05/15/2025","N/A","ANDA","60 TABLET in 1 BOTTLE (72162-2497-6)","Biguanide [EPC],  Biguanides [CS],  Peroxisome Proliferator Receptor alpha Agonist [EPC],  Peroxisome Proliferator Receptor gamma Agonist [EPC],  Peroxisome Proliferator-activated Receptor alpha Agonists [MoA],  Peroxisome Proliferator-activated Receptor gamma Agonists [MoA],  Thiazolidinedione [EPC],  Thiazolidinediones [CS]","N/A","No","12/31/2026"
"Pioglitazole and metformin hydrochloride","72162-2498-2","15 mg/1,  850 mg/1","TABLET","ORAL","ANDA204802","Bryant Ranch Prepack","72162-2498","Pioglitazole and metformin hydrochloride","PIOGLITAZONE HYDROCHLORIDE,  METFORMIN HYDROCHLORIDE","HUMAN PRESCRIPTION DRUG","05/15/2025","N/A","ANDA","180 TABLET in 1 BOTTLE (72162-2498-2)","Biguanide [EPC],  Biguanides [CS],  Peroxisome Proliferator Receptor alpha Agonist [EPC],  Peroxisome Proliferator Receptor gamma Agonist [EPC],  Peroxisome Proliferator-activated Receptor alpha Agonists [MoA],  Peroxisome Proliferator-activated Receptor gamma Agonists [MoA],  Thiazolidinedione [EPC],  Thiazolidinediones [CS]","N/A","No","12/31/2026"
"Pioglitazole and metformin hydrochloride","72162-2498-6","15 mg/1,  850 mg/1","TABLET","ORAL","ANDA204802","Bryant Ranch Prepack","72162-2498","Pioglitazole and metformin hydrochloride","PIOGLITAZONE HYDROCHLORIDE,  METFORMIN HYDROCHLORIDE","HUMAN PRESCRIPTION DRUG","05/15/2025","N/A","ANDA","60 TABLET in 1 BOTTLE (72162-2498-6)","Biguanide [EPC],  Biguanides [CS],  Peroxisome Proliferator Receptor alpha Agonist [EPC],  Peroxisome Proliferator Receptor gamma Agonist [EPC],  Peroxisome Proliferator-activated Receptor alpha Agonists [MoA],  Peroxisome Proliferator-activated Receptor gamma Agonists [MoA],  Thiazolidinedione [EPC],  Thiazolidinediones [CS]","N/A","No","12/31/2026"
"Metformin hydrochloride","68645-582-59","500 mg/1","TABLET","ORAL","ANDA090564","Legacy Pharmaceutical Packaging, LLC","68645-582","Metformin hydrochloride","METFORMIN HYDROCHLORIDE","HUMAN PRESCRIPTION DRUG","06/07/2019","N/A","ANDA","60 TABLET in 1 BOTTLE (68645-582-59)","Biguanide [EPC],  Biguanides [CS]","N/A","No","12/31/2027"
"Metformin Hydrochloride","71709-111-06","850 mg/1","TABLET, FILM COATED","ORAL","ANDA090564","Metcure Pharmaceuticals, Inc.","71709-111","Metformin Hydrochloride","METFORMIN HYDROCHLORIDE","HUMAN PRESCRIPTION DRUG","11/14/2017","N/A","ANDA","500 TABLET, FILM COATED in 1 BOTTLE (71709-111-06)","Biguanide [EPC],  Biguanides [CS]","N/A","No","12/31/2026"
"Metformin Hydrochloride","71709-111-07","850 mg/1","TABLET, FILM COATED","ORAL","ANDA090564","Metcure Pharmaceuticals, Inc.","71709-111","Metformin Hydrochloride","METFORMIN HYDROCHLORIDE","HUMAN PRESCRIPTION DRUG","11/14/2017","N/A","ANDA","1000 TABLET, FILM COATED in 1 BOTTLE (71709-111-07)","Biguanide [EPC],  Biguanides [CS]","N/A","No","12/31/2026"
"METFORMIN HYDROCHLORIDE","72189-150-30","500 mg/1","TABLET, EXTENDED RELEASE","ORAL","ANDA078321","direct rx","72189-150","METFORMIN HYDROCHLORIDE","METFORMIN HYDROCHLORIDE","HUMAN PRESCRIPTION DRUG","10/14/2020","N/A","ANDA","30 TABLET, EXTENDED RELEASE in 1 BOTTLE (72189-150-30)","Biguanide [EPC],  Biguanides [CS]","N/A","No","12/31/2026"
"METFORMIN HYDROCHLORIDE","72189-150-90","500 mg/1","TABLET, EXTENDED RELEASE","ORAL","ANDA078321","direct rx","72189-150","METFORMIN HYDROCHLORIDE","METFORMIN HYDROCHLORIDE","HUMAN PRESCRIPTION DRUG","10/14/2020","N/A","ANDA","90 TABLET, EXTENDED RELEASE in 1 BOTTLE (72189-150-90)","Biguanide [EPC],  Biguanides [CS]","N/A","No","12/31/2026"
"Metformin hydrochloride","42291-825-10","500 mg/1","TABLET, EXTENDED RELEASE","ORAL","ANDA207427","AvKARE","42291-825","Metformin hydrochloride","METFORMIN HYDROCHLORIDE","HUMAN PRESCRIPTION DRUG","06/11/2024","N/A","ANDA","1000 TABLET, EXTENDED RELEASE in 1 BOTTLE (42291-825-10)","Biguanide [EPC],  Biguanides [CS]","N/A","No","12/31/2026"
"Metformin hydrochloride","42291-825-12","500 mg/1","TABLET, EXTENDED RELEASE","ORAL","ANDA207427","AvKARE","42291-825","Metformin hydrochloride","METFORMIN HYDROCHLORIDE","HUMAN PRESCRIPTION DRUG","06/11/2024","N/A","ANDA","120 TABLET, EXTENDED RELEASE in 1 BOTTLE (42291-825-12)","Biguanide [EPC],  Biguanides [CS]","N/A","No","12/31/2026"
"Metformin hydrochloride","42291-825-18","500 mg/1","TABLET, EXTENDED RELEASE","ORAL","ANDA207427","AvKARE","42291-825","Metformin hydrochloride","METFORMIN HYDROCHLORIDE","HUMAN PRESCRIPTION DRUG","06/11/2024","N/A","ANDA","180 TABLET, EXTENDED RELEASE in 1 BOTTLE (42291-825-18)","Biguanide [EPC],  Biguanides [CS]","N/A","No","12/31/2026"
"Metformin hydrochloride","42291-825-30","500 mg/1","TABLET, EXTENDED RELEASE","ORAL","ANDA207427","AvKARE","42291-825","Metformin hydrochloride","METFORMIN HYDROCHLORIDE","HUMAN PRESCRIPTION DRUG","11/03/2025","N/A","ANDA","30 TABLET, EXTENDED RELEASE in 1 BOTTLE (42291-825-30)","Biguanide [EPC],  Biguanides [CS]","N/A","No","12/31/2026"
"Metformin hydrochloride","42291-825-36","500 mg/1","TABLET, EXTENDED RELEASE","ORAL","ANDA207427","AvKARE","42291-825","Metformin hydrochloride","METFORMIN HYDROCHLORIDE","HUMAN PRESCRIPTION DRUG","06/11/2024","N/A","ANDA","360 TABLET, EXTENDED RELEASE in 1 BOTTLE (42291-825-36)","Biguanide [EPC],  Biguanides [CS]","N/A","No","12/31/2026"
"Metformin hydrochloride","42291-825-60","500 mg/1","TABLET, EXTENDED RELEASE","ORAL","ANDA207427","AvKARE","42291-825","Metformin hydrochloride","METFORMIN HYDROCHLORIDE","HUMAN PRESCRIPTION DRUG","11/03/2025","N/A","ANDA","60 TABLET, EXTENDED RELEASE in 1 BOTTLE (42291-825-60)","Biguanide [EPC],  Biguanides [CS]","N/A","No","12/31/2026"
"Metformin hydrochloride","42291-825-90","500 mg/1","TABLET, EXTENDED RELEASE","ORAL","ANDA207427","AvKARE","42291-825","Metformin hydrochloride","METFORMIN HYDROCHLORIDE","HUMAN PRESCRIPTION DRUG","06/11/2024","N/A","ANDA","90 TABLET, EXTENDED RELEASE in 1 BOTTLE (42291-825-90)","Biguanide [EPC],  Biguanides [CS]","N/A","No","12/31/2026"
"METFORMIN HYDROCHLORIDE","68788-8564-1","500 mg/1","TABLET","ORAL","ANDA213320","Preferred Pharmaceuticals Inc.","68788-8564","metformin hydrochloride","METFORMIN HYDROCHLORIDE","HUMAN PRESCRIPTION DRUG","01/11/2024","09/30/2026","ANDA","100 TABLET in 1 BOTTLE (68788-8564-1)","Biguanide [EPC],  Biguanides [CS]","N/A","No","N/A"
"Synjardy XR","0597-0290-59","5 mg/1,  1000 mg/1","TABLET, EXTENDED RELEASE","ORAL","NDA208658","Boehringer Ingelheim Pharmaceuticals, Inc.","0597-0290","empagliflozin, metformin hydrochloride","EMPAGLIFLOZIN,  METFORMIN HYDROCHLORIDE","HUMAN PRESCRIPTION DRUG","12/10/2016","N/A","NDA","180 TABLET, EXTENDED RELEASE in 1 BOTTLE (0597-0290-59)","Biguanide [EPC],  Biguanides [CS],  Sodium-Glucose Cotransporter 2 Inhibitor [EPC],  Sodium-Glucose Transporter 2 Inhibitors [MoA]","N/A","No","12/31/2027"
"Synjardy XR","0597-0290-74","5 mg/1,  1000 mg/1","TABLET, EXTENDED RELEASE","ORAL","NDA208658","Boehringer Ingelheim Pharmaceuticals, Inc.","0597-0290","empagliflozin, metformin hydrochloride","EMPAGLIFLOZIN,  METFORMIN HYDROCHLORIDE","HUMAN PRESCRIPTION DRUG","12/10/2016","N/A","NDA","60 TABLET, EXTENDED RELEASE in 1 BOTTLE (0597-0290-74)","Biguanide [EPC],  Biguanides [CS],  Sodium-Glucose Cotransporter 2 Inhibitor [EPC],  Sodium-Glucose Transporter 2 Inhibitors [MoA]","N/A","No","12/31/2027"
"METFORMIN HYDROCHLORIDE ER","69315-410-01","500 mg/1","TABLET, EXTENDED RELEASE","ORAL","ANDA201991","Leading Pharma, LLC","69315-410","metformin hydrochloride","METFORMIN HYDROCHLORIDE","HUMAN PRESCRIPTION DRUG","05/01/2025","N/A","ANDA","100 TABLET, EXTENDED RELEASE in 1 BOTTLE (69315-410-01)","Biguanide [EPC],  Biguanides [CS]","N/A","No","12/31/2027"
"METFORMIN HYDROCHLORIDE ER","69315-410-05","500 mg/1","TABLET, EXTENDED RELEASE","ORAL","ANDA201991","Leading Pharma, LLC","69315-410","metformin hydrochloride","METFORMIN HYDROCHLORIDE","HUMAN PRESCRIPTION DRUG","05/01/2025","N/A","ANDA","500 TABLET, EXTENDED RELEASE in 1 BOTTLE (69315-410-05)","Biguanide [EPC],  Biguanides [CS]","N/A","No","12/31/2027"
"Metformin Hydrochloride","71709-110-06","500 mg/1","TABLET, FILM COATED","ORAL","ANDA090564","Metcure Pharmaceuticals, Inc.","71709-110","Metformin Hydrochloride","METFORMIN HYDROCHLORIDE","HUMAN PRESCRIPTION DRUG","11/14/2017","N/A","ANDA","500 TABLET, FILM COATED in 1 BOTTLE (71709-110-06)","Biguanide [EPC],  Biguanides [CS]","N/A","No","12/31/2026"
"Metformin Hydrochloride","71709-110-07","500 mg/1","TABLET, FILM COATED","ORAL","ANDA090564","Metcure Pharmaceuticals, Inc.","71709-110","Metformin Hydrochloride","METFORMIN HYDROCHLORIDE","HUMAN PRESCRIPTION DRUG","11/14/2017","N/A","ANDA","1000 TABLET, FILM COATED in 1 BOTTLE (71709-110-07)","Biguanide [EPC],  Biguanides [CS]","N/A","No","12/31/2026"
"METFORMIN HYDROCHLORIDE","65841-810-01","850 mg/1","TABLET, FILM COATED","ORAL","ANDA203686","Zydus Lifesciences Limited","65841-810","METFORMIN HYDROCHLORIDE","METFORMIN HYDROCHLORIDE","HUMAN PRESCRIPTION DRUG","12/09/2014","N/A","ANDA","100 TABLET, FILM COATED in 1 BOTTLE (65841-810-01)","Biguanide [EPC],  Biguanides [CS]","N/A","No","12/31/2026"
"METFORMIN HYDROCHLORIDE","65841-810-05","850 mg/1","TABLET, FILM COATED","ORAL","ANDA203686","Zydus Lifesciences Limited","65841-810","METFORMIN HYDROCHLORIDE","METFORMIN HYDROCHLORIDE","HUMAN PRESCRIPTION DRUG","12/09/2014","N/A","ANDA","500 TABLET, FILM COATED in 1 BOTTLE (65841-810-05)","Biguanide [EPC],  Biguanides [CS]","N/A","No","12/31/2026"
"METFORMIN HYDROCHLORIDE","65841-810-10","850 mg/1","TABLET, FILM COATED","ORAL","ANDA203686","Zydus Lifesciences Limited","65841-810","METFORMIN HYDROCHLORIDE","METFORMIN HYDROCHLORIDE","HUMAN PRESCRIPTION DRUG","12/09/2014","N/A","ANDA","1000 TABLET, FILM COATED in 1 BOTTLE (65841-810-10)","Biguanide [EPC],  Biguanides [CS]","N/A","No","12/31/2026"
"METFORMIN HYDROCHLORIDE","65841-810-16","850 mg/1","TABLET, FILM COATED","ORAL","ANDA203686","Zydus Lifesciences Limited","65841-810","METFORMIN HYDROCHLORIDE","METFORMIN HYDROCHLORIDE","HUMAN PRESCRIPTION DRUG","12/09/2014","N/A","ANDA","90 TABLET, FILM COATED in 1 BOTTLE (65841-810-16)","Biguanide [EPC],  Biguanides [CS]","N/A","No","12/31/2026"
"METFORMIN HYDROCHLORIDE","65841-810-77","850 mg/1","TABLET, FILM COATED","ORAL","ANDA203686","Zydus Lifesciences Limited","65841-810","METFORMIN HYDROCHLORIDE","METFORMIN HYDROCHLORIDE","HUMAN PRESCRIPTION DRUG","12/09/2014","N/A","ANDA","100 BLISTER PACK in 1 CARTON (65841-810-77)  / 1 TABLET, FILM COATED in 1 BLISTER PACK (65841-810-30)","Biguanide [EPC],  Biguanides [CS]","N/A","No","12/31/2026"
"Metformin Hydrochloride","71205-141-00","750 mg/1","TABLET, EXTENDED RELEASE","ORAL","ANDA078321","Proficient Rx LP","71205-141","Metformin Hydrochloride","METFORMIN HYDROCHLORIDE","HUMAN PRESCRIPTION DRUG","10/01/2018","N/A","ANDA","100 TABLET, EXTENDED RELEASE in 1 BOTTLE (71205-141-00)","Biguanide [EPC],  Biguanides [CS]","N/A","No","12/31/2026"
"Metformin Hydrochloride","71205-141-20","750 mg/1","TABLET, EXTENDED RELEASE","ORAL","ANDA078321","Proficient Rx LP","71205-141","Metformin Hydrochloride","METFORMIN HYDROCHLORIDE","HUMAN PRESCRIPTION DRUG","10/01/2018","N/A","ANDA","20 TABLET, EXTENDED RELEASE in 1 BOTTLE (71205-141-20)","Biguanide [EPC],  Biguanides [CS]","N/A","No","12/31/2026"
"Metformin Hydrochloride","71205-141-30","750 mg/1","TABLET, EXTENDED RELEASE","ORAL","ANDA078321","Proficient Rx LP","71205-141","Metformin Hydrochloride","METFORMIN HYDROCHLORIDE","HUMAN PRESCRIPTION DRUG","10/01/2018","N/A","ANDA","30 TABLET, EXTENDED RELEASE in 1 BOTTLE (71205-141-30)","Biguanide [EPC],  Biguanides [CS]","N/A","No","12/31/2026"
"Metformin Hydrochloride","71205-141-60","750 mg/1","TABLET, EXTENDED RELEASE","ORAL","ANDA078321","Proficient Rx LP","71205-141","Metformin Hydrochloride","METFORMIN HYDROCHLORIDE","HUMAN PRESCRIPTION DRUG","10/01/2018","N/A","ANDA","60 TABLET, EXTENDED RELEASE in 1 BOTTLE (71205-141-60)","Biguanide [EPC],  Biguanides [CS]","N/A","No","12/31/2026"
"Metformin Hydrochloride","71205-141-90","750 mg/1","TABLET, EXTENDED RELEASE","ORAL","ANDA078321","Proficient Rx LP","71205-141","Metformin Hydrochloride","METFORMIN HYDROCHLORIDE","HUMAN PRESCRIPTION DRUG","10/01/2018","N/A","ANDA","90 TABLET, EXTENDED RELEASE in 1 BOTTLE (71205-141-90)","Biguanide [EPC],  Biguanides [CS]","N/A","No","12/31/2026"
"Metformin hydrochloride","68645-583-59","850 mg/1","TABLET","ORAL","ANDA090564","Legacy Pharmaceutical Packaging, LLC","68645-583","Metformin hydrochloride","METFORMIN HYDROCHLORIDE","HUMAN PRESCRIPTION DRUG","06/07/2019","N/A","ANDA","60 TABLET in 1 BOTTLE (68645-583-59)","Biguanide [EPC],  Biguanides [CS]","N/A","No","12/31/2027"
"Metformin Hydrochloride","0904-7162-61","500 mg/1","TABLET","ORAL","ANDA090564","Major Pharmaceuticals","0904-7162","Metformin Hydrochloride","METFORMIN HYDROCHLORIDE","HUMAN PRESCRIPTION DRUG","06/26/2019","N/A","ANDA","100 BLISTER PACK in 1 CARTON (0904-7162-61)  / 1 TABLET in 1 BLISTER PACK","Biguanide [EPC],  Biguanides [CS]","N/A","No","12/31/2027"
"Metformin hydrochloride","68645-584-59","1000 mg/1","TABLET","ORAL","ANDA090564","Legacy Pharmaceutical Packaging, LLC","68645-584","Metformin hydrochloride","METFORMIN HYDROCHLORIDE","HUMAN PRESCRIPTION DRUG","06/07/2019","N/A","ANDA","60 TABLET in 1 BOTTLE (68645-584-59)","Biguanide [EPC],  Biguanides [CS]","N/A","No","12/31/2027"
"Metformin Hydrochloride","71709-112-06","1000 mg/1","TABLET, FILM COATED","ORAL","ANDA090564","Metcure Pharmaceuticals, Inc.","71709-112","Metformin Hydrochloride","METFORMIN HYDROCHLORIDE","HUMAN PRESCRIPTION DRUG","11/14/2017","N/A","ANDA","500 TABLET, FILM COATED in 1 BOTTLE (71709-112-06)","Biguanide [EPC],  Biguanides [CS]","N/A","No","12/31/2026"
"Metformin Hydrochloride","71709-112-07","1000 mg/1","TABLET, FILM COATED","ORAL","ANDA090564","Metcure Pharmaceuticals, Inc.","71709-112","Metformin Hydrochloride","METFORMIN HYDROCHLORIDE","HUMAN PRESCRIPTION DRUG","11/14/2017","N/A","ANDA","1000 TABLET, FILM COATED in 1 BOTTLE (71709-112-07)","Biguanide [EPC],  Biguanides [CS]","N/A","No","12/31/2026"
"METFORMIN HYDROCHLORIDE","72789-400-01","500 mg/1","TABLET, EXTENDED RELEASE","ORAL","ANDA201991","PD-Rx Pharmaceuticals, Inc.","72789-400","metformin hydrochloride","METFORMIN HYDROCHLORIDE","HUMAN PRESCRIPTION DRUG","01/15/2025","N/A","ANDA","100 TABLET, EXTENDED RELEASE in 1 BOTTLE, PLASTIC (72789-400-01)","Biguanide [EPC],  Biguanides [CS]","N/A","No","12/31/2027"
"METFORMIN HYDROCHLORIDE","72789-400-60","500 mg/1","TABLET, EXTENDED RELEASE","ORAL","ANDA201991","PD-Rx Pharmaceuticals, Inc.","72789-400","metformin hydrochloride","METFORMIN HYDROCHLORIDE","HUMAN PRESCRIPTION DRUG","06/03/2024","N/A","ANDA","60 TABLET, EXTENDED RELEASE in 1 BOTTLE, PLASTIC (72789-400-60)","Biguanide [EPC],  Biguanides [CS]","N/A","No","12/31/2027"
"METFORMIN HYDROCHLORIDE","72789-400-82","500 mg/1","TABLET, EXTENDED RELEASE","ORAL","ANDA201991","PD-Rx Pharmaceuticals, Inc.","72789-400","metformin hydrochloride","METFORMIN HYDROCHLORIDE","HUMAN PRESCRIPTION DRUG","06/03/2025","N/A","ANDA","500 TABLET, EXTENDED RELEASE in 1 BOTTLE, PLASTIC (72789-400-82)","Biguanide [EPC],  Biguanides [CS]","N/A","No","12/31/2027"
"METFORMIN HYDROCHLORIDE","72789-400-86","500 mg/1","TABLET, EXTENDED RELEASE","ORAL","ANDA201991","PD-Rx Pharmaceuticals, Inc.","72789-400","metformin hydrochloride","METFORMIN HYDROCHLORIDE","HUMAN PRESCRIPTION DRUG","05/17/2025","N/A","ANDA","360 TABLET, EXTENDED RELEASE in 1 BOTTLE, PLASTIC (72789-400-86)","Biguanide [EPC],  Biguanides [CS]","N/A","No","12/31/2027"
"METFORMIN HYDROCHLORIDE","72789-400-90","500 mg/1","TABLET, EXTENDED RELEASE","ORAL","ANDA201991","PD-Rx Pharmaceuticals, Inc.","72789-400","metformin hydrochloride","METFORMIN HYDROCHLORIDE","HUMAN PRESCRIPTION DRUG","05/17/2024","N/A","ANDA","90 TABLET, EXTENDED RELEASE in 1 BOTTLE, PLASTIC (72789-400-90)","Biguanide [EPC],  Biguanides [CS]","N/A","No","12/31/2027"
"METFORMIN HYDROCHLORIDE","72789-400-93","500 mg/1","TABLET, EXTENDED RELEASE","ORAL","ANDA201991","PD-Rx Pharmaceuticals, Inc.","72789-400","metformin hydrochloride","METFORMIN HYDROCHLORIDE","HUMAN PRESCRIPTION DRUG","05/17/2025","N/A","ANDA","180 TABLET, EXTENDED RELEASE in 1 BOTTLE, PLASTIC (72789-400-93)","Biguanide [EPC],  Biguanides [CS]","N/A","No","12/31/2027"
"METFORMIN HYDROCHLORIDE","65841-809-01","500 mg/1","TABLET, FILM COATED","ORAL","ANDA203686","Zydus Lifesciences Limited","65841-809","METFORMIN HYDROCHLORIDE","METFORMIN HYDROCHLORIDE","HUMAN PRESCRIPTION DRUG","12/09/2014","N/A","ANDA","100 TABLET, FILM COATED in 1 BOTTLE (65841-809-01)","Biguanide [EPC],  Biguanides [CS]","N/A","No","12/31/2026"
"METFORMIN HYDROCHLORIDE","65841-809-05","500 mg/1","TABLET, FILM COATED","ORAL","ANDA203686","Zydus Lifesciences Limited","65841-809","METFORMIN HYDROCHLORIDE","METFORMIN HYDROCHLORIDE","HUMAN PRESCRIPTION DRUG","12/09/2014","N/A","ANDA","500 TABLET, FILM COATED in 1 BOTTLE (65841-809-05)","Biguanide [EPC],  Biguanides [CS]","N/A","No","12/31/2026"
"METFORMIN HYDROCHLORIDE","65841-809-10","500 mg/1","TABLET, FILM COATED","ORAL","ANDA203686","Zydus Lifesciences Limited","65841-809","METFORMIN HYDROCHLORIDE","METFORMIN HYDROCHLORIDE","HUMAN PRESCRIPTION DRUG","12/09/2014","N/A","ANDA","1000 TABLET, FILM COATED in 1 BOTTLE (65841-809-10)","Biguanide [EPC],  Biguanides [CS]","N/A","No","12/31/2026"
"METFORMIN HYDROCHLORIDE","65841-809-16","500 mg/1","TABLET, FILM COATED","ORAL","ANDA203686","Zydus Lifesciences Limited","65841-809","METFORMIN HYDROCHLORIDE","METFORMIN HYDROCHLORIDE","HUMAN PRESCRIPTION DRUG","12/09/2014","N/A","ANDA","90 TABLET, FILM COATED in 1 BOTTLE (65841-809-16)","Biguanide [EPC],  Biguanides [CS]","N/A","No","12/31/2026"
"METFORMIN HYDROCHLORIDE","65841-809-77","500 mg/1","TABLET, FILM COATED","ORAL","ANDA203686","Zydus Lifesciences Limited","65841-809","METFORMIN HYDROCHLORIDE","METFORMIN HYDROCHLORIDE","HUMAN PRESCRIPTION DRUG","12/09/2014","N/A","ANDA","100 BLISTER PACK in 1 CARTON (65841-809-77)  / 1 TABLET, FILM COATED in 1 BLISTER PACK (65841-809-30)","Biguanide [EPC],  Biguanides [CS]","N/A","No","12/31/2026"
"Metformin Hydrochloride Oral Solution","42571-360-07","500 mg/5mL","SOLUTION","ORAL","ANDA211309","MICRO LABS LIMITED","42571-360","Metformin Hydrochloride","METFORMIN HYDROCHLORIDE","HUMAN PRESCRIPTION DRUG","04/20/2020","N/A","ANDA","473 mL in 1 BOTTLE (42571-360-07)","Biguanide [EPC],  Biguanides [CS]","N/A","No","12/31/2027"
"Metformin Hydrochloride Oral Solution","42571-360-10","500 mg/5mL","SOLUTION","ORAL","ANDA211309","MICRO LABS LIMITED","42571-360","Metformin Hydrochloride","METFORMIN HYDROCHLORIDE","HUMAN PRESCRIPTION DRUG","04/20/2020","N/A","ANDA","118 mL in 1 BOTTLE (42571-360-10)","Biguanide [EPC],  Biguanides [CS]","N/A","No","12/31/2027"
"Metformin Hydrochloride","50090-6754-0","850 mg/1","TABLET","ORAL","ANDA090564","A-S Medication Solutions","50090-6754","Metformin Hydrochloride","METFORMIN HYDROCHLORIDE","HUMAN PRESCRIPTION DRUG","10/17/2023","N/A","ANDA","90 TABLET in 1 BOTTLE (50090-6754-0)","Biguanide [EPC],  Biguanides [CS]","N/A","No","12/31/2026"
"Metformin Hydrochloride","82804-195-60","500 mg/1","TABLET, EXTENDED RELEASE","ORAL","ANDA078321","Proficient Rx LP","82804-195","Metformin Hydrochloride","METFORMIN HYDROCHLORIDE","HUMAN PRESCRIPTION DRUG","02/10/2025","N/A","ANDA","60 TABLET, EXTENDED RELEASE in 1 BOTTLE (82804-195-60)","Biguanide [EPC],  Biguanides [CS]","N/A","No","12/31/2026"
"METFORMIN HYDROCHLORIDE","65841-811-01","1000 mg/1","TABLET, FILM COATED","ORAL","ANDA203686","Zydus Lifesciences Limited","65841-811","METFORMIN HYDROCHLORIDE","METFORMIN HYDROCHLORIDE","HUMAN PRESCRIPTION DRUG","12/09/2014","N/A","ANDA","100 TABLET, FILM COATED in 1 BOTTLE (65841-811-01)","Biguanide [EPC],  Biguanides [CS]","N/A","No","12/31/2026"
"METFORMIN HYDROCHLORIDE","65841-811-05","1000 mg/1","TABLET, FILM COATED","ORAL","ANDA203686","Zydus Lifesciences Limited","65841-811","METFORMIN HYDROCHLORIDE","METFORMIN HYDROCHLORIDE","HUMAN PRESCRIPTION DRUG","12/09/2014","N/A","ANDA","500 TABLET, FILM COATED in 1 BOTTLE (65841-811-05)","Biguanide [EPC],  Biguanides [CS]","N/A","No","12/31/2026"
"METFORMIN HYDROCHLORIDE","65841-811-10","1000 mg/1","TABLET, FILM COATED","ORAL","ANDA203686","Zydus Lifesciences Limited","65841-811","METFORMIN HYDROCHLORIDE","METFORMIN HYDROCHLORIDE","HUMAN PRESCRIPTION DRUG","12/09/2014","N/A","ANDA","1000 TABLET, FILM COATED in 1 BOTTLE (65841-811-10)","Biguanide [EPC],  Biguanides [CS]","N/A","No","12/31/2026"
"METFORMIN HYDROCHLORIDE","65841-811-16","1000 mg/1","TABLET, FILM COATED","ORAL","ANDA203686","Zydus Lifesciences Limited","65841-811","METFORMIN HYDROCHLORIDE","METFORMIN HYDROCHLORIDE","HUMAN PRESCRIPTION DRUG","12/09/2014","N/A","ANDA","90 TABLET, FILM COATED in 1 BOTTLE (65841-811-16)","Biguanide [EPC],  Biguanides [CS]","N/A","No","12/31/2026"
"METFORMIN HYDROCHLORIDE","65841-811-77","1000 mg/1","TABLET, FILM COATED","ORAL","ANDA203686","Zydus Lifesciences Limited","65841-811","METFORMIN HYDROCHLORIDE","METFORMIN HYDROCHLORIDE","HUMAN PRESCRIPTION DRUG","12/09/2014","N/A","ANDA","100 BLISTER PACK in 1 CARTON (65841-811-77)  / 1 TABLET, FILM COATED in 1 BLISTER PACK (65841-811-30)","Biguanide [EPC],  Biguanides [CS]","N/A","No","12/31/2026"
"Metformin Hydrochloride","70518-1149-0","500 mg/1","TABLET, FILM COATED","ORAL","ANDA077095","REMEDYREPACK INC.","70518-1149","Metformin Hydrochloride","METFORMIN HYDROCHLORIDE","HUMAN PRESCRIPTION DRUG","05/01/2018","N/A","ANDA","30 TABLET, FILM COATED in 1 BLISTER PACK (70518-1149-0)","Biguanide [EPC],  Biguanides [CS]","N/A","No","12/31/2027"
"Metformin Hydrochloride","42806-313-01","500 mg/1","TABLET, FILM COATED","ORAL","ANDA090564","Epic Pharma, LLC","42806-313","Metformin Hydrochloride","METFORMIN HYDROCHLORIDE","HUMAN PRESCRIPTION DRUG","03/13/2017","N/A","ANDA","100 TABLET, FILM COATED in 1 BOTTLE (42806-313-01)","Biguanide [EPC],  Biguanides [CS]","N/A","No","12/31/2026"
"Metformin Hydrochloride","42806-313-05","500 mg/1","TABLET, FILM COATED","ORAL","ANDA090564","Epic Pharma, LLC","42806-313","Metformin Hydrochloride","METFORMIN HYDROCHLORIDE","HUMAN PRESCRIPTION DRUG","03/13/2017","N/A","ANDA","500 TABLET, FILM COATED in 1 BOTTLE (42806-313-05)","Biguanide [EPC],  Biguanides [CS]","N/A","No","12/31/2026"
"Metformin Hydrochloride","42806-313-10","500 mg/1","TABLET, FILM COATED","ORAL","ANDA090564","Epic Pharma, LLC","42806-313","Metformin Hydrochloride","METFORMIN HYDROCHLORIDE","HUMAN PRESCRIPTION DRUG","03/13/2017","N/A","ANDA","1000 TABLET, FILM COATED in 1 BOTTLE (42806-313-10)","Biguanide [EPC],  Biguanides [CS]","N/A","No","12/31/2026"
"Metformin Hydrochloride","59651-854-01","500 mg/1","TABLET, FILM COATED","ORAL","ANDA077095","Aurobindo Pharma Limited","59651-854","Metformin Hydrochloride","METFORMIN HYDROCHLORIDE","HUMAN PRESCRIPTION DRUG","03/29/2024","N/A","ANDA","100 TABLET, FILM COATED in 1 BOTTLE (59651-854-01)","Biguanide [EPC],  Biguanides [CS]","N/A","No","12/31/2027"
"Metformin Hydrochloride","59651-854-05","500 mg/1","TABLET, FILM COATED","ORAL","ANDA077095","Aurobindo Pharma Limited","59651-854","Metformin Hydrochloride","METFORMIN HYDROCHLORIDE","HUMAN PRESCRIPTION DRUG","03/29/2024","N/A","ANDA","500 TABLET, FILM COATED in 1 BOTTLE (59651-854-05)","Biguanide [EPC],  Biguanides [CS]","N/A","No","12/31/2027"
"Metformin Hydrochloride","59651-854-45","500 mg/1","TABLET, FILM COATED","ORAL","ANDA077095","Aurobindo Pharma Limited","59651-854","Metformin Hydrochloride","METFORMIN HYDROCHLORIDE","HUMAN PRESCRIPTION DRUG","03/29/2024","N/A","ANDA","4500 TABLET, FILM COATED in 1 BOTTLE (59651-854-45)","Biguanide [EPC],  Biguanides [CS]","N/A","No","12/31/2027"
"Metformin Hydrochloride","59651-854-50","500 mg/1","TABLET, FILM COATED","ORAL","ANDA077095","Aurobindo Pharma Limited","59651-854","Metformin Hydrochloride","METFORMIN HYDROCHLORIDE","HUMAN PRESCRIPTION DRUG","03/29/2024","N/A","ANDA","50 TABLET, FILM COATED in 1 BOTTLE (59651-854-50)","Biguanide [EPC],  Biguanides [CS]","N/A","No","12/31/2027"
"Metformin Hydrochloride","59651-854-60","500 mg/1","TABLET, FILM COATED","ORAL","ANDA077095","Aurobindo Pharma Limited","59651-854","Metformin Hydrochloride","METFORMIN HYDROCHLORIDE","HUMAN PRESCRIPTION DRUG","03/29/2024","N/A","ANDA","60 TABLET, FILM COATED in 1 BOTTLE (59651-854-60)","Biguanide [EPC],  Biguanides [CS]","N/A","No","12/31/2027"
"Metformin Hydrochloride","59651-854-79","500 mg/1","TABLET, FILM COATED","ORAL","ANDA077095","Aurobindo Pharma Limited","59651-854","Metformin Hydrochloride","METFORMIN HYDROCHLORIDE","HUMAN PRESCRIPTION DRUG","03/29/2024","N/A","ANDA","300 TABLET, FILM COATED in 1 BOTTLE (59651-854-79)","Biguanide [EPC],  Biguanides [CS]","N/A","No","12/31/2027"
"Metformin Hydrochloride","59651-854-90","500 mg/1","TABLET, FILM COATED","ORAL","ANDA077095","Aurobindo Pharma Limited","59651-854","Metformin Hydrochloride","METFORMIN HYDROCHLORIDE","HUMAN PRESCRIPTION DRUG","03/29/2024","N/A","ANDA","90 TABLET, FILM COATED in 1 BOTTLE (59651-854-90)","Biguanide [EPC],  Biguanides [CS]","N/A","No","12/31/2027"
"Metformin Hydrochloride","59651-854-99","500 mg/1","TABLET, FILM COATED","ORAL","ANDA077095","Aurobindo Pharma Limited","59651-854","Metformin Hydrochloride","METFORMIN HYDROCHLORIDE","HUMAN PRESCRIPTION DRUG","03/29/2024","N/A","ANDA","1000 TABLET, FILM COATED in 1 BOTTLE (59651-854-99)","Biguanide [EPC],  Biguanides [CS]","N/A","No","12/31/2027"
"Metformin Hydrochloride","50090-6753-0","850 mg/1","TABLET","ORAL","ANDA090564","A-S Medication Solutions","50090-6753","Metformin Hydrochloride","METFORMIN HYDROCHLORIDE","HUMAN PRESCRIPTION DRUG","10/19/2023","N/A","ANDA","60 TABLET in 1 BOTTLE (50090-6753-0)","Biguanide [EPC],  Biguanides [CS]","N/A","No","12/31/2026"
"Metformin Hydrochloride","50090-6753-2","850 mg/1","TABLET","ORAL","ANDA090564","A-S Medication Solutions","50090-6753","Metformin Hydrochloride","METFORMIN HYDROCHLORIDE","HUMAN PRESCRIPTION DRUG","10/17/2023","N/A","ANDA","100 TABLET in 1 BOTTLE (50090-6753-2)","Biguanide [EPC],  Biguanides [CS]","N/A","No","12/31/2026"
"Metformin Hydrochloride","50090-6753-4","850 mg/1","TABLET","ORAL","ANDA090564","A-S Medication Solutions","50090-6753","Metformin Hydrochloride","METFORMIN HYDROCHLORIDE","HUMAN PRESCRIPTION DRUG","10/17/2023","N/A","ANDA","90 TABLET in 1 BOTTLE (50090-6753-4)","Biguanide [EPC],  Biguanides [CS]","N/A","No","12/31/2026"
"Metformin Hydrochloride","50090-6753-5","850 mg/1","TABLET","ORAL","ANDA090564","A-S Medication Solutions","50090-6753","Metformin Hydrochloride","METFORMIN HYDROCHLORIDE","HUMAN PRESCRIPTION DRUG","10/17/2023","N/A","ANDA","180 TABLET in 1 BOTTLE (50090-6753-5)","Biguanide [EPC],  Biguanides [CS]","N/A","No","12/31/2026"
"METFORMIN HYDROCHLORIDE","71335-2466-0","500 mg/1","TABLET","ORAL","ANDA213320","Bryant Ranch Prepack","71335-2466","metformin hydrochloride","METFORMIN HYDROCHLORIDE","HUMAN PRESCRIPTION DRUG","08/16/2024","N/A","ANDA","25 TABLET in 1 BOTTLE (71335-2466-0)","Biguanide [EPC],  Biguanides [CS]","N/A","No","12/31/2026"
"METFORMIN HYDROCHLORIDE","71335-2466-1","500 mg/1","TABLET","ORAL","ANDA213320","Bryant Ranch Prepack","71335-2466","metformin hydrochloride","METFORMIN HYDROCHLORIDE","HUMAN PRESCRIPTION DRUG","08/16/2024","N/A","ANDA","30 TABLET in 1 BOTTLE (71335-2466-1)","Biguanide [EPC],  Biguanides [CS]","N/A","No","12/31/2026"
"METFORMIN HYDROCHLORIDE","71335-2466-2","500 mg/1","TABLET","ORAL","ANDA213320","Bryant Ranch Prepack","71335-2466","metformin hydrochloride","METFORMIN HYDROCHLORIDE","HUMAN PRESCRIPTION DRUG","08/16/2024","N/A","ANDA","60 TABLET in 1 BOTTLE (71335-2466-2)","Biguanide [EPC],  Biguanides [CS]","N/A","No","12/31/2026"
"METFORMIN HYDROCHLORIDE","71335-2466-3","500 mg/1","TABLET","ORAL","ANDA213320","Bryant Ranch Prepack","71335-2466","metformin hydrochloride","METFORMIN HYDROCHLORIDE","HUMAN PRESCRIPTION DRUG","08/16/2024","N/A","ANDA","100 TABLET in 1 BOTTLE (71335-2466-3)","Biguanide [EPC],  Biguanides [CS]","N/A","No","12/31/2026"
"METFORMIN HYDROCHLORIDE","71335-2466-4","500 mg/1","TABLET","ORAL","ANDA213320","Bryant Ranch Prepack","71335-2466","metformin hydrochloride","METFORMIN HYDROCHLORIDE","HUMAN PRESCRIPTION DRUG","08/16/2024","N/A","ANDA","120 TABLET in 1 BOTTLE (71335-2466-4)","Biguanide [EPC],  Biguanides [CS]","N/A","No","12/31/2026"
"METFORMIN HYDROCHLORIDE","71335-2466-5","500 mg/1","TABLET","ORAL","ANDA213320","Bryant Ranch Prepack","71335-2466","metformin hydrochloride","METFORMIN HYDROCHLORIDE","HUMAN PRESCRIPTION DRUG","08/16/2024","N/A","ANDA","90 TABLET in 1 BOTTLE (71335-2466-5)","Biguanide [EPC],  Biguanides [CS]","N/A","No","12/31/2026"
"METFORMIN HYDROCHLORIDE","71335-2466-6","500 mg/1","TABLET","ORAL","ANDA213320","Bryant Ranch Prepack","71335-2466","metformin hydrochloride","METFORMIN HYDROCHLORIDE","HUMAN PRESCRIPTION DRUG","08/16/2024","N/A","ANDA","28 TABLET in 1 BOTTLE (71335-2466-6)","Biguanide [EPC],  Biguanides [CS]","N/A","No","12/31/2026"
"METFORMIN HYDROCHLORIDE","71335-2466-7","500 mg/1","TABLET","ORAL","ANDA213320","Bryant Ranch Prepack","71335-2466","metformin hydrochloride","METFORMIN HYDROCHLORIDE","HUMAN PRESCRIPTION DRUG","08/16/2024","N/A","ANDA","56 TABLET in 1 BOTTLE (71335-2466-7)","Biguanide [EPC],  Biguanides [CS]","N/A","No","12/31/2026"
"METFORMIN HYDROCHLORIDE","71335-2466-8","500 mg/1","TABLET","ORAL","ANDA213320","Bryant Ranch Prepack","71335-2466","metformin hydrochloride","METFORMIN HYDROCHLORIDE","HUMAN PRESCRIPTION DRUG","08/16/2024","N/A","ANDA","180 TABLET in 1 BOTTLE (71335-2466-8)","Biguanide [EPC],  Biguanides [CS]","N/A","No","12/31/2026"
"METFORMIN HYDROCHLORIDE","71335-2466-9","500 mg/1","TABLET","ORAL","ANDA213320","Bryant Ranch Prepack","71335-2466","metformin hydrochloride","METFORMIN HYDROCHLORIDE","HUMAN PRESCRIPTION DRUG","08/16/2024","N/A","ANDA","10 TABLET in 1 BOTTLE (71335-2466-9)","Biguanide [EPC],  Biguanides [CS]","N/A","No","12/31/2026"
"Metformin Hydrochloride","42806-314-01","850 mg/1","TABLET, FILM COATED","ORAL","ANDA090564","Epic Pharma, LLC","42806-314","Metformin Hydrochloride","METFORMIN HYDROCHLORIDE","HUMAN PRESCRIPTION DRUG","03/13/2017","N/A","ANDA","100 TABLET, FILM COATED in 1 BOTTLE (42806-314-01)","Biguanide [EPC],  Biguanides [CS]","N/A","No","12/31/2026"
"Metformin Hydrochloride","42806-314-05","850 mg/1","TABLET, FILM COATED","ORAL","ANDA090564","Epic Pharma, LLC","42806-314","Metformin Hydrochloride","METFORMIN HYDROCHLORIDE","HUMAN PRESCRIPTION DRUG","03/13/2017","N/A","ANDA","500 TABLET, FILM COATED in 1 BOTTLE (42806-314-05)","Biguanide [EPC],  Biguanides [CS]","N/A","No","12/31/2026"
"Metformin Hydrochloride","42806-314-10","850 mg/1","TABLET, FILM COATED","ORAL","ANDA090564","Epic Pharma, LLC","42806-314","Metformin Hydrochloride","METFORMIN HYDROCHLORIDE","HUMAN PRESCRIPTION DRUG","03/13/2017","N/A","ANDA","1000 TABLET, FILM COATED in 1 BOTTLE (42806-314-10)","Biguanide [EPC],  Biguanides [CS]","N/A","No","12/31/2026"
"Metformin Hydrochloride","51655-077-26","750 mg/1","TABLET, EXTENDED RELEASE","ORAL","ANDA206145","Northwind Health Company, LLC","51655-077","Metformin Hydrochloride","METFORMIN HYDROCHLORIDE","HUMAN PRESCRIPTION DRUG","05/17/2023","N/A","ANDA","90 TABLET, EXTENDED RELEASE in 1 BOTTLE, PLASTIC (51655-077-26)","Biguanide [EPC],  Biguanides [CS]","N/A","No","12/31/2027"
"Metformin Hydrochloride","51655-077-52","750 mg/1","TABLET, EXTENDED RELEASE","ORAL","ANDA206145","Northwind Health Company, LLC","51655-077","Metformin Hydrochloride","METFORMIN HYDROCHLORIDE","HUMAN PRESCRIPTION DRUG","10/05/2022","N/A","ANDA","30 TABLET, EXTENDED RELEASE in 1 BOTTLE, PLASTIC (51655-077-52)","Biguanide [EPC],  Biguanides [CS]","N/A","No","12/31/2027"
"Metformin Hydrochloride","59651-855-01","850 mg/1","TABLET, FILM COATED","ORAL","ANDA077095","Aurobindo Pharma Limited","59651-855","Metformin Hydrochloride","METFORMIN HYDROCHLORIDE","HUMAN PRESCRIPTION DRUG","03/29/2024","N/A","ANDA","100 TABLET, FILM COATED in 1 BOTTLE (59651-855-01)","Biguanide [EPC],  Biguanides [CS]","N/A","No","12/31/2027"
"Metformin Hydrochloride","59651-855-05","850 mg/1","TABLET, FILM COATED","ORAL","ANDA077095","Aurobindo Pharma Limited","59651-855","Metformin Hydrochloride","METFORMIN HYDROCHLORIDE","HUMAN PRESCRIPTION DRUG","03/29/2024","N/A","ANDA","500 TABLET, FILM COATED in 1 BOTTLE (59651-855-05)","Biguanide [EPC],  Biguanides [CS]","N/A","No","12/31/2027"
"Metformin Hydrochloride","59651-855-26","850 mg/1","TABLET, FILM COATED","ORAL","ANDA077095","Aurobindo Pharma Limited","59651-855","Metformin Hydrochloride","METFORMIN HYDROCHLORIDE","HUMAN PRESCRIPTION DRUG","03/29/2024","N/A","ANDA","2500 TABLET, FILM COATED in 1 BOTTLE (59651-855-26)","Biguanide [EPC],  Biguanides [CS]","N/A","No","12/31/2027"
"Metformin Hydrochloride","59651-855-50","850 mg/1","TABLET, FILM COATED","ORAL","ANDA077095","Aurobindo Pharma Limited","59651-855","Metformin Hydrochloride","METFORMIN HYDROCHLORIDE","HUMAN PRESCRIPTION DRUG","03/29/2024","N/A","ANDA","50 TABLET, FILM COATED in 1 BOTTLE (59651-855-50)","Biguanide [EPC],  Biguanides [CS]","N/A","No","12/31/2027"
"Metformin Hydrochloride","59651-855-60","850 mg/1","TABLET, FILM COATED","ORAL","ANDA077095","Aurobindo Pharma Limited","59651-855","Metformin Hydrochloride","METFORMIN HYDROCHLORIDE","HUMAN PRESCRIPTION DRUG","03/29/2024","N/A","ANDA","60 TABLET, FILM COATED in 1 BOTTLE (59651-855-60)","Biguanide [EPC],  Biguanides [CS]","N/A","No","12/31/2027"
"Metformin Hydrochloride","59651-855-79","850 mg/1","TABLET, FILM COATED","ORAL","ANDA077095","Aurobindo Pharma Limited","59651-855","Metformin Hydrochloride","METFORMIN HYDROCHLORIDE","HUMAN PRESCRIPTION DRUG","03/29/2024","N/A","ANDA","300 TABLET, FILM COATED in 1 BOTTLE (59651-855-79)","Biguanide [EPC],  Biguanides [CS]","N/A","No","12/31/2027"
"Metformin Hydrochloride","59651-855-90","850 mg/1","TABLET, FILM COATED","ORAL","ANDA077095","Aurobindo Pharma Limited","59651-855","Metformin Hydrochloride","METFORMIN HYDROCHLORIDE","HUMAN PRESCRIPTION DRUG","03/29/2024","N/A","ANDA","90 TABLET, FILM COATED in 1 BOTTLE (59651-855-90)","Biguanide [EPC],  Biguanides [CS]","N/A","No","12/31/2027"
"Metformin Hydrochloride","59651-855-99","850 mg/1","TABLET, FILM COATED","ORAL","ANDA077095","Aurobindo Pharma Limited","59651-855","Metformin Hydrochloride","METFORMIN HYDROCHLORIDE","HUMAN PRESCRIPTION DRUG","03/29/2024","N/A","ANDA","1000 TABLET, FILM COATED in 1 BOTTLE (59651-855-99)","Biguanide [EPC],  Biguanides [CS]","N/A","No","12/31/2027"
"METFORMIN HYDROCHLORIDE","60429-111-01","500 mg/1","TABLET","ORAL","ANDA203769","Golden State Medical Supply, Inc.","60429-111","METFORMIN HYDROCHLORIDE","METFORMIN HYDROCHLORIDE","HUMAN PRESCRIPTION DRUG","10/23/2013","N/A","ANDA","100 TABLET in 1 BOTTLE (60429-111-01)","Biguanide [EPC],  Biguanides [CS]","N/A","No","12/31/2026"
"METFORMIN HYDROCHLORIDE","60429-111-10","500 mg/1","TABLET","ORAL","ANDA203769","Golden State Medical Supply, Inc.","60429-111","METFORMIN HYDROCHLORIDE","METFORMIN HYDROCHLORIDE","HUMAN PRESCRIPTION DRUG","10/23/2013","N/A","ANDA","1000 TABLET in 1 BOTTLE (60429-111-10)","Biguanide [EPC],  Biguanides [CS]","N/A","No","12/31/2026"
"Synjardy XR","0597-0295-61","25 mg/1,  1000 mg/1","TABLET, EXTENDED RELEASE","ORAL","NDA208658","Boehringer Ingelheim Pharmaceuticals, Inc.","0597-0295","empagliflozin, metformin hydrochloride","EMPAGLIFLOZIN,  METFORMIN HYDROCHLORIDE","HUMAN PRESCRIPTION DRUG","12/10/2016","N/A","NDA","1 BOTTLE in 1 CARTON (0597-0295-61)  / 7 TABLET, EXTENDED RELEASE in 1 BOTTLE","Biguanide [EPC],  Biguanides [CS],  Sodium-Glucose Cotransporter 2 Inhibitor [EPC],  Sodium-Glucose Transporter 2 Inhibitors [MoA]","N/A","Yes","12/31/2027"
"Synjardy XR","0597-0295-78","25 mg/1,  1000 mg/1","TABLET, EXTENDED RELEASE","ORAL","NDA208658","Boehringer Ingelheim Pharmaceuticals, Inc.","0597-0295","empagliflozin, metformin hydrochloride","EMPAGLIFLOZIN,  METFORMIN HYDROCHLORIDE","HUMAN PRESCRIPTION DRUG","12/10/2016","N/A","NDA","90 TABLET, EXTENDED RELEASE in 1 BOTTLE (0597-0295-78)","Biguanide [EPC],  Biguanides [CS],  Sodium-Glucose Cotransporter 2 Inhibitor [EPC],  Sodium-Glucose Transporter 2 Inhibitors [MoA]","N/A","No","12/31/2027"
"Synjardy XR","0597-0295-88","25 mg/1,  1000 mg/1","TABLET, EXTENDED RELEASE","ORAL","NDA208658","Boehringer Ingelheim Pharmaceuticals, Inc.","0597-0295","empagliflozin, metformin hydrochloride","EMPAGLIFLOZIN,  METFORMIN HYDROCHLORIDE","HUMAN PRESCRIPTION DRUG","12/10/2016","N/A","NDA","30 TABLET, EXTENDED RELEASE in 1 BOTTLE (0597-0295-88)","Biguanide [EPC],  Biguanides [CS],  Sodium-Glucose Cotransporter 2 Inhibitor [EPC],  Sodium-Glucose Transporter 2 Inhibitors [MoA]","N/A","No","12/31/2027"
"glyburide and metformin hydrochloride","65841-824-01","1.25 mg/1,  250 mg/1","TABLET","ORAL","ANDA206748","Zydus Lifesciences Limited","65841-824","glyburide and metformin hydrochloride","GLYBURIDE,  METFORMIN HYDROCHLORIDE","HUMAN PRESCRIPTION DRUG","04/07/2016","N/A","ANDA","100 TABLET in 1 BOTTLE (65841-824-01)","Biguanide [EPC],  Biguanides [CS],  Sulfonylurea Compounds [CS],  Sulfonylurea [EPC]","N/A","No","12/31/2027"
"glyburide and metformin hydrochloride","65841-824-05","1.25 mg/1,  250 mg/1","TABLET","ORAL","ANDA206748","Zydus Lifesciences Limited","65841-824","glyburide and metformin hydrochloride","GLYBURIDE,  METFORMIN HYDROCHLORIDE","HUMAN PRESCRIPTION DRUG","04/07/2016","N/A","ANDA","500 TABLET in 1 BOTTLE (65841-824-05)","Biguanide [EPC],  Biguanides [CS],  Sulfonylurea Compounds [CS],  Sulfonylurea [EPC]","N/A","No","12/31/2027"
"glyburide and metformin hydrochloride","65841-824-06","1.25 mg/1,  250 mg/1","TABLET","ORAL","ANDA206748","Zydus Lifesciences Limited","65841-824","glyburide and metformin hydrochloride","GLYBURIDE,  METFORMIN HYDROCHLORIDE","HUMAN PRESCRIPTION DRUG","04/07/2016","N/A","ANDA","30 TABLET in 1 BOTTLE (65841-824-06)","Biguanide [EPC],  Biguanides [CS],  Sulfonylurea Compounds [CS],  Sulfonylurea [EPC]","N/A","No","12/31/2027"
"glyburide and metformin hydrochloride","65841-824-10","1.25 mg/1,  250 mg/1","TABLET","ORAL","ANDA206748","Zydus Lifesciences Limited","65841-824","glyburide and metformin hydrochloride","GLYBURIDE,  METFORMIN HYDROCHLORIDE","HUMAN PRESCRIPTION DRUG","04/07/2016","N/A","ANDA","1000 TABLET in 1 BOTTLE (65841-824-10)","Biguanide [EPC],  Biguanides [CS],  Sulfonylurea Compounds [CS],  Sulfonylurea [EPC]","N/A","No","12/31/2027"
"glyburide and metformin hydrochloride","65841-824-16","1.25 mg/1,  250 mg/1","TABLET","ORAL","ANDA206748","Zydus Lifesciences Limited","65841-824","glyburide and metformin hydrochloride","GLYBURIDE,  METFORMIN HYDROCHLORIDE","HUMAN PRESCRIPTION DRUG","04/07/2016","N/A","ANDA","90 TABLET in 1 BOTTLE (65841-824-16)","Biguanide [EPC],  Biguanides [CS],  Sulfonylurea Compounds [CS],  Sulfonylurea [EPC]","N/A","No","12/31/2027"
"glyburide and metformin hydrochloride","65841-824-77","1.25 mg/1,  250 mg/1","TABLET","ORAL","ANDA206748","Zydus Lifesciences Limited","65841-824","glyburide and metformin hydrochloride","GLYBURIDE,  METFORMIN HYDROCHLORIDE","HUMAN PRESCRIPTION DRUG","04/07/2016","N/A","ANDA","10 BLISTER PACK in 1 CARTON (65841-824-77)  / 10 TABLET in 1 BLISTER PACK (65841-824-30)","Biguanide [EPC],  Biguanides [CS],  Sulfonylurea Compounds [CS],  Sulfonylurea [EPC]","N/A","No","12/31/2027"
"Glyburide and Metformin Hydrochloride","68071-4718-3","5 mg/1,  500 mg/1","TABLET, FILM COATED","ORAL","ANDA077870","NuCare Pharmaceuticals,Inc.","68071-4718","Glyburide and Metformin Hydrochloride","GLYBURIDE,  METFORMIN HYDROCHLORIDE","HUMAN PRESCRIPTION DRUG","01/17/2019","N/A","ANDA","30 TABLET, FILM COATED in 1 BOTTLE (68071-4718-3)","Biguanide [EPC],  Biguanides [CS],  Sulfonylurea Compounds [CS],  Sulfonylurea [EPC]","N/A","No","12/31/2026"
"Metformin Hydrochloride","42806-315-01","1000 mg/1","TABLET, FILM COATED","ORAL","ANDA090564","Epic Pharma, LLC","42806-315","Metformin Hydrochloride","METFORMIN HYDROCHLORIDE","HUMAN PRESCRIPTION DRUG","03/13/2017","N/A","ANDA","100 TABLET, FILM COATED in 1 BOTTLE (42806-315-01)","Biguanide [EPC],  Biguanides [CS]","N/A","No","12/31/2026"
"Metformin Hydrochloride","42806-315-05","1000 mg/1","TABLET, FILM COATED","ORAL","ANDA090564","Epic Pharma, LLC","42806-315","Metformin Hydrochloride","METFORMIN HYDROCHLORIDE","HUMAN PRESCRIPTION DRUG","03/13/2017","N/A","ANDA","500 TABLET, FILM COATED in 1 BOTTLE (42806-315-05)","Biguanide [EPC],  Biguanides [CS]","N/A","No","12/31/2026"
"Metformin Hydrochloride","42806-315-10","1000 mg/1","TABLET, FILM COATED","ORAL","ANDA090564","Epic Pharma, LLC","42806-315","Metformin Hydrochloride","METFORMIN HYDROCHLORIDE","HUMAN PRESCRIPTION DRUG","03/13/2017","N/A","ANDA","1000 TABLET, FILM COATED in 1 BOTTLE (42806-315-10)","Biguanide [EPC],  Biguanides [CS]","N/A","No","12/31/2026"
"Metformin Hydrochloride","50090-5396-0","500 mg/1","TABLET, EXTENDED RELEASE","ORAL","ANDA206145","A-S Medication Solutions","50090-5396","Metformin Hydrochloride","METFORMIN HYDROCHLORIDE","HUMAN PRESCRIPTION DRUG","12/02/2020","N/A","ANDA","60 TABLET, EXTENDED RELEASE in 1 BOTTLE (50090-5396-0)","Biguanide [EPC],  Biguanides [CS]","N/A","No","12/31/2026"
"Metformin Hydrochloride","50090-5396-1","500 mg/1","TABLET, EXTENDED RELEASE","ORAL","ANDA206145","A-S Medication Solutions","50090-5396","Metformin Hydrochloride","METFORMIN HYDROCHLORIDE","HUMAN PRESCRIPTION DRUG","12/02/2020","N/A","ANDA","30 TABLET, EXTENDED RELEASE in 1 BOTTLE (50090-5396-1)","Biguanide [EPC],  Biguanides [CS]","N/A","No","12/31/2026"
"Metformin Hydrochloride","50090-5396-2","500 mg/1","TABLET, EXTENDED RELEASE","ORAL","ANDA206145","A-S Medication Solutions","50090-5396","Metformin Hydrochloride","METFORMIN HYDROCHLORIDE","HUMAN PRESCRIPTION DRUG","12/02/2020","N/A","ANDA","90 TABLET, EXTENDED RELEASE in 1 BOTTLE (50090-5396-2)","Biguanide [EPC],  Biguanides [CS]","N/A","No","12/31/2026"
"Metformin Hydrochloride","50090-5396-3","500 mg/1","TABLET, EXTENDED RELEASE","ORAL","ANDA206145","A-S Medication Solutions","50090-5396","Metformin Hydrochloride","METFORMIN HYDROCHLORIDE","HUMAN PRESCRIPTION DRUG","12/02/2020","N/A","ANDA","180 TABLET, EXTENDED RELEASE in 1 BOTTLE (50090-5396-3)","Biguanide [EPC],  Biguanides [CS]","N/A","No","12/31/2026"
"Metformin Hydrochloride","50090-5396-4","500 mg/1","TABLET, EXTENDED RELEASE","ORAL","ANDA206145","A-S Medication Solutions","50090-5396","Metformin Hydrochloride","METFORMIN HYDROCHLORIDE","HUMAN PRESCRIPTION DRUG","03/13/2023","N/A","ANDA","100 TABLET, EXTENDED RELEASE in 1 BOTTLE (50090-5396-4)","Biguanide [EPC],  Biguanides [CS]","N/A","No","12/31/2026"
"Metformin Hydrochloride","59651-856-01","1000 mg/1","TABLET, FILM COATED","ORAL","ANDA077095","Aurobindo Pharma Limited","59651-856","Metformin Hydrochloride","METFORMIN HYDROCHLORIDE","HUMAN PRESCRIPTION DRUG","03/29/2024","N/A","ANDA","100 TABLET, FILM COATED in 1 BOTTLE (59651-856-01)","Biguanide [EPC],  Biguanides [CS]","N/A","No","12/31/2027"
"Metformin Hydrochloride","59651-856-05","1000 mg/1","TABLET, FILM COATED","ORAL","ANDA077095","Aurobindo Pharma Limited","59651-856","Metformin Hydrochloride","METFORMIN HYDROCHLORIDE","HUMAN PRESCRIPTION DRUG","03/29/2024","N/A","ANDA","500 TABLET, FILM COATED in 1 BOTTLE (59651-856-05)","Biguanide [EPC],  Biguanides [CS]","N/A","No","12/31/2027"
"Metformin Hydrochloride","59651-856-22","1000 mg/1","TABLET, FILM COATED","ORAL","ANDA077095","Aurobindo Pharma Limited","59651-856","Metformin Hydrochloride","METFORMIN HYDROCHLORIDE","HUMAN PRESCRIPTION DRUG","03/29/2024","N/A","ANDA","2000 TABLET, FILM COATED in 1 BOTTLE (59651-856-22)","Biguanide [EPC],  Biguanides [CS]","N/A","No","12/31/2027"
"Metformin Hydrochloride","59651-856-50","1000 mg/1","TABLET, FILM COATED","ORAL","ANDA077095","Aurobindo Pharma Limited","59651-856","Metformin Hydrochloride","METFORMIN HYDROCHLORIDE","HUMAN PRESCRIPTION DRUG","03/29/2024","N/A","ANDA","50 TABLET, FILM COATED in 1 BOTTLE (59651-856-50)","Biguanide [EPC],  Biguanides [CS]","N/A","No","12/31/2027"
"Metformin Hydrochloride","59651-856-60","1000 mg/1","TABLET, FILM COATED","ORAL","ANDA077095","Aurobindo Pharma Limited","59651-856","Metformin Hydrochloride","METFORMIN HYDROCHLORIDE","HUMAN PRESCRIPTION DRUG","03/29/2024","N/A","ANDA","60 TABLET, FILM COATED in 1 BOTTLE (59651-856-60)","Biguanide [EPC],  Biguanides [CS]","N/A","No","12/31/2027"
"Metformin Hydrochloride","59651-856-79","1000 mg/1","TABLET, FILM COATED","ORAL","ANDA077095","Aurobindo Pharma Limited","59651-856","Metformin Hydrochloride","METFORMIN HYDROCHLORIDE","HUMAN PRESCRIPTION DRUG","03/29/2024","N/A","ANDA","300 TABLET, FILM COATED in 1 BOTTLE (59651-856-79)","Biguanide [EPC],  Biguanides [CS]","N/A","No","12/31/2027"
"Metformin Hydrochloride","59651-856-90","1000 mg/1","TABLET, FILM COATED","ORAL","ANDA077095","Aurobindo Pharma Limited","59651-856","Metformin Hydrochloride","METFORMIN HYDROCHLORIDE","HUMAN PRESCRIPTION DRUG","03/29/2024","N/A","ANDA","90 TABLET, FILM COATED in 1 BOTTLE (59651-856-90)","Biguanide [EPC],  Biguanides [CS]","N/A","No","12/31/2027"
"Metformin Hydrochloride","59651-856-99","1000 mg/1","TABLET, FILM COATED","ORAL","ANDA077095","Aurobindo Pharma Limited","59651-856","Metformin Hydrochloride","METFORMIN HYDROCHLORIDE","HUMAN PRESCRIPTION DRUG","03/29/2024","N/A","ANDA","1000 TABLET, FILM COATED in 1 BOTTLE (59651-856-99)","Biguanide [EPC],  Biguanides [CS]","N/A","No","12/31/2027"
"METFORMIN HYDROCHLORIDE","60429-112-01","850 mg/1","TABLET","ORAL","ANDA203769","Golden State Medical Supply, Inc.","60429-112","METFORMIN HYDROCHLORIDE","METFORMIN HYDROCHLORIDE","HUMAN PRESCRIPTION DRUG","05/01/2020","N/A","ANDA","100 TABLET in 1 BOTTLE (60429-112-01)","Biguanide [EPC],  Biguanides [CS]","N/A","No","12/31/2026"
"METFORMIN HYDROCHLORIDE","60429-112-05","850 mg/1","TABLET","ORAL","ANDA203769","Golden State Medical Supply, Inc.","60429-112","METFORMIN HYDROCHLORIDE","METFORMIN HYDROCHLORIDE","HUMAN PRESCRIPTION DRUG","10/23/2013","N/A","ANDA","500 TABLET in 1 BOTTLE (60429-112-05)","Biguanide [EPC],  Biguanides [CS]","N/A","No","12/31/2026"
"METFORMIN HYDROCHLORIDE","63629-9147-1","750 mg/1","TABLET, EXTENDED RELEASE","ORAL","ANDA076756","Bryant Ranch Prepack","63629-9147","METFORMIN HYDROCHLORIDE","METFORMIN HYDROCHLORIDE","HUMAN PRESCRIPTION DRUG","01/26/2022","N/A","ANDA","100 TABLET, EXTENDED RELEASE in 1 BOTTLE (63629-9147-1)","Biguanide [EPC],  Biguanides [CS]","N/A","No","12/31/2026"
"glyburide and metformin hydrochloride","65841-825-01","2.5 mg/1,  500 mg/1","TABLET","ORAL","ANDA206748","Zydus Lifesciences Limited","65841-825","glyburide and metformin hydrochloride","GLYBURIDE,  METFORMIN HYDROCHLORIDE","HUMAN PRESCRIPTION DRUG","04/07/2016","N/A","ANDA","100 TABLET in 1 BOTTLE (65841-825-01)","Biguanide [EPC],  Biguanides [CS],  Sulfonylurea Compounds [CS],  Sulfonylurea [EPC]","N/A","No","12/31/2027"
"glyburide and metformin hydrochloride","65841-825-05","2.5 mg/1,  500 mg/1","TABLET","ORAL","ANDA206748","Zydus Lifesciences Limited","65841-825","glyburide and metformin hydrochloride","GLYBURIDE,  METFORMIN HYDROCHLORIDE","HUMAN PRESCRIPTION DRUG","04/07/2016","N/A","ANDA","500 TABLET in 1 BOTTLE (65841-825-05)","Biguanide [EPC],  Biguanides [CS],  Sulfonylurea Compounds [CS],  Sulfonylurea [EPC]","N/A","No","12/31/2027"
"glyburide and metformin hydrochloride","65841-825-06","2.5 mg/1,  500 mg/1","TABLET","ORAL","ANDA206748","Zydus Lifesciences Limited","65841-825","glyburide and metformin hydrochloride","GLYBURIDE,  METFORMIN HYDROCHLORIDE","HUMAN PRESCRIPTION DRUG","04/07/2016","N/A","ANDA","30 TABLET in 1 BOTTLE (65841-825-06)","Biguanide [EPC],  Biguanides [CS],  Sulfonylurea Compounds [CS],  Sulfonylurea [EPC]","N/A","No","12/31/2027"
"glyburide and metformin hydrochloride","65841-825-10","2.5 mg/1,  500 mg/1","TABLET","ORAL","ANDA206748","Zydus Lifesciences Limited","65841-825","glyburide and metformin hydrochloride","GLYBURIDE,  METFORMIN HYDROCHLORIDE","HUMAN PRESCRIPTION DRUG","04/07/2016","N/A","ANDA","1000 TABLET in 1 BOTTLE (65841-825-10)","Biguanide [EPC],  Biguanides [CS],  Sulfonylurea Compounds [CS],  Sulfonylurea [EPC]","N/A","No","12/31/2027"
"glyburide and metformin hydrochloride","65841-825-16","2.5 mg/1,  500 mg/1","TABLET","ORAL","ANDA206748","Zydus Lifesciences Limited","65841-825","glyburide and metformin hydrochloride","GLYBURIDE,  METFORMIN HYDROCHLORIDE","HUMAN PRESCRIPTION DRUG","04/07/2016","N/A","ANDA","90 TABLET in 1 BOTTLE (65841-825-16)","Biguanide [EPC],  Biguanides [CS],  Sulfonylurea Compounds [CS],  Sulfonylurea [EPC]","N/A","No","12/31/2027"
"glyburide and metformin hydrochloride","65841-825-77","2.5 mg/1,  500 mg/1","TABLET","ORAL","ANDA206748","Zydus Lifesciences Limited","65841-825","glyburide and metformin hydrochloride","GLYBURIDE,  METFORMIN HYDROCHLORIDE","HUMAN PRESCRIPTION DRUG","04/07/2016","N/A","ANDA","10 BLISTER PACK in 1 CARTON (65841-825-77)  / 10 TABLET in 1 BLISTER PACK (65841-825-30)","Biguanide [EPC],  Biguanides [CS],  Sulfonylurea Compounds [CS],  Sulfonylurea [EPC]","N/A","No","12/31/2027"
"Metformin Hydrochloride","50090-5397-0","500 mg/1","TABLET, EXTENDED RELEASE","ORAL","ANDA206145","A-S Medication Solutions","50090-5397","Metformin Hydrochloride","METFORMIN HYDROCHLORIDE","HUMAN PRESCRIPTION DRUG","12/02/2020","N/A","ANDA","90 TABLET, EXTENDED RELEASE in 1 BOTTLE (50090-5397-0)","Biguanide [EPC],  Biguanides [CS]","N/A","No","12/31/2026"
"Metformin Hydrochloride","55154-4172-0","500 mg/1","TABLET","ORAL","ANDA090564","Cardinal Health 107, LLC","55154-4172","Metformin Hydrochloride","METFORMIN HYDROCHLORIDE","HUMAN PRESCRIPTION DRUG","06/26/2019","N/A","ANDA","10 BLISTER PACK in 1 BAG (55154-4172-0)  / 1 TABLET in 1 BLISTER PACK","Biguanide [EPC],  Biguanides [CS]","N/A","No","12/31/2027"
"METFORMIN HYDROCHLORIDE","60429-113-01","1000 mg/1","TABLET","ORAL","ANDA203769","Golden State Medical Supply, Inc.","60429-113","METFORMIN HYDROCHLORIDE","METFORMIN HYDROCHLORIDE","HUMAN PRESCRIPTION DRUG","05/01/2020","N/A","ANDA","100 TABLET in 1 BOTTLE (60429-113-01)","Biguanide [EPC],  Biguanides [CS]","N/A","No","12/31/2026"
"METFORMIN HYDROCHLORIDE","60429-113-05","1000 mg/1","TABLET","ORAL","ANDA203769","Golden State Medical Supply, Inc.","60429-113","METFORMIN HYDROCHLORIDE","METFORMIN HYDROCHLORIDE","HUMAN PRESCRIPTION DRUG","10/23/2013","N/A","ANDA","500 TABLET in 1 BOTTLE (60429-113-05)","Biguanide [EPC],  Biguanides [CS]","N/A","No","12/31/2026"
"METFORMIN HYDROCHLORIDE","72789-409-90","850 mg/1","TABLET","ORAL","ANDA213320","PD-Rx Pharmaceuticals, Inc.","72789-409","metformin hydrochloride","METFORMIN HYDROCHLORIDE","HUMAN PRESCRIPTION DRUG","06/07/2024","03/31/2027","ANDA","90 TABLET in 1 BOTTLE, PLASTIC (72789-409-90)","Biguanide [EPC],  Biguanides [CS]","N/A","No","N/A"
"Linagliptin and metformin hydrochloride","72205-407-01","2.5 mg/1,  500 mg/1","TABLET, FILM COATED","ORAL","ANDA208459","Novadoz Pharmaceuticals LLC","72205-407","Linagliptin and metformin hydrochloride","LINAGLIPTIN,  METFORMIN HYDROCHLORIDE","HUMAN PRESCRIPTION DRUG","11/04/2025","N/A","ANDA","60 TABLET, FILM COATED in 1 BOTTLE (72205-407-01)","Biguanide [EPC],  Biguanides [CS],  Dipeptidyl Peptidase 4 Inhibitor [EPC],  Dipeptidyl Peptidase 4 Inhibitors [MoA]","N/A","No","12/31/2026"
"Linagliptin and metformin hydrochloride","72205-407-02","2.5 mg/1,  500 mg/1","TABLET, FILM COATED","ORAL","ANDA208459","Novadoz Pharmaceuticals LLC","72205-407","Linagliptin and metformin hydrochloride","LINAGLIPTIN,  METFORMIN HYDROCHLORIDE","HUMAN PRESCRIPTION DRUG","11/04/2025","N/A","ANDA","180 TABLET, FILM COATED in 1 BOTTLE (72205-407-02)","Biguanide [EPC],  Biguanides [CS],  Dipeptidyl Peptidase 4 Inhibitor [EPC],  Dipeptidyl Peptidase 4 Inhibitors [MoA]","N/A","No","12/31/2026"
"METFORMIN HYDROCHLORIDE","0615-8289-28","500 mg/1","TABLET, EXTENDED RELEASE","ORAL","ANDA201991","NCS HealthCare of KY, LLC dba Vangard Labs","0615-8289","metformin hydrochloride","METFORMIN HYDROCHLORIDE","HUMAN PRESCRIPTION DRUG","03/28/2024","N/A","ANDA","28 TABLET, EXTENDED RELEASE in 1 BLISTER PACK (0615-8289-28)","Biguanide [EPC],  Biguanides [CS]","N/A","No","12/31/2026"
"METFORMIN HYDROCHLORIDE","0615-8289-39","500 mg/1","TABLET, EXTENDED RELEASE","ORAL","ANDA201991","NCS HealthCare of KY, LLC dba Vangard Labs","0615-8289","metformin hydrochloride","METFORMIN HYDROCHLORIDE","HUMAN PRESCRIPTION DRUG","06/10/2019","N/A","ANDA","30 TABLET, EXTENDED RELEASE in 1 BLISTER PACK (0615-8289-39)","Biguanide [EPC],  Biguanides [CS]","N/A","No","12/31/2026"
"glyburide and metformin hydrochloride","65841-826-01","5 mg/1,  500 mg/1","TABLET","ORAL","ANDA206748","Zydus Lifesciences Limited","65841-826","glyburide and metformin hydrochloride","GLYBURIDE,  METFORMIN HYDROCHLORIDE","HUMAN PRESCRIPTION DRUG","04/07/2016","N/A","ANDA","100 TABLET in 1 BOTTLE (65841-826-01)","Biguanide [EPC],  Biguanides [CS],  Sulfonylurea Compounds [CS],  Sulfonylurea [EPC]","N/A","No","12/31/2027"
"glyburide and metformin hydrochloride","65841-826-05","5 mg/1,  500 mg/1","TABLET","ORAL","ANDA206748","Zydus Lifesciences Limited","65841-826","glyburide and metformin hydrochloride","GLYBURIDE,  METFORMIN HYDROCHLORIDE","HUMAN PRESCRIPTION DRUG","04/07/2016","N/A","ANDA","500 TABLET in 1 BOTTLE (65841-826-05)","Biguanide [EPC],  Biguanides [CS],  Sulfonylurea Compounds [CS],  Sulfonylurea [EPC]","N/A","No","12/31/2027"
"glyburide and metformin hydrochloride","65841-826-06","5 mg/1,  500 mg/1","TABLET","ORAL","ANDA206748","Zydus Lifesciences Limited","65841-826","glyburide and metformin hydrochloride","GLYBURIDE,  METFORMIN HYDROCHLORIDE","HUMAN PRESCRIPTION DRUG","04/07/2016","N/A","ANDA","30 TABLET in 1 BOTTLE (65841-826-06)","Biguanide [EPC],  Biguanides [CS],  Sulfonylurea Compounds [CS],  Sulfonylurea [EPC]","N/A","No","12/31/2027"
"glyburide and metformin hydrochloride","65841-826-10","5 mg/1,  500 mg/1","TABLET","ORAL","ANDA206748","Zydus Lifesciences Limited","65841-826","glyburide and metformin hydrochloride","GLYBURIDE,  METFORMIN HYDROCHLORIDE","HUMAN PRESCRIPTION DRUG","04/07/2016","N/A","ANDA","1000 TABLET in 1 BOTTLE (65841-826-10)","Biguanide [EPC],  Biguanides [CS],  Sulfonylurea Compounds [CS],  Sulfonylurea [EPC]","N/A","No","12/31/2027"
"glyburide and metformin hydrochloride","65841-826-16","5 mg/1,  500 mg/1","TABLET","ORAL","ANDA206748","Zydus Lifesciences Limited","65841-826","glyburide and metformin hydrochloride","GLYBURIDE,  METFORMIN HYDROCHLORIDE","HUMAN PRESCRIPTION DRUG","04/07/2016","N/A","ANDA","90 TABLET in 1 BOTTLE (65841-826-16)","Biguanide [EPC],  Biguanides [CS],  Sulfonylurea Compounds [CS],  Sulfonylurea [EPC]","N/A","No","12/31/2027"
"glyburide and metformin hydrochloride","65841-826-77","5 mg/1,  500 mg/1","TABLET","ORAL","ANDA206748","Zydus Lifesciences Limited","65841-826","glyburide and metformin hydrochloride","GLYBURIDE,  METFORMIN HYDROCHLORIDE","HUMAN PRESCRIPTION DRUG","04/07/2016","N/A","ANDA","10 BLISTER PACK in 1 CARTON (65841-826-77)  / 10 TABLET in 1 BLISTER PACK (65841-826-30)","Biguanide [EPC],  Biguanides [CS],  Sulfonylurea Compounds [CS],  Sulfonylurea [EPC]","N/A","No","12/31/2027"
"METFORMIN HYDROCHLORIDE EXTENDED RELEASE","51655-555-96","500 mg/1","TABLET, EXTENDED RELEASE","ORAL","ANDA090295","Northwind Health Company, LLC","51655-555","Metformin Hydrochloride","METFORMIN HYDROCHLORIDE","HUMAN PRESCRIPTION DRUG","12/30/2025","N/A","ANDA","180 TABLET, EXTENDED RELEASE in 1 BOTTLE, PLASTIC (51655-555-96)","Biguanide [EPC],  Biguanides [CS]","N/A","No","12/31/2027"
"Metformin Hydrochloride","0904-7163-61","850 mg/1","TABLET","ORAL","ANDA090564","Major Pharmaceuticals","0904-7163","Metformin Hydrochloride","METFORMIN HYDROCHLORIDE","HUMAN PRESCRIPTION DRUG","06/26/2019","N/A","ANDA","100 BLISTER PACK in 1 CARTON (0904-7163-61)  / 1 TABLET in 1 BLISTER PACK","Biguanide [EPC],  Biguanides [CS]","N/A","No","12/31/2027"
"Metformin Hydrochloride","51655-556-25","500 mg/1","TABLET","ORAL","ANDA090564","Northwind Health Company, LLC","51655-556","Metformin Hydrochloride","METFORMIN HYDROCHLORIDE","HUMAN PRESCRIPTION DRUG","09/16/2022","N/A","ANDA","60 TABLET in 1 BOTTLE, PLASTIC (51655-556-25)","Biguanide [EPC],  Biguanides [CS]","N/A","No","12/31/2027"
"Metformin Hydrochloride","51655-556-26","500 mg/1","TABLET","ORAL","ANDA090564","Northwind Health Company, LLC","51655-556","Metformin Hydrochloride","METFORMIN HYDROCHLORIDE","HUMAN PRESCRIPTION DRUG","08/11/2022","N/A","ANDA","90 TABLET in 1 BOTTLE, PLASTIC (51655-556-26)","Biguanide [EPC],  Biguanides [CS]","N/A","No","12/31/2027"
"Metformin Hydrochloride","51655-556-52","500 mg/1","TABLET","ORAL","ANDA090564","Northwind Health Company, LLC","51655-556","Metformin Hydrochloride","METFORMIN HYDROCHLORIDE","HUMAN PRESCRIPTION DRUG","09/16/2022","N/A","ANDA","30 TABLET in 1 BOTTLE, PLASTIC (51655-556-52)","Biguanide [EPC],  Biguanides [CS]","N/A","No","12/31/2027"
"Metformin Hydrochloride","58657-726-30","625 mg/1","TABLET","ORAL","ANDA203769","Method Pharmaceuticals, LLC.","58657-726","Metformin Hydrochloride","METFORMIN HYDROCHLORIDE","HUMAN PRESCRIPTION DRUG","02/09/2026","N/A","ANDA","30 TABLET in 1 BOTTLE (58657-726-30)","Biguanide [EPC],  Biguanides [CS]","N/A","No","12/31/2027"
"Metformin Hydrochloride","58657-727-30","750 mg/1","TABLET","ORAL","ANDA203769","Method Pharmaceuticals, LLC.","58657-727","Metformin Hydrochloride","METFORMIN HYDROCHLORIDE","HUMAN PRESCRIPTION DRUG","02/09/2026","N/A","ANDA","30 TABLET in 1 BOTTLE (58657-727-30)","Biguanide [EPC],  Biguanides [CS]","N/A","No","12/31/2027"
"Metformin Hydrochloride","68788-8600-1","1000 mg/1","TABLET, FILM COATED","ORAL","ANDA209882","Preferred Pharmaceuticals Inc.","68788-8600","Metformin Hydrochloride","METFORMIN HYDROCHLORIDE","HUMAN PRESCRIPTION DRUG","03/08/2024","N/A","ANDA","100 TABLET, FILM COATED in 1 BOTTLE (68788-8600-1)","Biguanide [EPC],  Biguanides [CS]","N/A","No","12/31/2026"
"Metformin Hydrochloride","68788-8600-3","1000 mg/1","TABLET, FILM COATED","ORAL","ANDA209882","Preferred Pharmaceuticals Inc.","68788-8600","Metformin Hydrochloride","METFORMIN HYDROCHLORIDE","HUMAN PRESCRIPTION DRUG","03/08/2024","N/A","ANDA","30 TABLET, FILM COATED in 1 BOTTLE (68788-8600-3)","Biguanide [EPC],  Biguanides [CS]","N/A","No","12/31/2026"
"Metformin Hydrochloride","68788-8600-6","1000 mg/1","TABLET, FILM COATED","ORAL","ANDA209882","Preferred Pharmaceuticals Inc.","68788-8600","Metformin Hydrochloride","METFORMIN HYDROCHLORIDE","HUMAN PRESCRIPTION DRUG","03/08/2024","N/A","ANDA","60 TABLET, FILM COATED in 1 BOTTLE (68788-8600-6)","Biguanide [EPC],  Biguanides [CS]","N/A","No","12/31/2026"
"Metformin Hydrochloride","68788-8600-7","1000 mg/1","TABLET, FILM COATED","ORAL","ANDA209882","Preferred Pharmaceuticals Inc.","68788-8600","Metformin Hydrochloride","METFORMIN HYDROCHLORIDE","HUMAN PRESCRIPTION DRUG","03/08/2024","N/A","ANDA","180 TABLET, FILM COATED in 1 BOTTLE (68788-8600-7)","Biguanide [EPC],  Biguanides [CS]","N/A","No","12/31/2026"
"Metformin Hydrochloride","68788-8600-8","1000 mg/1","TABLET, FILM COATED","ORAL","ANDA209882","Preferred Pharmaceuticals Inc.","68788-8600","Metformin Hydrochloride","METFORMIN HYDROCHLORIDE","HUMAN PRESCRIPTION DRUG","03/08/2024","N/A","ANDA","120 TABLET, FILM COATED in 1 BOTTLE (68788-8600-8)","Biguanide [EPC],  Biguanides [CS]","N/A","No","12/31/2026"
"Metformin Hydrochloride","68788-8600-9","1000 mg/1","TABLET, FILM COATED","ORAL","ANDA209882","Preferred Pharmaceuticals Inc.","68788-8600","Metformin Hydrochloride","METFORMIN HYDROCHLORIDE","HUMAN PRESCRIPTION DRUG","03/08/2024","N/A","ANDA","90 TABLET, FILM COATED in 1 BOTTLE (68788-8600-9)","Biguanide [EPC],  Biguanides [CS]","N/A","No","12/31/2026"
"METFORMIN HYDROCHLORIDE","68788-8866-1","500 mg/1","TABLET, EXTENDED RELEASE","ORAL","ANDA217631","Preferred Pharmaceuticals Inc.","68788-8866","METFORMIN HYDROCHLORIDE","METFORMIN HYDROCHLORIDE","HUMAN PRESCRIPTION DRUG","04/23/2025","N/A","ANDA","100 TABLET, EXTENDED RELEASE in 1 BOTTLE (68788-8866-1)","Biguanide [EPC],  Biguanides [CS]","N/A","No","12/31/2026"
"METFORMIN HYDROCHLORIDE","68788-8866-3","500 mg/1","TABLET, EXTENDED RELEASE","ORAL","ANDA217631","Preferred Pharmaceuticals Inc.","68788-8866","METFORMIN HYDROCHLORIDE","METFORMIN HYDROCHLORIDE","HUMAN PRESCRIPTION DRUG","04/23/2025","N/A","ANDA","30 TABLET, EXTENDED RELEASE in 1 BOTTLE (68788-8866-3)","Biguanide [EPC],  Biguanides [CS]","N/A","No","12/31/2026"
"METFORMIN HYDROCHLORIDE","68788-8866-6","500 mg/1","TABLET, EXTENDED RELEASE","ORAL","ANDA217631","Preferred Pharmaceuticals Inc.","68788-8866","METFORMIN HYDROCHLORIDE","METFORMIN HYDROCHLORIDE","HUMAN PRESCRIPTION DRUG","04/23/2025","N/A","ANDA","60 TABLET, EXTENDED RELEASE in 1 BOTTLE (68788-8866-6)","Biguanide [EPC],  Biguanides [CS]","N/A","No","12/31/2026"
"METFORMIN HYDROCHLORIDE","68788-8866-8","500 mg/1","TABLET, EXTENDED RELEASE","ORAL","ANDA217631","Preferred Pharmaceuticals Inc.","68788-8866","METFORMIN HYDROCHLORIDE","METFORMIN HYDROCHLORIDE","HUMAN PRESCRIPTION DRUG","04/23/2025","N/A","ANDA","120 TABLET, EXTENDED RELEASE in 1 BOTTLE (68788-8866-8)","Biguanide [EPC],  Biguanides [CS]","N/A","No","12/31/2026"
"METFORMIN HYDROCHLORIDE","68788-8866-9","500 mg/1","TABLET, EXTENDED RELEASE","ORAL","ANDA217631","Preferred Pharmaceuticals Inc.","68788-8866","METFORMIN HYDROCHLORIDE","METFORMIN HYDROCHLORIDE","HUMAN PRESCRIPTION DRUG","04/23/2025","N/A","ANDA","90 TABLET, EXTENDED RELEASE in 1 BOTTLE (68788-8866-9)","Biguanide [EPC],  Biguanides [CS]","N/A","No","12/31/2026"
"METFORMIN HYDROCHLORIDE","43547-503-10","500 mg/1","TABLET, EXTENDED RELEASE","ORAL","ANDA212681","Solco Healthcare US, LLC.","43547-503","metformin hydrochloride","METFORMIN HYDROCHLORIDE","HUMAN PRESCRIPTION DRUG","05/31/2022","N/A","ANDA","100 TABLET, EXTENDED RELEASE in 1 BOTTLE (43547-503-10)","Biguanide [EPC],  Biguanides [CS]","N/A","No","12/31/2026"
"METFORMIN HYDROCHLORIDE","43547-503-50","500 mg/1","TABLET, EXTENDED RELEASE","ORAL","ANDA212681","Solco Healthcare US, LLC.","43547-503","metformin hydrochloride","METFORMIN HYDROCHLORIDE","HUMAN PRESCRIPTION DRUG","05/31/2022","N/A","ANDA","500 TABLET, EXTENDED RELEASE in 1 BOTTLE (43547-503-50)","Biguanide [EPC],  Biguanides [CS]","N/A","No","12/31/2026"
"Synjardy XR","0597-0300-20","12.5 mg/1,  1000 mg/1","TABLET, EXTENDED RELEASE","ORAL","NDA208658","Boehringer Ingelheim Pharmaceuticals, Inc.","0597-0300","empagliflozin, metformin hydrochloride","EMPAGLIFLOZIN,  METFORMIN HYDROCHLORIDE","HUMAN PRESCRIPTION DRUG","12/10/2016","N/A","NDA","1 BOTTLE in 1 CARTON (0597-0300-20)  / 14 TABLET, EXTENDED RELEASE in 1 BOTTLE","Biguanide [EPC],  Biguanides [CS],  Sodium-Glucose Cotransporter 2 Inhibitor [EPC],  Sodium-Glucose Transporter 2 Inhibitors [MoA]","N/A","Yes","12/31/2027"
"Synjardy XR","0597-0300-45","12.5 mg/1,  1000 mg/1","TABLET, EXTENDED RELEASE","ORAL","NDA208658","Boehringer Ingelheim Pharmaceuticals, Inc.","0597-0300","empagliflozin, metformin hydrochloride","EMPAGLIFLOZIN,  METFORMIN HYDROCHLORIDE","HUMAN PRESCRIPTION DRUG","12/10/2016","N/A","NDA","60 TABLET, EXTENDED RELEASE in 1 BOTTLE (0597-0300-45)","Biguanide [EPC],  Biguanides [CS],  Sodium-Glucose Cotransporter 2 Inhibitor [EPC],  Sodium-Glucose Transporter 2 Inhibitors [MoA]","N/A","No","12/31/2027"
"Synjardy XR","0597-0300-93","12.5 mg/1,  1000 mg/1","TABLET, EXTENDED RELEASE","ORAL","NDA208658","Boehringer Ingelheim Pharmaceuticals, Inc.","0597-0300","empagliflozin, metformin hydrochloride","EMPAGLIFLOZIN,  METFORMIN HYDROCHLORIDE","HUMAN PRESCRIPTION DRUG","12/10/2016","N/A","NDA","180 TABLET, EXTENDED RELEASE in 1 BOTTLE (0597-0300-93)","Biguanide [EPC],  Biguanides [CS],  Sodium-Glucose Cotransporter 2 Inhibitor [EPC],  Sodium-Glucose Transporter 2 Inhibitors [MoA]","N/A","No","12/31/2027"
"Glipizide and Metformin Hydrochloride","0093-7455-01","2.5 mg/1,  250 mg/1","TABLET, FILM COATED","ORAL","ANDA077270","Teva Pharmaceuticals USA, Inc.","0093-7455","Glipizide and Metformin Hydrochloride","GLIPIZIDE,  METFORMIN HYDROCHLORIDE","HUMAN PRESCRIPTION DRUG","10/28/2005","N/A","ANDA","100 TABLET, FILM COATED in 1 BOTTLE (0093-7455-01)","Biguanide [EPC],  Biguanides [CS],  Sulfonylurea Compounds [CS],  Sulfonylurea [EPC]","N/A","No","12/31/2027"
"METFORMIN HYDROCHLORIDE","51655-559-25","500 mg/1","TABLET, EXTENDED RELEASE","ORAL","ANDA201991","Northwind Health Company, LLC","51655-559","metformin hydrochloride","METFORMIN HYDROCHLORIDE","HUMAN PRESCRIPTION DRUG","12/12/2023","N/A","ANDA","60 TABLET, EXTENDED RELEASE in 1 BOTTLE, PLASTIC (51655-559-25)","Biguanide [EPC],  Biguanides [CS]","N/A","No","12/31/2027"
"METFORMIN HYDROCHLORIDE","51655-559-26","500 mg/1","TABLET, EXTENDED RELEASE","ORAL","ANDA201991","Northwind Health Company, LLC","51655-559","metformin hydrochloride","METFORMIN HYDROCHLORIDE","HUMAN PRESCRIPTION DRUG","10/12/2023","N/A","ANDA","90 TABLET, EXTENDED RELEASE in 1 BOTTLE, PLASTIC (51655-559-26)","Biguanide [EPC],  Biguanides [CS]","N/A","No","12/31/2027"
"METFORMIN HYDROCHLORIDE","51655-559-52","500 mg/1","TABLET, EXTENDED RELEASE","ORAL","ANDA201991","Northwind Health Company, LLC","51655-559","metformin hydrochloride","METFORMIN HYDROCHLORIDE","HUMAN PRESCRIPTION DRUG","10/25/2023","N/A","ANDA","30 TABLET, EXTENDED RELEASE in 1 BOTTLE, PLASTIC (51655-559-52)","Biguanide [EPC],  Biguanides [CS]","N/A","No","12/31/2027"
"METFORMIN HYDROCHLORIDE","51655-559-82","500 mg/1","TABLET, EXTENDED RELEASE","ORAL","ANDA201991","Northwind Health Company, LLC","51655-559","metformin hydrochloride","METFORMIN HYDROCHLORIDE","HUMAN PRESCRIPTION DRUG","10/11/2023","N/A","ANDA","120 TABLET, EXTENDED RELEASE in 1 BOTTLE, PLASTIC (51655-559-82)","Biguanide [EPC],  Biguanides [CS]","N/A","No","12/31/2027"
"Linagliptin and metformin hydrochloride","72205-408-01","2.5 mg/1,  850 mg/1","TABLET, FILM COATED","ORAL","ANDA208459","Novadoz Pharmaceuticals LLC","72205-408","Linagliptin and metformin hydrochloride","LINAGLIPTIN,  METFORMIN HYDROCHLORIDE","HUMAN PRESCRIPTION DRUG","11/04/2025","N/A","ANDA","60 TABLET, FILM COATED in 1 BOTTLE (72205-408-01)","Biguanide [EPC],  Biguanides [CS],  Dipeptidyl Peptidase 4 Inhibitor [EPC],  Dipeptidyl Peptidase 4 Inhibitors [MoA]","N/A","No","12/31/2026"
"Linagliptin and metformin hydrochloride","72205-408-02","2.5 mg/1,  850 mg/1","TABLET, FILM COATED","ORAL","ANDA208459","Novadoz Pharmaceuticals LLC","72205-408","Linagliptin and metformin hydrochloride","LINAGLIPTIN,  METFORMIN HYDROCHLORIDE","HUMAN PRESCRIPTION DRUG","11/04/2025","N/A","ANDA","180 TABLET, FILM COATED in 1 BOTTLE (72205-408-02)","Biguanide [EPC],  Biguanides [CS],  Dipeptidyl Peptidase 4 Inhibitor [EPC],  Dipeptidyl Peptidase 4 Inhibitors [MoA]","N/A","No","12/31/2026"
"Linagliptin and metformin hydrochloride","72205-409-01","2.5 mg/1,  1000 mg/1","TABLET, FILM COATED","ORAL","ANDA208459","Novadoz Pharmaceuticals LLC","72205-409","Linagliptin and metformin hydrochloride","LINAGLIPTIN,  METFORMIN HYDROCHLORIDE","HUMAN PRESCRIPTION DRUG","11/04/2025","N/A","ANDA","60 TABLET, FILM COATED in 1 BOTTLE (72205-409-01)","Biguanide [EPC],  Biguanides [CS],  Dipeptidyl Peptidase 4 Inhibitor [EPC],  Dipeptidyl Peptidase 4 Inhibitors [MoA]","N/A","No","12/31/2026"
"Linagliptin and metformin hydrochloride","72205-409-02","2.5 mg/1,  1000 mg/1","TABLET, FILM COATED","ORAL","ANDA208459","Novadoz Pharmaceuticals LLC","72205-409","Linagliptin and metformin hydrochloride","LINAGLIPTIN,  METFORMIN HYDROCHLORIDE","HUMAN PRESCRIPTION DRUG","11/04/2025","N/A","ANDA","180 TABLET, FILM COATED in 1 BOTTLE (72205-409-02)","Biguanide [EPC],  Biguanides [CS],  Dipeptidyl Peptidase 4 Inhibitor [EPC],  Dipeptidyl Peptidase 4 Inhibitors [MoA]","N/A","No","12/31/2026"
"Sitagliptin and Metformin Hydrochloride","60505-3658-6","50 mg/1,  500 mg/1","TABLET, FILM COATED","ORAL","ANDA202426","Apotex Corp.","60505-3658","Sitagliptin and Metformin Hydrochloride","SITAGLIPTIN PHOSPHATE,  METFORMIN HYDROCHLORIDE","HUMAN PRESCRIPTION DRUG","05/28/2026","N/A","ANDA","60 TABLET, FILM COATED in 1 BOTTLE (60505-3658-6)","Biguanide [EPC],  Biguanides [CS],  Dipeptidyl Peptidase 4 Inhibitor [EPC],  Dipeptidyl Peptidase 4 Inhibitors [MoA]","N/A","No","12/31/2027"
"Sitagliptin and Metformin Hydrochloride","60505-3658-7","50 mg/1,  500 mg/1","TABLET, FILM COATED","ORAL","ANDA202426","Apotex Corp.","60505-3658","Sitagliptin and Metformin Hydrochloride","SITAGLIPTIN PHOSPHATE,  METFORMIN HYDROCHLORIDE","HUMAN PRESCRIPTION DRUG","05/28/2026","N/A","ANDA","180 TABLET, FILM COATED in 1 BOTTLE (60505-3658-7)","Biguanide [EPC],  Biguanides [CS],  Dipeptidyl Peptidase 4 Inhibitor [EPC],  Dipeptidyl Peptidase 4 Inhibitors [MoA]","N/A","No","12/31/2027"
"DAPAGLIFLOZIN AND METFORMIN HYDROCHLORIDE","72205-435-01","5 mg/1,  1000 mg/1","TABLET, FILM COATED, EXTENDED RELEASE","ORAL","ANDA211479","Novadoz Pharmaceuticals LLC","72205-435","DAPAGLIFLOZIN AND METFORMIN HYDROCHLORIDE","DAPAGLIFLOZIN,  METFORMIN HYDROCHLORIDE","HUMAN PRESCRIPTION DRUG","04/09/2026","N/A","ANDA","30 TABLET, FILM COATED, EXTENDED RELEASE in 1 BOTTLE (72205-435-01)","Biguanide [EPC],  Biguanides [CS],  Sodium-Glucose Cotransporter 2 Inhibitor [EPC],  Sodium-Glucose Transporter 2 Inhibitors [MoA]","N/A","No","12/31/2027"
"DAPAGLIFLOZIN AND METFORMIN HYDROCHLORIDE","72205-435-02","5 mg/1,  1000 mg/1","TABLET, FILM COATED, EXTENDED RELEASE","ORAL","ANDA211479","Novadoz Pharmaceuticals LLC","72205-435","DAPAGLIFLOZIN AND METFORMIN HYDROCHLORIDE","DAPAGLIFLOZIN,  METFORMIN HYDROCHLORIDE","HUMAN PRESCRIPTION DRUG","04/09/2026","N/A","ANDA","400 TABLET, FILM COATED, EXTENDED RELEASE in 1 BOTTLE (72205-435-02)","Biguanide [EPC],  Biguanides [CS],  Sodium-Glucose Cotransporter 2 Inhibitor [EPC],  Sodium-Glucose Transporter 2 Inhibitors [MoA]","N/A","No","12/31/2027"
"DAPAGLIFLOZIN AND METFORMIN HYDROCHLORIDE","72205-435-03","5 mg/1,  1000 mg/1","TABLET, FILM COATED, EXTENDED RELEASE","ORAL","ANDA211479","Novadoz Pharmaceuticals LLC","72205-435","DAPAGLIFLOZIN AND METFORMIN HYDROCHLORIDE","DAPAGLIFLOZIN,  METFORMIN HYDROCHLORIDE","HUMAN PRESCRIPTION DRUG","04/09/2026","N/A","ANDA","60 TABLET, FILM COATED, EXTENDED RELEASE in 1 BOTTLE (72205-435-03)","Biguanide [EPC],  Biguanides [CS],  Sodium-Glucose Cotransporter 2 Inhibitor [EPC],  Sodium-Glucose Transporter 2 Inhibitors [MoA]","N/A","No","12/31/2027"
"Metformin hydrochloride ER","76385-129-01","750 mg/1","TABLET, EXTENDED RELEASE","ORAL","ANDA207427","UNICHEM PHARMACEUTICALS (USA), INC.","76385-129","Metformin hydrochloride","METFORMIN HYDROCHLORIDE","HUMAN PRESCRIPTION DRUG","07/17/2018","N/A","ANDA","100 TABLET, EXTENDED RELEASE in 1 BOTTLE (76385-129-01)","Biguanide [EPC],  Biguanides [CS]","N/A","No","12/31/2027"
"Metformin hydrochloride ER","76385-129-50","750 mg/1","TABLET, EXTENDED RELEASE","ORAL","ANDA207427","UNICHEM PHARMACEUTICALS (USA), INC.","76385-129","Metformin hydrochloride","METFORMIN HYDROCHLORIDE","HUMAN PRESCRIPTION DRUG","07/17/2018","N/A","ANDA","500 TABLET, EXTENDED RELEASE in 1 BOTTLE (76385-129-50)","Biguanide [EPC],  Biguanides [CS]","N/A","No","12/31/2027"
"Metformin Hydrochloride","0904-7164-61","1000 mg/1","TABLET","ORAL","ANDA090564","Major Pharmaceuticals","0904-7164","Metformin Hydrochloride","METFORMIN HYDROCHLORIDE","HUMAN PRESCRIPTION DRUG","06/26/2019","N/A","ANDA","100 BLISTER PACK in 1 CARTON (0904-7164-61)  / 1 TABLET in 1 BLISTER PACK","Biguanide [EPC],  Biguanides [CS]","N/A","No","12/31/2027"
"METFORMIN HYDROCHLORIDE","43547-504-09","1000 mg/1","TABLET, EXTENDED RELEASE","ORAL","ANDA212681","Solco Healthcare US, LLC.","43547-504","metformin hydrochloride","METFORMIN HYDROCHLORIDE","HUMAN PRESCRIPTION DRUG","05/31/2022","N/A","ANDA","90 TABLET, EXTENDED RELEASE in 1 BOTTLE (43547-504-09)","Biguanide [EPC],  Biguanides [CS]","N/A","No","12/31/2026"
"METFORMIN HYDROCHLORIDE","43547-504-50","1000 mg/1","TABLET, EXTENDED RELEASE","ORAL","ANDA212681","Solco Healthcare US, LLC.","43547-504","metformin hydrochloride","METFORMIN HYDROCHLORIDE","HUMAN PRESCRIPTION DRUG","05/31/2022","N/A","ANDA","500 TABLET, EXTENDED RELEASE in 1 BOTTLE (43547-504-50)","Biguanide [EPC],  Biguanides [CS]","N/A","No","12/31/2026"
"Metformin Hydrochloride","51655-566-25","1000 mg/1","TABLET","ORAL","ANDA090564","Northwind Health Company, LLC","51655-566","Metformin Hydrochloride","METFORMIN HYDROCHLORIDE","HUMAN PRESCRIPTION DRUG","01/27/2021","N/A","ANDA","60 TABLET in 1 BOTTLE, PLASTIC (51655-566-25)","Biguanide [EPC],  Biguanides [CS]","N/A","No","12/31/2027"
"Metformin Hydrochloride","51655-566-26","1000 mg/1","TABLET","ORAL","ANDA090564","Northwind Health Company, LLC","51655-566","Metformin Hydrochloride","METFORMIN HYDROCHLORIDE","HUMAN PRESCRIPTION DRUG","09/15/2022","N/A","ANDA","90 TABLET in 1 BOTTLE, PLASTIC (51655-566-26)","Biguanide [EPC],  Biguanides [CS]","N/A","No","12/31/2027"
"Metformin Hydrochloride","51655-566-52","1000 mg/1","TABLET","ORAL","ANDA090564","Northwind Health Company, LLC","51655-566","Metformin Hydrochloride","METFORMIN HYDROCHLORIDE","HUMAN PRESCRIPTION DRUG","09/16/2022","N/A","ANDA","30 TABLET in 1 BOTTLE, PLASTIC (51655-566-52)","Biguanide [EPC],  Biguanides [CS]","N/A","No","12/31/2027"
"Metformin hydrochloride","76385-128-01","500 mg/1","TABLET, EXTENDED RELEASE","ORAL","ANDA207427","UNICHEM PHARMACEUTICALS (USA), INC.","76385-128","Metformin hydrochloride","METFORMIN HYDROCHLORIDE","HUMAN PRESCRIPTION DRUG","07/17/2018","N/A","ANDA","100 TABLET, EXTENDED RELEASE in 1 BOTTLE (76385-128-01)","Biguanide [EPC],  Biguanides [CS]","N/A","No","12/31/2027"
"Metformin hydrochloride","76385-128-10","500 mg/1","TABLET, EXTENDED RELEASE","ORAL","ANDA207427","UNICHEM PHARMACEUTICALS (USA), INC.","76385-128","Metformin hydrochloride","METFORMIN HYDROCHLORIDE","HUMAN PRESCRIPTION DRUG","07/17/2018","N/A","ANDA","1000 TABLET, EXTENDED RELEASE in 1 BOTTLE (76385-128-10)","Biguanide [EPC],  Biguanides [CS]","N/A","No","12/31/2027"
"Metformin hydrochloride","76385-128-50","500 mg/1","TABLET, EXTENDED RELEASE","ORAL","ANDA207427","UNICHEM PHARMACEUTICALS (USA), INC.","76385-128","Metformin hydrochloride","METFORMIN HYDROCHLORIDE","HUMAN PRESCRIPTION DRUG","07/25/2019","N/A","ANDA","500 TABLET, EXTENDED RELEASE in 1 BOTTLE (76385-128-50)","Biguanide [EPC],  Biguanides [CS]","N/A","No","12/31/2027"
"Metformin Hydrochloride","87441-054-01","1000 mg/1","TABLET","ORAL","ANDA090564","Unit Dose Solutions, Inc.","87441-054","Metformin Hydrochloride","METFORMIN HYDROCHLORIDE","HUMAN PRESCRIPTION DRUG","06/26/2026","N/A","ANDA","30 TABLET in 1 BLISTER PACK (87441-054-01)","Biguanide [EPC],  Biguanides [CS]","N/A","No","12/31/2027"
"METFORMIN HYDROCHLORIDE","68788-8603-1","850 mg/1","TABLET","ORAL","ANDA213320","Preferred Pharmaceuticals Inc.","68788-8603","metformin hydrochloride","METFORMIN HYDROCHLORIDE","HUMAN PRESCRIPTION DRUG","03/11/2024","12/30/2026","ANDA","100 TABLET in 1 BOTTLE (68788-8603-1)","Biguanide [EPC],  Biguanides [CS]","N/A","No","N/A"
"METFORMIN HYDROCHLORIDE","68788-8603-3","850 mg/1","TABLET","ORAL","ANDA213320","Preferred Pharmaceuticals Inc.","68788-8603","metformin hydrochloride","METFORMIN HYDROCHLORIDE","HUMAN PRESCRIPTION DRUG","03/11/2024","12/30/2026","ANDA","30 TABLET in 1 BOTTLE (68788-8603-3)","Biguanide [EPC],  Biguanides [CS]","N/A","No","N/A"
"METFORMIN HYDROCHLORIDE","68788-8603-6","850 mg/1","TABLET","ORAL","ANDA213320","Preferred Pharmaceuticals Inc.","68788-8603","metformin hydrochloride","METFORMIN HYDROCHLORIDE","HUMAN PRESCRIPTION DRUG","03/11/2024","12/30/2026","ANDA","60 TABLET in 1 BOTTLE (68788-8603-6)","Biguanide [EPC],  Biguanides [CS]","N/A","No","N/A"
"METFORMIN HYDROCHLORIDE","68788-8603-8","850 mg/1","TABLET","ORAL","ANDA213320","Preferred Pharmaceuticals Inc.","68788-8603","metformin hydrochloride","METFORMIN HYDROCHLORIDE","HUMAN PRESCRIPTION DRUG","03/11/2024","12/30/2026","ANDA","120 TABLET in 1 BOTTLE (68788-8603-8)","Biguanide [EPC],  Biguanides [CS]","N/A","No","N/A"
"METFORMIN HYDROCHLORIDE","68788-8603-9","850 mg/1","TABLET","ORAL","ANDA213320","Preferred Pharmaceuticals Inc.","68788-8603","metformin hydrochloride","METFORMIN HYDROCHLORIDE","HUMAN PRESCRIPTION DRUG","03/11/2024","12/30/2026","ANDA","90 TABLET in 1 BOTTLE (68788-8603-9)","Biguanide [EPC],  Biguanides [CS]","N/A","No","N/A"
"DAPAGLIFLOZIN AND METFORMIN HYDROCHLORIDE","72205-434-01","5 mg/1,  500 mg/1","TABLET, FILM COATED, EXTENDED RELEASE","ORAL","ANDA211479","Novadoz Pharmaceuticals LLC","72205-434","DAPAGLIFLOZIN AND METFORMIN HYDROCHLORIDE","DAPAGLIFLOZIN,  METFORMIN HYDROCHLORIDE","HUMAN PRESCRIPTION DRUG","04/09/2026","N/A","ANDA","30 TABLET, FILM COATED, EXTENDED RELEASE in 1 BOTTLE (72205-434-01)","Biguanide [EPC],  Biguanides [CS],  Sodium-Glucose Cotransporter 2 Inhibitor [EPC],  Sodium-Glucose Transporter 2 Inhibitors [MoA]","N/A","No","12/31/2027"
"DAPAGLIFLOZIN AND METFORMIN HYDROCHLORIDE","72205-434-02","5 mg/1,  500 mg/1","TABLET, FILM COATED, EXTENDED RELEASE","ORAL","ANDA211479","Novadoz Pharmaceuticals LLC","72205-434","DAPAGLIFLOZIN AND METFORMIN HYDROCHLORIDE","DAPAGLIFLOZIN,  METFORMIN HYDROCHLORIDE","HUMAN PRESCRIPTION DRUG","04/09/2026","N/A","ANDA","500 TABLET, FILM COATED, EXTENDED RELEASE in 1 BOTTLE (72205-434-02)","Biguanide [EPC],  Biguanides [CS],  Sodium-Glucose Cotransporter 2 Inhibitor [EPC],  Sodium-Glucose Transporter 2 Inhibitors [MoA]","N/A","No","12/31/2027"
"Metformin Hydrochloride","0615-8629-05","500 mg/1","TABLET, FILM COATED","ORAL","ANDA077095","NCS HealthCare of KY, LLC dba Vangard Labs","0615-8629","Metformin Hydrochloride","METFORMIN HYDROCHLORIDE","HUMAN PRESCRIPTION DRUG","03/31/2026","N/A","ANDA","15 TABLET, FILM COATED in 1 BLISTER PACK (0615-8629-05)","Biguanide [EPC],  Biguanides [CS]","N/A","No","12/31/2027"
"Metformin Hydrochloride","0615-8629-28","500 mg/1","TABLET, FILM COATED","ORAL","ANDA077095","NCS HealthCare of KY, LLC dba Vangard Labs","0615-8629","Metformin Hydrochloride","METFORMIN HYDROCHLORIDE","HUMAN PRESCRIPTION DRUG","03/31/2026","N/A","ANDA","28 TABLET, FILM COATED in 1 BLISTER PACK (0615-8629-28)","Biguanide [EPC],  Biguanides [CS]","N/A","No","12/31/2027"
"Metformin Hydrochloride","0615-8629-30","500 mg/1","TABLET, FILM COATED","ORAL","ANDA077095","NCS HealthCare of KY, LLC dba Vangard Labs","0615-8629","Metformin Hydrochloride","METFORMIN HYDROCHLORIDE","HUMAN PRESCRIPTION DRUG","04/14/2026","N/A","ANDA","6 BLISTER PACK in 1 BOX, UNIT-DOSE (0615-8629-30)  / 5 TABLET, FILM COATED in 1 BLISTER PACK","Biguanide [EPC],  Biguanides [CS]","N/A","No","12/31/2027"
"Metformin Hydrochloride","0615-8629-39","500 mg/1","TABLET, FILM COATED","ORAL","ANDA077095","NCS HealthCare of KY, LLC dba Vangard Labs","0615-8629","Metformin Hydrochloride","METFORMIN HYDROCHLORIDE","HUMAN PRESCRIPTION DRUG","03/31/2026","N/A","ANDA","30 TABLET, FILM COATED in 1 BLISTER PACK (0615-8629-39)","Biguanide [EPC],  Biguanides [CS]","N/A","No","12/31/2027"
"Metformin hydrochloride","63187-779-30","500 mg/1","TABLET, EXTENDED RELEASE","ORAL","ANDA201991","Proficient Rx LP","63187-779","Metformin hydrochloride","METFORMIN HYDROCHLORIDE","HUMAN PRESCRIPTION DRUG","11/01/2016","N/A","ANDA","30 TABLET, EXTENDED RELEASE in 1 BOTTLE (63187-779-30)","Biguanide [EPC],  Biguanides [CS]","N/A","No","12/31/2027"
"Metformin hydrochloride","63187-779-60","500 mg/1","TABLET, EXTENDED RELEASE","ORAL","ANDA201991","Proficient Rx LP","63187-779","Metformin hydrochloride","METFORMIN HYDROCHLORIDE","HUMAN PRESCRIPTION DRUG","04/23/2025","N/A","ANDA","60 TABLET, EXTENDED RELEASE in 1 BOTTLE (63187-779-60)","Biguanide [EPC],  Biguanides [CS]","N/A","No","12/31/2027"
"Metformin hydrochloride","63187-779-78","500 mg/1","TABLET, EXTENDED RELEASE","ORAL","ANDA201991","Proficient Rx LP","63187-779","Metformin hydrochloride","METFORMIN HYDROCHLORIDE","HUMAN PRESCRIPTION DRUG","01/05/2026","N/A","ANDA","180 TABLET, EXTENDED RELEASE in 1 BOTTLE (63187-779-78)","Biguanide [EPC],  Biguanides [CS]","N/A","No","12/31/2027"
"Metformin hydrochloride","63187-779-90","500 mg/1","TABLET, EXTENDED RELEASE","ORAL","ANDA201991","Proficient Rx LP","63187-779","Metformin hydrochloride","METFORMIN HYDROCHLORIDE","HUMAN PRESCRIPTION DRUG","11/01/2016","N/A","ANDA","90 TABLET, EXTENDED RELEASE in 1 BOTTLE (63187-779-90)","Biguanide [EPC],  Biguanides [CS]","N/A","No","12/31/2027"
"Sitagliptin and Metformin Hydrochloride","60505-3659-6","50 mg/1,  1000 mg/1","TABLET, FILM COATED","ORAL","ANDA202426","Apotex Corp.","60505-3659","Sitagliptin and Metformin Hydrochloride","SITAGLIPTIN PHOSPHATE,  METFORMIN HYDROCHLORIDE","HUMAN PRESCRIPTION DRUG","05/28/2026","N/A","ANDA","60 TABLET, FILM COATED in 1 BOTTLE (60505-3659-6)","Biguanide [EPC],  Biguanides [CS],  Dipeptidyl Peptidase 4 Inhibitor [EPC],  Dipeptidyl Peptidase 4 Inhibitors [MoA]","N/A","No","12/31/2027"
"Sitagliptin and Metformin Hydrochloride","60505-3659-7","50 mg/1,  1000 mg/1","TABLET, FILM COATED","ORAL","ANDA202426","Apotex Corp.","60505-3659","Sitagliptin and Metformin Hydrochloride","SITAGLIPTIN PHOSPHATE,  METFORMIN HYDROCHLORIDE","HUMAN PRESCRIPTION DRUG","05/28/2026","N/A","ANDA","180 TABLET, FILM COATED in 1 BOTTLE (60505-3659-7)","Biguanide [EPC],  Biguanides [CS],  Dipeptidyl Peptidase 4 Inhibitor [EPC],  Dipeptidyl Peptidase 4 Inhibitors [MoA]","N/A","No","12/31/2027"
"DAPAGLIFLOZIN AND METFORMIN HYDROCHLORIDE","72205-436-01","10 mg/1,  500 mg/1","TABLET, FILM COATED, EXTENDED RELEASE","ORAL","ANDA211479","Novadoz Pharmaceuticals LLC","72205-436","DAPAGLIFLOZIN AND METFORMIN HYDROCHLORIDE","DAPAGLIFLOZIN,  METFORMIN HYDROCHLORIDE","HUMAN PRESCRIPTION DRUG","04/09/2026","N/A","ANDA","30 TABLET, FILM COATED, EXTENDED RELEASE in 1 BOTTLE (72205-436-01)","Biguanide [EPC],  Biguanides [CS],  Sodium-Glucose Cotransporter 2 Inhibitor [EPC],  Sodium-Glucose Transporter 2 Inhibitors [MoA]","N/A","No","12/31/2027"
"DAPAGLIFLOZIN AND METFORMIN HYDROCHLORIDE","72205-436-02","10 mg/1,  500 mg/1","TABLET, FILM COATED, EXTENDED RELEASE","ORAL","ANDA211479","Novadoz Pharmaceuticals LLC","72205-436","DAPAGLIFLOZIN AND METFORMIN HYDROCHLORIDE","DAPAGLIFLOZIN,  METFORMIN HYDROCHLORIDE","HUMAN PRESCRIPTION DRUG","04/09/2026","N/A","ANDA","500 TABLET, FILM COATED, EXTENDED RELEASE in 1 BOTTLE (72205-436-02)","Biguanide [EPC],  Biguanides [CS],  Sodium-Glucose Cotransporter 2 Inhibitor [EPC],  Sodium-Glucose Transporter 2 Inhibitors [MoA]","N/A","No","12/31/2027"
"glyburide-metformin hydrochloride","23155-233-01","1.25 mg/1,  250 mg/1","TABLET","ORAL","ANDA079009","Heritage Pharmaceuticals Inc. d/b/a Avet Pharmaceuticals Inc.","23155-233","glyburide-metformin hydrochloride","GLYBURIDE,  METFORMIN HYDROCHLORIDE","HUMAN PRESCRIPTION DRUG","05/01/2024","N/A","ANDA","100 TABLET in 1 BOTTLE (23155-233-01)","Biguanide [EPC],  Biguanides [CS],  Sulfonylurea Compounds [CS],  Sulfonylurea [EPC]","N/A","No","12/31/2027"
"glyburide-metformin hydrochloride","23155-233-05","1.25 mg/1,  250 mg/1","TABLET","ORAL","ANDA079009","Heritage Pharmaceuticals Inc. d/b/a Avet Pharmaceuticals Inc.","23155-233","glyburide-metformin hydrochloride","GLYBURIDE,  METFORMIN HYDROCHLORIDE","HUMAN PRESCRIPTION DRUG","05/01/2024","N/A","ANDA","500 TABLET in 1 BOTTLE (23155-233-05)","Biguanide [EPC],  Biguanides [CS],  Sulfonylurea Compounds [CS],  Sulfonylurea [EPC]","N/A","No","12/31/2027"
"glyburide-metformin hydrochloride","23155-233-10","1.25 mg/1,  250 mg/1","TABLET","ORAL","ANDA079009","Heritage Pharmaceuticals Inc. d/b/a Avet Pharmaceuticals Inc.","23155-233","glyburide-metformin hydrochloride","GLYBURIDE,  METFORMIN HYDROCHLORIDE","HUMAN PRESCRIPTION DRUG","05/01/2024","N/A","ANDA","1000 TABLET in 1 BOTTLE (23155-233-10)","Biguanide [EPC],  Biguanides [CS],  Sulfonylurea Compounds [CS],  Sulfonylurea [EPC]","N/A","No","12/31/2027"
"alogliptin and metformin hydrochloride","50090-5993-0","12.5 mg/1,  1000 mg/1","TABLET, FILM COATED","ORAL","NDA203414","A-S Medication Solutions","50090-5993","alogliptin and metformin hydrochloride","ALOGLIPTIN BENZOATE,  METFORMIN HYDROCHLORIDE","HUMAN PRESCRIPTION DRUG","06/10/2022","N/A","NDA AUTHORIZED GENERIC","90 TABLET, FILM COATED in 1 BOTTLE (50090-5993-0)","Biguanide [EPC],  Biguanides [CS],  Dipeptidyl Peptidase 4 Inhibitor [EPC],  Dipeptidyl Peptidase 4 Inhibitors [MoA]","N/A","No","12/31/2026"
"DAPAGLIFLOZIN AND METFORMIN HYDROCHLORIDE","72205-437-01","10 mg/1,  1000 mg/1","TABLET, FILM COATED, EXTENDED RELEASE","ORAL","ANDA211479","Novadoz Pharmaceuticals LLC","72205-437","DAPAGLIFLOZIN AND METFORMIN HYDROCHLORIDE","DAPAGLIFLOZIN,  METFORMIN HYDROCHLORIDE","HUMAN PRESCRIPTION DRUG","04/09/2026","N/A","ANDA","30 TABLET, FILM COATED, EXTENDED RELEASE in 1 BOTTLE (72205-437-01)","Biguanide [EPC],  Biguanides [CS],  Sodium-Glucose Cotransporter 2 Inhibitor [EPC],  Sodium-Glucose Transporter 2 Inhibitors [MoA]","N/A","No","12/31/2027"
"DAPAGLIFLOZIN AND METFORMIN HYDROCHLORIDE","72205-437-02","10 mg/1,  1000 mg/1","TABLET, FILM COATED, EXTENDED RELEASE","ORAL","ANDA211479","Novadoz Pharmaceuticals LLC","72205-437","DAPAGLIFLOZIN AND METFORMIN HYDROCHLORIDE","DAPAGLIFLOZIN,  METFORMIN HYDROCHLORIDE","HUMAN PRESCRIPTION DRUG","04/09/2026","N/A","ANDA","400 TABLET, FILM COATED, EXTENDED RELEASE in 1 BOTTLE (72205-437-02)","Biguanide [EPC],  Biguanides [CS],  Sodium-Glucose Cotransporter 2 Inhibitor [EPC],  Sodium-Glucose Transporter 2 Inhibitors [MoA]","N/A","No","12/31/2027"
"DAPAGLIFLOZIN AND METFORMIN HYDROCHLORIDE","72205-437-03","10 mg/1,  1000 mg/1","TABLET, FILM COATED, EXTENDED RELEASE","ORAL","ANDA211479","Novadoz Pharmaceuticals LLC","72205-437","DAPAGLIFLOZIN AND METFORMIN HYDROCHLORIDE","DAPAGLIFLOZIN,  METFORMIN HYDROCHLORIDE","HUMAN PRESCRIPTION DRUG","04/09/2026","N/A","ANDA","60 TABLET, FILM COATED, EXTENDED RELEASE in 1 BOTTLE (72205-437-03)","Biguanide [EPC],  Biguanides [CS],  Sodium-Glucose Cotransporter 2 Inhibitor [EPC],  Sodium-Glucose Transporter 2 Inhibitors [MoA]","N/A","No","12/31/2027"
"glyburide-metformin hydrochloride","23155-234-01","2.5 mg/1,  500 mg/1","TABLET","ORAL","ANDA079009","Heritage Pharmaceuticals Inc. d/b/a Avet Pharmaceuticals Inc.","23155-234","glyburide-metformin hydrochloride","GLYBURIDE,  METFORMIN HYDROCHLORIDE","HUMAN PRESCRIPTION DRUG","05/01/2024","N/A","ANDA","100 TABLET in 1 BOTTLE (23155-234-01)","Biguanide [EPC],  Biguanides [CS],  Sulfonylurea Compounds [CS],  Sulfonylurea [EPC]","N/A","No","12/31/2027"
"glyburide-metformin hydrochloride","23155-234-05","2.5 mg/1,  500 mg/1","TABLET","ORAL","ANDA079009","Heritage Pharmaceuticals Inc. d/b/a Avet Pharmaceuticals Inc.","23155-234","glyburide-metformin hydrochloride","GLYBURIDE,  METFORMIN HYDROCHLORIDE","HUMAN PRESCRIPTION DRUG","05/01/2024","N/A","ANDA","500 TABLET in 1 BOTTLE (23155-234-05)","Biguanide [EPC],  Biguanides [CS],  Sulfonylurea Compounds [CS],  Sulfonylurea [EPC]","N/A","No","12/31/2027"
"glyburide-metformin hydrochloride","23155-234-10","2.5 mg/1,  500 mg/1","TABLET","ORAL","ANDA079009","Heritage Pharmaceuticals Inc. d/b/a Avet Pharmaceuticals Inc.","23155-234","glyburide-metformin hydrochloride","GLYBURIDE,  METFORMIN HYDROCHLORIDE","HUMAN PRESCRIPTION DRUG","05/01/2024","N/A","ANDA","1000 TABLET in 1 BOTTLE (23155-234-10)","Biguanide [EPC],  Biguanides [CS],  Sulfonylurea Compounds [CS],  Sulfonylurea [EPC]","N/A","No","12/31/2027"
"METFORMIN HYDROCHLORIDE","62756-142-01","500 mg/1","TABLET, EXTENDED RELEASE","ORAL","ANDA077336","Sun Pharmaceutical Industries, Inc.","62756-142","METFORMIN HYDROCHLORIDE","METFORMIN HYDROCHLORIDE","HUMAN PRESCRIPTION DRUG","02/09/2006","N/A","ANDA","100 TABLET, EXTENDED RELEASE in 1 BOTTLE (62756-142-01)","Biguanide [EPC],  Biguanides [CS]","N/A","No","12/31/2027"
"METFORMIN HYDROCHLORIDE","62756-142-02","500 mg/1","TABLET, EXTENDED RELEASE","ORAL","ANDA077336","Sun Pharmaceutical Industries, Inc.","62756-142","METFORMIN HYDROCHLORIDE","METFORMIN HYDROCHLORIDE","HUMAN PRESCRIPTION DRUG","02/09/2006","N/A","ANDA","500 TABLET, EXTENDED RELEASE in 1 BOTTLE (62756-142-02)","Biguanide [EPC],  Biguanides [CS]","N/A","No","12/31/2027"
"glyburide-metformin hydrochloride","23155-235-01","5 mg/1,  500 mg/1","TABLET","ORAL","ANDA079009","Heritage Pharmaceuticals Inc. d/b/a Avet Pharmaceuticals Inc.","23155-235","glyburide-metformin hydrochloride","GLYBURIDE,  METFORMIN HYDROCHLORIDE","HUMAN PRESCRIPTION DRUG","05/01/2024","N/A","ANDA","100 TABLET in 1 BOTTLE (23155-235-01)","Biguanide [EPC],  Biguanides [CS],  Sulfonylurea Compounds [CS],  Sulfonylurea [EPC]","N/A","No","12/31/2027"
"glyburide-metformin hydrochloride","23155-235-05","5 mg/1,  500 mg/1","TABLET","ORAL","ANDA079009","Heritage Pharmaceuticals Inc. d/b/a Avet Pharmaceuticals Inc.","23155-235","glyburide-metformin hydrochloride","GLYBURIDE,  METFORMIN HYDROCHLORIDE","HUMAN PRESCRIPTION DRUG","05/01/2024","N/A","ANDA","500 TABLET in 1 BOTTLE (23155-235-05)","Biguanide [EPC],  Biguanides [CS],  Sulfonylurea Compounds [CS],  Sulfonylurea [EPC]","N/A","No","12/31/2027"
"glyburide-metformin hydrochloride","23155-235-10","5 mg/1,  500 mg/1","TABLET","ORAL","ANDA079009","Heritage Pharmaceuticals Inc. d/b/a Avet Pharmaceuticals Inc.","23155-235","glyburide-metformin hydrochloride","GLYBURIDE,  METFORMIN HYDROCHLORIDE","HUMAN PRESCRIPTION DRUG","05/01/2024","N/A","ANDA","1000 TABLET in 1 BOTTLE (23155-235-10)","Biguanide [EPC],  Biguanides [CS],  Sulfonylurea Compounds [CS],  Sulfonylurea [EPC]","N/A","No","12/31/2027"
"METFORMIN HYDROCHLORIDE","68382-758-01","500 mg/1","TABLET, FILM COATED","ORAL","ANDA203686","Zydus Pharmaceuticals USA Inc.","68382-758","METFORMIN HYDROCHLORIDE","METFORMIN HYDROCHLORIDE","HUMAN PRESCRIPTION DRUG","12/09/2014","N/A","ANDA","100 TABLET, FILM COATED in 1 BOTTLE (68382-758-01)","Biguanide [EPC],  Biguanides [CS]","N/A","No","12/31/2027"
"METFORMIN HYDROCHLORIDE","68382-758-05","500 mg/1","TABLET, FILM COATED","ORAL","ANDA203686","Zydus Pharmaceuticals USA Inc.","68382-758","METFORMIN HYDROCHLORIDE","METFORMIN HYDROCHLORIDE","HUMAN PRESCRIPTION DRUG","12/09/2014","N/A","ANDA","500 TABLET, FILM COATED in 1 BOTTLE (68382-758-05)","Biguanide [EPC],  Biguanides [CS]","N/A","No","12/31/2027"
"METFORMIN HYDROCHLORIDE","68382-758-10","500 mg/1","TABLET, FILM COATED","ORAL","ANDA203686","Zydus Pharmaceuticals USA Inc.","68382-758","METFORMIN HYDROCHLORIDE","METFORMIN HYDROCHLORIDE","HUMAN PRESCRIPTION DRUG","12/09/2014","N/A","ANDA","1000 TABLET, FILM COATED in 1 BOTTLE (68382-758-10)","Biguanide [EPC],  Biguanides [CS]","N/A","No","12/31/2027"
"METFORMIN HYDROCHLORIDE","68382-758-16","500 mg/1","TABLET, FILM COATED","ORAL","ANDA203686","Zydus Pharmaceuticals USA Inc.","68382-758","METFORMIN HYDROCHLORIDE","METFORMIN HYDROCHLORIDE","HUMAN PRESCRIPTION DRUG","12/09/2014","N/A","ANDA","90 TABLET, FILM COATED in 1 BOTTLE (68382-758-16)","Biguanide [EPC],  Biguanides [CS]","N/A","No","12/31/2027"
"METFORMIN HYDROCHLORIDE","68382-758-77","500 mg/1","TABLET, FILM COATED","ORAL","ANDA203686","Zydus Pharmaceuticals USA Inc.","68382-758","METFORMIN HYDROCHLORIDE","METFORMIN HYDROCHLORIDE","HUMAN PRESCRIPTION DRUG","12/09/2014","N/A","ANDA","100 BLISTER PACK in 1 CARTON (68382-758-77)  / 1 TABLET, FILM COATED in 1 BLISTER PACK (68382-758-30)","Biguanide [EPC],  Biguanides [CS]","N/A","No","12/31/2027"
"Metformin Hydrochloride","71610-652-30","500 mg/1","TABLET, EXTENDED RELEASE","ORAL","ANDA078596","Aphena Pharma Solutions - Tennessee, LLC","71610-652","Metformin Hydrochloride","METFORMIN HYDROCHLORIDE","HUMAN PRESCRIPTION DRUG","07/14/2022","N/A","ANDA","30 TABLET, EXTENDED RELEASE in 1 BOTTLE (71610-652-30)","Biguanide [EPC],  Biguanides [CS]","N/A","No","12/31/2026"
"Metformin Hydrochloride","71610-652-53","500 mg/1","TABLET, EXTENDED RELEASE","ORAL","ANDA078596","Aphena Pharma Solutions - Tennessee, LLC","71610-652","Metformin Hydrochloride","METFORMIN HYDROCHLORIDE","HUMAN PRESCRIPTION DRUG","07/14/2022","N/A","ANDA","60 TABLET, EXTENDED RELEASE in 1 BOTTLE (71610-652-53)","Biguanide [EPC],  Biguanides [CS]","N/A","No","12/31/2026"
"Metformin Hydrochloride","71610-652-60","500 mg/1","TABLET, EXTENDED RELEASE","ORAL","ANDA078596","Aphena Pharma Solutions - Tennessee, LLC","71610-652","Metformin Hydrochloride","METFORMIN HYDROCHLORIDE","HUMAN PRESCRIPTION DRUG","07/14/2022","N/A","ANDA","90 TABLET, EXTENDED RELEASE in 1 BOTTLE (71610-652-60)","Biguanide [EPC],  Biguanides [CS]","N/A","No","12/31/2026"
"Metformin Hydrochloride","71610-652-70","500 mg/1","TABLET, EXTENDED RELEASE","ORAL","ANDA078596","Aphena Pharma Solutions - Tennessee, LLC","71610-652","Metformin Hydrochloride","METFORMIN HYDROCHLORIDE","HUMAN PRESCRIPTION DRUG","07/14/2022","N/A","ANDA","120 TABLET, EXTENDED RELEASE in 1 BOTTLE (71610-652-70)","Biguanide [EPC],  Biguanides [CS]","N/A","No","12/31/2026"
"Metformin Hydrochloride","71610-652-80","500 mg/1","TABLET, EXTENDED RELEASE","ORAL","ANDA078596","Aphena Pharma Solutions - Tennessee, LLC","71610-652","Metformin Hydrochloride","METFORMIN HYDROCHLORIDE","HUMAN PRESCRIPTION DRUG","07/14/2022","N/A","ANDA","180 TABLET, EXTENDED RELEASE in 1 BOTTLE (71610-652-80)","Biguanide [EPC],  Biguanides [CS]","N/A","No","12/31/2026"
"Metformin Hydrochloride","71610-652-94","500 mg/1","TABLET, EXTENDED RELEASE","ORAL","ANDA078596","Aphena Pharma Solutions - Tennessee, LLC","71610-652","Metformin Hydrochloride","METFORMIN HYDROCHLORIDE","HUMAN PRESCRIPTION DRUG","07/14/2022","N/A","ANDA","360 TABLET, EXTENDED RELEASE in 1 BOTTLE (71610-652-94)","Biguanide [EPC],  Biguanides [CS]","N/A","No","12/31/2026"
"glyburide-metformin hydrochloride","68071-3950-3","5 mg/1,  500 mg/1","TABLET","ORAL","ANDA079009","NuCare Pharmaceuticals, Inc.","68071-3950","glyburide-metformin hydrochloride","GLYBURIDE,  METFORMIN HYDROCHLORIDE","HUMAN PRESCRIPTION DRUG","01/15/2026","N/A","ANDA","30 TABLET in 1 BOTTLE (68071-3950-3)","Biguanide [EPC],  Biguanides [CS],  Sulfonylurea Compounds [CS],  Sulfonylurea [EPC]","N/A","No","12/31/2027"
"METFORMIN HYDROCHLORIDE","68382-759-01","850 mg/1","TABLET, FILM COATED","ORAL","ANDA203686","Zydus Pharmaceuticals USA Inc.","68382-759","METFORMIN HYDROCHLORIDE","METFORMIN HYDROCHLORIDE","HUMAN PRESCRIPTION DRUG","12/09/2014","N/A","ANDA","100 TABLET, FILM COATED in 1 BOTTLE (68382-759-01)","Biguanide [EPC],  Biguanides [CS]","N/A","No","12/31/2027"
"METFORMIN HYDROCHLORIDE","68382-759-05","850 mg/1","TABLET, FILM COATED","ORAL","ANDA203686","Zydus Pharmaceuticals USA Inc.","68382-759","METFORMIN HYDROCHLORIDE","METFORMIN HYDROCHLORIDE","HUMAN PRESCRIPTION DRUG","12/09/2014","N/A","ANDA","500 TABLET, FILM COATED in 1 BOTTLE (68382-759-05)","Biguanide [EPC],  Biguanides [CS]","N/A","No","12/31/2027"
"METFORMIN HYDROCHLORIDE","68382-759-10","850 mg/1","TABLET, FILM COATED","ORAL","ANDA203686","Zydus Pharmaceuticals USA Inc.","68382-759","METFORMIN HYDROCHLORIDE","METFORMIN HYDROCHLORIDE","HUMAN PRESCRIPTION DRUG","12/09/2014","N/A","ANDA","1000 TABLET, FILM COATED in 1 BOTTLE (68382-759-10)","Biguanide [EPC],  Biguanides [CS]","N/A","No","12/31/2027"
"METFORMIN HYDROCHLORIDE","68382-759-16","850 mg/1","TABLET, FILM COATED","ORAL","ANDA203686","Zydus Pharmaceuticals USA Inc.","68382-759","METFORMIN HYDROCHLORIDE","METFORMIN HYDROCHLORIDE","HUMAN PRESCRIPTION DRUG","12/09/2014","N/A","ANDA","90 TABLET, FILM COATED in 1 BOTTLE (68382-759-16)","Biguanide [EPC],  Biguanides [CS]","N/A","No","12/31/2027"
"METFORMIN HYDROCHLORIDE","68382-759-77","850 mg/1","TABLET, FILM COATED","ORAL","ANDA203686","Zydus Pharmaceuticals USA Inc.","68382-759","METFORMIN HYDROCHLORIDE","METFORMIN HYDROCHLORIDE","HUMAN PRESCRIPTION DRUG","12/09/2014","N/A","ANDA","100 BLISTER PACK in 1 CARTON (68382-759-77)  / 1 TABLET, FILM COATED in 1 BLISTER PACK (68382-759-30)","Biguanide [EPC],  Biguanides [CS]","N/A","No","12/31/2027"
"Metformin hydrochloride","68682-018-90","1000 mg/1","TABLET, FILM COATED, EXTENDED RELEASE","ORAL","NDA021748","Oceanside Pharmaceuticals","68682-018","metformin hydrochloride","METFORMIN HYDROCHLORIDE","HUMAN PRESCRIPTION DRUG","06/17/2008","N/A","NDA AUTHORIZED GENERIC","90 TABLET, FILM COATED, EXTENDED RELEASE in 1 BOTTLE (68682-018-90)","Biguanide [EPC],  Biguanides [CS]","N/A","No","12/31/2026"
"METFORMIN HYDROCHLORIDE","72664-227-01","500 mg/1","TABLET, EXTENDED RELEASE","ORAL","ANDA215629","VGYAAN Pharmaceuticals LLC","72664-227","METFORMIN HYDROCHLORIDE","METFORMIN HYDROCHLORIDE","HUMAN PRESCRIPTION DRUG","11/30/2021","N/A","ANDA","100 TABLET, EXTENDED RELEASE in 1 BOTTLE, PLASTIC (72664-227-01)","Biguanide [EPC],  Biguanides [CS]","N/A","No","12/31/2026"
"METFORMIN HYDROCHLORIDE","68382-760-01","1000 mg/1","TABLET, FILM COATED","ORAL","ANDA203686","Zydus Pharmaceuticals USA Inc.","68382-760","METFORMIN HYDROCHLORIDE","METFORMIN HYDROCHLORIDE","HUMAN PRESCRIPTION DRUG","12/09/2014","N/A","ANDA","100 TABLET, FILM COATED in 1 BOTTLE (68382-760-01)","Biguanide [EPC],  Biguanides [CS]","N/A","No","12/31/2027"
"METFORMIN HYDROCHLORIDE","68382-760-05","1000 mg/1","TABLET, FILM COATED","ORAL","ANDA203686","Zydus Pharmaceuticals USA Inc.","68382-760","METFORMIN HYDROCHLORIDE","METFORMIN HYDROCHLORIDE","HUMAN PRESCRIPTION DRUG","12/09/2014","N/A","ANDA","500 TABLET, FILM COATED in 1 BOTTLE (68382-760-05)","Biguanide [EPC],  Biguanides [CS]","N/A","No","12/31/2027"
"METFORMIN HYDROCHLORIDE","68382-760-10","1000 mg/1","TABLET, FILM COATED","ORAL","ANDA203686","Zydus Pharmaceuticals USA Inc.","68382-760","METFORMIN HYDROCHLORIDE","METFORMIN HYDROCHLORIDE","HUMAN PRESCRIPTION DRUG","12/09/2014","N/A","ANDA","1000 TABLET, FILM COATED in 1 BOTTLE (68382-760-10)","Biguanide [EPC],  Biguanides [CS]","N/A","No","12/31/2027"
"METFORMIN HYDROCHLORIDE","68382-760-16","1000 mg/1","TABLET, FILM COATED","ORAL","ANDA203686","Zydus Pharmaceuticals USA Inc.","68382-760","METFORMIN HYDROCHLORIDE","METFORMIN HYDROCHLORIDE","HUMAN PRESCRIPTION DRUG","12/09/2014","N/A","ANDA","90 TABLET, FILM COATED in 1 BOTTLE (68382-760-16)","Biguanide [EPC],  Biguanides [CS]","N/A","No","12/31/2027"
"METFORMIN HYDROCHLORIDE","68382-760-77","1000 mg/1","TABLET, FILM COATED","ORAL","ANDA203686","Zydus Pharmaceuticals USA Inc.","68382-760","METFORMIN HYDROCHLORIDE","METFORMIN HYDROCHLORIDE","HUMAN PRESCRIPTION DRUG","12/09/2014","N/A","ANDA","100 BLISTER PACK in 1 CARTON (68382-760-77)  / 1 TABLET, FILM COATED in 1 BLISTER PACK (68382-760-30)","Biguanide [EPC],  Biguanides [CS]","N/A","No","12/31/2027"
"METFORMIN HYDROCHLORIDE","72664-228-90","1000 mg/1","TABLET, EXTENDED RELEASE","ORAL","ANDA215629","VGYAAN Pharmaceuticals LLC","72664-228","METFORMIN HYDROCHLORIDE","METFORMIN HYDROCHLORIDE","HUMAN PRESCRIPTION DRUG","11/30/2021","N/A","ANDA","90 TABLET, EXTENDED RELEASE in 1 BOTTLE, PLASTIC (72664-228-90)","Biguanide [EPC],  Biguanides [CS]","N/A","No","12/31/2026"
"Glipizide and Metformin Hydrochloride","0093-7456-01","2.5 mg/1,  500 mg/1","TABLET, FILM COATED","ORAL","ANDA077270","Teva Pharmaceuticals USA, Inc.","0093-7456","Glipizide and Metformin Hydrochloride","GLIPIZIDE,  METFORMIN HYDROCHLORIDE","HUMAN PRESCRIPTION DRUG","10/28/2005","N/A","ANDA","100 TABLET, FILM COATED in 1 BOTTLE (0093-7456-01)","Biguanide [EPC],  Biguanides [CS],  Sulfonylurea Compounds [CS],  Sulfonylurea [EPC]","N/A","No","12/31/2027"
"METFORMIN HYDROCHLORIDE","70010-497-09","1000 mg/1","TABLET, EXTENDED RELEASE","ORAL","ANDA213344","Granules Pharmaceuticals Inc.","70010-497","Metformin Hydrochloride","METFORMIN HYDROCHLORIDE","HUMAN PRESCRIPTION DRUG","01/22/2021","N/A","ANDA","90 TABLET, EXTENDED RELEASE in 1 BOTTLE (70010-497-09)","Biguanide [EPC],  Biguanides [CS]","N/A","No","12/31/2026"
"JANUMET XR","0006-0081-14","100 mg/1,  1000 mg/1","TABLET, FILM COATED, EXTENDED RELEASE","ORAL","NDA202270","Merck Sharp & Dohme LLC","0006-0081","sitagliptin and metformin hydrochloride","SITAGLIPTIN PHOSPHATE,  METFORMIN HYDROCHLORIDE","HUMAN PRESCRIPTION DRUG","02/02/2012","N/A","NDA","2 BOTTLE in 1 CARTON (0006-0081-14)  / 7 TABLET, FILM COATED, EXTENDED RELEASE in 1 BOTTLE (0006-0081-07)","Biguanide [EPC],  Biguanides [CS],  Dipeptidyl Peptidase 4 Inhibitor [EPC],  Dipeptidyl Peptidase 4 Inhibitors [MoA]","N/A","Yes","12/31/2027"
"JANUMET XR","0006-0081-31","100 mg/1,  1000 mg/1","TABLET, FILM COATED, EXTENDED RELEASE","ORAL","NDA202270","Merck Sharp & Dohme LLC","0006-0081","sitagliptin and metformin hydrochloride","SITAGLIPTIN PHOSPHATE,  METFORMIN HYDROCHLORIDE","HUMAN PRESCRIPTION DRUG","02/02/2012","N/A","NDA","30 TABLET, FILM COATED, EXTENDED RELEASE in 1 BOTTLE (0006-0081-31)","Biguanide [EPC],  Biguanides [CS],  Dipeptidyl Peptidase 4 Inhibitor [EPC],  Dipeptidyl Peptidase 4 Inhibitors [MoA]","N/A","No","12/31/2027"
"JANUMET XR","0006-0081-54","100 mg/1,  1000 mg/1","TABLET, FILM COATED, EXTENDED RELEASE","ORAL","NDA202270","Merck Sharp & Dohme LLC","0006-0081","sitagliptin and metformin hydrochloride","SITAGLIPTIN PHOSPHATE,  METFORMIN HYDROCHLORIDE","HUMAN PRESCRIPTION DRUG","02/02/2012","N/A","NDA","90 TABLET, FILM COATED, EXTENDED RELEASE in 1 BOTTLE (0006-0081-54)","Biguanide [EPC],  Biguanides [CS],  Dipeptidyl Peptidase 4 Inhibitor [EPC],  Dipeptidyl Peptidase 4 Inhibitors [MoA]","N/A","No","12/31/2027"
"JANUMET XR","0006-0081-82","100 mg/1,  1000 mg/1","TABLET, FILM COATED, EXTENDED RELEASE","ORAL","NDA202270","Merck Sharp & Dohme LLC","0006-0081","sitagliptin and metformin hydrochloride","SITAGLIPTIN PHOSPHATE,  METFORMIN HYDROCHLORIDE","HUMAN PRESCRIPTION DRUG","02/02/2012","N/A","NDA","1000 TABLET, FILM COATED, EXTENDED RELEASE in 1 BOTTLE (0006-0081-82)","Biguanide [EPC],  Biguanides [CS],  Dipeptidyl Peptidase 4 Inhibitor [EPC],  Dipeptidyl Peptidase 4 Inhibitors [MoA]","N/A","No","12/31/2027"
"Metformin hydrochloride","68682-021-50","500 mg/1","TABLET, FILM COATED, EXTENDED RELEASE","ORAL","NDA021748","Oceanside Pharmaceuticals","68682-021","metformin hydrochloride","METFORMIN HYDROCHLORIDE","HUMAN PRESCRIPTION DRUG","03/20/2018","N/A","NDA AUTHORIZED GENERIC","100 TABLET, FILM COATED, EXTENDED RELEASE in 1 BOTTLE (68682-021-50)","Biguanide [EPC],  Biguanides [CS]","N/A","No","12/31/2026"
"Metformin Hydrochloride","67046-1554-3","1000 mg/1","TABLET, COATED","ORAL","ANDA205096","Coupler, LLC","67046-1554","Metformin Hydrochloride","METFORMIN HYDROCHLORIDE","HUMAN PRESCRIPTION DRUG","04/17/2025","N/A","ANDA","30 TABLET, COATED in 1 BLISTER PACK (67046-1554-3)","Biguanide [EPC],  Biguanides [CS]","N/A","No","12/31/2026"
"METFORMIN HYDROCHLORIDE","70010-496-01","500 mg/1","TABLET, EXTENDED RELEASE","ORAL","ANDA213344","Granules Pharmaceuticals Inc.","70010-496","Metformin Hydrochloride","METFORMIN HYDROCHLORIDE","HUMAN PRESCRIPTION DRUG","01/22/2021","N/A","ANDA","100 TABLET, EXTENDED RELEASE in 1 BOTTLE (70010-496-01)","Biguanide [EPC],  Biguanides [CS]","N/A","No","12/31/2026"
"Metformin Hydrochloride","0615-8577-39","850 mg/1","TABLET, FILM COATED","ORAL","ANDA077095","NCS HealthCare of KY, LLC dba Vangard Labs","0615-8577","Metformin Hydrochloride","METFORMIN HYDROCHLORIDE","HUMAN PRESCRIPTION DRUG","04/18/2025","N/A","ANDA","30 TABLET, FILM COATED in 1 BLISTER PACK (0615-8577-39)","Biguanide [EPC],  Biguanides [CS]","N/A","No","12/31/2027"
"Sitagliptin and Metformin Hydrochloride","0781-5801-05","50 mg/1,  500 mg/1","TABLET, FILM COATED","ORAL","ANDA202388","Sandoz Inc","0781-5801","Sitagliptin and Metformin Hydrochloride","SITAGLIPTIN PHOSPHATE,  METFORMIN HYDROCHLORIDE","HUMAN PRESCRIPTION DRUG","12/02/2025","N/A","ANDA","500 TABLET, FILM COATED in 1 BOTTLE (0781-5801-05)","Biguanide [EPC],  Biguanides [CS],  Dipeptidyl Peptidase 4 Inhibitor [EPC],  Dipeptidyl Peptidase 4 Inhibitors [MoA]","N/A","No","12/31/2027"
"Sitagliptin and Metformin Hydrochloride","0781-5801-60","50 mg/1,  500 mg/1","TABLET, FILM COATED","ORAL","ANDA202388","Sandoz Inc","0781-5801","Sitagliptin and Metformin Hydrochloride","SITAGLIPTIN PHOSPHATE,  METFORMIN HYDROCHLORIDE","HUMAN PRESCRIPTION DRUG","12/02/2025","N/A","ANDA","60 TABLET, FILM COATED in 1 BOTTLE (0781-5801-60)","Biguanide [EPC],  Biguanides [CS],  Dipeptidyl Peptidase 4 Inhibitor [EPC],  Dipeptidyl Peptidase 4 Inhibitors [MoA]","N/A","No","12/31/2027"
"Sitagliptin and Metformin Hydrochloride","0781-5801-71","50 mg/1,  500 mg/1","TABLET, FILM COATED","ORAL","ANDA202388","Sandoz Inc","0781-5801","Sitagliptin and Metformin Hydrochloride","SITAGLIPTIN PHOSPHATE,  METFORMIN HYDROCHLORIDE","HUMAN PRESCRIPTION DRUG","12/02/2025","N/A","ANDA","180 TABLET, FILM COATED in 1 BOTTLE (0781-5801-71)","Biguanide [EPC],  Biguanides [CS],  Dipeptidyl Peptidase 4 Inhibitor [EPC],  Dipeptidyl Peptidase 4 Inhibitors [MoA]","N/A","No","12/31/2027"
"Metformin Hydrochloride","71205-186-20","500 mg/1","TABLET, EXTENDED RELEASE","ORAL","ANDA078321","Proficient Rx LP","71205-186","Metformin Hydrochloride","METFORMIN HYDROCHLORIDE","HUMAN PRESCRIPTION DRUG","12/01/2018","N/A","ANDA","20 TABLET, EXTENDED RELEASE in 1 BOTTLE (71205-186-20)","Biguanide [EPC],  Biguanides [CS]","N/A","No","12/31/2026"
"Metformin Hydrochloride","71205-186-30","500 mg/1","TABLET, EXTENDED RELEASE","ORAL","ANDA078321","Proficient Rx LP","71205-186","Metformin Hydrochloride","METFORMIN HYDROCHLORIDE","HUMAN PRESCRIPTION DRUG","12/01/2018","N/A","ANDA","30 TABLET, EXTENDED RELEASE in 1 BOTTLE (71205-186-30)","Biguanide [EPC],  Biguanides [CS]","N/A","No","12/31/2026"
"Metformin Hydrochloride","71205-186-60","500 mg/1","TABLET, EXTENDED RELEASE","ORAL","ANDA078321","Proficient Rx LP","71205-186","Metformin Hydrochloride","METFORMIN HYDROCHLORIDE","HUMAN PRESCRIPTION DRUG","12/01/2018","N/A","ANDA","60 TABLET, EXTENDED RELEASE in 1 BOTTLE (71205-186-60)","Biguanide [EPC],  Biguanides [CS]","N/A","No","12/31/2026"
"Metformin Hydrochloride","71205-186-72","500 mg/1","TABLET, EXTENDED RELEASE","ORAL","ANDA078321","Proficient Rx LP","71205-186","Metformin Hydrochloride","METFORMIN HYDROCHLORIDE","HUMAN PRESCRIPTION DRUG","12/01/2018","N/A","ANDA","120 TABLET, EXTENDED RELEASE in 1 BOTTLE (71205-186-72)","Biguanide [EPC],  Biguanides [CS]","N/A","No","12/31/2026"
"Metformin Hydrochloride","71205-186-90","500 mg/1","TABLET, EXTENDED RELEASE","ORAL","ANDA078321","Proficient Rx LP","71205-186","Metformin Hydrochloride","METFORMIN HYDROCHLORIDE","HUMAN PRESCRIPTION DRUG","12/01/2018","N/A","ANDA","90 TABLET, EXTENDED RELEASE in 1 BOTTLE (71205-186-90)","Biguanide [EPC],  Biguanides [CS]","N/A","No","12/31/2026"
"Metformin Hydrochloride","71335-2224-0","500 mg/1","TABLET, FILM COATED","ORAL","ANDA209882","Bryant Ranch Prepack","71335-2224","Metformin Hydrochloride","METFORMIN HYDROCHLORIDE","HUMAN PRESCRIPTION DRUG","04/03/2024","N/A","ANDA","25 TABLET, FILM COATED in 1 BOTTLE (71335-2224-0)","Biguanide [EPC],  Biguanides [CS]","N/A","No","12/31/2026"
"Metformin Hydrochloride","71335-2224-1","500 mg/1","TABLET, FILM COATED","ORAL","ANDA209882","Bryant Ranch Prepack","71335-2224","Metformin Hydrochloride","METFORMIN HYDROCHLORIDE","HUMAN PRESCRIPTION DRUG","08/29/2023","N/A","ANDA","30 TABLET, FILM COATED in 1 BOTTLE (71335-2224-1)","Biguanide [EPC],  Biguanides [CS]","N/A","No","12/31/2026"
"Metformin Hydrochloride","71335-2224-2","500 mg/1","TABLET, FILM COATED","ORAL","ANDA209882","Bryant Ranch Prepack","71335-2224","Metformin Hydrochloride","METFORMIN HYDROCHLORIDE","HUMAN PRESCRIPTION DRUG","09/20/2023","N/A","ANDA","60 TABLET, FILM COATED in 1 BOTTLE (71335-2224-2)","Biguanide [EPC],  Biguanides [CS]","N/A","No","12/31/2026"
"Metformin Hydrochloride","71335-2224-3","500 mg/1","TABLET, FILM COATED","ORAL","ANDA209882","Bryant Ranch Prepack","71335-2224","Metformin Hydrochloride","METFORMIN HYDROCHLORIDE","HUMAN PRESCRIPTION DRUG","11/16/2023","N/A","ANDA","100 TABLET, FILM COATED in 1 BOTTLE (71335-2224-3)","Biguanide [EPC],  Biguanides [CS]","N/A","No","12/31/2026"
"Metformin Hydrochloride","71335-2224-4","500 mg/1","TABLET, FILM COATED","ORAL","ANDA209882","Bryant Ranch Prepack","71335-2224","Metformin Hydrochloride","METFORMIN HYDROCHLORIDE","HUMAN PRESCRIPTION DRUG","04/03/2024","N/A","ANDA","120 TABLET, FILM COATED in 1 BOTTLE (71335-2224-4)","Biguanide [EPC],  Biguanides [CS]","N/A","No","12/31/2026"
"Metformin Hydrochloride","71335-2224-5","500 mg/1","TABLET, FILM COATED","ORAL","ANDA209882","Bryant Ranch Prepack","71335-2224","Metformin Hydrochloride","METFORMIN HYDROCHLORIDE","HUMAN PRESCRIPTION DRUG","04/03/2024","N/A","ANDA","90 TABLET, FILM COATED in 1 BOTTLE (71335-2224-5)","Biguanide [EPC],  Biguanides [CS]","N/A","No","12/31/2026"
"Metformin Hydrochloride","71335-2224-6","500 mg/1","TABLET, FILM COATED","ORAL","ANDA209882","Bryant Ranch Prepack","71335-2224","Metformin Hydrochloride","METFORMIN HYDROCHLORIDE","HUMAN PRESCRIPTION DRUG","04/03/2024","N/A","ANDA","28 TABLET, FILM COATED in 1 BOTTLE (71335-2224-6)","Biguanide [EPC],  Biguanides [CS]","N/A","No","12/31/2026"
"Metformin Hydrochloride","71335-2224-7","500 mg/1","TABLET, FILM COATED","ORAL","ANDA209882","Bryant Ranch Prepack","71335-2224","Metformin Hydrochloride","METFORMIN HYDROCHLORIDE","HUMAN PRESCRIPTION DRUG","04/03/2024","N/A","ANDA","56 TABLET, FILM COATED in 1 BOTTLE (71335-2224-7)","Biguanide [EPC],  Biguanides [CS]","N/A","No","12/31/2026"
"Metformin Hydrochloride","71335-2224-8","500 mg/1","TABLET, FILM COATED","ORAL","ANDA209882","Bryant Ranch Prepack","71335-2224","Metformin Hydrochloride","METFORMIN HYDROCHLORIDE","HUMAN PRESCRIPTION DRUG","09/18/2023","N/A","ANDA","180 TABLET, FILM COATED in 1 BOTTLE (71335-2224-8)","Biguanide [EPC],  Biguanides [CS]","N/A","No","12/31/2026"
"Metformin Hydrochloride","71335-2224-9","500 mg/1","TABLET, FILM COATED","ORAL","ANDA209882","Bryant Ranch Prepack","71335-2224","Metformin Hydrochloride","METFORMIN HYDROCHLORIDE","HUMAN PRESCRIPTION DRUG","04/03/2024","N/A","ANDA","10 TABLET, FILM COATED in 1 BOTTLE (71335-2224-9)","Biguanide [EPC],  Biguanides [CS]","N/A","No","12/31/2026"
"METFORMIN HYDROCHLORIDE","67046-1556-3","750 mg/1","TABLET, EXTENDED RELEASE","ORAL","ANDA217631","Coupler LLC","67046-1556","METFORMIN HYDROCHLORIDE","METFORMIN HYDROCHLORIDE","HUMAN PRESCRIPTION DRUG","04/29/2025","N/A","ANDA","30 TABLET, EXTENDED RELEASE in 1 BLISTER PACK (67046-1556-3)","Biguanide [EPC],  Biguanides [CS]","N/A","No","12/31/2026"
"metformin hydrochloride","42806-405-60","500 mg/1","TABLET, FILM COATED, EXTENDED RELEASE","ORAL","ANDA209993","EPIC PHARMA, LLC","42806-405","metformin hydrochloride tablets","METFORMIN HYDROCHLORIDE","HUMAN PRESCRIPTION DRUG","01/04/2019","N/A","ANDA","60 TABLET, FILM COATED, EXTENDED RELEASE in 1 BOTTLE (42806-405-60)","Biguanide [EPC],  Biguanides [CS]","N/A","No","12/31/2027"
"Metformin Hydrochloride","50090-7106-0","850 mg/1","TABLET, FILM COATED","ORAL","ANDA209882","A-S Medication Solutions","50090-7106","Metformin Hydrochloride","METFORMIN HYDROCHLORIDE","HUMAN PRESCRIPTION DRUG","03/06/2024","N/A","ANDA","60 TABLET, FILM COATED in 1 BOTTLE (50090-7106-0)","Biguanide [EPC],  Biguanides [CS]","N/A","No","12/31/2026"
"Metformin Hydrochloride","50090-7106-2","850 mg/1","TABLET, FILM COATED","ORAL","ANDA209882","A-S Medication Solutions","50090-7106","Metformin Hydrochloride","METFORMIN HYDROCHLORIDE","HUMAN PRESCRIPTION DRUG","03/06/2024","N/A","ANDA","100 TABLET, FILM COATED in 1 BOTTLE (50090-7106-2)","Biguanide [EPC],  Biguanides [CS]","N/A","No","12/31/2026"
"Metformin Hydrochloride","50090-7106-4","850 mg/1","TABLET, FILM COATED","ORAL","ANDA209882","A-S Medication Solutions","50090-7106","Metformin Hydrochloride","METFORMIN HYDROCHLORIDE","HUMAN PRESCRIPTION DRUG","03/06/2024","N/A","ANDA","90 TABLET, FILM COATED in 1 BOTTLE (50090-7106-4)","Biguanide [EPC],  Biguanides [CS]","N/A","No","12/31/2026"
"Metformin Hydrochloride","50090-7106-5","850 mg/1","TABLET, FILM COATED","ORAL","ANDA209882","A-S Medication Solutions","50090-7106","Metformin Hydrochloride","METFORMIN HYDROCHLORIDE","HUMAN PRESCRIPTION DRUG","03/06/2024","N/A","ANDA","180 TABLET, FILM COATED in 1 BOTTLE (50090-7106-5)","Biguanide [EPC],  Biguanides [CS]","N/A","No","12/31/2026"
"metformin hydrochloride","42806-406-60","1000 mg/1","TABLET, FILM COATED, EXTENDED RELEASE","ORAL","ANDA209993","EPIC PHARMA, LLC","42806-406","metformin hydrochloride tablet","METFORMIN HYDROCHLORIDE","HUMAN PRESCRIPTION DRUG","01/04/2019","N/A","ANDA","60 TABLET, FILM COATED, EXTENDED RELEASE in 1 BOTTLE (42806-406-60)","Biguanide [EPC],  Biguanides [CS]","N/A","No","12/31/2027"
"Metformin Hydrochloride","50090-7107-0","850 mg/1","TABLET, FILM COATED","ORAL","ANDA209882","A-S Medication Solutions","50090-7107","Metformin Hydrochloride","METFORMIN HYDROCHLORIDE","HUMAN PRESCRIPTION DRUG","03/06/2024","N/A","ANDA","90 TABLET, FILM COATED in 1 BOTTLE (50090-7107-0)","Biguanide [EPC],  Biguanides [CS]","N/A","No","12/31/2026"
"DAPAGLIFLOZIN AND METFORMIN HYDROCHLORIDE","70748-101-06","5 mg/1,  500 mg/1","TABLET, EXTENDED RELEASE","ORAL","ANDA211579","Lupin Pharmaceuticals, Inc.","70748-101","DAPAGLIFLOZIN AND METFORMIN HYDROCHLORIDE","DAPAGLIFLOZIN,  METFORMIN HYDROCHLORIDE","HUMAN PRESCRIPTION DRUG","04/17/2026","N/A","ANDA","30 TABLET, EXTENDED RELEASE in 1 BOTTLE (70748-101-06)","Biguanide [EPC],  Biguanides [CS],  Sodium-Glucose Cotransporter 2 Inhibitor [EPC],  Sodium-Glucose Transporter 2 Inhibitors [MoA]","N/A","No","12/31/2027"
"METFORMIN HYDROCHLORIDE","82009-174-10","500 mg/1","TABLET, FILM COATED","ORAL","ANDA203686","Quallent Pharmaceuticals Health LLC","82009-174","METFORMIN HYDROCHLORIDE","METFORMIN HYDROCHLORIDE","HUMAN PRESCRIPTION DRUG","07/18/2025","N/A","ANDA","1000 TABLET, FILM COATED in 1 BOTTLE (82009-174-10)","Biguanide [EPC],  Biguanides [CS]","N/A","No","12/31/2027"
"Glipizide and Metformin Hydrochloride","0093-7457-01","5 mg/1,  500 mg/1","TABLET, FILM COATED","ORAL","ANDA077270","Teva Pharmaceuticals USA, Inc.","0093-7457","Glipizide and Metformin Hydrochloride","GLIPIZIDE,  METFORMIN HYDROCHLORIDE","HUMAN PRESCRIPTION DRUG","10/28/2005","N/A","ANDA","100 TABLET, FILM COATED in 1 BOTTLE (0093-7457-01)","Biguanide [EPC],  Biguanides [CS],  Sulfonylurea Compounds [CS],  Sulfonylurea [EPC]","N/A","No","12/31/2027"
"METFORMIN HYDROCHLORIDE","50090-7116-0","500 mg/1","TABLET, EXTENDED RELEASE","ORAL","ANDA201991","A-S Medication Solutions","50090-7116","metformin hydrochloride","METFORMIN HYDROCHLORIDE","HUMAN PRESCRIPTION DRUG","03/12/2024","N/A","ANDA","90 TABLET, EXTENDED RELEASE in 1 BOTTLE (50090-7116-0)","Biguanide [EPC],  Biguanides [CS]","N/A","No","12/31/2026"
"Metformin hydrochloride ER","71610-666-53","750 mg/1","TABLET, EXTENDED RELEASE","ORAL","ANDA207427","Aphena Pharma Solutions - Tennessee, LLC","71610-666","Metformin hydrochloride","METFORMIN HYDROCHLORIDE","HUMAN PRESCRIPTION DRUG","04/11/2023","N/A","ANDA","60 TABLET, EXTENDED RELEASE in 1 BOTTLE, PLASTIC (71610-666-53)","Biguanide [EPC],  Biguanides [CS]","N/A","No","12/31/2026"
"Metformin hydrochloride ER","71610-666-60","750 mg/1","TABLET, EXTENDED RELEASE","ORAL","ANDA207427","Aphena Pharma Solutions - Tennessee, LLC","71610-666","Metformin hydrochloride","METFORMIN HYDROCHLORIDE","HUMAN PRESCRIPTION DRUG","10/05/2022","N/A","ANDA","90 TABLET, EXTENDED RELEASE in 1 BOTTLE, PLASTIC (71610-666-60)","Biguanide [EPC],  Biguanides [CS]","N/A","No","12/31/2026"
"Metformin hydrochloride ER","71610-666-80","750 mg/1","TABLET, EXTENDED RELEASE","ORAL","ANDA207427","Aphena Pharma Solutions - Tennessee, LLC","71610-666","Metformin hydrochloride","METFORMIN HYDROCHLORIDE","HUMAN PRESCRIPTION DRUG","10/05/2022","N/A","ANDA","180 TABLET, EXTENDED RELEASE in 1 BOTTLE, PLASTIC (71610-666-80)","Biguanide [EPC],  Biguanides [CS]","N/A","No","12/31/2026"
"DAPAGLIFLOZIN AND METFORMIN HYDROCHLORIDE","70748-104-06","10 mg/1,  1000 mg/1","TABLET, EXTENDED RELEASE","ORAL","ANDA211579","Lupin Pharmaceuticals, Inc.","70748-104","DAPAGLIFLOZIN AND METFORMIN HYDROCHLORIDE","DAPAGLIFLOZIN,  METFORMIN HYDROCHLORIDE","HUMAN PRESCRIPTION DRUG","04/17/2026","N/A","ANDA","30 TABLET, EXTENDED RELEASE in 1 BOTTLE (70748-104-06)","Biguanide [EPC],  Biguanides [CS],  Sodium-Glucose Cotransporter 2 Inhibitor [EPC],  Sodium-Glucose Transporter 2 Inhibitors [MoA]","N/A","No","12/31/2027"
"Glyburide and Metformin Hydrochloride","50090-2031-0","2.5 mg/1,  500 mg/1","TABLET, FILM COATED","ORAL","ANDA077870","A-S Medication Solutions","50090-2031","Glyburide and Metformin Hydrochloride","GLYBURIDE,  METFORMIN HYDROCHLORIDE","HUMAN PRESCRIPTION DRUG","09/24/2015","N/A","ANDA","60 TABLET, FILM COATED in 1 BOTTLE (50090-2031-0)","Biguanide [EPC],  Biguanides [CS],  Sulfonylurea Compounds [CS],  Sulfonylurea [EPC]","N/A","No","12/31/2027"
"Glyburide and Metformin Hydrochloride","50090-2031-2","2.5 mg/1,  500 mg/1","TABLET, FILM COATED","ORAL","ANDA077870","A-S Medication Solutions","50090-2031","Glyburide and Metformin Hydrochloride","GLYBURIDE,  METFORMIN HYDROCHLORIDE","HUMAN PRESCRIPTION DRUG","09/24/2015","N/A","ANDA","180 TABLET, FILM COATED in 1 BOTTLE (50090-2031-2)","Biguanide [EPC],  Biguanides [CS],  Sulfonylurea Compounds [CS],  Sulfonylurea [EPC]","N/A","No","12/31/2027"
"METFORMIN HYDROCHLORIDE","71610-917-30","500 mg/1","TABLET","ORAL","ANDA203769","Aphena Pharma Solutions - Tennessee, LLC","71610-917","METFORMIN HYDROCHLORIDE","METFORMIN HYDROCHLORIDE","HUMAN PRESCRIPTION DRUG","06/26/2025","N/A","ANDA","30 TABLET in 1 BOTTLE (71610-917-30)","Biguanide [EPC],  Biguanides [CS]","N/A","No","12/31/2027"
"METFORMIN HYDROCHLORIDE","71610-917-53","500 mg/1","TABLET","ORAL","ANDA203769","Aphena Pharma Solutions - Tennessee, LLC","71610-917","METFORMIN HYDROCHLORIDE","METFORMIN HYDROCHLORIDE","HUMAN PRESCRIPTION DRUG","06/26/2025","N/A","ANDA","60 TABLET in 1 BOTTLE (71610-917-53)","Biguanide [EPC],  Biguanides [CS]","N/A","No","12/31/2027"
"METFORMIN HYDROCHLORIDE","71610-917-60","500 mg/1","TABLET","ORAL","ANDA203769","Aphena Pharma Solutions - Tennessee, LLC","71610-917","METFORMIN HYDROCHLORIDE","METFORMIN HYDROCHLORIDE","HUMAN PRESCRIPTION DRUG","06/26/2025","N/A","ANDA","90 TABLET in 1 BOTTLE (71610-917-60)","Biguanide [EPC],  Biguanides [CS]","N/A","No","12/31/2027"
"METFORMIN HYDROCHLORIDE","71610-917-70","500 mg/1","TABLET","ORAL","ANDA203769","Aphena Pharma Solutions - Tennessee, LLC","71610-917","METFORMIN HYDROCHLORIDE","METFORMIN HYDROCHLORIDE","HUMAN PRESCRIPTION DRUG","06/26/2025","N/A","ANDA","120 TABLET in 1 BOTTLE (71610-917-70)","Biguanide [EPC],  Biguanides [CS]","N/A","No","12/31/2027"
"METFORMIN HYDROCHLORIDE","71610-917-80","500 mg/1","TABLET","ORAL","ANDA203769","Aphena Pharma Solutions - Tennessee, LLC","71610-917","METFORMIN HYDROCHLORIDE","METFORMIN HYDROCHLORIDE","HUMAN PRESCRIPTION DRUG","06/26/2025","N/A","ANDA","180 TABLET in 1 BOTTLE (71610-917-80)","Biguanide [EPC],  Biguanides [CS]","N/A","No","12/31/2027"
"METFORMIN HYDROCHLORIDE","71610-917-92","500 mg/1","TABLET","ORAL","ANDA203769","Aphena Pharma Solutions - Tennessee, LLC","71610-917","METFORMIN HYDROCHLORIDE","METFORMIN HYDROCHLORIDE","HUMAN PRESCRIPTION DRUG","03/25/2026","N/A","ANDA","270 TABLET in 1 BOTTLE (71610-917-92)","Biguanide [EPC],  Biguanides [CS]","N/A","No","12/31/2027"
"METFORMIN HYDROCHLORIDE","71610-917-94","500 mg/1","TABLET","ORAL","ANDA203769","Aphena Pharma Solutions - Tennessee, LLC","71610-917","METFORMIN HYDROCHLORIDE","METFORMIN HYDROCHLORIDE","HUMAN PRESCRIPTION DRUG","06/26/2025","N/A","ANDA","360 TABLET in 1 BOTTLE (71610-917-94)","Biguanide [EPC],  Biguanides [CS]","N/A","No","12/31/2027"
"DAPAGLIFLOZIN AND METFORMIN HYDROCHLORIDE","70748-102-07","5 mg/1,  1000 mg/1","TABLET, EXTENDED RELEASE","ORAL","ANDA211579","Lupin Pharmaceuticals, Inc.","70748-102","DAPAGLIFLOZIN AND METFORMIN HYDROCHLORIDE","DAPAGLIFLOZIN,  METFORMIN HYDROCHLORIDE","HUMAN PRESCRIPTION DRUG","04/17/2026","N/A","ANDA","60 TABLET, EXTENDED RELEASE in 1 BOTTLE (70748-102-07)","Biguanide [EPC],  Biguanides [CS],  Sodium-Glucose Cotransporter 2 Inhibitor [EPC],  Sodium-Glucose Transporter 2 Inhibitors [MoA]","N/A","No","12/31/2027"
"METFORMIN HYDROCHLORIDE","82009-175-10","1000 mg/1","TABLET, FILM COATED","ORAL","ANDA203686","Quallent Pharmaceuticals Health LLC","82009-175","METFORMIN HYDROCHLORIDE","METFORMIN HYDROCHLORIDE","HUMAN PRESCRIPTION DRUG","07/18/2025","N/A","ANDA","1000 TABLET, FILM COATED in 1 BOTTLE (82009-175-10)","Biguanide [EPC],  Biguanides [CS]","N/A","No","12/31/2027"
"Metformin Hydrochloride","33342-378-10","1000 mg/1","TABLET, EXTENDED RELEASE","ORAL","ANDA211163","Macleods Pharmaceuticals Limited","33342-378","Metformin Hydrochloride","METFORMIN HYDROCHLORIDE","HUMAN PRESCRIPTION DRUG","03/13/2024","N/A","ANDA","90 TABLET, EXTENDED RELEASE in 1 BOTTLE (33342-378-10)","Biguanide [EPC],  Biguanides [CS]","N/A","No","12/31/2026"
"Metformin Hydrochloride","0615-8578-05","1000 mg/1","TABLET, FILM COATED","ORAL","ANDA077095","NCS HealthCare of KY, LLC dba Vangard Labs","0615-8578","Metformin Hydrochloride","METFORMIN HYDROCHLORIDE","HUMAN PRESCRIPTION DRUG","04/17/2025","N/A","ANDA","15 TABLET, FILM COATED in 1 BLISTER PACK (0615-8578-05)","Biguanide [EPC],  Biguanides [CS]","N/A","No","12/31/2027"
"Metformin Hydrochloride","0615-8578-39","1000 mg/1","TABLET, FILM COATED","ORAL","ANDA077095","NCS HealthCare of KY, LLC dba Vangard Labs","0615-8578","Metformin Hydrochloride","METFORMIN HYDROCHLORIDE","HUMAN PRESCRIPTION DRUG","04/17/2025","N/A","ANDA","30 TABLET, FILM COATED in 1 BLISTER PACK (0615-8578-39)","Biguanide [EPC],  Biguanides [CS]","N/A","No","12/31/2027"
"Sitagliptin and Metformin Hydrochloride","0781-5802-60","50 mg/1,  1000 mg/1","TABLET, FILM COATED","ORAL","ANDA202388","Sandoz Inc","0781-5802","Sitagliptin and Metformin Hydrochloride","SITAGLIPTIN PHOSPHATE,  METFORMIN HYDROCHLORIDE","HUMAN PRESCRIPTION DRUG","12/02/2025","N/A","ANDA","60 TABLET, FILM COATED in 1 BOTTLE (0781-5802-60)","Biguanide [EPC],  Biguanides [CS],  Dipeptidyl Peptidase 4 Inhibitor [EPC],  Dipeptidyl Peptidase 4 Inhibitors [MoA]","N/A","No","12/31/2027"
"Sitagliptin and Metformin Hydrochloride","0781-5802-71","50 mg/1,  1000 mg/1","TABLET, FILM COATED","ORAL","ANDA202388","Sandoz Inc","0781-5802","Sitagliptin and Metformin Hydrochloride","SITAGLIPTIN PHOSPHATE,  METFORMIN HYDROCHLORIDE","HUMAN PRESCRIPTION DRUG","12/02/2025","N/A","ANDA","180 TABLET, FILM COATED in 1 BOTTLE (0781-5802-71)","Biguanide [EPC],  Biguanides [CS],  Dipeptidyl Peptidase 4 Inhibitor [EPC],  Dipeptidyl Peptidase 4 Inhibitors [MoA]","N/A","No","12/31/2027"
"Sitagliptin and Metformin Hydrochloride","0781-5802-73","50 mg/1,  1000 mg/1","TABLET, FILM COATED","ORAL","ANDA202388","Sandoz Inc","0781-5802","Sitagliptin and Metformin Hydrochloride","SITAGLIPTIN PHOSPHATE,  METFORMIN HYDROCHLORIDE","HUMAN PRESCRIPTION DRUG","12/02/2025","N/A","ANDA","350 TABLET, FILM COATED in 1 BOTTLE (0781-5802-73)","Biguanide [EPC],  Biguanides [CS],  Dipeptidyl Peptidase 4 Inhibitor [EPC],  Dipeptidyl Peptidase 4 Inhibitors [MoA]","N/A","No","12/31/2027"
"DAPAGLIFLOZIN AND METFORMIN HYDROCHLORIDE","70748-103-06","10 mg/1,  500 mg/1","TABLET, EXTENDED RELEASE","ORAL","ANDA211579","Lupin Pharmaceuticals, Inc.","70748-103","DAPAGLIFLOZIN AND METFORMIN HYDROCHLORIDE","DAPAGLIFLOZIN,  METFORMIN HYDROCHLORIDE","HUMAN PRESCRIPTION DRUG","04/17/2026","N/A","ANDA","30 TABLET, EXTENDED RELEASE in 1 BOTTLE (70748-103-06)","Biguanide [EPC],  Biguanides [CS],  Sodium-Glucose Cotransporter 2 Inhibitor [EPC],  Sodium-Glucose Transporter 2 Inhibitors [MoA]","N/A","No","12/31/2027"
"Glyburide and Metformin Hydrochloride","50090-2030-0","5 mg/1,  500 mg/1","TABLET, FILM COATED","ORAL","ANDA077870","A-S Medication Solutions","50090-2030","Glyburide and Metformin Hydrochloride","GLYBURIDE,  METFORMIN HYDROCHLORIDE","HUMAN PRESCRIPTION DRUG","09/24/2015","N/A","ANDA","60 TABLET, FILM COATED in 1 BOTTLE (50090-2030-0)","Biguanide [EPC],  Biguanides [CS],  Sulfonylurea Compounds [CS],  Sulfonylurea [EPC]","N/A","No","12/31/2027"
"Glyburide and Metformin Hydrochloride","50090-2030-2","5 mg/1,  500 mg/1","TABLET, FILM COATED","ORAL","ANDA077870","A-S Medication Solutions","50090-2030","Glyburide and Metformin Hydrochloride","GLYBURIDE,  METFORMIN HYDROCHLORIDE","HUMAN PRESCRIPTION DRUG","09/24/2015","N/A","ANDA","100 TABLET, FILM COATED in 1 BOTTLE (50090-2030-2)","Biguanide [EPC],  Biguanides [CS],  Sulfonylurea Compounds [CS],  Sulfonylurea [EPC]","N/A","No","12/31/2027"
"Glyburide and Metformin Hydrochloride","50090-2030-3","5 mg/1,  500 mg/1","TABLET, FILM COATED","ORAL","ANDA077870","A-S Medication Solutions","50090-2030","Glyburide and Metformin Hydrochloride","GLYBURIDE,  METFORMIN HYDROCHLORIDE","HUMAN PRESCRIPTION DRUG","09/24/2015","N/A","ANDA","90 TABLET, FILM COATED in 1 BOTTLE (50090-2030-3)","Biguanide [EPC],  Biguanides [CS],  Sulfonylurea Compounds [CS],  Sulfonylurea [EPC]","N/A","No","12/31/2027"
"Glyburide and Metformin Hydrochloride","50090-2030-4","5 mg/1,  500 mg/1","TABLET, FILM COATED","ORAL","ANDA077870","A-S Medication Solutions","50090-2030","Glyburide and Metformin Hydrochloride","GLYBURIDE,  METFORMIN HYDROCHLORIDE","HUMAN PRESCRIPTION DRUG","09/24/2015","N/A","ANDA","180 TABLET, FILM COATED in 1 BOTTLE (50090-2030-4)","Biguanide [EPC],  Biguanides [CS],  Sulfonylurea Compounds [CS],  Sulfonylurea [EPC]","N/A","No","12/31/2027"
"Metformin Hydrochloride","71335-2504-1","750 mg/1","TABLET, EXTENDED RELEASE","ORAL","ANDA078321","Bryant Ranch Prepack","71335-2504","Metformin Hydrochloride","METFORMIN HYDROCHLORIDE","HUMAN PRESCRIPTION DRUG","09/23/2024","N/A","ANDA","30 TABLET, EXTENDED RELEASE in 1 BOTTLE (71335-2504-1)","Biguanide [EPC],  Biguanides [CS]","N/A","No","12/31/2027"
"Metformin Hydrochloride","71335-2504-2","750 mg/1","TABLET, EXTENDED RELEASE","ORAL","ANDA078321","Bryant Ranch Prepack","71335-2504","Metformin Hydrochloride","METFORMIN HYDROCHLORIDE","HUMAN PRESCRIPTION DRUG","09/23/2024","N/A","ANDA","90 TABLET, EXTENDED RELEASE in 1 BOTTLE (71335-2504-2)","Biguanide [EPC],  Biguanides [CS]","N/A","No","12/31/2027"
"Metformin Hydrochloride","71335-2504-3","750 mg/1","TABLET, EXTENDED RELEASE","ORAL","ANDA078321","Bryant Ranch Prepack","71335-2504","Metformin Hydrochloride","METFORMIN HYDROCHLORIDE","HUMAN PRESCRIPTION DRUG","09/23/2024","N/A","ANDA","60 TABLET, EXTENDED RELEASE in 1 BOTTLE (71335-2504-3)","Biguanide [EPC],  Biguanides [CS]","N/A","No","12/31/2027"
"Metformin Hydrochloride","71335-2504-4","750 mg/1","TABLET, EXTENDED RELEASE","ORAL","ANDA078321","Bryant Ranch Prepack","71335-2504","Metformin Hydrochloride","METFORMIN HYDROCHLORIDE","HUMAN PRESCRIPTION DRUG","09/23/2024","N/A","ANDA","180 TABLET, EXTENDED RELEASE in 1 BOTTLE (71335-2504-4)","Biguanide [EPC],  Biguanides [CS]","N/A","No","12/31/2027"
"Metformin Hydrochloride","71335-2504-5","750 mg/1","TABLET, EXTENDED RELEASE","ORAL","ANDA078321","Bryant Ranch Prepack","71335-2504","Metformin Hydrochloride","METFORMIN HYDROCHLORIDE","HUMAN PRESCRIPTION DRUG","09/23/2024","N/A","ANDA","100 TABLET, EXTENDED RELEASE in 1 BOTTLE (71335-2504-5)","Biguanide [EPC],  Biguanides [CS]","N/A","No","12/31/2027"
"METFORMIN HYDROCHLORIDE","72162-1523-1","1000 mg/1","TABLET","ORAL","ANDA203769","Bryant Ranch Prepack","72162-1523","METFORMIN HYDROCHLORIDE","METFORMIN HYDROCHLORIDE","HUMAN PRESCRIPTION DRUG","02/05/2024","N/A","ANDA","100 TABLET in 1 BOTTLE (72162-1523-1)","Biguanide [EPC],  Biguanides [CS]","N/A","No","12/31/2026"
"METFORMIN HYDROCHLORIDE","72162-1523-5","1000 mg/1","TABLET","ORAL","ANDA203769","Bryant Ranch Prepack","72162-1523","METFORMIN HYDROCHLORIDE","METFORMIN HYDROCHLORIDE","HUMAN PRESCRIPTION DRUG","02/05/2024","N/A","ANDA","500 TABLET in 1 BOTTLE (72162-1523-5)","Biguanide [EPC],  Biguanides [CS]","N/A","No","12/31/2026"
"Metformin Hydrochloride","82009-181-01","750 mg/1","TABLET, EXTENDED RELEASE","ORAL","ANDA206145","Quallent Pharmaceuticals Health LLC","82009-181","Metformin Hydrochloride","METFORMIN HYDROCHLORIDE","HUMAN PRESCRIPTION DRUG","12/15/2025","N/A","ANDA","100 TABLET, EXTENDED RELEASE in 1 BOTTLE (82009-181-01)","Biguanide [EPC],  Biguanides [CS]","N/A","No","12/31/2027"
"Glyburide and Metformin Hydrochloride","68788-8634-1","5 mg/1,  500 mg/1","TABLET, FILM COATED","ORAL","ANDA077870","Preferred Pharmaceuticals Inc.","68788-8634","Glyburide and Metformin Hydrochloride","GLYBURIDE,  METFORMIN HYDROCHLORIDE","HUMAN PRESCRIPTION DRUG","04/16/2024","N/A","ANDA","100 TABLET, FILM COATED in 1 BOTTLE (68788-8634-1)","Biguanide [EPC],  Biguanides [CS],  Sulfonylurea Compounds [CS],  Sulfonylurea [EPC]","N/A","No","12/31/2027"
"Glyburide and Metformin Hydrochloride","68788-8634-3","5 mg/1,  500 mg/1","TABLET, FILM COATED","ORAL","ANDA077870","Preferred Pharmaceuticals Inc.","68788-8634","Glyburide and Metformin Hydrochloride","GLYBURIDE,  METFORMIN HYDROCHLORIDE","HUMAN PRESCRIPTION DRUG","04/16/2024","N/A","ANDA","30 TABLET, FILM COATED in 1 BOTTLE (68788-8634-3)","Biguanide [EPC],  Biguanides [CS],  Sulfonylurea Compounds [CS],  Sulfonylurea [EPC]","N/A","No","12/31/2027"
"Glyburide and Metformin Hydrochloride","68788-8634-6","5 mg/1,  500 mg/1","TABLET, FILM COATED","ORAL","ANDA077870","Preferred Pharmaceuticals Inc.","68788-8634","Glyburide and Metformin Hydrochloride","GLYBURIDE,  METFORMIN HYDROCHLORIDE","HUMAN PRESCRIPTION DRUG","04/16/2024","N/A","ANDA","60 TABLET, FILM COATED in 1 BOTTLE (68788-8634-6)","Biguanide [EPC],  Biguanides [CS],  Sulfonylurea Compounds [CS],  Sulfonylurea [EPC]","N/A","No","12/31/2027"
"Glyburide and Metformin Hydrochloride","68788-8634-8","5 mg/1,  500 mg/1","TABLET, FILM COATED","ORAL","ANDA077870","Preferred Pharmaceuticals Inc.","68788-8634","Glyburide and Metformin Hydrochloride","GLYBURIDE,  METFORMIN HYDROCHLORIDE","HUMAN PRESCRIPTION DRUG","04/16/2024","N/A","ANDA","120 TABLET, FILM COATED in 1 BOTTLE (68788-8634-8)","Biguanide [EPC],  Biguanides [CS],  Sulfonylurea Compounds [CS],  Sulfonylurea [EPC]","N/A","No","12/31/2027"
"Glyburide and Metformin Hydrochloride","68788-8634-9","5 mg/1,  500 mg/1","TABLET, FILM COATED","ORAL","ANDA077870","Preferred Pharmaceuticals Inc.","68788-8634","Glyburide and Metformin Hydrochloride","GLYBURIDE,  METFORMIN HYDROCHLORIDE","HUMAN PRESCRIPTION DRUG","04/16/2024","N/A","ANDA","90 TABLET, FILM COATED in 1 BOTTLE (68788-8634-9)","Biguanide [EPC],  Biguanides [CS],  Sulfonylurea Compounds [CS],  Sulfonylurea [EPC]","N/A","No","12/31/2027"
"METFORMIN HYDROCHLORIDE","71610-918-60","850 mg/1","TABLET","ORAL","ANDA203769","Aphena Pharma Solutions - Tennessee, LLC","71610-918","METFORMIN HYDROCHLORIDE","METFORMIN HYDROCHLORIDE","HUMAN PRESCRIPTION DRUG","07/01/2025","N/A","ANDA","90 TABLET in 1 BOTTLE (71610-918-60)","Biguanide [EPC],  Biguanides [CS]","N/A","No","12/31/2026"
"METFORMIN HYDROCHLORIDE","71610-918-80","850 mg/1","TABLET","ORAL","ANDA203769","Aphena Pharma Solutions - Tennessee, LLC","71610-918","METFORMIN HYDROCHLORIDE","METFORMIN HYDROCHLORIDE","HUMAN PRESCRIPTION DRUG","06/26/2025","N/A","ANDA","180 TABLET in 1 BOTTLE (71610-918-80)","Biguanide [EPC],  Biguanides [CS]","N/A","No","12/31/2026"
"METFORMIN HYDROCHLORIDE","71610-918-92","850 mg/1","TABLET","ORAL","ANDA203769","Aphena Pharma Solutions - Tennessee, LLC","71610-918","METFORMIN HYDROCHLORIDE","METFORMIN HYDROCHLORIDE","HUMAN PRESCRIPTION DRUG","06/27/2025","N/A","ANDA","270 TABLET in 1 BOTTLE (71610-918-92)","Biguanide [EPC],  Biguanides [CS]","N/A","No","12/31/2026"
"Metformin Hydrochloride","31722-042-47","500 mg/5mL","SOLUTION","ORAL","ANDA215008","Camber Pharmaceuticals, Inc.","31722-042","Metformin Hydrochloride","METFORMIN HYDROCHLORIDE","HUMAN PRESCRIPTION DRUG","03/13/2025","N/A","ANDA","1 BOTTLE in 1 CARTON (31722-042-47)  / 473 mL in 1 BOTTLE","Biguanide [EPC],  Biguanides [CS]","N/A","No","12/31/2026"
"METFORMIN HYDROCHLORIDE","71610-672-30","1000 mg/1","TABLET","ORAL","ANDA203769","Aphena Pharma Solutions - Tennessee, LLC","71610-672","METFORMIN HYDROCHLORIDE","METFORMIN HYDROCHLORIDE","HUMAN PRESCRIPTION DRUG","11/02/2022","N/A","ANDA","30 TABLET in 1 BOTTLE (71610-672-30)","Biguanide [EPC],  Biguanides [CS]","N/A","No","12/31/2026"
"METFORMIN HYDROCHLORIDE","71610-672-45","1000 mg/1","TABLET","ORAL","ANDA203769","Aphena Pharma Solutions - Tennessee, LLC","71610-672","METFORMIN HYDROCHLORIDE","METFORMIN HYDROCHLORIDE","HUMAN PRESCRIPTION DRUG","11/02/2022","N/A","ANDA","45 TABLET in 1 BOTTLE (71610-672-45)","Biguanide [EPC],  Biguanides [CS]","N/A","No","12/31/2026"
"METFORMIN HYDROCHLORIDE","71610-672-53","1000 mg/1","TABLET","ORAL","ANDA203769","Aphena Pharma Solutions - Tennessee, LLC","71610-672","METFORMIN HYDROCHLORIDE","METFORMIN HYDROCHLORIDE","HUMAN PRESCRIPTION DRUG","11/02/2022","N/A","ANDA","60 TABLET in 1 BOTTLE (71610-672-53)","Biguanide [EPC],  Biguanides [CS]","N/A","No","12/31/2026"
"METFORMIN HYDROCHLORIDE","71610-672-60","1000 mg/1","TABLET","ORAL","ANDA203769","Aphena Pharma Solutions - Tennessee, LLC","71610-672","METFORMIN HYDROCHLORIDE","METFORMIN HYDROCHLORIDE","HUMAN PRESCRIPTION DRUG","11/02/2022","N/A","ANDA","90 TABLET in 1 BOTTLE (71610-672-60)","Biguanide [EPC],  Biguanides [CS]","N/A","No","12/31/2026"
"METFORMIN HYDROCHLORIDE","71610-672-70","1000 mg/1","TABLET","ORAL","ANDA203769","Aphena Pharma Solutions - Tennessee, LLC","71610-672","METFORMIN HYDROCHLORIDE","METFORMIN HYDROCHLORIDE","HUMAN PRESCRIPTION DRUG","11/02/2022","N/A","ANDA","120 TABLET in 1 BOTTLE (71610-672-70)","Biguanide [EPC],  Biguanides [CS]","N/A","No","12/31/2026"
"METFORMIN HYDROCHLORIDE","71610-672-80","1000 mg/1","TABLET","ORAL","ANDA203769","Aphena Pharma Solutions - Tennessee, LLC","71610-672","METFORMIN HYDROCHLORIDE","METFORMIN HYDROCHLORIDE","HUMAN PRESCRIPTION DRUG","11/02/2022","N/A","ANDA","180 TABLET in 1 BOTTLE (71610-672-80)","Biguanide [EPC],  Biguanides [CS]","N/A","No","12/31/2026"
"Metformin Hydrochloride","60687-143-01","850 mg/1","TABLET, FILM COATED","ORAL","ANDA203686","American Health Packaging","60687-143","Metformin Hydrochloride","METFORMIN HYDROCHLORIDE","HUMAN PRESCRIPTION DRUG","09/09/2015","N/A","ANDA","100 BLISTER PACK in 1 BOX, UNIT-DOSE (60687-143-01)  / 1 TABLET, FILM COATED in 1 BLISTER PACK (60687-143-11)","Biguanide [EPC],  Biguanides [CS]","N/A","No","12/31/2026"
"Metformin Hydrochloride","71610-673-30","1000 mg/1","TABLET","ORAL","ANDA090564","Aphena Pharma Solutions - Tennessee, LLC","71610-673","Metformin Hydrochloride","METFORMIN HYDROCHLORIDE","HUMAN PRESCRIPTION DRUG","11/03/2022","N/A","ANDA","30 TABLET in 1 BOTTLE (71610-673-30)","Biguanide [EPC],  Biguanides [CS]","N/A","No","12/31/2026"
"Metformin Hydrochloride","71610-673-45","1000 mg/1","TABLET","ORAL","ANDA090564","Aphena Pharma Solutions - Tennessee, LLC","71610-673","Metformin Hydrochloride","METFORMIN HYDROCHLORIDE","HUMAN PRESCRIPTION DRUG","11/03/2022","N/A","ANDA","45 TABLET in 1 BOTTLE (71610-673-45)","Biguanide [EPC],  Biguanides [CS]","N/A","No","12/31/2026"
"Metformin Hydrochloride","71610-673-53","1000 mg/1","TABLET","ORAL","ANDA090564","Aphena Pharma Solutions - Tennessee, LLC","71610-673","Metformin Hydrochloride","METFORMIN HYDROCHLORIDE","HUMAN PRESCRIPTION DRUG","11/03/2022","N/A","ANDA","60 TABLET in 1 BOTTLE (71610-673-53)","Biguanide [EPC],  Biguanides [CS]","N/A","No","12/31/2026"
"Metformin Hydrochloride","71610-673-60","1000 mg/1","TABLET","ORAL","ANDA090564","Aphena Pharma Solutions - Tennessee, LLC","71610-673","Metformin Hydrochloride","METFORMIN HYDROCHLORIDE","HUMAN PRESCRIPTION DRUG","11/03/2022","N/A","ANDA","90 TABLET in 1 BOTTLE (71610-673-60)","Biguanide [EPC],  Biguanides [CS]","N/A","No","12/31/2026"
"Metformin Hydrochloride","71610-673-70","1000 mg/1","TABLET","ORAL","ANDA090564","Aphena Pharma Solutions - Tennessee, LLC","71610-673","Metformin Hydrochloride","METFORMIN HYDROCHLORIDE","HUMAN PRESCRIPTION DRUG","11/03/2022","N/A","ANDA","120 TABLET in 1 BOTTLE (71610-673-70)","Biguanide [EPC],  Biguanides [CS]","N/A","No","12/31/2026"
"Metformin Hydrochloride","71610-673-80","1000 mg/1","TABLET","ORAL","ANDA090564","Aphena Pharma Solutions - Tennessee, LLC","71610-673","Metformin Hydrochloride","METFORMIN HYDROCHLORIDE","HUMAN PRESCRIPTION DRUG","11/03/2022","N/A","ANDA","180 TABLET in 1 BOTTLE (71610-673-80)","Biguanide [EPC],  Biguanides [CS]","N/A","No","12/31/2026"
"Metformin Hydrochloride","71610-920-53","500 mg/1","TABLET, FILM COATED","ORAL","ANDA077095","Aphena Pharma Solutions - Tennessee, LLC","71610-920","Metformin Hydrochloride","METFORMIN HYDROCHLORIDE","HUMAN PRESCRIPTION DRUG","07/01/2025","N/A","ANDA","60 TABLET, FILM COATED in 1 BOTTLE (71610-920-53)","Biguanide [EPC],  Biguanides [CS]","N/A","No","12/31/2026"
"Metformin Hydrochloride","71610-920-60","500 mg/1","TABLET, FILM COATED","ORAL","ANDA077095","Aphena Pharma Solutions - Tennessee, LLC","71610-920","Metformin Hydrochloride","METFORMIN HYDROCHLORIDE","HUMAN PRESCRIPTION DRUG","07/01/2025","N/A","ANDA","90 TABLET, FILM COATED in 1 BOTTLE (71610-920-60)","Biguanide [EPC],  Biguanides [CS]","N/A","No","12/31/2026"
"Metformin Hydrochloride","71610-920-80","500 mg/1","TABLET, FILM COATED","ORAL","ANDA077095","Aphena Pharma Solutions - Tennessee, LLC","71610-920","Metformin Hydrochloride","METFORMIN HYDROCHLORIDE","HUMAN PRESCRIPTION DRUG","07/01/2025","N/A","ANDA","180 TABLET, FILM COATED in 1 BOTTLE (71610-920-80)","Biguanide [EPC],  Biguanides [CS]","N/A","No","12/31/2026"
"METFORMIN HYDROCHLORIDE","72162-1522-1","500 mg/1","TABLET","ORAL","ANDA203769","Bryant Ranch Prepack","72162-1522","METFORMIN HYDROCHLORIDE","METFORMIN HYDROCHLORIDE","HUMAN PRESCRIPTION DRUG","02/05/2024","N/A","ANDA","100 TABLET in 1 BOTTLE (72162-1522-1)","Biguanide [EPC],  Biguanides [CS]","N/A","No","12/31/2026"
"METFORMIN HYDROCHLORIDE","72162-1522-5","500 mg/1","TABLET","ORAL","ANDA203769","Bryant Ranch Prepack","72162-1522","METFORMIN HYDROCHLORIDE","METFORMIN HYDROCHLORIDE","HUMAN PRESCRIPTION DRUG","02/05/2024","N/A","ANDA","500 TABLET in 1 BOTTLE (72162-1522-5)","Biguanide [EPC],  Biguanides [CS]","N/A","No","12/31/2026"
"Metformin Hydrochloride","82009-180-05","500 mg/1","TABLET, EXTENDED RELEASE","ORAL","ANDA206145","Quallent Pharmaceuticals Health LLC","82009-180","Metformin Hydrochloride","METFORMIN HYDROCHLORIDE","HUMAN PRESCRIPTION DRUG","12/15/2025","N/A","ANDA","500 TABLET, EXTENDED RELEASE in 1 BOTTLE (82009-180-05)","Biguanide [EPC],  Biguanides [CS]","N/A","No","12/31/2027"
"JANUMET XR","50090-5504-0","50 mg/1,  1000 mg/1","TABLET, FILM COATED, EXTENDED RELEASE","ORAL","NDA202270","A-S Medication Solutions","50090-5504","sitagliptin and metformin hydrochloride","SITAGLIPTIN PHOSPHATE,  METFORMIN HYDROCHLORIDE","HUMAN PRESCRIPTION DRUG","03/31/2021","N/A","NDA","60 TABLET, FILM COATED, EXTENDED RELEASE in 1 BOTTLE (50090-5504-0)","Biguanide [EPC],  Biguanides [CS],  Dipeptidyl Peptidase 4 Inhibitor [EPC],  Dipeptidyl Peptidase 4 Inhibitors [MoA]","N/A","No","12/31/2026"
"JANUMET XR","50090-5504-1","50 mg/1,  1000 mg/1","TABLET, FILM COATED, EXTENDED RELEASE","ORAL","NDA202270","A-S Medication Solutions","50090-5504","sitagliptin and metformin hydrochloride","SITAGLIPTIN PHOSPHATE,  METFORMIN HYDROCHLORIDE","HUMAN PRESCRIPTION DRUG","09/01/2021","N/A","NDA","180 TABLET, FILM COATED, EXTENDED RELEASE in 1 BOTTLE (50090-5504-1)","Biguanide [EPC],  Biguanides [CS],  Dipeptidyl Peptidase 4 Inhibitor [EPC],  Dipeptidyl Peptidase 4 Inhibitors [MoA]","N/A","No","12/31/2026"
"glyburide-metformin hydrochloride","71335-2508-1","5 mg/1,  500 mg/1","TABLET","ORAL","ANDA079009","Bryant Ranch Prepack","71335-2508","glyburide-metformin hydrochloride","GLYBURIDE,  METFORMIN HYDROCHLORIDE","HUMAN PRESCRIPTION DRUG","10/21/2024","N/A","ANDA","30 TABLET in 1 BOTTLE (71335-2508-1)","Biguanide [EPC],  Biguanides [CS],  Sulfonylurea Compounds [CS],  Sulfonylurea [EPC]","N/A","No","12/31/2027"
"glyburide-metformin hydrochloride","71335-2508-3","5 mg/1,  500 mg/1","TABLET","ORAL","ANDA079009","Bryant Ranch Prepack","71335-2508","glyburide-metformin hydrochloride","GLYBURIDE,  METFORMIN HYDROCHLORIDE","HUMAN PRESCRIPTION DRUG","10/21/2024","N/A","ANDA","60 TABLET in 1 BOTTLE (71335-2508-3)","Biguanide [EPC],  Biguanides [CS],  Sulfonylurea Compounds [CS],  Sulfonylurea [EPC]","N/A","No","12/31/2027"
"glyburide-metformin hydrochloride","71335-2508-4","5 mg/1,  500 mg/1","TABLET","ORAL","ANDA079009","Bryant Ranch Prepack","71335-2508","glyburide-metformin hydrochloride","GLYBURIDE,  METFORMIN HYDROCHLORIDE","HUMAN PRESCRIPTION DRUG","10/21/2024","N/A","ANDA","90 TABLET in 1 BOTTLE (71335-2508-4)","Biguanide [EPC],  Biguanides [CS],  Sulfonylurea Compounds [CS],  Sulfonylurea [EPC]","N/A","No","12/31/2027"
"glyburide-metformin hydrochloride","71335-2508-5","5 mg/1,  500 mg/1","TABLET","ORAL","ANDA079009","Bryant Ranch Prepack","71335-2508","glyburide-metformin hydrochloride","GLYBURIDE,  METFORMIN HYDROCHLORIDE","HUMAN PRESCRIPTION DRUG","10/21/2024","N/A","ANDA","120 TABLET in 1 BOTTLE (71335-2508-5)","Biguanide [EPC],  Biguanides [CS],  Sulfonylurea Compounds [CS],  Sulfonylurea [EPC]","N/A","No","12/31/2027"
"glyburide-metformin hydrochloride","71335-2508-6","5 mg/1,  500 mg/1","TABLET","ORAL","ANDA079009","Bryant Ranch Prepack","71335-2508","glyburide-metformin hydrochloride","GLYBURIDE,  METFORMIN HYDROCHLORIDE","HUMAN PRESCRIPTION DRUG","10/21/2024","N/A","ANDA","100 TABLET in 1 BOTTLE (71335-2508-6)","Biguanide [EPC],  Biguanides [CS],  Sulfonylurea Compounds [CS],  Sulfonylurea [EPC]","N/A","No","12/31/2027"
"glyburide-metformin hydrochloride","71335-2508-7","5 mg/1,  500 mg/1","TABLET","ORAL","ANDA079009","Bryant Ranch Prepack","71335-2508","glyburide-metformin hydrochloride","GLYBURIDE,  METFORMIN HYDROCHLORIDE","HUMAN PRESCRIPTION DRUG","10/21/2024","N/A","ANDA","180 TABLET in 1 BOTTLE (71335-2508-7)","Biguanide [EPC],  Biguanides [CS],  Sulfonylurea Compounds [CS],  Sulfonylurea [EPC]","N/A","No","12/31/2027"
"glyburide-metformin hydrochloride","71335-2508-8","5 mg/1,  500 mg/1","TABLET","ORAL","ANDA079009","Bryant Ranch Prepack","71335-2508","glyburide-metformin hydrochloride","GLYBURIDE,  METFORMIN HYDROCHLORIDE","HUMAN PRESCRIPTION DRUG","10/21/2024","N/A","ANDA","25 TABLET in 1 BOTTLE (71335-2508-8)","Biguanide [EPC],  Biguanides [CS],  Sulfonylurea Compounds [CS],  Sulfonylurea [EPC]","N/A","No","12/31/2027"
"METFORMIN HYDROCHLORIDE","72189-220-30","1000 mg/1","TABLET","ORAL","ANDA203769","direct rx","72189-220","METFORMIN HYDROCHLORIDE","METFORMIN HYDROCHLORIDE","HUMAN PRESCRIPTION DRUG","05/27/2021","N/A","ANDA","30 TABLET in 1 BOTTLE (72189-220-30)","Biguanide [EPC],  Biguanides [CS]","N/A","No","12/31/2027"
"METFORMIN HYDROCHLORIDE","72189-220-60","1000 mg/1","TABLET","ORAL","ANDA203769","direct rx","72189-220","METFORMIN HYDROCHLORIDE","METFORMIN HYDROCHLORIDE","HUMAN PRESCRIPTION DRUG","05/27/2021","N/A","ANDA","60 TABLET in 1 BOTTLE (72189-220-60)","Biguanide [EPC],  Biguanides [CS]","N/A","No","12/31/2027"
"METFORMIN HYDROCHLORIDE","72189-220-82","1000 mg/1","TABLET","ORAL","ANDA203769","direct rx","72189-220","METFORMIN HYDROCHLORIDE","METFORMIN HYDROCHLORIDE","HUMAN PRESCRIPTION DRUG","05/27/2021","N/A","ANDA","180 TABLET in 1 BOTTLE (72189-220-82)","Biguanide [EPC],  Biguanides [CS]","N/A","No","12/31/2027"
"METFORMIN HYDROCHLORIDE","72189-220-90","1000 mg/1","TABLET","ORAL","ANDA203769","direct rx","72189-220","METFORMIN HYDROCHLORIDE","METFORMIN HYDROCHLORIDE","HUMAN PRESCRIPTION DRUG","05/27/2021","N/A","ANDA","90 TABLET in 1 BOTTLE (72189-220-90)","Biguanide [EPC],  Biguanides [CS]","N/A","No","12/31/2027"
"Jentadueto","0597-0146-18","2.5 mg/1,  500 mg/1","TABLET, FILM COATED","ORAL","NDA201281","Boehringer Ingelheim Pharmaceuticals, Inc.","0597-0146","linagliptin and metformin hydrochloride","LINAGLIPTIN,  METFORMIN HYDROCHLORIDE","HUMAN PRESCRIPTION DRUG","02/13/2012","N/A","NDA","180 TABLET, FILM COATED in 1 BOTTLE (0597-0146-18)","Biguanide [EPC],  Biguanides [CS],  Dipeptidyl Peptidase 4 Inhibitor [EPC],  Dipeptidyl Peptidase 4 Inhibitors [MoA]","N/A","No","12/31/2027"
"Jentadueto","0597-0146-60","2.5 mg/1,  500 mg/1","TABLET, FILM COATED","ORAL","NDA201281","Boehringer Ingelheim Pharmaceuticals, Inc.","0597-0146","linagliptin and metformin hydrochloride","LINAGLIPTIN,  METFORMIN HYDROCHLORIDE","HUMAN PRESCRIPTION DRUG","02/13/2012","N/A","NDA","60 TABLET, FILM COATED in 1 BOTTLE (0597-0146-60)","Biguanide [EPC],  Biguanides [CS],  Dipeptidyl Peptidase 4 Inhibitor [EPC],  Dipeptidyl Peptidase 4 Inhibitors [MoA]","N/A","No","12/31/2027"
"METFORMIN HYDROCHLORIDE","71610-923-30","850 mg/1","TABLET","ORAL","ANDA203769","Aphena Pharma Solutions - Tennessee, LLC","71610-923","METFORMIN HYDROCHLORIDE","METFORMIN HYDROCHLORIDE","HUMAN PRESCRIPTION DRUG","07/08/2025","N/A","ANDA","30 TABLET in 1 BOTTLE (71610-923-30)","Biguanide [EPC],  Biguanides [CS]","N/A","No","12/31/2026"
"METFORMIN HYDROCHLORIDE","71610-923-53","850 mg/1","TABLET","ORAL","ANDA203769","Aphena Pharma Solutions - Tennessee, LLC","71610-923","METFORMIN HYDROCHLORIDE","METFORMIN HYDROCHLORIDE","HUMAN PRESCRIPTION DRUG","07/08/2025","N/A","ANDA","60 TABLET in 1 BOTTLE (71610-923-53)","Biguanide [EPC],  Biguanides [CS]","N/A","No","12/31/2026"
"METFORMIN HYDROCHLORIDE","71610-923-60","850 mg/1","TABLET","ORAL","ANDA203769","Aphena Pharma Solutions - Tennessee, LLC","71610-923","METFORMIN HYDROCHLORIDE","METFORMIN HYDROCHLORIDE","HUMAN PRESCRIPTION DRUG","07/08/2025","N/A","ANDA","90 TABLET in 1 BOTTLE (71610-923-60)","Biguanide [EPC],  Biguanides [CS]","N/A","No","12/31/2026"
"METFORMIN HYDROCHLORIDE","71610-923-80","850 mg/1","TABLET","ORAL","ANDA203769","Aphena Pharma Solutions - Tennessee, LLC","71610-923","METFORMIN HYDROCHLORIDE","METFORMIN HYDROCHLORIDE","HUMAN PRESCRIPTION DRUG","07/08/2025","N/A","ANDA","180 TABLET in 1 BOTTLE (71610-923-80)","Biguanide [EPC],  Biguanides [CS]","N/A","No","12/31/2026"
"METFORMIN HYDROCHLORIDE","71610-923-92","850 mg/1","TABLET","ORAL","ANDA203769","Aphena Pharma Solutions - Tennessee, LLC","71610-923","METFORMIN HYDROCHLORIDE","METFORMIN HYDROCHLORIDE","HUMAN PRESCRIPTION DRUG","07/08/2025","N/A","ANDA","270 TABLET in 1 BOTTLE (71610-923-92)","Biguanide [EPC],  Biguanides [CS]","N/A","No","12/31/2026"
"Metformin Hydrochloride","72789-451-30","750 mg/1","TABLET, EXTENDED RELEASE","ORAL","ANDA078321","PD-Rx Pharmaceuticals, Inc.","72789-451","Metformin Hydrochloride","METFORMIN HYDROCHLORIDE","HUMAN PRESCRIPTION DRUG","01/20/2025","N/A","ANDA","30 TABLET, EXTENDED RELEASE in 1 BOTTLE, PLASTIC (72789-451-30)","Biguanide [EPC],  Biguanides [CS]","N/A","No","12/31/2027"
"Metformin Hydrochloride","72789-451-60","750 mg/1","TABLET, EXTENDED RELEASE","ORAL","ANDA078321","PD-Rx Pharmaceuticals, Inc.","72789-451","Metformin Hydrochloride","METFORMIN HYDROCHLORIDE","HUMAN PRESCRIPTION DRUG","11/25/2024","N/A","ANDA","60 TABLET, EXTENDED RELEASE in 1 BOTTLE, PLASTIC (72789-451-60)","Biguanide [EPC],  Biguanides [CS]","N/A","No","12/31/2027"
"Metformin Hydrochloride","50090-2081-0","500 mg/1","TABLET, FILM COATED","ORAL","ANDA077095","A-S Medication Solutions","50090-2081","Metformin Hydrochloride","METFORMIN HYDROCHLORIDE","HUMAN PRESCRIPTION DRUG","10/08/2015","N/A","ANDA","60 TABLET, FILM COATED in 1 BOTTLE (50090-2081-0)","Biguanide [EPC],  Biguanides [CS]","N/A","No","12/31/2026"
"Metformin Hydrochloride","50090-2081-3","500 mg/1","TABLET, FILM COATED","ORAL","ANDA077095","A-S Medication Solutions","50090-2081","Metformin Hydrochloride","METFORMIN HYDROCHLORIDE","HUMAN PRESCRIPTION DRUG","10/08/2015","N/A","ANDA","100 TABLET, FILM COATED in 1 BOTTLE (50090-2081-3)","Biguanide [EPC],  Biguanides [CS]","N/A","No","12/31/2026"
"Metformin Hydrochloride","50090-2081-4","500 mg/1","TABLET, FILM COATED","ORAL","ANDA077095","A-S Medication Solutions","50090-2081","Metformin Hydrochloride","METFORMIN HYDROCHLORIDE","HUMAN PRESCRIPTION DRUG","10/08/2015","N/A","ANDA","30 TABLET, FILM COATED in 1 BOTTLE (50090-2081-4)","Biguanide [EPC],  Biguanides [CS]","N/A","No","12/31/2026"
"Metformin Hydrochloride","50090-2081-5","500 mg/1","TABLET, FILM COATED","ORAL","ANDA077095","A-S Medication Solutions","50090-2081","Metformin Hydrochloride","METFORMIN HYDROCHLORIDE","HUMAN PRESCRIPTION DRUG","10/08/2015","N/A","ANDA","180 TABLET, FILM COATED in 1 BOTTLE, PLASTIC (50090-2081-5)","Biguanide [EPC],  Biguanides [CS]","N/A","No","12/31/2026"
"Metformin Hydrochloride","50090-2081-6","500 mg/1","TABLET, FILM COATED","ORAL","ANDA077095","A-S Medication Solutions","50090-2081","Metformin Hydrochloride","METFORMIN HYDROCHLORIDE","HUMAN PRESCRIPTION DRUG","10/08/2015","N/A","ANDA","90 TABLET, FILM COATED in 1 BOTTLE (50090-2081-6)","Biguanide [EPC],  Biguanides [CS]","N/A","No","12/31/2026"
"JANUMET","50090-5502-0","50 mg/1,  1000 mg/1","TABLET, FILM COATED","ORAL","NDA022044","A-S Medication Solutions","50090-5502","SITAGLIPTIN and METFORMIN HYDROCHLORIDE","SITAGLIPTIN PHOSPHATE,  METFORMIN HYDROCHLORIDE","HUMAN PRESCRIPTION DRUG","03/31/2021","N/A","NDA","60 TABLET, FILM COATED in 1 BOTTLE (50090-5502-0)","Biguanide [EPC],  Biguanides [CS],  Dipeptidyl Peptidase 4 Inhibitor [EPC],  Dipeptidyl Peptidase 4 Inhibitors [MoA]","N/A","No","12/31/2027"
"JANUMET","50090-5502-1","50 mg/1,  1000 mg/1","TABLET, FILM COATED","ORAL","NDA022044","A-S Medication Solutions","50090-5502","SITAGLIPTIN and METFORMIN HYDROCHLORIDE","SITAGLIPTIN PHOSPHATE,  METFORMIN HYDROCHLORIDE","HUMAN PRESCRIPTION DRUG","07/19/2023","N/A","NDA","180 TABLET, FILM COATED in 1 BOTTLE (50090-5502-1)","Biguanide [EPC],  Biguanides [CS],  Dipeptidyl Peptidase 4 Inhibitor [EPC],  Dipeptidyl Peptidase 4 Inhibitors [MoA]","N/A","No","12/31/2027"
"Metformin Hydrochloride","60687-155-01","500 mg/1","TABLET, FILM COATED","ORAL","ANDA203686","American Health Packaging","60687-155","Metformin Hydrochloride","METFORMIN HYDROCHLORIDE","HUMAN PRESCRIPTION DRUG","04/04/2016","N/A","ANDA","100 BLISTER PACK in 1 BOX, UNIT-DOSE (60687-155-01)  / 1 TABLET, FILM COATED in 1 BLISTER PACK (60687-155-11)","Biguanide [EPC],  Biguanides [CS]","N/A","No","12/31/2026"
"METFORMIN HYDROCHLORIDE","71335-2245-1","850 mg/1","TABLET","ORAL","ANDA213320","Bryant Ranch Prepack","71335-2245","metformin hydrochloride","METFORMIN HYDROCHLORIDE","HUMAN PRESCRIPTION DRUG","09/25/2023","03/31/2027","ANDA","60 TABLET in 1 BOTTLE (71335-2245-1)","Biguanide [EPC],  Biguanides [CS]","N/A","No","N/A"
"METFORMIN HYDROCHLORIDE","71335-2245-2","850 mg/1","TABLET","ORAL","ANDA213320","Bryant Ranch Prepack","71335-2245","metformin hydrochloride","METFORMIN HYDROCHLORIDE","HUMAN PRESCRIPTION DRUG","09/25/2023","03/31/2027","ANDA","30 TABLET in 1 BOTTLE (71335-2245-2)","Biguanide [EPC],  Biguanides [CS]","N/A","No","N/A"
"METFORMIN HYDROCHLORIDE","71335-2245-3","850 mg/1","TABLET","ORAL","ANDA213320","Bryant Ranch Prepack","71335-2245","metformin hydrochloride","METFORMIN HYDROCHLORIDE","HUMAN PRESCRIPTION DRUG","09/25/2023","03/31/2027","ANDA","120 TABLET in 1 BOTTLE (71335-2245-3)","Biguanide [EPC],  Biguanides [CS]","N/A","No","N/A"
"METFORMIN HYDROCHLORIDE","71335-2245-4","850 mg/1","TABLET","ORAL","ANDA213320","Bryant Ranch Prepack","71335-2245","metformin hydrochloride","METFORMIN HYDROCHLORIDE","HUMAN PRESCRIPTION DRUG","09/25/2023","03/31/2027","ANDA","90 TABLET in 1 BOTTLE (71335-2245-4)","Biguanide [EPC],  Biguanides [CS]","N/A","No","N/A"
"METFORMIN HYDROCHLORIDE","71335-2245-5","850 mg/1","TABLET","ORAL","ANDA213320","Bryant Ranch Prepack","71335-2245","metformin hydrochloride","METFORMIN HYDROCHLORIDE","HUMAN PRESCRIPTION DRUG","09/25/2023","03/31/2027","ANDA","100 TABLET in 1 BOTTLE (71335-2245-5)","Biguanide [EPC],  Biguanides [CS]","N/A","No","N/A"
"METFORMIN HYDROCHLORIDE","71335-2245-6","850 mg/1","TABLET","ORAL","ANDA213320","Bryant Ranch Prepack","71335-2245","metformin hydrochloride","METFORMIN HYDROCHLORIDE","HUMAN PRESCRIPTION DRUG","09/25/2023","03/31/2027","ANDA","180 TABLET in 1 BOTTLE (71335-2245-6)","Biguanide [EPC],  Biguanides [CS]","N/A","No","N/A"
"METFORMIN HYDROCHLORIDE","72189-219-30","500 mg/1","TABLET","ORAL","ANDA203769","direct rx","72189-219","METFORMIN HYDROCHLORIDE","METFORMIN HYDROCHLORIDE","HUMAN PRESCRIPTION DRUG","05/26/2021","N/A","ANDA","30 TABLET in 1 BOTTLE (72189-219-30)","Biguanide [EPC],  Biguanides [CS]","N/A","No","12/31/2027"
"METFORMIN HYDROCHLORIDE","72189-219-60","500 mg/1","TABLET","ORAL","ANDA203769","direct rx","72189-219","METFORMIN HYDROCHLORIDE","METFORMIN HYDROCHLORIDE","HUMAN PRESCRIPTION DRUG","05/26/2021","N/A","ANDA","60 TABLET in 1 BOTTLE (72189-219-60)","Biguanide [EPC],  Biguanides [CS]","N/A","No","12/31/2027"
"METFORMIN HYDROCHLORIDE","72189-219-82","500 mg/1","TABLET","ORAL","ANDA203769","direct rx","72189-219","METFORMIN HYDROCHLORIDE","METFORMIN HYDROCHLORIDE","HUMAN PRESCRIPTION DRUG","05/26/2021","N/A","ANDA","180 TABLET in 1 BOTTLE (72189-219-82)","Biguanide [EPC],  Biguanides [CS]","N/A","No","12/31/2027"
"METFORMIN HYDROCHLORIDE","72189-219-90","500 mg/1","TABLET","ORAL","ANDA203769","direct rx","72189-219","METFORMIN HYDROCHLORIDE","METFORMIN HYDROCHLORIDE","HUMAN PRESCRIPTION DRUG","05/26/2021","N/A","ANDA","90 TABLET in 1 BOTTLE (72189-219-90)","Biguanide [EPC],  Biguanides [CS]","N/A","No","12/31/2027"
"JANUMET","0006-0577-03","50 mg/1,  1000 mg/1","TABLET, FILM COATED","ORAL","NDA022044","Merck Sharp & Dohme LLC","0006-0577","SITAGLIPTIN and METFORMIN HYDROCHLORIDE","SITAGLIPTIN PHOSPHATE,  METFORMIN HYDROCHLORIDE","HUMAN PRESCRIPTION DRUG","03/30/2007","N/A","NDA","2 BOTTLE in 1 CARTON (0006-0577-03)  / 14 TABLET, FILM COATED in 1 BOTTLE (0006-0577-02)","Biguanide [EPC],  Biguanides [CS],  Dipeptidyl Peptidase 4 Inhibitor [EPC],  Dipeptidyl Peptidase 4 Inhibitors [MoA]","N/A","Yes","12/31/2027"
"JANUMET","0006-0577-56","50 mg/1,  1000 mg/1","TABLET, FILM COATED","ORAL","NDA022044","Merck Sharp & Dohme LLC","0006-0577","SITAGLIPTIN and METFORMIN HYDROCHLORIDE","SITAGLIPTIN PHOSPHATE,  METFORMIN HYDROCHLORIDE","HUMAN PRESCRIPTION DRUG","03/30/2007","N/A","NDA","4 POUCH in 1 CARTON (0006-0577-56)  / 2 BLISTER PACK in 1 POUCH / 7 TABLET, FILM COATED in 1 BLISTER PACK","Biguanide [EPC],  Biguanides [CS],  Dipeptidyl Peptidase 4 Inhibitor [EPC],  Dipeptidyl Peptidase 4 Inhibitors [MoA]","N/A","Yes","12/31/2027"
"JANUMET","0006-0577-61","50 mg/1,  1000 mg/1","TABLET, FILM COATED","ORAL","NDA022044","Merck Sharp & Dohme LLC","0006-0577","SITAGLIPTIN and METFORMIN HYDROCHLORIDE","SITAGLIPTIN PHOSPHATE,  METFORMIN HYDROCHLORIDE","HUMAN PRESCRIPTION DRUG","03/30/2007","N/A","NDA","60 TABLET, FILM COATED in 1 BOTTLE (0006-0577-61)","Biguanide [EPC],  Biguanides [CS],  Dipeptidyl Peptidase 4 Inhibitor [EPC],  Dipeptidyl Peptidase 4 Inhibitors [MoA]","N/A","No","12/31/2027"
"JANUMET","0006-0577-62","50 mg/1,  1000 mg/1","TABLET, FILM COATED","ORAL","NDA022044","Merck Sharp & Dohme LLC","0006-0577","SITAGLIPTIN and METFORMIN HYDROCHLORIDE","SITAGLIPTIN PHOSPHATE,  METFORMIN HYDROCHLORIDE","HUMAN PRESCRIPTION DRUG","03/30/2007","N/A","NDA","180 TABLET, FILM COATED in 1 BOTTLE (0006-0577-62)","Biguanide [EPC],  Biguanides [CS],  Dipeptidyl Peptidase 4 Inhibitor [EPC],  Dipeptidyl Peptidase 4 Inhibitors [MoA]","N/A","No","12/31/2027"
"JANUMET","0006-0577-82","50 mg/1,  1000 mg/1","TABLET, FILM COATED","ORAL","NDA022044","Merck Sharp & Dohme LLC","0006-0577","SITAGLIPTIN and METFORMIN HYDROCHLORIDE","SITAGLIPTIN PHOSPHATE,  METFORMIN HYDROCHLORIDE","HUMAN PRESCRIPTION DRUG","03/30/2007","N/A","NDA","1000 TABLET, FILM COATED in 1 BOTTLE (0006-0577-82)","Biguanide [EPC],  Biguanides [CS],  Dipeptidyl Peptidase 4 Inhibitor [EPC],  Dipeptidyl Peptidase 4 Inhibitors [MoA]","N/A","No","12/31/2027"
"Metformin Hydrochloride","68071-3976-6","1000 mg/1","TABLET, COATED","ORAL","ANDA205096","NuCare Pharmaceuticals, Inc.","68071-3976","Metformin Hydrochloride","METFORMIN HYDROCHLORIDE","HUMAN PRESCRIPTION DRUG","03/17/2026","N/A","ANDA","60 TABLET, COATED in 1 BOTTLE (68071-3976-6)","Biguanide [EPC],  Biguanides [CS]","N/A","No","12/31/2027"
"METFORMIN HYDROCHLORIDE","68788-4076-1","500 mg/1","TABLET","ORAL","ANDA203769","Preferred Pharmaceuticals Inc","68788-4076","METFORMIN HYDROCHLORIDE","METFORMIN HYDROCHLORIDE","HUMAN PRESCRIPTION DRUG","01/27/2026","N/A","ANDA","100 TABLET in 1 BOTTLE (68788-4076-1)","Biguanide [EPC],  Biguanides [CS]","N/A","No","12/31/2027"
"METFORMIN HYDROCHLORIDE","68788-4076-3","500 mg/1","TABLET","ORAL","ANDA203769","Preferred Pharmaceuticals Inc","68788-4076","METFORMIN HYDROCHLORIDE","METFORMIN HYDROCHLORIDE","HUMAN PRESCRIPTION DRUG","01/27/2026","N/A","ANDA","30 TABLET in 1 BOTTLE (68788-4076-3)","Biguanide [EPC],  Biguanides [CS]","N/A","No","12/31/2027"
"METFORMIN HYDROCHLORIDE","68788-4076-6","500 mg/1","TABLET","ORAL","ANDA203769","Preferred Pharmaceuticals Inc","68788-4076","METFORMIN HYDROCHLORIDE","METFORMIN HYDROCHLORIDE","HUMAN PRESCRIPTION DRUG","01/27/2026","N/A","ANDA","60 TABLET in 1 BOTTLE (68788-4076-6)","Biguanide [EPC],  Biguanides [CS]","N/A","No","12/31/2027"
"METFORMIN HYDROCHLORIDE","68788-4076-7","500 mg/1","TABLET","ORAL","ANDA203769","Preferred Pharmaceuticals Inc","68788-4076","METFORMIN HYDROCHLORIDE","METFORMIN HYDROCHLORIDE","HUMAN PRESCRIPTION DRUG","01/27/2026","N/A","ANDA","180 TABLET in 1 BOTTLE (68788-4076-7)","Biguanide [EPC],  Biguanides [CS]","N/A","No","12/31/2027"
"METFORMIN HYDROCHLORIDE","68788-4076-8","500 mg/1","TABLET","ORAL","ANDA203769","Preferred Pharmaceuticals Inc","68788-4076","METFORMIN HYDROCHLORIDE","METFORMIN HYDROCHLORIDE","HUMAN PRESCRIPTION DRUG","01/27/2026","N/A","ANDA","120 TABLET in 1 BOTTLE (68788-4076-8)","Biguanide [EPC],  Biguanides [CS]","N/A","No","12/31/2027"
"METFORMIN HYDROCHLORIDE","68788-4076-9","500 mg/1","TABLET","ORAL","ANDA203769","Preferred Pharmaceuticals Inc","68788-4076","METFORMIN HYDROCHLORIDE","METFORMIN HYDROCHLORIDE","HUMAN PRESCRIPTION DRUG","01/27/2026","N/A","ANDA","90 TABLET in 1 BOTTLE (68788-4076-9)","Biguanide [EPC],  Biguanides [CS]","N/A","No","12/31/2027"
"Metformin Hydrochloride","63629-5934-1","1000 mg/1","TABLET, EXTENDED RELEASE","ORAL","ANDA090692","Bryant Ranch Prepack","63629-5934","Metformin Hydrochloride","METFORMIN HYDROCHLORIDE","HUMAN PRESCRIPTION DRUG","06/02/2025","N/A","ANDA","30 TABLET, EXTENDED RELEASE in 1 BOTTLE (63629-5934-1)","Biguanide [EPC],  Biguanides [CS]","N/A","No","12/31/2026"
"Metformin Hydrochloride","63629-5934-2","1000 mg/1","TABLET, EXTENDED RELEASE","ORAL","ANDA090692","Bryant Ranch Prepack","63629-5934","Metformin Hydrochloride","METFORMIN HYDROCHLORIDE","HUMAN PRESCRIPTION DRUG","06/02/2025","N/A","ANDA","60 TABLET, EXTENDED RELEASE in 1 BOTTLE (63629-5934-2)","Biguanide [EPC],  Biguanides [CS]","N/A","No","12/31/2026"
"Metformin Hydrochloride","63629-5934-3","1000 mg/1","TABLET, EXTENDED RELEASE","ORAL","ANDA090692","Bryant Ranch Prepack","63629-5934","Metformin Hydrochloride","METFORMIN HYDROCHLORIDE","HUMAN PRESCRIPTION DRUG","06/02/2025","N/A","ANDA","90 TABLET, EXTENDED RELEASE in 1 BOTTLE (63629-5934-3)","Biguanide [EPC],  Biguanides [CS]","N/A","No","12/31/2026"
"METFORMIN HYDROCHLORIDE","72189-221-60","850 mg/1","TABLET","ORAL","ANDA203769","direct rx","72189-221","METFORMIN HYDROCHLORIDE","METFORMIN HYDROCHLORIDE","HUMAN PRESCRIPTION DRUG","06/01/2021","N/A","ANDA","60 TABLET in 1 BOTTLE (72189-221-60)","Biguanide [EPC],  Biguanides [CS]","N/A","No","12/31/2027"
"METFORMIN HYDROCHLORIDE","72189-221-82","850 mg/1","TABLET","ORAL","ANDA203769","direct rx","72189-221","METFORMIN HYDROCHLORIDE","METFORMIN HYDROCHLORIDE","HUMAN PRESCRIPTION DRUG","06/01/2021","N/A","ANDA","180 TABLET in 1 BOTTLE (72189-221-82)","Biguanide [EPC],  Biguanides [CS]","N/A","No","12/31/2027"
"METFORMIN HYDROCHLORIDE","72189-221-90","850 mg/1","TABLET","ORAL","ANDA203769","direct rx","72189-221","METFORMIN HYDROCHLORIDE","METFORMIN HYDROCHLORIDE","HUMAN PRESCRIPTION DRUG","06/01/2021","N/A","ANDA","90 TABLET in 1 BOTTLE (72189-221-90)","Biguanide [EPC],  Biguanides [CS]","N/A","No","12/31/2027"
"Metformin Hydrochloride","68788-8903-1","500 mg/1","TABLET, EXTENDED RELEASE","ORAL","ANDA078321","Preferred Pharmaceuticals Inc.","68788-8903","Metformin Hydrochloride","METFORMIN HYDROCHLORIDE","HUMAN PRESCRIPTION DRUG","07/31/2025","N/A","ANDA","100 TABLET, EXTENDED RELEASE in 1 BOTTLE (68788-8903-1)","Biguanide [EPC],  Biguanides [CS]","N/A","No","12/31/2026"
"Metformin Hydrochloride","68788-8903-3","500 mg/1","TABLET, EXTENDED RELEASE","ORAL","ANDA078321","Preferred Pharmaceuticals Inc.","68788-8903","Metformin Hydrochloride","METFORMIN HYDROCHLORIDE","HUMAN PRESCRIPTION DRUG","07/31/2025","N/A","ANDA","30 TABLET, EXTENDED RELEASE in 1 BOTTLE (68788-8903-3)","Biguanide [EPC],  Biguanides [CS]","N/A","No","12/31/2026"
"Metformin Hydrochloride","68788-8903-6","500 mg/1","TABLET, EXTENDED RELEASE","ORAL","ANDA078321","Preferred Pharmaceuticals Inc.","68788-8903","Metformin Hydrochloride","METFORMIN HYDROCHLORIDE","HUMAN PRESCRIPTION DRUG","07/31/2025","N/A","ANDA","60 TABLET, EXTENDED RELEASE in 1 BOTTLE (68788-8903-6)","Biguanide [EPC],  Biguanides [CS]","N/A","No","12/31/2026"
"Metformin Hydrochloride","68788-8903-8","500 mg/1","TABLET, EXTENDED RELEASE","ORAL","ANDA078321","Preferred Pharmaceuticals Inc.","68788-8903","Metformin Hydrochloride","METFORMIN HYDROCHLORIDE","HUMAN PRESCRIPTION DRUG","07/31/2025","N/A","ANDA","120 TABLET, EXTENDED RELEASE in 1 BOTTLE (68788-8903-8)","Biguanide [EPC],  Biguanides [CS]","N/A","No","12/31/2026"
"Metformin Hydrochloride","68788-8903-9","500 mg/1","TABLET, EXTENDED RELEASE","ORAL","ANDA078321","Preferred Pharmaceuticals Inc.","68788-8903","Metformin Hydrochloride","METFORMIN HYDROCHLORIDE","HUMAN PRESCRIPTION DRUG","07/31/2025","N/A","ANDA","90 TABLET, EXTENDED RELEASE in 1 BOTTLE (68788-8903-9)","Biguanide [EPC],  Biguanides [CS]","N/A","No","12/31/2026"
"Metformin Hydrochloride","51655-644-26","1000 mg/1","TABLET, FILM COATED","ORAL","ANDA209882","Northwind Health Company, LLC","51655-644","Metformin Hydrochloride","METFORMIN HYDROCHLORIDE","HUMAN PRESCRIPTION DRUG","07/06/2023","N/A","ANDA","90 TABLET, FILM COATED in 1 BOTTLE, PLASTIC (51655-644-26)","Biguanide [EPC],  Biguanides [CS]","N/A","No","12/31/2027"
"Metformin Hydrochloride","72789-454-60","500 mg/1","TABLET, EXTENDED RELEASE","ORAL","ANDA078321","PD-Rx Pharmaceuticals, Inc.","72789-454","Metformin Hydrochloride","METFORMIN HYDROCHLORIDE","HUMAN PRESCRIPTION DRUG","08/11/2025","N/A","ANDA","60 TABLET, EXTENDED RELEASE in 1 BOTTLE, PLASTIC (72789-454-60)","Biguanide [EPC],  Biguanides [CS]","N/A","No","12/31/2027"
"Metformin Hydrochloride","72789-454-90","500 mg/1","TABLET, EXTENDED RELEASE","ORAL","ANDA078321","PD-Rx Pharmaceuticals, Inc.","72789-454","Metformin Hydrochloride","METFORMIN HYDROCHLORIDE","HUMAN PRESCRIPTION DRUG","12/04/2024","N/A","ANDA","90 TABLET, EXTENDED RELEASE in 1 BOTTLE, PLASTIC (72789-454-90)","Biguanide [EPC],  Biguanides [CS]","N/A","No","12/31/2027"
"Metformin Hydrochloride","72789-454-93","500 mg/1","TABLET, EXTENDED RELEASE","ORAL","ANDA078321","PD-Rx Pharmaceuticals, Inc.","72789-454","Metformin Hydrochloride","METFORMIN HYDROCHLORIDE","HUMAN PRESCRIPTION DRUG","08/19/2025","N/A","ANDA","180 TABLET, EXTENDED RELEASE in 1 BOTTLE, PLASTIC (72789-454-93)","Biguanide [EPC],  Biguanides [CS]","N/A","No","12/31/2027"
"Metformin Hydrochloride","51655-649-25","1000 mg/1","TABLET, FILM COATED","ORAL","ANDA077095","Northwind Health Company, LLC","51655-649","Metformin Hydrochloride","METFORMIN HYDROCHLORIDE","HUMAN PRESCRIPTION DRUG","07/23/2025","N/A","ANDA","60 TABLET, FILM COATED in 1 BOTTLE, PLASTIC (51655-649-25)","Biguanide [EPC],  Biguanides [CS]","N/A","No","12/31/2027"
"Metformin Hydrochloride","51655-649-26","1000 mg/1","TABLET, FILM COATED","ORAL","ANDA077095","Northwind Health Company, LLC","51655-649","Metformin Hydrochloride","METFORMIN HYDROCHLORIDE","HUMAN PRESCRIPTION DRUG","06/23/2023","N/A","ANDA","90 TABLET, FILM COATED in 1 BOTTLE, PLASTIC (51655-649-26)","Biguanide [EPC],  Biguanides [CS]","N/A","No","12/31/2027"
"Metformin Hydrochloride","51655-649-52","1000 mg/1","TABLET, FILM COATED","ORAL","ANDA077095","Northwind Health Company, LLC","51655-649","Metformin Hydrochloride","METFORMIN HYDROCHLORIDE","HUMAN PRESCRIPTION DRUG","04/01/2021","N/A","ANDA","30 TABLET, FILM COATED in 1 BOTTLE, PLASTIC (51655-649-52)","Biguanide [EPC],  Biguanides [CS]","N/A","No","12/31/2027"
"Metformin Hydrochloride","60687-162-01","1000 mg/1","TABLET, FILM COATED","ORAL","ANDA203686","American Health Packaging","60687-162","Metformin Hydrochloride","METFORMIN HYDROCHLORIDE","HUMAN PRESCRIPTION DRUG","10/15/2015","N/A","ANDA","100 BLISTER PACK in 1 BOX, UNIT-DOSE (60687-162-01)  / 1 TABLET, FILM COATED in 1 BLISTER PACK (60687-162-11)","Biguanide [EPC],  Biguanides [CS]","N/A","No","12/31/2026"
"METFORMIN HYDROCHLORIDE","72789-455-30","500 mg/1","TABLET, EXTENDED RELEASE","ORAL","ANDA201991","PD-Rx Pharmaceuticals, Inc.","72789-455","metformin hydrochloride","METFORMIN HYDROCHLORIDE","HUMAN PRESCRIPTION DRUG","12/05/2024","N/A","ANDA","30 TABLET, EXTENDED RELEASE in 1 BOTTLE, PLASTIC (72789-455-30)","Biguanide [EPC],  Biguanides [CS]","N/A","No","12/31/2027"
"METFORMIN HYDROCHLORIDE EXTENDED RELEASE","49483-623-01","500 mg/1","TABLET, EXTENDED RELEASE","ORAL","ANDA090295","TIME CAP LABORATORIES, INC","49483-623","Metformin Hydrochloride","METFORMIN HYDROCHLORIDE","HUMAN PRESCRIPTION DRUG","06/28/2016","N/A","ANDA","100 TABLET, EXTENDED RELEASE in 1 BOTTLE, PLASTIC (49483-623-01)","Biguanide [EPC],  Biguanides [CS]","N/A","No","12/31/2027"
"METFORMIN HYDROCHLORIDE EXTENDED RELEASE","49483-623-09","500 mg/1","TABLET, EXTENDED RELEASE","ORAL","ANDA090295","TIME CAP LABORATORIES, INC","49483-623","Metformin Hydrochloride","METFORMIN HYDROCHLORIDE","HUMAN PRESCRIPTION DRUG","06/05/2017","N/A","ANDA","90 TABLET, EXTENDED RELEASE in 1 BOTTLE, PLASTIC (49483-623-09)","Biguanide [EPC],  Biguanides [CS]","N/A","No","12/31/2027"
"METFORMIN HYDROCHLORIDE EXTENDED RELEASE","49483-623-10","500 mg/1","TABLET, EXTENDED RELEASE","ORAL","ANDA090295","TIME CAP LABORATORIES, INC","49483-623","Metformin Hydrochloride","METFORMIN HYDROCHLORIDE","HUMAN PRESCRIPTION DRUG","06/05/2017","N/A","ANDA","1000 TABLET, EXTENDED RELEASE in 1 BOTTLE, PLASTIC (49483-623-10)","Biguanide [EPC],  Biguanides [CS]","N/A","No","12/31/2027"
"METFORMIN HYDROCHLORIDE EXTENDED RELEASE","49483-623-50","500 mg/1","TABLET, EXTENDED RELEASE","ORAL","ANDA090295","TIME CAP LABORATORIES, INC","49483-623","Metformin Hydrochloride","METFORMIN HYDROCHLORIDE","HUMAN PRESCRIPTION DRUG","06/28/2016","N/A","ANDA","500 TABLET, EXTENDED RELEASE in 1 BOTTLE, PLASTIC (49483-623-50)","Biguanide [EPC],  Biguanides [CS]","N/A","No","12/31/2027"
"Metformin Hydrochloride","50090-7868-0","1000 mg/1","TABLET, FILM COATED","ORAL","ANDA077095","A-S Medication Solutions","50090-7868","Metformin Hydrochloride","METFORMIN HYDROCHLORIDE","HUMAN PRESCRIPTION DRUG","01/29/2026","N/A","ANDA","90 TABLET, FILM COATED in 1 BOTTLE (50090-7868-0)","Biguanide [EPC],  Biguanides [CS]","N/A","No","12/31/2027"
"METFORMIN HYDROCHLORIDE EXTENDED RELEASE","82804-148-00","750 mg/1","TABLET, EXTENDED RELEASE","ORAL","ANDA090295","Proficient Rx LP","82804-148","METFORMIN HYDROCHLORIDE","METFORMIN HYDROCHLORIDE","HUMAN PRESCRIPTION DRUG","09/20/2024","N/A","ANDA","100 TABLET, EXTENDED RELEASE in 1 BOTTLE, PLASTIC (82804-148-00)","Biguanide [EPC],  Biguanides [CS]","N/A","No","12/31/2026"
"METFORMIN HYDROCHLORIDE EXTENDED RELEASE","82804-148-30","750 mg/1","TABLET, EXTENDED RELEASE","ORAL","ANDA090295","Proficient Rx LP","82804-148","METFORMIN HYDROCHLORIDE","METFORMIN HYDROCHLORIDE","HUMAN PRESCRIPTION DRUG","02/20/2025","N/A","ANDA","30 TABLET, EXTENDED RELEASE in 1 BOTTLE, PLASTIC (82804-148-30)","Biguanide [EPC],  Biguanides [CS]","N/A","No","12/31/2026"
"Jentadueto","0597-0147-18","2.5 mg/1,  850 mg/1","TABLET, FILM COATED","ORAL","NDA201281","Boehringer Ingelheim Pharmaceuticals, Inc.","0597-0147","linagliptin and metformin hydrochloride","LINAGLIPTIN,  METFORMIN HYDROCHLORIDE","HUMAN PRESCRIPTION DRUG","02/13/2012","N/A","NDA","180 TABLET, FILM COATED in 1 BOTTLE (0597-0147-18)","Biguanide [EPC],  Biguanides [CS],  Dipeptidyl Peptidase 4 Inhibitor [EPC],  Dipeptidyl Peptidase 4 Inhibitors [MoA]","N/A","No","12/31/2027"
"Jentadueto","0597-0147-60","2.5 mg/1,  850 mg/1","TABLET, FILM COATED","ORAL","NDA201281","Boehringer Ingelheim Pharmaceuticals, Inc.","0597-0147","linagliptin and metformin hydrochloride","LINAGLIPTIN,  METFORMIN HYDROCHLORIDE","HUMAN PRESCRIPTION DRUG","02/13/2012","N/A","NDA","60 TABLET, FILM COATED in 1 BOTTLE (0597-0147-60)","Biguanide [EPC],  Biguanides [CS],  Dipeptidyl Peptidase 4 Inhibitor [EPC],  Dipeptidyl Peptidase 4 Inhibitors [MoA]","N/A","No","12/31/2027"
"Metformin Hydrochloride","0615-8015-05","500 mg/1","TABLET, FILM COATED","ORAL","ANDA077095","NCS HealthCare of KY, LLC dba Vangard Labs","0615-8015","Metformin Hydrochloride","METFORMIN HYDROCHLORIDE","HUMAN PRESCRIPTION DRUG","01/14/2005","01/31/2027","ANDA","15 TABLET, FILM COATED in 1 BLISTER PACK (0615-8015-05)","Biguanide [EPC],  Biguanides [CS]","N/A","No","N/A"
"Metformin Hydrochloride","0615-8015-28","500 mg/1","TABLET, FILM COATED","ORAL","ANDA077095","NCS HealthCare of KY, LLC dba Vangard Labs","0615-8015","Metformin Hydrochloride","METFORMIN HYDROCHLORIDE","HUMAN PRESCRIPTION DRUG","04/23/2024","01/31/2027","ANDA","28 TABLET, FILM COATED in 1 BLISTER PACK (0615-8015-28)","Biguanide [EPC],  Biguanides [CS]","N/A","No","N/A"
"Metformin Hydrochloride","0615-8015-30","500 mg/1","TABLET, FILM COATED","ORAL","ANDA077095","NCS HealthCare of KY, LLC dba Vangard Labs","0615-8015","Metformin Hydrochloride","METFORMIN HYDROCHLORIDE","HUMAN PRESCRIPTION DRUG","04/24/2019","01/31/2027","ANDA","6 BLISTER PACK in 1 BOX, UNIT-DOSE (0615-8015-30)  / 5 TABLET, FILM COATED in 1 BLISTER PACK","Biguanide [EPC],  Biguanides [CS]","N/A","No","N/A"
"Metformin Hydrochloride","0615-8015-39","500 mg/1","TABLET, FILM COATED","ORAL","ANDA077095","NCS HealthCare of KY, LLC dba Vangard Labs","0615-8015","Metformin Hydrochloride","METFORMIN HYDROCHLORIDE","HUMAN PRESCRIPTION DRUG","01/14/2005","01/31/2027","ANDA","30 TABLET, FILM COATED in 1 BLISTER PACK (0615-8015-39)","Biguanide [EPC],  Biguanides [CS]","N/A","No","N/A"
"Metformin Hydrochloride","71335-0720-1","500 mg/1","TABLET, EXTENDED RELEASE","ORAL","ANDA078321","Bryant Ranch Prepack","71335-0720","Metformin Hydrochloride","METFORMIN HYDROCHLORIDE","HUMAN PRESCRIPTION DRUG","03/15/2018","N/A","ANDA","60 TABLET, EXTENDED RELEASE in 1 BOTTLE (71335-0720-1)","Biguanide [EPC],  Biguanides [CS]","N/A","No","12/31/2026"
"Metformin Hydrochloride","71335-0720-2","500 mg/1","TABLET, EXTENDED RELEASE","ORAL","ANDA078321","Bryant Ranch Prepack","71335-0720","Metformin Hydrochloride","METFORMIN HYDROCHLORIDE","HUMAN PRESCRIPTION DRUG","03/15/2018","N/A","ANDA","30 TABLET, EXTENDED RELEASE in 1 BOTTLE (71335-0720-2)","Biguanide [EPC],  Biguanides [CS]","N/A","No","12/31/2026"
"Metformin Hydrochloride","71335-0720-3","500 mg/1","TABLET, EXTENDED RELEASE","ORAL","ANDA078321","Bryant Ranch Prepack","71335-0720","Metformin Hydrochloride","METFORMIN HYDROCHLORIDE","HUMAN PRESCRIPTION DRUG","03/15/2018","N/A","ANDA","100 TABLET, EXTENDED RELEASE in 1 BOTTLE (71335-0720-3)","Biguanide [EPC],  Biguanides [CS]","N/A","No","12/31/2026"
"Metformin Hydrochloride","71335-0720-4","500 mg/1","TABLET, EXTENDED RELEASE","ORAL","ANDA078321","Bryant Ranch Prepack","71335-0720","Metformin Hydrochloride","METFORMIN HYDROCHLORIDE","HUMAN PRESCRIPTION DRUG","03/15/2018","N/A","ANDA","90 TABLET, EXTENDED RELEASE in 1 BOTTLE (71335-0720-4)","Biguanide [EPC],  Biguanides [CS]","N/A","No","12/31/2026"
"Metformin Hydrochloride","71335-0720-5","500 mg/1","TABLET, EXTENDED RELEASE","ORAL","ANDA078321","Bryant Ranch Prepack","71335-0720","Metformin Hydrochloride","METFORMIN HYDROCHLORIDE","HUMAN PRESCRIPTION DRUG","03/15/2018","N/A","ANDA","120 TABLET, EXTENDED RELEASE in 1 BOTTLE (71335-0720-5)","Biguanide [EPC],  Biguanides [CS]","N/A","No","12/31/2026"
"Metformin Hydrochloride","71335-0720-6","500 mg/1","TABLET, EXTENDED RELEASE","ORAL","ANDA078321","Bryant Ranch Prepack","71335-0720","Metformin Hydrochloride","METFORMIN HYDROCHLORIDE","HUMAN PRESCRIPTION DRUG","03/15/2018","N/A","ANDA","15 TABLET, EXTENDED RELEASE in 1 BOTTLE (71335-0720-6)","Biguanide [EPC],  Biguanides [CS]","N/A","No","12/31/2026"
"Metformin Hydrochloride","71335-0720-7","500 mg/1","TABLET, EXTENDED RELEASE","ORAL","ANDA078321","Bryant Ranch Prepack","71335-0720","Metformin Hydrochloride","METFORMIN HYDROCHLORIDE","HUMAN PRESCRIPTION DRUG","03/15/2018","N/A","ANDA","45 TABLET, EXTENDED RELEASE in 1 BOTTLE (71335-0720-7)","Biguanide [EPC],  Biguanides [CS]","N/A","No","12/31/2026"
"Metformin Hydrochloride","71335-0720-8","500 mg/1","TABLET, EXTENDED RELEASE","ORAL","ANDA078321","Bryant Ranch Prepack","71335-0720","Metformin Hydrochloride","METFORMIN HYDROCHLORIDE","HUMAN PRESCRIPTION DRUG","03/15/2018","N/A","ANDA","180 TABLET, EXTENDED RELEASE in 1 BOTTLE (71335-0720-8)","Biguanide [EPC],  Biguanides [CS]","N/A","No","12/31/2026"
"Metformin Hydrochloride","71335-0720-9","500 mg/1","TABLET, EXTENDED RELEASE","ORAL","ANDA078321","Bryant Ranch Prepack","71335-0720","Metformin Hydrochloride","METFORMIN HYDROCHLORIDE","HUMAN PRESCRIPTION DRUG","03/15/2018","N/A","ANDA","20 TABLET, EXTENDED RELEASE in 1 BOTTLE (71335-0720-9)","Biguanide [EPC],  Biguanides [CS]","N/A","No","12/31/2026"
"Metformin Hydrochloride","71610-929-30","500 mg/1","TABLET, FILM COATED","ORAL","ANDA077095","Aphena Pharma Solutions - Tennessee, LLC","71610-929","Metformin Hydrochloride","METFORMIN HYDROCHLORIDE","HUMAN PRESCRIPTION DRUG","07/22/2025","N/A","ANDA","30 TABLET, FILM COATED in 1 BOTTLE (71610-929-30)","Biguanide [EPC],  Biguanides [CS]","N/A","No","12/31/2026"
"Metformin Hydrochloride","71610-929-53","500 mg/1","TABLET, FILM COATED","ORAL","ANDA077095","Aphena Pharma Solutions - Tennessee, LLC","71610-929","Metformin Hydrochloride","METFORMIN HYDROCHLORIDE","HUMAN PRESCRIPTION DRUG","07/22/2025","N/A","ANDA","60 TABLET, FILM COATED in 1 BOTTLE (71610-929-53)","Biguanide [EPC],  Biguanides [CS]","N/A","No","12/31/2026"
"Metformin Hydrochloride","71610-929-60","500 mg/1","TABLET, FILM COATED","ORAL","ANDA077095","Aphena Pharma Solutions - Tennessee, LLC","71610-929","Metformin Hydrochloride","METFORMIN HYDROCHLORIDE","HUMAN PRESCRIPTION DRUG","07/22/2025","N/A","ANDA","90 TABLET, FILM COATED in 1 BOTTLE (71610-929-60)","Biguanide [EPC],  Biguanides [CS]","N/A","No","12/31/2026"
"Metformin Hydrochloride","71610-929-70","500 mg/1","TABLET, FILM COATED","ORAL","ANDA077095","Aphena Pharma Solutions - Tennessee, LLC","71610-929","Metformin Hydrochloride","METFORMIN HYDROCHLORIDE","HUMAN PRESCRIPTION DRUG","07/22/2025","N/A","ANDA","120 TABLET, FILM COATED in 1 BOTTLE (71610-929-70)","Biguanide [EPC],  Biguanides [CS]","N/A","No","12/31/2026"
"Metformin Hydrochloride","71610-929-80","500 mg/1","TABLET, FILM COATED","ORAL","ANDA077095","Aphena Pharma Solutions - Tennessee, LLC","71610-929","Metformin Hydrochloride","METFORMIN HYDROCHLORIDE","HUMAN PRESCRIPTION DRUG","07/22/2025","N/A","ANDA","180 TABLET, FILM COATED in 1 BOTTLE (71610-929-80)","Biguanide [EPC],  Biguanides [CS]","N/A","No","12/31/2026"
"Metformin Hydrochloride","71610-929-94","500 mg/1","TABLET, FILM COATED","ORAL","ANDA077095","Aphena Pharma Solutions - Tennessee, LLC","71610-929","Metformin Hydrochloride","METFORMIN HYDROCHLORIDE","HUMAN PRESCRIPTION DRUG","07/22/2025","N/A","ANDA","360 TABLET, FILM COATED in 1 BOTTLE (71610-929-94)","Biguanide [EPC],  Biguanides [CS]","N/A","No","12/31/2026"
"METFORMIN HYDROCHLORIDE","68071-5306-8","500 mg/1","TABLET, FILM COATED","ORAL","ANDA213320","NuCare Pharmaceuticcals,Inc.","68071-5306","METFORMIN HYDROCHLORIDE","METFORMIN HYDROCHLORIDE","HUMAN PRESCRIPTION DRUG","06/24/2026","N/A","ANDA","180 TABLET, FILM COATED in 1 BOTTLE (68071-5306-8)","Biguanide [EPC],  Biguanides [CS]","N/A","No","12/31/2027"
"Metformin Hydrochloride","68788-8652-1","500 mg/1","TABLET","ORAL","ANDA090564","Preferred Pharmaceuticals Inc.","68788-8652","Metformin Hydrochloride","METFORMIN HYDROCHLORIDE","HUMAN PRESCRIPTION DRUG","05/03/2024","N/A","ANDA","100 TABLET in 1 BOTTLE (68788-8652-1)","Biguanide [EPC],  Biguanides [CS]","N/A","No","12/31/2027"
"Metformin Hydrochloride","68788-8652-3","500 mg/1","TABLET","ORAL","ANDA090564","Preferred Pharmaceuticals Inc.","68788-8652","Metformin Hydrochloride","METFORMIN HYDROCHLORIDE","HUMAN PRESCRIPTION DRUG","05/03/2024","N/A","ANDA","30 TABLET in 1 BOTTLE (68788-8652-3)","Biguanide [EPC],  Biguanides [CS]","N/A","No","12/31/2027"
"Metformin Hydrochloride","68788-8652-6","500 mg/1","TABLET","ORAL","ANDA090564","Preferred Pharmaceuticals Inc.","68788-8652","Metformin Hydrochloride","METFORMIN HYDROCHLORIDE","HUMAN PRESCRIPTION DRUG","05/03/2024","N/A","ANDA","60 TABLET in 1 BOTTLE (68788-8652-6)","Biguanide [EPC],  Biguanides [CS]","N/A","No","12/31/2027"
"Metformin Hydrochloride","68788-8652-7","500 mg/1","TABLET","ORAL","ANDA090564","Preferred Pharmaceuticals Inc.","68788-8652","Metformin Hydrochloride","METFORMIN HYDROCHLORIDE","HUMAN PRESCRIPTION DRUG","05/03/2024","N/A","ANDA","180 TABLET in 1 BOTTLE (68788-8652-7)","Biguanide [EPC],  Biguanides [CS]","N/A","No","12/31/2027"
"Metformin Hydrochloride","68788-8652-8","500 mg/1","TABLET","ORAL","ANDA090564","Preferred Pharmaceuticals Inc.","68788-8652","Metformin Hydrochloride","METFORMIN HYDROCHLORIDE","HUMAN PRESCRIPTION DRUG","05/03/2024","N/A","ANDA","120 TABLET in 1 BOTTLE (68788-8652-8)","Biguanide [EPC],  Biguanides [CS]","N/A","No","12/31/2027"
"Metformin Hydrochloride","68788-8652-9","500 mg/1","TABLET","ORAL","ANDA090564","Preferred Pharmaceuticals Inc.","68788-8652","Metformin Hydrochloride","METFORMIN HYDROCHLORIDE","HUMAN PRESCRIPTION DRUG","05/03/2024","N/A","ANDA","90 TABLET in 1 BOTTLE (68788-8652-9)","Biguanide [EPC],  Biguanides [CS]","N/A","No","12/31/2027"
"Metformin Hydrochloride","50090-6485-0","500 mg/1","TABLET, FILM COATED","ORAL","ANDA077095","A-S Medication Solutions","50090-6485","Metformin Hydrochloride","METFORMIN HYDROCHLORIDE","HUMAN PRESCRIPTION DRUG","05/17/2023","N/A","ANDA","90 TABLET, FILM COATED in 1 BOTTLE (50090-6485-0)","Biguanide [EPC],  Biguanides [CS]","N/A","No","12/31/2026"
"METFORMIN HYDROCHLORIDE","71335-9683-1","500 mg/1","TABLET, EXTENDED RELEASE","ORAL","ANDA076756","Bryant Ranch Prepack","71335-9683","METFORMIN HYDROCHLORIDE","METFORMIN HYDROCHLORIDE","HUMAN PRESCRIPTION DRUG","04/11/2023","N/A","ANDA","60 TABLET, EXTENDED RELEASE in 1 BOTTLE (71335-9683-1)","Biguanide [EPC],  Biguanides [CS]","N/A","No","12/31/2026"
"METFORMIN HYDROCHLORIDE","71335-9683-2","500 mg/1","TABLET, EXTENDED RELEASE","ORAL","ANDA076756","Bryant Ranch Prepack","71335-9683","METFORMIN HYDROCHLORIDE","METFORMIN HYDROCHLORIDE","HUMAN PRESCRIPTION DRUG","04/11/2023","N/A","ANDA","30 TABLET, EXTENDED RELEASE in 1 BOTTLE (71335-9683-2)","Biguanide [EPC],  Biguanides [CS]","N/A","No","12/31/2026"
"METFORMIN HYDROCHLORIDE","71335-9683-3","500 mg/1","TABLET, EXTENDED RELEASE","ORAL","ANDA076756","Bryant Ranch Prepack","71335-9683","METFORMIN HYDROCHLORIDE","METFORMIN HYDROCHLORIDE","HUMAN PRESCRIPTION DRUG","04/11/2023","N/A","ANDA","100 TABLET, EXTENDED RELEASE in 1 BOTTLE (71335-9683-3)","Biguanide [EPC],  Biguanides [CS]","N/A","No","12/31/2026"
"METFORMIN HYDROCHLORIDE","71335-9683-4","500 mg/1","TABLET, EXTENDED RELEASE","ORAL","ANDA076756","Bryant Ranch Prepack","71335-9683","METFORMIN HYDROCHLORIDE","METFORMIN HYDROCHLORIDE","HUMAN PRESCRIPTION DRUG","04/11/2023","N/A","ANDA","90 TABLET, EXTENDED RELEASE in 1 BOTTLE (71335-9683-4)","Biguanide [EPC],  Biguanides [CS]","N/A","No","12/31/2026"
"METFORMIN HYDROCHLORIDE","71335-9683-5","500 mg/1","TABLET, EXTENDED RELEASE","ORAL","ANDA076756","Bryant Ranch Prepack","71335-9683","METFORMIN HYDROCHLORIDE","METFORMIN HYDROCHLORIDE","HUMAN PRESCRIPTION DRUG","04/11/2023","N/A","ANDA","120 TABLET, EXTENDED RELEASE in 1 BOTTLE (71335-9683-5)","Biguanide [EPC],  Biguanides [CS]","N/A","No","12/31/2026"
"METFORMIN HYDROCHLORIDE","71335-9683-6","500 mg/1","TABLET, EXTENDED RELEASE","ORAL","ANDA076756","Bryant Ranch Prepack","71335-9683","METFORMIN HYDROCHLORIDE","METFORMIN HYDROCHLORIDE","HUMAN PRESCRIPTION DRUG","04/11/2023","N/A","ANDA","15 TABLET, EXTENDED RELEASE in 1 BOTTLE (71335-9683-6)","Biguanide [EPC],  Biguanides [CS]","N/A","No","12/31/2026"
"METFORMIN HYDROCHLORIDE","71335-9683-7","500 mg/1","TABLET, EXTENDED RELEASE","ORAL","ANDA076756","Bryant Ranch Prepack","71335-9683","METFORMIN HYDROCHLORIDE","METFORMIN HYDROCHLORIDE","HUMAN PRESCRIPTION DRUG","04/11/2023","N/A","ANDA","45 TABLET, EXTENDED RELEASE in 1 BOTTLE (71335-9683-7)","Biguanide [EPC],  Biguanides [CS]","N/A","No","12/31/2026"
"METFORMIN HYDROCHLORIDE","71335-9683-8","500 mg/1","TABLET, EXTENDED RELEASE","ORAL","ANDA076756","Bryant Ranch Prepack","71335-9683","METFORMIN HYDROCHLORIDE","METFORMIN HYDROCHLORIDE","HUMAN PRESCRIPTION DRUG","04/11/2023","N/A","ANDA","180 TABLET, EXTENDED RELEASE in 1 BOTTLE (71335-9683-8)","Biguanide [EPC],  Biguanides [CS]","N/A","No","12/31/2026"
"METFORMIN HYDROCHLORIDE","71335-9683-9","500 mg/1","TABLET, EXTENDED RELEASE","ORAL","ANDA076756","Bryant Ranch Prepack","71335-9683","METFORMIN HYDROCHLORIDE","METFORMIN HYDROCHLORIDE","HUMAN PRESCRIPTION DRUG","04/11/2023","N/A","ANDA","20 TABLET, EXTENDED RELEASE in 1 BOTTLE (71335-9683-9)","Biguanide [EPC],  Biguanides [CS]","N/A","No","12/31/2026"
"Dapagliflozin and Metformin Hydrochloride","33342-406-06","5 mg/1,  500 mg/1","TABLET, EXTENDED RELEASE","ORAL","ANDA211559","Macleods Pharmaceuticals Limited","33342-406","Dapagliflozin and Metformin Hydrochloride","DAPAGLIFLOZIN,  METFORMIN HYDROCHLORIDE","HUMAN PRESCRIPTION DRUG","04/06/2026","N/A","ANDA","3 BLISTER PACK in 1 CARTON (33342-406-06)  / 10 TABLET, EXTENDED RELEASE in 1 BLISTER PACK (33342-406-66)","Biguanide [EPC],  Biguanides [CS],  Sodium-Glucose Cotransporter 2 Inhibitor [EPC],  Sodium-Glucose Transporter 2 Inhibitors [MoA]","N/A","No","12/31/2027"
"Dapagliflozin and Metformin Hydrochloride","33342-406-07","5 mg/1,  500 mg/1","TABLET, EXTENDED RELEASE","ORAL","ANDA211559","Macleods Pharmaceuticals Limited","33342-406","Dapagliflozin and Metformin Hydrochloride","DAPAGLIFLOZIN,  METFORMIN HYDROCHLORIDE","HUMAN PRESCRIPTION DRUG","04/06/2026","N/A","ANDA","30 TABLET, EXTENDED RELEASE in 1 BOTTLE (33342-406-07)","Biguanide [EPC],  Biguanides [CS],  Sodium-Glucose Cotransporter 2 Inhibitor [EPC],  Sodium-Glucose Transporter 2 Inhibitors [MoA]","N/A","No","12/31/2027"
"Dapagliflozin and Metformin Hydrochloride","33342-406-09","5 mg/1,  500 mg/1","TABLET, EXTENDED RELEASE","ORAL","ANDA211559","Macleods Pharmaceuticals Limited","33342-406","Dapagliflozin and Metformin Hydrochloride","DAPAGLIFLOZIN,  METFORMIN HYDROCHLORIDE","HUMAN PRESCRIPTION DRUG","04/06/2026","N/A","ANDA","60 TABLET, EXTENDED RELEASE in 1 BOTTLE (33342-406-09)","Biguanide [EPC],  Biguanides [CS],  Sodium-Glucose Cotransporter 2 Inhibitor [EPC],  Sodium-Glucose Transporter 2 Inhibitors [MoA]","N/A","No","12/31/2027"
"Dapagliflozin and Metformin Hydrochloride","33342-406-10","5 mg/1,  500 mg/1","TABLET, EXTENDED RELEASE","ORAL","ANDA211559","Macleods Pharmaceuticals Limited","33342-406","Dapagliflozin and Metformin Hydrochloride","DAPAGLIFLOZIN,  METFORMIN HYDROCHLORIDE","HUMAN PRESCRIPTION DRUG","04/06/2026","N/A","ANDA","90 TABLET, EXTENDED RELEASE in 1 BOTTLE (33342-406-10)","Biguanide [EPC],  Biguanides [CS],  Sodium-Glucose Cotransporter 2 Inhibitor [EPC],  Sodium-Glucose Transporter 2 Inhibitors [MoA]","N/A","No","12/31/2027"
"Dapagliflozin and Metformin Hydrochloride","33342-406-15","5 mg/1,  500 mg/1","TABLET, EXTENDED RELEASE","ORAL","ANDA211559","Macleods Pharmaceuticals Limited","33342-406","Dapagliflozin and Metformin Hydrochloride","DAPAGLIFLOZIN,  METFORMIN HYDROCHLORIDE","HUMAN PRESCRIPTION DRUG","04/06/2026","N/A","ANDA","500 TABLET, EXTENDED RELEASE in 1 BOTTLE (33342-406-15)","Biguanide [EPC],  Biguanides [CS],  Sodium-Glucose Cotransporter 2 Inhibitor [EPC],  Sodium-Glucose Transporter 2 Inhibitors [MoA]","N/A","No","12/31/2027"
"METFORMIN HYDROCHLORIDE","42708-203-60","500 mg/1","TABLET, FILM COATED","ORAL","ANDA213320","QPharma,Inc.","42708-203","METFORMIN HYDROCHLORIDE","METFORMIN HYDROCHLORIDE","HUMAN PRESCRIPTION DRUG","08/20/2026","N/A","ANDA","60 TABLET, FILM COATED in 1 BOTTLE, PLASTIC (42708-203-60)","Biguanide [EPC],  Biguanides [CS]","N/A","Yes","12/31/2027"
"Glyburide and Metformin Hydrochloride","57237-025-01","5 mg/1,  500 mg/1","TABLET, FILM COATED","ORAL","ANDA077870","Rising Pharma Holdings, Inc.","57237-025","Glyburide and Metformin Hydrochloride","GLYBURIDE,  METFORMIN HYDROCHLORIDE","HUMAN PRESCRIPTION DRUG","11/14/2007","N/A","ANDA","100 TABLET, FILM COATED in 1 BOTTLE (57237-025-01)","Biguanide [EPC],  Biguanides [CS],  Sulfonylurea Compounds [CS],  Sulfonylurea [EPC]","N/A","No","12/31/2027"
"Glyburide and Metformin Hydrochloride","57237-025-05","5 mg/1,  500 mg/1","TABLET, FILM COATED","ORAL","ANDA077870","Rising Pharma Holdings, Inc.","57237-025","Glyburide and Metformin Hydrochloride","GLYBURIDE,  METFORMIN HYDROCHLORIDE","HUMAN PRESCRIPTION DRUG","11/14/2007","N/A","ANDA","500 TABLET, FILM COATED in 1 BOTTLE (57237-025-05)","Biguanide [EPC],  Biguanides [CS],  Sulfonylurea Compounds [CS],  Sulfonylurea [EPC]","N/A","No","12/31/2027"
"METFORMIN HYDROCHLORIDE","71610-937-60","1000 mg/1","TABLET","ORAL","ANDA213320","Aphena Pharma Solutions - Tennessee, LLC","71610-937","metformin hydrochloride","METFORMIN HYDROCHLORIDE","HUMAN PRESCRIPTION DRUG","08/19/2025","N/A","ANDA","90 TABLET in 1 BOTTLE (71610-937-60)","Biguanide [EPC],  Biguanides [CS]","N/A","No","12/31/2026"
"METFORMIN HYDROCHLORIDE","71610-937-80","1000 mg/1","TABLET","ORAL","ANDA213320","Aphena Pharma Solutions - Tennessee, LLC","71610-937","metformin hydrochloride","METFORMIN HYDROCHLORIDE","HUMAN PRESCRIPTION DRUG","08/19/2025","N/A","ANDA","180 TABLET in 1 BOTTLE (71610-937-80)","Biguanide [EPC],  Biguanides [CS]","N/A","No","12/31/2026"
"Metformin Hydrochloride Extended-Release 500mg","17224-311-28","500 mg/1","TABLET, EXTENDED RELEASE","ORAL","ANDA078321","Calvin Scott & Co., Inc.","17224-311","METFORMIN HYDROCHLORIDE","METFORMIN HYDROCHLORIDE","HUMAN PRESCRIPTION DRUG","06/08/2017","N/A","ANDA","28 TABLET, EXTENDED RELEASE in 1 BOTTLE (17224-311-28)","Biguanide [EPC],  Biguanides [CS]","N/A","No","12/31/2026"
"Metformin Hydrochloride","65862-008-01","500 mg/1","TABLET, FILM COATED","ORAL","ANDA077095","Aurobindo Pharma Limited","65862-008","Metformin Hydrochloride","METFORMIN HYDROCHLORIDE","HUMAN PRESCRIPTION DRUG","01/14/2005","N/A","ANDA","100 TABLET, FILM COATED in 1 BOTTLE (65862-008-01)","Biguanide [EPC],  Biguanides [CS]","N/A","No","12/31/2027"
"Metformin Hydrochloride","65862-008-05","500 mg/1","TABLET, FILM COATED","ORAL","ANDA077095","Aurobindo Pharma Limited","65862-008","Metformin Hydrochloride","METFORMIN HYDROCHLORIDE","HUMAN PRESCRIPTION DRUG","01/14/2005","N/A","ANDA","500 TABLET, FILM COATED in 1 BOTTLE (65862-008-05)","Biguanide [EPC],  Biguanides [CS]","N/A","No","12/31/2027"
"Metformin Hydrochloride","65862-008-33","500 mg/1","TABLET, FILM COATED","ORAL","ANDA077095","Aurobindo Pharma Limited","65862-008","Metformin Hydrochloride","METFORMIN HYDROCHLORIDE","HUMAN PRESCRIPTION DRUG","01/14/2005","N/A","ANDA","300 TABLET, FILM COATED in 1 BOTTLE (65862-008-33)","Biguanide [EPC],  Biguanides [CS]","N/A","No","12/31/2027"
"Metformin Hydrochloride","65862-008-45","500 mg/1","TABLET, FILM COATED","ORAL","ANDA077095","Aurobindo Pharma Limited","65862-008","Metformin Hydrochloride","METFORMIN HYDROCHLORIDE","HUMAN PRESCRIPTION DRUG","01/14/2005","N/A","ANDA","4500 TABLET, FILM COATED in 1 BOTTLE (65862-008-45)","Biguanide [EPC],  Biguanides [CS]","N/A","No","12/31/2027"
"Metformin Hydrochloride","65862-008-50","500 mg/1","TABLET, FILM COATED","ORAL","ANDA077095","Aurobindo Pharma Limited","65862-008","Metformin Hydrochloride","METFORMIN HYDROCHLORIDE","HUMAN PRESCRIPTION DRUG","01/14/2005","N/A","ANDA","50 TABLET, FILM COATED in 1 BOTTLE (65862-008-50)","Biguanide [EPC],  Biguanides [CS]","N/A","No","12/31/2027"
"Metformin Hydrochloride","65862-008-60","500 mg/1","TABLET, FILM COATED","ORAL","ANDA077095","Aurobindo Pharma Limited","65862-008","Metformin Hydrochloride","METFORMIN HYDROCHLORIDE","HUMAN PRESCRIPTION DRUG","01/14/2005","N/A","ANDA","60 TABLET, FILM COATED in 1 BOTTLE (65862-008-60)","Biguanide [EPC],  Biguanides [CS]","N/A","No","12/31/2027"
"Metformin Hydrochloride","65862-008-90","500 mg/1","TABLET, FILM COATED","ORAL","ANDA077095","Aurobindo Pharma Limited","65862-008","Metformin Hydrochloride","METFORMIN HYDROCHLORIDE","HUMAN PRESCRIPTION DRUG","01/14/2005","N/A","ANDA","90 TABLET, FILM COATED in 1 BOTTLE (65862-008-90)","Biguanide [EPC],  Biguanides [CS]","N/A","No","12/31/2027"
"Metformin Hydrochloride","65862-008-99","500 mg/1","TABLET, FILM COATED","ORAL","ANDA077095","Aurobindo Pharma Limited","65862-008","Metformin Hydrochloride","METFORMIN HYDROCHLORIDE","HUMAN PRESCRIPTION DRUG","01/14/2005","N/A","ANDA","1000 TABLET, FILM COATED in 1 BOTTLE (65862-008-99)","Biguanide [EPC],  Biguanides [CS]","N/A","No","12/31/2027"
"Dapagliflozin and Metformin Hydrochloride","33342-407-06","10 mg/1,  500 mg/1","TABLET, EXTENDED RELEASE","ORAL","ANDA211559","Macleods Pharmaceuticals Limited","33342-407","Dapagliflozin and Metformin Hydrochloride","DAPAGLIFLOZIN,  METFORMIN HYDROCHLORIDE","HUMAN PRESCRIPTION DRUG","04/06/2026","N/A","ANDA","3 BLISTER PACK in 1 CARTON (33342-407-06)  / 10 TABLET, EXTENDED RELEASE in 1 BLISTER PACK (33342-407-66)","Biguanide [EPC],  Biguanides [CS],  Sodium-Glucose Cotransporter 2 Inhibitor [EPC],  Sodium-Glucose Transporter 2 Inhibitors [MoA]","N/A","No","12/31/2027"
"Dapagliflozin and Metformin Hydrochloride","33342-407-07","10 mg/1,  500 mg/1","TABLET, EXTENDED RELEASE","ORAL","ANDA211559","Macleods Pharmaceuticals Limited","33342-407","Dapagliflozin and Metformin Hydrochloride","DAPAGLIFLOZIN,  METFORMIN HYDROCHLORIDE","HUMAN PRESCRIPTION DRUG","04/06/2026","N/A","ANDA","30 TABLET, EXTENDED RELEASE in 1 BOTTLE (33342-407-07)","Biguanide [EPC],  Biguanides [CS],  Sodium-Glucose Cotransporter 2 Inhibitor [EPC],  Sodium-Glucose Transporter 2 Inhibitors [MoA]","N/A","No","12/31/2027"
"Dapagliflozin and Metformin Hydrochloride","33342-407-09","10 mg/1,  500 mg/1","TABLET, EXTENDED RELEASE","ORAL","ANDA211559","Macleods Pharmaceuticals Limited","33342-407","Dapagliflozin and Metformin Hydrochloride","DAPAGLIFLOZIN,  METFORMIN HYDROCHLORIDE","HUMAN PRESCRIPTION DRUG","04/06/2026","N/A","ANDA","60 TABLET, EXTENDED RELEASE in 1 BOTTLE (33342-407-09)","Biguanide [EPC],  Biguanides [CS],  Sodium-Glucose Cotransporter 2 Inhibitor [EPC],  Sodium-Glucose Transporter 2 Inhibitors [MoA]","N/A","No","12/31/2027"
"Dapagliflozin and Metformin Hydrochloride","33342-407-10","10 mg/1,  500 mg/1","TABLET, EXTENDED RELEASE","ORAL","ANDA211559","Macleods Pharmaceuticals Limited","33342-407","Dapagliflozin and Metformin Hydrochloride","DAPAGLIFLOZIN,  METFORMIN HYDROCHLORIDE","HUMAN PRESCRIPTION DRUG","04/06/2026","N/A","ANDA","90 TABLET, EXTENDED RELEASE in 1 BOTTLE (33342-407-10)","Biguanide [EPC],  Biguanides [CS],  Sodium-Glucose Cotransporter 2 Inhibitor [EPC],  Sodium-Glucose Transporter 2 Inhibitors [MoA]","N/A","No","12/31/2027"
"Dapagliflozin and Metformin Hydrochloride","33342-407-15","10 mg/1,  500 mg/1","TABLET, EXTENDED RELEASE","ORAL","ANDA211559","Macleods Pharmaceuticals Limited","33342-407","Dapagliflozin and Metformin Hydrochloride","DAPAGLIFLOZIN,  METFORMIN HYDROCHLORIDE","HUMAN PRESCRIPTION DRUG","04/06/2026","N/A","ANDA","500 TABLET, EXTENDED RELEASE in 1 BOTTLE (33342-407-15)","Biguanide [EPC],  Biguanides [CS],  Sodium-Glucose Cotransporter 2 Inhibitor [EPC],  Sodium-Glucose Transporter 2 Inhibitors [MoA]","N/A","No","12/31/2027"
"Metformin Hydrochloride","65862-009-01","850 mg/1","TABLET, FILM COATED","ORAL","ANDA077095","Aurobindo Pharma Limited","65862-009","Metformin Hydrochloride","METFORMIN HYDROCHLORIDE","HUMAN PRESCRIPTION DRUG","01/14/2005","N/A","ANDA","100 TABLET, FILM COATED in 1 BOTTLE (65862-009-01)","Biguanide [EPC],  Biguanides [CS]","N/A","No","12/31/2027"
"Metformin Hydrochloride","65862-009-05","850 mg/1","TABLET, FILM COATED","ORAL","ANDA077095","Aurobindo Pharma Limited","65862-009","Metformin Hydrochloride","METFORMIN HYDROCHLORIDE","HUMAN PRESCRIPTION DRUG","01/14/2005","N/A","ANDA","500 TABLET, FILM COATED in 1 BOTTLE (65862-009-05)","Biguanide [EPC],  Biguanides [CS]","N/A","No","12/31/2027"
"Metformin Hydrochloride","65862-009-33","850 mg/1","TABLET, FILM COATED","ORAL","ANDA077095","Aurobindo Pharma Limited","65862-009","Metformin Hydrochloride","METFORMIN HYDROCHLORIDE","HUMAN PRESCRIPTION DRUG","01/14/2005","N/A","ANDA","300 TABLET, FILM COATED in 1 BOTTLE (65862-009-33)","Biguanide [EPC],  Biguanides [CS]","N/A","No","12/31/2027"
"Metformin Hydrochloride","65862-009-44","850 mg/1","TABLET, FILM COATED","ORAL","ANDA077095","Aurobindo Pharma Limited","65862-009","Metformin Hydrochloride","METFORMIN HYDROCHLORIDE","HUMAN PRESCRIPTION DRUG","01/14/2005","N/A","ANDA","2500 TABLET, FILM COATED in 1 BOTTLE (65862-009-44)","Biguanide [EPC],  Biguanides [CS]","N/A","No","12/31/2027"
"Metformin Hydrochloride","65862-009-50","850 mg/1","TABLET, FILM COATED","ORAL","ANDA077095","Aurobindo Pharma Limited","65862-009","Metformin Hydrochloride","METFORMIN HYDROCHLORIDE","HUMAN PRESCRIPTION DRUG","01/14/2005","N/A","ANDA","50 TABLET, FILM COATED in 1 BOTTLE (65862-009-50)","Biguanide [EPC],  Biguanides [CS]","N/A","No","12/31/2027"
"Metformin Hydrochloride","65862-009-60","850 mg/1","TABLET, FILM COATED","ORAL","ANDA077095","Aurobindo Pharma Limited","65862-009","Metformin Hydrochloride","METFORMIN HYDROCHLORIDE","HUMAN PRESCRIPTION DRUG","01/14/2005","N/A","ANDA","60 TABLET, FILM COATED in 1 BOTTLE (65862-009-60)","Biguanide [EPC],  Biguanides [CS]","N/A","No","12/31/2027"
"Metformin Hydrochloride","65862-009-90","850 mg/1","TABLET, FILM COATED","ORAL","ANDA077095","Aurobindo Pharma Limited","65862-009","Metformin Hydrochloride","METFORMIN HYDROCHLORIDE","HUMAN PRESCRIPTION DRUG","01/14/2005","N/A","ANDA","90 TABLET, FILM COATED in 1 BOTTLE (65862-009-90)","Biguanide [EPC],  Biguanides [CS]","N/A","No","12/31/2027"
"Metformin Hydrochloride","65862-009-99","850 mg/1","TABLET, FILM COATED","ORAL","ANDA077095","Aurobindo Pharma Limited","65862-009","Metformin Hydrochloride","METFORMIN HYDROCHLORIDE","HUMAN PRESCRIPTION DRUG","01/14/2005","N/A","ANDA","1000 TABLET, FILM COATED in 1 BOTTLE (65862-009-99)","Biguanide [EPC],  Biguanides [CS]","N/A","No","12/31/2027"
"METFORMIN HYDROCHLORIDE","42708-201-60","500 mg/1","TABLET, EXTENDED RELEASE","ORAL","ANDA201991","QPharma Inc","42708-201","metformin hydrochloride","METFORMIN HYDROCHLORIDE","HUMAN PRESCRIPTION DRUG","06/05/2026","N/A","ANDA","60 TABLET, EXTENDED RELEASE in 1 BOTTLE, PLASTIC (42708-201-60)","Biguanide [EPC],  Biguanides [CS]","N/A","Yes","12/31/2027"
"Metformin Hydrochloride","50090-7454-0","1000 mg/1","TABLET, COATED","ORAL","ANDA205096","A-S Medication Solutions","50090-7454","Metformin Hydrochloride","METFORMIN HYDROCHLORIDE","HUMAN PRESCRIPTION DRUG","11/13/2024","N/A","ANDA","60 TABLET, COATED in 1 BOTTLE (50090-7454-0)","Biguanide [EPC],  Biguanides [CS]","N/A","No","12/31/2026"
"Metformin Hydrochloride","50090-7454-2","1000 mg/1","TABLET, COATED","ORAL","ANDA205096","A-S Medication Solutions","50090-7454","Metformin Hydrochloride","METFORMIN HYDROCHLORIDE","HUMAN PRESCRIPTION DRUG","11/13/2024","N/A","ANDA","100 TABLET, COATED in 1 BOTTLE (50090-7454-2)","Biguanide [EPC],  Biguanides [CS]","N/A","No","12/31/2026"
"Metformin Hydrochloride","50090-7454-3","1000 mg/1","TABLET, COATED","ORAL","ANDA205096","A-S Medication Solutions","50090-7454","Metformin Hydrochloride","METFORMIN HYDROCHLORIDE","HUMAN PRESCRIPTION DRUG","11/13/2024","N/A","ANDA","30 TABLET, COATED in 1 BOTTLE (50090-7454-3)","Biguanide [EPC],  Biguanides [CS]","N/A","No","12/31/2026"
"Metformin Hydrochloride","50090-7454-4","1000 mg/1","TABLET, COATED","ORAL","ANDA205096","A-S Medication Solutions","50090-7454","Metformin Hydrochloride","METFORMIN HYDROCHLORIDE","HUMAN PRESCRIPTION DRUG","11/13/2024","N/A","ANDA","90 TABLET, COATED in 1 BOTTLE (50090-7454-4)","Biguanide [EPC],  Biguanides [CS]","N/A","No","12/31/2026"
"Metformin Hydrochloride","50090-7454-5","1000 mg/1","TABLET, COATED","ORAL","ANDA205096","A-S Medication Solutions","50090-7454","Metformin Hydrochloride","METFORMIN HYDROCHLORIDE","HUMAN PRESCRIPTION DRUG","11/13/2024","N/A","ANDA","180 TABLET, COATED in 1 BOTTLE (50090-7454-5)","Biguanide [EPC],  Biguanides [CS]","N/A","No","12/31/2026"
"Glyburide and Metformin Hydrochloride","57237-023-01","1.25 mg/1,  250 mg/1","TABLET, FILM COATED","ORAL","ANDA077870","Rising Pharma Holdings, Inc.","57237-023","Glyburide and Metformin Hydrochloride","GLYBURIDE,  METFORMIN HYDROCHLORIDE","HUMAN PRESCRIPTION DRUG","11/14/2007","N/A","ANDA","100 TABLET, FILM COATED in 1 BOTTLE (57237-023-01)","Biguanide [EPC],  Biguanides [CS],  Sulfonylurea Compounds [CS],  Sulfonylurea [EPC]","N/A","No","12/31/2027"
"Glyburide and Metformin Hydrochloride","57237-023-05","1.25 mg/1,  250 mg/1","TABLET, FILM COATED","ORAL","ANDA077870","Rising Pharma Holdings, Inc.","57237-023","Glyburide and Metformin Hydrochloride","GLYBURIDE,  METFORMIN HYDROCHLORIDE","HUMAN PRESCRIPTION DRUG","11/14/2007","N/A","ANDA","500 TABLET, FILM COATED in 1 BOTTLE (57237-023-05)","Biguanide [EPC],  Biguanides [CS],  Sulfonylurea Compounds [CS],  Sulfonylurea [EPC]","N/A","No","12/31/2027"
"JANUMET XR","0006-0078-28","50 mg/1,  500 mg/1","TABLET, FILM COATED, EXTENDED RELEASE","ORAL","NDA202270","Merck Sharp & Dohme LLC","0006-0078","sitagliptin and metformin hydrochloride","SITAGLIPTIN PHOSPHATE,  METFORMIN HYDROCHLORIDE","HUMAN PRESCRIPTION DRUG","02/02/2012","N/A","NDA","2 BOTTLE in 1 CARTON (0006-0078-28)  / 14 TABLET, FILM COATED, EXTENDED RELEASE in 1 BOTTLE (0006-0078-14)","Biguanide [EPC],  Biguanides [CS],  Dipeptidyl Peptidase 4 Inhibitor [EPC],  Dipeptidyl Peptidase 4 Inhibitors [MoA]","N/A","Yes","12/31/2027"
"JANUMET XR","0006-0078-61","50 mg/1,  500 mg/1","TABLET, FILM COATED, EXTENDED RELEASE","ORAL","NDA202270","Merck Sharp & Dohme LLC","0006-0078","sitagliptin and metformin hydrochloride","SITAGLIPTIN PHOSPHATE,  METFORMIN HYDROCHLORIDE","HUMAN PRESCRIPTION DRUG","02/02/2012","N/A","NDA","60 TABLET, FILM COATED, EXTENDED RELEASE in 1 BOTTLE (0006-0078-61)","Biguanide [EPC],  Biguanides [CS],  Dipeptidyl Peptidase 4 Inhibitor [EPC],  Dipeptidyl Peptidase 4 Inhibitors [MoA]","N/A","No","12/31/2027"
"JANUMET XR","0006-0078-62","50 mg/1,  500 mg/1","TABLET, FILM COATED, EXTENDED RELEASE","ORAL","NDA202270","Merck Sharp & Dohme LLC","0006-0078","sitagliptin and metformin hydrochloride","SITAGLIPTIN PHOSPHATE,  METFORMIN HYDROCHLORIDE","HUMAN PRESCRIPTION DRUG","02/02/2012","N/A","NDA","180 TABLET, FILM COATED, EXTENDED RELEASE in 1 BOTTLE (0006-0078-62)","Biguanide [EPC],  Biguanides [CS],  Dipeptidyl Peptidase 4 Inhibitor [EPC],  Dipeptidyl Peptidase 4 Inhibitors [MoA]","N/A","No","12/31/2027"
"JANUMET XR","0006-0078-82","50 mg/1,  500 mg/1","TABLET, FILM COATED, EXTENDED RELEASE","ORAL","NDA202270","Merck Sharp & Dohme LLC","0006-0078","sitagliptin and metformin hydrochloride","SITAGLIPTIN PHOSPHATE,  METFORMIN HYDROCHLORIDE","HUMAN PRESCRIPTION DRUG","02/02/2012","N/A","NDA","1000 TABLET, FILM COATED, EXTENDED RELEASE in 1 BOTTLE (0006-0078-82)","Biguanide [EPC],  Biguanides [CS],  Dipeptidyl Peptidase 4 Inhibitor [EPC],  Dipeptidyl Peptidase 4 Inhibitors [MoA]","N/A","No","12/31/2027"
"Dapagliflozin and Metformin Hydrochloride","33342-408-06","5 mg/1,  1000 mg/1","TABLET, EXTENDED RELEASE","ORAL","ANDA211559","Macleods Pharmaceuticals Limited","33342-408","Dapagliflozin and Metformin Hydrochloride","DAPAGLIFLOZIN,  METFORMIN HYDROCHLORIDE","HUMAN PRESCRIPTION DRUG","04/06/2026","N/A","ANDA","3 BLISTER PACK in 1 CARTON (33342-408-06)  / 10 TABLET, EXTENDED RELEASE in 1 BLISTER PACK (33342-408-66)","Biguanide [EPC],  Biguanides [CS],  Sodium-Glucose Cotransporter 2 Inhibitor [EPC],  Sodium-Glucose Transporter 2 Inhibitors [MoA]","N/A","No","12/31/2027"
"Dapagliflozin and Metformin Hydrochloride","33342-408-07","5 mg/1,  1000 mg/1","TABLET, EXTENDED RELEASE","ORAL","ANDA211559","Macleods Pharmaceuticals Limited","33342-408","Dapagliflozin and Metformin Hydrochloride","DAPAGLIFLOZIN,  METFORMIN HYDROCHLORIDE","HUMAN PRESCRIPTION DRUG","04/06/2026","N/A","ANDA","30 TABLET, EXTENDED RELEASE in 1 BOTTLE (33342-408-07)","Biguanide [EPC],  Biguanides [CS],  Sodium-Glucose Cotransporter 2 Inhibitor [EPC],  Sodium-Glucose Transporter 2 Inhibitors [MoA]","N/A","No","12/31/2027"
"Dapagliflozin and Metformin Hydrochloride","33342-408-09","5 mg/1,  1000 mg/1","TABLET, EXTENDED RELEASE","ORAL","ANDA211559","Macleods Pharmaceuticals Limited","33342-408","Dapagliflozin and Metformin Hydrochloride","DAPAGLIFLOZIN,  METFORMIN HYDROCHLORIDE","HUMAN PRESCRIPTION DRUG","04/06/2026","N/A","ANDA","60 TABLET, EXTENDED RELEASE in 1 BOTTLE (33342-408-09)","Biguanide [EPC],  Biguanides [CS],  Sodium-Glucose Cotransporter 2 Inhibitor [EPC],  Sodium-Glucose Transporter 2 Inhibitors [MoA]","N/A","No","12/31/2027"
"Dapagliflozin and Metformin Hydrochloride","33342-408-10","5 mg/1,  1000 mg/1","TABLET, EXTENDED RELEASE","ORAL","ANDA211559","Macleods Pharmaceuticals Limited","33342-408","Dapagliflozin and Metformin Hydrochloride","DAPAGLIFLOZIN,  METFORMIN HYDROCHLORIDE","HUMAN PRESCRIPTION DRUG","04/06/2026","N/A","ANDA","90 TABLET, EXTENDED RELEASE in 1 BOTTLE (33342-408-10)","Biguanide [EPC],  Biguanides [CS],  Sodium-Glucose Cotransporter 2 Inhibitor [EPC],  Sodium-Glucose Transporter 2 Inhibitors [MoA]","N/A","No","12/31/2027"
"Dapagliflozin and Metformin Hydrochloride","33342-408-15","5 mg/1,  1000 mg/1","TABLET, EXTENDED RELEASE","ORAL","ANDA211559","Macleods Pharmaceuticals Limited","33342-408","Dapagliflozin and Metformin Hydrochloride","DAPAGLIFLOZIN,  METFORMIN HYDROCHLORIDE","HUMAN PRESCRIPTION DRUG","04/06/2026","N/A","ANDA","500 TABLET, EXTENDED RELEASE in 1 BOTTLE (33342-408-15)","Biguanide [EPC],  Biguanides [CS],  Sodium-Glucose Cotransporter 2 Inhibitor [EPC],  Sodium-Glucose Transporter 2 Inhibitors [MoA]","N/A","No","12/31/2027"
"Metformin Hydrochloride","65862-010-01","1000 mg/1","TABLET, FILM COATED","ORAL","ANDA077095","Aurobindo Pharma Limited","65862-010","Metformin Hydrochloride","METFORMIN HYDROCHLORIDE","HUMAN PRESCRIPTION DRUG","01/14/2005","N/A","ANDA","100 TABLET, FILM COATED in 1 BOTTLE (65862-010-01)","Biguanide [EPC],  Biguanides [CS]","N/A","No","12/31/2027"
"Metformin Hydrochloride","65862-010-05","1000 mg/1","TABLET, FILM COATED","ORAL","ANDA077095","Aurobindo Pharma Limited","65862-010","Metformin Hydrochloride","METFORMIN HYDROCHLORIDE","HUMAN PRESCRIPTION DRUG","01/14/2005","N/A","ANDA","500 TABLET, FILM COATED in 1 BOTTLE (65862-010-05)","Biguanide [EPC],  Biguanides [CS]","N/A","No","12/31/2027"
"Metformin Hydrochloride","65862-010-33","1000 mg/1","TABLET, FILM COATED","ORAL","ANDA077095","Aurobindo Pharma Limited","65862-010","Metformin Hydrochloride","METFORMIN HYDROCHLORIDE","HUMAN PRESCRIPTION DRUG","01/14/2005","N/A","ANDA","300 TABLET, FILM COATED in 1 BOTTLE (65862-010-33)","Biguanide [EPC],  Biguanides [CS]","N/A","No","12/31/2027"
"Metformin Hydrochloride","65862-010-46","1000 mg/1","TABLET, FILM COATED","ORAL","ANDA077095","Aurobindo Pharma Limited","65862-010","Metformin Hydrochloride","METFORMIN HYDROCHLORIDE","HUMAN PRESCRIPTION DRUG","01/14/2005","N/A","ANDA","2000 TABLET, FILM COATED in 1 BOTTLE (65862-010-46)","Biguanide [EPC],  Biguanides [CS]","N/A","No","12/31/2027"
"Metformin Hydrochloride","65862-010-50","1000 mg/1","TABLET, FILM COATED","ORAL","ANDA077095","Aurobindo Pharma Limited","65862-010","Metformin Hydrochloride","METFORMIN HYDROCHLORIDE","HUMAN PRESCRIPTION DRUG","01/14/2005","N/A","ANDA","50 TABLET, FILM COATED in 1 BOTTLE (65862-010-50)","Biguanide [EPC],  Biguanides [CS]","N/A","No","12/31/2027"
"Metformin Hydrochloride","65862-010-60","1000 mg/1","TABLET, FILM COATED","ORAL","ANDA077095","Aurobindo Pharma Limited","65862-010","Metformin Hydrochloride","METFORMIN HYDROCHLORIDE","HUMAN PRESCRIPTION DRUG","01/14/2005","N/A","ANDA","60 TABLET, FILM COATED in 1 BOTTLE (65862-010-60)","Biguanide [EPC],  Biguanides [CS]","N/A","No","12/31/2027"
"Metformin Hydrochloride","65862-010-90","1000 mg/1","TABLET, FILM COATED","ORAL","ANDA077095","Aurobindo Pharma Limited","65862-010","Metformin Hydrochloride","METFORMIN HYDROCHLORIDE","HUMAN PRESCRIPTION DRUG","01/14/2005","N/A","ANDA","90 TABLET, FILM COATED in 1 BOTTLE (65862-010-90)","Biguanide [EPC],  Biguanides [CS]","N/A","No","12/31/2027"
"Metformin Hydrochloride","65862-010-99","1000 mg/1","TABLET, FILM COATED","ORAL","ANDA077095","Aurobindo Pharma Limited","65862-010","Metformin Hydrochloride","METFORMIN HYDROCHLORIDE","HUMAN PRESCRIPTION DRUG","01/14/2005","N/A","ANDA","1000 TABLET, FILM COATED in 1 BOTTLE (65862-010-99)","Biguanide [EPC],  Biguanides [CS]","N/A","No","12/31/2027"
"METFORMIN HYDROCHLORIDE","68071-3739-1","500 mg/1","TABLET","ORAL","ANDA213320","NuCare Pharmaceuticals, Inc.","68071-3739","metformin hydrochloride","METFORMIN HYDROCHLORIDE","HUMAN PRESCRIPTION DRUG","12/06/2024","N/A","ANDA","100 TABLET in 1 BOTTLE (68071-3739-1)","Biguanide [EPC],  Biguanides [CS]","N/A","No","12/31/2026"
"METFORMIN HYDROCHLORIDE","42708-202-30","1000 mg/1","TABLET, FILM COATED","ORAL","ANDA213320","QPharma Inc","42708-202","METFORMIN HYDROCHLORIDE","METFORMIN HYDROCHLORIDE","HUMAN PRESCRIPTION DRUG","06/08/2026","N/A","ANDA","30 TABLET, FILM COATED in 1 BOTTLE, PLASTIC (42708-202-30)","Biguanide [EPC],  Biguanides [CS]","N/A","Yes","12/31/2027"
"Metformin Hydrochloride","50090-7455-0","1000 mg/1","TABLET, COATED","ORAL","ANDA205096","A-S Medication Solutions","50090-7455","Metformin Hydrochloride","METFORMIN HYDROCHLORIDE","HUMAN PRESCRIPTION DRUG","11/13/2024","N/A","ANDA","90 TABLET, COATED in 1 BOTTLE (50090-7455-0)","Biguanide [EPC],  Biguanides [CS]","N/A","No","12/31/2026"
"Glyburide and Metformin Hydrochloride","57237-024-01","2.5 mg/1,  500 mg/1","TABLET, FILM COATED","ORAL","ANDA077870","Rising Pharma Holdings, Inc.","57237-024","Glyburide and Metformin Hydrochloride","GLYBURIDE,  METFORMIN HYDROCHLORIDE","HUMAN PRESCRIPTION DRUG","11/14/2007","N/A","ANDA","100 TABLET, FILM COATED in 1 BOTTLE (57237-024-01)","Biguanide [EPC],  Biguanides [CS],  Sulfonylurea Compounds [CS],  Sulfonylurea [EPC]","N/A","No","12/31/2027"
"Glyburide and Metformin Hydrochloride","57237-024-05","2.5 mg/1,  500 mg/1","TABLET, FILM COATED","ORAL","ANDA077870","Rising Pharma Holdings, Inc.","57237-024","Glyburide and Metformin Hydrochloride","GLYBURIDE,  METFORMIN HYDROCHLORIDE","HUMAN PRESCRIPTION DRUG","11/14/2007","N/A","ANDA","500 TABLET, FILM COATED in 1 BOTTLE (57237-024-05)","Biguanide [EPC],  Biguanides [CS],  Sulfonylurea Compounds [CS],  Sulfonylurea [EPC]","N/A","No","12/31/2027"
"Actoplus Met","64764-158-18","15 mg/1,  850 mg/1","TABLET, FILM COATED","ORAL","NDA021842","Takeda Pharmaceuticals America, Inc.","64764-158","pioglitazone and metformin hydrochloride","PIOGLITAZONE HYDROCHLORIDE,  METFORMIN HYDROCHLORIDE","HUMAN PRESCRIPTION DRUG","08/29/2005","N/A","NDA","180 TABLET, FILM COATED in 1 BOTTLE, PLASTIC (64764-158-18)","Biguanide [EPC],  Biguanides [CS],  Peroxisome Proliferator Receptor alpha Agonist [EPC],  Peroxisome Proliferator Receptor gamma Agonist [EPC],  Peroxisome Proliferator-activated Receptor alpha Agonists [MoA],  Peroxisome Proliferator-activated Receptor gamma Agonists [MoA],  Thiazolidinedione [EPC],  Thiazolidinediones [CS]","N/A","No","12/31/2027"
"Actoplus Met","64764-158-41","15 mg/1,  850 mg/1","TABLET, FILM COATED","ORAL","NDA021842","Takeda Pharmaceuticals America, Inc.","64764-158","pioglitazone and metformin hydrochloride","PIOGLITAZONE HYDROCHLORIDE,  METFORMIN HYDROCHLORIDE","HUMAN PRESCRIPTION DRUG","08/29/2005","N/A","NDA","4 CARTON in 1 TRAY (64764-158-41)  / 1 BLISTER PACK in 1 CARTON / 7 TABLET, FILM COATED in 1 BLISTER PACK","Biguanide [EPC],  Biguanides [CS],  Peroxisome Proliferator Receptor alpha Agonist [EPC],  Peroxisome Proliferator Receptor gamma Agonist [EPC],  Peroxisome Proliferator-activated Receptor alpha Agonists [MoA],  Peroxisome Proliferator-activated Receptor gamma Agonists [MoA],  Thiazolidinedione [EPC],  Thiazolidinediones [CS]","N/A","No","12/31/2027"
"Actoplus Met","64764-158-60","15 mg/1,  850 mg/1","TABLET, FILM COATED","ORAL","NDA021842","Takeda Pharmaceuticals America, Inc.","64764-158","pioglitazone and metformin hydrochloride","PIOGLITAZONE HYDROCHLORIDE,  METFORMIN HYDROCHLORIDE","HUMAN PRESCRIPTION DRUG","08/29/2005","N/A","NDA","60 TABLET, FILM COATED in 1 BOTTLE, PLASTIC (64764-158-60)","Biguanide [EPC],  Biguanides [CS],  Peroxisome Proliferator Receptor alpha Agonist [EPC],  Peroxisome Proliferator Receptor gamma Agonist [EPC],  Peroxisome Proliferator-activated Receptor alpha Agonists [MoA],  Peroxisome Proliferator-activated Receptor gamma Agonists [MoA],  Thiazolidinedione [EPC],  Thiazolidinediones [CS]","N/A","No","12/31/2027"
"Dapagliflozin and Metformin Hydrochloride","33342-409-06","10 mg/1,  1000 mg/1","TABLET, EXTENDED RELEASE","ORAL","ANDA211559","Macleods Pharmaceuticals Limited","33342-409","Dapagliflozin and Metformin Hydrochloride","DAPAGLIFLOZIN,  METFORMIN HYDROCHLORIDE","HUMAN PRESCRIPTION DRUG","04/06/2026","N/A","ANDA","3 BLISTER PACK in 1 CARTON (33342-409-06)  / 10 TABLET, EXTENDED RELEASE in 1 BLISTER PACK (33342-409-66)","Biguanide [EPC],  Biguanides [CS],  Sodium-Glucose Cotransporter 2 Inhibitor [EPC],  Sodium-Glucose Transporter 2 Inhibitors [MoA]","N/A","No","12/31/2027"
"Dapagliflozin and Metformin Hydrochloride","33342-409-07","10 mg/1,  1000 mg/1","TABLET, EXTENDED RELEASE","ORAL","ANDA211559","Macleods Pharmaceuticals Limited","33342-409","Dapagliflozin and Metformin Hydrochloride","DAPAGLIFLOZIN,  METFORMIN HYDROCHLORIDE","HUMAN PRESCRIPTION DRUG","04/06/2026","N/A","ANDA","30 TABLET, EXTENDED RELEASE in 1 BOTTLE (33342-409-07)","Biguanide [EPC],  Biguanides [CS],  Sodium-Glucose Cotransporter 2 Inhibitor [EPC],  Sodium-Glucose Transporter 2 Inhibitors [MoA]","N/A","No","12/31/2027"
"Dapagliflozin and Metformin Hydrochloride","33342-409-09","10 mg/1,  1000 mg/1","TABLET, EXTENDED RELEASE","ORAL","ANDA211559","Macleods Pharmaceuticals Limited","33342-409","Dapagliflozin and Metformin Hydrochloride","DAPAGLIFLOZIN,  METFORMIN HYDROCHLORIDE","HUMAN PRESCRIPTION DRUG","04/06/2026","N/A","ANDA","60 TABLET, EXTENDED RELEASE in 1 BOTTLE (33342-409-09)","Biguanide [EPC],  Biguanides [CS],  Sodium-Glucose Cotransporter 2 Inhibitor [EPC],  Sodium-Glucose Transporter 2 Inhibitors [MoA]","N/A","No","12/31/2027"
"Dapagliflozin and Metformin Hydrochloride","33342-409-10","10 mg/1,  1000 mg/1","TABLET, EXTENDED RELEASE","ORAL","ANDA211559","Macleods Pharmaceuticals Limited","33342-409","Dapagliflozin and Metformin Hydrochloride","DAPAGLIFLOZIN,  METFORMIN HYDROCHLORIDE","HUMAN PRESCRIPTION DRUG","04/06/2026","N/A","ANDA","90 TABLET, EXTENDED RELEASE in 1 BOTTLE (33342-409-10)","Biguanide [EPC],  Biguanides [CS],  Sodium-Glucose Cotransporter 2 Inhibitor [EPC],  Sodium-Glucose Transporter 2 Inhibitors [MoA]","N/A","No","12/31/2027"
"Dapagliflozin and Metformin Hydrochloride","33342-409-15","10 mg/1,  1000 mg/1","TABLET, EXTENDED RELEASE","ORAL","ANDA211559","Macleods Pharmaceuticals Limited","33342-409","Dapagliflozin and Metformin Hydrochloride","DAPAGLIFLOZIN,  METFORMIN HYDROCHLORIDE","HUMAN PRESCRIPTION DRUG","04/06/2026","N/A","ANDA","500 TABLET, EXTENDED RELEASE in 1 BOTTLE (33342-409-15)","Biguanide [EPC],  Biguanides [CS],  Sodium-Glucose Cotransporter 2 Inhibitor [EPC],  Sodium-Glucose Transporter 2 Inhibitors [MoA]","N/A","No","12/31/2027"
"Metformin Hydrochloride","67046-0804-3","850 mg/1","TABLET","ORAL","ANDA090564","Coupler LLC","67046-0804","Metformin Hydrochloride","METFORMIN HYDROCHLORIDE","HUMAN PRESCRIPTION DRUG","06/10/2026","N/A","ANDA","30 TABLET in 1 BLISTER PACK (67046-0804-3)","Biguanide [EPC],  Biguanides [CS]","N/A","No","12/31/2027"
"Metformin Hydrochloride","70518-4369-0","1000 mg/1","TABLET, EXTENDED RELEASE","ORAL","ANDA090692","REMEDYREPACK INC.","70518-4369","Metformin Hydrochloride","METFORMIN HYDROCHLORIDE","HUMAN PRESCRIPTION DRUG","06/24/2025","N/A","ANDA","30 POUCH in 1 BOX (70518-4369-0)  / 1 TABLET, EXTENDED RELEASE in 1 POUCH (70518-4369-1)","Biguanide [EPC],  Biguanides [CS]","N/A","No","12/31/2027"
"Metformin Hydrochloride","70518-4369-2","1000 mg/1","TABLET, EXTENDED RELEASE","ORAL","ANDA090692","REMEDYREPACK INC.","70518-4369","Metformin Hydrochloride","METFORMIN HYDROCHLORIDE","HUMAN PRESCRIPTION DRUG","07/10/2026","N/A","ANDA","50 POUCH in 1 BOX (70518-4369-2)  / 1 TABLET, EXTENDED RELEASE in 1 POUCH (70518-4369-1)","Biguanide [EPC],  Biguanides [CS]","N/A","No","12/31/2027"
"Metformin Hydrochloride","71610-941-60","1000 mg/1","TABLET, FILM COATED","ORAL","ANDA077095","Aphena Pharma Solutions - Tennessee, LLC","71610-941","Metformin Hydrochloride","METFORMIN HYDROCHLORIDE","HUMAN PRESCRIPTION DRUG","08/25/2025","N/A","ANDA","90 TABLET, FILM COATED in 1 BOTTLE (71610-941-60)","Biguanide [EPC],  Biguanides [CS]","N/A","No","12/31/2026"
"Metformin Hydrochloride","71610-941-80","1000 mg/1","TABLET, FILM COATED","ORAL","ANDA077095","Aphena Pharma Solutions - Tennessee, LLC","71610-941","Metformin Hydrochloride","METFORMIN HYDROCHLORIDE","HUMAN PRESCRIPTION DRUG","08/25/2025","N/A","ANDA","180 TABLET, FILM COATED in 1 BOTTLE (71610-941-80)","Biguanide [EPC],  Biguanides [CS]","N/A","No","12/31/2026"
"Metformin Hydrochloride","68071-5313-9","1000 mg/1","TABLET, FILM COATED","ORAL","ANDA077095","NuCare Pharmaceuticals, Inc.","68071-5313","Metformin Hydrochloride","METFORMIN HYDROCHLORIDE","HUMAN PRESCRIPTION DRUG","08/04/2026","N/A","ANDA","90 TABLET, FILM COATED in 1 BOTTLE (68071-5313-9)","Biguanide [EPC],  Biguanides [CS]","N/A","No","12/31/2027"
"SEGLUROMET","0006-5373-03","2.5 mg/1,  1000 mg/1","TABLET, FILM COATED","ORAL","NDA209806","Merck Sharp & Dohme LLC","0006-5373","ertugliflozin and metformin hydrochloride","ERTUGLIFLOZIN PIDOLATE,  METFORMIN HYDROCHLORIDE","HUMAN PRESCRIPTION DRUG","12/19/2017","N/A","NDA","60 TABLET, FILM COATED in 1 BOTTLE (0006-5373-03)","Biguanide [EPC],  Biguanides [CS]","N/A","No","12/31/2027"
"SEGLUROMET","0006-5373-06","2.5 mg/1,  1000 mg/1","TABLET, FILM COATED","ORAL","NDA209806","Merck Sharp & Dohme LLC","0006-5373","ertugliflozin and metformin hydrochloride","ERTUGLIFLOZIN PIDOLATE,  METFORMIN HYDROCHLORIDE","HUMAN PRESCRIPTION DRUG","12/19/2017","N/A","NDA","180 TABLET, FILM COATED in 1 BOTTLE (0006-5373-06)","Biguanide [EPC],  Biguanides [CS]","N/A","No","12/31/2027"
"SEGLUROMET","0006-5373-07","2.5 mg/1,  1000 mg/1","TABLET, FILM COATED","ORAL","NDA209806","Merck Sharp & Dohme LLC","0006-5373","ertugliflozin and metformin hydrochloride","ERTUGLIFLOZIN PIDOLATE,  METFORMIN HYDROCHLORIDE","HUMAN PRESCRIPTION DRUG","12/19/2017","N/A","NDA","500 TABLET, FILM COATED in 1 BOTTLE (0006-5373-07)","Biguanide [EPC],  Biguanides [CS]","N/A","No","12/31/2027"
"SEGLUROMET","0006-5373-09","2.5 mg/1,  1000 mg/1","TABLET, FILM COATED","ORAL","NDA209806","Merck Sharp & Dohme LLC","0006-5373","ertugliflozin and metformin hydrochloride","ERTUGLIFLOZIN PIDOLATE,  METFORMIN HYDROCHLORIDE","HUMAN PRESCRIPTION DRUG","12/19/2017","N/A","NDA","2 BOTTLE in 1 CARTON (0006-5373-09)  / 14 TABLET, FILM COATED in 1 BOTTLE (0006-5373-08)","Biguanide [EPC],  Biguanides [CS]","N/A","Yes","12/31/2027"
"Metformin Hydrochloride","50090-6839-0","750 mg/1","TABLET, EXTENDED RELEASE","ORAL","ANDA206145","A-S Medication Solutions","50090-6839","Metformin Hydrochloride","METFORMIN HYDROCHLORIDE","HUMAN PRESCRIPTION DRUG","11/27/2023","N/A","ANDA","90 TABLET, EXTENDED RELEASE in 1 BOTTLE (50090-6839-0)","Biguanide [EPC],  Biguanides [CS]","N/A","No","12/31/2026"
"Jentadueto","0597-0148-18","2.5 mg/1,  1000 mg/1","TABLET, FILM COATED","ORAL","NDA201281","Boehringer Ingelheim Pharmaceuticals, Inc.","0597-0148","linagliptin and metformin hydrochloride","LINAGLIPTIN,  METFORMIN HYDROCHLORIDE","HUMAN PRESCRIPTION DRUG","02/13/2012","N/A","NDA","180 TABLET, FILM COATED in 1 BOTTLE (0597-0148-18)","Biguanide [EPC],  Biguanides [CS],  Dipeptidyl Peptidase 4 Inhibitor [EPC],  Dipeptidyl Peptidase 4 Inhibitors [MoA]","N/A","No","12/31/2027"
"Jentadueto","0597-0148-60","2.5 mg/1,  1000 mg/1","TABLET, FILM COATED","ORAL","NDA201281","Boehringer Ingelheim Pharmaceuticals, Inc.","0597-0148","linagliptin and metformin hydrochloride","LINAGLIPTIN,  METFORMIN HYDROCHLORIDE","HUMAN PRESCRIPTION DRUG","02/13/2012","N/A","NDA","60 TABLET, FILM COATED in 1 BOTTLE (0597-0148-60)","Biguanide [EPC],  Biguanides [CS],  Dipeptidyl Peptidase 4 Inhibitor [EPC],  Dipeptidyl Peptidase 4 Inhibitors [MoA]","N/A","No","12/31/2027"
"Trijardy XR","0597-0380-13","10 mg/1,  5 mg/1,  1000 mg/1","TABLET, EXTENDED RELEASE","ORAL","NDA212614","Boehringer Ingelheim Pharmaceuticals, Inc.","0597-0380","empagliflozin, linagliptin, metformin hydrochloride","EMPAGLIFLOZIN,  LINAGLIPTIN,  METFORMIN HYDROCHLORIDE","HUMAN PRESCRIPTION DRUG","04/23/2020","N/A","NDA","30 TABLET, EXTENDED RELEASE in 1 BOTTLE (0597-0380-13)","Biguanide [EPC],  Biguanides [CS],  Dipeptidyl Peptidase 4 Inhibitor [EPC],  Dipeptidyl Peptidase 4 Inhibitors [MoA],  Sodium-Glucose Cotransporter 2 Inhibitor [EPC],  Sodium-Glucose Transporter 2 Inhibitors [MoA]","N/A","No","12/31/2027"
"Trijardy XR","0597-0380-68","10 mg/1,  5 mg/1,  1000 mg/1","TABLET, EXTENDED RELEASE","ORAL","NDA212614","Boehringer Ingelheim Pharmaceuticals, Inc.","0597-0380","empagliflozin, linagliptin, metformin hydrochloride","EMPAGLIFLOZIN,  LINAGLIPTIN,  METFORMIN HYDROCHLORIDE","HUMAN PRESCRIPTION DRUG","04/23/2020","N/A","NDA","90 TABLET, EXTENDED RELEASE in 1 BOTTLE (0597-0380-68)","Biguanide [EPC],  Biguanides [CS],  Dipeptidyl Peptidase 4 Inhibitor [EPC],  Dipeptidyl Peptidase 4 Inhibitors [MoA],  Sodium-Glucose Cotransporter 2 Inhibitor [EPC],  Sodium-Glucose Transporter 2 Inhibitors [MoA]","N/A","No","12/31/2027"
"Metformin Hydrochloride","71205-784-30","500 mg/1","TABLET, FILM COATED","ORAL","ANDA203769","Proficient Rx LP","71205-784","METFORMIN HYDROCHLORIDE","METFORMIN HYDROCHLORIDE","HUMAN PRESCRIPTION DRUG","03/29/2023","N/A","ANDA","30 TABLET, FILM COATED in 1 BOTTLE, PLASTIC (71205-784-30)","Biguanide [EPC],  Biguanides [CS]","N/A","No","12/31/2026"
"Metformin Hydrochloride","71205-784-60","500 mg/1","TABLET, FILM COATED","ORAL","ANDA203769","Proficient Rx LP","71205-784","METFORMIN HYDROCHLORIDE","METFORMIN HYDROCHLORIDE","HUMAN PRESCRIPTION DRUG","03/29/2023","N/A","ANDA","60 TABLET, FILM COATED in 1 BOTTLE, PLASTIC (71205-784-60)","Biguanide [EPC],  Biguanides [CS]","N/A","No","12/31/2026"
"Metformin Hydrochloride","71205-784-78","500 mg/1","TABLET, FILM COATED","ORAL","ANDA203769","Proficient Rx LP","71205-784","METFORMIN HYDROCHLORIDE","METFORMIN HYDROCHLORIDE","HUMAN PRESCRIPTION DRUG","03/25/2024","N/A","ANDA","180 TABLET, FILM COATED in 1 BOTTLE, PLASTIC (71205-784-78)","Biguanide [EPC],  Biguanides [CS]","N/A","No","12/31/2026"
"Metformin Hydrochloride","71205-784-90","500 mg/1","TABLET, FILM COATED","ORAL","ANDA203769","Proficient Rx LP","71205-784","METFORMIN HYDROCHLORIDE","METFORMIN HYDROCHLORIDE","HUMAN PRESCRIPTION DRUG","03/29/2023","N/A","ANDA","90 TABLET, FILM COATED in 1 BOTTLE, PLASTIC (71205-784-90)","Biguanide [EPC],  Biguanides [CS]","N/A","No","12/31/2026"
"Metformin Hydrochloride","59651-042-60","500 mg/1","TABLET, EXTENDED RELEASE","ORAL","ANDA209694","Aurobindo Pharma Limited","59651-042","Metformin Hydrochloride","METFORMIN HYDROCHLORIDE","HUMAN PRESCRIPTION DRUG","10/18/2024","N/A","ANDA","60 TABLET, EXTENDED RELEASE in 1 BOTTLE (59651-042-60)","Biguanide [EPC],  Biguanides [CS]","N/A","No","12/31/2027"
"Metformin Hydrochloride","72789-472-01","750 mg/1","TABLET, EXTENDED RELEASE","ORAL","ANDA206145","PD-Rx Pharmaceuticals, Inc.","72789-472","Metformin Hydrochloride","METFORMIN HYDROCHLORIDE","HUMAN PRESCRIPTION DRUG","01/15/2025","N/A","ANDA","100 TABLET, EXTENDED RELEASE in 1 BOTTLE, PLASTIC (72789-472-01)","Biguanide [EPC],  Biguanides [CS]","N/A","No","12/31/2027"
"Metformin Hydrochloride","72789-472-82","750 mg/1","TABLET, EXTENDED RELEASE","ORAL","ANDA206145","PD-Rx Pharmaceuticals, Inc.","72789-472","Metformin Hydrochloride","METFORMIN HYDROCHLORIDE","HUMAN PRESCRIPTION DRUG","01/15/2025","N/A","ANDA","500 TABLET, EXTENDED RELEASE in 1 BOTTLE, PLASTIC (72789-472-82)","Biguanide [EPC],  Biguanides [CS]","N/A","No","12/31/2027"
"ZITUVIMET","70771-1859-6","50 mg/1,  500 mg/1","TABLET, FILM COATED","ORAL","NDA216743","Zydus Lifesciences Limited","70771-1859","Sitagliptin and Metformin Hydrochloride","SITAGLIPTIN,  METFORMIN HYDROCHLORIDE","HUMAN PRESCRIPTION DRUG","03/14/2024","N/A","NDA","60 TABLET, FILM COATED in 1 BOTTLE (70771-1859-6)","Biguanide [EPC],  Biguanides [CS],  Dipeptidyl Peptidase 4 Inhibitor [EPC],  Dipeptidyl Peptidase 4 Inhibitors [MoA]","N/A","No","12/31/2027"
"ZITUVIMET","70771-1859-8","50 mg/1,  500 mg/1","TABLET, FILM COATED","ORAL","NDA216743","Zydus Lifesciences Limited","70771-1859","Sitagliptin and Metformin Hydrochloride","SITAGLIPTIN,  METFORMIN HYDROCHLORIDE","HUMAN PRESCRIPTION DRUG","03/14/2024","N/A","NDA","180 TABLET, FILM COATED in 1 BOTTLE (70771-1859-8)","Biguanide [EPC],  Biguanides [CS],  Dipeptidyl Peptidase 4 Inhibitor [EPC],  Dipeptidyl Peptidase 4 Inhibitors [MoA]","N/A","No","12/31/2027"
"Metformin Hydrochloride","59651-043-60","1000 mg/1","TABLET, EXTENDED RELEASE","ORAL","ANDA209694","Aurobindo Pharma Limited","59651-043","Metformin Hydrochloride","METFORMIN HYDROCHLORIDE","HUMAN PRESCRIPTION DRUG","10/18/2024","N/A","ANDA","60 TABLET, EXTENDED RELEASE in 1 BOTTLE (59651-043-60)","Biguanide [EPC],  Biguanides [CS]","N/A","No","12/31/2027"
"Metformin Hydrochloride","67046-1594-3","500 mg/1","TABLET, FILM COATED","ORAL","ANDA209882","Coupler LLC","67046-1594","Metformin Hydrochloride","METFORMIN HYDROCHLORIDE","HUMAN PRESCRIPTION DRUG","09/16/2025","N/A","ANDA","30 TABLET, FILM COATED in 1 BLISTER PACK (67046-1594-3)","Biguanide [EPC],  Biguanides [CS]","N/A","No","12/31/2026"
"ZITUVIMET","70771-1860-6","50 mg/1,  1000 mg/1","TABLET, FILM COATED","ORAL","NDA216743","Zydus Lifesciences Limited","70771-1860","Sitagliptin and Metformin Hydrochloride","SITAGLIPTIN,  METFORMIN HYDROCHLORIDE","HUMAN PRESCRIPTION DRUG","03/14/2024","N/A","NDA","60 TABLET, FILM COATED in 1 BOTTLE (70771-1860-6)","Biguanide [EPC],  Biguanides [CS],  Dipeptidyl Peptidase 4 Inhibitor [EPC],  Dipeptidyl Peptidase 4 Inhibitors [MoA]","N/A","No","12/31/2027"
"ZITUVIMET","70771-1860-8","50 mg/1,  1000 mg/1","TABLET, FILM COATED","ORAL","NDA216743","Zydus Lifesciences Limited","70771-1860","Sitagliptin and Metformin Hydrochloride","SITAGLIPTIN,  METFORMIN HYDROCHLORIDE","HUMAN PRESCRIPTION DRUG","03/14/2024","N/A","NDA","180 TABLET, FILM COATED in 1 BOTTLE (70771-1860-8)","Biguanide [EPC],  Biguanides [CS],  Dipeptidyl Peptidase 4 Inhibitor [EPC],  Dipeptidyl Peptidase 4 Inhibitors [MoA]","N/A","No","12/31/2027"
"Metformin Hydrochloride","71205-783-30","1000 mg/1","TABLET, FILM COATED","ORAL","ANDA203769","Proficient Rx LP","71205-783","METFORMIN HYDROCHLORIDE","METFORMIN HYDROCHLORIDE","HUMAN PRESCRIPTION DRUG","03/28/2023","N/A","ANDA","30 TABLET, FILM COATED in 1 BOTTLE, PLASTIC (71205-783-30)","Biguanide [EPC],  Biguanides [CS]","N/A","No","12/31/2026"
"Metformin Hydrochloride","71205-783-60","1000 mg/1","TABLET, FILM COATED","ORAL","ANDA203769","Proficient Rx LP","71205-783","METFORMIN HYDROCHLORIDE","METFORMIN HYDROCHLORIDE","HUMAN PRESCRIPTION DRUG","03/28/2023","N/A","ANDA","60 TABLET, FILM COATED in 1 BOTTLE, PLASTIC (71205-783-60)","Biguanide [EPC],  Biguanides [CS]","N/A","No","12/31/2026"
"Metformin Hydrochloride","71205-783-90","1000 mg/1","TABLET, FILM COATED","ORAL","ANDA203769","Proficient Rx LP","71205-783","METFORMIN HYDROCHLORIDE","METFORMIN HYDROCHLORIDE","HUMAN PRESCRIPTION DRUG","03/28/2023","N/A","ANDA","90 TABLET, FILM COATED in 1 BOTTLE, PLASTIC (71205-783-90)","Biguanide [EPC],  Biguanides [CS]","N/A","No","12/31/2026"
"Metformin Hydrochloride","71335-2533-0","1000 mg/1","TABLET, FILM COATED","ORAL","ANDA209882","Bryant Ranch Prepack","71335-2533","Metformin Hydrochloride","METFORMIN HYDROCHLORIDE","HUMAN PRESCRIPTION DRUG","12/10/2024","N/A","ANDA","1000 TABLET, FILM COATED in 1 BOTTLE (71335-2533-0)","Biguanide [EPC],  Biguanides [CS]","N/A","No","12/31/2026"
"Metformin Hydrochloride","71335-2533-1","1000 mg/1","TABLET, FILM COATED","ORAL","ANDA209882","Bryant Ranch Prepack","71335-2533","Metformin Hydrochloride","METFORMIN HYDROCHLORIDE","HUMAN PRESCRIPTION DRUG","12/10/2024","N/A","ANDA","60 TABLET, FILM COATED in 1 BOTTLE (71335-2533-1)","Biguanide [EPC],  Biguanides [CS]","N/A","No","12/31/2026"
"Metformin Hydrochloride","71335-2533-2","1000 mg/1","TABLET, FILM COATED","ORAL","ANDA209882","Bryant Ranch Prepack","71335-2533","Metformin Hydrochloride","METFORMIN HYDROCHLORIDE","HUMAN PRESCRIPTION DRUG","12/10/2024","N/A","ANDA","100 TABLET, FILM COATED in 1 BOTTLE (71335-2533-2)","Biguanide [EPC],  Biguanides [CS]","N/A","No","12/31/2026"
"Metformin Hydrochloride","71335-2533-3","1000 mg/1","TABLET, FILM COATED","ORAL","ANDA209882","Bryant Ranch Prepack","71335-2533","Metformin Hydrochloride","METFORMIN HYDROCHLORIDE","HUMAN PRESCRIPTION DRUG","12/10/2024","N/A","ANDA","30 TABLET, FILM COATED in 1 BOTTLE (71335-2533-3)","Biguanide [EPC],  Biguanides [CS]","N/A","No","12/31/2026"
"Metformin Hydrochloride","71335-2533-4","1000 mg/1","TABLET, FILM COATED","ORAL","ANDA209882","Bryant Ranch Prepack","71335-2533","Metformin Hydrochloride","METFORMIN HYDROCHLORIDE","HUMAN PRESCRIPTION DRUG","12/10/2024","N/A","ANDA","120 TABLET, FILM COATED in 1 BOTTLE (71335-2533-4)","Biguanide [EPC],  Biguanides [CS]","N/A","No","12/31/2026"
"Metformin Hydrochloride","71335-2533-5","1000 mg/1","TABLET, FILM COATED","ORAL","ANDA209882","Bryant Ranch Prepack","71335-2533","Metformin Hydrochloride","METFORMIN HYDROCHLORIDE","HUMAN PRESCRIPTION DRUG","12/10/2024","N/A","ANDA","90 TABLET, FILM COATED in 1 BOTTLE (71335-2533-5)","Biguanide [EPC],  Biguanides [CS]","N/A","No","12/31/2026"
"Metformin Hydrochloride","71335-2533-6","1000 mg/1","TABLET, FILM COATED","ORAL","ANDA209882","Bryant Ranch Prepack","71335-2533","Metformin Hydrochloride","METFORMIN HYDROCHLORIDE","HUMAN PRESCRIPTION DRUG","12/10/2024","N/A","ANDA","28 TABLET, FILM COATED in 1 BOTTLE (71335-2533-6)","Biguanide [EPC],  Biguanides [CS]","N/A","No","12/31/2026"
"Metformin Hydrochloride","71335-2533-7","1000 mg/1","TABLET, FILM COATED","ORAL","ANDA209882","Bryant Ranch Prepack","71335-2533","Metformin Hydrochloride","METFORMIN HYDROCHLORIDE","HUMAN PRESCRIPTION DRUG","12/10/2024","N/A","ANDA","56 TABLET, FILM COATED in 1 BOTTLE (71335-2533-7)","Biguanide [EPC],  Biguanides [CS]","N/A","No","12/31/2026"
"Metformin Hydrochloride","71335-2533-8","1000 mg/1","TABLET, FILM COATED","ORAL","ANDA209882","Bryant Ranch Prepack","71335-2533","Metformin Hydrochloride","METFORMIN HYDROCHLORIDE","HUMAN PRESCRIPTION DRUG","12/10/2024","N/A","ANDA","180 TABLET, FILM COATED in 1 BOTTLE (71335-2533-8)","Biguanide [EPC],  Biguanides [CS]","N/A","No","12/31/2026"
"KAZANO","64764-335-01","12.5 mg/1,  500 mg/1","TABLET, FILM COATED","ORAL","NDA203414","Takeda Pharmaceuticals America, Inc.","64764-335","alogliptin and metformin hydrochloride","ALOGLIPTIN BENZOATE,  METFORMIN HYDROCHLORIDE","HUMAN PRESCRIPTION DRUG","01/25/2013","N/A","NDA","4 CARTON in 1 TRAY (64764-335-01)  / 1 BLISTER PACK in 1 CARTON / 14 TABLET, FILM COATED in 1 BLISTER PACK","Biguanide [EPC],  Biguanides [CS],  Dipeptidyl Peptidase 4 Inhibitor [EPC],  Dipeptidyl Peptidase 4 Inhibitors [MoA]","N/A","No","12/31/2027"
"KAZANO","64764-335-60","12.5 mg/1,  500 mg/1","TABLET, FILM COATED","ORAL","NDA203414","Takeda Pharmaceuticals America, Inc.","64764-335","alogliptin and metformin hydrochloride","ALOGLIPTIN BENZOATE,  METFORMIN HYDROCHLORIDE","HUMAN PRESCRIPTION DRUG","01/25/2013","N/A","NDA","60 TABLET, FILM COATED in 1 BOTTLE (64764-335-60)","Biguanide [EPC],  Biguanides [CS],  Dipeptidyl Peptidase 4 Inhibitor [EPC],  Dipeptidyl Peptidase 4 Inhibitors [MoA]","N/A","No","12/31/2027"
"KAZANO","64764-335-77","12.5 mg/1,  500 mg/1","TABLET, FILM COATED","ORAL","NDA203414","Takeda Pharmaceuticals America, Inc.","64764-335","alogliptin and metformin hydrochloride","ALOGLIPTIN BENZOATE,  METFORMIN HYDROCHLORIDE","HUMAN PRESCRIPTION DRUG","01/25/2013","N/A","NDA","500 TABLET, FILM COATED in 1 BOTTLE (64764-335-77)","Biguanide [EPC],  Biguanides [CS],  Dipeptidyl Peptidase 4 Inhibitor [EPC],  Dipeptidyl Peptidase 4 Inhibitors [MoA]","N/A","No","12/31/2027"
"KAZANO","64764-335-80","12.5 mg/1,  500 mg/1","TABLET, FILM COATED","ORAL","NDA203414","Takeda Pharmaceuticals America, Inc.","64764-335","alogliptin and metformin hydrochloride","ALOGLIPTIN BENZOATE,  METFORMIN HYDROCHLORIDE","HUMAN PRESCRIPTION DRUG","01/25/2013","N/A","NDA","180 TABLET, FILM COATED in 1 BOTTLE (64764-335-80)","Biguanide [EPC],  Biguanides [CS],  Dipeptidyl Peptidase 4 Inhibitor [EPC],  Dipeptidyl Peptidase 4 Inhibitors [MoA]","N/A","No","12/31/2027"
"Pioglitazone and metformin hydrochloride","71335-3019-1","15 mg/1,  500 mg/1","TABLET","ORAL","ANDA204802","Bryant Ranch Prepack","71335-3019","Pioglitazone and metformin hydrochloride","PIOGLITAZONE HYDROCHLORIDE,  METFORMIN HYDROCHLORIDE","HUMAN PRESCRIPTION DRUG","12/03/2025","N/A","ANDA","180 TABLET in 1 BOTTLE (71335-3019-1)","Biguanide [EPC],  Biguanides [CS],  Peroxisome Proliferator Receptor alpha Agonist [EPC],  Peroxisome Proliferator Receptor gamma Agonist [EPC],  Peroxisome Proliferator-activated Receptor alpha Agonists [MoA],  Peroxisome Proliferator-activated Receptor gamma Agonists [MoA],  Thiazolidinedione [EPC],  Thiazolidinediones [CS]","N/A","No","12/31/2026"
"METFORMIN HYDROCHLORIDE EXTENDED RELEASE","43063-902-30","750 mg/1","TABLET, EXTENDED RELEASE","ORAL","ANDA090295","PD-Rx Pharmaceuticals, Inc.","43063-902","Metformin Hydrochloride","METFORMIN HYDROCHLORIDE","HUMAN PRESCRIPTION DRUG","03/26/2019","N/A","ANDA","30 TABLET, EXTENDED RELEASE in 1 BOTTLE, PLASTIC (43063-902-30)","Biguanide [EPC],  Biguanides [CS]","N/A","No","12/31/2027"
"METFORMIN HYDROCHLORIDE EXTENDED RELEASE","43063-902-60","750 mg/1","TABLET, EXTENDED RELEASE","ORAL","ANDA090295","PD-Rx Pharmaceuticals, Inc.","43063-902","Metformin Hydrochloride","METFORMIN HYDROCHLORIDE","HUMAN PRESCRIPTION DRUG","11/01/2018","N/A","ANDA","60 TABLET, EXTENDED RELEASE in 1 BOTTLE, PLASTIC (43063-902-60)","Biguanide [EPC],  Biguanides [CS]","N/A","No","12/31/2027"
"Metformin Hydrochloride","51224-007-50","500 mg/1","TABLET, EXTENDED RELEASE","ORAL","ANDA078321","TAGI Pharma, Inc.","51224-007","Metformin Hydrochloride","METFORMIN HYDROCHLORIDE","HUMAN PRESCRIPTION DRUG","06/01/2016","10/31/2026","ANDA","100 TABLET, EXTENDED RELEASE in 1 BOTTLE (51224-007-50)","Biguanide [EPC],  Biguanides [CS]","N/A","No","N/A"
"Metformin Hydrochloride","51224-007-60","500 mg/1","TABLET, EXTENDED RELEASE","ORAL","ANDA078321","TAGI Pharma, Inc.","51224-007","Metformin Hydrochloride","METFORMIN HYDROCHLORIDE","HUMAN PRESCRIPTION DRUG","06/01/2016","10/31/2026","ANDA","500 TABLET, EXTENDED RELEASE in 1 BOTTLE (51224-007-60)","Biguanide [EPC],  Biguanides [CS]","N/A","No","N/A"
"Metformin Hydrochloride","51224-007-70","500 mg/1","TABLET, EXTENDED RELEASE","ORAL","ANDA078321","TAGI Pharma, Inc.","51224-007","Metformin Hydrochloride","METFORMIN HYDROCHLORIDE","HUMAN PRESCRIPTION DRUG","01/01/2019","10/31/2026","ANDA","1000 TABLET, EXTENDED RELEASE in 1 BOTTLE (51224-007-70)","Biguanide [EPC],  Biguanides [CS]","N/A","No","N/A"
"Pioglitazone and metformin hydrochloride","71335-3020-1","15 mg/1,  850 mg/1","TABLET","ORAL","ANDA204802","Bryant Ranch Prepack","71335-3020","Pioglitazone and metformin hydrochloride","PIOGLITAZONE HYDROCHLORIDE,  METFORMIN HYDROCHLORIDE","HUMAN PRESCRIPTION DRUG","12/03/2025","N/A","ANDA","180 TABLET in 1 BOTTLE (71335-3020-1)","Biguanide [EPC],  Biguanides [CS],  Peroxisome Proliferator Receptor alpha Agonist [EPC],  Peroxisome Proliferator Receptor gamma Agonist [EPC],  Peroxisome Proliferator-activated Receptor alpha Agonists [MoA],  Peroxisome Proliferator-activated Receptor gamma Agonists [MoA],  Thiazolidinedione [EPC],  Thiazolidinediones [CS]","N/A","No","12/31/2026"
"Sitagliptin and metformin hydrochloride","70771-1869-6","50 mg/1,  500 mg/1","TABLET, FILM COATED","ORAL","NDA216743","Zydus Lifesciences Limited","70771-1869","Sitagliptin and Metformin Hydrochloride","SITAGLIPTIN,  METFORMIN HYDROCHLORIDE","HUMAN PRESCRIPTION DRUG","03/14/2024","N/A","NDA AUTHORIZED GENERIC","60 TABLET, FILM COATED in 1 BOTTLE (70771-1869-6)","Biguanide [EPC],  Biguanides [CS],  Dipeptidyl Peptidase 4 Inhibitor [EPC],  Dipeptidyl Peptidase 4 Inhibitors [MoA]","N/A","No","12/31/2027"
"Sitagliptin and metformin hydrochloride","70771-1869-8","50 mg/1,  500 mg/1","TABLET, FILM COATED","ORAL","NDA216743","Zydus Lifesciences Limited","70771-1869","Sitagliptin and Metformin Hydrochloride","SITAGLIPTIN,  METFORMIN HYDROCHLORIDE","HUMAN PRESCRIPTION DRUG","03/14/2024","N/A","NDA AUTHORIZED GENERIC","180 TABLET, FILM COATED in 1 BOTTLE (70771-1869-8)","Biguanide [EPC],  Biguanides [CS],  Dipeptidyl Peptidase 4 Inhibitor [EPC],  Dipeptidyl Peptidase 4 Inhibitors [MoA]","N/A","No","12/31/2027"
"Sitagliptin and metformin hydrochloride","70771-1870-6","50 mg/1,  1000 mg/1","TABLET, FILM COATED","ORAL","NDA216743","Zydus Lifesciences Limited","70771-1870","Sitagliptin and Metformin Hydrochloride","SITAGLIPTIN,  METFORMIN HYDROCHLORIDE","HUMAN PRESCRIPTION DRUG","03/14/2024","N/A","NDA AUTHORIZED GENERIC","60 TABLET, FILM COATED in 1 BOTTLE (70771-1870-6)","Biguanide [EPC],  Biguanides [CS],  Dipeptidyl Peptidase 4 Inhibitor [EPC],  Dipeptidyl Peptidase 4 Inhibitors [MoA]","N/A","No","12/31/2027"
"Sitagliptin and metformin hydrochloride","70771-1870-8","50 mg/1,  1000 mg/1","TABLET, FILM COATED","ORAL","NDA216743","Zydus Lifesciences Limited","70771-1870","Sitagliptin and Metformin Hydrochloride","SITAGLIPTIN,  METFORMIN HYDROCHLORIDE","HUMAN PRESCRIPTION DRUG","03/14/2024","N/A","NDA AUTHORIZED GENERIC","180 TABLET, FILM COATED in 1 BOTTLE (70771-1870-8)","Biguanide [EPC],  Biguanides [CS],  Dipeptidyl Peptidase 4 Inhibitor [EPC],  Dipeptidyl Peptidase 4 Inhibitors [MoA]","N/A","No","12/31/2027"
"Metformin Hydrochloride","50090-6507-0","1000 mg/1","TABLET","ORAL","ANDA090564","A-S Medication Solutions","50090-6507","Metformin Hydrochloride","METFORMIN HYDROCHLORIDE","HUMAN PRESCRIPTION DRUG","05/31/2023","N/A","ANDA","60 TABLET in 1 BOTTLE (50090-6507-0)","Biguanide [EPC],  Biguanides [CS]","N/A","No","12/31/2026"
"Metformin Hydrochloride","50090-6507-2","1000 mg/1","TABLET","ORAL","ANDA090564","A-S Medication Solutions","50090-6507","Metformin Hydrochloride","METFORMIN HYDROCHLORIDE","HUMAN PRESCRIPTION DRUG","05/31/2023","N/A","ANDA","100 TABLET in 1 BOTTLE (50090-6507-2)","Biguanide [EPC],  Biguanides [CS]","N/A","No","12/31/2026"
"Metformin Hydrochloride","50090-6507-3","1000 mg/1","TABLET","ORAL","ANDA090564","A-S Medication Solutions","50090-6507","Metformin Hydrochloride","METFORMIN HYDROCHLORIDE","HUMAN PRESCRIPTION DRUG","05/31/2023","N/A","ANDA","30 TABLET in 1 BOTTLE (50090-6507-3)","Biguanide [EPC],  Biguanides [CS]","N/A","No","12/31/2026"
"Metformin Hydrochloride","50090-6507-4","1000 mg/1","TABLET","ORAL","ANDA090564","A-S Medication Solutions","50090-6507","Metformin Hydrochloride","METFORMIN HYDROCHLORIDE","HUMAN PRESCRIPTION DRUG","05/31/2023","N/A","ANDA","90 TABLET in 1 BOTTLE (50090-6507-4)","Biguanide [EPC],  Biguanides [CS]","N/A","No","12/31/2026"
"Metformin Hydrochloride","50090-6507-5","1000 mg/1","TABLET","ORAL","ANDA090564","A-S Medication Solutions","50090-6507","Metformin Hydrochloride","METFORMIN HYDROCHLORIDE","HUMAN PRESCRIPTION DRUG","05/31/2023","N/A","ANDA","180 TABLET in 1 BOTTLE (50090-6507-5)","Biguanide [EPC],  Biguanides [CS]","N/A","No","12/31/2026"
"KAZANO","64764-337-01","12.5 mg/1,  1000 mg/1","TABLET, FILM COATED","ORAL","NDA203414","Takeda Pharmaceuticals America, Inc.","64764-337","alogliptin and metformin hydrochloride","ALOGLIPTIN BENZOATE,  METFORMIN HYDROCHLORIDE","HUMAN PRESCRIPTION DRUG","01/25/2013","N/A","NDA","4 CARTON in 1 TRAY (64764-337-01)  / 1 BLISTER PACK in 1 CARTON / 14 TABLET, FILM COATED in 1 BLISTER PACK","Biguanide [EPC],  Biguanides [CS],  Dipeptidyl Peptidase 4 Inhibitor [EPC],  Dipeptidyl Peptidase 4 Inhibitors [MoA]","N/A","No","12/31/2027"
"KAZANO","64764-337-60","12.5 mg/1,  1000 mg/1","TABLET, FILM COATED","ORAL","NDA203414","Takeda Pharmaceuticals America, Inc.","64764-337","alogliptin and metformin hydrochloride","ALOGLIPTIN BENZOATE,  METFORMIN HYDROCHLORIDE","HUMAN PRESCRIPTION DRUG","01/25/2013","N/A","NDA","60 TABLET, FILM COATED in 1 BOTTLE (64764-337-60)","Biguanide [EPC],  Biguanides [CS],  Dipeptidyl Peptidase 4 Inhibitor [EPC],  Dipeptidyl Peptidase 4 Inhibitors [MoA]","N/A","No","12/31/2027"
"KAZANO","64764-337-77","12.5 mg/1,  1000 mg/1","TABLET, FILM COATED","ORAL","NDA203414","Takeda Pharmaceuticals America, Inc.","64764-337","alogliptin and metformin hydrochloride","ALOGLIPTIN BENZOATE,  METFORMIN HYDROCHLORIDE","HUMAN PRESCRIPTION DRUG","01/25/2013","N/A","NDA","500 TABLET, FILM COATED in 1 BOTTLE (64764-337-77)","Biguanide [EPC],  Biguanides [CS],  Dipeptidyl Peptidase 4 Inhibitor [EPC],  Dipeptidyl Peptidase 4 Inhibitors [MoA]","N/A","No","12/31/2027"
"KAZANO","64764-337-80","12.5 mg/1,  1000 mg/1","TABLET, FILM COATED","ORAL","NDA203414","Takeda Pharmaceuticals America, Inc.","64764-337","alogliptin and metformin hydrochloride","ALOGLIPTIN BENZOATE,  METFORMIN HYDROCHLORIDE","HUMAN PRESCRIPTION DRUG","01/25/2013","N/A","NDA","180 TABLET, FILM COATED in 1 BOTTLE (64764-337-80)","Biguanide [EPC],  Biguanides [CS],  Dipeptidyl Peptidase 4 Inhibitor [EPC],  Dipeptidyl Peptidase 4 Inhibitors [MoA]","N/A","No","12/31/2027"
"Trijardy XR","0597-0385-77","12.5 mg/1,  2.5 mg/1,  1000 mg/1","TABLET, EXTENDED RELEASE","ORAL","NDA212614","Boehringer Ingelheim Pharmaceuticals, Inc.","0597-0385","empagliflozin, linagliptin, metformin hydrochloride","EMPAGLIFLOZIN,  LINAGLIPTIN,  METFORMIN HYDROCHLORIDE","HUMAN PRESCRIPTION DRUG","04/23/2020","N/A","NDA","60 TABLET, EXTENDED RELEASE in 1 BOTTLE (0597-0385-77)","Biguanide [EPC],  Biguanides [CS],  Dipeptidyl Peptidase 4 Inhibitor [EPC],  Dipeptidyl Peptidase 4 Inhibitors [MoA],  Sodium-Glucose Cotransporter 2 Inhibitor [EPC],  Sodium-Glucose Transporter 2 Inhibitors [MoA]","N/A","No","12/31/2027"
"Trijardy XR","0597-0385-86","12.5 mg/1,  2.5 mg/1,  1000 mg/1","TABLET, EXTENDED RELEASE","ORAL","NDA212614","Boehringer Ingelheim Pharmaceuticals, Inc.","0597-0385","empagliflozin, linagliptin, metformin hydrochloride","EMPAGLIFLOZIN,  LINAGLIPTIN,  METFORMIN HYDROCHLORIDE","HUMAN PRESCRIPTION DRUG","04/23/2020","N/A","NDA","180 TABLET, EXTENDED RELEASE in 1 BOTTLE (0597-0385-86)","Biguanide [EPC],  Biguanides [CS],  Dipeptidyl Peptidase 4 Inhibitor [EPC],  Dipeptidyl Peptidase 4 Inhibitors [MoA],  Sodium-Glucose Cotransporter 2 Inhibitor [EPC],  Sodium-Glucose Transporter 2 Inhibitors [MoA]","N/A","No","12/31/2027"
"Metformin Hydrochloride","50090-6508-0","1000 mg/1","TABLET","ORAL","ANDA090564","A-S Medication Solutions","50090-6508","Metformin Hydrochloride","METFORMIN HYDROCHLORIDE","HUMAN PRESCRIPTION DRUG","05/31/2023","N/A","ANDA","90 TABLET in 1 BOTTLE (50090-6508-0)","Biguanide [EPC],  Biguanides [CS]","N/A","No","12/31/2026"
"Metformin Hydrochloride","71335-0776-1","750 mg/1","TABLET, EXTENDED RELEASE","ORAL","ANDA078321","Bryant Ranch Prepack","71335-0776","Metformin Hydrochloride","METFORMIN HYDROCHLORIDE","HUMAN PRESCRIPTION DRUG","04/17/2018","N/A","ANDA","30 TABLET, EXTENDED RELEASE in 1 BOTTLE (71335-0776-1)","Biguanide [EPC],  Biguanides [CS]","N/A","No","12/31/2026"
"Metformin Hydrochloride","71335-0776-2","750 mg/1","TABLET, EXTENDED RELEASE","ORAL","ANDA078321","Bryant Ranch Prepack","71335-0776","Metformin Hydrochloride","METFORMIN HYDROCHLORIDE","HUMAN PRESCRIPTION DRUG","04/17/2018","N/A","ANDA","90 TABLET, EXTENDED RELEASE in 1 BOTTLE (71335-0776-2)","Biguanide [EPC],  Biguanides [CS]","N/A","No","12/31/2026"
"Metformin Hydrochloride","71335-0776-3","750 mg/1","TABLET, EXTENDED RELEASE","ORAL","ANDA078321","Bryant Ranch Prepack","71335-0776","Metformin Hydrochloride","METFORMIN HYDROCHLORIDE","HUMAN PRESCRIPTION DRUG","04/17/2018","N/A","ANDA","60 TABLET, EXTENDED RELEASE in 1 BOTTLE (71335-0776-3)","Biguanide [EPC],  Biguanides [CS]","N/A","No","12/31/2026"
"Metformin Hydrochloride","71335-0776-4","750 mg/1","TABLET, EXTENDED RELEASE","ORAL","ANDA078321","Bryant Ranch Prepack","71335-0776","Metformin Hydrochloride","METFORMIN HYDROCHLORIDE","HUMAN PRESCRIPTION DRUG","04/17/2018","N/A","ANDA","180 TABLET, EXTENDED RELEASE in 1 BOTTLE (71335-0776-4)","Biguanide [EPC],  Biguanides [CS]","N/A","No","12/31/2026"
"Metformin Hydrochloride","71335-0776-5","750 mg/1","TABLET, EXTENDED RELEASE","ORAL","ANDA078321","Bryant Ranch Prepack","71335-0776","Metformin Hydrochloride","METFORMIN HYDROCHLORIDE","HUMAN PRESCRIPTION DRUG","04/17/2018","N/A","ANDA","100 TABLET, EXTENDED RELEASE in 1 BOTTLE (71335-0776-5)","Biguanide [EPC],  Biguanides [CS]","N/A","No","12/31/2026"
"Metformin Hydrochloride","68180-336-07","500 mg/1","TABLET, EXTENDED RELEASE","ORAL","ANDA090692","Lupin Pharmaceuticals, Inc.","68180-336","Metformin Hydrochloride","METFORMIN HYDROCHLORIDE","HUMAN PRESCRIPTION DRUG","09/30/2011","N/A","ANDA","60 TABLET, EXTENDED RELEASE in 1 BOTTLE (68180-336-07)","Biguanide [EPC],  Biguanides [CS]","N/A","No","12/31/2027"
"Metformin Hydrochloride","50228-446-05","1000 mg/1","TABLET, FILM COATED, EXTENDED RELEASE","ORAL","ANDA213334","ScieGen Pharmaceuticals, Inc.","50228-446","Metformin Hydrochloride Extended-Release Tablets","METFORMIN HYDROCHLORIDE","HUMAN PRESCRIPTION DRUG","04/16/2021","N/A","ANDA","500 TABLET, FILM COATED, EXTENDED RELEASE in 1 BOTTLE, PLASTIC (50228-446-05)","Biguanide [EPC],  Biguanides [CS]","N/A","No","12/31/2026"
"Metformin Hydrochloride","50228-446-30","1000 mg/1","TABLET, FILM COATED, EXTENDED RELEASE","ORAL","ANDA213334","ScieGen Pharmaceuticals, Inc.","50228-446","Metformin Hydrochloride Extended-Release Tablets","METFORMIN HYDROCHLORIDE","HUMAN PRESCRIPTION DRUG","04/16/2021","N/A","ANDA","30 TABLET, FILM COATED, EXTENDED RELEASE in 1 BOTTLE, PLASTIC (50228-446-30)","Biguanide [EPC],  Biguanides [CS]","N/A","No","12/31/2026"
"Metformin Hydrochloride","50228-446-90","1000 mg/1","TABLET, FILM COATED, EXTENDED RELEASE","ORAL","ANDA213334","ScieGen Pharmaceuticals, Inc.","50228-446","Metformin Hydrochloride Extended-Release Tablets","METFORMIN HYDROCHLORIDE","HUMAN PRESCRIPTION DRUG","04/16/2021","N/A","ANDA","90 TABLET, FILM COATED, EXTENDED RELEASE in 1 BOTTLE, PLASTIC (50228-446-90)","Biguanide [EPC],  Biguanides [CS]","N/A","No","12/31/2026"
"Metformin Hydrochloride","51224-107-50","750 mg/1","TABLET, EXTENDED RELEASE","ORAL","ANDA078321","TAGI Pharma, Inc.","51224-107","Metformin Hydrochloride","METFORMIN HYDROCHLORIDE","HUMAN PRESCRIPTION DRUG","06/01/2016","11/30/2026","ANDA","100 TABLET, EXTENDED RELEASE in 1 BOTTLE (51224-107-50)","Biguanide [EPC],  Biguanides [CS]","N/A","No","N/A"
"Metformin Hydrochloride","51224-107-60","750 mg/1","TABLET, EXTENDED RELEASE","ORAL","ANDA078321","TAGI Pharma, Inc.","51224-107","Metformin Hydrochloride","METFORMIN HYDROCHLORIDE","HUMAN PRESCRIPTION DRUG","06/01/2016","11/30/2026","ANDA","500 TABLET, EXTENDED RELEASE in 1 BOTTLE (51224-107-60)","Biguanide [EPC],  Biguanides [CS]","N/A","No","N/A"
"Glyburide and Metformin Hydrochloride","68788-8341-1","5 mg/1,  500 mg/1","TABLET, FILM COATED","ORAL","ANDA077870","Preferred Pharmaceuticals Inc.","68788-8341","Glyburide and Metformin Hydrochloride","GLYBURIDE,  METFORMIN HYDROCHLORIDE","HUMAN PRESCRIPTION DRUG","02/10/2023","N/A","ANDA","100 TABLET, FILM COATED in 1 BOTTLE (68788-8341-1)","Biguanide [EPC],  Biguanides [CS],  Sulfonylurea Compounds [CS],  Sulfonylurea [EPC]","N/A","No","12/31/2027"
"Glyburide and Metformin Hydrochloride","68788-8341-3","5 mg/1,  500 mg/1","TABLET, FILM COATED","ORAL","ANDA077870","Preferred Pharmaceuticals Inc.","68788-8341","Glyburide and Metformin Hydrochloride","GLYBURIDE,  METFORMIN HYDROCHLORIDE","HUMAN PRESCRIPTION DRUG","02/10/2023","N/A","ANDA","30 TABLET, FILM COATED in 1 BOTTLE (68788-8341-3)","Biguanide [EPC],  Biguanides [CS],  Sulfonylurea Compounds [CS],  Sulfonylurea [EPC]","N/A","No","12/31/2027"
"Glyburide and Metformin Hydrochloride","68788-8341-6","5 mg/1,  500 mg/1","TABLET, FILM COATED","ORAL","ANDA077870","Preferred Pharmaceuticals Inc.","68788-8341","Glyburide and Metformin Hydrochloride","GLYBURIDE,  METFORMIN HYDROCHLORIDE","HUMAN PRESCRIPTION DRUG","02/10/2023","N/A","ANDA","60 TABLET, FILM COATED in 1 BOTTLE (68788-8341-6)","Biguanide [EPC],  Biguanides [CS],  Sulfonylurea Compounds [CS],  Sulfonylurea [EPC]","N/A","No","12/31/2027"
"Glyburide and Metformin Hydrochloride","68788-8341-8","5 mg/1,  500 mg/1","TABLET, FILM COATED","ORAL","ANDA077870","Preferred Pharmaceuticals Inc.","68788-8341","Glyburide and Metformin Hydrochloride","GLYBURIDE,  METFORMIN HYDROCHLORIDE","HUMAN PRESCRIPTION DRUG","02/10/2023","N/A","ANDA","120 TABLET, FILM COATED in 1 BOTTLE (68788-8341-8)","Biguanide [EPC],  Biguanides [CS],  Sulfonylurea Compounds [CS],  Sulfonylurea [EPC]","N/A","No","12/31/2027"
"Glyburide and Metformin Hydrochloride","68788-8341-9","5 mg/1,  500 mg/1","TABLET, FILM COATED","ORAL","ANDA077870","Preferred Pharmaceuticals Inc.","68788-8341","Glyburide and Metformin Hydrochloride","GLYBURIDE,  METFORMIN HYDROCHLORIDE","HUMAN PRESCRIPTION DRUG","02/10/2023","N/A","ANDA","90 TABLET, FILM COATED in 1 BOTTLE (68788-8341-9)","Biguanide [EPC],  Biguanides [CS],  Sulfonylurea Compounds [CS],  Sulfonylurea [EPC]","N/A","No","12/31/2027"
"Metformin Hydrochloride","50228-445-01","500 mg/1","TABLET, FILM COATED, EXTENDED RELEASE","ORAL","ANDA213334","ScieGen Pharmaceuticals, Inc.","50228-445","Metformin Hydrochloride Extended-Release Tablets","METFORMIN HYDROCHLORIDE","HUMAN PRESCRIPTION DRUG","04/16/2021","N/A","ANDA","100 TABLET, FILM COATED, EXTENDED RELEASE in 1 BOTTLE, PLASTIC (50228-445-01)","Biguanide [EPC],  Biguanides [CS]","N/A","No","12/31/2026"
"Metformin Hydrochloride","50228-445-05","500 mg/1","TABLET, FILM COATED, EXTENDED RELEASE","ORAL","ANDA213334","ScieGen Pharmaceuticals, Inc.","50228-445","Metformin Hydrochloride Extended-Release Tablets","METFORMIN HYDROCHLORIDE","HUMAN PRESCRIPTION DRUG","04/16/2021","N/A","ANDA","500 TABLET, FILM COATED, EXTENDED RELEASE in 1 BOTTLE, PLASTIC (50228-445-05)","Biguanide [EPC],  Biguanides [CS]","N/A","No","12/31/2026"
"Metformin Hydrochloride","50228-445-30","500 mg/1","TABLET, FILM COATED, EXTENDED RELEASE","ORAL","ANDA213334","ScieGen Pharmaceuticals, Inc.","50228-445","Metformin Hydrochloride Extended-Release Tablets","METFORMIN HYDROCHLORIDE","HUMAN PRESCRIPTION DRUG","04/16/2021","N/A","ANDA","30 TABLET, FILM COATED, EXTENDED RELEASE in 1 BOTTLE, PLASTIC (50228-445-30)","Biguanide [EPC],  Biguanides [CS]","N/A","No","12/31/2026"
"Pioglitazone Hydrochloride and Metformin Hydrochloride","65862-526-18","15 mg/1,  850 mg/1","TABLET, FILM COATED","ORAL","ANDA200823","Aurobindo Pharma Limited","65862-526","Pioglitazone Hydrochloride and Metformin Hydrochloride","PIOGLITAZONE HYDROCHLORIDE,  METFORMIN HYDROCHLORIDE","HUMAN PRESCRIPTION DRUG","02/13/2013","N/A","ANDA","180 TABLET, FILM COATED in 1 BOTTLE (65862-526-18)","Biguanide [EPC],  Biguanides [CS],  Peroxisome Proliferator Receptor alpha Agonist [EPC],  Peroxisome Proliferator Receptor gamma Agonist [EPC],  Peroxisome Proliferator-activated Receptor alpha Agonists [MoA],  Peroxisome Proliferator-activated Receptor gamma Agonists [MoA],  Thiazolidinedione [EPC],  Thiazolidinediones [CS]","N/A","No","12/31/2026"
"Pioglitazone Hydrochloride and Metformin Hydrochloride","65862-526-60","15 mg/1,  850 mg/1","TABLET, FILM COATED","ORAL","ANDA200823","Aurobindo Pharma Limited","65862-526","Pioglitazone Hydrochloride and Metformin Hydrochloride","PIOGLITAZONE HYDROCHLORIDE,  METFORMIN HYDROCHLORIDE","HUMAN PRESCRIPTION DRUG","02/13/2013","N/A","ANDA","60 TABLET, FILM COATED in 1 BOTTLE (65862-526-60)","Biguanide [EPC],  Biguanides [CS],  Peroxisome Proliferator Receptor alpha Agonist [EPC],  Peroxisome Proliferator Receptor gamma Agonist [EPC],  Peroxisome Proliferator-activated Receptor alpha Agonists [MoA],  Peroxisome Proliferator-activated Receptor gamma Agonists [MoA],  Thiazolidinedione [EPC],  Thiazolidinediones [CS]","N/A","No","12/31/2026"
"ZITUVIMET XR","70771-1880-6","50 mg/1,  1000 mg/1","TABLET, FILM COATED, EXTENDED RELEASE","ORAL","NDA216778","Zydus Lifesciences Limited","70771-1880","sitagliptin and metformin hydrochloride","SITAGLIPTIN,  METFORMIN HYDROCHLORIDE","HUMAN PRESCRIPTION DRUG","10/31/2024","N/A","NDA","60 TABLET, FILM COATED, EXTENDED RELEASE in 1 BOTTLE (70771-1880-6)","Biguanide [EPC],  Biguanides [CS],  Dipeptidyl Peptidase 4 Inhibitor [EPC],  Dipeptidyl Peptidase 4 Inhibitors [MoA]","N/A","No","12/31/2027"
"Metformin Hydrochloride","50090-6859-0","500 mg/1","TABLET, FILM COATED","ORAL","ANDA209882","A-S Medication Solutions","50090-6859","Metformin Hydrochloride","METFORMIN HYDROCHLORIDE","HUMAN PRESCRIPTION DRUG","12/01/2023","N/A","ANDA","90 TABLET, FILM COATED in 1 BOTTLE (50090-6859-0)","Biguanide [EPC],  Biguanides [CS]","N/A","No","12/31/2027"
"Metformin Hydrochloride","68180-337-07","1000 mg/1","TABLET, EXTENDED RELEASE","ORAL","ANDA090692","Lupin Pharmaceuticals, Inc.","68180-337","Metformin Hydrochloride","METFORMIN HYDROCHLORIDE","HUMAN PRESCRIPTION DRUG","09/30/2011","N/A","ANDA","60 TABLET, EXTENDED RELEASE in 1 BOTTLE (68180-337-07)","Biguanide [EPC],  Biguanides [CS]","N/A","No","12/31/2027"
"METFORMIN HYDROCHLORIDE","42806-632-01","500 mg/1","TABLET, EXTENDED RELEASE","ORAL","ANDA211052","Epic Pharma, LLC","42806-632","METFORMIN HYDROCHLORIDE","METFORMIN HYDROCHLORIDE","HUMAN PRESCRIPTION DRUG","07/08/2020","N/A","ANDA","100 TABLET, EXTENDED RELEASE in 1 BOTTLE (42806-632-01)","Biguanide [EPC],  Biguanides [CS]","N/A","No","12/31/2026"
"METFORMIN HYDROCHLORIDE","42806-632-05","500 mg/1","TABLET, EXTENDED RELEASE","ORAL","ANDA211052","Epic Pharma, LLC","42806-632","METFORMIN HYDROCHLORIDE","METFORMIN HYDROCHLORIDE","HUMAN PRESCRIPTION DRUG","07/08/2020","N/A","ANDA","500 TABLET, EXTENDED RELEASE in 1 BOTTLE (42806-632-05)","Biguanide [EPC],  Biguanides [CS]","N/A","No","12/31/2026"
"METFORMIN HYDROCHLORIDE","42806-632-10","500 mg/1","TABLET, EXTENDED RELEASE","ORAL","ANDA211052","Epic Pharma, LLC","42806-632","METFORMIN HYDROCHLORIDE","METFORMIN HYDROCHLORIDE","HUMAN PRESCRIPTION DRUG","07/08/2020","N/A","ANDA","1000 TABLET, EXTENDED RELEASE in 1 BOTTLE (42806-632-10)","Biguanide [EPC],  Biguanides [CS]","N/A","No","12/31/2026"
"Metformin Hydrochloride","50090-6856-0","1000 mg/1","TABLET, FILM COATED","ORAL","ANDA209882","A-S Medication Solutions","50090-6856","Metformin Hydrochloride","METFORMIN HYDROCHLORIDE","HUMAN PRESCRIPTION DRUG","12/01/2023","N/A","ANDA","60 TABLET, FILM COATED in 1 BOTTLE (50090-6856-0)","Biguanide [EPC],  Biguanides [CS]","N/A","No","12/31/2027"
"Metformin Hydrochloride","50090-6856-2","1000 mg/1","TABLET, FILM COATED","ORAL","ANDA209882","A-S Medication Solutions","50090-6856","Metformin Hydrochloride","METFORMIN HYDROCHLORIDE","HUMAN PRESCRIPTION DRUG","12/01/2023","N/A","ANDA","100 TABLET, FILM COATED in 1 BOTTLE (50090-6856-2)","Biguanide [EPC],  Biguanides [CS]","N/A","No","12/31/2027"
"Metformin Hydrochloride","50090-6856-3","1000 mg/1","TABLET, FILM COATED","ORAL","ANDA209882","A-S Medication Solutions","50090-6856","Metformin Hydrochloride","METFORMIN HYDROCHLORIDE","HUMAN PRESCRIPTION DRUG","12/01/2023","N/A","ANDA","30 TABLET, FILM COATED in 1 BOTTLE (50090-6856-3)","Biguanide [EPC],  Biguanides [CS]","N/A","No","12/31/2027"
"Metformin Hydrochloride","50090-6856-4","1000 mg/1","TABLET, FILM COATED","ORAL","ANDA209882","A-S Medication Solutions","50090-6856","Metformin Hydrochloride","METFORMIN HYDROCHLORIDE","HUMAN PRESCRIPTION DRUG","12/01/2023","N/A","ANDA","90 TABLET, FILM COATED in 1 BOTTLE (50090-6856-4)","Biguanide [EPC],  Biguanides [CS]","N/A","No","12/31/2027"
"Metformin Hydrochloride","50090-6856-5","1000 mg/1","TABLET, FILM COATED","ORAL","ANDA209882","A-S Medication Solutions","50090-6856","Metformin Hydrochloride","METFORMIN HYDROCHLORIDE","HUMAN PRESCRIPTION DRUG","12/01/2023","N/A","ANDA","180 TABLET, FILM COATED in 1 BOTTLE (50090-6856-5)","Biguanide [EPC],  Biguanides [CS]","N/A","No","12/31/2027"
"METFORMIN HYDROCHLORIDE","68180-338-01","500 mg/1","TABLET, EXTENDED RELEASE","ORAL","ANDA091664","Lupin Pharmaceuticals, Inc.","68180-338","METFORMIN HYDROCHLORIDE","METFORMIN HYDROCHLORIDE","HUMAN PRESCRIPTION DRUG","02/01/2016","N/A","ANDA","100 TABLET, EXTENDED RELEASE in 1 BOTTLE (68180-338-01)","Biguanide [EPC],  Biguanides [CS]","N/A","No","12/31/2026"
"METFORMIN HYDROCHLORIDE","42806-633-01","750 mg/1","TABLET, EXTENDED RELEASE","ORAL","ANDA211052","Epic Pharma, LLC","42806-633","METFORMIN HYDROCHLORIDE","METFORMIN HYDROCHLORIDE","HUMAN PRESCRIPTION DRUG","07/08/2020","N/A","ANDA","100 TABLET, EXTENDED RELEASE in 1 BOTTLE (42806-633-01)","Biguanide [EPC],  Biguanides [CS]","N/A","No","12/31/2026"
"METFORMIN HYDROCHLORIDE","42806-633-05","750 mg/1","TABLET, EXTENDED RELEASE","ORAL","ANDA211052","Epic Pharma, LLC","42806-633","METFORMIN HYDROCHLORIDE","METFORMIN HYDROCHLORIDE","HUMAN PRESCRIPTION DRUG","07/08/2020","N/A","ANDA","500 TABLET, EXTENDED RELEASE in 1 BOTTLE (42806-633-05)","Biguanide [EPC],  Biguanides [CS]","N/A","No","12/31/2026"
"METFORMIN HYDROCHLORIDE","42806-633-10","750 mg/1","TABLET, EXTENDED RELEASE","ORAL","ANDA211052","Epic Pharma, LLC","42806-633","METFORMIN HYDROCHLORIDE","METFORMIN HYDROCHLORIDE","HUMAN PRESCRIPTION DRUG","07/08/2020","N/A","ANDA","1000 TABLET, EXTENDED RELEASE in 1 BOTTLE (42806-633-10)","Biguanide [EPC],  Biguanides [CS]","N/A","No","12/31/2026"
"Metformin Hydrochloride","50090-6857-0","1000 mg/1","TABLET, FILM COATED","ORAL","ANDA209882","A-S Medication Solutions","50090-6857","Metformin Hydrochloride","METFORMIN HYDROCHLORIDE","HUMAN PRESCRIPTION DRUG","12/01/2023","N/A","ANDA","90 TABLET, FILM COATED in 1 BOTTLE (50090-6857-0)","Biguanide [EPC],  Biguanides [CS]","N/A","No","12/31/2027"
"Pioglitazone Hydrochloride and Metformin Hydrochloride","65862-525-18","15 mg/1,  500 mg/1","TABLET, FILM COATED","ORAL","ANDA200823","Aurobindo Pharma Limited","65862-525","Pioglitazone Hydrochloride and Metformin Hydrochloride","PIOGLITAZONE HYDROCHLORIDE,  METFORMIN HYDROCHLORIDE","HUMAN PRESCRIPTION DRUG","02/13/2013","N/A","ANDA","180 TABLET, FILM COATED in 1 BOTTLE (65862-525-18)","Biguanide [EPC],  Biguanides [CS],  Peroxisome Proliferator Receptor alpha Agonist [EPC],  Peroxisome Proliferator Receptor gamma Agonist [EPC],  Peroxisome Proliferator-activated Receptor alpha Agonists [MoA],  Peroxisome Proliferator-activated Receptor gamma Agonists [MoA],  Thiazolidinedione [EPC],  Thiazolidinediones [CS]","N/A","No","12/31/2026"
"Pioglitazone Hydrochloride and Metformin Hydrochloride","65862-525-60","15 mg/1,  500 mg/1","TABLET, FILM COATED","ORAL","ANDA200823","Aurobindo Pharma Limited","65862-525","Pioglitazone Hydrochloride and Metformin Hydrochloride","PIOGLITAZONE HYDROCHLORIDE,  METFORMIN HYDROCHLORIDE","HUMAN PRESCRIPTION DRUG","02/13/2013","N/A","ANDA","60 TABLET, FILM COATED in 1 BOTTLE (65862-525-60)","Biguanide [EPC],  Biguanides [CS],  Peroxisome Proliferator Receptor alpha Agonist [EPC],  Peroxisome Proliferator Receptor gamma Agonist [EPC],  Peroxisome Proliferator-activated Receptor alpha Agonists [MoA],  Peroxisome Proliferator-activated Receptor gamma Agonists [MoA],  Thiazolidinedione [EPC],  Thiazolidinediones [CS]","N/A","No","12/31/2026"
"METFORMIN HYDROCHLORIDE","68180-339-09","1000 mg/1","TABLET, EXTENDED RELEASE","ORAL","ANDA091664","Lupin Pharmaceuticals, Inc.","68180-339","METFORMIN HYDROCHLORIDE","METFORMIN HYDROCHLORIDE","HUMAN PRESCRIPTION DRUG","02/01/2016","N/A","ANDA","90 TABLET, EXTENDED RELEASE in 1 BOTTLE (68180-339-09)","Biguanide [EPC],  Biguanides [CS]","N/A","No","12/31/2026"
"Metformin Hydrochloride","68071-3495-8","850 mg/1","TABLET","ORAL","ANDA090564","NuCare Pharmaceuticals,Inc.","68071-3495","Metformin Hydrochloride","METFORMIN HYDROCHLORIDE","HUMAN PRESCRIPTION DRUG","08/29/2023","N/A","ANDA","180 TABLET in 1 BOTTLE (68071-3495-8)","Biguanide [EPC],  Biguanides [CS]","N/A","No","12/31/2026"
"ZITUVIMET XR","70771-1879-6","50 mg/1,  500 mg/1","TABLET, FILM COATED, EXTENDED RELEASE","ORAL","NDA216778","Zydus Lifesciences Limited","70771-1879","sitagliptin and metformin hydrochloride","SITAGLIPTIN,  METFORMIN HYDROCHLORIDE","HUMAN PRESCRIPTION DRUG","10/31/2024","N/A","NDA","60 TABLET, FILM COATED, EXTENDED RELEASE in 1 BOTTLE (70771-1879-6)","Biguanide [EPC],  Biguanides [CS],  Dipeptidyl Peptidase 4 Inhibitor [EPC],  Dipeptidyl Peptidase 4 Inhibitors [MoA]","N/A","No","12/31/2027"
"Metformin Hydrochloride","50090-6858-0","500 mg/1","TABLET, FILM COATED","ORAL","ANDA209882","A-S Medication Solutions","50090-6858","Metformin Hydrochloride","METFORMIN HYDROCHLORIDE","HUMAN PRESCRIPTION DRUG","12/01/2023","N/A","ANDA","60 TABLET, FILM COATED in 1 BOTTLE (50090-6858-0)","Biguanide [EPC],  Biguanides [CS]","N/A","No","12/31/2027"
"Metformin Hydrochloride","50090-6858-3","500 mg/1","TABLET, FILM COATED","ORAL","ANDA209882","A-S Medication Solutions","50090-6858","Metformin Hydrochloride","METFORMIN HYDROCHLORIDE","HUMAN PRESCRIPTION DRUG","12/01/2023","N/A","ANDA","100 TABLET, FILM COATED in 1 BOTTLE (50090-6858-3)","Biguanide [EPC],  Biguanides [CS]","N/A","No","12/31/2027"
"Metformin Hydrochloride","50090-6858-4","500 mg/1","TABLET, FILM COATED","ORAL","ANDA209882","A-S Medication Solutions","50090-6858","Metformin Hydrochloride","METFORMIN HYDROCHLORIDE","HUMAN PRESCRIPTION DRUG","12/01/2023","N/A","ANDA","30 TABLET, FILM COATED in 1 BOTTLE (50090-6858-4)","Biguanide [EPC],  Biguanides [CS]","N/A","No","12/31/2027"
"Metformin Hydrochloride","50090-6858-5","500 mg/1","TABLET, FILM COATED","ORAL","ANDA209882","A-S Medication Solutions","50090-6858","Metformin Hydrochloride","METFORMIN HYDROCHLORIDE","HUMAN PRESCRIPTION DRUG","12/01/2023","N/A","ANDA","180 TABLET, FILM COATED in 1 BOTTLE (50090-6858-5)","Biguanide [EPC],  Biguanides [CS]","N/A","No","12/31/2027"
"Metformin Hydrochloride","50090-6858-6","500 mg/1","TABLET, FILM COATED","ORAL","ANDA209882","A-S Medication Solutions","50090-6858","Metformin Hydrochloride","METFORMIN HYDROCHLORIDE","HUMAN PRESCRIPTION DRUG","12/01/2023","N/A","ANDA","90 TABLET, FILM COATED in 1 BOTTLE (50090-6858-6)","Biguanide [EPC],  Biguanides [CS]","N/A","No","12/31/2027"
"dapagliflozin and metformin hydrochloride","67877-621-05","10 mg/1,  500 mg/1","TABLET, FILM COATED, EXTENDED RELEASE","ORAL","ANDA211563","Ascend Laboratories, LLC","67877-621","dapagliflozin and metformin hydrochloride","DAPAGLIFLOZIN,  METFORMIN HYDROCHLORIDE","HUMAN PRESCRIPTION DRUG","04/06/2026","N/A","ANDA","500 TABLET, FILM COATED, EXTENDED RELEASE in 1 BOTTLE (67877-621-05)","Biguanide [EPC],  Biguanides [CS],  Sodium-Glucose Cotransporter 2 Inhibitor [EPC],  Sodium-Glucose Transporter 2 Inhibitors [MoA]","N/A","No","12/31/2027"
"dapagliflozin and metformin hydrochloride","67877-621-30","10 mg/1,  500 mg/1","TABLET, FILM COATED, EXTENDED RELEASE","ORAL","ANDA211563","Ascend Laboratories, LLC","67877-621","dapagliflozin and metformin hydrochloride","DAPAGLIFLOZIN,  METFORMIN HYDROCHLORIDE","HUMAN PRESCRIPTION DRUG","04/06/2026","N/A","ANDA","30 TABLET, FILM COATED, EXTENDED RELEASE in 1 BOTTLE (67877-621-30)","Biguanide [EPC],  Biguanides [CS],  Sodium-Glucose Cotransporter 2 Inhibitor [EPC],  Sodium-Glucose Transporter 2 Inhibitors [MoA]","N/A","No","12/31/2027"
"dapagliflozin and metformin hydrochloride","67877-621-38","10 mg/1,  500 mg/1","TABLET, FILM COATED, EXTENDED RELEASE","ORAL","ANDA211563","Ascend Laboratories, LLC","67877-621","dapagliflozin and metformin hydrochloride","DAPAGLIFLOZIN,  METFORMIN HYDROCHLORIDE","HUMAN PRESCRIPTION DRUG","04/06/2026","N/A","ANDA","10 BLISTER PACK in 1 CARTON (67877-621-38)  / 10 TABLET, FILM COATED, EXTENDED RELEASE in 1 BLISTER PACK","Biguanide [EPC],  Biguanides [CS],  Sodium-Glucose Cotransporter 2 Inhibitor [EPC],  Sodium-Glucose Transporter 2 Inhibitors [MoA]","N/A","No","12/31/2027"
"Metformin Hydrochloride","70247-019-60","500 mg/1","TABLET, FILM COATED, EXTENDED RELEASE","ORAL","ANDA209993","Qingdao BAHEAL Pharmaceutical Co. Ltd.","70247-019","Metformin Hydrochloride Extended-Release Tablets","METFORMIN HYDROCHLORIDE","HUMAN PRESCRIPTION DRUG","12/27/2018","N/A","ANDA","60 TABLET, FILM COATED, EXTENDED RELEASE in 1 BOTTLE, PLASTIC (70247-019-60)","Biguanide [EPC],  Biguanides [CS]","N/A","No","12/31/2027"
"Riomet","10631-206-01","500 mg/5mL","SOLUTION","ORAL","NDA021591","Sun Pharmaceutical Industries, Inc.","10631-206","Metformin Hydrochloride","METFORMIN HYDROCHLORIDE","HUMAN PRESCRIPTION DRUG","01/04/2004","N/A","NDA","118 mL in 1 BOTTLE (10631-206-01)","Biguanide [EPC],  Biguanides [CS]","N/A","No","12/31/2026"
"Riomet","10631-206-02","500 mg/5mL","SOLUTION","ORAL","NDA021591","Sun Pharmaceutical Industries, Inc.","10631-206","Metformin Hydrochloride","METFORMIN HYDROCHLORIDE","HUMAN PRESCRIPTION DRUG","01/04/2004","N/A","NDA","473 mL in 1 BOTTLE (10631-206-02)","Biguanide [EPC],  Biguanides [CS]","N/A","No","12/31/2026"
"ZITUVIMET XR","70771-1881-3","100 mg/1,  1000 mg/1","TABLET, FILM COATED, EXTENDED RELEASE","ORAL","NDA216778","Zydus Lifesciences Limited","70771-1881","sitagliptin and metformin hydrochloride","SITAGLIPTIN,  METFORMIN HYDROCHLORIDE","HUMAN PRESCRIPTION DRUG","10/31/2024","N/A","NDA","30 TABLET, FILM COATED, EXTENDED RELEASE in 1 BOTTLE (70771-1881-3)","Biguanide [EPC],  Biguanides [CS],  Dipeptidyl Peptidase 4 Inhibitor [EPC],  Dipeptidyl Peptidase 4 Inhibitors [MoA]","N/A","No","12/31/2027"
"dapagliflozin and metformin hydrochloride","67877-619-05","5 mg/1,  500 mg/1","TABLET, FILM COATED, EXTENDED RELEASE","ORAL","ANDA211563","Ascend Laboratories, LLC","67877-619","dapagliflozin and metformin hydrochloride","DAPAGLIFLOZIN,  METFORMIN HYDROCHLORIDE","HUMAN PRESCRIPTION DRUG","04/06/2026","N/A","ANDA","500 TABLET, FILM COATED, EXTENDED RELEASE in 1 BOTTLE (67877-619-05)","Biguanide [EPC],  Biguanides [CS],  Sodium-Glucose Cotransporter 2 Inhibitor [EPC],  Sodium-Glucose Transporter 2 Inhibitors [MoA]","N/A","No","12/31/2027"
"dapagliflozin and metformin hydrochloride","67877-619-30","5 mg/1,  500 mg/1","TABLET, FILM COATED, EXTENDED RELEASE","ORAL","ANDA211563","Ascend Laboratories, LLC","67877-619","dapagliflozin and metformin hydrochloride","DAPAGLIFLOZIN,  METFORMIN HYDROCHLORIDE","HUMAN PRESCRIPTION DRUG","04/06/2026","N/A","ANDA","30 TABLET, FILM COATED, EXTENDED RELEASE in 1 BOTTLE (67877-619-30)","Biguanide [EPC],  Biguanides [CS],  Sodium-Glucose Cotransporter 2 Inhibitor [EPC],  Sodium-Glucose Transporter 2 Inhibitors [MoA]","N/A","No","12/31/2027"
"JANUMET","50090-5616-0","50 mg/1,  500 mg/1","TABLET, FILM COATED","ORAL","NDA022044","A-S Medication Solutions","50090-5616","SITAGLIPTIN and METFORMIN HYDROCHLORIDE","SITAGLIPTIN PHOSPHATE,  METFORMIN HYDROCHLORIDE","HUMAN PRESCRIPTION DRUG","08/23/2021","N/A","NDA","60 TABLET, FILM COATED in 1 BOTTLE (50090-5616-0)","Biguanide [EPC],  Biguanides [CS],  Dipeptidyl Peptidase 4 Inhibitor [EPC],  Dipeptidyl Peptidase 4 Inhibitors [MoA]","N/A","No","12/31/2027"
"JANUMET","50090-5616-1","50 mg/1,  500 mg/1","TABLET, FILM COATED","ORAL","NDA022044","A-S Medication Solutions","50090-5616","SITAGLIPTIN and METFORMIN HYDROCHLORIDE","SITAGLIPTIN PHOSPHATE,  METFORMIN HYDROCHLORIDE","HUMAN PRESCRIPTION DRUG","07/17/2023","N/A","NDA","180 TABLET, FILM COATED in 1 BOTTLE (50090-5616-1)","Biguanide [EPC],  Biguanides [CS],  Dipeptidyl Peptidase 4 Inhibitor [EPC],  Dipeptidyl Peptidase 4 Inhibitors [MoA]","N/A","No","12/31/2027"
"Trijardy XR","0597-0390-13","25 mg/1,  5 mg/1,  1000 mg/1","TABLET, EXTENDED RELEASE","ORAL","NDA212614","Boehringer Ingelheim Pharmaceuticals, Inc.","0597-0390","empagliflozin, linagliptin, metformin hydrochloride","EMPAGLIFLOZIN,  LINAGLIPTIN,  METFORMIN HYDROCHLORIDE","HUMAN PRESCRIPTION DRUG","04/23/2020","N/A","NDA","90 TABLET, EXTENDED RELEASE in 1 BOTTLE (0597-0390-13)","Biguanide [EPC],  Biguanides [CS],  Dipeptidyl Peptidase 4 Inhibitor [EPC],  Dipeptidyl Peptidase 4 Inhibitors [MoA],  Sodium-Glucose Cotransporter 2 Inhibitor [EPC],  Sodium-Glucose Transporter 2 Inhibitors [MoA]","N/A","No","12/31/2027"
"Trijardy XR","0597-0390-71","25 mg/1,  5 mg/1,  1000 mg/1","TABLET, EXTENDED RELEASE","ORAL","NDA212614","Boehringer Ingelheim Pharmaceuticals, Inc.","0597-0390","empagliflozin, linagliptin, metformin hydrochloride","EMPAGLIFLOZIN,  LINAGLIPTIN,  METFORMIN HYDROCHLORIDE","HUMAN PRESCRIPTION DRUG","04/23/2020","N/A","NDA","30 TABLET, EXTENDED RELEASE in 1 BOTTLE (0597-0390-71)","Biguanide [EPC],  Biguanides [CS],  Dipeptidyl Peptidase 4 Inhibitor [EPC],  Dipeptidyl Peptidase 4 Inhibitors [MoA],  Sodium-Glucose Cotransporter 2 Inhibitor [EPC],  Sodium-Glucose Transporter 2 Inhibitors [MoA]","N/A","No","12/31/2027"
"dapagliflozin and metformin hydrochloride","67877-620-30","5 mg/1,  1000 mg/1","TABLET, FILM COATED, EXTENDED RELEASE","ORAL","ANDA211563","Ascend Laboratories, LLC","67877-620","dapagliflozin and metformin hydrochloride","DAPAGLIFLOZIN,  METFORMIN HYDROCHLORIDE","HUMAN PRESCRIPTION DRUG","04/06/2026","N/A","ANDA","30 TABLET, FILM COATED, EXTENDED RELEASE in 1 BOTTLE (67877-620-30)","Biguanide [EPC],  Biguanides [CS],  Sodium-Glucose Cotransporter 2 Inhibitor [EPC],  Sodium-Glucose Transporter 2 Inhibitors [MoA]","N/A","No","12/31/2027"
"dapagliflozin and metformin hydrochloride","67877-620-60","5 mg/1,  1000 mg/1","TABLET, FILM COATED, EXTENDED RELEASE","ORAL","ANDA211563","Ascend Laboratories, LLC","67877-620","dapagliflozin and metformin hydrochloride","DAPAGLIFLOZIN,  METFORMIN HYDROCHLORIDE","HUMAN PRESCRIPTION DRUG","04/06/2026","N/A","ANDA","60 TABLET, FILM COATED, EXTENDED RELEASE in 1 BOTTLE (67877-620-60)","Biguanide [EPC],  Biguanides [CS],  Sodium-Glucose Cotransporter 2 Inhibitor [EPC],  Sodium-Glucose Transporter 2 Inhibitors [MoA]","N/A","No","12/31/2027"
"dapagliflozin and metformin hydrochloride","67877-620-90","5 mg/1,  1000 mg/1","TABLET, FILM COATED, EXTENDED RELEASE","ORAL","ANDA211563","Ascend Laboratories, LLC","67877-620","dapagliflozin and metformin hydrochloride","DAPAGLIFLOZIN,  METFORMIN HYDROCHLORIDE","HUMAN PRESCRIPTION DRUG","04/06/2026","N/A","ANDA","90 TABLET, FILM COATED, EXTENDED RELEASE in 1 BOTTLE (67877-620-90)","Biguanide [EPC],  Biguanides [CS],  Sodium-Glucose Cotransporter 2 Inhibitor [EPC],  Sodium-Glucose Transporter 2 Inhibitors [MoA]","N/A","No","12/31/2027"
"Metformin Hydrochloride","70247-018-60","1000 mg/1","TABLET, FILM COATED, EXTENDED RELEASE","ORAL","ANDA209993","Qingdao BAHEAL Pharmaceutical Co. Ltd.","70247-018","Metformin Hydrochloride Extended-Release Tablets","METFORMIN HYDROCHLORIDE","HUMAN PRESCRIPTION DRUG","12/27/2018","N/A","ANDA","60 TABLET, FILM COATED, EXTENDED RELEASE in 1 BOTTLE, PLASTIC (70247-018-60)","Biguanide [EPC],  Biguanides [CS]","N/A","No","12/31/2027"
"Glipizide and Metformin Hydrochloride","68382-184-01","2.5 mg/1,  250 mg/1","TABLET, FILM COATED","ORAL","ANDA078905","Zydus Pharmaceuticals USA Inc.","68382-184","Glipizide and Metformin Hydrochloride","GLIPIZIDE,  METFORMIN HYDROCHLORIDE","HUMAN PRESCRIPTION DRUG","05/05/2016","N/A","ANDA","100 TABLET, FILM COATED in 1 BOTTLE (68382-184-01)","Biguanide [EPC],  Biguanides [CS],  Sulfonylurea Compounds [CS],  Sulfonylurea [EPC]","N/A","No","12/31/2027"
"Glipizide and Metformin Hydrochloride","68382-184-10","2.5 mg/1,  250 mg/1","TABLET, FILM COATED","ORAL","ANDA078905","Zydus Pharmaceuticals USA Inc.","68382-184","Glipizide and Metformin Hydrochloride","GLIPIZIDE,  METFORMIN HYDROCHLORIDE","HUMAN PRESCRIPTION DRUG","05/05/2016","N/A","ANDA","1000 TABLET, FILM COATED in 1 BOTTLE (68382-184-10)","Biguanide [EPC],  Biguanides [CS],  Sulfonylurea Compounds [CS],  Sulfonylurea [EPC]","N/A","No","12/31/2027"
"Glipizide and Metformin Hydrochloride","68382-184-16","2.5 mg/1,  250 mg/1","TABLET, FILM COATED","ORAL","ANDA078905","Zydus Pharmaceuticals USA Inc.","68382-184","Glipizide and Metformin Hydrochloride","GLIPIZIDE,  METFORMIN HYDROCHLORIDE","HUMAN PRESCRIPTION DRUG","05/05/2016","N/A","ANDA","90 TABLET, FILM COATED in 1 BOTTLE (68382-184-16)","Biguanide [EPC],  Biguanides [CS],  Sulfonylurea Compounds [CS],  Sulfonylurea [EPC]","N/A","No","12/31/2027"
"Glipizide and Metformin Hydrochloride","68382-184-77","2.5 mg/1,  250 mg/1","TABLET, FILM COATED","ORAL","ANDA078905","Zydus Pharmaceuticals USA Inc.","68382-184","Glipizide and Metformin Hydrochloride","GLIPIZIDE,  METFORMIN HYDROCHLORIDE","HUMAN PRESCRIPTION DRUG","05/05/2016","N/A","ANDA","10 BLISTER PACK in 1 CARTON (68382-184-77)  / 10 TABLET, FILM COATED in 1 BLISTER PACK (68382-184-30)","Biguanide [EPC],  Biguanides [CS],  Sulfonylurea Compounds [CS],  Sulfonylurea [EPC]","N/A","No","12/31/2027"
"Metformin Hydrochloride","69367-180-01","500 mg/1","TABLET, FILM COATED","ORAL","ANDA203769","Westminster Pharmaceuticals, LLC","69367-180","METFORMIN HYDROCHLORIDE","METFORMIN HYDROCHLORIDE","HUMAN PRESCRIPTION DRUG","11/21/2017","01/01/2027","ANDA","100 TABLET, FILM COATED in 1 BOTTLE, PLASTIC (69367-180-01)","Biguanide [EPC],  Biguanides [CS]","N/A","No","N/A"
"Metformin Hydrochloride","69367-180-05","500 mg/1","TABLET, FILM COATED","ORAL","ANDA203769","Westminster Pharmaceuticals, LLC","69367-180","METFORMIN HYDROCHLORIDE","METFORMIN HYDROCHLORIDE","HUMAN PRESCRIPTION DRUG","11/21/2017","01/01/2027","ANDA","500 TABLET, FILM COATED in 1 BOTTLE, PLASTIC (69367-180-05)","Biguanide [EPC],  Biguanides [CS]","N/A","No","N/A"
"Metformin Hydrochloride","69367-180-10","500 mg/1","TABLET, FILM COATED","ORAL","ANDA203769","Westminster Pharmaceuticals, LLC","69367-180","METFORMIN HYDROCHLORIDE","METFORMIN HYDROCHLORIDE","HUMAN PRESCRIPTION DRUG","04/21/2020","01/01/2027","ANDA","1000 TABLET, FILM COATED in 1 BOTTLE, PLASTIC (69367-180-10)","Biguanide [EPC],  Biguanides [CS]","N/A","No","N/A"
"Sitagliptin and Metformin Hydrochloride","70771-1887-6","50 mg/1,  500 mg/1","TABLET, FILM COATED, EXTENDED RELEASE","ORAL","NDA216778","Zydus Lifesciences Limited","70771-1887","sitagliptin and metformin hydrochloride","SITAGLIPTIN,  METFORMIN HYDROCHLORIDE","HUMAN PRESCRIPTION DRUG","10/31/2024","N/A","NDA AUTHORIZED GENERIC","60 TABLET, FILM COATED, EXTENDED RELEASE in 1 BOTTLE (70771-1887-6)","Biguanide [EPC],  Biguanides [CS],  Dipeptidyl Peptidase 4 Inhibitor [EPC],  Dipeptidyl Peptidase 4 Inhibitors [MoA]","N/A","No","12/31/2026"
"METFORMIN HYDROCHLORIDE","71093-132-04","500 mg/1","TABLET","ORAL","ANDA203769","ACI Healthcare USA, Inc.","71093-132","METFORMIN HYDROCHLORIDE","METFORMIN HYDROCHLORIDE","HUMAN PRESCRIPTION DRUG","01/15/2018","N/A","ANDA","100 TABLET in 1 BOTTLE, PLASTIC (71093-132-04)","Biguanide [EPC],  Biguanides [CS]","N/A","No","12/31/2026"
"METFORMIN HYDROCHLORIDE","71093-132-05","500 mg/1","TABLET","ORAL","ANDA203769","ACI Healthcare USA, Inc.","71093-132","METFORMIN HYDROCHLORIDE","METFORMIN HYDROCHLORIDE","HUMAN PRESCRIPTION DRUG","01/15/2018","N/A","ANDA","500 TABLET in 1 BOTTLE, PLASTIC (71093-132-05)","Biguanide [EPC],  Biguanides [CS]","N/A","No","12/31/2026"
"METFORMIN HYDROCHLORIDE","71093-132-06","500 mg/1","TABLET","ORAL","ANDA203769","ACI Healthcare USA, Inc.","71093-132","METFORMIN HYDROCHLORIDE","METFORMIN HYDROCHLORIDE","HUMAN PRESCRIPTION DRUG","01/15/2018","N/A","ANDA","1000 TABLET in 1 BOTTLE, PLASTIC (71093-132-06)","Biguanide [EPC],  Biguanides [CS]","N/A","No","12/31/2026"
"dapagliflozin and metformin hydrochloride","67877-622-30","10 mg/1,  1000 mg/1","TABLET, FILM COATED, EXTENDED RELEASE","ORAL","ANDA211563","Ascend Laboratories, LLC","67877-622","dapagliflozin and metformin hydrochloride","DAPAGLIFLOZIN,  METFORMIN HYDROCHLORIDE","HUMAN PRESCRIPTION DRUG","04/06/2026","N/A","ANDA","30 TABLET, FILM COATED, EXTENDED RELEASE in 1 BOTTLE (67877-622-30)","Biguanide [EPC],  Biguanides [CS],  Sodium-Glucose Cotransporter 2 Inhibitor [EPC],  Sodium-Glucose Transporter 2 Inhibitors [MoA]","N/A","No","12/31/2027"
"dapagliflozin and metformin hydrochloride","67877-622-38","10 mg/1,  1000 mg/1","TABLET, FILM COATED, EXTENDED RELEASE","ORAL","ANDA211563","Ascend Laboratories, LLC","67877-622","dapagliflozin and metformin hydrochloride","DAPAGLIFLOZIN,  METFORMIN HYDROCHLORIDE","HUMAN PRESCRIPTION DRUG","04/06/2026","N/A","ANDA","10 BLISTER PACK in 1 CARTON (67877-622-38)  / 10 TABLET, FILM COATED, EXTENDED RELEASE in 1 BLISTER PACK","Biguanide [EPC],  Biguanides [CS],  Sodium-Glucose Cotransporter 2 Inhibitor [EPC],  Sodium-Glucose Transporter 2 Inhibitors [MoA]","N/A","No","12/31/2027"
"dapagliflozin and metformin hydrochloride","67877-622-40","10 mg/1,  1000 mg/1","TABLET, FILM COATED, EXTENDED RELEASE","ORAL","ANDA211563","Ascend Laboratories, LLC","67877-622","dapagliflozin and metformin hydrochloride","DAPAGLIFLOZIN,  METFORMIN HYDROCHLORIDE","HUMAN PRESCRIPTION DRUG","04/06/2026","N/A","ANDA","400 TABLET, FILM COATED, EXTENDED RELEASE in 1 BOTTLE (67877-622-40)","Biguanide [EPC],  Biguanides [CS],  Sodium-Glucose Cotransporter 2 Inhibitor [EPC],  Sodium-Glucose Transporter 2 Inhibitors [MoA]","N/A","No","12/31/2027"
"dapagliflozin and metformin hydrochloride","67877-622-90","10 mg/1,  1000 mg/1","TABLET, FILM COATED, EXTENDED RELEASE","ORAL","ANDA211563","Ascend Laboratories, LLC","67877-622","dapagliflozin and metformin hydrochloride","DAPAGLIFLOZIN,  METFORMIN HYDROCHLORIDE","HUMAN PRESCRIPTION DRUG","04/06/2026","N/A","ANDA","90 TABLET, FILM COATED, EXTENDED RELEASE in 1 BOTTLE (67877-622-90)","Biguanide [EPC],  Biguanides [CS],  Sodium-Glucose Cotransporter 2 Inhibitor [EPC],  Sodium-Glucose Transporter 2 Inhibitors [MoA]","N/A","No","12/31/2027"
"Metformin Hydrochloride","59651-548-01","500 mg/1","TABLET, EXTENDED RELEASE","ORAL","ANDA079118","Aurobindo Pharma Limited","59651-548","Metformin Hydrochloride","METFORMIN HYDROCHLORIDE","HUMAN PRESCRIPTION DRUG","04/15/2024","N/A","ANDA","100 TABLET, EXTENDED RELEASE in 1 BOTTLE (59651-548-01)","Biguanide [EPC],  Biguanides [CS]","N/A","No","12/31/2027"
"Metformin Hydrochloride","59651-548-05","500 mg/1","TABLET, EXTENDED RELEASE","ORAL","ANDA079118","Aurobindo Pharma Limited","59651-548","Metformin Hydrochloride","METFORMIN HYDROCHLORIDE","HUMAN PRESCRIPTION DRUG","04/15/2024","N/A","ANDA","500 TABLET, EXTENDED RELEASE in 1 BOTTLE (59651-548-05)","Biguanide [EPC],  Biguanides [CS]","N/A","No","12/31/2027"
"Metformin Hydrochloride","59651-548-99","500 mg/1","TABLET, EXTENDED RELEASE","ORAL","ANDA079118","Aurobindo Pharma Limited","59651-548","Metformin Hydrochloride","METFORMIN HYDROCHLORIDE","HUMAN PRESCRIPTION DRUG","04/15/2024","N/A","ANDA","1000 TABLET, EXTENDED RELEASE in 1 BOTTLE (59651-548-99)","Biguanide [EPC],  Biguanides [CS]","N/A","No","12/31/2027"
"Sitagliptin and Metformin Hydrochloride","70771-1886-6","50 mg/1,  1000 mg/1","TABLET, FILM COATED, EXTENDED RELEASE","ORAL","NDA216778","Zydus Lifesciences Limited","70771-1886","sitagliptin and metformin hydrochloride","SITAGLIPTIN,  METFORMIN HYDROCHLORIDE","HUMAN PRESCRIPTION DRUG","10/31/2024","N/A","NDA AUTHORIZED GENERIC","60 TABLET, FILM COATED, EXTENDED RELEASE in 1 BOTTLE (70771-1886-6)","Biguanide [EPC],  Biguanides [CS],  Dipeptidyl Peptidase 4 Inhibitor [EPC],  Dipeptidyl Peptidase 4 Inhibitors [MoA]","N/A","No","12/31/2026"
"Metformin Hydrochloride","59651-549-01","750 mg/1","TABLET, EXTENDED RELEASE","ORAL","ANDA079118","Aurobindo Pharma Limited","59651-549","Metformin Hydrochloride","METFORMIN HYDROCHLORIDE","HUMAN PRESCRIPTION DRUG","04/15/2024","N/A","ANDA","100 TABLET, EXTENDED RELEASE in 1 BOTTLE (59651-549-01)","Biguanide [EPC],  Biguanides [CS]","N/A","No","12/31/2027"
"Metformin Hydrochloride","59651-549-05","750 mg/1","TABLET, EXTENDED RELEASE","ORAL","ANDA079118","Aurobindo Pharma Limited","59651-549","Metformin Hydrochloride","METFORMIN HYDROCHLORIDE","HUMAN PRESCRIPTION DRUG","04/15/2024","N/A","ANDA","500 TABLET, EXTENDED RELEASE in 1 BOTTLE (59651-549-05)","Biguanide [EPC],  Biguanides [CS]","N/A","No","12/31/2027"
"Metformin Hydrochloride","62135-681-05","625 mg/1","TABLET","ORAL","ANDA075972","Chartwell RX, LLC","62135-681","Metformin Hydrochloride","METFORMIN HYDROCHLORIDE","HUMAN PRESCRIPTION DRUG","04/06/2022","N/A","ANDA","500 TABLET in 1 BOTTLE (62135-681-05)","Biguanide [EPC],  Biguanides [CS]","N/A","No","12/31/2027"
"Metformin Hydrochloride","62135-681-30","625 mg/1","TABLET","ORAL","ANDA075972","Chartwell RX, LLC","62135-681","Metformin Hydrochloride","METFORMIN HYDROCHLORIDE","HUMAN PRESCRIPTION DRUG","04/06/2022","N/A","ANDA","30 TABLET in 1 BOTTLE (62135-681-30)","Biguanide [EPC],  Biguanides [CS]","N/A","No","12/31/2027"
"Metformin Hydrochloride","62135-681-90","625 mg/1","TABLET","ORAL","ANDA075972","Chartwell RX, LLC","62135-681","Metformin Hydrochloride","METFORMIN HYDROCHLORIDE","HUMAN PRESCRIPTION DRUG","04/06/2022","N/A","ANDA","90 TABLET in 1 BOTTLE (62135-681-90)","Biguanide [EPC],  Biguanides [CS]","N/A","No","12/31/2027"
"Glipizide and Metformin Hydrochloride","68382-185-01","2.5 mg/1,  500 mg/1","TABLET, FILM COATED","ORAL","ANDA078905","Zydus Pharmaceuticals USA Inc.","68382-185","Glipizide and Metformin Hydrochloride","GLIPIZIDE,  METFORMIN HYDROCHLORIDE","HUMAN PRESCRIPTION DRUG","05/05/2016","N/A","ANDA","100 TABLET, FILM COATED in 1 BOTTLE (68382-185-01)","Biguanide [EPC],  Biguanides [CS],  Sulfonylurea Compounds [CS],  Sulfonylurea [EPC]","N/A","No","12/31/2027"
"Glipizide and Metformin Hydrochloride","68382-185-10","2.5 mg/1,  500 mg/1","TABLET, FILM COATED","ORAL","ANDA078905","Zydus Pharmaceuticals USA Inc.","68382-185","Glipizide and Metformin Hydrochloride","GLIPIZIDE,  METFORMIN HYDROCHLORIDE","HUMAN PRESCRIPTION DRUG","05/05/2016","N/A","ANDA","1000 TABLET, FILM COATED in 1 BOTTLE (68382-185-10)","Biguanide [EPC],  Biguanides [CS],  Sulfonylurea Compounds [CS],  Sulfonylurea [EPC]","N/A","No","12/31/2027"
"Glipizide and Metformin Hydrochloride","68382-185-16","2.5 mg/1,  500 mg/1","TABLET, FILM COATED","ORAL","ANDA078905","Zydus Pharmaceuticals USA Inc.","68382-185","Glipizide and Metformin Hydrochloride","GLIPIZIDE,  METFORMIN HYDROCHLORIDE","HUMAN PRESCRIPTION DRUG","05/05/2016","N/A","ANDA","90 TABLET, FILM COATED in 1 BOTTLE (68382-185-16)","Biguanide [EPC],  Biguanides [CS],  Sulfonylurea Compounds [CS],  Sulfonylurea [EPC]","N/A","No","12/31/2027"
"Glipizide and Metformin Hydrochloride","68382-185-77","2.5 mg/1,  500 mg/1","TABLET, FILM COATED","ORAL","ANDA078905","Zydus Pharmaceuticals USA Inc.","68382-185","Glipizide and Metformin Hydrochloride","GLIPIZIDE,  METFORMIN HYDROCHLORIDE","HUMAN PRESCRIPTION DRUG","05/05/2016","N/A","ANDA","10 BLISTER PACK in 1 CARTON (68382-185-77)  / 10 TABLET, FILM COATED in 1 BLISTER PACK (68382-185-30)","Biguanide [EPC],  Biguanides [CS],  Sulfonylurea Compounds [CS],  Sulfonylurea [EPC]","N/A","No","12/31/2027"
"Metformin Hydrochloride","69367-181-01","850 mg/1","TABLET, FILM COATED","ORAL","ANDA203769","Westminster Pharmaceuticals, LLC","69367-181","METFORMIN HYDROCHLORIDE","METFORMIN HYDROCHLORIDE","HUMAN PRESCRIPTION DRUG","11/21/2017","01/01/2027","ANDA","100 TABLET, FILM COATED in 1 BOTTLE, PLASTIC (69367-181-01)","Biguanide [EPC],  Biguanides [CS]","N/A","No","N/A"
"Metformin Hydrochloride","69367-181-05","850 mg/1","TABLET, FILM COATED","ORAL","ANDA203769","Westminster Pharmaceuticals, LLC","69367-181","METFORMIN HYDROCHLORIDE","METFORMIN HYDROCHLORIDE","HUMAN PRESCRIPTION DRUG","11/21/2017","01/01/2027","ANDA","500 TABLET, FILM COATED in 1 BOTTLE, PLASTIC (69367-181-05)","Biguanide [EPC],  Biguanides [CS]","N/A","No","N/A"
"Sitagliptin and Metformin Hydrochloride","70771-1888-3","100 mg/1,  1000 mg/1","TABLET, FILM COATED, EXTENDED RELEASE","ORAL","NDA216778","Zydus Lifesciences Limited","70771-1888","sitagliptin and metformin hydrochloride","SITAGLIPTIN,  METFORMIN HYDROCHLORIDE","HUMAN PRESCRIPTION DRUG","10/31/2024","N/A","NDA AUTHORIZED GENERIC","30 TABLET, FILM COATED, EXTENDED RELEASE in 1 BOTTLE (70771-1888-3)","Biguanide [EPC],  Biguanides [CS],  Dipeptidyl Peptidase 4 Inhibitor [EPC],  Dipeptidyl Peptidase 4 Inhibitors [MoA]","N/A","No","12/31/2026"
"METFORMIN HYDROCHLORIDE","71093-133-04","850 mg/1","TABLET","ORAL","ANDA203769","ACI Healthcare USA, Inc.","71093-133","METFORMIN HYDROCHLORIDE","METFORMIN HYDROCHLORIDE","HUMAN PRESCRIPTION DRUG","01/15/2018","N/A","ANDA","100 TABLET in 1 BOTTLE, PLASTIC (71093-133-04)","Biguanide [EPC],  Biguanides [CS]","N/A","No","12/31/2026"
"METFORMIN HYDROCHLORIDE","71093-133-05","850 mg/1","TABLET","ORAL","ANDA203769","ACI Healthcare USA, Inc.","71093-133","METFORMIN HYDROCHLORIDE","METFORMIN HYDROCHLORIDE","HUMAN PRESCRIPTION DRUG","01/15/2018","N/A","ANDA","500 TABLET in 1 BOTTLE, PLASTIC (71093-133-05)","Biguanide [EPC],  Biguanides [CS]","N/A","No","12/31/2026"
"Metformin Hydrochloride","80425-0591-1","1000 mg/1","TABLET, FILM COATED","ORAL","ANDA075973","Advanced Rx of Tennessee, LLC","80425-0591","metformin hydrochloride","METFORMIN HYDROCHLORIDE","HUMAN PRESCRIPTION DRUG","07/10/2026","N/A","ANDA","30 TABLET, FILM COATED in 1 BOTTLE, PLASTIC (80425-0591-1)","Biguanide [EPC],  Biguanides [CS]","N/A","No","12/31/2027"
"Metformin Hydrochloride","80425-0591-2","1000 mg/1","TABLET, FILM COATED","ORAL","ANDA075973","Advanced Rx of Tennessee, LLC","80425-0591","metformin hydrochloride","METFORMIN HYDROCHLORIDE","HUMAN PRESCRIPTION DRUG","07/10/2026","N/A","ANDA","60 TABLET, FILM COATED in 1 BOTTLE, PLASTIC (80425-0591-2)","Biguanide [EPC],  Biguanides [CS]","N/A","No","12/31/2027"
"Metformin Hydrochloride","80425-0591-3","1000 mg/1","TABLET, FILM COATED","ORAL","ANDA075973","Advanced Rx of Tennessee, LLC","80425-0591","metformin hydrochloride","METFORMIN HYDROCHLORIDE","HUMAN PRESCRIPTION DRUG","07/10/2026","N/A","ANDA","90 TABLET, FILM COATED in 1 BOTTLE, PLASTIC (80425-0591-3)","Biguanide [EPC],  Biguanides [CS]","N/A","No","12/31/2027"
"Metformin Hydrochloride","80425-0591-4","1000 mg/1","TABLET, FILM COATED","ORAL","ANDA075973","Advanced Rx of Tennessee, LLC","80425-0591","metformin hydrochloride","METFORMIN HYDROCHLORIDE","HUMAN PRESCRIPTION DRUG","07/10/2026","N/A","ANDA","108 TABLET, FILM COATED in 1 BOTTLE, PLASTIC (80425-0591-4)","Biguanide [EPC],  Biguanides [CS]","N/A","No","12/31/2027"
"Glipizide and Metformin Hydrochloride","68382-186-01","5 mg/1,  500 mg/1","TABLET, FILM COATED","ORAL","ANDA078905","Zydus Pharmaceuticals USA Inc.","68382-186","Glipizide and Metformin Hydrochloride","GLIPIZIDE,  METFORMIN HYDROCHLORIDE","HUMAN PRESCRIPTION DRUG","05/05/2016","N/A","ANDA","100 TABLET, FILM COATED in 1 BOTTLE (68382-186-01)","Biguanide [EPC],  Biguanides [CS],  Sulfonylurea Compounds [CS],  Sulfonylurea [EPC]","N/A","No","12/31/2027"
"Glipizide and Metformin Hydrochloride","68382-186-10","5 mg/1,  500 mg/1","TABLET, FILM COATED","ORAL","ANDA078905","Zydus Pharmaceuticals USA Inc.","68382-186","Glipizide and Metformin Hydrochloride","GLIPIZIDE,  METFORMIN HYDROCHLORIDE","HUMAN PRESCRIPTION DRUG","05/05/2016","N/A","ANDA","1000 TABLET, FILM COATED in 1 BOTTLE (68382-186-10)","Biguanide [EPC],  Biguanides [CS],  Sulfonylurea Compounds [CS],  Sulfonylurea [EPC]","N/A","No","12/31/2027"
"Glipizide and Metformin Hydrochloride","68382-186-16","5 mg/1,  500 mg/1","TABLET, FILM COATED","ORAL","ANDA078905","Zydus Pharmaceuticals USA Inc.","68382-186","Glipizide and Metformin Hydrochloride","GLIPIZIDE,  METFORMIN HYDROCHLORIDE","HUMAN PRESCRIPTION DRUG","05/05/2016","N/A","ANDA","90 TABLET, FILM COATED in 1 BOTTLE (68382-186-16)","Biguanide [EPC],  Biguanides [CS],  Sulfonylurea Compounds [CS],  Sulfonylurea [EPC]","N/A","No","12/31/2027"
"Glipizide and Metformin Hydrochloride","68382-186-77","5 mg/1,  500 mg/1","TABLET, FILM COATED","ORAL","ANDA078905","Zydus Pharmaceuticals USA Inc.","68382-186","Glipizide and Metformin Hydrochloride","GLIPIZIDE,  METFORMIN HYDROCHLORIDE","HUMAN PRESCRIPTION DRUG","05/05/2016","N/A","ANDA","10 BLISTER PACK in 1 CARTON (68382-186-77)  / 10 TABLET, FILM COATED in 1 BLISTER PACK (68382-186-30)","Biguanide [EPC],  Biguanides [CS],  Sulfonylurea Compounds [CS],  Sulfonylurea [EPC]","N/A","No","12/31/2027"
"Metformin Hydrochloride","69367-182-01","1000 mg/1","TABLET, FILM COATED","ORAL","ANDA203769","Westminster Pharmaceuticals, LLC","69367-182","METFORMIN HYDROCHLORIDE","METFORMIN HYDROCHLORIDE","HUMAN PRESCRIPTION DRUG","11/21/2017","01/01/2027","ANDA","100 TABLET, FILM COATED in 1 BOTTLE, PLASTIC (69367-182-01)","Biguanide [EPC],  Biguanides [CS]","N/A","No","N/A"
"Metformin Hydrochloride","69367-182-05","1000 mg/1","TABLET, FILM COATED","ORAL","ANDA203769","Westminster Pharmaceuticals, LLC","69367-182","METFORMIN HYDROCHLORIDE","METFORMIN HYDROCHLORIDE","HUMAN PRESCRIPTION DRUG","11/21/2017","01/01/2027","ANDA","500 TABLET, FILM COATED in 1 BOTTLE, PLASTIC (69367-182-05)","Biguanide [EPC],  Biguanides [CS]","N/A","No","N/A"
"Metformin Hydrochloride","69367-182-10","1000 mg/1","TABLET, FILM COATED","ORAL","ANDA203769","Westminster Pharmaceuticals, LLC","69367-182","METFORMIN HYDROCHLORIDE","METFORMIN HYDROCHLORIDE","HUMAN PRESCRIPTION DRUG","04/21/2020","01/01/2027","ANDA","1000 TABLET, FILM COATED in 1 BOTTLE, PLASTIC (69367-182-10)","Biguanide [EPC],  Biguanides [CS]","N/A","No","N/A"
"METFORMIN HYDROCHLORIDE","71093-134-04","1000 mg/1","TABLET","ORAL","ANDA203769","ACI Healthcare USA, Inc.","71093-134","METFORMIN HYDROCHLORIDE","METFORMIN HYDROCHLORIDE","HUMAN PRESCRIPTION DRUG","01/15/2018","N/A","ANDA","100 TABLET in 1 BOTTLE, PLASTIC (71093-134-04)","Biguanide [EPC],  Biguanides [CS]","N/A","No","12/31/2026"
"METFORMIN HYDROCHLORIDE","71093-134-05","1000 mg/1","TABLET","ORAL","ANDA203769","ACI Healthcare USA, Inc.","71093-134","METFORMIN HYDROCHLORIDE","METFORMIN HYDROCHLORIDE","HUMAN PRESCRIPTION DRUG","01/15/2018","N/A","ANDA","500 TABLET in 1 BOTTLE, PLASTIC (71093-134-05)","Biguanide [EPC],  Biguanides [CS]","N/A","No","12/31/2026"
"METFORMIN HYDROCHLORIDE","68071-3518-3","500 mg/1","TABLET","ORAL","ANDA213320","NuCare Pharmaceuticals,Inc.","68071-3518","metformin hydrochloride","METFORMIN HYDROCHLORIDE","HUMAN PRESCRIPTION DRUG","09/26/2024","N/A","ANDA","30 TABLET in 1 BOTTLE (68071-3518-3)","Biguanide [EPC],  Biguanides [CS]","N/A","No","12/31/2026"
"METFORMIN HYDROCHLORIDE","68071-3518-6","500 mg/1","TABLET","ORAL","ANDA213320","NuCare Pharmaceuticals,Inc.","68071-3518","metformin hydrochloride","METFORMIN HYDROCHLORIDE","HUMAN PRESCRIPTION DRUG","10/06/2023","N/A","ANDA","60 TABLET in 1 BOTTLE (68071-3518-6)","Biguanide [EPC],  Biguanides [CS]","N/A","No","12/31/2026"
"METFORMIN HYDROCHLORIDE","68071-3518-8","500 mg/1","TABLET","ORAL","ANDA213320","NuCare Pharmaceuticals,Inc.","68071-3518","metformin hydrochloride","METFORMIN HYDROCHLORIDE","HUMAN PRESCRIPTION DRUG","10/06/2023","N/A","ANDA","180 TABLET in 1 BOTTLE (68071-3518-8)","Biguanide [EPC],  Biguanides [CS]","N/A","No","12/31/2026"
"METFORMIN HYDROCHLORIDE","68071-3518-9","500 mg/1","TABLET","ORAL","ANDA213320","NuCare Pharmaceuticals,Inc.","68071-3518","metformin hydrochloride","METFORMIN HYDROCHLORIDE","HUMAN PRESCRIPTION DRUG","10/06/2023","N/A","ANDA","90 TABLET in 1 BOTTLE (68071-3518-9)","Biguanide [EPC],  Biguanides [CS]","N/A","No","12/31/2026"
"Metformin Hydrochloride","62135-680-05","500 mg/1","TABLET","ORAL","ANDA075972","Chartwell RX, LLC","62135-680","Metformin Hydrochloride","METFORMIN HYDROCHLORIDE","HUMAN PRESCRIPTION DRUG","04/06/2022","N/A","ANDA","500 TABLET in 1 BOTTLE (62135-680-05)","Biguanide [EPC],  Biguanides [CS]","N/A","No","12/31/2027"
"Metformin Hydrochloride","62135-680-10","500 mg/1","TABLET","ORAL","ANDA075972","Chartwell RX, LLC","62135-680","Metformin Hydrochloride","METFORMIN HYDROCHLORIDE","HUMAN PRESCRIPTION DRUG","04/06/2022","N/A","ANDA","1000 TABLET in 1 BOTTLE (62135-680-10)","Biguanide [EPC],  Biguanides [CS]","N/A","No","12/31/2027"
"Metformin Hydrochloride","62135-680-18","500 mg/1","TABLET","ORAL","ANDA075972","Chartwell RX, LLC","62135-680","Metformin Hydrochloride","METFORMIN HYDROCHLORIDE","HUMAN PRESCRIPTION DRUG","04/06/2022","N/A","ANDA","180 TABLET in 1 BOTTLE (62135-680-18)","Biguanide [EPC],  Biguanides [CS]","N/A","No","12/31/2027"
"Metformin Hydrochloride","62135-680-60","500 mg/1","TABLET","ORAL","ANDA075972","Chartwell RX, LLC","62135-680","Metformin Hydrochloride","METFORMIN HYDROCHLORIDE","HUMAN PRESCRIPTION DRUG","04/06/2022","N/A","ANDA","60 TABLET in 1 BOTTLE (62135-680-60)","Biguanide [EPC],  Biguanides [CS]","N/A","No","12/31/2027"
"Metformin Hydrochloride","62135-680-90","500 mg/1","TABLET","ORAL","ANDA075972","Chartwell RX, LLC","62135-680","Metformin Hydrochloride","METFORMIN HYDROCHLORIDE","HUMAN PRESCRIPTION DRUG","04/06/2022","N/A","ANDA","90 TABLET in 1 BOTTLE (62135-680-90)","Biguanide [EPC],  Biguanides [CS]","N/A","No","12/31/2027"
"Glipizide and Metformin Hydrochloride","42291-306-01","5 mg/1,  500 mg/1","TABLET, FILM COATED","ORAL","ANDA077270","AvKARE","42291-306","Glipizide and Metformin Hydrochloride","GLIPIZIDE,  METFORMIN HYDROCHLORIDE","HUMAN PRESCRIPTION DRUG","07/08/2013","N/A","ANDA","100 TABLET, FILM COATED in 1 BOTTLE (42291-306-01)","Biguanide [EPC],  Biguanides [CS],  Sulfonylurea Compounds [CS],  Sulfonylurea [EPC]","N/A","No","12/31/2026"
"Dapagliflozin and Metformin hydrochloride","59651-154-05","5 mg/1,  500 mg/1","TABLET, FILM COATED, EXTENDED RELEASE","ORAL","ANDA211489","Aurobindo Pharma Limited","59651-154","Dapagliflozin and Metformin hydrochloride","DAPAGLIFLOZIN,  METFORMIN HYDROCHLORIDE","HUMAN PRESCRIPTION DRUG","04/06/2026","N/A","ANDA","500 TABLET, FILM COATED, EXTENDED RELEASE in 1 BOTTLE (59651-154-05)","Biguanide [EPC],  Biguanides [CS],  Sodium-Glucose Cotransporter 2 Inhibitor [EPC],  Sodium-Glucose Transporter 2 Inhibitors [MoA]","N/A","No","12/31/2027"
"Dapagliflozin and Metformin hydrochloride","59651-154-30","5 mg/1,  500 mg/1","TABLET, FILM COATED, EXTENDED RELEASE","ORAL","ANDA211489","Aurobindo Pharma Limited","59651-154","Dapagliflozin and Metformin hydrochloride","DAPAGLIFLOZIN,  METFORMIN HYDROCHLORIDE","HUMAN PRESCRIPTION DRUG","04/06/2026","N/A","ANDA","30 TABLET, FILM COATED, EXTENDED RELEASE in 1 BOTTLE (59651-154-30)","Biguanide [EPC],  Biguanides [CS],  Sodium-Glucose Cotransporter 2 Inhibitor [EPC],  Sodium-Glucose Transporter 2 Inhibitors [MoA]","N/A","No","12/31/2027"
"Metformin Hydrochloride","62135-684-05","1000 mg/1","TABLET","ORAL","ANDA075972","Chartwell RX, LLC","62135-684","Metformin Hydrochloride","METFORMIN HYDROCHLORIDE","HUMAN PRESCRIPTION DRUG","04/06/2022","N/A","ANDA","500 TABLET in 1 BOTTLE (62135-684-05)","Biguanide [EPC],  Biguanides [CS]","N/A","No","12/31/2027"
"Metformin Hydrochloride","62135-684-10","1000 mg/1","TABLET","ORAL","ANDA075972","Chartwell RX, LLC","62135-684","Metformin Hydrochloride","METFORMIN HYDROCHLORIDE","HUMAN PRESCRIPTION DRUG","04/06/2022","N/A","ANDA","1000 TABLET in 1 BOTTLE (62135-684-10)","Biguanide [EPC],  Biguanides [CS]","N/A","No","12/31/2027"
"Metformin Hydrochloride","62135-684-18","1000 mg/1","TABLET","ORAL","ANDA075972","Chartwell RX, LLC","62135-684","Metformin Hydrochloride","METFORMIN HYDROCHLORIDE","HUMAN PRESCRIPTION DRUG","04/06/2022","N/A","ANDA","180 TABLET in 1 BOTTLE (62135-684-18)","Biguanide [EPC],  Biguanides [CS]","N/A","No","12/31/2027"
"Metformin Hydrochloride","62135-684-60","1000 mg/1","TABLET","ORAL","ANDA075972","Chartwell RX, LLC","62135-684","Metformin Hydrochloride","METFORMIN HYDROCHLORIDE","HUMAN PRESCRIPTION DRUG","04/06/2022","N/A","ANDA","60 TABLET in 1 BOTTLE (62135-684-60)","Biguanide [EPC],  Biguanides [CS]","N/A","No","12/31/2027"
"Metformin Hydrochloride","62135-684-90","1000 mg/1","TABLET","ORAL","ANDA075972","Chartwell RX, LLC","62135-684","Metformin Hydrochloride","METFORMIN HYDROCHLORIDE","HUMAN PRESCRIPTION DRUG","04/06/2022","N/A","ANDA","90 TABLET in 1 BOTTLE (62135-684-90)","Biguanide [EPC],  Biguanides [CS]","N/A","No","12/31/2027"
"Metformin Hydrochloride","70518-2709-1","750 mg/1","TABLET, EXTENDED RELEASE","ORAL","ANDA078321","REMEDYREPACK INC.","70518-2709","Metformin Hydrochloride","METFORMIN HYDROCHLORIDE","HUMAN PRESCRIPTION DRUG","07/15/2024","11/30/2026","ANDA","90 TABLET, EXTENDED RELEASE in 1 BOTTLE, PLASTIC (70518-2709-1)","Biguanide [EPC],  Biguanides [CS]","N/A","No","N/A"
"SEGLUROMET","0006-5369-03","2.5 mg/1,  500 mg/1","TABLET, FILM COATED","ORAL","NDA209806","Merck Sharp & Dohme LLC","0006-5369","ertugliflozin and metformin hydrochloride","ERTUGLIFLOZIN PIDOLATE,  METFORMIN HYDROCHLORIDE","HUMAN PRESCRIPTION DRUG","12/19/2017","N/A","NDA","60 TABLET, FILM COATED in 1 BOTTLE (0006-5369-03)","Biguanide [EPC],  Biguanides [CS]","N/A","No","12/31/2027"
"SEGLUROMET","0006-5369-06","2.5 mg/1,  500 mg/1","TABLET, FILM COATED","ORAL","NDA209806","Merck Sharp & Dohme LLC","0006-5369","ertugliflozin and metformin hydrochloride","ERTUGLIFLOZIN PIDOLATE,  METFORMIN HYDROCHLORIDE","HUMAN PRESCRIPTION DRUG","12/19/2017","N/A","NDA","180 TABLET, FILM COATED in 1 BOTTLE (0006-5369-06)","Biguanide [EPC],  Biguanides [CS]","N/A","No","12/31/2027"
"SEGLUROMET","0006-5369-07","2.5 mg/1,  500 mg/1","TABLET, FILM COATED","ORAL","NDA209806","Merck Sharp & Dohme LLC","0006-5369","ertugliflozin and metformin hydrochloride","ERTUGLIFLOZIN PIDOLATE,  METFORMIN HYDROCHLORIDE","HUMAN PRESCRIPTION DRUG","12/19/2017","N/A","NDA","500 TABLET, FILM COATED in 1 BOTTLE (0006-5369-07)","Biguanide [EPC],  Biguanides [CS]","N/A","No","12/31/2027"
"Metformin Hydrochloride","62135-682-05","750 mg/1","TABLET","ORAL","ANDA075972","Chartwell RX, LLC","62135-682","Metformin Hydrochloride","METFORMIN HYDROCHLORIDE","HUMAN PRESCRIPTION DRUG","04/06/2022","N/A","ANDA","500 TABLET in 1 BOTTLE (62135-682-05)","Biguanide [EPC],  Biguanides [CS]","N/A","No","12/31/2027"
"Metformin Hydrochloride","62135-682-30","750 mg/1","TABLET","ORAL","ANDA075972","Chartwell RX, LLC","62135-682","Metformin Hydrochloride","METFORMIN HYDROCHLORIDE","HUMAN PRESCRIPTION DRUG","04/06/2022","N/A","ANDA","30 TABLET in 1 BOTTLE (62135-682-30)","Biguanide [EPC],  Biguanides [CS]","N/A","No","12/31/2027"
"Metformin Hydrochloride","62135-682-90","750 mg/1","TABLET","ORAL","ANDA075972","Chartwell RX, LLC","62135-682","Metformin Hydrochloride","METFORMIN HYDROCHLORIDE","HUMAN PRESCRIPTION DRUG","04/06/2022","N/A","ANDA","90 TABLET in 1 BOTTLE (62135-682-90)","Biguanide [EPC],  Biguanides [CS]","N/A","No","12/31/2027"
"Trijardy XR","0597-0395-23","5 mg/1,  2.5 mg/1,  1000 mg/1","TABLET, EXTENDED RELEASE","ORAL","NDA212614","Boehringer Ingelheim Pharmaceuticals, Inc.","0597-0395","empagliflozin, linagliptin, metformin hydrochloride","EMPAGLIFLOZIN,  LINAGLIPTIN,  METFORMIN HYDROCHLORIDE","HUMAN PRESCRIPTION DRUG","04/23/2020","N/A","NDA","180 TABLET, EXTENDED RELEASE in 1 BOTTLE (0597-0395-23)","Biguanide [EPC],  Biguanides [CS],  Dipeptidyl Peptidase 4 Inhibitor [EPC],  Dipeptidyl Peptidase 4 Inhibitors [MoA],  Sodium-Glucose Cotransporter 2 Inhibitor [EPC],  Sodium-Glucose Transporter 2 Inhibitors [MoA]","N/A","No","12/31/2027"
"Trijardy XR","0597-0395-82","5 mg/1,  2.5 mg/1,  1000 mg/1","TABLET, EXTENDED RELEASE","ORAL","NDA212614","Boehringer Ingelheim Pharmaceuticals, Inc.","0597-0395","empagliflozin, linagliptin, metformin hydrochloride","EMPAGLIFLOZIN,  LINAGLIPTIN,  METFORMIN HYDROCHLORIDE","HUMAN PRESCRIPTION DRUG","04/23/2020","N/A","NDA","60 TABLET, EXTENDED RELEASE in 1 BOTTLE (0597-0395-82)","Biguanide [EPC],  Biguanides [CS],  Dipeptidyl Peptidase 4 Inhibitor [EPC],  Dipeptidyl Peptidase 4 Inhibitors [MoA],  Sodium-Glucose Cotransporter 2 Inhibitor [EPC],  Sodium-Glucose Transporter 2 Inhibitors [MoA]","N/A","No","12/31/2027"
"Metformin Hydrochloride","71205-555-00","1000 mg/1","TABLET","ORAL","ANDA090564","Proficient Rx LP","71205-555","Metformin Hydrochloride","METFORMIN HYDROCHLORIDE","HUMAN PRESCRIPTION DRUG","06/04/2021","N/A","ANDA","100 TABLET in 1 BOTTLE (71205-555-00)","Biguanide [EPC],  Biguanides [CS]","N/A","No","12/31/2026"
"Metformin Hydrochloride","71205-555-30","1000 mg/1","TABLET","ORAL","ANDA090564","Proficient Rx LP","71205-555","Metformin Hydrochloride","METFORMIN HYDROCHLORIDE","HUMAN PRESCRIPTION DRUG","04/23/2021","N/A","ANDA","30 TABLET in 1 BOTTLE (71205-555-30)","Biguanide [EPC],  Biguanides [CS]","N/A","No","12/31/2026"
"Metformin Hydrochloride","71205-555-60","1000 mg/1","TABLET","ORAL","ANDA090564","Proficient Rx LP","71205-555","Metformin Hydrochloride","METFORMIN HYDROCHLORIDE","HUMAN PRESCRIPTION DRUG","04/23/2021","N/A","ANDA","60 TABLET in 1 BOTTLE (71205-555-60)","Biguanide [EPC],  Biguanides [CS]","N/A","No","12/31/2026"
"Metformin Hydrochloride","71205-555-78","1000 mg/1","TABLET","ORAL","ANDA090564","Proficient Rx LP","71205-555","Metformin Hydrochloride","METFORMIN HYDROCHLORIDE","HUMAN PRESCRIPTION DRUG","12/01/2021","N/A","ANDA","180 TABLET in 1 BOTTLE (71205-555-78)","Biguanide [EPC],  Biguanides [CS]","N/A","No","12/31/2026"
"Metformin Hydrochloride","71205-555-90","1000 mg/1","TABLET","ORAL","ANDA090564","Proficient Rx LP","71205-555","Metformin Hydrochloride","METFORMIN HYDROCHLORIDE","HUMAN PRESCRIPTION DRUG","04/23/2021","N/A","ANDA","90 TABLET in 1 BOTTLE (71205-555-90)","Biguanide [EPC],  Biguanides [CS]","N/A","No","12/31/2026"
"Glipizide and Metformin Hydrochloride","42291-305-01","2.5 mg/1,  500 mg/1","TABLET, FILM COATED","ORAL","ANDA077270","AvKARE","42291-305","Glipizide and Metformin Hydrochloride","GLIPIZIDE,  METFORMIN HYDROCHLORIDE","HUMAN PRESCRIPTION DRUG","07/08/2013","N/A","ANDA","100 TABLET, FILM COATED in 1 BOTTLE (42291-305-01)","Biguanide [EPC],  Biguanides [CS],  Sulfonylurea Compounds [CS],  Sulfonylurea [EPC]","N/A","No","12/31/2026"
"Metformin Hydrochloride","62135-683-05","850 mg/1","TABLET","ORAL","ANDA075972","Chartwell RX, LLC","62135-683","Metformin Hydrochloride","METFORMIN HYDROCHLORIDE","HUMAN PRESCRIPTION DRUG","04/06/2022","N/A","ANDA","500 TABLET in 1 BOTTLE (62135-683-05)","Biguanide [EPC],  Biguanides [CS]","N/A","No","12/31/2027"
"Metformin Hydrochloride","62135-683-10","850 mg/1","TABLET","ORAL","ANDA075972","Chartwell RX, LLC","62135-683","Metformin Hydrochloride","METFORMIN HYDROCHLORIDE","HUMAN PRESCRIPTION DRUG","04/06/2022","N/A","ANDA","1000 TABLET in 1 BOTTLE (62135-683-10)","Biguanide [EPC],  Biguanides [CS]","N/A","No","12/31/2027"
"Metformin Hydrochloride","62135-683-18","850 mg/1","TABLET","ORAL","ANDA075972","Chartwell RX, LLC","62135-683","Metformin Hydrochloride","METFORMIN HYDROCHLORIDE","HUMAN PRESCRIPTION DRUG","04/06/2022","N/A","ANDA","180 TABLET in 1 BOTTLE (62135-683-18)","Biguanide [EPC],  Biguanides [CS]","N/A","No","12/31/2027"
"Metformin Hydrochloride","62135-683-30","850 mg/1","TABLET","ORAL","ANDA075972","Chartwell RX, LLC","62135-683","Metformin Hydrochloride","METFORMIN HYDROCHLORIDE","HUMAN PRESCRIPTION DRUG","04/06/2022","N/A","ANDA","30 TABLET in 1 BOTTLE (62135-683-30)","Biguanide [EPC],  Biguanides [CS]","N/A","No","12/31/2027"
"Metformin Hydrochloride","62135-683-90","850 mg/1","TABLET","ORAL","ANDA075972","Chartwell RX, LLC","62135-683","Metformin Hydrochloride","METFORMIN HYDROCHLORIDE","HUMAN PRESCRIPTION DRUG","04/06/2022","N/A","ANDA","90 TABLET in 1 BOTTLE (62135-683-90)","Biguanide [EPC],  Biguanides [CS]","N/A","No","12/31/2027"
"Riomet","10631-238-01","500 mg/5mL","SOLUTION","ORAL","NDA021591","Sun Pharmaceutical Industries, Inc.","10631-238","Metformin Hydrochloride","METFORMIN HYDROCHLORIDE","HUMAN PRESCRIPTION DRUG","01/04/2004","N/A","NDA","118 mL in 1 BOTTLE (10631-238-01)","Biguanide [EPC],  Biguanides [CS]","N/A","No","12/31/2026"
"Riomet","10631-238-02","500 mg/5mL","SOLUTION","ORAL","NDA021591","Sun Pharmaceutical Industries, Inc.","10631-238","Metformin Hydrochloride","METFORMIN HYDROCHLORIDE","HUMAN PRESCRIPTION DRUG","01/04/2004","N/A","NDA","473 mL in 1 BOTTLE (10631-238-02)","Biguanide [EPC],  Biguanides [CS]","N/A","No","12/31/2026"
"INVOKAMET","50458-542-60","150 mg/1,  500 mg/1","TABLET, FILM COATED","ORAL","NDA204353","Janssen Pharmaceuticals, Inc.","50458-542","canagliflozin and metformin hydrochloride","CANAGLIFLOZIN,  METFORMIN HYDROCHLORIDE","HUMAN PRESCRIPTION DRUG","08/08/2014","N/A","NDA","60 TABLET, FILM COATED in 1 BOTTLE (50458-542-60)","Biguanide [EPC],  Biguanides [CS],  P-Glycoprotein Inhibitors [MoA],  Sodium-Glucose Cotransporter 2 Inhibitor [EPC],  Sodium-Glucose Transporter 2 Inhibitors [MoA]","N/A","No","12/31/2027"
"Metformin Hydrochloride","83301-0010-1","1000 mg/1","TABLET, COATED","ORAL","ANDA205096","Mullan Pharmaceutical Inc.","83301-0010","Metformin Hydrochloride","METFORMIN HYDROCHLORIDE","HUMAN PRESCRIPTION DRUG","01/01/2024","N/A","ANDA","100 TABLET, COATED in 1 BOTTLE (83301-0010-1)","Biguanide [EPC],  Biguanides [CS]","N/A","No","12/31/2026"
"Metformin Hydrochloride","83301-0010-2","1000 mg/1","TABLET, COATED","ORAL","ANDA205096","Mullan Pharmaceutical Inc.","83301-0010","Metformin Hydrochloride","METFORMIN HYDROCHLORIDE","HUMAN PRESCRIPTION DRUG","01/01/2024","N/A","ANDA","500 TABLET, COATED in 1 BOTTLE (83301-0010-2)","Biguanide [EPC],  Biguanides [CS]","N/A","No","12/31/2026"
"Metformin Hydrochloride","83301-0010-3","1000 mg/1","TABLET, COATED","ORAL","ANDA205096","Mullan Pharmaceutical Inc.","83301-0010","Metformin Hydrochloride","METFORMIN HYDROCHLORIDE","HUMAN PRESCRIPTION DRUG","01/01/2024","N/A","ANDA","1000 TABLET, COATED in 1 BOTTLE (83301-0010-3)","Biguanide [EPC],  Biguanides [CS]","N/A","No","12/31/2026"
"Metformin hydrochloride","33342-141-10","500 mg/1","TABLET, FILM COATED","ORAL","ANDA205330","Macleods Pharmaceuticals Limited","33342-141","Metformin hydrochloride","METFORMIN HYDROCHLORIDE","HUMAN PRESCRIPTION DRUG","11/01/2017","N/A","ANDA","90 TABLET, FILM COATED in 1 BOTTLE (33342-141-10)","Biguanide [EPC],  Biguanides [CS]","N/A","No","12/31/2026"
"Metformin hydrochloride","33342-141-11","500 mg/1","TABLET, FILM COATED","ORAL","ANDA205330","Macleods Pharmaceuticals Limited","33342-141","Metformin hydrochloride","METFORMIN HYDROCHLORIDE","HUMAN PRESCRIPTION DRUG","11/01/2017","N/A","ANDA","100 TABLET, FILM COATED in 1 BOTTLE (33342-141-11)","Biguanide [EPC],  Biguanides [CS]","N/A","No","12/31/2026"
"Metformin hydrochloride","33342-141-44","500 mg/1","TABLET, FILM COATED","ORAL","ANDA205330","Macleods Pharmaceuticals Limited","33342-141","Metformin hydrochloride","METFORMIN HYDROCHLORIDE","HUMAN PRESCRIPTION DRUG","11/01/2017","N/A","ANDA","1000 TABLET, FILM COATED in 1 BOTTLE (33342-141-44)","Biguanide [EPC],  Biguanides [CS]","N/A","No","12/31/2026"
"METFORMIN HYDROCHLORIDE","68071-3526-1","1000 mg/1","TABLET","ORAL","ANDA213320","NuCare Pharmaceuticals,Inc.","68071-3526","metformin hydrochloride","METFORMIN HYDROCHLORIDE","HUMAN PRESCRIPTION DRUG","10/23/2023","N/A","ANDA","100 TABLET in 1 BOTTLE (68071-3526-1)","Biguanide [EPC],  Biguanides [CS]","N/A","No","12/31/2026"
"Metformin Hydrochloride","53746-218-01","500 mg/1","TABLET","ORAL","ANDA077880","Amneal Pharmaceuticals of New York LLC","53746-218","Metformin Hydrochloride","METFORMIN HYDROCHLORIDE","HUMAN PRESCRIPTION DRUG","12/17/2012","N/A","ANDA","100 TABLET in 1 BOTTLE (53746-218-01)","Biguanide [EPC],  Biguanides [CS]","N/A","No","12/31/2026"
"Metformin Hydrochloride","53746-218-05","500 mg/1","TABLET","ORAL","ANDA077880","Amneal Pharmaceuticals of New York LLC","53746-218","Metformin Hydrochloride","METFORMIN HYDROCHLORIDE","HUMAN PRESCRIPTION DRUG","12/17/2012","N/A","ANDA","500 TABLET in 1 BOTTLE (53746-218-05)","Biguanide [EPC],  Biguanides [CS]","N/A","No","12/31/2026"
"Metformin Hydrochloride","53746-218-10","500 mg/1","TABLET","ORAL","ANDA077880","Amneal Pharmaceuticals of New York LLC","53746-218","Metformin Hydrochloride","METFORMIN HYDROCHLORIDE","HUMAN PRESCRIPTION DRUG","12/17/2012","N/A","ANDA","1000 TABLET in 1 BOTTLE (53746-218-10)","Biguanide [EPC],  Biguanides [CS]","N/A","No","12/31/2026"
"Dapagliflozin and Metformin hydrochloride","59651-155-04","5 mg/1,  1000 mg/1","TABLET, FILM COATED, EXTENDED RELEASE","ORAL","ANDA211489","Aurobindo Pharma Limited","59651-155","Dapagliflozin and Metformin hydrochloride","DAPAGLIFLOZIN,  METFORMIN HYDROCHLORIDE","HUMAN PRESCRIPTION DRUG","04/06/2026","N/A","ANDA","400 TABLET, FILM COATED, EXTENDED RELEASE in 1 BOTTLE (59651-155-04)","Biguanide [EPC],  Biguanides [CS],  Sodium-Glucose Cotransporter 2 Inhibitor [EPC],  Sodium-Glucose Transporter 2 Inhibitors [MoA]","N/A","No","12/31/2027"
"Dapagliflozin and Metformin hydrochloride","59651-155-30","5 mg/1,  1000 mg/1","TABLET, FILM COATED, EXTENDED RELEASE","ORAL","ANDA211489","Aurobindo Pharma Limited","59651-155","Dapagliflozin and Metformin hydrochloride","DAPAGLIFLOZIN,  METFORMIN HYDROCHLORIDE","HUMAN PRESCRIPTION DRUG","04/06/2026","N/A","ANDA","30 TABLET, FILM COATED, EXTENDED RELEASE in 1 BOTTLE (59651-155-30)","Biguanide [EPC],  Biguanides [CS],  Sodium-Glucose Cotransporter 2 Inhibitor [EPC],  Sodium-Glucose Transporter 2 Inhibitors [MoA]","N/A","No","12/31/2027"
"Dapagliflozin and Metformin hydrochloride","59651-155-60","5 mg/1,  1000 mg/1","TABLET, FILM COATED, EXTENDED RELEASE","ORAL","ANDA211489","Aurobindo Pharma Limited","59651-155","Dapagliflozin and Metformin hydrochloride","DAPAGLIFLOZIN,  METFORMIN HYDROCHLORIDE","HUMAN PRESCRIPTION DRUG","04/06/2026","N/A","ANDA","60 TABLET, FILM COATED, EXTENDED RELEASE in 1 BOTTLE (59651-155-60)","Biguanide [EPC],  Biguanides [CS],  Sodium-Glucose Cotransporter 2 Inhibitor [EPC],  Sodium-Glucose Transporter 2 Inhibitors [MoA]","N/A","No","12/31/2027"
"INVOKAMET","50458-540-60","50 mg/1,  500 mg/1","TABLET, FILM COATED","ORAL","NDA204353","Janssen Pharmaceuticals, Inc.","50458-540","canagliflozin and metformin hydrochloride","CANAGLIFLOZIN,  METFORMIN HYDROCHLORIDE","HUMAN PRESCRIPTION DRUG","08/08/2014","N/A","NDA","60 TABLET, FILM COATED in 1 BOTTLE (50458-540-60)","Biguanide [EPC],  Biguanides [CS],  P-Glycoprotein Inhibitors [MoA],  Sodium-Glucose Cotransporter 2 Inhibitor [EPC],  Sodium-Glucose Transporter 2 Inhibitors [MoA]","N/A","No","12/31/2027"
"Metformin Hydrochloride","53746-219-01","850 mg/1","TABLET","ORAL","ANDA077880","Amneal Pharmaceuticals of New York LLC","53746-219","Metformin Hydrochloride","METFORMIN HYDROCHLORIDE","HUMAN PRESCRIPTION DRUG","12/17/2012","N/A","ANDA","100 TABLET in 1 BOTTLE (53746-219-01)","Biguanide [EPC],  Biguanides [CS]","N/A","No","12/31/2026"
"Metformin Hydrochloride","53746-219-05","850 mg/1","TABLET","ORAL","ANDA077880","Amneal Pharmaceuticals of New York LLC","53746-219","Metformin Hydrochloride","METFORMIN HYDROCHLORIDE","HUMAN PRESCRIPTION DRUG","12/17/2012","N/A","ANDA","500 TABLET in 1 BOTTLE (53746-219-05)","Biguanide [EPC],  Biguanides [CS]","N/A","No","12/31/2026"
"Metformin Hydrochloride","53746-219-10","850 mg/1","TABLET","ORAL","ANDA077880","Amneal Pharmaceuticals of New York LLC","53746-219","Metformin Hydrochloride","METFORMIN HYDROCHLORIDE","HUMAN PRESCRIPTION DRUG","12/17/2012","N/A","ANDA","1000 TABLET in 1 BOTTLE (53746-219-10)","Biguanide [EPC],  Biguanides [CS]","N/A","No","12/31/2026"
"Dapagliflozin and Metformin hydrochloride","59651-156-05","10 mg/1,  500 mg/1","TABLET, FILM COATED, EXTENDED RELEASE","ORAL","ANDA211489","Aurobindo Pharma Limited","59651-156","Dapagliflozin and Metformin hydrochloride","DAPAGLIFLOZIN,  METFORMIN HYDROCHLORIDE","HUMAN PRESCRIPTION DRUG","04/06/2026","N/A","ANDA","500 TABLET, FILM COATED, EXTENDED RELEASE in 1 BOTTLE (59651-156-05)","Biguanide [EPC],  Biguanides [CS],  Sodium-Glucose Cotransporter 2 Inhibitor [EPC],  Sodium-Glucose Transporter 2 Inhibitors [MoA]","N/A","No","12/31/2027"
"Dapagliflozin and Metformin hydrochloride","59651-156-30","10 mg/1,  500 mg/1","TABLET, FILM COATED, EXTENDED RELEASE","ORAL","ANDA211489","Aurobindo Pharma Limited","59651-156","Dapagliflozin and Metformin hydrochloride","DAPAGLIFLOZIN,  METFORMIN HYDROCHLORIDE","HUMAN PRESCRIPTION DRUG","04/06/2026","N/A","ANDA","30 TABLET, FILM COATED, EXTENDED RELEASE in 1 BOTTLE (59651-156-30)","Biguanide [EPC],  Biguanides [CS],  Sodium-Glucose Cotransporter 2 Inhibitor [EPC],  Sodium-Glucose Transporter 2 Inhibitors [MoA]","N/A","No","12/31/2027"
"Metformin Hydrochloride","83301-0008-1","500 mg/1","TABLET, COATED","ORAL","ANDA205096","Mullan Pharmaceutical Inc.","83301-0008","Metformin Hydrochloride","METFORMIN HYDROCHLORIDE","HUMAN PRESCRIPTION DRUG","01/01/2024","N/A","ANDA","100 TABLET, COATED in 1 BOTTLE (83301-0008-1)","Biguanide [EPC],  Biguanides [CS]","N/A","No","12/31/2026"
"Metformin Hydrochloride","83301-0008-2","500 mg/1","TABLET, COATED","ORAL","ANDA205096","Mullan Pharmaceutical Inc.","83301-0008","Metformin Hydrochloride","METFORMIN HYDROCHLORIDE","HUMAN PRESCRIPTION DRUG","01/01/2024","N/A","ANDA","500 TABLET, COATED in 1 BOTTLE (83301-0008-2)","Biguanide [EPC],  Biguanides [CS]","N/A","No","12/31/2026"
"Metformin Hydrochloride","83301-0008-3","500 mg/1","TABLET, COATED","ORAL","ANDA205096","Mullan Pharmaceutical Inc.","83301-0008","Metformin Hydrochloride","METFORMIN HYDROCHLORIDE","HUMAN PRESCRIPTION DRUG","01/01/2024","N/A","ANDA","1000 TABLET, COATED in 1 BOTTLE (83301-0008-3)","Biguanide [EPC],  Biguanides [CS]","N/A","No","12/31/2026"
"METFORMIN HYDROCHLORIDE","67877-159-01","500 mg/1","TABLET, EXTENDED RELEASE","ORAL","ANDA201991","Ascend Laboratories, LLC","67877-159","metformin hydrochloride","METFORMIN HYDROCHLORIDE","HUMAN PRESCRIPTION DRUG","11/25/2016","N/A","ANDA","100 TABLET, EXTENDED RELEASE in 1 BOTTLE (67877-159-01)","Biguanide [EPC],  Biguanides [CS]","N/A","No","12/31/2027"
"METFORMIN HYDROCHLORIDE","67877-159-05","500 mg/1","TABLET, EXTENDED RELEASE","ORAL","ANDA201991","Ascend Laboratories, LLC","67877-159","metformin hydrochloride","METFORMIN HYDROCHLORIDE","HUMAN PRESCRIPTION DRUG","11/25/2016","N/A","ANDA","500 TABLET, EXTENDED RELEASE in 1 BOTTLE (67877-159-05)","Biguanide [EPC],  Biguanides [CS]","N/A","No","12/31/2027"
"METFORMIN HYDROCHLORIDE","67877-159-10","500 mg/1","TABLET, EXTENDED RELEASE","ORAL","ANDA201991","Ascend Laboratories, LLC","67877-159","metformin hydrochloride","METFORMIN HYDROCHLORIDE","HUMAN PRESCRIPTION DRUG","11/25/2016","N/A","ANDA","1000 TABLET, EXTENDED RELEASE in 1 BOTTLE (67877-159-10)","Biguanide [EPC],  Biguanides [CS]","N/A","No","12/31/2027"
"INVOKAMET","50458-541-60","50 mg/1,  1000 mg/1","TABLET, FILM COATED","ORAL","NDA204353","Janssen Pharmaceuticals, Inc.","50458-541","canagliflozin and metformin hydrochloride","CANAGLIFLOZIN,  METFORMIN HYDROCHLORIDE","HUMAN PRESCRIPTION DRUG","08/08/2014","N/A","NDA","60 TABLET, FILM COATED in 1 BOTTLE (50458-541-60)","Biguanide [EPC],  Biguanides [CS],  P-Glycoprotein Inhibitors [MoA],  Sodium-Glucose Cotransporter 2 Inhibitor [EPC],  Sodium-Glucose Transporter 2 Inhibitors [MoA]","N/A","No","12/31/2027"
"Metformin Hydrochloride","53746-220-01","1000 mg/1","TABLET","ORAL","ANDA077880","Amneal Pharmaceuticals of New York LLC","53746-220","Metformin Hydrochloride","METFORMIN HYDROCHLORIDE","HUMAN PRESCRIPTION DRUG","12/17/2012","N/A","ANDA","100 TABLET in 1 BOTTLE (53746-220-01)","Biguanide [EPC],  Biguanides [CS]","N/A","No","12/31/2026"
"Metformin Hydrochloride","53746-220-05","1000 mg/1","TABLET","ORAL","ANDA077880","Amneal Pharmaceuticals of New York LLC","53746-220","Metformin Hydrochloride","METFORMIN HYDROCHLORIDE","HUMAN PRESCRIPTION DRUG","12/17/2012","N/A","ANDA","500 TABLET in 1 BOTTLE (53746-220-05)","Biguanide [EPC],  Biguanides [CS]","N/A","No","12/31/2026"
"Metformin Hydrochloride","53746-220-10","1000 mg/1","TABLET","ORAL","ANDA077880","Amneal Pharmaceuticals of New York LLC","53746-220","Metformin Hydrochloride","METFORMIN HYDROCHLORIDE","HUMAN PRESCRIPTION DRUG","12/17/2012","N/A","ANDA","1000 TABLET in 1 BOTTLE (53746-220-10)","Biguanide [EPC],  Biguanides [CS]","N/A","No","12/31/2026"
"Dapagliflozin and Metformin hydrochloride","59651-157-04","10 mg/1,  1000 mg/1","TABLET, FILM COATED, EXTENDED RELEASE","ORAL","ANDA211489","Aurobindo Pharma Limited","59651-157","Dapagliflozin and Metformin hydrochloride","DAPAGLIFLOZIN,  METFORMIN HYDROCHLORIDE","HUMAN PRESCRIPTION DRUG","04/06/2026","N/A","ANDA","400 TABLET, FILM COATED, EXTENDED RELEASE in 1 BOTTLE (59651-157-04)","Biguanide [EPC],  Biguanides [CS],  Sodium-Glucose Cotransporter 2 Inhibitor [EPC],  Sodium-Glucose Transporter 2 Inhibitors [MoA]","N/A","No","12/31/2027"
"Dapagliflozin and Metformin hydrochloride","59651-157-30","10 mg/1,  1000 mg/1","TABLET, FILM COATED, EXTENDED RELEASE","ORAL","ANDA211489","Aurobindo Pharma Limited","59651-157","Dapagliflozin and Metformin hydrochloride","DAPAGLIFLOZIN,  METFORMIN HYDROCHLORIDE","HUMAN PRESCRIPTION DRUG","04/06/2026","N/A","ANDA","30 TABLET, FILM COATED, EXTENDED RELEASE in 1 BOTTLE (59651-157-30)","Biguanide [EPC],  Biguanides [CS],  Sodium-Glucose Cotransporter 2 Inhibitor [EPC],  Sodium-Glucose Transporter 2 Inhibitors [MoA]","N/A","No","12/31/2027"
"Metformin Hydrochloride","83301-0009-1","850 mg/1","TABLET, COATED","ORAL","ANDA205096","Mullan Pharmaceutical Inc.","83301-0009","Metformin Hydrochloride","METFORMIN HYDROCHLORIDE","HUMAN PRESCRIPTION DRUG","01/01/2024","N/A","ANDA","100 TABLET, COATED in 1 BOTTLE (83301-0009-1)","Biguanide [EPC],  Biguanides [CS]","N/A","No","12/31/2026"
"Metformin Hydrochloride","83301-0009-2","850 mg/1","TABLET, COATED","ORAL","ANDA205096","Mullan Pharmaceutical Inc.","83301-0009","Metformin Hydrochloride","METFORMIN HYDROCHLORIDE","HUMAN PRESCRIPTION DRUG","01/01/2024","N/A","ANDA","500 TABLET, COATED in 1 BOTTLE (83301-0009-2)","Biguanide [EPC],  Biguanides [CS]","N/A","No","12/31/2026"
"Metformin Hydrochloride","83301-0009-3","850 mg/1","TABLET, COATED","ORAL","ANDA205096","Mullan Pharmaceutical Inc.","83301-0009","Metformin Hydrochloride","METFORMIN HYDROCHLORIDE","HUMAN PRESCRIPTION DRUG","01/01/2024","N/A","ANDA","1000 TABLET, COATED in 1 BOTTLE (83301-0009-3)","Biguanide [EPC],  Biguanides [CS]","N/A","No","12/31/2026"
"Metformin hydrochloride","27241-189-60","1000 mg/1","TABLET, EXTENDED RELEASE","ORAL","ANDA213651","Ajanta Pharma USA Inc.","27241-189","Metformin hydrochloride","METFORMIN HYDROCHLORIDE","HUMAN PRESCRIPTION DRUG","04/09/2020","N/A","ANDA","60 TABLET, EXTENDED RELEASE in 1 BOTTLE (27241-189-60)","Biguanide [EPC],  Biguanides [CS]","N/A","No","12/31/2027"
"INVOKAMET","50458-543-60","150 mg/1,  1000 mg/1","TABLET, FILM COATED","ORAL","NDA204353","Janssen Pharmaceuticals, Inc.","50458-543","canagliflozin and metformin hydrochloride","CANAGLIFLOZIN,  METFORMIN HYDROCHLORIDE","HUMAN PRESCRIPTION DRUG","08/08/2014","N/A","NDA","60 TABLET, FILM COATED in 1 BOTTLE (50458-543-60)","Biguanide [EPC],  Biguanides [CS],  P-Glycoprotein Inhibitors [MoA],  Sodium-Glucose Cotransporter 2 Inhibitor [EPC],  Sodium-Glucose Transporter 2 Inhibitors [MoA]","N/A","No","12/31/2027"
"METFORMIN HYDROCHLORIDE","71335-2568-1","500 mg/1","TABLET, EXTENDED RELEASE","ORAL","ANDA217631","Bryant Ranch Prepack","71335-2568","METFORMIN HYDROCHLORIDE","METFORMIN HYDROCHLORIDE","HUMAN PRESCRIPTION DRUG","02/05/2025","N/A","ANDA","60 TABLET, EXTENDED RELEASE in 1 BOTTLE (71335-2568-1)","Biguanide [EPC],  Biguanides [CS]","N/A","No","12/31/2026"
"METFORMIN HYDROCHLORIDE","71335-2568-2","500 mg/1","TABLET, EXTENDED RELEASE","ORAL","ANDA217631","Bryant Ranch Prepack","71335-2568","METFORMIN HYDROCHLORIDE","METFORMIN HYDROCHLORIDE","HUMAN PRESCRIPTION DRUG","02/05/2025","N/A","ANDA","30 TABLET, EXTENDED RELEASE in 1 BOTTLE (71335-2568-2)","Biguanide [EPC],  Biguanides [CS]","N/A","No","12/31/2026"
"METFORMIN HYDROCHLORIDE","71335-2568-3","500 mg/1","TABLET, EXTENDED RELEASE","ORAL","ANDA217631","Bryant Ranch Prepack","71335-2568","METFORMIN HYDROCHLORIDE","METFORMIN HYDROCHLORIDE","HUMAN PRESCRIPTION DRUG","02/05/2025","N/A","ANDA","100 TABLET, EXTENDED RELEASE in 1 BOTTLE (71335-2568-3)","Biguanide [EPC],  Biguanides [CS]","N/A","No","12/31/2026"
"METFORMIN HYDROCHLORIDE","71335-2568-4","500 mg/1","TABLET, EXTENDED RELEASE","ORAL","ANDA217631","Bryant Ranch Prepack","71335-2568","METFORMIN HYDROCHLORIDE","METFORMIN HYDROCHLORIDE","HUMAN PRESCRIPTION DRUG","02/05/2025","N/A","ANDA","90 TABLET, EXTENDED RELEASE in 1 BOTTLE (71335-2568-4)","Biguanide [EPC],  Biguanides [CS]","N/A","No","12/31/2026"
"METFORMIN HYDROCHLORIDE","71335-2568-5","500 mg/1","TABLET, EXTENDED RELEASE","ORAL","ANDA217631","Bryant Ranch Prepack","71335-2568","METFORMIN HYDROCHLORIDE","METFORMIN HYDROCHLORIDE","HUMAN PRESCRIPTION DRUG","02/05/2025","N/A","ANDA","120 TABLET, EXTENDED RELEASE in 1 BOTTLE (71335-2568-5)","Biguanide [EPC],  Biguanides [CS]","N/A","No","12/31/2026"
"METFORMIN HYDROCHLORIDE","71335-2568-6","500 mg/1","TABLET, EXTENDED RELEASE","ORAL","ANDA217631","Bryant Ranch Prepack","71335-2568","METFORMIN HYDROCHLORIDE","METFORMIN HYDROCHLORIDE","HUMAN PRESCRIPTION DRUG","02/05/2025","N/A","ANDA","15 TABLET, EXTENDED RELEASE in 1 BOTTLE (71335-2568-6)","Biguanide [EPC],  Biguanides [CS]","N/A","No","12/31/2026"
"METFORMIN HYDROCHLORIDE","71335-2568-7","500 mg/1","TABLET, EXTENDED RELEASE","ORAL","ANDA217631","Bryant Ranch Prepack","71335-2568","METFORMIN HYDROCHLORIDE","METFORMIN HYDROCHLORIDE","HUMAN PRESCRIPTION DRUG","02/05/2025","N/A","ANDA","45 TABLET, EXTENDED RELEASE in 1 BOTTLE (71335-2568-7)","Biguanide [EPC],  Biguanides [CS]","N/A","No","12/31/2026"
"METFORMIN HYDROCHLORIDE","71335-2568-8","500 mg/1","TABLET, EXTENDED RELEASE","ORAL","ANDA217631","Bryant Ranch Prepack","71335-2568","METFORMIN HYDROCHLORIDE","METFORMIN HYDROCHLORIDE","HUMAN PRESCRIPTION DRUG","02/05/2025","N/A","ANDA","180 TABLET, EXTENDED RELEASE in 1 BOTTLE (71335-2568-8)","Biguanide [EPC],  Biguanides [CS]","N/A","No","12/31/2026"
"METFORMIN HYDROCHLORIDE","71335-2568-9","500 mg/1","TABLET, EXTENDED RELEASE","ORAL","ANDA217631","Bryant Ranch Prepack","71335-2568","METFORMIN HYDROCHLORIDE","METFORMIN HYDROCHLORIDE","HUMAN PRESCRIPTION DRUG","02/05/2025","N/A","ANDA","20 TABLET, EXTENDED RELEASE in 1 BOTTLE (71335-2568-9)","Biguanide [EPC],  Biguanides [CS]","N/A","No","12/31/2026"
"Metformin hydrochloride","33342-142-10","850 mg/1","TABLET, FILM COATED","ORAL","ANDA205330","Macleods Pharmaceuticals Limited","33342-142","Metformin hydrochloride","METFORMIN HYDROCHLORIDE","HUMAN PRESCRIPTION DRUG","11/01/2017","N/A","ANDA","90 TABLET, FILM COATED in 1 BOTTLE (33342-142-10)","Biguanide [EPC],  Biguanides [CS]","N/A","No","12/31/2026"
"Metformin hydrochloride","33342-142-11","850 mg/1","TABLET, FILM COATED","ORAL","ANDA205330","Macleods Pharmaceuticals Limited","33342-142","Metformin hydrochloride","METFORMIN HYDROCHLORIDE","HUMAN PRESCRIPTION DRUG","11/01/2017","N/A","ANDA","100 TABLET, FILM COATED in 1 BOTTLE (33342-142-11)","Biguanide [EPC],  Biguanides [CS]","N/A","No","12/31/2026"
"Metformin hydrochloride","33342-142-44","850 mg/1","TABLET, FILM COATED","ORAL","ANDA205330","Macleods Pharmaceuticals Limited","33342-142","Metformin hydrochloride","METFORMIN HYDROCHLORIDE","HUMAN PRESCRIPTION DRUG","11/01/2017","N/A","ANDA","1000 TABLET, FILM COATED in 1 BOTTLE (33342-142-44)","Biguanide [EPC],  Biguanides [CS]","N/A","No","12/31/2026"
"METFORMIN HYDROCHLORIDE","68071-3531-1","850 mg/1","TABLET","ORAL","ANDA213320","NuCare Pharmaceuticals,Inc.","68071-3531","metformin hydrochloride","METFORMIN HYDROCHLORIDE","HUMAN PRESCRIPTION DRUG","11/28/2023","N/A","ANDA","100 TABLET in 1 BOTTLE (68071-3531-1)","Biguanide [EPC],  Biguanides [CS]","N/A","No","12/31/2026"
"Metformin hydrochloride","33342-143-10","1000 mg/1","TABLET, FILM COATED","ORAL","ANDA205330","Macleods Pharmaceuticals Limited","33342-143","Metformin hydrochloride","METFORMIN HYDROCHLORIDE","HUMAN PRESCRIPTION DRUG","11/01/2017","N/A","ANDA","90 TABLET, FILM COATED in 1 BOTTLE (33342-143-10)","Biguanide [EPC],  Biguanides [CS]","N/A","No","12/31/2026"
"Metformin hydrochloride","33342-143-11","1000 mg/1","TABLET, FILM COATED","ORAL","ANDA205330","Macleods Pharmaceuticals Limited","33342-143","Metformin hydrochloride","METFORMIN HYDROCHLORIDE","HUMAN PRESCRIPTION DRUG","11/01/2017","N/A","ANDA","100 TABLET, FILM COATED in 1 BOTTLE (33342-143-11)","Biguanide [EPC],  Biguanides [CS]","N/A","No","12/31/2026"
"Metformin hydrochloride","33342-143-44","1000 mg/1","TABLET, FILM COATED","ORAL","ANDA205330","Macleods Pharmaceuticals Limited","33342-143","Metformin hydrochloride","METFORMIN HYDROCHLORIDE","HUMAN PRESCRIPTION DRUG","11/01/2017","N/A","ANDA","1000 TABLET, FILM COATED in 1 BOTTLE (33342-143-44)","Biguanide [EPC],  Biguanides [CS]","N/A","No","12/31/2026"
"METFORMIN HYDROCHLORIDE","71610-447-30","500 mg/1","TABLET, EXTENDED RELEASE","ORAL","ANDA077336","Aphena Pharma Solutions - Tennessee, LLC","71610-447","METFORMIN HYDROCHLORIDE","METFORMIN HYDROCHLORIDE","HUMAN PRESCRIPTION DRUG","07/24/2020","N/A","ANDA","30 TABLET, EXTENDED RELEASE in 1 BOTTLE (71610-447-30)","Biguanide [EPC],  Biguanides [CS]","N/A","No","12/31/2026"
"METFORMIN HYDROCHLORIDE","71610-447-53","500 mg/1","TABLET, EXTENDED RELEASE","ORAL","ANDA077336","Aphena Pharma Solutions - Tennessee, LLC","71610-447","METFORMIN HYDROCHLORIDE","METFORMIN HYDROCHLORIDE","HUMAN PRESCRIPTION DRUG","07/24/2020","N/A","ANDA","60 TABLET, EXTENDED RELEASE in 1 BOTTLE (71610-447-53)","Biguanide [EPC],  Biguanides [CS]","N/A","No","12/31/2026"
"METFORMIN HYDROCHLORIDE","71610-447-60","500 mg/1","TABLET, EXTENDED RELEASE","ORAL","ANDA077336","Aphena Pharma Solutions - Tennessee, LLC","71610-447","METFORMIN HYDROCHLORIDE","METFORMIN HYDROCHLORIDE","HUMAN PRESCRIPTION DRUG","07/24/2020","N/A","ANDA","90 TABLET, EXTENDED RELEASE in 1 BOTTLE (71610-447-60)","Biguanide [EPC],  Biguanides [CS]","N/A","No","12/31/2026"
"METFORMIN HYDROCHLORIDE","71610-447-70","500 mg/1","TABLET, EXTENDED RELEASE","ORAL","ANDA077336","Aphena Pharma Solutions - Tennessee, LLC","71610-447","METFORMIN HYDROCHLORIDE","METFORMIN HYDROCHLORIDE","HUMAN PRESCRIPTION DRUG","07/24/2020","N/A","ANDA","120 TABLET, EXTENDED RELEASE in 1 BOTTLE (71610-447-70)","Biguanide [EPC],  Biguanides [CS]","N/A","No","12/31/2026"
"METFORMIN HYDROCHLORIDE","71610-447-80","500 mg/1","TABLET, EXTENDED RELEASE","ORAL","ANDA077336","Aphena Pharma Solutions - Tennessee, LLC","71610-447","METFORMIN HYDROCHLORIDE","METFORMIN HYDROCHLORIDE","HUMAN PRESCRIPTION DRUG","07/24/2020","N/A","ANDA","180 TABLET, EXTENDED RELEASE in 1 BOTTLE (71610-447-80)","Biguanide [EPC],  Biguanides [CS]","N/A","No","12/31/2026"
"METFORMIN HYDROCHLORIDE","71610-447-94","500 mg/1","TABLET, EXTENDED RELEASE","ORAL","ANDA077336","Aphena Pharma Solutions - Tennessee, LLC","71610-447","METFORMIN HYDROCHLORIDE","METFORMIN HYDROCHLORIDE","HUMAN PRESCRIPTION DRUG","03/11/2021","N/A","ANDA","360 TABLET, EXTENDED RELEASE in 1 BOTTLE (71610-447-94)","Biguanide [EPC],  Biguanides [CS]","N/A","No","12/31/2026"
"Metformin Hydrochloride","71610-740-53","750 mg/1","TABLET, EXTENDED RELEASE","ORAL","ANDA078596","Aphena Pharma Solutions - Tennessee, LLC","71610-740","Metformin Hydrochloride","METFORMIN HYDROCHLORIDE","HUMAN PRESCRIPTION DRUG","11/09/2023","N/A","ANDA","60 TABLET, EXTENDED RELEASE in 1 BOTTLE (71610-740-53)","Biguanide [EPC],  Biguanides [CS]","N/A","No","12/31/2026"
"Metformin Hydrochloride","71610-740-60","750 mg/1","TABLET, EXTENDED RELEASE","ORAL","ANDA078596","Aphena Pharma Solutions - Tennessee, LLC","71610-740","Metformin Hydrochloride","METFORMIN HYDROCHLORIDE","HUMAN PRESCRIPTION DRUG","10/04/2023","N/A","ANDA","90 TABLET, EXTENDED RELEASE in 1 BOTTLE (71610-740-60)","Biguanide [EPC],  Biguanides [CS]","N/A","No","12/31/2026"
"Metformin Hydrochloride","71610-740-80","750 mg/1","TABLET, EXTENDED RELEASE","ORAL","ANDA078596","Aphena Pharma Solutions - Tennessee, LLC","71610-740","Metformin Hydrochloride","METFORMIN HYDROCHLORIDE","HUMAN PRESCRIPTION DRUG","10/04/2023","N/A","ANDA","180 TABLET, EXTENDED RELEASE in 1 BOTTLE (71610-740-80)","Biguanide [EPC],  Biguanides [CS]","N/A","No","12/31/2026"
"Synjardy","0597-0159-18","5 mg/1,  500 mg/1","TABLET","ORAL","NDA206111","Boehringer Ingelheim Pharmaceuticals, Inc.","0597-0159","empagliflozin and metformin hydrochloride","EMPAGLIFLOZIN,  METFORMIN HYDROCHLORIDE","HUMAN PRESCRIPTION DRUG","09/12/2015","N/A","NDA","180 TABLET in 1 BOTTLE (0597-0159-18)","Biguanide [EPC],  Biguanides [CS],  Sodium-Glucose Cotransporter 2 Inhibitor [EPC],  Sodium-Glucose Transporter 2 Inhibitors [MoA]","N/A","No","12/31/2027"
"Synjardy","0597-0159-60","5 mg/1,  500 mg/1","TABLET","ORAL","NDA206111","Boehringer Ingelheim Pharmaceuticals, Inc.","0597-0159","empagliflozin and metformin hydrochloride","EMPAGLIFLOZIN,  METFORMIN HYDROCHLORIDE","HUMAN PRESCRIPTION DRUG","09/12/2015","N/A","NDA","60 TABLET in 1 BOTTLE (0597-0159-60)","Biguanide [EPC],  Biguanides [CS],  Sodium-Glucose Cotransporter 2 Inhibitor [EPC],  Sodium-Glucose Transporter 2 Inhibitors [MoA]","N/A","No","12/31/2027"
"Metformin hydrochloride","27241-188-60","500 mg/1","TABLET, EXTENDED RELEASE","ORAL","ANDA213651","Ajanta Pharma USA Inc.","27241-188","Metformin hydrochloride","METFORMIN HYDROCHLORIDE","HUMAN PRESCRIPTION DRUG","04/09/2020","N/A","ANDA","60 TABLET, EXTENDED RELEASE in 1 BOTTLE (27241-188-60)","Biguanide [EPC],  Biguanides [CS]","N/A","No","12/31/2027"
"Metformin Hydrochloride","65162-178-03","500 mg/1","TABLET, EXTENDED RELEASE","ORAL","ANDA078596","Amneal Pharmaceuticals LLC","65162-178","Metformin Hydrochloride","METFORMIN HYDROCHLORIDE","HUMAN PRESCRIPTION DRUG","12/02/2009","N/A","ANDA","30 TABLET, EXTENDED RELEASE in 1 BOTTLE (65162-178-03)","Biguanide [EPC],  Biguanides [CS]","N/A","No","12/31/2026"
"Metformin Hydrochloride","65162-178-09","500 mg/1","TABLET, EXTENDED RELEASE","ORAL","ANDA078596","Amneal Pharmaceuticals LLC","65162-178","Metformin Hydrochloride","METFORMIN HYDROCHLORIDE","HUMAN PRESCRIPTION DRUG","12/02/2009","N/A","ANDA","90 TABLET, EXTENDED RELEASE in 1 BOTTLE (65162-178-09)","Biguanide [EPC],  Biguanides [CS]","N/A","No","12/31/2026"
"Metformin Hydrochloride","65162-178-10","500 mg/1","TABLET, EXTENDED RELEASE","ORAL","ANDA078596","Amneal Pharmaceuticals LLC","65162-178","Metformin Hydrochloride","METFORMIN HYDROCHLORIDE","HUMAN PRESCRIPTION DRUG","12/02/2009","N/A","ANDA","100 TABLET, EXTENDED RELEASE in 1 BOTTLE (65162-178-10)","Biguanide [EPC],  Biguanides [CS]","N/A","No","12/31/2026"
"Metformin Hydrochloride","65162-178-11","500 mg/1","TABLET, EXTENDED RELEASE","ORAL","ANDA078596","Amneal Pharmaceuticals LLC","65162-178","Metformin Hydrochloride","METFORMIN HYDROCHLORIDE","HUMAN PRESCRIPTION DRUG","12/02/2009","N/A","ANDA","1000 TABLET, EXTENDED RELEASE in 1 BOTTLE (65162-178-11)","Biguanide [EPC],  Biguanides [CS]","N/A","No","12/31/2026"
"Metformin Hydrochloride","65162-178-50","500 mg/1","TABLET, EXTENDED RELEASE","ORAL","ANDA078596","Amneal Pharmaceuticals LLC","65162-178","Metformin Hydrochloride","METFORMIN HYDROCHLORIDE","HUMAN PRESCRIPTION DRUG","12/02/2009","N/A","ANDA","500 TABLET, EXTENDED RELEASE in 1 BOTTLE (65162-178-50)","Biguanide [EPC],  Biguanides [CS]","N/A","No","12/31/2026"
"Metformin Hydrochloride","65162-178-89","500 mg/1","TABLET, EXTENDED RELEASE","ORAL","ANDA078596","Amneal Pharmaceuticals LLC","65162-178","Metformin Hydrochloride","METFORMIN HYDROCHLORIDE","HUMAN PRESCRIPTION DRUG","12/02/2009","N/A","ANDA","10000 TABLET, EXTENDED RELEASE in 1 DRUM (65162-178-89)","Biguanide [EPC],  Biguanides [CS]","N/A","No","12/31/2026"
"Metformin Hydrochloride","65162-179-03","750 mg/1","TABLET, EXTENDED RELEASE","ORAL","ANDA078596","Amneal Pharmaceuticals LLC","65162-179","Metformin Hydrochloride","METFORMIN HYDROCHLORIDE","HUMAN PRESCRIPTION DRUG","02/26/2010","N/A","ANDA","30 TABLET, EXTENDED RELEASE in 1 BOTTLE (65162-179-03)","Biguanide [EPC],  Biguanides [CS]","N/A","No","12/31/2026"
"Metformin Hydrochloride","65162-179-09","750 mg/1","TABLET, EXTENDED RELEASE","ORAL","ANDA078596","Amneal Pharmaceuticals LLC","65162-179","Metformin Hydrochloride","METFORMIN HYDROCHLORIDE","HUMAN PRESCRIPTION DRUG","02/26/2010","N/A","ANDA","90 TABLET, EXTENDED RELEASE in 1 BOTTLE (65162-179-09)","Biguanide [EPC],  Biguanides [CS]","N/A","No","12/31/2026"
"Metformin Hydrochloride","65162-179-10","750 mg/1","TABLET, EXTENDED RELEASE","ORAL","ANDA078596","Amneal Pharmaceuticals LLC","65162-179","Metformin Hydrochloride","METFORMIN HYDROCHLORIDE","HUMAN PRESCRIPTION DRUG","02/26/2010","N/A","ANDA","100 TABLET, EXTENDED RELEASE in 1 BOTTLE (65162-179-10)","Biguanide [EPC],  Biguanides [CS]","N/A","No","12/31/2026"
"Metformin Hydrochloride","65162-179-50","750 mg/1","TABLET, EXTENDED RELEASE","ORAL","ANDA078596","Amneal Pharmaceuticals LLC","65162-179","Metformin Hydrochloride","METFORMIN HYDROCHLORIDE","HUMAN PRESCRIPTION DRUG","02/26/2010","N/A","ANDA","500 TABLET, EXTENDED RELEASE in 1 BOTTLE (65162-179-50)","Biguanide [EPC],  Biguanides [CS]","N/A","No","12/31/2026"
"glyburide-metformin hydrochloride","50090-7514-0","5 mg/1,  500 mg/1","TABLET","ORAL","ANDA079009","A-S Medication Solutions","50090-7514","glyburide-metformin hydrochloride","GLYBURIDE,  METFORMIN HYDROCHLORIDE","HUMAN PRESCRIPTION DRUG","03/03/2025","N/A","ANDA","60 TABLET in 1 BOTTLE (50090-7514-0)","Biguanide [EPC],  Biguanides [CS],  Sulfonylurea Compounds [CS],  Sulfonylurea [EPC]","N/A","No","12/31/2027"
"glyburide-metformin hydrochloride","50090-7514-2","5 mg/1,  500 mg/1","TABLET","ORAL","ANDA079009","A-S Medication Solutions","50090-7514","glyburide-metformin hydrochloride","GLYBURIDE,  METFORMIN HYDROCHLORIDE","HUMAN PRESCRIPTION DRUG","03/03/2025","N/A","ANDA","100 TABLET in 1 BOTTLE (50090-7514-2)","Biguanide [EPC],  Biguanides [CS],  Sulfonylurea Compounds [CS],  Sulfonylurea [EPC]","N/A","No","12/31/2027"
"glyburide-metformin hydrochloride","50090-7514-3","5 mg/1,  500 mg/1","TABLET","ORAL","ANDA079009","A-S Medication Solutions","50090-7514","glyburide-metformin hydrochloride","GLYBURIDE,  METFORMIN HYDROCHLORIDE","HUMAN PRESCRIPTION DRUG","03/03/2025","N/A","ANDA","90 TABLET in 1 BOTTLE (50090-7514-3)","Biguanide [EPC],  Biguanides [CS],  Sulfonylurea Compounds [CS],  Sulfonylurea [EPC]","N/A","No","12/31/2027"
"glyburide-metformin hydrochloride","50090-7514-4","5 mg/1,  500 mg/1","TABLET","ORAL","ANDA079009","A-S Medication Solutions","50090-7514","glyburide-metformin hydrochloride","GLYBURIDE,  METFORMIN HYDROCHLORIDE","HUMAN PRESCRIPTION DRUG","03/03/2025","N/A","ANDA","180 TABLET in 1 BOTTLE (50090-7514-4)","Biguanide [EPC],  Biguanides [CS],  Sulfonylurea Compounds [CS],  Sulfonylurea [EPC]","N/A","No","12/31/2027"
"Metformin Hydrochloride","70518-4163-0","750 mg/1","TABLET, EXTENDED RELEASE","ORAL","ANDA078321","REMEDYREPACK INC.","70518-4163","Metformin Hydrochloride","METFORMIN HYDROCHLORIDE","HUMAN PRESCRIPTION DRUG","08/18/2024","N/A","ANDA","30 TABLET, EXTENDED RELEASE in 1 BLISTER PACK (70518-4163-0)","Biguanide [EPC],  Biguanides [CS]","N/A","No","12/31/2026"
"Metformin hydrochloride","70518-4652-0","1000 mg/1","TABLET, EXTENDED RELEASE","ORAL","ANDA213651","REMEDYREPACK INC.","70518-4652","Metformin hydrochloride","METFORMIN HYDROCHLORIDE","HUMAN PRESCRIPTION DRUG","05/04/2026","N/A","ANDA","30 POUCH in 1 BOX (70518-4652-0)  / 1 TABLET, EXTENDED RELEASE in 1 POUCH (70518-4652-1)","Biguanide [EPC],  Biguanides [CS]","N/A","No","12/31/2027"
"METFORMIN HYDROCHLORIDE EXTENDED RELEASE","71610-454-30","500 mg/1","TABLET, EXTENDED RELEASE","ORAL","ANDA090295","Aphena Pharma Solutions - Tennessee, LLC","71610-454","METFORMIN HYDROCHLORIDE","METFORMIN HYDROCHLORIDE","HUMAN PRESCRIPTION DRUG","08/10/2020","N/A","ANDA","30 TABLET, EXTENDED RELEASE in 1 BOTTLE, PLASTIC (71610-454-30)","Biguanide [EPC],  Biguanides [CS]","N/A","No","12/31/2026"
"METFORMIN HYDROCHLORIDE EXTENDED RELEASE","71610-454-53","500 mg/1","TABLET, EXTENDED RELEASE","ORAL","ANDA090295","Aphena Pharma Solutions - Tennessee, LLC","71610-454","METFORMIN HYDROCHLORIDE","METFORMIN HYDROCHLORIDE","HUMAN PRESCRIPTION DRUG","08/10/2020","N/A","ANDA","60 TABLET, EXTENDED RELEASE in 1 BOTTLE, PLASTIC (71610-454-53)","Biguanide [EPC],  Biguanides [CS]","N/A","No","12/31/2026"
"METFORMIN HYDROCHLORIDE EXTENDED RELEASE","71610-454-60","500 mg/1","TABLET, EXTENDED RELEASE","ORAL","ANDA090295","Aphena Pharma Solutions - Tennessee, LLC","71610-454","METFORMIN HYDROCHLORIDE","METFORMIN HYDROCHLORIDE","HUMAN PRESCRIPTION DRUG","08/07/2020","N/A","ANDA","90 TABLET, EXTENDED RELEASE in 1 BOTTLE, PLASTIC (71610-454-60)","Biguanide [EPC],  Biguanides [CS]","N/A","No","12/31/2026"
"METFORMIN HYDROCHLORIDE EXTENDED RELEASE","71610-454-70","500 mg/1","TABLET, EXTENDED RELEASE","ORAL","ANDA090295","Aphena Pharma Solutions - Tennessee, LLC","71610-454","METFORMIN HYDROCHLORIDE","METFORMIN HYDROCHLORIDE","HUMAN PRESCRIPTION DRUG","08/10/2020","N/A","ANDA","120 TABLET, EXTENDED RELEASE in 1 BOTTLE, PLASTIC (71610-454-70)","Biguanide [EPC],  Biguanides [CS]","N/A","No","12/31/2026"
"METFORMIN HYDROCHLORIDE EXTENDED RELEASE","71610-454-80","500 mg/1","TABLET, EXTENDED RELEASE","ORAL","ANDA090295","Aphena Pharma Solutions - Tennessee, LLC","71610-454","METFORMIN HYDROCHLORIDE","METFORMIN HYDROCHLORIDE","HUMAN PRESCRIPTION DRUG","08/07/2020","N/A","ANDA","180 TABLET, EXTENDED RELEASE in 1 BOTTLE, PLASTIC (71610-454-80)","Biguanide [EPC],  Biguanides [CS]","N/A","No","12/31/2026"
"METFORMIN HYDROCHLORIDE EXTENDED RELEASE","71610-454-92","500 mg/1","TABLET, EXTENDED RELEASE","ORAL","ANDA090295","Aphena Pharma Solutions - Tennessee, LLC","71610-454","METFORMIN HYDROCHLORIDE","METFORMIN HYDROCHLORIDE","HUMAN PRESCRIPTION DRUG","08/07/2020","N/A","ANDA","270 TABLET, EXTENDED RELEASE in 1 BOTTLE, PLASTIC (71610-454-92)","Biguanide [EPC],  Biguanides [CS]","N/A","No","12/31/2026"
"METFORMIN HYDROCHLORIDE EXTENDED RELEASE","71610-454-94","500 mg/1","TABLET, EXTENDED RELEASE","ORAL","ANDA090295","Aphena Pharma Solutions - Tennessee, LLC","71610-454","METFORMIN HYDROCHLORIDE","METFORMIN HYDROCHLORIDE","HUMAN PRESCRIPTION DRUG","11/02/2021","N/A","ANDA","360 TABLET, EXTENDED RELEASE in 1 BOTTLE, PLASTIC (71610-454-94)","Biguanide [EPC],  Biguanides [CS]","N/A","No","12/31/2026"
"Glyburide and Metformin Hydrochloride","65862-081-01","2.5 mg/1,  500 mg/1","TABLET, FILM COATED","ORAL","ANDA077870","Aurobindo Pharma Limited","65862-081","Glyburide and Metformin Hydrochloride","GLYBURIDE,  METFORMIN HYDROCHLORIDE","HUMAN PRESCRIPTION DRUG","11/14/2007","N/A","ANDA","100 TABLET, FILM COATED in 1 BOTTLE (65862-081-01)","Biguanide [EPC],  Biguanides [CS],  Sulfonylurea Compounds [CS],  Sulfonylurea [EPC]","N/A","No","12/31/2027"
"Glyburide and Metformin Hydrochloride","65862-081-05","2.5 mg/1,  500 mg/1","TABLET, FILM COATED","ORAL","ANDA077870","Aurobindo Pharma Limited","65862-081","Glyburide and Metformin Hydrochloride","GLYBURIDE,  METFORMIN HYDROCHLORIDE","HUMAN PRESCRIPTION DRUG","11/14/2007","N/A","ANDA","500 TABLET, FILM COATED in 1 BOTTLE (65862-081-05)","Biguanide [EPC],  Biguanides [CS],  Sulfonylurea Compounds [CS],  Sulfonylurea [EPC]","N/A","No","12/31/2027"
"Glyburide and Metformin Hydrochloride","65862-081-30","2.5 mg/1,  500 mg/1","TABLET, FILM COATED","ORAL","ANDA077870","Aurobindo Pharma Limited","65862-081","Glyburide and Metformin Hydrochloride","GLYBURIDE,  METFORMIN HYDROCHLORIDE","HUMAN PRESCRIPTION DRUG","11/14/2007","N/A","ANDA","30 TABLET, FILM COATED in 1 BOTTLE (65862-081-30)","Biguanide [EPC],  Biguanides [CS],  Sulfonylurea Compounds [CS],  Sulfonylurea [EPC]","N/A","No","12/31/2027"
"Metformin Hydrochloride","68094-480-60","1000 mg/1","TABLET, COATED","ORAL","ANDA205096","Precision Dose, Inc.","68094-480","Metformin Hydrochloride","METFORMIN HYDROCHLORIDE","HUMAN PRESCRIPTION DRUG","02/15/2024","N/A","ANDA","500 TABLET, COATED in 1 BOTTLE (68094-480-60)","Biguanide [EPC],  Biguanides [CS]","N/A","No","12/31/2026"
"Metformin Hydrochloride","68094-480-70","1000 mg/1","TABLET, COATED","ORAL","ANDA205096","Precision Dose, Inc.","68094-480","Metformin Hydrochloride","METFORMIN HYDROCHLORIDE","HUMAN PRESCRIPTION DRUG","02/15/2024","N/A","ANDA","1000 TABLET, COATED in 1 BOTTLE (68094-480-70)","Biguanide [EPC],  Biguanides [CS]","N/A","No","12/31/2026"
"Metformin Hydrochloride","69238-2125-1","500 mg/1","TABLET, EXTENDED RELEASE","ORAL","ANDA078596","Amneal Pharmaceuticals LLC","69238-2125","Metformin Hydrochloride","METFORMIN HYDROCHLORIDE","HUMAN PRESCRIPTION DRUG","12/02/2009","N/A","ANDA","100 TABLET, EXTENDED RELEASE in 1 BOTTLE (69238-2125-1)","Biguanide [EPC],  Biguanides [CS]","N/A","No","12/31/2027"
"Metformin Hydrochloride","69238-2125-3","500 mg/1","TABLET, EXTENDED RELEASE","ORAL","ANDA078596","Amneal Pharmaceuticals LLC","69238-2125","Metformin Hydrochloride","METFORMIN HYDROCHLORIDE","HUMAN PRESCRIPTION DRUG","12/02/2009","N/A","ANDA","30 TABLET, EXTENDED RELEASE in 1 BOTTLE (69238-2125-3)","Biguanide [EPC],  Biguanides [CS]","N/A","No","12/31/2027"
"Metformin Hydrochloride","69238-2125-5","500 mg/1","TABLET, EXTENDED RELEASE","ORAL","ANDA078596","Amneal Pharmaceuticals LLC","69238-2125","Metformin Hydrochloride","METFORMIN HYDROCHLORIDE","HUMAN PRESCRIPTION DRUG","12/02/2009","N/A","ANDA","500 TABLET, EXTENDED RELEASE in 1 BOTTLE (69238-2125-5)","Biguanide [EPC],  Biguanides [CS]","N/A","No","12/31/2027"
"Metformin Hydrochloride","69238-2125-7","500 mg/1","TABLET, EXTENDED RELEASE","ORAL","ANDA078596","Amneal Pharmaceuticals LLC","69238-2125","Metformin Hydrochloride","METFORMIN HYDROCHLORIDE","HUMAN PRESCRIPTION DRUG","12/02/2009","N/A","ANDA","1000 TABLET, EXTENDED RELEASE in 1 BOTTLE (69238-2125-7)","Biguanide [EPC],  Biguanides [CS]","N/A","No","12/31/2027"
"Metformin Hydrochloride","69238-2125-9","500 mg/1","TABLET, EXTENDED RELEASE","ORAL","ANDA078596","Amneal Pharmaceuticals LLC","69238-2125","Metformin Hydrochloride","METFORMIN HYDROCHLORIDE","HUMAN PRESCRIPTION DRUG","12/02/2009","N/A","ANDA","90 TABLET, EXTENDED RELEASE in 1 BOTTLE (69238-2125-9)","Biguanide [EPC],  Biguanides [CS]","N/A","No","12/31/2027"
"Metformin Hydrochloride","72578-035-01","500 mg/1","TABLET, EXTENDED RELEASE","ORAL","ANDA077060","Viona Pharmaceuticals Inc","72578-035","Metformin Hydrochloride","METFORMIN HYDROCHLORIDE","HUMAN PRESCRIPTION DRUG","03/15/2019","N/A","ANDA","100 TABLET, EXTENDED RELEASE in 1 BOTTLE (72578-035-01)","Biguanide [EPC],  Biguanides [CS]","N/A","No","12/31/2027"
"Metformin Hydrochloride","72578-035-05","500 mg/1","TABLET, EXTENDED RELEASE","ORAL","ANDA077060","Viona Pharmaceuticals Inc","72578-035","Metformin Hydrochloride","METFORMIN HYDROCHLORIDE","HUMAN PRESCRIPTION DRUG","03/15/2019","N/A","ANDA","500 TABLET, EXTENDED RELEASE in 1 BOTTLE (72578-035-05)","Biguanide [EPC],  Biguanides [CS]","N/A","No","12/31/2027"
"Metformin hydrochloride","68071-1419-2","500 mg/1","TABLET, EXTENDED RELEASE","ORAL","ANDA201991","NuCare Pharmaceuticals, Inc.","68071-1419","Metformin hydrochloride","METFORMIN HYDROCHLORIDE","HUMAN PRESCRIPTION DRUG","03/29/2017","N/A","ANDA","20 TABLET, EXTENDED RELEASE in 1 BOTTLE (68071-1419-2)","Biguanide [EPC],  Biguanides [CS]","N/A","No","12/31/2026"
"Metformin hydrochloride","68071-1419-3","500 mg/1","TABLET, EXTENDED RELEASE","ORAL","ANDA201991","NuCare Pharmaceuticals, Inc.","68071-1419","Metformin hydrochloride","METFORMIN HYDROCHLORIDE","HUMAN PRESCRIPTION DRUG","03/29/2017","N/A","ANDA","30 TABLET, EXTENDED RELEASE in 1 BOTTLE (68071-1419-3)","Biguanide [EPC],  Biguanides [CS]","N/A","No","12/31/2026"
"Metformin hydrochloride","68071-1419-6","500 mg/1","TABLET, EXTENDED RELEASE","ORAL","ANDA201991","NuCare Pharmaceuticals, Inc.","68071-1419","Metformin hydrochloride","METFORMIN HYDROCHLORIDE","HUMAN PRESCRIPTION DRUG","03/29/2017","N/A","ANDA","60 TABLET, EXTENDED RELEASE in 1 BOTTLE (68071-1419-6)","Biguanide [EPC],  Biguanides [CS]","N/A","No","12/31/2026"
"Metformin hydrochloride","68071-1419-8","500 mg/1","TABLET, EXTENDED RELEASE","ORAL","ANDA201991","NuCare Pharmaceuticals, Inc.","68071-1419","Metformin hydrochloride","METFORMIN HYDROCHLORIDE","HUMAN PRESCRIPTION DRUG","03/29/2017","N/A","ANDA","180 TABLET, EXTENDED RELEASE in 1 BOTTLE (68071-1419-8)","Biguanide [EPC],  Biguanides [CS]","N/A","No","12/31/2026"
"Metformin hydrochloride","68071-1419-9","500 mg/1","TABLET, EXTENDED RELEASE","ORAL","ANDA201991","NuCare Pharmaceuticals, Inc.","68071-1419","Metformin hydrochloride","METFORMIN HYDROCHLORIDE","HUMAN PRESCRIPTION DRUG","03/29/2017","N/A","ANDA","90 TABLET, EXTENDED RELEASE in 1 BOTTLE (68071-1419-9)","Biguanide [EPC],  Biguanides [CS]","N/A","No","12/31/2026"
"Metformin Hydrochloride","69238-2126-1","750 mg/1","TABLET, EXTENDED RELEASE","ORAL","ANDA078596","Amneal Pharmaceuticals LLC","69238-2126","Metformin Hydrochloride","METFORMIN HYDROCHLORIDE","HUMAN PRESCRIPTION DRUG","02/26/2010","N/A","ANDA","100 TABLET, EXTENDED RELEASE in 1 BOTTLE (69238-2126-1)","Biguanide [EPC],  Biguanides [CS]","N/A","No","12/31/2027"
"Metformin Hydrochloride","69238-2126-3","750 mg/1","TABLET, EXTENDED RELEASE","ORAL","ANDA078596","Amneal Pharmaceuticals LLC","69238-2126","Metformin Hydrochloride","METFORMIN HYDROCHLORIDE","HUMAN PRESCRIPTION DRUG","02/26/2010","N/A","ANDA","30 TABLET, EXTENDED RELEASE in 1 BOTTLE (69238-2126-3)","Biguanide [EPC],  Biguanides [CS]","N/A","No","12/31/2027"
"Metformin Hydrochloride","69238-2126-5","750 mg/1","TABLET, EXTENDED RELEASE","ORAL","ANDA078596","Amneal Pharmaceuticals LLC","69238-2126","Metformin Hydrochloride","METFORMIN HYDROCHLORIDE","HUMAN PRESCRIPTION DRUG","02/26/2010","N/A","ANDA","500 TABLET, EXTENDED RELEASE in 1 BOTTLE (69238-2126-5)","Biguanide [EPC],  Biguanides [CS]","N/A","No","12/31/2027"
"Metformin Hydrochloride","69238-2126-9","750 mg/1","TABLET, EXTENDED RELEASE","ORAL","ANDA078596","Amneal Pharmaceuticals LLC","69238-2126","Metformin Hydrochloride","METFORMIN HYDROCHLORIDE","HUMAN PRESCRIPTION DRUG","02/26/2010","N/A","ANDA","90 TABLET, EXTENDED RELEASE in 1 BOTTLE (69238-2126-9)","Biguanide [EPC],  Biguanides [CS]","N/A","No","12/31/2027"
"Metformin Hydrochloride","72578-036-01","750 mg/1","TABLET, EXTENDED RELEASE","ORAL","ANDA077078","Viona Pharmaceuticals Inc","72578-036","Metformin Hydrochloride","METFORMIN HYDROCHLORIDE","HUMAN PRESCRIPTION DRUG","03/15/2019","N/A","ANDA","100 TABLET, EXTENDED RELEASE in 1 BOTTLE (72578-036-01)","Biguanide [EPC],  Biguanides [CS]","N/A","No","12/31/2027"
"Metformin Hydrochloride","72578-036-05","750 mg/1","TABLET, EXTENDED RELEASE","ORAL","ANDA077078","Viona Pharmaceuticals Inc","72578-036","Metformin Hydrochloride","METFORMIN HYDROCHLORIDE","HUMAN PRESCRIPTION DRUG","03/15/2019","N/A","ANDA","500 TABLET, EXTENDED RELEASE in 1 BOTTLE (72578-036-05)","Biguanide [EPC],  Biguanides [CS]","N/A","No","12/31/2027"
"Glyburide and Metformin Hydrochloride","65862-080-01","1.25 mg/1,  250 mg/1","TABLET, FILM COATED","ORAL","ANDA077870","Aurobindo Pharma Limited","65862-080","Glyburide and Metformin Hydrochloride","GLYBURIDE,  METFORMIN HYDROCHLORIDE","HUMAN PRESCRIPTION DRUG","11/14/2007","N/A","ANDA","100 TABLET, FILM COATED in 1 BOTTLE (65862-080-01)","Biguanide [EPC],  Biguanides [CS],  Sulfonylurea Compounds [CS],  Sulfonylurea [EPC]","N/A","No","12/31/2027"
"Glyburide and Metformin Hydrochloride","65862-080-05","1.25 mg/1,  250 mg/1","TABLET, FILM COATED","ORAL","ANDA077870","Aurobindo Pharma Limited","65862-080","Glyburide and Metformin Hydrochloride","GLYBURIDE,  METFORMIN HYDROCHLORIDE","HUMAN PRESCRIPTION DRUG","11/14/2007","N/A","ANDA","500 TABLET, FILM COATED in 1 BOTTLE (65862-080-05)","Biguanide [EPC],  Biguanides [CS],  Sulfonylurea Compounds [CS],  Sulfonylurea [EPC]","N/A","No","12/31/2027"
"Glyburide and Metformin Hydrochloride","65862-080-30","1.25 mg/1,  250 mg/1","TABLET, FILM COATED","ORAL","ANDA077870","Aurobindo Pharma Limited","65862-080","Glyburide and Metformin Hydrochloride","GLYBURIDE,  METFORMIN HYDROCHLORIDE","HUMAN PRESCRIPTION DRUG","11/14/2007","N/A","ANDA","30 TABLET, FILM COATED in 1 BOTTLE (65862-080-30)","Biguanide [EPC],  Biguanides [CS],  Sulfonylurea Compounds [CS],  Sulfonylurea [EPC]","N/A","No","12/31/2027"
"METFORMIN HYDROCHLORIDE","82804-309-78","500 mg/1","TABLET, FILM COATED","ORAL","ANDA213320","Proficient Rx LP","82804-309","METFORMIN HYDROCHLORIDE","METFORMIN HYDROCHLORIDE","HUMAN PRESCRIPTION DRUG","08/12/2026","N/A","ANDA","180 TABLET, FILM COATED in 1 BOTTLE (82804-309-78)","Biguanide [EPC],  Biguanides [CS]","N/A","No","12/31/2027"
"dapagliflozin and metformin hydrochloride","66993-361-60","5 mg/1,  1000 mg/1","TABLET, FILM COATED, EXTENDED RELEASE","ORAL","NDA205649","Prasco Laboratories","66993-361","dapagliflozin and metformin hydrochloride","DAPAGLIFLOZIN PROPANEDIOL,  METFORMIN HYDROCHLORIDE","HUMAN PRESCRIPTION DRUG","01/03/2024","N/A","NDA AUTHORIZED GENERIC","60 TABLET, FILM COATED, EXTENDED RELEASE in 1 BOTTLE, PLASTIC (66993-361-60)","Biguanide [EPC],  Biguanides [CS],  Sodium-Glucose Cotransporter 2 Inhibitor [EPC],  Sodium-Glucose Transporter 2 Inhibitors [MoA]","N/A","No","12/31/2026"
"Metformin Hydrochloride","50228-503-05","500 mg/1","TABLET, FILM COATED, EXTENDED RELEASE","ORAL","ANDA214629","ScieGen Pharmaceuticals, Inc.","50228-503","Metformin Hydrochloride Extended-Release Tablets","METFORMIN HYDROCHLORIDE","HUMAN PRESCRIPTION DRUG","02/22/2022","N/A","ANDA","500 TABLET, FILM COATED, EXTENDED RELEASE in 1 BOTTLE, PLASTIC (50228-503-05)","Biguanide [EPC],  Biguanides [CS]","N/A","No","12/31/2026"
"Metformin Hydrochloride","50228-503-30","500 mg/1","TABLET, FILM COATED, EXTENDED RELEASE","ORAL","ANDA214629","ScieGen Pharmaceuticals, Inc.","50228-503","Metformin Hydrochloride Extended-Release Tablets","METFORMIN HYDROCHLORIDE","HUMAN PRESCRIPTION DRUG","02/22/2022","N/A","ANDA","30 TABLET, FILM COATED, EXTENDED RELEASE in 1 BOTTLE, PLASTIC (50228-503-30)","Biguanide [EPC],  Biguanides [CS]","N/A","No","12/31/2026"
"Metformin Hydrochloride","50228-503-60","500 mg/1","TABLET, FILM COATED, EXTENDED RELEASE","ORAL","ANDA214629","ScieGen Pharmaceuticals, Inc.","50228-503","Metformin Hydrochloride Extended-Release Tablets","METFORMIN HYDROCHLORIDE","HUMAN PRESCRIPTION DRUG","02/22/2022","N/A","ANDA","60 TABLET, FILM COATED, EXTENDED RELEASE in 1 BOTTLE, PLASTIC (50228-503-60)","Biguanide [EPC],  Biguanides [CS]","N/A","No","12/31/2026"
"Glyburide and Metformin Hydrochloride","65862-082-01","5 mg/1,  500 mg/1","TABLET, FILM COATED","ORAL","ANDA077870","Aurobindo Pharma Limited","65862-082","Glyburide and Metformin Hydrochloride","GLYBURIDE,  METFORMIN HYDROCHLORIDE","HUMAN PRESCRIPTION DRUG","11/14/2007","N/A","ANDA","100 TABLET, FILM COATED in 1 BOTTLE (65862-082-01)","Biguanide [EPC],  Biguanides [CS],  Sulfonylurea Compounds [CS],  Sulfonylurea [EPC]","N/A","No","12/31/2027"
"Glyburide and Metformin Hydrochloride","65862-082-05","5 mg/1,  500 mg/1","TABLET, FILM COATED","ORAL","ANDA077870","Aurobindo Pharma Limited","65862-082","Glyburide and Metformin Hydrochloride","GLYBURIDE,  METFORMIN HYDROCHLORIDE","HUMAN PRESCRIPTION DRUG","11/14/2007","N/A","ANDA","500 TABLET, FILM COATED in 1 BOTTLE (65862-082-05)","Biguanide [EPC],  Biguanides [CS],  Sulfonylurea Compounds [CS],  Sulfonylurea [EPC]","N/A","No","12/31/2027"
"Glyburide and Metformin Hydrochloride","65862-082-30","5 mg/1,  500 mg/1","TABLET, FILM COATED","ORAL","ANDA077870","Aurobindo Pharma Limited","65862-082","Glyburide and Metformin Hydrochloride","GLYBURIDE,  METFORMIN HYDROCHLORIDE","HUMAN PRESCRIPTION DRUG","11/14/2007","N/A","ANDA","30 TABLET, FILM COATED in 1 BOTTLE (65862-082-30)","Biguanide [EPC],  Biguanides [CS],  Sulfonylurea Compounds [CS],  Sulfonylurea [EPC]","N/A","No","12/31/2027"
"Saxagliptin and Metformin Hydrochloride","43598-618-60","2.5 mg/1,  1000 mg/1","TABLET, FILM COATED, EXTENDED RELEASE","ORAL","ANDA207678","Dr.Reddys Laboratories Inc","43598-618","Saxagliptin and Metformin Hydrochloride","SAXAGLIPTIN,  METFORMIN HYDROCHLORIDE","HUMAN PRESCRIPTION DRUG","08/09/2023","N/A","ANDA","60 TABLET, FILM COATED, EXTENDED RELEASE in 1 BOTTLE (43598-618-60)","Biguanide [EPC],  Biguanides [CS],  Dipeptidyl Peptidase 4 Inhibitor [EPC],  Dipeptidyl Peptidase 4 Inhibitors [MoA]","N/A","No","12/31/2027"
"METFORMIN HYDROCHLORIDE","67296-2305-9","500 mg/1","TABLET, EXTENDED RELEASE","ORAL","ANDA217631","Redpharm Drug","67296-2305","METFORMIN HYDROCHLORIDE","METFORMIN HYDROCHLORIDE","HUMAN PRESCRIPTION DRUG","10/06/2023","N/A","ANDA","90 TABLET, EXTENDED RELEASE in 1 BOTTLE (67296-2305-9)","Biguanide [EPC],  Biguanides [CS]","N/A","No","12/31/2027"
"Metformin Hydrochloride","67877-217-01","500 mg/1","TABLET, FILM COATED","ORAL","ANDA091184","Ascend Laboratories, LLC","67877-217","Metformin Hydrochloride","METFORMIN HYDROCHLORIDE","HUMAN PRESCRIPTION DRUG","01/31/2011","N/A","ANDA","100 TABLET, FILM COATED in 1 BOTTLE (67877-217-01)","Biguanide [EPC],  Biguanides [CS]","N/A","No","12/31/2026"
"Metformin Hydrochloride","67877-217-05","500 mg/1","TABLET, FILM COATED","ORAL","ANDA091184","Ascend Laboratories, LLC","67877-217","Metformin Hydrochloride","METFORMIN HYDROCHLORIDE","HUMAN PRESCRIPTION DRUG","01/31/2011","N/A","ANDA","500 TABLET, FILM COATED in 1 BOTTLE (67877-217-05)","Biguanide [EPC],  Biguanides [CS]","N/A","No","12/31/2026"
"Metformin Hydrochloride","67877-217-10","500 mg/1","TABLET, FILM COATED","ORAL","ANDA091184","Ascend Laboratories, LLC","67877-217","Metformin Hydrochloride","METFORMIN HYDROCHLORIDE","HUMAN PRESCRIPTION DRUG","01/31/2011","N/A","ANDA","1000 TABLET, FILM COATED in 1 BOTTLE (67877-217-10)","Biguanide [EPC],  Biguanides [CS]","N/A","No","12/31/2026"
"Metformin Hydrochloride","67877-217-38","500 mg/1","TABLET, FILM COATED","ORAL","ANDA091184","Ascend Laboratories, LLC","67877-217","Metformin Hydrochloride","METFORMIN HYDROCHLORIDE","HUMAN PRESCRIPTION DRUG","01/31/2011","N/A","ANDA","10 BLISTER PACK in 1 CARTON (67877-217-38)  / 10 TABLET, FILM COATED in 1 BLISTER PACK (67877-217-33)","Biguanide [EPC],  Biguanides [CS]","N/A","No","12/31/2026"
"Saxagliptin and Metformin Hydrochloride","43598-619-30","5 mg/1,  1000 mg/1","TABLET, FILM COATED, EXTENDED RELEASE","ORAL","ANDA207678","Dr.Reddys Laboratories Inc","43598-619","Saxagliptin and Metformin Hydrochloride","SAXAGLIPTIN,  METFORMIN HYDROCHLORIDE","HUMAN PRESCRIPTION DRUG","08/09/2023","N/A","ANDA","30 TABLET, FILM COATED, EXTENDED RELEASE in 1 BOTTLE (43598-619-30)","Biguanide [EPC],  Biguanides [CS],  Dipeptidyl Peptidase 4 Inhibitor [EPC],  Dipeptidyl Peptidase 4 Inhibitors [MoA]","N/A","No","12/31/2027"
"METFORMIN HYDROCHLORIDE","71335-0886-1","500 mg/1","TABLET, EXTENDED RELEASE","ORAL","ANDA201991","Bryant Ranch Prepack","71335-0886","metformin hydrochloride","METFORMIN HYDROCHLORIDE","HUMAN PRESCRIPTION DRUG","08/20/2018","N/A","ANDA","60 TABLET, EXTENDED RELEASE in 1 BOTTLE (71335-0886-1)","Biguanide [EPC],  Biguanides [CS]","N/A","No","12/31/2026"
"METFORMIN HYDROCHLORIDE","71335-0886-2","500 mg/1","TABLET, EXTENDED RELEASE","ORAL","ANDA201991","Bryant Ranch Prepack","71335-0886","metformin hydrochloride","METFORMIN HYDROCHLORIDE","HUMAN PRESCRIPTION DRUG","12/27/2021","N/A","ANDA","30 TABLET, EXTENDED RELEASE in 1 BOTTLE (71335-0886-2)","Biguanide [EPC],  Biguanides [CS]","N/A","No","12/31/2026"
"METFORMIN HYDROCHLORIDE","71335-0886-3","500 mg/1","TABLET, EXTENDED RELEASE","ORAL","ANDA201991","Bryant Ranch Prepack","71335-0886","metformin hydrochloride","METFORMIN HYDROCHLORIDE","HUMAN PRESCRIPTION DRUG","07/17/2018","N/A","ANDA","100 TABLET, EXTENDED RELEASE in 1 BOTTLE (71335-0886-3)","Biguanide [EPC],  Biguanides [CS]","N/A","No","12/31/2026"
"METFORMIN HYDROCHLORIDE","71335-0886-4","500 mg/1","TABLET, EXTENDED RELEASE","ORAL","ANDA201991","Bryant Ranch Prepack","71335-0886","metformin hydrochloride","METFORMIN HYDROCHLORIDE","HUMAN PRESCRIPTION DRUG","08/07/2018","N/A","ANDA","90 TABLET, EXTENDED RELEASE in 1 BOTTLE (71335-0886-4)","Biguanide [EPC],  Biguanides [CS]","N/A","No","12/31/2026"
"METFORMIN HYDROCHLORIDE","71335-0886-5","500 mg/1","TABLET, EXTENDED RELEASE","ORAL","ANDA201991","Bryant Ranch Prepack","71335-0886","metformin hydrochloride","METFORMIN HYDROCHLORIDE","HUMAN PRESCRIPTION DRUG","06/28/2018","N/A","ANDA","120 TABLET, EXTENDED RELEASE in 1 BOTTLE (71335-0886-5)","Biguanide [EPC],  Biguanides [CS]","N/A","No","12/31/2026"
"METFORMIN HYDROCHLORIDE","71335-0886-6","500 mg/1","TABLET, EXTENDED RELEASE","ORAL","ANDA201991","Bryant Ranch Prepack","71335-0886","metformin hydrochloride","METFORMIN HYDROCHLORIDE","HUMAN PRESCRIPTION DRUG","12/27/2021","N/A","ANDA","15 TABLET, EXTENDED RELEASE in 1 BOTTLE (71335-0886-6)","Biguanide [EPC],  Biguanides [CS]","N/A","No","12/31/2026"
"METFORMIN HYDROCHLORIDE","71335-0886-7","500 mg/1","TABLET, EXTENDED RELEASE","ORAL","ANDA201991","Bryant Ranch Prepack","71335-0886","metformin hydrochloride","METFORMIN HYDROCHLORIDE","HUMAN PRESCRIPTION DRUG","12/27/2021","N/A","ANDA","45 TABLET, EXTENDED RELEASE in 1 BOTTLE (71335-0886-7)","Biguanide [EPC],  Biguanides [CS]","N/A","No","12/31/2026"
"METFORMIN HYDROCHLORIDE","71335-0886-8","500 mg/1","TABLET, EXTENDED RELEASE","ORAL","ANDA201991","Bryant Ranch Prepack","71335-0886","metformin hydrochloride","METFORMIN HYDROCHLORIDE","HUMAN PRESCRIPTION DRUG","12/27/2021","N/A","ANDA","180 TABLET, EXTENDED RELEASE in 1 BOTTLE (71335-0886-8)","Biguanide [EPC],  Biguanides [CS]","N/A","No","12/31/2026"
"METFORMIN HYDROCHLORIDE","71335-0886-9","500 mg/1","TABLET, EXTENDED RELEASE","ORAL","ANDA201991","Bryant Ranch Prepack","71335-0886","metformin hydrochloride","METFORMIN HYDROCHLORIDE","HUMAN PRESCRIPTION DRUG","12/27/2021","N/A","ANDA","20 TABLET, EXTENDED RELEASE in 1 BOTTLE (71335-0886-9)","Biguanide [EPC],  Biguanides [CS]","N/A","No","12/31/2026"
"Metformin Hydrochloride","67877-218-01","850 mg/1","TABLET, FILM COATED","ORAL","ANDA091184","Ascend Laboratories, LLC","67877-218","Metformin Hydrochloride","METFORMIN HYDROCHLORIDE","HUMAN PRESCRIPTION DRUG","01/31/2011","N/A","ANDA","100 TABLET, FILM COATED in 1 BOTTLE (67877-218-01)","Biguanide [EPC],  Biguanides [CS]","N/A","No","12/31/2026"
"Metformin Hydrochloride","67877-218-05","850 mg/1","TABLET, FILM COATED","ORAL","ANDA091184","Ascend Laboratories, LLC","67877-218","Metformin Hydrochloride","METFORMIN HYDROCHLORIDE","HUMAN PRESCRIPTION DRUG","01/31/2011","N/A","ANDA","500 TABLET, FILM COATED in 1 BOTTLE (67877-218-05)","Biguanide [EPC],  Biguanides [CS]","N/A","No","12/31/2026"
"Metformin Hydrochloride","67877-218-10","850 mg/1","TABLET, FILM COATED","ORAL","ANDA091184","Ascend Laboratories, LLC","67877-218","Metformin Hydrochloride","METFORMIN HYDROCHLORIDE","HUMAN PRESCRIPTION DRUG","01/31/2011","N/A","ANDA","1000 TABLET, FILM COATED in 1 BOTTLE (67877-218-10)","Biguanide [EPC],  Biguanides [CS]","N/A","No","12/31/2026"
"Metformin Hydrochloride","67877-218-38","850 mg/1","TABLET, FILM COATED","ORAL","ANDA091184","Ascend Laboratories, LLC","67877-218","Metformin Hydrochloride","METFORMIN HYDROCHLORIDE","HUMAN PRESCRIPTION DRUG","01/31/2011","N/A","ANDA","10 BLISTER PACK in 1 CARTON (67877-218-38)  / 10 TABLET, FILM COATED in 1 BLISTER PACK (67877-218-33)","Biguanide [EPC],  Biguanides [CS]","N/A","No","12/31/2026"
"Saxagliptin and Metformin Hydrochloride","43598-620-30","5 mg/1,  500 mg/1","TABLET, FILM COATED, EXTENDED RELEASE","ORAL","ANDA207678","Dr.Reddys Laboratories Inc","43598-620","Saxagliptin and Metformin Hydrochloride","SAXAGLIPTIN,  METFORMIN HYDROCHLORIDE","HUMAN PRESCRIPTION DRUG","08/09/2023","N/A","ANDA","30 TABLET, FILM COATED, EXTENDED RELEASE in 1 BOTTLE (43598-620-30)","Biguanide [EPC],  Biguanides [CS],  Dipeptidyl Peptidase 4 Inhibitor [EPC],  Dipeptidyl Peptidase 4 Inhibitors [MoA]","N/A","No","12/31/2027"
"METFORMIN HYDROCHLORIDE EXTENDED RELEASE","71335-0889-1","750 mg/1","TABLET, EXTENDED RELEASE","ORAL","ANDA090295","Bryant Ranch Prepack","71335-0889","METFORMIN HYDROCHLORIDE","METFORMIN HYDROCHLORIDE","HUMAN PRESCRIPTION DRUG","03/16/2022","N/A","ANDA","30 TABLET, EXTENDED RELEASE in 1 BOTTLE (71335-0889-1)","Biguanide [EPC],  Biguanides [CS]","N/A","No","12/31/2026"
"METFORMIN HYDROCHLORIDE EXTENDED RELEASE","71335-0889-2","750 mg/1","TABLET, EXTENDED RELEASE","ORAL","ANDA090295","Bryant Ranch Prepack","71335-0889","METFORMIN HYDROCHLORIDE","METFORMIN HYDROCHLORIDE","HUMAN PRESCRIPTION DRUG","03/16/2022","N/A","ANDA","90 TABLET, EXTENDED RELEASE in 1 BOTTLE (71335-0889-2)","Biguanide [EPC],  Biguanides [CS]","N/A","No","12/31/2026"
"METFORMIN HYDROCHLORIDE EXTENDED RELEASE","71335-0889-3","750 mg/1","TABLET, EXTENDED RELEASE","ORAL","ANDA090295","Bryant Ranch Prepack","71335-0889","METFORMIN HYDROCHLORIDE","METFORMIN HYDROCHLORIDE","HUMAN PRESCRIPTION DRUG","03/16/2022","N/A","ANDA","60 TABLET, EXTENDED RELEASE in 1 BOTTLE (71335-0889-3)","Biguanide [EPC],  Biguanides [CS]","N/A","No","12/31/2026"
"METFORMIN HYDROCHLORIDE EXTENDED RELEASE","71335-0889-4","750 mg/1","TABLET, EXTENDED RELEASE","ORAL","ANDA090295","Bryant Ranch Prepack","71335-0889","METFORMIN HYDROCHLORIDE","METFORMIN HYDROCHLORIDE","HUMAN PRESCRIPTION DRUG","03/16/2022","N/A","ANDA","180 TABLET, EXTENDED RELEASE in 1 BOTTLE (71335-0889-4)","Biguanide [EPC],  Biguanides [CS]","N/A","No","12/31/2026"
"METFORMIN HYDROCHLORIDE EXTENDED RELEASE","71335-0889-5","750 mg/1","TABLET, EXTENDED RELEASE","ORAL","ANDA090295","Bryant Ranch Prepack","71335-0889","METFORMIN HYDROCHLORIDE","METFORMIN HYDROCHLORIDE","HUMAN PRESCRIPTION DRUG","03/16/2022","N/A","ANDA","100 TABLET, EXTENDED RELEASE in 1 BOTTLE (71335-0889-5)","Biguanide [EPC],  Biguanides [CS]","N/A","No","12/31/2026"
"Metformin Hydrochloride","0378-7185-05","500 mg/1","TABLET, FILM COATED","ORAL","ANDA075973","Mylan Pharmaceuticals Inc.","0378-7185","metformin hydrochloride","METFORMIN HYDROCHLORIDE","HUMAN PRESCRIPTION DRUG","06/03/2010","N/A","ANDA","500 TABLET, FILM COATED in 1 BOTTLE, PLASTIC (0378-7185-05)","Biguanide [EPC],  Biguanides [CS]","N/A","No","12/31/2027"
"dapagliflozin and metformin hydrochloride","66993-362-30","10 mg/1,  1000 mg/1","TABLET, FILM COATED, EXTENDED RELEASE","ORAL","NDA205649","Prasco Laboratories","66993-362","dapagliflozin and metformin hydrochloride","DAPAGLIFLOZIN PROPANEDIOL,  METFORMIN HYDROCHLORIDE","HUMAN PRESCRIPTION DRUG","01/03/2024","N/A","NDA AUTHORIZED GENERIC","30 TABLET, FILM COATED, EXTENDED RELEASE in 1 BOTTLE, PLASTIC (66993-362-30)","Biguanide [EPC],  Biguanides [CS],  Sodium-Glucose Cotransporter 2 Inhibitor [EPC],  Sodium-Glucose Transporter 2 Inhibitors [MoA]","N/A","No","12/31/2026"
"alogliptin and metformin hydrochloride","45802-169-72","12.5 mg/1,  500 mg/1","TABLET, FILM COATED","ORAL","NDA203414","Padagis Israel Pharmaceuticals Ltd","45802-169","alogliptin and metformin hydrochloride","ALOGLIPTIN BENZOATE,  METFORMIN HYDROCHLORIDE","HUMAN PRESCRIPTION DRUG","04/08/2016","N/A","NDA AUTHORIZED GENERIC","60 TABLET, FILM COATED in 1 BOTTLE (45802-169-72)","Biguanide [EPC],  Biguanides [CS],  Dipeptidyl Peptidase 4 Inhibitor [EPC],  Dipeptidyl Peptidase 4 Inhibitors [MoA]","N/A","No","12/31/2027"
"Metformin Hydrochloride","50228-504-05","1000 mg/1","TABLET, FILM COATED, EXTENDED RELEASE","ORAL","ANDA214629","ScieGen Pharmaceuticals, Inc.","50228-504","Metformin Hydrochloride Extended-Release Tablets","METFORMIN HYDROCHLORIDE","HUMAN PRESCRIPTION DRUG","02/22/2022","N/A","ANDA","500 TABLET, FILM COATED, EXTENDED RELEASE in 1 BOTTLE, PLASTIC (50228-504-05)","Biguanide [EPC],  Biguanides [CS]","N/A","No","12/31/2026"
"Metformin Hydrochloride","50228-504-30","1000 mg/1","TABLET, FILM COATED, EXTENDED RELEASE","ORAL","ANDA214629","ScieGen Pharmaceuticals, Inc.","50228-504","Metformin Hydrochloride Extended-Release Tablets","METFORMIN HYDROCHLORIDE","HUMAN PRESCRIPTION DRUG","02/22/2022","N/A","ANDA","30 TABLET, FILM COATED, EXTENDED RELEASE in 1 BOTTLE, PLASTIC (50228-504-30)","Biguanide [EPC],  Biguanides [CS]","N/A","No","12/31/2026"
"Metformin Hydrochloride","50228-504-60","1000 mg/1","TABLET, FILM COATED, EXTENDED RELEASE","ORAL","ANDA214629","ScieGen Pharmaceuticals, Inc.","50228-504","Metformin Hydrochloride Extended-Release Tablets","METFORMIN HYDROCHLORIDE","HUMAN PRESCRIPTION DRUG","02/22/2022","N/A","ANDA","60 TABLET, FILM COATED, EXTENDED RELEASE in 1 BOTTLE, PLASTIC (50228-504-60)","Biguanide [EPC],  Biguanides [CS]","N/A","No","12/31/2026"
"Metformin Hydrochloride","68094-580-60","850 mg/1","TABLET, COATED","ORAL","ANDA205096","Precision Dose, Inc.","68094-580","Metformin Hydrochloride","METFORMIN HYDROCHLORIDE","HUMAN PRESCRIPTION DRUG","02/15/2024","N/A","ANDA","500 TABLET, COATED in 1 BOTTLE (68094-580-60)","Biguanide [EPC],  Biguanides [CS]","N/A","No","12/31/2026"
"Metformin Hydrochloride","68094-580-70","850 mg/1","TABLET, COATED","ORAL","ANDA205096","Precision Dose, Inc.","68094-580","Metformin Hydrochloride","METFORMIN HYDROCHLORIDE","HUMAN PRESCRIPTION DRUG","02/15/2024","N/A","ANDA","1000 TABLET, COATED in 1 BOTTLE (68094-580-70)","Biguanide [EPC],  Biguanides [CS]","N/A","No","12/31/2026"
"Metformin Hydrochloride","67877-221-01","1000 mg/1","TABLET, FILM COATED","ORAL","ANDA091184","Ascend Laboratories, LLC","67877-221","Metformin Hydrochloride","METFORMIN HYDROCHLORIDE","HUMAN PRESCRIPTION DRUG","01/31/2011","N/A","ANDA","100 TABLET, FILM COATED in 1 BOTTLE (67877-221-01)","Biguanide [EPC],  Biguanides [CS]","N/A","No","12/31/2026"
"Metformin Hydrochloride","67877-221-05","1000 mg/1","TABLET, FILM COATED","ORAL","ANDA091184","Ascend Laboratories, LLC","67877-221","Metformin Hydrochloride","METFORMIN HYDROCHLORIDE","HUMAN PRESCRIPTION DRUG","01/31/2011","N/A","ANDA","500 TABLET, FILM COATED in 1 BOTTLE (67877-221-05)","Biguanide [EPC],  Biguanides [CS]","N/A","No","12/31/2026"
"Metformin Hydrochloride","67877-221-10","1000 mg/1","TABLET, FILM COATED","ORAL","ANDA091184","Ascend Laboratories, LLC","67877-221","Metformin Hydrochloride","METFORMIN HYDROCHLORIDE","HUMAN PRESCRIPTION DRUG","01/31/2011","N/A","ANDA","1000 TABLET, FILM COATED in 1 BOTTLE (67877-221-10)","Biguanide [EPC],  Biguanides [CS]","N/A","No","12/31/2026"
"Metformin Hydrochloride","67877-221-38","1000 mg/1","TABLET, FILM COATED","ORAL","ANDA091184","Ascend Laboratories, LLC","67877-221","Metformin Hydrochloride","METFORMIN HYDROCHLORIDE","HUMAN PRESCRIPTION DRUG","01/31/2011","N/A","ANDA","10 BLISTER PACK in 1 CARTON (67877-221-38)  / 10 TABLET, FILM COATED in 1 BLISTER PACK (67877-221-33)","Biguanide [EPC],  Biguanides [CS]","N/A","No","12/31/2026"
"Metformin Hydrochloride","71335-9752-1","750 mg/1","TABLET, EXTENDED RELEASE","ORAL","ANDA077078","Bryant Ranch Prepack","71335-9752","Metformin Hydrochloride","METFORMIN HYDROCHLORIDE","HUMAN PRESCRIPTION DRUG","04/05/2024","N/A","ANDA","30 TABLET, EXTENDED RELEASE in 1 BOTTLE (71335-9752-1)","Biguanide [EPC],  Biguanides [CS]","N/A","No","12/31/2027"
"Metformin Hydrochloride","71335-9752-2","750 mg/1","TABLET, EXTENDED RELEASE","ORAL","ANDA077078","Bryant Ranch Prepack","71335-9752","Metformin Hydrochloride","METFORMIN HYDROCHLORIDE","HUMAN PRESCRIPTION DRUG","04/05/2024","N/A","ANDA","90 TABLET, EXTENDED RELEASE in 1 BOTTLE (71335-9752-2)","Biguanide [EPC],  Biguanides [CS]","N/A","No","12/31/2027"
"Metformin Hydrochloride","71335-9752-3","750 mg/1","TABLET, EXTENDED RELEASE","ORAL","ANDA077078","Bryant Ranch Prepack","71335-9752","Metformin Hydrochloride","METFORMIN HYDROCHLORIDE","HUMAN PRESCRIPTION DRUG","04/05/2024","N/A","ANDA","60 TABLET, EXTENDED RELEASE in 1 BOTTLE (71335-9752-3)","Biguanide [EPC],  Biguanides [CS]","N/A","No","12/31/2027"
"Metformin Hydrochloride","71335-9752-4","750 mg/1","TABLET, EXTENDED RELEASE","ORAL","ANDA077078","Bryant Ranch Prepack","71335-9752","Metformin Hydrochloride","METFORMIN HYDROCHLORIDE","HUMAN PRESCRIPTION DRUG","04/05/2024","N/A","ANDA","180 TABLET, EXTENDED RELEASE in 1 BOTTLE (71335-9752-4)","Biguanide [EPC],  Biguanides [CS]","N/A","No","12/31/2027"
"Metformin Hydrochloride","71335-9752-5","750 mg/1","TABLET, EXTENDED RELEASE","ORAL","ANDA077078","Bryant Ranch Prepack","71335-9752","Metformin Hydrochloride","METFORMIN HYDROCHLORIDE","HUMAN PRESCRIPTION DRUG","07/14/2023","N/A","ANDA","100 TABLET, EXTENDED RELEASE in 1 BOTTLE (71335-9752-5)","Biguanide [EPC],  Biguanides [CS]","N/A","No","12/31/2027"
"METFORMIN HYDROCHLORIDE EXTENDED RELEASE","71335-0293-1","500 mg/1","TABLET, EXTENDED RELEASE","ORAL","ANDA090295","Bryant Ranch Prepack","71335-0293","METFORMIN HYDROCHLORIDE","METFORMIN HYDROCHLORIDE","HUMAN PRESCRIPTION DRUG","03/19/2018","N/A","ANDA","60 TABLET, EXTENDED RELEASE in 1 BOTTLE (71335-0293-1)","Biguanide [EPC],  Biguanides [CS]","N/A","No","12/31/2026"
"METFORMIN HYDROCHLORIDE EXTENDED RELEASE","71335-0293-2","500 mg/1","TABLET, EXTENDED RELEASE","ORAL","ANDA090295","Bryant Ranch Prepack","71335-0293","METFORMIN HYDROCHLORIDE","METFORMIN HYDROCHLORIDE","HUMAN PRESCRIPTION DRUG","10/30/2018","N/A","ANDA","30 TABLET, EXTENDED RELEASE in 1 BOTTLE (71335-0293-2)","Biguanide [EPC],  Biguanides [CS]","N/A","No","12/31/2026"
"METFORMIN HYDROCHLORIDE EXTENDED RELEASE","71335-0293-3","500 mg/1","TABLET, EXTENDED RELEASE","ORAL","ANDA090295","Bryant Ranch Prepack","71335-0293","METFORMIN HYDROCHLORIDE","METFORMIN HYDROCHLORIDE","HUMAN PRESCRIPTION DRUG","08/19/2019","N/A","ANDA","100 TABLET, EXTENDED RELEASE in 1 BOTTLE (71335-0293-3)","Biguanide [EPC],  Biguanides [CS]","N/A","No","12/31/2026"
"METFORMIN HYDROCHLORIDE EXTENDED RELEASE","71335-0293-4","500 mg/1","TABLET, EXTENDED RELEASE","ORAL","ANDA090295","Bryant Ranch Prepack","71335-0293","METFORMIN HYDROCHLORIDE","METFORMIN HYDROCHLORIDE","HUMAN PRESCRIPTION DRUG","03/02/2018","N/A","ANDA","90 TABLET, EXTENDED RELEASE in 1 BOTTLE (71335-0293-4)","Biguanide [EPC],  Biguanides [CS]","N/A","No","12/31/2026"
"METFORMIN HYDROCHLORIDE EXTENDED RELEASE","71335-0293-5","500 mg/1","TABLET, EXTENDED RELEASE","ORAL","ANDA090295","Bryant Ranch Prepack","71335-0293","METFORMIN HYDROCHLORIDE","METFORMIN HYDROCHLORIDE","HUMAN PRESCRIPTION DRUG","03/23/2018","N/A","ANDA","120 TABLET, EXTENDED RELEASE in 1 BOTTLE (71335-0293-5)","Biguanide [EPC],  Biguanides [CS]","N/A","No","12/31/2026"
"METFORMIN HYDROCHLORIDE EXTENDED RELEASE","71335-0293-6","500 mg/1","TABLET, EXTENDED RELEASE","ORAL","ANDA090295","Bryant Ranch Prepack","71335-0293","METFORMIN HYDROCHLORIDE","METFORMIN HYDROCHLORIDE","HUMAN PRESCRIPTION DRUG","02/14/2018","N/A","ANDA","15 TABLET, EXTENDED RELEASE in 1 BOTTLE (71335-0293-6)","Biguanide [EPC],  Biguanides [CS]","N/A","No","12/31/2026"
"METFORMIN HYDROCHLORIDE EXTENDED RELEASE","71335-0293-7","500 mg/1","TABLET, EXTENDED RELEASE","ORAL","ANDA090295","Bryant Ranch Prepack","71335-0293","METFORMIN HYDROCHLORIDE","METFORMIN HYDROCHLORIDE","HUMAN PRESCRIPTION DRUG","02/23/2022","N/A","ANDA","45 TABLET, EXTENDED RELEASE in 1 BOTTLE (71335-0293-7)","Biguanide [EPC],  Biguanides [CS]","N/A","No","12/31/2026"
"METFORMIN HYDROCHLORIDE EXTENDED RELEASE","71335-0293-8","500 mg/1","TABLET, EXTENDED RELEASE","ORAL","ANDA090295","Bryant Ranch Prepack","71335-0293","METFORMIN HYDROCHLORIDE","METFORMIN HYDROCHLORIDE","HUMAN PRESCRIPTION DRUG","02/16/2018","N/A","ANDA","180 TABLET, EXTENDED RELEASE in 1 BOTTLE (71335-0293-8)","Biguanide [EPC],  Biguanides [CS]","N/A","No","12/31/2026"
"METFORMIN HYDROCHLORIDE EXTENDED RELEASE","71335-0293-9","500 mg/1","TABLET, EXTENDED RELEASE","ORAL","ANDA090295","Bryant Ranch Prepack","71335-0293","METFORMIN HYDROCHLORIDE","METFORMIN HYDROCHLORIDE","HUMAN PRESCRIPTION DRUG","02/23/2022","N/A","ANDA","20 TABLET, EXTENDED RELEASE in 1 BOTTLE (71335-0293-9)","Biguanide [EPC],  Biguanides [CS]","N/A","No","12/31/2026"
"METFORMIN HYDROCHLORIDE","65841-027-01","500 mg/1","TABLET, EXTENDED RELEASE","ORAL","ANDA077060","Zydus Lifesciences Limited","65841-027","METFORMIN HYDROCHLORIDE","METFORMIN HYDROCHLORIDE","HUMAN PRESCRIPTION DRUG","09/28/2005","N/A","ANDA","100 TABLET, EXTENDED RELEASE in 1 BOTTLE (65841-027-01)","Biguanide [EPC],  Biguanides [CS]","N/A","No","12/31/2026"
"METFORMIN HYDROCHLORIDE","65841-027-05","500 mg/1","TABLET, EXTENDED RELEASE","ORAL","ANDA077060","Zydus Lifesciences Limited","65841-027","METFORMIN HYDROCHLORIDE","METFORMIN HYDROCHLORIDE","HUMAN PRESCRIPTION DRUG","09/28/2005","N/A","ANDA","500 TABLET, EXTENDED RELEASE in 1 BOTTLE (65841-027-05)","Biguanide [EPC],  Biguanides [CS]","N/A","No","12/31/2026"
"Metformin Hydrochloride","67296-1701-6","500 mg/1","TABLET, EXTENDED RELEASE","ORAL","ANDA078321","RedPharm Drug, Inc.","67296-1701","Metformin Hydrochloride","METFORMIN HYDROCHLORIDE","HUMAN PRESCRIPTION DRUG","11/01/2019","N/A","ANDA","60 TABLET, EXTENDED RELEASE in 1 BOTTLE (67296-1701-6)","Biguanide [EPC],  Biguanides [CS]","N/A","No","12/31/2026"
"Metformin Hydrochloride","68094-688-60","500 mg/1","TABLET, COATED","ORAL","ANDA205096","Precision Dose, Inc.","68094-688","Metformin Hydrochloride","METFORMIN HYDROCHLORIDE","HUMAN PRESCRIPTION DRUG","02/15/2024","N/A","ANDA","500 TABLET, COATED in 1 BOTTLE (68094-688-60)","Biguanide [EPC],  Biguanides [CS]","N/A","No","12/31/2026"
"Metformin Hydrochloride","68094-688-70","500 mg/1","TABLET, COATED","ORAL","ANDA205096","Precision Dose, Inc.","68094-688","Metformin Hydrochloride","METFORMIN HYDROCHLORIDE","HUMAN PRESCRIPTION DRUG","02/15/2024","N/A","ANDA","1000 TABLET, COATED in 1 BOTTLE (68094-688-70)","Biguanide [EPC],  Biguanides [CS]","N/A","No","12/31/2026"
"Metformin Hydrochloride","71335-2593-1","850 mg/1","TABLET, FILM COATED","ORAL","ANDA209882","Bryant Ranch Prepack","71335-2593","Metformin Hydrochloride","METFORMIN HYDROCHLORIDE","HUMAN PRESCRIPTION DRUG","06/04/2025","N/A","ANDA","60 TABLET, FILM COATED in 1 BOTTLE (71335-2593-1)","Biguanide [EPC],  Biguanides [CS]","N/A","No","12/31/2027"
"Metformin Hydrochloride","71335-2593-2","850 mg/1","TABLET, FILM COATED","ORAL","ANDA209882","Bryant Ranch Prepack","71335-2593","Metformin Hydrochloride","METFORMIN HYDROCHLORIDE","HUMAN PRESCRIPTION DRUG","06/04/2025","N/A","ANDA","30 TABLET, FILM COATED in 1 BOTTLE (71335-2593-2)","Biguanide [EPC],  Biguanides [CS]","N/A","No","12/31/2027"
"Metformin Hydrochloride","71335-2593-3","850 mg/1","TABLET, FILM COATED","ORAL","ANDA209882","Bryant Ranch Prepack","71335-2593","Metformin Hydrochloride","METFORMIN HYDROCHLORIDE","HUMAN PRESCRIPTION DRUG","06/04/2025","N/A","ANDA","120 TABLET, FILM COATED in 1 BOTTLE (71335-2593-3)","Biguanide [EPC],  Biguanides [CS]","N/A","No","12/31/2027"
"Metformin Hydrochloride","71335-2593-4","850 mg/1","TABLET, FILM COATED","ORAL","ANDA209882","Bryant Ranch Prepack","71335-2593","Metformin Hydrochloride","METFORMIN HYDROCHLORIDE","HUMAN PRESCRIPTION DRUG","06/04/2025","N/A","ANDA","90 TABLET, FILM COATED in 1 BOTTLE (71335-2593-4)","Biguanide [EPC],  Biguanides [CS]","N/A","No","12/31/2027"
"Metformin Hydrochloride","71335-2593-5","850 mg/1","TABLET, FILM COATED","ORAL","ANDA209882","Bryant Ranch Prepack","71335-2593","Metformin Hydrochloride","METFORMIN HYDROCHLORIDE","HUMAN PRESCRIPTION DRUG","06/04/2025","N/A","ANDA","100 TABLET, FILM COATED in 1 BOTTLE (71335-2593-5)","Biguanide [EPC],  Biguanides [CS]","N/A","No","12/31/2027"
"Metformin Hydrochloride","71335-2593-6","850 mg/1","TABLET, FILM COATED","ORAL","ANDA209882","Bryant Ranch Prepack","71335-2593","Metformin Hydrochloride","METFORMIN HYDROCHLORIDE","HUMAN PRESCRIPTION DRUG","06/04/2025","N/A","ANDA","180 TABLET, FILM COATED in 1 BOTTLE (71335-2593-6)","Biguanide [EPC],  Biguanides [CS]","N/A","No","12/31/2027"
"Metformin Hydrochloride","70518-2833-0","500 mg/1","TABLET","ORAL","ANDA090564","REMEDYREPACK INC.","70518-2833","Metformin Hydrochloride","METFORMIN HYDROCHLORIDE","HUMAN PRESCRIPTION DRUG","08/14/2020","N/A","ANDA","30 TABLET in 1 BLISTER PACK (70518-2833-0)","Biguanide [EPC],  Biguanides [CS]","N/A","No","12/31/2027"
"Metformin Hydrochloride","70518-2833-1","500 mg/1","TABLET","ORAL","ANDA090564","REMEDYREPACK INC.","70518-2833","Metformin Hydrochloride","METFORMIN HYDROCHLORIDE","HUMAN PRESCRIPTION DRUG","07/25/2022","N/A","ANDA","90 TABLET in 1 BOTTLE, PLASTIC (70518-2833-1)","Biguanide [EPC],  Biguanides [CS]","N/A","No","12/31/2027"
"Metformin Hydrochloride","70518-2833-2","500 mg/1","TABLET","ORAL","ANDA090564","REMEDYREPACK INC.","70518-2833","Metformin Hydrochloride","METFORMIN HYDROCHLORIDE","HUMAN PRESCRIPTION DRUG","08/03/2022","N/A","ANDA","180 TABLET in 1 BOTTLE, PLASTIC (70518-2833-2)","Biguanide [EPC],  Biguanides [CS]","N/A","No","12/31/2027"
"Metformin Hydrochloride","70518-2833-4","500 mg/1","TABLET","ORAL","ANDA090564","REMEDYREPACK INC.","70518-2833","Metformin Hydrochloride","METFORMIN HYDROCHLORIDE","HUMAN PRESCRIPTION DRUG","09/25/2023","N/A","ANDA","60 TABLET in 1 BLISTER PACK (70518-2833-4)","Biguanide [EPC],  Biguanides [CS]","N/A","No","12/31/2027"
"Metformin Hydrochloride","70518-2833-5","500 mg/1","TABLET","ORAL","ANDA090564","REMEDYREPACK INC.","70518-2833","Metformin Hydrochloride","METFORMIN HYDROCHLORIDE","HUMAN PRESCRIPTION DRUG","12/09/2023","N/A","ANDA","30 TABLET in 1 BLISTER PACK (70518-2833-5)","Biguanide [EPC],  Biguanides [CS]","N/A","No","12/31/2027"
"Metformin Hydrochloride","70518-2833-7","500 mg/1","TABLET","ORAL","ANDA090564","REMEDYREPACK INC.","70518-2833","Metformin Hydrochloride","METFORMIN HYDROCHLORIDE","HUMAN PRESCRIPTION DRUG","03/20/2025","N/A","ANDA","100 TABLET in 1 BOTTLE, PLASTIC (70518-2833-7)","Biguanide [EPC],  Biguanides [CS]","N/A","No","12/31/2027"
"Metformin Hydrochloride","70518-2833-9","500 mg/1","TABLET","ORAL","ANDA090564","REMEDYREPACK INC.","70518-2833","Metformin Hydrochloride","METFORMIN HYDROCHLORIDE","HUMAN PRESCRIPTION DRUG","06/09/2025","N/A","ANDA","30 TABLET in 1 BLISTER PACK (70518-2833-9)","Biguanide [EPC],  Biguanides [CS]","N/A","No","12/31/2027"
"alogliptin and metformin hydrochloride","45802-211-72","12.5 mg/1,  1000 mg/1","TABLET, FILM COATED","ORAL","NDA203414","Padagis Israel Pharmaceuticals Ltd","45802-211","alogliptin and metformin hydrochloride","ALOGLIPTIN BENZOATE,  METFORMIN HYDROCHLORIDE","HUMAN PRESCRIPTION DRUG","04/08/2016","N/A","NDA AUTHORIZED GENERIC","60 TABLET, FILM COATED in 1 BOTTLE (45802-211-72)","Biguanide [EPC],  Biguanides [CS],  Dipeptidyl Peptidase 4 Inhibitor [EPC],  Dipeptidyl Peptidase 4 Inhibitors [MoA]","N/A","No","12/31/2027"
"ZITUVIMET XR","70710-1804-6","50 mg/1,  500 mg/1","TABLET, FILM COATED, EXTENDED RELEASE","ORAL","NDA216778","Zydus Pharmaceuticals USA Inc.","70710-1804","sitagliptin and metformin hydrochloride","SITAGLIPTIN,  METFORMIN HYDROCHLORIDE","HUMAN PRESCRIPTION DRUG","10/31/2024","N/A","NDA","60 TABLET, FILM COATED, EXTENDED RELEASE in 1 BOTTLE (70710-1804-6)","Biguanide [EPC],  Biguanides [CS],  Dipeptidyl Peptidase 4 Inhibitor [EPC],  Dipeptidyl Peptidase 4 Inhibitors [MoA]","N/A","No","12/31/2027"
"METFORMIN HYDROCHLORIDE","65841-039-01","750 mg/1","TABLET, EXTENDED RELEASE","ORAL","ANDA077078","Zydus Lifesciences Limited","65841-039","METFORMIN HYDROCHLORIDE","METFORMIN HYDROCHLORIDE","HUMAN PRESCRIPTION DRUG","09/28/2005","N/A","ANDA","100 TABLET, EXTENDED RELEASE in 1 BOTTLE (65841-039-01)","Biguanide [EPC],  Biguanides [CS]","N/A","No","12/31/2026"
"METFORMIN HYDROCHLORIDE","65841-039-05","750 mg/1","TABLET, EXTENDED RELEASE","ORAL","ANDA077078","Zydus Lifesciences Limited","65841-039","METFORMIN HYDROCHLORIDE","METFORMIN HYDROCHLORIDE","HUMAN PRESCRIPTION DRUG","09/28/2005","N/A","ANDA","500 TABLET, EXTENDED RELEASE in 1 BOTTLE (65841-039-05)","Biguanide [EPC],  Biguanides [CS]","N/A","No","12/31/2026"
"ZITUVIMET","70710-1786-6","50 mg/1,  500 mg/1","TABLET, FILM COATED","ORAL","NDA216743","Zydus Pharmaceuticals (USA) Inc.","70710-1786","Sitagliptin and Metformin Hydrochloride","SITAGLIPTIN,  METFORMIN HYDROCHLORIDE","HUMAN PRESCRIPTION DRUG","03/14/2024","N/A","NDA","60 TABLET, FILM COATED in 1 BOTTLE (70710-1786-6)","Biguanide [EPC],  Biguanides [CS],  Dipeptidyl Peptidase 4 Inhibitor [EPC],  Dipeptidyl Peptidase 4 Inhibitors [MoA]","N/A","No","12/31/2027"
"ZITUVIMET","70710-1786-8","50 mg/1,  500 mg/1","TABLET, FILM COATED","ORAL","NDA216743","Zydus Pharmaceuticals (USA) Inc.","70710-1786","Sitagliptin and Metformin Hydrochloride","SITAGLIPTIN,  METFORMIN HYDROCHLORIDE","HUMAN PRESCRIPTION DRUG","03/14/2024","N/A","NDA","180 TABLET, FILM COATED in 1 BOTTLE (70710-1786-8)","Biguanide [EPC],  Biguanides [CS],  Dipeptidyl Peptidase 4 Inhibitor [EPC],  Dipeptidyl Peptidase 4 Inhibitors [MoA]","N/A","No","12/31/2027"
"Glipizide and Metformin Hydrochloride","50090-2492-0","2.5 mg/1,  500 mg/1","TABLET, FILM COATED","ORAL","ANDA078905","A-S Medication Solutions","50090-2492","Glipizide and Metformin Hydrochloride","GLIPIZIDE,  METFORMIN HYDROCHLORIDE","HUMAN PRESCRIPTION DRUG","10/12/2016","N/A","ANDA","180 TABLET, FILM COATED in 1 BOTTLE (50090-2492-0)","Biguanide [EPC],  Biguanides [CS],  Sulfonylurea Compounds [CS],  Sulfonylurea [EPC]","N/A","No","12/31/2027"
"Metformin Hydrochloride","68788-8430-1","1000 mg/1","TABLET","ORAL","ANDA090564","Preferred Pharmaceuticals Inc.","68788-8430","Metformin Hydrochloride","METFORMIN HYDROCHLORIDE","HUMAN PRESCRIPTION DRUG","04/26/2023","N/A","ANDA","100 TABLET in 1 BOTTLE (68788-8430-1)","Biguanide [EPC],  Biguanides [CS]","N/A","No","12/31/2027"
"Metformin Hydrochloride","68788-8430-3","1000 mg/1","TABLET","ORAL","ANDA090564","Preferred Pharmaceuticals Inc.","68788-8430","Metformin Hydrochloride","METFORMIN HYDROCHLORIDE","HUMAN PRESCRIPTION DRUG","04/26/2023","N/A","ANDA","30 TABLET in 1 BOTTLE (68788-8430-3)","Biguanide [EPC],  Biguanides [CS]","N/A","No","12/31/2027"
"Metformin Hydrochloride","68788-8430-6","1000 mg/1","TABLET","ORAL","ANDA090564","Preferred Pharmaceuticals Inc.","68788-8430","Metformin Hydrochloride","METFORMIN HYDROCHLORIDE","HUMAN PRESCRIPTION DRUG","04/26/2023","N/A","ANDA","60 TABLET in 1 BOTTLE (68788-8430-6)","Biguanide [EPC],  Biguanides [CS]","N/A","No","12/31/2027"
"Metformin Hydrochloride","68788-8430-7","1000 mg/1","TABLET","ORAL","ANDA090564","Preferred Pharmaceuticals Inc.","68788-8430","Metformin Hydrochloride","METFORMIN HYDROCHLORIDE","HUMAN PRESCRIPTION DRUG","04/26/2023","N/A","ANDA","180 TABLET in 1 BOTTLE (68788-8430-7)","Biguanide [EPC],  Biguanides [CS]","N/A","No","12/31/2027"
"Metformin Hydrochloride","68788-8430-8","1000 mg/1","TABLET","ORAL","ANDA090564","Preferred Pharmaceuticals Inc.","68788-8430","Metformin Hydrochloride","METFORMIN HYDROCHLORIDE","HUMAN PRESCRIPTION DRUG","04/26/2023","N/A","ANDA","120 TABLET in 1 BOTTLE (68788-8430-8)","Biguanide [EPC],  Biguanides [CS]","N/A","No","12/31/2027"
"Metformin Hydrochloride","68788-8430-9","1000 mg/1","TABLET","ORAL","ANDA090564","Preferred Pharmaceuticals Inc.","68788-8430","Metformin Hydrochloride","METFORMIN HYDROCHLORIDE","HUMAN PRESCRIPTION DRUG","04/26/2023","N/A","ANDA","90 TABLET in 1 BOTTLE (68788-8430-9)","Biguanide [EPC],  Biguanides [CS]","N/A","No","12/31/2027"
"ZITUVIMET","70710-1787-6","50 mg/1,  1000 mg/1","TABLET, FILM COATED","ORAL","NDA216743","Zydus Pharmaceuticals (USA) Inc.","70710-1787","Sitagliptin and Metformin Hydrochloride","SITAGLIPTIN,  METFORMIN HYDROCHLORIDE","HUMAN PRESCRIPTION DRUG","03/14/2024","N/A","NDA","60 TABLET, FILM COATED in 1 BOTTLE (70710-1787-6)","Biguanide [EPC],  Biguanides [CS],  Dipeptidyl Peptidase 4 Inhibitor [EPC],  Dipeptidyl Peptidase 4 Inhibitors [MoA]","N/A","No","12/31/2027"
"ZITUVIMET","70710-1787-8","50 mg/1,  1000 mg/1","TABLET, FILM COATED","ORAL","NDA216743","Zydus Pharmaceuticals (USA) Inc.","70710-1787","Sitagliptin and Metformin Hydrochloride","SITAGLIPTIN,  METFORMIN HYDROCHLORIDE","HUMAN PRESCRIPTION DRUG","03/14/2024","N/A","NDA","180 TABLET, FILM COATED in 1 BOTTLE (70710-1787-8)","Biguanide [EPC],  Biguanides [CS],  Dipeptidyl Peptidase 4 Inhibitor [EPC],  Dipeptidyl Peptidase 4 Inhibitors [MoA]","N/A","No","12/31/2027"
"METFORMIN HYDROCHLORIDE","70518-4677-0","1000 mg/1","TABLET, EXTENDED RELEASE","ORAL","ANDA213344","REMEDYREPACK INC.","70518-4677","Metformin Hydrochloride","METFORMIN HYDROCHLORIDE","HUMAN PRESCRIPTION DRUG","06/15/2026","N/A","ANDA","90 TABLET, EXTENDED RELEASE in 1 BOTTLE, PLASTIC (70518-4677-0)","Biguanide [EPC],  Biguanides [CS]","N/A","No","12/31/2027"
"METFORMIN HYDROCHLORIDE","70518-4677-1","1000 mg/1","TABLET, EXTENDED RELEASE","ORAL","ANDA213344","REMEDYREPACK INC.","70518-4677","Metformin Hydrochloride","METFORMIN HYDROCHLORIDE","HUMAN PRESCRIPTION DRUG","06/16/2026","N/A","ANDA","30 POUCH in 1 BOX (70518-4677-1)  / 1 TABLET, EXTENDED RELEASE in 1 POUCH (70518-4677-2)","Biguanide [EPC],  Biguanides [CS]","N/A","No","12/31/2027"
"METFORMIN HYDROCHLORIDE","50228-589-05","750 mg/1","TABLET","ORAL","ANDA203769","ScieGen Pharmaceuticals Inc","50228-589","METFORMIN HYDROCHLORIDE","METFORMIN HYDROCHLORIDE","HUMAN PRESCRIPTION DRUG","08/21/2026","N/A","ANDA","500 TABLET in 1 BOTTLE (50228-589-05)","Biguanide [EPC],  Biguanides [CS]","N/A","No","12/31/2027"
"METFORMIN HYDROCHLORIDE","50228-589-30","750 mg/1","TABLET","ORAL","ANDA203769","ScieGen Pharmaceuticals Inc","50228-589","METFORMIN HYDROCHLORIDE","METFORMIN HYDROCHLORIDE","HUMAN PRESCRIPTION DRUG","08/21/2026","N/A","ANDA","30 TABLET in 1 BOTTLE (50228-589-30)","Biguanide [EPC],  Biguanides [CS]","N/A","No","12/31/2027"
"Metformin Hydrochloride Oral Solution","52817-821-50","500 mg/5mL","SOLUTION","ORAL","ANDA211309","TRUPHARMA, LLC","52817-821","Metformin Hydrochloride","METFORMIN HYDROCHLORIDE","HUMAN PRESCRIPTION DRUG","01/25/2022","N/A","ANDA","5 TRAY in 1 CASE (52817-821-50)  / 10 CUP, UNIT-DOSE in 1 TRAY / 8.5 mL in 1 CUP, UNIT-DOSE","Biguanide [EPC],  Biguanides [CS]","N/A","No","12/31/2026"
"Metformin Hydrochloride","72336-095-30","750 mg/1","TABLET","ORAL","ANDA075972","Lifsa Drugs, LLC","72336-095","Metformin Hydrochloride","METFORMIN HYDROCHLORIDE","HUMAN PRESCRIPTION DRUG","01/23/2025","N/A","ANDA","30 TABLET in 1 BOTTLE (72336-095-30)","Biguanide [EPC],  Biguanides [CS]","N/A","No","12/31/2026"
"ZITUVIMET XR","70710-1805-6","50 mg/1,  1000 mg/1","TABLET, FILM COATED, EXTENDED RELEASE","ORAL","NDA216778","Zydus Pharmaceuticals USA Inc.","70710-1805","sitagliptin and metformin hydrochloride","SITAGLIPTIN,  METFORMIN HYDROCHLORIDE","HUMAN PRESCRIPTION DRUG","10/31/2024","N/A","NDA","60 TABLET, FILM COATED, EXTENDED RELEASE in 1 BOTTLE (70710-1805-6)","Biguanide [EPC],  Biguanides [CS],  Dipeptidyl Peptidase 4 Inhibitor [EPC],  Dipeptidyl Peptidase 4 Inhibitors [MoA]","N/A","No","12/31/2027"
"METFORMIN HYDROCHLORIDE","50090-7534-0","750 mg/1","TABLET, EXTENDED RELEASE","ORAL","ANDA217631","A-S Medication Solutions","50090-7534","METFORMIN HYDROCHLORIDE","METFORMIN HYDROCHLORIDE","HUMAN PRESCRIPTION DRUG","04/08/2025","N/A","ANDA","90 TABLET, EXTENDED RELEASE in 1 BOTTLE (50090-7534-0)","Biguanide [EPC],  Biguanides [CS]","N/A","No","12/31/2027"
"METFORMIN HYDROCHLORIDE","50090-7534-1","750 mg/1","TABLET, EXTENDED RELEASE","ORAL","ANDA217631","A-S Medication Solutions","50090-7534","METFORMIN HYDROCHLORIDE","METFORMIN HYDROCHLORIDE","HUMAN PRESCRIPTION DRUG","04/08/2025","N/A","ANDA","60 TABLET, EXTENDED RELEASE in 1 BOTTLE (50090-7534-1)","Biguanide [EPC],  Biguanides [CS]","N/A","No","12/31/2027"
"ZITUVIMET XR","70710-1806-3","100 mg/1,  1000 mg/1","TABLET, FILM COATED, EXTENDED RELEASE","ORAL","NDA216778","Zydus Pharmaceuticals USA Inc.","70710-1806","sitagliptin and metformin hydrochloride","SITAGLIPTIN,  METFORMIN HYDROCHLORIDE","HUMAN PRESCRIPTION DRUG","10/31/2024","N/A","NDA","30 TABLET, FILM COATED, EXTENDED RELEASE in 1 BOTTLE (70710-1806-3)","Biguanide [EPC],  Biguanides [CS],  Dipeptidyl Peptidase 4 Inhibitor [EPC],  Dipeptidyl Peptidase 4 Inhibitors [MoA]","N/A","No","12/31/2027"
"METFORMIN HYDROCHLORIDE","50090-7535-0","750 mg/1","TABLET, EXTENDED RELEASE","ORAL","ANDA217631","A-S Medication Solutions","50090-7535","METFORMIN HYDROCHLORIDE","METFORMIN HYDROCHLORIDE","HUMAN PRESCRIPTION DRUG","04/08/2025","N/A","ANDA","90 TABLET, EXTENDED RELEASE in 1 BOTTLE (50090-7535-0)","Biguanide [EPC],  Biguanides [CS]","N/A","No","12/31/2027"
"Metformin Hydrochloride","72336-064-30","625 mg/1","TABLET","ORAL","ANDA075972","Lifsa Drugs, LLC","72336-064","Metformin Hydrochloride","METFORMIN HYDROCHLORIDE","HUMAN PRESCRIPTION DRUG","05/01/2022","N/A","ANDA","30 TABLET in 1 BOTTLE (72336-064-30)","Biguanide [EPC],  Biguanides [CS]","N/A","No","12/31/2026"
"Metformin Hydrochloride","0378-7186-05","850 mg/1","TABLET, FILM COATED","ORAL","ANDA075973","Mylan Pharmaceuticals Inc.","0378-7186","metformin hydrochloride","METFORMIN HYDROCHLORIDE","HUMAN PRESCRIPTION DRUG","06/03/2010","N/A","ANDA","500 TABLET, FILM COATED in 1 BOTTLE, PLASTIC (0378-7186-05)","Biguanide [EPC],  Biguanides [CS]","N/A","No","12/31/2027"
"Metformin Hydrochloride","50090-5052-0","1000 mg/1","TABLET, FILM COATED","ORAL","ANDA077095","A-S Medication Solutions","50090-5052","Metformin Hydrochloride","METFORMIN HYDROCHLORIDE","HUMAN PRESCRIPTION DRUG","05/19/2020","N/A","ANDA","90 TABLET, FILM COATED in 1 BOTTLE (50090-5052-0)","Biguanide [EPC],  Biguanides [CS]","N/A","No","12/31/2026"
"METFORMIN HYDROCHLORIDE","50228-588-05","625 mg/1","TABLET","ORAL","ANDA203769","ScieGen Pharmaceuticals Inc","50228-588","METFORMIN HYDROCHLORIDE","METFORMIN HYDROCHLORIDE","HUMAN PRESCRIPTION DRUG","08/21/2026","N/A","ANDA","500 TABLET in 1 BOTTLE (50228-588-05)","Biguanide [EPC],  Biguanides [CS]","N/A","No","12/31/2027"
"METFORMIN HYDROCHLORIDE","50228-588-30","625 mg/1","TABLET","ORAL","ANDA203769","ScieGen Pharmaceuticals Inc","50228-588","METFORMIN HYDROCHLORIDE","METFORMIN HYDROCHLORIDE","HUMAN PRESCRIPTION DRUG","08/21/2026","N/A","ANDA","30 TABLET in 1 BOTTLE (50228-588-30)","Biguanide [EPC],  Biguanides [CS]","N/A","No","12/31/2027"
"Metformin Hydrochloride Oral Solution","52817-820-50","500 mg/5mL","SOLUTION","ORAL","ANDA211309","TRUPHARMA, LLC","52817-820","Metformin Hydrochloride","METFORMIN HYDROCHLORIDE","HUMAN PRESCRIPTION DRUG","01/25/2022","N/A","ANDA","5 TRAY in 1 CASE (52817-820-50)  / 10 CUP, UNIT-DOSE in 1 TRAY / 5 mL in 1 CUP, UNIT-DOSE","Biguanide [EPC],  Biguanides [CS]","N/A","No","12/31/2026"
"Glipizide and Metformin Hydrochloride","50090-2556-0","5 mg/1,  500 mg/1","TABLET, FILM COATED","ORAL","ANDA078905","A-S Medication Solutions","50090-2556","Glipizide and Metformin Hydrochloride","GLIPIZIDE,  METFORMIN HYDROCHLORIDE","HUMAN PRESCRIPTION DRUG","10/24/2016","N/A","ANDA","180 TABLET, FILM COATED in 1 BOTTLE (50090-2556-0)","Biguanide [EPC],  Biguanides [CS],  Sulfonylurea Compounds [CS],  Sulfonylurea [EPC]","N/A","No","12/31/2027"
"Metformin Hydrochloride","68094-804-50","750 mg/1","TABLET, EXTENDED RELEASE","ORAL","ANDA078321","Precision Dose, Inc.","68094-804","Metformin Hydrochloride","METFORMIN HYDROCHLORIDE","HUMAN PRESCRIPTION DRUG","02/15/2024","N/A","ANDA","100 TABLET, EXTENDED RELEASE in 1 BOTTLE (68094-804-50)","Biguanide [EPC],  Biguanides [CS]","N/A","No","12/31/2027"
"Metformin Hydrochloride","68094-804-60","750 mg/1","TABLET, EXTENDED RELEASE","ORAL","ANDA078321","Precision Dose, Inc.","68094-804","Metformin Hydrochloride","METFORMIN HYDROCHLORIDE","HUMAN PRESCRIPTION DRUG","02/15/2024","N/A","ANDA","500 TABLET, EXTENDED RELEASE in 1 BOTTLE (68094-804-60)","Biguanide [EPC],  Biguanides [CS]","N/A","No","12/31/2027"
"Synjardy","0597-0168-18","12.5 mg/1,  1000 mg/1","TABLET","ORAL","NDA206111","Boehringer Ingelheim Pharmaceuticals, Inc.","0597-0168","empagliflozin and metformin hydrochloride","EMPAGLIFLOZIN,  METFORMIN HYDROCHLORIDE","HUMAN PRESCRIPTION DRUG","09/12/2015","N/A","NDA","180 TABLET in 1 BOTTLE (0597-0168-18)","Biguanide [EPC],  Biguanides [CS],  Sodium-Glucose Cotransporter 2 Inhibitor [EPC],  Sodium-Glucose Transporter 2 Inhibitors [MoA]","N/A","No","12/31/2027"
"Synjardy","0597-0168-60","12.5 mg/1,  1000 mg/1","TABLET","ORAL","NDA206111","Boehringer Ingelheim Pharmaceuticals, Inc.","0597-0168","empagliflozin and metformin hydrochloride","EMPAGLIFLOZIN,  METFORMIN HYDROCHLORIDE","HUMAN PRESCRIPTION DRUG","09/12/2015","N/A","NDA","60 TABLET in 1 BOTTLE (0597-0168-60)","Biguanide [EPC],  Biguanides [CS],  Sodium-Glucose Cotransporter 2 Inhibitor [EPC],  Sodium-Glucose Transporter 2 Inhibitors [MoA]","N/A","No","12/31/2027"
"Synjardy","0597-0168-66","12.5 mg/1,  1000 mg/1","TABLET","ORAL","NDA206111","Boehringer Ingelheim Pharmaceuticals, Inc.","0597-0168","empagliflozin and metformin hydrochloride","EMPAGLIFLOZIN,  METFORMIN HYDROCHLORIDE","HUMAN PRESCRIPTION DRUG","09/12/2015","N/A","NDA","1 BOTTLE in 1 CARTON (0597-0168-66)  / 14 TABLET in 1 BOTTLE","Biguanide [EPC],  Biguanides [CS],  Sodium-Glucose Cotransporter 2 Inhibitor [EPC],  Sodium-Glucose Transporter 2 Inhibitors [MoA]","N/A","No","12/31/2027"
"Metformin hydrochloride","27241-240-01","500 mg/1","TABLET, EXTENDED RELEASE","ORAL","ANDA213962","Ajanta Pharma USA Inc.","27241-240","Metformin hydrochloride","METFORMIN HYDROCHLORIDE","HUMAN PRESCRIPTION DRUG","03/09/2021","N/A","ANDA","100 TABLET, EXTENDED RELEASE in 1 BOTTLE (27241-240-01)","Biguanide [EPC],  Biguanides [CS]","N/A","No","12/31/2027"
"Pioglitazone and metformin hydrochloride","33342-176-09","500 mg/1,  15 mg/1","TABLET","ORAL","ANDA204802","Macleods Pharmaceuticals Limited","33342-176","Pioglitazone and metformin hydrochloride","METFORMIN HYDROCHLORIDE,  PIOGLITAZONE HYDROCHLORIDE","HUMAN PRESCRIPTION DRUG","11/06/2015","N/A","ANDA","60 TABLET in 1 BOTTLE (33342-176-09)","Biguanide [EPC],  Biguanides [CS],  Peroxisome Proliferator Receptor alpha Agonist [EPC],  Peroxisome Proliferator Receptor gamma Agonist [EPC],  Peroxisome Proliferator-activated Receptor alpha Agonists [MoA],  Peroxisome Proliferator-activated Receptor gamma Agonists [MoA],  Thiazolidinedione [EPC],  Thiazolidinediones [CS]","N/A","No","12/31/2027"
"Pioglitazone and metformin hydrochloride","33342-176-11","500 mg/1,  15 mg/1","TABLET","ORAL","ANDA204802","Macleods Pharmaceuticals Limited","33342-176","Pioglitazone and metformin hydrochloride","METFORMIN HYDROCHLORIDE,  PIOGLITAZONE HYDROCHLORIDE","HUMAN PRESCRIPTION DRUG","11/06/2015","N/A","ANDA","100 TABLET in 1 BOTTLE (33342-176-11)","Biguanide [EPC],  Biguanides [CS],  Peroxisome Proliferator Receptor alpha Agonist [EPC],  Peroxisome Proliferator Receptor gamma Agonist [EPC],  Peroxisome Proliferator-activated Receptor alpha Agonists [MoA],  Peroxisome Proliferator-activated Receptor gamma Agonists [MoA],  Thiazolidinedione [EPC],  Thiazolidinediones [CS]","N/A","No","12/31/2027"
"Pioglitazone and metformin hydrochloride","33342-176-12","500 mg/1,  15 mg/1","TABLET","ORAL","ANDA204802","Macleods Pharmaceuticals Limited","33342-176","Pioglitazone and metformin hydrochloride","METFORMIN HYDROCHLORIDE,  PIOGLITAZONE HYDROCHLORIDE","HUMAN PRESCRIPTION DRUG","11/06/2015","N/A","ANDA","10 BLISTER PACK in 1 CARTON (33342-176-12)  / 10 TABLET in 1 BLISTER PACK","Biguanide [EPC],  Biguanides [CS],  Peroxisome Proliferator Receptor alpha Agonist [EPC],  Peroxisome Proliferator Receptor gamma Agonist [EPC],  Peroxisome Proliferator-activated Receptor alpha Agonists [MoA],  Peroxisome Proliferator-activated Receptor gamma Agonists [MoA],  Thiazolidinedione [EPC],  Thiazolidinediones [CS]","N/A","No","12/31/2027"
"Pioglitazone and metformin hydrochloride","33342-176-44","500 mg/1,  15 mg/1","TABLET","ORAL","ANDA204802","Macleods Pharmaceuticals Limited","33342-176","Pioglitazone and metformin hydrochloride","METFORMIN HYDROCHLORIDE,  PIOGLITAZONE HYDROCHLORIDE","HUMAN PRESCRIPTION DRUG","11/06/2015","N/A","ANDA","1000 TABLET in 1 BOTTLE (33342-176-44)","Biguanide [EPC],  Biguanides [CS],  Peroxisome Proliferator Receptor alpha Agonist [EPC],  Peroxisome Proliferator Receptor gamma Agonist [EPC],  Peroxisome Proliferator-activated Receptor alpha Agonists [MoA],  Peroxisome Proliferator-activated Receptor gamma Agonists [MoA],  Thiazolidinedione [EPC],  Thiazolidinediones [CS]","N/A","No","12/31/2027"
"Pioglitazone and metformin hydrochloride","33342-176-57","500 mg/1,  15 mg/1","TABLET","ORAL","ANDA204802","Macleods Pharmaceuticals Limited","33342-176","Pioglitazone and metformin hydrochloride","METFORMIN HYDROCHLORIDE,  PIOGLITAZONE HYDROCHLORIDE","HUMAN PRESCRIPTION DRUG","11/06/2015","N/A","ANDA","180 TABLET in 1 BOTTLE (33342-176-57)","Biguanide [EPC],  Biguanides [CS],  Peroxisome Proliferator Receptor alpha Agonist [EPC],  Peroxisome Proliferator Receptor gamma Agonist [EPC],  Peroxisome Proliferator-activated Receptor alpha Agonists [MoA],  Peroxisome Proliferator-activated Receptor gamma Agonists [MoA],  Thiazolidinedione [EPC],  Thiazolidinediones [CS]","N/A","No","12/31/2027"
"Metformin hydrochloride","27241-241-90","1000 mg/1","TABLET, EXTENDED RELEASE","ORAL","ANDA213962","Ajanta Pharma USA Inc.","27241-241","Metformin hydrochloride","METFORMIN HYDROCHLORIDE","HUMAN PRESCRIPTION DRUG","03/09/2021","N/A","ANDA","90 TABLET, EXTENDED RELEASE in 1 BOTTLE (27241-241-90)","Biguanide [EPC],  Biguanides [CS]","N/A","No","12/31/2027"
"Pioglitazone and metformin hydrochloride","33342-177-09","850 mg/1,  15 mg/1","TABLET","ORAL","ANDA204802","Macleods Pharmaceuticals Limited","33342-177","Pioglitazone and metformin hydrochloride","METFORMIN HYDROCHLORIDE,  PIOGLITAZONE HYDROCHLORIDE","HUMAN PRESCRIPTION DRUG","11/06/2015","N/A","ANDA","60 TABLET in 1 BOTTLE (33342-177-09)","Biguanide [EPC],  Biguanides [CS],  Peroxisome Proliferator Receptor alpha Agonist [EPC],  Peroxisome Proliferator Receptor gamma Agonist [EPC],  Peroxisome Proliferator-activated Receptor alpha Agonists [MoA],  Peroxisome Proliferator-activated Receptor gamma Agonists [MoA],  Thiazolidinedione [EPC],  Thiazolidinediones [CS]","N/A","No","12/31/2027"
"Pioglitazone and metformin hydrochloride","33342-177-11","850 mg/1,  15 mg/1","TABLET","ORAL","ANDA204802","Macleods Pharmaceuticals Limited","33342-177","Pioglitazone and metformin hydrochloride","METFORMIN HYDROCHLORIDE,  PIOGLITAZONE HYDROCHLORIDE","HUMAN PRESCRIPTION DRUG","11/06/2015","N/A","ANDA","100 TABLET in 1 BOTTLE (33342-177-11)","Biguanide [EPC],  Biguanides [CS],  Peroxisome Proliferator Receptor alpha Agonist [EPC],  Peroxisome Proliferator Receptor gamma Agonist [EPC],  Peroxisome Proliferator-activated Receptor alpha Agonists [MoA],  Peroxisome Proliferator-activated Receptor gamma Agonists [MoA],  Thiazolidinedione [EPC],  Thiazolidinediones [CS]","N/A","No","12/31/2027"
"Pioglitazone and metformin hydrochloride","33342-177-12","850 mg/1,  15 mg/1","TABLET","ORAL","ANDA204802","Macleods Pharmaceuticals Limited","33342-177","Pioglitazone and metformin hydrochloride","METFORMIN HYDROCHLORIDE,  PIOGLITAZONE HYDROCHLORIDE","HUMAN PRESCRIPTION DRUG","11/06/2015","N/A","ANDA","10 BLISTER PACK in 1 CARTON (33342-177-12)  / 10 TABLET in 1 BLISTER PACK","Biguanide [EPC],  Biguanides [CS],  Peroxisome Proliferator Receptor alpha Agonist [EPC],  Peroxisome Proliferator Receptor gamma Agonist [EPC],  Peroxisome Proliferator-activated Receptor alpha Agonists [MoA],  Peroxisome Proliferator-activated Receptor gamma Agonists [MoA],  Thiazolidinedione [EPC],  Thiazolidinediones [CS]","N/A","No","12/31/2027"
"Pioglitazone and metformin hydrochloride","33342-177-44","850 mg/1,  15 mg/1","TABLET","ORAL","ANDA204802","Macleods Pharmaceuticals Limited","33342-177","Pioglitazone and metformin hydrochloride","METFORMIN HYDROCHLORIDE,  PIOGLITAZONE HYDROCHLORIDE","HUMAN PRESCRIPTION DRUG","11/06/2015","N/A","ANDA","1000 TABLET in 1 BOTTLE (33342-177-44)","Biguanide [EPC],  Biguanides [CS],  Peroxisome Proliferator Receptor alpha Agonist [EPC],  Peroxisome Proliferator Receptor gamma Agonist [EPC],  Peroxisome Proliferator-activated Receptor alpha Agonists [MoA],  Peroxisome Proliferator-activated Receptor gamma Agonists [MoA],  Thiazolidinedione [EPC],  Thiazolidinediones [CS]","N/A","No","12/31/2027"
"Pioglitazone and metformin hydrochloride","33342-177-57","850 mg/1,  15 mg/1","TABLET","ORAL","ANDA204802","Macleods Pharmaceuticals Limited","33342-177","Pioglitazone and metformin hydrochloride","METFORMIN HYDROCHLORIDE,  PIOGLITAZONE HYDROCHLORIDE","HUMAN PRESCRIPTION DRUG","11/06/2015","N/A","ANDA","180 TABLET in 1 BOTTLE (33342-177-57)","Biguanide [EPC],  Biguanides [CS],  Peroxisome Proliferator Receptor alpha Agonist [EPC],  Peroxisome Proliferator Receptor gamma Agonist [EPC],  Peroxisome Proliferator-activated Receptor alpha Agonists [MoA],  Peroxisome Proliferator-activated Receptor gamma Agonists [MoA],  Thiazolidinedione [EPC],  Thiazolidinediones [CS]","N/A","No","12/31/2027"
"Glumetza","68012-003-16","1000 mg/1","TABLET, FILM COATED, EXTENDED RELEASE","ORAL","NDA021748","Santarus, Inc.","68012-003","metformin hydrochloride","METFORMIN HYDROCHLORIDE","HUMAN PRESCRIPTION DRUG","06/17/2008","N/A","NDA","90 TABLET, FILM COATED, EXTENDED RELEASE in 1 BOTTLE (68012-003-16)","Biguanide [EPC],  Biguanides [CS]","N/A","No","12/31/2026"
"INVOKAMET XR","50458-942-01","150 mg/1,  500 mg/1","TABLET, FILM COATED, EXTENDED RELEASE","ORAL","NDA205879","Janssen Pharmaceuticals, Inc.","50458-942","canagliflozin and metformin hydrochloride","CANAGLIFLOZIN,  METFORMIN HYDROCHLORIDE","HUMAN PRESCRIPTION DRUG","09/20/2016","N/A","NDA","60 TABLET, FILM COATED, EXTENDED RELEASE in 1 BOTTLE (50458-942-01)","Biguanide [EPC],  Biguanides [CS],  P-Glycoprotein Inhibitors [MoA],  Sodium-Glucose Cotransporter 2 Inhibitor [EPC],  Sodium-Glucose Transporter 2 Inhibitors [MoA]","N/A","No","12/31/2027"
"Metformin Hydrochloride","72789-548-93","750 mg/1","TABLET, EXTENDED RELEASE","ORAL","ANDA078321","PD-Rx Pharmaceuticals, Inc.","72789-548","Metformin Hydrochloride","METFORMIN HYDROCHLORIDE","HUMAN PRESCRIPTION DRUG","01/09/2026","N/A","ANDA","180 TABLET, EXTENDED RELEASE in 1 BOTTLE, PLASTIC (72789-548-93)","Biguanide [EPC],  Biguanides [CS]","N/A","No","12/31/2027"
"METFORMIN HYDROCHLORIDE","43353-982-30","500 mg/1","TABLET","ORAL","ANDA203769","Aphena Pharma Solutions - Tennessee, LLC","43353-982","METFORMIN HYDROCHLORIDE","METFORMIN HYDROCHLORIDE","HUMAN PRESCRIPTION DRUG","11/11/2014","N/A","ANDA","30 TABLET in 1 BOTTLE (43353-982-30)","Biguanide [EPC],  Biguanides [CS]","N/A","No","12/31/2027"
"METFORMIN HYDROCHLORIDE","43353-982-53","500 mg/1","TABLET","ORAL","ANDA203769","Aphena Pharma Solutions - Tennessee, LLC","43353-982","METFORMIN HYDROCHLORIDE","METFORMIN HYDROCHLORIDE","HUMAN PRESCRIPTION DRUG","11/16/2015","N/A","ANDA","60 TABLET in 1 BOTTLE (43353-982-53)","Biguanide [EPC],  Biguanides [CS]","N/A","No","12/31/2027"
"METFORMIN HYDROCHLORIDE","43353-982-60","500 mg/1","TABLET","ORAL","ANDA203769","Aphena Pharma Solutions - Tennessee, LLC","43353-982","METFORMIN HYDROCHLORIDE","METFORMIN HYDROCHLORIDE","HUMAN PRESCRIPTION DRUG","05/13/2015","N/A","ANDA","90 TABLET in 1 BOTTLE (43353-982-60)","Biguanide [EPC],  Biguanides [CS]","N/A","No","12/31/2027"
"METFORMIN HYDROCHLORIDE","43353-982-70","500 mg/1","TABLET","ORAL","ANDA203769","Aphena Pharma Solutions - Tennessee, LLC","43353-982","METFORMIN HYDROCHLORIDE","METFORMIN HYDROCHLORIDE","HUMAN PRESCRIPTION DRUG","05/14/2019","N/A","ANDA","120 TABLET in 1 BOTTLE (43353-982-70)","Biguanide [EPC],  Biguanides [CS]","N/A","No","12/31/2027"
"METFORMIN HYDROCHLORIDE","43353-982-80","500 mg/1","TABLET","ORAL","ANDA203769","Aphena Pharma Solutions - Tennessee, LLC","43353-982","METFORMIN HYDROCHLORIDE","METFORMIN HYDROCHLORIDE","HUMAN PRESCRIPTION DRUG","05/12/2015","N/A","ANDA","180 TABLET in 1 BOTTLE (43353-982-80)","Biguanide [EPC],  Biguanides [CS]","N/A","No","12/31/2027"
"METFORMIN HYDROCHLORIDE","43353-982-92","500 mg/1","TABLET","ORAL","ANDA203769","Aphena Pharma Solutions - Tennessee, LLC","43353-982","METFORMIN HYDROCHLORIDE","METFORMIN HYDROCHLORIDE","HUMAN PRESCRIPTION DRUG","05/12/2015","N/A","ANDA","270 TABLET in 1 BOTTLE (43353-982-92)","Biguanide [EPC],  Biguanides [CS]","N/A","No","12/31/2027"
"METFORMIN HYDROCHLORIDE","43353-982-94","500 mg/1","TABLET","ORAL","ANDA203769","Aphena Pharma Solutions - Tennessee, LLC","43353-982","METFORMIN HYDROCHLORIDE","METFORMIN HYDROCHLORIDE","HUMAN PRESCRIPTION DRUG","05/12/2015","N/A","ANDA","360 TABLET in 1 BOTTLE (43353-982-94)","Biguanide [EPC],  Biguanides [CS]","N/A","No","12/31/2027"
"METFORMIN HYDROCHLORIDE","43353-982-96","500 mg/1","TABLET","ORAL","ANDA203769","Aphena Pharma Solutions - Tennessee, LLC","43353-982","METFORMIN HYDROCHLORIDE","METFORMIN HYDROCHLORIDE","HUMAN PRESCRIPTION DRUG","03/28/2015","N/A","ANDA","450 TABLET in 1 BOTTLE (43353-982-96)","Biguanide [EPC],  Biguanides [CS]","N/A","No","12/31/2027"
"Sitagliptin and Metformin hydrochloride","10370-317-02","50 mg/1,  500 mg/1","TABLET, FILM COATED, EXTENDED RELEASE","ORAL","ANDA204144","Par Health USA, LLC","10370-317","sitagliptin and metformin hydrochloride","SITAGLIPTIN PHOSPHATE,  METFORMIN HYDROCHLORIDE","HUMAN PRESCRIPTION DRUG","07/24/2026","N/A","ANDA","60 TABLET, FILM COATED, EXTENDED RELEASE in 1 BOTTLE, PLASTIC (10370-317-02)","Biguanide [EPC],  Biguanides [CS],  Dipeptidyl Peptidase 4 Inhibitor [EPC],  Dipeptidyl Peptidase 4 Inhibitors [MoA]","N/A","No","12/31/2027"
"INVOKAMET XR","50458-940-01","50 mg/1,  500 mg/1","TABLET, FILM COATED, EXTENDED RELEASE","ORAL","NDA205879","Janssen Pharmaceuticals, Inc.","50458-940","canagliflozin and metformin hydrochloride","CANAGLIFLOZIN,  METFORMIN HYDROCHLORIDE","HUMAN PRESCRIPTION DRUG","09/20/2016","N/A","NDA","60 TABLET, FILM COATED, EXTENDED RELEASE in 1 BOTTLE (50458-940-01)","Biguanide [EPC],  Biguanides [CS],  P-Glycoprotein Inhibitors [MoA],  Sodium-Glucose Cotransporter 2 Inhibitor [EPC],  Sodium-Glucose Transporter 2 Inhibitors [MoA]","N/A","No","12/31/2027"
"Glumetza","68012-002-13","500 mg/1","TABLET, FILM COATED, EXTENDED RELEASE","ORAL","NDA021748","Santarus, Inc.","68012-002","metformin hydrochloride","METFORMIN HYDROCHLORIDE","HUMAN PRESCRIPTION DRUG","08/01/2006","N/A","NDA","100 TABLET, FILM COATED, EXTENDED RELEASE in 1 BOTTLE (68012-002-13)","Biguanide [EPC],  Biguanides [CS]","N/A","No","12/31/2026"
"METFORMIN HYDROCHLORIDE","43353-987-30","1000 mg/1","TABLET","ORAL","ANDA203769","Aphena Pharma Solutions - Tennessee, LLC","43353-987","METFORMIN HYDROCHLORIDE","METFORMIN HYDROCHLORIDE","HUMAN PRESCRIPTION DRUG","12/22/2014","N/A","ANDA","30 TABLET in 1 BOTTLE (43353-987-30)","Biguanide [EPC],  Biguanides [CS]","N/A","No","12/31/2027"
"METFORMIN HYDROCHLORIDE","43353-987-31","1000 mg/1","TABLET","ORAL","ANDA203769","Aphena Pharma Solutions - Tennessee, LLC","43353-987","METFORMIN HYDROCHLORIDE","METFORMIN HYDROCHLORIDE","HUMAN PRESCRIPTION DRUG","06/10/2024","N/A","ANDA","600 TABLET in 1 BOTTLE (43353-987-31)","Biguanide [EPC],  Biguanides [CS]","N/A","No","12/31/2027"
"METFORMIN HYDROCHLORIDE","43353-987-43","1000 mg/1","TABLET","ORAL","ANDA203769","Aphena Pharma Solutions - Tennessee, LLC","43353-987","METFORMIN HYDROCHLORIDE","METFORMIN HYDROCHLORIDE","HUMAN PRESCRIPTION DRUG","06/10/2024","N/A","ANDA","1300 TABLET in 1 BOTTLE (43353-987-43)","Biguanide [EPC],  Biguanides [CS]","N/A","No","12/31/2027"
"METFORMIN HYDROCHLORIDE","43353-987-45","1000 mg/1","TABLET","ORAL","ANDA203769","Aphena Pharma Solutions - Tennessee, LLC","43353-987","METFORMIN HYDROCHLORIDE","METFORMIN HYDROCHLORIDE","HUMAN PRESCRIPTION DRUG","01/05/2015","N/A","ANDA","45 TABLET in 1 BOTTLE (43353-987-45)","Biguanide [EPC],  Biguanides [CS]","N/A","No","12/31/2027"
"METFORMIN HYDROCHLORIDE","43353-987-53","1000 mg/1","TABLET","ORAL","ANDA203769","Aphena Pharma Solutions - Tennessee, LLC","43353-987","METFORMIN HYDROCHLORIDE","METFORMIN HYDROCHLORIDE","HUMAN PRESCRIPTION DRUG","02/24/2015","N/A","ANDA","60 TABLET in 1 BOTTLE (43353-987-53)","Biguanide [EPC],  Biguanides [CS]","N/A","No","12/31/2027"
"METFORMIN HYDROCHLORIDE","43353-987-60","1000 mg/1","TABLET","ORAL","ANDA203769","Aphena Pharma Solutions - Tennessee, LLC","43353-987","METFORMIN HYDROCHLORIDE","METFORMIN HYDROCHLORIDE","HUMAN PRESCRIPTION DRUG","02/02/2015","N/A","ANDA","90 TABLET in 1 BOTTLE (43353-987-60)","Biguanide [EPC],  Biguanides [CS]","N/A","No","12/31/2027"
"METFORMIN HYDROCHLORIDE","43353-987-73","1000 mg/1","TABLET","ORAL","ANDA203769","Aphena Pharma Solutions - Tennessee, LLC","43353-987","METFORMIN HYDROCHLORIDE","METFORMIN HYDROCHLORIDE","HUMAN PRESCRIPTION DRUG","12/21/2014","N/A","ANDA","135 TABLET in 1 BOTTLE (43353-987-73)","Biguanide [EPC],  Biguanides [CS]","N/A","No","12/31/2027"
"METFORMIN HYDROCHLORIDE","43353-987-80","1000 mg/1","TABLET","ORAL","ANDA203769","Aphena Pharma Solutions - Tennessee, LLC","43353-987","METFORMIN HYDROCHLORIDE","METFORMIN HYDROCHLORIDE","HUMAN PRESCRIPTION DRUG","02/02/2016","N/A","ANDA","180 TABLET in 1 BOTTLE (43353-987-80)","Biguanide [EPC],  Biguanides [CS]","N/A","No","12/31/2027"
"METFORMIN HYDROCHLORIDE","43353-987-86","1000 mg/1","TABLET","ORAL","ANDA203769","Aphena Pharma Solutions - Tennessee, LLC","43353-987","METFORMIN HYDROCHLORIDE","METFORMIN HYDROCHLORIDE","HUMAN PRESCRIPTION DRUG","12/22/2014","N/A","ANDA","225 TABLET in 1 BOTTLE (43353-987-86)","Biguanide [EPC],  Biguanides [CS]","N/A","No","12/31/2027"
"METFORMIN HYDROCHLORIDE","43353-987-87","1000 mg/1","TABLET","ORAL","ANDA203769","Aphena Pharma Solutions - Tennessee, LLC","43353-987","METFORMIN HYDROCHLORIDE","METFORMIN HYDROCHLORIDE","HUMAN PRESCRIPTION DRUG","06/10/2024","N/A","ANDA","2400 TABLET in 1 BOTTLE (43353-987-87)","Biguanide [EPC],  Biguanides [CS]","N/A","No","12/31/2027"
"METFORMIN HYDROCHLORIDE","43353-987-96","1000 mg/1","TABLET","ORAL","ANDA203769","Aphena Pharma Solutions - Tennessee, LLC","43353-987","METFORMIN HYDROCHLORIDE","METFORMIN HYDROCHLORIDE","HUMAN PRESCRIPTION DRUG","05/13/2020","N/A","ANDA","450 TABLET in 1 BOTTLE (43353-987-96)","Biguanide [EPC],  Biguanides [CS]","N/A","No","12/31/2027"
"INVOKAMET XR","50458-941-01","50 mg/1,  1000 mg/1","TABLET, FILM COATED, EXTENDED RELEASE","ORAL","NDA205879","Janssen Pharmaceuticals, Inc.","50458-941","canagliflozin and metformin hydrochloride","CANAGLIFLOZIN,  METFORMIN HYDROCHLORIDE","HUMAN PRESCRIPTION DRUG","09/20/2016","N/A","NDA","60 TABLET, FILM COATED, EXTENDED RELEASE in 1 BOTTLE (50458-941-01)","Biguanide [EPC],  Biguanides [CS],  P-Glycoprotein Inhibitors [MoA],  Sodium-Glucose Cotransporter 2 Inhibitor [EPC],  Sodium-Glucose Transporter 2 Inhibitors [MoA]","N/A","No","12/31/2027"
"Metformin Hydrochloride","51655-368-52","750 mg/1","TABLET, EXTENDED RELEASE","ORAL","ANDA078321","Northwind Health Company, LLC","51655-368","Metformin Hydrochloride","METFORMIN HYDROCHLORIDE","HUMAN PRESCRIPTION DRUG","06/04/2020","11/30/2026","ANDA","30 TABLET, EXTENDED RELEASE in 1 BOTTLE, PLASTIC (51655-368-52)","Biguanide [EPC],  Biguanides [CS]","N/A","No","N/A"
"METFORMIN HYDROCHLORIDE","23155-841-01","500 mg/1","TABLET","ORAL","ANDA213320","Heritage Pharmaceuticals Inc. d/b/a Avet Pharmaceuticals Inc.","23155-841","metformin hydrochloride","METFORMIN HYDROCHLORIDE","HUMAN PRESCRIPTION DRUG","01/19/2023","09/30/2027","ANDA","100 TABLET in 1 BOTTLE (23155-841-01)","Biguanide [EPC],  Biguanides [CS]","N/A","No","N/A"
"METFORMIN HYDROCHLORIDE","23155-841-05","500 mg/1","TABLET","ORAL","ANDA213320","Heritage Pharmaceuticals Inc. d/b/a Avet Pharmaceuticals Inc.","23155-841","metformin hydrochloride","METFORMIN HYDROCHLORIDE","HUMAN PRESCRIPTION DRUG","01/19/2023","09/30/2027","ANDA","500 TABLET in 1 BOTTLE (23155-841-05)","Biguanide [EPC],  Biguanides [CS]","N/A","No","N/A"
"METFORMIN HYDROCHLORIDE","23155-841-10","500 mg/1","TABLET","ORAL","ANDA213320","Heritage Pharmaceuticals Inc. d/b/a Avet Pharmaceuticals Inc.","23155-841","metformin hydrochloride","METFORMIN HYDROCHLORIDE","HUMAN PRESCRIPTION DRUG","08/30/2023","09/30/2027","ANDA","1000 TABLET in 1 BOTTLE (23155-841-10)","Biguanide [EPC],  Biguanides [CS]","N/A","No","N/A"
"glyburide-metformin hydrochloride","50090-7814-0","2.5 mg/1,  500 mg/1","TABLET","ORAL","ANDA079009","A-S Medication Solutions","50090-7814","glyburide-metformin hydrochloride","GLYBURIDE,  METFORMIN HYDROCHLORIDE","HUMAN PRESCRIPTION DRUG","12/09/2025","N/A","ANDA","60 TABLET in 1 BOTTLE (50090-7814-0)","Biguanide [EPC],  Biguanides [CS],  Sulfonylurea Compounds [CS],  Sulfonylurea [EPC]","N/A","No","12/31/2026"
"glyburide-metformin hydrochloride","50090-7814-2","2.5 mg/1,  500 mg/1","TABLET","ORAL","ANDA079009","A-S Medication Solutions","50090-7814","glyburide-metformin hydrochloride","GLYBURIDE,  METFORMIN HYDROCHLORIDE","HUMAN PRESCRIPTION DRUG","12/09/2025","N/A","ANDA","180 TABLET in 1 BOTTLE (50090-7814-2)","Biguanide [EPC],  Biguanides [CS],  Sulfonylurea Compounds [CS],  Sulfonylurea [EPC]","N/A","No","12/31/2026"
"INVOKAMET XR","50458-943-01","150 mg/1,  1000 mg/1","TABLET, FILM COATED, EXTENDED RELEASE","ORAL","NDA205879","Janssen Pharmaceuticals, Inc.","50458-943","canagliflozin and metformin hydrochloride","CANAGLIFLOZIN,  METFORMIN HYDROCHLORIDE","HUMAN PRESCRIPTION DRUG","09/20/2016","N/A","NDA","60 TABLET, FILM COATED, EXTENDED RELEASE in 1 BOTTLE (50458-943-01)","Biguanide [EPC],  Biguanides [CS],  P-Glycoprotein Inhibitors [MoA],  Sodium-Glucose Cotransporter 2 Inhibitor [EPC],  Sodium-Glucose Transporter 2 Inhibitors [MoA]","N/A","No","12/31/2027"
"METFORMIN HYDROCHLORIDE","71335-1785-1","850 mg/1","TABLET","ORAL","ANDA203769","Bryant Ranch Prepack","71335-1785","METFORMIN HYDROCHLORIDE","METFORMIN HYDROCHLORIDE","HUMAN PRESCRIPTION DRUG","03/10/2021","N/A","ANDA","60 TABLET in 1 BOTTLE, PLASTIC (71335-1785-1)","Biguanide [EPC],  Biguanides [CS]","N/A","No","12/31/2026"
"METFORMIN HYDROCHLORIDE","71335-1785-2","850 mg/1","TABLET","ORAL","ANDA203769","Bryant Ranch Prepack","71335-1785","METFORMIN HYDROCHLORIDE","METFORMIN HYDROCHLORIDE","HUMAN PRESCRIPTION DRUG","03/10/2021","N/A","ANDA","30 TABLET in 1 BOTTLE, PLASTIC (71335-1785-2)","Biguanide [EPC],  Biguanides [CS]","N/A","No","12/31/2026"
"METFORMIN HYDROCHLORIDE","71335-1785-3","850 mg/1","TABLET","ORAL","ANDA203769","Bryant Ranch Prepack","71335-1785","METFORMIN HYDROCHLORIDE","METFORMIN HYDROCHLORIDE","HUMAN PRESCRIPTION DRUG","03/10/2021","N/A","ANDA","120 TABLET in 1 BOTTLE, PLASTIC (71335-1785-3)","Biguanide [EPC],  Biguanides [CS]","N/A","No","12/31/2026"
"METFORMIN HYDROCHLORIDE","71335-1785-4","850 mg/1","TABLET","ORAL","ANDA203769","Bryant Ranch Prepack","71335-1785","METFORMIN HYDROCHLORIDE","METFORMIN HYDROCHLORIDE","HUMAN PRESCRIPTION DRUG","03/10/2021","N/A","ANDA","90 TABLET in 1 BOTTLE, PLASTIC (71335-1785-4)","Biguanide [EPC],  Biguanides [CS]","N/A","No","12/31/2026"
"METFORMIN HYDROCHLORIDE","71335-1785-5","850 mg/1","TABLET","ORAL","ANDA203769","Bryant Ranch Prepack","71335-1785","METFORMIN HYDROCHLORIDE","METFORMIN HYDROCHLORIDE","HUMAN PRESCRIPTION DRUG","03/10/2021","N/A","ANDA","100 TABLET in 1 BOTTLE, PLASTIC (71335-1785-5)","Biguanide [EPC],  Biguanides [CS]","N/A","No","12/31/2026"
"METFORMIN HYDROCHLORIDE","71335-1785-6","850 mg/1","TABLET","ORAL","ANDA203769","Bryant Ranch Prepack","71335-1785","METFORMIN HYDROCHLORIDE","METFORMIN HYDROCHLORIDE","HUMAN PRESCRIPTION DRUG","03/10/2021","N/A","ANDA","180 TABLET in 1 BOTTLE, PLASTIC (71335-1785-6)","Biguanide [EPC],  Biguanides [CS]","N/A","No","12/31/2026"
"Glumetza","68012-004-50","500 mg/1","TABLET, FILM COATED, EXTENDED RELEASE","ORAL","NDA021748","Santarus, Inc.","68012-004","metformin hydrochloride","METFORMIN HYDROCHLORIDE","HUMAN PRESCRIPTION DRUG","03/20/2018","N/A","NDA","100 TABLET, FILM COATED, EXTENDED RELEASE in 1 BOTTLE (68012-004-50)","Biguanide [EPC],  Biguanides [CS]","N/A","No","12/31/2026"
"Metformin Hydrochloride","0378-7187-05","1000 mg/1","TABLET, FILM COATED","ORAL","ANDA075973","Mylan Pharmaceuticals Inc.","0378-7187","metformin hydrochloride","METFORMIN HYDROCHLORIDE","HUMAN PRESCRIPTION DRUG","06/03/2010","N/A","ANDA","500 TABLET, FILM COATED in 1 BOTTLE, PLASTIC (0378-7187-05)","Biguanide [EPC],  Biguanides [CS]","N/A","No","12/31/2027"
"Metformin Hydrochloride","68094-904-50","500 mg/1","TABLET, EXTENDED RELEASE","ORAL","ANDA078321","Precision Dose, Inc.","68094-904","Metformin Hydrochloride","METFORMIN HYDROCHLORIDE","HUMAN PRESCRIPTION DRUG","02/15/2024","N/A","ANDA","100 TABLET, EXTENDED RELEASE in 1 BOTTLE (68094-904-50)","Biguanide [EPC],  Biguanides [CS]","N/A","No","12/31/2027"
"Metformin Hydrochloride","68094-904-60","500 mg/1","TABLET, EXTENDED RELEASE","ORAL","ANDA078321","Precision Dose, Inc.","68094-904","Metformin Hydrochloride","METFORMIN HYDROCHLORIDE","HUMAN PRESCRIPTION DRUG","02/15/2024","N/A","ANDA","500 TABLET, EXTENDED RELEASE in 1 BOTTLE (68094-904-60)","Biguanide [EPC],  Biguanides [CS]","N/A","No","12/31/2027"
"METFORMIN HYDROCHLORIDE","68071-3575-8","850 mg/1","TABLET","ORAL","ANDA213320","NuCare Pharmaceuticals,Inc.","68071-3575","metformin hydrochloride","METFORMIN HYDROCHLORIDE","HUMAN PRESCRIPTION DRUG","02/16/2024","N/A","ANDA","180 TABLET in 1 BOTTLE (68071-3575-8)","Biguanide [EPC],  Biguanides [CS]","N/A","No","12/31/2026"
"METFORMIN HYDROCHLORIDE","72162-1293-1","750 mg/1","TABLET, EXTENDED RELEASE","ORAL","ANDA076756","Bryant Ranch Prepack","72162-1293","METFORMIN HYDROCHLORIDE","METFORMIN HYDROCHLORIDE","HUMAN PRESCRIPTION DRUG","03/11/2024","N/A","ANDA","100 TABLET, EXTENDED RELEASE in 1 BOTTLE (72162-1293-1)","Biguanide [EPC],  Biguanides [CS]","N/A","No","12/31/2026"
"METFORMIN HYDROCHLORIDE","72789-551-30","1000 mg/1","TABLET, FILM COATED","ORAL","ANDA213320","PD-Rx Pharmaceuticals, Inc.","72789-551","METFORMIN HYDROCHLORIDE","METFORMIN HYDROCHLORIDE","HUMAN PRESCRIPTION DRUG","03/13/2026","N/A","ANDA","30 TABLET, FILM COATED in 1 BOTTLE, PLASTIC (72789-551-30)","Biguanide [EPC],  Biguanides [CS]","N/A","No","12/31/2027"
"METFORMIN HYDROCHLORIDE","72789-551-42","1000 mg/1","TABLET, FILM COATED","ORAL","ANDA213320","PD-Rx Pharmaceuticals, Inc.","72789-551","METFORMIN HYDROCHLORIDE","METFORMIN HYDROCHLORIDE","HUMAN PRESCRIPTION DRUG","02/26/2026","N/A","ANDA","42 TABLET, FILM COATED in 1 BOTTLE, PLASTIC (72789-551-42)","Biguanide [EPC],  Biguanides [CS]","N/A","No","12/31/2027"
"METFORMIN HYDROCHLORIDE","72789-551-60","1000 mg/1","TABLET, FILM COATED","ORAL","ANDA213320","PD-Rx Pharmaceuticals, Inc.","72789-551","METFORMIN HYDROCHLORIDE","METFORMIN HYDROCHLORIDE","HUMAN PRESCRIPTION DRUG","02/26/2026","N/A","ANDA","60 TABLET, FILM COATED in 1 BOTTLE, PLASTIC (72789-551-60)","Biguanide [EPC],  Biguanides [CS]","N/A","No","12/31/2027"
"METFORMIN HYDROCHLORIDE","72789-551-90","1000 mg/1","TABLET, FILM COATED","ORAL","ANDA213320","PD-Rx Pharmaceuticals, Inc.","72789-551","METFORMIN HYDROCHLORIDE","METFORMIN HYDROCHLORIDE","HUMAN PRESCRIPTION DRUG","02/26/2026","N/A","ANDA","90 TABLET, FILM COATED in 1 BOTTLE, PLASTIC (72789-551-90)","Biguanide [EPC],  Biguanides [CS]","N/A","No","12/31/2027"
"METFORMIN HYDROCHLORIDE","72789-551-93","1000 mg/1","TABLET, FILM COATED","ORAL","ANDA213320","PD-Rx Pharmaceuticals, Inc.","72789-551","METFORMIN HYDROCHLORIDE","METFORMIN HYDROCHLORIDE","HUMAN PRESCRIPTION DRUG","02/26/2026","N/A","ANDA","180 TABLET, FILM COATED in 1 BOTTLE, PLASTIC (72789-551-93)","Biguanide [EPC],  Biguanides [CS]","N/A","No","12/31/2027"
