Proprietary Name,NDC Package Code,Strength,Dosage Form,Route,Appl. No.,Labeler Name,Product NDC,Nonproprietary Name,Substance Name,Product Type Name,Start Marketing Date,End Marketing Date,Market Category,Package Description,Pharm Class,DEA,Sample Package,Listing Record Certified Through:
ConZip,68025-071-30,100 mg/1,"CAPSULE, EXTENDED RELEASE",ORAL,NDA022370,"Vertical Pharmaceuticals, LLC",68025-071,tramadol hydrochloride,TRAMADOL HYDROCHLORIDE,HUMAN PRESCRIPTION DRUG,09/20/2011,N/A,NDA,"30 CAPSULE, EXTENDED RELEASE in 1 BOTTLE, PLASTIC (68025-071-30)","Full Opioid Agonists [MoA], Opioid Agonist [EPC]",CIV,No,12/31/2026
ConZip,68025-072-30,200 mg/1,"CAPSULE, EXTENDED RELEASE",ORAL,NDA022370,"Vertical Pharmaceuticals, LLC",68025-072,tramadol hydrochloride,TRAMADOL HYDROCHLORIDE,HUMAN PRESCRIPTION DRUG,09/20/2011,N/A,NDA,"30 CAPSULE, EXTENDED RELEASE in 1 BOTTLE, PLASTIC (68025-072-30)","Full Opioid Agonists [MoA], Opioid Agonist [EPC]",CIV,No,12/31/2026
ConZip,68025-073-30,300 mg/1,"CAPSULE, EXTENDED RELEASE",ORAL,NDA022370,"Vertical Pharmaceuticals, LLC",68025-073,tramadol hydrochloride,TRAMADOL HYDROCHLORIDE,HUMAN PRESCRIPTION DRUG,09/20/2011,N/A,NDA,"30 CAPSULE, EXTENDED RELEASE in 1 BOTTLE, PLASTIC (68025-073-30)","Full Opioid Agonists [MoA], Opioid Agonist [EPC]",CIV,No,12/31/2026
Tramadol Hydrochloride,0093-3301-01,50 mg/1,"TABLET, FILM COATED",ORAL,ANDA075977,"Teva Pharmaceuticals USA, Inc.",0093-3301,Tramadol Hydrochloride,TRAMADOL HYDROCHLORIDE,HUMAN PRESCRIPTION DRUG,09/17/2024,N/A,ANDA,"100 TABLET, FILM COATED in 1 BOTTLE (0093-3301-01)","Full Opioid Agonists [MoA], Opioid Agonist [EPC]",CIV,No,12/31/2027
Tramadol Hydrochloride,0093-3301-05,50 mg/1,"TABLET, FILM COATED",ORAL,ANDA075977,"Teva Pharmaceuticals USA, Inc.",0093-3301,Tramadol Hydrochloride,TRAMADOL HYDROCHLORIDE,HUMAN PRESCRIPTION DRUG,09/12/2024,N/A,ANDA,"500 TABLET, FILM COATED in 1 BOTTLE (0093-3301-05)","Full Opioid Agonists [MoA], Opioid Agonist [EPC]",CIV,No,12/31/2027
Tramadol Hydrochloride,0904-7496-61,50 mg/1,"TABLET, COATED",ORAL,ANDA076003,Major Pharmaceuticals,0904-7496,Tramadol Hydrochloride,TRAMADOL HYDROCHLORIDE,HUMAN PRESCRIPTION DRUG,11/22/2024,N/A,ANDA,"100 BLISTER PACK in 1 CARTON (0904-7496-61) / 1 TABLET, COATED in 1 BLISTER PACK","Full Opioid Agonists [MoA], Opioid Agonist [EPC]",CIV,No,12/31/2027
Tramadol Hydrochloride,13811-689-30,100 mg/1,CAPSULE,ORAL,NDA022370,"Trigen Laboratories, LLC",13811-689,tramadol hydrochloride,TRAMADOL HYDROCHLORIDE,HUMAN PRESCRIPTION DRUG,06/22/2015,N/A,NDA AUTHORIZED GENERIC,"30 CAPSULE in 1 BOTTLE, PLASTIC (13811-689-30)","Full Opioid Agonists [MoA], Opioid Agonist [EPC]",CIV,No,12/31/2027
Tramadol Hydrochloride,13811-690-30,200 mg/1,CAPSULE,ORAL,NDA022370,"Trigen Laboratories, LLC",13811-690,tramadol hydrochloride,TRAMADOL HYDROCHLORIDE,HUMAN PRESCRIPTION DRUG,06/22/2015,N/A,NDA AUTHORIZED GENERIC,"30 CAPSULE in 1 BOTTLE, PLASTIC (13811-690-30)","Full Opioid Agonists [MoA], Opioid Agonist [EPC]",CIV,No,12/31/2027
Tramadol Hydrochloride,13811-691-30,300 mg/1,CAPSULE,ORAL,NDA022370,"Trigen Laboratories, LLC",13811-691,tramadol hydrochloride,TRAMADOL HYDROCHLORIDE,HUMAN PRESCRIPTION DRUG,06/22/2015,N/A,NDA AUTHORIZED GENERIC,"30 CAPSULE in 1 BOTTLE, PLASTIC (13811-691-30)","Full Opioid Agonists [MoA], Opioid Agonist [EPC]",CIV,No,12/31/2027
Tramadol Hydrochloride,16571-716-50,50 mg/1,"TABLET, FILM COATED",ORAL,ANDA203494,"Rising Pharma Holdings, Inc.",16571-716,Tramadol Hydrochloride,TRAMADOL HYDROCHLORIDE,HUMAN PRESCRIPTION DRUG,09/23/2020,N/A,ANDA,"500 TABLET, FILM COATED in 1 BOTTLE (16571-716-50)","Full Opioid Agonists [MoA], Opioid Agonist [EPC]",CIV,No,12/31/2027
Tramadol Hydrochloride,16571-716-10,50 mg/1,"TABLET, FILM COATED",ORAL,ANDA203494,"Rising Pharma Holdings, Inc.",16571-716,Tramadol Hydrochloride,TRAMADOL HYDROCHLORIDE,HUMAN PRESCRIPTION DRUG,09/23/2020,N/A,ANDA,"1000 TABLET, FILM COATED in 1 BOTTLE (16571-716-10)","Full Opioid Agonists [MoA], Opioid Agonist [EPC]",CIV,No,12/31/2027
Tramadol Hydrochloride,16571-716-01,50 mg/1,"TABLET, FILM COATED",ORAL,ANDA203494,"Rising Pharma Holdings, Inc.",16571-716,Tramadol Hydrochloride,TRAMADOL HYDROCHLORIDE,HUMAN PRESCRIPTION DRUG,09/23/2020,N/A,ANDA,"100 TABLET, FILM COATED in 1 BOTTLE (16571-716-01)","Full Opioid Agonists [MoA], Opioid Agonist [EPC]",CIV,No,12/31/2027
TRAMADOL HYDROCHLORIDE,27808-301-01,50 mg/1,"TABLET, FILM COATED",ORAL,ANDA091498,"Cranbury Pharmaceuticals, LLC",27808-301,TRAMADOL HYDROCHLORIDE,TRAMADOL HYDROCHLORIDE,HUMAN PRESCRIPTION DRUG,12/22/2024,N/A,ANDA,"100 TABLET, FILM COATED in 1 BOTTLE (27808-301-01)","Full Opioid Agonists [MoA], Opioid Agonist [EPC]",CIV,No,12/31/2026
TRAMADOL HYDROCHLORIDE,27808-301-02,50 mg/1,"TABLET, FILM COATED",ORAL,ANDA091498,"Cranbury Pharmaceuticals, LLC",27808-301,TRAMADOL HYDROCHLORIDE,TRAMADOL HYDROCHLORIDE,HUMAN PRESCRIPTION DRUG,12/22/2024,N/A,ANDA,"500 TABLET, FILM COATED in 1 BOTTLE (27808-301-02)","Full Opioid Agonists [MoA], Opioid Agonist [EPC]",CIV,No,12/31/2026
TRAMADOL HYDROCHLORIDE,27808-301-03,50 mg/1,"TABLET, FILM COATED",ORAL,ANDA091498,"Cranbury Pharmaceuticals, LLC",27808-301,TRAMADOL HYDROCHLORIDE,TRAMADOL HYDROCHLORIDE,HUMAN PRESCRIPTION DRUG,12/22/2024,N/A,ANDA,"1000 TABLET, FILM COATED in 1 BOTTLE (27808-301-03)","Full Opioid Agonists [MoA], Opioid Agonist [EPC]",CIV,No,12/31/2026
Tramadol Hydrochloride,29300-355-01,50 mg/1,"TABLET, FILM COATED",ORAL,ANDA211825,"Unichem Pharmaceuticals (USA), Inc.",29300-355,Tramadol Hydrochloride,TRAMADOL HYDROCHLORIDE,HUMAN PRESCRIPTION DRUG,11/04/2019,N/A,ANDA,"100 TABLET, FILM COATED in 1 BOTTLE, PLASTIC (29300-355-01)","Full Opioid Agonists [MoA], Opioid Agonist [EPC]",CIV,No,12/31/2027
Tramadol Hydrochloride,29300-355-10,50 mg/1,"TABLET, FILM COATED",ORAL,ANDA211825,"Unichem Pharmaceuticals (USA), Inc.",29300-355,Tramadol Hydrochloride,TRAMADOL HYDROCHLORIDE,HUMAN PRESCRIPTION DRUG,11/04/2019,N/A,ANDA,"1000 TABLET, FILM COATED in 1 BOTTLE, PLASTIC (29300-355-10)","Full Opioid Agonists [MoA], Opioid Agonist [EPC]",CIV,No,12/31/2027
Tramadol Hydrochloride,29300-355-05,50 mg/1,"TABLET, FILM COATED",ORAL,ANDA211825,"Unichem Pharmaceuticals (USA), Inc.",29300-355,Tramadol Hydrochloride,TRAMADOL HYDROCHLORIDE,HUMAN PRESCRIPTION DRUG,11/04/2019,N/A,ANDA,"500 TABLET, FILM COATED in 1 BOTTLE, PLASTIC (29300-355-05)","Full Opioid Agonists [MoA], Opioid Agonist [EPC]",CIV,No,12/31/2027
Tramadol Hydrochloride,33342-269-11,100 mg/1,"TABLET, FILM COATED, EXTENDED RELEASE",ORAL,ANDA209404,Macleods Pharmaceuticals Limited,33342-269,Tramadol Hydrochloride,TRAMADOL HYDROCHLORIDE,HUMAN PRESCRIPTION DRUG,01/31/2025,N/A,ANDA,"100 TABLET, FILM COATED, EXTENDED RELEASE in 1 BOTTLE (33342-269-11)","Full Opioid Agonists [MoA], Opioid Agonist [EPC]",CIV,No,12/31/2026
Tramadol Hydrochloride,33342-269-10,100 mg/1,"TABLET, FILM COATED, EXTENDED RELEASE",ORAL,ANDA209404,Macleods Pharmaceuticals Limited,33342-269,Tramadol Hydrochloride,TRAMADOL HYDROCHLORIDE,HUMAN PRESCRIPTION DRUG,01/31/2025,N/A,ANDA,"90 TABLET, FILM COATED, EXTENDED RELEASE in 1 BOTTLE (33342-269-10)","Full Opioid Agonists [MoA], Opioid Agonist [EPC]",CIV,No,12/31/2026
Tramadol Hydrochloride,33342-269-07,100 mg/1,"TABLET, FILM COATED, EXTENDED RELEASE",ORAL,ANDA209404,Macleods Pharmaceuticals Limited,33342-269,Tramadol Hydrochloride,TRAMADOL HYDROCHLORIDE,HUMAN PRESCRIPTION DRUG,01/31/2025,N/A,ANDA,"30 TABLET, FILM COATED, EXTENDED RELEASE in 1 BOTTLE (33342-269-07)","Full Opioid Agonists [MoA], Opioid Agonist [EPC]",CIV,No,12/31/2026
Tramadol Hydrochloride,33342-270-07,200 mg/1,"TABLET, FILM COATED, EXTENDED RELEASE",ORAL,ANDA209404,Macleods Pharmaceuticals Limited,33342-270,Tramadol Hydrochloride,TRAMADOL HYDROCHLORIDE,HUMAN PRESCRIPTION DRUG,01/31/2025,N/A,ANDA,"30 TABLET, FILM COATED, EXTENDED RELEASE in 1 BOTTLE (33342-270-07)","Full Opioid Agonists [MoA], Opioid Agonist [EPC]",CIV,No,12/31/2026
Tramadol Hydrochloride,33342-270-10,200 mg/1,"TABLET, FILM COATED, EXTENDED RELEASE",ORAL,ANDA209404,Macleods Pharmaceuticals Limited,33342-270,Tramadol Hydrochloride,TRAMADOL HYDROCHLORIDE,HUMAN PRESCRIPTION DRUG,01/31/2025,N/A,ANDA,"90 TABLET, FILM COATED, EXTENDED RELEASE in 1 BOTTLE (33342-270-10)","Full Opioid Agonists [MoA], Opioid Agonist [EPC]",CIV,No,12/31/2026
Tramadol Hydrochloride,33342-270-11,200 mg/1,"TABLET, FILM COATED, EXTENDED RELEASE",ORAL,ANDA209404,Macleods Pharmaceuticals Limited,33342-270,Tramadol Hydrochloride,TRAMADOL HYDROCHLORIDE,HUMAN PRESCRIPTION DRUG,01/31/2025,N/A,ANDA,"100 TABLET, FILM COATED, EXTENDED RELEASE in 1 BOTTLE (33342-270-11)","Full Opioid Agonists [MoA], Opioid Agonist [EPC]",CIV,No,12/31/2026
Tramadol Hydrochloride,33342-271-07,300 mg/1,"TABLET, FILM COATED, EXTENDED RELEASE",ORAL,ANDA209404,Macleods Pharmaceuticals Limited,33342-271,Tramadol Hydrochloride,TRAMADOL HYDROCHLORIDE,HUMAN PRESCRIPTION DRUG,01/31/2025,N/A,ANDA,"30 TABLET, FILM COATED, EXTENDED RELEASE in 1 BOTTLE (33342-271-07)","Full Opioid Agonists [MoA], Opioid Agonist [EPC]",CIV,No,12/31/2026
Tramadol Hydrochloride,33342-271-10,300 mg/1,"TABLET, FILM COATED, EXTENDED RELEASE",ORAL,ANDA209404,Macleods Pharmaceuticals Limited,33342-271,Tramadol Hydrochloride,TRAMADOL HYDROCHLORIDE,HUMAN PRESCRIPTION DRUG,01/31/2025,N/A,ANDA,"90 TABLET, FILM COATED, EXTENDED RELEASE in 1 BOTTLE (33342-271-10)","Full Opioid Agonists [MoA], Opioid Agonist [EPC]",CIV,No,12/31/2026
Tramadol Hydrochloride,33342-271-11,300 mg/1,"TABLET, FILM COATED, EXTENDED RELEASE",ORAL,ANDA209404,Macleods Pharmaceuticals Limited,33342-271,Tramadol Hydrochloride,TRAMADOL HYDROCHLORIDE,HUMAN PRESCRIPTION DRUG,01/31/2025,N/A,ANDA,"100 TABLET, FILM COATED, EXTENDED RELEASE in 1 BOTTLE (33342-271-11)","Full Opioid Agonists [MoA], Opioid Agonist [EPC]",CIV,No,12/31/2026
TRAMADOL HYDROCHLORIDE,45865-184-30,300 mg/1,"TABLET, EXTENDED RELEASE",ORAL,ANDA200503,Medsource Pharmaceuticals,45865-184,TRAMADOL HYDROCHLORIDE,TRAMADOL HYDROCHLORIDE,HUMAN PRESCRIPTION DRUG,05/28/2021,N/A,ANDA,"30 TABLET, EXTENDED RELEASE in 1 BOTTLE (45865-184-30)","Full Opioid Agonists [MoA], Opioid Agonist [EPC]",CIV,No,12/31/2026
TRAMADOL HYDROCHLORIDE,47335-531-83,100 mg/1,"TABLET, EXTENDED RELEASE",ORAL,ANDA091607,"Sun Pharmaceutical Industries, Inc.",47335-531,TRAMADOL HYDROCHLORIDE,TRAMADOL HYDROCHLORIDE,HUMAN PRESCRIPTION DRUG,12/30/2011,N/A,ANDA,"30 TABLET, EXTENDED RELEASE in 1 BOTTLE (47335-531-83)","Full Opioid Agonists [MoA], Opioid Agonist [EPC]",CIV,No,12/31/2026
TRAMADOL HYDROCHLORIDE,47335-531-18,100 mg/1,"TABLET, EXTENDED RELEASE",ORAL,ANDA091607,"Sun Pharmaceutical Industries, Inc.",47335-531,TRAMADOL HYDROCHLORIDE,TRAMADOL HYDROCHLORIDE,HUMAN PRESCRIPTION DRUG,12/30/2011,N/A,ANDA,"1000 TABLET, EXTENDED RELEASE in 1 BOTTLE (47335-531-18)","Full Opioid Agonists [MoA], Opioid Agonist [EPC]",CIV,No,12/31/2026
TRAMADOL HYDROCHLORIDE,47335-531-08,100 mg/1,"TABLET, EXTENDED RELEASE",ORAL,ANDA091607,"Sun Pharmaceutical Industries, Inc.",47335-531,TRAMADOL HYDROCHLORIDE,TRAMADOL HYDROCHLORIDE,HUMAN PRESCRIPTION DRUG,12/30/2011,N/A,ANDA,"100 TABLET, EXTENDED RELEASE in 1 BOTTLE (47335-531-08)","Full Opioid Agonists [MoA], Opioid Agonist [EPC]",CIV,No,12/31/2026
TRAMADOL HYDROCHLORIDE,47335-531-88,100 mg/1,"TABLET, EXTENDED RELEASE",ORAL,ANDA091607,"Sun Pharmaceutical Industries, Inc.",47335-531,TRAMADOL HYDROCHLORIDE,TRAMADOL HYDROCHLORIDE,HUMAN PRESCRIPTION DRUG,12/30/2011,N/A,ANDA,"100 TABLET, EXTENDED RELEASE in 1 BOTTLE (47335-531-88)","Full Opioid Agonists [MoA], Opioid Agonist [EPC]",CIV,No,12/31/2026
TRAMADOL HYDROCHLORIDE,47335-533-83,200 mg/1,"TABLET, EXTENDED RELEASE",ORAL,ANDA091607,"Sun Pharmaceutical Industries, Inc.",47335-533,TRAMADOL HYDROCHLORIDE,TRAMADOL HYDROCHLORIDE,HUMAN PRESCRIPTION DRUG,12/30/2011,N/A,ANDA,"30 TABLET, EXTENDED RELEASE in 1 BOTTLE (47335-533-83)","Full Opioid Agonists [MoA], Opioid Agonist [EPC]",CIV,No,12/31/2026
TRAMADOL HYDROCHLORIDE,47335-533-08,200 mg/1,"TABLET, EXTENDED RELEASE",ORAL,ANDA091607,"Sun Pharmaceutical Industries, Inc.",47335-533,TRAMADOL HYDROCHLORIDE,TRAMADOL HYDROCHLORIDE,HUMAN PRESCRIPTION DRUG,12/30/2011,N/A,ANDA,"100 TABLET, EXTENDED RELEASE in 1 BOTTLE (47335-533-08)","Full Opioid Agonists [MoA], Opioid Agonist [EPC]",CIV,No,12/31/2026
TRAMADOL HYDROCHLORIDE,47335-533-88,200 mg/1,"TABLET, EXTENDED RELEASE",ORAL,ANDA091607,"Sun Pharmaceutical Industries, Inc.",47335-533,TRAMADOL HYDROCHLORIDE,TRAMADOL HYDROCHLORIDE,HUMAN PRESCRIPTION DRUG,12/30/2011,N/A,ANDA,"100 TABLET, EXTENDED RELEASE in 1 BOTTLE (47335-533-88)","Full Opioid Agonists [MoA], Opioid Agonist [EPC]",CIV,No,12/31/2026
TRAMADOL HYDROCHLORIDE,47335-533-18,200 mg/1,"TABLET, EXTENDED RELEASE",ORAL,ANDA091607,"Sun Pharmaceutical Industries, Inc.",47335-533,TRAMADOL HYDROCHLORIDE,TRAMADOL HYDROCHLORIDE,HUMAN PRESCRIPTION DRUG,12/30/2011,N/A,ANDA,"1000 TABLET, EXTENDED RELEASE in 1 BOTTLE (47335-533-18)","Full Opioid Agonists [MoA], Opioid Agonist [EPC]",CIV,No,12/31/2026
TRAMADOL HYDROCHLORIDE,47335-537-08,300 mg/1,"TABLET, EXTENDED RELEASE",ORAL,ANDA091607,"Sun Pharmaceutical Industries, Inc.",47335-537,TRAMADOL HYDROCHLORIDE,TRAMADOL HYDROCHLORIDE,HUMAN PRESCRIPTION DRUG,12/30/2011,N/A,ANDA,"100 TABLET, EXTENDED RELEASE in 1 BOTTLE (47335-537-08)","Full Opioid Agonists [MoA], Opioid Agonist [EPC]",CIV,No,12/31/2026
TRAMADOL HYDROCHLORIDE,47335-537-88,300 mg/1,"TABLET, EXTENDED RELEASE",ORAL,ANDA091607,"Sun Pharmaceutical Industries, Inc.",47335-537,TRAMADOL HYDROCHLORIDE,TRAMADOL HYDROCHLORIDE,HUMAN PRESCRIPTION DRUG,12/30/2011,N/A,ANDA,"100 TABLET, EXTENDED RELEASE in 1 BOTTLE (47335-537-88)","Full Opioid Agonists [MoA], Opioid Agonist [EPC]",CIV,No,12/31/2026
TRAMADOL HYDROCHLORIDE,47335-537-18,300 mg/1,"TABLET, EXTENDED RELEASE",ORAL,ANDA091607,"Sun Pharmaceutical Industries, Inc.",47335-537,TRAMADOL HYDROCHLORIDE,TRAMADOL HYDROCHLORIDE,HUMAN PRESCRIPTION DRUG,12/30/2011,N/A,ANDA,"1000 TABLET, EXTENDED RELEASE in 1 BOTTLE (47335-537-18)","Full Opioid Agonists [MoA], Opioid Agonist [EPC]",CIV,No,12/31/2026
TRAMADOL HYDROCHLORIDE,47335-537-83,300 mg/1,"TABLET, EXTENDED RELEASE",ORAL,ANDA091607,"Sun Pharmaceutical Industries, Inc.",47335-537,TRAMADOL HYDROCHLORIDE,TRAMADOL HYDROCHLORIDE,HUMAN PRESCRIPTION DRUG,12/30/2011,N/A,ANDA,"30 TABLET, EXTENDED RELEASE in 1 BOTTLE (47335-537-83)","Full Opioid Agonists [MoA], Opioid Agonist [EPC]",CIV,No,12/31/2026
TRAMADOL HYDROCHLORIDE,47335-859-18,100 mg/1,"TABLET, EXTENDED RELEASE",ORAL,ANDA201384,"Sun Pharmaceutical Industries, Inc.",47335-859,TRAMADOL HYDROCHLORIDE,TRAMADOL HYDROCHLORIDE,HUMAN PRESCRIPTION DRUG,12/12/2011,N/A,ANDA,"1000 TABLET, EXTENDED RELEASE in 1 BOTTLE (47335-859-18)","Full Opioid Agonists [MoA], Opioid Agonist [EPC]",CIV,No,12/31/2026
TRAMADOL HYDROCHLORIDE,47335-859-08,100 mg/1,"TABLET, EXTENDED RELEASE",ORAL,ANDA201384,"Sun Pharmaceutical Industries, Inc.",47335-859,TRAMADOL HYDROCHLORIDE,TRAMADOL HYDROCHLORIDE,HUMAN PRESCRIPTION DRUG,12/12/2011,N/A,ANDA,"100 TABLET, EXTENDED RELEASE in 1 BOTTLE (47335-859-08)","Full Opioid Agonists [MoA], Opioid Agonist [EPC]",CIV,No,12/31/2026
TRAMADOL HYDROCHLORIDE,47335-859-83,100 mg/1,"TABLET, EXTENDED RELEASE",ORAL,ANDA201384,"Sun Pharmaceutical Industries, Inc.",47335-859,TRAMADOL HYDROCHLORIDE,TRAMADOL HYDROCHLORIDE,HUMAN PRESCRIPTION DRUG,12/12/2011,N/A,ANDA,"30 TABLET, EXTENDED RELEASE in 1 BOTTLE (47335-859-83)","Full Opioid Agonists [MoA], Opioid Agonist [EPC]",CIV,No,12/31/2026
TRAMADOL HYDROCHLORIDE,47335-859-88,100 mg/1,"TABLET, EXTENDED RELEASE",ORAL,ANDA201384,"Sun Pharmaceutical Industries, Inc.",47335-859,TRAMADOL HYDROCHLORIDE,TRAMADOL HYDROCHLORIDE,HUMAN PRESCRIPTION DRUG,12/12/2011,N/A,ANDA,"100 TABLET, EXTENDED RELEASE in 1 BOTTLE (47335-859-88)","Full Opioid Agonists [MoA], Opioid Agonist [EPC]",CIV,No,12/31/2026
TRAMADOL HYDROCHLORIDE,47335-860-08,200 mg/1,"TABLET, EXTENDED RELEASE",ORAL,ANDA201384,"Sun Pharmaceutical Industries, Inc.",47335-860,TRAMADOL HYDROCHLORIDE,TRAMADOL HYDROCHLORIDE,HUMAN PRESCRIPTION DRUG,12/12/2011,N/A,ANDA,"100 TABLET, EXTENDED RELEASE in 1 BOTTLE (47335-860-08)","Full Opioid Agonists [MoA], Opioid Agonist [EPC]",CIV,No,12/31/2026
TRAMADOL HYDROCHLORIDE,47335-860-18,200 mg/1,"TABLET, EXTENDED RELEASE",ORAL,ANDA201384,"Sun Pharmaceutical Industries, Inc.",47335-860,TRAMADOL HYDROCHLORIDE,TRAMADOL HYDROCHLORIDE,HUMAN PRESCRIPTION DRUG,12/12/2011,N/A,ANDA,"1000 TABLET, EXTENDED RELEASE in 1 BOTTLE (47335-860-18)","Full Opioid Agonists [MoA], Opioid Agonist [EPC]",CIV,No,12/31/2026
TRAMADOL HYDROCHLORIDE,47335-860-88,200 mg/1,"TABLET, EXTENDED RELEASE",ORAL,ANDA201384,"Sun Pharmaceutical Industries, Inc.",47335-860,TRAMADOL HYDROCHLORIDE,TRAMADOL HYDROCHLORIDE,HUMAN PRESCRIPTION DRUG,12/12/2011,N/A,ANDA,"100 TABLET, EXTENDED RELEASE in 1 BOTTLE (47335-860-88)","Full Opioid Agonists [MoA], Opioid Agonist [EPC]",CIV,No,12/31/2026
TRAMADOL HYDROCHLORIDE,47335-860-83,200 mg/1,"TABLET, EXTENDED RELEASE",ORAL,ANDA201384,"Sun Pharmaceutical Industries, Inc.",47335-860,TRAMADOL HYDROCHLORIDE,TRAMADOL HYDROCHLORIDE,HUMAN PRESCRIPTION DRUG,12/12/2011,N/A,ANDA,"30 TABLET, EXTENDED RELEASE in 1 BOTTLE (47335-860-83)","Full Opioid Agonists [MoA], Opioid Agonist [EPC]",CIV,No,12/31/2026
TRAMADOL HYDROCHLORIDE,47335-861-08,300 mg/1,"TABLET, EXTENDED RELEASE",ORAL,ANDA201384,"Sun Pharmaceutical Industries, Inc.",47335-861,TRAMADOL HYDROCHLORIDE,TRAMADOL HYDROCHLORIDE,HUMAN PRESCRIPTION DRUG,12/12/2011,N/A,ANDA,"100 TABLET, EXTENDED RELEASE in 1 BOTTLE (47335-861-08)","Full Opioid Agonists [MoA], Opioid Agonist [EPC]",CIV,No,12/31/2026
TRAMADOL HYDROCHLORIDE,47335-861-88,300 mg/1,"TABLET, EXTENDED RELEASE",ORAL,ANDA201384,"Sun Pharmaceutical Industries, Inc.",47335-861,TRAMADOL HYDROCHLORIDE,TRAMADOL HYDROCHLORIDE,HUMAN PRESCRIPTION DRUG,12/12/2011,N/A,ANDA,"100 TABLET, EXTENDED RELEASE in 1 BOTTLE (47335-861-88)","Full Opioid Agonists [MoA], Opioid Agonist [EPC]",CIV,No,12/31/2026
TRAMADOL HYDROCHLORIDE,47335-861-83,300 mg/1,"TABLET, EXTENDED RELEASE",ORAL,ANDA201384,"Sun Pharmaceutical Industries, Inc.",47335-861,TRAMADOL HYDROCHLORIDE,TRAMADOL HYDROCHLORIDE,HUMAN PRESCRIPTION DRUG,12/12/2011,N/A,ANDA,"30 TABLET, EXTENDED RELEASE in 1 BOTTLE (47335-861-83)","Full Opioid Agonists [MoA], Opioid Agonist [EPC]",CIV,No,12/31/2026
TRAMADOL HYDROCHLORIDE,47335-861-18,300 mg/1,"TABLET, EXTENDED RELEASE",ORAL,ANDA201384,"Sun Pharmaceutical Industries, Inc.",47335-861,TRAMADOL HYDROCHLORIDE,TRAMADOL HYDROCHLORIDE,HUMAN PRESCRIPTION DRUG,12/12/2011,N/A,ANDA,"1000 TABLET, EXTENDED RELEASE in 1 BOTTLE (47335-861-18)","Full Opioid Agonists [MoA], Opioid Agonist [EPC]",CIV,No,12/31/2026
TRAMADOL HYDROCHLORIDE,50090-5107-0,100 mg/1,"TABLET, EXTENDED RELEASE",ORAL,ANDA200503,A-S Medication Solutions,50090-5107,TRAMADOL HYDROCHLORIDE,TRAMADOL HYDROCHLORIDE,HUMAN PRESCRIPTION DRUG,07/20/2020,N/A,ANDA,"30 TABLET, EXTENDED RELEASE in 1 BOTTLE (50090-5107-0)","Full Opioid Agonists [MoA], Opioid Agonist [EPC]",CIV,No,12/31/2026
Tramadol Hydrochloride,50090-5789-9,50 mg/1,"TABLET, FILM COATED",ORAL,ANDA211825,A-S Medication Solutions,50090-5789,Tramadol Hydrochloride,TRAMADOL HYDROCHLORIDE,HUMAN PRESCRIPTION DRUG,10/08/2021,N/A,ANDA,"120 TABLET, FILM COATED in 1 BOTTLE (50090-5789-9)","Full Opioid Agonists [MoA], Opioid Agonist [EPC]",CIV,No,12/31/2027
Tramadol Hydrochloride,50090-5789-5,50 mg/1,"TABLET, FILM COATED",ORAL,ANDA211825,A-S Medication Solutions,50090-5789,Tramadol Hydrochloride,TRAMADOL HYDROCHLORIDE,HUMAN PRESCRIPTION DRUG,10/08/2021,N/A,ANDA,"60 TABLET, FILM COATED in 1 BOTTLE (50090-5789-5)","Full Opioid Agonists [MoA], Opioid Agonist [EPC]",CIV,No,12/31/2027
Tramadol Hydrochloride,50090-5789-4,50 mg/1,"TABLET, FILM COATED",ORAL,ANDA211825,A-S Medication Solutions,50090-5789,Tramadol Hydrochloride,TRAMADOL HYDROCHLORIDE,HUMAN PRESCRIPTION DRUG,10/08/2021,N/A,ANDA,"15 TABLET, FILM COATED in 1 BOTTLE (50090-5789-4)","Full Opioid Agonists [MoA], Opioid Agonist [EPC]",CIV,No,12/31/2027
Tramadol Hydrochloride,50090-5789-2,50 mg/1,"TABLET, FILM COATED",ORAL,ANDA211825,A-S Medication Solutions,50090-5789,Tramadol Hydrochloride,TRAMADOL HYDROCHLORIDE,HUMAN PRESCRIPTION DRUG,10/08/2021,N/A,ANDA,"50 TABLET, FILM COATED in 1 BOTTLE (50090-5789-2)","Full Opioid Agonists [MoA], Opioid Agonist [EPC]",CIV,No,12/31/2027
Tramadol Hydrochloride,50090-5789-1,50 mg/1,"TABLET, FILM COATED",ORAL,ANDA211825,A-S Medication Solutions,50090-5789,Tramadol Hydrochloride,TRAMADOL HYDROCHLORIDE,HUMAN PRESCRIPTION DRUG,10/08/2021,N/A,ANDA,"20 TABLET, FILM COATED in 1 BOTTLE (50090-5789-1)","Full Opioid Agonists [MoA], Opioid Agonist [EPC]",CIV,No,12/31/2027
Tramadol Hydrochloride,50090-5789-0,50 mg/1,"TABLET, FILM COATED",ORAL,ANDA211825,A-S Medication Solutions,50090-5789,Tramadol Hydrochloride,TRAMADOL HYDROCHLORIDE,HUMAN PRESCRIPTION DRUG,10/08/2021,N/A,ANDA,"30 TABLET, FILM COATED in 1 BOTTLE (50090-5789-0)","Full Opioid Agonists [MoA], Opioid Agonist [EPC]",CIV,No,12/31/2027
Tramadol Hydrochloride,50090-5790-3,50 mg/1,"TABLET, FILM COATED",ORAL,ANDA211825,A-S Medication Solutions,50090-5790,Tramadol Hydrochloride,TRAMADOL HYDROCHLORIDE,HUMAN PRESCRIPTION DRUG,06/29/2022,N/A,ANDA,"180 TABLET, FILM COATED in 1 BOTTLE (50090-5790-3)","Full Opioid Agonists [MoA], Opioid Agonist [EPC]",CIV,No,12/31/2027
Tramadol Hydrochloride,50090-5790-2,50 mg/1,"TABLET, FILM COATED",ORAL,ANDA211825,A-S Medication Solutions,50090-5790,Tramadol Hydrochloride,TRAMADOL HYDROCHLORIDE,HUMAN PRESCRIPTION DRUG,10/08/2021,N/A,ANDA,"10 TABLET, FILM COATED in 1 BOTTLE (50090-5790-2)","Full Opioid Agonists [MoA], Opioid Agonist [EPC]",CIV,No,12/31/2027
Tramadol Hydrochloride,50090-5790-1,50 mg/1,"TABLET, FILM COATED",ORAL,ANDA211825,A-S Medication Solutions,50090-5790,Tramadol Hydrochloride,TRAMADOL HYDROCHLORIDE,HUMAN PRESCRIPTION DRUG,02/08/2022,N/A,ANDA,"90 TABLET, FILM COATED in 1 BOTTLE (50090-5790-1)","Full Opioid Agonists [MoA], Opioid Agonist [EPC]",CIV,No,12/31/2027
Tramadol Hydrochloride,51407-007-01,50 mg/1,"TABLET, FILM COATED",ORAL,ANDA075977,"Golden State Medical Supply, Inc.",51407-007,Tramadol Hydrochloride,TRAMADOL HYDROCHLORIDE,HUMAN PRESCRIPTION DRUG,10/14/2024,N/A,ANDA,"100 TABLET, FILM COATED in 1 BOTTLE (51407-007-01)","Full Opioid Agonists [MoA], Opioid Agonist [EPC]",CIV,No,12/31/2027
Tramadol Hydrochloride,51407-007-05,50 mg/1,"TABLET, FILM COATED",ORAL,ANDA075977,"Golden State Medical Supply, Inc.",51407-007,Tramadol Hydrochloride,TRAMADOL HYDROCHLORIDE,HUMAN PRESCRIPTION DRUG,10/14/2024,N/A,ANDA,"500 TABLET, FILM COATED in 1 BOTTLE (51407-007-05)","Full Opioid Agonists [MoA], Opioid Agonist [EPC]",CIV,No,12/31/2027
Tramadol Hydrochloride,52817-195-50,50 mg/1,"TABLET, COATED",ORAL,ANDA208708,TRUPHARMA LLC,52817-195,Tramadol Hydrochloride,TRAMADOL HYDROCHLORIDE,HUMAN PRESCRIPTION DRUG,09/01/2020,N/A,ANDA,"500 TABLET, COATED in 1 BOTTLE (52817-195-50)","Full Opioid Agonists [MoA], Opioid Agonist [EPC]",CIV,No,12/31/2026
Tramadol Hydrochloride,52817-195-00,50 mg/1,"TABLET, COATED",ORAL,ANDA208708,TRUPHARMA LLC,52817-195,Tramadol Hydrochloride,TRAMADOL HYDROCHLORIDE,HUMAN PRESCRIPTION DRUG,09/01/2020,N/A,ANDA,"1000 TABLET, COATED in 1 BOTTLE (52817-195-00)","Full Opioid Agonists [MoA], Opioid Agonist [EPC]",CIV,No,12/31/2026
Tramadol Hydrochloride,52817-195-10,50 mg/1,"TABLET, COATED",ORAL,ANDA208708,TRUPHARMA LLC,52817-195,Tramadol Hydrochloride,TRAMADOL HYDROCHLORIDE,HUMAN PRESCRIPTION DRUG,09/01/2020,N/A,ANDA,"100 TABLET, COATED in 1 BOTTLE (52817-195-10)","Full Opioid Agonists [MoA], Opioid Agonist [EPC]",CIV,No,12/31/2026
Tramadol Hydrochloride,52817-196-00,100 mg/1,"TABLET, COATED",ORAL,ANDA208708,TRUPHARMA LLC,52817-196,Tramadol Hydrochloride,TRAMADOL HYDROCHLORIDE,HUMAN PRESCRIPTION DRUG,02/24/2020,N/A,ANDA,"1000 TABLET, COATED in 1 BOTTLE (52817-196-00)","Full Opioid Agonists [MoA], Opioid Agonist [EPC]",CIV,No,12/31/2026
Tramadol Hydrochloride,52817-196-10,100 mg/1,"TABLET, COATED",ORAL,ANDA208708,TRUPHARMA LLC,52817-196,Tramadol Hydrochloride,TRAMADOL HYDROCHLORIDE,HUMAN PRESCRIPTION DRUG,02/24/2020,N/A,ANDA,"100 TABLET, COATED in 1 BOTTLE (52817-196-10)","Full Opioid Agonists [MoA], Opioid Agonist [EPC]",CIV,No,12/31/2026
Tramadol Hydrochloride,52817-196-50,100 mg/1,"TABLET, COATED",ORAL,ANDA208708,TRUPHARMA LLC,52817-196,Tramadol Hydrochloride,TRAMADOL HYDROCHLORIDE,HUMAN PRESCRIPTION DRUG,02/24/2020,N/A,ANDA,"500 TABLET, COATED in 1 BOTTLE (52817-196-50)","Full Opioid Agonists [MoA], Opioid Agonist [EPC]",CIV,No,12/31/2026
Tramadol Hydrochloride,52817-615-16,5 mg/mL,SOLUTION,ORAL,NDA214044,"TruPharma, LLC",52817-615,tramadol hydrochloride,TRAMADOL HYDROCHLORIDE,HUMAN PRESCRIPTION DRUG,01/25/2023,N/A,NDA AUTHORIZED GENERIC,473 mL in 1 BOTTLE (52817-615-16),"Full Opioid Agonists [MoA], Opioid Agonist [EPC]",CIV,No,12/31/2026
TRAMADOL HYDROCHLORIDE,55700-996-30,100 mg/1,"TABLET, EXTENDED RELEASE",ORAL,ANDA200503,"Quality Care Products, LLC",55700-996,TRAMADOL HYDROCHLORIDE,TRAMADOL HYDROCHLORIDE,HUMAN PRESCRIPTION DRUG,01/24/2023,01/31/2027,ANDA,"30 TABLET, EXTENDED RELEASE in 1 BOTTLE (55700-996-30)","Full Opioid Agonists [MoA], Opioid Agonist [EPC]",CIV,No,N/A
Tramadol Hydrochloride,55700-997-30,50 mg/1,"TABLET, COATED",ORAL,ANDA208708,"Quality Care Products, LLC",55700-997,Tramadol Hydrochloride,TRAMADOL HYDROCHLORIDE,HUMAN PRESCRIPTION DRUG,02/07/2023,11/30/2026,ANDA,"30 TABLET, COATED in 1 BOTTLE (55700-997-30)","Full Opioid Agonists [MoA], Opioid Agonist [EPC]",CIV,No,N/A
Tramadol Hydrochloride,55700-997-01,50 mg/1,"TABLET, COATED",ORAL,ANDA208708,"Quality Care Products, LLC",55700-997,Tramadol Hydrochloride,TRAMADOL HYDROCHLORIDE,HUMAN PRESCRIPTION DRUG,02/07/2023,11/30/2026,ANDA,"120 TABLET, COATED in 1 BOTTLE (55700-997-01)","Full Opioid Agonists [MoA], Opioid Agonist [EPC]",CIV,No,N/A
Tramadol Hydrochloride,55700-997-60,50 mg/1,"TABLET, COATED",ORAL,ANDA208708,"Quality Care Products, LLC",55700-997,Tramadol Hydrochloride,TRAMADOL HYDROCHLORIDE,HUMAN PRESCRIPTION DRUG,02/07/2023,11/30/2026,ANDA,"60 TABLET, COATED in 1 BOTTLE (55700-997-60)","Full Opioid Agonists [MoA], Opioid Agonist [EPC]",CIV,No,N/A
Tramadol Hydrochloride,55700-997-18,50 mg/1,"TABLET, COATED",ORAL,ANDA208708,"Quality Care Products, LLC",55700-997,Tramadol Hydrochloride,TRAMADOL HYDROCHLORIDE,HUMAN PRESCRIPTION DRUG,02/07/2023,11/30/2026,ANDA,"180 TABLET, COATED in 1 BOTTLE (55700-997-18)","Full Opioid Agonists [MoA], Opioid Agonist [EPC]",CIV,No,N/A
Tramadol Hydrochloride,55700-997-90,50 mg/1,"TABLET, COATED",ORAL,ANDA208708,"Quality Care Products, LLC",55700-997,Tramadol Hydrochloride,TRAMADOL HYDROCHLORIDE,HUMAN PRESCRIPTION DRUG,02/07/2023,11/30/2026,ANDA,"90 TABLET, COATED in 1 BOTTLE (55700-997-90)","Full Opioid Agonists [MoA], Opioid Agonist [EPC]",CIV,No,N/A
Tramadol Hydrochloride,58118-2348-8,50 mg/1,"TABLET, COATED",ORAL,ANDA076003,"Clinical Solutions Wholesale, LLC",58118-2348,Tramadol Hydrochloride,TRAMADOL HYDROCHLORIDE,HUMAN PRESCRIPTION DRUG,02/06/2025,N/A,ANDA,"30 TABLET, COATED in 1 BLISTER PACK (58118-2348-8)","Full Opioid Agonists [MoA], Opioid Agonist [EPC]",CIV,No,12/31/2026
Tramadol Hydrochloride,59651-441-05,50 mg/1,"TABLET, FILM COATED",ORAL,ANDA203494,Aurobindo Pharma Limited,59651-441,Tramadol Hydrochloride,TRAMADOL HYDROCHLORIDE,HUMAN PRESCRIPTION DRUG,09/23/2020,N/A,ANDA,"500 TABLET, FILM COATED in 1 BOTTLE (59651-441-05)","Full Opioid Agonists [MoA], Opioid Agonist [EPC]",CIV,No,12/31/2027
Tramadol Hydrochloride,59651-441-01,50 mg/1,"TABLET, FILM COATED",ORAL,ANDA203494,Aurobindo Pharma Limited,59651-441,Tramadol Hydrochloride,TRAMADOL HYDROCHLORIDE,HUMAN PRESCRIPTION DRUG,09/23/2020,N/A,ANDA,"100 TABLET, FILM COATED in 1 BOTTLE (59651-441-01)","Full Opioid Agonists [MoA], Opioid Agonist [EPC]",CIV,No,12/31/2027
Tramadol Hydrochloride,59651-441-99,50 mg/1,"TABLET, FILM COATED",ORAL,ANDA203494,Aurobindo Pharma Limited,59651-441,Tramadol Hydrochloride,TRAMADOL HYDROCHLORIDE,HUMAN PRESCRIPTION DRUG,09/23/2020,N/A,ANDA,"1000 TABLET, FILM COATED in 1 BOTTLE (59651-441-99)","Full Opioid Agonists [MoA], Opioid Agonist [EPC]",CIV,No,12/31/2027
Tramadol Hydrochloride,60219-2348-7,50 mg/1,"TABLET, COATED",ORAL,ANDA076003,Amneal Pharmaceuticals NY LLC,60219-2348,Tramadol Hydrochloride,TRAMADOL HYDROCHLORIDE,HUMAN PRESCRIPTION DRUG,02/13/2023,N/A,ANDA,"1000 TABLET, COATED in 1 BOTTLE (60219-2348-7)","Full Opioid Agonists [MoA], Opioid Agonist [EPC]",CIV,No,12/31/2027
Tramadol Hydrochloride,60219-2348-5,50 mg/1,"TABLET, COATED",ORAL,ANDA076003,Amneal Pharmaceuticals NY LLC,60219-2348,Tramadol Hydrochloride,TRAMADOL HYDROCHLORIDE,HUMAN PRESCRIPTION DRUG,02/13/2023,N/A,ANDA,"500 TABLET, COATED in 1 BOTTLE (60219-2348-5)","Full Opioid Agonists [MoA], Opioid Agonist [EPC]",CIV,No,12/31/2027
Tramadol Hydrochloride,60219-2348-4,50 mg/1,"TABLET, COATED",ORAL,ANDA076003,Amneal Pharmaceuticals NY LLC,60219-2348,Tramadol Hydrochloride,TRAMADOL HYDROCHLORIDE,HUMAN PRESCRIPTION DRUG,02/13/2023,N/A,ANDA,"10 TABLET, COATED in 1 BOTTLE (60219-2348-4)","Full Opioid Agonists [MoA], Opioid Agonist [EPC]",CIV,No,12/31/2027
Tramadol Hydrochloride,60219-2348-1,50 mg/1,"TABLET, COATED",ORAL,ANDA076003,Amneal Pharmaceuticals NY LLC,60219-2348,Tramadol Hydrochloride,TRAMADOL HYDROCHLORIDE,HUMAN PRESCRIPTION DRUG,02/13/2023,N/A,ANDA,"100 TABLET, COATED in 1 BOTTLE (60219-2348-1)","Full Opioid Agonists [MoA], Opioid Agonist [EPC]",CIV,No,12/31/2027
Tramadol Hydrochloride,60687-795-01,50 mg/1,"TABLET, COATED",ORAL,ANDA076003,American Health Packaging,60687-795,Tramadol Hydrochloride,TRAMADOL HYDROCHLORIDE,HUMAN PRESCRIPTION DRUG,01/20/2024,N/A,ANDA,"100 BLISTER PACK in 1 CARTON (60687-795-01) / 1 TABLET, COATED in 1 BLISTER PACK (60687-795-11)","Full Opioid Agonists [MoA], Opioid Agonist [EPC]",CIV,No,12/31/2026
Tramadol Hydrochloride,60760-727-60,50 mg/1,TABLET,ORAL,ANDA075968,St. Mary's Medical Park Pharmacy,60760-727,Tramadol Hydrochloride,TRAMADOL HYDROCHLORIDE,HUMAN PRESCRIPTION DRUG,12/29/2025,N/A,ANDA,"60 TABLET in 1 BOTTLE, PLASTIC (60760-727-60)","Full Opioid Agonists [MoA], Opioid Agonist [EPC]",CIV,No,12/31/2027
Tramadol Hydrochloride,60760-727-20,50 mg/1,TABLET,ORAL,ANDA075968,St. Mary's Medical Park Pharmacy,60760-727,Tramadol Hydrochloride,TRAMADOL HYDROCHLORIDE,HUMAN PRESCRIPTION DRUG,11/13/2025,N/A,ANDA,"20 TABLET in 1 BOTTLE, PLASTIC (60760-727-20)","Full Opioid Agonists [MoA], Opioid Agonist [EPC]",CIV,No,12/31/2027
Tramadol Hydrochloride,60760-727-09,50 mg/1,TABLET,ORAL,ANDA075968,St. Mary's Medical Park Pharmacy,60760-727,Tramadol Hydrochloride,TRAMADOL HYDROCHLORIDE,HUMAN PRESCRIPTION DRUG,02/23/2026,N/A,ANDA,"9 TABLET in 1 BOTTLE, PLASTIC (60760-727-09)","Full Opioid Agonists [MoA], Opioid Agonist [EPC]",CIV,No,12/31/2027
Tramadol Hydrochloride,60760-727-92,50 mg/1,TABLET,ORAL,ANDA075968,St. Mary's Medical Park Pharmacy,60760-727,Tramadol Hydrochloride,TRAMADOL HYDROCHLORIDE,HUMAN PRESCRIPTION DRUG,02/16/2026,N/A,ANDA,"120 TABLET in 1 BOTTLE, PLASTIC (60760-727-92)","Full Opioid Agonists [MoA], Opioid Agonist [EPC]",CIV,No,12/31/2027
Tramadol Hydrochloride,60760-727-98,50 mg/1,TABLET,ORAL,ANDA075968,St. Mary's Medical Park Pharmacy,60760-727,Tramadol Hydrochloride,TRAMADOL HYDROCHLORIDE,HUMAN PRESCRIPTION DRUG,02/16/2026,N/A,ANDA,"180 TABLET in 1 BOTTLE, PLASTIC (60760-727-98)","Full Opioid Agonists [MoA], Opioid Agonist [EPC]",CIV,No,12/31/2027
Tramadol Hydrochloride,60760-727-50,50 mg/1,TABLET,ORAL,ANDA075968,St. Mary's Medical Park Pharmacy,60760-727,Tramadol Hydrochloride,TRAMADOL HYDROCHLORIDE,HUMAN PRESCRIPTION DRUG,11/05/2025,N/A,ANDA,"50 TABLET in 1 BOTTLE, PLASTIC (60760-727-50)","Full Opioid Agonists [MoA], Opioid Agonist [EPC]",CIV,No,12/31/2027
Tramadol Hydrochloride,60760-727-90,50 mg/1,TABLET,ORAL,ANDA075968,St. Mary's Medical Park Pharmacy,60760-727,Tramadol Hydrochloride,TRAMADOL HYDROCHLORIDE,HUMAN PRESCRIPTION DRUG,11/05/2025,N/A,ANDA,"90 TABLET in 1 BOTTLE, PLASTIC (60760-727-90)","Full Opioid Agonists [MoA], Opioid Agonist [EPC]",CIV,No,12/31/2027
Tramadol Hydrochloride,60760-727-30,50 mg/1,TABLET,ORAL,ANDA075968,St. Mary's Medical Park Pharmacy,60760-727,Tramadol Hydrochloride,TRAMADOL HYDROCHLORIDE,HUMAN PRESCRIPTION DRUG,11/05/2025,N/A,ANDA,"30 TABLET in 1 BOTTLE, PLASTIC (60760-727-30)","Full Opioid Agonists [MoA], Opioid Agonist [EPC]",CIV,No,12/31/2027
Tramadol Hydrochloride,60760-772-20,50 mg/1,"TABLET, FILM COATED",ORAL,ANDA203494,ST. MARY'S MEDICAL PARK PHARMACY,60760-772,Tramadol Hydrochloride,TRAMADOL HYDROCHLORIDE,HUMAN PRESCRIPTION DRUG,02/02/2023,N/A,ANDA,"20 TABLET, FILM COATED in 1 BOTTLE, PLASTIC (60760-772-20)","Full Opioid Agonists [MoA], Opioid Agonist [EPC]",CIV,No,12/31/2027
Tramadol Hydrochloride,60760-772-30,50 mg/1,"TABLET, FILM COATED",ORAL,ANDA203494,ST. MARY'S MEDICAL PARK PHARMACY,60760-772,Tramadol Hydrochloride,TRAMADOL HYDROCHLORIDE,HUMAN PRESCRIPTION DRUG,12/28/2022,N/A,ANDA,"30 TABLET, FILM COATED in 1 BOTTLE, PLASTIC (60760-772-30)","Full Opioid Agonists [MoA], Opioid Agonist [EPC]",CIV,No,12/31/2027
Tramadol Hydrochloride,60760-772-09,50 mg/1,"TABLET, FILM COATED",ORAL,ANDA203494,ST. MARY'S MEDICAL PARK PHARMACY,60760-772,Tramadol Hydrochloride,TRAMADOL HYDROCHLORIDE,HUMAN PRESCRIPTION DRUG,12/28/2022,N/A,ANDA,"9 TABLET, FILM COATED in 1 BOTTLE, PLASTIC (60760-772-09)","Full Opioid Agonists [MoA], Opioid Agonist [EPC]",CIV,No,12/31/2027
Tramadol Hydrochloride,60760-772-60,50 mg/1,"TABLET, FILM COATED",ORAL,ANDA203494,ST. MARY'S MEDICAL PARK PHARMACY,60760-772,Tramadol Hydrochloride,TRAMADOL HYDROCHLORIDE,HUMAN PRESCRIPTION DRUG,02/02/2023,N/A,ANDA,"60 TABLET, FILM COATED in 1 BOTTLE, PLASTIC (60760-772-60)","Full Opioid Agonists [MoA], Opioid Agonist [EPC]",CIV,No,12/31/2027
TRAMADOL HYDROCHLORIDE,61919-893-30,200 mg/1,"TABLET, EXTENDED RELEASE",ORAL,ANDA201384,DIRECT RX,61919-893,TRAMADOL HYDROCHLORIDE,TRAMADOL HYDROCHLORIDE,HUMAN PRESCRIPTION DRUG,06/26/2015,N/A,ANDA,"30 TABLET, EXTENDED RELEASE in 1 BOTTLE (61919-893-30)","Full Opioid Agonists [MoA], Opioid Agonist [EPC]",CIV,No,12/31/2026
TRAMADOL HYDROCHLORIDE,61919-893-60,200 mg/1,"TABLET, EXTENDED RELEASE",ORAL,ANDA201384,DIRECT RX,61919-893,TRAMADOL HYDROCHLORIDE,TRAMADOL HYDROCHLORIDE,HUMAN PRESCRIPTION DRUG,01/01/2014,N/A,ANDA,"60 TABLET, EXTENDED RELEASE in 1 BOTTLE (61919-893-60)","Full Opioid Agonists [MoA], Opioid Agonist [EPC]",CIV,No,12/31/2026
Tramadol Hydrochloride,63187-063-90,50 mg/1,"TABLET, COATED",ORAL,ANDA076003,Proficient Rx LP,63187-063,Tramadol Hydrochloride,TRAMADOL HYDROCHLORIDE,HUMAN PRESCRIPTION DRUG,05/01/2014,N/A,ANDA,"90 TABLET, COATED in 1 BOTTLE (63187-063-90)","Full Opioid Agonists [MoA], Opioid Agonist [EPC]",CIV,No,12/31/2026
Tramadol Hydrochloride,63187-063-78,50 mg/1,"TABLET, COATED",ORAL,ANDA076003,Proficient Rx LP,63187-063,Tramadol Hydrochloride,TRAMADOL HYDROCHLORIDE,HUMAN PRESCRIPTION DRUG,05/01/2014,N/A,ANDA,"180 TABLET, COATED in 1 BOTTLE (63187-063-78)","Full Opioid Agonists [MoA], Opioid Agonist [EPC]",CIV,No,12/31/2026
Tramadol Hydrochloride,63187-063-72,50 mg/1,"TABLET, COATED",ORAL,ANDA076003,Proficient Rx LP,63187-063,Tramadol Hydrochloride,TRAMADOL HYDROCHLORIDE,HUMAN PRESCRIPTION DRUG,05/01/2014,N/A,ANDA,"120 TABLET, COATED in 1 BOTTLE (63187-063-72)","Full Opioid Agonists [MoA], Opioid Agonist [EPC]",CIV,No,12/31/2026
Tramadol Hydrochloride,63187-063-64,50 mg/1,"TABLET, COATED",ORAL,ANDA076003,Proficient Rx LP,63187-063,Tramadol Hydrochloride,TRAMADOL HYDROCHLORIDE,HUMAN PRESCRIPTION DRUG,05/01/2014,N/A,ANDA,"240 TABLET, COATED in 1 BOTTLE (63187-063-64)","Full Opioid Agonists [MoA], Opioid Agonist [EPC]",CIV,No,12/31/2026
Tramadol Hydrochloride,63187-063-60,50 mg/1,"TABLET, COATED",ORAL,ANDA076003,Proficient Rx LP,63187-063,Tramadol Hydrochloride,TRAMADOL HYDROCHLORIDE,HUMAN PRESCRIPTION DRUG,05/01/2014,N/A,ANDA,"60 TABLET, COATED in 1 BOTTLE (63187-063-60)","Full Opioid Agonists [MoA], Opioid Agonist [EPC]",CIV,No,12/31/2026
Tramadol Hydrochloride,63187-063-40,50 mg/1,"TABLET, COATED",ORAL,ANDA076003,Proficient Rx LP,63187-063,Tramadol Hydrochloride,TRAMADOL HYDROCHLORIDE,HUMAN PRESCRIPTION DRUG,05/01/2014,N/A,ANDA,"40 TABLET, COATED in 1 BOTTLE (63187-063-40)","Full Opioid Agonists [MoA], Opioid Agonist [EPC]",CIV,No,12/31/2026
Tramadol Hydrochloride,63187-063-30,50 mg/1,"TABLET, COATED",ORAL,ANDA076003,Proficient Rx LP,63187-063,Tramadol Hydrochloride,TRAMADOL HYDROCHLORIDE,HUMAN PRESCRIPTION DRUG,05/01/2014,N/A,ANDA,"30 TABLET, COATED in 1 BOTTLE (63187-063-30)","Full Opioid Agonists [MoA], Opioid Agonist [EPC]",CIV,No,12/31/2026
Tramadol Hydrochloride,63187-063-20,50 mg/1,"TABLET, COATED",ORAL,ANDA076003,Proficient Rx LP,63187-063,Tramadol Hydrochloride,TRAMADOL HYDROCHLORIDE,HUMAN PRESCRIPTION DRUG,11/01/2016,N/A,ANDA,"20 TABLET, COATED in 1 BOTTLE (63187-063-20)","Full Opioid Agonists [MoA], Opioid Agonist [EPC]",CIV,No,12/31/2026
Tramadol Hydrochloride,63187-063-15,50 mg/1,"TABLET, COATED",ORAL,ANDA076003,Proficient Rx LP,63187-063,Tramadol Hydrochloride,TRAMADOL HYDROCHLORIDE,HUMAN PRESCRIPTION DRUG,08/01/2017,N/A,ANDA,"15 TABLET, COATED in 1 BOTTLE (63187-063-15)","Full Opioid Agonists [MoA], Opioid Agonist [EPC]",CIV,No,12/31/2026
TRAMADOL HYDROCHLORIDE,63187-597-90,100 mg/1,"TABLET, EXTENDED RELEASE",ORAL,ANDA201384,Proficient Rx LP,63187-597,TRAMADOL HYDROCHLORIDE,TRAMADOL HYDROCHLORIDE,HUMAN PRESCRIPTION DRUG,12/01/2018,N/A,ANDA,"90 TABLET, EXTENDED RELEASE in 1 BOTTLE (63187-597-90)","Full Opioid Agonists [MoA], Opioid Agonist [EPC]",CIV,No,12/31/2026
TRAMADOL HYDROCHLORIDE,63187-597-30,100 mg/1,"TABLET, EXTENDED RELEASE",ORAL,ANDA201384,Proficient Rx LP,63187-597,TRAMADOL HYDROCHLORIDE,TRAMADOL HYDROCHLORIDE,HUMAN PRESCRIPTION DRUG,12/01/2018,N/A,ANDA,"30 TABLET, EXTENDED RELEASE in 1 BOTTLE (63187-597-30)","Full Opioid Agonists [MoA], Opioid Agonist [EPC]",CIV,No,12/31/2026
TRAMADOL HYDROCHLORIDE,63187-597-60,100 mg/1,"TABLET, EXTENDED RELEASE",ORAL,ANDA201384,Proficient Rx LP,63187-597,TRAMADOL HYDROCHLORIDE,TRAMADOL HYDROCHLORIDE,HUMAN PRESCRIPTION DRUG,12/01/2018,N/A,ANDA,"60 TABLET, EXTENDED RELEASE in 1 BOTTLE (63187-597-60)","Full Opioid Agonists [MoA], Opioid Agonist [EPC]",CIV,No,12/31/2026
TRAMADOL HYDROCHLORIDE,63629-8319-4,200 mg/1,"TABLET, EXTENDED RELEASE",ORAL,ANDA200503,Bryant Ranch Prepack,63629-8319,TRAMADOL HYDROCHLORIDE,TRAMADOL HYDROCHLORIDE,HUMAN PRESCRIPTION DRUG,04/03/2024,N/A,ANDA,"120 TABLET, EXTENDED RELEASE in 1 BOTTLE (63629-8319-4)","Full Opioid Agonists [MoA], Opioid Agonist [EPC]",CIV,No,12/31/2026
TRAMADOL HYDROCHLORIDE,63629-8319-3,200 mg/1,"TABLET, EXTENDED RELEASE",ORAL,ANDA200503,Bryant Ranch Prepack,63629-8319,TRAMADOL HYDROCHLORIDE,TRAMADOL HYDROCHLORIDE,HUMAN PRESCRIPTION DRUG,12/03/2020,N/A,ANDA,"90 TABLET, EXTENDED RELEASE in 1 BOTTLE (63629-8319-3)","Full Opioid Agonists [MoA], Opioid Agonist [EPC]",CIV,No,12/31/2026
TRAMADOL HYDROCHLORIDE,63629-8319-1,200 mg/1,"TABLET, EXTENDED RELEASE",ORAL,ANDA200503,Bryant Ranch Prepack,63629-8319,TRAMADOL HYDROCHLORIDE,TRAMADOL HYDROCHLORIDE,HUMAN PRESCRIPTION DRUG,06/04/2020,N/A,ANDA,"30 TABLET, EXTENDED RELEASE in 1 BOTTLE (63629-8319-1)","Full Opioid Agonists [MoA], Opioid Agonist [EPC]",CIV,No,12/31/2026
TRAMADOL HYDROCHLORIDE,63629-8319-2,200 mg/1,"TABLET, EXTENDED RELEASE",ORAL,ANDA200503,Bryant Ranch Prepack,63629-8319,TRAMADOL HYDROCHLORIDE,TRAMADOL HYDROCHLORIDE,HUMAN PRESCRIPTION DRUG,05/14/2020,N/A,ANDA,"60 TABLET, EXTENDED RELEASE in 1 BOTTLE (63629-8319-2)","Full Opioid Agonists [MoA], Opioid Agonist [EPC]",CIV,No,12/31/2026
TRAMADOL HYDROCHLORIDE,63629-8323-2,100 mg/1,"TABLET, EXTENDED RELEASE",ORAL,ANDA200503,Bryant Ranch Prepack,63629-8323,TRAMADOL HYDROCHLORIDE,TRAMADOL HYDROCHLORIDE,HUMAN PRESCRIPTION DRUG,06/01/2020,N/A,ANDA,"60 TABLET, EXTENDED RELEASE in 1 BOTTLE (63629-8323-2)","Full Opioid Agonists [MoA], Opioid Agonist [EPC]",CIV,No,12/31/2026
TRAMADOL HYDROCHLORIDE,63629-8323-1,100 mg/1,"TABLET, EXTENDED RELEASE",ORAL,ANDA200503,Bryant Ranch Prepack,63629-8323,TRAMADOL HYDROCHLORIDE,TRAMADOL HYDROCHLORIDE,HUMAN PRESCRIPTION DRUG,07/01/2020,N/A,ANDA,"30 TABLET, EXTENDED RELEASE in 1 BOTTLE (63629-8323-1)","Full Opioid Agonists [MoA], Opioid Agonist [EPC]",CIV,No,12/31/2026
TRAMADOL HYDROCHLORIDE,63629-8323-4,100 mg/1,"TABLET, EXTENDED RELEASE",ORAL,ANDA200503,Bryant Ranch Prepack,63629-8323,TRAMADOL HYDROCHLORIDE,TRAMADOL HYDROCHLORIDE,HUMAN PRESCRIPTION DRUG,04/03/2024,N/A,ANDA,"120 TABLET, EXTENDED RELEASE in 1 BOTTLE (63629-8323-4)","Full Opioid Agonists [MoA], Opioid Agonist [EPC]",CIV,No,12/31/2026
TRAMADOL HYDROCHLORIDE,63629-8323-3,100 mg/1,"TABLET, EXTENDED RELEASE",ORAL,ANDA200503,Bryant Ranch Prepack,63629-8323,TRAMADOL HYDROCHLORIDE,TRAMADOL HYDROCHLORIDE,HUMAN PRESCRIPTION DRUG,04/16/2021,N/A,ANDA,"90 TABLET, EXTENDED RELEASE in 1 BOTTLE (63629-8323-3)","Full Opioid Agonists [MoA], Opioid Agonist [EPC]",CIV,No,12/31/2026
TRAMADOL HYDROCHLORIDE,63629-8324-4,300 mg/1,"TABLET, EXTENDED RELEASE",ORAL,ANDA201384,Bryant Ranch Prepack,63629-8324,TRAMADOL HYDROCHLORIDE,TRAMADOL HYDROCHLORIDE,HUMAN PRESCRIPTION DRUG,04/03/2024,N/A,ANDA,"120 TABLET, EXTENDED RELEASE in 1 BOTTLE (63629-8324-4)","Full Opioid Agonists [MoA], Opioid Agonist [EPC]",CIV,No,12/31/2027
TRAMADOL HYDROCHLORIDE,63629-8324-3,300 mg/1,"TABLET, EXTENDED RELEASE",ORAL,ANDA201384,Bryant Ranch Prepack,63629-8324,TRAMADOL HYDROCHLORIDE,TRAMADOL HYDROCHLORIDE,HUMAN PRESCRIPTION DRUG,04/03/2024,N/A,ANDA,"90 TABLET, EXTENDED RELEASE in 1 BOTTLE (63629-8324-3)","Full Opioid Agonists [MoA], Opioid Agonist [EPC]",CIV,No,12/31/2027
TRAMADOL HYDROCHLORIDE,63629-8324-2,300 mg/1,"TABLET, EXTENDED RELEASE",ORAL,ANDA201384,Bryant Ranch Prepack,63629-8324,TRAMADOL HYDROCHLORIDE,TRAMADOL HYDROCHLORIDE,HUMAN PRESCRIPTION DRUG,10/04/2021,N/A,ANDA,"60 TABLET, EXTENDED RELEASE in 1 BOTTLE (63629-8324-2)","Full Opioid Agonists [MoA], Opioid Agonist [EPC]",CIV,No,12/31/2027
TRAMADOL HYDROCHLORIDE,63629-8324-1,300 mg/1,"TABLET, EXTENDED RELEASE",ORAL,ANDA201384,Bryant Ranch Prepack,63629-8324,TRAMADOL HYDROCHLORIDE,TRAMADOL HYDROCHLORIDE,HUMAN PRESCRIPTION DRUG,06/22/2020,N/A,ANDA,"30 TABLET, EXTENDED RELEASE in 1 BOTTLE (63629-8324-1)","Full Opioid Agonists [MoA], Opioid Agonist [EPC]",CIV,No,12/31/2027
tramadol hydrochloride,64380-778-01,25 mg/1,TABLET,ORAL,ANDA202075,Strides Pharma Science Limited,64380-778,tramadol hydrochloride,TRAMADOL HYDROCHLORIDE,HUMAN PRESCRIPTION DRUG,09/01/2026,N/A,ANDA,30 TABLET in 1 BOTTLE (64380-778-01),"Full Opioid Agonists [MoA], Opioid Agonist [EPC]",CIV,No,N/A
tramadol hydrochloride,64380-791-03,50 mg/1,TABLET,ORAL,ANDA202075,Strides Pharma Science Limited,64380-791,tramadol hydrochloride,TRAMADOL HYDROCHLORIDE,HUMAN PRESCRIPTION DRUG,07/27/2026,N/A,ANDA,1000 TABLET in 1 BOTTLE (64380-791-03),"Full Opioid Agonists [MoA], Opioid Agonist [EPC]",CIV,No,12/31/2027
tramadol hydrochloride,64380-791-01,50 mg/1,TABLET,ORAL,ANDA202075,Strides Pharma Science Limited,64380-791,tramadol hydrochloride,TRAMADOL HYDROCHLORIDE,HUMAN PRESCRIPTION DRUG,07/27/2026,N/A,ANDA,100 TABLET in 1 BOTTLE (64380-791-01),"Full Opioid Agonists [MoA], Opioid Agonist [EPC]",CIV,No,12/31/2027
tramadol hydrochloride,64380-791-02,50 mg/1,TABLET,ORAL,ANDA202075,Strides Pharma Science Limited,64380-791,tramadol hydrochloride,TRAMADOL HYDROCHLORIDE,HUMAN PRESCRIPTION DRUG,07/27/2026,N/A,ANDA,500 TABLET in 1 BOTTLE (64380-791-02),"Full Opioid Agonists [MoA], Opioid Agonist [EPC]",CIV,No,12/31/2027
Tramadol Hydrochloride,64980-614-50,50 mg/1,TABLET,ORAL,ANDA075968,"Rising Pharma Holdings, Inc.",64980-614,Tramadol Hydrochloride,TRAMADOL HYDROCHLORIDE,HUMAN PRESCRIPTION DRUG,08/05/2024,N/A,ANDA,500 TABLET in 1 BOTTLE (64980-614-50),"Full Opioid Agonists [MoA], Opioid Agonist [EPC]",CIV,No,12/31/2027
Tramadol Hydrochloride,64980-614-01,50 mg/1,TABLET,ORAL,ANDA075968,"Rising Pharma Holdings, Inc.",64980-614,Tramadol Hydrochloride,TRAMADOL HYDROCHLORIDE,HUMAN PRESCRIPTION DRUG,08/05/2024,N/A,ANDA,100 TABLET in 1 BOTTLE (64980-614-01),"Full Opioid Agonists [MoA], Opioid Agonist [EPC]",CIV,No,12/31/2027
Tramadol Hydrochloride,64980-614-10,50 mg/1,TABLET,ORAL,ANDA075968,"Rising Pharma Holdings, Inc.",64980-614,Tramadol Hydrochloride,TRAMADOL HYDROCHLORIDE,HUMAN PRESCRIPTION DRUG,08/05/2024,N/A,ANDA,1000 TABLET in 1 BOTTLE (64980-614-10),"Full Opioid Agonists [MoA], Opioid Agonist [EPC]",CIV,No,12/31/2027
Tramadol Hydrochloride,64980-663-01,100 mg/1,TABLET,ORAL,ANDA075968,"Rising Pharma Holdings, Inc.",64980-663,Tramadol Hydrochloride,TRAMADOL HYDROCHLORIDE,HUMAN PRESCRIPTION DRUG,10/24/2024,N/A,ANDA,100 TABLET in 1 BOTTLE (64980-663-01),"Full Opioid Agonists [MoA], Opioid Agonist [EPC]",CIV,No,12/31/2027
Tramadol Hydrochloride,65162-627-11,50 mg/1,"TABLET, COATED",ORAL,ANDA076003,Amneal Pharmaceuticals LLC,65162-627,Tramadol Hydrochloride,TRAMADOL HYDROCHLORIDE,HUMAN PRESCRIPTION DRUG,11/15/2010,N/A,ANDA,"1000 TABLET, COATED in 1 BOTTLE (65162-627-11)","Full Opioid Agonists [MoA], Opioid Agonist [EPC]",CIV,No,12/31/2026
Tramadol Hydrochloride,65162-627-01,50 mg/1,"TABLET, COATED",ORAL,ANDA076003,Amneal Pharmaceuticals LLC,65162-627,Tramadol Hydrochloride,TRAMADOL HYDROCHLORIDE,HUMAN PRESCRIPTION DRUG,11/15/2010,N/A,ANDA,"10 TABLET, COATED in 1 BOTTLE (65162-627-01)","Full Opioid Agonists [MoA], Opioid Agonist [EPC]",CIV,No,12/31/2026
Tramadol Hydrochloride,65162-627-10,50 mg/1,"TABLET, COATED",ORAL,ANDA076003,Amneal Pharmaceuticals LLC,65162-627,Tramadol Hydrochloride,TRAMADOL HYDROCHLORIDE,HUMAN PRESCRIPTION DRUG,11/15/2010,N/A,ANDA,"100 TABLET, COATED in 1 BOTTLE (65162-627-10)","Full Opioid Agonists [MoA], Opioid Agonist [EPC]",CIV,No,12/31/2026
Tramadol Hydrochloride,65162-627-50,50 mg/1,"TABLET, COATED",ORAL,ANDA076003,Amneal Pharmaceuticals LLC,65162-627,Tramadol Hydrochloride,TRAMADOL HYDROCHLORIDE,HUMAN PRESCRIPTION DRUG,11/15/2010,N/A,ANDA,"500 TABLET, COATED in 1 BOTTLE (65162-627-50)","Full Opioid Agonists [MoA], Opioid Agonist [EPC]",CIV,No,12/31/2026
Tramadol Hydrochloride,67046-1209-3,50 mg/1,"TABLET, COATED",ORAL,ANDA076003,Coupler LLC,67046-1209,Tramadol Hydrochloride,TRAMADOL HYDROCHLORIDE,HUMAN PRESCRIPTION DRUG,06/22/2026,N/A,ANDA,"30 TABLET, COATED in 1 BLISTER PACK (67046-1209-3)","Full Opioid Agonists [MoA], Opioid Agonist [EPC]",CIV,No,12/31/2027
TRAMADOL HYDROCHLORIDE,67046-1527-3,100 mg/1,"TABLET, EXTENDED RELEASE",ORAL,ANDA200503,Coupler LLC,67046-1527,TRAMADOL HYDROCHLORIDE,TRAMADOL HYDROCHLORIDE,HUMAN PRESCRIPTION DRUG,02/27/2025,N/A,ANDA,"30 TABLET, EXTENDED RELEASE in 1 BLISTER PACK (67046-1527-3)","Full Opioid Agonists [MoA], Opioid Agonist [EPC]",CIV,No,12/31/2026
Tramadol Hydrochloride,67046-1541-3,100 mg/1,"TABLET, COATED",ORAL,ANDA208708,Coupler LLC,67046-1541,Tramadol Hydrochloride,TRAMADOL HYDROCHLORIDE,HUMAN PRESCRIPTION DRUG,03/25/2025,N/A,ANDA,"30 TABLET, COATED in 1 BLISTER PACK (67046-1541-3)","Full Opioid Agonists [MoA], Opioid Agonist [EPC]",CIV,No,12/31/2026
Tramadol Hydrochloride,67296-1834-7,50 mg/1,"TABLET, COATED",ORAL,ANDA208708,RedPharm Drug Inc,67296-1834,Tramadol Hydrochloride,TRAMADOL HYDROCHLORIDE,HUMAN PRESCRIPTION DRUG,04/22/2021,N/A,ANDA,"15 TABLET, COATED in 1 BOTTLE (67296-1834-7)","Full Opioid Agonists [MoA], Opioid Agonist [EPC]",CIV,No,12/31/2026
Tramadol Hydrochloride,67296-1834-6,50 mg/1,"TABLET, COATED",ORAL,ANDA208708,RedPharm Drug Inc,67296-1834,Tramadol Hydrochloride,TRAMADOL HYDROCHLORIDE,HUMAN PRESCRIPTION DRUG,04/22/2021,N/A,ANDA,"6 TABLET, COATED in 1 BOTTLE (67296-1834-6)","Full Opioid Agonists [MoA], Opioid Agonist [EPC]",CIV,No,12/31/2026
Tramadol Hydrochloride,67296-1834-4,50 mg/1,"TABLET, COATED",ORAL,ANDA208708,RedPharm Drug Inc,67296-1834,Tramadol Hydrochloride,TRAMADOL HYDROCHLORIDE,HUMAN PRESCRIPTION DRUG,04/22/2021,N/A,ANDA,"40 TABLET, COATED in 1 BOTTLE (67296-1834-4)","Full Opioid Agonists [MoA], Opioid Agonist [EPC]",CIV,No,12/31/2026
Tramadol Hydrochloride,67296-1834-3,50 mg/1,"TABLET, COATED",ORAL,ANDA208708,RedPharm Drug Inc,67296-1834,Tramadol Hydrochloride,TRAMADOL HYDROCHLORIDE,HUMAN PRESCRIPTION DRUG,04/22/2021,N/A,ANDA,"30 TABLET, COATED in 1 BOTTLE (67296-1834-3)","Full Opioid Agonists [MoA], Opioid Agonist [EPC]",CIV,No,12/31/2026
Tramadol Hydrochloride,67296-1834-1,50 mg/1,"TABLET, COATED",ORAL,ANDA208708,RedPharm Drug Inc,67296-1834,Tramadol Hydrochloride,TRAMADOL HYDROCHLORIDE,HUMAN PRESCRIPTION DRUG,04/22/2021,N/A,ANDA,"10 TABLET, COATED in 1 BOTTLE (67296-1834-1)","Full Opioid Agonists [MoA], Opioid Agonist [EPC]",CIV,No,12/31/2026
Tramadol Hydrochloride,67296-1834-2,50 mg/1,"TABLET, COATED",ORAL,ANDA208708,RedPharm Drug Inc,67296-1834,Tramadol Hydrochloride,TRAMADOL HYDROCHLORIDE,HUMAN PRESCRIPTION DRUG,04/22/2021,N/A,ANDA,"20 TABLET, COATED in 1 BOTTLE (67296-1834-2)","Full Opioid Agonists [MoA], Opioid Agonist [EPC]",CIV,No,12/31/2026
TRAMADOL HYDROCHLORIDE,68071-1671-3,100 mg/1,"TABLET, EXTENDED RELEASE",ORAL,ANDA200503,"NuCare Pharmaceuticals,Inc.",68071-1671,TRAMADOL HYDROCHLORIDE,TRAMADOL HYDROCHLORIDE,HUMAN PRESCRIPTION DRUG,09/30/2019,N/A,ANDA,"30 TABLET, EXTENDED RELEASE in 1 BOTTLE (68071-1671-3)","Full Opioid Agonists [MoA], Opioid Agonist [EPC]",CIV,No,12/31/2026
tramadol hydrochloride,68071-3644-6,50 mg/1,TABLET,ORAL,ANDA202075,"NuCare Pharmaceuticals, Inc.",68071-3644,tramadol hydrochloride,TRAMADOL HYDROCHLORIDE,HUMAN PRESCRIPTION DRUG,09/03/2024,N/A,ANDA,60 TABLET in 1 PACKAGE (68071-3644-6),"Full Opioid Agonists [MoA], Opioid Agonist [EPC]",CIV,No,12/31/2026
tramadol hydrochloride,68071-3644-9,50 mg/1,TABLET,ORAL,ANDA202075,"NuCare Pharmaceuticals, Inc.",68071-3644,tramadol hydrochloride,TRAMADOL HYDROCHLORIDE,HUMAN PRESCRIPTION DRUG,07/09/2024,N/A,ANDA,90 TABLET in 1 PACKAGE (68071-3644-9),"Full Opioid Agonists [MoA], Opioid Agonist [EPC]",CIV,No,12/31/2026
tramadol hydrochloride,68071-3644-5,50 mg/1,TABLET,ORAL,ANDA202075,"NuCare Pharmaceuticals, Inc.",68071-3644,tramadol hydrochloride,TRAMADOL HYDROCHLORIDE,HUMAN PRESCRIPTION DRUG,07/09/2024,N/A,ANDA,15 TABLET in 1 PACKAGE (68071-3644-5),"Full Opioid Agonists [MoA], Opioid Agonist [EPC]",CIV,No,12/31/2026
tramadol hydrochloride,68071-3644-4,50 mg/1,TABLET,ORAL,ANDA202075,"NuCare Pharmaceuticals, Inc.",68071-3644,tramadol hydrochloride,TRAMADOL HYDROCHLORIDE,HUMAN PRESCRIPTION DRUG,09/10/2024,N/A,ANDA,40 TABLET in 1 PACKAGE (68071-3644-4),"Full Opioid Agonists [MoA], Opioid Agonist [EPC]",CIV,No,12/31/2026
tramadol hydrochloride,68071-3644-3,50 mg/1,TABLET,ORAL,ANDA202075,"NuCare Pharmaceuticals, Inc.",68071-3644,tramadol hydrochloride,TRAMADOL HYDROCHLORIDE,HUMAN PRESCRIPTION DRUG,07/09/2024,N/A,ANDA,30 TABLET in 1 PACKAGE (68071-3644-3),"Full Opioid Agonists [MoA], Opioid Agonist [EPC]",CIV,No,12/31/2026
tramadol hydrochloride,68071-3655-4,50 mg/1,TABLET,ORAL,ANDA202075,"NuCare Pharmaceuticals,Inc.",68071-3655,tramadol hydrochloride,TRAMADOL HYDROCHLORIDE,HUMAN PRESCRIPTION DRUG,01/14/2025,N/A,ANDA,4 TABLET in 1 PACKAGE (68071-3655-4),"Full Opioid Agonists [MoA], Opioid Agonist [EPC]",CIV,No,12/31/2026
tramadol hydrochloride,68071-3655-2,50 mg/1,TABLET,ORAL,ANDA202075,"NuCare Pharmaceuticals,Inc.",68071-3655,tramadol hydrochloride,TRAMADOL HYDROCHLORIDE,HUMAN PRESCRIPTION DRUG,07/30/2024,N/A,ANDA,12 TABLET in 1 PACKAGE (68071-3655-2),"Full Opioid Agonists [MoA], Opioid Agonist [EPC]",CIV,No,12/31/2026
tramadol hydrochloride,68071-3655-6,50 mg/1,TABLET,ORAL,ANDA202075,"NuCare Pharmaceuticals,Inc.",68071-3655,tramadol hydrochloride,TRAMADOL HYDROCHLORIDE,HUMAN PRESCRIPTION DRUG,07/30/2024,N/A,ANDA,6 TABLET in 1 PACKAGE (68071-3655-6),"Full Opioid Agonists [MoA], Opioid Agonist [EPC]",CIV,No,12/31/2026
Tramadol Hydrochloride,68071-4119-9,50 mg/1,"TABLET, COATED",ORAL,ANDA076003,"NuCare Pharmaceuticals,Inc.",68071-4119,Tramadol Hydrochloride,TRAMADOL HYDROCHLORIDE,HUMAN PRESCRIPTION DRUG,10/16/2017,N/A,ANDA,"90 TABLET, COATED in 1 BOTTLE (68071-4119-9)","Full Opioid Agonists [MoA], Opioid Agonist [EPC]",CIV,No,12/31/2026
Tramadol Hydrochloride,68071-4119-8,50 mg/1,"TABLET, COATED",ORAL,ANDA076003,"NuCare Pharmaceuticals,Inc.",68071-4119,Tramadol Hydrochloride,TRAMADOL HYDROCHLORIDE,HUMAN PRESCRIPTION DRUG,10/16/2017,N/A,ANDA,"180 TABLET, COATED in 1 BOTTLE (68071-4119-8)","Full Opioid Agonists [MoA], Opioid Agonist [EPC]",CIV,No,12/31/2026
Tramadol Hydrochloride,68071-4119-6,50 mg/1,"TABLET, COATED",ORAL,ANDA076003,"NuCare Pharmaceuticals,Inc.",68071-4119,Tramadol Hydrochloride,TRAMADOL HYDROCHLORIDE,HUMAN PRESCRIPTION DRUG,10/16/2017,N/A,ANDA,"60 TABLET, COATED in 1 BOTTLE (68071-4119-6)","Full Opioid Agonists [MoA], Opioid Agonist [EPC]",CIV,No,12/31/2026
Tramadol Hydrochloride,68071-4119-5,50 mg/1,"TABLET, COATED",ORAL,ANDA076003,"NuCare Pharmaceuticals,Inc.",68071-4119,Tramadol Hydrochloride,TRAMADOL HYDROCHLORIDE,HUMAN PRESCRIPTION DRUG,10/16/2017,N/A,ANDA,"15 TABLET, COATED in 1 BOTTLE (68071-4119-5)","Full Opioid Agonists [MoA], Opioid Agonist [EPC]",CIV,No,12/31/2026
Tramadol Hydrochloride,68071-4119-4,50 mg/1,"TABLET, COATED",ORAL,ANDA076003,"NuCare Pharmaceuticals,Inc.",68071-4119,Tramadol Hydrochloride,TRAMADOL HYDROCHLORIDE,HUMAN PRESCRIPTION DRUG,10/16/2017,N/A,ANDA,"40 TABLET, COATED in 1 BOTTLE (68071-4119-4)","Full Opioid Agonists [MoA], Opioid Agonist [EPC]",CIV,No,12/31/2026
Tramadol Hydrochloride,68071-4119-3,50 mg/1,"TABLET, COATED",ORAL,ANDA076003,"NuCare Pharmaceuticals,Inc.",68071-4119,Tramadol Hydrochloride,TRAMADOL HYDROCHLORIDE,HUMAN PRESCRIPTION DRUG,10/16/2017,N/A,ANDA,"30 TABLET, COATED in 1 BOTTLE (68071-4119-3)","Full Opioid Agonists [MoA], Opioid Agonist [EPC]",CIV,No,12/31/2026
Tramadol Hydrochloride,68071-4119-1,50 mg/1,"TABLET, COATED",ORAL,ANDA076003,"NuCare Pharmaceuticals,Inc.",68071-4119,Tramadol Hydrochloride,TRAMADOL HYDROCHLORIDE,HUMAN PRESCRIPTION DRUG,10/16/2017,N/A,ANDA,"120 TABLET, COATED in 1 BOTTLE (68071-4119-1)","Full Opioid Agonists [MoA], Opioid Agonist [EPC]",CIV,No,12/31/2026
Tramadol Hydrochloride,68071-4119-7,50 mg/1,"TABLET, COATED",ORAL,ANDA076003,"NuCare Pharmaceuticals,Inc.",68071-4119,Tramadol Hydrochloride,TRAMADOL HYDROCHLORIDE,HUMAN PRESCRIPTION DRUG,10/16/2017,N/A,ANDA,"84 TABLET, COATED in 1 BOTTLE (68071-4119-7)","Full Opioid Agonists [MoA], Opioid Agonist [EPC]",CIV,No,12/31/2026
TRAMADOL HYDROCHLORIDE,68071-5078-3,300 mg/1,"TABLET, EXTENDED RELEASE",ORAL,ANDA200503,"NuCare Pharmaceuticals,Inc.",68071-5078,TRAMADOL HYDROCHLORIDE,TRAMADOL HYDROCHLORIDE,HUMAN PRESCRIPTION DRUG,10/01/2019,N/A,ANDA,"30 TABLET, EXTENDED RELEASE in 1 BOTTLE (68071-5078-3)","Full Opioid Agonists [MoA], Opioid Agonist [EPC]",CIV,No,12/31/2026
TRAMADOL HYDROCHLORIDE,68180-697-06,100 mg/1,"TABLET, EXTENDED RELEASE",ORAL,ANDA200503,"Lupin Pharmaceuticals, Inc.",68180-697,TRAMADOL HYDROCHLORIDE,TRAMADOL HYDROCHLORIDE,HUMAN PRESCRIPTION DRUG,08/19/2014,N/A,ANDA,"30 TABLET, EXTENDED RELEASE in 1 BOTTLE (68180-697-06)","Full Opioid Agonists [MoA], Opioid Agonist [EPC]",CIV,No,12/31/2027
TRAMADOL HYDROCHLORIDE,68180-698-06,200 mg/1,"TABLET, EXTENDED RELEASE",ORAL,ANDA200503,"Lupin Pharmaceuticals, Inc.",68180-698,TRAMADOL HYDROCHLORIDE,TRAMADOL HYDROCHLORIDE,HUMAN PRESCRIPTION DRUG,08/19/2014,N/A,ANDA,"30 TABLET, EXTENDED RELEASE in 1 BOTTLE (68180-698-06)","Full Opioid Agonists [MoA], Opioid Agonist [EPC]",CIV,No,12/31/2027
TRAMADOL HYDROCHLORIDE,68180-699-06,300 mg/1,"TABLET, EXTENDED RELEASE",ORAL,ANDA200503,"Lupin Pharmaceuticals, Inc.",68180-699,TRAMADOL HYDROCHLORIDE,TRAMADOL HYDROCHLORIDE,HUMAN PRESCRIPTION DRUG,08/19/2014,N/A,ANDA,"30 TABLET, EXTENDED RELEASE in 1 BOTTLE (68180-699-06)","Full Opioid Agonists [MoA], Opioid Agonist [EPC]",CIV,No,12/31/2027
Tramadol Hydrochloride,68788-4035-1,50 mg/1,"TABLET, FILM COATED",ORAL,ANDA211825,Preferred Pharmaceuticals Inc.,68788-4035,Tramadol Hydrochloride,TRAMADOL HYDROCHLORIDE,HUMAN PRESCRIPTION DRUG,09/29/2025,N/A,ANDA,"100 TABLET, FILM COATED in 1 BOTTLE, PLASTIC (68788-4035-1)","Full Opioid Agonists [MoA], Opioid Agonist [EPC]",CIV,No,12/31/2026
Tramadol Hydrochloride,68788-4035-2,50 mg/1,"TABLET, FILM COATED",ORAL,ANDA211825,Preferred Pharmaceuticals Inc.,68788-4035,Tramadol Hydrochloride,TRAMADOL HYDROCHLORIDE,HUMAN PRESCRIPTION DRUG,09/29/2025,N/A,ANDA,"20 TABLET, FILM COATED in 1 BOTTLE, PLASTIC (68788-4035-2)","Full Opioid Agonists [MoA], Opioid Agonist [EPC]",CIV,No,12/31/2026
Tramadol Hydrochloride,68788-4035-3,50 mg/1,"TABLET, FILM COATED",ORAL,ANDA211825,Preferred Pharmaceuticals Inc.,68788-4035,Tramadol Hydrochloride,TRAMADOL HYDROCHLORIDE,HUMAN PRESCRIPTION DRUG,09/29/2025,N/A,ANDA,"30 TABLET, FILM COATED in 1 BOTTLE, PLASTIC (68788-4035-3)","Full Opioid Agonists [MoA], Opioid Agonist [EPC]",CIV,No,12/31/2026
Tramadol Hydrochloride,68788-4035-4,50 mg/1,"TABLET, FILM COATED",ORAL,ANDA211825,Preferred Pharmaceuticals Inc.,68788-4035,Tramadol Hydrochloride,TRAMADOL HYDROCHLORIDE,HUMAN PRESCRIPTION DRUG,09/29/2025,N/A,ANDA,"40 TABLET, FILM COATED in 1 BOTTLE, PLASTIC (68788-4035-4)","Full Opioid Agonists [MoA], Opioid Agonist [EPC]",CIV,No,12/31/2026
Tramadol Hydrochloride,68788-4035-5,50 mg/1,"TABLET, FILM COATED",ORAL,ANDA211825,Preferred Pharmaceuticals Inc.,68788-4035,Tramadol Hydrochloride,TRAMADOL HYDROCHLORIDE,HUMAN PRESCRIPTION DRUG,09/29/2025,N/A,ANDA,"15 TABLET, FILM COATED in 1 BOTTLE, PLASTIC (68788-4035-5)","Full Opioid Agonists [MoA], Opioid Agonist [EPC]",CIV,No,12/31/2026
Tramadol Hydrochloride,68788-4035-6,50 mg/1,"TABLET, FILM COATED",ORAL,ANDA211825,Preferred Pharmaceuticals Inc.,68788-4035,Tramadol Hydrochloride,TRAMADOL HYDROCHLORIDE,HUMAN PRESCRIPTION DRUG,09/29/2025,N/A,ANDA,"60 TABLET, FILM COATED in 1 BOTTLE, PLASTIC (68788-4035-6)","Full Opioid Agonists [MoA], Opioid Agonist [EPC]",CIV,No,12/31/2026
Tramadol Hydrochloride,68788-4035-7,50 mg/1,"TABLET, FILM COATED",ORAL,ANDA211825,Preferred Pharmaceuticals Inc.,68788-4035,Tramadol Hydrochloride,TRAMADOL HYDROCHLORIDE,HUMAN PRESCRIPTION DRUG,09/29/2025,N/A,ANDA,"60 TABLET, FILM COATED in 1 BOTTLE, PLASTIC (68788-4035-7)","Full Opioid Agonists [MoA], Opioid Agonist [EPC]",CIV,No,12/31/2026
Tramadol Hydrochloride,68788-4035-8,50 mg/1,"TABLET, FILM COATED",ORAL,ANDA211825,Preferred Pharmaceuticals Inc.,68788-4035,Tramadol Hydrochloride,TRAMADOL HYDROCHLORIDE,HUMAN PRESCRIPTION DRUG,09/29/2025,N/A,ANDA,"120 TABLET, FILM COATED in 1 BOTTLE, PLASTIC (68788-4035-8)","Full Opioid Agonists [MoA], Opioid Agonist [EPC]",CIV,No,12/31/2026
Tramadol Hydrochloride,68788-4035-9,50 mg/1,"TABLET, FILM COATED",ORAL,ANDA211825,Preferred Pharmaceuticals Inc.,68788-4035,Tramadol Hydrochloride,TRAMADOL HYDROCHLORIDE,HUMAN PRESCRIPTION DRUG,09/29/2025,N/A,ANDA,"90 TABLET, FILM COATED in 1 BOTTLE, PLASTIC (68788-4035-9)","Full Opioid Agonists [MoA], Opioid Agonist [EPC]",CIV,No,12/31/2026
Tramadol Hydrochloride,68788-4040-9,50 mg/1,"TABLET, FILM COATED",ORAL,ANDA211825,Preferred Pharmaceuticals Inc.,68788-4040,Tramadol Hydrochloride,TRAMADOL HYDROCHLORIDE,HUMAN PRESCRIPTION DRUG,10/13/2025,N/A,ANDA,"90 TABLET, FILM COATED in 1 BOTTLE, PLASTIC (68788-4040-9)","Full Opioid Agonists [MoA], Opioid Agonist [EPC]",CIV,No,12/31/2026
Tramadol Hydrochloride,68788-4040-8,50 mg/1,"TABLET, FILM COATED",ORAL,ANDA211825,Preferred Pharmaceuticals Inc.,68788-4040,Tramadol Hydrochloride,TRAMADOL HYDROCHLORIDE,HUMAN PRESCRIPTION DRUG,10/13/2025,N/A,ANDA,"120 TABLET, FILM COATED in 1 BOTTLE, PLASTIC (68788-4040-8)","Full Opioid Agonists [MoA], Opioid Agonist [EPC]",CIV,No,12/31/2026
Tramadol Hydrochloride,68788-4040-7,50 mg/1,"TABLET, FILM COATED",ORAL,ANDA211825,Preferred Pharmaceuticals Inc.,68788-4040,Tramadol Hydrochloride,TRAMADOL HYDROCHLORIDE,HUMAN PRESCRIPTION DRUG,10/13/2025,N/A,ANDA,"50 TABLET, FILM COATED in 1 BOTTLE, PLASTIC (68788-4040-7)","Full Opioid Agonists [MoA], Opioid Agonist [EPC]",CIV,No,12/31/2026
Tramadol Hydrochloride,68788-4040-6,50 mg/1,"TABLET, FILM COATED",ORAL,ANDA211825,Preferred Pharmaceuticals Inc.,68788-4040,Tramadol Hydrochloride,TRAMADOL HYDROCHLORIDE,HUMAN PRESCRIPTION DRUG,10/13/2025,N/A,ANDA,"60 TABLET, FILM COATED in 1 BOTTLE, PLASTIC (68788-4040-6)","Full Opioid Agonists [MoA], Opioid Agonist [EPC]",CIV,No,12/31/2026
Tramadol Hydrochloride,68788-4040-5,50 mg/1,"TABLET, FILM COATED",ORAL,ANDA211825,Preferred Pharmaceuticals Inc.,68788-4040,Tramadol Hydrochloride,TRAMADOL HYDROCHLORIDE,HUMAN PRESCRIPTION DRUG,10/13/2025,N/A,ANDA,"15 TABLET, FILM COATED in 1 BOTTLE, PLASTIC (68788-4040-5)","Full Opioid Agonists [MoA], Opioid Agonist [EPC]",CIV,No,12/31/2026
Tramadol Hydrochloride,68788-4040-4,50 mg/1,"TABLET, FILM COATED",ORAL,ANDA211825,Preferred Pharmaceuticals Inc.,68788-4040,Tramadol Hydrochloride,TRAMADOL HYDROCHLORIDE,HUMAN PRESCRIPTION DRUG,10/13/2025,N/A,ANDA,"40 TABLET, FILM COATED in 1 BOTTLE, PLASTIC (68788-4040-4)","Full Opioid Agonists [MoA], Opioid Agonist [EPC]",CIV,No,12/31/2026
Tramadol Hydrochloride,68788-4040-3,50 mg/1,"TABLET, FILM COATED",ORAL,ANDA211825,Preferred Pharmaceuticals Inc.,68788-4040,Tramadol Hydrochloride,TRAMADOL HYDROCHLORIDE,HUMAN PRESCRIPTION DRUG,10/13/2025,N/A,ANDA,"30 TABLET, FILM COATED in 1 BOTTLE, PLASTIC (68788-4040-3)","Full Opioid Agonists [MoA], Opioid Agonist [EPC]",CIV,No,12/31/2026
Tramadol Hydrochloride,68788-4040-2,50 mg/1,"TABLET, FILM COATED",ORAL,ANDA211825,Preferred Pharmaceuticals Inc.,68788-4040,Tramadol Hydrochloride,TRAMADOL HYDROCHLORIDE,HUMAN PRESCRIPTION DRUG,10/13/2025,N/A,ANDA,"20 TABLET, FILM COATED in 1 BOTTLE, PLASTIC (68788-4040-2)","Full Opioid Agonists [MoA], Opioid Agonist [EPC]",CIV,No,12/31/2026
Tramadol Hydrochloride,68788-4040-1,50 mg/1,"TABLET, FILM COATED",ORAL,ANDA211825,Preferred Pharmaceuticals Inc.,68788-4040,Tramadol Hydrochloride,TRAMADOL HYDROCHLORIDE,HUMAN PRESCRIPTION DRUG,10/13/2025,N/A,ANDA,"100 TABLET, FILM COATED in 1 BOTTLE, PLASTIC (68788-4040-1)","Full Opioid Agonists [MoA], Opioid Agonist [EPC]",CIV,No,12/31/2026
Tramadol Hydrochloride,68788-4114-1,50 mg/1,TABLET,ORAL,ANDA075968,Preferred Pharmaceuticals Inc.,68788-4114,Tramadol Hydrochloride,TRAMADOL HYDROCHLORIDE,HUMAN PRESCRIPTION DRUG,06/08/2026,N/A,ANDA,90 TABLET in 1 BOTTLE (68788-4114-1),"Full Opioid Agonists [MoA], Opioid Agonist [EPC]",CIV,No,12/31/2027
Tramadol Hydrochloride,68788-4114-2,50 mg/1,TABLET,ORAL,ANDA075968,Preferred Pharmaceuticals Inc.,68788-4114,Tramadol Hydrochloride,TRAMADOL HYDROCHLORIDE,HUMAN PRESCRIPTION DRUG,06/08/2026,N/A,ANDA,20 TABLET in 1 BOTTLE (68788-4114-2),"Full Opioid Agonists [MoA], Opioid Agonist [EPC]",CIV,No,12/31/2027
Tramadol Hydrochloride,68788-4114-9,50 mg/1,TABLET,ORAL,ANDA075968,Preferred Pharmaceuticals Inc.,68788-4114,Tramadol Hydrochloride,TRAMADOL HYDROCHLORIDE,HUMAN PRESCRIPTION DRUG,06/08/2026,N/A,ANDA,60 TABLET in 1 BOTTLE (68788-4114-9),"Full Opioid Agonists [MoA], Opioid Agonist [EPC]",CIV,No,12/31/2027
Tramadol Hydrochloride,68788-4114-4,50 mg/1,TABLET,ORAL,ANDA075968,Preferred Pharmaceuticals Inc.,68788-4114,Tramadol Hydrochloride,TRAMADOL HYDROCHLORIDE,HUMAN PRESCRIPTION DRUG,06/08/2026,N/A,ANDA,40 TABLET in 1 BOTTLE (68788-4114-4),"Full Opioid Agonists [MoA], Opioid Agonist [EPC]",CIV,No,12/31/2027
Tramadol Hydrochloride,68788-4114-8,50 mg/1,TABLET,ORAL,ANDA075968,Preferred Pharmaceuticals Inc.,68788-4114,Tramadol Hydrochloride,TRAMADOL HYDROCHLORIDE,HUMAN PRESCRIPTION DRUG,06/08/2026,N/A,ANDA,100 TABLET in 1 BOTTLE (68788-4114-8),"Full Opioid Agonists [MoA], Opioid Agonist [EPC]",CIV,No,12/31/2027
Tramadol Hydrochloride,68788-4114-6,50 mg/1,TABLET,ORAL,ANDA075968,Preferred Pharmaceuticals Inc.,68788-4114,Tramadol Hydrochloride,TRAMADOL HYDROCHLORIDE,HUMAN PRESCRIPTION DRUG,06/08/2026,N/A,ANDA,50 TABLET in 1 BOTTLE (68788-4114-6),"Full Opioid Agonists [MoA], Opioid Agonist [EPC]",CIV,No,12/31/2027
Tramadol Hydrochloride,68788-4114-5,50 mg/1,TABLET,ORAL,ANDA075968,Preferred Pharmaceuticals Inc.,68788-4114,Tramadol Hydrochloride,TRAMADOL HYDROCHLORIDE,HUMAN PRESCRIPTION DRUG,06/08/2026,N/A,ANDA,15 TABLET in 1 BOTTLE (68788-4114-5),"Full Opioid Agonists [MoA], Opioid Agonist [EPC]",CIV,No,12/31/2027
Tramadol Hydrochloride,68788-4114-3,50 mg/1,TABLET,ORAL,ANDA075968,Preferred Pharmaceuticals Inc.,68788-4114,Tramadol Hydrochloride,TRAMADOL HYDROCHLORIDE,HUMAN PRESCRIPTION DRUG,06/08/2026,N/A,ANDA,30 TABLET in 1 BOTTLE (68788-4114-3),"Full Opioid Agonists [MoA], Opioid Agonist [EPC]",CIV,No,12/31/2027
TRAMADOL HYDROCHLORIDE,68788-7601-2,200 mg/1,"TABLET, EXTENDED RELEASE",ORAL,ANDA200503,"Preferred Pharmaceuticals, Inc.",68788-7601,TRAMADOL HYDROCHLORIDE,TRAMADOL HYDROCHLORIDE,HUMAN PRESCRIPTION DRUG,02/06/2020,N/A,ANDA,"20 TABLET, EXTENDED RELEASE in 1 BOTTLE (68788-7601-2)","Full Opioid Agonists [MoA], Opioid Agonist [EPC]",CIV,No,12/31/2026
TRAMADOL HYDROCHLORIDE,68788-7601-9,200 mg/1,"TABLET, EXTENDED RELEASE",ORAL,ANDA200503,"Preferred Pharmaceuticals, Inc.",68788-7601,TRAMADOL HYDROCHLORIDE,TRAMADOL HYDROCHLORIDE,HUMAN PRESCRIPTION DRUG,02/06/2020,N/A,ANDA,"90 TABLET, EXTENDED RELEASE in 1 BOTTLE (68788-7601-9)","Full Opioid Agonists [MoA], Opioid Agonist [EPC]",CIV,No,12/31/2026
TRAMADOL HYDROCHLORIDE,68788-7601-6,200 mg/1,"TABLET, EXTENDED RELEASE",ORAL,ANDA200503,"Preferred Pharmaceuticals, Inc.",68788-7601,TRAMADOL HYDROCHLORIDE,TRAMADOL HYDROCHLORIDE,HUMAN PRESCRIPTION DRUG,02/06/2020,N/A,ANDA,"60 TABLET, EXTENDED RELEASE in 1 BOTTLE (68788-7601-6)","Full Opioid Agonists [MoA], Opioid Agonist [EPC]",CIV,No,12/31/2026
TRAMADOL HYDROCHLORIDE,68788-7601-3,200 mg/1,"TABLET, EXTENDED RELEASE",ORAL,ANDA200503,"Preferred Pharmaceuticals, Inc.",68788-7601,TRAMADOL HYDROCHLORIDE,TRAMADOL HYDROCHLORIDE,HUMAN PRESCRIPTION DRUG,02/06/2020,N/A,ANDA,"30 TABLET, EXTENDED RELEASE in 1 BOTTLE (68788-7601-3)","Full Opioid Agonists [MoA], Opioid Agonist [EPC]",CIV,No,12/31/2026
Tramadol Hydrochloride,68788-8121-8,50 mg/1,"TABLET, COATED",ORAL,ANDA208708,Preferred Pharmaceuticals Inc.,68788-8121,Tramadol Hydrochloride,TRAMADOL HYDROCHLORIDE,HUMAN PRESCRIPTION DRUG,01/05/2022,N/A,ANDA,"120 TABLET, COATED in 1 BOTTLE (68788-8121-8)","Full Opioid Agonists [MoA], Opioid Agonist [EPC]",CIV,No,12/31/2026
Tramadol Hydrochloride,68788-8121-7,50 mg/1,"TABLET, COATED",ORAL,ANDA208708,Preferred Pharmaceuticals Inc.,68788-8121,Tramadol Hydrochloride,TRAMADOL HYDROCHLORIDE,HUMAN PRESCRIPTION DRUG,01/05/2022,N/A,ANDA,"50 TABLET, COATED in 1 BOTTLE (68788-8121-7)","Full Opioid Agonists [MoA], Opioid Agonist [EPC]",CIV,No,12/31/2026
Tramadol Hydrochloride,68788-8121-6,50 mg/1,"TABLET, COATED",ORAL,ANDA208708,Preferred Pharmaceuticals Inc.,68788-8121,Tramadol Hydrochloride,TRAMADOL HYDROCHLORIDE,HUMAN PRESCRIPTION DRUG,01/05/2022,N/A,ANDA,"60 TABLET, COATED in 1 BOTTLE (68788-8121-6)","Full Opioid Agonists [MoA], Opioid Agonist [EPC]",CIV,No,12/31/2026
Tramadol Hydrochloride,68788-8121-5,50 mg/1,"TABLET, COATED",ORAL,ANDA208708,Preferred Pharmaceuticals Inc.,68788-8121,Tramadol Hydrochloride,TRAMADOL HYDROCHLORIDE,HUMAN PRESCRIPTION DRUG,01/05/2022,N/A,ANDA,"15 TABLET, COATED in 1 BOTTLE (68788-8121-5)","Full Opioid Agonists [MoA], Opioid Agonist [EPC]",CIV,No,12/31/2026
Tramadol Hydrochloride,68788-8121-3,50 mg/1,"TABLET, COATED",ORAL,ANDA208708,Preferred Pharmaceuticals Inc.,68788-8121,Tramadol Hydrochloride,TRAMADOL HYDROCHLORIDE,HUMAN PRESCRIPTION DRUG,01/05/2022,N/A,ANDA,"30 TABLET, COATED in 1 BOTTLE (68788-8121-3)","Full Opioid Agonists [MoA], Opioid Agonist [EPC]",CIV,No,12/31/2026
Tramadol Hydrochloride,68788-8121-2,50 mg/1,"TABLET, COATED",ORAL,ANDA208708,Preferred Pharmaceuticals Inc.,68788-8121,Tramadol Hydrochloride,TRAMADOL HYDROCHLORIDE,HUMAN PRESCRIPTION DRUG,01/05/2022,N/A,ANDA,"20 TABLET, COATED in 1 BOTTLE (68788-8121-2)","Full Opioid Agonists [MoA], Opioid Agonist [EPC]",CIV,No,12/31/2026
Tramadol Hydrochloride,68788-8121-1,50 mg/1,"TABLET, COATED",ORAL,ANDA208708,Preferred Pharmaceuticals Inc.,68788-8121,Tramadol Hydrochloride,TRAMADOL HYDROCHLORIDE,HUMAN PRESCRIPTION DRUG,01/05/2022,N/A,ANDA,"100 TABLET, COATED in 1 BOTTLE (68788-8121-1)","Full Opioid Agonists [MoA], Opioid Agonist [EPC]",CIV,No,12/31/2026
Tramadol Hydrochloride,68788-8121-9,50 mg/1,"TABLET, COATED",ORAL,ANDA208708,Preferred Pharmaceuticals Inc.,68788-8121,Tramadol Hydrochloride,TRAMADOL HYDROCHLORIDE,HUMAN PRESCRIPTION DRUG,01/05/2022,N/A,ANDA,"90 TABLET, COATED in 1 BOTTLE (68788-8121-9)","Full Opioid Agonists [MoA], Opioid Agonist [EPC]",CIV,No,12/31/2026
Tramadol Hydrochloride,68788-8121-4,50 mg/1,"TABLET, COATED",ORAL,ANDA208708,Preferred Pharmaceuticals Inc.,68788-8121,Tramadol Hydrochloride,TRAMADOL HYDROCHLORIDE,HUMAN PRESCRIPTION DRUG,01/05/2022,N/A,ANDA,"40 TABLET, COATED in 1 BOTTLE (68788-8121-4)","Full Opioid Agonists [MoA], Opioid Agonist [EPC]",CIV,No,12/31/2026
TRAMADOL HYDROCHLORIDE,68788-8367-2,100 mg/1,"TABLET, EXTENDED RELEASE",ORAL,ANDA200503,"Preferred Pharmaceuticals, Inc.",68788-8367,TRAMADOL HYDROCHLORIDE,TRAMADOL HYDROCHLORIDE,HUMAN PRESCRIPTION DRUG,02/01/2023,N/A,ANDA,"20 TABLET, EXTENDED RELEASE in 1 BOTTLE (68788-8367-2)","Full Opioid Agonists [MoA], Opioid Agonist [EPC]",CIV,No,12/31/2026
TRAMADOL HYDROCHLORIDE,68788-8367-3,100 mg/1,"TABLET, EXTENDED RELEASE",ORAL,ANDA200503,"Preferred Pharmaceuticals, Inc.",68788-8367,TRAMADOL HYDROCHLORIDE,TRAMADOL HYDROCHLORIDE,HUMAN PRESCRIPTION DRUG,02/01/2023,N/A,ANDA,"30 TABLET, EXTENDED RELEASE in 1 BOTTLE (68788-8367-3)","Full Opioid Agonists [MoA], Opioid Agonist [EPC]",CIV,No,12/31/2026
TRAMADOL HYDROCHLORIDE,68788-8367-6,100 mg/1,"TABLET, EXTENDED RELEASE",ORAL,ANDA200503,"Preferred Pharmaceuticals, Inc.",68788-8367,TRAMADOL HYDROCHLORIDE,TRAMADOL HYDROCHLORIDE,HUMAN PRESCRIPTION DRUG,02/01/2023,N/A,ANDA,"60 TABLET, EXTENDED RELEASE in 1 BOTTLE (68788-8367-6)","Full Opioid Agonists [MoA], Opioid Agonist [EPC]",CIV,No,12/31/2026
TRAMADOL HYDROCHLORIDE,68788-8367-9,100 mg/1,"TABLET, EXTENDED RELEASE",ORAL,ANDA200503,"Preferred Pharmaceuticals, Inc.",68788-8367,TRAMADOL HYDROCHLORIDE,TRAMADOL HYDROCHLORIDE,HUMAN PRESCRIPTION DRUG,02/01/2023,N/A,ANDA,"90 TABLET, EXTENDED RELEASE in 1 BOTTLE (68788-8367-9)","Full Opioid Agonists [MoA], Opioid Agonist [EPC]",CIV,No,12/31/2026
tramadol hydrochloride,68788-8717-6,50 mg/1,TABLET,ORAL,ANDA202075,Preferred Pharmaceuticals Inc.,68788-8717,tramadol hydrochloride,TRAMADOL HYDROCHLORIDE,HUMAN PRESCRIPTION DRUG,07/18/2024,N/A,ANDA,60 TABLET in 1 BOTTLE (68788-8717-6),"Full Opioid Agonists [MoA], Opioid Agonist [EPC]",CIV,No,12/31/2026
tramadol hydrochloride,68788-8717-5,50 mg/1,TABLET,ORAL,ANDA202075,Preferred Pharmaceuticals Inc.,68788-8717,tramadol hydrochloride,TRAMADOL HYDROCHLORIDE,HUMAN PRESCRIPTION DRUG,07/18/2024,N/A,ANDA,15 TABLET in 1 BOTTLE (68788-8717-5),"Full Opioid Agonists [MoA], Opioid Agonist [EPC]",CIV,No,12/31/2026
tramadol hydrochloride,68788-8717-4,50 mg/1,TABLET,ORAL,ANDA202075,Preferred Pharmaceuticals Inc.,68788-8717,tramadol hydrochloride,TRAMADOL HYDROCHLORIDE,HUMAN PRESCRIPTION DRUG,07/18/2024,N/A,ANDA,40 TABLET in 1 BOTTLE (68788-8717-4),"Full Opioid Agonists [MoA], Opioid Agonist [EPC]",CIV,No,12/31/2026
tramadol hydrochloride,68788-8717-3,50 mg/1,TABLET,ORAL,ANDA202075,Preferred Pharmaceuticals Inc.,68788-8717,tramadol hydrochloride,TRAMADOL HYDROCHLORIDE,HUMAN PRESCRIPTION DRUG,07/18/2024,N/A,ANDA,30 TABLET in 1 BOTTLE (68788-8717-3),"Full Opioid Agonists [MoA], Opioid Agonist [EPC]",CIV,No,12/31/2026
tramadol hydrochloride,68788-8717-2,50 mg/1,TABLET,ORAL,ANDA202075,Preferred Pharmaceuticals Inc.,68788-8717,tramadol hydrochloride,TRAMADOL HYDROCHLORIDE,HUMAN PRESCRIPTION DRUG,07/18/2024,N/A,ANDA,20 TABLET in 1 BOTTLE (68788-8717-2),"Full Opioid Agonists [MoA], Opioid Agonist [EPC]",CIV,No,12/31/2026
tramadol hydrochloride,68788-8717-1,50 mg/1,TABLET,ORAL,ANDA202075,Preferred Pharmaceuticals Inc.,68788-8717,tramadol hydrochloride,TRAMADOL HYDROCHLORIDE,HUMAN PRESCRIPTION DRUG,07/18/2024,N/A,ANDA,100 TABLET in 1 BOTTLE (68788-8717-1),"Full Opioid Agonists [MoA], Opioid Agonist [EPC]",CIV,No,12/31/2026
tramadol hydrochloride,68788-8717-9,50 mg/1,TABLET,ORAL,ANDA202075,Preferred Pharmaceuticals Inc.,68788-8717,tramadol hydrochloride,TRAMADOL HYDROCHLORIDE,HUMAN PRESCRIPTION DRUG,07/18/2024,N/A,ANDA,90 TABLET in 1 BOTTLE (68788-8717-9),"Full Opioid Agonists [MoA], Opioid Agonist [EPC]",CIV,No,12/31/2026
tramadol hydrochloride,68788-8717-8,50 mg/1,TABLET,ORAL,ANDA202075,Preferred Pharmaceuticals Inc.,68788-8717,tramadol hydrochloride,TRAMADOL HYDROCHLORIDE,HUMAN PRESCRIPTION DRUG,07/18/2024,N/A,ANDA,120 TABLET in 1 BOTTLE (68788-8717-8),"Full Opioid Agonists [MoA], Opioid Agonist [EPC]",CIV,No,12/31/2026
tramadol hydrochloride,68788-8717-7,50 mg/1,TABLET,ORAL,ANDA202075,Preferred Pharmaceuticals Inc.,68788-8717,tramadol hydrochloride,TRAMADOL HYDROCHLORIDE,HUMAN PRESCRIPTION DRUG,07/18/2024,N/A,ANDA,50 TABLET in 1 BOTTLE (68788-8717-7),"Full Opioid Agonists [MoA], Opioid Agonist [EPC]",CIV,No,12/31/2026
Tramadol Hydrochloride,69238-2348-7,50 mg/1,"TABLET, COATED",ORAL,ANDA076003,Amneal Pharmaceuticals NY LLC,69238-2348,Tramadol Hydrochloride,TRAMADOL HYDROCHLORIDE,HUMAN PRESCRIPTION DRUG,11/15/2010,N/A,ANDA,"1000 TABLET, COATED in 1 BOTTLE (69238-2348-7)","Full Opioid Agonists [MoA], Opioid Agonist [EPC]",CIV,No,12/31/2027
Tramadol Hydrochloride,69238-2348-5,50 mg/1,"TABLET, COATED",ORAL,ANDA076003,Amneal Pharmaceuticals NY LLC,69238-2348,Tramadol Hydrochloride,TRAMADOL HYDROCHLORIDE,HUMAN PRESCRIPTION DRUG,11/15/2010,N/A,ANDA,"500 TABLET, COATED in 1 BOTTLE (69238-2348-5)","Full Opioid Agonists [MoA], Opioid Agonist [EPC]",CIV,No,12/31/2027
Tramadol Hydrochloride,69238-2348-4,50 mg/1,"TABLET, COATED",ORAL,ANDA076003,Amneal Pharmaceuticals NY LLC,69238-2348,Tramadol Hydrochloride,TRAMADOL HYDROCHLORIDE,HUMAN PRESCRIPTION DRUG,11/15/2010,N/A,ANDA,"10 TABLET, COATED in 1 BOTTLE (69238-2348-4)","Full Opioid Agonists [MoA], Opioid Agonist [EPC]",CIV,No,12/31/2027
Tramadol Hydrochloride,69238-2348-1,50 mg/1,"TABLET, COATED",ORAL,ANDA076003,Amneal Pharmaceuticals NY LLC,69238-2348,Tramadol Hydrochloride,TRAMADOL HYDROCHLORIDE,HUMAN PRESCRIPTION DRUG,11/15/2010,N/A,ANDA,"100 TABLET, COATED in 1 BOTTLE (69238-2348-1)","Full Opioid Agonists [MoA], Opioid Agonist [EPC]",CIV,No,12/31/2027
TRAMADOL HYDROCHLORIDE,70518-0886-3,200 mg/1,"TABLET, EXTENDED RELEASE",ORAL,ANDA200503,REMEDYREPACK INC.,70518-0886,TRAMADOL HYDROCHLORIDE,TRAMADOL HYDROCHLORIDE,HUMAN PRESCRIPTION DRUG,01/19/2021,N/A,ANDA,"60 TABLET, EXTENDED RELEASE in 1 BOTTLE, PLASTIC (70518-0886-3)","Full Opioid Agonists [MoA], Opioid Agonist [EPC]",CIV,No,12/31/2027
TRAMADOL HYDROCHLORIDE,70518-0942-0,100 mg/1,"TABLET, EXTENDED RELEASE",ORAL,ANDA200503,REMEDYREPACK INC.,70518-0942,TRAMADOL HYDROCHLORIDE,TRAMADOL HYDROCHLORIDE,HUMAN PRESCRIPTION DRUG,01/09/2018,N/A,ANDA,"30 TABLET, EXTENDED RELEASE in 1 BOTTLE, PLASTIC (70518-0942-0)","Full Opioid Agonists [MoA], Opioid Agonist [EPC]",CIV,No,12/31/2027
TRAMADOL HYDROCHLORIDE,70518-0942-2,100 mg/1,"TABLET, EXTENDED RELEASE",ORAL,ANDA200503,REMEDYREPACK INC.,70518-0942,TRAMADOL HYDROCHLORIDE,TRAMADOL HYDROCHLORIDE,HUMAN PRESCRIPTION DRUG,07/10/2024,N/A,ANDA,"60 TABLET, EXTENDED RELEASE in 1 BOTTLE, PLASTIC (70518-0942-2)","Full Opioid Agonists [MoA], Opioid Agonist [EPC]",CIV,No,12/31/2027
TRAMADOL HYDROCHLORIDE,70518-2795-0,300 mg/1,"TABLET, EXTENDED RELEASE",ORAL,ANDA200503,REMEDYREPACK INC.,70518-2795,TRAMADOL HYDROCHLORIDE,TRAMADOL HYDROCHLORIDE,HUMAN PRESCRIPTION DRUG,06/24/2020,N/A,ANDA,"30 TABLET, EXTENDED RELEASE in 1 BOTTLE, PLASTIC (70518-2795-0)","Full Opioid Agonists [MoA], Opioid Agonist [EPC]",CIV,No,12/31/2027
Tramadol Hydrochloride,70518-3824-7,50 mg/1,"TABLET, COATED",ORAL,ANDA208708,REMEDYREPACK INC.,70518-3824,Tramadol Hydrochloride,TRAMADOL HYDROCHLORIDE,HUMAN PRESCRIPTION DRUG,05/03/2026,N/A,ANDA,"180 TABLET, COATED in 1 BOTTLE, PLASTIC (70518-3824-7)","Full Opioid Agonists [MoA], Opioid Agonist [EPC]",CIV,No,12/31/2027
Tramadol Hydrochloride,70518-3824-8,50 mg/1,"TABLET, COATED",ORAL,ANDA208708,REMEDYREPACK INC.,70518-3824,Tramadol Hydrochloride,TRAMADOL HYDROCHLORIDE,HUMAN PRESCRIPTION DRUG,05/03/2026,N/A,ANDA,"90 TABLET, COATED in 1 BOTTLE, PLASTIC (70518-3824-8)","Full Opioid Agonists [MoA], Opioid Agonist [EPC]",CIV,No,12/31/2027
Tramadol Hydrochloride,70518-3824-9,50 mg/1,"TABLET, COATED",ORAL,ANDA208708,REMEDYREPACK INC.,70518-3824,Tramadol Hydrochloride,TRAMADOL HYDROCHLORIDE,HUMAN PRESCRIPTION DRUG,06/14/2026,N/A,ANDA,"180 TABLET, COATED in 1 BOTTLE, PLASTIC (70518-3824-9)","Full Opioid Agonists [MoA], Opioid Agonist [EPC]",CIV,No,12/31/2027
Tramadol Hydrochloride,70518-3824-3,50 mg/1,"TABLET, COATED",ORAL,ANDA208708,REMEDYREPACK INC.,70518-3824,Tramadol Hydrochloride,TRAMADOL HYDROCHLORIDE,HUMAN PRESCRIPTION DRUG,08/18/2023,N/A,ANDA,"180 TABLET, COATED in 1 BOTTLE, PLASTIC (70518-3824-3)","Full Opioid Agonists [MoA], Opioid Agonist [EPC]",CIV,No,12/31/2027
Tramadol Hydrochloride,70518-3824-6,50 mg/1,"TABLET, COATED",ORAL,ANDA208708,REMEDYREPACK INC.,70518-3824,Tramadol Hydrochloride,TRAMADOL HYDROCHLORIDE,HUMAN PRESCRIPTION DRUG,12/18/2025,N/A,ANDA,"100 TABLET, COATED in 1 BOTTLE, PLASTIC (70518-3824-6)","Full Opioid Agonists [MoA], Opioid Agonist [EPC]",CIV,No,12/31/2027
Tramadol Hydrochloride,70518-3824-1,50 mg/1,"TABLET, COATED",ORAL,ANDA208708,REMEDYREPACK INC.,70518-3824,Tramadol Hydrochloride,TRAMADOL HYDROCHLORIDE,HUMAN PRESCRIPTION DRUG,08/08/2023,N/A,ANDA,"60 TABLET, COATED in 1 BOTTLE, PLASTIC (70518-3824-1)","Full Opioid Agonists [MoA], Opioid Agonist [EPC]",CIV,No,12/31/2027
Tramadol Hydrochloride,70518-3824-2,50 mg/1,"TABLET, COATED",ORAL,ANDA208708,REMEDYREPACK INC.,70518-3824,Tramadol Hydrochloride,TRAMADOL HYDROCHLORIDE,HUMAN PRESCRIPTION DRUG,08/18/2023,N/A,ANDA,"90 TABLET, COATED in 1 BOTTLE, PLASTIC (70518-3824-2)","Full Opioid Agonists [MoA], Opioid Agonist [EPC]",CIV,No,12/31/2027
Tramadol Hydrochloride,70518-3824-4,50 mg/1,"TABLET, COATED",ORAL,ANDA208708,REMEDYREPACK INC.,70518-3824,Tramadol Hydrochloride,TRAMADOL HYDROCHLORIDE,HUMAN PRESCRIPTION DRUG,08/31/2023,N/A,ANDA,"120 TABLET, COATED in 1 BOTTLE, PLASTIC (70518-3824-4)","Full Opioid Agonists [MoA], Opioid Agonist [EPC]",CIV,No,12/31/2027
Tramadol Hydrochloride,70518-3824-5,50 mg/1,"TABLET, COATED",ORAL,ANDA208708,REMEDYREPACK INC.,70518-3824,Tramadol Hydrochloride,TRAMADOL HYDROCHLORIDE,HUMAN PRESCRIPTION DRUG,10/11/2023,N/A,ANDA,"30 TABLET, COATED in 1 BOTTLE, PLASTIC (70518-3824-5)","Full Opioid Agonists [MoA], Opioid Agonist [EPC]",CIV,No,12/31/2027
Tramadol Hydrochloride,70518-3824-0,50 mg/1,"TABLET, COATED",ORAL,ANDA208708,REMEDYREPACK INC.,70518-3824,Tramadol Hydrochloride,TRAMADOL HYDROCHLORIDE,HUMAN PRESCRIPTION DRUG,08/07/2023,N/A,ANDA,"30 TABLET, COATED in 1 BLISTER PACK (70518-3824-0)","Full Opioid Agonists [MoA], Opioid Agonist [EPC]",CIV,No,12/31/2027
tramadol hydrochloride,70518-4248-0,50 mg/1,TABLET,ORAL,ANDA202075,REMEDYREPACK INC.,70518-4248,tramadol hydrochloride,TRAMADOL HYDROCHLORIDE,HUMAN PRESCRIPTION DRUG,12/30/2024,N/A,ANDA,30 TABLET in 1 BLISTER PACK (70518-4248-0),"Full Opioid Agonists [MoA], Opioid Agonist [EPC]",CIV,No,12/31/2026
Tramadol Hydrochloride,70518-4713-0,50 mg/1,"TABLET, COATED",ORAL,ANDA208708,REMEDYREPACK INC.,70518-4713,Tramadol Hydrochloride,TRAMADOL HYDROCHLORIDE,HUMAN PRESCRIPTION DRUG,07/30/2026,N/A,ANDA,"30 TABLET, COATED in 1 BOTTLE, PLASTIC (70518-4713-0)","Full Opioid Agonists [MoA], Opioid Agonist [EPC]",CIV,No,12/31/2027
Tramadol Hydrochloride,70518-4713-1,50 mg/1,"TABLET, COATED",ORAL,ANDA208708,REMEDYREPACK INC.,70518-4713,Tramadol Hydrochloride,TRAMADOL HYDROCHLORIDE,HUMAN PRESCRIPTION DRUG,08/12/2026,N/A,ANDA,"90 TABLET, COATED in 1 BOTTLE, PLASTIC (70518-4713-1)","Full Opioid Agonists [MoA], Opioid Agonist [EPC]",CIV,No,12/31/2027
TRAMADOL HYDROCHLORIDE,71205-463-30,100 mg/1,"TABLET, EXTENDED RELEASE",ORAL,ANDA200503,Proficient Rx LP,71205-463,TRAMADOL HYDROCHLORIDE,TRAMADOL HYDROCHLORIDE,HUMAN PRESCRIPTION DRUG,07/21/2020,N/A,ANDA,"30 TABLET, EXTENDED RELEASE in 1 BOTTLE (71205-463-30)","Full Opioid Agonists [MoA], Opioid Agonist [EPC]",CIV,No,12/31/2026
TRAMADOL HYDROCHLORIDE,71205-463-60,100 mg/1,"TABLET, EXTENDED RELEASE",ORAL,ANDA200503,Proficient Rx LP,71205-463,TRAMADOL HYDROCHLORIDE,TRAMADOL HYDROCHLORIDE,HUMAN PRESCRIPTION DRUG,07/21/2020,N/A,ANDA,"60 TABLET, EXTENDED RELEASE in 1 BOTTLE (71205-463-60)","Full Opioid Agonists [MoA], Opioid Agonist [EPC]",CIV,No,12/31/2026
TRAMADOL HYDROCHLORIDE,71205-463-90,100 mg/1,"TABLET, EXTENDED RELEASE",ORAL,ANDA200503,Proficient Rx LP,71205-463,TRAMADOL HYDROCHLORIDE,TRAMADOL HYDROCHLORIDE,HUMAN PRESCRIPTION DRUG,07/21/2020,N/A,ANDA,"90 TABLET, EXTENDED RELEASE in 1 BOTTLE (71205-463-90)","Full Opioid Agonists [MoA], Opioid Agonist [EPC]",CIV,No,12/31/2026
TRAMADOL HYDROCHLORIDE,71205-468-60,200 mg/1,"TABLET, EXTENDED RELEASE",ORAL,ANDA200503,Proficient Rx LP,71205-468,TRAMADOL HYDROCHLORIDE,TRAMADOL HYDROCHLORIDE,HUMAN PRESCRIPTION DRUG,08/13/2020,N/A,ANDA,"60 TABLET, EXTENDED RELEASE in 1 BOTTLE (71205-468-60)","Full Opioid Agonists [MoA], Opioid Agonist [EPC]",CIV,No,12/31/2026
TRAMADOL HYDROCHLORIDE,71205-468-90,200 mg/1,"TABLET, EXTENDED RELEASE",ORAL,ANDA200503,Proficient Rx LP,71205-468,TRAMADOL HYDROCHLORIDE,TRAMADOL HYDROCHLORIDE,HUMAN PRESCRIPTION DRUG,08/13/2020,N/A,ANDA,"90 TABLET, EXTENDED RELEASE in 1 BOTTLE (71205-468-90)","Full Opioid Agonists [MoA], Opioid Agonist [EPC]",CIV,No,12/31/2026
TRAMADOL HYDROCHLORIDE,71205-468-30,200 mg/1,"TABLET, EXTENDED RELEASE",ORAL,ANDA200503,Proficient Rx LP,71205-468,TRAMADOL HYDROCHLORIDE,TRAMADOL HYDROCHLORIDE,HUMAN PRESCRIPTION DRUG,08/13/2020,N/A,ANDA,"30 TABLET, EXTENDED RELEASE in 1 BOTTLE (71205-468-30)","Full Opioid Agonists [MoA], Opioid Agonist [EPC]",CIV,No,12/31/2026
TRAMADOL HYDROCHLORIDE,71205-569-60,300 mg/1,"TABLET, EXTENDED RELEASE",ORAL,ANDA200503,Proficient Rx LP,71205-569,TRAMADOL HYDROCHLORIDE,TRAMADOL HYDROCHLORIDE,HUMAN PRESCRIPTION DRUG,05/26/2021,N/A,ANDA,"60 TABLET, EXTENDED RELEASE in 1 BOTTLE (71205-569-60)","Full Opioid Agonists [MoA], Opioid Agonist [EPC]",CIV,No,12/31/2026
TRAMADOL HYDROCHLORIDE,71205-569-90,300 mg/1,"TABLET, EXTENDED RELEASE",ORAL,ANDA200503,Proficient Rx LP,71205-569,TRAMADOL HYDROCHLORIDE,TRAMADOL HYDROCHLORIDE,HUMAN PRESCRIPTION DRUG,05/26/2021,N/A,ANDA,"90 TABLET, EXTENDED RELEASE in 1 BOTTLE (71205-569-90)","Full Opioid Agonists [MoA], Opioid Agonist [EPC]",CIV,No,12/31/2026
TRAMADOL HYDROCHLORIDE,71205-569-30,300 mg/1,"TABLET, EXTENDED RELEASE",ORAL,ANDA200503,Proficient Rx LP,71205-569,TRAMADOL HYDROCHLORIDE,TRAMADOL HYDROCHLORIDE,HUMAN PRESCRIPTION DRUG,05/26/2021,N/A,ANDA,"30 TABLET, EXTENDED RELEASE in 1 BOTTLE (71205-569-30)","Full Opioid Agonists [MoA], Opioid Agonist [EPC]",CIV,No,12/31/2026
TRAMADOL HYDROCHLORIDE,71205-656-90,300 mg/1,"TABLET, EXTENDED RELEASE",ORAL,ANDA201384,Proficient Rx LP,71205-656,TRAMADOL HYDROCHLORIDE,TRAMADOL HYDROCHLORIDE,HUMAN PRESCRIPTION DRUG,04/27/2022,N/A,ANDA,"90 TABLET, EXTENDED RELEASE in 1 BOTTLE (71205-656-90)","Full Opioid Agonists [MoA], Opioid Agonist [EPC]",CIV,No,12/31/2026
TRAMADOL HYDROCHLORIDE,71205-656-30,300 mg/1,"TABLET, EXTENDED RELEASE",ORAL,ANDA201384,Proficient Rx LP,71205-656,TRAMADOL HYDROCHLORIDE,TRAMADOL HYDROCHLORIDE,HUMAN PRESCRIPTION DRUG,04/27/2022,N/A,ANDA,"30 TABLET, EXTENDED RELEASE in 1 BOTTLE (71205-656-30)","Full Opioid Agonists [MoA], Opioid Agonist [EPC]",CIV,No,12/31/2026
TRAMADOL HYDROCHLORIDE,71205-656-60,300 mg/1,"TABLET, EXTENDED RELEASE",ORAL,ANDA201384,Proficient Rx LP,71205-656,TRAMADOL HYDROCHLORIDE,TRAMADOL HYDROCHLORIDE,HUMAN PRESCRIPTION DRUG,04/27/2022,N/A,ANDA,"60 TABLET, EXTENDED RELEASE in 1 BOTTLE (71205-656-60)","Full Opioid Agonists [MoA], Opioid Agonist [EPC]",CIV,No,12/31/2026
TRAMADOL HYDROCHLORIDE,71205-708-90,200 mg/1,"TABLET, EXTENDED RELEASE",ORAL,ANDA201384,Proficient Rx LP,71205-708,TRAMADOL HYDROCHLORIDE,TRAMADOL HYDROCHLORIDE,HUMAN PRESCRIPTION DRUG,10/31/2022,N/A,ANDA,"90 TABLET, EXTENDED RELEASE in 1 BOTTLE (71205-708-90)","Full Opioid Agonists [MoA], Opioid Agonist [EPC]",CIV,No,12/31/2026
TRAMADOL HYDROCHLORIDE,71205-708-30,200 mg/1,"TABLET, EXTENDED RELEASE",ORAL,ANDA201384,Proficient Rx LP,71205-708,TRAMADOL HYDROCHLORIDE,TRAMADOL HYDROCHLORIDE,HUMAN PRESCRIPTION DRUG,10/31/2022,N/A,ANDA,"30 TABLET, EXTENDED RELEASE in 1 BOTTLE (71205-708-30)","Full Opioid Agonists [MoA], Opioid Agonist [EPC]",CIV,No,12/31/2026
TRAMADOL HYDROCHLORIDE,71205-708-60,200 mg/1,"TABLET, EXTENDED RELEASE",ORAL,ANDA201384,Proficient Rx LP,71205-708,TRAMADOL HYDROCHLORIDE,TRAMADOL HYDROCHLORIDE,HUMAN PRESCRIPTION DRUG,10/31/2022,N/A,ANDA,"60 TABLET, EXTENDED RELEASE in 1 BOTTLE (71205-708-60)","Full Opioid Agonists [MoA], Opioid Agonist [EPC]",CIV,No,12/31/2026
Tramadol Hydrochloride,71205-740-30,50 mg/1,"TABLET, FILM COATED",ORAL,ANDA203494,Proficient Rx LP,71205-740,Tramadol Hydrochloride,TRAMADOL HYDROCHLORIDE,HUMAN PRESCRIPTION DRUG,09/19/2023,N/A,ANDA,"30 TABLET, FILM COATED in 1 BOTTLE (71205-740-30)","Full Opioid Agonists [MoA], Opioid Agonist [EPC]",CIV,No,12/31/2026
Tramadol Hydrochloride,71205-740-40,50 mg/1,"TABLET, FILM COATED",ORAL,ANDA203494,Proficient Rx LP,71205-740,Tramadol Hydrochloride,TRAMADOL HYDROCHLORIDE,HUMAN PRESCRIPTION DRUG,02/07/2024,N/A,ANDA,"40 TABLET, FILM COATED in 1 BOTTLE (71205-740-40)","Full Opioid Agonists [MoA], Opioid Agonist [EPC]",CIV,No,12/31/2026
Tramadol Hydrochloride,71205-740-60,50 mg/1,"TABLET, FILM COATED",ORAL,ANDA203494,Proficient Rx LP,71205-740,Tramadol Hydrochloride,TRAMADOL HYDROCHLORIDE,HUMAN PRESCRIPTION DRUG,09/19/2023,N/A,ANDA,"60 TABLET, FILM COATED in 1 BOTTLE (71205-740-60)","Full Opioid Agonists [MoA], Opioid Agonist [EPC]",CIV,No,12/31/2026
Tramadol Hydrochloride,71205-740-72,50 mg/1,"TABLET, FILM COATED",ORAL,ANDA203494,Proficient Rx LP,71205-740,Tramadol Hydrochloride,TRAMADOL HYDROCHLORIDE,HUMAN PRESCRIPTION DRUG,04/08/2024,N/A,ANDA,"120 TABLET, FILM COATED in 1 BOTTLE (71205-740-72)","Full Opioid Agonists [MoA], Opioid Agonist [EPC]",CIV,No,12/31/2026
Tramadol Hydrochloride,71205-740-90,50 mg/1,"TABLET, FILM COATED",ORAL,ANDA203494,Proficient Rx LP,71205-740,Tramadol Hydrochloride,TRAMADOL HYDROCHLORIDE,HUMAN PRESCRIPTION DRUG,09/19/2023,N/A,ANDA,"90 TABLET, FILM COATED in 1 BOTTLE (71205-740-90)","Full Opioid Agonists [MoA], Opioid Agonist [EPC]",CIV,No,12/31/2026
Tramadol Hydrochloride,71205-740-78,50 mg/1,"TABLET, FILM COATED",ORAL,ANDA203494,Proficient Rx LP,71205-740,Tramadol Hydrochloride,TRAMADOL HYDROCHLORIDE,HUMAN PRESCRIPTION DRUG,10/20/2023,N/A,ANDA,"180 TABLET, FILM COATED in 1 BOTTLE (71205-740-78)","Full Opioid Agonists [MoA], Opioid Agonist [EPC]",CIV,No,12/31/2026
Tramadol Hydrochloride,71205-740-15,50 mg/1,"TABLET, FILM COATED",ORAL,ANDA203494,Proficient Rx LP,71205-740,Tramadol Hydrochloride,TRAMADOL HYDROCHLORIDE,HUMAN PRESCRIPTION DRUG,12/12/2023,N/A,ANDA,"15 TABLET, FILM COATED in 1 BOTTLE (71205-740-15)","Full Opioid Agonists [MoA], Opioid Agonist [EPC]",CIV,No,12/31/2026
Tramadol Hydrochloride,71205-740-20,50 mg/1,"TABLET, FILM COATED",ORAL,ANDA203494,Proficient Rx LP,71205-740,Tramadol Hydrochloride,TRAMADOL HYDROCHLORIDE,HUMAN PRESCRIPTION DRUG,03/12/2024,N/A,ANDA,"20 TABLET, FILM COATED in 1 BOTTLE (71205-740-20)","Full Opioid Agonists [MoA], Opioid Agonist [EPC]",CIV,No,12/31/2026
TRAMADOL HYDROCHLORIDE,71335-1675-4,100 mg/1,"TABLET, EXTENDED RELEASE",ORAL,ANDA201384,Bryant Ranch Prepack,71335-1675,TRAMADOL HYDROCHLORIDE,TRAMADOL HYDROCHLORIDE,HUMAN PRESCRIPTION DRUG,04/04/2024,N/A,ANDA,"120 TABLET, EXTENDED RELEASE in 1 BOTTLE (71335-1675-4)","Full Opioid Agonists [MoA], Opioid Agonist [EPC]",CIV,No,12/31/2027
TRAMADOL HYDROCHLORIDE,71335-1675-3,100 mg/1,"TABLET, EXTENDED RELEASE",ORAL,ANDA201384,Bryant Ranch Prepack,71335-1675,TRAMADOL HYDROCHLORIDE,TRAMADOL HYDROCHLORIDE,HUMAN PRESCRIPTION DRUG,08/10/2020,N/A,ANDA,"90 TABLET, EXTENDED RELEASE in 1 BOTTLE (71335-1675-3)","Full Opioid Agonists [MoA], Opioid Agonist [EPC]",CIV,No,12/31/2027
TRAMADOL HYDROCHLORIDE,71335-1675-2,100 mg/1,"TABLET, EXTENDED RELEASE",ORAL,ANDA201384,Bryant Ranch Prepack,71335-1675,TRAMADOL HYDROCHLORIDE,TRAMADOL HYDROCHLORIDE,HUMAN PRESCRIPTION DRUG,07/22/2020,N/A,ANDA,"60 TABLET, EXTENDED RELEASE in 1 BOTTLE (71335-1675-2)","Full Opioid Agonists [MoA], Opioid Agonist [EPC]",CIV,No,12/31/2027
TRAMADOL HYDROCHLORIDE,71335-1675-1,100 mg/1,"TABLET, EXTENDED RELEASE",ORAL,ANDA201384,Bryant Ranch Prepack,71335-1675,TRAMADOL HYDROCHLORIDE,TRAMADOL HYDROCHLORIDE,HUMAN PRESCRIPTION DRUG,07/23/2020,N/A,ANDA,"30 TABLET, EXTENDED RELEASE in 1 BOTTLE (71335-1675-1)","Full Opioid Agonists [MoA], Opioid Agonist [EPC]",CIV,No,12/31/2027
TRAMADOL HYDROCHLORIDE,71335-1676-4,200 mg/1,"TABLET, EXTENDED RELEASE",ORAL,ANDA201384,Bryant Ranch Prepack,71335-1676,TRAMADOL HYDROCHLORIDE,TRAMADOL HYDROCHLORIDE,HUMAN PRESCRIPTION DRUG,04/04/2024,N/A,ANDA,"120 TABLET, EXTENDED RELEASE in 1 BOTTLE (71335-1676-4)","Full Opioid Agonists [MoA], Opioid Agonist [EPC]",CIV,No,12/31/2027
TRAMADOL HYDROCHLORIDE,71335-1676-3,200 mg/1,"TABLET, EXTENDED RELEASE",ORAL,ANDA201384,Bryant Ranch Prepack,71335-1676,TRAMADOL HYDROCHLORIDE,TRAMADOL HYDROCHLORIDE,HUMAN PRESCRIPTION DRUG,08/13/2020,N/A,ANDA,"90 TABLET, EXTENDED RELEASE in 1 BOTTLE (71335-1676-3)","Full Opioid Agonists [MoA], Opioid Agonist [EPC]",CIV,No,12/31/2027
TRAMADOL HYDROCHLORIDE,71335-1676-2,200 mg/1,"TABLET, EXTENDED RELEASE",ORAL,ANDA201384,Bryant Ranch Prepack,71335-1676,TRAMADOL HYDROCHLORIDE,TRAMADOL HYDROCHLORIDE,HUMAN PRESCRIPTION DRUG,07/08/2020,N/A,ANDA,"60 TABLET, EXTENDED RELEASE in 1 BOTTLE (71335-1676-2)","Full Opioid Agonists [MoA], Opioid Agonist [EPC]",CIV,No,12/31/2027
TRAMADOL HYDROCHLORIDE,71335-1676-1,200 mg/1,"TABLET, EXTENDED RELEASE",ORAL,ANDA201384,Bryant Ranch Prepack,71335-1676,TRAMADOL HYDROCHLORIDE,TRAMADOL HYDROCHLORIDE,HUMAN PRESCRIPTION DRUG,07/10/2020,N/A,ANDA,"30 TABLET, EXTENDED RELEASE in 1 BOTTLE (71335-1676-1)","Full Opioid Agonists [MoA], Opioid Agonist [EPC]",CIV,No,12/31/2027
tramadol hydrochloride,71335-2518-9,50 mg/1,TABLET,ORAL,ANDA202075,Bryant Ranch Prepack,71335-2518,tramadol hydrochloride,TRAMADOL HYDROCHLORIDE,HUMAN PRESCRIPTION DRUG,11/04/2024,N/A,ANDA,15 TABLET in 1 BOTTLE (71335-2518-9),"Full Opioid Agonists [MoA], Opioid Agonist [EPC]",CIV,No,12/31/2026
tramadol hydrochloride,71335-2518-7,50 mg/1,TABLET,ORAL,ANDA202075,Bryant Ranch Prepack,71335-2518,tramadol hydrochloride,TRAMADOL HYDROCHLORIDE,HUMAN PRESCRIPTION DRUG,11/04/2024,N/A,ANDA,40 TABLET in 1 BOTTLE (71335-2518-7),"Full Opioid Agonists [MoA], Opioid Agonist [EPC]",CIV,No,12/31/2026
tramadol hydrochloride,71335-2518-6,50 mg/1,TABLET,ORAL,ANDA202075,Bryant Ranch Prepack,71335-2518,tramadol hydrochloride,TRAMADOL HYDROCHLORIDE,HUMAN PRESCRIPTION DRUG,11/04/2024,N/A,ANDA,180 TABLET in 1 BOTTLE (71335-2518-6),"Full Opioid Agonists [MoA], Opioid Agonist [EPC]",CIV,No,12/31/2026
tramadol hydrochloride,71335-2518-4,50 mg/1,TABLET,ORAL,ANDA202075,Bryant Ranch Prepack,71335-2518,tramadol hydrochloride,TRAMADOL HYDROCHLORIDE,HUMAN PRESCRIPTION DRUG,11/04/2024,N/A,ANDA,60 TABLET in 1 BOTTLE (71335-2518-4),"Full Opioid Agonists [MoA], Opioid Agonist [EPC]",CIV,No,12/31/2026
tramadol hydrochloride,71335-2518-3,50 mg/1,TABLET,ORAL,ANDA202075,Bryant Ranch Prepack,71335-2518,tramadol hydrochloride,TRAMADOL HYDROCHLORIDE,HUMAN PRESCRIPTION DRUG,11/04/2024,N/A,ANDA,90 TABLET in 1 BOTTLE (71335-2518-3),"Full Opioid Agonists [MoA], Opioid Agonist [EPC]",CIV,No,12/31/2026
tramadol hydrochloride,71335-2518-2,50 mg/1,TABLET,ORAL,ANDA202075,Bryant Ranch Prepack,71335-2518,tramadol hydrochloride,TRAMADOL HYDROCHLORIDE,HUMAN PRESCRIPTION DRUG,11/04/2024,N/A,ANDA,20 TABLET in 1 BOTTLE (71335-2518-2),"Full Opioid Agonists [MoA], Opioid Agonist [EPC]",CIV,No,12/31/2026
tramadol hydrochloride,71335-2518-0,50 mg/1,TABLET,ORAL,ANDA202075,Bryant Ranch Prepack,71335-2518,tramadol hydrochloride,TRAMADOL HYDROCHLORIDE,HUMAN PRESCRIPTION DRUG,11/04/2024,N/A,ANDA,50 TABLET in 1 BOTTLE (71335-2518-0),"Full Opioid Agonists [MoA], Opioid Agonist [EPC]",CIV,No,12/31/2026
tramadol hydrochloride,71335-2518-1,50 mg/1,TABLET,ORAL,ANDA202075,Bryant Ranch Prepack,71335-2518,tramadol hydrochloride,TRAMADOL HYDROCHLORIDE,HUMAN PRESCRIPTION DRUG,11/04/2024,N/A,ANDA,30 TABLET in 1 BOTTLE (71335-2518-1),"Full Opioid Agonists [MoA], Opioid Agonist [EPC]",CIV,No,12/31/2026
tramadol hydrochloride,71335-2518-8,50 mg/1,TABLET,ORAL,ANDA202075,Bryant Ranch Prepack,71335-2518,tramadol hydrochloride,TRAMADOL HYDROCHLORIDE,HUMAN PRESCRIPTION DRUG,11/04/2024,N/A,ANDA,100 TABLET in 1 BOTTLE (71335-2518-8),"Full Opioid Agonists [MoA], Opioid Agonist [EPC]",CIV,No,12/31/2026
tramadol hydrochloride,71335-2518-5,50 mg/1,TABLET,ORAL,ANDA202075,Bryant Ranch Prepack,71335-2518,tramadol hydrochloride,TRAMADOL HYDROCHLORIDE,HUMAN PRESCRIPTION DRUG,11/04/2024,N/A,ANDA,120 TABLET in 1 BOTTLE (71335-2518-5),"Full Opioid Agonists [MoA], Opioid Agonist [EPC]",CIV,No,12/31/2026
tramadol hydrochloride,71335-2612-3,50 mg/1,TABLET,ORAL,ANDA202075,Bryant Ranch Prepack,71335-2612,tramadol hydrochloride,TRAMADOL HYDROCHLORIDE,HUMAN PRESCRIPTION DRUG,03/11/2026,N/A,ANDA,56 TABLET in 1 BOTTLE (71335-2612-3),"Full Opioid Agonists [MoA], Opioid Agonist [EPC]",CIV,No,12/31/2027
tramadol hydrochloride,71335-2612-1,50 mg/1,TABLET,ORAL,ANDA202075,Bryant Ranch Prepack,71335-2612,tramadol hydrochloride,TRAMADOL HYDROCHLORIDE,HUMAN PRESCRIPTION DRUG,03/11/2026,N/A,ANDA,8 TABLET in 1 BOTTLE (71335-2612-1),"Full Opioid Agonists [MoA], Opioid Agonist [EPC]",CIV,No,12/31/2027
tramadol hydrochloride,71335-2612-2,50 mg/1,TABLET,ORAL,ANDA202075,Bryant Ranch Prepack,71335-2612,tramadol hydrochloride,TRAMADOL HYDROCHLORIDE,HUMAN PRESCRIPTION DRUG,03/11/2026,N/A,ANDA,84 TABLET in 1 BOTTLE (71335-2612-2),"Full Opioid Agonists [MoA], Opioid Agonist [EPC]",CIV,No,12/31/2027
tramadol hydrochloride,71335-2612-4,50 mg/1,TABLET,ORAL,ANDA202075,Bryant Ranch Prepack,71335-2612,tramadol hydrochloride,TRAMADOL HYDROCHLORIDE,HUMAN PRESCRIPTION DRUG,03/11/2026,N/A,ANDA,10 TABLET in 1 BOTTLE (71335-2612-4),"Full Opioid Agonists [MoA], Opioid Agonist [EPC]",CIV,No,12/31/2027
Tramadol Hydrochloride,71335-2721-1,50 mg/1,"TABLET, COATED",ORAL,ANDA208708,Bryant Ranch Prepack,71335-2721,Tramadol Hydrochloride,TRAMADOL HYDROCHLORIDE,HUMAN PRESCRIPTION DRUG,09/26/2025,N/A,ANDA,"8 TABLET, COATED in 1 BOTTLE (71335-2721-1)","Full Opioid Agonists [MoA], Opioid Agonist [EPC]",CIV,No,12/31/2026
Tramadol Hydrochloride,71335-2721-4,50 mg/1,"TABLET, COATED",ORAL,ANDA208708,Bryant Ranch Prepack,71335-2721,Tramadol Hydrochloride,TRAMADOL HYDROCHLORIDE,HUMAN PRESCRIPTION DRUG,09/26/2025,N/A,ANDA,"10 TABLET, COATED in 1 BOTTLE (71335-2721-4)","Full Opioid Agonists [MoA], Opioid Agonist [EPC]",CIV,No,12/31/2026
Tramadol Hydrochloride,71335-2721-2,50 mg/1,"TABLET, COATED",ORAL,ANDA208708,Bryant Ranch Prepack,71335-2721,Tramadol Hydrochloride,TRAMADOL HYDROCHLORIDE,HUMAN PRESCRIPTION DRUG,09/26/2025,N/A,ANDA,"84 TABLET, COATED in 1 BOTTLE (71335-2721-2)","Full Opioid Agonists [MoA], Opioid Agonist [EPC]",CIV,No,12/31/2026
Tramadol Hydrochloride,71335-2721-3,50 mg/1,"TABLET, COATED",ORAL,ANDA208708,Bryant Ranch Prepack,71335-2721,Tramadol Hydrochloride,TRAMADOL HYDROCHLORIDE,HUMAN PRESCRIPTION DRUG,09/26/2025,N/A,ANDA,"56 TABLET, COATED in 1 BOTTLE (71335-2721-3)","Full Opioid Agonists [MoA], Opioid Agonist [EPC]",CIV,No,12/31/2026
Tramadol Hydrochloride,71335-3147-8,50 mg/1,TABLET,ORAL,ANDA075968,Bryant Ranch Prepack,71335-3147,Tramadol Hydrochloride,TRAMADOL HYDROCHLORIDE,HUMAN PRESCRIPTION DRUG,06/18/2026,N/A,ANDA,100 TABLET in 1 BOTTLE (71335-3147-8),"Full Opioid Agonists [MoA], Opioid Agonist [EPC]",CIV,No,12/31/2027
Tramadol Hydrochloride,71335-3147-3,50 mg/1,TABLET,ORAL,ANDA075968,Bryant Ranch Prepack,71335-3147,Tramadol Hydrochloride,TRAMADOL HYDROCHLORIDE,HUMAN PRESCRIPTION DRUG,06/18/2026,N/A,ANDA,90 TABLET in 1 BOTTLE (71335-3147-3),"Full Opioid Agonists [MoA], Opioid Agonist [EPC]",CIV,No,12/31/2027
Tramadol Hydrochloride,71335-3147-5,50 mg/1,TABLET,ORAL,ANDA075968,Bryant Ranch Prepack,71335-3147,Tramadol Hydrochloride,TRAMADOL HYDROCHLORIDE,HUMAN PRESCRIPTION DRUG,06/18/2026,N/A,ANDA,120 TABLET in 1 BOTTLE (71335-3147-5),"Full Opioid Agonists [MoA], Opioid Agonist [EPC]",CIV,No,12/31/2027
Tramadol Hydrochloride,71335-3147-0,50 mg/1,TABLET,ORAL,ANDA075968,Bryant Ranch Prepack,71335-3147,Tramadol Hydrochloride,TRAMADOL HYDROCHLORIDE,HUMAN PRESCRIPTION DRUG,06/18/2026,N/A,ANDA,50 TABLET in 1 BOTTLE (71335-3147-0),"Full Opioid Agonists [MoA], Opioid Agonist [EPC]",CIV,No,12/31/2027
Tramadol Hydrochloride,71335-3147-4,50 mg/1,TABLET,ORAL,ANDA075968,Bryant Ranch Prepack,71335-3147,Tramadol Hydrochloride,TRAMADOL HYDROCHLORIDE,HUMAN PRESCRIPTION DRUG,06/18/2026,N/A,ANDA,60 TABLET in 1 BOTTLE (71335-3147-4),"Full Opioid Agonists [MoA], Opioid Agonist [EPC]",CIV,No,12/31/2027
Tramadol Hydrochloride,71335-3147-6,50 mg/1,TABLET,ORAL,ANDA075968,Bryant Ranch Prepack,71335-3147,Tramadol Hydrochloride,TRAMADOL HYDROCHLORIDE,HUMAN PRESCRIPTION DRUG,06/18/2026,N/A,ANDA,180 TABLET in 1 BOTTLE (71335-3147-6),"Full Opioid Agonists [MoA], Opioid Agonist [EPC]",CIV,No,12/31/2027
Tramadol Hydrochloride,71335-3147-7,50 mg/1,TABLET,ORAL,ANDA075968,Bryant Ranch Prepack,71335-3147,Tramadol Hydrochloride,TRAMADOL HYDROCHLORIDE,HUMAN PRESCRIPTION DRUG,06/18/2026,N/A,ANDA,40 TABLET in 1 BOTTLE (71335-3147-7),"Full Opioid Agonists [MoA], Opioid Agonist [EPC]",CIV,No,12/31/2027
Tramadol Hydrochloride,71335-3147-9,50 mg/1,TABLET,ORAL,ANDA075968,Bryant Ranch Prepack,71335-3147,Tramadol Hydrochloride,TRAMADOL HYDROCHLORIDE,HUMAN PRESCRIPTION DRUG,06/18/2026,N/A,ANDA,15 TABLET in 1 BOTTLE (71335-3147-9),"Full Opioid Agonists [MoA], Opioid Agonist [EPC]",CIV,No,12/31/2027
Tramadol Hydrochloride,71335-3147-1,50 mg/1,TABLET,ORAL,ANDA075968,Bryant Ranch Prepack,71335-3147,Tramadol Hydrochloride,TRAMADOL HYDROCHLORIDE,HUMAN PRESCRIPTION DRUG,06/18/2026,N/A,ANDA,30 TABLET in 1 BOTTLE (71335-3147-1),"Full Opioid Agonists [MoA], Opioid Agonist [EPC]",CIV,No,12/31/2027
Tramadol Hydrochloride,71335-3147-2,50 mg/1,TABLET,ORAL,ANDA075968,Bryant Ranch Prepack,71335-3147,Tramadol Hydrochloride,TRAMADOL HYDROCHLORIDE,HUMAN PRESCRIPTION DRUG,06/18/2026,N/A,ANDA,20 TABLET in 1 BOTTLE (71335-3147-2),"Full Opioid Agonists [MoA], Opioid Agonist [EPC]",CIV,No,12/31/2027
Tramadol Hydrochloride,71335-9658-2,50 mg/1,"TABLET, COATED",ORAL,ANDA208708,Bryant Ranch Prepack,71335-9658,Tramadol Hydrochloride,TRAMADOL HYDROCHLORIDE,HUMAN PRESCRIPTION DRUG,07/02/2025,N/A,ANDA,"20 TABLET, COATED in 1 BOTTLE (71335-9658-2)","Full Opioid Agonists [MoA], Opioid Agonist [EPC]",CIV,No,12/31/2027
Tramadol Hydrochloride,71335-9658-6,50 mg/1,"TABLET, COATED",ORAL,ANDA208708,Bryant Ranch Prepack,71335-9658,Tramadol Hydrochloride,TRAMADOL HYDROCHLORIDE,HUMAN PRESCRIPTION DRUG,04/13/2026,N/A,ANDA,"180 TABLET, COATED in 1 BOTTLE (71335-9658-6)","Full Opioid Agonists [MoA], Opioid Agonist [EPC]",CIV,No,12/31/2027
Tramadol Hydrochloride,71335-9658-4,50 mg/1,"TABLET, COATED",ORAL,ANDA208708,Bryant Ranch Prepack,71335-9658,Tramadol Hydrochloride,TRAMADOL HYDROCHLORIDE,HUMAN PRESCRIPTION DRUG,04/13/2026,N/A,ANDA,"60 TABLET, COATED in 1 BOTTLE (71335-9658-4)","Full Opioid Agonists [MoA], Opioid Agonist [EPC]",CIV,No,12/31/2027
Tramadol Hydrochloride,71335-9658-0,50 mg/1,"TABLET, COATED",ORAL,ANDA208708,Bryant Ranch Prepack,71335-9658,Tramadol Hydrochloride,TRAMADOL HYDROCHLORIDE,HUMAN PRESCRIPTION DRUG,04/13/2026,N/A,ANDA,"50 TABLET, COATED in 1 BOTTLE (71335-9658-0)","Full Opioid Agonists [MoA], Opioid Agonist [EPC]",CIV,No,12/31/2027
Tramadol Hydrochloride,71335-9658-8,50 mg/1,"TABLET, COATED",ORAL,ANDA208708,Bryant Ranch Prepack,71335-9658,Tramadol Hydrochloride,TRAMADOL HYDROCHLORIDE,HUMAN PRESCRIPTION DRUG,12/24/2025,N/A,ANDA,"100 TABLET, COATED in 1 BOTTLE (71335-9658-8)","Full Opioid Agonists [MoA], Opioid Agonist [EPC]",CIV,No,12/31/2027
Tramadol Hydrochloride,71335-9658-3,50 mg/1,"TABLET, COATED",ORAL,ANDA208708,Bryant Ranch Prepack,71335-9658,Tramadol Hydrochloride,TRAMADOL HYDROCHLORIDE,HUMAN PRESCRIPTION DRUG,07/29/2025,N/A,ANDA,"90 TABLET, COATED in 1 BOTTLE (71335-9658-3)","Full Opioid Agonists [MoA], Opioid Agonist [EPC]",CIV,No,12/31/2027
Tramadol Hydrochloride,71335-9658-7,50 mg/1,"TABLET, COATED",ORAL,ANDA208708,Bryant Ranch Prepack,71335-9658,Tramadol Hydrochloride,TRAMADOL HYDROCHLORIDE,HUMAN PRESCRIPTION DRUG,04/13/2026,N/A,ANDA,"40 TABLET, COATED in 1 BOTTLE (71335-9658-7)","Full Opioid Agonists [MoA], Opioid Agonist [EPC]",CIV,No,12/31/2027
Tramadol Hydrochloride,71335-9658-5,50 mg/1,"TABLET, COATED",ORAL,ANDA208708,Bryant Ranch Prepack,71335-9658,Tramadol Hydrochloride,TRAMADOL HYDROCHLORIDE,HUMAN PRESCRIPTION DRUG,07/15/2025,N/A,ANDA,"120 TABLET, COATED in 1 BOTTLE (71335-9658-5)","Full Opioid Agonists [MoA], Opioid Agonist [EPC]",CIV,No,12/31/2027
Tramadol Hydrochloride,71335-9658-1,50 mg/1,"TABLET, COATED",ORAL,ANDA208708,Bryant Ranch Prepack,71335-9658,Tramadol Hydrochloride,TRAMADOL HYDROCHLORIDE,HUMAN PRESCRIPTION DRUG,06/24/2025,N/A,ANDA,"30 TABLET, COATED in 1 BOTTLE (71335-9658-1)","Full Opioid Agonists [MoA], Opioid Agonist [EPC]",CIV,No,12/31/2027
Tramadol Hydrochloride,71335-9658-9,50 mg/1,"TABLET, COATED",ORAL,ANDA208708,Bryant Ranch Prepack,71335-9658,Tramadol Hydrochloride,TRAMADOL HYDROCHLORIDE,HUMAN PRESCRIPTION DRUG,04/13/2026,N/A,ANDA,"15 TABLET, COATED in 1 BOTTLE (71335-9658-9)","Full Opioid Agonists [MoA], Opioid Agonist [EPC]",CIV,No,12/31/2027
TRAMADOL HYDROCHLORIDE,71335-9670-4,300 mg/1,"TABLET, EXTENDED RELEASE",ORAL,ANDA200503,Bryant Ranch Prepack,71335-9670,TRAMADOL HYDROCHLORIDE,TRAMADOL HYDROCHLORIDE,HUMAN PRESCRIPTION DRUG,04/13/2026,N/A,ANDA,"120 TABLET, EXTENDED RELEASE in 1 BOTTLE (71335-9670-4)","Full Opioid Agonists [MoA], Opioid Agonist [EPC]",CIV,No,12/31/2027
TRAMADOL HYDROCHLORIDE,71335-9670-3,300 mg/1,"TABLET, EXTENDED RELEASE",ORAL,ANDA200503,Bryant Ranch Prepack,71335-9670,TRAMADOL HYDROCHLORIDE,TRAMADOL HYDROCHLORIDE,HUMAN PRESCRIPTION DRUG,01/06/2026,N/A,ANDA,"90 TABLET, EXTENDED RELEASE in 1 BOTTLE (71335-9670-3)","Full Opioid Agonists [MoA], Opioid Agonist [EPC]",CIV,No,12/31/2027
TRAMADOL HYDROCHLORIDE,71335-9670-2,300 mg/1,"TABLET, EXTENDED RELEASE",ORAL,ANDA200503,Bryant Ranch Prepack,71335-9670,TRAMADOL HYDROCHLORIDE,TRAMADOL HYDROCHLORIDE,HUMAN PRESCRIPTION DRUG,04/13/2026,N/A,ANDA,"60 TABLET, EXTENDED RELEASE in 1 BOTTLE (71335-9670-2)","Full Opioid Agonists [MoA], Opioid Agonist [EPC]",CIV,No,12/31/2027
TRAMADOL HYDROCHLORIDE,71335-9670-1,300 mg/1,"TABLET, EXTENDED RELEASE",ORAL,ANDA200503,Bryant Ranch Prepack,71335-9670,TRAMADOL HYDROCHLORIDE,TRAMADOL HYDROCHLORIDE,HUMAN PRESCRIPTION DRUG,03/24/2023,N/A,ANDA,"30 TABLET, EXTENDED RELEASE in 1 BOTTLE (71335-9670-1)","Full Opioid Agonists [MoA], Opioid Agonist [EPC]",CIV,No,12/31/2027
Tramadol Hydrochloride,71610-006-80,50 mg/1,"TABLET, FILM COATED",ORAL,ANDA075977,"Aphena Pharma Solutions - Tennessee, LLC",71610-006,Tramadol Hydrochloride,TRAMADOL HYDROCHLORIDE,HUMAN PRESCRIPTION DRUG,10/06/2017,N/A,ANDA,"180 TABLET, FILM COATED in 1 BOTTLE (71610-006-80)","Full Opioid Agonists [MoA], Opioid Agonist [EPC]",CIV,No,12/31/2026
Tramadol Hydrochloride,71610-006-90,50 mg/1,"TABLET, FILM COATED",ORAL,ANDA075977,"Aphena Pharma Solutions - Tennessee, LLC",71610-006,Tramadol Hydrochloride,TRAMADOL HYDROCHLORIDE,HUMAN PRESCRIPTION DRUG,10/06/2017,N/A,ANDA,"240 TABLET, FILM COATED in 1 BOTTLE (71610-006-90)","Full Opioid Agonists [MoA], Opioid Agonist [EPC]",CIV,No,12/31/2026
Tramadol Hydrochloride,71610-006-20,50 mg/1,"TABLET, FILM COATED",ORAL,ANDA075977,"Aphena Pharma Solutions - Tennessee, LLC",71610-006,Tramadol Hydrochloride,TRAMADOL HYDROCHLORIDE,HUMAN PRESCRIPTION DRUG,10/06/2017,N/A,ANDA,"20 TABLET, FILM COATED in 1 BOTTLE (71610-006-20)","Full Opioid Agonists [MoA], Opioid Agonist [EPC]",CIV,No,12/31/2026
Tramadol Hydrochloride,71610-006-30,50 mg/1,"TABLET, FILM COATED",ORAL,ANDA075977,"Aphena Pharma Solutions - Tennessee, LLC",71610-006,Tramadol Hydrochloride,TRAMADOL HYDROCHLORIDE,HUMAN PRESCRIPTION DRUG,10/06/2017,N/A,ANDA,"30 TABLET, FILM COATED in 1 BOTTLE (71610-006-30)","Full Opioid Agonists [MoA], Opioid Agonist [EPC]",CIV,No,12/31/2026
Tramadol Hydrochloride,71610-006-75,50 mg/1,"TABLET, FILM COATED",ORAL,ANDA075977,"Aphena Pharma Solutions - Tennessee, LLC",71610-006,Tramadol Hydrochloride,TRAMADOL HYDROCHLORIDE,HUMAN PRESCRIPTION DRUG,10/06/2017,N/A,ANDA,"150 TABLET, FILM COATED in 1 BOTTLE (71610-006-75)","Full Opioid Agonists [MoA], Opioid Agonist [EPC]",CIV,No,12/31/2026
Tramadol Hydrochloride,71610-006-48,50 mg/1,"TABLET, FILM COATED",ORAL,ANDA075977,"Aphena Pharma Solutions - Tennessee, LLC",71610-006,Tramadol Hydrochloride,TRAMADOL HYDROCHLORIDE,HUMAN PRESCRIPTION DRUG,10/06/2017,N/A,ANDA,"480 TABLET, FILM COATED in 1 BOTTLE (71610-006-48)","Full Opioid Agonists [MoA], Opioid Agonist [EPC]",CIV,No,12/31/2026
Tramadol Hydrochloride,71610-006-60,50 mg/1,"TABLET, FILM COATED",ORAL,ANDA075977,"Aphena Pharma Solutions - Tennessee, LLC",71610-006,Tramadol Hydrochloride,TRAMADOL HYDROCHLORIDE,HUMAN PRESCRIPTION DRUG,10/06/2017,N/A,ANDA,"90 TABLET, FILM COATED in 1 BOTTLE (71610-006-60)","Full Opioid Agonists [MoA], Opioid Agonist [EPC]",CIV,No,12/31/2026
Tramadol Hydrochloride,71610-006-70,50 mg/1,"TABLET, FILM COATED",ORAL,ANDA075977,"Aphena Pharma Solutions - Tennessee, LLC",71610-006,Tramadol Hydrochloride,TRAMADOL HYDROCHLORIDE,HUMAN PRESCRIPTION DRUG,10/06/2017,N/A,ANDA,"120 TABLET, FILM COATED in 1 BOTTLE (71610-006-70)","Full Opioid Agonists [MoA], Opioid Agonist [EPC]",CIV,No,12/31/2026
Tramadol Hydrochloride,71610-006-67,50 mg/1,"TABLET, FILM COATED",ORAL,ANDA075977,"Aphena Pharma Solutions - Tennessee, LLC",71610-006,Tramadol Hydrochloride,TRAMADOL HYDROCHLORIDE,HUMAN PRESCRIPTION DRUG,10/06/2017,N/A,ANDA,"168 TABLET, FILM COATED in 1 BOTTLE (71610-006-67)","Full Opioid Agonists [MoA], Opioid Agonist [EPC]",CIV,No,12/31/2026
Tramadol Hydrochloride,71610-006-85,50 mg/1,"TABLET, FILM COATED",ORAL,ANDA075977,"Aphena Pharma Solutions - Tennessee, LLC",71610-006,Tramadol Hydrochloride,TRAMADOL HYDROCHLORIDE,HUMAN PRESCRIPTION DRUG,10/06/2017,N/A,ANDA,"200 TABLET, FILM COATED in 1 BOTTLE (71610-006-85)","Full Opioid Agonists [MoA], Opioid Agonist [EPC]",CIV,No,12/31/2026
Tramadol Hydrochloride,71610-006-92,50 mg/1,"TABLET, FILM COATED",ORAL,ANDA075977,"Aphena Pharma Solutions - Tennessee, LLC",71610-006,Tramadol Hydrochloride,TRAMADOL HYDROCHLORIDE,HUMAN PRESCRIPTION DRUG,10/06/2017,N/A,ANDA,"270 TABLET, FILM COATED in 1 BOTTLE (71610-006-92)","Full Opioid Agonists [MoA], Opioid Agonist [EPC]",CIV,No,12/31/2026
Tramadol Hydrochloride,71610-006-15,50 mg/1,"TABLET, FILM COATED",ORAL,ANDA075977,"Aphena Pharma Solutions - Tennessee, LLC",71610-006,Tramadol Hydrochloride,TRAMADOL HYDROCHLORIDE,HUMAN PRESCRIPTION DRUG,10/06/2017,N/A,ANDA,"15 TABLET, FILM COATED in 1 BOTTLE (71610-006-15)","Full Opioid Agonists [MoA], Opioid Agonist [EPC]",CIV,No,12/31/2026
Tramadol Hydrochloride,71610-006-54,50 mg/1,"TABLET, FILM COATED",ORAL,ANDA075977,"Aphena Pharma Solutions - Tennessee, LLC",71610-006,Tramadol Hydrochloride,TRAMADOL HYDROCHLORIDE,HUMAN PRESCRIPTION DRUG,10/06/2017,N/A,ANDA,"84 TABLET, FILM COATED in 1 BOTTLE (71610-006-54)","Full Opioid Agonists [MoA], Opioid Agonist [EPC]",CIV,No,12/31/2026
Tramadol Hydrochloride,71610-006-46,50 mg/1,"TABLET, FILM COATED",ORAL,ANDA075977,"Aphena Pharma Solutions - Tennessee, LLC",71610-006,Tramadol Hydrochloride,TRAMADOL HYDROCHLORIDE,HUMAN PRESCRIPTION DRUG,10/06/2017,N/A,ANDA,"56 TABLET, FILM COATED in 1 BOTTLE (71610-006-46)","Full Opioid Agonists [MoA], Opioid Agonist [EPC]",CIV,No,12/31/2026
Tramadol Hydrochloride,71610-006-28,50 mg/1,"TABLET, FILM COATED",ORAL,ANDA075977,"Aphena Pharma Solutions - Tennessee, LLC",71610-006,Tramadol Hydrochloride,TRAMADOL HYDROCHLORIDE,HUMAN PRESCRIPTION DRUG,10/06/2017,N/A,ANDA,"28 TABLET, FILM COATED in 1 BOTTLE (71610-006-28)","Full Opioid Agonists [MoA], Opioid Agonist [EPC]",CIV,No,12/31/2026
Tramadol Hydrochloride,71610-006-24,50 mg/1,"TABLET, FILM COATED",ORAL,ANDA075977,"Aphena Pharma Solutions - Tennessee, LLC",71610-006,Tramadol Hydrochloride,TRAMADOL HYDROCHLORIDE,HUMAN PRESCRIPTION DRUG,10/06/2017,N/A,ANDA,"224 TABLET, FILM COATED in 1 BOTTLE (71610-006-24)","Full Opioid Agonists [MoA], Opioid Agonist [EPC]",CIV,No,12/31/2026
Tramadol Hydrochloride,71610-006-40,50 mg/1,"TABLET, FILM COATED",ORAL,ANDA075977,"Aphena Pharma Solutions - Tennessee, LLC",71610-006,Tramadol Hydrochloride,TRAMADOL HYDROCHLORIDE,HUMAN PRESCRIPTION DRUG,10/06/2017,N/A,ANDA,"40 TABLET, FILM COATED in 1 BOTTLE (71610-006-40)","Full Opioid Agonists [MoA], Opioid Agonist [EPC]",CIV,No,12/31/2026
Tramadol Hydrochloride,71610-006-98,50 mg/1,"TABLET, FILM COATED",ORAL,ANDA075977,"Aphena Pharma Solutions - Tennessee, LLC",71610-006,Tramadol Hydrochloride,TRAMADOL HYDROCHLORIDE,HUMAN PRESCRIPTION DRUG,10/06/2017,N/A,ANDA,"540 TABLET, FILM COATED in 1 BOTTLE (71610-006-98)","Full Opioid Agonists [MoA], Opioid Agonist [EPC]",CIV,No,12/31/2026
Tramadol Hydrochloride,71610-006-94,50 mg/1,"TABLET, FILM COATED",ORAL,ANDA075977,"Aphena Pharma Solutions - Tennessee, LLC",71610-006,Tramadol Hydrochloride,TRAMADOL HYDROCHLORIDE,HUMAN PRESCRIPTION DRUG,10/06/2017,N/A,ANDA,"360 TABLET, FILM COATED in 1 BOTTLE (71610-006-94)","Full Opioid Agonists [MoA], Opioid Agonist [EPC]",CIV,No,12/31/2026
Tramadol Hydrochloride,71610-006-89,50 mg/1,"TABLET, FILM COATED",ORAL,ANDA075977,"Aphena Pharma Solutions - Tennessee, LLC",71610-006,Tramadol Hydrochloride,TRAMADOL HYDROCHLORIDE,HUMAN PRESCRIPTION DRUG,10/06/2017,N/A,ANDA,"720 TABLET, FILM COATED in 1 BOTTLE (71610-006-89)","Full Opioid Agonists [MoA], Opioid Agonist [EPC]",CIV,No,12/31/2026
Tramadol Hydrochloride,71610-006-45,50 mg/1,"TABLET, FILM COATED",ORAL,ANDA075977,"Aphena Pharma Solutions - Tennessee, LLC",71610-006,Tramadol Hydrochloride,TRAMADOL HYDROCHLORIDE,HUMAN PRESCRIPTION DRUG,10/06/2017,N/A,ANDA,"45 TABLET, FILM COATED in 1 BOTTLE (71610-006-45)","Full Opioid Agonists [MoA], Opioid Agonist [EPC]",CIV,No,12/31/2026
Tramadol Hydrochloride,71610-006-73,50 mg/1,"TABLET, FILM COATED",ORAL,ANDA075977,"Aphena Pharma Solutions - Tennessee, LLC",71610-006,Tramadol Hydrochloride,TRAMADOL HYDROCHLORIDE,HUMAN PRESCRIPTION DRUG,10/06/2017,N/A,ANDA,"135 TABLET, FILM COATED in 1 BOTTLE (71610-006-73)","Full Opioid Agonists [MoA], Opioid Agonist [EPC]",CIV,No,12/31/2026
Tramadol Hydrochloride,71610-006-72,50 mg/1,"TABLET, FILM COATED",ORAL,ANDA075977,"Aphena Pharma Solutions - Tennessee, LLC",71610-006,Tramadol Hydrochloride,TRAMADOL HYDROCHLORIDE,HUMAN PRESCRIPTION DRUG,10/06/2017,N/A,ANDA,"112 TABLET, FILM COATED in 1 BOTTLE (71610-006-72)","Full Opioid Agonists [MoA], Opioid Agonist [EPC]",CIV,No,12/31/2026
Tramadol Hydrochloride,71610-006-65,50 mg/1,"TABLET, FILM COATED",ORAL,ANDA075977,"Aphena Pharma Solutions - Tennessee, LLC",71610-006,Tramadol Hydrochloride,TRAMADOL HYDROCHLORIDE,HUMAN PRESCRIPTION DRUG,10/06/2017,N/A,ANDA,"100 TABLET, FILM COATED in 1 BOTTLE (71610-006-65)","Full Opioid Agonists [MoA], Opioid Agonist [EPC]",CIV,No,12/31/2026
Tramadol Hydrochloride,71610-006-53,50 mg/1,"TABLET, FILM COATED",ORAL,ANDA075977,"Aphena Pharma Solutions - Tennessee, LLC",71610-006,Tramadol Hydrochloride,TRAMADOL HYDROCHLORIDE,HUMAN PRESCRIPTION DRUG,10/06/2017,N/A,ANDA,"60 TABLET, FILM COATED in 1 BOTTLE (71610-006-53)","Full Opioid Agonists [MoA], Opioid Agonist [EPC]",CIV,No,12/31/2026
Tramadol Hydrochloride,71610-006-50,50 mg/1,"TABLET, FILM COATED",ORAL,ANDA075977,"Aphena Pharma Solutions - Tennessee, LLC",71610-006,Tramadol Hydrochloride,TRAMADOL HYDROCHLORIDE,HUMAN PRESCRIPTION DRUG,10/06/2017,N/A,ANDA,"50 TABLET, FILM COATED in 1 BOTTLE (71610-006-50)","Full Opioid Agonists [MoA], Opioid Agonist [EPC]",CIV,No,12/31/2026
Tramadol Hydrochloride,71610-006-57,50 mg/1,"TABLET, FILM COATED",ORAL,ANDA075977,"Aphena Pharma Solutions - Tennessee, LLC",71610-006,Tramadol Hydrochloride,TRAMADOL HYDROCHLORIDE,HUMAN PRESCRIPTION DRUG,08/24/2017,N/A,ANDA,"80 TABLET, FILM COATED in 1 BOTTLE (71610-006-57)","Full Opioid Agonists [MoA], Opioid Agonist [EPC]",CIV,No,12/31/2026
Tramadol Hydrochloride,71610-865-72,50 mg/1,"TABLET, FILM COATED",ORAL,ANDA075977,"Aphena Pharma Solutions - Tennessee, LLC",71610-865,Tramadol Hydrochloride,TRAMADOL HYDROCHLORIDE,HUMAN PRESCRIPTION DRUG,11/18/2024,N/A,ANDA,"112 TABLET, FILM COATED in 1 BOTTLE (71610-865-72)","Full Opioid Agonists [MoA], Opioid Agonist [EPC]",CIV,No,12/31/2026
Tramadol Hydrochloride,71610-865-24,50 mg/1,"TABLET, FILM COATED",ORAL,ANDA075977,"Aphena Pharma Solutions - Tennessee, LLC",71610-865,Tramadol Hydrochloride,TRAMADOL HYDROCHLORIDE,HUMAN PRESCRIPTION DRUG,11/18/2024,N/A,ANDA,"224 TABLET, FILM COATED in 1 BOTTLE (71610-865-24)","Full Opioid Agonists [MoA], Opioid Agonist [EPC]",CIV,No,12/31/2026
Tramadol Hydrochloride,71610-865-28,50 mg/1,"TABLET, FILM COATED",ORAL,ANDA075977,"Aphena Pharma Solutions - Tennessee, LLC",71610-865,Tramadol Hydrochloride,TRAMADOL HYDROCHLORIDE,HUMAN PRESCRIPTION DRUG,11/18/2024,N/A,ANDA,"28 TABLET, FILM COATED in 1 BOTTLE (71610-865-28)","Full Opioid Agonists [MoA], Opioid Agonist [EPC]",CIV,No,12/31/2026
Tramadol Hydrochloride,71610-865-30,50 mg/1,"TABLET, FILM COATED",ORAL,ANDA075977,"Aphena Pharma Solutions - Tennessee, LLC",71610-865,Tramadol Hydrochloride,TRAMADOL HYDROCHLORIDE,HUMAN PRESCRIPTION DRUG,11/18/2024,N/A,ANDA,"30 TABLET, FILM COATED in 1 BOTTLE (71610-865-30)","Full Opioid Agonists [MoA], Opioid Agonist [EPC]",CIV,No,12/31/2026
Tramadol Hydrochloride,71610-865-45,50 mg/1,"TABLET, FILM COATED",ORAL,ANDA075977,"Aphena Pharma Solutions - Tennessee, LLC",71610-865,Tramadol Hydrochloride,TRAMADOL HYDROCHLORIDE,HUMAN PRESCRIPTION DRUG,11/18/2024,N/A,ANDA,"45 TABLET, FILM COATED in 1 BOTTLE (71610-865-45)","Full Opioid Agonists [MoA], Opioid Agonist [EPC]",CIV,No,12/31/2026
Tramadol Hydrochloride,71610-865-46,50 mg/1,"TABLET, FILM COATED",ORAL,ANDA075977,"Aphena Pharma Solutions - Tennessee, LLC",71610-865,Tramadol Hydrochloride,TRAMADOL HYDROCHLORIDE,HUMAN PRESCRIPTION DRUG,11/18/2024,N/A,ANDA,"56 TABLET, FILM COATED in 1 BOTTLE (71610-865-46)","Full Opioid Agonists [MoA], Opioid Agonist [EPC]",CIV,No,12/31/2026
Tramadol Hydrochloride,71610-865-50,50 mg/1,"TABLET, FILM COATED",ORAL,ANDA075977,"Aphena Pharma Solutions - Tennessee, LLC",71610-865,Tramadol Hydrochloride,TRAMADOL HYDROCHLORIDE,HUMAN PRESCRIPTION DRUG,11/18/2024,N/A,ANDA,"50 TABLET, FILM COATED in 1 BOTTLE (71610-865-50)","Full Opioid Agonists [MoA], Opioid Agonist [EPC]",CIV,No,12/31/2026
Tramadol Hydrochloride,71610-865-54,50 mg/1,"TABLET, FILM COATED",ORAL,ANDA075977,"Aphena Pharma Solutions - Tennessee, LLC",71610-865,Tramadol Hydrochloride,TRAMADOL HYDROCHLORIDE,HUMAN PRESCRIPTION DRUG,11/18/2024,N/A,ANDA,"84 TABLET, FILM COATED in 1 BOTTLE (71610-865-54)","Full Opioid Agonists [MoA], Opioid Agonist [EPC]",CIV,No,12/31/2026
Tramadol Hydrochloride,71610-865-15,50 mg/1,"TABLET, FILM COATED",ORAL,ANDA075977,"Aphena Pharma Solutions - Tennessee, LLC",71610-865,Tramadol Hydrochloride,TRAMADOL HYDROCHLORIDE,HUMAN PRESCRIPTION DRUG,11/18/2024,N/A,ANDA,"15 TABLET, FILM COATED in 1 BOTTLE (71610-865-15)","Full Opioid Agonists [MoA], Opioid Agonist [EPC]",CIV,No,12/31/2026
Tramadol Hydrochloride,71610-865-20,50 mg/1,"TABLET, FILM COATED",ORAL,ANDA075977,"Aphena Pharma Solutions - Tennessee, LLC",71610-865,Tramadol Hydrochloride,TRAMADOL HYDROCHLORIDE,HUMAN PRESCRIPTION DRUG,11/18/2024,N/A,ANDA,"20 TABLET, FILM COATED in 1 BOTTLE (71610-865-20)","Full Opioid Agonists [MoA], Opioid Agonist [EPC]",CIV,No,12/31/2026
Tramadol Hydrochloride,71610-865-40,50 mg/1,"TABLET, FILM COATED",ORAL,ANDA075977,"Aphena Pharma Solutions - Tennessee, LLC",71610-865,Tramadol Hydrochloride,TRAMADOL HYDROCHLORIDE,HUMAN PRESCRIPTION DRUG,11/18/2024,N/A,ANDA,"40 TABLET, FILM COATED in 1 BOTTLE (71610-865-40)","Full Opioid Agonists [MoA], Opioid Agonist [EPC]",CIV,No,12/31/2026
Tramadol Hydrochloride,71610-865-53,50 mg/1,"TABLET, FILM COATED",ORAL,ANDA075977,"Aphena Pharma Solutions - Tennessee, LLC",71610-865,Tramadol Hydrochloride,TRAMADOL HYDROCHLORIDE,HUMAN PRESCRIPTION DRUG,11/18/2024,N/A,ANDA,"60 TABLET, FILM COATED in 1 BOTTLE (71610-865-53)","Full Opioid Agonists [MoA], Opioid Agonist [EPC]",CIV,No,12/31/2026
Tramadol Hydrochloride,71610-865-70,50 mg/1,"TABLET, FILM COATED",ORAL,ANDA075977,"Aphena Pharma Solutions - Tennessee, LLC",71610-865,Tramadol Hydrochloride,TRAMADOL HYDROCHLORIDE,HUMAN PRESCRIPTION DRUG,11/18/2024,N/A,ANDA,"120 TABLET, FILM COATED in 1 BOTTLE (71610-865-70)","Full Opioid Agonists [MoA], Opioid Agonist [EPC]",CIV,No,12/31/2026
Tramadol Hydrochloride,71610-865-67,50 mg/1,"TABLET, FILM COATED",ORAL,ANDA075977,"Aphena Pharma Solutions - Tennessee, LLC",71610-865,Tramadol Hydrochloride,TRAMADOL HYDROCHLORIDE,HUMAN PRESCRIPTION DRUG,11/18/2024,N/A,ANDA,"168 TABLET, FILM COATED in 1 BOTTLE (71610-865-67)","Full Opioid Agonists [MoA], Opioid Agonist [EPC]",CIV,No,12/31/2026
Tramadol Hydrochloride,71610-865-65,50 mg/1,"TABLET, FILM COATED",ORAL,ANDA075977,"Aphena Pharma Solutions - Tennessee, LLC",71610-865,Tramadol Hydrochloride,TRAMADOL HYDROCHLORIDE,HUMAN PRESCRIPTION DRUG,11/18/2024,N/A,ANDA,"100 TABLET, FILM COATED in 1 BOTTLE (71610-865-65)","Full Opioid Agonists [MoA], Opioid Agonist [EPC]",CIV,No,12/31/2026
Tramadol Hydrochloride,71610-865-60,50 mg/1,"TABLET, FILM COATED",ORAL,ANDA075977,"Aphena Pharma Solutions - Tennessee, LLC",71610-865,Tramadol Hydrochloride,TRAMADOL HYDROCHLORIDE,HUMAN PRESCRIPTION DRUG,11/18/2024,N/A,ANDA,"90 TABLET, FILM COATED in 1 BOTTLE (71610-865-60)","Full Opioid Agonists [MoA], Opioid Agonist [EPC]",CIV,No,12/31/2026
Tramadol Hydrochloride,71610-865-57,50 mg/1,"TABLET, FILM COATED",ORAL,ANDA075977,"Aphena Pharma Solutions - Tennessee, LLC",71610-865,Tramadol Hydrochloride,TRAMADOL HYDROCHLORIDE,HUMAN PRESCRIPTION DRUG,11/18/2024,N/A,ANDA,"80 TABLET, FILM COATED in 1 BOTTLE (71610-865-57)","Full Opioid Agonists [MoA], Opioid Agonist [EPC]",CIV,No,12/31/2026
Tramadol Hydrochloride,71610-865-90,50 mg/1,"TABLET, FILM COATED",ORAL,ANDA075977,"Aphena Pharma Solutions - Tennessee, LLC",71610-865,Tramadol Hydrochloride,TRAMADOL HYDROCHLORIDE,HUMAN PRESCRIPTION DRUG,11/18/2024,N/A,ANDA,"240 TABLET, FILM COATED in 1 BOTTLE (71610-865-90)","Full Opioid Agonists [MoA], Opioid Agonist [EPC]",CIV,No,12/31/2026
Tramadol Hydrochloride,71610-865-85,50 mg/1,"TABLET, FILM COATED",ORAL,ANDA075977,"Aphena Pharma Solutions - Tennessee, LLC",71610-865,Tramadol Hydrochloride,TRAMADOL HYDROCHLORIDE,HUMAN PRESCRIPTION DRUG,11/18/2024,N/A,ANDA,"200 TABLET, FILM COATED in 1 BOTTLE (71610-865-85)","Full Opioid Agonists [MoA], Opioid Agonist [EPC]",CIV,No,12/31/2026
Tramadol Hydrochloride,71610-865-80,50 mg/1,"TABLET, FILM COATED",ORAL,ANDA075977,"Aphena Pharma Solutions - Tennessee, LLC",71610-865,Tramadol Hydrochloride,TRAMADOL HYDROCHLORIDE,HUMAN PRESCRIPTION DRUG,11/18/2024,N/A,ANDA,"180 TABLET, FILM COATED in 1 BOTTLE (71610-865-80)","Full Opioid Agonists [MoA], Opioid Agonist [EPC]",CIV,No,12/31/2026
Tramadol Hydrochloride,71610-865-92,50 mg/1,"TABLET, FILM COATED",ORAL,ANDA075977,"Aphena Pharma Solutions - Tennessee, LLC",71610-865,Tramadol Hydrochloride,TRAMADOL HYDROCHLORIDE,HUMAN PRESCRIPTION DRUG,11/18/2024,N/A,ANDA,"270 TABLET, FILM COATED in 1 BOTTLE (71610-865-92)","Full Opioid Agonists [MoA], Opioid Agonist [EPC]",CIV,No,12/31/2026
Tramadol Hydrochloride,71610-865-75,50 mg/1,"TABLET, FILM COATED",ORAL,ANDA075977,"Aphena Pharma Solutions - Tennessee, LLC",71610-865,Tramadol Hydrochloride,TRAMADOL HYDROCHLORIDE,HUMAN PRESCRIPTION DRUG,11/18/2024,N/A,ANDA,"150 TABLET, FILM COATED in 1 BOTTLE (71610-865-75)","Full Opioid Agonists [MoA], Opioid Agonist [EPC]",CIV,No,12/31/2026
Tramadol Hydrochloride,71610-865-73,50 mg/1,"TABLET, FILM COATED",ORAL,ANDA075977,"Aphena Pharma Solutions - Tennessee, LLC",71610-865,Tramadol Hydrochloride,TRAMADOL HYDROCHLORIDE,HUMAN PRESCRIPTION DRUG,11/18/2024,N/A,ANDA,"135 TABLET, FILM COATED in 1 BOTTLE (71610-865-73)","Full Opioid Agonists [MoA], Opioid Agonist [EPC]",CIV,No,12/31/2026
TRAMADOL HYDROCHLORIDE,72189-154-30,200 mg/1,"TABLET, EXTENDED RELEASE",ORAL,ANDA200503,DIRECT RX,72189-154,TRAMADOL HYDROCHLORIDE,TRAMADOL HYDROCHLORIDE,HUMAN PRESCRIPTION DRUG,11/10/2020,N/A,ANDA,"30 TABLET, EXTENDED RELEASE in 1 BOTTLE (72189-154-30)","Full Opioid Agonists [MoA], Opioid Agonist [EPC]",CIV,No,12/31/2026
TRAMADOL HYDROCHLORIDE,72189-154-60,200 mg/1,"TABLET, EXTENDED RELEASE",ORAL,ANDA200503,DIRECT RX,72189-154,TRAMADOL HYDROCHLORIDE,TRAMADOL HYDROCHLORIDE,HUMAN PRESCRIPTION DRUG,11/10/2020,N/A,ANDA,"60 TABLET, EXTENDED RELEASE in 1 BOTTLE (72189-154-60)","Full Opioid Agonists [MoA], Opioid Agonist [EPC]",CIV,No,12/31/2026
TRAMADOL HYDROCHLORIDE,72189-311-84,50 mg/1,"TABLET, COATED",ORAL,ANDA208708,DirectRx,72189-311,TRAMADOL HYDROCHLORIDE,TRAMADOL HYDROCHLORIDE,HUMAN PRESCRIPTION DRUG,01/12/2022,N/A,ANDA,"240 TABLET, COATED in 1 BOTTLE (72189-311-84)","Full Opioid Agonists [MoA], Opioid Agonist [EPC]",CIV,No,12/31/2026
TRAMADOL HYDROCHLORIDE,72189-311-12,50 mg/1,"TABLET, COATED",ORAL,ANDA208708,DirectRx,72189-311,TRAMADOL HYDROCHLORIDE,TRAMADOL HYDROCHLORIDE,HUMAN PRESCRIPTION DRUG,01/12/2022,N/A,ANDA,"12 TABLET, COATED in 1 BOTTLE (72189-311-12)","Full Opioid Agonists [MoA], Opioid Agonist [EPC]",CIV,No,12/31/2026
TRAMADOL HYDROCHLORIDE,72189-311-82,50 mg/1,"TABLET, COATED",ORAL,ANDA208708,DirectRx,72189-311,TRAMADOL HYDROCHLORIDE,TRAMADOL HYDROCHLORIDE,HUMAN PRESCRIPTION DRUG,01/12/2022,N/A,ANDA,"180 TABLET, COATED in 1 BOTTLE (72189-311-82)","Full Opioid Agonists [MoA], Opioid Agonist [EPC]",CIV,No,12/31/2026
TRAMADOL HYDROCHLORIDE,72189-311-72,50 mg/1,"TABLET, COATED",ORAL,ANDA208708,DirectRx,72189-311,TRAMADOL HYDROCHLORIDE,TRAMADOL HYDROCHLORIDE,HUMAN PRESCRIPTION DRUG,01/12/2022,N/A,ANDA,"120 TABLET, COATED in 1 BOTTLE (72189-311-72)","Full Opioid Agonists [MoA], Opioid Agonist [EPC]",CIV,No,12/31/2026
TRAMADOL HYDROCHLORIDE,72189-311-60,50 mg/1,"TABLET, COATED",ORAL,ANDA208708,DirectRx,72189-311,TRAMADOL HYDROCHLORIDE,TRAMADOL HYDROCHLORIDE,HUMAN PRESCRIPTION DRUG,01/12/2022,N/A,ANDA,"60 TABLET, COATED in 1 BOTTLE (72189-311-60)","Full Opioid Agonists [MoA], Opioid Agonist [EPC]",CIV,No,12/31/2026
TRAMADOL HYDROCHLORIDE,72189-311-40,50 mg/1,"TABLET, COATED",ORAL,ANDA208708,DirectRx,72189-311,TRAMADOL HYDROCHLORIDE,TRAMADOL HYDROCHLORIDE,HUMAN PRESCRIPTION DRUG,01/12/2022,N/A,ANDA,"40 TABLET, COATED in 1 BOTTLE (72189-311-40)","Full Opioid Agonists [MoA], Opioid Agonist [EPC]",CIV,No,12/31/2026
TRAMADOL HYDROCHLORIDE,72189-311-20,50 mg/1,"TABLET, COATED",ORAL,ANDA208708,DirectRx,72189-311,TRAMADOL HYDROCHLORIDE,TRAMADOL HYDROCHLORIDE,HUMAN PRESCRIPTION DRUG,01/12/2022,N/A,ANDA,"20 TABLET, COATED in 1 BOTTLE (72189-311-20)","Full Opioid Agonists [MoA], Opioid Agonist [EPC]",CIV,No,12/31/2026
TRAMADOL HYDROCHLORIDE,72189-311-90,50 mg/1,"TABLET, COATED",ORAL,ANDA208708,DirectRx,72189-311,TRAMADOL HYDROCHLORIDE,TRAMADOL HYDROCHLORIDE,HUMAN PRESCRIPTION DRUG,01/12/2022,N/A,ANDA,"90 TABLET, COATED in 1 BOTTLE (72189-311-90)","Full Opioid Agonists [MoA], Opioid Agonist [EPC]",CIV,No,12/31/2026
TRAMADOL HYDROCHLORIDE,72189-311-30,50 mg/1,"TABLET, COATED",ORAL,ANDA208708,DirectRx,72189-311,TRAMADOL HYDROCHLORIDE,TRAMADOL HYDROCHLORIDE,HUMAN PRESCRIPTION DRUG,01/12/2022,N/A,ANDA,"30 TABLET, COATED in 1 BOTTLE (72189-311-30)","Full Opioid Agonists [MoA], Opioid Agonist [EPC]",CIV,No,12/31/2026
Tramadol Hydrochloride,72888-008-00,100 mg/1,"TABLET, COATED",ORAL,ANDA208708,Advagen Pharma Limited,72888-008,Tramadol Hydrochloride,TRAMADOL HYDROCHLORIDE,HUMAN PRESCRIPTION DRUG,02/24/2020,N/A,ANDA,"1000 TABLET, COATED in 1 BOTTLE (72888-008-00)","Full Opioid Agonists [MoA], Opioid Agonist [EPC]",CIV,No,12/31/2027
Tramadol Hydrochloride,72888-008-01,100 mg/1,"TABLET, COATED",ORAL,ANDA208708,Advagen Pharma Limited,72888-008,Tramadol Hydrochloride,TRAMADOL HYDROCHLORIDE,HUMAN PRESCRIPTION DRUG,02/24/2020,N/A,ANDA,"100 TABLET, COATED in 1 BOTTLE (72888-008-01)","Full Opioid Agonists [MoA], Opioid Agonist [EPC]",CIV,No,12/31/2027
Tramadol Hydrochloride,72888-008-05,100 mg/1,"TABLET, COATED",ORAL,ANDA208708,Advagen Pharma Limited,72888-008,Tramadol Hydrochloride,TRAMADOL HYDROCHLORIDE,HUMAN PRESCRIPTION DRUG,02/24/2020,N/A,ANDA,"500 TABLET, COATED in 1 BOTTLE (72888-008-05)","Full Opioid Agonists [MoA], Opioid Agonist [EPC]",CIV,No,12/31/2027
Tramadol Hydrochloride,72888-080-00,50 mg/1,"TABLET, COATED",ORAL,ANDA208708,Advagen Pharma Limited,72888-080,Tramadol Hydrochloride,TRAMADOL HYDROCHLORIDE,HUMAN PRESCRIPTION DRUG,07/24/2023,N/A,ANDA,"1000 TABLET, COATED in 1 BOTTLE (72888-080-00)","Full Opioid Agonists [MoA], Opioid Agonist [EPC]",CIV,No,12/31/2027
Tramadol Hydrochloride,72888-080-01,50 mg/1,"TABLET, COATED",ORAL,ANDA208708,Advagen Pharma Limited,72888-080,Tramadol Hydrochloride,TRAMADOL HYDROCHLORIDE,HUMAN PRESCRIPTION DRUG,07/24/2023,N/A,ANDA,"100 TABLET, COATED in 1 BOTTLE (72888-080-01)","Full Opioid Agonists [MoA], Opioid Agonist [EPC]",CIV,No,12/31/2027
Tramadol Hydrochloride,72888-080-05,50 mg/1,"TABLET, COATED",ORAL,ANDA208708,Advagen Pharma Limited,72888-080,Tramadol Hydrochloride,TRAMADOL HYDROCHLORIDE,HUMAN PRESCRIPTION DRUG,07/24/2023,N/A,ANDA,"500 TABLET, COATED in 1 BOTTLE (72888-080-05)","Full Opioid Agonists [MoA], Opioid Agonist [EPC]",CIV,No,12/31/2027
Tramadol Hydrochloride,72888-162-01,25 mg/1,"TABLET, COATED",ORAL,ANDA208708,Advagen Pharma Limited,72888-162,Tramadol Hydrochloride,TRAMADOL HYDROCHLORIDE,HUMAN PRESCRIPTION DRUG,11/28/2023,N/A,ANDA,"100 TABLET, COATED in 1 BOTTLE (72888-162-01)","Full Opioid Agonists [MoA], Opioid Agonist [EPC]",CIV,No,12/31/2027
Tramadol Hydrochloride,72888-162-00,25 mg/1,"TABLET, COATED",ORAL,ANDA208708,Advagen Pharma Limited,72888-162,Tramadol Hydrochloride,TRAMADOL HYDROCHLORIDE,HUMAN PRESCRIPTION DRUG,11/28/2023,N/A,ANDA,"1000 TABLET, COATED in 1 BOTTLE (72888-162-00)","Full Opioid Agonists [MoA], Opioid Agonist [EPC]",CIV,No,12/31/2027
Tramadol Hydrochloride,72888-162-30,25 mg/1,"TABLET, COATED",ORAL,ANDA208708,Advagen Pharma Limited,72888-162,Tramadol Hydrochloride,TRAMADOL HYDROCHLORIDE,HUMAN PRESCRIPTION DRUG,11/28/2023,N/A,ANDA,"30 TABLET, COATED in 1 BOTTLE (72888-162-30)","Full Opioid Agonists [MoA], Opioid Agonist [EPC]",CIV,No,12/31/2027
Tramadol Hydrochloride,72888-162-05,25 mg/1,"TABLET, COATED",ORAL,ANDA208708,Advagen Pharma Limited,72888-162,Tramadol Hydrochloride,TRAMADOL HYDROCHLORIDE,HUMAN PRESCRIPTION DRUG,11/28/2023,N/A,ANDA,"500 TABLET, COATED in 1 BOTTLE (72888-162-05)","Full Opioid Agonists [MoA], Opioid Agonist [EPC]",CIV,No,12/31/2027
Tramadol Hydrochloride,72888-163-01,75 mg/1,"TABLET, COATED",ORAL,ANDA208708,Advagen Pharma Limited,72888-163,Tramadol Hydrochloride,TRAMADOL HYDROCHLORIDE,HUMAN PRESCRIPTION DRUG,07/24/2023,N/A,ANDA,"100 TABLET, COATED in 1 BOTTLE (72888-163-01)","Full Opioid Agonists [MoA], Opioid Agonist [EPC]",CIV,No,12/31/2027
Tramadol Hydrochloride,72888-163-00,75 mg/1,"TABLET, COATED",ORAL,ANDA208708,Advagen Pharma Limited,72888-163,Tramadol Hydrochloride,TRAMADOL HYDROCHLORIDE,HUMAN PRESCRIPTION DRUG,07/24/2023,N/A,ANDA,"1000 TABLET, COATED in 1 BOTTLE (72888-163-00)","Full Opioid Agonists [MoA], Opioid Agonist [EPC]",CIV,No,12/31/2027
Tramadol Hydrochloride,72888-163-05,75 mg/1,"TABLET, COATED",ORAL,ANDA208708,Advagen Pharma Limited,72888-163,Tramadol Hydrochloride,TRAMADOL HYDROCHLORIDE,HUMAN PRESCRIPTION DRUG,07/24/2023,N/A,ANDA,"500 TABLET, COATED in 1 BOTTLE (72888-163-05)","Full Opioid Agonists [MoA], Opioid Agonist [EPC]",CIV,No,12/31/2027
Tramadol Hydrochloride,72888-163-30,75 mg/1,"TABLET, COATED",ORAL,ANDA208708,Advagen Pharma Limited,72888-163,Tramadol Hydrochloride,TRAMADOL HYDROCHLORIDE,HUMAN PRESCRIPTION DRUG,07/24/2023,N/A,ANDA,"30 TABLET, COATED in 1 BOTTLE (72888-163-30)","Full Opioid Agonists [MoA], Opioid Agonist [EPC]",CIV,No,12/31/2027
TRAMADOL HYDROCHLORIDE,76420-244-30,100 mg/1,"TABLET, EXTENDED RELEASE",ORAL,ANDA201384,"Asclemed USA, Inc.",76420-244,TRAMADOL HYDROCHLORIDE,TRAMADOL HYDROCHLORIDE,HUMAN PRESCRIPTION DRUG,07/25/2022,N/A,ANDA,"30 TABLET, EXTENDED RELEASE in 1 BOTTLE (76420-244-30)","Full Opioid Agonists [MoA], Opioid Agonist [EPC]",CIV,No,12/31/2026
TRAMADOL HYDROCHLORIDE,76420-244-60,100 mg/1,"TABLET, EXTENDED RELEASE",ORAL,ANDA201384,"Asclemed USA, Inc.",76420-244,TRAMADOL HYDROCHLORIDE,TRAMADOL HYDROCHLORIDE,HUMAN PRESCRIPTION DRUG,07/25/2022,N/A,ANDA,"60 TABLET, EXTENDED RELEASE in 1 BOTTLE (76420-244-60)","Full Opioid Agonists [MoA], Opioid Agonist [EPC]",CIV,No,12/31/2026
TRAMADOL HYDROCHLORIDE,76420-244-90,100 mg/1,"TABLET, EXTENDED RELEASE",ORAL,ANDA201384,"Asclemed USA, Inc.",76420-244,TRAMADOL HYDROCHLORIDE,TRAMADOL HYDROCHLORIDE,HUMAN PRESCRIPTION DRUG,07/25/2022,N/A,ANDA,"90 TABLET, EXTENDED RELEASE in 1 BOTTLE (76420-244-90)","Full Opioid Agonists [MoA], Opioid Agonist [EPC]",CIV,No,12/31/2026
TRAMADOL HYDROCHLORIDE,76420-245-60,200 mg/1,"TABLET, EXTENDED RELEASE",ORAL,ANDA201384,"Asclemed USA, Inc.",76420-245,TRAMADOL HYDROCHLORIDE,TRAMADOL HYDROCHLORIDE,HUMAN PRESCRIPTION DRUG,07/25/2022,N/A,ANDA,"60 TABLET, EXTENDED RELEASE in 1 BOTTLE (76420-245-60)","Full Opioid Agonists [MoA], Opioid Agonist [EPC]",CIV,No,12/31/2026
TRAMADOL HYDROCHLORIDE,76420-245-90,200 mg/1,"TABLET, EXTENDED RELEASE",ORAL,ANDA201384,"Asclemed USA, Inc.",76420-245,TRAMADOL HYDROCHLORIDE,TRAMADOL HYDROCHLORIDE,HUMAN PRESCRIPTION DRUG,07/25/2022,N/A,ANDA,"90 TABLET, EXTENDED RELEASE in 1 BOTTLE (76420-245-90)","Full Opioid Agonists [MoA], Opioid Agonist [EPC]",CIV,No,12/31/2026
TRAMADOL HYDROCHLORIDE,76420-245-30,200 mg/1,"TABLET, EXTENDED RELEASE",ORAL,ANDA201384,"Asclemed USA, Inc.",76420-245,TRAMADOL HYDROCHLORIDE,TRAMADOL HYDROCHLORIDE,HUMAN PRESCRIPTION DRUG,07/25/2022,N/A,ANDA,"30 TABLET, EXTENDED RELEASE in 1 BOTTLE (76420-245-30)","Full Opioid Agonists [MoA], Opioid Agonist [EPC]",CIV,No,12/31/2026
TRAMADOL HYDROCHLORIDE,76420-246-30,300 mg/1,"TABLET, EXTENDED RELEASE",ORAL,ANDA201384,"Asclemed USA, Inc.",76420-246,TRAMADOL HYDROCHLORIDE,TRAMADOL HYDROCHLORIDE,HUMAN PRESCRIPTION DRUG,07/25/2022,N/A,ANDA,"30 TABLET, EXTENDED RELEASE in 1 BOTTLE (76420-246-30)","Full Opioid Agonists [MoA], Opioid Agonist [EPC]",CIV,No,12/31/2026
TRAMADOL HYDROCHLORIDE,76420-536-90,100 mg/1,"TABLET, EXTENDED RELEASE",ORAL,ANDA200503,"Asclemed USA, Inc.",76420-536,TRAMADOL HYDROCHLORIDE,TRAMADOL HYDROCHLORIDE,HUMAN PRESCRIPTION DRUG,02/16/2023,N/A,ANDA,"90 TABLET, EXTENDED RELEASE in 1 BOTTLE (76420-536-90)","Full Opioid Agonists [MoA], Opioid Agonist [EPC]",CIV,No,12/31/2026
TRAMADOL HYDROCHLORIDE,76420-536-30,100 mg/1,"TABLET, EXTENDED RELEASE",ORAL,ANDA200503,"Asclemed USA, Inc.",76420-536,TRAMADOL HYDROCHLORIDE,TRAMADOL HYDROCHLORIDE,HUMAN PRESCRIPTION DRUG,02/16/2023,N/A,ANDA,"30 TABLET, EXTENDED RELEASE in 1 BOTTLE (76420-536-30)","Full Opioid Agonists [MoA], Opioid Agonist [EPC]",CIV,No,12/31/2026
TRAMADOL HYDROCHLORIDE,76420-536-60,100 mg/1,"TABLET, EXTENDED RELEASE",ORAL,ANDA200503,"Asclemed USA, Inc.",76420-536,TRAMADOL HYDROCHLORIDE,TRAMADOL HYDROCHLORIDE,HUMAN PRESCRIPTION DRUG,02/16/2023,N/A,ANDA,"60 TABLET, EXTENDED RELEASE in 1 BOTTLE (76420-536-60)","Full Opioid Agonists [MoA], Opioid Agonist [EPC]",CIV,No,12/31/2026
TRAMADOL HYDROCHLORIDE,76420-537-30,200 mg/1,"TABLET, EXTENDED RELEASE",ORAL,ANDA200503,"Asclemed USA, Inc.",76420-537,TRAMADOL HYDROCHLORIDE,TRAMADOL HYDROCHLORIDE,HUMAN PRESCRIPTION DRUG,02/16/2023,N/A,ANDA,"30 TABLET, EXTENDED RELEASE in 1 BOTTLE (76420-537-30)","Full Opioid Agonists [MoA], Opioid Agonist [EPC]",CIV,No,12/31/2026
TRAMADOL HYDROCHLORIDE,76420-537-60,200 mg/1,"TABLET, EXTENDED RELEASE",ORAL,ANDA200503,"Asclemed USA, Inc.",76420-537,TRAMADOL HYDROCHLORIDE,TRAMADOL HYDROCHLORIDE,HUMAN PRESCRIPTION DRUG,02/16/2023,N/A,ANDA,"60 TABLET, EXTENDED RELEASE in 1 BOTTLE (76420-537-60)","Full Opioid Agonists [MoA], Opioid Agonist [EPC]",CIV,No,12/31/2026
TRAMADOL HYDROCHLORIDE,76420-537-90,200 mg/1,"TABLET, EXTENDED RELEASE",ORAL,ANDA200503,"Asclemed USA, Inc.",76420-537,TRAMADOL HYDROCHLORIDE,TRAMADOL HYDROCHLORIDE,HUMAN PRESCRIPTION DRUG,02/16/2023,N/A,ANDA,"90 TABLET, EXTENDED RELEASE in 1 BOTTLE (76420-537-90)","Full Opioid Agonists [MoA], Opioid Agonist [EPC]",CIV,No,12/31/2026
TRAMADOL HYDROCHLORIDE,76420-538-30,300 mg/1,"TABLET, EXTENDED RELEASE",ORAL,ANDA200503,"Asclemed USA, Inc.",76420-538,TRAMADOL HYDROCHLORIDE,TRAMADOL HYDROCHLORIDE,HUMAN PRESCRIPTION DRUG,02/16/2023,N/A,ANDA,"30 TABLET, EXTENDED RELEASE in 1 BOTTLE (76420-538-30)","Full Opioid Agonists [MoA], Opioid Agonist [EPC]",CIV,No,12/31/2026
TRAMADOL HYDROCHLORIDE,76420-538-60,300 mg/1,"TABLET, EXTENDED RELEASE",ORAL,ANDA200503,"Asclemed USA, Inc.",76420-538,TRAMADOL HYDROCHLORIDE,TRAMADOL HYDROCHLORIDE,HUMAN PRESCRIPTION DRUG,02/16/2023,N/A,ANDA,"60 TABLET, EXTENDED RELEASE in 1 BOTTLE (76420-538-60)","Full Opioid Agonists [MoA], Opioid Agonist [EPC]",CIV,No,12/31/2026
TRAMADOL HYDROCHLORIDE,76420-538-90,300 mg/1,"TABLET, EXTENDED RELEASE",ORAL,ANDA200503,"Asclemed USA, Inc.",76420-538,TRAMADOL HYDROCHLORIDE,TRAMADOL HYDROCHLORIDE,HUMAN PRESCRIPTION DRUG,02/16/2023,N/A,ANDA,"90 TABLET, EXTENDED RELEASE in 1 BOTTLE (76420-538-90)","Full Opioid Agonists [MoA], Opioid Agonist [EPC]",CIV,No,12/31/2026
Tramadol Hydrochloride,76420-732-05,25 mg/1,"TABLET, COATED",ORAL,ANDA208708,"Asclemed USA, Inc.",76420-732,Tramadol Hydrochloride,TRAMADOL HYDROCHLORIDE,HUMAN PRESCRIPTION DRUG,05/22/2024,N/A,ANDA,"500 TABLET, COATED in 1 BOTTLE (76420-732-05)","Full Opioid Agonists [MoA], Opioid Agonist [EPC]",CIV,No,12/31/2026
Tramadol Hydrochloride,76420-732-60,25 mg/1,"TABLET, COATED",ORAL,ANDA208708,"Asclemed USA, Inc.",76420-732,Tramadol Hydrochloride,TRAMADOL HYDROCHLORIDE,HUMAN PRESCRIPTION DRUG,05/22/2024,N/A,ANDA,"60 TABLET, COATED in 1 BOTTLE (76420-732-60)","Full Opioid Agonists [MoA], Opioid Agonist [EPC]",CIV,No,12/31/2026
Tramadol Hydrochloride,76420-732-90,25 mg/1,"TABLET, COATED",ORAL,ANDA208708,"Asclemed USA, Inc.",76420-732,Tramadol Hydrochloride,TRAMADOL HYDROCHLORIDE,HUMAN PRESCRIPTION DRUG,05/22/2024,N/A,ANDA,"90 TABLET, COATED in 1 BOTTLE (76420-732-90)","Full Opioid Agonists [MoA], Opioid Agonist [EPC]",CIV,No,12/31/2026
Tramadol Hydrochloride,76420-732-00,25 mg/1,"TABLET, COATED",ORAL,ANDA208708,"Asclemed USA, Inc.",76420-732,Tramadol Hydrochloride,TRAMADOL HYDROCHLORIDE,HUMAN PRESCRIPTION DRUG,05/22/2024,N/A,ANDA,"1000 TABLET, COATED in 1 BOTTLE (76420-732-00)","Full Opioid Agonists [MoA], Opioid Agonist [EPC]",CIV,No,12/31/2026
Tramadol Hydrochloride,76420-732-30,25 mg/1,"TABLET, COATED",ORAL,ANDA208708,"Asclemed USA, Inc.",76420-732,Tramadol Hydrochloride,TRAMADOL HYDROCHLORIDE,HUMAN PRESCRIPTION DRUG,05/22/2024,N/A,ANDA,"30 TABLET, COATED in 1 BOTTLE (76420-732-30)","Full Opioid Agonists [MoA], Opioid Agonist [EPC]",CIV,No,12/31/2026
Tramadol Hydrochloride,76420-732-01,25 mg/1,"TABLET, COATED",ORAL,ANDA208708,"Asclemed USA, Inc.",76420-732,Tramadol Hydrochloride,TRAMADOL HYDROCHLORIDE,HUMAN PRESCRIPTION DRUG,05/22/2024,N/A,ANDA,"100 TABLET, COATED in 1 BOTTLE (76420-732-01)","Full Opioid Agonists [MoA], Opioid Agonist [EPC]",CIV,No,12/31/2026
Tramadol Hydrochloride,76420-733-12,50 mg/1,"TABLET, COATED",ORAL,ANDA208708,"Asclemed USA, Inc.",76420-733,Tramadol Hydrochloride,TRAMADOL HYDROCHLORIDE,HUMAN PRESCRIPTION DRUG,07/14/2025,N/A,ANDA,"120 TABLET, COATED in 1 BOTTLE (76420-733-12)","Full Opioid Agonists [MoA], Opioid Agonist [EPC]",CIV,No,12/31/2026
Tramadol Hydrochloride,76420-733-60,50 mg/1,"TABLET, COATED",ORAL,ANDA208708,"Asclemed USA, Inc.",76420-733,Tramadol Hydrochloride,TRAMADOL HYDROCHLORIDE,HUMAN PRESCRIPTION DRUG,05/22/2024,N/A,ANDA,"60 TABLET, COATED in 1 BOTTLE (76420-733-60)","Full Opioid Agonists [MoA], Opioid Agonist [EPC]",CIV,No,12/31/2026
Tramadol Hydrochloride,76420-733-01,50 mg/1,"TABLET, COATED",ORAL,ANDA208708,"Asclemed USA, Inc.",76420-733,Tramadol Hydrochloride,TRAMADOL HYDROCHLORIDE,HUMAN PRESCRIPTION DRUG,05/22/2024,N/A,ANDA,"100 TABLET, COATED in 1 BOTTLE (76420-733-01)","Full Opioid Agonists [MoA], Opioid Agonist [EPC]",CIV,No,12/31/2026
Tramadol Hydrochloride,76420-733-90,50 mg/1,"TABLET, COATED",ORAL,ANDA208708,"Asclemed USA, Inc.",76420-733,Tramadol Hydrochloride,TRAMADOL HYDROCHLORIDE,HUMAN PRESCRIPTION DRUG,05/22/2024,N/A,ANDA,"90 TABLET, COATED in 1 BOTTLE (76420-733-90)","Full Opioid Agonists [MoA], Opioid Agonist [EPC]",CIV,No,12/31/2026
Tramadol Hydrochloride,76420-733-30,50 mg/1,"TABLET, COATED",ORAL,ANDA208708,"Asclemed USA, Inc.",76420-733,Tramadol Hydrochloride,TRAMADOL HYDROCHLORIDE,HUMAN PRESCRIPTION DRUG,05/22/2024,N/A,ANDA,"30 TABLET, COATED in 1 BOTTLE (76420-733-30)","Full Opioid Agonists [MoA], Opioid Agonist [EPC]",CIV,No,12/31/2026
Tramadol Hydrochloride,76420-733-05,50 mg/1,"TABLET, COATED",ORAL,ANDA208708,"Asclemed USA, Inc.",76420-733,Tramadol Hydrochloride,TRAMADOL HYDROCHLORIDE,HUMAN PRESCRIPTION DRUG,05/22/2024,N/A,ANDA,"500 TABLET, COATED in 1 BOTTLE (76420-733-05)","Full Opioid Agonists [MoA], Opioid Agonist [EPC]",CIV,No,12/31/2026
Tramadol Hydrochloride,76420-733-00,50 mg/1,"TABLET, COATED",ORAL,ANDA208708,"Asclemed USA, Inc.",76420-733,Tramadol Hydrochloride,TRAMADOL HYDROCHLORIDE,HUMAN PRESCRIPTION DRUG,05/22/2024,N/A,ANDA,"1000 TABLET, COATED in 1 BOTTLE (76420-733-00)","Full Opioid Agonists [MoA], Opioid Agonist [EPC]",CIV,No,12/31/2026
Tramadol Hydrochloride,76420-733-10,50 mg/1,"TABLET, COATED",ORAL,ANDA208708,"Asclemed USA, Inc.",76420-733,Tramadol Hydrochloride,TRAMADOL HYDROCHLORIDE,HUMAN PRESCRIPTION DRUG,08/14/2025,N/A,ANDA,"1 TABLET, COATED in 1 BOTTLE (76420-733-10)","Full Opioid Agonists [MoA], Opioid Agonist [EPC]",CIV,No,12/31/2026
Tramadol Hydrochloride,76420-733-02,50 mg/1,"TABLET, COATED",ORAL,ANDA208708,"Asclemed USA, Inc.",76420-733,Tramadol Hydrochloride,TRAMADOL HYDROCHLORIDE,HUMAN PRESCRIPTION DRUG,08/14/2025,N/A,ANDA,"2 TABLET, COATED in 1 BOTTLE (76420-733-02)","Full Opioid Agonists [MoA], Opioid Agonist [EPC]",CIV,No,12/31/2026
Tramadol Hydrochloride,76420-734-00,100 mg/1,"TABLET, COATED",ORAL,ANDA208708,"Asclemed USA, Inc.",76420-734,Tramadol Hydrochloride,TRAMADOL HYDROCHLORIDE,HUMAN PRESCRIPTION DRUG,05/22/2024,N/A,ANDA,"1000 TABLET, COATED in 1 BOTTLE (76420-734-00)","Full Opioid Agonists [MoA], Opioid Agonist [EPC]",CIV,No,12/31/2026
Tramadol Hydrochloride,76420-734-90,100 mg/1,"TABLET, COATED",ORAL,ANDA208708,"Asclemed USA, Inc.",76420-734,Tramadol Hydrochloride,TRAMADOL HYDROCHLORIDE,HUMAN PRESCRIPTION DRUG,05/22/2024,N/A,ANDA,"90 TABLET, COATED in 1 BOTTLE (76420-734-90)","Full Opioid Agonists [MoA], Opioid Agonist [EPC]",CIV,No,12/31/2026
Tramadol Hydrochloride,76420-734-01,100 mg/1,"TABLET, COATED",ORAL,ANDA208708,"Asclemed USA, Inc.",76420-734,Tramadol Hydrochloride,TRAMADOL HYDROCHLORIDE,HUMAN PRESCRIPTION DRUG,05/22/2024,N/A,ANDA,"100 TABLET, COATED in 1 BOTTLE (76420-734-01)","Full Opioid Agonists [MoA], Opioid Agonist [EPC]",CIV,No,12/31/2026
Tramadol Hydrochloride,76420-734-60,100 mg/1,"TABLET, COATED",ORAL,ANDA208708,"Asclemed USA, Inc.",76420-734,Tramadol Hydrochloride,TRAMADOL HYDROCHLORIDE,HUMAN PRESCRIPTION DRUG,05/22/2024,N/A,ANDA,"60 TABLET, COATED in 1 BOTTLE (76420-734-60)","Full Opioid Agonists [MoA], Opioid Agonist [EPC]",CIV,No,12/31/2026
Tramadol Hydrochloride,76420-734-05,100 mg/1,"TABLET, COATED",ORAL,ANDA208708,"Asclemed USA, Inc.",76420-734,Tramadol Hydrochloride,TRAMADOL HYDROCHLORIDE,HUMAN PRESCRIPTION DRUG,05/22/2024,N/A,ANDA,"500 TABLET, COATED in 1 BOTTLE (76420-734-05)","Full Opioid Agonists [MoA], Opioid Agonist [EPC]",CIV,No,12/31/2026
Tramadol Hydrochloride,76420-734-30,100 mg/1,"TABLET, COATED",ORAL,ANDA208708,"Asclemed USA, Inc.",76420-734,Tramadol Hydrochloride,TRAMADOL HYDROCHLORIDE,HUMAN PRESCRIPTION DRUG,05/22/2024,N/A,ANDA,"30 TABLET, COATED in 1 BOTTLE (76420-734-30)","Full Opioid Agonists [MoA], Opioid Agonist [EPC]",CIV,No,12/31/2026
Tramadol Hydrochloride,80425-0274-5,50 mg/1,"TABLET, COATED",ORAL,ANDA208708,"Advanced Rx Pharmacy of Tennessee, LLC",80425-0274,Tramadol Hydrochloride,TRAMADOL HYDROCHLORIDE,HUMAN PRESCRIPTION DRUG,02/09/2023,N/A,ANDA,"120 TABLET, COATED in 1 BOTTLE (80425-0274-5)","Full Opioid Agonists [MoA], Opioid Agonist [EPC]",CIV,No,12/31/2026
Tramadol Hydrochloride,80425-0274-7,50 mg/1,"TABLET, COATED",ORAL,ANDA208708,"Advanced Rx Pharmacy of Tennessee, LLC",80425-0274,Tramadol Hydrochloride,TRAMADOL HYDROCHLORIDE,HUMAN PRESCRIPTION DRUG,05/29/2024,N/A,ANDA,"180 TABLET, COATED in 1 BOTTLE (80425-0274-7)","Full Opioid Agonists [MoA], Opioid Agonist [EPC]",CIV,No,12/31/2026
Tramadol Hydrochloride,80425-0274-6,50 mg/1,"TABLET, COATED",ORAL,ANDA208708,"Advanced Rx Pharmacy of Tennessee, LLC",80425-0274,Tramadol Hydrochloride,TRAMADOL HYDROCHLORIDE,HUMAN PRESCRIPTION DRUG,02/09/2023,N/A,ANDA,"40 TABLET, COATED in 1 BOTTLE (80425-0274-6)","Full Opioid Agonists [MoA], Opioid Agonist [EPC]",CIV,No,12/31/2026
Tramadol Hydrochloride,80425-0274-1,50 mg/1,"TABLET, COATED",ORAL,ANDA208708,"Advanced Rx Pharmacy of Tennessee, LLC",80425-0274,Tramadol Hydrochloride,TRAMADOL HYDROCHLORIDE,HUMAN PRESCRIPTION DRUG,02/09/2023,N/A,ANDA,"15 TABLET, COATED in 1 BOTTLE (80425-0274-1)","Full Opioid Agonists [MoA], Opioid Agonist [EPC]",CIV,No,12/31/2026
Tramadol Hydrochloride,80425-0274-4,50 mg/1,"TABLET, COATED",ORAL,ANDA208708,"Advanced Rx Pharmacy of Tennessee, LLC",80425-0274,Tramadol Hydrochloride,TRAMADOL HYDROCHLORIDE,HUMAN PRESCRIPTION DRUG,02/09/2023,N/A,ANDA,"90 TABLET, COATED in 1 BOTTLE (80425-0274-4)","Full Opioid Agonists [MoA], Opioid Agonist [EPC]",CIV,No,12/31/2026
Tramadol Hydrochloride,80425-0274-3,50 mg/1,"TABLET, COATED",ORAL,ANDA208708,"Advanced Rx Pharmacy of Tennessee, LLC",80425-0274,Tramadol Hydrochloride,TRAMADOL HYDROCHLORIDE,HUMAN PRESCRIPTION DRUG,02/09/2023,N/A,ANDA,"60 TABLET, COATED in 1 BOTTLE (80425-0274-3)","Full Opioid Agonists [MoA], Opioid Agonist [EPC]",CIV,No,12/31/2026
Tramadol Hydrochloride,80425-0274-2,50 mg/1,"TABLET, COATED",ORAL,ANDA208708,"Advanced Rx Pharmacy of Tennessee, LLC",80425-0274,Tramadol Hydrochloride,TRAMADOL HYDROCHLORIDE,HUMAN PRESCRIPTION DRUG,02/09/2023,N/A,ANDA,"30 TABLET, COATED in 1 BOTTLE (80425-0274-2)","Full Opioid Agonists [MoA], Opioid Agonist [EPC]",CIV,No,12/31/2026
Tramadol Hydrochloride,80425-0276-8,50 mg/1,"TABLET, COATED",ORAL,ANDA208708,"Advanced Rx Pharmacy of Tennessee, LLC",80425-0276,Tramadol Hydrochloride,TRAMADOL HYDROCHLORIDE,HUMAN PRESCRIPTION DRUG,03/31/2023,N/A,ANDA,"240 TABLET, COATED in 1 BOTTLE (80425-0276-8)","Full Opioid Agonists [MoA], Opioid Agonist [EPC]",CIV,No,12/31/2026
Tramadol Hydrochloride,80425-0276-4,50 mg/1,"TABLET, COATED",ORAL,ANDA208708,"Advanced Rx Pharmacy of Tennessee, LLC",80425-0276,Tramadol Hydrochloride,TRAMADOL HYDROCHLORIDE,HUMAN PRESCRIPTION DRUG,02/17/2023,N/A,ANDA,"90 TABLET, COATED in 1 BOTTLE (80425-0276-4)","Full Opioid Agonists [MoA], Opioid Agonist [EPC]",CIV,No,12/31/2026
Tramadol Hydrochloride,80425-0276-5,50 mg/1,"TABLET, COATED",ORAL,ANDA208708,"Advanced Rx Pharmacy of Tennessee, LLC",80425-0276,Tramadol Hydrochloride,TRAMADOL HYDROCHLORIDE,HUMAN PRESCRIPTION DRUG,02/17/2023,N/A,ANDA,"120 TABLET, COATED in 1 BOTTLE (80425-0276-5)","Full Opioid Agonists [MoA], Opioid Agonist [EPC]",CIV,No,12/31/2026
Tramadol Hydrochloride,80425-0276-3,50 mg/1,"TABLET, COATED",ORAL,ANDA208708,"Advanced Rx Pharmacy of Tennessee, LLC",80425-0276,Tramadol Hydrochloride,TRAMADOL HYDROCHLORIDE,HUMAN PRESCRIPTION DRUG,02/17/2023,N/A,ANDA,"60 TABLET, COATED in 1 BOTTLE (80425-0276-3)","Full Opioid Agonists [MoA], Opioid Agonist [EPC]",CIV,No,12/31/2026
Tramadol Hydrochloride,80425-0276-2,50 mg/1,"TABLET, COATED",ORAL,ANDA208708,"Advanced Rx Pharmacy of Tennessee, LLC",80425-0276,Tramadol Hydrochloride,TRAMADOL HYDROCHLORIDE,HUMAN PRESCRIPTION DRUG,02/17/2023,N/A,ANDA,"30 TABLET, COATED in 1 BOTTLE (80425-0276-2)","Full Opioid Agonists [MoA], Opioid Agonist [EPC]",CIV,No,12/31/2026
Tramadol Hydrochloride,80425-0276-1,50 mg/1,"TABLET, COATED",ORAL,ANDA208708,"Advanced Rx Pharmacy of Tennessee, LLC",80425-0276,Tramadol Hydrochloride,TRAMADOL HYDROCHLORIDE,HUMAN PRESCRIPTION DRUG,02/17/2023,N/A,ANDA,"15 TABLET, COATED in 1 BOTTLE (80425-0276-1)","Full Opioid Agonists [MoA], Opioid Agonist [EPC]",CIV,No,12/31/2026
Tramadol Hydrochloride,80425-0276-6,50 mg/1,"TABLET, COATED",ORAL,ANDA208708,"Advanced Rx Pharmacy of Tennessee, LLC",80425-0276,Tramadol Hydrochloride,TRAMADOL HYDROCHLORIDE,HUMAN PRESCRIPTION DRUG,02/17/2023,N/A,ANDA,"40 TABLET, COATED in 1 BOTTLE (80425-0276-6)","Full Opioid Agonists [MoA], Opioid Agonist [EPC]",CIV,No,12/31/2026
Tramadol Hydrochloride,80425-0276-7,50 mg/1,"TABLET, COATED",ORAL,ANDA208708,"Advanced Rx Pharmacy of Tennessee, LLC",80425-0276,Tramadol Hydrochloride,TRAMADOL HYDROCHLORIDE,HUMAN PRESCRIPTION DRUG,03/31/2023,N/A,ANDA,"180 TABLET, COATED in 1 BOTTLE (80425-0276-7)","Full Opioid Agonists [MoA], Opioid Agonist [EPC]",CIV,No,12/31/2026
Tramadol Hydrochloride,80425-0501-1,50 mg/1,"TABLET, COATED",ORAL,ANDA076003,"Advanced Rx of Tennessee, LLC",80425-0501,Tramadol Hydrochloride,TRAMADOL HYDROCHLORIDE,HUMAN PRESCRIPTION DRUG,02/13/2025,N/A,ANDA,"15 TABLET, COATED in 1 BOTTLE (80425-0501-1)","Full Opioid Agonists [MoA], Opioid Agonist [EPC]",CIV,No,12/31/2026
Tramadol Hydrochloride,80425-0501-5,50 mg/1,"TABLET, COATED",ORAL,ANDA076003,"Advanced Rx of Tennessee, LLC",80425-0501,Tramadol Hydrochloride,TRAMADOL HYDROCHLORIDE,HUMAN PRESCRIPTION DRUG,02/13/2025,N/A,ANDA,"120 TABLET, COATED in 1 BOTTLE (80425-0501-5)","Full Opioid Agonists [MoA], Opioid Agonist [EPC]",CIV,No,12/31/2026
Tramadol Hydrochloride,80425-0501-8,50 mg/1,"TABLET, COATED",ORAL,ANDA076003,"Advanced Rx of Tennessee, LLC",80425-0501,Tramadol Hydrochloride,TRAMADOL HYDROCHLORIDE,HUMAN PRESCRIPTION DRUG,02/13/2025,N/A,ANDA,"240 TABLET, COATED in 1 BOTTLE (80425-0501-8)","Full Opioid Agonists [MoA], Opioid Agonist [EPC]",CIV,No,12/31/2026
Tramadol Hydrochloride,80425-0501-4,50 mg/1,"TABLET, COATED",ORAL,ANDA076003,"Advanced Rx of Tennessee, LLC",80425-0501,Tramadol Hydrochloride,TRAMADOL HYDROCHLORIDE,HUMAN PRESCRIPTION DRUG,02/13/2025,N/A,ANDA,"90 TABLET, COATED in 1 BOTTLE (80425-0501-4)","Full Opioid Agonists [MoA], Opioid Agonist [EPC]",CIV,No,12/31/2026
Tramadol Hydrochloride,80425-0501-2,50 mg/1,"TABLET, COATED",ORAL,ANDA076003,"Advanced Rx of Tennessee, LLC",80425-0501,Tramadol Hydrochloride,TRAMADOL HYDROCHLORIDE,HUMAN PRESCRIPTION DRUG,02/13/2025,N/A,ANDA,"30 TABLET, COATED in 1 BOTTLE (80425-0501-2)","Full Opioid Agonists [MoA], Opioid Agonist [EPC]",CIV,No,12/31/2026
Tramadol Hydrochloride,80425-0501-3,50 mg/1,"TABLET, COATED",ORAL,ANDA076003,"Advanced Rx of Tennessee, LLC",80425-0501,Tramadol Hydrochloride,TRAMADOL HYDROCHLORIDE,HUMAN PRESCRIPTION DRUG,02/13/2025,N/A,ANDA,"60 TABLET, COATED in 1 BOTTLE (80425-0501-3)","Full Opioid Agonists [MoA], Opioid Agonist [EPC]",CIV,No,12/31/2026
Tramadol Hydrochloride,80425-0501-6,50 mg/1,"TABLET, COATED",ORAL,ANDA076003,"Advanced Rx of Tennessee, LLC",80425-0501,Tramadol Hydrochloride,TRAMADOL HYDROCHLORIDE,HUMAN PRESCRIPTION DRUG,02/13/2025,N/A,ANDA,"40 TABLET, COATED in 1 BOTTLE (80425-0501-6)","Full Opioid Agonists [MoA], Opioid Agonist [EPC]",CIV,No,12/31/2026
Tramadol Hydrochloride,80425-0501-7,50 mg/1,"TABLET, COATED",ORAL,ANDA076003,"Advanced Rx of Tennessee, LLC",80425-0501,Tramadol Hydrochloride,TRAMADOL HYDROCHLORIDE,HUMAN PRESCRIPTION DRUG,02/13/2025,N/A,ANDA,"180 TABLET, COATED in 1 BOTTLE (80425-0501-7)","Full Opioid Agonists [MoA], Opioid Agonist [EPC]",CIV,No,12/31/2026
Tramadol Hydrochloride,80425-0548-8,50 mg/1,"TABLET, FILM COATED",ORAL,ANDA211825,"Advanced Rx of Tennessee, LLC",80425-0548,Tramadol Hydrochloride,TRAMADOL HYDROCHLORIDE,HUMAN PRESCRIPTION DRUG,08/27/2025,N/A,ANDA,"240 TABLET, FILM COATED in 1 BOTTLE, PLASTIC (80425-0548-8)","Full Opioid Agonists [MoA], Opioid Agonist [EPC]",CIV,No,12/31/2026
Tramadol Hydrochloride,80425-0548-7,50 mg/1,"TABLET, FILM COATED",ORAL,ANDA211825,"Advanced Rx of Tennessee, LLC",80425-0548,Tramadol Hydrochloride,TRAMADOL HYDROCHLORIDE,HUMAN PRESCRIPTION DRUG,08/27/2025,N/A,ANDA,"180 TABLET, FILM COATED in 1 BOTTLE, PLASTIC (80425-0548-7)","Full Opioid Agonists [MoA], Opioid Agonist [EPC]",CIV,No,12/31/2026
Tramadol Hydrochloride,80425-0548-6,50 mg/1,"TABLET, FILM COATED",ORAL,ANDA211825,"Advanced Rx of Tennessee, LLC",80425-0548,Tramadol Hydrochloride,TRAMADOL HYDROCHLORIDE,HUMAN PRESCRIPTION DRUG,08/27/2025,N/A,ANDA,"40 TABLET, FILM COATED in 1 BOTTLE, PLASTIC (80425-0548-6)","Full Opioid Agonists [MoA], Opioid Agonist [EPC]",CIV,No,12/31/2026
Tramadol Hydrochloride,80425-0548-4,50 mg/1,"TABLET, FILM COATED",ORAL,ANDA211825,"Advanced Rx of Tennessee, LLC",80425-0548,Tramadol Hydrochloride,TRAMADOL HYDROCHLORIDE,HUMAN PRESCRIPTION DRUG,08/27/2025,N/A,ANDA,"90 TABLET, FILM COATED in 1 BOTTLE, PLASTIC (80425-0548-4)","Full Opioid Agonists [MoA], Opioid Agonist [EPC]",CIV,No,12/31/2026
Tramadol Hydrochloride,80425-0548-2,50 mg/1,"TABLET, FILM COATED",ORAL,ANDA211825,"Advanced Rx of Tennessee, LLC",80425-0548,Tramadol Hydrochloride,TRAMADOL HYDROCHLORIDE,HUMAN PRESCRIPTION DRUG,08/27/2025,N/A,ANDA,"30 TABLET, FILM COATED in 1 BOTTLE, PLASTIC (80425-0548-2)","Full Opioid Agonists [MoA], Opioid Agonist [EPC]",CIV,No,12/31/2026
Tramadol Hydrochloride,80425-0548-1,50 mg/1,"TABLET, FILM COATED",ORAL,ANDA211825,"Advanced Rx of Tennessee, LLC",80425-0548,Tramadol Hydrochloride,TRAMADOL HYDROCHLORIDE,HUMAN PRESCRIPTION DRUG,08/27/2025,N/A,ANDA,"15 TABLET, FILM COATED in 1 BOTTLE, PLASTIC (80425-0548-1)","Full Opioid Agonists [MoA], Opioid Agonist [EPC]",CIV,No,12/31/2026
Tramadol Hydrochloride,80425-0548-3,50 mg/1,"TABLET, FILM COATED",ORAL,ANDA211825,"Advanced Rx of Tennessee, LLC",80425-0548,Tramadol Hydrochloride,TRAMADOL HYDROCHLORIDE,HUMAN PRESCRIPTION DRUG,08/27/2025,N/A,ANDA,"60 TABLET, FILM COATED in 1 BOTTLE, PLASTIC (80425-0548-3)","Full Opioid Agonists [MoA], Opioid Agonist [EPC]",CIV,No,12/31/2026
Tramadol Hydrochloride,80425-0548-5,50 mg/1,"TABLET, FILM COATED",ORAL,ANDA211825,"Advanced Rx of Tennessee, LLC",80425-0548,Tramadol Hydrochloride,TRAMADOL HYDROCHLORIDE,HUMAN PRESCRIPTION DRUG,08/27/2025,N/A,ANDA,"120 TABLET, FILM COATED in 1 BOTTLE, PLASTIC (80425-0548-5)","Full Opioid Agonists [MoA], Opioid Agonist [EPC]",CIV,No,12/31/2026
Tramadol Hydrochloride,80425-0588-7,50 mg/1,TABLET,ORAL,ANDA075968,"Advanced Rx of Tennessee, LLC",80425-0588,Tramadol Hydrochloride,TRAMADOL HYDROCHLORIDE,HUMAN PRESCRIPTION DRUG,06/26/2026,N/A,ANDA,180 TABLET in 1 BOTTLE (80425-0588-7),"Full Opioid Agonists [MoA], Opioid Agonist [EPC]",CIV,No,12/31/2027
Tramadol Hydrochloride,80425-0588-6,50 mg/1,TABLET,ORAL,ANDA075968,"Advanced Rx of Tennessee, LLC",80425-0588,Tramadol Hydrochloride,TRAMADOL HYDROCHLORIDE,HUMAN PRESCRIPTION DRUG,06/26/2026,N/A,ANDA,120 TABLET in 1 BOTTLE (80425-0588-6),"Full Opioid Agonists [MoA], Opioid Agonist [EPC]",CIV,No,12/31/2027
Tramadol Hydrochloride,80425-0588-1,50 mg/1,TABLET,ORAL,ANDA075968,"Advanced Rx of Tennessee, LLC",80425-0588,Tramadol Hydrochloride,TRAMADOL HYDROCHLORIDE,HUMAN PRESCRIPTION DRUG,06/26/2026,N/A,ANDA,15 TABLET in 1 BOTTLE (80425-0588-1),"Full Opioid Agonists [MoA], Opioid Agonist [EPC]",CIV,No,12/31/2027
Tramadol Hydrochloride,80425-0588-3,50 mg/1,TABLET,ORAL,ANDA075968,"Advanced Rx of Tennessee, LLC",80425-0588,Tramadol Hydrochloride,TRAMADOL HYDROCHLORIDE,HUMAN PRESCRIPTION DRUG,06/26/2026,N/A,ANDA,40 TABLET in 1 BOTTLE (80425-0588-3),"Full Opioid Agonists [MoA], Opioid Agonist [EPC]",CIV,No,12/31/2027
Tramadol Hydrochloride,80425-0588-8,50 mg/1,TABLET,ORAL,ANDA075968,"Advanced Rx of Tennessee, LLC",80425-0588,Tramadol Hydrochloride,TRAMADOL HYDROCHLORIDE,HUMAN PRESCRIPTION DRUG,06/26/2026,N/A,ANDA,240 TABLET in 1 BOTTLE (80425-0588-8),"Full Opioid Agonists [MoA], Opioid Agonist [EPC]",CIV,No,12/31/2027
Tramadol Hydrochloride,80425-0588-4,50 mg/1,TABLET,ORAL,ANDA075968,"Advanced Rx of Tennessee, LLC",80425-0588,Tramadol Hydrochloride,TRAMADOL HYDROCHLORIDE,HUMAN PRESCRIPTION DRUG,06/26/2026,N/A,ANDA,60 TABLET in 1 BOTTLE (80425-0588-4),"Full Opioid Agonists [MoA], Opioid Agonist [EPC]",CIV,No,12/31/2027
Tramadol Hydrochloride,80425-0588-2,50 mg/1,TABLET,ORAL,ANDA075968,"Advanced Rx of Tennessee, LLC",80425-0588,Tramadol Hydrochloride,TRAMADOL HYDROCHLORIDE,HUMAN PRESCRIPTION DRUG,06/26/2026,N/A,ANDA,30 TABLET in 1 BOTTLE (80425-0588-2),"Full Opioid Agonists [MoA], Opioid Agonist [EPC]",CIV,No,12/31/2027
Tramadol Hydrochloride,80425-0588-5,50 mg/1,TABLET,ORAL,ANDA075968,"Advanced Rx of Tennessee, LLC",80425-0588,Tramadol Hydrochloride,TRAMADOL HYDROCHLORIDE,HUMAN PRESCRIPTION DRUG,06/26/2026,N/A,ANDA,90 TABLET in 1 BOTTLE (80425-0588-5),"Full Opioid Agonists [MoA], Opioid Agonist [EPC]",CIV,No,12/31/2027
tramadol hydrochloride,82804-114-78,50 mg/1,TABLET,ORAL,ANDA202075,Proficient Rx LP,82804-114,tramadol hydrochloride,TRAMADOL HYDROCHLORIDE,HUMAN PRESCRIPTION DRUG,07/02/2024,N/A,ANDA,180 TABLET in 1 BOTTLE (82804-114-78),"Full Opioid Agonists [MoA], Opioid Agonist [EPC]",CIV,No,12/31/2026
tramadol hydrochloride,82804-114-40,50 mg/1,TABLET,ORAL,ANDA202075,Proficient Rx LP,82804-114,tramadol hydrochloride,TRAMADOL HYDROCHLORIDE,HUMAN PRESCRIPTION DRUG,07/02/2024,N/A,ANDA,40 TABLET in 1 BOTTLE (82804-114-40),"Full Opioid Agonists [MoA], Opioid Agonist [EPC]",CIV,No,12/31/2026
tramadol hydrochloride,82804-114-90,50 mg/1,TABLET,ORAL,ANDA202075,Proficient Rx LP,82804-114,tramadol hydrochloride,TRAMADOL HYDROCHLORIDE,HUMAN PRESCRIPTION DRUG,07/02/2024,N/A,ANDA,90 TABLET in 1 BOTTLE (82804-114-90),"Full Opioid Agonists [MoA], Opioid Agonist [EPC]",CIV,No,12/31/2026
tramadol hydrochloride,82804-114-72,50 mg/1,TABLET,ORAL,ANDA202075,Proficient Rx LP,82804-114,tramadol hydrochloride,TRAMADOL HYDROCHLORIDE,HUMAN PRESCRIPTION DRUG,07/02/2024,N/A,ANDA,120 TABLET in 1 BOTTLE (82804-114-72),"Full Opioid Agonists [MoA], Opioid Agonist [EPC]",CIV,No,12/31/2026
tramadol hydrochloride,82804-114-30,50 mg/1,TABLET,ORAL,ANDA202075,Proficient Rx LP,82804-114,tramadol hydrochloride,TRAMADOL HYDROCHLORIDE,HUMAN PRESCRIPTION DRUG,07/02/2024,N/A,ANDA,30 TABLET in 1 BOTTLE (82804-114-30),"Full Opioid Agonists [MoA], Opioid Agonist [EPC]",CIV,No,12/31/2026
tramadol hydrochloride,82804-114-64,50 mg/1,TABLET,ORAL,ANDA202075,Proficient Rx LP,82804-114,tramadol hydrochloride,TRAMADOL HYDROCHLORIDE,HUMAN PRESCRIPTION DRUG,07/02/2024,N/A,ANDA,240 TABLET in 1 BOTTLE (82804-114-64),"Full Opioid Agonists [MoA], Opioid Agonist [EPC]",CIV,No,12/31/2026
tramadol hydrochloride,82804-114-20,50 mg/1,TABLET,ORAL,ANDA202075,Proficient Rx LP,82804-114,tramadol hydrochloride,TRAMADOL HYDROCHLORIDE,HUMAN PRESCRIPTION DRUG,07/02/2024,N/A,ANDA,20 TABLET in 1 BOTTLE (82804-114-20),"Full Opioid Agonists [MoA], Opioid Agonist [EPC]",CIV,No,12/31/2026
tramadol hydrochloride,82804-114-60,50 mg/1,TABLET,ORAL,ANDA202075,Proficient Rx LP,82804-114,tramadol hydrochloride,TRAMADOL HYDROCHLORIDE,HUMAN PRESCRIPTION DRUG,07/02/2024,N/A,ANDA,60 TABLET in 1 BOTTLE (82804-114-60),"Full Opioid Agonists [MoA], Opioid Agonist [EPC]",CIV,No,12/31/2026
tramadol hydrochloride,82804-114-15,50 mg/1,TABLET,ORAL,ANDA202075,Proficient Rx LP,82804-114,tramadol hydrochloride,TRAMADOL HYDROCHLORIDE,HUMAN PRESCRIPTION DRUG,07/02/2024,N/A,ANDA,15 TABLET in 1 BOTTLE (82804-114-15),"Full Opioid Agonists [MoA], Opioid Agonist [EPC]",CIV,No,12/31/2026
Tramadol Hydrochloride,82804-142-60,50 mg/1,"TABLET, COATED",ORAL,ANDA208708,Proficient Rx LP,82804-142,Tramadol Hydrochloride,TRAMADOL HYDROCHLORIDE,HUMAN PRESCRIPTION DRUG,09/19/2024,N/A,ANDA,"60 TABLET, COATED in 1 BOTTLE (82804-142-60)","Full Opioid Agonists [MoA], Opioid Agonist [EPC]",CIV,No,12/31/2026
Tramadol Hydrochloride,82804-142-30,50 mg/1,"TABLET, COATED",ORAL,ANDA208708,Proficient Rx LP,82804-142,Tramadol Hydrochloride,TRAMADOL HYDROCHLORIDE,HUMAN PRESCRIPTION DRUG,09/19/2024,N/A,ANDA,"30 TABLET, COATED in 1 BOTTLE (82804-142-30)","Full Opioid Agonists [MoA], Opioid Agonist [EPC]",CIV,No,12/31/2026
Tramadol Hydrochloride,82804-142-90,50 mg/1,"TABLET, COATED",ORAL,ANDA208708,Proficient Rx LP,82804-142,Tramadol Hydrochloride,TRAMADOL HYDROCHLORIDE,HUMAN PRESCRIPTION DRUG,09/19/2024,N/A,ANDA,"90 TABLET, COATED in 1 BOTTLE (82804-142-90)","Full Opioid Agonists [MoA], Opioid Agonist [EPC]",CIV,No,12/31/2026
Tramadol Hydrochloride,82804-142-20,50 mg/1,"TABLET, COATED",ORAL,ANDA208708,Proficient Rx LP,82804-142,Tramadol Hydrochloride,TRAMADOL HYDROCHLORIDE,HUMAN PRESCRIPTION DRUG,09/19/2024,N/A,ANDA,"20 TABLET, COATED in 1 BOTTLE (82804-142-20)","Full Opioid Agonists [MoA], Opioid Agonist [EPC]",CIV,No,12/31/2026
Tramadol Hydrochloride,82804-142-78,50 mg/1,"TABLET, COATED",ORAL,ANDA208708,Proficient Rx LP,82804-142,Tramadol Hydrochloride,TRAMADOL HYDROCHLORIDE,HUMAN PRESCRIPTION DRUG,01/15/2025,N/A,ANDA,"180 TABLET, COATED in 1 BOTTLE (82804-142-78)","Full Opioid Agonists [MoA], Opioid Agonist [EPC]",CIV,No,12/31/2026
Tramadol Hydrochloride,82804-142-72,50 mg/1,"TABLET, COATED",ORAL,ANDA208708,Proficient Rx LP,82804-142,Tramadol Hydrochloride,TRAMADOL HYDROCHLORIDE,HUMAN PRESCRIPTION DRUG,11/05/2024,N/A,ANDA,"120 TABLET, COATED in 1 BOTTLE (82804-142-72)","Full Opioid Agonists [MoA], Opioid Agonist [EPC]",CIV,No,12/31/2026
Tramadol Hydrochloride,82804-142-15,50 mg/1,"TABLET, COATED",ORAL,ANDA208708,Proficient Rx LP,82804-142,Tramadol Hydrochloride,TRAMADOL HYDROCHLORIDE,HUMAN PRESCRIPTION DRUG,10/21/2024,N/A,ANDA,"15 TABLET, COATED in 1 BOTTLE (82804-142-15)","Full Opioid Agonists [MoA], Opioid Agonist [EPC]",CIV,No,12/31/2026
Tramadol Hydrochloride,82804-298-30,100 mg/1,"TABLET, FILM COATED, EXTENDED RELEASE",ORAL,ANDA209404,Proficient Rx LP,82804-298,Tramadol Hydrochloride,TRAMADOL HYDROCHLORIDE,HUMAN PRESCRIPTION DRUG,01/31/2025,N/A,ANDA,"30 TABLET, FILM COATED, EXTENDED RELEASE in 1 BOTTLE (82804-298-30)","Full Opioid Agonists [MoA], Opioid Agonist [EPC]",CIV,No,12/31/2027
tramadol hydrochloride,82868-052-30,50 mg/1,TABLET,ORAL,ANDA202075,"Northwind Health Company, LLC",82868-052,tramadol hydrochloride,TRAMADOL HYDROCHLORIDE,HUMAN PRESCRIPTION DRUG,06/04/2024,N/A,ANDA,"30 TABLET in 1 BOTTLE, PLASTIC (82868-052-30)","Full Opioid Agonists [MoA], Opioid Agonist [EPC]",CIV,No,12/31/2026
Tramadol Hydrochloride,82868-110-30,50 mg/1,"TABLET, COATED",ORAL,ANDA208708,"Northwind Health Company, LLC",82868-110,Tramadol Hydrochloride,TRAMADOL HYDROCHLORIDE,HUMAN PRESCRIPTION DRUG,06/25/2026,N/A,ANDA,"30 TABLET, COATED in 1 BOTTLE, PLASTIC (82868-110-30)","Full Opioid Agonists [MoA], Opioid Agonist [EPC]",CIV,No,12/31/2027
TRAMADOL HYDROCHLORIDE,83008-009-30,200 mg/1,"TABLET, EXTENDED RELEASE",ORAL,ANDA200503,"Quality Care Products, LLC",83008-009,TRAMADOL HYDROCHLORIDE,TRAMADOL HYDROCHLORIDE,HUMAN PRESCRIPTION DRUG,03/03/2023,01/31/2027,ANDA,"30 TABLET, EXTENDED RELEASE in 1 BOTTLE (83008-009-30)","Full Opioid Agonists [MoA], Opioid Agonist [EPC]",CIV,No,N/A
Tramadol Hydrochloride,87063-117-90,50 mg/1,"TABLET, FILM COATED",ORAL,ANDA211825,"Asclemed USA, Inc.",87063-117,Tramadol Hydrochloride,TRAMADOL HYDROCHLORIDE,HUMAN PRESCRIPTION DRUG,02/16/2026,N/A,ANDA,"90 TABLET, FILM COATED in 1 BOTTLE, PLASTIC (87063-117-90)","Full Opioid Agonists [MoA], Opioid Agonist [EPC]",CIV,No,12/31/2027
Tramadol Hydrochloride,87063-117-10,50 mg/1,"TABLET, FILM COATED",ORAL,ANDA211825,"Asclemed USA, Inc.",87063-117,Tramadol Hydrochloride,TRAMADOL HYDROCHLORIDE,HUMAN PRESCRIPTION DRUG,02/16/2026,N/A,ANDA,"10 TABLET, FILM COATED in 1 BOTTLE, PLASTIC (87063-117-10)","Full Opioid Agonists [MoA], Opioid Agonist [EPC]",CIV,No,12/31/2027
Tramadol Hydrochloride,87063-117-01,50 mg/1,"TABLET, FILM COATED",ORAL,ANDA211825,"Asclemed USA, Inc.",87063-117,Tramadol Hydrochloride,TRAMADOL HYDROCHLORIDE,HUMAN PRESCRIPTION DRUG,02/16/2026,N/A,ANDA,"100 TABLET, FILM COATED in 1 BOTTLE, PLASTIC (87063-117-01)","Full Opioid Agonists [MoA], Opioid Agonist [EPC]",CIV,No,12/31/2027
Tramadol Hydrochloride,87063-117-20,50 mg/1,"TABLET, FILM COATED",ORAL,ANDA211825,"Asclemed USA, Inc.",87063-117,Tramadol Hydrochloride,TRAMADOL HYDROCHLORIDE,HUMAN PRESCRIPTION DRUG,02/16/2026,N/A,ANDA,"20 TABLET, FILM COATED in 1 BOTTLE, PLASTIC (87063-117-20)","Full Opioid Agonists [MoA], Opioid Agonist [EPC]",CIV,No,12/31/2027
Tramadol Hydrochloride,87063-117-30,50 mg/1,"TABLET, FILM COATED",ORAL,ANDA211825,"Asclemed USA, Inc.",87063-117,Tramadol Hydrochloride,TRAMADOL HYDROCHLORIDE,HUMAN PRESCRIPTION DRUG,02/16/2026,N/A,ANDA,"30 TABLET, FILM COATED in 1 BOTTLE, PLASTIC (87063-117-30)","Full Opioid Agonists [MoA], Opioid Agonist [EPC]",CIV,No,12/31/2027
Tramadol Hydrochloride,87063-117-60,50 mg/1,"TABLET, FILM COATED",ORAL,ANDA211825,"Asclemed USA, Inc.",87063-117,Tramadol Hydrochloride,TRAMADOL HYDROCHLORIDE,HUMAN PRESCRIPTION DRUG,02/16/2026,N/A,ANDA,"60 TABLET, FILM COATED in 1 BOTTLE, PLASTIC (87063-117-60)","Full Opioid Agonists [MoA], Opioid Agonist [EPC]",CIV,No,12/31/2027
Tramadol Hydrochloride,87063-117-50,50 mg/1,"TABLET, FILM COATED",ORAL,ANDA211825,"Asclemed USA, Inc.",87063-117,Tramadol Hydrochloride,TRAMADOL HYDROCHLORIDE,HUMAN PRESCRIPTION DRUG,02/16/2026,N/A,ANDA,"50 TABLET, FILM COATED in 1 BOTTLE, PLASTIC (87063-117-50)","Full Opioid Agonists [MoA], Opioid Agonist [EPC]",CIV,No,12/31/2027
Tramadol Hydrochloride,87063-117-05,50 mg/1,"TABLET, FILM COATED",ORAL,ANDA211825,"Asclemed USA, Inc.",87063-117,Tramadol Hydrochloride,TRAMADOL HYDROCHLORIDE,HUMAN PRESCRIPTION DRUG,02/16/2026,N/A,ANDA,"500 TABLET, FILM COATED in 1 BOTTLE, PLASTIC (87063-117-05)","Full Opioid Agonists [MoA], Opioid Agonist [EPC]",CIV,No,12/31/2027
Tramadol Hydrochloride and Acetaminophen,45865-170-60,"37.5 mg/1, 325 mg/1","TABLET, FILM COATED",ORAL,ANDA207152,Medsource Pharmaceuticals,45865-170,Tramadol Hydrochloride and Acetaminophen,ACETAMINOPHEN; TRAMADOL HYDROCHLORIDE,HUMAN PRESCRIPTION DRUG,03/08/2021,N/A,ANDA,"60 TABLET, FILM COATED in 1 BOTTLE (45865-170-60)","Full Opioid Agonists [MoA], Opioid Agonist [EPC]",CIV,No,12/31/2026
Tramadol Hydrochloride and Acetaminophen,50268-774-15,"37.5 mg/1, 325 mg/1",TABLET,ORAL,ANDA090485,AvPAK,50268-774,Tramadol Hydrochloride and Acetaminophen,ACETAMINOPHEN; TRAMADOL HYDROCHLORIDE,HUMAN PRESCRIPTION DRUG,01/14/2015,03/31/2027,ANDA,50 BLISTER PACK in 1 BOX (50268-774-15) / 1 TABLET in 1 BLISTER PACK (50268-774-11),"Full Opioid Agonists [MoA], Opioid Agonist [EPC]",CIV,No,N/A
Tramadol Hydrochloride and Acetaminophen,53746-617-05,"37.5 mg/1, 325 mg/1",TABLET,ORAL,ANDA090485,Amneal Pharmaceuticals of New York LLC,53746-617,Tramadol Hydrochloride and Acetaminophen,ACETAMINOPHEN; TRAMADOL HYDROCHLORIDE,HUMAN PRESCRIPTION DRUG,12/17/2009,N/A,ANDA,500 TABLET in 1 BOTTLE (53746-617-05),"Full Opioid Agonists [MoA], Opioid Agonist [EPC]",CIV,No,12/31/2027
Tramadol Hydrochloride and Acetaminophen,53746-617-01,"37.5 mg/1, 325 mg/1",TABLET,ORAL,ANDA090485,Amneal Pharmaceuticals of New York LLC,53746-617,Tramadol Hydrochloride and Acetaminophen,ACETAMINOPHEN; TRAMADOL HYDROCHLORIDE,HUMAN PRESCRIPTION DRUG,12/17/2009,N/A,ANDA,100 TABLET in 1 BOTTLE (53746-617-01),"Full Opioid Agonists [MoA], Opioid Agonist [EPC]",CIV,No,12/31/2027
Tramadol Hydrochloride and Acetaminophen,53746-617-10,"37.5 mg/1, 325 mg/1",TABLET,ORAL,ANDA090485,Amneal Pharmaceuticals of New York LLC,53746-617,Tramadol Hydrochloride and Acetaminophen,ACETAMINOPHEN; TRAMADOL HYDROCHLORIDE,HUMAN PRESCRIPTION DRUG,12/17/2009,N/A,ANDA,1000 TABLET in 1 BOTTLE (53746-617-10),"Full Opioid Agonists [MoA], Opioid Agonist [EPC]",CIV,No,12/31/2027
Tramadol Hydrochloride and Acetaminophen,53746-617-30,"37.5 mg/1, 325 mg/1",TABLET,ORAL,ANDA090485,Amneal Pharmaceuticals of New York LLC,53746-617,Tramadol Hydrochloride and Acetaminophen,ACETAMINOPHEN; TRAMADOL HYDROCHLORIDE,HUMAN PRESCRIPTION DRUG,12/17/2009,N/A,ANDA,30 TABLET in 1 BOTTLE (53746-617-30),"Full Opioid Agonists [MoA], Opioid Agonist [EPC]",CIV,No,12/31/2027
Tramadol Hydrochloride and Acetaminophen,60760-922-20,"37.5 mg/1, 325 mg/1","TABLET, FILM COATED",ORAL,ANDA207152,St. Mary's Medical Park Pharmacy,60760-922,Tramadol Hydrochloride and Acetaminophen,ACETAMINOPHEN; TRAMADOL HYDROCHLORIDE,HUMAN PRESCRIPTION DRUG,09/02/2021,N/A,ANDA,"20 TABLET, FILM COATED in 1 BOTTLE, PLASTIC (60760-922-20)","Full Opioid Agonists [MoA], Opioid Agonist [EPC]",CIV,No,12/31/2027
Tramadol Hydrochloride and Acetaminophen,63187-084-60,"37.5 mg/1, 325 mg/1",TABLET,ORAL,ANDA090485,Proficient Rx LP,63187-084,Tramadol Hydrochloride and Acetaminophen,TRAMADOL HYDROCHLORIDE; ACETAMINOPHEN,HUMAN PRESCRIPTION DRUG,01/01/2019,N/A,ANDA,60 TABLET in 1 BOTTLE (63187-084-60),"Full Opioid Agonists [MoA], Opioid Agonist [EPC]",CIV,No,12/31/2026
Tramadol Hydrochloride and Acetaminophen,63187-084-30,"37.5 mg/1, 325 mg/1",TABLET,ORAL,ANDA090485,Proficient Rx LP,63187-084,Tramadol Hydrochloride and Acetaminophen,TRAMADOL HYDROCHLORIDE; ACETAMINOPHEN,HUMAN PRESCRIPTION DRUG,01/01/2019,N/A,ANDA,30 TABLET in 1 BOTTLE (63187-084-30),"Full Opioid Agonists [MoA], Opioid Agonist [EPC]",CIV,No,12/31/2026
Tramadol Hydrochloride and Acetaminophen,65862-922-30,"37.5 mg/1, 325 mg/1","TABLET, FILM COATED",ORAL,ANDA207152,Aurobindo Pharma Limited,65862-922,Tramadol Hydrochloride and Acetaminophen,ACETAMINOPHEN; TRAMADOL HYDROCHLORIDE,HUMAN PRESCRIPTION DRUG,03/22/2017,N/A,ANDA,"30 TABLET, FILM COATED in 1 BOTTLE (65862-922-30)","Full Opioid Agonists [MoA], Opioid Agonist [EPC]",CIV,No,12/31/2026
Tramadol Hydrochloride and Acetaminophen,65862-922-05,"37.5 mg/1, 325 mg/1","TABLET, FILM COATED",ORAL,ANDA207152,Aurobindo Pharma Limited,65862-922,Tramadol Hydrochloride and Acetaminophen,ACETAMINOPHEN; TRAMADOL HYDROCHLORIDE,HUMAN PRESCRIPTION DRUG,03/22/2017,N/A,ANDA,"500 TABLET, FILM COATED in 1 BOTTLE (65862-922-05)","Full Opioid Agonists [MoA], Opioid Agonist [EPC]",CIV,No,12/31/2026
Tramadol Hydrochloride and Acetaminophen,65862-922-99,"37.5 mg/1, 325 mg/1","TABLET, FILM COATED",ORAL,ANDA207152,Aurobindo Pharma Limited,65862-922,Tramadol Hydrochloride and Acetaminophen,ACETAMINOPHEN; TRAMADOL HYDROCHLORIDE,HUMAN PRESCRIPTION DRUG,03/22/2017,N/A,ANDA,"1000 TABLET, FILM COATED in 1 BOTTLE (65862-922-99)","Full Opioid Agonists [MoA], Opioid Agonist [EPC]",CIV,No,12/31/2026
Tramadol Hydrochloride and Acetaminophen,65862-922-01,"37.5 mg/1, 325 mg/1","TABLET, FILM COATED",ORAL,ANDA207152,Aurobindo Pharma Limited,65862-922,Tramadol Hydrochloride and Acetaminophen,ACETAMINOPHEN; TRAMADOL HYDROCHLORIDE,HUMAN PRESCRIPTION DRUG,03/22/2017,N/A,ANDA,"100 TABLET, FILM COATED in 1 BOTTLE (65862-922-01)","Full Opioid Agonists [MoA], Opioid Agonist [EPC]",CIV,No,12/31/2026
Tramadol Hydrochloride and Acetaminophen,65862-922-78,"37.5 mg/1, 325 mg/1","TABLET, FILM COATED",ORAL,ANDA207152,Aurobindo Pharma Limited,65862-922,Tramadol Hydrochloride and Acetaminophen,ACETAMINOPHEN; TRAMADOL HYDROCHLORIDE,HUMAN PRESCRIPTION DRUG,03/22/2017,N/A,ANDA,"10 BLISTER PACK in 1 CARTON (65862-922-78) / 10 TABLET, FILM COATED in 1 BLISTER PACK (65862-922-10)","Full Opioid Agonists [MoA], Opioid Agonist [EPC]",CIV,No,12/31/2026
Tramadol Hydrochloride and Acetaminophen,68788-7855-2,"37.5 mg/1, 325 mg/1",TABLET,ORAL,ANDA090485,Preferred Pharmaceuticals Inc.,68788-7855,Tramadol Hydrochloride and Acetaminophen,ACETAMINOPHEN; TRAMADOL HYDROCHLORIDE,HUMAN PRESCRIPTION DRUG,01/29/2021,N/A,ANDA,20 TABLET in 1 BOTTLE (68788-7855-2),"Full Opioid Agonists [MoA], Opioid Agonist [EPC]",CIV,No,12/31/2026
Tramadol Hydrochloride and Acetaminophen,68788-7855-3,"37.5 mg/1, 325 mg/1",TABLET,ORAL,ANDA090485,Preferred Pharmaceuticals Inc.,68788-7855,Tramadol Hydrochloride and Acetaminophen,ACETAMINOPHEN; TRAMADOL HYDROCHLORIDE,HUMAN PRESCRIPTION DRUG,01/29/2021,N/A,ANDA,30 TABLET in 1 BOTTLE (68788-7855-3),"Full Opioid Agonists [MoA], Opioid Agonist [EPC]",CIV,No,12/31/2026
Tramadol Hydrochloride and Acetaminophen,68788-7855-9,"37.5 mg/1, 325 mg/1",TABLET,ORAL,ANDA090485,Preferred Pharmaceuticals Inc.,68788-7855,Tramadol Hydrochloride and Acetaminophen,ACETAMINOPHEN; TRAMADOL HYDROCHLORIDE,HUMAN PRESCRIPTION DRUG,01/29/2021,N/A,ANDA,90 TABLET in 1 BOTTLE (68788-7855-9),"Full Opioid Agonists [MoA], Opioid Agonist [EPC]",CIV,No,12/31/2026
Tramadol Hydrochloride and Acetaminophen,70518-4461-0,"37.5 mg/1, 325 mg/1","TABLET, FILM COATED",ORAL,ANDA207152,REMEDYREPACK INC.,70518-4461,Tramadol Hydrochloride and Acetaminophen,ACETAMINOPHEN; TRAMADOL HYDROCHLORIDE,HUMAN PRESCRIPTION DRUG,08/28/2025,N/A,ANDA,"60 TABLET, FILM COATED in 1 BOTTLE, PLASTIC (70518-4461-0)","Full Opioid Agonists [MoA], Opioid Agonist [EPC]",CIV,No,12/31/2026
Tramadol Hydrochloride and Acetaminophen,71205-625-90,"37.5 mg/1, 325 mg/1","TABLET, FILM COATED",ORAL,ANDA207152,Proficient Rx LP,71205-625,Tramadol Hydrochloride and Acetaminophen,ACETAMINOPHEN; TRAMADOL HYDROCHLORIDE,HUMAN PRESCRIPTION DRUG,12/15/2021,N/A,ANDA,"90 TABLET, FILM COATED in 1 BOTTLE (71205-625-90)","Full Opioid Agonists [MoA], Opioid Agonist [EPC]",CIV,No,12/31/2026
Tramadol Hydrochloride and Acetaminophen,71205-625-30,"37.5 mg/1, 325 mg/1","TABLET, FILM COATED",ORAL,ANDA207152,Proficient Rx LP,71205-625,Tramadol Hydrochloride and Acetaminophen,ACETAMINOPHEN; TRAMADOL HYDROCHLORIDE,HUMAN PRESCRIPTION DRUG,12/15/2021,N/A,ANDA,"30 TABLET, FILM COATED in 1 BOTTLE (71205-625-30)","Full Opioid Agonists [MoA], Opioid Agonist [EPC]",CIV,No,12/31/2026
Tramadol Hydrochloride and Acetaminophen,71205-625-60,"37.5 mg/1, 325 mg/1","TABLET, FILM COATED",ORAL,ANDA207152,Proficient Rx LP,71205-625,Tramadol Hydrochloride and Acetaminophen,ACETAMINOPHEN; TRAMADOL HYDROCHLORIDE,HUMAN PRESCRIPTION DRUG,12/15/2021,N/A,ANDA,"60 TABLET, FILM COATED in 1 BOTTLE (71205-625-60)","Full Opioid Agonists [MoA], Opioid Agonist [EPC]",CIV,No,12/31/2026
Tramadol Hydrochloride and Acetaminophen,71335-0111-8,"37.5 mg/1, 325 mg/1",TABLET,ORAL,ANDA090485,Bryant Ranch Prepack,71335-0111,Tramadol Hydrochloride and Acetaminophen,ACETAMINOPHEN; TRAMADOL HYDROCHLORIDE,HUMAN PRESCRIPTION DRUG,09/26/2022,N/A,ANDA,15 TABLET in 1 BOTTLE (71335-0111-8),"Full Opioid Agonists [MoA], Opioid Agonist [EPC]",CIV,No,12/31/2026
Tramadol Hydrochloride and Acetaminophen,71335-0111-4,"37.5 mg/1, 325 mg/1",TABLET,ORAL,ANDA090485,Bryant Ranch Prepack,71335-0111,Tramadol Hydrochloride and Acetaminophen,ACETAMINOPHEN; TRAMADOL HYDROCHLORIDE,HUMAN PRESCRIPTION DRUG,09/26/2022,N/A,ANDA,120 TABLET in 1 BOTTLE (71335-0111-4),"Full Opioid Agonists [MoA], Opioid Agonist [EPC]",CIV,No,12/31/2026
Tramadol Hydrochloride and Acetaminophen,71335-0111-7,"37.5 mg/1, 325 mg/1",TABLET,ORAL,ANDA090485,Bryant Ranch Prepack,71335-0111,Tramadol Hydrochloride and Acetaminophen,ACETAMINOPHEN; TRAMADOL HYDROCHLORIDE,HUMAN PRESCRIPTION DRUG,09/26/2022,N/A,ANDA,100 TABLET in 1 BOTTLE (71335-0111-7),"Full Opioid Agonists [MoA], Opioid Agonist [EPC]",CIV,No,12/31/2026
Tramadol Hydrochloride and Acetaminophen,71335-0111-6,"37.5 mg/1, 325 mg/1",TABLET,ORAL,ANDA090485,Bryant Ranch Prepack,71335-0111,Tramadol Hydrochloride and Acetaminophen,ACETAMINOPHEN; TRAMADOL HYDROCHLORIDE,HUMAN PRESCRIPTION DRUG,09/26/2022,N/A,ANDA,40 TABLET in 1 BOTTLE (71335-0111-6),"Full Opioid Agonists [MoA], Opioid Agonist [EPC]",CIV,No,12/31/2026
Tramadol Hydrochloride and Acetaminophen,71335-0111-3,"37.5 mg/1, 325 mg/1",TABLET,ORAL,ANDA090485,Bryant Ranch Prepack,71335-0111,Tramadol Hydrochloride and Acetaminophen,ACETAMINOPHEN; TRAMADOL HYDROCHLORIDE,HUMAN PRESCRIPTION DRUG,08/20/2021,N/A,ANDA,90 TABLET in 1 BOTTLE (71335-0111-3),"Full Opioid Agonists [MoA], Opioid Agonist [EPC]",CIV,No,12/31/2026
Tramadol Hydrochloride and Acetaminophen,71335-0111-5,"37.5 mg/1, 325 mg/1",TABLET,ORAL,ANDA090485,Bryant Ranch Prepack,71335-0111,Tramadol Hydrochloride and Acetaminophen,ACETAMINOPHEN; TRAMADOL HYDROCHLORIDE,HUMAN PRESCRIPTION DRUG,04/14/2021,N/A,ANDA,20 TABLET in 1 BOTTLE (71335-0111-5),"Full Opioid Agonists [MoA], Opioid Agonist [EPC]",CIV,No,12/31/2026
Tramadol Hydrochloride and Acetaminophen,71335-0111-2,"37.5 mg/1, 325 mg/1",TABLET,ORAL,ANDA090485,Bryant Ranch Prepack,71335-0111,Tramadol Hydrochloride and Acetaminophen,ACETAMINOPHEN; TRAMADOL HYDROCHLORIDE,HUMAN PRESCRIPTION DRUG,04/14/2021,N/A,ANDA,60 TABLET in 1 BOTTLE (71335-0111-2),"Full Opioid Agonists [MoA], Opioid Agonist [EPC]",CIV,No,12/31/2026
Tramadol Hydrochloride and Acetaminophen,71335-0111-1,"37.5 mg/1, 325 mg/1",TABLET,ORAL,ANDA090485,Bryant Ranch Prepack,71335-0111,Tramadol Hydrochloride and Acetaminophen,ACETAMINOPHEN; TRAMADOL HYDROCHLORIDE,HUMAN PRESCRIPTION DRUG,03/17/2021,N/A,ANDA,30 TABLET in 1 BOTTLE (71335-0111-1),"Full Opioid Agonists [MoA], Opioid Agonist [EPC]",CIV,No,12/31/2026
Tramadol Hydrochloride and Acetaminophen,71335-1742-8,"37.5 mg/1, 325 mg/1","TABLET, FILM COATED",ORAL,ANDA207152,Bryant Ranch Prepack,71335-1742,Tramadol Hydrochloride and Acetaminophen,ACETAMINOPHEN; TRAMADOL HYDROCHLORIDE,HUMAN PRESCRIPTION DRUG,04/05/2024,N/A,ANDA,"15 TABLET, FILM COATED in 1 BOTTLE (71335-1742-8)","Full Opioid Agonists [MoA], Opioid Agonist [EPC]",CIV,No,12/31/2027
Tramadol Hydrochloride and Acetaminophen,71335-1742-6,"37.5 mg/1, 325 mg/1","TABLET, FILM COATED",ORAL,ANDA207152,Bryant Ranch Prepack,71335-1742,Tramadol Hydrochloride and Acetaminophen,ACETAMINOPHEN; TRAMADOL HYDROCHLORIDE,HUMAN PRESCRIPTION DRUG,04/05/2024,N/A,ANDA,"40 TABLET, FILM COATED in 1 BOTTLE (71335-1742-6)","Full Opioid Agonists [MoA], Opioid Agonist [EPC]",CIV,No,12/31/2027
Tramadol Hydrochloride and Acetaminophen,71335-1742-7,"37.5 mg/1, 325 mg/1","TABLET, FILM COATED",ORAL,ANDA207152,Bryant Ranch Prepack,71335-1742,Tramadol Hydrochloride and Acetaminophen,ACETAMINOPHEN; TRAMADOL HYDROCHLORIDE,HUMAN PRESCRIPTION DRUG,04/05/2024,N/A,ANDA,"100 TABLET, FILM COATED in 1 BOTTLE (71335-1742-7)","Full Opioid Agonists [MoA], Opioid Agonist [EPC]",CIV,No,12/31/2027
Tramadol Hydrochloride and Acetaminophen,71335-1742-5,"37.5 mg/1, 325 mg/1","TABLET, FILM COATED",ORAL,ANDA207152,Bryant Ranch Prepack,71335-1742,Tramadol Hydrochloride and Acetaminophen,ACETAMINOPHEN; TRAMADOL HYDROCHLORIDE,HUMAN PRESCRIPTION DRUG,05/03/2023,N/A,ANDA,"20 TABLET, FILM COATED in 1 BOTTLE (71335-1742-5)","Full Opioid Agonists [MoA], Opioid Agonist [EPC]",CIV,No,12/31/2027
Tramadol Hydrochloride and Acetaminophen,71335-1742-4,"37.5 mg/1, 325 mg/1","TABLET, FILM COATED",ORAL,ANDA207152,Bryant Ranch Prepack,71335-1742,Tramadol Hydrochloride and Acetaminophen,ACETAMINOPHEN; TRAMADOL HYDROCHLORIDE,HUMAN PRESCRIPTION DRUG,03/08/2023,N/A,ANDA,"120 TABLET, FILM COATED in 1 BOTTLE (71335-1742-4)","Full Opioid Agonists [MoA], Opioid Agonist [EPC]",CIV,No,12/31/2027
Tramadol Hydrochloride and Acetaminophen,71335-1742-3,"37.5 mg/1, 325 mg/1","TABLET, FILM COATED",ORAL,ANDA207152,Bryant Ranch Prepack,71335-1742,Tramadol Hydrochloride and Acetaminophen,ACETAMINOPHEN; TRAMADOL HYDROCHLORIDE,HUMAN PRESCRIPTION DRUG,03/05/2021,N/A,ANDA,"90 TABLET, FILM COATED in 1 BOTTLE (71335-1742-3)","Full Opioid Agonists [MoA], Opioid Agonist [EPC]",CIV,No,12/31/2027
Tramadol Hydrochloride and Acetaminophen,71335-1742-2,"37.5 mg/1, 325 mg/1","TABLET, FILM COATED",ORAL,ANDA207152,Bryant Ranch Prepack,71335-1742,Tramadol Hydrochloride and Acetaminophen,ACETAMINOPHEN; TRAMADOL HYDROCHLORIDE,HUMAN PRESCRIPTION DRUG,01/26/2021,N/A,ANDA,"60 TABLET, FILM COATED in 1 BOTTLE (71335-1742-2)","Full Opioid Agonists [MoA], Opioid Agonist [EPC]",CIV,No,12/31/2027
Tramadol Hydrochloride and Acetaminophen,71335-1742-1,"37.5 mg/1, 325 mg/1","TABLET, FILM COATED",ORAL,ANDA207152,Bryant Ranch Prepack,71335-1742,Tramadol Hydrochloride and Acetaminophen,ACETAMINOPHEN; TRAMADOL HYDROCHLORIDE,HUMAN PRESCRIPTION DRUG,12/28/2020,N/A,ANDA,"30 TABLET, FILM COATED in 1 BOTTLE (71335-1742-1)","Full Opioid Agonists [MoA], Opioid Agonist [EPC]",CIV,No,12/31/2027
Tramadol Hydrochloride and Acetaminophen,72162-2510-1,"37.5 mg/1, 325 mg/1","TABLET, FILM COATED",ORAL,ANDA207152,Bryant Ranch Prepack,72162-2510,Tramadol Hydrochloride and Acetaminophen,ACETAMINOPHEN; TRAMADOL HYDROCHLORIDE,HUMAN PRESCRIPTION DRUG,03/22/2017,N/A,ANDA,"100 TABLET, FILM COATED in 1 BOTTLE (72162-2510-1)","Full Opioid Agonists [MoA], Opioid Agonist [EPC]",CIV,No,12/31/2027
Tramadol Hydrochloride and Acetaminophen,72189-382-60,"325 mg/1, 37.5 mg/1","TABLET, FILM COATED",ORAL,ANDA207152,Direct_Rx,72189-382,Tramadol Hydrochloride and Acetaminophen,ACETAMINOPHEN; TRAMADOL HYDROCHLORIDE,HUMAN PRESCRIPTION DRUG,09/14/2022,N/A,ANDA,"60 TABLET, FILM COATED in 1 BOTTLE (72189-382-60)","Full Opioid Agonists [MoA], Opioid Agonist [EPC]",CIV,No,12/31/2026
TRAMADOL HYDROCHLORIDE AND ACETAMINOPHEN,76420-105-10,"37.5 mg/1, 325 mg/1","TABLET, FILM COATED",ORAL,ANDA201952,"Asclemed USA, Inc.",76420-105,TRAMADOL HYDROCHLORIDE AND ACETAMINOPHEN,TRAMADOL HYDROCHLORIDE; ACETAMINOPHEN,HUMAN PRESCRIPTION DRUG,10/30/2020,N/A,ANDA,"10 TABLET, FILM COATED in 1 BOTTLE (76420-105-10)","Full Opioid Agonists [MoA], Opioid Agonist [EPC]",CIV,No,12/31/2026
TRAMADOL HYDROCHLORIDE AND ACETAMINOPHEN,76420-105-30,"37.5 mg/1, 325 mg/1","TABLET, FILM COATED",ORAL,ANDA201952,"Asclemed USA, Inc.",76420-105,TRAMADOL HYDROCHLORIDE AND ACETAMINOPHEN,TRAMADOL HYDROCHLORIDE; ACETAMINOPHEN,HUMAN PRESCRIPTION DRUG,10/30/2020,N/A,ANDA,"30 TABLET, FILM COATED in 1 BOTTLE (76420-105-30)","Full Opioid Agonists [MoA], Opioid Agonist [EPC]",CIV,No,12/31/2026
TRAMADOL HYDROCHLORIDE AND ACETAMINOPHEN,76420-105-02,"37.5 mg/1, 325 mg/1","TABLET, FILM COATED",ORAL,ANDA201952,"Asclemed USA, Inc.",76420-105,TRAMADOL HYDROCHLORIDE AND ACETAMINOPHEN,TRAMADOL HYDROCHLORIDE; ACETAMINOPHEN,HUMAN PRESCRIPTION DRUG,10/30/2020,N/A,ANDA,"2 TABLET, FILM COATED in 1 BOTTLE (76420-105-02)","Full Opioid Agonists [MoA], Opioid Agonist [EPC]",CIV,No,12/31/2026
TRAMADOL HYDROCHLORIDE AND ACETAMINOPHEN,76420-105-03,"37.5 mg/1, 325 mg/1","TABLET, FILM COATED",ORAL,ANDA201952,"Asclemed USA, Inc.",76420-105,TRAMADOL HYDROCHLORIDE AND ACETAMINOPHEN,TRAMADOL HYDROCHLORIDE; ACETAMINOPHEN,HUMAN PRESCRIPTION DRUG,10/30/2020,N/A,ANDA,"3 TABLET, FILM COATED in 1 BOTTLE (76420-105-03)","Full Opioid Agonists [MoA], Opioid Agonist [EPC]",CIV,No,12/31/2026
TRAMADOL HYDROCHLORIDE AND ACETAMINOPHEN,76420-105-01,"37.5 mg/1, 325 mg/1","TABLET, FILM COATED",ORAL,ANDA201952,"Asclemed USA, Inc.",76420-105,TRAMADOL HYDROCHLORIDE AND ACETAMINOPHEN,TRAMADOL HYDROCHLORIDE; ACETAMINOPHEN,HUMAN PRESCRIPTION DRUG,10/30/2020,N/A,ANDA,"1 TABLET, FILM COATED in 1 BOTTLE (76420-105-01)","Full Opioid Agonists [MoA], Opioid Agonist [EPC]",CIV,No,12/31/2026
Tramadol Hydrochloride and Acetaminophen,76420-983-30,"37.5 mg/1, 325 mg/1",TABLET,ORAL,ANDA090485,"Asclemed USA, Inc.",76420-983,Tramadol Hydrochloride and Acetaminophen,ACETAMINOPHEN; TRAMADOL HYDROCHLORIDE,HUMAN PRESCRIPTION DRUG,01/14/2022,N/A,ANDA,30 TABLET in 1 BOTTLE (76420-983-30),"Full Opioid Agonists [MoA], Opioid Agonist [EPC]",CIV,No,12/31/2026
Tramadol Hydrochloride and Acetaminophen,76420-983-10,"37.5 mg/1, 325 mg/1",TABLET,ORAL,ANDA090485,"Asclemed USA, Inc.",76420-983,Tramadol Hydrochloride and Acetaminophen,ACETAMINOPHEN; TRAMADOL HYDROCHLORIDE,HUMAN PRESCRIPTION DRUG,01/14/2022,N/A,ANDA,10 TABLET in 1 BOTTLE (76420-983-10),"Full Opioid Agonists [MoA], Opioid Agonist [EPC]",CIV,No,12/31/2026
Tramadol Hydrochloride and Acetaminophen,76420-983-03,"37.5 mg/1, 325 mg/1",TABLET,ORAL,ANDA090485,"Asclemed USA, Inc.",76420-983,Tramadol Hydrochloride and Acetaminophen,ACETAMINOPHEN; TRAMADOL HYDROCHLORIDE,HUMAN PRESCRIPTION DRUG,01/14/2022,N/A,ANDA,3 TABLET in 1 BOTTLE (76420-983-03),"Full Opioid Agonists [MoA], Opioid Agonist [EPC]",CIV,No,12/31/2026
Tramadol Hydrochloride and Acetaminophen,76420-983-02,"37.5 mg/1, 325 mg/1",TABLET,ORAL,ANDA090485,"Asclemed USA, Inc.",76420-983,Tramadol Hydrochloride and Acetaminophen,ACETAMINOPHEN; TRAMADOL HYDROCHLORIDE,HUMAN PRESCRIPTION DRUG,01/14/2022,N/A,ANDA,2 TABLET in 1 BOTTLE (76420-983-02),"Full Opioid Agonists [MoA], Opioid Agonist [EPC]",CIV,No,12/31/2026
Tramadol Hydrochloride and Acetaminophen,76420-983-01,"37.5 mg/1, 325 mg/1",TABLET,ORAL,ANDA090485,"Asclemed USA, Inc.",76420-983,Tramadol Hydrochloride and Acetaminophen,ACETAMINOPHEN; TRAMADOL HYDROCHLORIDE,HUMAN PRESCRIPTION DRUG,01/14/2022,N/A,ANDA,1 TABLET in 1 BOTTLE (76420-983-01),"Full Opioid Agonists [MoA], Opioid Agonist [EPC]",CIV,No,12/31/2026
