Proprietary Name,NDC Package Code,Strength,Dosage Form,Route,Appl. No.,Labeler Name,Product NDC,Nonproprietary Name,Substance Name,Product Type Name,Start Marketing Date,End Marketing Date,Market Category,Package Description,Pharm Class,DEA,Sample Package,Listing Record Certified Through:
Cleocin Hydrochloride,0009-0225-02,150 mg/1,CAPSULE,ORAL,NDA050162,Pharmacia & Upjohn Company LLC,0009-0225,clindamycin hydrochloride,CLINDAMYCIN HYDROCHLORIDE,HUMAN PRESCRIPTION DRUG,05/22/1970,N/A,NDA,100 CAPSULE in 1 BOTTLE (0009-0225-02),"Decreased Sebaceous Gland Activity [PE], Lincosamide Antibacterial [EPC], Lincosamides [CS], Neuromuscular Blockade [PE]",N/A,No,12/31/2027
Cleocin Hydrochloride,0009-0331-02,75 mg/1,CAPSULE,ORAL,NDA050162,Pharmacia & Upjohn Company LLC,0009-0331,clindamycin hydrochloride,CLINDAMYCIN HYDROCHLORIDE,HUMAN PRESCRIPTION DRUG,05/22/1970,N/A,NDA,100 CAPSULE in 1 BOTTLE (0009-0331-02),"Decreased Sebaceous Gland Activity [PE], Lincosamide Antibacterial [EPC], Lincosamides [CS], Neuromuscular Blockade [PE]",N/A,No,12/31/2027
Cleocin Hydrochloride,0009-0395-14,300 mg/1,CAPSULE,ORAL,NDA050162,Pharmacia & Upjohn Company LLC,0009-0395,clindamycin hydrochloride,CLINDAMYCIN HYDROCHLORIDE,HUMAN PRESCRIPTION DRUG,05/22/1970,N/A,NDA,100 CAPSULE in 1 BOTTLE (0009-0395-14),"Decreased Sebaceous Gland Activity [PE], Lincosamide Antibacterial [EPC], Lincosamides [CS], Neuromuscular Blockade [PE]",N/A,No,12/31/2027
Clindamycin hydrochloride,0904-5959-61,150 mg/1,CAPSULE,ORAL,ANDA065061,Major Pharmaceuticals,0904-5959,Clindamycin hydrochloride,CLINDAMYCIN HYDROCHLORIDE,HUMAN PRESCRIPTION DRUG,04/10/2009,N/A,ANDA,100 BLISTER PACK in 1 CARTON (0904-5959-61) / 1 CAPSULE in 1 BLISTER PACK,"Decreased Sebaceous Gland Activity [PE], Lincosamide Antibacterial [EPC], Lincosamides [CS], Neuromuscular Blockade [PE]",N/A,No,12/31/2027
Clindamycin Hydrochloride,0904-7194-61,300 mg/1,CAPSULE,ORAL,ANDA065442,Major Pharmaceuticals,0904-7194,Clindamycin Hydrochloride,CLINDAMYCIN HYDROCHLORIDE,HUMAN PRESCRIPTION DRUG,08/26/2009,N/A,ANDA,100 BLISTER PACK in 1 CARTON (0904-7194-61) / 1 CAPSULE in 1 BLISTER PACK,"Decreased Sebaceous Gland Activity [PE], Lincosamide Antibacterial [EPC], Lincosamides [CS], Neuromuscular Blockade [PE]",N/A,No,12/31/2027
CLINDAMYCIN HYDROCHLORIDE,42571-250-67,75 mg/1,CAPSULE,ORAL,ANDA207402,Micro Labs Limited,42571-250,Clindamycin hydrochloride,CLINDAMYCIN HYDROCHLORIDE,HUMAN PRESCRIPTION DRUG,01/07/2019,N/A,ANDA,90 BLISTER PACK in 1 CARTON (42571-250-67) / 10 CAPSULE in 1 BLISTER PACK (42571-250-32),"Decreased Sebaceous Gland Activity [PE], Lincosamide Antibacterial [EPC], Lincosamides [CS], Neuromuscular Blockade [PE]",N/A,No,12/31/2027
CLINDAMYCIN HYDROCHLORIDE,42571-250-01,75 mg/1,CAPSULE,ORAL,ANDA207402,Micro Labs Limited,42571-250,Clindamycin hydrochloride,CLINDAMYCIN HYDROCHLORIDE,HUMAN PRESCRIPTION DRUG,01/07/2019,N/A,ANDA,100 CAPSULE in 1 BOTTLE (42571-250-01),"Decreased Sebaceous Gland Activity [PE], Lincosamide Antibacterial [EPC], Lincosamides [CS], Neuromuscular Blockade [PE]",N/A,No,12/31/2027
CLINDAMYCIN HYDROCHLORIDE,42571-251-05,150 mg/1,CAPSULE,ORAL,ANDA207402,Micro Labs Limited,42571-251,Clindamycin hydrochloride,CLINDAMYCIN HYDROCHLORIDE,HUMAN PRESCRIPTION DRUG,01/07/2019,N/A,ANDA,500 CAPSULE in 1 BOTTLE (42571-251-05),"Decreased Sebaceous Gland Activity [PE], Lincosamide Antibacterial [EPC], Lincosamides [CS], Neuromuscular Blockade [PE]",N/A,No,12/31/2027
CLINDAMYCIN HYDROCHLORIDE,42571-251-10,150 mg/1,CAPSULE,ORAL,ANDA207402,Micro Labs Limited,42571-251,Clindamycin hydrochloride,CLINDAMYCIN HYDROCHLORIDE,HUMAN PRESCRIPTION DRUG,01/07/2019,N/A,ANDA,1000 CAPSULE in 1 BOTTLE (42571-251-10),"Decreased Sebaceous Gland Activity [PE], Lincosamide Antibacterial [EPC], Lincosamides [CS], Neuromuscular Blockade [PE]",N/A,No,12/31/2027
CLINDAMYCIN HYDROCHLORIDE,42571-251-01,150 mg/1,CAPSULE,ORAL,ANDA207402,Micro Labs Limited,42571-251,Clindamycin hydrochloride,CLINDAMYCIN HYDROCHLORIDE,HUMAN PRESCRIPTION DRUG,01/07/2019,N/A,ANDA,100 CAPSULE in 1 BOTTLE (42571-251-01),"Decreased Sebaceous Gland Activity [PE], Lincosamide Antibacterial [EPC], Lincosamides [CS], Neuromuscular Blockade [PE]",N/A,No,12/31/2027
CLINDAMYCIN HYDROCHLORIDE,42571-251-23,150 mg/1,CAPSULE,ORAL,ANDA207402,Micro Labs Limited,42571-251,Clindamycin hydrochloride,CLINDAMYCIN HYDROCHLORIDE,HUMAN PRESCRIPTION DRUG,01/07/2019,N/A,ANDA,80 BLISTER PACK in 1 CARTON (42571-251-23) / 10 CAPSULE in 1 BLISTER PACK (42571-251-32),"Decreased Sebaceous Gland Activity [PE], Lincosamide Antibacterial [EPC], Lincosamides [CS], Neuromuscular Blockade [PE]",N/A,No,12/31/2027
CLINDAMYCIN HYDROCHLORIDE,42571-252-10,300 mg/1,CAPSULE,ORAL,ANDA207402,Micro Labs Limited,42571-252,Clindamycin hydrochloride,CLINDAMYCIN HYDROCHLORIDE,HUMAN PRESCRIPTION DRUG,01/07/2019,N/A,ANDA,1000 CAPSULE in 1 BOTTLE (42571-252-10),"Decreased Sebaceous Gland Activity [PE], Lincosamide Antibacterial [EPC], Lincosamides [CS], Neuromuscular Blockade [PE]",N/A,No,12/31/2027
CLINDAMYCIN HYDROCHLORIDE,42571-252-01,300 mg/1,CAPSULE,ORAL,ANDA207402,Micro Labs Limited,42571-252,Clindamycin hydrochloride,CLINDAMYCIN HYDROCHLORIDE,HUMAN PRESCRIPTION DRUG,01/07/2019,N/A,ANDA,100 CAPSULE in 1 BOTTLE (42571-252-01),"Decreased Sebaceous Gland Activity [PE], Lincosamide Antibacterial [EPC], Lincosamides [CS], Neuromuscular Blockade [PE]",N/A,No,12/31/2027
CLINDAMYCIN HYDROCHLORIDE,42571-252-05,300 mg/1,CAPSULE,ORAL,ANDA207402,Micro Labs Limited,42571-252,Clindamycin hydrochloride,CLINDAMYCIN HYDROCHLORIDE,HUMAN PRESCRIPTION DRUG,01/07/2019,N/A,ANDA,500 CAPSULE in 1 BOTTLE (42571-252-05),"Decreased Sebaceous Gland Activity [PE], Lincosamide Antibacterial [EPC], Lincosamides [CS], Neuromuscular Blockade [PE]",N/A,No,12/31/2027
Clindamycin Hydrochloride,50090-0443-6,150 mg/1,CAPSULE,ORAL,ANDA065442,A-S Medication Solutions,50090-0443,Clindamycin Hydrochloride,CLINDAMYCIN HYDROCHLORIDE,HUMAN PRESCRIPTION DRUG,06/29/2016,N/A,ANDA,21 CAPSULE in 1 BOTTLE (50090-0443-6),"Decreased Sebaceous Gland Activity [PE], Lincosamide Antibacterial [EPC], Lincosamides [CS], Neuromuscular Blockade [PE]",N/A,No,12/31/2026
Clindamycin Hydrochloride,50090-0443-4,150 mg/1,CAPSULE,ORAL,ANDA065442,A-S Medication Solutions,50090-0443,Clindamycin Hydrochloride,CLINDAMYCIN HYDROCHLORIDE,HUMAN PRESCRIPTION DRUG,06/29/2016,N/A,ANDA,100 CAPSULE in 1 BOTTLE (50090-0443-4),"Decreased Sebaceous Gland Activity [PE], Lincosamide Antibacterial [EPC], Lincosamides [CS], Neuromuscular Blockade [PE]",N/A,No,12/31/2026
Clindamycin Hydrochloride,50090-0443-1,150 mg/1,CAPSULE,ORAL,ANDA065442,A-S Medication Solutions,50090-0443,Clindamycin Hydrochloride,CLINDAMYCIN HYDROCHLORIDE,HUMAN PRESCRIPTION DRUG,06/29/2016,N/A,ANDA,15 CAPSULE in 1 BOTTLE (50090-0443-1),"Decreased Sebaceous Gland Activity [PE], Lincosamide Antibacterial [EPC], Lincosamides [CS], Neuromuscular Blockade [PE]",N/A,No,12/31/2026
Clindamycin Hydrochloride,50090-0443-0,150 mg/1,CAPSULE,ORAL,ANDA065442,A-S Medication Solutions,50090-0443,Clindamycin Hydrochloride,CLINDAMYCIN HYDROCHLORIDE,HUMAN PRESCRIPTION DRUG,06/29/2016,N/A,ANDA,30 CAPSULE in 1 BOTTLE (50090-0443-0),"Decreased Sebaceous Gland Activity [PE], Lincosamide Antibacterial [EPC], Lincosamides [CS], Neuromuscular Blockade [PE]",N/A,No,12/31/2026
Clindamycin Hydrochloride,50090-0443-3,150 mg/1,CAPSULE,ORAL,ANDA065442,A-S Medication Solutions,50090-0443,Clindamycin Hydrochloride,CLINDAMYCIN HYDROCHLORIDE,HUMAN PRESCRIPTION DRUG,06/29/2016,N/A,ANDA,4 CAPSULE in 1 BOTTLE (50090-0443-3),"Decreased Sebaceous Gland Activity [PE], Lincosamide Antibacterial [EPC], Lincosamides [CS], Neuromuscular Blockade [PE]",N/A,No,12/31/2026
Clindamycin Hydrochloride,50090-0443-7,150 mg/1,CAPSULE,ORAL,ANDA065442,A-S Medication Solutions,50090-0443,Clindamycin Hydrochloride,CLINDAMYCIN HYDROCHLORIDE,HUMAN PRESCRIPTION DRUG,06/29/2016,N/A,ANDA,42 CAPSULE in 1 BOTTLE (50090-0443-7),"Decreased Sebaceous Gland Activity [PE], Lincosamide Antibacterial [EPC], Lincosamides [CS], Neuromuscular Blockade [PE]",N/A,No,12/31/2026
Clindamycin hydrochloride,50090-0967-0,300 mg/1,CAPSULE,ORAL,ANDA065061,A-S Medication Solutions,50090-0967,Clindamycin hydrochloride,CLINDAMYCIN HYDROCHLORIDE,HUMAN PRESCRIPTION DRUG,11/28/2014,N/A,ANDA,30 CAPSULE in 1 BOTTLE (50090-0967-0),"Decreased Sebaceous Gland Activity [PE], Lincosamide Antibacterial [EPC], Lincosamides [CS], Neuromuscular Blockade [PE]",N/A,No,12/31/2026
Clindamycin hydrochloride,50090-0967-4,300 mg/1,CAPSULE,ORAL,ANDA065061,A-S Medication Solutions,50090-0967,Clindamycin hydrochloride,CLINDAMYCIN HYDROCHLORIDE,HUMAN PRESCRIPTION DRUG,11/28/2014,N/A,ANDA,20 CAPSULE in 1 BOTTLE (50090-0967-4),"Decreased Sebaceous Gland Activity [PE], Lincosamide Antibacterial [EPC], Lincosamides [CS], Neuromuscular Blockade [PE]",N/A,No,12/31/2026
Clindamycin hydrochloride,50090-0967-3,300 mg/1,CAPSULE,ORAL,ANDA065061,A-S Medication Solutions,50090-0967,Clindamycin hydrochloride,CLINDAMYCIN HYDROCHLORIDE,HUMAN PRESCRIPTION DRUG,11/28/2014,N/A,ANDA,40 CAPSULE in 1 BOTTLE (50090-0967-3),"Decreased Sebaceous Gland Activity [PE], Lincosamide Antibacterial [EPC], Lincosamides [CS], Neuromuscular Blockade [PE]",N/A,No,12/31/2026
Clindamycin hydrochloride,50090-0967-2,300 mg/1,CAPSULE,ORAL,ANDA065061,A-S Medication Solutions,50090-0967,Clindamycin hydrochloride,CLINDAMYCIN HYDROCHLORIDE,HUMAN PRESCRIPTION DRUG,11/28/2014,N/A,ANDA,16 CAPSULE in 1 BOTTLE (50090-0967-2),"Decreased Sebaceous Gland Activity [PE], Lincosamide Antibacterial [EPC], Lincosamides [CS], Neuromuscular Blockade [PE]",N/A,No,12/31/2026
Clindamycin hydrochloride,50090-0967-1,300 mg/1,CAPSULE,ORAL,ANDA065061,A-S Medication Solutions,50090-0967,Clindamycin hydrochloride,CLINDAMYCIN HYDROCHLORIDE,HUMAN PRESCRIPTION DRUG,11/28/2014,N/A,ANDA,45 CAPSULE in 1 BOTTLE (50090-0967-1),"Decreased Sebaceous Gland Activity [PE], Lincosamide Antibacterial [EPC], Lincosamides [CS], Neuromuscular Blockade [PE]",N/A,No,12/31/2026
Clindamycin hydrochloride,50090-1985-7,150 mg/1,CAPSULE,ORAL,ANDA065061,A-S Medication Solutions,50090-1985,Clindamycin hydrochloride,CLINDAMYCIN HYDROCHLORIDE,HUMAN PRESCRIPTION DRUG,09/11/2015,N/A,ANDA,42 CAPSULE in 1 BOTTLE (50090-1985-7),"Decreased Sebaceous Gland Activity [PE], Lincosamide Antibacterial [EPC], Lincosamides [CS], Neuromuscular Blockade [PE]",N/A,No,12/31/2026
Clindamycin hydrochloride,50090-1985-6,150 mg/1,CAPSULE,ORAL,ANDA065061,A-S Medication Solutions,50090-1985,Clindamycin hydrochloride,CLINDAMYCIN HYDROCHLORIDE,HUMAN PRESCRIPTION DRUG,09/11/2015,N/A,ANDA,21 CAPSULE in 1 BOTTLE (50090-1985-6),"Decreased Sebaceous Gland Activity [PE], Lincosamide Antibacterial [EPC], Lincosamides [CS], Neuromuscular Blockade [PE]",N/A,No,12/31/2026
Clindamycin hydrochloride,50090-1985-4,150 mg/1,CAPSULE,ORAL,ANDA065061,A-S Medication Solutions,50090-1985,Clindamycin hydrochloride,CLINDAMYCIN HYDROCHLORIDE,HUMAN PRESCRIPTION DRUG,12/21/2022,N/A,ANDA,100 CAPSULE in 1 BOTTLE (50090-1985-4),"Decreased Sebaceous Gland Activity [PE], Lincosamide Antibacterial [EPC], Lincosamides [CS], Neuromuscular Blockade [PE]",N/A,No,12/31/2026
Clindamycin hydrochloride,50090-1985-3,150 mg/1,CAPSULE,ORAL,ANDA065061,A-S Medication Solutions,50090-1985,Clindamycin hydrochloride,CLINDAMYCIN HYDROCHLORIDE,HUMAN PRESCRIPTION DRUG,12/21/2022,N/A,ANDA,4 CAPSULE in 1 BOTTLE (50090-1985-3),"Decreased Sebaceous Gland Activity [PE], Lincosamide Antibacterial [EPC], Lincosamides [CS], Neuromuscular Blockade [PE]",N/A,No,12/31/2026
Clindamycin hydrochloride,50090-1985-1,150 mg/1,CAPSULE,ORAL,ANDA065061,A-S Medication Solutions,50090-1985,Clindamycin hydrochloride,CLINDAMYCIN HYDROCHLORIDE,HUMAN PRESCRIPTION DRUG,12/21/2022,N/A,ANDA,15 CAPSULE in 1 BOTTLE (50090-1985-1),"Decreased Sebaceous Gland Activity [PE], Lincosamide Antibacterial [EPC], Lincosamides [CS], Neuromuscular Blockade [PE]",N/A,No,12/31/2026
Clindamycin hydrochloride,50090-1985-0,150 mg/1,CAPSULE,ORAL,ANDA065061,A-S Medication Solutions,50090-1985,Clindamycin hydrochloride,CLINDAMYCIN HYDROCHLORIDE,HUMAN PRESCRIPTION DRUG,09/11/2015,N/A,ANDA,30 CAPSULE in 1 BOTTLE (50090-1985-0),"Decreased Sebaceous Gland Activity [PE], Lincosamide Antibacterial [EPC], Lincosamides [CS], Neuromuscular Blockade [PE]",N/A,No,12/31/2026
Clindamycin Hydrochloride,50090-3907-3,300 mg/1,CAPSULE,ORAL,ANDA065442,A-S Medication Solutions,50090-3907,Clindamycin Hydrochloride,CLINDAMYCIN HYDROCHLORIDE,HUMAN PRESCRIPTION DRUG,12/05/2018,N/A,ANDA,40 CAPSULE in 1 BOTTLE (50090-3907-3),"Decreased Sebaceous Gland Activity [PE], Lincosamide Antibacterial [EPC], Lincosamides [CS], Neuromuscular Blockade [PE]",N/A,No,12/31/2026
Clindamycin Hydrochloride,50090-3907-2,300 mg/1,CAPSULE,ORAL,ANDA065442,A-S Medication Solutions,50090-3907,Clindamycin Hydrochloride,CLINDAMYCIN HYDROCHLORIDE,HUMAN PRESCRIPTION DRUG,12/05/2018,N/A,ANDA,16 CAPSULE in 1 BOTTLE (50090-3907-2),"Decreased Sebaceous Gland Activity [PE], Lincosamide Antibacterial [EPC], Lincosamides [CS], Neuromuscular Blockade [PE]",N/A,No,12/31/2026
Clindamycin Hydrochloride,50090-3907-1,300 mg/1,CAPSULE,ORAL,ANDA065442,A-S Medication Solutions,50090-3907,Clindamycin Hydrochloride,CLINDAMYCIN HYDROCHLORIDE,HUMAN PRESCRIPTION DRUG,12/05/2018,N/A,ANDA,45 CAPSULE in 1 BOTTLE (50090-3907-1),"Decreased Sebaceous Gland Activity [PE], Lincosamide Antibacterial [EPC], Lincosamides [CS], Neuromuscular Blockade [PE]",N/A,No,12/31/2026
Clindamycin Hydrochloride,50090-3907-0,300 mg/1,CAPSULE,ORAL,ANDA065442,A-S Medication Solutions,50090-3907,Clindamycin Hydrochloride,CLINDAMYCIN HYDROCHLORIDE,HUMAN PRESCRIPTION DRUG,12/05/2018,N/A,ANDA,30 CAPSULE in 1 BOTTLE (50090-3907-0),"Decreased Sebaceous Gland Activity [PE], Lincosamide Antibacterial [EPC], Lincosamides [CS], Neuromuscular Blockade [PE]",N/A,No,12/31/2026
Clindamycin Hydrochloride,50090-3907-5,300 mg/1,CAPSULE,ORAL,ANDA065442,A-S Medication Solutions,50090-3907,Clindamycin Hydrochloride,CLINDAMYCIN HYDROCHLORIDE,HUMAN PRESCRIPTION DRUG,05/14/2024,N/A,ANDA,3 CAPSULE in 1 BOTTLE (50090-3907-5),"Decreased Sebaceous Gland Activity [PE], Lincosamide Antibacterial [EPC], Lincosamides [CS], Neuromuscular Blockade [PE]",N/A,No,12/31/2026
Clindamycin Hydrochloride,50090-3907-4,300 mg/1,CAPSULE,ORAL,ANDA065442,A-S Medication Solutions,50090-3907,Clindamycin Hydrochloride,CLINDAMYCIN HYDROCHLORIDE,HUMAN PRESCRIPTION DRUG,12/05/2018,N/A,ANDA,20 CAPSULE in 1 BOTTLE (50090-3907-4),"Decreased Sebaceous Gland Activity [PE], Lincosamide Antibacterial [EPC], Lincosamides [CS], Neuromuscular Blockade [PE]",N/A,No,12/31/2026
CLINDAMYCIN HYDROCHLORIDE,50090-4575-4,300 mg/1,CAPSULE,ORAL,ANDA207402,A-S Medication Solutions,50090-4575,Clindamycin hydrochloride,CLINDAMYCIN HYDROCHLORIDE,HUMAN PRESCRIPTION DRUG,10/04/2019,N/A,ANDA,20 CAPSULE in 1 BOTTLE (50090-4575-4),"Decreased Sebaceous Gland Activity [PE], Lincosamide Antibacterial [EPC], Lincosamides [CS], Neuromuscular Blockade [PE]",N/A,No,12/31/2026
CLINDAMYCIN HYDROCHLORIDE,50090-4575-3,300 mg/1,CAPSULE,ORAL,ANDA207402,A-S Medication Solutions,50090-4575,Clindamycin hydrochloride,CLINDAMYCIN HYDROCHLORIDE,HUMAN PRESCRIPTION DRUG,10/04/2019,N/A,ANDA,40 CAPSULE in 1 BOTTLE (50090-4575-3),"Decreased Sebaceous Gland Activity [PE], Lincosamide Antibacterial [EPC], Lincosamides [CS], Neuromuscular Blockade [PE]",N/A,No,12/31/2026
CLINDAMYCIN HYDROCHLORIDE,50090-4575-2,300 mg/1,CAPSULE,ORAL,ANDA207402,A-S Medication Solutions,50090-4575,Clindamycin hydrochloride,CLINDAMYCIN HYDROCHLORIDE,HUMAN PRESCRIPTION DRUG,10/04/2019,N/A,ANDA,16 CAPSULE in 1 BOTTLE (50090-4575-2),"Decreased Sebaceous Gland Activity [PE], Lincosamide Antibacterial [EPC], Lincosamides [CS], Neuromuscular Blockade [PE]",N/A,No,12/31/2026
CLINDAMYCIN HYDROCHLORIDE,50090-4575-1,300 mg/1,CAPSULE,ORAL,ANDA207402,A-S Medication Solutions,50090-4575,Clindamycin hydrochloride,CLINDAMYCIN HYDROCHLORIDE,HUMAN PRESCRIPTION DRUG,10/04/2019,N/A,ANDA,45 CAPSULE in 1 BOTTLE (50090-4575-1),"Decreased Sebaceous Gland Activity [PE], Lincosamide Antibacterial [EPC], Lincosamides [CS], Neuromuscular Blockade [PE]",N/A,No,12/31/2026
CLINDAMYCIN HYDROCHLORIDE,50090-4575-0,300 mg/1,CAPSULE,ORAL,ANDA207402,A-S Medication Solutions,50090-4575,Clindamycin hydrochloride,CLINDAMYCIN HYDROCHLORIDE,HUMAN PRESCRIPTION DRUG,10/04/2019,N/A,ANDA,30 CAPSULE in 1 BOTTLE (50090-4575-0),"Decreased Sebaceous Gland Activity [PE], Lincosamide Antibacterial [EPC], Lincosamides [CS], Neuromuscular Blockade [PE]",N/A,No,12/31/2026
CLINDAMYCIN HYDROCHLORIDE,50090-4661-7,150 mg/1,CAPSULE,ORAL,ANDA207402,A-S Medication Solutions,50090-4661,Clindamycin hydrochloride,CLINDAMYCIN HYDROCHLORIDE,HUMAN PRESCRIPTION DRUG,10/29/2019,N/A,ANDA,42 CAPSULE in 1 BOTTLE (50090-4661-7),"Decreased Sebaceous Gland Activity [PE], Lincosamide Antibacterial [EPC], Lincosamides [CS], Neuromuscular Blockade [PE]",N/A,No,12/31/2026
CLINDAMYCIN HYDROCHLORIDE,50090-4661-6,150 mg/1,CAPSULE,ORAL,ANDA207402,A-S Medication Solutions,50090-4661,Clindamycin hydrochloride,CLINDAMYCIN HYDROCHLORIDE,HUMAN PRESCRIPTION DRUG,10/29/2019,N/A,ANDA,21 CAPSULE in 1 BOTTLE (50090-4661-6),"Decreased Sebaceous Gland Activity [PE], Lincosamide Antibacterial [EPC], Lincosamides [CS], Neuromuscular Blockade [PE]",N/A,No,12/31/2026
CLINDAMYCIN HYDROCHLORIDE,50090-4661-4,150 mg/1,CAPSULE,ORAL,ANDA207402,A-S Medication Solutions,50090-4661,Clindamycin hydrochloride,CLINDAMYCIN HYDROCHLORIDE,HUMAN PRESCRIPTION DRUG,10/29/2019,N/A,ANDA,100 CAPSULE in 1 BOTTLE (50090-4661-4),"Decreased Sebaceous Gland Activity [PE], Lincosamide Antibacterial [EPC], Lincosamides [CS], Neuromuscular Blockade [PE]",N/A,No,12/31/2026
CLINDAMYCIN HYDROCHLORIDE,50090-4661-3,150 mg/1,CAPSULE,ORAL,ANDA207402,A-S Medication Solutions,50090-4661,Clindamycin hydrochloride,CLINDAMYCIN HYDROCHLORIDE,HUMAN PRESCRIPTION DRUG,10/29/2019,N/A,ANDA,4 CAPSULE in 1 BOTTLE (50090-4661-3),"Decreased Sebaceous Gland Activity [PE], Lincosamide Antibacterial [EPC], Lincosamides [CS], Neuromuscular Blockade [PE]",N/A,No,12/31/2026
CLINDAMYCIN HYDROCHLORIDE,50090-4661-1,150 mg/1,CAPSULE,ORAL,ANDA207402,A-S Medication Solutions,50090-4661,Clindamycin hydrochloride,CLINDAMYCIN HYDROCHLORIDE,HUMAN PRESCRIPTION DRUG,10/29/2019,N/A,ANDA,15 CAPSULE in 1 BOTTLE (50090-4661-1),"Decreased Sebaceous Gland Activity [PE], Lincosamide Antibacterial [EPC], Lincosamides [CS], Neuromuscular Blockade [PE]",N/A,No,12/31/2026
CLINDAMYCIN HYDROCHLORIDE,50090-4661-0,150 mg/1,CAPSULE,ORAL,ANDA207402,A-S Medication Solutions,50090-4661,Clindamycin hydrochloride,CLINDAMYCIN HYDROCHLORIDE,HUMAN PRESCRIPTION DRUG,10/29/2019,N/A,ANDA,30 CAPSULE in 1 BOTTLE (50090-4661-0),"Decreased Sebaceous Gland Activity [PE], Lincosamide Antibacterial [EPC], Lincosamides [CS], Neuromuscular Blockade [PE]",N/A,No,12/31/2026
Clindamycin hydrochloride,50090-7007-0,150 mg/1,CAPSULE,ORAL,ANDA065061,A-S Medication Solutions,50090-7007,Clindamycin hydrochloride,CLINDAMYCIN HYDROCHLORIDE,HUMAN PRESCRIPTION DRUG,01/04/2024,N/A,ANDA,100 BLISTER PACK in 1 CARTON (50090-7007-0) / 1 CAPSULE in 1 BLISTER PACK,"Decreased Sebaceous Gland Activity [PE], Lincosamide Antibacterial [EPC], Lincosamides [CS], Neuromuscular Blockade [PE]",N/A,No,12/31/2026
Clindamycin Hydrochloride,50090-7354-0,300 mg/1,CAPSULE,ORAL,ANDA216957,A-S Medication Solutions,50090-7354,Clindamycin Hydrochloride,CLINDAMYCIN HYDROCHLORIDE,HUMAN PRESCRIPTION DRUG,10/16/2024,N/A,ANDA,30 CAPSULE in 1 BOTTLE (50090-7354-0),"Decreased Sebaceous Gland Activity [PE], Lincosamide Antibacterial [EPC], Lincosamides [CS], Neuromuscular Blockade [PE]",N/A,No,12/31/2026
Clindamycin Hydrochloride,50090-7354-3,300 mg/1,CAPSULE,ORAL,ANDA216957,A-S Medication Solutions,50090-7354,Clindamycin Hydrochloride,CLINDAMYCIN HYDROCHLORIDE,HUMAN PRESCRIPTION DRUG,10/16/2024,N/A,ANDA,40 CAPSULE in 1 BOTTLE (50090-7354-3),"Decreased Sebaceous Gland Activity [PE], Lincosamide Antibacterial [EPC], Lincosamides [CS], Neuromuscular Blockade [PE]",N/A,No,12/31/2026
Clindamycin Hydrochloride,50090-7354-2,300 mg/1,CAPSULE,ORAL,ANDA216957,A-S Medication Solutions,50090-7354,Clindamycin Hydrochloride,CLINDAMYCIN HYDROCHLORIDE,HUMAN PRESCRIPTION DRUG,10/16/2024,N/A,ANDA,16 CAPSULE in 1 BOTTLE (50090-7354-2),"Decreased Sebaceous Gland Activity [PE], Lincosamide Antibacterial [EPC], Lincosamides [CS], Neuromuscular Blockade [PE]",N/A,No,12/31/2026
Clindamycin Hydrochloride,50090-7354-1,300 mg/1,CAPSULE,ORAL,ANDA216957,A-S Medication Solutions,50090-7354,Clindamycin Hydrochloride,CLINDAMYCIN HYDROCHLORIDE,HUMAN PRESCRIPTION DRUG,10/16/2024,N/A,ANDA,45 CAPSULE in 1 BOTTLE (50090-7354-1),"Decreased Sebaceous Gland Activity [PE], Lincosamide Antibacterial [EPC], Lincosamides [CS], Neuromuscular Blockade [PE]",N/A,No,12/31/2026
Clindamycin Hydrochloride,50090-7354-4,300 mg/1,CAPSULE,ORAL,ANDA216957,A-S Medication Solutions,50090-7354,Clindamycin Hydrochloride,CLINDAMYCIN HYDROCHLORIDE,HUMAN PRESCRIPTION DRUG,10/16/2024,N/A,ANDA,20 CAPSULE in 1 BOTTLE (50090-7354-4),"Decreased Sebaceous Gland Activity [PE], Lincosamide Antibacterial [EPC], Lincosamides [CS], Neuromuscular Blockade [PE]",N/A,No,12/31/2026
Clindamycin Hydrochloride,50090-7354-5,300 mg/1,CAPSULE,ORAL,ANDA216957,A-S Medication Solutions,50090-7354,Clindamycin Hydrochloride,CLINDAMYCIN HYDROCHLORIDE,HUMAN PRESCRIPTION DRUG,10/16/2024,N/A,ANDA,3 CAPSULE in 1 BOTTLE (50090-7354-5),"Decreased Sebaceous Gland Activity [PE], Lincosamide Antibacterial [EPC], Lincosamides [CS], Neuromuscular Blockade [PE]",N/A,No,12/31/2026
Clindamycin Hydrochloride,50090-7374-6,150 mg/1,CAPSULE,ORAL,ANDA216957,A-S Medication Solutions,50090-7374,Clindamycin Hydrochloride,CLINDAMYCIN HYDROCHLORIDE,HUMAN PRESCRIPTION DRUG,10/18/2024,N/A,ANDA,21 CAPSULE in 1 BOTTLE (50090-7374-6),"Decreased Sebaceous Gland Activity [PE], Lincosamide Antibacterial [EPC], Lincosamides [CS], Neuromuscular Blockade [PE]",N/A,No,12/31/2027
Clindamycin Hydrochloride,50090-7374-7,150 mg/1,CAPSULE,ORAL,ANDA216957,A-S Medication Solutions,50090-7374,Clindamycin Hydrochloride,CLINDAMYCIN HYDROCHLORIDE,HUMAN PRESCRIPTION DRUG,10/18/2024,N/A,ANDA,42 CAPSULE in 1 BOTTLE (50090-7374-7),"Decreased Sebaceous Gland Activity [PE], Lincosamide Antibacterial [EPC], Lincosamides [CS], Neuromuscular Blockade [PE]",N/A,No,12/31/2027
Clindamycin Hydrochloride,50090-7374-1,150 mg/1,CAPSULE,ORAL,ANDA216957,A-S Medication Solutions,50090-7374,Clindamycin Hydrochloride,CLINDAMYCIN HYDROCHLORIDE,HUMAN PRESCRIPTION DRUG,10/18/2024,N/A,ANDA,15 CAPSULE in 1 BOTTLE (50090-7374-1),"Decreased Sebaceous Gland Activity [PE], Lincosamide Antibacterial [EPC], Lincosamides [CS], Neuromuscular Blockade [PE]",N/A,No,12/31/2027
Clindamycin Hydrochloride,50090-7374-4,150 mg/1,CAPSULE,ORAL,ANDA216957,A-S Medication Solutions,50090-7374,Clindamycin Hydrochloride,CLINDAMYCIN HYDROCHLORIDE,HUMAN PRESCRIPTION DRUG,10/18/2024,N/A,ANDA,100 CAPSULE in 1 BOTTLE (50090-7374-4),"Decreased Sebaceous Gland Activity [PE], Lincosamide Antibacterial [EPC], Lincosamides [CS], Neuromuscular Blockade [PE]",N/A,No,12/31/2027
Clindamycin Hydrochloride,50090-7374-3,150 mg/1,CAPSULE,ORAL,ANDA216957,A-S Medication Solutions,50090-7374,Clindamycin Hydrochloride,CLINDAMYCIN HYDROCHLORIDE,HUMAN PRESCRIPTION DRUG,10/18/2024,N/A,ANDA,4 CAPSULE in 1 BOTTLE (50090-7374-3),"Decreased Sebaceous Gland Activity [PE], Lincosamide Antibacterial [EPC], Lincosamides [CS], Neuromuscular Blockade [PE]",N/A,No,12/31/2027
Clindamycin Hydrochloride,50090-7374-0,150 mg/1,CAPSULE,ORAL,ANDA216957,A-S Medication Solutions,50090-7374,Clindamycin Hydrochloride,CLINDAMYCIN HYDROCHLORIDE,HUMAN PRESCRIPTION DRUG,10/18/2024,N/A,ANDA,30 CAPSULE in 1 BOTTLE (50090-7374-0),"Decreased Sebaceous Gland Activity [PE], Lincosamide Antibacterial [EPC], Lincosamides [CS], Neuromuscular Blockade [PE]",N/A,No,12/31/2027
Clindamycin Hydrochloride,50090-7659-0,300 mg/1,CAPSULE,ORAL,ANDA065442,A-S Medication Solutions,50090-7659,Clindamycin Hydrochloride,CLINDAMYCIN HYDROCHLORIDE,HUMAN PRESCRIPTION DRUG,09/22/2025,N/A,ANDA,28 CAPSULE in 1 BOTTLE (50090-7659-0),"Decreased Sebaceous Gland Activity [PE], Lincosamide Antibacterial [EPC], Lincosamides [CS], Neuromuscular Blockade [PE]",N/A,No,12/31/2026
Clindamycin Hydrochloride,50090-7669-0,300 mg/1,CAPSULE,ORAL,ANDA216957,A-S Medication Solutions,50090-7669,Clindamycin Hydrochloride,CLINDAMYCIN HYDROCHLORIDE,HUMAN PRESCRIPTION DRUG,10/07/2025,N/A,ANDA,28 CAPSULE in 1 BOTTLE (50090-7669-0),"Decreased Sebaceous Gland Activity [PE], Lincosamide Antibacterial [EPC], Lincosamides [CS], Neuromuscular Blockade [PE]",N/A,No,12/31/2026
CLINDAMYCIN HYDROCHLORIDE,50268-185-15,300 mg/1,CAPSULE,ORAL,ANDA207402,AvPAK,50268-185,Clindamycin hydrochloride,CLINDAMYCIN HYDROCHLORIDE,HUMAN PRESCRIPTION DRUG,10/27/2020,N/A,ANDA,50 BLISTER PACK in 1 BOX (50268-185-15) / 1 CAPSULE in 1 BLISTER PACK (50268-185-11),"Decreased Sebaceous Gland Activity [PE], Lincosamide Antibacterial [EPC], Lincosamides [CS], Neuromuscular Blockade [PE]",N/A,No,12/31/2026
Clindamycin hydrochloride,51407-373-01,150 mg/1,CAPSULE,ORAL,ANDA065061,"Golden State Medical Supply, Inc.",51407-373,Clindamycin hydrochloride,CLINDAMYCIN HYDROCHLORIDE,HUMAN PRESCRIPTION DRUG,03/19/2020,N/A,ANDA,100 CAPSULE in 1 BOTTLE (51407-373-01),"Decreased Sebaceous Gland Activity [PE], Lincosamide Antibacterial [EPC], Lincosamides [CS], Neuromuscular Blockade [PE]",N/A,No,12/31/2027
Clindamycin hydrochloride,51407-373-05,150 mg/1,CAPSULE,ORAL,ANDA065061,"Golden State Medical Supply, Inc.",51407-373,Clindamycin hydrochloride,CLINDAMYCIN HYDROCHLORIDE,HUMAN PRESCRIPTION DRUG,03/19/2020,N/A,ANDA,500 CAPSULE in 1 BOTTLE (51407-373-05),"Decreased Sebaceous Gland Activity [PE], Lincosamide Antibacterial [EPC], Lincosamides [CS], Neuromuscular Blockade [PE]",N/A,No,12/31/2027
Clindamycin Hydrochloride,51655-317-51,300 mg/1,CAPSULE,ORAL,ANDA065442,"Northwind Health Company, LLC",51655-317,Clindamycin Hydrochloride,CLINDAMYCIN HYDROCHLORIDE,HUMAN PRESCRIPTION DRUG,11/28/2022,N/A,ANDA,"40 CAPSULE in 1 BOTTLE, PLASTIC (51655-317-51)","Decreased Sebaceous Gland Activity [PE], Lincosamide Antibacterial [EPC], Lincosamides [CS], Neuromuscular Blockade [PE]",N/A,No,12/31/2027
Clindamycin Hydrochloride,51655-317-52,300 mg/1,CAPSULE,ORAL,ANDA065442,"Northwind Health Company, LLC",51655-317,Clindamycin Hydrochloride,CLINDAMYCIN HYDROCHLORIDE,HUMAN PRESCRIPTION DRUG,03/10/2023,N/A,ANDA,"30 CAPSULE in 1 BOTTLE, PLASTIC (51655-317-52)","Decreased Sebaceous Gland Activity [PE], Lincosamide Antibacterial [EPC], Lincosamides [CS], Neuromuscular Blockade [PE]",N/A,No,12/31/2027
CLINDAMYCIN HYDROCHLORIDE,51655-710-52,150 mg/1,CAPSULE,ORAL,ANDA207402,"Northwind Health Company, LLC",51655-710,Clindamycin hydrochloride,CLINDAMYCIN HYDROCHLORIDE,HUMAN PRESCRIPTION DRUG,02/03/2023,N/A,ANDA,"30 CAPSULE in 1 BOTTLE, PLASTIC (51655-710-52)","Decreased Sebaceous Gland Activity [PE], Lincosamide Antibacterial [EPC], Lincosamides [CS], Neuromuscular Blockade [PE]",N/A,No,12/31/2027
Clindamycin hydrochloride,51655-964-51,150 mg/1,CAPSULE,ORAL,ANDA065061,"Northwind Health Company, LLC",51655-964,Clindamycin hydrochloride,CLINDAMYCIN HYDROCHLORIDE,HUMAN PRESCRIPTION DRUG,06/04/2024,N/A,ANDA,"40 CAPSULE in 1 BOTTLE, PLASTIC (51655-964-51)","Decreased Sebaceous Gland Activity [PE], Lincosamide Antibacterial [EPC], Lincosamides [CS], Neuromuscular Blockade [PE]",N/A,No,12/31/2027
Clindamycin hydrochloride,51655-964-21,150 mg/1,CAPSULE,ORAL,ANDA065061,"Northwind Health Company, LLC",51655-964,Clindamycin hydrochloride,CLINDAMYCIN HYDROCHLORIDE,HUMAN PRESCRIPTION DRUG,03/13/2023,N/A,ANDA,"21 CAPSULE in 1 BOTTLE, PLASTIC (51655-964-21)","Decreased Sebaceous Gland Activity [PE], Lincosamide Antibacterial [EPC], Lincosamides [CS], Neuromuscular Blockade [PE]",N/A,No,12/31/2027
Clindamycin hydrochloride,55154-7276-0,150 mg/1,CAPSULE,ORAL,ANDA065061,"Cardinal Health 107, LLC",55154-7276,Clindamycin hydrochloride,CLINDAMYCIN HYDROCHLORIDE,HUMAN PRESCRIPTION DRUG,04/10/2009,N/A,ANDA,10 BLISTER PACK in 1 BAG (55154-7276-0) / 1 CAPSULE in 1 BLISTER PACK,"Decreased Sebaceous Gland Activity [PE], Lincosamide Antibacterial [EPC], Lincosamides [CS], Neuromuscular Blockade [PE]",N/A,No,12/31/2027
CLINDAMYCIN HYDROCHLORIDE,55700-761-21,300 mg/1,CAPSULE,ORAL,ANDA207402,"Quality Care Products, LLC",55700-761,Clindamycin hydrochloride,CLINDAMYCIN HYDROCHLORIDE,HUMAN PRESCRIPTION DRUG,12/11/2020,01/31/2027,ANDA,21 CAPSULE in 1 BOTTLE (55700-761-21),"Decreased Sebaceous Gland Activity [PE], Lincosamide Antibacterial [EPC], Lincosamides [CS], Neuromuscular Blockade [PE]",N/A,No,N/A
CLINDAMYCIN HYDROCHLORIDE,55700-761-30,300 mg/1,CAPSULE,ORAL,ANDA207402,"Quality Care Products, LLC",55700-761,Clindamycin hydrochloride,CLINDAMYCIN HYDROCHLORIDE,HUMAN PRESCRIPTION DRUG,06/07/2019,11/30/2027,ANDA,30 CAPSULE in 1 BOTTLE (55700-761-30),"Decreased Sebaceous Gland Activity [PE], Lincosamide Antibacterial [EPC], Lincosamides [CS], Neuromuscular Blockade [PE]",N/A,No,N/A
CLINDAMYCIN HYDROCHLORIDE,60760-487-28,150 mg/1,CAPSULE,ORAL,ANDA207402,St. Mary's Medical Park Pharmacy,60760-487,Clindamycin hydrochloride,CLINDAMYCIN HYDROCHLORIDE,HUMAN PRESCRIPTION DRUG,09/23/2021,N/A,ANDA,"28 CAPSULE in 1 BOTTLE, PLASTIC (60760-487-28)","Decreased Sebaceous Gland Activity [PE], Lincosamide Antibacterial [EPC], Lincosamides [CS], Neuromuscular Blockade [PE]",N/A,No,12/31/2027
CLINDAMYCIN HYDROCHLORIDE,60760-487-60,150 mg/1,CAPSULE,ORAL,ANDA207402,St. Mary's Medical Park Pharmacy,60760-487,Clindamycin hydrochloride,CLINDAMYCIN HYDROCHLORIDE,HUMAN PRESCRIPTION DRUG,09/16/2020,N/A,ANDA,"60 CAPSULE in 1 BOTTLE, PLASTIC (60760-487-60)","Decreased Sebaceous Gland Activity [PE], Lincosamide Antibacterial [EPC], Lincosamides [CS], Neuromuscular Blockade [PE]",N/A,No,12/31/2027
Clindamycin Hydrochloride,60760-827-10,300 mg/1,CAPSULE,ORAL,ANDA216957,St. Mary's Medical Park Pharmacy,60760-827,Clindamycin Hydrochloride,CLINDAMYCIN HYDROCHLORIDE,HUMAN PRESCRIPTION DRUG,07/17/2025,N/A,ANDA,"10 CAPSULE in 1 BOTTLE, PLASTIC (60760-827-10)","Decreased Sebaceous Gland Activity [PE], Lincosamide Antibacterial [EPC], Lincosamides [CS], Neuromuscular Blockade [PE]",N/A,No,12/31/2027
Clindamycin Hydrochloride,60760-827-30,300 mg/1,CAPSULE,ORAL,ANDA216957,St. Mary's Medical Park Pharmacy,60760-827,Clindamycin Hydrochloride,CLINDAMYCIN HYDROCHLORIDE,HUMAN PRESCRIPTION DRUG,07/15/2024,N/A,ANDA,"30 CAPSULE in 1 BOTTLE, PLASTIC (60760-827-30)","Decreased Sebaceous Gland Activity [PE], Lincosamide Antibacterial [EPC], Lincosamides [CS], Neuromuscular Blockade [PE]",N/A,No,12/31/2027
Clindamycin Hydrochloride,60760-828-60,150 mg/1,CAPSULE,ORAL,ANDA216957,ST. MARY'S MEDICAL PARK PHARMACY,60760-828,Clindamycin Hydrochloride,CLINDAMYCIN HYDROCHLORIDE,HUMAN PRESCRIPTION DRUG,09/24/2024,N/A,ANDA,"60 CAPSULE in 1 BOTTLE, PLASTIC (60760-828-60)","Decreased Sebaceous Gland Activity [PE], Lincosamide Antibacterial [EPC], Lincosamides [CS], Neuromuscular Blockade [PE]",N/A,No,12/31/2027
Clindamycin Hydrochloride,60760-828-28,150 mg/1,CAPSULE,ORAL,ANDA216957,ST. MARY'S MEDICAL PARK PHARMACY,60760-828,Clindamycin Hydrochloride,CLINDAMYCIN HYDROCHLORIDE,HUMAN PRESCRIPTION DRUG,07/30/2024,N/A,ANDA,"28 CAPSULE in 1 BOTTLE, PLASTIC (60760-828-28)","Decreased Sebaceous Gland Activity [PE], Lincosamide Antibacterial [EPC], Lincosamides [CS], Neuromuscular Blockade [PE]",N/A,No,12/31/2027
Clindamycin Hydrochloride,62135-764-01,75 mg/1,CAPSULE,ORAL,ANDA065243,"Chartwell RX, LLC",62135-764,Clindamycin Hydrochloride,CLINDAMYCIN HYDROCHLORIDE,HUMAN PRESCRIPTION DRUG,01/12/2024,N/A,ANDA,100 CAPSULE in 1 BOTTLE (62135-764-01),"Decreased Sebaceous Gland Activity [PE], Lincosamide Antibacterial [EPC], Lincosamides [CS], Neuromuscular Blockade [PE]",N/A,No,12/31/2026
Clindamycin Hydrochloride,62135-765-01,150 mg/1,CAPSULE,ORAL,ANDA065243,"Chartwell RX, LLC",62135-765,Clindamycin Hydrochloride,CLINDAMYCIN HYDROCHLORIDE,HUMAN PRESCRIPTION DRUG,01/12/2024,N/A,ANDA,100 CAPSULE in 1 BOTTLE (62135-765-01),"Decreased Sebaceous Gland Activity [PE], Lincosamide Antibacterial [EPC], Lincosamides [CS], Neuromuscular Blockade [PE]",N/A,No,12/31/2026
Clindamycin Hydrochloride,62135-766-01,300 mg/1,CAPSULE,ORAL,ANDA065243,"Chartwell RX, LLC",62135-766,Clindamycin Hydrochloride,CLINDAMYCIN HYDROCHLORIDE,HUMAN PRESCRIPTION DRUG,01/12/2024,N/A,ANDA,100 CAPSULE in 1 BOTTLE (62135-766-01),"Decreased Sebaceous Gland Activity [PE], Lincosamide Antibacterial [EPC], Lincosamides [CS], Neuromuscular Blockade [PE]",N/A,No,12/31/2026
Clindamycin Hydrochloride,63187-127-90,300 mg/1,CAPSULE,ORAL,ANDA065442,Proficient Rx LP,63187-127,Clindamycin Hydrochloride,CLINDAMYCIN HYDROCHLORIDE,HUMAN PRESCRIPTION DRUG,11/04/2020,N/A,ANDA,90 CAPSULE in 1 BOTTLE (63187-127-90),"Decreased Sebaceous Gland Activity [PE], Lincosamide Antibacterial [EPC], Lincosamides [CS], Neuromuscular Blockade [PE]",N/A,No,12/31/2026
Clindamycin Hydrochloride,63187-127-21,300 mg/1,CAPSULE,ORAL,ANDA065442,Proficient Rx LP,63187-127,Clindamycin Hydrochloride,CLINDAMYCIN HYDROCHLORIDE,HUMAN PRESCRIPTION DRUG,07/01/2014,N/A,ANDA,21 CAPSULE in 1 BOTTLE (63187-127-21),"Decreased Sebaceous Gland Activity [PE], Lincosamide Antibacterial [EPC], Lincosamides [CS], Neuromuscular Blockade [PE]",N/A,No,12/31/2026
Clindamycin Hydrochloride,63187-127-20,300 mg/1,CAPSULE,ORAL,ANDA065442,Proficient Rx LP,63187-127,Clindamycin Hydrochloride,CLINDAMYCIN HYDROCHLORIDE,HUMAN PRESCRIPTION DRUG,11/04/2020,N/A,ANDA,20 CAPSULE in 1 BOTTLE (63187-127-20),"Decreased Sebaceous Gland Activity [PE], Lincosamide Antibacterial [EPC], Lincosamides [CS], Neuromuscular Blockade [PE]",N/A,No,12/31/2026
Clindamycin Hydrochloride,63187-127-28,300 mg/1,CAPSULE,ORAL,ANDA065442,Proficient Rx LP,63187-127,Clindamycin Hydrochloride,CLINDAMYCIN HYDROCHLORIDE,HUMAN PRESCRIPTION DRUG,11/17/2020,N/A,ANDA,28 CAPSULE in 1 BOTTLE (63187-127-28),"Decreased Sebaceous Gland Activity [PE], Lincosamide Antibacterial [EPC], Lincosamides [CS], Neuromuscular Blockade [PE]",N/A,No,12/31/2026
Clindamycin Hydrochloride,63187-127-30,300 mg/1,CAPSULE,ORAL,ANDA065442,Proficient Rx LP,63187-127,Clindamycin Hydrochloride,CLINDAMYCIN HYDROCHLORIDE,HUMAN PRESCRIPTION DRUG,11/04/2020,N/A,ANDA,30 CAPSULE in 1 BOTTLE (63187-127-30),"Decreased Sebaceous Gland Activity [PE], Lincosamide Antibacterial [EPC], Lincosamides [CS], Neuromuscular Blockade [PE]",N/A,No,12/31/2026
Clindamycin Hydrochloride,63187-127-60,300 mg/1,CAPSULE,ORAL,ANDA065442,Proficient Rx LP,63187-127,Clindamycin Hydrochloride,CLINDAMYCIN HYDROCHLORIDE,HUMAN PRESCRIPTION DRUG,11/04/2020,N/A,ANDA,60 CAPSULE in 1 BOTTLE (63187-127-60),"Decreased Sebaceous Gland Activity [PE], Lincosamide Antibacterial [EPC], Lincosamides [CS], Neuromuscular Blockade [PE]",N/A,No,12/31/2026
Clindamycin Hydrochloride,63187-127-40,300 mg/1,CAPSULE,ORAL,ANDA065442,Proficient Rx LP,63187-127,Clindamycin Hydrochloride,CLINDAMYCIN HYDROCHLORIDE,HUMAN PRESCRIPTION DRUG,01/05/2021,N/A,ANDA,40 CAPSULE in 1 BOTTLE (63187-127-40),"Decreased Sebaceous Gland Activity [PE], Lincosamide Antibacterial [EPC], Lincosamides [CS], Neuromuscular Blockade [PE]",N/A,No,12/31/2026
Clindamycin hydrochloride,63187-141-20,300 mg/1,CAPSULE,ORAL,ANDA065061,Proficient Rx LP,63187-141,Clindamycin hydrochloride,CLINDAMYCIN HYDROCHLORIDE,HUMAN PRESCRIPTION DRUG,08/01/2016,N/A,ANDA,20 CAPSULE in 1 BOTTLE (63187-141-20),"Decreased Sebaceous Gland Activity [PE], Lincosamide Antibacterial [EPC], Lincosamides [CS], Neuromuscular Blockade [PE]",N/A,No,12/31/2026
Clindamycin hydrochloride,63187-141-21,300 mg/1,CAPSULE,ORAL,ANDA065061,Proficient Rx LP,63187-141,Clindamycin hydrochloride,CLINDAMYCIN HYDROCHLORIDE,HUMAN PRESCRIPTION DRUG,08/03/2015,N/A,ANDA,21 CAPSULE in 1 BOTTLE (63187-141-21),"Decreased Sebaceous Gland Activity [PE], Lincosamide Antibacterial [EPC], Lincosamides [CS], Neuromuscular Blockade [PE]",N/A,No,12/31/2026
Clindamycin hydrochloride,63187-141-28,300 mg/1,CAPSULE,ORAL,ANDA065061,Proficient Rx LP,63187-141,Clindamycin hydrochloride,CLINDAMYCIN HYDROCHLORIDE,HUMAN PRESCRIPTION DRUG,08/03/2015,N/A,ANDA,28 CAPSULE in 1 BOTTLE (63187-141-28),"Decreased Sebaceous Gland Activity [PE], Lincosamide Antibacterial [EPC], Lincosamides [CS], Neuromuscular Blockade [PE]",N/A,No,12/31/2026
Clindamycin hydrochloride,63187-141-30,300 mg/1,CAPSULE,ORAL,ANDA065061,Proficient Rx LP,63187-141,Clindamycin hydrochloride,CLINDAMYCIN HYDROCHLORIDE,HUMAN PRESCRIPTION DRUG,08/03/2015,N/A,ANDA,30 CAPSULE in 1 BOTTLE (63187-141-30),"Decreased Sebaceous Gland Activity [PE], Lincosamide Antibacterial [EPC], Lincosamides [CS], Neuromuscular Blockade [PE]",N/A,No,12/31/2026
Clindamycin hydrochloride,63187-141-60,300 mg/1,CAPSULE,ORAL,ANDA065061,Proficient Rx LP,63187-141,Clindamycin hydrochloride,CLINDAMYCIN HYDROCHLORIDE,HUMAN PRESCRIPTION DRUG,06/07/2022,N/A,ANDA,60 CAPSULE in 1 BOTTLE (63187-141-60),"Decreased Sebaceous Gland Activity [PE], Lincosamide Antibacterial [EPC], Lincosamides [CS], Neuromuscular Blockade [PE]",N/A,No,12/31/2026
Clindamycin hydrochloride,63187-141-44,300 mg/1,CAPSULE,ORAL,ANDA065061,Proficient Rx LP,63187-141,Clindamycin hydrochloride,CLINDAMYCIN HYDROCHLORIDE,HUMAN PRESCRIPTION DRUG,06/07/2022,N/A,ANDA,44 CAPSULE in 1 BOTTLE (63187-141-44),"Decreased Sebaceous Gland Activity [PE], Lincosamide Antibacterial [EPC], Lincosamides [CS], Neuromuscular Blockade [PE]",N/A,No,12/31/2026
Clindamycin hydrochloride,63187-141-40,300 mg/1,CAPSULE,ORAL,ANDA065061,Proficient Rx LP,63187-141,Clindamycin hydrochloride,CLINDAMYCIN HYDROCHLORIDE,HUMAN PRESCRIPTION DRUG,08/03/2015,N/A,ANDA,40 CAPSULE in 1 BOTTLE (63187-141-40),"Decreased Sebaceous Gland Activity [PE], Lincosamide Antibacterial [EPC], Lincosamides [CS], Neuromuscular Blockade [PE]",N/A,No,12/31/2026
Clindamycin hydrochloride,63187-247-30,150 mg/1,CAPSULE,ORAL,ANDA065061,Proficient Rx LP,63187-247,Clindamycin hydrochloride,CLINDAMYCIN HYDROCHLORIDE,HUMAN PRESCRIPTION DRUG,08/01/2016,N/A,ANDA,30 CAPSULE in 1 BOTTLE (63187-247-30),"Decreased Sebaceous Gland Activity [PE], Lincosamide Antibacterial [EPC], Lincosamides [CS], Neuromuscular Blockade [PE]",N/A,No,12/31/2026
Clindamycin hydrochloride,63187-247-60,150 mg/1,CAPSULE,ORAL,ANDA065061,Proficient Rx LP,63187-247,Clindamycin hydrochloride,CLINDAMYCIN HYDROCHLORIDE,HUMAN PRESCRIPTION DRUG,08/01/2016,N/A,ANDA,60 CAPSULE in 1 BOTTLE (63187-247-60),"Decreased Sebaceous Gland Activity [PE], Lincosamide Antibacterial [EPC], Lincosamides [CS], Neuromuscular Blockade [PE]",N/A,No,12/31/2026
Clindamycin hydrochloride,63187-247-44,150 mg/1,CAPSULE,ORAL,ANDA065061,Proficient Rx LP,63187-247,Clindamycin hydrochloride,CLINDAMYCIN HYDROCHLORIDE,HUMAN PRESCRIPTION DRUG,06/01/2020,N/A,ANDA,44 CAPSULE in 1 BOTTLE (63187-247-44),"Decreased Sebaceous Gland Activity [PE], Lincosamide Antibacterial [EPC], Lincosamides [CS], Neuromuscular Blockade [PE]",N/A,No,12/31/2026
Clindamycin hydrochloride,63187-247-28,150 mg/1,CAPSULE,ORAL,ANDA065061,Proficient Rx LP,63187-247,Clindamycin hydrochloride,CLINDAMYCIN HYDROCHLORIDE,HUMAN PRESCRIPTION DRUG,08/19/2020,N/A,ANDA,28 CAPSULE in 1 BOTTLE (63187-247-28),"Decreased Sebaceous Gland Activity [PE], Lincosamide Antibacterial [EPC], Lincosamides [CS], Neuromuscular Blockade [PE]",N/A,No,12/31/2026
Clindamycin hydrochloride,63187-247-21,150 mg/1,CAPSULE,ORAL,ANDA065061,Proficient Rx LP,63187-247,Clindamycin hydrochloride,CLINDAMYCIN HYDROCHLORIDE,HUMAN PRESCRIPTION DRUG,08/01/2016,N/A,ANDA,21 CAPSULE in 1 BOTTLE (63187-247-21),"Decreased Sebaceous Gland Activity [PE], Lincosamide Antibacterial [EPC], Lincosamides [CS], Neuromuscular Blockade [PE]",N/A,No,12/31/2026
Clindamycin hydrochloride,63187-247-40,150 mg/1,CAPSULE,ORAL,ANDA065061,Proficient Rx LP,63187-247,Clindamycin hydrochloride,CLINDAMYCIN HYDROCHLORIDE,HUMAN PRESCRIPTION DRUG,08/01/2016,N/A,ANDA,40 CAPSULE in 1 BOTTLE (63187-247-40),"Decreased Sebaceous Gland Activity [PE], Lincosamide Antibacterial [EPC], Lincosamides [CS], Neuromuscular Blockade [PE]",N/A,No,12/31/2026
Clindamycin hydrochloride,63187-247-20,150 mg/1,CAPSULE,ORAL,ANDA065061,Proficient Rx LP,63187-247,Clindamycin hydrochloride,CLINDAMYCIN HYDROCHLORIDE,HUMAN PRESCRIPTION DRUG,08/01/2016,N/A,ANDA,20 CAPSULE in 1 BOTTLE (63187-247-20),"Decreased Sebaceous Gland Activity [PE], Lincosamide Antibacterial [EPC], Lincosamides [CS], Neuromuscular Blockade [PE]",N/A,No,12/31/2026
Clindamycin hydrochloride,63304-692-77,150 mg/1,CAPSULE,ORAL,ANDA065061,"Sun Pharmaceutical Industries, Inc.",63304-692,Clindamycin hydrochloride,CLINDAMYCIN HYDROCHLORIDE,HUMAN PRESCRIPTION DRUG,03/23/2001,N/A,ANDA,100 CAPSULE in 1 CARTON (63304-692-77),"Decreased Sebaceous Gland Activity [PE], Lincosamide Antibacterial [EPC], Lincosamides [CS], Neuromuscular Blockade [PE]",N/A,No,12/31/2027
Clindamycin hydrochloride,63304-692-05,150 mg/1,CAPSULE,ORAL,ANDA065061,"Sun Pharmaceutical Industries, Inc.",63304-692,Clindamycin hydrochloride,CLINDAMYCIN HYDROCHLORIDE,HUMAN PRESCRIPTION DRUG,03/23/2001,N/A,ANDA,500 CAPSULE in 1 BOTTLE (63304-692-05),"Decreased Sebaceous Gland Activity [PE], Lincosamide Antibacterial [EPC], Lincosamides [CS], Neuromuscular Blockade [PE]",N/A,No,12/31/2027
Clindamycin hydrochloride,63304-692-01,150 mg/1,CAPSULE,ORAL,ANDA065061,"Sun Pharmaceutical Industries, Inc.",63304-692,Clindamycin hydrochloride,CLINDAMYCIN HYDROCHLORIDE,HUMAN PRESCRIPTION DRUG,03/23/2001,N/A,ANDA,100 CAPSULE in 1 BOTTLE (63304-692-01),"Decreased Sebaceous Gland Activity [PE], Lincosamide Antibacterial [EPC], Lincosamides [CS], Neuromuscular Blockade [PE]",N/A,No,12/31/2027
Clindamycin hydrochloride,63304-692-03,150 mg/1,CAPSULE,ORAL,ANDA065061,"Sun Pharmaceutical Industries, Inc.",63304-692,Clindamycin hydrochloride,CLINDAMYCIN HYDROCHLORIDE,HUMAN PRESCRIPTION DRUG,03/23/2001,N/A,ANDA,10 CAPSULE in 1 BOTTLE (63304-692-03),"Decreased Sebaceous Gland Activity [PE], Lincosamide Antibacterial [EPC], Lincosamides [CS], Neuromuscular Blockade [PE]",N/A,No,12/31/2027
Clindamycin hydrochloride,63304-693-03,300 mg/1,CAPSULE,ORAL,ANDA065061,"Sun Pharmaceutical Industries, Inc.",63304-693,Clindamycin hydrochloride,CLINDAMYCIN HYDROCHLORIDE,HUMAN PRESCRIPTION DRUG,03/23/2001,N/A,ANDA,10 CAPSULE in 1 BOTTLE (63304-693-03),"Decreased Sebaceous Gland Activity [PE], Lincosamide Antibacterial [EPC], Lincosamides [CS], Neuromuscular Blockade [PE]",N/A,No,12/31/2027
Clindamycin hydrochloride,63304-693-05,300 mg/1,CAPSULE,ORAL,ANDA065061,"Sun Pharmaceutical Industries, Inc.",63304-693,Clindamycin hydrochloride,CLINDAMYCIN HYDROCHLORIDE,HUMAN PRESCRIPTION DRUG,03/23/2001,N/A,ANDA,500 CAPSULE in 1 BOTTLE (63304-693-05),"Decreased Sebaceous Gland Activity [PE], Lincosamide Antibacterial [EPC], Lincosamides [CS], Neuromuscular Blockade [PE]",N/A,No,12/31/2027
Clindamycin hydrochloride,63304-693-01,300 mg/1,CAPSULE,ORAL,ANDA065061,"Sun Pharmaceutical Industries, Inc.",63304-693,Clindamycin hydrochloride,CLINDAMYCIN HYDROCHLORIDE,HUMAN PRESCRIPTION DRUG,03/23/2001,N/A,ANDA,100 CAPSULE in 1 BOTTLE (63304-693-01),"Decreased Sebaceous Gland Activity [PE], Lincosamide Antibacterial [EPC], Lincosamides [CS], Neuromuscular Blockade [PE]",N/A,No,12/31/2027
Clindamycin hydrochloride,63304-693-16,300 mg/1,CAPSULE,ORAL,ANDA065061,"Sun Pharmaceutical Industries, Inc.",63304-693,Clindamycin hydrochloride,CLINDAMYCIN HYDROCHLORIDE,HUMAN PRESCRIPTION DRUG,03/23/2001,N/A,ANDA,16 CAPSULE in 1 BOTTLE (63304-693-16),"Decreased Sebaceous Gland Activity [PE], Lincosamide Antibacterial [EPC], Lincosamides [CS], Neuromuscular Blockade [PE]",N/A,No,12/31/2027
Clindamycin hydrochloride,63304-693-77,300 mg/1,CAPSULE,ORAL,ANDA065061,"Sun Pharmaceutical Industries, Inc.",63304-693,Clindamycin hydrochloride,CLINDAMYCIN HYDROCHLORIDE,HUMAN PRESCRIPTION DRUG,03/23/2001,N/A,ANDA,100 CAPSULE in 1 CARTON (63304-693-77),"Decreased Sebaceous Gland Activity [PE], Lincosamide Antibacterial [EPC], Lincosamides [CS], Neuromuscular Blockade [PE]",N/A,No,12/31/2027
Clindamycin Hydrochloride,65862-185-05,150 mg/1,CAPSULE,ORAL,ANDA065442,Aurobindo Pharma Limited,65862-185,Clindamycin Hydrochloride,CLINDAMYCIN HYDROCHLORIDE,HUMAN PRESCRIPTION DRUG,08/26/2009,N/A,ANDA,500 CAPSULE in 1 BOTTLE (65862-185-05),"Decreased Sebaceous Gland Activity [PE], Lincosamide Antibacterial [EPC], Lincosamides [CS], Neuromuscular Blockade [PE]",N/A,No,12/31/2027
Clindamycin Hydrochloride,65862-185-01,150 mg/1,CAPSULE,ORAL,ANDA065442,Aurobindo Pharma Limited,65862-185,Clindamycin Hydrochloride,CLINDAMYCIN HYDROCHLORIDE,HUMAN PRESCRIPTION DRUG,08/26/2009,N/A,ANDA,100 CAPSULE in 1 BOTTLE (65862-185-01),"Decreased Sebaceous Gland Activity [PE], Lincosamide Antibacterial [EPC], Lincosamides [CS], Neuromuscular Blockade [PE]",N/A,No,12/31/2027
Clindamycin Hydrochloride,65862-186-16,300 mg/1,CAPSULE,ORAL,ANDA065442,Aurobindo Pharma Limited,65862-186,Clindamycin Hydrochloride,CLINDAMYCIN HYDROCHLORIDE,HUMAN PRESCRIPTION DRUG,08/26/2009,N/A,ANDA,16 CAPSULE in 1 BOTTLE (65862-186-16),"Decreased Sebaceous Gland Activity [PE], Lincosamide Antibacterial [EPC], Lincosamides [CS], Neuromuscular Blockade [PE]",N/A,No,12/31/2027
Clindamycin Hydrochloride,65862-186-05,300 mg/1,CAPSULE,ORAL,ANDA065442,Aurobindo Pharma Limited,65862-186,Clindamycin Hydrochloride,CLINDAMYCIN HYDROCHLORIDE,HUMAN PRESCRIPTION DRUG,08/26/2009,N/A,ANDA,500 CAPSULE in 1 BOTTLE (65862-186-05),"Decreased Sebaceous Gland Activity [PE], Lincosamide Antibacterial [EPC], Lincosamides [CS], Neuromuscular Blockade [PE]",N/A,No,12/31/2027
Clindamycin Hydrochloride,65862-186-01,300 mg/1,CAPSULE,ORAL,ANDA065442,Aurobindo Pharma Limited,65862-186,Clindamycin Hydrochloride,CLINDAMYCIN HYDROCHLORIDE,HUMAN PRESCRIPTION DRUG,08/26/2009,N/A,ANDA,100 CAPSULE in 1 BOTTLE (65862-186-01),"Decreased Sebaceous Gland Activity [PE], Lincosamide Antibacterial [EPC], Lincosamides [CS], Neuromuscular Blockade [PE]",N/A,No,12/31/2027
Clindamycin Hydrochloride,67046-2073-3,300 mg/1,CAPSULE,ORAL,ANDA216957,Coupler LLC,67046-2073,Clindamycin Hydrochloride,CLINDAMYCIN HYDROCHLORIDE,HUMAN PRESCRIPTION DRUG,04/29/2026,N/A,ANDA,30 CAPSULE in 1 BLISTER PACK (67046-2073-3),"Decreased Sebaceous Gland Activity [PE], Lincosamide Antibacterial [EPC], Lincosamides [CS], Neuromuscular Blockade [PE]",N/A,No,12/31/2027
Clindamycin Hydrochloride,67296-0940-3,300 mg/1,CAPSULE,ORAL,ANDA065442,Redpharm Drug,67296-0940,Clindamycin Hydrochloride,CLINDAMYCIN HYDROCHLORIDE,HUMAN PRESCRIPTION DRUG,08/26/2009,N/A,ANDA,30 CAPSULE in 1 BOTTLE (67296-0940-3),"Decreased Sebaceous Gland Activity [PE], Lincosamide Antibacterial [EPC], Lincosamides [CS], Neuromuscular Blockade [PE]",N/A,No,12/31/2026
Clindamycin Hydrochloride,67296-0940-1,300 mg/1,CAPSULE,ORAL,ANDA065442,Redpharm Drug,67296-0940,Clindamycin Hydrochloride,CLINDAMYCIN HYDROCHLORIDE,HUMAN PRESCRIPTION DRUG,08/26/2009,N/A,ANDA,40 CAPSULE in 1 BOTTLE (67296-0940-1),"Decreased Sebaceous Gland Activity [PE], Lincosamide Antibacterial [EPC], Lincosamides [CS], Neuromuscular Blockade [PE]",N/A,No,12/31/2026
Clindamycin Hydrochloride,67296-0940-2,300 mg/1,CAPSULE,ORAL,ANDA065442,Redpharm Drug,67296-0940,Clindamycin Hydrochloride,CLINDAMYCIN HYDROCHLORIDE,HUMAN PRESCRIPTION DRUG,08/26/2009,N/A,ANDA,28 CAPSULE in 1 BOTTLE (67296-0940-2),"Decreased Sebaceous Gland Activity [PE], Lincosamide Antibacterial [EPC], Lincosamides [CS], Neuromuscular Blockade [PE]",N/A,No,12/31/2026
Clindamycin Hydrochloride,67296-0940-4,300 mg/1,CAPSULE,ORAL,ANDA065442,Redpharm Drug,67296-0940,Clindamycin Hydrochloride,CLINDAMYCIN HYDROCHLORIDE,HUMAN PRESCRIPTION DRUG,08/26/2009,N/A,ANDA,21 CAPSULE in 1 BOTTLE (67296-0940-4),"Decreased Sebaceous Gland Activity [PE], Lincosamide Antibacterial [EPC], Lincosamides [CS], Neuromuscular Blockade [PE]",N/A,No,12/31/2026
CLINDAMYCIN HYDROCHLORIDE,67296-1749-4,300 mg/1,CAPSULE,ORAL,ANDA207402,"RedPharm Drug, Inc.",67296-1749,Clindamycin hydrochloride,CLINDAMYCIN HYDROCHLORIDE,HUMAN PRESCRIPTION DRUG,01/01/2020,N/A,ANDA,30 CAPSULE in 1 BOTTLE (67296-1749-4),"Decreased Sebaceous Gland Activity [PE], Lincosamide Antibacterial [EPC], Lincosamides [CS], Neuromuscular Blockade [PE]",N/A,No,12/31/2027
CLINDAMYCIN HYDROCHLORIDE,67296-1749-7,300 mg/1,CAPSULE,ORAL,ANDA207402,"RedPharm Drug, Inc.",67296-1749,Clindamycin hydrochloride,CLINDAMYCIN HYDROCHLORIDE,HUMAN PRESCRIPTION DRUG,01/01/2020,N/A,ANDA,28 CAPSULE in 1 BOTTLE (67296-1749-7),"Decreased Sebaceous Gland Activity [PE], Lincosamide Antibacterial [EPC], Lincosamides [CS], Neuromuscular Blockade [PE]",N/A,No,12/31/2027
CLINDAMYCIN HYDROCHLORIDE,67296-1749-3,300 mg/1,CAPSULE,ORAL,ANDA207402,"RedPharm Drug, Inc.",67296-1749,Clindamycin hydrochloride,CLINDAMYCIN HYDROCHLORIDE,HUMAN PRESCRIPTION DRUG,01/01/2020,N/A,ANDA,40 CAPSULE in 1 BOTTLE (67296-1749-3),"Decreased Sebaceous Gland Activity [PE], Lincosamide Antibacterial [EPC], Lincosamides [CS], Neuromuscular Blockade [PE]",N/A,No,12/31/2027
CLINDAMYCIN HYDROCHLORIDE,67296-1749-2,300 mg/1,CAPSULE,ORAL,ANDA207402,"RedPharm Drug, Inc.",67296-1749,Clindamycin hydrochloride,CLINDAMYCIN HYDROCHLORIDE,HUMAN PRESCRIPTION DRUG,01/01/2020,N/A,ANDA,21 CAPSULE in 1 BOTTLE (67296-1749-2),"Decreased Sebaceous Gland Activity [PE], Lincosamide Antibacterial [EPC], Lincosamides [CS], Neuromuscular Blockade [PE]",N/A,No,12/31/2027
Clindamycin Hydrochloride,67296-2149-3,300 mg/1,CAPSULE,ORAL,ANDA216957,Redpharm Drug,67296-2149,Clindamycin Hydrochloride,CLINDAMYCIN HYDROCHLORIDE,HUMAN PRESCRIPTION DRUG,03/10/2023,N/A,ANDA,30 CAPSULE in 1 BOTTLE (67296-2149-3),"Decreased Sebaceous Gland Activity [PE], Lincosamide Antibacterial [EPC], Lincosamides [CS], Neuromuscular Blockade [PE]",N/A,No,12/31/2026
Clindamycin Hydrochloride,67296-2149-2,300 mg/1,CAPSULE,ORAL,ANDA216957,Redpharm Drug,67296-2149,Clindamycin Hydrochloride,CLINDAMYCIN HYDROCHLORIDE,HUMAN PRESCRIPTION DRUG,03/10/2023,N/A,ANDA,28 CAPSULE in 1 BOTTLE (67296-2149-2),"Decreased Sebaceous Gland Activity [PE], Lincosamide Antibacterial [EPC], Lincosamides [CS], Neuromuscular Blockade [PE]",N/A,No,12/31/2026
Clindamycin Hydrochloride,67296-2149-4,300 mg/1,CAPSULE,ORAL,ANDA216957,Redpharm Drug,67296-2149,Clindamycin Hydrochloride,CLINDAMYCIN HYDROCHLORIDE,HUMAN PRESCRIPTION DRUG,03/10/2023,N/A,ANDA,40 CAPSULE in 1 BOTTLE (67296-2149-4),"Decreased Sebaceous Gland Activity [PE], Lincosamide Antibacterial [EPC], Lincosamides [CS], Neuromuscular Blockade [PE]",N/A,No,12/31/2026
Clindamycin Hydrochloride,67296-2149-1,300 mg/1,CAPSULE,ORAL,ANDA216957,Redpharm Drug,67296-2149,Clindamycin Hydrochloride,CLINDAMYCIN HYDROCHLORIDE,HUMAN PRESCRIPTION DRUG,03/10/2023,N/A,ANDA,21 CAPSULE in 1 BOTTLE (67296-2149-1),"Decreased Sebaceous Gland Activity [PE], Lincosamide Antibacterial [EPC], Lincosamides [CS], Neuromuscular Blockade [PE]",N/A,No,12/31/2026
Clindamycin hydrochloride,68071-2286-4,150 mg/1,CAPSULE,ORAL,ANDA207402,"NuCare Pharmaceuticals,Inc.",68071-2286,Clindamycin hydrochloride,CLINDAMYCIN HYDROCHLORIDE,HUMAN PRESCRIPTION DRUG,10/28/2020,N/A,ANDA,4 CAPSULE in 1 BOTTLE (68071-2286-4),"Decreased Sebaceous Gland Activity [PE], Lincosamide Antibacterial [EPC], Lincosamides [CS], Neuromuscular Blockade [PE]",N/A,No,12/31/2026
CLINDAMYCIN HYDROCHLORIDE,68071-2346-9,300 mg/1,CAPSULE,ORAL,ANDA207402,"NuCare Pharmaceuticals,Inc.",68071-2346,Clindamycin hydrochloride,CLINDAMYCIN HYDROCHLORIDE,HUMAN PRESCRIPTION DRUG,02/05/2021,N/A,ANDA,9 CAPSULE in 1 BOTTLE (68071-2346-9),"Decreased Sebaceous Gland Activity [PE], Lincosamide Antibacterial [EPC], Lincosamides [CS], Neuromuscular Blockade [PE]",N/A,No,12/31/2027
CLINDAMYCIN HYDROCHLORIDE,68071-2372-1,150 mg/1,CAPSULE,ORAL,ANDA207402,"NuCare Pharmaceuticals,Inc.",68071-2372,Clindamycin hydrochloride,CLINDAMYCIN HYDROCHLORIDE,HUMAN PRESCRIPTION DRUG,03/19/2021,N/A,ANDA,100 CAPSULE in 1 BOTTLE (68071-2372-1),"Decreased Sebaceous Gland Activity [PE], Lincosamide Antibacterial [EPC], Lincosamides [CS], Neuromuscular Blockade [PE]",N/A,No,12/31/2027
Clindamycin Hydrochloride,68071-3577-4,300 mg/1,CAPSULE,ORAL,ANDA216957,"NuCare Pharmaceuticals,Inc.",68071-3577,Clindamycin Hydrochloride,CLINDAMYCIN HYDROCHLORIDE,HUMAN PRESCRIPTION DRUG,02/21/2024,N/A,ANDA,40 CAPSULE in 1 BOTTLE (68071-3577-4),"Decreased Sebaceous Gland Activity [PE], Lincosamide Antibacterial [EPC], Lincosamides [CS], Neuromuscular Blockade [PE]",N/A,No,12/31/2026
Clindamycin Hydrochloride,68071-3577-1,300 mg/1,CAPSULE,ORAL,ANDA216957,"NuCare Pharmaceuticals,Inc.",68071-3577,Clindamycin Hydrochloride,CLINDAMYCIN HYDROCHLORIDE,HUMAN PRESCRIPTION DRUG,02/21/2024,N/A,ANDA,14 CAPSULE in 1 BOTTLE (68071-3577-1),"Decreased Sebaceous Gland Activity [PE], Lincosamide Antibacterial [EPC], Lincosamides [CS], Neuromuscular Blockade [PE]",N/A,No,12/31/2026
Clindamycin Hydrochloride,68071-3577-2,300 mg/1,CAPSULE,ORAL,ANDA216957,"NuCare Pharmaceuticals,Inc.",68071-3577,Clindamycin Hydrochloride,CLINDAMYCIN HYDROCHLORIDE,HUMAN PRESCRIPTION DRUG,02/21/2024,N/A,ANDA,20 CAPSULE in 1 BOTTLE (68071-3577-2),"Decreased Sebaceous Gland Activity [PE], Lincosamide Antibacterial [EPC], Lincosamides [CS], Neuromuscular Blockade [PE]",N/A,No,12/31/2026
Clindamycin Hydrochloride,68071-3577-3,300 mg/1,CAPSULE,ORAL,ANDA216957,"NuCare Pharmaceuticals,Inc.",68071-3577,Clindamycin Hydrochloride,CLINDAMYCIN HYDROCHLORIDE,HUMAN PRESCRIPTION DRUG,02/21/2024,N/A,ANDA,30 CAPSULE in 1 BOTTLE (68071-3577-3),"Decreased Sebaceous Gland Activity [PE], Lincosamide Antibacterial [EPC], Lincosamides [CS], Neuromuscular Blockade [PE]",N/A,No,12/31/2026
Clindamycin Hydrochloride,68071-3577-7,300 mg/1,CAPSULE,ORAL,ANDA216957,"NuCare Pharmaceuticals,Inc.",68071-3577,Clindamycin Hydrochloride,CLINDAMYCIN HYDROCHLORIDE,HUMAN PRESCRIPTION DRUG,09/03/2024,N/A,ANDA,21 CAPSULE in 1 BOTTLE (68071-3577-7),"Decreased Sebaceous Gland Activity [PE], Lincosamide Antibacterial [EPC], Lincosamides [CS], Neuromuscular Blockade [PE]",N/A,No,12/31/2026
Clindamycin Hydrochloride,68071-3582-3,150 mg/1,CAPSULE,ORAL,ANDA216957,"NuCare Pharmaceuticals,Inc.",68071-3582,Clindamycin Hydrochloride,CLINDAMYCIN HYDROCHLORIDE,HUMAN PRESCRIPTION DRUG,03/04/2024,N/A,ANDA,30 CAPSULE in 1 BOTTLE (68071-3582-3),"Decreased Sebaceous Gland Activity [PE], Lincosamide Antibacterial [EPC], Lincosamides [CS], Neuromuscular Blockade [PE]",N/A,No,12/31/2026
Clindamycin Hydrochloride,68071-3582-1,150 mg/1,CAPSULE,ORAL,ANDA216957,"NuCare Pharmaceuticals,Inc.",68071-3582,Clindamycin Hydrochloride,CLINDAMYCIN HYDROCHLORIDE,HUMAN PRESCRIPTION DRUG,04/25/2025,N/A,ANDA,21 CAPSULE in 1 BOTTLE (68071-3582-1),"Decreased Sebaceous Gland Activity [PE], Lincosamide Antibacterial [EPC], Lincosamides [CS], Neuromuscular Blockade [PE]",N/A,No,12/31/2026
Clindamycin Hydrochloride,68071-3582-6,150 mg/1,CAPSULE,ORAL,ANDA216957,"NuCare Pharmaceuticals,Inc.",68071-3582,Clindamycin Hydrochloride,CLINDAMYCIN HYDROCHLORIDE,HUMAN PRESCRIPTION DRUG,11/08/2024,N/A,ANDA,60 CAPSULE in 1 BOTTLE (68071-3582-6),"Decreased Sebaceous Gland Activity [PE], Lincosamide Antibacterial [EPC], Lincosamides [CS], Neuromuscular Blockade [PE]",N/A,No,12/31/2026
Clindamycin Hydrochloride,68071-3582-4,150 mg/1,CAPSULE,ORAL,ANDA216957,"NuCare Pharmaceuticals,Inc.",68071-3582,Clindamycin Hydrochloride,CLINDAMYCIN HYDROCHLORIDE,HUMAN PRESCRIPTION DRUG,01/28/2025,N/A,ANDA,14 CAPSULE in 1 BOTTLE (68071-3582-4),"Decreased Sebaceous Gland Activity [PE], Lincosamide Antibacterial [EPC], Lincosamides [CS], Neuromuscular Blockade [PE]",N/A,No,12/31/2026
Clindamycin Hydrochloride,68071-3582-7,150 mg/1,CAPSULE,ORAL,ANDA216957,"NuCare Pharmaceuticals,Inc.",68071-3582,Clindamycin Hydrochloride,CLINDAMYCIN HYDROCHLORIDE,HUMAN PRESCRIPTION DRUG,02/13/2025,N/A,ANDA,40 CAPSULE in 1 BOTTLE (68071-3582-7),"Decreased Sebaceous Gland Activity [PE], Lincosamide Antibacterial [EPC], Lincosamides [CS], Neuromuscular Blockade [PE]",N/A,No,12/31/2026
Clindamycin Hydrochloride,68071-3657-1,150 mg/1,CAPSULE,ORAL,ANDA216957,"NuCare Pharmaceuticals, Inc.",68071-3657,Clindamycin Hydrochloride,CLINDAMYCIN HYDROCHLORIDE,HUMAN PRESCRIPTION DRUG,09/20/2024,N/A,ANDA,100 CAPSULE in 1 BOTTLE (68071-3657-1),"Decreased Sebaceous Gland Activity [PE], Lincosamide Antibacterial [EPC], Lincosamides [CS], Neuromuscular Blockade [PE]",N/A,No,12/31/2026
Clindamycin Hydrochloride,68071-3681-6,150 mg/1,CAPSULE,ORAL,ANDA216957,"NuCare Pharmaceuticals, Inc.",68071-3681,Clindamycin Hydrochloride,CLINDAMYCIN HYDROCHLORIDE,HUMAN PRESCRIPTION DRUG,09/06/2024,N/A,ANDA,6 CAPSULE in 1 BOTTLE (68071-3681-6),"Decreased Sebaceous Gland Activity [PE], Lincosamide Antibacterial [EPC], Lincosamides [CS], Neuromuscular Blockade [PE]",N/A,No,12/31/2026
Clindamycin Hydrochloride,68071-3681-4,150 mg/1,CAPSULE,ORAL,ANDA216957,"NuCare Pharmaceuticals, Inc.",68071-3681,Clindamycin Hydrochloride,CLINDAMYCIN HYDROCHLORIDE,HUMAN PRESCRIPTION DRUG,10/08/2024,N/A,ANDA,4 CAPSULE in 1 BOTTLE (68071-3681-4),"Decreased Sebaceous Gland Activity [PE], Lincosamide Antibacterial [EPC], Lincosamides [CS], Neuromuscular Blockade [PE]",N/A,No,12/31/2026
Clindamycin hydrochloride,68071-3939-6,150 mg/1,CAPSULE,ORAL,ANDA065061,"NuCare Pharmaceuticals, Inc.",68071-3939,Clindamycin hydrochloride,CLINDAMYCIN HYDROCHLORIDE,HUMAN PRESCRIPTION DRUG,12/30/2025,N/A,ANDA,6 CAPSULE in 1 BOTTLE (68071-3939-6),"Decreased Sebaceous Gland Activity [PE], Lincosamide Antibacterial [EPC], Lincosamides [CS], Neuromuscular Blockade [PE]",N/A,No,12/31/2026
Clindamycin Hydrochloride,68071-3983-9,300 mg/1,CAPSULE,ORAL,ANDA216957,"NuCare Pharmaceuticals, Inc.",68071-3983,Clindamycin Hydrochloride,CLINDAMYCIN HYDROCHLORIDE,HUMAN PRESCRIPTION DRUG,04/09/2026,N/A,ANDA,9 CAPSULE in 1 BOTTLE (68071-3983-9),"Decreased Sebaceous Gland Activity [PE], Lincosamide Antibacterial [EPC], Lincosamides [CS], Neuromuscular Blockade [PE]",N/A,No,12/31/2027
Clindamycin hydrochloride,68071-4257-1,300 mg/1,CAPSULE,ORAL,ANDA065061,"NuCare Pharmaceuticals,Inc.",68071-4257,Clindamycin hydrochloride,CLINDAMYCIN HYDROCHLORIDE,HUMAN PRESCRIPTION DRUG,01/29/2018,N/A,ANDA,14 CAPSULE in 1 BOTTLE (68071-4257-1),"Decreased Sebaceous Gland Activity [PE], Lincosamide Antibacterial [EPC], Lincosamides [CS], Neuromuscular Blockade [PE]",N/A,No,12/31/2026
Clindamycin hydrochloride,68071-4257-9,300 mg/1,CAPSULE,ORAL,ANDA065061,"NuCare Pharmaceuticals,Inc.",68071-4257,Clindamycin hydrochloride,CLINDAMYCIN HYDROCHLORIDE,HUMAN PRESCRIPTION DRUG,01/29/2018,N/A,ANDA,90 CAPSULE in 1 BOTTLE (68071-4257-9),"Decreased Sebaceous Gland Activity [PE], Lincosamide Antibacterial [EPC], Lincosamides [CS], Neuromuscular Blockade [PE]",N/A,No,12/31/2026
Clindamycin hydrochloride,68071-4257-8,300 mg/1,CAPSULE,ORAL,ANDA065061,"NuCare Pharmaceuticals,Inc.",68071-4257,Clindamycin hydrochloride,CLINDAMYCIN HYDROCHLORIDE,HUMAN PRESCRIPTION DRUG,01/29/2018,N/A,ANDA,28 CAPSULE in 1 BOTTLE (68071-4257-8),"Decreased Sebaceous Gland Activity [PE], Lincosamide Antibacterial [EPC], Lincosamides [CS], Neuromuscular Blockade [PE]",N/A,No,12/31/2026
Clindamycin hydrochloride,68071-4257-2,300 mg/1,CAPSULE,ORAL,ANDA065061,"NuCare Pharmaceuticals,Inc.",68071-4257,Clindamycin hydrochloride,CLINDAMYCIN HYDROCHLORIDE,HUMAN PRESCRIPTION DRUG,01/29/2018,N/A,ANDA,20 CAPSULE in 1 BOTTLE (68071-4257-2),"Decreased Sebaceous Gland Activity [PE], Lincosamide Antibacterial [EPC], Lincosamides [CS], Neuromuscular Blockade [PE]",N/A,No,12/31/2026
Clindamycin hydrochloride,68071-4257-3,300 mg/1,CAPSULE,ORAL,ANDA065061,"NuCare Pharmaceuticals,Inc.",68071-4257,Clindamycin hydrochloride,CLINDAMYCIN HYDROCHLORIDE,HUMAN PRESCRIPTION DRUG,01/29/2018,N/A,ANDA,30 CAPSULE in 1 BOTTLE (68071-4257-3),"Decreased Sebaceous Gland Activity [PE], Lincosamide Antibacterial [EPC], Lincosamides [CS], Neuromuscular Blockade [PE]",N/A,No,12/31/2026
Clindamycin hydrochloride,68071-4257-4,300 mg/1,CAPSULE,ORAL,ANDA065061,"NuCare Pharmaceuticals,Inc.",68071-4257,Clindamycin hydrochloride,CLINDAMYCIN HYDROCHLORIDE,HUMAN PRESCRIPTION DRUG,01/29/2018,N/A,ANDA,40 CAPSULE in 1 BOTTLE (68071-4257-4),"Decreased Sebaceous Gland Activity [PE], Lincosamide Antibacterial [EPC], Lincosamides [CS], Neuromuscular Blockade [PE]",N/A,No,12/31/2026
Clindamycin hydrochloride,68071-4257-7,300 mg/1,CAPSULE,ORAL,ANDA065061,"NuCare Pharmaceuticals,Inc.",68071-4257,Clindamycin hydrochloride,CLINDAMYCIN HYDROCHLORIDE,HUMAN PRESCRIPTION DRUG,01/29/2018,N/A,ANDA,21 CAPSULE in 1 BOTTLE (68071-4257-7),"Decreased Sebaceous Gland Activity [PE], Lincosamide Antibacterial [EPC], Lincosamides [CS], Neuromuscular Blockade [PE]",N/A,No,12/31/2026
Clindamycin hydrochloride,68071-4335-2,150 mg/1,CAPSULE,ORAL,ANDA065061,"NuCare Pharmaceuticals,Inc.",68071-4335,Clindamycin hydrochloride,CLINDAMYCIN HYDROCHLORIDE,HUMAN PRESCRIPTION DRUG,03/16/2018,N/A,ANDA,20 CAPSULE in 1 BOTTLE (68071-4335-2),"Decreased Sebaceous Gland Activity [PE], Lincosamide Antibacterial [EPC], Lincosamides [CS], Neuromuscular Blockade [PE]",N/A,No,12/31/2026
Clindamycin hydrochloride,68071-4335-1,150 mg/1,CAPSULE,ORAL,ANDA065061,"NuCare Pharmaceuticals,Inc.",68071-4335,Clindamycin hydrochloride,CLINDAMYCIN HYDROCHLORIDE,HUMAN PRESCRIPTION DRUG,03/16/2018,N/A,ANDA,21 CAPSULE in 1 BOTTLE (68071-4335-1),"Decreased Sebaceous Gland Activity [PE], Lincosamide Antibacterial [EPC], Lincosamides [CS], Neuromuscular Blockade [PE]",N/A,No,12/31/2026
Clindamycin hydrochloride,68071-4335-4,150 mg/1,CAPSULE,ORAL,ANDA065061,"NuCare Pharmaceuticals,Inc.",68071-4335,Clindamycin hydrochloride,CLINDAMYCIN HYDROCHLORIDE,HUMAN PRESCRIPTION DRUG,03/16/2018,N/A,ANDA,40 CAPSULE in 1 BOTTLE (68071-4335-4),"Decreased Sebaceous Gland Activity [PE], Lincosamide Antibacterial [EPC], Lincosamides [CS], Neuromuscular Blockade [PE]",N/A,No,12/31/2026
Clindamycin hydrochloride,68071-4335-3,150 mg/1,CAPSULE,ORAL,ANDA065061,"NuCare Pharmaceuticals,Inc.",68071-4335,Clindamycin hydrochloride,CLINDAMYCIN HYDROCHLORIDE,HUMAN PRESCRIPTION DRUG,03/16/2018,N/A,ANDA,30 CAPSULE in 1 BOTTLE (68071-4335-3),"Decreased Sebaceous Gland Activity [PE], Lincosamide Antibacterial [EPC], Lincosamides [CS], Neuromuscular Blockade [PE]",N/A,No,12/31/2026
Clindamycin hydrochloride,68071-4335-6,150 mg/1,CAPSULE,ORAL,ANDA065061,"NuCare Pharmaceuticals,Inc.",68071-4335,Clindamycin hydrochloride,CLINDAMYCIN HYDROCHLORIDE,HUMAN PRESCRIPTION DRUG,03/16/2018,N/A,ANDA,60 CAPSULE in 1 BOTTLE (68071-4335-6),"Decreased Sebaceous Gland Activity [PE], Lincosamide Antibacterial [EPC], Lincosamides [CS], Neuromuscular Blockade [PE]",N/A,No,12/31/2026
Clindamycin hydrochloride,68071-4335-7,150 mg/1,CAPSULE,ORAL,ANDA065061,"NuCare Pharmaceuticals,Inc.",68071-4335,Clindamycin hydrochloride,CLINDAMYCIN HYDROCHLORIDE,HUMAN PRESCRIPTION DRUG,03/16/2018,N/A,ANDA,42 CAPSULE in 1 BOTTLE (68071-4335-7),"Decreased Sebaceous Gland Activity [PE], Lincosamide Antibacterial [EPC], Lincosamides [CS], Neuromuscular Blockade [PE]",N/A,No,12/31/2026
Clindamycin hydrochloride,68071-4335-0,150 mg/1,CAPSULE,ORAL,ANDA065061,"NuCare Pharmaceuticals,Inc.",68071-4335,Clindamycin hydrochloride,CLINDAMYCIN HYDROCHLORIDE,HUMAN PRESCRIPTION DRUG,03/16/2018,N/A,ANDA,4 CAPSULE in 1 BOTTLE (68071-4335-0),"Decreased Sebaceous Gland Activity [PE], Lincosamide Antibacterial [EPC], Lincosamides [CS], Neuromuscular Blockade [PE]",N/A,No,12/31/2026
Clindamycin hydrochloride,68071-4335-8,150 mg/1,CAPSULE,ORAL,ANDA065061,"NuCare Pharmaceuticals,Inc.",68071-4335,Clindamycin hydrochloride,CLINDAMYCIN HYDROCHLORIDE,HUMAN PRESCRIPTION DRUG,03/16/2018,N/A,ANDA,28 CAPSULE in 1 BOTTLE (68071-4335-8),"Decreased Sebaceous Gland Activity [PE], Lincosamide Antibacterial [EPC], Lincosamides [CS], Neuromuscular Blockade [PE]",N/A,No,12/31/2026
CLINDAMYCIN HYDROCHLORIDE,68071-5174-2,300 mg/1,CAPSULE,ORAL,ANDA207402,"NuCare Pharmaceuticals,Inc.",68071-5174,Clindamycin hydrochloride,CLINDAMYCIN HYDROCHLORIDE,HUMAN PRESCRIPTION DRUG,02/12/2020,N/A,ANDA,20 CAPSULE in 1 BOTTLE (68071-5174-2),"Decreased Sebaceous Gland Activity [PE], Lincosamide Antibacterial [EPC], Lincosamides [CS], Neuromuscular Blockade [PE]",N/A,No,12/31/2026
CLINDAMYCIN HYDROCHLORIDE,68071-5189-4,150 mg/1,CAPSULE,ORAL,ANDA207402,"NuCare Pharmaceuticals,Inc.",68071-5189,Clindamycin hydrochloride,CLINDAMYCIN HYDROCHLORIDE,HUMAN PRESCRIPTION DRUG,03/02/2020,N/A,ANDA,40 CAPSULE in 1 BOTTLE (68071-5189-4),"Decreased Sebaceous Gland Activity [PE], Lincosamide Antibacterial [EPC], Lincosamides [CS], Neuromuscular Blockade [PE]",N/A,No,12/31/2026
CLINDAMYCIN HYDROCHLORIDE,68071-5189-1,150 mg/1,CAPSULE,ORAL,ANDA207402,"NuCare Pharmaceuticals,Inc.",68071-5189,Clindamycin hydrochloride,CLINDAMYCIN HYDROCHLORIDE,HUMAN PRESCRIPTION DRUG,03/02/2020,N/A,ANDA,21 CAPSULE in 1 BOTTLE (68071-5189-1),"Decreased Sebaceous Gland Activity [PE], Lincosamide Antibacterial [EPC], Lincosamides [CS], Neuromuscular Blockade [PE]",N/A,No,12/31/2026
CLINDAMYCIN HYDROCHLORIDE,68071-5189-3,150 mg/1,CAPSULE,ORAL,ANDA207402,"NuCare Pharmaceuticals,Inc.",68071-5189,Clindamycin hydrochloride,CLINDAMYCIN HYDROCHLORIDE,HUMAN PRESCRIPTION DRUG,03/02/2020,N/A,ANDA,30 CAPSULE in 1 BOTTLE (68071-5189-3),"Decreased Sebaceous Gland Activity [PE], Lincosamide Antibacterial [EPC], Lincosamides [CS], Neuromuscular Blockade [PE]",N/A,No,12/31/2026
CLINDAMYCIN HYDROCHLORIDE,68071-5189-8,150 mg/1,CAPSULE,ORAL,ANDA207402,"NuCare Pharmaceuticals,Inc.",68071-5189,Clindamycin hydrochloride,CLINDAMYCIN HYDROCHLORIDE,HUMAN PRESCRIPTION DRUG,03/02/2020,N/A,ANDA,28 CAPSULE in 1 BOTTLE (68071-5189-8),"Decreased Sebaceous Gland Activity [PE], Lincosamide Antibacterial [EPC], Lincosamides [CS], Neuromuscular Blockade [PE]",N/A,No,12/31/2026
Clindamycin Hydrochloride,68084-243-01,150 mg/1,CAPSULE,ORAL,ANDA065061,American Health Packaging,68084-243,Clindamycin Hydrochloride,CLINDAMYCIN HYDROCHLORIDE,HUMAN PRESCRIPTION DRUG,05/02/2008,N/A,ANDA,"100 BLISTER PACK in 1 BOX, UNIT-DOSE (68084-243-01) / 1 CAPSULE in 1 BLISTER PACK (68084-243-11)","Decreased Sebaceous Gland Activity [PE], Lincosamide Antibacterial [EPC], Lincosamides [CS], Neuromuscular Blockade [PE]",N/A,No,12/31/2026
Clindamycin Hydrochloride,68084-244-01,300 mg/1,CAPSULE,ORAL,ANDA065061,American Health Packaging,68084-244,Clindamycin Hydrochloride,CLINDAMYCIN HYDROCHLORIDE,HUMAN PRESCRIPTION DRUG,05/02/2008,N/A,ANDA,"100 BLISTER PACK in 1 BOX, UNIT-DOSE (68084-244-01) / 1 CAPSULE in 1 BLISTER PACK (68084-244-11)","Decreased Sebaceous Gland Activity [PE], Lincosamide Antibacterial [EPC], Lincosamides [CS], Neuromuscular Blockade [PE]",N/A,No,12/31/2026
Clindamycin Hydrochloride,68462-142-01,75 mg/1,CAPSULE,ORAL,ANDA216957,"GLENMARK PHARMACEUTICALS INC., USA",68462-142,Clindamycin Hydrochloride,CLINDAMYCIN HYDROCHLORIDE,HUMAN PRESCRIPTION DRUG,03/10/2023,N/A,ANDA,100 CAPSULE in 1 BOTTLE (68462-142-01),"Decreased Sebaceous Gland Activity [PE], Lincosamide Antibacterial [EPC], Lincosamides [CS], Neuromuscular Blockade [PE]",N/A,No,12/31/2027
Clindamycin Hydrochloride,68462-143-01,150 mg/1,CAPSULE,ORAL,ANDA216957,"GLENMARK PHARMACEUTICALS INC., USA",68462-143,Clindamycin Hydrochloride,CLINDAMYCIN HYDROCHLORIDE,HUMAN PRESCRIPTION DRUG,03/10/2023,N/A,ANDA,100 CAPSULE in 1 BOTTLE (68462-143-01),"Decreased Sebaceous Gland Activity [PE], Lincosamide Antibacterial [EPC], Lincosamides [CS], Neuromuscular Blockade [PE]",N/A,No,12/31/2027
Clindamycin Hydrochloride,68462-143-05,150 mg/1,CAPSULE,ORAL,ANDA216957,"GLENMARK PHARMACEUTICALS INC., USA",68462-143,Clindamycin Hydrochloride,CLINDAMYCIN HYDROCHLORIDE,HUMAN PRESCRIPTION DRUG,03/10/2023,N/A,ANDA,500 CAPSULE in 1 BOTTLE (68462-143-05),"Decreased Sebaceous Gland Activity [PE], Lincosamide Antibacterial [EPC], Lincosamides [CS], Neuromuscular Blockade [PE]",N/A,No,12/31/2027
Clindamycin Hydrochloride,68462-144-01,300 mg/1,CAPSULE,ORAL,ANDA216957,"GLENMARK PHARMACEUTICALS INC., USA",68462-144,Clindamycin Hydrochloride,CLINDAMYCIN HYDROCHLORIDE,HUMAN PRESCRIPTION DRUG,03/10/2023,N/A,ANDA,100 CAPSULE in 1 BOTTLE (68462-144-01),"Decreased Sebaceous Gland Activity [PE], Lincosamide Antibacterial [EPC], Lincosamides [CS], Neuromuscular Blockade [PE]",N/A,No,12/31/2027
Clindamycin Hydrochloride,68462-144-81,300 mg/1,CAPSULE,ORAL,ANDA216957,"GLENMARK PHARMACEUTICALS INC., USA",68462-144,Clindamycin Hydrochloride,CLINDAMYCIN HYDROCHLORIDE,HUMAN PRESCRIPTION DRUG,03/10/2023,N/A,ANDA,3 BLISTER PACK in 1 CARTON (68462-144-81) / 20 CAPSULE in 1 BLISTER PACK,"Decreased Sebaceous Gland Activity [PE], Lincosamide Antibacterial [EPC], Lincosamides [CS], Neuromuscular Blockade [PE]",N/A,No,12/31/2027
Clindamycin Hydrochloride,68788-8558-8,150 mg/1,CAPSULE,ORAL,ANDA216957,Preferred Pharmaceuticals Inc.,68788-8558,Clindamycin Hydrochloride,CLINDAMYCIN HYDROCHLORIDE,HUMAN PRESCRIPTION DRUG,03/03/2025,N/A,ANDA,28 CAPSULE in 1 BOTTLE (68788-8558-8),"Decreased Sebaceous Gland Activity [PE], Lincosamide Antibacterial [EPC], Lincosamides [CS], Neuromuscular Blockade [PE]",N/A,No,12/31/2027
Clindamycin Hydrochloride,68788-8558-0,150 mg/1,CAPSULE,ORAL,ANDA216957,Preferred Pharmaceuticals Inc.,68788-8558,Clindamycin Hydrochloride,CLINDAMYCIN HYDROCHLORIDE,HUMAN PRESCRIPTION DRUG,03/03/2025,N/A,ANDA,12 CAPSULE in 1 BOTTLE (68788-8558-0),"Decreased Sebaceous Gland Activity [PE], Lincosamide Antibacterial [EPC], Lincosamides [CS], Neuromuscular Blockade [PE]",N/A,No,12/31/2027
Clindamycin Hydrochloride,68788-8558-1,150 mg/1,CAPSULE,ORAL,ANDA216957,Preferred Pharmaceuticals Inc.,68788-8558,Clindamycin Hydrochloride,CLINDAMYCIN HYDROCHLORIDE,HUMAN PRESCRIPTION DRUG,03/03/2025,N/A,ANDA,14 CAPSULE in 1 BOTTLE (68788-8558-1),"Decreased Sebaceous Gland Activity [PE], Lincosamide Antibacterial [EPC], Lincosamides [CS], Neuromuscular Blockade [PE]",N/A,No,12/31/2027
Clindamycin Hydrochloride,68788-8558-2,150 mg/1,CAPSULE,ORAL,ANDA216957,Preferred Pharmaceuticals Inc.,68788-8558,Clindamycin Hydrochloride,CLINDAMYCIN HYDROCHLORIDE,HUMAN PRESCRIPTION DRUG,03/03/2025,N/A,ANDA,20 CAPSULE in 1 BOTTLE (68788-8558-2),"Decreased Sebaceous Gland Activity [PE], Lincosamide Antibacterial [EPC], Lincosamides [CS], Neuromuscular Blockade [PE]",N/A,No,12/31/2027
Clindamycin Hydrochloride,68788-8558-6,150 mg/1,CAPSULE,ORAL,ANDA216957,Preferred Pharmaceuticals Inc.,68788-8558,Clindamycin Hydrochloride,CLINDAMYCIN HYDROCHLORIDE,HUMAN PRESCRIPTION DRUG,03/03/2025,N/A,ANDA,60 CAPSULE in 1 BOTTLE (68788-8558-6),"Decreased Sebaceous Gland Activity [PE], Lincosamide Antibacterial [EPC], Lincosamides [CS], Neuromuscular Blockade [PE]",N/A,No,12/31/2027
Clindamycin Hydrochloride,68788-8558-3,150 mg/1,CAPSULE,ORAL,ANDA216957,Preferred Pharmaceuticals Inc.,68788-8558,Clindamycin Hydrochloride,CLINDAMYCIN HYDROCHLORIDE,HUMAN PRESCRIPTION DRUG,03/03/2025,N/A,ANDA,30 CAPSULE in 1 BOTTLE (68788-8558-3),"Decreased Sebaceous Gland Activity [PE], Lincosamide Antibacterial [EPC], Lincosamides [CS], Neuromuscular Blockade [PE]",N/A,No,12/31/2027
Clindamycin Hydrochloride,68788-8558-7,150 mg/1,CAPSULE,ORAL,ANDA216957,Preferred Pharmaceuticals Inc.,68788-8558,Clindamycin Hydrochloride,CLINDAMYCIN HYDROCHLORIDE,HUMAN PRESCRIPTION DRUG,03/03/2025,N/A,ANDA,21 CAPSULE in 1 BOTTLE (68788-8558-7),"Decreased Sebaceous Gland Activity [PE], Lincosamide Antibacterial [EPC], Lincosamides [CS], Neuromuscular Blockade [PE]",N/A,No,12/31/2027
Clindamycin Hydrochloride,68788-8558-5,150 mg/1,CAPSULE,ORAL,ANDA216957,Preferred Pharmaceuticals Inc.,68788-8558,Clindamycin Hydrochloride,CLINDAMYCIN HYDROCHLORIDE,HUMAN PRESCRIPTION DRUG,12/21/2023,N/A,ANDA,56 CAPSULE in 1 BOTTLE (68788-8558-5),"Decreased Sebaceous Gland Activity [PE], Lincosamide Antibacterial [EPC], Lincosamides [CS], Neuromuscular Blockade [PE]",N/A,No,12/31/2027
Clindamycin Hydrochloride,68788-8685-2,300 mg/1,CAPSULE,ORAL,ANDA216957,Preferred Pharmaceuticals Inc.,68788-8685,Clindamycin Hydrochloride,CLINDAMYCIN HYDROCHLORIDE,HUMAN PRESCRIPTION DRUG,06/01/2024,N/A,ANDA,20 CAPSULE in 1 BOTTLE (68788-8685-2),"Decreased Sebaceous Gland Activity [PE], Lincosamide Antibacterial [EPC], Lincosamides [CS], Neuromuscular Blockade [PE]",N/A,No,12/31/2027
Clindamycin Hydrochloride,68788-8685-6,300 mg/1,CAPSULE,ORAL,ANDA216957,Preferred Pharmaceuticals Inc.,68788-8685,Clindamycin Hydrochloride,CLINDAMYCIN HYDROCHLORIDE,HUMAN PRESCRIPTION DRUG,06/01/2024,N/A,ANDA,60 CAPSULE in 1 BOTTLE (68788-8685-6),"Decreased Sebaceous Gland Activity [PE], Lincosamide Antibacterial [EPC], Lincosamides [CS], Neuromuscular Blockade [PE]",N/A,No,12/31/2027
Clindamycin Hydrochloride,68788-8685-5,300 mg/1,CAPSULE,ORAL,ANDA216957,Preferred Pharmaceuticals Inc.,68788-8685,Clindamycin Hydrochloride,CLINDAMYCIN HYDROCHLORIDE,HUMAN PRESCRIPTION DRUG,06/01/2024,N/A,ANDA,56 CAPSULE in 1 BOTTLE (68788-8685-5),"Decreased Sebaceous Gland Activity [PE], Lincosamide Antibacterial [EPC], Lincosamides [CS], Neuromuscular Blockade [PE]",N/A,No,12/31/2027
Clindamycin Hydrochloride,68788-8685-3,300 mg/1,CAPSULE,ORAL,ANDA216957,Preferred Pharmaceuticals Inc.,68788-8685,Clindamycin Hydrochloride,CLINDAMYCIN HYDROCHLORIDE,HUMAN PRESCRIPTION DRUG,06/01/2024,N/A,ANDA,30 CAPSULE in 1 BOTTLE (68788-8685-3),"Decreased Sebaceous Gland Activity [PE], Lincosamide Antibacterial [EPC], Lincosamides [CS], Neuromuscular Blockade [PE]",N/A,No,12/31/2027
Clindamycin Hydrochloride,68788-8685-4,300 mg/1,CAPSULE,ORAL,ANDA216957,Preferred Pharmaceuticals Inc.,68788-8685,Clindamycin Hydrochloride,CLINDAMYCIN HYDROCHLORIDE,HUMAN PRESCRIPTION DRUG,06/01/2024,N/A,ANDA,40 CAPSULE in 1 BOTTLE (68788-8685-4),"Decreased Sebaceous Gland Activity [PE], Lincosamide Antibacterial [EPC], Lincosamides [CS], Neuromuscular Blockade [PE]",N/A,No,12/31/2027
Clindamycin Hydrochloride,68788-8685-8,300 mg/1,CAPSULE,ORAL,ANDA216957,Preferred Pharmaceuticals Inc.,68788-8685,Clindamycin Hydrochloride,CLINDAMYCIN HYDROCHLORIDE,HUMAN PRESCRIPTION DRUG,06/01/2024,N/A,ANDA,21 CAPSULE in 1 BOTTLE (68788-8685-8),"Decreased Sebaceous Gland Activity [PE], Lincosamide Antibacterial [EPC], Lincosamides [CS], Neuromuscular Blockade [PE]",N/A,No,12/31/2027
Clindamycin Hydrochloride,68788-8685-1,300 mg/1,CAPSULE,ORAL,ANDA216957,Preferred Pharmaceuticals Inc.,68788-8685,Clindamycin Hydrochloride,CLINDAMYCIN HYDROCHLORIDE,HUMAN PRESCRIPTION DRUG,06/01/2024,N/A,ANDA,14 CAPSULE in 1 BOTTLE (68788-8685-1),"Decreased Sebaceous Gland Activity [PE], Lincosamide Antibacterial [EPC], Lincosamides [CS], Neuromuscular Blockade [PE]",N/A,No,12/31/2027
clindamycin hydrochloride,69238-2121-3,300 mg/1,"CAPSULE, GELATIN COATED",ORAL,ANDA065194,Amneal Pharmaceuticals NY LLC,69238-2121,clindamycin hydrochloride,CLINDAMYCIN HYDROCHLORIDE,HUMAN PRESCRIPTION DRUG,04/25/2022,N/A,ANDA,"3 BLISTER PACK in 1 CARTON (69238-2121-3) / 10 CAPSULE, GELATIN COATED in 1 BLISTER PACK (69238-2121-4)","Decreased Sebaceous Gland Activity [PE], Lincosamide Antibacterial [EPC], Lincosamides [CS], Neuromuscular Blockade [PE]",N/A,No,12/31/2026
CLINDAMYCIN HYDROCHLORIDE,70518-2153-7,300 mg/1,CAPSULE,ORAL,ANDA207402,REMEDYREPACK INC.,70518-2153,Clindamycin hydrochloride,CLINDAMYCIN HYDROCHLORIDE,HUMAN PRESCRIPTION DRUG,01/29/2025,N/A,ANDA,"14 CAPSULE in 1 BOTTLE, PLASTIC (70518-2153-7)","Decreased Sebaceous Gland Activity [PE], Lincosamide Antibacterial [EPC], Lincosamides [CS], Neuromuscular Blockade [PE]",N/A,No,12/31/2027
Clindamycin Hydrochloride,70518-3772-0,300 mg/1,CAPSULE,ORAL,ANDA216957,REMEDYREPACK INC.,70518-3772,Clindamycin Hydrochloride,CLINDAMYCIN HYDROCHLORIDE,HUMAN PRESCRIPTION DRUG,06/21/2023,N/A,ANDA,30 CAPSULE in 1 BLISTER PACK (70518-3772-0),"Decreased Sebaceous Gland Activity [PE], Lincosamide Antibacterial [EPC], Lincosamides [CS], Neuromuscular Blockade [PE]",N/A,No,12/31/2027
Clindamycin Hydrochloride,70518-3772-1,300 mg/1,CAPSULE,ORAL,ANDA216957,REMEDYREPACK INC.,70518-3772,Clindamycin Hydrochloride,CLINDAMYCIN HYDROCHLORIDE,HUMAN PRESCRIPTION DRUG,08/21/2023,N/A,ANDA,28 CAPSULE in 1 BLISTER PACK (70518-3772-1),"Decreased Sebaceous Gland Activity [PE], Lincosamide Antibacterial [EPC], Lincosamides [CS], Neuromuscular Blockade [PE]",N/A,No,12/31/2027
Clindamycin Hydrochloride,70518-3772-2,300 mg/1,CAPSULE,ORAL,ANDA216957,REMEDYREPACK INC.,70518-3772,Clindamycin Hydrochloride,CLINDAMYCIN HYDROCHLORIDE,HUMAN PRESCRIPTION DRUG,09/05/2023,N/A,ANDA,"30 CAPSULE in 1 BOTTLE, PLASTIC (70518-3772-2)","Decreased Sebaceous Gland Activity [PE], Lincosamide Antibacterial [EPC], Lincosamides [CS], Neuromuscular Blockade [PE]",N/A,No,12/31/2027
Clindamycin Hydrochloride,70518-3772-3,300 mg/1,CAPSULE,ORAL,ANDA216957,REMEDYREPACK INC.,70518-3772,Clindamycin Hydrochloride,CLINDAMYCIN HYDROCHLORIDE,HUMAN PRESCRIPTION DRUG,12/04/2023,N/A,ANDA,21 CAPSULE in 1 BLISTER PACK (70518-3772-3),"Decreased Sebaceous Gland Activity [PE], Lincosamide Antibacterial [EPC], Lincosamides [CS], Neuromuscular Blockade [PE]",N/A,No,12/31/2027
Clindamycin Hydrochloride,70518-3772-4,300 mg/1,CAPSULE,ORAL,ANDA216957,REMEDYREPACK INC.,70518-3772,Clindamycin Hydrochloride,CLINDAMYCIN HYDROCHLORIDE,HUMAN PRESCRIPTION DRUG,01/10/2024,N/A,ANDA,"21 CAPSULE in 1 BOTTLE, PLASTIC (70518-3772-4)","Decreased Sebaceous Gland Activity [PE], Lincosamide Antibacterial [EPC], Lincosamides [CS], Neuromuscular Blockade [PE]",N/A,No,12/31/2027
Clindamycin Hydrochloride,70518-3772-5,300 mg/1,CAPSULE,ORAL,ANDA216957,REMEDYREPACK INC.,70518-3772,Clindamycin Hydrochloride,CLINDAMYCIN HYDROCHLORIDE,HUMAN PRESCRIPTION DRUG,09/24/2025,N/A,ANDA,"14 CAPSULE in 1 BOTTLE, PLASTIC (70518-3772-5)","Decreased Sebaceous Gland Activity [PE], Lincosamide Antibacterial [EPC], Lincosamides [CS], Neuromuscular Blockade [PE]",N/A,No,12/31/2027
Clindamycin Hydrochloride,70518-4353-0,150 mg/1,CAPSULE,ORAL,ANDA216957,REMEDYREPACK INC.,70518-4353,Clindamycin Hydrochloride,CLINDAMYCIN HYDROCHLORIDE,HUMAN PRESCRIPTION DRUG,06/05/2025,N/A,ANDA,30 CAPSULE in 1 BLISTER PACK (70518-4353-0),"Decreased Sebaceous Gland Activity [PE], Lincosamide Antibacterial [EPC], Lincosamides [CS], Neuromuscular Blockade [PE]",N/A,No,12/31/2026
Clindamycin hydrochloride,70518-4583-1,150 mg/1,CAPSULE,ORAL,ANDA065061,REMEDYREPACK INC.,70518-4583,Clindamycin hydrochloride,CLINDAMYCIN HYDROCHLORIDE,HUMAN PRESCRIPTION DRUG,07/31/2026,N/A,ANDA,28 CAPSULE in 1 BLISTER PACK (70518-4583-1),"Decreased Sebaceous Gland Activity [PE], Lincosamide Antibacterial [EPC], Lincosamides [CS], Neuromuscular Blockade [PE]",N/A,No,12/31/2027
Clindamycin hydrochloride,70518-4583-0,150 mg/1,CAPSULE,ORAL,ANDA065061,REMEDYREPACK INC.,70518-4583,Clindamycin hydrochloride,CLINDAMYCIN HYDROCHLORIDE,HUMAN PRESCRIPTION DRUG,03/09/2026,N/A,ANDA,30 CAPSULE in 1 BLISTER PACK (70518-4583-0),"Decreased Sebaceous Gland Activity [PE], Lincosamide Antibacterial [EPC], Lincosamides [CS], Neuromuscular Blockade [PE]",N/A,No,12/31/2027
CLINDAMYCIN HYDROCHLORIDE,71205-444-30,300 mg/1,CAPSULE,ORAL,ANDA207402,Proficient Rx LP,71205-444,Clindamycin hydrochloride,CLINDAMYCIN HYDROCHLORIDE,HUMAN PRESCRIPTION DRUG,06/08/2020,N/A,ANDA,30 CAPSULE in 1 BOTTLE (71205-444-30),"Decreased Sebaceous Gland Activity [PE], Lincosamide Antibacterial [EPC], Lincosamides [CS], Neuromuscular Blockade [PE]",N/A,No,12/31/2026
CLINDAMYCIN HYDROCHLORIDE,71205-444-21,300 mg/1,CAPSULE,ORAL,ANDA207402,Proficient Rx LP,71205-444,Clindamycin hydrochloride,CLINDAMYCIN HYDROCHLORIDE,HUMAN PRESCRIPTION DRUG,10/05/2020,N/A,ANDA,21 CAPSULE in 1 BOTTLE (71205-444-21),"Decreased Sebaceous Gland Activity [PE], Lincosamide Antibacterial [EPC], Lincosamides [CS], Neuromuscular Blockade [PE]",N/A,No,12/31/2026
CLINDAMYCIN HYDROCHLORIDE,71205-444-40,300 mg/1,CAPSULE,ORAL,ANDA207402,Proficient Rx LP,71205-444,Clindamycin hydrochloride,CLINDAMYCIN HYDROCHLORIDE,HUMAN PRESCRIPTION DRUG,01/22/2021,N/A,ANDA,40 CAPSULE in 1 BOTTLE (71205-444-40),"Decreased Sebaceous Gland Activity [PE], Lincosamide Antibacterial [EPC], Lincosamides [CS], Neuromuscular Blockade [PE]",N/A,No,12/31/2026
CLINDAMYCIN HYDROCHLORIDE,71205-444-28,300 mg/1,CAPSULE,ORAL,ANDA207402,Proficient Rx LP,71205-444,Clindamycin hydrochloride,CLINDAMYCIN HYDROCHLORIDE,HUMAN PRESCRIPTION DRUG,10/15/2020,N/A,ANDA,28 CAPSULE in 1 BOTTLE (71205-444-28),"Decreased Sebaceous Gland Activity [PE], Lincosamide Antibacterial [EPC], Lincosamides [CS], Neuromuscular Blockade [PE]",N/A,No,12/31/2026
CLINDAMYCIN HYDROCHLORIDE,71205-444-60,300 mg/1,CAPSULE,ORAL,ANDA207402,Proficient Rx LP,71205-444,Clindamycin hydrochloride,CLINDAMYCIN HYDROCHLORIDE,HUMAN PRESCRIPTION DRUG,06/08/2020,N/A,ANDA,60 CAPSULE in 1 BOTTLE (71205-444-60),"Decreased Sebaceous Gland Activity [PE], Lincosamide Antibacterial [EPC], Lincosamides [CS], Neuromuscular Blockade [PE]",N/A,No,12/31/2026
CLINDAMYCIN HYDROCHLORIDE,71205-444-20,300 mg/1,CAPSULE,ORAL,ANDA207402,Proficient Rx LP,71205-444,Clindamycin hydrochloride,CLINDAMYCIN HYDROCHLORIDE,HUMAN PRESCRIPTION DRUG,01/22/2021,N/A,ANDA,20 CAPSULE in 1 BOTTLE (71205-444-20),"Decreased Sebaceous Gland Activity [PE], Lincosamide Antibacterial [EPC], Lincosamides [CS], Neuromuscular Blockade [PE]",N/A,No,12/31/2026
CLINDAMYCIN HYDROCHLORIDE,71205-444-90,300 mg/1,CAPSULE,ORAL,ANDA207402,Proficient Rx LP,71205-444,Clindamycin hydrochloride,CLINDAMYCIN HYDROCHLORIDE,HUMAN PRESCRIPTION DRUG,06/08/2020,N/A,ANDA,90 CAPSULE in 1 BOTTLE (71205-444-90),"Decreased Sebaceous Gland Activity [PE], Lincosamide Antibacterial [EPC], Lincosamides [CS], Neuromuscular Blockade [PE]",N/A,No,12/31/2026
Clindamycin hydrochloride,71335-0200-0,150 mg/1,CAPSULE,ORAL,ANDA065061,Bryant Ranch Prepack,71335-0200,Clindamycin hydrochloride,CLINDAMYCIN HYDROCHLORIDE,HUMAN PRESCRIPTION DRUG,02/26/2018,N/A,ANDA,40 CAPSULE in 1 BOTTLE (71335-0200-0),"Decreased Sebaceous Gland Activity [PE], Lincosamide Antibacterial [EPC], Lincosamides [CS], Neuromuscular Blockade [PE]",N/A,No,12/31/2026
Clindamycin hydrochloride,71335-0200-3,150 mg/1,CAPSULE,ORAL,ANDA065061,Bryant Ranch Prepack,71335-0200,Clindamycin hydrochloride,CLINDAMYCIN HYDROCHLORIDE,HUMAN PRESCRIPTION DRUG,10/16/2018,N/A,ANDA,42 CAPSULE in 1 BOTTLE (71335-0200-3),"Decreased Sebaceous Gland Activity [PE], Lincosamide Antibacterial [EPC], Lincosamides [CS], Neuromuscular Blockade [PE]",N/A,No,12/31/2026
Clindamycin hydrochloride,71335-0200-1,150 mg/1,CAPSULE,ORAL,ANDA065061,Bryant Ranch Prepack,71335-0200,Clindamycin hydrochloride,CLINDAMYCIN HYDROCHLORIDE,HUMAN PRESCRIPTION DRUG,04/22/2019,N/A,ANDA,12 CAPSULE in 1 BOTTLE (71335-0200-1),"Decreased Sebaceous Gland Activity [PE], Lincosamide Antibacterial [EPC], Lincosamides [CS], Neuromuscular Blockade [PE]",N/A,No,12/31/2026
Clindamycin hydrochloride,71335-0200-4,150 mg/1,CAPSULE,ORAL,ANDA065061,Bryant Ranch Prepack,71335-0200,Clindamycin hydrochloride,CLINDAMYCIN HYDROCHLORIDE,HUMAN PRESCRIPTION DRUG,03/02/2018,N/A,ANDA,60 CAPSULE in 1 BOTTLE (71335-0200-4),"Decreased Sebaceous Gland Activity [PE], Lincosamide Antibacterial [EPC], Lincosamides [CS], Neuromuscular Blockade [PE]",N/A,No,12/31/2026
Clindamycin hydrochloride,71335-0200-5,150 mg/1,CAPSULE,ORAL,ANDA065061,Bryant Ranch Prepack,71335-0200,Clindamycin hydrochloride,CLINDAMYCIN HYDROCHLORIDE,HUMAN PRESCRIPTION DRUG,03/20/2018,N/A,ANDA,30 CAPSULE in 1 BOTTLE (71335-0200-5),"Decreased Sebaceous Gland Activity [PE], Lincosamide Antibacterial [EPC], Lincosamides [CS], Neuromuscular Blockade [PE]",N/A,No,12/31/2026
Clindamycin hydrochloride,71335-0200-7,150 mg/1,CAPSULE,ORAL,ANDA065061,Bryant Ranch Prepack,71335-0200,Clindamycin hydrochloride,CLINDAMYCIN HYDROCHLORIDE,HUMAN PRESCRIPTION DRUG,09/05/2024,N/A,ANDA,4 CAPSULE in 1 BOTTLE (71335-0200-7),"Decreased Sebaceous Gland Activity [PE], Lincosamide Antibacterial [EPC], Lincosamides [CS], Neuromuscular Blockade [PE]",N/A,No,12/31/2026
Clindamycin hydrochloride,71335-0200-2,150 mg/1,CAPSULE,ORAL,ANDA065061,Bryant Ranch Prepack,71335-0200,Clindamycin hydrochloride,CLINDAMYCIN HYDROCHLORIDE,HUMAN PRESCRIPTION DRUG,02/13/2018,N/A,ANDA,28 CAPSULE in 1 BOTTLE (71335-0200-2),"Decreased Sebaceous Gland Activity [PE], Lincosamide Antibacterial [EPC], Lincosamides [CS], Neuromuscular Blockade [PE]",N/A,No,12/31/2026
Clindamycin hydrochloride,71335-0200-6,150 mg/1,CAPSULE,ORAL,ANDA065061,Bryant Ranch Prepack,71335-0200,Clindamycin hydrochloride,CLINDAMYCIN HYDROCHLORIDE,HUMAN PRESCRIPTION DRUG,04/02/2019,N/A,ANDA,21 CAPSULE in 1 BOTTLE (71335-0200-6),"Decreased Sebaceous Gland Activity [PE], Lincosamide Antibacterial [EPC], Lincosamides [CS], Neuromuscular Blockade [PE]",N/A,No,12/31/2026
Clindamycin hydrochloride,71335-0200-8,150 mg/1,CAPSULE,ORAL,ANDA065061,Bryant Ranch Prepack,71335-0200,Clindamycin hydrochloride,CLINDAMYCIN HYDROCHLORIDE,HUMAN PRESCRIPTION DRUG,09/05/2024,N/A,ANDA,56 CAPSULE in 1 BOTTLE (71335-0200-8),"Decreased Sebaceous Gland Activity [PE], Lincosamide Antibacterial [EPC], Lincosamides [CS], Neuromuscular Blockade [PE]",N/A,No,12/31/2026
Clindamycin hydrochloride,71335-0200-9,150 mg/1,CAPSULE,ORAL,ANDA065061,Bryant Ranch Prepack,71335-0200,Clindamycin hydrochloride,CLINDAMYCIN HYDROCHLORIDE,HUMAN PRESCRIPTION DRUG,03/23/2018,N/A,ANDA,20 CAPSULE in 1 BOTTLE (71335-0200-9),"Decreased Sebaceous Gland Activity [PE], Lincosamide Antibacterial [EPC], Lincosamides [CS], Neuromuscular Blockade [PE]",N/A,No,12/31/2026
Clindamycin hydrochloride,71335-0320-1,300 mg/1,CAPSULE,ORAL,ANDA065061,Bryant Ranch Prepack,71335-0320,Clindamycin hydrochloride,CLINDAMYCIN HYDROCHLORIDE,HUMAN PRESCRIPTION DRUG,05/07/2018,N/A,ANDA,30 CAPSULE in 1 BOTTLE (71335-0320-1),"Decreased Sebaceous Gland Activity [PE], Lincosamide Antibacterial [EPC], Lincosamides [CS], Neuromuscular Blockade [PE]",N/A,No,12/31/2026
Clindamycin hydrochloride,71335-0320-3,300 mg/1,CAPSULE,ORAL,ANDA065061,Bryant Ranch Prepack,71335-0320,Clindamycin hydrochloride,CLINDAMYCIN HYDROCHLORIDE,HUMAN PRESCRIPTION DRUG,06/26/2018,N/A,ANDA,40 CAPSULE in 1 BOTTLE (71335-0320-3),"Decreased Sebaceous Gland Activity [PE], Lincosamide Antibacterial [EPC], Lincosamides [CS], Neuromuscular Blockade [PE]",N/A,No,12/31/2026
Clindamycin hydrochloride,71335-0320-6,300 mg/1,CAPSULE,ORAL,ANDA065061,Bryant Ranch Prepack,71335-0320,Clindamycin hydrochloride,CLINDAMYCIN HYDROCHLORIDE,HUMAN PRESCRIPTION DRUG,09/18/2018,N/A,ANDA,12 CAPSULE in 1 BOTTLE (71335-0320-6),"Decreased Sebaceous Gland Activity [PE], Lincosamide Antibacterial [EPC], Lincosamides [CS], Neuromuscular Blockade [PE]",N/A,No,12/31/2026
Clindamycin hydrochloride,71335-0320-4,300 mg/1,CAPSULE,ORAL,ANDA065061,Bryant Ranch Prepack,71335-0320,Clindamycin hydrochloride,CLINDAMYCIN HYDROCHLORIDE,HUMAN PRESCRIPTION DRUG,05/31/2018,N/A,ANDA,21 CAPSULE in 1 BOTTLE (71335-0320-4),"Decreased Sebaceous Gland Activity [PE], Lincosamide Antibacterial [EPC], Lincosamides [CS], Neuromuscular Blockade [PE]",N/A,No,12/31/2026
Clindamycin hydrochloride,71335-0320-5,300 mg/1,CAPSULE,ORAL,ANDA065061,Bryant Ranch Prepack,71335-0320,Clindamycin hydrochloride,CLINDAMYCIN HYDROCHLORIDE,HUMAN PRESCRIPTION DRUG,10/04/2018,N/A,ANDA,28 CAPSULE in 1 BOTTLE (71335-0320-5),"Decreased Sebaceous Gland Activity [PE], Lincosamide Antibacterial [EPC], Lincosamides [CS], Neuromuscular Blockade [PE]",N/A,No,12/31/2026
Clindamycin hydrochloride,71335-0320-7,300 mg/1,CAPSULE,ORAL,ANDA065061,Bryant Ranch Prepack,71335-0320,Clindamycin hydrochloride,CLINDAMYCIN HYDROCHLORIDE,HUMAN PRESCRIPTION DRUG,09/05/2024,N/A,ANDA,120 CAPSULE in 1 BOTTLE (71335-0320-7),"Decreased Sebaceous Gland Activity [PE], Lincosamide Antibacterial [EPC], Lincosamides [CS], Neuromuscular Blockade [PE]",N/A,No,12/31/2026
Clindamycin hydrochloride,71335-0320-8,300 mg/1,CAPSULE,ORAL,ANDA065061,Bryant Ranch Prepack,71335-0320,Clindamycin hydrochloride,CLINDAMYCIN HYDROCHLORIDE,HUMAN PRESCRIPTION DRUG,07/11/2018,N/A,ANDA,14 CAPSULE in 1 BOTTLE (71335-0320-8),"Decreased Sebaceous Gland Activity [PE], Lincosamide Antibacterial [EPC], Lincosamides [CS], Neuromuscular Blockade [PE]",N/A,No,12/31/2026
Clindamycin hydrochloride,71335-0320-0,300 mg/1,CAPSULE,ORAL,ANDA065061,Bryant Ranch Prepack,71335-0320,Clindamycin hydrochloride,CLINDAMYCIN HYDROCHLORIDE,HUMAN PRESCRIPTION DRUG,09/05/2024,N/A,ANDA,16 CAPSULE in 1 BOTTLE (71335-0320-0),"Decreased Sebaceous Gland Activity [PE], Lincosamide Antibacterial [EPC], Lincosamides [CS], Neuromuscular Blockade [PE]",N/A,No,12/31/2026
Clindamycin hydrochloride,71335-0320-9,300 mg/1,CAPSULE,ORAL,ANDA065061,Bryant Ranch Prepack,71335-0320,Clindamycin hydrochloride,CLINDAMYCIN HYDROCHLORIDE,HUMAN PRESCRIPTION DRUG,12/10/2018,N/A,ANDA,45 CAPSULE in 1 BOTTLE (71335-0320-9),"Decreased Sebaceous Gland Activity [PE], Lincosamide Antibacterial [EPC], Lincosamides [CS], Neuromuscular Blockade [PE]",N/A,No,12/31/2026
Clindamycin hydrochloride,71335-0320-2,300 mg/1,CAPSULE,ORAL,ANDA065061,Bryant Ranch Prepack,71335-0320,Clindamycin hydrochloride,CLINDAMYCIN HYDROCHLORIDE,HUMAN PRESCRIPTION DRUG,06/01/2018,N/A,ANDA,20 CAPSULE in 1 BOTTLE (71335-0320-2),"Decreased Sebaceous Gland Activity [PE], Lincosamide Antibacterial [EPC], Lincosamides [CS], Neuromuscular Blockade [PE]",N/A,No,12/31/2026
CLINDAMYCIN HYDROCHLORIDE,71335-1412-1,300 mg/1,CAPSULE,ORAL,ANDA207402,Bryant Ranch Prepack,71335-1412,Clindamycin hydrochloride,CLINDAMYCIN HYDROCHLORIDE,HUMAN PRESCRIPTION DRUG,11/18/2019,N/A,ANDA,30 CAPSULE in 1 BOTTLE (71335-1412-1),"Decreased Sebaceous Gland Activity [PE], Lincosamide Antibacterial [EPC], Lincosamides [CS], Neuromuscular Blockade [PE]",N/A,No,12/31/2026
CLINDAMYCIN HYDROCHLORIDE,71335-1412-9,300 mg/1,CAPSULE,ORAL,ANDA207402,Bryant Ranch Prepack,71335-1412,Clindamycin hydrochloride,CLINDAMYCIN HYDROCHLORIDE,HUMAN PRESCRIPTION DRUG,03/18/2020,N/A,ANDA,45 CAPSULE in 1 BOTTLE (71335-1412-9),"Decreased Sebaceous Gland Activity [PE], Lincosamide Antibacterial [EPC], Lincosamides [CS], Neuromuscular Blockade [PE]",N/A,No,12/31/2026
CLINDAMYCIN HYDROCHLORIDE,71335-1412-5,300 mg/1,CAPSULE,ORAL,ANDA207402,Bryant Ranch Prepack,71335-1412,Clindamycin hydrochloride,CLINDAMYCIN HYDROCHLORIDE,HUMAN PRESCRIPTION DRUG,01/23/2020,N/A,ANDA,28 CAPSULE in 1 BOTTLE (71335-1412-5),"Decreased Sebaceous Gland Activity [PE], Lincosamide Antibacterial [EPC], Lincosamides [CS], Neuromuscular Blockade [PE]",N/A,No,12/31/2026
CLINDAMYCIN HYDROCHLORIDE,71335-1412-0,300 mg/1,CAPSULE,ORAL,ANDA207402,Bryant Ranch Prepack,71335-1412,Clindamycin hydrochloride,CLINDAMYCIN HYDROCHLORIDE,HUMAN PRESCRIPTION DRUG,08/30/2021,N/A,ANDA,16 CAPSULE in 1 BOTTLE (71335-1412-0),"Decreased Sebaceous Gland Activity [PE], Lincosamide Antibacterial [EPC], Lincosamides [CS], Neuromuscular Blockade [PE]",N/A,No,12/31/2026
CLINDAMYCIN HYDROCHLORIDE,71335-1412-8,300 mg/1,CAPSULE,ORAL,ANDA207402,Bryant Ranch Prepack,71335-1412,Clindamycin hydrochloride,CLINDAMYCIN HYDROCHLORIDE,HUMAN PRESCRIPTION DRUG,12/19/2019,N/A,ANDA,14 CAPSULE in 1 BOTTLE (71335-1412-8),"Decreased Sebaceous Gland Activity [PE], Lincosamide Antibacterial [EPC], Lincosamides [CS], Neuromuscular Blockade [PE]",N/A,No,12/31/2026
CLINDAMYCIN HYDROCHLORIDE,71335-1412-7,300 mg/1,CAPSULE,ORAL,ANDA207402,Bryant Ranch Prepack,71335-1412,Clindamycin hydrochloride,CLINDAMYCIN HYDROCHLORIDE,HUMAN PRESCRIPTION DRUG,12/12/2019,N/A,ANDA,120 CAPSULE in 1 BOTTLE (71335-1412-7),"Decreased Sebaceous Gland Activity [PE], Lincosamide Antibacterial [EPC], Lincosamides [CS], Neuromuscular Blockade [PE]",N/A,No,12/31/2026
CLINDAMYCIN HYDROCHLORIDE,71335-1412-4,300 mg/1,CAPSULE,ORAL,ANDA207402,Bryant Ranch Prepack,71335-1412,Clindamycin hydrochloride,CLINDAMYCIN HYDROCHLORIDE,HUMAN PRESCRIPTION DRUG,12/16/2019,N/A,ANDA,21 CAPSULE in 1 BOTTLE (71335-1412-4),"Decreased Sebaceous Gland Activity [PE], Lincosamide Antibacterial [EPC], Lincosamides [CS], Neuromuscular Blockade [PE]",N/A,No,12/31/2026
CLINDAMYCIN HYDROCHLORIDE,71335-1412-3,300 mg/1,CAPSULE,ORAL,ANDA207402,Bryant Ranch Prepack,71335-1412,Clindamycin hydrochloride,CLINDAMYCIN HYDROCHLORIDE,HUMAN PRESCRIPTION DRUG,12/24/2019,N/A,ANDA,40 CAPSULE in 1 BOTTLE (71335-1412-3),"Decreased Sebaceous Gland Activity [PE], Lincosamide Antibacterial [EPC], Lincosamides [CS], Neuromuscular Blockade [PE]",N/A,No,12/31/2026
CLINDAMYCIN HYDROCHLORIDE,71335-1412-6,300 mg/1,CAPSULE,ORAL,ANDA207402,Bryant Ranch Prepack,71335-1412,Clindamycin hydrochloride,CLINDAMYCIN HYDROCHLORIDE,HUMAN PRESCRIPTION DRUG,06/30/2022,N/A,ANDA,12 CAPSULE in 1 BOTTLE (71335-1412-6),"Decreased Sebaceous Gland Activity [PE], Lincosamide Antibacterial [EPC], Lincosamides [CS], Neuromuscular Blockade [PE]",N/A,No,12/31/2026
CLINDAMYCIN HYDROCHLORIDE,71335-1412-2,300 mg/1,CAPSULE,ORAL,ANDA207402,Bryant Ranch Prepack,71335-1412,Clindamycin hydrochloride,CLINDAMYCIN HYDROCHLORIDE,HUMAN PRESCRIPTION DRUG,01/14/2020,N/A,ANDA,20 CAPSULE in 1 BOTTLE (71335-1412-2),"Decreased Sebaceous Gland Activity [PE], Lincosamide Antibacterial [EPC], Lincosamides [CS], Neuromuscular Blockade [PE]",N/A,No,12/31/2026
CLINDAMYCIN HYDROCHLORIDE,71335-1489-3,150 mg/1,CAPSULE,ORAL,ANDA207402,Bryant Ranch Prepack,71335-1489,Clindamycin hydrochloride,CLINDAMYCIN HYDROCHLORIDE,HUMAN PRESCRIPTION DRUG,02/06/2020,N/A,ANDA,42 CAPSULE in 1 BOTTLE (71335-1489-3),"Decreased Sebaceous Gland Activity [PE], Lincosamide Antibacterial [EPC], Lincosamides [CS], Neuromuscular Blockade [PE]",N/A,No,12/31/2027
CLINDAMYCIN HYDROCHLORIDE,71335-1489-7,150 mg/1,CAPSULE,ORAL,ANDA207402,Bryant Ranch Prepack,71335-1489,Clindamycin hydrochloride,CLINDAMYCIN HYDROCHLORIDE,HUMAN PRESCRIPTION DRUG,06/30/2022,N/A,ANDA,4 CAPSULE in 1 BOTTLE (71335-1489-7),"Decreased Sebaceous Gland Activity [PE], Lincosamide Antibacterial [EPC], Lincosamides [CS], Neuromuscular Blockade [PE]",N/A,No,12/31/2027
CLINDAMYCIN HYDROCHLORIDE,71335-1489-8,150 mg/1,CAPSULE,ORAL,ANDA207402,Bryant Ranch Prepack,71335-1489,Clindamycin hydrochloride,CLINDAMYCIN HYDROCHLORIDE,HUMAN PRESCRIPTION DRUG,06/30/2022,N/A,ANDA,56 CAPSULE in 1 BOTTLE (71335-1489-8),"Decreased Sebaceous Gland Activity [PE], Lincosamide Antibacterial [EPC], Lincosamides [CS], Neuromuscular Blockade [PE]",N/A,No,12/31/2027
CLINDAMYCIN HYDROCHLORIDE,71335-1489-6,150 mg/1,CAPSULE,ORAL,ANDA207402,Bryant Ranch Prepack,71335-1489,Clindamycin hydrochloride,CLINDAMYCIN HYDROCHLORIDE,HUMAN PRESCRIPTION DRUG,01/29/2020,N/A,ANDA,21 CAPSULE in 1 BOTTLE (71335-1489-6),"Decreased Sebaceous Gland Activity [PE], Lincosamide Antibacterial [EPC], Lincosamides [CS], Neuromuscular Blockade [PE]",N/A,No,12/31/2027
CLINDAMYCIN HYDROCHLORIDE,71335-1489-5,150 mg/1,CAPSULE,ORAL,ANDA207402,Bryant Ranch Prepack,71335-1489,Clindamycin hydrochloride,CLINDAMYCIN HYDROCHLORIDE,HUMAN PRESCRIPTION DRUG,01/31/2020,N/A,ANDA,30 CAPSULE in 1 BOTTLE (71335-1489-5),"Decreased Sebaceous Gland Activity [PE], Lincosamide Antibacterial [EPC], Lincosamides [CS], Neuromuscular Blockade [PE]",N/A,No,12/31/2027
CLINDAMYCIN HYDROCHLORIDE,71335-1489-2,150 mg/1,CAPSULE,ORAL,ANDA207402,Bryant Ranch Prepack,71335-1489,Clindamycin hydrochloride,CLINDAMYCIN HYDROCHLORIDE,HUMAN PRESCRIPTION DRUG,08/07/2020,N/A,ANDA,28 CAPSULE in 1 BOTTLE (71335-1489-2),"Decreased Sebaceous Gland Activity [PE], Lincosamide Antibacterial [EPC], Lincosamides [CS], Neuromuscular Blockade [PE]",N/A,No,12/31/2027
CLINDAMYCIN HYDROCHLORIDE,71335-1489-1,150 mg/1,CAPSULE,ORAL,ANDA207402,Bryant Ranch Prepack,71335-1489,Clindamycin hydrochloride,CLINDAMYCIN HYDROCHLORIDE,HUMAN PRESCRIPTION DRUG,02/24/2021,N/A,ANDA,12 CAPSULE in 1 BOTTLE (71335-1489-1),"Decreased Sebaceous Gland Activity [PE], Lincosamide Antibacterial [EPC], Lincosamides [CS], Neuromuscular Blockade [PE]",N/A,No,12/31/2027
CLINDAMYCIN HYDROCHLORIDE,71335-1489-9,150 mg/1,CAPSULE,ORAL,ANDA207402,Bryant Ranch Prepack,71335-1489,Clindamycin hydrochloride,CLINDAMYCIN HYDROCHLORIDE,HUMAN PRESCRIPTION DRUG,09/24/2020,N/A,ANDA,20 CAPSULE in 1 BOTTLE (71335-1489-9),"Decreased Sebaceous Gland Activity [PE], Lincosamide Antibacterial [EPC], Lincosamides [CS], Neuromuscular Blockade [PE]",N/A,No,12/31/2027
CLINDAMYCIN HYDROCHLORIDE,71335-1489-4,150 mg/1,CAPSULE,ORAL,ANDA207402,Bryant Ranch Prepack,71335-1489,Clindamycin hydrochloride,CLINDAMYCIN HYDROCHLORIDE,HUMAN PRESCRIPTION DRUG,03/19/2020,N/A,ANDA,60 CAPSULE in 1 BOTTLE (71335-1489-4),"Decreased Sebaceous Gland Activity [PE], Lincosamide Antibacterial [EPC], Lincosamides [CS], Neuromuscular Blockade [PE]",N/A,No,12/31/2027
CLINDAMYCIN HYDROCHLORIDE,71335-1489-0,150 mg/1,CAPSULE,ORAL,ANDA207402,Bryant Ranch Prepack,71335-1489,Clindamycin hydrochloride,CLINDAMYCIN HYDROCHLORIDE,HUMAN PRESCRIPTION DRUG,02/17/2020,N/A,ANDA,40 CAPSULE in 1 BOTTLE (71335-1489-0),"Decreased Sebaceous Gland Activity [PE], Lincosamide Antibacterial [EPC], Lincosamides [CS], Neuromuscular Blockade [PE]",N/A,No,12/31/2027
Clindamycin Hydrochloride,71335-2432-4,300 mg/1,CAPSULE,ORAL,ANDA216957,Bryant Ranch Prepack,71335-2432,Clindamycin Hydrochloride,CLINDAMYCIN HYDROCHLORIDE,HUMAN PRESCRIPTION DRUG,10/04/2024,N/A,ANDA,21 CAPSULE in 1 BOTTLE (71335-2432-4),"Decreased Sebaceous Gland Activity [PE], Lincosamide Antibacterial [EPC], Lincosamides [CS], Neuromuscular Blockade [PE]",N/A,No,12/31/2027
Clindamycin Hydrochloride,71335-2432-3,300 mg/1,CAPSULE,ORAL,ANDA216957,Bryant Ranch Prepack,71335-2432,Clindamycin Hydrochloride,CLINDAMYCIN HYDROCHLORIDE,HUMAN PRESCRIPTION DRUG,09/23/2024,N/A,ANDA,40 CAPSULE in 1 BOTTLE (71335-2432-3),"Decreased Sebaceous Gland Activity [PE], Lincosamide Antibacterial [EPC], Lincosamides [CS], Neuromuscular Blockade [PE]",N/A,No,12/31/2027
Clindamycin Hydrochloride,71335-2432-1,300 mg/1,CAPSULE,ORAL,ANDA216957,Bryant Ranch Prepack,71335-2432,Clindamycin Hydrochloride,CLINDAMYCIN HYDROCHLORIDE,HUMAN PRESCRIPTION DRUG,07/25/2024,N/A,ANDA,30 CAPSULE in 1 BOTTLE (71335-2432-1),"Decreased Sebaceous Gland Activity [PE], Lincosamide Antibacterial [EPC], Lincosamides [CS], Neuromuscular Blockade [PE]",N/A,No,12/31/2027
Clindamycin Hydrochloride,71335-2432-5,300 mg/1,CAPSULE,ORAL,ANDA216957,Bryant Ranch Prepack,71335-2432,Clindamycin Hydrochloride,CLINDAMYCIN HYDROCHLORIDE,HUMAN PRESCRIPTION DRUG,10/04/2024,N/A,ANDA,28 CAPSULE in 1 BOTTLE (71335-2432-5),"Decreased Sebaceous Gland Activity [PE], Lincosamide Antibacterial [EPC], Lincosamides [CS], Neuromuscular Blockade [PE]",N/A,No,12/31/2027
Clindamycin Hydrochloride,71335-2432-7,300 mg/1,CAPSULE,ORAL,ANDA216957,Bryant Ranch Prepack,71335-2432,Clindamycin Hydrochloride,CLINDAMYCIN HYDROCHLORIDE,HUMAN PRESCRIPTION DRUG,10/04/2024,N/A,ANDA,120 CAPSULE in 1 BOTTLE (71335-2432-7),"Decreased Sebaceous Gland Activity [PE], Lincosamide Antibacterial [EPC], Lincosamides [CS], Neuromuscular Blockade [PE]",N/A,No,12/31/2027
Clindamycin Hydrochloride,71335-2432-9,300 mg/1,CAPSULE,ORAL,ANDA216957,Bryant Ranch Prepack,71335-2432,Clindamycin Hydrochloride,CLINDAMYCIN HYDROCHLORIDE,HUMAN PRESCRIPTION DRUG,10/04/2024,N/A,ANDA,45 CAPSULE in 1 BOTTLE (71335-2432-9),"Decreased Sebaceous Gland Activity [PE], Lincosamide Antibacterial [EPC], Lincosamides [CS], Neuromuscular Blockade [PE]",N/A,No,12/31/2027
Clindamycin Hydrochloride,71335-2432-8,300 mg/1,CAPSULE,ORAL,ANDA216957,Bryant Ranch Prepack,71335-2432,Clindamycin Hydrochloride,CLINDAMYCIN HYDROCHLORIDE,HUMAN PRESCRIPTION DRUG,07/03/2024,N/A,ANDA,14 CAPSULE in 1 BOTTLE (71335-2432-8),"Decreased Sebaceous Gland Activity [PE], Lincosamide Antibacterial [EPC], Lincosamides [CS], Neuromuscular Blockade [PE]",N/A,No,12/31/2027
Clindamycin Hydrochloride,71335-2432-6,300 mg/1,CAPSULE,ORAL,ANDA216957,Bryant Ranch Prepack,71335-2432,Clindamycin Hydrochloride,CLINDAMYCIN HYDROCHLORIDE,HUMAN PRESCRIPTION DRUG,10/04/2024,N/A,ANDA,12 CAPSULE in 1 BOTTLE (71335-2432-6),"Decreased Sebaceous Gland Activity [PE], Lincosamide Antibacterial [EPC], Lincosamides [CS], Neuromuscular Blockade [PE]",N/A,No,12/31/2027
Clindamycin Hydrochloride,71335-2432-2,300 mg/1,CAPSULE,ORAL,ANDA216957,Bryant Ranch Prepack,71335-2432,Clindamycin Hydrochloride,CLINDAMYCIN HYDROCHLORIDE,HUMAN PRESCRIPTION DRUG,07/24/2024,N/A,ANDA,20 CAPSULE in 1 BOTTLE (71335-2432-2),"Decreased Sebaceous Gland Activity [PE], Lincosamide Antibacterial [EPC], Lincosamides [CS], Neuromuscular Blockade [PE]",N/A,No,12/31/2027
Clindamycin Hydrochloride,71335-2432-0,300 mg/1,CAPSULE,ORAL,ANDA216957,Bryant Ranch Prepack,71335-2432,Clindamycin Hydrochloride,CLINDAMYCIN HYDROCHLORIDE,HUMAN PRESCRIPTION DRUG,10/04/2024,N/A,ANDA,16 CAPSULE in 1 BOTTLE (71335-2432-0),"Decreased Sebaceous Gland Activity [PE], Lincosamide Antibacterial [EPC], Lincosamides [CS], Neuromuscular Blockade [PE]",N/A,No,12/31/2027
Clindamycin Hydrochloride,71335-2623-1,150 mg/1,CAPSULE,ORAL,ANDA216957,Bryant Ranch Prepack,71335-2623,Clindamycin Hydrochloride,CLINDAMYCIN HYDROCHLORIDE,HUMAN PRESCRIPTION DRUG,06/03/2025,N/A,ANDA,12 CAPSULE in 1 BOTTLE (71335-2623-1),"Decreased Sebaceous Gland Activity [PE], Lincosamide Antibacterial [EPC], Lincosamides [CS], Neuromuscular Blockade [PE]",N/A,No,12/31/2027
Clindamycin Hydrochloride,71335-2623-7,150 mg/1,CAPSULE,ORAL,ANDA216957,Bryant Ranch Prepack,71335-2623,Clindamycin Hydrochloride,CLINDAMYCIN HYDROCHLORIDE,HUMAN PRESCRIPTION DRUG,06/03/2025,N/A,ANDA,4 CAPSULE in 1 BOTTLE (71335-2623-7),"Decreased Sebaceous Gland Activity [PE], Lincosamide Antibacterial [EPC], Lincosamides [CS], Neuromuscular Blockade [PE]",N/A,No,12/31/2027
Clindamycin Hydrochloride,71335-2623-6,150 mg/1,CAPSULE,ORAL,ANDA216957,Bryant Ranch Prepack,71335-2623,Clindamycin Hydrochloride,CLINDAMYCIN HYDROCHLORIDE,HUMAN PRESCRIPTION DRUG,06/03/2025,N/A,ANDA,21 CAPSULE in 1 BOTTLE (71335-2623-6),"Decreased Sebaceous Gland Activity [PE], Lincosamide Antibacterial [EPC], Lincosamides [CS], Neuromuscular Blockade [PE]",N/A,No,12/31/2027
Clindamycin Hydrochloride,71335-2623-4,150 mg/1,CAPSULE,ORAL,ANDA216957,Bryant Ranch Prepack,71335-2623,Clindamycin Hydrochloride,CLINDAMYCIN HYDROCHLORIDE,HUMAN PRESCRIPTION DRUG,06/03/2025,N/A,ANDA,60 CAPSULE in 1 BOTTLE (71335-2623-4),"Decreased Sebaceous Gland Activity [PE], Lincosamide Antibacterial [EPC], Lincosamides [CS], Neuromuscular Blockade [PE]",N/A,No,12/31/2027
Clindamycin Hydrochloride,71335-2623-2,150 mg/1,CAPSULE,ORAL,ANDA216957,Bryant Ranch Prepack,71335-2623,Clindamycin Hydrochloride,CLINDAMYCIN HYDROCHLORIDE,HUMAN PRESCRIPTION DRUG,06/03/2025,N/A,ANDA,28 CAPSULE in 1 BOTTLE (71335-2623-2),"Decreased Sebaceous Gland Activity [PE], Lincosamide Antibacterial [EPC], Lincosamides [CS], Neuromuscular Blockade [PE]",N/A,No,12/31/2027
Clindamycin Hydrochloride,71335-2623-9,150 mg/1,CAPSULE,ORAL,ANDA216957,Bryant Ranch Prepack,71335-2623,Clindamycin Hydrochloride,CLINDAMYCIN HYDROCHLORIDE,HUMAN PRESCRIPTION DRUG,06/03/2025,N/A,ANDA,20 CAPSULE in 1 BOTTLE (71335-2623-9),"Decreased Sebaceous Gland Activity [PE], Lincosamide Antibacterial [EPC], Lincosamides [CS], Neuromuscular Blockade [PE]",N/A,No,12/31/2027
Clindamycin Hydrochloride,71335-2623-0,150 mg/1,CAPSULE,ORAL,ANDA216957,Bryant Ranch Prepack,71335-2623,Clindamycin Hydrochloride,CLINDAMYCIN HYDROCHLORIDE,HUMAN PRESCRIPTION DRUG,06/03/2025,N/A,ANDA,40 CAPSULE in 1 BOTTLE (71335-2623-0),"Decreased Sebaceous Gland Activity [PE], Lincosamide Antibacterial [EPC], Lincosamides [CS], Neuromuscular Blockade [PE]",N/A,No,12/31/2027
Clindamycin Hydrochloride,71335-2623-8,150 mg/1,CAPSULE,ORAL,ANDA216957,Bryant Ranch Prepack,71335-2623,Clindamycin Hydrochloride,CLINDAMYCIN HYDROCHLORIDE,HUMAN PRESCRIPTION DRUG,06/03/2025,N/A,ANDA,56 CAPSULE in 1 BOTTLE (71335-2623-8),"Decreased Sebaceous Gland Activity [PE], Lincosamide Antibacterial [EPC], Lincosamides [CS], Neuromuscular Blockade [PE]",N/A,No,12/31/2027
Clindamycin Hydrochloride,71335-2623-5,150 mg/1,CAPSULE,ORAL,ANDA216957,Bryant Ranch Prepack,71335-2623,Clindamycin Hydrochloride,CLINDAMYCIN HYDROCHLORIDE,HUMAN PRESCRIPTION DRUG,06/03/2025,N/A,ANDA,30 CAPSULE in 1 BOTTLE (71335-2623-5),"Decreased Sebaceous Gland Activity [PE], Lincosamide Antibacterial [EPC], Lincosamides [CS], Neuromuscular Blockade [PE]",N/A,No,12/31/2027
Clindamycin Hydrochloride,71335-2623-3,150 mg/1,CAPSULE,ORAL,ANDA216957,Bryant Ranch Prepack,71335-2623,Clindamycin Hydrochloride,CLINDAMYCIN HYDROCHLORIDE,HUMAN PRESCRIPTION DRUG,06/03/2025,N/A,ANDA,42 CAPSULE in 1 BOTTLE (71335-2623-3),"Decreased Sebaceous Gland Activity [PE], Lincosamide Antibacterial [EPC], Lincosamides [CS], Neuromuscular Blockade [PE]",N/A,No,12/31/2027
CLINDAMYCIN HYDROCHLORIDE,71335-2677-1,300 mg/1,CAPSULE,ORAL,ANDA207402,Bryant Ranch Prepack,71335-2677,Clindamycin hydrochloride,CLINDAMYCIN HYDROCHLORIDE,HUMAN PRESCRIPTION DRUG,09/11/2025,N/A,ANDA,10 CAPSULE in 1 BOTTLE (71335-2677-1),"Decreased Sebaceous Gland Activity [PE], Lincosamide Antibacterial [EPC], Lincosamides [CS], Neuromuscular Blockade [PE]",N/A,No,12/31/2026
CLINDAMYCIN HYDROCHLORIDE,72189-189-28,300 mg/1,CAPSULE,ORAL,ANDA207402,DIRECT RX,72189-189,CLINDAMYCIN HYDROCHLORIDE,CLINDAMYCIN HYDROCHLORIDE,HUMAN PRESCRIPTION DRUG,06/04/2021,N/A,ANDA,28 CAPSULE in 1 BOTTLE (72189-189-28),"Decreased Sebaceous Gland Activity [PE], Lincosamide Antibacterial [EPC], Lincosamides [CS], Neuromuscular Blockade [PE]",N/A,No,12/31/2026
CLINDAMYCIN HYDROCHLORIDE,72189-189-21,300 mg/1,CAPSULE,ORAL,ANDA207402,DIRECT RX,72189-189,CLINDAMYCIN HYDROCHLORIDE,CLINDAMYCIN HYDROCHLORIDE,HUMAN PRESCRIPTION DRUG,06/04/2021,N/A,ANDA,21 CAPSULE in 1 BOTTLE (72189-189-21),"Decreased Sebaceous Gland Activity [PE], Lincosamide Antibacterial [EPC], Lincosamides [CS], Neuromuscular Blockade [PE]",N/A,No,12/31/2026
CLINDAMYCIN HYDROCHLORIDE,72189-189-40,300 mg/1,CAPSULE,ORAL,ANDA207402,DIRECT RX,72189-189,CLINDAMYCIN HYDROCHLORIDE,CLINDAMYCIN HYDROCHLORIDE,HUMAN PRESCRIPTION DRUG,06/04/2021,N/A,ANDA,40 CAPSULE in 1 BOTTLE (72189-189-40),"Decreased Sebaceous Gland Activity [PE], Lincosamide Antibacterial [EPC], Lincosamides [CS], Neuromuscular Blockade [PE]",N/A,No,12/31/2026
CLINDAMYCIN HYDROCHLORIDE,72189-189-30,300 mg/1,CAPSULE,ORAL,ANDA207402,DIRECT RX,72189-189,CLINDAMYCIN HYDROCHLORIDE,CLINDAMYCIN HYDROCHLORIDE,HUMAN PRESCRIPTION DRUG,06/04/2021,N/A,ANDA,30 CAPSULE in 1 BOTTLE (72189-189-30),"Decreased Sebaceous Gland Activity [PE], Lincosamide Antibacterial [EPC], Lincosamides [CS], Neuromuscular Blockade [PE]",N/A,No,12/31/2026
CLINDAMYCIN HYDROCHLORIDE,72789-167-40,300 mg/1,CAPSULE,ORAL,ANDA207402,"PD-Rx Pharmaceuticals, Inc.",72789-167,Clindamycin hydrochloride,CLINDAMYCIN HYDROCHLORIDE,HUMAN PRESCRIPTION DRUG,05/18/2021,N/A,ANDA,"40 CAPSULE in 1 BOTTLE, PLASTIC (72789-167-40)","Decreased Sebaceous Gland Activity [PE], Lincosamide Antibacterial [EPC], Lincosamides [CS], Neuromuscular Blockade [PE]",N/A,No,12/31/2027
CLINDAMYCIN HYDROCHLORIDE,72789-167-30,300 mg/1,CAPSULE,ORAL,ANDA207402,"PD-Rx Pharmaceuticals, Inc.",72789-167,Clindamycin hydrochloride,CLINDAMYCIN HYDROCHLORIDE,HUMAN PRESCRIPTION DRUG,02/22/2021,N/A,ANDA,"30 CAPSULE in 1 BOTTLE, PLASTIC (72789-167-30)","Decreased Sebaceous Gland Activity [PE], Lincosamide Antibacterial [EPC], Lincosamides [CS], Neuromuscular Blockade [PE]",N/A,No,12/31/2027
CLINDAMYCIN HYDROCHLORIDE,72789-167-21,300 mg/1,CAPSULE,ORAL,ANDA207402,"PD-Rx Pharmaceuticals, Inc.",72789-167,Clindamycin hydrochloride,CLINDAMYCIN HYDROCHLORIDE,HUMAN PRESCRIPTION DRUG,02/26/2021,N/A,ANDA,"21 CAPSULE in 1 BOTTLE, PLASTIC (72789-167-21)","Decreased Sebaceous Gland Activity [PE], Lincosamide Antibacterial [EPC], Lincosamides [CS], Neuromuscular Blockade [PE]",N/A,No,12/31/2027
CLINDAMYCIN HYDROCHLORIDE,72789-167-09,300 mg/1,CAPSULE,ORAL,ANDA207402,"PD-Rx Pharmaceuticals, Inc.",72789-167,Clindamycin hydrochloride,CLINDAMYCIN HYDROCHLORIDE,HUMAN PRESCRIPTION DRUG,07/08/2021,N/A,ANDA,"9 CAPSULE in 1 BOTTLE, PLASTIC (72789-167-09)","Decreased Sebaceous Gland Activity [PE], Lincosamide Antibacterial [EPC], Lincosamides [CS], Neuromuscular Blockade [PE]",N/A,No,12/31/2027
CLINDAMYCIN HYDROCHLORIDE,72789-167-20,300 mg/1,CAPSULE,ORAL,ANDA207402,"PD-Rx Pharmaceuticals, Inc.",72789-167,Clindamycin hydrochloride,CLINDAMYCIN HYDROCHLORIDE,HUMAN PRESCRIPTION DRUG,02/26/2021,N/A,ANDA,"20 CAPSULE in 1 BOTTLE, PLASTIC (72789-167-20)","Decreased Sebaceous Gland Activity [PE], Lincosamide Antibacterial [EPC], Lincosamides [CS], Neuromuscular Blockade [PE]",N/A,No,12/31/2027
CLINDAMYCIN HYDROCHLORIDE,72789-180-20,150 mg/1,CAPSULE,ORAL,ANDA207402,"PD-Rx Pharmaceuticals, Inc.",72789-180,Clindamycin hydrochloride,CLINDAMYCIN HYDROCHLORIDE,HUMAN PRESCRIPTION DRUG,09/27/2021,N/A,ANDA,"20 CAPSULE in 1 BOTTLE, PLASTIC (72789-180-20)","Decreased Sebaceous Gland Activity [PE], Lincosamide Antibacterial [EPC], Lincosamides [CS], Neuromuscular Blockade [PE]",N/A,No,12/31/2027
CLINDAMYCIN HYDROCHLORIDE,72789-180-56,150 mg/1,CAPSULE,ORAL,ANDA207402,"PD-Rx Pharmaceuticals, Inc.",72789-180,Clindamycin hydrochloride,CLINDAMYCIN HYDROCHLORIDE,HUMAN PRESCRIPTION DRUG,04/26/2022,N/A,ANDA,"56 CAPSULE in 1 BOTTLE, PLASTIC (72789-180-56)","Decreased Sebaceous Gland Activity [PE], Lincosamide Antibacterial [EPC], Lincosamides [CS], Neuromuscular Blockade [PE]",N/A,No,12/31/2027
CLINDAMYCIN HYDROCHLORIDE,72789-180-40,150 mg/1,CAPSULE,ORAL,ANDA207402,"PD-Rx Pharmaceuticals, Inc.",72789-180,Clindamycin hydrochloride,CLINDAMYCIN HYDROCHLORIDE,HUMAN PRESCRIPTION DRUG,05/31/2022,N/A,ANDA,"40 CAPSULE in 1 BOTTLE, PLASTIC (72789-180-40)","Decreased Sebaceous Gland Activity [PE], Lincosamide Antibacterial [EPC], Lincosamides [CS], Neuromuscular Blockade [PE]",N/A,No,12/31/2027
CLINDAMYCIN HYDROCHLORIDE,72789-180-15,150 mg/1,CAPSULE,ORAL,ANDA207402,"PD-Rx Pharmaceuticals, Inc.",72789-180,Clindamycin hydrochloride,CLINDAMYCIN HYDROCHLORIDE,HUMAN PRESCRIPTION DRUG,07/08/2021,N/A,ANDA,"15 CAPSULE in 1 BOTTLE, PLASTIC (72789-180-15)","Decreased Sebaceous Gland Activity [PE], Lincosamide Antibacterial [EPC], Lincosamides [CS], Neuromuscular Blockade [PE]",N/A,No,12/31/2027
CLINDAMYCIN HYDROCHLORIDE,72789-180-42,150 mg/1,CAPSULE,ORAL,ANDA207402,"PD-Rx Pharmaceuticals, Inc.",72789-180,Clindamycin hydrochloride,CLINDAMYCIN HYDROCHLORIDE,HUMAN PRESCRIPTION DRUG,08/12/2021,N/A,ANDA,"42 CAPSULE in 1 BOTTLE, PLASTIC (72789-180-42)","Decreased Sebaceous Gland Activity [PE], Lincosamide Antibacterial [EPC], Lincosamides [CS], Neuromuscular Blockade [PE]",N/A,No,12/31/2027
CLINDAMYCIN HYDROCHLORIDE,72789-180-30,150 mg/1,CAPSULE,ORAL,ANDA207402,"PD-Rx Pharmaceuticals, Inc.",72789-180,Clindamycin hydrochloride,CLINDAMYCIN HYDROCHLORIDE,HUMAN PRESCRIPTION DRUG,06/23/2021,N/A,ANDA,"30 CAPSULE in 1 BOTTLE, PLASTIC (72789-180-30)","Decreased Sebaceous Gland Activity [PE], Lincosamide Antibacterial [EPC], Lincosamides [CS], Neuromuscular Blockade [PE]",N/A,No,12/31/2027
CLINDAMYCIN HYDROCHLORIDE,72789-180-08,150 mg/1,CAPSULE,ORAL,ANDA207402,"PD-Rx Pharmaceuticals, Inc.",72789-180,Clindamycin hydrochloride,CLINDAMYCIN HYDROCHLORIDE,HUMAN PRESCRIPTION DRUG,09/27/2021,N/A,ANDA,"8 CAPSULE in 1 BOTTLE, PLASTIC (72789-180-08)","Decreased Sebaceous Gland Activity [PE], Lincosamide Antibacterial [EPC], Lincosamides [CS], Neuromuscular Blockade [PE]",N/A,No,12/31/2027
CLINDAMYCIN HYDROCHLORIDE,72789-180-21,150 mg/1,CAPSULE,ORAL,ANDA207402,"PD-Rx Pharmaceuticals, Inc.",72789-180,Clindamycin hydrochloride,CLINDAMYCIN HYDROCHLORIDE,HUMAN PRESCRIPTION DRUG,08/11/2021,N/A,ANDA,"21 CAPSULE in 1 BOTTLE, PLASTIC (72789-180-21)","Decreased Sebaceous Gland Activity [PE], Lincosamide Antibacterial [EPC], Lincosamides [CS], Neuromuscular Blockade [PE]",N/A,No,12/31/2027
CLINDAMYCIN HYDROCHLORIDE,72789-180-28,150 mg/1,CAPSULE,ORAL,ANDA207402,"PD-Rx Pharmaceuticals, Inc.",72789-180,Clindamycin hydrochloride,CLINDAMYCIN HYDROCHLORIDE,HUMAN PRESCRIPTION DRUG,03/30/2021,N/A,ANDA,"28 CAPSULE in 1 BOTTLE, PLASTIC (72789-180-28)","Decreased Sebaceous Gland Activity [PE], Lincosamide Antibacterial [EPC], Lincosamides [CS], Neuromuscular Blockade [PE]",N/A,No,12/31/2027
CLINDAMYCIN HYDROCHLORIDE,72789-180-06,150 mg/1,CAPSULE,ORAL,ANDA207402,"PD-Rx Pharmaceuticals, Inc.",72789-180,Clindamycin hydrochloride,CLINDAMYCIN HYDROCHLORIDE,HUMAN PRESCRIPTION DRUG,07/08/2021,N/A,ANDA,"6 CAPSULE in 1 BOTTLE, PLASTIC (72789-180-06)","Decreased Sebaceous Gland Activity [PE], Lincosamide Antibacterial [EPC], Lincosamides [CS], Neuromuscular Blockade [PE]",N/A,No,12/31/2027
CLINDAMYCIN HYDROCHLORIDE,72789-180-04,150 mg/1,CAPSULE,ORAL,ANDA207402,"PD-Rx Pharmaceuticals, Inc.",72789-180,Clindamycin hydrochloride,CLINDAMYCIN HYDROCHLORIDE,HUMAN PRESCRIPTION DRUG,06/29/2021,N/A,ANDA,"4 CAPSULE in 1 BOTTLE, PLASTIC (72789-180-04)","Decreased Sebaceous Gland Activity [PE], Lincosamide Antibacterial [EPC], Lincosamides [CS], Neuromuscular Blockade [PE]",N/A,No,12/31/2027
Clindamycin hydrochloride,72789-207-20,300 mg/1,CAPSULE,ORAL,ANDA065061,"PD-Rx Pharmaceuticals, Inc.",72789-207,Clindamycin hydrochloride,CLINDAMYCIN HYDROCHLORIDE,HUMAN PRESCRIPTION DRUG,01/03/2021,N/A,ANDA,"20 CAPSULE in 1 BOTTLE, PLASTIC (72789-207-20)","Decreased Sebaceous Gland Activity [PE], Lincosamide Antibacterial [EPC], Lincosamides [CS], Neuromuscular Blockade [PE]",N/A,No,12/31/2027
Clindamycin hydrochloride,72789-207-40,300 mg/1,CAPSULE,ORAL,ANDA065061,"PD-Rx Pharmaceuticals, Inc.",72789-207,Clindamycin hydrochloride,CLINDAMYCIN HYDROCHLORIDE,HUMAN PRESCRIPTION DRUG,12/22/2021,N/A,ANDA,"40 CAPSULE in 1 BOTTLE, PLASTIC (72789-207-40)","Decreased Sebaceous Gland Activity [PE], Lincosamide Antibacterial [EPC], Lincosamides [CS], Neuromuscular Blockade [PE]",N/A,No,12/31/2027
Clindamycin hydrochloride,72789-207-30,300 mg/1,CAPSULE,ORAL,ANDA065061,"PD-Rx Pharmaceuticals, Inc.",72789-207,Clindamycin hydrochloride,CLINDAMYCIN HYDROCHLORIDE,HUMAN PRESCRIPTION DRUG,10/11/2021,N/A,ANDA,"30 CAPSULE in 1 BOTTLE, PLASTIC (72789-207-30)","Decreased Sebaceous Gland Activity [PE], Lincosamide Antibacterial [EPC], Lincosamides [CS], Neuromuscular Blockade [PE]",N/A,No,12/31/2027
Clindamycin hydrochloride,72789-207-09,300 mg/1,CAPSULE,ORAL,ANDA065061,"PD-Rx Pharmaceuticals, Inc.",72789-207,Clindamycin hydrochloride,CLINDAMYCIN HYDROCHLORIDE,HUMAN PRESCRIPTION DRUG,11/11/2021,N/A,ANDA,"9 CAPSULE in 1 BOTTLE, PLASTIC (72789-207-09)","Decreased Sebaceous Gland Activity [PE], Lincosamide Antibacterial [EPC], Lincosamides [CS], Neuromuscular Blockade [PE]",N/A,No,12/31/2027
Clindamycin hydrochloride,72789-207-21,300 mg/1,CAPSULE,ORAL,ANDA065061,"PD-Rx Pharmaceuticals, Inc.",72789-207,Clindamycin hydrochloride,CLINDAMYCIN HYDROCHLORIDE,HUMAN PRESCRIPTION DRUG,12/03/2021,N/A,ANDA,"21 CAPSULE in 1 BOTTLE, PLASTIC (72789-207-21)","Decreased Sebaceous Gland Activity [PE], Lincosamide Antibacterial [EPC], Lincosamides [CS], Neuromuscular Blockade [PE]",N/A,No,12/31/2027
Clindamycin Hydrochloride,73614-204-03,150 mg/1,CAPSULE,ORAL,ANDA216957,Brisk Pharmaceuticals,73614-204,Clindamycin Hydrochloride,CLINDAMYCIN HYDROCHLORIDE,HUMAN PRESCRIPTION DRUG,02/10/2025,N/A,ANDA,30 CAPSULE in 1 BOTTLE (73614-204-03),"Decreased Sebaceous Gland Activity [PE], Lincosamide Antibacterial [EPC], Lincosamides [CS], Neuromuscular Blockade [PE]",N/A,No,12/31/2026
Clindamycin hydrochloride,76420-202-30,300 mg/1,CAPSULE,ORAL,ANDA065061,"Asclemed USA, Inc.",76420-202,Clindamycin hydrochloride,CLINDAMYCIN HYDROCHLORIDE,HUMAN PRESCRIPTION DRUG,05/02/2023,N/A,ANDA,30 CAPSULE in 1 BOTTLE (76420-202-30),"Decreased Sebaceous Gland Activity [PE], Lincosamide Antibacterial [EPC], Lincosamides [CS], Neuromuscular Blockade [PE]",N/A,No,12/31/2026
Clindamycin hydrochloride,76420-202-90,300 mg/1,CAPSULE,ORAL,ANDA065061,"Asclemed USA, Inc.",76420-202,Clindamycin hydrochloride,CLINDAMYCIN HYDROCHLORIDE,HUMAN PRESCRIPTION DRUG,05/02/2023,N/A,ANDA,90 CAPSULE in 1 BOTTLE (76420-202-90),"Decreased Sebaceous Gland Activity [PE], Lincosamide Antibacterial [EPC], Lincosamides [CS], Neuromuscular Blockade [PE]",N/A,No,12/31/2026
Clindamycin hydrochloride,76420-202-20,300 mg/1,CAPSULE,ORAL,ANDA065061,"Asclemed USA, Inc.",76420-202,Clindamycin hydrochloride,CLINDAMYCIN HYDROCHLORIDE,HUMAN PRESCRIPTION DRUG,05/02/2023,N/A,ANDA,20 CAPSULE in 1 BOTTLE (76420-202-20),"Decreased Sebaceous Gland Activity [PE], Lincosamide Antibacterial [EPC], Lincosamides [CS], Neuromuscular Blockade [PE]",N/A,No,12/31/2026
Clindamycin hydrochloride,76420-202-12,300 mg/1,CAPSULE,ORAL,ANDA065061,"Asclemed USA, Inc.",76420-202,Clindamycin hydrochloride,CLINDAMYCIN HYDROCHLORIDE,HUMAN PRESCRIPTION DRUG,11/30/2021,N/A,ANDA,12 CAPSULE in 1 BOTTLE (76420-202-12),"Decreased Sebaceous Gland Activity [PE], Lincosamide Antibacterial [EPC], Lincosamides [CS], Neuromuscular Blockade [PE]",N/A,No,12/31/2026
Clindamycin hydrochloride,76420-202-60,300 mg/1,CAPSULE,ORAL,ANDA065061,"Asclemed USA, Inc.",76420-202,Clindamycin hydrochloride,CLINDAMYCIN HYDROCHLORIDE,HUMAN PRESCRIPTION DRUG,05/02/2023,N/A,ANDA,60 CAPSULE in 1 BOTTLE (76420-202-60),"Decreased Sebaceous Gland Activity [PE], Lincosamide Antibacterial [EPC], Lincosamides [CS], Neuromuscular Blockade [PE]",N/A,No,12/31/2026
Clindamycin hydrochloride,76420-202-01,300 mg/1,CAPSULE,ORAL,ANDA065061,"Asclemed USA, Inc.",76420-202,Clindamycin hydrochloride,CLINDAMYCIN HYDROCHLORIDE,HUMAN PRESCRIPTION DRUG,05/02/2023,N/A,ANDA,100 CAPSULE in 1 BOTTLE (76420-202-01),"Decreased Sebaceous Gland Activity [PE], Lincosamide Antibacterial [EPC], Lincosamides [CS], Neuromuscular Blockade [PE]",N/A,No,12/31/2026
CLINDAMYCIN HYDROCHLORIDE,76420-614-01,300 mg/1,CAPSULE,ORAL,ANDA207402,"Asclemed USA, Inc.",76420-614,Clindamycin hydrochloride,CLINDAMYCIN HYDROCHLORIDE,HUMAN PRESCRIPTION DRUG,09/14/2023,N/A,ANDA,100 CAPSULE in 1 BOTTLE (76420-614-01),"Decreased Sebaceous Gland Activity [PE], Lincosamide Antibacterial [EPC], Lincosamides [CS], Neuromuscular Blockade [PE]",N/A,No,12/31/2026
CLINDAMYCIN HYDROCHLORIDE,76420-614-90,300 mg/1,CAPSULE,ORAL,ANDA207402,"Asclemed USA, Inc.",76420-614,Clindamycin hydrochloride,CLINDAMYCIN HYDROCHLORIDE,HUMAN PRESCRIPTION DRUG,09/14/2023,N/A,ANDA,90 CAPSULE in 1 BOTTLE (76420-614-90),"Decreased Sebaceous Gland Activity [PE], Lincosamide Antibacterial [EPC], Lincosamides [CS], Neuromuscular Blockade [PE]",N/A,No,12/31/2026
CLINDAMYCIN HYDROCHLORIDE,76420-614-20,300 mg/1,CAPSULE,ORAL,ANDA207402,"Asclemed USA, Inc.",76420-614,Clindamycin hydrochloride,CLINDAMYCIN HYDROCHLORIDE,HUMAN PRESCRIPTION DRUG,09/14/2023,N/A,ANDA,20 CAPSULE in 1 BOTTLE (76420-614-20),"Decreased Sebaceous Gland Activity [PE], Lincosamide Antibacterial [EPC], Lincosamides [CS], Neuromuscular Blockade [PE]",N/A,No,12/31/2026
CLINDAMYCIN HYDROCHLORIDE,76420-614-60,300 mg/1,CAPSULE,ORAL,ANDA207402,"Asclemed USA, Inc.",76420-614,Clindamycin hydrochloride,CLINDAMYCIN HYDROCHLORIDE,HUMAN PRESCRIPTION DRUG,09/14/2023,N/A,ANDA,60 CAPSULE in 1 BOTTLE (76420-614-60),"Decreased Sebaceous Gland Activity [PE], Lincosamide Antibacterial [EPC], Lincosamides [CS], Neuromuscular Blockade [PE]",N/A,No,12/31/2026
CLINDAMYCIN HYDROCHLORIDE,76420-614-30,300 mg/1,CAPSULE,ORAL,ANDA207402,"Asclemed USA, Inc.",76420-614,Clindamycin hydrochloride,CLINDAMYCIN HYDROCHLORIDE,HUMAN PRESCRIPTION DRUG,09/14/2023,N/A,ANDA,30 CAPSULE in 1 BOTTLE (76420-614-30),"Decreased Sebaceous Gland Activity [PE], Lincosamide Antibacterial [EPC], Lincosamides [CS], Neuromuscular Blockade [PE]",N/A,No,12/31/2026
CLINDAMYCIN HYDROCHLORIDE,76420-614-21,300 mg/1,CAPSULE,ORAL,ANDA207402,"Asclemed USA, Inc.",76420-614,Clindamycin hydrochloride,CLINDAMYCIN HYDROCHLORIDE,HUMAN PRESCRIPTION DRUG,09/14/2023,N/A,ANDA,21 CAPSULE in 1 BOTTLE (76420-614-21),"Decreased Sebaceous Gland Activity [PE], Lincosamide Antibacterial [EPC], Lincosamides [CS], Neuromuscular Blockade [PE]",N/A,No,12/31/2026
CLINDAMYCIN HYDROCHLORIDE,76420-614-12,300 mg/1,CAPSULE,ORAL,ANDA207402,"Asclemed USA, Inc.",76420-614,Clindamycin hydrochloride,CLINDAMYCIN HYDROCHLORIDE,HUMAN PRESCRIPTION DRUG,09/14/2023,N/A,ANDA,12 CAPSULE in 1 BOTTLE (76420-614-12),"Decreased Sebaceous Gland Activity [PE], Lincosamide Antibacterial [EPC], Lincosamides [CS], Neuromuscular Blockade [PE]",N/A,No,12/31/2026
CLINDAMYCIN HYDROCHLORIDE,76420-615-21,75 mg/1,CAPSULE,ORAL,ANDA207402,"Asclemed USA, Inc.",76420-615,Clindamycin hydrochloride,CLINDAMYCIN HYDROCHLORIDE,HUMAN PRESCRIPTION DRUG,09/14/2023,N/A,ANDA,21 CAPSULE in 1 BOTTLE (76420-615-21),"Decreased Sebaceous Gland Activity [PE], Lincosamide Antibacterial [EPC], Lincosamides [CS], Neuromuscular Blockade [PE]",N/A,No,12/31/2026
CLINDAMYCIN HYDROCHLORIDE,76420-615-20,75 mg/1,CAPSULE,ORAL,ANDA207402,"Asclemed USA, Inc.",76420-615,Clindamycin hydrochloride,CLINDAMYCIN HYDROCHLORIDE,HUMAN PRESCRIPTION DRUG,09/14/2023,N/A,ANDA,20 CAPSULE in 1 BOTTLE (76420-615-20),"Decreased Sebaceous Gland Activity [PE], Lincosamide Antibacterial [EPC], Lincosamides [CS], Neuromuscular Blockade [PE]",N/A,No,12/31/2026
CLINDAMYCIN HYDROCHLORIDE,76420-615-01,75 mg/1,CAPSULE,ORAL,ANDA207402,"Asclemed USA, Inc.",76420-615,Clindamycin hydrochloride,CLINDAMYCIN HYDROCHLORIDE,HUMAN PRESCRIPTION DRUG,09/14/2023,N/A,ANDA,100 CAPSULE in 1 BOTTLE (76420-615-01),"Decreased Sebaceous Gland Activity [PE], Lincosamide Antibacterial [EPC], Lincosamides [CS], Neuromuscular Blockade [PE]",N/A,No,12/31/2026
CLINDAMYCIN HYDROCHLORIDE,76420-615-30,75 mg/1,CAPSULE,ORAL,ANDA207402,"Asclemed USA, Inc.",76420-615,Clindamycin hydrochloride,CLINDAMYCIN HYDROCHLORIDE,HUMAN PRESCRIPTION DRUG,09/14/2023,N/A,ANDA,30 CAPSULE in 1 BOTTLE (76420-615-30),"Decreased Sebaceous Gland Activity [PE], Lincosamide Antibacterial [EPC], Lincosamides [CS], Neuromuscular Blockade [PE]",N/A,No,12/31/2026
CLINDAMYCIN HYDROCHLORIDE,76420-615-60,75 mg/1,CAPSULE,ORAL,ANDA207402,"Asclemed USA, Inc.",76420-615,Clindamycin hydrochloride,CLINDAMYCIN HYDROCHLORIDE,HUMAN PRESCRIPTION DRUG,09/14/2023,N/A,ANDA,60 CAPSULE in 1 BOTTLE (76420-615-60),"Decreased Sebaceous Gland Activity [PE], Lincosamide Antibacterial [EPC], Lincosamides [CS], Neuromuscular Blockade [PE]",N/A,No,12/31/2026
CLINDAMYCIN HYDROCHLORIDE,76420-615-12,75 mg/1,CAPSULE,ORAL,ANDA207402,"Asclemed USA, Inc.",76420-615,Clindamycin hydrochloride,CLINDAMYCIN HYDROCHLORIDE,HUMAN PRESCRIPTION DRUG,09/14/2023,N/A,ANDA,12 CAPSULE in 1 BOTTLE (76420-615-12),"Decreased Sebaceous Gland Activity [PE], Lincosamide Antibacterial [EPC], Lincosamides [CS], Neuromuscular Blockade [PE]",N/A,No,12/31/2026
CLINDAMYCIN HYDROCHLORIDE,76420-615-90,75 mg/1,CAPSULE,ORAL,ANDA207402,"Asclemed USA, Inc.",76420-615,Clindamycin hydrochloride,CLINDAMYCIN HYDROCHLORIDE,HUMAN PRESCRIPTION DRUG,09/14/2023,N/A,ANDA,90 CAPSULE in 1 BOTTLE (76420-615-90),"Decreased Sebaceous Gland Activity [PE], Lincosamide Antibacterial [EPC], Lincosamides [CS], Neuromuscular Blockade [PE]",N/A,No,12/31/2026
CLINDAMYCIN HYDROCHLORIDE,76420-616-90,150 mg/1,CAPSULE,ORAL,ANDA207402,"Asclemed USA, Inc.",76420-616,Clindamycin hydrochloride,CLINDAMYCIN HYDROCHLORIDE,HUMAN PRESCRIPTION DRUG,09/14/2023,N/A,ANDA,90 CAPSULE in 1 BOTTLE (76420-616-90),"Decreased Sebaceous Gland Activity [PE], Lincosamide Antibacterial [EPC], Lincosamides [CS], Neuromuscular Blockade [PE]",N/A,No,12/31/2026
CLINDAMYCIN HYDROCHLORIDE,76420-616-30,150 mg/1,CAPSULE,ORAL,ANDA207402,"Asclemed USA, Inc.",76420-616,Clindamycin hydrochloride,CLINDAMYCIN HYDROCHLORIDE,HUMAN PRESCRIPTION DRUG,09/14/2023,N/A,ANDA,30 CAPSULE in 1 BOTTLE (76420-616-30),"Decreased Sebaceous Gland Activity [PE], Lincosamide Antibacterial [EPC], Lincosamides [CS], Neuromuscular Blockade [PE]",N/A,No,12/31/2026
CLINDAMYCIN HYDROCHLORIDE,76420-616-01,150 mg/1,CAPSULE,ORAL,ANDA207402,"Asclemed USA, Inc.",76420-616,Clindamycin hydrochloride,CLINDAMYCIN HYDROCHLORIDE,HUMAN PRESCRIPTION DRUG,09/14/2023,N/A,ANDA,100 CAPSULE in 1 BOTTLE (76420-616-01),"Decreased Sebaceous Gland Activity [PE], Lincosamide Antibacterial [EPC], Lincosamides [CS], Neuromuscular Blockade [PE]",N/A,No,12/31/2026
CLINDAMYCIN HYDROCHLORIDE,76420-616-60,150 mg/1,CAPSULE,ORAL,ANDA207402,"Asclemed USA, Inc.",76420-616,Clindamycin hydrochloride,CLINDAMYCIN HYDROCHLORIDE,HUMAN PRESCRIPTION DRUG,09/14/2023,N/A,ANDA,60 CAPSULE in 1 BOTTLE (76420-616-60),"Decreased Sebaceous Gland Activity [PE], Lincosamide Antibacterial [EPC], Lincosamides [CS], Neuromuscular Blockade [PE]",N/A,No,12/31/2026
CLINDAMYCIN HYDROCHLORIDE,76420-616-21,150 mg/1,CAPSULE,ORAL,ANDA207402,"Asclemed USA, Inc.",76420-616,Clindamycin hydrochloride,CLINDAMYCIN HYDROCHLORIDE,HUMAN PRESCRIPTION DRUG,09/14/2023,N/A,ANDA,21 CAPSULE in 1 BOTTLE (76420-616-21),"Decreased Sebaceous Gland Activity [PE], Lincosamide Antibacterial [EPC], Lincosamides [CS], Neuromuscular Blockade [PE]",N/A,No,12/31/2026
CLINDAMYCIN HYDROCHLORIDE,76420-616-20,150 mg/1,CAPSULE,ORAL,ANDA207402,"Asclemed USA, Inc.",76420-616,Clindamycin hydrochloride,CLINDAMYCIN HYDROCHLORIDE,HUMAN PRESCRIPTION DRUG,09/14/2023,N/A,ANDA,20 CAPSULE in 1 BOTTLE (76420-616-20),"Decreased Sebaceous Gland Activity [PE], Lincosamide Antibacterial [EPC], Lincosamides [CS], Neuromuscular Blockade [PE]",N/A,No,12/31/2026
CLINDAMYCIN HYDROCHLORIDE,76420-616-12,150 mg/1,CAPSULE,ORAL,ANDA207402,"Asclemed USA, Inc.",76420-616,Clindamycin hydrochloride,CLINDAMYCIN HYDROCHLORIDE,HUMAN PRESCRIPTION DRUG,09/14/2023,N/A,ANDA,12 CAPSULE in 1 BOTTLE (76420-616-12),"Decreased Sebaceous Gland Activity [PE], Lincosamide Antibacterial [EPC], Lincosamides [CS], Neuromuscular Blockade [PE]",N/A,No,12/31/2026
CLINDAMYCIN HYDROCHLORIDE,80425-0416-1,300 mg/1,CAPSULE,ORAL,ANDA207402,"Advanced Rx of Tennessee, LLC",80425-0416,Clindamycin hydrochloride,CLINDAMYCIN HYDROCHLORIDE,HUMAN PRESCRIPTION DRUG,07/16/2024,N/A,ANDA,21 CAPSULE in 1 BOTTLE (80425-0416-1),"Decreased Sebaceous Gland Activity [PE], Lincosamide Antibacterial [EPC], Lincosamides [CS], Neuromuscular Blockade [PE]",N/A,No,12/31/2026
CLINDAMYCIN HYDROCHLORIDE,80425-0416-2,300 mg/1,CAPSULE,ORAL,ANDA207402,"Advanced Rx of Tennessee, LLC",80425-0416,Clindamycin hydrochloride,CLINDAMYCIN HYDROCHLORIDE,HUMAN PRESCRIPTION DRUG,07/16/2024,N/A,ANDA,28 CAPSULE in 1 BOTTLE (80425-0416-2),"Decreased Sebaceous Gland Activity [PE], Lincosamide Antibacterial [EPC], Lincosamides [CS], Neuromuscular Blockade [PE]",N/A,No,12/31/2026
CLINDAMYCIN HYDROCHLORIDE,80425-0416-3,300 mg/1,CAPSULE,ORAL,ANDA207402,"Advanced Rx of Tennessee, LLC",80425-0416,Clindamycin hydrochloride,CLINDAMYCIN HYDROCHLORIDE,HUMAN PRESCRIPTION DRUG,07/16/2024,N/A,ANDA,30 CAPSULE in 1 BOTTLE (80425-0416-3),"Decreased Sebaceous Gland Activity [PE], Lincosamide Antibacterial [EPC], Lincosamides [CS], Neuromuscular Blockade [PE]",N/A,No,12/31/2026
Clindamycin Hydrochloride,82804-278-21,300 mg/1,CAPSULE,ORAL,ANDA216957,Proficient Rx LP,82804-278,Clindamycin Hydrochloride,CLINDAMYCIN HYDROCHLORIDE,HUMAN PRESCRIPTION DRUG,04/09/2026,N/A,ANDA,21 CAPSULE in 1 BOTTLE (82804-278-21),"Decreased Sebaceous Gland Activity [PE], Lincosamide Antibacterial [EPC], Lincosamides [CS], Neuromuscular Blockade [PE]",N/A,No,12/31/2027
Clindamycin Hydrochloride,82804-278-30,300 mg/1,CAPSULE,ORAL,ANDA216957,Proficient Rx LP,82804-278,Clindamycin Hydrochloride,CLINDAMYCIN HYDROCHLORIDE,HUMAN PRESCRIPTION DRUG,04/09/2026,N/A,ANDA,30 CAPSULE in 1 BOTTLE (82804-278-30),"Decreased Sebaceous Gland Activity [PE], Lincosamide Antibacterial [EPC], Lincosamides [CS], Neuromuscular Blockade [PE]",N/A,No,12/31/2027
Clindamycin Hydrochloride,83939-0019-3,300 mg/1,CAPSULE,ORAL,ANDA065442,"VERITYRX, LLC",83939-0019,Clindamycin Hydrochloride,CLINDAMYCIN HYDROCHLORIDE,HUMAN PRESCRIPTION DRUG,11/03/2025,N/A,ANDA,"100 POUCH in 1 BOX, UNIT-DOSE (83939-0019-3) / 1 CAPSULE in 1 POUCH","Decreased Sebaceous Gland Activity [PE], Lincosamide Antibacterial [EPC], Lincosamides [CS], Neuromuscular Blockade [PE]",N/A,No,12/31/2026
Clindamycin Hydrochloride,83939-0019-2,300 mg/1,CAPSULE,ORAL,ANDA065442,"VERITYRX, LLC",83939-0019,Clindamycin Hydrochloride,CLINDAMYCIN HYDROCHLORIDE,HUMAN PRESCRIPTION DRUG,11/03/2025,N/A,ANDA,"50 POUCH in 1 BOX, UNIT-DOSE (83939-0019-2) / 1 CAPSULE in 1 POUCH","Decreased Sebaceous Gland Activity [PE], Lincosamide Antibacterial [EPC], Lincosamides [CS], Neuromuscular Blockade [PE]",N/A,No,12/31/2026
Clindamycin Hydrochloride,83939-0019-1,300 mg/1,CAPSULE,ORAL,ANDA065442,"VERITYRX, LLC",83939-0019,Clindamycin Hydrochloride,CLINDAMYCIN HYDROCHLORIDE,HUMAN PRESCRIPTION DRUG,11/03/2025,N/A,ANDA,1 CAPSULE in 1 POUCH (83939-0019-1),"Decreased Sebaceous Gland Activity [PE], Lincosamide Antibacterial [EPC], Lincosamides [CS], Neuromuscular Blockade [PE]",N/A,No,12/31/2026
Clindamycin hydrochloride,85534-0087-4,150 mg/1,CAPSULE,ORAL,ANDA065061,"HAWAII REPACK, INC.",85534-0087,Clindamycin hydrochloride,CLINDAMYCIN HYDROCHLORIDE,HUMAN PRESCRIPTION DRUG,07/18/2026,N/A,ANDA,30 CAPSULE in 1 BOTTLE (85534-0087-4),"Decreased Sebaceous Gland Activity [PE], Lincosamide Antibacterial [EPC], Lincosamides [CS], Neuromuscular Blockade [PE]",N/A,No,12/31/2027
Clindamycin hydrochloride,85534-0087-5,150 mg/1,CAPSULE,ORAL,ANDA065061,"HAWAII REPACK, INC.",85534-0087,Clindamycin hydrochloride,CLINDAMYCIN HYDROCHLORIDE,HUMAN PRESCRIPTION DRUG,07/18/2026,N/A,ANDA,40 CAPSULE in 1 BOTTLE (85534-0087-5),"Decreased Sebaceous Gland Activity [PE], Lincosamide Antibacterial [EPC], Lincosamides [CS], Neuromuscular Blockade [PE]",N/A,No,12/31/2027
Clindamycin hydrochloride,85534-0087-3,150 mg/1,CAPSULE,ORAL,ANDA065061,"HAWAII REPACK, INC.",85534-0087,Clindamycin hydrochloride,CLINDAMYCIN HYDROCHLORIDE,HUMAN PRESCRIPTION DRUG,07/18/2026,N/A,ANDA,28 CAPSULE in 1 BOTTLE (85534-0087-3),"Decreased Sebaceous Gland Activity [PE], Lincosamide Antibacterial [EPC], Lincosamides [CS], Neuromuscular Blockade [PE]",N/A,No,12/31/2027
Clindamycin hydrochloride,85534-0087-2,150 mg/1,CAPSULE,ORAL,ANDA065061,"HAWAII REPACK, INC.",85534-0087,Clindamycin hydrochloride,CLINDAMYCIN HYDROCHLORIDE,HUMAN PRESCRIPTION DRUG,07/18/2026,N/A,ANDA,20 CAPSULE in 1 BOTTLE (85534-0087-2),"Decreased Sebaceous Gland Activity [PE], Lincosamide Antibacterial [EPC], Lincosamides [CS], Neuromuscular Blockade [PE]",N/A,No,12/31/2027
Clindamycin hydrochloride,85534-0087-0,150 mg/1,CAPSULE,ORAL,ANDA065061,"HAWAII REPACK, INC.",85534-0087,Clindamycin hydrochloride,CLINDAMYCIN HYDROCHLORIDE,HUMAN PRESCRIPTION DRUG,07/18/2026,N/A,ANDA,8 CAPSULE in 1 BOTTLE (85534-0087-0),"Decreased Sebaceous Gland Activity [PE], Lincosamide Antibacterial [EPC], Lincosamides [CS], Neuromuscular Blockade [PE]",N/A,No,12/31/2027
Clindamycin hydrochloride,85534-0087-1,150 mg/1,CAPSULE,ORAL,ANDA065061,"HAWAII REPACK, INC.",85534-0087,Clindamycin hydrochloride,CLINDAMYCIN HYDROCHLORIDE,HUMAN PRESCRIPTION DRUG,07/18/2026,N/A,ANDA,12 CAPSULE in 1 BOTTLE (85534-0087-1),"Decreased Sebaceous Gland Activity [PE], Lincosamide Antibacterial [EPC], Lincosamides [CS], Neuromuscular Blockade [PE]",N/A,No,12/31/2027
Clindamycin hydrochloride,85534-0088-1,300 mg/1,CAPSULE,ORAL,ANDA065061,"HAWAII REPACK, INC.",85534-0088,Clindamycin hydrochloride,CLINDAMYCIN HYDROCHLORIDE,HUMAN PRESCRIPTION DRUG,07/18/2026,N/A,ANDA,12 CAPSULE in 1 BOTTLE (85534-0088-1),"Decreased Sebaceous Gland Activity [PE], Lincosamide Antibacterial [EPC], Lincosamides [CS], Neuromuscular Blockade [PE]",N/A,No,12/31/2027
Clindamycin hydrochloride,85534-0088-2,300 mg/1,CAPSULE,ORAL,ANDA065061,"HAWAII REPACK, INC.",85534-0088,Clindamycin hydrochloride,CLINDAMYCIN HYDROCHLORIDE,HUMAN PRESCRIPTION DRUG,07/18/2026,N/A,ANDA,20 CAPSULE in 1 BOTTLE (85534-0088-2),"Decreased Sebaceous Gland Activity [PE], Lincosamide Antibacterial [EPC], Lincosamides [CS], Neuromuscular Blockade [PE]",N/A,No,12/31/2027
Clindamycin hydrochloride,85534-0088-0,300 mg/1,CAPSULE,ORAL,ANDA065061,"HAWAII REPACK, INC.",85534-0088,Clindamycin hydrochloride,CLINDAMYCIN HYDROCHLORIDE,HUMAN PRESCRIPTION DRUG,07/18/2026,N/A,ANDA,8 CAPSULE in 1 BOTTLE (85534-0088-0),"Decreased Sebaceous Gland Activity [PE], Lincosamide Antibacterial [EPC], Lincosamides [CS], Neuromuscular Blockade [PE]",N/A,No,12/31/2027
Clindamycin hydrochloride,85534-0088-4,300 mg/1,CAPSULE,ORAL,ANDA065061,"HAWAII REPACK, INC.",85534-0088,Clindamycin hydrochloride,CLINDAMYCIN HYDROCHLORIDE,HUMAN PRESCRIPTION DRUG,07/18/2026,N/A,ANDA,30 CAPSULE in 1 BOTTLE (85534-0088-4),"Decreased Sebaceous Gland Activity [PE], Lincosamide Antibacterial [EPC], Lincosamides [CS], Neuromuscular Blockade [PE]",N/A,No,12/31/2027
Clindamycin hydrochloride,85534-0088-3,300 mg/1,CAPSULE,ORAL,ANDA065061,"HAWAII REPACK, INC.",85534-0088,Clindamycin hydrochloride,CLINDAMYCIN HYDROCHLORIDE,HUMAN PRESCRIPTION DRUG,07/18/2026,N/A,ANDA,28 CAPSULE in 1 BOTTLE (85534-0088-3),"Decreased Sebaceous Gland Activity [PE], Lincosamide Antibacterial [EPC], Lincosamides [CS], Neuromuscular Blockade [PE]",N/A,No,12/31/2027
Clindamycin hydrochloride,85534-0088-5,300 mg/1,CAPSULE,ORAL,ANDA065061,"HAWAII REPACK, INC.",85534-0088,Clindamycin hydrochloride,CLINDAMYCIN HYDROCHLORIDE,HUMAN PRESCRIPTION DRUG,07/18/2026,N/A,ANDA,40 CAPSULE in 1 BOTTLE (85534-0088-5),"Decreased Sebaceous Gland Activity [PE], Lincosamide Antibacterial [EPC], Lincosamides [CS], Neuromuscular Blockade [PE]",N/A,No,12/31/2027
Clindamycin Hydrochloride,85766-028-60,300 mg/1,CAPSULE,ORAL,ANDA216957,Sportpharm LLC,85766-028,Clindamycin Hydrochloride,CLINDAMYCIN HYDROCHLORIDE,HUMAN PRESCRIPTION DRUG,08/07/2025,N/A,ANDA,60 CAPSULE in 1 BOTTLE (85766-028-60),"Decreased Sebaceous Gland Activity [PE], Lincosamide Antibacterial [EPC], Lincosamides [CS], Neuromuscular Blockade [PE]",N/A,No,12/31/2027
Clindamycin Hydrochloride,85766-028-30,300 mg/1,CAPSULE,ORAL,ANDA216957,Sportpharm LLC,85766-028,Clindamycin Hydrochloride,CLINDAMYCIN HYDROCHLORIDE,HUMAN PRESCRIPTION DRUG,08/07/2025,N/A,ANDA,30 CAPSULE in 1 BOTTLE (85766-028-30),"Decreased Sebaceous Gland Activity [PE], Lincosamide Antibacterial [EPC], Lincosamides [CS], Neuromuscular Blockade [PE]",N/A,No,12/31/2027
Clindamycin Hydrochloride,85766-028-16,300 mg/1,CAPSULE,ORAL,ANDA216957,Sportpharm LLC,85766-028,Clindamycin Hydrochloride,CLINDAMYCIN HYDROCHLORIDE,HUMAN PRESCRIPTION DRUG,08/07/2025,N/A,ANDA,16 CAPSULE in 1 BOTTLE (85766-028-16),"Decreased Sebaceous Gland Activity [PE], Lincosamide Antibacterial [EPC], Lincosamides [CS], Neuromuscular Blockade [PE]",N/A,No,12/31/2027
Clindamycin Hydrochloride,85766-028-20,300 mg/1,CAPSULE,ORAL,ANDA216957,Sportpharm LLC,85766-028,Clindamycin Hydrochloride,CLINDAMYCIN HYDROCHLORIDE,HUMAN PRESCRIPTION DRUG,08/07/2025,N/A,ANDA,20 CAPSULE in 1 BOTTLE (85766-028-20),"Decreased Sebaceous Gland Activity [PE], Lincosamide Antibacterial [EPC], Lincosamides [CS], Neuromuscular Blockade [PE]",N/A,No,12/31/2027
Clindamycin Hydrochloride,85766-028-12,300 mg/1,CAPSULE,ORAL,ANDA216957,Sportpharm LLC,85766-028,Clindamycin Hydrochloride,CLINDAMYCIN HYDROCHLORIDE,HUMAN PRESCRIPTION DRUG,08/07/2025,N/A,ANDA,12 CAPSULE in 1 BOTTLE (85766-028-12),"Decreased Sebaceous Gland Activity [PE], Lincosamide Antibacterial [EPC], Lincosamides [CS], Neuromuscular Blockade [PE]",N/A,No,12/31/2027
Clindamycin Hydrochloride,85766-028-01,300 mg/1,CAPSULE,ORAL,ANDA216957,Sportpharm LLC,85766-028,Clindamycin Hydrochloride,CLINDAMYCIN HYDROCHLORIDE,HUMAN PRESCRIPTION DRUG,08/07/2025,N/A,ANDA,100 CAPSULE in 1 BOTTLE (85766-028-01),"Decreased Sebaceous Gland Activity [PE], Lincosamide Antibacterial [EPC], Lincosamides [CS], Neuromuscular Blockade [PE]",N/A,No,12/31/2027
Clindamycin Hydrochloride,85766-028-90,300 mg/1,CAPSULE,ORAL,ANDA216957,Sportpharm LLC,85766-028,Clindamycin Hydrochloride,CLINDAMYCIN HYDROCHLORIDE,HUMAN PRESCRIPTION DRUG,08/07/2025,N/A,ANDA,90 CAPSULE in 1 BOTTLE (85766-028-90),"Decreased Sebaceous Gland Activity [PE], Lincosamide Antibacterial [EPC], Lincosamides [CS], Neuromuscular Blockade [PE]",N/A,No,12/31/2027
Clindamycin hydrochloride,87441-005-01,150 mg/1,CAPSULE,ORAL,ANDA065061,"Unit Dose Solutions, Inc.",87441-005,Clindamycin hydrochloride,CLINDAMYCIN HYDROCHLORIDE,HUMAN PRESCRIPTION DRUG,06/03/2026,N/A,ANDA,30 CAPSULE in 1 BLISTER PACK (87441-005-01),"Decreased Sebaceous Gland Activity [PE], Lincosamide Antibacterial [EPC], Lincosamides [CS], Neuromuscular Blockade [PE]",N/A,No,12/31/2027
