"Proprietary Name","NDC Package Code","Strength","Dosage Form","Route","Appl. No.","Labeler Name","Product NDC","Nonproprietary Name","Substance Name","Product Type Name","Start Marketing Date","End Marketing Date","Market Category","Package Description","Pharm Class","DEA","Sample Package","Listing Record Certified Through:"
"Carvedilol","0093-0051-05","3.125 mg/1","TABLET, FILM COATED","ORAL","ANDA076373","Teva Pharmaceuticals USA, Inc.","0093-0051","Carvedilol","CARVEDILOL","HUMAN PRESCRIPTION DRUG","12/02/2008","N/A","ANDA","500 TABLET, FILM COATED in 1 BOTTLE (0093-0051-05)","Adrenergic alpha-Antagonists [MoA],  Adrenergic beta1-Antagonists [MoA],  Adrenergic beta2-Antagonists [MoA],  alpha-Adrenergic Blocker [EPC],  beta-Adrenergic Blocker [EPC]","N/A","No","12/31/2026"
"Carvedilol","0093-0051-01","3.125 mg/1","TABLET, FILM COATED","ORAL","ANDA076373","Teva Pharmaceuticals USA, Inc.","0093-0051","Carvedilol","CARVEDILOL","HUMAN PRESCRIPTION DRUG","09/06/2007","N/A","ANDA","100 TABLET, FILM COATED in 1 BOTTLE (0093-0051-01)","Adrenergic alpha-Antagonists [MoA],  Adrenergic beta1-Antagonists [MoA],  Adrenergic beta2-Antagonists [MoA],  alpha-Adrenergic Blocker [EPC],  beta-Adrenergic Blocker [EPC]","N/A","No","12/31/2026"
"Carvedilol","0093-0135-05","6.25 mg/1","TABLET, FILM COATED","ORAL","ANDA076373","Teva Pharmaceuticals USA, Inc.","0093-0135","Carvedilol","CARVEDILOL","HUMAN PRESCRIPTION DRUG","12/02/2008","N/A","ANDA","500 TABLET, FILM COATED in 1 BOTTLE (0093-0135-05)","Adrenergic alpha-Antagonists [MoA],  Adrenergic beta1-Antagonists [MoA],  Adrenergic beta2-Antagonists [MoA],  alpha-Adrenergic Blocker [EPC],  beta-Adrenergic Blocker [EPC]","N/A","No","12/31/2026"
"Carvedilol","0093-0135-01","6.25 mg/1","TABLET, FILM COATED","ORAL","ANDA076373","Teva Pharmaceuticals USA, Inc.","0093-0135","Carvedilol","CARVEDILOL","HUMAN PRESCRIPTION DRUG","09/06/2007","N/A","ANDA","100 TABLET, FILM COATED in 1 BOTTLE (0093-0135-01)","Adrenergic alpha-Antagonists [MoA],  Adrenergic beta1-Antagonists [MoA],  Adrenergic beta2-Antagonists [MoA],  alpha-Adrenergic Blocker [EPC],  beta-Adrenergic Blocker [EPC]","N/A","No","12/31/2026"
"Carvedilol","0093-7295-05","12.5 mg/1","TABLET, FILM COATED","ORAL","ANDA076373","Teva Pharmaceuticals USA, Inc.","0093-7295","Carvedilol","CARVEDILOL","HUMAN PRESCRIPTION DRUG","12/02/2008","N/A","ANDA","500 TABLET, FILM COATED in 1 BOTTLE (0093-7295-05)","Adrenergic alpha-Antagonists [MoA],  Adrenergic beta1-Antagonists [MoA],  Adrenergic beta2-Antagonists [MoA],  alpha-Adrenergic Blocker [EPC],  beta-Adrenergic Blocker [EPC]","N/A","No","12/31/2026"
"Carvedilol","0093-7295-01","12.5 mg/1","TABLET, FILM COATED","ORAL","ANDA076373","Teva Pharmaceuticals USA, Inc.","0093-7295","Carvedilol","CARVEDILOL","HUMAN PRESCRIPTION DRUG","09/06/2007","N/A","ANDA","100 TABLET, FILM COATED in 1 BOTTLE (0093-7295-01)","Adrenergic alpha-Antagonists [MoA],  Adrenergic beta1-Antagonists [MoA],  Adrenergic beta2-Antagonists [MoA],  alpha-Adrenergic Blocker [EPC],  beta-Adrenergic Blocker [EPC]","N/A","No","12/31/2026"
"Carvedilol","0093-7296-01","25 mg/1","TABLET, FILM COATED","ORAL","ANDA076373","Teva Pharmaceuticals USA, Inc.","0093-7296","Carvedilol","CARVEDILOL","HUMAN PRESCRIPTION DRUG","09/06/2007","N/A","ANDA","100 TABLET, FILM COATED in 1 BOTTLE (0093-7296-01)","Adrenergic alpha-Antagonists [MoA],  Adrenergic beta1-Antagonists [MoA],  Adrenergic beta2-Antagonists [MoA],  alpha-Adrenergic Blocker [EPC],  beta-Adrenergic Blocker [EPC]","N/A","No","12/31/2026"
"Carvedilol","0093-7296-05","25 mg/1","TABLET, FILM COATED","ORAL","ANDA076373","Teva Pharmaceuticals USA, Inc.","0093-7296","Carvedilol","CARVEDILOL","HUMAN PRESCRIPTION DRUG","12/02/2008","N/A","ANDA","500 TABLET, FILM COATED in 1 BOTTLE (0093-7296-05)","Adrenergic alpha-Antagonists [MoA],  Adrenergic beta1-Antagonists [MoA],  Adrenergic beta2-Antagonists [MoA],  alpha-Adrenergic Blocker [EPC],  beta-Adrenergic Blocker [EPC]","N/A","No","12/31/2026"
"Carvedilol","0615-8387-39","3.125 mg/1","TABLET, FILM COATED","ORAL","ANDA076373","NCS HealthCare of KY, LLC dba Vangard Labs","0615-8387","Carvedilol","CARVEDILOL","HUMAN PRESCRIPTION DRUG","02/23/2021","N/A","ANDA","30 TABLET, FILM COATED in 1 BLISTER PACK (0615-8387-39)","Adrenergic alpha-Antagonists [MoA],  Adrenergic beta1-Antagonists [MoA],  Adrenergic beta2-Antagonists [MoA],  alpha-Adrenergic Blocker [EPC],  beta-Adrenergic Blocker [EPC]","N/A","No","12/31/2026"
"Carvedilol","0615-8387-05","3.125 mg/1","TABLET, FILM COATED","ORAL","ANDA076373","NCS HealthCare of KY, LLC dba Vangard Labs","0615-8387","Carvedilol","CARVEDILOL","HUMAN PRESCRIPTION DRUG","08/08/2023","N/A","ANDA","15 TABLET, FILM COATED in 1 BLISTER PACK (0615-8387-05)","Adrenergic alpha-Antagonists [MoA],  Adrenergic beta1-Antagonists [MoA],  Adrenergic beta2-Antagonists [MoA],  alpha-Adrenergic Blocker [EPC],  beta-Adrenergic Blocker [EPC]","N/A","No","12/31/2026"
"Carvedilol","0615-8388-39","6.25 mg/1","TABLET, FILM COATED","ORAL","ANDA076373","NCS HealthCare of KY, LLC dba Vangard Labs","0615-8388","Carvedilol","CARVEDILOL","HUMAN PRESCRIPTION DRUG","02/16/2021","N/A","ANDA","30 TABLET, FILM COATED in 1 BLISTER PACK (0615-8388-39)","Adrenergic alpha-Antagonists [MoA],  Adrenergic beta1-Antagonists [MoA],  Adrenergic beta2-Antagonists [MoA],  alpha-Adrenergic Blocker [EPC],  beta-Adrenergic Blocker [EPC]","N/A","No","12/31/2026"
"Carvedilol","0615-8389-39","12.5 mg/1","TABLET, FILM COATED","ORAL","ANDA076373","NCS HealthCare of KY, LLC dba Vangard Labs","0615-8389","Carvedilol","CARVEDILOL","HUMAN PRESCRIPTION DRUG","02/19/2021","N/A","ANDA","30 TABLET, FILM COATED in 1 BLISTER PACK (0615-8389-39)","Adrenergic alpha-Antagonists [MoA],  Adrenergic beta1-Antagonists [MoA],  Adrenergic beta2-Antagonists [MoA],  alpha-Adrenergic Blocker [EPC],  beta-Adrenergic Blocker [EPC]","N/A","No","12/31/2026"
"Carvedilol","0615-8390-39","25 mg/1","TABLET, FILM COATED","ORAL","ANDA076373","NCS HealthCare of KY, LLC dba Vangard Labs","0615-8390","Carvedilol","CARVEDILOL","HUMAN PRESCRIPTION DRUG","02/11/2021","N/A","ANDA","30 TABLET, FILM COATED in 1 BLISTER PACK (0615-8390-39)","Adrenergic alpha-Antagonists [MoA],  Adrenergic beta1-Antagonists [MoA],  Adrenergic beta2-Antagonists [MoA],  alpha-Adrenergic Blocker [EPC],  beta-Adrenergic Blocker [EPC]","N/A","No","12/31/2026"
"Carvedilol","0781-5223-01","12.5 mg/1","TABLET, FILM COATED","ORAL","ANDA078227","Sandoz Inc","0781-5223","Carvedilol","CARVEDILOL","HUMAN PRESCRIPTION DRUG","09/05/2007","08/31/2026","ANDA","100 TABLET, FILM COATED in 1 BOTTLE (0781-5223-01)","Adrenergic alpha-Antagonists [MoA],  Adrenergic beta1-Antagonists [MoA],  Adrenergic beta2-Antagonists [MoA],  alpha-Adrenergic Blocker [EPC],  beta-Adrenergic Blocker [EPC]","N/A","No","N/A"
"Carvedilol","0781-5224-01","25 mg/1","TABLET, FILM COATED","ORAL","ANDA078227","Sandoz Inc","0781-5224","Carvedilol","CARVEDILOL","HUMAN PRESCRIPTION DRUG","09/05/2007","08/31/2026","ANDA","100 TABLET, FILM COATED in 1 BOTTLE (0781-5224-01)","Adrenergic alpha-Antagonists [MoA],  Adrenergic beta1-Antagonists [MoA],  Adrenergic beta2-Antagonists [MoA],  alpha-Adrenergic Blocker [EPC],  beta-Adrenergic Blocker [EPC]","N/A","No","N/A"
"Carvedilol","0904-7305-61","3.125 mg/1","TABLET, FILM COATED","ORAL","ANDA078251","Major Pharmaceuticals","0904-7305","Carvedilol","CARVEDILOL","HUMAN PRESCRIPTION DRUG","07/01/2024","N/A","ANDA","100 BLISTER PACK in 1 CARTON (0904-7305-61)  / 1 TABLET, FILM COATED in 1 BLISTER PACK","Adrenergic alpha-Antagonists [MoA],  Adrenergic beta1-Antagonists [MoA],  Adrenergic beta2-Antagonists [MoA],  alpha-Adrenergic Blocker [EPC],  beta-Adrenergic Blocker [EPC]","N/A","No","12/31/2027"
"Carvedilol","0904-7306-61","6.25 mg/1","TABLET, FILM COATED","ORAL","ANDA078251","Major Pharmaceuticals","0904-7306","Carvedilol","CARVEDILOL","HUMAN PRESCRIPTION DRUG","09/23/2024","N/A","ANDA","100 BLISTER PACK in 1 CARTON (0904-7306-61)  / 1 TABLET, FILM COATED in 1 BLISTER PACK","Adrenergic alpha-Antagonists [MoA],  Adrenergic beta1-Antagonists [MoA],  Adrenergic beta2-Antagonists [MoA],  alpha-Adrenergic Blocker [EPC],  beta-Adrenergic Blocker [EPC]","N/A","No","12/31/2027"
"Carvedilol","0904-7307-61","12.5 mg/1","TABLET, FILM COATED","ORAL","ANDA078251","Major Pharmaceuticals","0904-7307","Carvedilol","CARVEDILOL","HUMAN PRESCRIPTION DRUG","09/13/2024","N/A","ANDA","100 BLISTER PACK in 1 CARTON (0904-7307-61)  / 1 TABLET, FILM COATED in 1 BLISTER PACK","Adrenergic alpha-Antagonists [MoA],  Adrenergic beta1-Antagonists [MoA],  Adrenergic beta2-Antagonists [MoA],  alpha-Adrenergic Blocker [EPC],  beta-Adrenergic Blocker [EPC]","N/A","No","12/31/2027"
"Carvedilol","0904-7308-61","25 mg/1","TABLET, FILM COATED","ORAL","ANDA078251","Major Pharmaceuticals","0904-7308","Carvedilol","CARVEDILOL","HUMAN PRESCRIPTION DRUG","07/01/2024","N/A","ANDA","100 BLISTER PACK in 1 CARTON (0904-7308-61)  / 1 TABLET, FILM COATED in 1 BLISTER PACK","Adrenergic alpha-Antagonists [MoA],  Adrenergic beta1-Antagonists [MoA],  Adrenergic beta2-Antagonists [MoA],  alpha-Adrenergic Blocker [EPC],  beta-Adrenergic Blocker [EPC]","N/A","No","12/31/2027"
"Carvedilol","42708-072-60","3.125 mg/1","TABLET, FILM COATED","ORAL","ANDA076373","QPharma, Inc.","42708-072","Carvedilol","CARVEDILOL","HUMAN PRESCRIPTION DRUG","04/18/2018","N/A","ANDA","60 TABLET, FILM COATED in 1 BOTTLE (42708-072-60)","Adrenergic alpha-Antagonists [MoA],  Adrenergic beta1-Antagonists [MoA],  Adrenergic beta2-Antagonists [MoA],  alpha-Adrenergic Blocker [EPC],  beta-Adrenergic Blocker [EPC]","N/A","Yes","12/31/2026"
"Carvedilol","42708-181-60","3.125 mg/1","TABLET, FILM COATED","ORAL","ANDA077614","QPharma Inc","42708-181","Carvedilol","CARVEDILOL","HUMAN PRESCRIPTION DRUG","08/04/2023","N/A","ANDA","60 TABLET, FILM COATED in 1 BOTTLE, PLASTIC (42708-181-60)","Adrenergic alpha-Antagonists [MoA],  Adrenergic beta1-Antagonists [MoA],  Adrenergic beta2-Antagonists [MoA],  alpha-Adrenergic Blocker [EPC],  beta-Adrenergic Blocker [EPC]","N/A","Yes","12/31/2027"
"Carvedilol","43063-125-93","12.5 mg/1","TABLET, FILM COATED","ORAL","ANDA078332","PD-Rx Pharmaceuticals, Inc.","43063-125","Carvedilol","CARVEDILOL","HUMAN PRESCRIPTION DRUG","06/20/2012","N/A","ANDA","180 TABLET, FILM COATED in 1 BOTTLE, PLASTIC (43063-125-93)","Adrenergic alpha-Antagonists [MoA],  Adrenergic beta1-Antagonists [MoA],  Adrenergic beta2-Antagonists [MoA],  alpha-Adrenergic Blocker [EPC],  beta-Adrenergic Blocker [EPC]","N/A","No","12/31/2026"
"Carvedilol","43063-125-90","12.5 mg/1","TABLET, FILM COATED","ORAL","ANDA078332","PD-Rx Pharmaceuticals, Inc.","43063-125","Carvedilol","CARVEDILOL","HUMAN PRESCRIPTION DRUG","07/31/2024","N/A","ANDA","90 TABLET, FILM COATED in 1 BOTTLE, PLASTIC (43063-125-90)","Adrenergic alpha-Antagonists [MoA],  Adrenergic beta1-Antagonists [MoA],  Adrenergic beta2-Antagonists [MoA],  alpha-Adrenergic Blocker [EPC],  beta-Adrenergic Blocker [EPC]","N/A","No","12/31/2026"
"Carvedilol","43063-126-93","3.125 mg/1","TABLET, FILM COATED","ORAL","ANDA078332","PD-Rx Pharmaceuticals, Inc.","43063-126","Carvedilol","CARVEDILOL","HUMAN PRESCRIPTION DRUG","10/30/2013","N/A","ANDA","180 TABLET, FILM COATED in 1 BOTTLE, PLASTIC (43063-126-93)","Adrenergic alpha-Antagonists [MoA],  Adrenergic beta1-Antagonists [MoA],  Adrenergic beta2-Antagonists [MoA],  alpha-Adrenergic Blocker [EPC],  beta-Adrenergic Blocker [EPC]","N/A","No","12/31/2026"
"Carvedilol","43063-126-60","3.125 mg/1","TABLET, FILM COATED","ORAL","ANDA078332","PD-Rx Pharmaceuticals, Inc.","43063-126","Carvedilol","CARVEDILOL","HUMAN PRESCRIPTION DRUG","10/30/2013","N/A","ANDA","60 TABLET, FILM COATED in 1 BOTTLE, PLASTIC (43063-126-60)","Adrenergic alpha-Antagonists [MoA],  Adrenergic beta1-Antagonists [MoA],  Adrenergic beta2-Antagonists [MoA],  alpha-Adrenergic Blocker [EPC],  beta-Adrenergic Blocker [EPC]","N/A","No","12/31/2026"
"Carvedilol","43063-129-30","25 mg/1","TABLET, FILM COATED","ORAL","ANDA078332","PD-Rx Pharmaceuticals, Inc.","43063-129","Carvedilol","CARVEDILOL","HUMAN PRESCRIPTION DRUG","02/19/2014","N/A","ANDA","30 TABLET, FILM COATED in 1 BOTTLE, PLASTIC (43063-129-30)","Adrenergic alpha-Antagonists [MoA],  Adrenergic beta1-Antagonists [MoA],  Adrenergic beta2-Antagonists [MoA],  alpha-Adrenergic Blocker [EPC],  beta-Adrenergic Blocker [EPC]","N/A","No","12/31/2026"
"Carvedilol","43063-129-60","25 mg/1","TABLET, FILM COATED","ORAL","ANDA078332","PD-Rx Pharmaceuticals, Inc.","43063-129","Carvedilol","CARVEDILOL","HUMAN PRESCRIPTION DRUG","02/19/2014","N/A","ANDA","60 TABLET, FILM COATED in 1 BOTTLE, PLASTIC (43063-129-60)","Adrenergic alpha-Antagonists [MoA],  Adrenergic beta1-Antagonists [MoA],  Adrenergic beta2-Antagonists [MoA],  alpha-Adrenergic Blocker [EPC],  beta-Adrenergic Blocker [EPC]","N/A","No","12/31/2026"
"Carvedilol","43063-129-93","25 mg/1","TABLET, FILM COATED","ORAL","ANDA078332","PD-Rx Pharmaceuticals, Inc.","43063-129","Carvedilol","CARVEDILOL","HUMAN PRESCRIPTION DRUG","02/19/2014","N/A","ANDA","180 TABLET, FILM COATED in 1 BOTTLE, PLASTIC (43063-129-93)","Adrenergic alpha-Antagonists [MoA],  Adrenergic beta1-Antagonists [MoA],  Adrenergic beta2-Antagonists [MoA],  alpha-Adrenergic Blocker [EPC],  beta-Adrenergic Blocker [EPC]","N/A","No","12/31/2026"
"Carvedilol","43063-833-60","6.25 mg/1","TABLET, FILM COATED","ORAL","ANDA078332","PD-Rx Pharmaceuticals, Inc.","43063-833","Carvedilol","CARVEDILOL","HUMAN PRESCRIPTION DRUG","02/01/2018","N/A","ANDA","60 TABLET, FILM COATED in 1 BOTTLE, PLASTIC (43063-833-60)","Adrenergic alpha-Antagonists [MoA],  Adrenergic beta1-Antagonists [MoA],  Adrenergic beta2-Antagonists [MoA],  alpha-Adrenergic Blocker [EPC],  beta-Adrenergic Blocker [EPC]","N/A","No","12/31/2026"
"Carvedilol","50090-1062-0","3.125 mg/1","TABLET, FILM COATED","ORAL","ANDA077614","A-S Medication Solutions","50090-1062","Carvedilol","CARVEDILOL","HUMAN PRESCRIPTION DRUG","11/28/2014","N/A","ANDA","60 TABLET, FILM COATED in 1 BOTTLE (50090-1062-0)","Adrenergic alpha-Antagonists [MoA],  Adrenergic beta1-Antagonists [MoA],  Adrenergic beta2-Antagonists [MoA],  alpha-Adrenergic Blocker [EPC],  beta-Adrenergic Blocker [EPC]","N/A","No","12/31/2027"
"Carvedilol","50090-1062-1","3.125 mg/1","TABLET, FILM COATED","ORAL","ANDA077614","A-S Medication Solutions","50090-1062","Carvedilol","CARVEDILOL","HUMAN PRESCRIPTION DRUG","11/28/2014","N/A","ANDA","180 TABLET, FILM COATED in 1 BOTTLE (50090-1062-1)","Adrenergic alpha-Antagonists [MoA],  Adrenergic beta1-Antagonists [MoA],  Adrenergic beta2-Antagonists [MoA],  alpha-Adrenergic Blocker [EPC],  beta-Adrenergic Blocker [EPC]","N/A","No","12/31/2027"
"Carvedilol","50090-1062-2","3.125 mg/1","TABLET, FILM COATED","ORAL","ANDA077614","A-S Medication Solutions","50090-1062","Carvedilol","CARVEDILOL","HUMAN PRESCRIPTION DRUG","11/28/2014","N/A","ANDA","30 TABLET, FILM COATED in 1 BOTTLE (50090-1062-2)","Adrenergic alpha-Antagonists [MoA],  Adrenergic beta1-Antagonists [MoA],  Adrenergic beta2-Antagonists [MoA],  alpha-Adrenergic Blocker [EPC],  beta-Adrenergic Blocker [EPC]","N/A","No","12/31/2027"
"Carvedilol","50090-1062-3","3.125 mg/1","TABLET, FILM COATED","ORAL","ANDA077614","A-S Medication Solutions","50090-1062","Carvedilol","CARVEDILOL","HUMAN PRESCRIPTION DRUG","11/28/2023","N/A","ANDA","90 TABLET, FILM COATED in 1 BOTTLE (50090-1062-3)","Adrenergic alpha-Antagonists [MoA],  Adrenergic beta1-Antagonists [MoA],  Adrenergic beta2-Antagonists [MoA],  alpha-Adrenergic Blocker [EPC],  beta-Adrenergic Blocker [EPC]","N/A","No","12/31/2027"
"Carvedilol","50090-1067-0","12.5 mg/1","TABLET, FILM COATED","ORAL","ANDA077614","A-S Medication Solutions","50090-1067","Carvedilol","CARVEDILOL","HUMAN PRESCRIPTION DRUG","11/28/2014","N/A","ANDA","60 TABLET, FILM COATED in 1 BOTTLE (50090-1067-0)","Adrenergic alpha-Antagonists [MoA],  Adrenergic beta1-Antagonists [MoA],  Adrenergic beta2-Antagonists [MoA],  alpha-Adrenergic Blocker [EPC],  beta-Adrenergic Blocker [EPC]","N/A","No","12/31/2027"
"Carvedilol","50090-1067-1","12.5 mg/1","TABLET, FILM COATED","ORAL","ANDA077614","A-S Medication Solutions","50090-1067","Carvedilol","CARVEDILOL","HUMAN PRESCRIPTION DRUG","11/28/2014","N/A","ANDA","180 TABLET, FILM COATED in 1 BOTTLE (50090-1067-1)","Adrenergic alpha-Antagonists [MoA],  Adrenergic beta1-Antagonists [MoA],  Adrenergic beta2-Antagonists [MoA],  alpha-Adrenergic Blocker [EPC],  beta-Adrenergic Blocker [EPC]","N/A","No","12/31/2027"
"Carvedilol","50090-1067-3","12.5 mg/1","TABLET, FILM COATED","ORAL","ANDA077614","A-S Medication Solutions","50090-1067","Carvedilol","CARVEDILOL","HUMAN PRESCRIPTION DRUG","11/28/2014","N/A","ANDA","90 TABLET, FILM COATED in 1 BOTTLE (50090-1067-3)","Adrenergic alpha-Antagonists [MoA],  Adrenergic beta1-Antagonists [MoA],  Adrenergic beta2-Antagonists [MoA],  alpha-Adrenergic Blocker [EPC],  beta-Adrenergic Blocker [EPC]","N/A","No","12/31/2027"
"Carvedilol","50090-1067-4","12.5 mg/1","TABLET, FILM COATED","ORAL","ANDA077614","A-S Medication Solutions","50090-1067","Carvedilol","CARVEDILOL","HUMAN PRESCRIPTION DRUG","11/28/2014","N/A","ANDA","30 TABLET, FILM COATED in 1 BOTTLE (50090-1067-4)","Adrenergic alpha-Antagonists [MoA],  Adrenergic beta1-Antagonists [MoA],  Adrenergic beta2-Antagonists [MoA],  alpha-Adrenergic Blocker [EPC],  beta-Adrenergic Blocker [EPC]","N/A","No","12/31/2027"
"Carvedilol","50090-1069-0","25 mg/1","TABLET, FILM COATED","ORAL","ANDA078332","A-S Medication Solutions","50090-1069","Carvedilol","CARVEDILOL","HUMAN PRESCRIPTION DRUG","11/28/2014","N/A","ANDA","60 TABLET, FILM COATED in 1 BOTTLE (50090-1069-0)","Adrenergic alpha-Antagonists [MoA],  Adrenergic beta1-Antagonists [MoA],  Adrenergic beta2-Antagonists [MoA],  alpha-Adrenergic Blocker [EPC],  beta-Adrenergic Blocker [EPC]","N/A","No","12/31/2026"
"Carvedilol","50090-1069-1","25 mg/1","TABLET, FILM COATED","ORAL","ANDA078332","A-S Medication Solutions","50090-1069","Carvedilol","CARVEDILOL","HUMAN PRESCRIPTION DRUG","11/28/2014","N/A","ANDA","180 TABLET, FILM COATED in 1 BOTTLE (50090-1069-1)","Adrenergic alpha-Antagonists [MoA],  Adrenergic beta1-Antagonists [MoA],  Adrenergic beta2-Antagonists [MoA],  alpha-Adrenergic Blocker [EPC],  beta-Adrenergic Blocker [EPC]","N/A","No","12/31/2026"
"Carvedilol","50090-1069-3","25 mg/1","TABLET, FILM COATED","ORAL","ANDA078332","A-S Medication Solutions","50090-1069","Carvedilol","CARVEDILOL","HUMAN PRESCRIPTION DRUG","11/28/2014","N/A","ANDA","90 TABLET, FILM COATED in 1 BOTTLE (50090-1069-3)","Adrenergic alpha-Antagonists [MoA],  Adrenergic beta1-Antagonists [MoA],  Adrenergic beta2-Antagonists [MoA],  alpha-Adrenergic Blocker [EPC],  beta-Adrenergic Blocker [EPC]","N/A","No","12/31/2026"
"Carvedilol","50090-1069-4","25 mg/1","TABLET, FILM COATED","ORAL","ANDA078332","A-S Medication Solutions","50090-1069","Carvedilol","CARVEDILOL","HUMAN PRESCRIPTION DRUG","11/28/2014","N/A","ANDA","30 TABLET, FILM COATED in 1 BOTTLE (50090-1069-4)","Adrenergic alpha-Antagonists [MoA],  Adrenergic beta1-Antagonists [MoA],  Adrenergic beta2-Antagonists [MoA],  alpha-Adrenergic Blocker [EPC],  beta-Adrenergic Blocker [EPC]","N/A","No","12/31/2026"
"Carvedilol","50090-2079-2","12.5 mg/1","TABLET, FILM COATED","ORAL","ANDA078332","A-S Medication Solutions","50090-2079","Carvedilol","CARVEDILOL","HUMAN PRESCRIPTION DRUG","10/08/2015","N/A","ANDA","100 TABLET, FILM COATED in 1 BOTTLE (50090-2079-2)","Adrenergic alpha-Antagonists [MoA],  Adrenergic beta1-Antagonists [MoA],  Adrenergic beta2-Antagonists [MoA],  alpha-Adrenergic Blocker [EPC],  beta-Adrenergic Blocker [EPC]","N/A","No","12/31/2026"
"Carvedilol","50090-2079-3","12.5 mg/1","TABLET, FILM COATED","ORAL","ANDA078332","A-S Medication Solutions","50090-2079","Carvedilol","CARVEDILOL","HUMAN PRESCRIPTION DRUG","10/08/2015","N/A","ANDA","90 TABLET, FILM COATED in 1 BOTTLE (50090-2079-3)","Adrenergic alpha-Antagonists [MoA],  Adrenergic beta1-Antagonists [MoA],  Adrenergic beta2-Antagonists [MoA],  alpha-Adrenergic Blocker [EPC],  beta-Adrenergic Blocker [EPC]","N/A","No","12/31/2026"
"Carvedilol","50090-2079-1","12.5 mg/1","TABLET, FILM COATED","ORAL","ANDA078332","A-S Medication Solutions","50090-2079","Carvedilol","CARVEDILOL","HUMAN PRESCRIPTION DRUG","10/08/2015","N/A","ANDA","180 TABLET, FILM COATED in 1 BOTTLE (50090-2079-1)","Adrenergic alpha-Antagonists [MoA],  Adrenergic beta1-Antagonists [MoA],  Adrenergic beta2-Antagonists [MoA],  alpha-Adrenergic Blocker [EPC],  beta-Adrenergic Blocker [EPC]","N/A","No","12/31/2026"
"Carvedilol","50090-2079-0","12.5 mg/1","TABLET, FILM COATED","ORAL","ANDA078332","A-S Medication Solutions","50090-2079","Carvedilol","CARVEDILOL","HUMAN PRESCRIPTION DRUG","10/08/2015","N/A","ANDA","60 TABLET, FILM COATED in 1 BOTTLE (50090-2079-0)","Adrenergic alpha-Antagonists [MoA],  Adrenergic beta1-Antagonists [MoA],  Adrenergic beta2-Antagonists [MoA],  alpha-Adrenergic Blocker [EPC],  beta-Adrenergic Blocker [EPC]","N/A","No","12/31/2026"
"Carvedilol","50090-2079-4","12.5 mg/1","TABLET, FILM COATED","ORAL","ANDA078332","A-S Medication Solutions","50090-2079","Carvedilol","CARVEDILOL","HUMAN PRESCRIPTION DRUG","10/08/2015","N/A","ANDA","30 TABLET, FILM COATED in 1 BOTTLE (50090-2079-4)","Adrenergic alpha-Antagonists [MoA],  Adrenergic beta1-Antagonists [MoA],  Adrenergic beta2-Antagonists [MoA],  alpha-Adrenergic Blocker [EPC],  beta-Adrenergic Blocker [EPC]","N/A","No","12/31/2026"
"Carvedilol","50090-2119-0","25 mg/1","TABLET, FILM COATED","ORAL","ANDA078251","A-S Medication Solutions","50090-2119","Carvedilol","CARVEDILOL","HUMAN PRESCRIPTION DRUG","10/15/2015","N/A","ANDA","60 TABLET, FILM COATED in 1 BOTTLE (50090-2119-0)","Adrenergic alpha-Antagonists [MoA],  Adrenergic beta1-Antagonists [MoA],  Adrenergic beta2-Antagonists [MoA],  alpha-Adrenergic Blocker [EPC],  beta-Adrenergic Blocker [EPC]","N/A","No","12/31/2027"
"Carvedilol","50090-2119-1","25 mg/1","TABLET, FILM COATED","ORAL","ANDA078251","A-S Medication Solutions","50090-2119","Carvedilol","CARVEDILOL","HUMAN PRESCRIPTION DRUG","10/15/2015","N/A","ANDA","180 TABLET, FILM COATED in 1 BOTTLE (50090-2119-1)","Adrenergic alpha-Antagonists [MoA],  Adrenergic beta1-Antagonists [MoA],  Adrenergic beta2-Antagonists [MoA],  alpha-Adrenergic Blocker [EPC],  beta-Adrenergic Blocker [EPC]","N/A","No","12/31/2027"
"Carvedilol","50090-2119-3","25 mg/1","TABLET, FILM COATED","ORAL","ANDA078251","A-S Medication Solutions","50090-2119","Carvedilol","CARVEDILOL","HUMAN PRESCRIPTION DRUG","10/15/2015","N/A","ANDA","90 TABLET, FILM COATED in 1 BOTTLE (50090-2119-3)","Adrenergic alpha-Antagonists [MoA],  Adrenergic beta1-Antagonists [MoA],  Adrenergic beta2-Antagonists [MoA],  alpha-Adrenergic Blocker [EPC],  beta-Adrenergic Blocker [EPC]","N/A","No","12/31/2027"
"Carvedilol","50090-2119-4","25 mg/1","TABLET, FILM COATED","ORAL","ANDA078251","A-S Medication Solutions","50090-2119","Carvedilol","CARVEDILOL","HUMAN PRESCRIPTION DRUG","10/15/2015","N/A","ANDA","30 TABLET, FILM COATED in 1 BOTTLE (50090-2119-4)","Adrenergic alpha-Antagonists [MoA],  Adrenergic beta1-Antagonists [MoA],  Adrenergic beta2-Antagonists [MoA],  alpha-Adrenergic Blocker [EPC],  beta-Adrenergic Blocker [EPC]","N/A","No","12/31/2027"
"Carvedilol","50090-2175-2","6.25 mg/1","TABLET, FILM COATED","ORAL","ANDA078251","A-S Medication Solutions","50090-2175","Carvedilol","CARVEDILOL","HUMAN PRESCRIPTION DRUG","10/23/2015","N/A","ANDA","100 TABLET, FILM COATED in 1 BOTTLE (50090-2175-2)","Adrenergic alpha-Antagonists [MoA],  Adrenergic beta1-Antagonists [MoA],  Adrenergic beta2-Antagonists [MoA],  alpha-Adrenergic Blocker [EPC],  beta-Adrenergic Blocker [EPC]","N/A","No","12/31/2027"
"Carvedilol","50090-2175-4","6.25 mg/1","TABLET, FILM COATED","ORAL","ANDA078251","A-S Medication Solutions","50090-2175","Carvedilol","CARVEDILOL","HUMAN PRESCRIPTION DRUG","10/23/2015","N/A","ANDA","90 TABLET, FILM COATED in 1 BOTTLE (50090-2175-4)","Adrenergic alpha-Antagonists [MoA],  Adrenergic beta1-Antagonists [MoA],  Adrenergic beta2-Antagonists [MoA],  alpha-Adrenergic Blocker [EPC],  beta-Adrenergic Blocker [EPC]","N/A","No","12/31/2027"
"Carvedilol","50090-2175-3","6.25 mg/1","TABLET, FILM COATED","ORAL","ANDA078251","A-S Medication Solutions","50090-2175","Carvedilol","CARVEDILOL","HUMAN PRESCRIPTION DRUG","10/23/2015","N/A","ANDA","30 TABLET, FILM COATED in 1 BOTTLE (50090-2175-3)","Adrenergic alpha-Antagonists [MoA],  Adrenergic beta1-Antagonists [MoA],  Adrenergic beta2-Antagonists [MoA],  alpha-Adrenergic Blocker [EPC],  beta-Adrenergic Blocker [EPC]","N/A","No","12/31/2027"
"Carvedilol","50090-2175-1","6.25 mg/1","TABLET, FILM COATED","ORAL","ANDA078251","A-S Medication Solutions","50090-2175","Carvedilol","CARVEDILOL","HUMAN PRESCRIPTION DRUG","10/23/2015","N/A","ANDA","180 TABLET, FILM COATED in 1 BOTTLE (50090-2175-1)","Adrenergic alpha-Antagonists [MoA],  Adrenergic beta1-Antagonists [MoA],  Adrenergic beta2-Antagonists [MoA],  alpha-Adrenergic Blocker [EPC],  beta-Adrenergic Blocker [EPC]","N/A","No","12/31/2027"
"Carvedilol","50090-2175-0","6.25 mg/1","TABLET, FILM COATED","ORAL","ANDA078251","A-S Medication Solutions","50090-2175","Carvedilol","CARVEDILOL","HUMAN PRESCRIPTION DRUG","10/23/2015","N/A","ANDA","60 TABLET, FILM COATED in 1 BOTTLE (50090-2175-0)","Adrenergic alpha-Antagonists [MoA],  Adrenergic beta1-Antagonists [MoA],  Adrenergic beta2-Antagonists [MoA],  alpha-Adrenergic Blocker [EPC],  beta-Adrenergic Blocker [EPC]","N/A","No","12/31/2027"
"Carvedilol","50090-4171-4","25 mg/1","TABLET, FILM COATED","ORAL","ANDA077614","A-S Medication Solutions","50090-4171","Carvedilol","CARVEDILOL","HUMAN PRESCRIPTION DRUG","03/06/2019","N/A","ANDA","30 TABLET, FILM COATED in 1 BOTTLE (50090-4171-4)","Adrenergic alpha-Antagonists [MoA],  Adrenergic beta1-Antagonists [MoA],  Adrenergic beta2-Antagonists [MoA],  alpha-Adrenergic Blocker [EPC],  beta-Adrenergic Blocker [EPC]","N/A","No","12/31/2027"
"Carvedilol","50090-4171-3","25 mg/1","TABLET, FILM COATED","ORAL","ANDA077614","A-S Medication Solutions","50090-4171","Carvedilol","CARVEDILOL","HUMAN PRESCRIPTION DRUG","09/24/2021","N/A","ANDA","90 TABLET, FILM COATED in 1 BOTTLE (50090-4171-3)","Adrenergic alpha-Antagonists [MoA],  Adrenergic beta1-Antagonists [MoA],  Adrenergic beta2-Antagonists [MoA],  alpha-Adrenergic Blocker [EPC],  beta-Adrenergic Blocker [EPC]","N/A","No","12/31/2027"
"Carvedilol","50090-4171-1","25 mg/1","TABLET, FILM COATED","ORAL","ANDA077614","A-S Medication Solutions","50090-4171","Carvedilol","CARVEDILOL","HUMAN PRESCRIPTION DRUG","03/06/2019","N/A","ANDA","180 TABLET, FILM COATED in 1 BOTTLE (50090-4171-1)","Adrenergic alpha-Antagonists [MoA],  Adrenergic beta1-Antagonists [MoA],  Adrenergic beta2-Antagonists [MoA],  alpha-Adrenergic Blocker [EPC],  beta-Adrenergic Blocker [EPC]","N/A","No","12/31/2027"
"Carvedilol","50090-4171-0","25 mg/1","TABLET, FILM COATED","ORAL","ANDA077614","A-S Medication Solutions","50090-4171","Carvedilol","CARVEDILOL","HUMAN PRESCRIPTION DRUG","03/06/2019","N/A","ANDA","60 TABLET, FILM COATED in 1 BOTTLE (50090-4171-0)","Adrenergic alpha-Antagonists [MoA],  Adrenergic beta1-Antagonists [MoA],  Adrenergic beta2-Antagonists [MoA],  alpha-Adrenergic Blocker [EPC],  beta-Adrenergic Blocker [EPC]","N/A","No","12/31/2027"
"Carvedilol","50090-4898-0","25 mg/1","TABLET, FILM COATED","ORAL","ANDA078251","A-S Medication Solutions","50090-4898","Carvedilol","CARVEDILOL","HUMAN PRESCRIPTION DRUG","02/14/2020","N/A","ANDA","90 TABLET, FILM COATED in 1 BOTTLE (50090-4898-0)","Adrenergic alpha-Antagonists [MoA],  Adrenergic beta1-Antagonists [MoA],  Adrenergic beta2-Antagonists [MoA],  alpha-Adrenergic Blocker [EPC],  beta-Adrenergic Blocker [EPC]","N/A","No","12/31/2027"
"Carvedilol","50090-5726-0","25 mg/1","TABLET, FILM COATED","ORAL","ANDA077614","A-S Medication Solutions","50090-5726","Carvedilol","CARVEDILOL","HUMAN PRESCRIPTION DRUG","09/28/2021","N/A","ANDA","90 TABLET, FILM COATED in 1 BOTTLE (50090-5726-0)","Adrenergic alpha-Antagonists [MoA],  Adrenergic beta1-Antagonists [MoA],  Adrenergic beta2-Antagonists [MoA],  alpha-Adrenergic Blocker [EPC],  beta-Adrenergic Blocker [EPC]","N/A","No","12/31/2027"
"Carvedilol","50090-6742-4","6.25 mg/1","TABLET, FILM COATED","ORAL","ANDA077614","A-S Medication Solutions","50090-6742","Carvedilol","CARVEDILOL","HUMAN PRESCRIPTION DRUG","10/13/2023","N/A","ANDA","90 TABLET, FILM COATED in 1 BOTTLE (50090-6742-4)","Adrenergic alpha-Antagonists [MoA],  Adrenergic beta1-Antagonists [MoA],  Adrenergic beta2-Antagonists [MoA],  alpha-Adrenergic Blocker [EPC],  beta-Adrenergic Blocker [EPC]","N/A","No","12/31/2026"
"Carvedilol","50090-6742-3","6.25 mg/1","TABLET, FILM COATED","ORAL","ANDA077614","A-S Medication Solutions","50090-6742","Carvedilol","CARVEDILOL","HUMAN PRESCRIPTION DRUG","10/13/2023","N/A","ANDA","30 TABLET, FILM COATED in 1 BOTTLE (50090-6742-3)","Adrenergic alpha-Antagonists [MoA],  Adrenergic beta1-Antagonists [MoA],  Adrenergic beta2-Antagonists [MoA],  alpha-Adrenergic Blocker [EPC],  beta-Adrenergic Blocker [EPC]","N/A","No","12/31/2026"
"Carvedilol","50090-6742-1","6.25 mg/1","TABLET, FILM COATED","ORAL","ANDA077614","A-S Medication Solutions","50090-6742","Carvedilol","CARVEDILOL","HUMAN PRESCRIPTION DRUG","10/13/2023","N/A","ANDA","180 TABLET, FILM COATED in 1 BOTTLE (50090-6742-1)","Adrenergic alpha-Antagonists [MoA],  Adrenergic beta1-Antagonists [MoA],  Adrenergic beta2-Antagonists [MoA],  alpha-Adrenergic Blocker [EPC],  beta-Adrenergic Blocker [EPC]","N/A","No","12/31/2026"
"Carvedilol","50090-6742-0","6.25 mg/1","TABLET, FILM COATED","ORAL","ANDA077614","A-S Medication Solutions","50090-6742","Carvedilol","CARVEDILOL","HUMAN PRESCRIPTION DRUG","10/13/2023","N/A","ANDA","60 TABLET, FILM COATED in 1 BOTTLE (50090-6742-0)","Adrenergic alpha-Antagonists [MoA],  Adrenergic beta1-Antagonists [MoA],  Adrenergic beta2-Antagonists [MoA],  alpha-Adrenergic Blocker [EPC],  beta-Adrenergic Blocker [EPC]","N/A","No","12/31/2026"
"Carvedilol","50090-6865-0","6.25 mg/1","TABLET, FILM COATED","ORAL","ANDA078251","A-S Medication Solutions","50090-6865","Carvedilol","CARVEDILOL","HUMAN PRESCRIPTION DRUG","12/04/2023","N/A","ANDA","90 TABLET, FILM COATED in 1 BOTTLE (50090-6865-0)","Adrenergic alpha-Antagonists [MoA],  Adrenergic beta1-Antagonists [MoA],  Adrenergic beta2-Antagonists [MoA],  alpha-Adrenergic Blocker [EPC],  beta-Adrenergic Blocker [EPC]","N/A","No","12/31/2026"
"Carvedilol","50090-6878-0","12.5 mg/1","TABLET, FILM COATED","ORAL","ANDA077614","A-S Medication Solutions","50090-6878","Carvedilol","CARVEDILOL","HUMAN PRESCRIPTION DRUG","12/05/2023","N/A","ANDA","90 TABLET, FILM COATED in 1 BOTTLE (50090-6878-0)","Adrenergic alpha-Antagonists [MoA],  Adrenergic beta1-Antagonists [MoA],  Adrenergic beta2-Antagonists [MoA],  alpha-Adrenergic Blocker [EPC],  beta-Adrenergic Blocker [EPC]","N/A","No","12/31/2027"
"Carvedilol","50090-6949-0","3.125 mg/1","TABLET, FILM COATED","ORAL","ANDA077614","A-S Medication Solutions","50090-6949","Carvedilol","CARVEDILOL","HUMAN PRESCRIPTION DRUG","12/18/2023","N/A","ANDA","90 TABLET, FILM COATED in 1 BOTTLE (50090-6949-0)","Adrenergic alpha-Antagonists [MoA],  Adrenergic beta1-Antagonists [MoA],  Adrenergic beta2-Antagonists [MoA],  alpha-Adrenergic Blocker [EPC],  beta-Adrenergic Blocker [EPC]","N/A","No","12/31/2027"
"Carvedilol","50090-7786-0","6.25 mg/1","TABLET, FILM COATED","ORAL","ANDA077614","A-S Medication Solutions","50090-7786","Carvedilol","CARVEDILOL","HUMAN PRESCRIPTION DRUG","11/21/2025","N/A","ANDA","90 TABLET, FILM COATED in 1 BOTTLE (50090-7786-0)","Adrenergic alpha-Antagonists [MoA],  Adrenergic beta1-Antagonists [MoA],  Adrenergic beta2-Antagonists [MoA],  alpha-Adrenergic Blocker [EPC],  beta-Adrenergic Blocker [EPC]","N/A","No","12/31/2026"
"CARVEDILOL","50090-7849-3","25 mg/1","TABLET, FILM COATED","ORAL","ANDA078165","A-S Medication Solutions","50090-7849","CARVEDILOL","CARVEDILOL","HUMAN PRESCRIPTION DRUG","01/06/2026","N/A","ANDA","90 TABLET, FILM COATED in 1 BOTTLE (50090-7849-3)","Adrenergic alpha-Antagonists [MoA],  Adrenergic beta1-Antagonists [MoA],  Adrenergic beta2-Antagonists [MoA],  alpha-Adrenergic Blocker [EPC],  beta-Adrenergic Blocker [EPC]","N/A","No","12/31/2027"
"CARVEDILOL","50090-7849-4","25 mg/1","TABLET, FILM COATED","ORAL","ANDA078165","A-S Medication Solutions","50090-7849","CARVEDILOL","CARVEDILOL","HUMAN PRESCRIPTION DRUG","01/06/2026","N/A","ANDA","30 TABLET, FILM COATED in 1 BOTTLE (50090-7849-4)","Adrenergic alpha-Antagonists [MoA],  Adrenergic beta1-Antagonists [MoA],  Adrenergic beta2-Antagonists [MoA],  alpha-Adrenergic Blocker [EPC],  beta-Adrenergic Blocker [EPC]","N/A","No","12/31/2027"
"CARVEDILOL","50090-7849-0","25 mg/1","TABLET, FILM COATED","ORAL","ANDA078165","A-S Medication Solutions","50090-7849","CARVEDILOL","CARVEDILOL","HUMAN PRESCRIPTION DRUG","01/06/2026","N/A","ANDA","60 TABLET, FILM COATED in 1 BOTTLE (50090-7849-0)","Adrenergic alpha-Antagonists [MoA],  Adrenergic beta1-Antagonists [MoA],  Adrenergic beta2-Antagonists [MoA],  alpha-Adrenergic Blocker [EPC],  beta-Adrenergic Blocker [EPC]","N/A","No","12/31/2027"
"CARVEDILOL","50090-7849-1","25 mg/1","TABLET, FILM COATED","ORAL","ANDA078165","A-S Medication Solutions","50090-7849","CARVEDILOL","CARVEDILOL","HUMAN PRESCRIPTION DRUG","01/06/2026","N/A","ANDA","180 TABLET, FILM COATED in 1 BOTTLE (50090-7849-1)","Adrenergic alpha-Antagonists [MoA],  Adrenergic beta1-Antagonists [MoA],  Adrenergic beta2-Antagonists [MoA],  alpha-Adrenergic Blocker [EPC],  beta-Adrenergic Blocker [EPC]","N/A","No","12/31/2027"
"CARVEDILOL","50090-7850-0","25 mg/1","TABLET, FILM COATED","ORAL","ANDA078165","A-S Medication Solutions","50090-7850","CARVEDILOL","CARVEDILOL","HUMAN PRESCRIPTION DRUG","01/06/2026","N/A","ANDA","90 TABLET, FILM COATED in 1 BOTTLE (50090-7850-0)","Adrenergic alpha-Antagonists [MoA],  Adrenergic beta1-Antagonists [MoA],  Adrenergic beta2-Antagonists [MoA],  alpha-Adrenergic Blocker [EPC],  beta-Adrenergic Blocker [EPC]","N/A","No","12/31/2027"
"Carvedilol","50090-7890-0","3.125 mg/1","TABLET, FILM COATED","ORAL","ANDA076373","A-S Medication Solutions","50090-7890","Carvedilol","CARVEDILOL","HUMAN PRESCRIPTION DRUG","02/09/2026","N/A","ANDA","90 TABLET, FILM COATED in 1 BOTTLE (50090-7890-0)","Adrenergic alpha-Antagonists [MoA],  Adrenergic beta1-Antagonists [MoA],  Adrenergic beta2-Antagonists [MoA],  alpha-Adrenergic Blocker [EPC],  beta-Adrenergic Blocker [EPC]","N/A","No","12/31/2027"
"Carvedilol","51407-039-01","3.125 mg/1","TABLET, FILM COATED","ORAL","ANDA078384","Golden State Medical Supply, Inc.","51407-039","Carvedilol","CARVEDILOL","HUMAN PRESCRIPTION DRUG","02/01/2018","N/A","ANDA","100 TABLET, FILM COATED in 1 BOTTLE, PLASTIC (51407-039-01)","Adrenergic alpha-Antagonists [MoA],  Adrenergic beta1-Antagonists [MoA],  Adrenergic beta2-Antagonists [MoA],  alpha-Adrenergic Blocker [EPC],  beta-Adrenergic Blocker [EPC]","N/A","No","12/31/2027"
"Carvedilol","51407-039-05","3.125 mg/1","TABLET, FILM COATED","ORAL","ANDA078384","Golden State Medical Supply, Inc.","51407-039","Carvedilol","CARVEDILOL","HUMAN PRESCRIPTION DRUG","02/01/2018","N/A","ANDA","500 TABLET, FILM COATED in 1 BOTTLE, PLASTIC (51407-039-05)","Adrenergic alpha-Antagonists [MoA],  Adrenergic beta1-Antagonists [MoA],  Adrenergic beta2-Antagonists [MoA],  alpha-Adrenergic Blocker [EPC],  beta-Adrenergic Blocker [EPC]","N/A","No","12/31/2027"
"Carvedilol","51407-040-01","6.25 mg/1","TABLET, FILM COATED","ORAL","ANDA078384","Golden State Medical Supply, Inc.","51407-040","Carvedilol","CARVEDILOL","HUMAN PRESCRIPTION DRUG","02/01/2018","N/A","ANDA","100 TABLET, FILM COATED in 1 BOTTLE, PLASTIC (51407-040-01)","Adrenergic alpha-Antagonists [MoA],  Adrenergic beta1-Antagonists [MoA],  Adrenergic beta2-Antagonists [MoA],  alpha-Adrenergic Blocker [EPC],  beta-Adrenergic Blocker [EPC]","N/A","No","12/31/2027"
"Carvedilol","51407-040-05","6.25 mg/1","TABLET, FILM COATED","ORAL","ANDA078384","Golden State Medical Supply, Inc.","51407-040","Carvedilol","CARVEDILOL","HUMAN PRESCRIPTION DRUG","02/01/2018","N/A","ANDA","500 TABLET, FILM COATED in 1 BOTTLE, PLASTIC (51407-040-05)","Adrenergic alpha-Antagonists [MoA],  Adrenergic beta1-Antagonists [MoA],  Adrenergic beta2-Antagonists [MoA],  alpha-Adrenergic Blocker [EPC],  beta-Adrenergic Blocker [EPC]","N/A","No","12/31/2027"
"Carvedilol","51407-041-05","12.5 mg/1","TABLET, FILM COATED","ORAL","ANDA078384","Golden State Medical Supply, Inc.","51407-041","Carvedilol","CARVEDILOL","HUMAN PRESCRIPTION DRUG","02/01/2018","N/A","ANDA","500 TABLET, FILM COATED in 1 BOTTLE, PLASTIC (51407-041-05)","Adrenergic alpha-Antagonists [MoA],  Adrenergic beta1-Antagonists [MoA],  Adrenergic beta2-Antagonists [MoA],  alpha-Adrenergic Blocker [EPC],  beta-Adrenergic Blocker [EPC]","N/A","No","12/31/2027"
"Carvedilol","51407-041-01","12.5 mg/1","TABLET, FILM COATED","ORAL","ANDA078384","Golden State Medical Supply, Inc.","51407-041","Carvedilol","CARVEDILOL","HUMAN PRESCRIPTION DRUG","02/01/2018","N/A","ANDA","100 TABLET, FILM COATED in 1 BOTTLE, PLASTIC (51407-041-01)","Adrenergic alpha-Antagonists [MoA],  Adrenergic beta1-Antagonists [MoA],  Adrenergic beta2-Antagonists [MoA],  alpha-Adrenergic Blocker [EPC],  beta-Adrenergic Blocker [EPC]","N/A","No","12/31/2027"
"Carvedilol","51407-042-01","25 mg/1","TABLET, FILM COATED","ORAL","ANDA078384","Golden State Medical Supply, Inc.","51407-042","Carvedilol","CARVEDILOL","HUMAN PRESCRIPTION DRUG","02/01/2018","N/A","ANDA","100 TABLET, FILM COATED in 1 BOTTLE, PLASTIC (51407-042-01)","Adrenergic alpha-Antagonists [MoA],  Adrenergic beta1-Antagonists [MoA],  Adrenergic beta2-Antagonists [MoA],  alpha-Adrenergic Blocker [EPC],  beta-Adrenergic Blocker [EPC]","N/A","No","12/31/2027"
"Carvedilol","51407-042-05","25 mg/1","TABLET, FILM COATED","ORAL","ANDA078384","Golden State Medical Supply, Inc.","51407-042","Carvedilol","CARVEDILOL","HUMAN PRESCRIPTION DRUG","02/01/2018","N/A","ANDA","500 TABLET, FILM COATED in 1 BOTTLE, PLASTIC (51407-042-05)","Adrenergic alpha-Antagonists [MoA],  Adrenergic beta1-Antagonists [MoA],  Adrenergic beta2-Antagonists [MoA],  alpha-Adrenergic Blocker [EPC],  beta-Adrenergic Blocker [EPC]","N/A","No","12/31/2027"
"Carvedilol","51655-029-26","6.25 mg/1","TABLET, FILM COATED","ORAL","ANDA077614","Northwind Health Company, LLC","51655-029","Carvedilol","CARVEDILOL","HUMAN PRESCRIPTION DRUG","11/22/2022","N/A","ANDA","90 TABLET, FILM COATED in 1 BOTTLE, PLASTIC (51655-029-26)","Adrenergic alpha-Antagonists [MoA],  Adrenergic beta1-Antagonists [MoA],  Adrenergic beta2-Antagonists [MoA],  alpha-Adrenergic Blocker [EPC],  beta-Adrenergic Blocker [EPC]","N/A","No","12/31/2026"
"Carvedilol","51655-029-52","6.25 mg/1","TABLET, FILM COATED","ORAL","ANDA077614","Northwind Health Company, LLC","51655-029","Carvedilol","CARVEDILOL","HUMAN PRESCRIPTION DRUG","02/09/2015","N/A","ANDA","30 TABLET, FILM COATED in 1 BOTTLE, DISPENSING (51655-029-52)","Adrenergic alpha-Antagonists [MoA],  Adrenergic beta1-Antagonists [MoA],  Adrenergic beta2-Antagonists [MoA],  alpha-Adrenergic Blocker [EPC],  beta-Adrenergic Blocker [EPC]","N/A","No","12/31/2026"
"Carvedilol","51655-029-25","6.25 mg/1","TABLET, FILM COATED","ORAL","ANDA077614","Northwind Health Company, LLC","51655-029","Carvedilol","CARVEDILOL","HUMAN PRESCRIPTION DRUG","09/09/2022","N/A","ANDA","60 TABLET, FILM COATED in 1 BOTTLE, PLASTIC (51655-029-25)","Adrenergic alpha-Antagonists [MoA],  Adrenergic beta1-Antagonists [MoA],  Adrenergic beta2-Antagonists [MoA],  alpha-Adrenergic Blocker [EPC],  beta-Adrenergic Blocker [EPC]","N/A","No","12/31/2026"
"Carvedilol","51655-030-52","12.5 mg/1","TABLET, FILM COATED","ORAL","ANDA077614","Northwind Health Company, LLC","51655-030","Carvedilol","CARVEDILOL","HUMAN PRESCRIPTION DRUG","03/23/2022","N/A","ANDA","30 TABLET, FILM COATED in 1 BOTTLE, PLASTIC (51655-030-52)","Adrenergic alpha-Antagonists [MoA],  Adrenergic beta1-Antagonists [MoA],  Adrenergic beta2-Antagonists [MoA],  alpha-Adrenergic Blocker [EPC],  beta-Adrenergic Blocker [EPC]","N/A","No","12/31/2026"
"Carvedilol","51655-030-25","12.5 mg/1","TABLET, FILM COATED","ORAL","ANDA077614","Northwind Health Company, LLC","51655-030","Carvedilol","CARVEDILOL","HUMAN PRESCRIPTION DRUG","04/13/2022","N/A","ANDA","60 TABLET, FILM COATED in 1 BOTTLE, PLASTIC (51655-030-25)","Adrenergic alpha-Antagonists [MoA],  Adrenergic beta1-Antagonists [MoA],  Adrenergic beta2-Antagonists [MoA],  alpha-Adrenergic Blocker [EPC],  beta-Adrenergic Blocker [EPC]","N/A","No","12/31/2026"
"Carvedilol","51655-030-26","12.5 mg/1","TABLET, FILM COATED","ORAL","ANDA077614","Northwind Health Company, LLC","51655-030","Carvedilol","CARVEDILOL","HUMAN PRESCRIPTION DRUG","07/14/2022","N/A","ANDA","90 TABLET, FILM COATED in 1 BOTTLE, PLASTIC (51655-030-26)","Adrenergic alpha-Antagonists [MoA],  Adrenergic beta1-Antagonists [MoA],  Adrenergic beta2-Antagonists [MoA],  alpha-Adrenergic Blocker [EPC],  beta-Adrenergic Blocker [EPC]","N/A","No","12/31/2026"
"Carvedilol","51655-030-83","12.5 mg/1","TABLET, FILM COATED","ORAL","ANDA077614","Northwind Health Company, LLC","51655-030","Carvedilol","CARVEDILOL","HUMAN PRESCRIPTION DRUG","04/13/2022","N/A","ANDA","180 TABLET, FILM COATED in 1 BOTTLE, PLASTIC (51655-030-83)","Adrenergic alpha-Antagonists [MoA],  Adrenergic beta1-Antagonists [MoA],  Adrenergic beta2-Antagonists [MoA],  alpha-Adrenergic Blocker [EPC],  beta-Adrenergic Blocker [EPC]","N/A","No","12/31/2026"
"Carvedilol","51655-033-25","25 mg/1","TABLET, FILM COATED","ORAL","ANDA078251","Northwind Health Company, LLC","51655-033","Carvedilol","CARVEDILOL","HUMAN PRESCRIPTION DRUG","01/20/2022","N/A","ANDA","60 TABLET, FILM COATED in 1 BOTTLE, PLASTIC (51655-033-25)","Adrenergic alpha-Antagonists [MoA],  Adrenergic beta1-Antagonists [MoA],  Adrenergic beta2-Antagonists [MoA],  alpha-Adrenergic Blocker [EPC],  beta-Adrenergic Blocker [EPC]","N/A","No","12/31/2027"
"Carvedilol","51655-033-26","25 mg/1","TABLET, FILM COATED","ORAL","ANDA078251","Northwind Health Company, LLC","51655-033","Carvedilol","CARVEDILOL","HUMAN PRESCRIPTION DRUG","09/29/2020","N/A","ANDA","90 TABLET, FILM COATED in 1 BOTTLE, PLASTIC (51655-033-26)","Adrenergic alpha-Antagonists [MoA],  Adrenergic beta1-Antagonists [MoA],  Adrenergic beta2-Antagonists [MoA],  alpha-Adrenergic Blocker [EPC],  beta-Adrenergic Blocker [EPC]","N/A","No","12/31/2027"
"Carvedilol","51655-034-83","3.125 mg/1","TABLET, FILM COATED","ORAL","ANDA077614","Northwind Health Company, LLC","51655-034","Carvedilol","CARVEDILOL","HUMAN PRESCRIPTION DRUG","01/11/2023","N/A","ANDA","180 TABLET, FILM COATED in 1 BOTTLE, PLASTIC (51655-034-83)","Adrenergic alpha-Antagonists [MoA],  Adrenergic beta1-Antagonists [MoA],  Adrenergic beta2-Antagonists [MoA],  alpha-Adrenergic Blocker [EPC],  beta-Adrenergic Blocker [EPC]","N/A","No","12/31/2027"
"Carvedilol","51655-034-25","3.125 mg/1","TABLET, FILM COATED","ORAL","ANDA077614","Northwind Health Company, LLC","51655-034","Carvedilol","CARVEDILOL","HUMAN PRESCRIPTION DRUG","10/18/2022","N/A","ANDA","60 TABLET, FILM COATED in 1 BOTTLE, PLASTIC (51655-034-25)","Adrenergic alpha-Antagonists [MoA],  Adrenergic beta1-Antagonists [MoA],  Adrenergic beta2-Antagonists [MoA],  alpha-Adrenergic Blocker [EPC],  beta-Adrenergic Blocker [EPC]","N/A","No","12/31/2027"
"Carvedilol","51655-034-52","3.125 mg/1","TABLET, FILM COATED","ORAL","ANDA077614","Northwind Health Company, LLC","51655-034","Carvedilol","CARVEDILOL","HUMAN PRESCRIPTION DRUG","08/09/2022","N/A","ANDA","30 TABLET, FILM COATED in 1 BOTTLE, PLASTIC (51655-034-52)","Adrenergic alpha-Antagonists [MoA],  Adrenergic beta1-Antagonists [MoA],  Adrenergic beta2-Antagonists [MoA],  alpha-Adrenergic Blocker [EPC],  beta-Adrenergic Blocker [EPC]","N/A","No","12/31/2027"
"Carvedilol","51655-397-26","25 mg/1","TABLET, FILM COATED","ORAL","ANDA077614","Northwind Health Company, LLC","51655-397","Carvedilol","CARVEDILOL","HUMAN PRESCRIPTION DRUG","07/08/2020","N/A","ANDA","90 TABLET, FILM COATED in 1 BOTTLE, PLASTIC (51655-397-26)","Adrenergic alpha-Antagonists [MoA],  Adrenergic beta1-Antagonists [MoA],  Adrenergic beta2-Antagonists [MoA],  alpha-Adrenergic Blocker [EPC],  beta-Adrenergic Blocker [EPC]","N/A","No","12/31/2027"
"Carvedilol","51655-397-52","25 mg/1","TABLET, FILM COATED","ORAL","ANDA077614","Northwind Health Company, LLC","51655-397","Carvedilol","CARVEDILOL","HUMAN PRESCRIPTION DRUG","02/09/2022","N/A","ANDA","30 TABLET, FILM COATED in 1 BOTTLE, PLASTIC (51655-397-52)","Adrenergic alpha-Antagonists [MoA],  Adrenergic beta1-Antagonists [MoA],  Adrenergic beta2-Antagonists [MoA],  alpha-Adrenergic Blocker [EPC],  beta-Adrenergic Blocker [EPC]","N/A","No","12/31/2027"
"Carvedilol","51655-397-83","25 mg/1","TABLET, FILM COATED","ORAL","ANDA077614","Northwind Health Company, LLC","51655-397","Carvedilol","CARVEDILOL","HUMAN PRESCRIPTION DRUG","03/10/2023","N/A","ANDA","180 TABLET, FILM COATED in 1 BOTTLE, PLASTIC (51655-397-83)","Adrenergic alpha-Antagonists [MoA],  Adrenergic beta1-Antagonists [MoA],  Adrenergic beta2-Antagonists [MoA],  alpha-Adrenergic Blocker [EPC],  beta-Adrenergic Blocker [EPC]","N/A","No","12/31/2027"
"Carvedilol","51655-397-25","25 mg/1","TABLET, FILM COATED","ORAL","ANDA077614","Northwind Health Company, LLC","51655-397","Carvedilol","CARVEDILOL","HUMAN PRESCRIPTION DRUG","02/09/2022","N/A","ANDA","60 TABLET, FILM COATED in 1 BOTTLE, PLASTIC (51655-397-25)","Adrenergic alpha-Antagonists [MoA],  Adrenergic beta1-Antagonists [MoA],  Adrenergic beta2-Antagonists [MoA],  alpha-Adrenergic Blocker [EPC],  beta-Adrenergic Blocker [EPC]","N/A","No","12/31/2027"
"Carvedilol","51655-713-52","3.125 mg/1","TABLET, FILM COATED","ORAL","ANDA078384","Northwind Health Company, LLC","51655-713","Carvedilol","CARVEDILOL","HUMAN PRESCRIPTION DRUG","05/28/2021","N/A","ANDA","30 TABLET, FILM COATED in 1 BOTTLE, PLASTIC (51655-713-52)","Adrenergic alpha-Antagonists [MoA],  Adrenergic beta1-Antagonists [MoA],  Adrenergic beta2-Antagonists [MoA],  alpha-Adrenergic Blocker [EPC],  beta-Adrenergic Blocker [EPC]","N/A","No","12/31/2027"
"Carvedilol","51655-713-25","3.125 mg/1","TABLET, FILM COATED","ORAL","ANDA078384","Northwind Health Company, LLC","51655-713","Carvedilol","CARVEDILOL","HUMAN PRESCRIPTION DRUG","04/15/2022","N/A","ANDA","60 TABLET, FILM COATED in 1 BOTTLE, PLASTIC (51655-713-25)","Adrenergic alpha-Antagonists [MoA],  Adrenergic beta1-Antagonists [MoA],  Adrenergic beta2-Antagonists [MoA],  alpha-Adrenergic Blocker [EPC],  beta-Adrenergic Blocker [EPC]","N/A","No","12/31/2027"
"Carvedilol","51655-943-18","6.25 mg/1","TABLET, FILM COATED","ORAL","ANDA078384","Northwind Health Company, LLC","51655-943","Carvedilol","CARVEDILOL","HUMAN PRESCRIPTION DRUG","03/30/2022","N/A","ANDA","180 TABLET, FILM COATED in 1 BOTTLE, PLASTIC (51655-943-18)","Adrenergic alpha-Antagonists [MoA],  Adrenergic beta1-Antagonists [MoA],  Adrenergic beta2-Antagonists [MoA],  alpha-Adrenergic Blocker [EPC],  beta-Adrenergic Blocker [EPC]","N/A","No","12/31/2027"
"Carvedilol","55111-252-78","3.125 mg/1","TABLET, FILM COATED","ORAL","ANDA076649","Dr. Reddy's Laboratories Limited","55111-252","Carvedilol","CARVEDILOL","HUMAN PRESCRIPTION DRUG","09/05/2007","N/A","ANDA","10 BLISTER PACK in 1 CARTON (55111-252-78)  / 10 TABLET, FILM COATED in 1 BLISTER PACK (55111-252-79)","Adrenergic alpha-Antagonists [MoA],  Adrenergic beta1-Antagonists [MoA],  Adrenergic beta2-Antagonists [MoA],  alpha-Adrenergic Blocker [EPC],  beta-Adrenergic Blocker [EPC]","N/A","No","12/31/2026"
"Carvedilol","55111-252-30","3.125 mg/1","TABLET, FILM COATED","ORAL","ANDA076649","Dr. Reddy's Laboratories Limited","55111-252","Carvedilol","CARVEDILOL","HUMAN PRESCRIPTION DRUG","09/05/2007","N/A","ANDA","30 TABLET, FILM COATED in 1 BOTTLE (55111-252-30)","Adrenergic alpha-Antagonists [MoA],  Adrenergic beta1-Antagonists [MoA],  Adrenergic beta2-Antagonists [MoA],  alpha-Adrenergic Blocker [EPC],  beta-Adrenergic Blocker [EPC]","N/A","No","12/31/2026"
"Carvedilol","55111-252-01","3.125 mg/1","TABLET, FILM COATED","ORAL","ANDA076649","Dr. Reddy's Laboratories Limited","55111-252","Carvedilol","CARVEDILOL","HUMAN PRESCRIPTION DRUG","09/05/2007","N/A","ANDA","100 TABLET, FILM COATED in 1 BOTTLE (55111-252-01)","Adrenergic alpha-Antagonists [MoA],  Adrenergic beta1-Antagonists [MoA],  Adrenergic beta2-Antagonists [MoA],  alpha-Adrenergic Blocker [EPC],  beta-Adrenergic Blocker [EPC]","N/A","No","12/31/2026"
"Carvedilol","55111-252-10","3.125 mg/1","TABLET, FILM COATED","ORAL","ANDA076649","Dr. Reddy's Laboratories Limited","55111-252","Carvedilol","CARVEDILOL","HUMAN PRESCRIPTION DRUG","09/05/2007","N/A","ANDA","1000 TABLET, FILM COATED in 1 BOTTLE (55111-252-10)","Adrenergic alpha-Antagonists [MoA],  Adrenergic beta1-Antagonists [MoA],  Adrenergic beta2-Antagonists [MoA],  alpha-Adrenergic Blocker [EPC],  beta-Adrenergic Blocker [EPC]","N/A","No","12/31/2026"
"Carvedilol","55111-252-05","3.125 mg/1","TABLET, FILM COATED","ORAL","ANDA076649","Dr. Reddy's Laboratories Limited","55111-252","Carvedilol","CARVEDILOL","HUMAN PRESCRIPTION DRUG","09/05/2007","N/A","ANDA","500 TABLET, FILM COATED in 1 BOTTLE (55111-252-05)","Adrenergic alpha-Antagonists [MoA],  Adrenergic beta1-Antagonists [MoA],  Adrenergic beta2-Antagonists [MoA],  alpha-Adrenergic Blocker [EPC],  beta-Adrenergic Blocker [EPC]","N/A","No","12/31/2026"
"Carvedilol","55111-253-30","6.25 mg/1","TABLET, FILM COATED","ORAL","ANDA076649","Dr. Reddy's Laboratories Limited","55111-253","Carvedilol","CARVEDILOL","HUMAN PRESCRIPTION DRUG","09/05/2007","N/A","ANDA","30 TABLET, FILM COATED in 1 BOTTLE (55111-253-30)","Adrenergic alpha-Antagonists [MoA],  Adrenergic beta1-Antagonists [MoA],  Adrenergic beta2-Antagonists [MoA],  alpha-Adrenergic Blocker [EPC],  beta-Adrenergic Blocker [EPC]","N/A","No","12/31/2026"
"Carvedilol","55111-253-10","6.25 mg/1","TABLET, FILM COATED","ORAL","ANDA076649","Dr. Reddy's Laboratories Limited","55111-253","Carvedilol","CARVEDILOL","HUMAN PRESCRIPTION DRUG","09/05/2007","N/A","ANDA","1000 TABLET, FILM COATED in 1 BOTTLE (55111-253-10)","Adrenergic alpha-Antagonists [MoA],  Adrenergic beta1-Antagonists [MoA],  Adrenergic beta2-Antagonists [MoA],  alpha-Adrenergic Blocker [EPC],  beta-Adrenergic Blocker [EPC]","N/A","No","12/31/2026"
"Carvedilol","55111-253-05","6.25 mg/1","TABLET, FILM COATED","ORAL","ANDA076649","Dr. Reddy's Laboratories Limited","55111-253","Carvedilol","CARVEDILOL","HUMAN PRESCRIPTION DRUG","09/05/2007","N/A","ANDA","500 TABLET, FILM COATED in 1 BOTTLE (55111-253-05)","Adrenergic alpha-Antagonists [MoA],  Adrenergic beta1-Antagonists [MoA],  Adrenergic beta2-Antagonists [MoA],  alpha-Adrenergic Blocker [EPC],  beta-Adrenergic Blocker [EPC]","N/A","No","12/31/2026"
"Carvedilol","55111-253-01","6.25 mg/1","TABLET, FILM COATED","ORAL","ANDA076649","Dr. Reddy's Laboratories Limited","55111-253","Carvedilol","CARVEDILOL","HUMAN PRESCRIPTION DRUG","09/05/2007","N/A","ANDA","100 TABLET, FILM COATED in 1 BOTTLE (55111-253-01)","Adrenergic alpha-Antagonists [MoA],  Adrenergic beta1-Antagonists [MoA],  Adrenergic beta2-Antagonists [MoA],  alpha-Adrenergic Blocker [EPC],  beta-Adrenergic Blocker [EPC]","N/A","No","12/31/2026"
"Carvedilol","55111-253-78","6.25 mg/1","TABLET, FILM COATED","ORAL","ANDA076649","Dr. Reddy's Laboratories Limited","55111-253","Carvedilol","CARVEDILOL","HUMAN PRESCRIPTION DRUG","09/05/2007","N/A","ANDA","10 BLISTER PACK in 1 CARTON (55111-253-78)  / 10 TABLET, FILM COATED in 1 BLISTER PACK (55111-253-79)","Adrenergic alpha-Antagonists [MoA],  Adrenergic beta1-Antagonists [MoA],  Adrenergic beta2-Antagonists [MoA],  alpha-Adrenergic Blocker [EPC],  beta-Adrenergic Blocker [EPC]","N/A","No","12/31/2026"
"Carvedilol","55111-254-78","12.5 mg/1","TABLET, FILM COATED","ORAL","ANDA076649","Dr. Reddy's Laboratories Limited","55111-254","Carvedilol","CARVEDILOL","HUMAN PRESCRIPTION DRUG","09/05/2007","N/A","ANDA","10 BLISTER PACK in 1 CARTON (55111-254-78)  / 10 TABLET, FILM COATED in 1 BLISTER PACK (55111-254-79)","Adrenergic alpha-Antagonists [MoA],  Adrenergic beta1-Antagonists [MoA],  Adrenergic beta2-Antagonists [MoA],  alpha-Adrenergic Blocker [EPC],  beta-Adrenergic Blocker [EPC]","N/A","No","12/31/2026"
"Carvedilol","55111-254-10","12.5 mg/1","TABLET, FILM COATED","ORAL","ANDA076649","Dr. Reddy's Laboratories Limited","55111-254","Carvedilol","CARVEDILOL","HUMAN PRESCRIPTION DRUG","09/05/2007","N/A","ANDA","1000 TABLET, FILM COATED in 1 BOTTLE (55111-254-10)","Adrenergic alpha-Antagonists [MoA],  Adrenergic beta1-Antagonists [MoA],  Adrenergic beta2-Antagonists [MoA],  alpha-Adrenergic Blocker [EPC],  beta-Adrenergic Blocker [EPC]","N/A","No","12/31/2026"
"Carvedilol","55111-254-01","12.5 mg/1","TABLET, FILM COATED","ORAL","ANDA076649","Dr. Reddy's Laboratories Limited","55111-254","Carvedilol","CARVEDILOL","HUMAN PRESCRIPTION DRUG","09/05/2007","N/A","ANDA","100 TABLET, FILM COATED in 1 BOTTLE (55111-254-01)","Adrenergic alpha-Antagonists [MoA],  Adrenergic beta1-Antagonists [MoA],  Adrenergic beta2-Antagonists [MoA],  alpha-Adrenergic Blocker [EPC],  beta-Adrenergic Blocker [EPC]","N/A","No","12/31/2026"
"Carvedilol","55111-254-05","12.5 mg/1","TABLET, FILM COATED","ORAL","ANDA076649","Dr. Reddy's Laboratories Limited","55111-254","Carvedilol","CARVEDILOL","HUMAN PRESCRIPTION DRUG","09/05/2007","N/A","ANDA","500 TABLET, FILM COATED in 1 BOTTLE (55111-254-05)","Adrenergic alpha-Antagonists [MoA],  Adrenergic beta1-Antagonists [MoA],  Adrenergic beta2-Antagonists [MoA],  alpha-Adrenergic Blocker [EPC],  beta-Adrenergic Blocker [EPC]","N/A","No","12/31/2026"
"Carvedilol","55111-254-30","12.5 mg/1","TABLET, FILM COATED","ORAL","ANDA076649","Dr. Reddy's Laboratories Limited","55111-254","Carvedilol","CARVEDILOL","HUMAN PRESCRIPTION DRUG","09/05/2007","N/A","ANDA","30 TABLET, FILM COATED in 1 BOTTLE (55111-254-30)","Adrenergic alpha-Antagonists [MoA],  Adrenergic beta1-Antagonists [MoA],  Adrenergic beta2-Antagonists [MoA],  alpha-Adrenergic Blocker [EPC],  beta-Adrenergic Blocker [EPC]","N/A","No","12/31/2026"
"Carvedilol","55111-255-01","25 mg/1","TABLET, FILM COATED","ORAL","ANDA076649","Dr. Reddy's Laboratories Limited","55111-255","Carvedilol","CARVEDILOL","HUMAN PRESCRIPTION DRUG","09/05/2007","N/A","ANDA","100 TABLET, FILM COATED in 1 BOTTLE (55111-255-01)","Adrenergic alpha-Antagonists [MoA],  Adrenergic beta1-Antagonists [MoA],  Adrenergic beta2-Antagonists [MoA],  alpha-Adrenergic Blocker [EPC],  beta-Adrenergic Blocker [EPC]","N/A","No","12/31/2026"
"Carvedilol","55111-255-78","25 mg/1","TABLET, FILM COATED","ORAL","ANDA076649","Dr. Reddy's Laboratories Limited","55111-255","Carvedilol","CARVEDILOL","HUMAN PRESCRIPTION DRUG","09/05/2007","N/A","ANDA","10 BLISTER PACK in 1 CARTON (55111-255-78)  / 10 TABLET, FILM COATED in 1 BLISTER PACK (55111-255-79)","Adrenergic alpha-Antagonists [MoA],  Adrenergic beta1-Antagonists [MoA],  Adrenergic beta2-Antagonists [MoA],  alpha-Adrenergic Blocker [EPC],  beta-Adrenergic Blocker [EPC]","N/A","No","12/31/2026"
"Carvedilol","55111-255-10","25 mg/1","TABLET, FILM COATED","ORAL","ANDA076649","Dr. Reddy's Laboratories Limited","55111-255","Carvedilol","CARVEDILOL","HUMAN PRESCRIPTION DRUG","09/05/2007","N/A","ANDA","1000 TABLET, FILM COATED in 1 BOTTLE (55111-255-10)","Adrenergic alpha-Antagonists [MoA],  Adrenergic beta1-Antagonists [MoA],  Adrenergic beta2-Antagonists [MoA],  alpha-Adrenergic Blocker [EPC],  beta-Adrenergic Blocker [EPC]","N/A","No","12/31/2026"
"Carvedilol","55111-255-05","25 mg/1","TABLET, FILM COATED","ORAL","ANDA076649","Dr. Reddy's Laboratories Limited","55111-255","Carvedilol","CARVEDILOL","HUMAN PRESCRIPTION DRUG","09/05/2007","N/A","ANDA","500 TABLET, FILM COATED in 1 BOTTLE (55111-255-05)","Adrenergic alpha-Antagonists [MoA],  Adrenergic beta1-Antagonists [MoA],  Adrenergic beta2-Antagonists [MoA],  alpha-Adrenergic Blocker [EPC],  beta-Adrenergic Blocker [EPC]","N/A","No","12/31/2026"
"Carvedilol","55111-255-30","25 mg/1","TABLET, FILM COATED","ORAL","ANDA076649","Dr. Reddy's Laboratories Limited","55111-255","Carvedilol","CARVEDILOL","HUMAN PRESCRIPTION DRUG","09/05/2007","N/A","ANDA","30 TABLET, FILM COATED in 1 BOTTLE (55111-255-30)","Adrenergic alpha-Antagonists [MoA],  Adrenergic beta1-Antagonists [MoA],  Adrenergic beta2-Antagonists [MoA],  alpha-Adrenergic Blocker [EPC],  beta-Adrenergic Blocker [EPC]","N/A","No","12/31/2026"
"Carvedilol","55154-2640-0","25 mg/1","TABLET, FILM COATED","ORAL","ANDA078251","Cardinal Health 107, LLC","55154-2640","Carvedilol","CARVEDILOL","HUMAN PRESCRIPTION DRUG","12/10/2024","N/A","ANDA","10 BLISTER PACK in 1 BAG (55154-2640-0)  / 1 TABLET, FILM COATED in 1 BLISTER PACK","Adrenergic alpha-Antagonists [MoA],  Adrenergic beta1-Antagonists [MoA],  Adrenergic beta2-Antagonists [MoA],  alpha-Adrenergic Blocker [EPC],  beta-Adrenergic Blocker [EPC]","N/A","No","12/31/2027"
"Carvedilol","55154-2641-0","3.125 mg/1","TABLET, FILM COATED","ORAL","ANDA078251","Cardinal Health 107, LLC","55154-2641","Carvedilol","CARVEDILOL","HUMAN PRESCRIPTION DRUG","12/10/2024","N/A","ANDA","10 BLISTER PACK in 1 BAG (55154-2641-0)  / 1 TABLET, FILM COATED in 1 BLISTER PACK","Adrenergic alpha-Antagonists [MoA],  Adrenergic beta1-Antagonists [MoA],  Adrenergic beta2-Antagonists [MoA],  alpha-Adrenergic Blocker [EPC],  beta-Adrenergic Blocker [EPC]","N/A","No","12/31/2027"
"Carvedilol","55154-2648-0","12.5 mg/1","TABLET, FILM COATED","ORAL","ANDA078251","Cardinal Health 107, LLC","55154-2648","Carvedilol","CARVEDILOL","HUMAN PRESCRIPTION DRUG","05/19/2025","N/A","ANDA","10 BLISTER PACK in 1 BAG (55154-2648-0)  / 1 TABLET, FILM COATED in 1 BLISTER PACK","Adrenergic alpha-Antagonists [MoA],  Adrenergic beta1-Antagonists [MoA],  Adrenergic beta2-Antagonists [MoA],  alpha-Adrenergic Blocker [EPC],  beta-Adrenergic Blocker [EPC]","N/A","No","12/31/2027"
"Carvedilol","55154-2649-0","6.25 mg/1","TABLET, FILM COATED","ORAL","ANDA078251","Cardinal Health 107, LLC","55154-2649","Carvedilol","CARVEDILOL","HUMAN PRESCRIPTION DRUG","05/19/2025","N/A","ANDA","10 BLISTER PACK in 1 BAG (55154-2649-0)  / 1 TABLET, FILM COATED in 1 BLISTER PACK","Adrenergic alpha-Antagonists [MoA],  Adrenergic beta1-Antagonists [MoA],  Adrenergic beta2-Antagonists [MoA],  alpha-Adrenergic Blocker [EPC],  beta-Adrenergic Blocker [EPC]","N/A","No","12/31/2027"
"Carvedilol","58657-750-50","3.125 mg/1","TABLET, FILM COATED","ORAL","ANDA078786","Method Pharmaceuticals, LLC","58657-750","Carvedilol","CARVEDILOL","HUMAN PRESCRIPTION DRUG","12/03/2024","N/A","ANDA","500 TABLET, FILM COATED in 1 BOTTLE, PLASTIC (58657-750-50)","Adrenergic alpha-Antagonists [MoA],  Adrenergic beta1-Antagonists [MoA],  Adrenergic beta2-Antagonists [MoA],  alpha-Adrenergic Blocker [EPC],  beta-Adrenergic Blocker [EPC]","N/A","No","12/31/2026"
"Carvedilol","58657-750-01","3.125 mg/1","TABLET, FILM COATED","ORAL","ANDA078786","Method Pharmaceuticals, LLC","58657-750","Carvedilol","CARVEDILOL","HUMAN PRESCRIPTION DRUG","12/03/2024","N/A","ANDA","100 TABLET, FILM COATED in 1 BOTTLE, PLASTIC (58657-750-01)","Adrenergic alpha-Antagonists [MoA],  Adrenergic beta1-Antagonists [MoA],  Adrenergic beta2-Antagonists [MoA],  alpha-Adrenergic Blocker [EPC],  beta-Adrenergic Blocker [EPC]","N/A","No","12/31/2026"
"Carvedilol","58657-751-50","6.25 mg/1","TABLET, FILM COATED","ORAL","ANDA078786","Method Pharmaceuticals, LLC","58657-751","Carvedilol","CARVEDILOL","HUMAN PRESCRIPTION DRUG","12/03/2024","N/A","ANDA","500 TABLET, FILM COATED in 1 BOTTLE, PLASTIC (58657-751-50)","Adrenergic alpha-Antagonists [MoA],  Adrenergic beta1-Antagonists [MoA],  Adrenergic beta2-Antagonists [MoA],  alpha-Adrenergic Blocker [EPC],  beta-Adrenergic Blocker [EPC]","N/A","No","12/31/2026"
"Carvedilol","58657-751-01","6.25 mg/1","TABLET, FILM COATED","ORAL","ANDA078786","Method Pharmaceuticals, LLC","58657-751","Carvedilol","CARVEDILOL","HUMAN PRESCRIPTION DRUG","12/03/2024","N/A","ANDA","100 TABLET, FILM COATED in 1 BOTTLE, PLASTIC (58657-751-01)","Adrenergic alpha-Antagonists [MoA],  Adrenergic beta1-Antagonists [MoA],  Adrenergic beta2-Antagonists [MoA],  alpha-Adrenergic Blocker [EPC],  beta-Adrenergic Blocker [EPC]","N/A","No","12/31/2026"
"Carvedilol","58657-752-50","12.5 mg/1","TABLET, FILM COATED","ORAL","ANDA078786","Method Pharmaceuticals, LLC","58657-752","Carvedilol","CARVEDILOL","HUMAN PRESCRIPTION DRUG","12/03/2024","N/A","ANDA","500 TABLET, FILM COATED in 1 BOTTLE, PLASTIC (58657-752-50)","Adrenergic alpha-Antagonists [MoA],  Adrenergic beta1-Antagonists [MoA],  Adrenergic beta2-Antagonists [MoA],  alpha-Adrenergic Blocker [EPC],  beta-Adrenergic Blocker [EPC]","N/A","No","12/31/2026"
"Carvedilol","58657-752-01","12.5 mg/1","TABLET, FILM COATED","ORAL","ANDA078786","Method Pharmaceuticals, LLC","58657-752","Carvedilol","CARVEDILOL","HUMAN PRESCRIPTION DRUG","12/03/2024","N/A","ANDA","100 TABLET, FILM COATED in 1 BOTTLE, PLASTIC (58657-752-01)","Adrenergic alpha-Antagonists [MoA],  Adrenergic beta1-Antagonists [MoA],  Adrenergic beta2-Antagonists [MoA],  alpha-Adrenergic Blocker [EPC],  beta-Adrenergic Blocker [EPC]","N/A","No","12/31/2026"
"Carvedilol","58657-753-50","25 mg/1","TABLET, FILM COATED","ORAL","ANDA078786","Method Pharmaceuticals, LLC","58657-753","Carvedilol","CARVEDILOL","HUMAN PRESCRIPTION DRUG","12/03/2024","N/A","ANDA","500 TABLET, FILM COATED in 1 BOTTLE, PLASTIC (58657-753-50)","Adrenergic alpha-Antagonists [MoA],  Adrenergic beta1-Antagonists [MoA],  Adrenergic beta2-Antagonists [MoA],  alpha-Adrenergic Blocker [EPC],  beta-Adrenergic Blocker [EPC]","N/A","No","12/31/2026"
"Carvedilol","58657-753-01","25 mg/1","TABLET, FILM COATED","ORAL","ANDA078786","Method Pharmaceuticals, LLC","58657-753","Carvedilol","CARVEDILOL","HUMAN PRESCRIPTION DRUG","12/03/2024","N/A","ANDA","100 TABLET, FILM COATED in 1 BOTTLE, PLASTIC (58657-753-01)","Adrenergic alpha-Antagonists [MoA],  Adrenergic beta1-Antagonists [MoA],  Adrenergic beta2-Antagonists [MoA],  alpha-Adrenergic Blocker [EPC],  beta-Adrenergic Blocker [EPC]","N/A","No","12/31/2026"
"Carvedilol","60760-494-60","12.5 mg/1","TABLET, FILM COATED","ORAL","ANDA077614","St. Mary's Medical Park Pharmacy","60760-494","Carvedilol","CARVEDILOL","HUMAN PRESCRIPTION DRUG","06/04/2019","N/A","ANDA","60 TABLET, FILM COATED in 1 BOTTLE, PLASTIC (60760-494-60)","Adrenergic alpha-Antagonists [MoA],  Adrenergic beta1-Antagonists [MoA],  Adrenergic beta2-Antagonists [MoA],  alpha-Adrenergic Blocker [EPC],  beta-Adrenergic Blocker [EPC]","N/A","No","12/31/2027"
"Carvedilol","60760-582-60","6.25 mg/1","TABLET, FILM COATED","ORAL","ANDA077614","St. Mary's Medical Park Pharmacy","60760-582","Carvedilol","CARVEDILOL","HUMAN PRESCRIPTION DRUG","10/17/2022","N/A","ANDA","60 TABLET, FILM COATED in 1 BOTTLE, PLASTIC (60760-582-60)","Adrenergic alpha-Antagonists [MoA],  Adrenergic beta1-Antagonists [MoA],  Adrenergic beta2-Antagonists [MoA],  alpha-Adrenergic Blocker [EPC],  beta-Adrenergic Blocker [EPC]","N/A","No","12/31/2027"
"Carvedilol","63187-131-30","25 mg/1","TABLET, FILM COATED","ORAL","ANDA078251","Proficient Rx LP","63187-131","Carvedilol","CARVEDILOL","HUMAN PRESCRIPTION DRUG","05/26/2021","N/A","ANDA","30 TABLET, FILM COATED in 1 BOTTLE (63187-131-30)","Adrenergic alpha-Antagonists [MoA],  Adrenergic beta1-Antagonists [MoA],  Adrenergic beta2-Antagonists [MoA],  alpha-Adrenergic Blocker [EPC],  beta-Adrenergic Blocker [EPC]","N/A","No","12/31/2026"
"Carvedilol","63187-131-90","25 mg/1","TABLET, FILM COATED","ORAL","ANDA078251","Proficient Rx LP","63187-131","Carvedilol","CARVEDILOL","HUMAN PRESCRIPTION DRUG","08/01/2014","N/A","ANDA","90 TABLET, FILM COATED in 1 BOTTLE (63187-131-90)","Adrenergic alpha-Antagonists [MoA],  Adrenergic beta1-Antagonists [MoA],  Adrenergic beta2-Antagonists [MoA],  alpha-Adrenergic Blocker [EPC],  beta-Adrenergic Blocker [EPC]","N/A","No","12/31/2026"
"Carvedilol","63187-131-60","25 mg/1","TABLET, FILM COATED","ORAL","ANDA078251","Proficient Rx LP","63187-131","Carvedilol","CARVEDILOL","HUMAN PRESCRIPTION DRUG","05/26/2021","N/A","ANDA","60 TABLET, FILM COATED in 1 BOTTLE (63187-131-60)","Adrenergic alpha-Antagonists [MoA],  Adrenergic beta1-Antagonists [MoA],  Adrenergic beta2-Antagonists [MoA],  alpha-Adrenergic Blocker [EPC],  beta-Adrenergic Blocker [EPC]","N/A","No","12/31/2026"
"Carvedilol","63187-409-90","25 mg/1","TABLET, FILM COATED","ORAL","ANDA078332","Proficient Rx LP","63187-409","Carvedilol","CARVEDILOL","HUMAN PRESCRIPTION DRUG","12/01/2018","N/A","ANDA","90 TABLET, FILM COATED in 1 BOTTLE (63187-409-90)","Adrenergic alpha-Antagonists [MoA],  Adrenergic beta1-Antagonists [MoA],  Adrenergic beta2-Antagonists [MoA],  alpha-Adrenergic Blocker [EPC],  beta-Adrenergic Blocker [EPC]","N/A","No","12/31/2026"
"Carvedilol","63187-409-30","25 mg/1","TABLET, FILM COATED","ORAL","ANDA078332","Proficient Rx LP","63187-409","Carvedilol","CARVEDILOL","HUMAN PRESCRIPTION DRUG","12/01/2018","N/A","ANDA","30 TABLET, FILM COATED in 1 BOTTLE (63187-409-30)","Adrenergic alpha-Antagonists [MoA],  Adrenergic beta1-Antagonists [MoA],  Adrenergic beta2-Antagonists [MoA],  alpha-Adrenergic Blocker [EPC],  beta-Adrenergic Blocker [EPC]","N/A","No","12/31/2026"
"Carvedilol","63187-409-60","25 mg/1","TABLET, FILM COATED","ORAL","ANDA078332","Proficient Rx LP","63187-409","Carvedilol","CARVEDILOL","HUMAN PRESCRIPTION DRUG","12/01/2018","N/A","ANDA","60 TABLET, FILM COATED in 1 BOTTLE (63187-409-60)","Adrenergic alpha-Antagonists [MoA],  Adrenergic beta1-Antagonists [MoA],  Adrenergic beta2-Antagonists [MoA],  alpha-Adrenergic Blocker [EPC],  beta-Adrenergic Blocker [EPC]","N/A","No","12/31/2026"
"Carvedilol","63187-424-30","6.25 mg/1","TABLET, FILM COATED","ORAL","ANDA077614","Proficient Rx LP","63187-424","Carvedilol","CARVEDILOL","HUMAN PRESCRIPTION DRUG","12/05/2025","N/A","ANDA","30 TABLET, FILM COATED in 1 BOTTLE (63187-424-30)","Adrenergic alpha-Antagonists [MoA],  Adrenergic beta1-Antagonists [MoA],  Adrenergic beta2-Antagonists [MoA],  alpha-Adrenergic Blocker [EPC],  beta-Adrenergic Blocker [EPC]","N/A","No","12/31/2026"
"Carvedilol","63187-424-60","6.25 mg/1","TABLET, FILM COATED","ORAL","ANDA077614","Proficient Rx LP","63187-424","Carvedilol","CARVEDILOL","HUMAN PRESCRIPTION DRUG","12/01/2018","N/A","ANDA","60 TABLET, FILM COATED in 1 BOTTLE (63187-424-60)","Adrenergic alpha-Antagonists [MoA],  Adrenergic beta1-Antagonists [MoA],  Adrenergic beta2-Antagonists [MoA],  alpha-Adrenergic Blocker [EPC],  beta-Adrenergic Blocker [EPC]","N/A","No","12/31/2026"
"Carvedilol","63187-447-90","12.5 mg/1","TABLET, FILM COATED","ORAL","ANDA078332","Proficient Rx LP","63187-447","Carvedilol","CARVEDILOL","HUMAN PRESCRIPTION DRUG","12/01/2018","N/A","ANDA","90 TABLET, FILM COATED in 1 BOTTLE (63187-447-90)","Adrenergic alpha-Antagonists [MoA],  Adrenergic beta1-Antagonists [MoA],  Adrenergic beta2-Antagonists [MoA],  alpha-Adrenergic Blocker [EPC],  beta-Adrenergic Blocker [EPC]","N/A","No","12/31/2026"
"Carvedilol","63187-447-60","12.5 mg/1","TABLET, FILM COATED","ORAL","ANDA078332","Proficient Rx LP","63187-447","Carvedilol","CARVEDILOL","HUMAN PRESCRIPTION DRUG","12/01/2018","N/A","ANDA","60 TABLET, FILM COATED in 1 BOTTLE (63187-447-60)","Adrenergic alpha-Antagonists [MoA],  Adrenergic beta1-Antagonists [MoA],  Adrenergic beta2-Antagonists [MoA],  alpha-Adrenergic Blocker [EPC],  beta-Adrenergic Blocker [EPC]","N/A","No","12/31/2026"
"Carvedilol","63187-447-30","12.5 mg/1","TABLET, FILM COATED","ORAL","ANDA078332","Proficient Rx LP","63187-447","Carvedilol","CARVEDILOL","HUMAN PRESCRIPTION DRUG","12/01/2018","N/A","ANDA","30 TABLET, FILM COATED in 1 BOTTLE (63187-447-30)","Adrenergic alpha-Antagonists [MoA],  Adrenergic beta1-Antagonists [MoA],  Adrenergic beta2-Antagonists [MoA],  alpha-Adrenergic Blocker [EPC],  beta-Adrenergic Blocker [EPC]","N/A","No","12/31/2026"
"Carvedilol","63187-570-90","3.125 mg/1","TABLET, FILM COATED","ORAL","ANDA077614","Proficient Rx LP","63187-570","Carvedilol","CARVEDILOL","HUMAN PRESCRIPTION DRUG","12/01/2018","N/A","ANDA","90 TABLET, FILM COATED in 1 BOTTLE (63187-570-90)","Adrenergic alpha-Antagonists [MoA],  Adrenergic beta1-Antagonists [MoA],  Adrenergic beta2-Antagonists [MoA],  alpha-Adrenergic Blocker [EPC],  beta-Adrenergic Blocker [EPC]","N/A","No","12/31/2026"
"Carvedilol","63187-570-60","3.125 mg/1","TABLET, FILM COATED","ORAL","ANDA077614","Proficient Rx LP","63187-570","Carvedilol","CARVEDILOL","HUMAN PRESCRIPTION DRUG","12/01/2018","N/A","ANDA","60 TABLET, FILM COATED in 1 BOTTLE (63187-570-60)","Adrenergic alpha-Antagonists [MoA],  Adrenergic beta1-Antagonists [MoA],  Adrenergic beta2-Antagonists [MoA],  alpha-Adrenergic Blocker [EPC],  beta-Adrenergic Blocker [EPC]","N/A","No","12/31/2026"
"Carvedilol","63187-941-60","3.125 mg/1","TABLET, FILM COATED","ORAL","ANDA078332","Proficient Rx LP","63187-941","Carvedilol","CARVEDILOL","HUMAN PRESCRIPTION DRUG","12/01/2017","N/A","ANDA","60 TABLET, FILM COATED in 1 BOTTLE (63187-941-60)","Adrenergic alpha-Antagonists [MoA],  Adrenergic beta1-Antagonists [MoA],  Adrenergic beta2-Antagonists [MoA],  alpha-Adrenergic Blocker [EPC],  beta-Adrenergic Blocker [EPC]","N/A","No","12/31/2026"
"Carvedilol","63187-941-30","3.125 mg/1","TABLET, FILM COATED","ORAL","ANDA078332","Proficient Rx LP","63187-941","Carvedilol","CARVEDILOL","HUMAN PRESCRIPTION DRUG","12/01/2017","N/A","ANDA","30 TABLET, FILM COATED in 1 BOTTLE (63187-941-30)","Adrenergic alpha-Antagonists [MoA],  Adrenergic beta1-Antagonists [MoA],  Adrenergic beta2-Antagonists [MoA],  alpha-Adrenergic Blocker [EPC],  beta-Adrenergic Blocker [EPC]","N/A","No","12/31/2026"
"Carvedilol","63187-941-90","3.125 mg/1","TABLET, FILM COATED","ORAL","ANDA078332","Proficient Rx LP","63187-941","Carvedilol","CARVEDILOL","HUMAN PRESCRIPTION DRUG","12/01/2017","N/A","ANDA","90 TABLET, FILM COATED in 1 BOTTLE (63187-941-90)","Adrenergic alpha-Antagonists [MoA],  Adrenergic beta1-Antagonists [MoA],  Adrenergic beta2-Antagonists [MoA],  alpha-Adrenergic Blocker [EPC],  beta-Adrenergic Blocker [EPC]","N/A","No","12/31/2026"
"Carvedilol","63187-946-90","6.25 mg/1","TABLET, FILM COATED","ORAL","ANDA078332","Proficient Rx LP","63187-946","Carvedilol","CARVEDILOL","HUMAN PRESCRIPTION DRUG","01/01/2018","N/A","ANDA","90 TABLET, FILM COATED in 1 BOTTLE (63187-946-90)","Adrenergic alpha-Antagonists [MoA],  Adrenergic beta1-Antagonists [MoA],  Adrenergic beta2-Antagonists [MoA],  alpha-Adrenergic Blocker [EPC],  beta-Adrenergic Blocker [EPC]","N/A","No","12/31/2026"
"Carvedilol","63187-946-30","6.25 mg/1","TABLET, FILM COATED","ORAL","ANDA078332","Proficient Rx LP","63187-946","Carvedilol","CARVEDILOL","HUMAN PRESCRIPTION DRUG","01/01/2018","N/A","ANDA","30 TABLET, FILM COATED in 1 BOTTLE (63187-946-30)","Adrenergic alpha-Antagonists [MoA],  Adrenergic beta1-Antagonists [MoA],  Adrenergic beta2-Antagonists [MoA],  alpha-Adrenergic Blocker [EPC],  beta-Adrenergic Blocker [EPC]","N/A","No","12/31/2026"
"Carvedilol","63187-946-60","6.25 mg/1","TABLET, FILM COATED","ORAL","ANDA078332","Proficient Rx LP","63187-946","Carvedilol","CARVEDILOL","HUMAN PRESCRIPTION DRUG","01/01/2018","N/A","ANDA","60 TABLET, FILM COATED in 1 BOTTLE (63187-946-60)","Adrenergic alpha-Antagonists [MoA],  Adrenergic beta1-Antagonists [MoA],  Adrenergic beta2-Antagonists [MoA],  alpha-Adrenergic Blocker [EPC],  beta-Adrenergic Blocker [EPC]","N/A","No","12/31/2026"
"Carvedilol","63629-4060-6","3.125 mg/1","TABLET, FILM COATED","ORAL","ANDA077614","Bryant Ranch Prepack","63629-4060","Carvedilol","CARVEDILOL","HUMAN PRESCRIPTION DRUG","10/28/2014","N/A","ANDA","120 TABLET, FILM COATED in 1 BOTTLE (63629-4060-6)","Adrenergic alpha-Antagonists [MoA],  Adrenergic beta1-Antagonists [MoA],  Adrenergic beta2-Antagonists [MoA],  alpha-Adrenergic Blocker [EPC],  beta-Adrenergic Blocker [EPC]","N/A","No","12/31/2027"
"Carvedilol","63629-4060-5","3.125 mg/1","TABLET, FILM COATED","ORAL","ANDA077614","Bryant Ranch Prepack","63629-4060","Carvedilol","CARVEDILOL","HUMAN PRESCRIPTION DRUG","05/30/2014","N/A","ANDA","90 TABLET, FILM COATED in 1 BOTTLE (63629-4060-5)","Adrenergic alpha-Antagonists [MoA],  Adrenergic beta1-Antagonists [MoA],  Adrenergic beta2-Antagonists [MoA],  alpha-Adrenergic Blocker [EPC],  beta-Adrenergic Blocker [EPC]","N/A","No","12/31/2027"
"Carvedilol","63629-4060-2","3.125 mg/1","TABLET, FILM COATED","ORAL","ANDA077614","Bryant Ranch Prepack","63629-4060","Carvedilol","CARVEDILOL","HUMAN PRESCRIPTION DRUG","09/04/2009","N/A","ANDA","100 TABLET, FILM COATED in 1 BOTTLE (63629-4060-2)","Adrenergic alpha-Antagonists [MoA],  Adrenergic beta1-Antagonists [MoA],  Adrenergic beta2-Antagonists [MoA],  alpha-Adrenergic Blocker [EPC],  beta-Adrenergic Blocker [EPC]","N/A","No","12/31/2027"
"Carvedilol","63629-4060-1","3.125 mg/1","TABLET, FILM COATED","ORAL","ANDA077614","Bryant Ranch Prepack","63629-4060","Carvedilol","CARVEDILOL","HUMAN PRESCRIPTION DRUG","08/27/2009","N/A","ANDA","30 TABLET, FILM COATED in 1 BOTTLE (63629-4060-1)","Adrenergic alpha-Antagonists [MoA],  Adrenergic beta1-Antagonists [MoA],  Adrenergic beta2-Antagonists [MoA],  alpha-Adrenergic Blocker [EPC],  beta-Adrenergic Blocker [EPC]","N/A","No","12/31/2027"
"Carvedilol","63629-4060-4","3.125 mg/1","TABLET, FILM COATED","ORAL","ANDA077614","Bryant Ranch Prepack","63629-4060","Carvedilol","CARVEDILOL","HUMAN PRESCRIPTION DRUG","05/02/2011","N/A","ANDA","60 TABLET, FILM COATED in 1 BOTTLE (63629-4060-4)","Adrenergic alpha-Antagonists [MoA],  Adrenergic beta1-Antagonists [MoA],  Adrenergic beta2-Antagonists [MoA],  alpha-Adrenergic Blocker [EPC],  beta-Adrenergic Blocker [EPC]","N/A","No","12/31/2027"
"Carvedilol","63629-4060-3","3.125 mg/1","TABLET, FILM COATED","ORAL","ANDA077614","Bryant Ranch Prepack","63629-4060","Carvedilol","CARVEDILOL","HUMAN PRESCRIPTION DRUG","11/24/2015","N/A","ANDA","180 TABLET, FILM COATED in 1 BOTTLE (63629-4060-3)","Adrenergic alpha-Antagonists [MoA],  Adrenergic beta1-Antagonists [MoA],  Adrenergic beta2-Antagonists [MoA],  alpha-Adrenergic Blocker [EPC],  beta-Adrenergic Blocker [EPC]","N/A","No","12/31/2027"
"Carvedilol","65841-616-17","3.125 mg/1","TABLET, FILM COATED","ORAL","ANDA077614","Zydus Lifesciences Limited","65841-616","Carvedilol","CARVEDILOL","HUMAN PRESCRIPTION DRUG","09/05/2007","N/A","ANDA","28 TABLET, FILM COATED in 1 BOTTLE (65841-616-17)","Adrenergic alpha-Antagonists [MoA],  Adrenergic beta1-Antagonists [MoA],  Adrenergic beta2-Antagonists [MoA],  alpha-Adrenergic Blocker [EPC],  beta-Adrenergic Blocker [EPC]","N/A","No","12/31/2027"
"Carvedilol","65841-616-05","3.125 mg/1","TABLET, FILM COATED","ORAL","ANDA077614","Zydus Lifesciences Limited","65841-616","Carvedilol","CARVEDILOL","HUMAN PRESCRIPTION DRUG","09/05/2007","N/A","ANDA","500 TABLET, FILM COATED in 1 BOTTLE (65841-616-05)","Adrenergic alpha-Antagonists [MoA],  Adrenergic beta1-Antagonists [MoA],  Adrenergic beta2-Antagonists [MoA],  alpha-Adrenergic Blocker [EPC],  beta-Adrenergic Blocker [EPC]","N/A","No","12/31/2027"
"Carvedilol","65841-616-01","3.125 mg/1","TABLET, FILM COATED","ORAL","ANDA077614","Zydus Lifesciences Limited","65841-616","Carvedilol","CARVEDILOL","HUMAN PRESCRIPTION DRUG","09/05/2007","N/A","ANDA","100 TABLET, FILM COATED in 1 BOTTLE (65841-616-01)","Adrenergic alpha-Antagonists [MoA],  Adrenergic beta1-Antagonists [MoA],  Adrenergic beta2-Antagonists [MoA],  alpha-Adrenergic Blocker [EPC],  beta-Adrenergic Blocker [EPC]","N/A","No","12/31/2027"
"Carvedilol","65841-617-17","6.25 mg/1","TABLET, FILM COATED","ORAL","ANDA077614","Zydus Lifesciences Limited","65841-617","Carvedilol","CARVEDILOL","HUMAN PRESCRIPTION DRUG","09/05/2007","N/A","ANDA","28 TABLET, FILM COATED in 1 BOTTLE (65841-617-17)","Adrenergic alpha-Antagonists [MoA],  Adrenergic beta1-Antagonists [MoA],  Adrenergic beta2-Antagonists [MoA],  alpha-Adrenergic Blocker [EPC],  beta-Adrenergic Blocker [EPC]","N/A","No","12/31/2027"
"Carvedilol","65841-617-05","6.25 mg/1","TABLET, FILM COATED","ORAL","ANDA077614","Zydus Lifesciences Limited","65841-617","Carvedilol","CARVEDILOL","HUMAN PRESCRIPTION DRUG","09/05/2007","N/A","ANDA","500 TABLET, FILM COATED in 1 BOTTLE (65841-617-05)","Adrenergic alpha-Antagonists [MoA],  Adrenergic beta1-Antagonists [MoA],  Adrenergic beta2-Antagonists [MoA],  alpha-Adrenergic Blocker [EPC],  beta-Adrenergic Blocker [EPC]","N/A","No","12/31/2027"
"Carvedilol","65841-617-01","6.25 mg/1","TABLET, FILM COATED","ORAL","ANDA077614","Zydus Lifesciences Limited","65841-617","Carvedilol","CARVEDILOL","HUMAN PRESCRIPTION DRUG","09/05/2007","N/A","ANDA","100 TABLET, FILM COATED in 1 BOTTLE (65841-617-01)","Adrenergic alpha-Antagonists [MoA],  Adrenergic beta1-Antagonists [MoA],  Adrenergic beta2-Antagonists [MoA],  alpha-Adrenergic Blocker [EPC],  beta-Adrenergic Blocker [EPC]","N/A","No","12/31/2027"
"Carvedilol","65841-618-17","12.5 mg/1","TABLET, FILM COATED","ORAL","ANDA077614","Zydus Lifesciences Limited","65841-618","Carvedilol","CARVEDILOL","HUMAN PRESCRIPTION DRUG","09/05/2007","N/A","ANDA","28 TABLET, FILM COATED in 1 BOTTLE (65841-618-17)","Adrenergic alpha-Antagonists [MoA],  Adrenergic beta1-Antagonists [MoA],  Adrenergic beta2-Antagonists [MoA],  alpha-Adrenergic Blocker [EPC],  beta-Adrenergic Blocker [EPC]","N/A","No","12/31/2027"
"Carvedilol","65841-618-05","12.5 mg/1","TABLET, FILM COATED","ORAL","ANDA077614","Zydus Lifesciences Limited","65841-618","Carvedilol","CARVEDILOL","HUMAN PRESCRIPTION DRUG","09/05/2007","N/A","ANDA","500 TABLET, FILM COATED in 1 BOTTLE (65841-618-05)","Adrenergic alpha-Antagonists [MoA],  Adrenergic beta1-Antagonists [MoA],  Adrenergic beta2-Antagonists [MoA],  alpha-Adrenergic Blocker [EPC],  beta-Adrenergic Blocker [EPC]","N/A","No","12/31/2027"
"Carvedilol","65841-618-01","12.5 mg/1","TABLET, FILM COATED","ORAL","ANDA077614","Zydus Lifesciences Limited","65841-618","Carvedilol","CARVEDILOL","HUMAN PRESCRIPTION DRUG","09/05/2007","N/A","ANDA","100 TABLET, FILM COATED in 1 BOTTLE (65841-618-01)","Adrenergic alpha-Antagonists [MoA],  Adrenergic beta1-Antagonists [MoA],  Adrenergic beta2-Antagonists [MoA],  alpha-Adrenergic Blocker [EPC],  beta-Adrenergic Blocker [EPC]","N/A","No","12/31/2027"
"Carvedilol","65841-619-05","25 mg/1","TABLET, FILM COATED","ORAL","ANDA077614","Zydus Lifesciences Limited","65841-619","Carvedilol","CARVEDILOL","HUMAN PRESCRIPTION DRUG","09/05/2007","N/A","ANDA","500 TABLET, FILM COATED in 1 BOTTLE (65841-619-05)","Adrenergic alpha-Antagonists [MoA],  Adrenergic beta1-Antagonists [MoA],  Adrenergic beta2-Antagonists [MoA],  alpha-Adrenergic Blocker [EPC],  beta-Adrenergic Blocker [EPC]","N/A","No","12/31/2027"
"Carvedilol","65841-619-01","25 mg/1","TABLET, FILM COATED","ORAL","ANDA077614","Zydus Lifesciences Limited","65841-619","Carvedilol","CARVEDILOL","HUMAN PRESCRIPTION DRUG","09/05/2007","N/A","ANDA","100 TABLET, FILM COATED in 1 BOTTLE (65841-619-01)","Adrenergic alpha-Antagonists [MoA],  Adrenergic beta1-Antagonists [MoA],  Adrenergic beta2-Antagonists [MoA],  alpha-Adrenergic Blocker [EPC],  beta-Adrenergic Blocker [EPC]","N/A","No","12/31/2027"
"Carvedilol","65841-619-17","25 mg/1","TABLET, FILM COATED","ORAL","ANDA077614","Zydus Lifesciences Limited","65841-619","Carvedilol","CARVEDILOL","HUMAN PRESCRIPTION DRUG","09/05/2007","N/A","ANDA","28 TABLET, FILM COATED in 1 BOTTLE (65841-619-17)","Adrenergic alpha-Antagonists [MoA],  Adrenergic beta1-Antagonists [MoA],  Adrenergic beta2-Antagonists [MoA],  alpha-Adrenergic Blocker [EPC],  beta-Adrenergic Blocker [EPC]","N/A","No","12/31/2027"
"Carvedilol","65862-142-05","3.125 mg/1","TABLET, FILM COATED","ORAL","ANDA078332","Aurobindo Pharma Limited","65862-142","Carvedilol","CARVEDILOL","HUMAN PRESCRIPTION DRUG","09/05/2007","N/A","ANDA","500 TABLET, FILM COATED in 1 BOTTLE (65862-142-05)","Adrenergic alpha-Antagonists [MoA],  Adrenergic beta1-Antagonists [MoA],  Adrenergic beta2-Antagonists [MoA],  alpha-Adrenergic Blocker [EPC],  beta-Adrenergic Blocker [EPC]","N/A","No","12/31/2026"
"Carvedilol","65862-142-99","3.125 mg/1","TABLET, FILM COATED","ORAL","ANDA078332","Aurobindo Pharma Limited","65862-142","Carvedilol","CARVEDILOL","HUMAN PRESCRIPTION DRUG","09/05/2007","N/A","ANDA","1000 TABLET, FILM COATED in 1 BOTTLE (65862-142-99)","Adrenergic alpha-Antagonists [MoA],  Adrenergic beta1-Antagonists [MoA],  Adrenergic beta2-Antagonists [MoA],  alpha-Adrenergic Blocker [EPC],  beta-Adrenergic Blocker [EPC]","N/A","No","12/31/2026"
"Carvedilol","65862-142-01","3.125 mg/1","TABLET, FILM COATED","ORAL","ANDA078332","Aurobindo Pharma Limited","65862-142","Carvedilol","CARVEDILOL","HUMAN PRESCRIPTION DRUG","09/05/2007","N/A","ANDA","100 TABLET, FILM COATED in 1 BOTTLE (65862-142-01)","Adrenergic alpha-Antagonists [MoA],  Adrenergic beta1-Antagonists [MoA],  Adrenergic beta2-Antagonists [MoA],  alpha-Adrenergic Blocker [EPC],  beta-Adrenergic Blocker [EPC]","N/A","No","12/31/2026"
"Carvedilol","65862-143-05","6.25 mg/1","TABLET, FILM COATED","ORAL","ANDA078332","Aurobindo Pharma Limited","65862-143","Carvedilol","CARVEDILOL","HUMAN PRESCRIPTION DRUG","09/05/2007","N/A","ANDA","500 TABLET, FILM COATED in 1 BOTTLE (65862-143-05)","Adrenergic alpha-Antagonists [MoA],  Adrenergic beta1-Antagonists [MoA],  Adrenergic beta2-Antagonists [MoA],  alpha-Adrenergic Blocker [EPC],  beta-Adrenergic Blocker [EPC]","N/A","No","12/31/2026"
"Carvedilol","65862-143-99","6.25 mg/1","TABLET, FILM COATED","ORAL","ANDA078332","Aurobindo Pharma Limited","65862-143","Carvedilol","CARVEDILOL","HUMAN PRESCRIPTION DRUG","09/05/2007","N/A","ANDA","1000 TABLET, FILM COATED in 1 BOTTLE (65862-143-99)","Adrenergic alpha-Antagonists [MoA],  Adrenergic beta1-Antagonists [MoA],  Adrenergic beta2-Antagonists [MoA],  alpha-Adrenergic Blocker [EPC],  beta-Adrenergic Blocker [EPC]","N/A","No","12/31/2026"
"Carvedilol","65862-143-01","6.25 mg/1","TABLET, FILM COATED","ORAL","ANDA078332","Aurobindo Pharma Limited","65862-143","Carvedilol","CARVEDILOL","HUMAN PRESCRIPTION DRUG","09/05/2007","N/A","ANDA","100 TABLET, FILM COATED in 1 BOTTLE (65862-143-01)","Adrenergic alpha-Antagonists [MoA],  Adrenergic beta1-Antagonists [MoA],  Adrenergic beta2-Antagonists [MoA],  alpha-Adrenergic Blocker [EPC],  beta-Adrenergic Blocker [EPC]","N/A","No","12/31/2026"
"Carvedilol","65862-144-01","12.5 mg/1","TABLET, FILM COATED","ORAL","ANDA078332","Aurobindo Pharma Limited","65862-144","Carvedilol","CARVEDILOL","HUMAN PRESCRIPTION DRUG","09/05/2007","N/A","ANDA","100 TABLET, FILM COATED in 1 BOTTLE (65862-144-01)","Adrenergic alpha-Antagonists [MoA],  Adrenergic beta1-Antagonists [MoA],  Adrenergic beta2-Antagonists [MoA],  alpha-Adrenergic Blocker [EPC],  beta-Adrenergic Blocker [EPC]","N/A","No","12/31/2026"
"Carvedilol","65862-144-99","12.5 mg/1","TABLET, FILM COATED","ORAL","ANDA078332","Aurobindo Pharma Limited","65862-144","Carvedilol","CARVEDILOL","HUMAN PRESCRIPTION DRUG","09/05/2007","N/A","ANDA","1000 TABLET, FILM COATED in 1 BOTTLE (65862-144-99)","Adrenergic alpha-Antagonists [MoA],  Adrenergic beta1-Antagonists [MoA],  Adrenergic beta2-Antagonists [MoA],  alpha-Adrenergic Blocker [EPC],  beta-Adrenergic Blocker [EPC]","N/A","No","12/31/2026"
"Carvedilol","65862-144-05","12.5 mg/1","TABLET, FILM COATED","ORAL","ANDA078332","Aurobindo Pharma Limited","65862-144","Carvedilol","CARVEDILOL","HUMAN PRESCRIPTION DRUG","09/05/2007","N/A","ANDA","500 TABLET, FILM COATED in 1 BOTTLE (65862-144-05)","Adrenergic alpha-Antagonists [MoA],  Adrenergic beta1-Antagonists [MoA],  Adrenergic beta2-Antagonists [MoA],  alpha-Adrenergic Blocker [EPC],  beta-Adrenergic Blocker [EPC]","N/A","No","12/31/2026"
"Carvedilol","65862-145-99","25 mg/1","TABLET, FILM COATED","ORAL","ANDA078332","Aurobindo Pharma Limited","65862-145","Carvedilol","CARVEDILOL","HUMAN PRESCRIPTION DRUG","09/05/2007","N/A","ANDA","1000 TABLET, FILM COATED in 1 BOTTLE (65862-145-99)","Adrenergic alpha-Antagonists [MoA],  Adrenergic beta1-Antagonists [MoA],  Adrenergic beta2-Antagonists [MoA],  alpha-Adrenergic Blocker [EPC],  beta-Adrenergic Blocker [EPC]","N/A","No","12/31/2026"
"Carvedilol","65862-145-01","25 mg/1","TABLET, FILM COATED","ORAL","ANDA078332","Aurobindo Pharma Limited","65862-145","Carvedilol","CARVEDILOL","HUMAN PRESCRIPTION DRUG","09/05/2007","N/A","ANDA","100 TABLET, FILM COATED in 1 BOTTLE (65862-145-01)","Adrenergic alpha-Antagonists [MoA],  Adrenergic beta1-Antagonists [MoA],  Adrenergic beta2-Antagonists [MoA],  alpha-Adrenergic Blocker [EPC],  beta-Adrenergic Blocker [EPC]","N/A","No","12/31/2026"
"Carvedilol","65862-145-05","25 mg/1","TABLET, FILM COATED","ORAL","ANDA078332","Aurobindo Pharma Limited","65862-145","Carvedilol","CARVEDILOL","HUMAN PRESCRIPTION DRUG","09/05/2007","N/A","ANDA","500 TABLET, FILM COATED in 1 BOTTLE (65862-145-05)","Adrenergic alpha-Antagonists [MoA],  Adrenergic beta1-Antagonists [MoA],  Adrenergic beta2-Antagonists [MoA],  alpha-Adrenergic Blocker [EPC],  beta-Adrenergic Blocker [EPC]","N/A","No","12/31/2026"
"Carvedilol","67046-0336-3","6.25 mg/1","TABLET, FILM COATED","ORAL","ANDA077614","Coupler LLC","67046-0336","Carvedilol","CARVEDILOL","HUMAN PRESCRIPTION DRUG","05/13/2026","N/A","ANDA","30 TABLET, FILM COATED in 1 BLISTER PACK (67046-0336-3)","Adrenergic alpha-Antagonists [MoA],  Adrenergic beta1-Antagonists [MoA],  Adrenergic beta2-Antagonists [MoA],  alpha-Adrenergic Blocker [EPC],  beta-Adrenergic Blocker [EPC]","N/A","No","12/31/2027"
"Carvedilol","67046-0879-3","12.5 mg/1","TABLET, FILM COATED","ORAL","ANDA077614","Coupler LLC","67046-0879","Carvedilol","CARVEDILOL","HUMAN PRESCRIPTION DRUG","05/26/2026","N/A","ANDA","30 TABLET, FILM COATED in 1 BLISTER PACK (67046-0879-3)","Adrenergic alpha-Antagonists [MoA],  Adrenergic beta1-Antagonists [MoA],  Adrenergic beta2-Antagonists [MoA],  alpha-Adrenergic Blocker [EPC],  beta-Adrenergic Blocker [EPC]","N/A","No","12/31/2027"
"Carvedilol","67046-0973-3","3.125 mg/1","TABLET, FILM COATED","ORAL","ANDA077614","Coupler LLC","67046-0973","Carvedilol","CARVEDILOL","HUMAN PRESCRIPTION DRUG","08/03/2026","N/A","ANDA","30 TABLET, FILM COATED in 1 BLISTER PACK (67046-0973-3)","Adrenergic alpha-Antagonists [MoA],  Adrenergic beta1-Antagonists [MoA],  Adrenergic beta2-Antagonists [MoA],  alpha-Adrenergic Blocker [EPC],  beta-Adrenergic Blocker [EPC]","N/A","No","12/31/2027"
"Carvedilol","67046-1616-3","3.125 mg/1","TABLET, FILM COATED","ORAL","ANDA078384","Coupler LLC","67046-1616","Carvedilol","CARVEDILOL","HUMAN PRESCRIPTION DRUG","11/21/2025","N/A","ANDA","30 TABLET, FILM COATED in 1 BLISTER PACK (67046-1616-3)","Adrenergic alpha-Antagonists [MoA],  Adrenergic beta1-Antagonists [MoA],  Adrenergic beta2-Antagonists [MoA],  alpha-Adrenergic Blocker [EPC],  beta-Adrenergic Blocker [EPC]","N/A","No","12/31/2026"
"CARVEDILOL","67296-1899-6","25 mg/1","TABLET, FILM COATED","ORAL","ANDA078165","RedPharm Drug, Inc","67296-1899","CARVEDILOL","CARVEDILOL","HUMAN PRESCRIPTION DRUG","07/29/2021","N/A","ANDA","60 TABLET, FILM COATED in 1 BOTTLE (67296-1899-6)","Adrenergic alpha-Antagonists [MoA],  Adrenergic beta1-Antagonists [MoA],  Adrenergic beta2-Antagonists [MoA],  alpha-Adrenergic Blocker [EPC],  beta-Adrenergic Blocker [EPC]","N/A","No","12/31/2026"
"CARVEDILOL","67296-1901-6","25 mg/1","TABLET, FILM COATED","ORAL","ANDA078165","RedPharm Drug, Inc","67296-1901","CARVEDILOL","CARVEDILOL","HUMAN PRESCRIPTION DRUG","07/29/2021","N/A","ANDA","60 TABLET, FILM COATED in 1 BOTTLE (67296-1901-6)","Adrenergic alpha-Antagonists [MoA],  Adrenergic beta1-Antagonists [MoA],  Adrenergic beta2-Antagonists [MoA],  alpha-Adrenergic Blocker [EPC],  beta-Adrenergic Blocker [EPC]","N/A","No","12/31/2026"
"Carvedilol","67296-2298-6","6.25 mg/1","TABLET, FILM COATED","ORAL","ANDA078251","Redpharm Drug","67296-2298","Carvedilol","CARVEDILOL","HUMAN PRESCRIPTION DRUG","09/05/2007","N/A","ANDA","60 TABLET, FILM COATED in 1 BOTTLE (67296-2298-6)","Adrenergic alpha-Antagonists [MoA],  Adrenergic beta1-Antagonists [MoA],  Adrenergic beta2-Antagonists [MoA],  alpha-Adrenergic Blocker [EPC],  beta-Adrenergic Blocker [EPC]","N/A","No","12/31/2027"
"Carvedilol","68001-151-03","12.5 mg/1","TABLET, FILM COATED","ORAL","ANDA077614","BluePoint Laboratories","68001-151","Carvedilol","CARVEDILOL","HUMAN PRESCRIPTION DRUG","04/22/2014","N/A","ANDA","500 TABLET, FILM COATED in 1 BOTTLE (68001-151-03)","Adrenergic alpha-Antagonists [MoA],  Adrenergic beta1-Antagonists [MoA],  Adrenergic beta2-Antagonists [MoA],  alpha-Adrenergic Blocker [EPC],  beta-Adrenergic Blocker [EPC]","N/A","No","12/31/2027"
"Carvedilol","68001-151-00","12.5 mg/1","TABLET, FILM COATED","ORAL","ANDA077614","BluePoint Laboratories","68001-151","Carvedilol","CARVEDILOL","HUMAN PRESCRIPTION DRUG","04/22/2014","N/A","ANDA","100 TABLET, FILM COATED in 1 BOTTLE (68001-151-00)","Adrenergic alpha-Antagonists [MoA],  Adrenergic beta1-Antagonists [MoA],  Adrenergic beta2-Antagonists [MoA],  alpha-Adrenergic Blocker [EPC],  beta-Adrenergic Blocker [EPC]","N/A","No","12/31/2027"
"Carvedilol","68001-152-03","25 mg/1","TABLET, FILM COATED","ORAL","ANDA077614","BluePoint Laboratories","68001-152","Carvedilol","CARVEDILOL","HUMAN PRESCRIPTION DRUG","04/22/2014","N/A","ANDA","500 TABLET, FILM COATED in 1 BOTTLE (68001-152-03)","Adrenergic alpha-Antagonists [MoA],  Adrenergic beta1-Antagonists [MoA],  Adrenergic beta2-Antagonists [MoA],  alpha-Adrenergic Blocker [EPC],  beta-Adrenergic Blocker [EPC]","N/A","No","12/31/2027"
"Carvedilol","68001-152-00","25 mg/1","TABLET, FILM COATED","ORAL","ANDA077614","BluePoint Laboratories","68001-152","Carvedilol","CARVEDILOL","HUMAN PRESCRIPTION DRUG","04/22/2014","N/A","ANDA","100 TABLET, FILM COATED in 1 BOTTLE (68001-152-00)","Adrenergic alpha-Antagonists [MoA],  Adrenergic beta1-Antagonists [MoA],  Adrenergic beta2-Antagonists [MoA],  alpha-Adrenergic Blocker [EPC],  beta-Adrenergic Blocker [EPC]","N/A","No","12/31/2027"
"Carvedilol","68001-153-03","3.125 mg/1","TABLET, FILM COATED","ORAL","ANDA077614","BluePoint Laboratories","68001-153","Carvedilol","CARVEDILOL","HUMAN PRESCRIPTION DRUG","04/22/2014","N/A","ANDA","500 TABLET, FILM COATED in 1 BOTTLE (68001-153-03)","Adrenergic alpha-Antagonists [MoA],  Adrenergic beta1-Antagonists [MoA],  Adrenergic beta2-Antagonists [MoA],  alpha-Adrenergic Blocker [EPC],  beta-Adrenergic Blocker [EPC]","N/A","No","12/31/2027"
"Carvedilol","68001-153-00","3.125 mg/1","TABLET, FILM COATED","ORAL","ANDA077614","BluePoint Laboratories","68001-153","Carvedilol","CARVEDILOL","HUMAN PRESCRIPTION DRUG","04/22/2014","N/A","ANDA","100 TABLET, FILM COATED in 1 BOTTLE (68001-153-00)","Adrenergic alpha-Antagonists [MoA],  Adrenergic beta1-Antagonists [MoA],  Adrenergic beta2-Antagonists [MoA],  alpha-Adrenergic Blocker [EPC],  beta-Adrenergic Blocker [EPC]","N/A","No","12/31/2027"
"Carvedilol","68001-154-00","6.25 mg/1","TABLET, FILM COATED","ORAL","ANDA077614","BluePoint Laboratories","68001-154","Carvedilol","CARVEDILOL","HUMAN PRESCRIPTION DRUG","04/22/2014","N/A","ANDA","100 TABLET, FILM COATED in 1 BOTTLE (68001-154-00)","Adrenergic alpha-Antagonists [MoA],  Adrenergic beta1-Antagonists [MoA],  Adrenergic beta2-Antagonists [MoA],  alpha-Adrenergic Blocker [EPC],  beta-Adrenergic Blocker [EPC]","N/A","No","12/31/2027"
"Carvedilol","68001-154-03","6.25 mg/1","TABLET, FILM COATED","ORAL","ANDA077614","BluePoint Laboratories","68001-154","Carvedilol","CARVEDILOL","HUMAN PRESCRIPTION DRUG","04/22/2014","N/A","ANDA","500 TABLET, FILM COATED in 1 BOTTLE (68001-154-03)","Adrenergic alpha-Antagonists [MoA],  Adrenergic beta1-Antagonists [MoA],  Adrenergic beta2-Antagonists [MoA],  alpha-Adrenergic Blocker [EPC],  beta-Adrenergic Blocker [EPC]","N/A","No","12/31/2027"
"Carvedilol","68071-2230-3","12.5 mg/1","TABLET, FILM COATED","ORAL","ANDA077614","NuCare Pharmaceuticals,Inc.","68071-2230","Carvedilol","CARVEDILOL","HUMAN PRESCRIPTION DRUG","01/02/2025","N/A","ANDA","180 TABLET, FILM COATED in 1 BOTTLE (68071-2230-3)","Adrenergic alpha-Antagonists [MoA],  Adrenergic beta1-Antagonists [MoA],  Adrenergic beta2-Antagonists [MoA],  alpha-Adrenergic Blocker [EPC],  beta-Adrenergic Blocker [EPC]","N/A","No","12/31/2026"
"Carvedilol","68071-2230-9","12.5 mg/1","TABLET, FILM COATED","ORAL","ANDA077614","NuCare Pharmaceuticals,Inc.","68071-2230","Carvedilol","CARVEDILOL","HUMAN PRESCRIPTION DRUG","08/04/2020","N/A","ANDA","90 TABLET, FILM COATED in 1 BOTTLE (68071-2230-9)","Adrenergic alpha-Antagonists [MoA],  Adrenergic beta1-Antagonists [MoA],  Adrenergic beta2-Antagonists [MoA],  alpha-Adrenergic Blocker [EPC],  beta-Adrenergic Blocker [EPC]","N/A","No","12/31/2026"
"Carvedilol","68071-2230-8","12.5 mg/1","TABLET, FILM COATED","ORAL","ANDA077614","NuCare Pharmaceuticals,Inc.","68071-2230","Carvedilol","CARVEDILOL","HUMAN PRESCRIPTION DRUG","08/04/2020","N/A","ANDA","180 TABLET, FILM COATED in 1 BOTTLE (68071-2230-8)","Adrenergic alpha-Antagonists [MoA],  Adrenergic beta1-Antagonists [MoA],  Adrenergic beta2-Antagonists [MoA],  alpha-Adrenergic Blocker [EPC],  beta-Adrenergic Blocker [EPC]","N/A","No","12/31/2026"
"Carvedilol","68071-2230-6","12.5 mg/1","TABLET, FILM COATED","ORAL","ANDA077614","NuCare Pharmaceuticals,Inc.","68071-2230","Carvedilol","CARVEDILOL","HUMAN PRESCRIPTION DRUG","08/04/2020","N/A","ANDA","60 TABLET, FILM COATED in 1 BOTTLE (68071-2230-6)","Adrenergic alpha-Antagonists [MoA],  Adrenergic beta1-Antagonists [MoA],  Adrenergic beta2-Antagonists [MoA],  alpha-Adrenergic Blocker [EPC],  beta-Adrenergic Blocker [EPC]","N/A","No","12/31/2026"
"Carvedilol","68071-2773-6","25 mg/1","TABLET, FILM COATED","ORAL","ANDA078251","NuCare Pharmaceuticals,Inc.","68071-2773","Carvedilol","CARVEDILOL","HUMAN PRESCRIPTION DRUG","06/28/2022","N/A","ANDA","60 TABLET, FILM COATED in 1 BOTTLE (68071-2773-6)","Adrenergic alpha-Antagonists [MoA],  Adrenergic beta1-Antagonists [MoA],  Adrenergic beta2-Antagonists [MoA],  alpha-Adrenergic Blocker [EPC],  beta-Adrenergic Blocker [EPC]","N/A","No","12/31/2027"
"Carvedilol","68071-2780-8","6.25 mg/1","TABLET, FILM COATED","ORAL","ANDA077614","NuCare Pharmaceuticals,Inc.","68071-2780","Carvedilol","CARVEDILOL","HUMAN PRESCRIPTION DRUG","07/05/2022","N/A","ANDA","180 TABLET, FILM COATED in 1 BOTTLE (68071-2780-8)","Adrenergic alpha-Antagonists [MoA],  Adrenergic beta1-Antagonists [MoA],  Adrenergic beta2-Antagonists [MoA],  alpha-Adrenergic Blocker [EPC],  beta-Adrenergic Blocker [EPC]","N/A","No","12/31/2026"
"Carvedilol","68071-2780-6","6.25 mg/1","TABLET, FILM COATED","ORAL","ANDA077614","NuCare Pharmaceuticals,Inc.","68071-2780","Carvedilol","CARVEDILOL","HUMAN PRESCRIPTION DRUG","06/28/2024","N/A","ANDA","60 TABLET, FILM COATED in 1 BOTTLE (68071-2780-6)","Adrenergic alpha-Antagonists [MoA],  Adrenergic beta1-Antagonists [MoA],  Adrenergic beta2-Antagonists [MoA],  alpha-Adrenergic Blocker [EPC],  beta-Adrenergic Blocker [EPC]","N/A","No","12/31/2026"
"Carvedilol","68071-2780-9","6.25 mg/1","TABLET, FILM COATED","ORAL","ANDA077614","NuCare Pharmaceuticals,Inc.","68071-2780","Carvedilol","CARVEDILOL","HUMAN PRESCRIPTION DRUG","07/05/2022","N/A","ANDA","90 TABLET, FILM COATED in 1 BOTTLE (68071-2780-9)","Adrenergic alpha-Antagonists [MoA],  Adrenergic beta1-Antagonists [MoA],  Adrenergic beta2-Antagonists [MoA],  alpha-Adrenergic Blocker [EPC],  beta-Adrenergic Blocker [EPC]","N/A","No","12/31/2026"
"Carvedilol","68071-3138-6","3.125 mg/1","TABLET, FILM COATED","ORAL","ANDA077614","NuCare Pharmaceuticals, Inc.","68071-3138","Carvedilol","CARVEDILOL","HUMAN PRESCRIPTION DRUG","03/01/2017","N/A","ANDA","60 TABLET, FILM COATED in 1 BOTTLE (68071-3138-6)","Adrenergic alpha-Antagonists [MoA],  Adrenergic beta1-Antagonists [MoA],  Adrenergic beta2-Antagonists [MoA],  alpha-Adrenergic Blocker [EPC],  beta-Adrenergic Blocker [EPC]","N/A","No","12/31/2026"
"Carvedilol","68071-3138-3","3.125 mg/1","TABLET, FILM COATED","ORAL","ANDA077614","NuCare Pharmaceuticals, Inc.","68071-3138","Carvedilol","CARVEDILOL","HUMAN PRESCRIPTION DRUG","03/01/2017","N/A","ANDA","30 TABLET, FILM COATED in 1 BOTTLE (68071-3138-3)","Adrenergic alpha-Antagonists [MoA],  Adrenergic beta1-Antagonists [MoA],  Adrenergic beta2-Antagonists [MoA],  alpha-Adrenergic Blocker [EPC],  beta-Adrenergic Blocker [EPC]","N/A","No","12/31/2026"
"Carvedilol","68071-3138-8","3.125 mg/1","TABLET, FILM COATED","ORAL","ANDA077614","NuCare Pharmaceuticals, Inc.","68071-3138","Carvedilol","CARVEDILOL","HUMAN PRESCRIPTION DRUG","03/01/2017","N/A","ANDA","180 TABLET, FILM COATED in 1 BOTTLE (68071-3138-8)","Adrenergic alpha-Antagonists [MoA],  Adrenergic beta1-Antagonists [MoA],  Adrenergic beta2-Antagonists [MoA],  alpha-Adrenergic Blocker [EPC],  beta-Adrenergic Blocker [EPC]","N/A","No","12/31/2026"
"Carvedilol","68071-3138-9","3.125 mg/1","TABLET, FILM COATED","ORAL","ANDA077614","NuCare Pharmaceuticals, Inc.","68071-3138","Carvedilol","CARVEDILOL","HUMAN PRESCRIPTION DRUG","03/01/2017","N/A","ANDA","90 TABLET, FILM COATED in 1 BOTTLE (68071-3138-9)","Adrenergic alpha-Antagonists [MoA],  Adrenergic beta1-Antagonists [MoA],  Adrenergic beta2-Antagonists [MoA],  alpha-Adrenergic Blocker [EPC],  beta-Adrenergic Blocker [EPC]","N/A","No","12/31/2026"
"CARVEDILOL","68071-3970-6","3.125 mg/1","TABLET, FILM COATED","ORAL","ANDA078165","NuCare Pharmaceuticals, Inc.","68071-3970","CARVEDILOL","CARVEDILOL","HUMAN PRESCRIPTION DRUG","02/26/2026","N/A","ANDA","60 TABLET, FILM COATED in 1 BOTTLE (68071-3970-6)","Adrenergic alpha-Antagonists [MoA],  Adrenergic beta1-Antagonists [MoA],  Adrenergic beta2-Antagonists [MoA],  alpha-Adrenergic Blocker [EPC],  beta-Adrenergic Blocker [EPC]","N/A","No","12/31/2027"
"Carvedilol","68071-4600-9","6.25 mg/1","TABLET, FILM COATED","ORAL","ANDA078332","NuCare Pharmaceuticals,Inc.","68071-4600","Carvedilol","CARVEDILOL","HUMAN PRESCRIPTION DRUG","10/17/2018","N/A","ANDA","90 TABLET, FILM COATED in 1 BOTTLE (68071-4600-9)","Adrenergic alpha-Antagonists [MoA],  Adrenergic beta1-Antagonists [MoA],  Adrenergic beta2-Antagonists [MoA],  alpha-Adrenergic Blocker [EPC],  beta-Adrenergic Blocker [EPC]","N/A","No","12/31/2026"
"Carvedilol","68071-4600-8","6.25 mg/1","TABLET, FILM COATED","ORAL","ANDA078332","NuCare Pharmaceuticals,Inc.","68071-4600","Carvedilol","CARVEDILOL","HUMAN PRESCRIPTION DRUG","10/17/2018","N/A","ANDA","180 TABLET, FILM COATED in 1 BOTTLE (68071-4600-8)","Adrenergic alpha-Antagonists [MoA],  Adrenergic beta1-Antagonists [MoA],  Adrenergic beta2-Antagonists [MoA],  alpha-Adrenergic Blocker [EPC],  beta-Adrenergic Blocker [EPC]","N/A","No","12/31/2026"
"Carvedilol","68071-4600-3","6.25 mg/1","TABLET, FILM COATED","ORAL","ANDA078332","NuCare Pharmaceuticals,Inc.","68071-4600","Carvedilol","CARVEDILOL","HUMAN PRESCRIPTION DRUG","10/17/2018","N/A","ANDA","30 TABLET, FILM COATED in 1 BOTTLE (68071-4600-3)","Adrenergic alpha-Antagonists [MoA],  Adrenergic beta1-Antagonists [MoA],  Adrenergic beta2-Antagonists [MoA],  alpha-Adrenergic Blocker [EPC],  beta-Adrenergic Blocker [EPC]","N/A","No","12/31/2026"
"Carvedilol","68071-4600-6","6.25 mg/1","TABLET, FILM COATED","ORAL","ANDA078332","NuCare Pharmaceuticals,Inc.","68071-4600","Carvedilol","CARVEDILOL","HUMAN PRESCRIPTION DRUG","10/17/2018","N/A","ANDA","60 TABLET, FILM COATED in 1 BOTTLE (68071-4600-6)","Adrenergic alpha-Antagonists [MoA],  Adrenergic beta1-Antagonists [MoA],  Adrenergic beta2-Antagonists [MoA],  alpha-Adrenergic Blocker [EPC],  beta-Adrenergic Blocker [EPC]","N/A","No","12/31/2026"
"Carvedilol","68071-4816-8","6.25 mg/1","TABLET, FILM COATED","ORAL","ANDA078251","NuCare Pharmaceuticals,Inc.","68071-4816","Carvedilol","CARVEDILOL","HUMAN PRESCRIPTION DRUG","03/25/2019","N/A","ANDA","180 TABLET, FILM COATED in 1 BOTTLE (68071-4816-8)","Adrenergic alpha-Antagonists [MoA],  Adrenergic beta1-Antagonists [MoA],  Adrenergic beta2-Antagonists [MoA],  alpha-Adrenergic Blocker [EPC],  beta-Adrenergic Blocker [EPC]","N/A","No","12/31/2027"
"Carvedilol","68071-4816-3","6.25 mg/1","TABLET, FILM COATED","ORAL","ANDA078251","NuCare Pharmaceuticals,Inc.","68071-4816","Carvedilol","CARVEDILOL","HUMAN PRESCRIPTION DRUG","02/25/2026","N/A","ANDA","30 TABLET, FILM COATED in 1 BOTTLE (68071-4816-3)","Adrenergic alpha-Antagonists [MoA],  Adrenergic beta1-Antagonists [MoA],  Adrenergic beta2-Antagonists [MoA],  alpha-Adrenergic Blocker [EPC],  beta-Adrenergic Blocker [EPC]","N/A","No","12/31/2027"
"Carvedilol","68071-4956-6","25 mg/1","TABLET, FILM COATED","ORAL","ANDA077614","NuCare Pharmaceuticals,Inc.","68071-4956","Carvedilol","CARVEDILOL","HUMAN PRESCRIPTION DRUG","07/03/2019","N/A","ANDA","60 TABLET, FILM COATED in 1 BOTTLE (68071-4956-6)","Adrenergic alpha-Antagonists [MoA],  Adrenergic beta1-Antagonists [MoA],  Adrenergic beta2-Antagonists [MoA],  alpha-Adrenergic Blocker [EPC],  beta-Adrenergic Blocker [EPC]","N/A","No","12/31/2026"
"Carvedilol","68071-5275-8","6.25 mg/1","TABLET, FILM COATED","ORAL","ANDA078384","NuCare Pharmaceuticals,Inc.","68071-5275","Carvedilol","CARVEDILOL","HUMAN PRESCRIPTION DRUG","06/10/2020","N/A","ANDA","180 TABLET, FILM COATED in 1 BOTTLE (68071-5275-8)","Adrenergic alpha-Antagonists [MoA],  Adrenergic beta1-Antagonists [MoA],  Adrenergic beta2-Antagonists [MoA],  alpha-Adrenergic Blocker [EPC],  beta-Adrenergic Blocker [EPC]","N/A","No","12/31/2026"
"CARVEDILOL","68071-5311-8","6.25 mg/1","TABLET, FILM COATED","ORAL","ANDA078165","NuCare Pharmaceuticals, Inc.","68071-5311","CARVEDILOL","CARVEDILOL","HUMAN PRESCRIPTION DRUG","07/23/2026","N/A","ANDA","180 TABLET, FILM COATED in 1 BOTTLE (68071-5311-8)","Adrenergic alpha-Antagonists [MoA],  Adrenergic beta1-Antagonists [MoA],  Adrenergic beta2-Antagonists [MoA],  alpha-Adrenergic Blocker [EPC],  beta-Adrenergic Blocker [EPC]","N/A","No","12/31/2027"
"Carvedilol","68084-854-01","6.25 mg/1","TABLET, FILM COATED","ORAL","ANDA077614","American Health Packaging","68084-854","Carvedilol","CARVEDILOL","HUMAN PRESCRIPTION DRUG","05/04/2015","N/A","ANDA","100 BLISTER PACK in 1 BOX, UNIT-DOSE (68084-854-01)  / 1 TABLET, FILM COATED in 1 BLISTER PACK (68084-854-11)","Adrenergic alpha-Antagonists [MoA],  Adrenergic beta1-Antagonists [MoA],  Adrenergic beta2-Antagonists [MoA],  alpha-Adrenergic Blocker [EPC],  beta-Adrenergic Blocker [EPC]","N/A","No","12/31/2026"
"Carvedilol","68382-092-05","3.125 mg/1","TABLET, FILM COATED","ORAL","ANDA077614","Zydus Pharmaceuticals USA Inc.","68382-092","Carvedilol","CARVEDILOL","HUMAN PRESCRIPTION DRUG","09/05/2007","N/A","ANDA","500 TABLET, FILM COATED in 1 BOTTLE (68382-092-05)","Adrenergic alpha-Antagonists [MoA],  Adrenergic beta1-Antagonists [MoA],  Adrenergic beta2-Antagonists [MoA],  alpha-Adrenergic Blocker [EPC],  beta-Adrenergic Blocker [EPC]","N/A","No","12/31/2027"
"Carvedilol","68382-092-01","3.125 mg/1","TABLET, FILM COATED","ORAL","ANDA077614","Zydus Pharmaceuticals USA Inc.","68382-092","Carvedilol","CARVEDILOL","HUMAN PRESCRIPTION DRUG","09/05/2007","N/A","ANDA","100 TABLET, FILM COATED in 1 BOTTLE (68382-092-01)","Adrenergic alpha-Antagonists [MoA],  Adrenergic beta1-Antagonists [MoA],  Adrenergic beta2-Antagonists [MoA],  alpha-Adrenergic Blocker [EPC],  beta-Adrenergic Blocker [EPC]","N/A","No","12/31/2027"
"Carvedilol","68382-092-17","3.125 mg/1","TABLET, FILM COATED","ORAL","ANDA077614","Zydus Pharmaceuticals USA Inc.","68382-092","Carvedilol","CARVEDILOL","HUMAN PRESCRIPTION DRUG","09/05/2007","N/A","ANDA","28 TABLET, FILM COATED in 1 BOTTLE (68382-092-17)","Adrenergic alpha-Antagonists [MoA],  Adrenergic beta1-Antagonists [MoA],  Adrenergic beta2-Antagonists [MoA],  alpha-Adrenergic Blocker [EPC],  beta-Adrenergic Blocker [EPC]","N/A","No","12/31/2027"
"Carvedilol","68382-093-01","6.25 mg/1","TABLET, FILM COATED","ORAL","ANDA077614","Zydus Pharmaceuticals USA Inc.","68382-093","Carvedilol","CARVEDILOL","HUMAN PRESCRIPTION DRUG","09/05/2007","N/A","ANDA","100 TABLET, FILM COATED in 1 BOTTLE (68382-093-01)","Adrenergic alpha-Antagonists [MoA],  Adrenergic beta1-Antagonists [MoA],  Adrenergic beta2-Antagonists [MoA],  alpha-Adrenergic Blocker [EPC],  beta-Adrenergic Blocker [EPC]","N/A","No","12/31/2027"
"Carvedilol","68382-093-17","6.25 mg/1","TABLET, FILM COATED","ORAL","ANDA077614","Zydus Pharmaceuticals USA Inc.","68382-093","Carvedilol","CARVEDILOL","HUMAN PRESCRIPTION DRUG","09/05/2007","N/A","ANDA","28 TABLET, FILM COATED in 1 BOTTLE (68382-093-17)","Adrenergic alpha-Antagonists [MoA],  Adrenergic beta1-Antagonists [MoA],  Adrenergic beta2-Antagonists [MoA],  alpha-Adrenergic Blocker [EPC],  beta-Adrenergic Blocker [EPC]","N/A","No","12/31/2027"
"Carvedilol","68382-093-05","6.25 mg/1","TABLET, FILM COATED","ORAL","ANDA077614","Zydus Pharmaceuticals USA Inc.","68382-093","Carvedilol","CARVEDILOL","HUMAN PRESCRIPTION DRUG","09/05/2007","N/A","ANDA","500 TABLET, FILM COATED in 1 BOTTLE (68382-093-05)","Adrenergic alpha-Antagonists [MoA],  Adrenergic beta1-Antagonists [MoA],  Adrenergic beta2-Antagonists [MoA],  alpha-Adrenergic Blocker [EPC],  beta-Adrenergic Blocker [EPC]","N/A","No","12/31/2027"
"Carvedilol","68382-094-17","12.5 mg/1","TABLET, FILM COATED","ORAL","ANDA077614","Zydus Pharmaceuticals USA Inc.","68382-094","Carvedilol","CARVEDILOL","HUMAN PRESCRIPTION DRUG","09/05/2007","N/A","ANDA","28 TABLET, FILM COATED in 1 BOTTLE (68382-094-17)","Adrenergic alpha-Antagonists [MoA],  Adrenergic beta1-Antagonists [MoA],  Adrenergic beta2-Antagonists [MoA],  alpha-Adrenergic Blocker [EPC],  beta-Adrenergic Blocker [EPC]","N/A","No","12/31/2027"
"Carvedilol","68382-094-05","12.5 mg/1","TABLET, FILM COATED","ORAL","ANDA077614","Zydus Pharmaceuticals USA Inc.","68382-094","Carvedilol","CARVEDILOL","HUMAN PRESCRIPTION DRUG","09/05/2007","N/A","ANDA","500 TABLET, FILM COATED in 1 BOTTLE (68382-094-05)","Adrenergic alpha-Antagonists [MoA],  Adrenergic beta1-Antagonists [MoA],  Adrenergic beta2-Antagonists [MoA],  alpha-Adrenergic Blocker [EPC],  beta-Adrenergic Blocker [EPC]","N/A","No","12/31/2027"
"Carvedilol","68382-094-01","12.5 mg/1","TABLET, FILM COATED","ORAL","ANDA077614","Zydus Pharmaceuticals USA Inc.","68382-094","Carvedilol","CARVEDILOL","HUMAN PRESCRIPTION DRUG","09/05/2007","N/A","ANDA","100 TABLET, FILM COATED in 1 BOTTLE (68382-094-01)","Adrenergic alpha-Antagonists [MoA],  Adrenergic beta1-Antagonists [MoA],  Adrenergic beta2-Antagonists [MoA],  alpha-Adrenergic Blocker [EPC],  beta-Adrenergic Blocker [EPC]","N/A","No","12/31/2027"
"Carvedilol","68382-095-05","25 mg/1","TABLET, FILM COATED","ORAL","ANDA077614","Zydus Pharmaceuticals USA Inc.","68382-095","Carvedilol","CARVEDILOL","HUMAN PRESCRIPTION DRUG","09/05/2007","N/A","ANDA","500 TABLET, FILM COATED in 1 BOTTLE (68382-095-05)","Adrenergic alpha-Antagonists [MoA],  Adrenergic beta1-Antagonists [MoA],  Adrenergic beta2-Antagonists [MoA],  alpha-Adrenergic Blocker [EPC],  beta-Adrenergic Blocker [EPC]","N/A","No","12/31/2027"
"Carvedilol","68382-095-17","25 mg/1","TABLET, FILM COATED","ORAL","ANDA077614","Zydus Pharmaceuticals USA Inc.","68382-095","Carvedilol","CARVEDILOL","HUMAN PRESCRIPTION DRUG","09/05/2007","N/A","ANDA","28 TABLET, FILM COATED in 1 BOTTLE (68382-095-17)","Adrenergic alpha-Antagonists [MoA],  Adrenergic beta1-Antagonists [MoA],  Adrenergic beta2-Antagonists [MoA],  alpha-Adrenergic Blocker [EPC],  beta-Adrenergic Blocker [EPC]","N/A","No","12/31/2027"
"Carvedilol","68382-095-01","25 mg/1","TABLET, FILM COATED","ORAL","ANDA077614","Zydus Pharmaceuticals USA Inc.","68382-095","Carvedilol","CARVEDILOL","HUMAN PRESCRIPTION DRUG","09/05/2007","N/A","ANDA","100 TABLET, FILM COATED in 1 BOTTLE (68382-095-01)","Adrenergic alpha-Antagonists [MoA],  Adrenergic beta1-Antagonists [MoA],  Adrenergic beta2-Antagonists [MoA],  alpha-Adrenergic Blocker [EPC],  beta-Adrenergic Blocker [EPC]","N/A","No","12/31/2027"
"Carvedilol","68462-162-05","3.125 mg/1","TABLET, FILM COATED","ORAL","ANDA078251","Glenmark Pharmaceuticals Inc., USA","68462-162","Carvedilol","CARVEDILOL","HUMAN PRESCRIPTION DRUG","09/05/2007","N/A","ANDA","500 TABLET, FILM COATED in 1 BOTTLE (68462-162-05)","Adrenergic alpha-Antagonists [MoA],  Adrenergic beta1-Antagonists [MoA],  Adrenergic beta2-Antagonists [MoA],  alpha-Adrenergic Blocker [EPC],  beta-Adrenergic Blocker [EPC]","N/A","No","12/31/2026"
"Carvedilol","68462-162-18","3.125 mg/1","TABLET, FILM COATED","ORAL","ANDA078251","Glenmark Pharmaceuticals Inc., USA","68462-162","Carvedilol","CARVEDILOL","HUMAN PRESCRIPTION DRUG","12/10/2014","N/A","ANDA","180 TABLET, FILM COATED in 1 BOTTLE (68462-162-18)","Adrenergic alpha-Antagonists [MoA],  Adrenergic beta1-Antagonists [MoA],  Adrenergic beta2-Antagonists [MoA],  alpha-Adrenergic Blocker [EPC],  beta-Adrenergic Blocker [EPC]","N/A","No","12/31/2026"
"Carvedilol","68462-162-01","3.125 mg/1","TABLET, FILM COATED","ORAL","ANDA078251","Glenmark Pharmaceuticals Inc., USA","68462-162","Carvedilol","CARVEDILOL","HUMAN PRESCRIPTION DRUG","09/05/2007","N/A","ANDA","100 TABLET, FILM COATED in 1 BOTTLE (68462-162-01)","Adrenergic alpha-Antagonists [MoA],  Adrenergic beta1-Antagonists [MoA],  Adrenergic beta2-Antagonists [MoA],  alpha-Adrenergic Blocker [EPC],  beta-Adrenergic Blocker [EPC]","N/A","No","12/31/2026"
"Carvedilol","68462-162-10","3.125 mg/1","TABLET, FILM COATED","ORAL","ANDA078251","Glenmark Pharmaceuticals Inc., USA","68462-162","Carvedilol","CARVEDILOL","HUMAN PRESCRIPTION DRUG","09/05/2007","N/A","ANDA","1000 TABLET, FILM COATED in 1 BOTTLE (68462-162-10)","Adrenergic alpha-Antagonists [MoA],  Adrenergic beta1-Antagonists [MoA],  Adrenergic beta2-Antagonists [MoA],  alpha-Adrenergic Blocker [EPC],  beta-Adrenergic Blocker [EPC]","N/A","No","12/31/2026"
"Carvedilol","68462-162-60","3.125 mg/1","TABLET, FILM COATED","ORAL","ANDA078251","Glenmark Pharmaceuticals Inc., USA","68462-162","Carvedilol","CARVEDILOL","HUMAN PRESCRIPTION DRUG","09/05/2007","N/A","ANDA","60 TABLET, FILM COATED in 1 BOTTLE (68462-162-60)","Adrenergic alpha-Antagonists [MoA],  Adrenergic beta1-Antagonists [MoA],  Adrenergic beta2-Antagonists [MoA],  alpha-Adrenergic Blocker [EPC],  beta-Adrenergic Blocker [EPC]","N/A","No","12/31/2026"
"Carvedilol","68462-163-18","6.25 mg/1","TABLET, FILM COATED","ORAL","ANDA078251","Glenmark Pharmaceuticals Inc., USA","68462-163","Carvedilol","CARVEDILOL","HUMAN PRESCRIPTION DRUG","12/10/2014","N/A","ANDA","180 TABLET, FILM COATED in 1 BOTTLE (68462-163-18)","Adrenergic alpha-Antagonists [MoA],  Adrenergic beta1-Antagonists [MoA],  Adrenergic beta2-Antagonists [MoA],  alpha-Adrenergic Blocker [EPC],  beta-Adrenergic Blocker [EPC]","N/A","No","12/31/2026"
"Carvedilol","68462-163-01","6.25 mg/1","TABLET, FILM COATED","ORAL","ANDA078251","Glenmark Pharmaceuticals Inc., USA","68462-163","Carvedilol","CARVEDILOL","HUMAN PRESCRIPTION DRUG","09/05/2007","N/A","ANDA","100 TABLET, FILM COATED in 1 BOTTLE (68462-163-01)","Adrenergic alpha-Antagonists [MoA],  Adrenergic beta1-Antagonists [MoA],  Adrenergic beta2-Antagonists [MoA],  alpha-Adrenergic Blocker [EPC],  beta-Adrenergic Blocker [EPC]","N/A","No","12/31/2026"
"Carvedilol","68462-163-05","6.25 mg/1","TABLET, FILM COATED","ORAL","ANDA078251","Glenmark Pharmaceuticals Inc., USA","68462-163","Carvedilol","CARVEDILOL","HUMAN PRESCRIPTION DRUG","09/05/2007","N/A","ANDA","500 TABLET, FILM COATED in 1 BOTTLE (68462-163-05)","Adrenergic alpha-Antagonists [MoA],  Adrenergic beta1-Antagonists [MoA],  Adrenergic beta2-Antagonists [MoA],  alpha-Adrenergic Blocker [EPC],  beta-Adrenergic Blocker [EPC]","N/A","No","12/31/2026"
"Carvedilol","68462-163-60","6.25 mg/1","TABLET, FILM COATED","ORAL","ANDA078251","Glenmark Pharmaceuticals Inc., USA","68462-163","Carvedilol","CARVEDILOL","HUMAN PRESCRIPTION DRUG","09/05/2007","N/A","ANDA","60 TABLET, FILM COATED in 1 BOTTLE (68462-163-60)","Adrenergic alpha-Antagonists [MoA],  Adrenergic beta1-Antagonists [MoA],  Adrenergic beta2-Antagonists [MoA],  alpha-Adrenergic Blocker [EPC],  beta-Adrenergic Blocker [EPC]","N/A","No","12/31/2026"
"Carvedilol","68462-163-10","6.25 mg/1","TABLET, FILM COATED","ORAL","ANDA078251","Glenmark Pharmaceuticals Inc., USA","68462-163","Carvedilol","CARVEDILOL","HUMAN PRESCRIPTION DRUG","09/05/2007","N/A","ANDA","1000 TABLET, FILM COATED in 1 BOTTLE (68462-163-10)","Adrenergic alpha-Antagonists [MoA],  Adrenergic beta1-Antagonists [MoA],  Adrenergic beta2-Antagonists [MoA],  alpha-Adrenergic Blocker [EPC],  beta-Adrenergic Blocker [EPC]","N/A","No","12/31/2026"
"Carvedilol","68462-164-05","12.5 mg/1","TABLET, FILM COATED","ORAL","ANDA078251","Glenmark Pharmaceuticals Inc., USA","68462-164","Carvedilol","CARVEDILOL","HUMAN PRESCRIPTION DRUG","09/05/2007","N/A","ANDA","500 TABLET, FILM COATED in 1 BOTTLE (68462-164-05)","Adrenergic alpha-Antagonists [MoA],  Adrenergic beta1-Antagonists [MoA],  Adrenergic beta2-Antagonists [MoA],  alpha-Adrenergic Blocker [EPC],  beta-Adrenergic Blocker [EPC]","N/A","No","12/31/2026"
"Carvedilol","68462-164-01","12.5 mg/1","TABLET, FILM COATED","ORAL","ANDA078251","Glenmark Pharmaceuticals Inc., USA","68462-164","Carvedilol","CARVEDILOL","HUMAN PRESCRIPTION DRUG","09/05/2007","N/A","ANDA","100 TABLET, FILM COATED in 1 BOTTLE (68462-164-01)","Adrenergic alpha-Antagonists [MoA],  Adrenergic beta1-Antagonists [MoA],  Adrenergic beta2-Antagonists [MoA],  alpha-Adrenergic Blocker [EPC],  beta-Adrenergic Blocker [EPC]","N/A","No","12/31/2026"
"Carvedilol","68462-164-18","12.5 mg/1","TABLET, FILM COATED","ORAL","ANDA078251","Glenmark Pharmaceuticals Inc., USA","68462-164","Carvedilol","CARVEDILOL","HUMAN PRESCRIPTION DRUG","12/10/2014","N/A","ANDA","180 TABLET, FILM COATED in 1 BOTTLE (68462-164-18)","Adrenergic alpha-Antagonists [MoA],  Adrenergic beta1-Antagonists [MoA],  Adrenergic beta2-Antagonists [MoA],  alpha-Adrenergic Blocker [EPC],  beta-Adrenergic Blocker [EPC]","N/A","No","12/31/2026"
"Carvedilol","68462-164-60","12.5 mg/1","TABLET, FILM COATED","ORAL","ANDA078251","Glenmark Pharmaceuticals Inc., USA","68462-164","Carvedilol","CARVEDILOL","HUMAN PRESCRIPTION DRUG","09/05/2007","N/A","ANDA","60 TABLET, FILM COATED in 1 BOTTLE (68462-164-60)","Adrenergic alpha-Antagonists [MoA],  Adrenergic beta1-Antagonists [MoA],  Adrenergic beta2-Antagonists [MoA],  alpha-Adrenergic Blocker [EPC],  beta-Adrenergic Blocker [EPC]","N/A","No","12/31/2026"
"Carvedilol","68462-164-10","12.5 mg/1","TABLET, FILM COATED","ORAL","ANDA078251","Glenmark Pharmaceuticals Inc., USA","68462-164","Carvedilol","CARVEDILOL","HUMAN PRESCRIPTION DRUG","09/05/2007","N/A","ANDA","1000 TABLET, FILM COATED in 1 BOTTLE (68462-164-10)","Adrenergic alpha-Antagonists [MoA],  Adrenergic beta1-Antagonists [MoA],  Adrenergic beta2-Antagonists [MoA],  alpha-Adrenergic Blocker [EPC],  beta-Adrenergic Blocker [EPC]","N/A","No","12/31/2026"
"Carvedilol","68462-165-18","25 mg/1","TABLET, FILM COATED","ORAL","ANDA078251","Glenmark Pharmaceuticals Inc., USA","68462-165","Carvedilol","CARVEDILOL","HUMAN PRESCRIPTION DRUG","12/10/2014","N/A","ANDA","180 TABLET, FILM COATED in 1 BOTTLE (68462-165-18)","Adrenergic alpha-Antagonists [MoA],  Adrenergic beta1-Antagonists [MoA],  Adrenergic beta2-Antagonists [MoA],  alpha-Adrenergic Blocker [EPC],  beta-Adrenergic Blocker [EPC]","N/A","No","12/31/2026"
"Carvedilol","68462-165-10","25 mg/1","TABLET, FILM COATED","ORAL","ANDA078251","Glenmark Pharmaceuticals Inc., USA","68462-165","Carvedilol","CARVEDILOL","HUMAN PRESCRIPTION DRUG","09/05/2007","N/A","ANDA","1000 TABLET, FILM COATED in 1 BOTTLE (68462-165-10)","Adrenergic alpha-Antagonists [MoA],  Adrenergic beta1-Antagonists [MoA],  Adrenergic beta2-Antagonists [MoA],  alpha-Adrenergic Blocker [EPC],  beta-Adrenergic Blocker [EPC]","N/A","No","12/31/2026"
"Carvedilol","68462-165-05","25 mg/1","TABLET, FILM COATED","ORAL","ANDA078251","Glenmark Pharmaceuticals Inc., USA","68462-165","Carvedilol","CARVEDILOL","HUMAN PRESCRIPTION DRUG","09/05/2007","N/A","ANDA","500 TABLET, FILM COATED in 1 BOTTLE (68462-165-05)","Adrenergic alpha-Antagonists [MoA],  Adrenergic beta1-Antagonists [MoA],  Adrenergic beta2-Antagonists [MoA],  alpha-Adrenergic Blocker [EPC],  beta-Adrenergic Blocker [EPC]","N/A","No","12/31/2026"
"Carvedilol","68462-165-01","25 mg/1","TABLET, FILM COATED","ORAL","ANDA078251","Glenmark Pharmaceuticals Inc., USA","68462-165","Carvedilol","CARVEDILOL","HUMAN PRESCRIPTION DRUG","09/05/2007","N/A","ANDA","100 TABLET, FILM COATED in 1 BOTTLE (68462-165-01)","Adrenergic alpha-Antagonists [MoA],  Adrenergic beta1-Antagonists [MoA],  Adrenergic beta2-Antagonists [MoA],  alpha-Adrenergic Blocker [EPC],  beta-Adrenergic Blocker [EPC]","N/A","No","12/31/2026"
"Carvedilol","68462-165-60","25 mg/1","TABLET, FILM COATED","ORAL","ANDA078251","Glenmark Pharmaceuticals Inc., USA","68462-165","Carvedilol","CARVEDILOL","HUMAN PRESCRIPTION DRUG","09/05/2007","N/A","ANDA","60 TABLET, FILM COATED in 1 BOTTLE (68462-165-60)","Adrenergic alpha-Antagonists [MoA],  Adrenergic beta1-Antagonists [MoA],  Adrenergic beta2-Antagonists [MoA],  alpha-Adrenergic Blocker [EPC],  beta-Adrenergic Blocker [EPC]","N/A","No","12/31/2026"
"Carvedilol","68788-7539-6","12.5 mg/1","TABLET, FILM COATED","ORAL","ANDA077614","Preferred Pharmaceuticals, Inc.","68788-7539","Carvedilol","CARVEDILOL","HUMAN PRESCRIPTION DRUG","12/27/2019","N/A","ANDA","60 TABLET, FILM COATED in 1 BOTTLE (68788-7539-6)","Adrenergic alpha-Antagonists [MoA],  Adrenergic beta1-Antagonists [MoA],  Adrenergic beta2-Antagonists [MoA],  alpha-Adrenergic Blocker [EPC],  beta-Adrenergic Blocker [EPC]","N/A","No","12/31/2027"
"Carvedilol","68788-7539-1","12.5 mg/1","TABLET, FILM COATED","ORAL","ANDA077614","Preferred Pharmaceuticals, Inc.","68788-7539","Carvedilol","CARVEDILOL","HUMAN PRESCRIPTION DRUG","12/27/2019","N/A","ANDA","100 TABLET, FILM COATED in 1 BOTTLE (68788-7539-1)","Adrenergic alpha-Antagonists [MoA],  Adrenergic beta1-Antagonists [MoA],  Adrenergic beta2-Antagonists [MoA],  alpha-Adrenergic Blocker [EPC],  beta-Adrenergic Blocker [EPC]","N/A","No","12/31/2027"
"Carvedilol","68788-7539-3","12.5 mg/1","TABLET, FILM COATED","ORAL","ANDA077614","Preferred Pharmaceuticals, Inc.","68788-7539","Carvedilol","CARVEDILOL","HUMAN PRESCRIPTION DRUG","12/27/2019","N/A","ANDA","30 TABLET, FILM COATED in 1 BOTTLE (68788-7539-3)","Adrenergic alpha-Antagonists [MoA],  Adrenergic beta1-Antagonists [MoA],  Adrenergic beta2-Antagonists [MoA],  alpha-Adrenergic Blocker [EPC],  beta-Adrenergic Blocker [EPC]","N/A","No","12/31/2027"
"Carvedilol","68788-7539-9","12.5 mg/1","TABLET, FILM COATED","ORAL","ANDA077614","Preferred Pharmaceuticals, Inc.","68788-7539","Carvedilol","CARVEDILOL","HUMAN PRESCRIPTION DRUG","12/27/2019","N/A","ANDA","90 TABLET, FILM COATED in 1 BOTTLE (68788-7539-9)","Adrenergic alpha-Antagonists [MoA],  Adrenergic beta1-Antagonists [MoA],  Adrenergic beta2-Antagonists [MoA],  alpha-Adrenergic Blocker [EPC],  beta-Adrenergic Blocker [EPC]","N/A","No","12/31/2027"
"CARVEDILOL","68788-8231-3","25 mg/1","TABLET, FILM COATED","ORAL","ANDA078165","Preferred Pharmaceuticals Inc.","68788-8231","CARVEDILOL","CARVEDILOL","HUMAN PRESCRIPTION DRUG","08/08/2022","N/A","ANDA","30 TABLET, FILM COATED in 1 BOTTLE (68788-8231-3)","Adrenergic alpha-Antagonists [MoA],  Adrenergic beta1-Antagonists [MoA],  Adrenergic beta2-Antagonists [MoA],  alpha-Adrenergic Blocker [EPC],  beta-Adrenergic Blocker [EPC]","N/A","No","12/31/2026"
"CARVEDILOL","68788-8231-1","25 mg/1","TABLET, FILM COATED","ORAL","ANDA078165","Preferred Pharmaceuticals Inc.","68788-8231","CARVEDILOL","CARVEDILOL","HUMAN PRESCRIPTION DRUG","08/08/2022","N/A","ANDA","100 TABLET, FILM COATED in 1 BOTTLE (68788-8231-1)","Adrenergic alpha-Antagonists [MoA],  Adrenergic beta1-Antagonists [MoA],  Adrenergic beta2-Antagonists [MoA],  alpha-Adrenergic Blocker [EPC],  beta-Adrenergic Blocker [EPC]","N/A","No","12/31/2026"
"CARVEDILOL","68788-8231-9","25 mg/1","TABLET, FILM COATED","ORAL","ANDA078165","Preferred Pharmaceuticals Inc.","68788-8231","CARVEDILOL","CARVEDILOL","HUMAN PRESCRIPTION DRUG","03/21/2024","N/A","ANDA","90 TABLET, FILM COATED in 1 BOTTLE (68788-8231-9)","Adrenergic alpha-Antagonists [MoA],  Adrenergic beta1-Antagonists [MoA],  Adrenergic beta2-Antagonists [MoA],  alpha-Adrenergic Blocker [EPC],  beta-Adrenergic Blocker [EPC]","N/A","No","12/31/2026"
"Carvedilol","68788-8252-1","3.125 mg/1","TABLET, FILM COATED","ORAL","ANDA077614","Preferred Pharmaceuticals Inc.","68788-8252","Carvedilol","CARVEDILOL","HUMAN PRESCRIPTION DRUG","09/02/2022","N/A","ANDA","100 TABLET, FILM COATED in 1 BOTTLE (68788-8252-1)","Adrenergic alpha-Antagonists [MoA],  Adrenergic beta1-Antagonists [MoA],  Adrenergic beta2-Antagonists [MoA],  alpha-Adrenergic Blocker [EPC],  beta-Adrenergic Blocker [EPC]","N/A","No","12/31/2027"
"Carvedilol","68788-8252-3","3.125 mg/1","TABLET, FILM COATED","ORAL","ANDA077614","Preferred Pharmaceuticals Inc.","68788-8252","Carvedilol","CARVEDILOL","HUMAN PRESCRIPTION DRUG","09/02/2022","N/A","ANDA","30 TABLET, FILM COATED in 1 BOTTLE (68788-8252-3)","Adrenergic alpha-Antagonists [MoA],  Adrenergic beta1-Antagonists [MoA],  Adrenergic beta2-Antagonists [MoA],  alpha-Adrenergic Blocker [EPC],  beta-Adrenergic Blocker [EPC]","N/A","No","12/31/2027"
"Carvedilol","68788-8252-6","3.125 mg/1","TABLET, FILM COATED","ORAL","ANDA077614","Preferred Pharmaceuticals Inc.","68788-8252","Carvedilol","CARVEDILOL","HUMAN PRESCRIPTION DRUG","09/02/2022","N/A","ANDA","60 TABLET, FILM COATED in 1 BOTTLE (68788-8252-6)","Adrenergic alpha-Antagonists [MoA],  Adrenergic beta1-Antagonists [MoA],  Adrenergic beta2-Antagonists [MoA],  alpha-Adrenergic Blocker [EPC],  beta-Adrenergic Blocker [EPC]","N/A","No","12/31/2027"
"Carvedilol","68788-8252-8","3.125 mg/1","TABLET, FILM COATED","ORAL","ANDA077614","Preferred Pharmaceuticals Inc.","68788-8252","Carvedilol","CARVEDILOL","HUMAN PRESCRIPTION DRUG","09/02/2022","N/A","ANDA","120 TABLET, FILM COATED in 1 BOTTLE (68788-8252-8)","Adrenergic alpha-Antagonists [MoA],  Adrenergic beta1-Antagonists [MoA],  Adrenergic beta2-Antagonists [MoA],  alpha-Adrenergic Blocker [EPC],  beta-Adrenergic Blocker [EPC]","N/A","No","12/31/2027"
"Carvedilol","68788-8252-9","3.125 mg/1","TABLET, FILM COATED","ORAL","ANDA077614","Preferred Pharmaceuticals Inc.","68788-8252","Carvedilol","CARVEDILOL","HUMAN PRESCRIPTION DRUG","09/02/2022","N/A","ANDA","90 TABLET, FILM COATED in 1 BOTTLE (68788-8252-9)","Adrenergic alpha-Antagonists [MoA],  Adrenergic beta1-Antagonists [MoA],  Adrenergic beta2-Antagonists [MoA],  alpha-Adrenergic Blocker [EPC],  beta-Adrenergic Blocker [EPC]","N/A","No","12/31/2027"
"Carvedilol","68788-9265-6","25 mg/1","TABLET, FILM COATED","ORAL","ANDA077614","Preferred Pharmaceuticals,Inc.","68788-9265","Carvedilol","CARVEDILOL","HUMAN PRESCRIPTION DRUG","12/03/2014","N/A","ANDA","60 TABLET, FILM COATED in 1 BOTTLE (68788-9265-6)","Adrenergic alpha-Antagonists [MoA],  Adrenergic beta1-Antagonists [MoA],  Adrenergic beta2-Antagonists [MoA],  alpha-Adrenergic Blocker [EPC],  beta-Adrenergic Blocker [EPC]","N/A","No","12/31/2026"
"Carvedilol","68788-9265-9","25 mg/1","TABLET, FILM COATED","ORAL","ANDA077614","Preferred Pharmaceuticals,Inc.","68788-9265","Carvedilol","CARVEDILOL","HUMAN PRESCRIPTION DRUG","12/03/2014","N/A","ANDA","90 TABLET, FILM COATED in 1 BOTTLE (68788-9265-9)","Adrenergic alpha-Antagonists [MoA],  Adrenergic beta1-Antagonists [MoA],  Adrenergic beta2-Antagonists [MoA],  alpha-Adrenergic Blocker [EPC],  beta-Adrenergic Blocker [EPC]","N/A","No","12/31/2026"
"Carvedilol","68788-9265-1","25 mg/1","TABLET, FILM COATED","ORAL","ANDA077614","Preferred Pharmaceuticals,Inc.","68788-9265","Carvedilol","CARVEDILOL","HUMAN PRESCRIPTION DRUG","12/03/2014","N/A","ANDA","100 TABLET, FILM COATED in 1 BOTTLE (68788-9265-1)","Adrenergic alpha-Antagonists [MoA],  Adrenergic beta1-Antagonists [MoA],  Adrenergic beta2-Antagonists [MoA],  alpha-Adrenergic Blocker [EPC],  beta-Adrenergic Blocker [EPC]","N/A","No","12/31/2026"
"Carvedilol","68788-9265-3","25 mg/1","TABLET, FILM COATED","ORAL","ANDA077614","Preferred Pharmaceuticals,Inc.","68788-9265","Carvedilol","CARVEDILOL","HUMAN PRESCRIPTION DRUG","12/03/2014","N/A","ANDA","30 TABLET, FILM COATED in 1 BOTTLE (68788-9265-3)","Adrenergic alpha-Antagonists [MoA],  Adrenergic beta1-Antagonists [MoA],  Adrenergic beta2-Antagonists [MoA],  alpha-Adrenergic Blocker [EPC],  beta-Adrenergic Blocker [EPC]","N/A","No","12/31/2026"
"Carvedilol","68788-9789-9","6.25 mg/1","TABLET, FILM COATED","ORAL","ANDA077614","Preferred Pharmaceuticals,Inc.","68788-9789","Carvedilol","CARVEDILOL","HUMAN PRESCRIPTION DRUG","06/04/2012","N/A","ANDA","90 TABLET, FILM COATED in 1 BOTTLE (68788-9789-9)","Adrenergic alpha-Antagonists [MoA],  Adrenergic beta1-Antagonists [MoA],  Adrenergic beta2-Antagonists [MoA],  alpha-Adrenergic Blocker [EPC],  beta-Adrenergic Blocker [EPC]","N/A","No","12/31/2026"
"Carvedilol","68788-9789-6","6.25 mg/1","TABLET, FILM COATED","ORAL","ANDA077614","Preferred Pharmaceuticals,Inc.","68788-9789","Carvedilol","CARVEDILOL","HUMAN PRESCRIPTION DRUG","06/04/2012","N/A","ANDA","60 TABLET, FILM COATED in 1 BOTTLE (68788-9789-6)","Adrenergic alpha-Antagonists [MoA],  Adrenergic beta1-Antagonists [MoA],  Adrenergic beta2-Antagonists [MoA],  alpha-Adrenergic Blocker [EPC],  beta-Adrenergic Blocker [EPC]","N/A","No","12/31/2026"
"Carvedilol","68788-9789-3","6.25 mg/1","TABLET, FILM COATED","ORAL","ANDA077614","Preferred Pharmaceuticals,Inc.","68788-9789","Carvedilol","CARVEDILOL","HUMAN PRESCRIPTION DRUG","06/04/2012","N/A","ANDA","30 TABLET, FILM COATED in 1 BOTTLE (68788-9789-3)","Adrenergic alpha-Antagonists [MoA],  Adrenergic beta1-Antagonists [MoA],  Adrenergic beta2-Antagonists [MoA],  alpha-Adrenergic Blocker [EPC],  beta-Adrenergic Blocker [EPC]","N/A","No","12/31/2026"
"Carvedilol","68788-9789-1","6.25 mg/1","TABLET, FILM COATED","ORAL","ANDA077614","Preferred Pharmaceuticals,Inc.","68788-9789","Carvedilol","CARVEDILOL","HUMAN PRESCRIPTION DRUG","06/04/2012","N/A","ANDA","100 TABLET, FILM COATED in 1 BOTTLE (68788-9789-1)","Adrenergic alpha-Antagonists [MoA],  Adrenergic beta1-Antagonists [MoA],  Adrenergic beta2-Antagonists [MoA],  alpha-Adrenergic Blocker [EPC],  beta-Adrenergic Blocker [EPC]","N/A","No","12/31/2026"
"Carvedilol","70518-0356-0","12.5 mg/1","TABLET, FILM COATED","ORAL","ANDA077614","REMEDYREPACK INC.","70518-0356","Carvedilol","CARVEDILOL","HUMAN PRESCRIPTION DRUG","03/23/2017","N/A","ANDA","30 TABLET, FILM COATED in 1 BLISTER PACK (70518-0356-0)","Adrenergic alpha-Antagonists [MoA],  Adrenergic beta1-Antagonists [MoA],  Adrenergic beta2-Antagonists [MoA],  alpha-Adrenergic Blocker [EPC],  beta-Adrenergic Blocker [EPC]","N/A","No","12/31/2027"
"Carvedilol","70518-0356-1","12.5 mg/1","TABLET, FILM COATED","ORAL","ANDA077614","REMEDYREPACK INC.","70518-0356","Carvedilol","CARVEDILOL","HUMAN PRESCRIPTION DRUG","10/16/2017","N/A","ANDA","180 TABLET, FILM COATED in 1 BOTTLE, PLASTIC (70518-0356-1)","Adrenergic alpha-Antagonists [MoA],  Adrenergic beta1-Antagonists [MoA],  Adrenergic beta2-Antagonists [MoA],  alpha-Adrenergic Blocker [EPC],  beta-Adrenergic Blocker [EPC]","N/A","No","12/31/2027"
"Carvedilol","70518-0426-1","6.25 mg/1","TABLET, FILM COATED","ORAL","ANDA077614","REMEDYREPACK INC.","70518-0426","Carvedilol","CARVEDILOL","HUMAN PRESCRIPTION DRUG","04/24/2017","N/A","ANDA","180 TABLET, FILM COATED in 1 BOTTLE, PLASTIC (70518-0426-1)","Adrenergic alpha-Antagonists [MoA],  Adrenergic beta1-Antagonists [MoA],  Adrenergic beta2-Antagonists [MoA],  alpha-Adrenergic Blocker [EPC],  beta-Adrenergic Blocker [EPC]","N/A","No","12/31/2027"
"Carvedilol","70518-0426-0","6.25 mg/1","TABLET, FILM COATED","ORAL","ANDA077614","REMEDYREPACK INC.","70518-0426","Carvedilol","CARVEDILOL","HUMAN PRESCRIPTION DRUG","04/17/2017","N/A","ANDA","30 TABLET, FILM COATED in 1 BLISTER PACK (70518-0426-0)","Adrenergic alpha-Antagonists [MoA],  Adrenergic beta1-Antagonists [MoA],  Adrenergic beta2-Antagonists [MoA],  alpha-Adrenergic Blocker [EPC],  beta-Adrenergic Blocker [EPC]","N/A","No","12/31/2027"
"Carvedilol","70518-0426-4","6.25 mg/1","TABLET, FILM COATED","ORAL","ANDA077614","REMEDYREPACK INC.","70518-0426","Carvedilol","CARVEDILOL","HUMAN PRESCRIPTION DRUG","01/07/2019","N/A","ANDA","90 TABLET, FILM COATED in 1 BOTTLE, PLASTIC (70518-0426-4)","Adrenergic alpha-Antagonists [MoA],  Adrenergic beta1-Antagonists [MoA],  Adrenergic beta2-Antagonists [MoA],  alpha-Adrenergic Blocker [EPC],  beta-Adrenergic Blocker [EPC]","N/A","No","12/31/2027"
"Carvedilol","70518-0840-2","6.25 mg/1","TABLET, FILM COATED","ORAL","ANDA077614","REMEDYREPACK INC.","70518-0840","Carvedilol","CARVEDILOL","HUMAN PRESCRIPTION DRUG","04/27/2026","N/A","ANDA","50 POUCH in 1 BOX (70518-0840-2)  / 1 TABLET, FILM COATED in 1 POUCH (70518-0840-3)","Adrenergic alpha-Antagonists [MoA],  Adrenergic beta1-Antagonists [MoA],  Adrenergic beta2-Antagonists [MoA],  alpha-Adrenergic Blocker [EPC],  beta-Adrenergic Blocker [EPC]","N/A","No","12/31/2027"
"Carvedilol","70518-1377-7","3.125 mg/1","TABLET, FILM COATED","ORAL","ANDA077614","REMEDYREPACK INC.","70518-1377","Carvedilol","CARVEDILOL","HUMAN PRESCRIPTION DRUG","04/24/2026","N/A","ANDA","50 POUCH in 1 BOX (70518-1377-7)  / 1 TABLET, FILM COATED in 1 POUCH (70518-1377-6)","Adrenergic alpha-Antagonists [MoA],  Adrenergic beta1-Antagonists [MoA],  Adrenergic beta2-Antagonists [MoA],  alpha-Adrenergic Blocker [EPC],  beta-Adrenergic Blocker [EPC]","N/A","No","12/31/2027"
"Carvedilol","70518-1377-0","3.125 mg/1","TABLET, FILM COATED","ORAL","ANDA077614","REMEDYREPACK INC.","70518-1377","Carvedilol","CARVEDILOL","HUMAN PRESCRIPTION DRUG","08/15/2018","N/A","ANDA","30 TABLET, FILM COATED in 1 BLISTER PACK (70518-1377-0)","Adrenergic alpha-Antagonists [MoA],  Adrenergic beta1-Antagonists [MoA],  Adrenergic beta2-Antagonists [MoA],  alpha-Adrenergic Blocker [EPC],  beta-Adrenergic Blocker [EPC]","N/A","No","12/31/2027"
"Carvedilol","70518-1377-1","3.125 mg/1","TABLET, FILM COATED","ORAL","ANDA077614","REMEDYREPACK INC.","70518-1377","Carvedilol","CARVEDILOL","HUMAN PRESCRIPTION DRUG","07/09/2019","N/A","ANDA","180 TABLET, FILM COATED in 1 BOTTLE, PLASTIC (70518-1377-1)","Adrenergic alpha-Antagonists [MoA],  Adrenergic beta1-Antagonists [MoA],  Adrenergic beta2-Antagonists [MoA],  alpha-Adrenergic Blocker [EPC],  beta-Adrenergic Blocker [EPC]","N/A","No","12/31/2027"
"Carvedilol","70518-1377-5","3.125 mg/1","TABLET, FILM COATED","ORAL","ANDA077614","REMEDYREPACK INC.","70518-1377","Carvedilol","CARVEDILOL","HUMAN PRESCRIPTION DRUG","05/14/2025","N/A","ANDA","100 POUCH in 1 BOX (70518-1377-5)  / 1 TABLET, FILM COATED in 1 POUCH (70518-1377-6)","Adrenergic alpha-Antagonists [MoA],  Adrenergic beta1-Antagonists [MoA],  Adrenergic beta2-Antagonists [MoA],  alpha-Adrenergic Blocker [EPC],  beta-Adrenergic Blocker [EPC]","N/A","No","12/31/2027"
"Carvedilol","70518-1826-0","25 mg/1","TABLET, FILM COATED","ORAL","ANDA077614","REMEDYREPACK INC.","70518-1826","Carvedilol","CARVEDILOL","HUMAN PRESCRIPTION DRUG","01/26/2019","N/A","ANDA","30 TABLET, FILM COATED in 1 BLISTER PACK (70518-1826-0)","Adrenergic alpha-Antagonists [MoA],  Adrenergic beta1-Antagonists [MoA],  Adrenergic beta2-Antagonists [MoA],  alpha-Adrenergic Blocker [EPC],  beta-Adrenergic Blocker [EPC]","N/A","No","12/31/2027"
"Carvedilol","70518-1826-1","25 mg/1","TABLET, FILM COATED","ORAL","ANDA077614","REMEDYREPACK INC.","70518-1826","Carvedilol","CARVEDILOL","HUMAN PRESCRIPTION DRUG","03/13/2019","N/A","ANDA","180 TABLET, FILM COATED in 1 BOTTLE, PLASTIC (70518-1826-1)","Adrenergic alpha-Antagonists [MoA],  Adrenergic beta1-Antagonists [MoA],  Adrenergic beta2-Antagonists [MoA],  alpha-Adrenergic Blocker [EPC],  beta-Adrenergic Blocker [EPC]","N/A","No","12/31/2027"
"Carvedilol","70518-2389-2","25 mg/1","TABLET, FILM COATED","ORAL","ANDA077614","REMEDYREPACK INC.","70518-2389","Carvedilol","CARVEDILOL","HUMAN PRESCRIPTION DRUG","07/30/2026","N/A","ANDA","180 TABLET, FILM COATED in 1 BOTTLE, PLASTIC (70518-2389-2)","Adrenergic alpha-Antagonists [MoA],  Adrenergic beta1-Antagonists [MoA],  Adrenergic beta2-Antagonists [MoA],  alpha-Adrenergic Blocker [EPC],  beta-Adrenergic Blocker [EPC]","N/A","No","12/31/2027"
"Carvedilol","70518-2389-1","25 mg/1","TABLET, FILM COATED","ORAL","ANDA077614","REMEDYREPACK INC.","70518-2389","Carvedilol","CARVEDILOL","HUMAN PRESCRIPTION DRUG","01/22/2026","N/A","ANDA","30 TABLET, FILM COATED in 1 BLISTER PACK (70518-2389-1)","Adrenergic alpha-Antagonists [MoA],  Adrenergic beta1-Antagonists [MoA],  Adrenergic beta2-Antagonists [MoA],  alpha-Adrenergic Blocker [EPC],  beta-Adrenergic Blocker [EPC]","N/A","No","12/31/2027"
"Carvedilol","70518-4389-1","12.5 mg/1","TABLET, FILM COATED","ORAL","ANDA077614","REMEDYREPACK INC.","70518-4389","Carvedilol","CARVEDILOL","HUMAN PRESCRIPTION DRUG","08/19/2025","N/A","ANDA","30 TABLET, FILM COATED in 1 BLISTER PACK (70518-4389-1)","Adrenergic alpha-Antagonists [MoA],  Adrenergic beta1-Antagonists [MoA],  Adrenergic beta2-Antagonists [MoA],  alpha-Adrenergic Blocker [EPC],  beta-Adrenergic Blocker [EPC]","N/A","No","12/31/2026"
"Carvedilol","70518-4389-0","12.5 mg/1","TABLET, FILM COATED","ORAL","ANDA077614","REMEDYREPACK INC.","70518-4389","Carvedilol","CARVEDILOL","HUMAN PRESCRIPTION DRUG","07/08/2025","N/A","ANDA","30 TABLET, FILM COATED in 1 BLISTER PACK (70518-4389-0)","Adrenergic alpha-Antagonists [MoA],  Adrenergic beta1-Antagonists [MoA],  Adrenergic beta2-Antagonists [MoA],  alpha-Adrenergic Blocker [EPC],  beta-Adrenergic Blocker [EPC]","N/A","No","12/31/2026"
"Carvedilol","71335-0273-4","25 mg/1","TABLET, FILM COATED","ORAL","ANDA078332","Bryant Ranch Prepack","71335-0273","Carvedilol","CARVEDILOL","HUMAN PRESCRIPTION DRUG","05/07/2018","N/A","ANDA","60 TABLET, FILM COATED in 1 BOTTLE (71335-0273-4)","Adrenergic alpha-Antagonists [MoA],  Adrenergic beta1-Antagonists [MoA],  Adrenergic beta2-Antagonists [MoA],  alpha-Adrenergic Blocker [EPC],  beta-Adrenergic Blocker [EPC]","N/A","No","12/31/2026"
"Carvedilol","71335-0273-3","25 mg/1","TABLET, FILM COATED","ORAL","ANDA078332","Bryant Ranch Prepack","71335-0273","Carvedilol","CARVEDILOL","HUMAN PRESCRIPTION DRUG","07/02/2018","N/A","ANDA","90 TABLET, FILM COATED in 1 BOTTLE (71335-0273-3)","Adrenergic alpha-Antagonists [MoA],  Adrenergic beta1-Antagonists [MoA],  Adrenergic beta2-Antagonists [MoA],  alpha-Adrenergic Blocker [EPC],  beta-Adrenergic Blocker [EPC]","N/A","No","12/31/2026"
"Carvedilol","71335-0273-2","25 mg/1","TABLET, FILM COATED","ORAL","ANDA078332","Bryant Ranch Prepack","71335-0273","Carvedilol","CARVEDILOL","HUMAN PRESCRIPTION DRUG","03/30/2018","N/A","ANDA","30 TABLET, FILM COATED in 1 BOTTLE (71335-0273-2)","Adrenergic alpha-Antagonists [MoA],  Adrenergic beta1-Antagonists [MoA],  Adrenergic beta2-Antagonists [MoA],  alpha-Adrenergic Blocker [EPC],  beta-Adrenergic Blocker [EPC]","N/A","No","12/31/2026"
"Carvedilol","71335-0273-1","25 mg/1","TABLET, FILM COATED","ORAL","ANDA078332","Bryant Ranch Prepack","71335-0273","Carvedilol","CARVEDILOL","HUMAN PRESCRIPTION DRUG","09/06/2023","N/A","ANDA","100 TABLET, FILM COATED in 1 BOTTLE (71335-0273-1)","Adrenergic alpha-Antagonists [MoA],  Adrenergic beta1-Antagonists [MoA],  Adrenergic beta2-Antagonists [MoA],  alpha-Adrenergic Blocker [EPC],  beta-Adrenergic Blocker [EPC]","N/A","No","12/31/2026"
"Carvedilol","71335-0273-5","25 mg/1","TABLET, FILM COATED","ORAL","ANDA078332","Bryant Ranch Prepack","71335-0273","Carvedilol","CARVEDILOL","HUMAN PRESCRIPTION DRUG","07/09/2024","N/A","ANDA","120 TABLET, FILM COATED in 1 BOTTLE (71335-0273-5)","Adrenergic alpha-Antagonists [MoA],  Adrenergic beta1-Antagonists [MoA],  Adrenergic beta2-Antagonists [MoA],  alpha-Adrenergic Blocker [EPC],  beta-Adrenergic Blocker [EPC]","N/A","No","12/31/2026"
"Carvedilol","71335-0273-6","25 mg/1","TABLET, FILM COATED","ORAL","ANDA078332","Bryant Ranch Prepack","71335-0273","Carvedilol","CARVEDILOL","HUMAN PRESCRIPTION DRUG","02/13/2018","N/A","ANDA","180 TABLET, FILM COATED in 1 BOTTLE (71335-0273-6)","Adrenergic alpha-Antagonists [MoA],  Adrenergic beta1-Antagonists [MoA],  Adrenergic beta2-Antagonists [MoA],  alpha-Adrenergic Blocker [EPC],  beta-Adrenergic Blocker [EPC]","N/A","No","12/31/2026"
"Carvedilol","71335-0273-7","25 mg/1","TABLET, FILM COATED","ORAL","ANDA078332","Bryant Ranch Prepack","71335-0273","Carvedilol","CARVEDILOL","HUMAN PRESCRIPTION DRUG","07/09/2024","N/A","ANDA","10 TABLET, FILM COATED in 1 BOTTLE (71335-0273-7)","Adrenergic alpha-Antagonists [MoA],  Adrenergic beta1-Antagonists [MoA],  Adrenergic beta2-Antagonists [MoA],  alpha-Adrenergic Blocker [EPC],  beta-Adrenergic Blocker [EPC]","N/A","No","12/31/2026"
"Carvedilol","71335-1128-6","3.125 mg/1","TABLET, FILM COATED","ORAL","ANDA078251","Bryant Ranch Prepack","71335-1128","Carvedilol","CARVEDILOL","HUMAN PRESCRIPTION DRUG","03/12/2019","N/A","ANDA","120 TABLET, FILM COATED in 1 BOTTLE (71335-1128-6)","Adrenergic alpha-Antagonists [MoA],  Adrenergic beta1-Antagonists [MoA],  Adrenergic beta2-Antagonists [MoA],  alpha-Adrenergic Blocker [EPC],  beta-Adrenergic Blocker [EPC]","N/A","No","12/31/2027"
"Carvedilol","71335-1128-5","3.125 mg/1","TABLET, FILM COATED","ORAL","ANDA078251","Bryant Ranch Prepack","71335-1128","Carvedilol","CARVEDILOL","HUMAN PRESCRIPTION DRUG","03/12/2019","N/A","ANDA","90 TABLET, FILM COATED in 1 BOTTLE (71335-1128-5)","Adrenergic alpha-Antagonists [MoA],  Adrenergic beta1-Antagonists [MoA],  Adrenergic beta2-Antagonists [MoA],  alpha-Adrenergic Blocker [EPC],  beta-Adrenergic Blocker [EPC]","N/A","No","12/31/2027"
"Carvedilol","71335-1128-4","3.125 mg/1","TABLET, FILM COATED","ORAL","ANDA078251","Bryant Ranch Prepack","71335-1128","Carvedilol","CARVEDILOL","HUMAN PRESCRIPTION DRUG","03/12/2019","N/A","ANDA","60 TABLET, FILM COATED in 1 BOTTLE (71335-1128-4)","Adrenergic alpha-Antagonists [MoA],  Adrenergic beta1-Antagonists [MoA],  Adrenergic beta2-Antagonists [MoA],  alpha-Adrenergic Blocker [EPC],  beta-Adrenergic Blocker [EPC]","N/A","No","12/31/2027"
"Carvedilol","71335-1128-2","3.125 mg/1","TABLET, FILM COATED","ORAL","ANDA078251","Bryant Ranch Prepack","71335-1128","Carvedilol","CARVEDILOL","HUMAN PRESCRIPTION DRUG","03/12/2019","N/A","ANDA","100 TABLET, FILM COATED in 1 BOTTLE (71335-1128-2)","Adrenergic alpha-Antagonists [MoA],  Adrenergic beta1-Antagonists [MoA],  Adrenergic beta2-Antagonists [MoA],  alpha-Adrenergic Blocker [EPC],  beta-Adrenergic Blocker [EPC]","N/A","No","12/31/2027"
"Carvedilol","71335-1128-1","3.125 mg/1","TABLET, FILM COATED","ORAL","ANDA078251","Bryant Ranch Prepack","71335-1128","Carvedilol","CARVEDILOL","HUMAN PRESCRIPTION DRUG","03/12/2019","N/A","ANDA","30 TABLET, FILM COATED in 1 BOTTLE (71335-1128-1)","Adrenergic alpha-Antagonists [MoA],  Adrenergic beta1-Antagonists [MoA],  Adrenergic beta2-Antagonists [MoA],  alpha-Adrenergic Blocker [EPC],  beta-Adrenergic Blocker [EPC]","N/A","No","12/31/2027"
"Carvedilol","71335-1128-3","3.125 mg/1","TABLET, FILM COATED","ORAL","ANDA078251","Bryant Ranch Prepack","71335-1128","Carvedilol","CARVEDILOL","HUMAN PRESCRIPTION DRUG","03/12/2019","N/A","ANDA","180 TABLET, FILM COATED in 1 BOTTLE (71335-1128-3)","Adrenergic alpha-Antagonists [MoA],  Adrenergic beta1-Antagonists [MoA],  Adrenergic beta2-Antagonists [MoA],  alpha-Adrenergic Blocker [EPC],  beta-Adrenergic Blocker [EPC]","N/A","No","12/31/2027"
"Carvedilol","71335-1407-6","3.125 mg/1","TABLET, FILM COATED","ORAL","ANDA078384","Bryant Ranch Prepack","71335-1407","Carvedilol","CARVEDILOL","HUMAN PRESCRIPTION DRUG","07/09/2024","N/A","ANDA","120 TABLET, FILM COATED in 1 BOTTLE (71335-1407-6)","Adrenergic alpha-Antagonists [MoA],  Adrenergic beta1-Antagonists [MoA],  Adrenergic beta2-Antagonists [MoA],  alpha-Adrenergic Blocker [EPC],  beta-Adrenergic Blocker [EPC]","N/A","No","12/31/2027"
"Carvedilol","71335-1407-5","3.125 mg/1","TABLET, FILM COATED","ORAL","ANDA078384","Bryant Ranch Prepack","71335-1407","Carvedilol","CARVEDILOL","HUMAN PRESCRIPTION DRUG","11/27/2019","N/A","ANDA","90 TABLET, FILM COATED in 1 BOTTLE (71335-1407-5)","Adrenergic alpha-Antagonists [MoA],  Adrenergic beta1-Antagonists [MoA],  Adrenergic beta2-Antagonists [MoA],  alpha-Adrenergic Blocker [EPC],  beta-Adrenergic Blocker [EPC]","N/A","No","12/31/2027"
"Carvedilol","71335-1407-4","3.125 mg/1","TABLET, FILM COATED","ORAL","ANDA078384","Bryant Ranch Prepack","71335-1407","Carvedilol","CARVEDILOL","HUMAN PRESCRIPTION DRUG","11/22/2019","N/A","ANDA","60 TABLET, FILM COATED in 1 BOTTLE (71335-1407-4)","Adrenergic alpha-Antagonists [MoA],  Adrenergic beta1-Antagonists [MoA],  Adrenergic beta2-Antagonists [MoA],  alpha-Adrenergic Blocker [EPC],  beta-Adrenergic Blocker [EPC]","N/A","No","12/31/2027"
"Carvedilol","71335-1407-3","3.125 mg/1","TABLET, FILM COATED","ORAL","ANDA078384","Bryant Ranch Prepack","71335-1407","Carvedilol","CARVEDILOL","HUMAN PRESCRIPTION DRUG","09/11/2020","N/A","ANDA","180 TABLET, FILM COATED in 1 BOTTLE (71335-1407-3)","Adrenergic alpha-Antagonists [MoA],  Adrenergic beta1-Antagonists [MoA],  Adrenergic beta2-Antagonists [MoA],  alpha-Adrenergic Blocker [EPC],  beta-Adrenergic Blocker [EPC]","N/A","No","12/31/2027"
"Carvedilol","71335-1407-2","3.125 mg/1","TABLET, FILM COATED","ORAL","ANDA078384","Bryant Ranch Prepack","71335-1407","Carvedilol","CARVEDILOL","HUMAN PRESCRIPTION DRUG","08/19/2021","N/A","ANDA","100 TABLET, FILM COATED in 1 BOTTLE (71335-1407-2)","Adrenergic alpha-Antagonists [MoA],  Adrenergic beta1-Antagonists [MoA],  Adrenergic beta2-Antagonists [MoA],  alpha-Adrenergic Blocker [EPC],  beta-Adrenergic Blocker [EPC]","N/A","No","12/31/2027"
"Carvedilol","71335-1407-1","3.125 mg/1","TABLET, FILM COATED","ORAL","ANDA078384","Bryant Ranch Prepack","71335-1407","Carvedilol","CARVEDILOL","HUMAN PRESCRIPTION DRUG","12/08/2020","N/A","ANDA","30 TABLET, FILM COATED in 1 BOTTLE (71335-1407-1)","Adrenergic alpha-Antagonists [MoA],  Adrenergic beta1-Antagonists [MoA],  Adrenergic beta2-Antagonists [MoA],  alpha-Adrenergic Blocker [EPC],  beta-Adrenergic Blocker [EPC]","N/A","No","12/31/2027"
"Carvedilol","71335-1457-7","6.25 mg/1","TABLET, FILM COATED","ORAL","ANDA078384","Bryant Ranch Prepack","71335-1457","Carvedilol","CARVEDILOL","HUMAN PRESCRIPTION DRUG","07/15/2024","N/A","ANDA","25 TABLET, FILM COATED in 1 BOTTLE (71335-1457-7)","Adrenergic alpha-Antagonists [MoA],  Adrenergic beta1-Antagonists [MoA],  Adrenergic beta2-Antagonists [MoA],  alpha-Adrenergic Blocker [EPC],  beta-Adrenergic Blocker [EPC]","N/A","No","12/31/2027"
"Carvedilol","71335-1457-4","6.25 mg/1","TABLET, FILM COATED","ORAL","ANDA078384","Bryant Ranch Prepack","71335-1457","Carvedilol","CARVEDILOL","HUMAN PRESCRIPTION DRUG","01/02/2020","N/A","ANDA","180 TABLET, FILM COATED in 1 BOTTLE (71335-1457-4)","Adrenergic alpha-Antagonists [MoA],  Adrenergic beta1-Antagonists [MoA],  Adrenergic beta2-Antagonists [MoA],  alpha-Adrenergic Blocker [EPC],  beta-Adrenergic Blocker [EPC]","N/A","No","12/31/2027"
"Carvedilol","71335-1457-8","6.25 mg/1","TABLET, FILM COATED","ORAL","ANDA078384","Bryant Ranch Prepack","71335-1457","Carvedilol","CARVEDILOL","HUMAN PRESCRIPTION DRUG","07/15/2024","N/A","ANDA","10 TABLET, FILM COATED in 1 BOTTLE (71335-1457-8)","Adrenergic alpha-Antagonists [MoA],  Adrenergic beta1-Antagonists [MoA],  Adrenergic beta2-Antagonists [MoA],  alpha-Adrenergic Blocker [EPC],  beta-Adrenergic Blocker [EPC]","N/A","No","12/31/2027"
"Carvedilol","71335-1457-6","6.25 mg/1","TABLET, FILM COATED","ORAL","ANDA078384","Bryant Ranch Prepack","71335-1457","Carvedilol","CARVEDILOL","HUMAN PRESCRIPTION DRUG","07/15/2024","N/A","ANDA","120 TABLET, FILM COATED in 1 BOTTLE (71335-1457-6)","Adrenergic alpha-Antagonists [MoA],  Adrenergic beta1-Antagonists [MoA],  Adrenergic beta2-Antagonists [MoA],  alpha-Adrenergic Blocker [EPC],  beta-Adrenergic Blocker [EPC]","N/A","No","12/31/2027"
"Carvedilol","71335-1457-1","6.25 mg/1","TABLET, FILM COATED","ORAL","ANDA078384","Bryant Ranch Prepack","71335-1457","Carvedilol","CARVEDILOL","HUMAN PRESCRIPTION DRUG","02/03/2020","N/A","ANDA","30 TABLET, FILM COATED in 1 BOTTLE (71335-1457-1)","Adrenergic alpha-Antagonists [MoA],  Adrenergic beta1-Antagonists [MoA],  Adrenergic beta2-Antagonists [MoA],  alpha-Adrenergic Blocker [EPC],  beta-Adrenergic Blocker [EPC]","N/A","No","12/31/2027"
"Carvedilol","71335-1457-3","6.25 mg/1","TABLET, FILM COATED","ORAL","ANDA078384","Bryant Ranch Prepack","71335-1457","Carvedilol","CARVEDILOL","HUMAN PRESCRIPTION DRUG","11/15/2021","N/A","ANDA","100 TABLET, FILM COATED in 1 BOTTLE (71335-1457-3)","Adrenergic alpha-Antagonists [MoA],  Adrenergic beta1-Antagonists [MoA],  Adrenergic beta2-Antagonists [MoA],  alpha-Adrenergic Blocker [EPC],  beta-Adrenergic Blocker [EPC]","N/A","No","12/31/2027"
"Carvedilol","71335-1457-5","6.25 mg/1","TABLET, FILM COATED","ORAL","ANDA078384","Bryant Ranch Prepack","71335-1457","Carvedilol","CARVEDILOL","HUMAN PRESCRIPTION DRUG","02/06/2020","N/A","ANDA","90 TABLET, FILM COATED in 1 BOTTLE (71335-1457-5)","Adrenergic alpha-Antagonists [MoA],  Adrenergic beta1-Antagonists [MoA],  Adrenergic beta2-Antagonists [MoA],  alpha-Adrenergic Blocker [EPC],  beta-Adrenergic Blocker [EPC]","N/A","No","12/31/2027"
"Carvedilol","71335-1457-2","6.25 mg/1","TABLET, FILM COATED","ORAL","ANDA078384","Bryant Ranch Prepack","71335-1457","Carvedilol","CARVEDILOL","HUMAN PRESCRIPTION DRUG","01/31/2020","N/A","ANDA","60 TABLET, FILM COATED in 1 BOTTLE (71335-1457-2)","Adrenergic alpha-Antagonists [MoA],  Adrenergic beta1-Antagonists [MoA],  Adrenergic beta2-Antagonists [MoA],  alpha-Adrenergic Blocker [EPC],  beta-Adrenergic Blocker [EPC]","N/A","No","12/31/2027"
"Carvedilol","71335-1463-7","25 mg/1","TABLET, FILM COATED","ORAL","ANDA078251","Bryant Ranch Prepack","71335-1463","Carvedilol","CARVEDILOL","HUMAN PRESCRIPTION DRUG","06/05/2026","N/A","ANDA","10 TABLET, FILM COATED in 1 BOTTLE (71335-1463-7)","Adrenergic alpha-Antagonists [MoA],  Adrenergic beta1-Antagonists [MoA],  Adrenergic beta2-Antagonists [MoA],  alpha-Adrenergic Blocker [EPC],  beta-Adrenergic Blocker [EPC]","N/A","No","12/31/2027"
"Carvedilol","71335-1463-3","25 mg/1","TABLET, FILM COATED","ORAL","ANDA078251","Bryant Ranch Prepack","71335-1463","Carvedilol","CARVEDILOL","HUMAN PRESCRIPTION DRUG","09/05/2007","N/A","ANDA","90 TABLET, FILM COATED in 1 BOTTLE (71335-1463-3)","Adrenergic alpha-Antagonists [MoA],  Adrenergic beta1-Antagonists [MoA],  Adrenergic beta2-Antagonists [MoA],  alpha-Adrenergic Blocker [EPC],  beta-Adrenergic Blocker [EPC]","N/A","No","12/31/2027"
"Carvedilol","71335-1463-4","25 mg/1","TABLET, FILM COATED","ORAL","ANDA078251","Bryant Ranch Prepack","71335-1463","Carvedilol","CARVEDILOL","HUMAN PRESCRIPTION DRUG","09/05/2007","N/A","ANDA","60 TABLET, FILM COATED in 1 BOTTLE (71335-1463-4)","Adrenergic alpha-Antagonists [MoA],  Adrenergic beta1-Antagonists [MoA],  Adrenergic beta2-Antagonists [MoA],  alpha-Adrenergic Blocker [EPC],  beta-Adrenergic Blocker [EPC]","N/A","No","12/31/2027"
"Carvedilol","71335-1463-5","25 mg/1","TABLET, FILM COATED","ORAL","ANDA078251","Bryant Ranch Prepack","71335-1463","Carvedilol","CARVEDILOL","HUMAN PRESCRIPTION DRUG","09/05/2007","N/A","ANDA","120 TABLET, FILM COATED in 1 BOTTLE (71335-1463-5)","Adrenergic alpha-Antagonists [MoA],  Adrenergic beta1-Antagonists [MoA],  Adrenergic beta2-Antagonists [MoA],  alpha-Adrenergic Blocker [EPC],  beta-Adrenergic Blocker [EPC]","N/A","No","12/31/2027"
"Carvedilol","71335-1463-2","25 mg/1","TABLET, FILM COATED","ORAL","ANDA078251","Bryant Ranch Prepack","71335-1463","Carvedilol","CARVEDILOL","HUMAN PRESCRIPTION DRUG","09/05/2007","N/A","ANDA","30 TABLET, FILM COATED in 1 BOTTLE (71335-1463-2)","Adrenergic alpha-Antagonists [MoA],  Adrenergic beta1-Antagonists [MoA],  Adrenergic beta2-Antagonists [MoA],  alpha-Adrenergic Blocker [EPC],  beta-Adrenergic Blocker [EPC]","N/A","No","12/31/2027"
"Carvedilol","71335-1463-6","25 mg/1","TABLET, FILM COATED","ORAL","ANDA078251","Bryant Ranch Prepack","71335-1463","Carvedilol","CARVEDILOL","HUMAN PRESCRIPTION DRUG","09/05/2007","N/A","ANDA","180 TABLET, FILM COATED in 1 BOTTLE (71335-1463-6)","Adrenergic alpha-Antagonists [MoA],  Adrenergic beta1-Antagonists [MoA],  Adrenergic beta2-Antagonists [MoA],  alpha-Adrenergic Blocker [EPC],  beta-Adrenergic Blocker [EPC]","N/A","No","12/31/2027"
"Carvedilol","71335-1463-1","25 mg/1","TABLET, FILM COATED","ORAL","ANDA078251","Bryant Ranch Prepack","71335-1463","Carvedilol","CARVEDILOL","HUMAN PRESCRIPTION DRUG","09/05/2007","N/A","ANDA","100 TABLET, FILM COATED in 1 BOTTLE (71335-1463-1)","Adrenergic alpha-Antagonists [MoA],  Adrenergic beta1-Antagonists [MoA],  Adrenergic beta2-Antagonists [MoA],  alpha-Adrenergic Blocker [EPC],  beta-Adrenergic Blocker [EPC]","N/A","No","12/31/2027"
"Carvedilol","71335-1533-7","12.5 mg/1","TABLET, FILM COATED","ORAL","ANDA078251","Bryant Ranch Prepack","71335-1533","Carvedilol","CARVEDILOL","HUMAN PRESCRIPTION DRUG","06/05/2026","N/A","ANDA","10 TABLET, FILM COATED in 1 BOTTLE (71335-1533-7)","Adrenergic alpha-Antagonists [MoA],  Adrenergic beta1-Antagonists [MoA],  Adrenergic beta2-Antagonists [MoA],  alpha-Adrenergic Blocker [EPC],  beta-Adrenergic Blocker [EPC]","N/A","No","12/31/2027"
"Carvedilol","71335-1533-5","12.5 mg/1","TABLET, FILM COATED","ORAL","ANDA078251","Bryant Ranch Prepack","71335-1533","Carvedilol","CARVEDILOL","HUMAN PRESCRIPTION DRUG","08/10/2011","N/A","ANDA","120 TABLET, FILM COATED in 1 BOTTLE (71335-1533-5)","Adrenergic alpha-Antagonists [MoA],  Adrenergic beta1-Antagonists [MoA],  Adrenergic beta2-Antagonists [MoA],  alpha-Adrenergic Blocker [EPC],  beta-Adrenergic Blocker [EPC]","N/A","No","12/31/2027"
"Carvedilol","71335-1533-3","12.5 mg/1","TABLET, FILM COATED","ORAL","ANDA078251","Bryant Ranch Prepack","71335-1533","Carvedilol","CARVEDILOL","HUMAN PRESCRIPTION DRUG","08/10/2011","N/A","ANDA","100 TABLET, FILM COATED in 1 BOTTLE (71335-1533-3)","Adrenergic alpha-Antagonists [MoA],  Adrenergic beta1-Antagonists [MoA],  Adrenergic beta2-Antagonists [MoA],  alpha-Adrenergic Blocker [EPC],  beta-Adrenergic Blocker [EPC]","N/A","No","12/31/2027"
"Carvedilol","71335-1533-6","12.5 mg/1","TABLET, FILM COATED","ORAL","ANDA078251","Bryant Ranch Prepack","71335-1533","Carvedilol","CARVEDILOL","HUMAN PRESCRIPTION DRUG","08/10/2011","N/A","ANDA","180 TABLET, FILM COATED in 1 BOTTLE (71335-1533-6)","Adrenergic alpha-Antagonists [MoA],  Adrenergic beta1-Antagonists [MoA],  Adrenergic beta2-Antagonists [MoA],  alpha-Adrenergic Blocker [EPC],  beta-Adrenergic Blocker [EPC]","N/A","No","12/31/2027"
"Carvedilol","71335-1533-2","12.5 mg/1","TABLET, FILM COATED","ORAL","ANDA078251","Bryant Ranch Prepack","71335-1533","Carvedilol","CARVEDILOL","HUMAN PRESCRIPTION DRUG","08/10/2011","N/A","ANDA","60 TABLET, FILM COATED in 1 BOTTLE (71335-1533-2)","Adrenergic alpha-Antagonists [MoA],  Adrenergic beta1-Antagonists [MoA],  Adrenergic beta2-Antagonists [MoA],  alpha-Adrenergic Blocker [EPC],  beta-Adrenergic Blocker [EPC]","N/A","No","12/31/2027"
"Carvedilol","71335-1533-4","12.5 mg/1","TABLET, FILM COATED","ORAL","ANDA078251","Bryant Ranch Prepack","71335-1533","Carvedilol","CARVEDILOL","HUMAN PRESCRIPTION DRUG","08/10/2011","N/A","ANDA","90 TABLET, FILM COATED in 1 BOTTLE (71335-1533-4)","Adrenergic alpha-Antagonists [MoA],  Adrenergic beta1-Antagonists [MoA],  Adrenergic beta2-Antagonists [MoA],  alpha-Adrenergic Blocker [EPC],  beta-Adrenergic Blocker [EPC]","N/A","No","12/31/2027"
"Carvedilol","71335-1533-1","12.5 mg/1","TABLET, FILM COATED","ORAL","ANDA078251","Bryant Ranch Prepack","71335-1533","Carvedilol","CARVEDILOL","HUMAN PRESCRIPTION DRUG","08/10/2011","N/A","ANDA","30 TABLET, FILM COATED in 1 BOTTLE (71335-1533-1)","Adrenergic alpha-Antagonists [MoA],  Adrenergic beta1-Antagonists [MoA],  Adrenergic beta2-Antagonists [MoA],  alpha-Adrenergic Blocker [EPC],  beta-Adrenergic Blocker [EPC]","N/A","No","12/31/2027"
"Carvedilol","71335-1545-5","12.5 mg/1","TABLET, FILM COATED","ORAL","ANDA077614","Bryant Ranch Prepack","71335-1545","Carvedilol","CARVEDILOL","HUMAN PRESCRIPTION DRUG","03/30/2010","N/A","ANDA","120 TABLET, FILM COATED in 1 BOTTLE (71335-1545-5)","Adrenergic alpha-Antagonists [MoA],  Adrenergic beta1-Antagonists [MoA],  Adrenergic beta2-Antagonists [MoA],  alpha-Adrenergic Blocker [EPC],  beta-Adrenergic Blocker [EPC]","N/A","No","12/31/2027"
"Carvedilol","71335-1545-7","12.5 mg/1","TABLET, FILM COATED","ORAL","ANDA077614","Bryant Ranch Prepack","71335-1545","Carvedilol","CARVEDILOL","HUMAN PRESCRIPTION DRUG","04/30/2024","N/A","ANDA","10 TABLET, FILM COATED in 1 BOTTLE (71335-1545-7)","Adrenergic alpha-Antagonists [MoA],  Adrenergic beta1-Antagonists [MoA],  Adrenergic beta2-Antagonists [MoA],  alpha-Adrenergic Blocker [EPC],  beta-Adrenergic Blocker [EPC]","N/A","No","12/31/2027"
"Carvedilol","71335-1545-3","12.5 mg/1","TABLET, FILM COATED","ORAL","ANDA077614","Bryant Ranch Prepack","71335-1545","Carvedilol","CARVEDILOL","HUMAN PRESCRIPTION DRUG","03/30/2010","N/A","ANDA","100 TABLET, FILM COATED in 1 BOTTLE (71335-1545-3)","Adrenergic alpha-Antagonists [MoA],  Adrenergic beta1-Antagonists [MoA],  Adrenergic beta2-Antagonists [MoA],  alpha-Adrenergic Blocker [EPC],  beta-Adrenergic Blocker [EPC]","N/A","No","12/31/2027"
"Carvedilol","71335-1545-4","12.5 mg/1","TABLET, FILM COATED","ORAL","ANDA077614","Bryant Ranch Prepack","71335-1545","Carvedilol","CARVEDILOL","HUMAN PRESCRIPTION DRUG","03/30/2010","N/A","ANDA","90 TABLET, FILM COATED in 1 BOTTLE (71335-1545-4)","Adrenergic alpha-Antagonists [MoA],  Adrenergic beta1-Antagonists [MoA],  Adrenergic beta2-Antagonists [MoA],  alpha-Adrenergic Blocker [EPC],  beta-Adrenergic Blocker [EPC]","N/A","No","12/31/2027"
"Carvedilol","71335-1545-6","12.5 mg/1","TABLET, FILM COATED","ORAL","ANDA077614","Bryant Ranch Prepack","71335-1545","Carvedilol","CARVEDILOL","HUMAN PRESCRIPTION DRUG","03/30/2010","N/A","ANDA","180 TABLET, FILM COATED in 1 BOTTLE (71335-1545-6)","Adrenergic alpha-Antagonists [MoA],  Adrenergic beta1-Antagonists [MoA],  Adrenergic beta2-Antagonists [MoA],  alpha-Adrenergic Blocker [EPC],  beta-Adrenergic Blocker [EPC]","N/A","No","12/31/2027"
"Carvedilol","71335-1545-2","12.5 mg/1","TABLET, FILM COATED","ORAL","ANDA077614","Bryant Ranch Prepack","71335-1545","Carvedilol","CARVEDILOL","HUMAN PRESCRIPTION DRUG","03/30/2010","N/A","ANDA","60 TABLET, FILM COATED in 1 BOTTLE (71335-1545-2)","Adrenergic alpha-Antagonists [MoA],  Adrenergic beta1-Antagonists [MoA],  Adrenergic beta2-Antagonists [MoA],  alpha-Adrenergic Blocker [EPC],  beta-Adrenergic Blocker [EPC]","N/A","No","12/31/2027"
"Carvedilol","71335-1545-1","12.5 mg/1","TABLET, FILM COATED","ORAL","ANDA077614","Bryant Ranch Prepack","71335-1545","Carvedilol","CARVEDILOL","HUMAN PRESCRIPTION DRUG","03/30/2010","N/A","ANDA","30 TABLET, FILM COATED in 1 BOTTLE (71335-1545-1)","Adrenergic alpha-Antagonists [MoA],  Adrenergic beta1-Antagonists [MoA],  Adrenergic beta2-Antagonists [MoA],  alpha-Adrenergic Blocker [EPC],  beta-Adrenergic Blocker [EPC]","N/A","No","12/31/2027"
"Carvedilol","71335-1623-5","25 mg/1","TABLET, FILM COATED","ORAL","ANDA077614","Bryant Ranch Prepack","71335-1623","Carvedilol","CARVEDILOL","HUMAN PRESCRIPTION DRUG","09/05/2007","N/A","ANDA","120 TABLET, FILM COATED in 1 BOTTLE (71335-1623-5)","Adrenergic alpha-Antagonists [MoA],  Adrenergic beta1-Antagonists [MoA],  Adrenergic beta2-Antagonists [MoA],  alpha-Adrenergic Blocker [EPC],  beta-Adrenergic Blocker [EPC]","N/A","No","12/31/2027"
"Carvedilol","71335-1623-4","25 mg/1","TABLET, FILM COATED","ORAL","ANDA077614","Bryant Ranch Prepack","71335-1623","Carvedilol","CARVEDILOL","HUMAN PRESCRIPTION DRUG","09/05/2007","N/A","ANDA","60 TABLET, FILM COATED in 1 BOTTLE (71335-1623-4)","Adrenergic alpha-Antagonists [MoA],  Adrenergic beta1-Antagonists [MoA],  Adrenergic beta2-Antagonists [MoA],  alpha-Adrenergic Blocker [EPC],  beta-Adrenergic Blocker [EPC]","N/A","No","12/31/2027"
"Carvedilol","71335-1623-3","25 mg/1","TABLET, FILM COATED","ORAL","ANDA077614","Bryant Ranch Prepack","71335-1623","Carvedilol","CARVEDILOL","HUMAN PRESCRIPTION DRUG","09/05/2007","N/A","ANDA","90 TABLET, FILM COATED in 1 BOTTLE (71335-1623-3)","Adrenergic alpha-Antagonists [MoA],  Adrenergic beta1-Antagonists [MoA],  Adrenergic beta2-Antagonists [MoA],  alpha-Adrenergic Blocker [EPC],  beta-Adrenergic Blocker [EPC]","N/A","No","12/31/2027"
"Carvedilol","71335-1623-1","25 mg/1","TABLET, FILM COATED","ORAL","ANDA077614","Bryant Ranch Prepack","71335-1623","Carvedilol","CARVEDILOL","HUMAN PRESCRIPTION DRUG","09/05/2007","N/A","ANDA","100 TABLET, FILM COATED in 1 BOTTLE (71335-1623-1)","Adrenergic alpha-Antagonists [MoA],  Adrenergic beta1-Antagonists [MoA],  Adrenergic beta2-Antagonists [MoA],  alpha-Adrenergic Blocker [EPC],  beta-Adrenergic Blocker [EPC]","N/A","No","12/31/2027"
"Carvedilol","71335-1623-6","25 mg/1","TABLET, FILM COATED","ORAL","ANDA077614","Bryant Ranch Prepack","71335-1623","Carvedilol","CARVEDILOL","HUMAN PRESCRIPTION DRUG","09/05/2007","N/A","ANDA","180 TABLET, FILM COATED in 1 BOTTLE (71335-1623-6)","Adrenergic alpha-Antagonists [MoA],  Adrenergic beta1-Antagonists [MoA],  Adrenergic beta2-Antagonists [MoA],  alpha-Adrenergic Blocker [EPC],  beta-Adrenergic Blocker [EPC]","N/A","No","12/31/2027"
"Carvedilol","71335-1623-2","25 mg/1","TABLET, FILM COATED","ORAL","ANDA077614","Bryant Ranch Prepack","71335-1623","Carvedilol","CARVEDILOL","HUMAN PRESCRIPTION DRUG","09/05/2007","N/A","ANDA","30 TABLET, FILM COATED in 1 BOTTLE (71335-1623-2)","Adrenergic alpha-Antagonists [MoA],  Adrenergic beta1-Antagonists [MoA],  Adrenergic beta2-Antagonists [MoA],  alpha-Adrenergic Blocker [EPC],  beta-Adrenergic Blocker [EPC]","N/A","No","12/31/2027"
"Carvedilol","71335-1623-7","25 mg/1","TABLET, FILM COATED","ORAL","ANDA077614","Bryant Ranch Prepack","71335-1623","Carvedilol","CARVEDILOL","HUMAN PRESCRIPTION DRUG","09/05/2007","N/A","ANDA","10 TABLET, FILM COATED in 1 BOTTLE (71335-1623-7)","Adrenergic alpha-Antagonists [MoA],  Adrenergic beta1-Antagonists [MoA],  Adrenergic beta2-Antagonists [MoA],  alpha-Adrenergic Blocker [EPC],  beta-Adrenergic Blocker [EPC]","N/A","No","12/31/2027"
"Carvedilol","71335-1813-7","12.5 mg/1","TABLET, FILM COATED","ORAL","ANDA078384","Bryant Ranch Prepack","71335-1813","Carvedilol","CARVEDILOL","HUMAN PRESCRIPTION DRUG","07/17/2024","N/A","ANDA","10 TABLET, FILM COATED in 1 BOTTLE, PLASTIC (71335-1813-7)","Adrenergic alpha-Antagonists [MoA],  Adrenergic beta1-Antagonists [MoA],  Adrenergic beta2-Antagonists [MoA],  alpha-Adrenergic Blocker [EPC],  beta-Adrenergic Blocker [EPC]","N/A","No","12/31/2027"
"Carvedilol","71335-1813-6","12.5 mg/1","TABLET, FILM COATED","ORAL","ANDA078384","Bryant Ranch Prepack","71335-1813","Carvedilol","CARVEDILOL","HUMAN PRESCRIPTION DRUG","10/27/2021","N/A","ANDA","180 TABLET, FILM COATED in 1 BOTTLE, PLASTIC (71335-1813-6)","Adrenergic alpha-Antagonists [MoA],  Adrenergic beta1-Antagonists [MoA],  Adrenergic beta2-Antagonists [MoA],  alpha-Adrenergic Blocker [EPC],  beta-Adrenergic Blocker [EPC]","N/A","No","12/31/2027"
"Carvedilol","71335-1813-5","12.5 mg/1","TABLET, FILM COATED","ORAL","ANDA078384","Bryant Ranch Prepack","71335-1813","Carvedilol","CARVEDILOL","HUMAN PRESCRIPTION DRUG","07/17/2024","N/A","ANDA","120 TABLET, FILM COATED in 1 BOTTLE, PLASTIC (71335-1813-5)","Adrenergic alpha-Antagonists [MoA],  Adrenergic beta1-Antagonists [MoA],  Adrenergic beta2-Antagonists [MoA],  alpha-Adrenergic Blocker [EPC],  beta-Adrenergic Blocker [EPC]","N/A","No","12/31/2027"
"Carvedilol","71335-1813-3","12.5 mg/1","TABLET, FILM COATED","ORAL","ANDA078384","Bryant Ranch Prepack","71335-1813","Carvedilol","CARVEDILOL","HUMAN PRESCRIPTION DRUG","09/06/2023","N/A","ANDA","100 TABLET, FILM COATED in 1 BOTTLE, PLASTIC (71335-1813-3)","Adrenergic alpha-Antagonists [MoA],  Adrenergic beta1-Antagonists [MoA],  Adrenergic beta2-Antagonists [MoA],  alpha-Adrenergic Blocker [EPC],  beta-Adrenergic Blocker [EPC]","N/A","No","12/31/2027"
"Carvedilol","71335-1813-2","12.5 mg/1","TABLET, FILM COATED","ORAL","ANDA078384","Bryant Ranch Prepack","71335-1813","Carvedilol","CARVEDILOL","HUMAN PRESCRIPTION DRUG","06/11/2021","N/A","ANDA","60 TABLET, FILM COATED in 1 BOTTLE, PLASTIC (71335-1813-2)","Adrenergic alpha-Antagonists [MoA],  Adrenergic beta1-Antagonists [MoA],  Adrenergic beta2-Antagonists [MoA],  alpha-Adrenergic Blocker [EPC],  beta-Adrenergic Blocker [EPC]","N/A","No","12/31/2027"
"Carvedilol","71335-1813-1","12.5 mg/1","TABLET, FILM COATED","ORAL","ANDA078384","Bryant Ranch Prepack","71335-1813","Carvedilol","CARVEDILOL","HUMAN PRESCRIPTION DRUG","07/17/2024","N/A","ANDA","30 TABLET, FILM COATED in 1 BOTTLE, PLASTIC (71335-1813-1)","Adrenergic alpha-Antagonists [MoA],  Adrenergic beta1-Antagonists [MoA],  Adrenergic beta2-Antagonists [MoA],  alpha-Adrenergic Blocker [EPC],  beta-Adrenergic Blocker [EPC]","N/A","No","12/31/2027"
"Carvedilol","71335-1813-4","12.5 mg/1","TABLET, FILM COATED","ORAL","ANDA078384","Bryant Ranch Prepack","71335-1813","Carvedilol","CARVEDILOL","HUMAN PRESCRIPTION DRUG","08/10/2021","N/A","ANDA","90 TABLET, FILM COATED in 1 BOTTLE, PLASTIC (71335-1813-4)","Adrenergic alpha-Antagonists [MoA],  Adrenergic beta1-Antagonists [MoA],  Adrenergic beta2-Antagonists [MoA],  alpha-Adrenergic Blocker [EPC],  beta-Adrenergic Blocker [EPC]","N/A","No","12/31/2027"
"Carvedilol","71335-1937-1","6.25 mg/1","TABLET, FILM COATED","ORAL","ANDA078251","Bryant Ranch Prepack","71335-1937","Carvedilol","CARVEDILOL","HUMAN PRESCRIPTION DRUG","01/06/2022","N/A","ANDA","30 TABLET, FILM COATED in 1 BOTTLE (71335-1937-1)","Adrenergic alpha-Antagonists [MoA],  Adrenergic beta1-Antagonists [MoA],  Adrenergic beta2-Antagonists [MoA],  alpha-Adrenergic Blocker [EPC],  beta-Adrenergic Blocker [EPC]","N/A","No","12/31/2027"
"Carvedilol","71335-1937-8","6.25 mg/1","TABLET, FILM COATED","ORAL","ANDA078251","Bryant Ranch Prepack","71335-1937","Carvedilol","CARVEDILOL","HUMAN PRESCRIPTION DRUG","04/08/2024","N/A","ANDA","10 TABLET, FILM COATED in 1 BOTTLE (71335-1937-8)","Adrenergic alpha-Antagonists [MoA],  Adrenergic beta1-Antagonists [MoA],  Adrenergic beta2-Antagonists [MoA],  alpha-Adrenergic Blocker [EPC],  beta-Adrenergic Blocker [EPC]","N/A","No","12/31/2027"
"Carvedilol","71335-1937-7","6.25 mg/1","TABLET, FILM COATED","ORAL","ANDA078251","Bryant Ranch Prepack","71335-1937","Carvedilol","CARVEDILOL","HUMAN PRESCRIPTION DRUG","04/08/2024","N/A","ANDA","25 TABLET, FILM COATED in 1 BOTTLE (71335-1937-7)","Adrenergic alpha-Antagonists [MoA],  Adrenergic beta1-Antagonists [MoA],  Adrenergic beta2-Antagonists [MoA],  alpha-Adrenergic Blocker [EPC],  beta-Adrenergic Blocker [EPC]","N/A","No","12/31/2027"
"Carvedilol","71335-1937-6","6.25 mg/1","TABLET, FILM COATED","ORAL","ANDA078251","Bryant Ranch Prepack","71335-1937","Carvedilol","CARVEDILOL","HUMAN PRESCRIPTION DRUG","04/08/2024","N/A","ANDA","120 TABLET, FILM COATED in 1 BOTTLE (71335-1937-6)","Adrenergic alpha-Antagonists [MoA],  Adrenergic beta1-Antagonists [MoA],  Adrenergic beta2-Antagonists [MoA],  alpha-Adrenergic Blocker [EPC],  beta-Adrenergic Blocker [EPC]","N/A","No","12/31/2027"
"Carvedilol","71335-1937-5","6.25 mg/1","TABLET, FILM COATED","ORAL","ANDA078251","Bryant Ranch Prepack","71335-1937","Carvedilol","CARVEDILOL","HUMAN PRESCRIPTION DRUG","04/08/2024","N/A","ANDA","90 TABLET, FILM COATED in 1 BOTTLE (71335-1937-5)","Adrenergic alpha-Antagonists [MoA],  Adrenergic beta1-Antagonists [MoA],  Adrenergic beta2-Antagonists [MoA],  alpha-Adrenergic Blocker [EPC],  beta-Adrenergic Blocker [EPC]","N/A","No","12/31/2027"
"Carvedilol","71335-1937-4","6.25 mg/1","TABLET, FILM COATED","ORAL","ANDA078251","Bryant Ranch Prepack","71335-1937","Carvedilol","CARVEDILOL","HUMAN PRESCRIPTION DRUG","04/08/2024","N/A","ANDA","180 TABLET, FILM COATED in 1 BOTTLE (71335-1937-4)","Adrenergic alpha-Antagonists [MoA],  Adrenergic beta1-Antagonists [MoA],  Adrenergic beta2-Antagonists [MoA],  alpha-Adrenergic Blocker [EPC],  beta-Adrenergic Blocker [EPC]","N/A","No","12/31/2027"
"Carvedilol","71335-1937-3","6.25 mg/1","TABLET, FILM COATED","ORAL","ANDA078251","Bryant Ranch Prepack","71335-1937","Carvedilol","CARVEDILOL","HUMAN PRESCRIPTION DRUG","08/19/2021","N/A","ANDA","100 TABLET, FILM COATED in 1 BOTTLE (71335-1937-3)","Adrenergic alpha-Antagonists [MoA],  Adrenergic beta1-Antagonists [MoA],  Adrenergic beta2-Antagonists [MoA],  alpha-Adrenergic Blocker [EPC],  beta-Adrenergic Blocker [EPC]","N/A","No","12/31/2027"
"Carvedilol","71335-1937-2","6.25 mg/1","TABLET, FILM COATED","ORAL","ANDA078251","Bryant Ranch Prepack","71335-1937","Carvedilol","CARVEDILOL","HUMAN PRESCRIPTION DRUG","04/08/2024","N/A","ANDA","60 TABLET, FILM COATED in 1 BOTTLE (71335-1937-2)","Adrenergic alpha-Antagonists [MoA],  Adrenergic beta1-Antagonists [MoA],  Adrenergic beta2-Antagonists [MoA],  alpha-Adrenergic Blocker [EPC],  beta-Adrenergic Blocker [EPC]","N/A","No","12/31/2027"
"CARVEDILOL","71335-2023-1","25 mg/1","TABLET, FILM COATED","ORAL","ANDA078165","Bryant Ranch Prepack","71335-2023","CARVEDILOL","CARVEDILOL","HUMAN PRESCRIPTION DRUG","02/10/2022","N/A","ANDA","100 TABLET, FILM COATED in 1 BOTTLE (71335-2023-1)","Adrenergic alpha-Antagonists [MoA],  Adrenergic beta1-Antagonists [MoA],  Adrenergic beta2-Antagonists [MoA],  alpha-Adrenergic Blocker [EPC],  beta-Adrenergic Blocker [EPC]","N/A","No","12/31/2027"
"CARVEDILOL","71335-2023-6","25 mg/1","TABLET, FILM COATED","ORAL","ANDA078165","Bryant Ranch Prepack","71335-2023","CARVEDILOL","CARVEDILOL","HUMAN PRESCRIPTION DRUG","02/10/2022","N/A","ANDA","180 TABLET, FILM COATED in 1 BOTTLE (71335-2023-6)","Adrenergic alpha-Antagonists [MoA],  Adrenergic beta1-Antagonists [MoA],  Adrenergic beta2-Antagonists [MoA],  alpha-Adrenergic Blocker [EPC],  beta-Adrenergic Blocker [EPC]","N/A","No","12/31/2027"
"CARVEDILOL","71335-2023-5","25 mg/1","TABLET, FILM COATED","ORAL","ANDA078165","Bryant Ranch Prepack","71335-2023","CARVEDILOL","CARVEDILOL","HUMAN PRESCRIPTION DRUG","02/10/2022","N/A","ANDA","120 TABLET, FILM COATED in 1 BOTTLE (71335-2023-5)","Adrenergic alpha-Antagonists [MoA],  Adrenergic beta1-Antagonists [MoA],  Adrenergic beta2-Antagonists [MoA],  alpha-Adrenergic Blocker [EPC],  beta-Adrenergic Blocker [EPC]","N/A","No","12/31/2027"
"CARVEDILOL","71335-2023-3","25 mg/1","TABLET, FILM COATED","ORAL","ANDA078165","Bryant Ranch Prepack","71335-2023","CARVEDILOL","CARVEDILOL","HUMAN PRESCRIPTION DRUG","02/10/2022","N/A","ANDA","90 TABLET, FILM COATED in 1 BOTTLE (71335-2023-3)","Adrenergic alpha-Antagonists [MoA],  Adrenergic beta1-Antagonists [MoA],  Adrenergic beta2-Antagonists [MoA],  alpha-Adrenergic Blocker [EPC],  beta-Adrenergic Blocker [EPC]","N/A","No","12/31/2027"
"CARVEDILOL","71335-2023-2","25 mg/1","TABLET, FILM COATED","ORAL","ANDA078165","Bryant Ranch Prepack","71335-2023","CARVEDILOL","CARVEDILOL","HUMAN PRESCRIPTION DRUG","02/10/2022","N/A","ANDA","30 TABLET, FILM COATED in 1 BOTTLE (71335-2023-2)","Adrenergic alpha-Antagonists [MoA],  Adrenergic beta1-Antagonists [MoA],  Adrenergic beta2-Antagonists [MoA],  alpha-Adrenergic Blocker [EPC],  beta-Adrenergic Blocker [EPC]","N/A","No","12/31/2027"
"CARVEDILOL","71335-2023-4","25 mg/1","TABLET, FILM COATED","ORAL","ANDA078165","Bryant Ranch Prepack","71335-2023","CARVEDILOL","CARVEDILOL","HUMAN PRESCRIPTION DRUG","02/10/2022","N/A","ANDA","60 TABLET, FILM COATED in 1 BOTTLE (71335-2023-4)","Adrenergic alpha-Antagonists [MoA],  Adrenergic beta1-Antagonists [MoA],  Adrenergic beta2-Antagonists [MoA],  alpha-Adrenergic Blocker [EPC],  beta-Adrenergic Blocker [EPC]","N/A","No","12/31/2027"
"CARVEDILOL","71335-2023-7","25 mg/1","TABLET, FILM COATED","ORAL","ANDA078165","Bryant Ranch Prepack","71335-2023","CARVEDILOL","CARVEDILOL","HUMAN PRESCRIPTION DRUG","02/10/2022","N/A","ANDA","10 TABLET, FILM COATED in 1 BOTTLE (71335-2023-7)","Adrenergic alpha-Antagonists [MoA],  Adrenergic beta1-Antagonists [MoA],  Adrenergic beta2-Antagonists [MoA],  alpha-Adrenergic Blocker [EPC],  beta-Adrenergic Blocker [EPC]","N/A","No","12/31/2027"
"CARVEDILOL","71335-2026-5","12.5 mg/1","TABLET, FILM COATED","ORAL","ANDA078165","Bryant Ranch Prepack","71335-2026","CARVEDILOL","CARVEDILOL","HUMAN PRESCRIPTION DRUG","02/10/2022","N/A","ANDA","120 TABLET, FILM COATED in 1 BOTTLE (71335-2026-5)","Adrenergic alpha-Antagonists [MoA],  Adrenergic beta1-Antagonists [MoA],  Adrenergic beta2-Antagonists [MoA],  alpha-Adrenergic Blocker [EPC],  beta-Adrenergic Blocker [EPC]","N/A","No","12/31/2027"
"CARVEDILOL","71335-2026-6","12.5 mg/1","TABLET, FILM COATED","ORAL","ANDA078165","Bryant Ranch Prepack","71335-2026","CARVEDILOL","CARVEDILOL","HUMAN PRESCRIPTION DRUG","02/10/2022","N/A","ANDA","180 TABLET, FILM COATED in 1 BOTTLE (71335-2026-6)","Adrenergic alpha-Antagonists [MoA],  Adrenergic beta1-Antagonists [MoA],  Adrenergic beta2-Antagonists [MoA],  alpha-Adrenergic Blocker [EPC],  beta-Adrenergic Blocker [EPC]","N/A","No","12/31/2027"
"CARVEDILOL","71335-2026-3","12.5 mg/1","TABLET, FILM COATED","ORAL","ANDA078165","Bryant Ranch Prepack","71335-2026","CARVEDILOL","CARVEDILOL","HUMAN PRESCRIPTION DRUG","02/10/2022","N/A","ANDA","100 TABLET, FILM COATED in 1 BOTTLE (71335-2026-3)","Adrenergic alpha-Antagonists [MoA],  Adrenergic beta1-Antagonists [MoA],  Adrenergic beta2-Antagonists [MoA],  alpha-Adrenergic Blocker [EPC],  beta-Adrenergic Blocker [EPC]","N/A","No","12/31/2027"
"CARVEDILOL","71335-2026-2","12.5 mg/1","TABLET, FILM COATED","ORAL","ANDA078165","Bryant Ranch Prepack","71335-2026","CARVEDILOL","CARVEDILOL","HUMAN PRESCRIPTION DRUG","02/10/2022","N/A","ANDA","60 TABLET, FILM COATED in 1 BOTTLE (71335-2026-2)","Adrenergic alpha-Antagonists [MoA],  Adrenergic beta1-Antagonists [MoA],  Adrenergic beta2-Antagonists [MoA],  alpha-Adrenergic Blocker [EPC],  beta-Adrenergic Blocker [EPC]","N/A","No","12/31/2027"
"CARVEDILOL","71335-2026-1","12.5 mg/1","TABLET, FILM COATED","ORAL","ANDA078165","Bryant Ranch Prepack","71335-2026","CARVEDILOL","CARVEDILOL","HUMAN PRESCRIPTION DRUG","02/10/2022","N/A","ANDA","30 TABLET, FILM COATED in 1 BOTTLE (71335-2026-1)","Adrenergic alpha-Antagonists [MoA],  Adrenergic beta1-Antagonists [MoA],  Adrenergic beta2-Antagonists [MoA],  alpha-Adrenergic Blocker [EPC],  beta-Adrenergic Blocker [EPC]","N/A","No","12/31/2027"
"CARVEDILOL","71335-2026-4","12.5 mg/1","TABLET, FILM COATED","ORAL","ANDA078165","Bryant Ranch Prepack","71335-2026","CARVEDILOL","CARVEDILOL","HUMAN PRESCRIPTION DRUG","02/10/2022","N/A","ANDA","90 TABLET, FILM COATED in 1 BOTTLE (71335-2026-4)","Adrenergic alpha-Antagonists [MoA],  Adrenergic beta1-Antagonists [MoA],  Adrenergic beta2-Antagonists [MoA],  alpha-Adrenergic Blocker [EPC],  beta-Adrenergic Blocker [EPC]","N/A","No","12/31/2027"
"CARVEDILOL","71335-2026-7","12.5 mg/1","TABLET, FILM COATED","ORAL","ANDA078165","Bryant Ranch Prepack","71335-2026","CARVEDILOL","CARVEDILOL","HUMAN PRESCRIPTION DRUG","02/10/2022","N/A","ANDA","10 TABLET, FILM COATED in 1 BOTTLE (71335-2026-7)","Adrenergic alpha-Antagonists [MoA],  Adrenergic beta1-Antagonists [MoA],  Adrenergic beta2-Antagonists [MoA],  alpha-Adrenergic Blocker [EPC],  beta-Adrenergic Blocker [EPC]","N/A","No","12/31/2027"
"CARVEDILOL","71335-2033-6","6.25 mg/1","TABLET, FILM COATED","ORAL","ANDA078165","Bryant Ranch Prepack","71335-2033","CARVEDILOL","CARVEDILOL","HUMAN PRESCRIPTION DRUG","02/10/2022","N/A","ANDA","120 TABLET, FILM COATED in 1 BOTTLE (71335-2033-6)","Adrenergic alpha-Antagonists [MoA],  Adrenergic beta1-Antagonists [MoA],  Adrenergic beta2-Antagonists [MoA],  alpha-Adrenergic Blocker [EPC],  beta-Adrenergic Blocker [EPC]","N/A","No","12/31/2027"
"CARVEDILOL","71335-2033-2","6.25 mg/1","TABLET, FILM COATED","ORAL","ANDA078165","Bryant Ranch Prepack","71335-2033","CARVEDILOL","CARVEDILOL","HUMAN PRESCRIPTION DRUG","02/10/2022","N/A","ANDA","60 TABLET, FILM COATED in 1 BOTTLE (71335-2033-2)","Adrenergic alpha-Antagonists [MoA],  Adrenergic beta1-Antagonists [MoA],  Adrenergic beta2-Antagonists [MoA],  alpha-Adrenergic Blocker [EPC],  beta-Adrenergic Blocker [EPC]","N/A","No","12/31/2027"
"CARVEDILOL","71335-2033-1","6.25 mg/1","TABLET, FILM COATED","ORAL","ANDA078165","Bryant Ranch Prepack","71335-2033","CARVEDILOL","CARVEDILOL","HUMAN PRESCRIPTION DRUG","02/10/2022","N/A","ANDA","30 TABLET, FILM COATED in 1 BOTTLE (71335-2033-1)","Adrenergic alpha-Antagonists [MoA],  Adrenergic beta1-Antagonists [MoA],  Adrenergic beta2-Antagonists [MoA],  alpha-Adrenergic Blocker [EPC],  beta-Adrenergic Blocker [EPC]","N/A","No","12/31/2027"
"CARVEDILOL","71335-2033-8","6.25 mg/1","TABLET, FILM COATED","ORAL","ANDA078165","Bryant Ranch Prepack","71335-2033","CARVEDILOL","CARVEDILOL","HUMAN PRESCRIPTION DRUG","02/10/2022","N/A","ANDA","10 TABLET, FILM COATED in 1 BOTTLE (71335-2033-8)","Adrenergic alpha-Antagonists [MoA],  Adrenergic beta1-Antagonists [MoA],  Adrenergic beta2-Antagonists [MoA],  alpha-Adrenergic Blocker [EPC],  beta-Adrenergic Blocker [EPC]","N/A","No","12/31/2027"
"CARVEDILOL","71335-2033-7","6.25 mg/1","TABLET, FILM COATED","ORAL","ANDA078165","Bryant Ranch Prepack","71335-2033","CARVEDILOL","CARVEDILOL","HUMAN PRESCRIPTION DRUG","02/10/2022","N/A","ANDA","25 TABLET, FILM COATED in 1 BOTTLE (71335-2033-7)","Adrenergic alpha-Antagonists [MoA],  Adrenergic beta1-Antagonists [MoA],  Adrenergic beta2-Antagonists [MoA],  alpha-Adrenergic Blocker [EPC],  beta-Adrenergic Blocker [EPC]","N/A","No","12/31/2027"
"CARVEDILOL","71335-2033-4","6.25 mg/1","TABLET, FILM COATED","ORAL","ANDA078165","Bryant Ranch Prepack","71335-2033","CARVEDILOL","CARVEDILOL","HUMAN PRESCRIPTION DRUG","02/10/2022","N/A","ANDA","180 TABLET, FILM COATED in 1 BOTTLE (71335-2033-4)","Adrenergic alpha-Antagonists [MoA],  Adrenergic beta1-Antagonists [MoA],  Adrenergic beta2-Antagonists [MoA],  alpha-Adrenergic Blocker [EPC],  beta-Adrenergic Blocker [EPC]","N/A","No","12/31/2027"
"CARVEDILOL","71335-2033-3","6.25 mg/1","TABLET, FILM COATED","ORAL","ANDA078165","Bryant Ranch Prepack","71335-2033","CARVEDILOL","CARVEDILOL","HUMAN PRESCRIPTION DRUG","02/10/2022","N/A","ANDA","100 TABLET, FILM COATED in 1 BOTTLE (71335-2033-3)","Adrenergic alpha-Antagonists [MoA],  Adrenergic beta1-Antagonists [MoA],  Adrenergic beta2-Antagonists [MoA],  alpha-Adrenergic Blocker [EPC],  beta-Adrenergic Blocker [EPC]","N/A","No","12/31/2027"
"CARVEDILOL","71335-2033-5","6.25 mg/1","TABLET, FILM COATED","ORAL","ANDA078165","Bryant Ranch Prepack","71335-2033","CARVEDILOL","CARVEDILOL","HUMAN PRESCRIPTION DRUG","02/10/2022","N/A","ANDA","90 TABLET, FILM COATED in 1 BOTTLE (71335-2033-5)","Adrenergic alpha-Antagonists [MoA],  Adrenergic beta1-Antagonists [MoA],  Adrenergic beta2-Antagonists [MoA],  alpha-Adrenergic Blocker [EPC],  beta-Adrenergic Blocker [EPC]","N/A","No","12/31/2027"
"Carvedilol","71335-2101-5","6.25 mg/1","TABLET, FILM COATED","ORAL","ANDA077614","Bryant Ranch Prepack","71335-2101","Carvedilol","CARVEDILOL","HUMAN PRESCRIPTION DRUG","02/12/2024","N/A","ANDA","90 TABLET, FILM COATED in 1 BOTTLE (71335-2101-5)","Adrenergic alpha-Antagonists [MoA],  Adrenergic beta1-Antagonists [MoA],  Adrenergic beta2-Antagonists [MoA],  alpha-Adrenergic Blocker [EPC],  beta-Adrenergic Blocker [EPC]","N/A","No","12/31/2026"
"Carvedilol","71335-2101-6","6.25 mg/1","TABLET, FILM COATED","ORAL","ANDA077614","Bryant Ranch Prepack","71335-2101","Carvedilol","CARVEDILOL","HUMAN PRESCRIPTION DRUG","07/08/2022","N/A","ANDA","120 TABLET, FILM COATED in 1 BOTTLE (71335-2101-6)","Adrenergic alpha-Antagonists [MoA],  Adrenergic beta1-Antagonists [MoA],  Adrenergic beta2-Antagonists [MoA],  alpha-Adrenergic Blocker [EPC],  beta-Adrenergic Blocker [EPC]","N/A","No","12/31/2026"
"Carvedilol","71335-2101-8","6.25 mg/1","TABLET, FILM COATED","ORAL","ANDA077614","Bryant Ranch Prepack","71335-2101","Carvedilol","CARVEDILOL","HUMAN PRESCRIPTION DRUG","04/03/2024","N/A","ANDA","10 TABLET, FILM COATED in 1 BOTTLE (71335-2101-8)","Adrenergic alpha-Antagonists [MoA],  Adrenergic beta1-Antagonists [MoA],  Adrenergic beta2-Antagonists [MoA],  alpha-Adrenergic Blocker [EPC],  beta-Adrenergic Blocker [EPC]","N/A","No","12/31/2026"
"Carvedilol","71335-2101-7","6.25 mg/1","TABLET, FILM COATED","ORAL","ANDA077614","Bryant Ranch Prepack","71335-2101","Carvedilol","CARVEDILOL","HUMAN PRESCRIPTION DRUG","04/03/2024","N/A","ANDA","25 TABLET, FILM COATED in 1 BOTTLE (71335-2101-7)","Adrenergic alpha-Antagonists [MoA],  Adrenergic beta1-Antagonists [MoA],  Adrenergic beta2-Antagonists [MoA],  alpha-Adrenergic Blocker [EPC],  beta-Adrenergic Blocker [EPC]","N/A","No","12/31/2026"
"Carvedilol","71335-2101-3","6.25 mg/1","TABLET, FILM COATED","ORAL","ANDA077614","Bryant Ranch Prepack","71335-2101","Carvedilol","CARVEDILOL","HUMAN PRESCRIPTION DRUG","07/21/2022","N/A","ANDA","100 TABLET, FILM COATED in 1 BOTTLE (71335-2101-3)","Adrenergic alpha-Antagonists [MoA],  Adrenergic beta1-Antagonists [MoA],  Adrenergic beta2-Antagonists [MoA],  alpha-Adrenergic Blocker [EPC],  beta-Adrenergic Blocker [EPC]","N/A","No","12/31/2026"
"Carvedilol","71335-2101-2","6.25 mg/1","TABLET, FILM COATED","ORAL","ANDA077614","Bryant Ranch Prepack","71335-2101","Carvedilol","CARVEDILOL","HUMAN PRESCRIPTION DRUG","07/14/2022","N/A","ANDA","60 TABLET, FILM COATED in 1 BOTTLE (71335-2101-2)","Adrenergic alpha-Antagonists [MoA],  Adrenergic beta1-Antagonists [MoA],  Adrenergic beta2-Antagonists [MoA],  alpha-Adrenergic Blocker [EPC],  beta-Adrenergic Blocker [EPC]","N/A","No","12/31/2026"
"Carvedilol","71335-2101-1","6.25 mg/1","TABLET, FILM COATED","ORAL","ANDA077614","Bryant Ranch Prepack","71335-2101","Carvedilol","CARVEDILOL","HUMAN PRESCRIPTION DRUG","04/03/2024","N/A","ANDA","30 TABLET, FILM COATED in 1 BOTTLE (71335-2101-1)","Adrenergic alpha-Antagonists [MoA],  Adrenergic beta1-Antagonists [MoA],  Adrenergic beta2-Antagonists [MoA],  alpha-Adrenergic Blocker [EPC],  beta-Adrenergic Blocker [EPC]","N/A","No","12/31/2026"
"Carvedilol","71335-2101-4","6.25 mg/1","TABLET, FILM COATED","ORAL","ANDA077614","Bryant Ranch Prepack","71335-2101","Carvedilol","CARVEDILOL","HUMAN PRESCRIPTION DRUG","11/17/2023","N/A","ANDA","180 TABLET, FILM COATED in 1 BOTTLE (71335-2101-4)","Adrenergic alpha-Antagonists [MoA],  Adrenergic beta1-Antagonists [MoA],  Adrenergic beta2-Antagonists [MoA],  alpha-Adrenergic Blocker [EPC],  beta-Adrenergic Blocker [EPC]","N/A","No","12/31/2026"
"Carvedilol","71335-2474-7","25 mg/1","TABLET, FILM COATED","ORAL","ANDA078384","Bryant Ranch Prepack","71335-2474","Carvedilol","CARVEDILOL","HUMAN PRESCRIPTION DRUG","09/03/2024","N/A","ANDA","10 TABLET, FILM COATED in 1 BOTTLE (71335-2474-7)","Adrenergic alpha-Antagonists [MoA],  Adrenergic beta1-Antagonists [MoA],  Adrenergic beta2-Antagonists [MoA],  alpha-Adrenergic Blocker [EPC],  beta-Adrenergic Blocker [EPC]","N/A","No","12/31/2027"
"Carvedilol","71335-2474-4","25 mg/1","TABLET, FILM COATED","ORAL","ANDA078384","Bryant Ranch Prepack","71335-2474","Carvedilol","CARVEDILOL","HUMAN PRESCRIPTION DRUG","09/03/2024","N/A","ANDA","60 TABLET, FILM COATED in 1 BOTTLE (71335-2474-4)","Adrenergic alpha-Antagonists [MoA],  Adrenergic beta1-Antagonists [MoA],  Adrenergic beta2-Antagonists [MoA],  alpha-Adrenergic Blocker [EPC],  beta-Adrenergic Blocker [EPC]","N/A","No","12/31/2027"
"Carvedilol","71335-2474-3","25 mg/1","TABLET, FILM COATED","ORAL","ANDA078384","Bryant Ranch Prepack","71335-2474","Carvedilol","CARVEDILOL","HUMAN PRESCRIPTION DRUG","09/03/2024","N/A","ANDA","90 TABLET, FILM COATED in 1 BOTTLE (71335-2474-3)","Adrenergic alpha-Antagonists [MoA],  Adrenergic beta1-Antagonists [MoA],  Adrenergic beta2-Antagonists [MoA],  alpha-Adrenergic Blocker [EPC],  beta-Adrenergic Blocker [EPC]","N/A","No","12/31/2027"
"Carvedilol","71335-2474-6","25 mg/1","TABLET, FILM COATED","ORAL","ANDA078384","Bryant Ranch Prepack","71335-2474","Carvedilol","CARVEDILOL","HUMAN PRESCRIPTION DRUG","09/03/2024","N/A","ANDA","180 TABLET, FILM COATED in 1 BOTTLE (71335-2474-6)","Adrenergic alpha-Antagonists [MoA],  Adrenergic beta1-Antagonists [MoA],  Adrenergic beta2-Antagonists [MoA],  alpha-Adrenergic Blocker [EPC],  beta-Adrenergic Blocker [EPC]","N/A","No","12/31/2027"
"Carvedilol","71335-2474-2","25 mg/1","TABLET, FILM COATED","ORAL","ANDA078384","Bryant Ranch Prepack","71335-2474","Carvedilol","CARVEDILOL","HUMAN PRESCRIPTION DRUG","09/03/2024","N/A","ANDA","30 TABLET, FILM COATED in 1 BOTTLE (71335-2474-2)","Adrenergic alpha-Antagonists [MoA],  Adrenergic beta1-Antagonists [MoA],  Adrenergic beta2-Antagonists [MoA],  alpha-Adrenergic Blocker [EPC],  beta-Adrenergic Blocker [EPC]","N/A","No","12/31/2027"
"Carvedilol","71335-2474-5","25 mg/1","TABLET, FILM COATED","ORAL","ANDA078384","Bryant Ranch Prepack","71335-2474","Carvedilol","CARVEDILOL","HUMAN PRESCRIPTION DRUG","09/03/2024","N/A","ANDA","120 TABLET, FILM COATED in 1 BOTTLE (71335-2474-5)","Adrenergic alpha-Antagonists [MoA],  Adrenergic beta1-Antagonists [MoA],  Adrenergic beta2-Antagonists [MoA],  alpha-Adrenergic Blocker [EPC],  beta-Adrenergic Blocker [EPC]","N/A","No","12/31/2027"
"Carvedilol","71335-2474-1","25 mg/1","TABLET, FILM COATED","ORAL","ANDA078384","Bryant Ranch Prepack","71335-2474","Carvedilol","CARVEDILOL","HUMAN PRESCRIPTION DRUG","09/03/2024","N/A","ANDA","100 TABLET, FILM COATED in 1 BOTTLE (71335-2474-1)","Adrenergic alpha-Antagonists [MoA],  Adrenergic beta1-Antagonists [MoA],  Adrenergic beta2-Antagonists [MoA],  alpha-Adrenergic Blocker [EPC],  beta-Adrenergic Blocker [EPC]","N/A","No","12/31/2027"
"Carvedilol","71610-062-80","3.125 mg/1","TABLET, FILM COATED","ORAL","ANDA078384","Aphena Pharma Solutions - Tennessee, LLC","71610-062","Carvedilol","CARVEDILOL","HUMAN PRESCRIPTION DRUG","05/07/2018","N/A","ANDA","180 TABLET, FILM COATED in 1 BOTTLE, PLASTIC (71610-062-80)","Adrenergic alpha-Antagonists [MoA],  Adrenergic beta1-Antagonists [MoA],  Adrenergic beta2-Antagonists [MoA],  alpha-Adrenergic Blocker [EPC],  beta-Adrenergic Blocker [EPC]","N/A","No","12/31/2026"
"Carvedilol","71610-062-60","3.125 mg/1","TABLET, FILM COATED","ORAL","ANDA078384","Aphena Pharma Solutions - Tennessee, LLC","71610-062","Carvedilol","CARVEDILOL","HUMAN PRESCRIPTION DRUG","05/11/2018","N/A","ANDA","90 TABLET, FILM COATED in 1 BOTTLE, PLASTIC (71610-062-60)","Adrenergic alpha-Antagonists [MoA],  Adrenergic beta1-Antagonists [MoA],  Adrenergic beta2-Antagonists [MoA],  alpha-Adrenergic Blocker [EPC],  beta-Adrenergic Blocker [EPC]","N/A","No","12/31/2026"
"Carvedilol","71610-062-53","3.125 mg/1","TABLET, FILM COATED","ORAL","ANDA078384","Aphena Pharma Solutions - Tennessee, LLC","71610-062","Carvedilol","CARVEDILOL","HUMAN PRESCRIPTION DRUG","05/08/2018","N/A","ANDA","60 TABLET, FILM COATED in 1 BOTTLE, PLASTIC (71610-062-53)","Adrenergic alpha-Antagonists [MoA],  Adrenergic beta1-Antagonists [MoA],  Adrenergic beta2-Antagonists [MoA],  alpha-Adrenergic Blocker [EPC],  beta-Adrenergic Blocker [EPC]","N/A","No","12/31/2026"
"Carvedilol","71610-063-30","6.25 mg/1","TABLET, FILM COATED","ORAL","ANDA078384","Aphena Pharma Solutions - Tennessee, LLC","71610-063","Carvedilol","CARVEDILOL","HUMAN PRESCRIPTION DRUG","05/15/2018","N/A","ANDA","30 TABLET, FILM COATED in 1 BOTTLE, PLASTIC (71610-063-30)","Adrenergic alpha-Antagonists [MoA],  Adrenergic beta1-Antagonists [MoA],  Adrenergic beta2-Antagonists [MoA],  alpha-Adrenergic Blocker [EPC],  beta-Adrenergic Blocker [EPC]","N/A","No","12/31/2026"
"Carvedilol","71610-063-53","6.25 mg/1","TABLET, FILM COATED","ORAL","ANDA078384","Aphena Pharma Solutions - Tennessee, LLC","71610-063","Carvedilol","CARVEDILOL","HUMAN PRESCRIPTION DRUG","05/15/2018","N/A","ANDA","60 TABLET, FILM COATED in 1 BOTTLE, PLASTIC (71610-063-53)","Adrenergic alpha-Antagonists [MoA],  Adrenergic beta1-Antagonists [MoA],  Adrenergic beta2-Antagonists [MoA],  alpha-Adrenergic Blocker [EPC],  beta-Adrenergic Blocker [EPC]","N/A","No","12/31/2026"
"Carvedilol","71610-063-60","6.25 mg/1","TABLET, FILM COATED","ORAL","ANDA078384","Aphena Pharma Solutions - Tennessee, LLC","71610-063","Carvedilol","CARVEDILOL","HUMAN PRESCRIPTION DRUG","05/15/2018","N/A","ANDA","90 TABLET, FILM COATED in 1 BOTTLE, PLASTIC (71610-063-60)","Adrenergic alpha-Antagonists [MoA],  Adrenergic beta1-Antagonists [MoA],  Adrenergic beta2-Antagonists [MoA],  alpha-Adrenergic Blocker [EPC],  beta-Adrenergic Blocker [EPC]","N/A","No","12/31/2026"
"Carvedilol","71610-063-80","6.25 mg/1","TABLET, FILM COATED","ORAL","ANDA078384","Aphena Pharma Solutions - Tennessee, LLC","71610-063","Carvedilol","CARVEDILOL","HUMAN PRESCRIPTION DRUG","05/08/2018","N/A","ANDA","180 TABLET, FILM COATED in 1 BOTTLE, PLASTIC (71610-063-80)","Adrenergic alpha-Antagonists [MoA],  Adrenergic beta1-Antagonists [MoA],  Adrenergic beta2-Antagonists [MoA],  alpha-Adrenergic Blocker [EPC],  beta-Adrenergic Blocker [EPC]","N/A","No","12/31/2026"
"Carvedilol","71610-066-60","12.5 mg/1","TABLET, FILM COATED","ORAL","ANDA078384","Aphena Pharma Solutions - Tennessee, LLC","71610-066","Carvedilol","CARVEDILOL","HUMAN PRESCRIPTION DRUG","05/14/2018","N/A","ANDA","90 TABLET, FILM COATED in 1 BOTTLE, PLASTIC (71610-066-60)","Adrenergic alpha-Antagonists [MoA],  Adrenergic beta1-Antagonists [MoA],  Adrenergic beta2-Antagonists [MoA],  alpha-Adrenergic Blocker [EPC],  beta-Adrenergic Blocker [EPC]","N/A","No","12/31/2026"
"Carvedilol","71610-066-80","12.5 mg/1","TABLET, FILM COATED","ORAL","ANDA078384","Aphena Pharma Solutions - Tennessee, LLC","71610-066","Carvedilol","CARVEDILOL","HUMAN PRESCRIPTION DRUG","05/14/2018","N/A","ANDA","180 TABLET, FILM COATED in 1 BOTTLE, PLASTIC (71610-066-80)","Adrenergic alpha-Antagonists [MoA],  Adrenergic beta1-Antagonists [MoA],  Adrenergic beta2-Antagonists [MoA],  alpha-Adrenergic Blocker [EPC],  beta-Adrenergic Blocker [EPC]","N/A","No","12/31/2026"
"Carvedilol","71610-067-80","25 mg/1","TABLET, FILM COATED","ORAL","ANDA078384","Aphena Pharma Solutions - Tennessee, LLC","71610-067","Carvedilol","CARVEDILOL","HUMAN PRESCRIPTION DRUG","05/14/2018","N/A","ANDA","180 TABLET, FILM COATED in 1 BOTTLE, PLASTIC (71610-067-80)","Adrenergic alpha-Antagonists [MoA],  Adrenergic beta1-Antagonists [MoA],  Adrenergic beta2-Antagonists [MoA],  alpha-Adrenergic Blocker [EPC],  beta-Adrenergic Blocker [EPC]","N/A","No","12/31/2026"
"Carvedilol","71610-067-60","25 mg/1","TABLET, FILM COATED","ORAL","ANDA078384","Aphena Pharma Solutions - Tennessee, LLC","71610-067","Carvedilol","CARVEDILOL","HUMAN PRESCRIPTION DRUG","05/14/2018","N/A","ANDA","90 TABLET, FILM COATED in 1 BOTTLE, PLASTIC (71610-067-60)","Adrenergic alpha-Antagonists [MoA],  Adrenergic beta1-Antagonists [MoA],  Adrenergic beta2-Antagonists [MoA],  alpha-Adrenergic Blocker [EPC],  beta-Adrenergic Blocker [EPC]","N/A","No","12/31/2026"
"Carvedilol","71610-132-80","3.125 mg/1","TABLET, FILM COATED","ORAL","ANDA078332","Aphena Pharma Solutions - Tennessee, LLC","71610-132","Carvedilol","CARVEDILOL","HUMAN PRESCRIPTION DRUG","08/30/2018","N/A","ANDA","180 TABLET, FILM COATED in 1 BOTTLE (71610-132-80)","Adrenergic alpha-Antagonists [MoA],  Adrenergic beta1-Antagonists [MoA],  Adrenergic beta2-Antagonists [MoA],  alpha-Adrenergic Blocker [EPC],  beta-Adrenergic Blocker [EPC]","N/A","No","12/31/2026"
"Carvedilol","71610-132-60","3.125 mg/1","TABLET, FILM COATED","ORAL","ANDA078332","Aphena Pharma Solutions - Tennessee, LLC","71610-132","Carvedilol","CARVEDILOL","HUMAN PRESCRIPTION DRUG","08/30/2018","N/A","ANDA","90 TABLET, FILM COATED in 1 BOTTLE (71610-132-60)","Adrenergic alpha-Antagonists [MoA],  Adrenergic beta1-Antagonists [MoA],  Adrenergic beta2-Antagonists [MoA],  alpha-Adrenergic Blocker [EPC],  beta-Adrenergic Blocker [EPC]","N/A","No","12/31/2026"
"Carvedilol","71610-132-53","3.125 mg/1","TABLET, FILM COATED","ORAL","ANDA078332","Aphena Pharma Solutions - Tennessee, LLC","71610-132","Carvedilol","CARVEDILOL","HUMAN PRESCRIPTION DRUG","08/30/2018","N/A","ANDA","60 TABLET, FILM COATED in 1 BOTTLE (71610-132-53)","Adrenergic alpha-Antagonists [MoA],  Adrenergic beta1-Antagonists [MoA],  Adrenergic beta2-Antagonists [MoA],  alpha-Adrenergic Blocker [EPC],  beta-Adrenergic Blocker [EPC]","N/A","No","12/31/2026"
"Carvedilol","72189-372-30","12.5 mg/1","TABLET, FILM COATED","ORAL","ANDA078227","Direct_Rx","72189-372","Carvedilol","CARVEDILOL","HUMAN PRESCRIPTION DRUG","08/10/2022","N/A","ANDA","30 TABLET, FILM COATED in 1 BOTTLE (72189-372-30)","Adrenergic alpha-Antagonists [MoA],  Adrenergic beta1-Antagonists [MoA],  Adrenergic beta2-Antagonists [MoA],  alpha-Adrenergic Blocker [EPC],  beta-Adrenergic Blocker [EPC]","N/A","No","12/31/2026"
"Carvedilol","72189-653-90","3.125 mg/1","TABLET, FILM COATED","ORAL","ANDA078384","Direct_Rx","72189-653","Carvedilol","CARVEDILOL","HUMAN PRESCRIPTION DRUG","12/17/2025","N/A","ANDA","90 TABLET, FILM COATED in 1 BOTTLE (72189-653-90)","Adrenergic alpha-Antagonists [MoA],  Adrenergic beta1-Antagonists [MoA],  Adrenergic beta2-Antagonists [MoA],  alpha-Adrenergic Blocker [EPC],  beta-Adrenergic Blocker [EPC]","N/A","No","12/31/2026"
"Carvedilol","72189-663-90","25 mg/1","TABLET, FILM COATED","ORAL","ANDA077614","Direct_Rx","72189-663","Carvedilol","CARVEDILOL","HUMAN PRESCRIPTION DRUG","03/02/2026","N/A","ANDA","90 TABLET, FILM COATED in 1 BOTTLE (72189-663-90)","Adrenergic alpha-Antagonists [MoA],  Adrenergic beta1-Antagonists [MoA],  Adrenergic beta2-Antagonists [MoA],  alpha-Adrenergic Blocker [EPC],  beta-Adrenergic Blocker [EPC]","N/A","No","12/31/2027"
"Carvedilol","72189-664-60","6.25 mg/1","TABLET, FILM COATED","ORAL","ANDA077614","Direct_Rx","72189-664","Carvedilol","CARVEDILOL","HUMAN PRESCRIPTION DRUG","03/05/2026","N/A","ANDA","60 TABLET, FILM COATED in 1 BOTTLE (72189-664-60)","Adrenergic alpha-Antagonists [MoA],  Adrenergic beta1-Antagonists [MoA],  Adrenergic beta2-Antagonists [MoA],  alpha-Adrenergic Blocker [EPC],  beta-Adrenergic Blocker [EPC]","N/A","No","12/31/2027"
"Carvedilol","72789-411-90","3.125 mg/1","TABLET, FILM COATED","ORAL","ANDA077614","PD-Rx Pharmaceuticals, Inc.","72789-411","Carvedilol","CARVEDILOL","HUMAN PRESCRIPTION DRUG","06/10/2024","N/A","ANDA","90 TABLET, FILM COATED in 1 BOTTLE, PLASTIC (72789-411-90)","Adrenergic alpha-Antagonists [MoA],  Adrenergic beta1-Antagonists [MoA],  Adrenergic beta2-Antagonists [MoA],  alpha-Adrenergic Blocker [EPC],  beta-Adrenergic Blocker [EPC]","N/A","No","12/31/2027"
"CARVEDILOL","72789-431-60","6.25 mg/1","TABLET, FILM COATED","ORAL","ANDA078165","PD-Rx Pharmaceuticals, Inc.","72789-431","CARVEDILOL","CARVEDILOL","HUMAN PRESCRIPTION DRUG","09/19/2024","N/A","ANDA","60 TABLET, FILM COATED in 1 BOTTLE, PLASTIC (72789-431-60)","Adrenergic alpha-Antagonists [MoA],  Adrenergic beta1-Antagonists [MoA],  Adrenergic beta2-Antagonists [MoA],  alpha-Adrenergic Blocker [EPC],  beta-Adrenergic Blocker [EPC]","N/A","No","12/31/2027"
"CARVEDILOL","72789-440-90","25 mg/1","TABLET, FILM COATED","ORAL","ANDA078165","PD-Rx Pharmaceuticals, Inc.","72789-440","CARVEDILOL","CARVEDILOL","HUMAN PRESCRIPTION DRUG","11/04/2024","N/A","ANDA","90 TABLET, FILM COATED in 1 BOTTLE, PLASTIC (72789-440-90)","Adrenergic alpha-Antagonists [MoA],  Adrenergic beta1-Antagonists [MoA],  Adrenergic beta2-Antagonists [MoA],  alpha-Adrenergic Blocker [EPC],  beta-Adrenergic Blocker [EPC]","N/A","No","12/31/2027"
"CARVEDILOL","72789-440-93","25 mg/1","TABLET, FILM COATED","ORAL","ANDA078165","PD-Rx Pharmaceuticals, Inc.","72789-440","CARVEDILOL","CARVEDILOL","HUMAN PRESCRIPTION DRUG","10/11/2024","N/A","ANDA","180 TABLET, FILM COATED in 1 BOTTLE, PLASTIC (72789-440-93)","Adrenergic alpha-Antagonists [MoA],  Adrenergic beta1-Antagonists [MoA],  Adrenergic beta2-Antagonists [MoA],  alpha-Adrenergic Blocker [EPC],  beta-Adrenergic Blocker [EPC]","N/A","No","12/31/2027"
"Carvedilol","72789-537-93","12.5 mg/1","TABLET, FILM COATED","ORAL","ANDA077614","PD-Rx Pharmaceuticals, Inc.","72789-537","Carvedilol","CARVEDILOL","HUMAN PRESCRIPTION DRUG","12/23/2025","N/A","ANDA","180 TABLET, FILM COATED in 1 BOTTLE, PLASTIC (72789-537-93)","Adrenergic alpha-Antagonists [MoA],  Adrenergic beta1-Antagonists [MoA],  Adrenergic beta2-Antagonists [MoA],  alpha-Adrenergic Blocker [EPC],  beta-Adrenergic Blocker [EPC]","N/A","No","12/31/2027"
"CARVEDILOL","72888-034-00","3.125 mg/1","TABLET, FILM COATED","ORAL","ANDA078165","Advagen Pharma Ltd","72888-034","CARVEDILOL","CARVEDILOL","HUMAN PRESCRIPTION DRUG","07/29/2021","N/A","ANDA","1000 TABLET, FILM COATED in 1 BOTTLE (72888-034-00)","Adrenergic alpha-Antagonists [MoA],  Adrenergic beta1-Antagonists [MoA],  Adrenergic beta2-Antagonists [MoA],  alpha-Adrenergic Blocker [EPC],  beta-Adrenergic Blocker [EPC]","N/A","No","12/31/2027"
"CARVEDILOL","72888-034-05","3.125 mg/1","TABLET, FILM COATED","ORAL","ANDA078165","Advagen Pharma Ltd","72888-034","CARVEDILOL","CARVEDILOL","HUMAN PRESCRIPTION DRUG","07/29/2021","N/A","ANDA","500 TABLET, FILM COATED in 1 BOTTLE (72888-034-05)","Adrenergic alpha-Antagonists [MoA],  Adrenergic beta1-Antagonists [MoA],  Adrenergic beta2-Antagonists [MoA],  alpha-Adrenergic Blocker [EPC],  beta-Adrenergic Blocker [EPC]","N/A","No","12/31/2027"
"CARVEDILOL","72888-034-30","3.125 mg/1","TABLET, FILM COATED","ORAL","ANDA078165","Advagen Pharma Ltd","72888-034","CARVEDILOL","CARVEDILOL","HUMAN PRESCRIPTION DRUG","07/29/2021","N/A","ANDA","30 TABLET, FILM COATED in 1 BOTTLE (72888-034-30)","Adrenergic alpha-Antagonists [MoA],  Adrenergic beta1-Antagonists [MoA],  Adrenergic beta2-Antagonists [MoA],  alpha-Adrenergic Blocker [EPC],  beta-Adrenergic Blocker [EPC]","N/A","No","12/31/2027"
"CARVEDILOL","72888-034-01","3.125 mg/1","TABLET, FILM COATED","ORAL","ANDA078165","Advagen Pharma Ltd","72888-034","CARVEDILOL","CARVEDILOL","HUMAN PRESCRIPTION DRUG","07/29/2021","N/A","ANDA","100 TABLET, FILM COATED in 1 BOTTLE (72888-034-01)","Adrenergic alpha-Antagonists [MoA],  Adrenergic beta1-Antagonists [MoA],  Adrenergic beta2-Antagonists [MoA],  alpha-Adrenergic Blocker [EPC],  beta-Adrenergic Blocker [EPC]","N/A","No","12/31/2027"
"CARVEDILOL","72888-035-30","6.25 mg/1","TABLET, FILM COATED","ORAL","ANDA078165","Advagen Pharma Ltd","72888-035","CARVEDILOL","CARVEDILOL","HUMAN PRESCRIPTION DRUG","07/29/2021","N/A","ANDA","30 TABLET, FILM COATED in 1 BOTTLE (72888-035-30)","Adrenergic alpha-Antagonists [MoA],  Adrenergic beta1-Antagonists [MoA],  Adrenergic beta2-Antagonists [MoA],  alpha-Adrenergic Blocker [EPC],  beta-Adrenergic Blocker [EPC]","N/A","No","12/31/2027"
"CARVEDILOL","72888-035-01","6.25 mg/1","TABLET, FILM COATED","ORAL","ANDA078165","Advagen Pharma Ltd","72888-035","CARVEDILOL","CARVEDILOL","HUMAN PRESCRIPTION DRUG","07/29/2021","N/A","ANDA","100 TABLET, FILM COATED in 1 BOTTLE (72888-035-01)","Adrenergic alpha-Antagonists [MoA],  Adrenergic beta1-Antagonists [MoA],  Adrenergic beta2-Antagonists [MoA],  alpha-Adrenergic Blocker [EPC],  beta-Adrenergic Blocker [EPC]","N/A","No","12/31/2027"
"CARVEDILOL","72888-035-05","6.25 mg/1","TABLET, FILM COATED","ORAL","ANDA078165","Advagen Pharma Ltd","72888-035","CARVEDILOL","CARVEDILOL","HUMAN PRESCRIPTION DRUG","07/29/2021","N/A","ANDA","500 TABLET, FILM COATED in 1 BOTTLE (72888-035-05)","Adrenergic alpha-Antagonists [MoA],  Adrenergic beta1-Antagonists [MoA],  Adrenergic beta2-Antagonists [MoA],  alpha-Adrenergic Blocker [EPC],  beta-Adrenergic Blocker [EPC]","N/A","No","12/31/2027"
"CARVEDILOL","72888-035-00","6.25 mg/1","TABLET, FILM COATED","ORAL","ANDA078165","Advagen Pharma Ltd","72888-035","CARVEDILOL","CARVEDILOL","HUMAN PRESCRIPTION DRUG","07/29/2021","N/A","ANDA","1000 TABLET, FILM COATED in 1 BOTTLE (72888-035-00)","Adrenergic alpha-Antagonists [MoA],  Adrenergic beta1-Antagonists [MoA],  Adrenergic beta2-Antagonists [MoA],  alpha-Adrenergic Blocker [EPC],  beta-Adrenergic Blocker [EPC]","N/A","No","12/31/2027"
"CARVEDILOL","72888-036-01","12.5 mg/1","TABLET, FILM COATED","ORAL","ANDA078165","Advagen Pharma Ltd","72888-036","CARVEDILOL","CARVEDILOL","HUMAN PRESCRIPTION DRUG","07/29/2021","N/A","ANDA","100 TABLET, FILM COATED in 1 BOTTLE (72888-036-01)","Adrenergic alpha-Antagonists [MoA],  Adrenergic beta1-Antagonists [MoA],  Adrenergic beta2-Antagonists [MoA],  alpha-Adrenergic Blocker [EPC],  beta-Adrenergic Blocker [EPC]","N/A","No","12/31/2027"
"CARVEDILOL","72888-036-00","12.5 mg/1","TABLET, FILM COATED","ORAL","ANDA078165","Advagen Pharma Ltd","72888-036","CARVEDILOL","CARVEDILOL","HUMAN PRESCRIPTION DRUG","07/29/2021","N/A","ANDA","1000 TABLET, FILM COATED in 1 BOTTLE (72888-036-00)","Adrenergic alpha-Antagonists [MoA],  Adrenergic beta1-Antagonists [MoA],  Adrenergic beta2-Antagonists [MoA],  alpha-Adrenergic Blocker [EPC],  beta-Adrenergic Blocker [EPC]","N/A","No","12/31/2027"
"CARVEDILOL","72888-036-30","12.5 mg/1","TABLET, FILM COATED","ORAL","ANDA078165","Advagen Pharma Ltd","72888-036","CARVEDILOL","CARVEDILOL","HUMAN PRESCRIPTION DRUG","07/29/2021","N/A","ANDA","30 TABLET, FILM COATED in 1 BOTTLE (72888-036-30)","Adrenergic alpha-Antagonists [MoA],  Adrenergic beta1-Antagonists [MoA],  Adrenergic beta2-Antagonists [MoA],  alpha-Adrenergic Blocker [EPC],  beta-Adrenergic Blocker [EPC]","N/A","No","12/31/2027"
"CARVEDILOL","72888-036-05","12.5 mg/1","TABLET, FILM COATED","ORAL","ANDA078165","Advagen Pharma Ltd","72888-036","CARVEDILOL","CARVEDILOL","HUMAN PRESCRIPTION DRUG","07/29/2021","N/A","ANDA","500 TABLET, FILM COATED in 1 BOTTLE (72888-036-05)","Adrenergic alpha-Antagonists [MoA],  Adrenergic beta1-Antagonists [MoA],  Adrenergic beta2-Antagonists [MoA],  alpha-Adrenergic Blocker [EPC],  beta-Adrenergic Blocker [EPC]","N/A","No","12/31/2027"
"CARVEDILOL","72888-037-30","25 mg/1","TABLET, FILM COATED","ORAL","ANDA078165","Advagen Pharma Ltd","72888-037","CARVEDILOL","CARVEDILOL","HUMAN PRESCRIPTION DRUG","07/29/2021","N/A","ANDA","30 TABLET, FILM COATED in 1 BOTTLE (72888-037-30)","Adrenergic alpha-Antagonists [MoA],  Adrenergic beta1-Antagonists [MoA],  Adrenergic beta2-Antagonists [MoA],  alpha-Adrenergic Blocker [EPC],  beta-Adrenergic Blocker [EPC]","N/A","No","12/31/2027"
"CARVEDILOL","72888-037-00","25 mg/1","TABLET, FILM COATED","ORAL","ANDA078165","Advagen Pharma Ltd","72888-037","CARVEDILOL","CARVEDILOL","HUMAN PRESCRIPTION DRUG","07/29/2021","N/A","ANDA","1000 TABLET, FILM COATED in 1 BOTTLE (72888-037-00)","Adrenergic alpha-Antagonists [MoA],  Adrenergic beta1-Antagonists [MoA],  Adrenergic beta2-Antagonists [MoA],  alpha-Adrenergic Blocker [EPC],  beta-Adrenergic Blocker [EPC]","N/A","No","12/31/2027"
"CARVEDILOL","72888-037-05","25 mg/1","TABLET, FILM COATED","ORAL","ANDA078165","Advagen Pharma Ltd","72888-037","CARVEDILOL","CARVEDILOL","HUMAN PRESCRIPTION DRUG","07/29/2021","N/A","ANDA","500 TABLET, FILM COATED in 1 BOTTLE (72888-037-05)","Adrenergic alpha-Antagonists [MoA],  Adrenergic beta1-Antagonists [MoA],  Adrenergic beta2-Antagonists [MoA],  alpha-Adrenergic Blocker [EPC],  beta-Adrenergic Blocker [EPC]","N/A","No","12/31/2027"
"CARVEDILOL","72888-037-01","25 mg/1","TABLET, FILM COATED","ORAL","ANDA078165","Advagen Pharma Ltd","72888-037","CARVEDILOL","CARVEDILOL","HUMAN PRESCRIPTION DRUG","07/29/2021","N/A","ANDA","100 TABLET, FILM COATED in 1 BOTTLE (72888-037-01)","Adrenergic alpha-Antagonists [MoA],  Adrenergic beta1-Antagonists [MoA],  Adrenergic beta2-Antagonists [MoA],  alpha-Adrenergic Blocker [EPC],  beta-Adrenergic Blocker [EPC]","N/A","No","12/31/2027"
"Carvedilol","72888-499-01","3.125 mg/1","TABLET, FILM COATED","ORAL","ANDA078786","Advagen Pharma Limited","72888-499","Carvedilol","CARVEDILOL","HUMAN PRESCRIPTION DRUG","09/17/2025","N/A","ANDA","100 TABLET, FILM COATED in 1 BOTTLE, PLASTIC (72888-499-01)","Adrenergic alpha-Antagonists [MoA],  Adrenergic beta1-Antagonists [MoA],  Adrenergic beta2-Antagonists [MoA],  alpha-Adrenergic Blocker [EPC],  beta-Adrenergic Blocker [EPC]","N/A","No","12/31/2027"
"Carvedilol","72888-499-03","3.125 mg/1","TABLET, FILM COATED","ORAL","ANDA078786","Advagen Pharma Limited","72888-499","Carvedilol","CARVEDILOL","HUMAN PRESCRIPTION DRUG","09/17/2025","N/A","ANDA","1000 TABLET, FILM COATED in 1 BOTTLE, PLASTIC (72888-499-03)","Adrenergic alpha-Antagonists [MoA],  Adrenergic beta1-Antagonists [MoA],  Adrenergic beta2-Antagonists [MoA],  alpha-Adrenergic Blocker [EPC],  beta-Adrenergic Blocker [EPC]","N/A","No","12/31/2027"
"Carvedilol","72888-499-02","3.125 mg/1","TABLET, FILM COATED","ORAL","ANDA078786","Advagen Pharma Limited","72888-499","Carvedilol","CARVEDILOL","HUMAN PRESCRIPTION DRUG","09/17/2025","N/A","ANDA","500 TABLET, FILM COATED in 1 BOTTLE, PLASTIC (72888-499-02)","Adrenergic alpha-Antagonists [MoA],  Adrenergic beta1-Antagonists [MoA],  Adrenergic beta2-Antagonists [MoA],  alpha-Adrenergic Blocker [EPC],  beta-Adrenergic Blocker [EPC]","N/A","No","12/31/2027"
"Carvedilol","72888-500-02","6.25 mg/1","TABLET, FILM COATED","ORAL","ANDA078786","Advagen Pharma Limited","72888-500","Carvedilol","CARVEDILOL","HUMAN PRESCRIPTION DRUG","09/17/2025","N/A","ANDA","500 TABLET, FILM COATED in 1 BOTTLE, PLASTIC (72888-500-02)","Adrenergic alpha-Antagonists [MoA],  Adrenergic beta1-Antagonists [MoA],  Adrenergic beta2-Antagonists [MoA],  alpha-Adrenergic Blocker [EPC],  beta-Adrenergic Blocker [EPC]","N/A","No","12/31/2027"
"Carvedilol","72888-500-01","6.25 mg/1","TABLET, FILM COATED","ORAL","ANDA078786","Advagen Pharma Limited","72888-500","Carvedilol","CARVEDILOL","HUMAN PRESCRIPTION DRUG","09/17/2025","N/A","ANDA","100 TABLET, FILM COATED in 1 BOTTLE, PLASTIC (72888-500-01)","Adrenergic alpha-Antagonists [MoA],  Adrenergic beta1-Antagonists [MoA],  Adrenergic beta2-Antagonists [MoA],  alpha-Adrenergic Blocker [EPC],  beta-Adrenergic Blocker [EPC]","N/A","No","12/31/2027"
"Carvedilol","72888-500-03","6.25 mg/1","TABLET, FILM COATED","ORAL","ANDA078786","Advagen Pharma Limited","72888-500","Carvedilol","CARVEDILOL","HUMAN PRESCRIPTION DRUG","09/17/2025","N/A","ANDA","1000 TABLET, FILM COATED in 1 BOTTLE, PLASTIC (72888-500-03)","Adrenergic alpha-Antagonists [MoA],  Adrenergic beta1-Antagonists [MoA],  Adrenergic beta2-Antagonists [MoA],  alpha-Adrenergic Blocker [EPC],  beta-Adrenergic Blocker [EPC]","N/A","No","12/31/2027"
"Carvedilol","72888-501-03","12.5 mg/1","TABLET, FILM COATED","ORAL","ANDA078786","Advagen Pharma Limited","72888-501","Carvedilol","CARVEDILOL","HUMAN PRESCRIPTION DRUG","09/17/2025","N/A","ANDA","1000 TABLET, FILM COATED in 1 BOTTLE, PLASTIC (72888-501-03)","Adrenergic alpha-Antagonists [MoA],  Adrenergic beta1-Antagonists [MoA],  Adrenergic beta2-Antagonists [MoA],  alpha-Adrenergic Blocker [EPC],  beta-Adrenergic Blocker [EPC]","N/A","No","12/31/2027"
"Carvedilol","72888-501-02","12.5 mg/1","TABLET, FILM COATED","ORAL","ANDA078786","Advagen Pharma Limited","72888-501","Carvedilol","CARVEDILOL","HUMAN PRESCRIPTION DRUG","09/17/2025","N/A","ANDA","500 TABLET, FILM COATED in 1 BOTTLE, PLASTIC (72888-501-02)","Adrenergic alpha-Antagonists [MoA],  Adrenergic beta1-Antagonists [MoA],  Adrenergic beta2-Antagonists [MoA],  alpha-Adrenergic Blocker [EPC],  beta-Adrenergic Blocker [EPC]","N/A","No","12/31/2027"
"Carvedilol","72888-501-01","12.5 mg/1","TABLET, FILM COATED","ORAL","ANDA078786","Advagen Pharma Limited","72888-501","Carvedilol","CARVEDILOL","HUMAN PRESCRIPTION DRUG","09/17/2025","N/A","ANDA","100 TABLET, FILM COATED in 1 BOTTLE, PLASTIC (72888-501-01)","Adrenergic alpha-Antagonists [MoA],  Adrenergic beta1-Antagonists [MoA],  Adrenergic beta2-Antagonists [MoA],  alpha-Adrenergic Blocker [EPC],  beta-Adrenergic Blocker [EPC]","N/A","No","12/31/2027"
"Carvedilol","72888-502-02","25 mg/1","TABLET, FILM COATED","ORAL","ANDA078786","Advagen Pharma Limited","72888-502","Carvedilol","CARVEDILOL","HUMAN PRESCRIPTION DRUG","09/17/2025","N/A","ANDA","500 TABLET, FILM COATED in 1 BOTTLE, PLASTIC (72888-502-02)","Adrenergic alpha-Antagonists [MoA],  Adrenergic beta1-Antagonists [MoA],  Adrenergic beta2-Antagonists [MoA],  alpha-Adrenergic Blocker [EPC],  beta-Adrenergic Blocker [EPC]","N/A","No","12/31/2027"
"Carvedilol","72888-502-03","25 mg/1","TABLET, FILM COATED","ORAL","ANDA078786","Advagen Pharma Limited","72888-502","Carvedilol","CARVEDILOL","HUMAN PRESCRIPTION DRUG","09/17/2025","N/A","ANDA","1000 TABLET, FILM COATED in 1 BOTTLE, PLASTIC (72888-502-03)","Adrenergic alpha-Antagonists [MoA],  Adrenergic beta1-Antagonists [MoA],  Adrenergic beta2-Antagonists [MoA],  alpha-Adrenergic Blocker [EPC],  beta-Adrenergic Blocker [EPC]","N/A","No","12/31/2027"
"Carvedilol","72888-502-01","25 mg/1","TABLET, FILM COATED","ORAL","ANDA078786","Advagen Pharma Limited","72888-502","Carvedilol","CARVEDILOL","HUMAN PRESCRIPTION DRUG","09/17/2025","N/A","ANDA","100 TABLET, FILM COATED in 1 BOTTLE, PLASTIC (72888-502-01)","Adrenergic alpha-Antagonists [MoA],  Adrenergic beta1-Antagonists [MoA],  Adrenergic beta2-Antagonists [MoA],  alpha-Adrenergic Blocker [EPC],  beta-Adrenergic Blocker [EPC]","N/A","No","12/31/2027"
"Carvedilol","76385-110-50","3.125 mg/1","TABLET, FILM COATED","ORAL","ANDA078384","UNICHEM PHARMACEUTICALS (USA), INC.","76385-110","Carvedilol","CARVEDILOL","HUMAN PRESCRIPTION DRUG","10/01/2016","N/A","ANDA","500 TABLET, FILM COATED in 1 BOTTLE, PLASTIC (76385-110-50)","Adrenergic alpha-Antagonists [MoA],  Adrenergic beta1-Antagonists [MoA],  Adrenergic beta2-Antagonists [MoA],  alpha-Adrenergic Blocker [EPC],  beta-Adrenergic Blocker [EPC]","N/A","No","12/31/2027"
"Carvedilol","76385-110-01","3.125 mg/1","TABLET, FILM COATED","ORAL","ANDA078384","UNICHEM PHARMACEUTICALS (USA), INC.","76385-110","Carvedilol","CARVEDILOL","HUMAN PRESCRIPTION DRUG","10/01/2016","N/A","ANDA","100 TABLET, FILM COATED in 1 BOTTLE, PLASTIC (76385-110-01)","Adrenergic alpha-Antagonists [MoA],  Adrenergic beta1-Antagonists [MoA],  Adrenergic beta2-Antagonists [MoA],  alpha-Adrenergic Blocker [EPC],  beta-Adrenergic Blocker [EPC]","N/A","No","12/31/2027"
"Carvedilol","76385-111-50","6.25 mg/1","TABLET, FILM COATED","ORAL","ANDA078384","UNICHEM PHARMACEUTICALS (USA), INC.","76385-111","Carvedilol","CARVEDILOL","HUMAN PRESCRIPTION DRUG","10/01/2016","N/A","ANDA","500 TABLET, FILM COATED in 1 BOTTLE, PLASTIC (76385-111-50)","Adrenergic alpha-Antagonists [MoA],  Adrenergic beta1-Antagonists [MoA],  Adrenergic beta2-Antagonists [MoA],  alpha-Adrenergic Blocker [EPC],  beta-Adrenergic Blocker [EPC]","N/A","No","12/31/2027"
"Carvedilol","76385-111-01","6.25 mg/1","TABLET, FILM COATED","ORAL","ANDA078384","UNICHEM PHARMACEUTICALS (USA), INC.","76385-111","Carvedilol","CARVEDILOL","HUMAN PRESCRIPTION DRUG","10/01/2016","N/A","ANDA","100 TABLET, FILM COATED in 1 BOTTLE, PLASTIC (76385-111-01)","Adrenergic alpha-Antagonists [MoA],  Adrenergic beta1-Antagonists [MoA],  Adrenergic beta2-Antagonists [MoA],  alpha-Adrenergic Blocker [EPC],  beta-Adrenergic Blocker [EPC]","N/A","No","12/31/2027"
"Carvedilol","76385-112-01","12.5 mg/1","TABLET, FILM COATED","ORAL","ANDA078384","UNICHEM PHARMACEUTICALS (USA), INC.","76385-112","Carvedilol","CARVEDILOL","HUMAN PRESCRIPTION DRUG","10/01/2016","N/A","ANDA","100 TABLET, FILM COATED in 1 BOTTLE, PLASTIC (76385-112-01)","Adrenergic alpha-Antagonists [MoA],  Adrenergic beta1-Antagonists [MoA],  Adrenergic beta2-Antagonists [MoA],  alpha-Adrenergic Blocker [EPC],  beta-Adrenergic Blocker [EPC]","N/A","No","12/31/2027"
"Carvedilol","76385-112-50","12.5 mg/1","TABLET, FILM COATED","ORAL","ANDA078384","UNICHEM PHARMACEUTICALS (USA), INC.","76385-112","Carvedilol","CARVEDILOL","HUMAN PRESCRIPTION DRUG","10/01/2016","N/A","ANDA","500 TABLET, FILM COATED in 1 BOTTLE, PLASTIC (76385-112-50)","Adrenergic alpha-Antagonists [MoA],  Adrenergic beta1-Antagonists [MoA],  Adrenergic beta2-Antagonists [MoA],  alpha-Adrenergic Blocker [EPC],  beta-Adrenergic Blocker [EPC]","N/A","No","12/31/2027"
"Carvedilol","76385-113-01","25 mg/1","TABLET, FILM COATED","ORAL","ANDA078384","UNICHEM PHARMACEUTICALS (USA), INC.","76385-113","Carvedilol","CARVEDILOL","HUMAN PRESCRIPTION DRUG","10/01/2016","N/A","ANDA","100 TABLET, FILM COATED in 1 BOTTLE, PLASTIC (76385-113-01)","Adrenergic alpha-Antagonists [MoA],  Adrenergic beta1-Antagonists [MoA],  Adrenergic beta2-Antagonists [MoA],  alpha-Adrenergic Blocker [EPC],  beta-Adrenergic Blocker [EPC]","N/A","No","12/31/2027"
"Carvedilol","76385-113-50","25 mg/1","TABLET, FILM COATED","ORAL","ANDA078384","UNICHEM PHARMACEUTICALS (USA), INC.","76385-113","Carvedilol","CARVEDILOL","HUMAN PRESCRIPTION DRUG","10/01/2016","N/A","ANDA","500 TABLET, FILM COATED in 1 BOTTLE, PLASTIC (76385-113-50)","Adrenergic alpha-Antagonists [MoA],  Adrenergic beta1-Antagonists [MoA],  Adrenergic beta2-Antagonists [MoA],  alpha-Adrenergic Blocker [EPC],  beta-Adrenergic Blocker [EPC]","N/A","No","12/31/2027"
"Carvedilol","82009-125-05","3.125 mg/1","TABLET, FILM COATED","ORAL","ANDA077614","Quallent Pharmaceuticals Health LLC","82009-125","Carvedilol","CARVEDILOL","HUMAN PRESCRIPTION DRUG","08/03/2023","N/A","ANDA","500 TABLET, FILM COATED in 1 BOTTLE (82009-125-05)","Adrenergic alpha-Antagonists [MoA],  Adrenergic beta1-Antagonists [MoA],  Adrenergic beta2-Antagonists [MoA],  alpha-Adrenergic Blocker [EPC],  beta-Adrenergic Blocker [EPC]","N/A","No","12/31/2027"
"Carvedilol","82009-126-05","6.25 mg/1","TABLET, FILM COATED","ORAL","ANDA077614","Quallent Pharmaceuticals Health LLC","82009-126","Carvedilol","CARVEDILOL","HUMAN PRESCRIPTION DRUG","08/03/2023","N/A","ANDA","500 TABLET, FILM COATED in 1 BOTTLE (82009-126-05)","Adrenergic alpha-Antagonists [MoA],  Adrenergic beta1-Antagonists [MoA],  Adrenergic beta2-Antagonists [MoA],  alpha-Adrenergic Blocker [EPC],  beta-Adrenergic Blocker [EPC]","N/A","No","12/31/2027"
"Carvedilol","82009-127-05","12.5 mg/1","TABLET, FILM COATED","ORAL","ANDA077614","Quallent Pharmaceuticals Health LLC","82009-127","Carvedilol","CARVEDILOL","HUMAN PRESCRIPTION DRUG","08/03/2023","N/A","ANDA","500 TABLET, FILM COATED in 1 BOTTLE (82009-127-05)","Adrenergic alpha-Antagonists [MoA],  Adrenergic beta1-Antagonists [MoA],  Adrenergic beta2-Antagonists [MoA],  alpha-Adrenergic Blocker [EPC],  beta-Adrenergic Blocker [EPC]","N/A","No","12/31/2027"
"Carvedilol","82009-128-05","25 mg/1","TABLET, FILM COATED","ORAL","ANDA077614","Quallent Pharmaceuticals Health LLC","82009-128","Carvedilol","CARVEDILOL","HUMAN PRESCRIPTION DRUG","08/03/2023","N/A","ANDA","500 TABLET, FILM COATED in 1 BOTTLE (82009-128-05)","Adrenergic alpha-Antagonists [MoA],  Adrenergic beta1-Antagonists [MoA],  Adrenergic beta2-Antagonists [MoA],  alpha-Adrenergic Blocker [EPC],  beta-Adrenergic Blocker [EPC]","N/A","No","12/31/2027"
"Carvedilol","82804-138-60","25 mg/1","TABLET, FILM COATED","ORAL","ANDA076373","Proficient Rx LP","82804-138","Carvedilol","CARVEDILOL","HUMAN PRESCRIPTION DRUG","12/04/2025","N/A","ANDA","60 TABLET, FILM COATED in 1 BOTTLE (82804-138-60)","Adrenergic alpha-Antagonists [MoA],  Adrenergic beta1-Antagonists [MoA],  Adrenergic beta2-Antagonists [MoA],  alpha-Adrenergic Blocker [EPC],  beta-Adrenergic Blocker [EPC]","N/A","No","12/31/2026"
"Carvedilol","82804-138-90","25 mg/1","TABLET, FILM COATED","ORAL","ANDA076373","Proficient Rx LP","82804-138","Carvedilol","CARVEDILOL","HUMAN PRESCRIPTION DRUG","09/06/2024","N/A","ANDA","90 TABLET, FILM COATED in 1 BOTTLE (82804-138-90)","Adrenergic alpha-Antagonists [MoA],  Adrenergic beta1-Antagonists [MoA],  Adrenergic beta2-Antagonists [MoA],  alpha-Adrenergic Blocker [EPC],  beta-Adrenergic Blocker [EPC]","N/A","No","12/31/2026"
"Carvedilol","82804-183-90","25 mg/1","TABLET, FILM COATED","ORAL","ANDA078384","Proficient Rx LP","82804-183","Carvedilol","CARVEDILOL","HUMAN PRESCRIPTION DRUG","02/04/2025","N/A","ANDA","90 TABLET, FILM COATED in 1 BOTTLE, PLASTIC (82804-183-90)","Adrenergic alpha-Antagonists [MoA],  Adrenergic beta1-Antagonists [MoA],  Adrenergic beta2-Antagonists [MoA],  alpha-Adrenergic Blocker [EPC],  beta-Adrenergic Blocker [EPC]","N/A","No","12/31/2026"
"Carvedilol","82804-191-60","3.125 mg/1","TABLET, FILM COATED","ORAL","ANDA076373","Proficient Rx LP","82804-191","Carvedilol","CARVEDILOL","HUMAN PRESCRIPTION DRUG","02/01/2025","N/A","ANDA","60 TABLET, FILM COATED in 1 BOTTLE (82804-191-60)","Adrenergic alpha-Antagonists [MoA],  Adrenergic beta1-Antagonists [MoA],  Adrenergic beta2-Antagonists [MoA],  alpha-Adrenergic Blocker [EPC],  beta-Adrenergic Blocker [EPC]","N/A","No","12/31/2026"
"Carvedilol","82804-225-90","12.5 mg/1","TABLET, FILM COATED","ORAL","ANDA076373","Proficient Rx LP","82804-225","Carvedilol","CARVEDILOL","HUMAN PRESCRIPTION DRUG","05/22/2025","N/A","ANDA","90 TABLET, FILM COATED in 1 BOTTLE (82804-225-90)","Adrenergic alpha-Antagonists [MoA],  Adrenergic beta1-Antagonists [MoA],  Adrenergic beta2-Antagonists [MoA],  alpha-Adrenergic Blocker [EPC],  beta-Adrenergic Blocker [EPC]","N/A","No","12/31/2026"
"Carvedilol","82804-270-90","6.25 mg/1","TABLET, FILM COATED","ORAL","ANDA076373","Proficient Rx LP","82804-270","Carvedilol","CARVEDILOL","HUMAN PRESCRIPTION DRUG","02/26/2026","N/A","ANDA","90 TABLET, FILM COATED in 1 BOTTLE (82804-270-90)","Adrenergic alpha-Antagonists [MoA],  Adrenergic beta1-Antagonists [MoA],  Adrenergic beta2-Antagonists [MoA],  alpha-Adrenergic Blocker [EPC],  beta-Adrenergic Blocker [EPC]","N/A","No","12/31/2027"
"Carvedilol","82804-270-60","6.25 mg/1","TABLET, FILM COATED","ORAL","ANDA076373","Proficient Rx LP","82804-270","Carvedilol","CARVEDILOL","HUMAN PRESCRIPTION DRUG","02/26/2026","N/A","ANDA","60 TABLET, FILM COATED in 1 BOTTLE (82804-270-60)","Adrenergic alpha-Antagonists [MoA],  Adrenergic beta1-Antagonists [MoA],  Adrenergic beta2-Antagonists [MoA],  alpha-Adrenergic Blocker [EPC],  beta-Adrenergic Blocker [EPC]","N/A","No","12/31/2027"
"Carvedilol Phosphate","0115-1248-03","10 mg/1","CAPSULE, EXTENDED RELEASE","ORAL","ANDA204717","Amneal Pharmaceuticals of New York LLC","0115-1248","CARVEDILOL PHOSPHATE","CARVEDILOL PHOSPHATE","HUMAN PRESCRIPTION DRUG","01/01/2024","N/A","ANDA","1000 CAPSULE, EXTENDED RELEASE in 1 BOTTLE (0115-1248-03)","Adrenergic alpha-Antagonists [MoA],  Adrenergic beta1-Antagonists [MoA],  Adrenergic beta2-Antagonists [MoA],  alpha-Adrenergic Blocker [EPC],  beta-Adrenergic Blocker [EPC]","N/A","No","12/31/2026"
"Carvedilol Phosphate","0115-1248-01","10 mg/1","CAPSULE, EXTENDED RELEASE","ORAL","ANDA204717","Amneal Pharmaceuticals of New York LLC","0115-1248","CARVEDILOL PHOSPHATE","CARVEDILOL PHOSPHATE","HUMAN PRESCRIPTION DRUG","01/01/2024","N/A","ANDA","100 CAPSULE, EXTENDED RELEASE in 1 BOTTLE (0115-1248-01)","Adrenergic alpha-Antagonists [MoA],  Adrenergic beta1-Antagonists [MoA],  Adrenergic beta2-Antagonists [MoA],  alpha-Adrenergic Blocker [EPC],  beta-Adrenergic Blocker [EPC]","N/A","No","12/31/2026"
"Carvedilol Phosphate","0115-1248-10","10 mg/1","CAPSULE, EXTENDED RELEASE","ORAL","ANDA204717","Amneal Pharmaceuticals of New York LLC","0115-1248","CARVEDILOL PHOSPHATE","CARVEDILOL PHOSPHATE","HUMAN PRESCRIPTION DRUG","01/01/2024","N/A","ANDA","90 CAPSULE, EXTENDED RELEASE in 1 BOTTLE (0115-1248-10)","Adrenergic alpha-Antagonists [MoA],  Adrenergic beta1-Antagonists [MoA],  Adrenergic beta2-Antagonists [MoA],  alpha-Adrenergic Blocker [EPC],  beta-Adrenergic Blocker [EPC]","N/A","No","12/31/2026"
"Carvedilol Phosphate","0115-1248-08","10 mg/1","CAPSULE, EXTENDED RELEASE","ORAL","ANDA204717","Amneal Pharmaceuticals of New York LLC","0115-1248","CARVEDILOL PHOSPHATE","CARVEDILOL PHOSPHATE","HUMAN PRESCRIPTION DRUG","01/01/2024","N/A","ANDA","30 CAPSULE, EXTENDED RELEASE in 1 BOTTLE (0115-1248-08)","Adrenergic alpha-Antagonists [MoA],  Adrenergic beta1-Antagonists [MoA],  Adrenergic beta2-Antagonists [MoA],  alpha-Adrenergic Blocker [EPC],  beta-Adrenergic Blocker [EPC]","N/A","No","12/31/2026"
"Carvedilol Phosphate","0115-1249-01","20 mg/1","CAPSULE, EXTENDED RELEASE","ORAL","ANDA204717","Amneal Pharmaceuticals of New York LLC","0115-1249","CARVEDILOL PHOSPHATE","CARVEDILOL PHOSPHATE","HUMAN PRESCRIPTION DRUG","01/01/2024","N/A","ANDA","100 CAPSULE, EXTENDED RELEASE in 1 BOTTLE (0115-1249-01)","Adrenergic alpha-Antagonists [MoA],  Adrenergic beta1-Antagonists [MoA],  Adrenergic beta2-Antagonists [MoA],  alpha-Adrenergic Blocker [EPC],  beta-Adrenergic Blocker [EPC]","N/A","No","12/31/2026"
"Carvedilol Phosphate","0115-1249-08","20 mg/1","CAPSULE, EXTENDED RELEASE","ORAL","ANDA204717","Amneal Pharmaceuticals of New York LLC","0115-1249","CARVEDILOL PHOSPHATE","CARVEDILOL PHOSPHATE","HUMAN PRESCRIPTION DRUG","01/01/2024","N/A","ANDA","30 CAPSULE, EXTENDED RELEASE in 1 BOTTLE (0115-1249-08)","Adrenergic alpha-Antagonists [MoA],  Adrenergic beta1-Antagonists [MoA],  Adrenergic beta2-Antagonists [MoA],  alpha-Adrenergic Blocker [EPC],  beta-Adrenergic Blocker [EPC]","N/A","No","12/31/2026"
"Carvedilol Phosphate","0115-1249-03","20 mg/1","CAPSULE, EXTENDED RELEASE","ORAL","ANDA204717","Amneal Pharmaceuticals of New York LLC","0115-1249","CARVEDILOL PHOSPHATE","CARVEDILOL PHOSPHATE","HUMAN PRESCRIPTION DRUG","01/01/2024","N/A","ANDA","1000 CAPSULE, EXTENDED RELEASE in 1 BOTTLE (0115-1249-03)","Adrenergic alpha-Antagonists [MoA],  Adrenergic beta1-Antagonists [MoA],  Adrenergic beta2-Antagonists [MoA],  alpha-Adrenergic Blocker [EPC],  beta-Adrenergic Blocker [EPC]","N/A","No","12/31/2026"
"Carvedilol Phosphate","0115-1249-10","20 mg/1","CAPSULE, EXTENDED RELEASE","ORAL","ANDA204717","Amneal Pharmaceuticals of New York LLC","0115-1249","CARVEDILOL PHOSPHATE","CARVEDILOL PHOSPHATE","HUMAN PRESCRIPTION DRUG","01/01/2024","N/A","ANDA","90 CAPSULE, EXTENDED RELEASE in 1 BOTTLE (0115-1249-10)","Adrenergic alpha-Antagonists [MoA],  Adrenergic beta1-Antagonists [MoA],  Adrenergic beta2-Antagonists [MoA],  alpha-Adrenergic Blocker [EPC],  beta-Adrenergic Blocker [EPC]","N/A","No","12/31/2026"
"Carvedilol Phosphate","0115-1250-01","40 mg/1","CAPSULE, EXTENDED RELEASE","ORAL","ANDA204717","Amneal Pharmaceuticals of New York LLC","0115-1250","CARVEDILOL PHOSPHATE","CARVEDILOL PHOSPHATE","HUMAN PRESCRIPTION DRUG","01/01/2024","N/A","ANDA","100 CAPSULE, EXTENDED RELEASE in 1 BOTTLE (0115-1250-01)","Adrenergic alpha-Antagonists [MoA],  Adrenergic beta1-Antagonists [MoA],  Adrenergic beta2-Antagonists [MoA],  alpha-Adrenergic Blocker [EPC],  beta-Adrenergic Blocker [EPC]","N/A","No","12/31/2026"
"Carvedilol Phosphate","0115-1250-03","40 mg/1","CAPSULE, EXTENDED RELEASE","ORAL","ANDA204717","Amneal Pharmaceuticals of New York LLC","0115-1250","CARVEDILOL PHOSPHATE","CARVEDILOL PHOSPHATE","HUMAN PRESCRIPTION DRUG","01/01/2024","N/A","ANDA","1000 CAPSULE, EXTENDED RELEASE in 1 BOTTLE (0115-1250-03)","Adrenergic alpha-Antagonists [MoA],  Adrenergic beta1-Antagonists [MoA],  Adrenergic beta2-Antagonists [MoA],  alpha-Adrenergic Blocker [EPC],  beta-Adrenergic Blocker [EPC]","N/A","No","12/31/2026"
"Carvedilol Phosphate","0115-1250-08","40 mg/1","CAPSULE, EXTENDED RELEASE","ORAL","ANDA204717","Amneal Pharmaceuticals of New York LLC","0115-1250","CARVEDILOL PHOSPHATE","CARVEDILOL PHOSPHATE","HUMAN PRESCRIPTION DRUG","01/01/2024","N/A","ANDA","30 CAPSULE, EXTENDED RELEASE in 1 BOTTLE (0115-1250-08)","Adrenergic alpha-Antagonists [MoA],  Adrenergic beta1-Antagonists [MoA],  Adrenergic beta2-Antagonists [MoA],  alpha-Adrenergic Blocker [EPC],  beta-Adrenergic Blocker [EPC]","N/A","No","12/31/2026"
"Carvedilol Phosphate","0115-1250-10","40 mg/1","CAPSULE, EXTENDED RELEASE","ORAL","ANDA204717","Amneal Pharmaceuticals of New York LLC","0115-1250","CARVEDILOL PHOSPHATE","CARVEDILOL PHOSPHATE","HUMAN PRESCRIPTION DRUG","01/01/2024","N/A","ANDA","90 CAPSULE, EXTENDED RELEASE in 1 BOTTLE (0115-1250-10)","Adrenergic alpha-Antagonists [MoA],  Adrenergic beta1-Antagonists [MoA],  Adrenergic beta2-Antagonists [MoA],  alpha-Adrenergic Blocker [EPC],  beta-Adrenergic Blocker [EPC]","N/A","No","12/31/2026"
"Carvedilol Phosphate","0115-1251-08","80 mg/1","CAPSULE, EXTENDED RELEASE","ORAL","ANDA204717","Amneal Pharmaceuticals of New York LLC","0115-1251","CARVEDILOL PHOSPHATE","CARVEDILOL PHOSPHATE","HUMAN PRESCRIPTION DRUG","01/01/2024","N/A","ANDA","30 CAPSULE, EXTENDED RELEASE in 1 BOTTLE (0115-1251-08)","Adrenergic alpha-Antagonists [MoA],  Adrenergic beta1-Antagonists [MoA],  Adrenergic beta2-Antagonists [MoA],  alpha-Adrenergic Blocker [EPC],  beta-Adrenergic Blocker [EPC]","N/A","No","12/31/2026"
"Carvedilol Phosphate","0115-1251-01","80 mg/1","CAPSULE, EXTENDED RELEASE","ORAL","ANDA204717","Amneal Pharmaceuticals of New York LLC","0115-1251","CARVEDILOL PHOSPHATE","CARVEDILOL PHOSPHATE","HUMAN PRESCRIPTION DRUG","01/01/2024","N/A","ANDA","100 CAPSULE, EXTENDED RELEASE in 1 BOTTLE (0115-1251-01)","Adrenergic alpha-Antagonists [MoA],  Adrenergic beta1-Antagonists [MoA],  Adrenergic beta2-Antagonists [MoA],  alpha-Adrenergic Blocker [EPC],  beta-Adrenergic Blocker [EPC]","N/A","No","12/31/2026"
"Carvedilol Phosphate","0115-1251-03","80 mg/1","CAPSULE, EXTENDED RELEASE","ORAL","ANDA204717","Amneal Pharmaceuticals of New York LLC","0115-1251","CARVEDILOL PHOSPHATE","CARVEDILOL PHOSPHATE","HUMAN PRESCRIPTION DRUG","01/01/2024","N/A","ANDA","1000 CAPSULE, EXTENDED RELEASE in 1 BOTTLE (0115-1251-03)","Adrenergic alpha-Antagonists [MoA],  Adrenergic beta1-Antagonists [MoA],  Adrenergic beta2-Antagonists [MoA],  alpha-Adrenergic Blocker [EPC],  beta-Adrenergic Blocker [EPC]","N/A","No","12/31/2026"
"Carvedilol Phosphate","0115-1251-10","80 mg/1","CAPSULE, EXTENDED RELEASE","ORAL","ANDA204717","Amneal Pharmaceuticals of New York LLC","0115-1251","CARVEDILOL PHOSPHATE","CARVEDILOL PHOSPHATE","HUMAN PRESCRIPTION DRUG","01/01/2024","N/A","ANDA","90 CAPSULE, EXTENDED RELEASE in 1 BOTTLE (0115-1251-10)","Adrenergic alpha-Antagonists [MoA],  Adrenergic beta1-Antagonists [MoA],  Adrenergic beta2-Antagonists [MoA],  alpha-Adrenergic Blocker [EPC],  beta-Adrenergic Blocker [EPC]","N/A","No","12/31/2026"
"Carvedilol Phosphate","16714-227-01","10 mg/1","CAPSULE, EXTENDED RELEASE","ORAL","ANDA090132","NorthStar RxLLC","16714-227","Carvedilol Phosphate","CARVEDILOL PHOSPHATE","HUMAN PRESCRIPTION DRUG","07/22/2021","N/A","ANDA","30 CAPSULE, EXTENDED RELEASE in 1 BOTTLE, PLASTIC (16714-227-01)","Adrenergic alpha-Antagonists [MoA],  Adrenergic beta1-Antagonists [MoA],  Adrenergic beta2-Antagonists [MoA],  alpha-Adrenergic Blocker [EPC],  beta-Adrenergic Blocker [EPC]","N/A","No","12/31/2027"
"Carvedilol Phosphate","16714-228-01","20 mg/1","CAPSULE, EXTENDED RELEASE","ORAL","ANDA090132","NorthStar RxLLC","16714-228","Carvedilol Phosphate","CARVEDILOL PHOSPHATE","HUMAN PRESCRIPTION DRUG","07/22/2021","N/A","ANDA","30 CAPSULE, EXTENDED RELEASE in 1 BOTTLE, PLASTIC (16714-228-01)","Adrenergic alpha-Antagonists [MoA],  Adrenergic beta1-Antagonists [MoA],  Adrenergic beta2-Antagonists [MoA],  alpha-Adrenergic Blocker [EPC],  beta-Adrenergic Blocker [EPC]","N/A","No","12/31/2027"
"Carvedilol Phosphate","16714-229-01","40 mg/1","CAPSULE, EXTENDED RELEASE","ORAL","ANDA090132","NorthStar RxLLC","16714-229","Carvedilol Phosphate","CARVEDILOL PHOSPHATE","HUMAN PRESCRIPTION DRUG","07/22/2021","N/A","ANDA","30 CAPSULE, EXTENDED RELEASE in 1 BOTTLE, PLASTIC (16714-229-01)","Adrenergic alpha-Antagonists [MoA],  Adrenergic beta1-Antagonists [MoA],  Adrenergic beta2-Antagonists [MoA],  alpha-Adrenergic Blocker [EPC],  beta-Adrenergic Blocker [EPC]","N/A","No","12/31/2027"
"Carvedilol Phosphate","16714-230-01","80 mg/1","CAPSULE, EXTENDED RELEASE","ORAL","ANDA090132","NorthStar RxLLC","16714-230","Carvedilol Phosphate","CARVEDILOL PHOSPHATE","HUMAN PRESCRIPTION DRUG","07/22/2021","N/A","ANDA","30 CAPSULE, EXTENDED RELEASE in 1 BOTTLE, PLASTIC (16714-230-01)","Adrenergic alpha-Antagonists [MoA],  Adrenergic beta1-Antagonists [MoA],  Adrenergic beta2-Antagonists [MoA],  alpha-Adrenergic Blocker [EPC],  beta-Adrenergic Blocker [EPC]","N/A","No","12/31/2027"
"Carvedilol Phosphate","42291-479-30","10 mg/1","CAPSULE, EXTENDED RELEASE","ORAL","ANDA204717","AvKARE","42291-479","Carvedilol Phosphate","CARVEDILOL PHOSPHATE","HUMAN PRESCRIPTION DRUG","06/27/2024","N/A","ANDA","30 CAPSULE, EXTENDED RELEASE in 1 BOTTLE (42291-479-30)","Adrenergic alpha-Antagonists [MoA],  Adrenergic beta1-Antagonists [MoA],  Adrenergic beta2-Antagonists [MoA],  alpha-Adrenergic Blocker [EPC],  beta-Adrenergic Blocker [EPC]","N/A","No","12/31/2027"
"Carvedilol Phosphate","42291-480-30","20 mg/1","CAPSULE, EXTENDED RELEASE","ORAL","ANDA204717","AvKARE","42291-480","Carvedilol Phosphate","CARVEDILOL PHOSPHATE","HUMAN PRESCRIPTION DRUG","06/27/2024","N/A","ANDA","30 CAPSULE, EXTENDED RELEASE in 1 BOTTLE (42291-480-30)","Adrenergic alpha-Antagonists [MoA],  Adrenergic beta1-Antagonists [MoA],  Adrenergic beta2-Antagonists [MoA],  alpha-Adrenergic Blocker [EPC],  beta-Adrenergic Blocker [EPC]","N/A","No","12/31/2027"
"Carvedilol Phosphate","42291-481-30","40 mg/1","CAPSULE, EXTENDED RELEASE","ORAL","ANDA204717","AvKARE","42291-481","Carvedilol Phosphate","CARVEDILOL PHOSPHATE","HUMAN PRESCRIPTION DRUG","06/27/2024","N/A","ANDA","30 CAPSULE, EXTENDED RELEASE in 1 BOTTLE (42291-481-30)","Adrenergic alpha-Antagonists [MoA],  Adrenergic beta1-Antagonists [MoA],  Adrenergic beta2-Antagonists [MoA],  alpha-Adrenergic Blocker [EPC],  beta-Adrenergic Blocker [EPC]","N/A","No","12/31/2027"
"Carvedilol Phosphate","42291-482-30","80 mg/1","CAPSULE, EXTENDED RELEASE","ORAL","ANDA204717","AvKARE","42291-482","Carvedilol Phosphate","CARVEDILOL PHOSPHATE","HUMAN PRESCRIPTION DRUG","06/27/2024","N/A","ANDA","30 CAPSULE, EXTENDED RELEASE in 1 BOTTLE (42291-482-30)","Adrenergic alpha-Antagonists [MoA],  Adrenergic beta1-Antagonists [MoA],  Adrenergic beta2-Antagonists [MoA],  alpha-Adrenergic Blocker [EPC],  beta-Adrenergic Blocker [EPC]","N/A","No","12/31/2027"
"Carvedilol Phosphate","51407-050-30","10 mg/1","CAPSULE, EXTENDED RELEASE","ORAL","ANDA090132","Golden State Medical Supply, Inc.","51407-050","Carvedilol Phosphate","CARVEDILOL PHOSPHATE","HUMAN PRESCRIPTION DRUG","02/16/2018","N/A","ANDA","30 CAPSULE, EXTENDED RELEASE in 1 BOTTLE, PLASTIC (51407-050-30)","Adrenergic alpha-Antagonists [MoA],  Adrenergic beta1-Antagonists [MoA],  Adrenergic beta2-Antagonists [MoA],  alpha-Adrenergic Blocker [EPC],  beta-Adrenergic Blocker [EPC]","N/A","No","12/31/2027"
"Carvedilol Phosphate","51407-051-30","20 mg/1","CAPSULE, EXTENDED RELEASE","ORAL","ANDA090132","Golden State Medical Supply, Inc.","51407-051","Carvedilol Phosphate","CARVEDILOL PHOSPHATE","HUMAN PRESCRIPTION DRUG","02/16/2018","N/A","ANDA","30 CAPSULE, EXTENDED RELEASE in 1 BOTTLE, PLASTIC (51407-051-30)","Adrenergic alpha-Antagonists [MoA],  Adrenergic beta1-Antagonists [MoA],  Adrenergic beta2-Antagonists [MoA],  alpha-Adrenergic Blocker [EPC],  beta-Adrenergic Blocker [EPC]","N/A","No","12/31/2027"
"Carvedilol Phosphate","51407-052-30","40 mg/1","CAPSULE, EXTENDED RELEASE","ORAL","ANDA090132","Golden State Medical Supply, Inc.","51407-052","Carvedilol Phosphate","CARVEDILOL PHOSPHATE","HUMAN PRESCRIPTION DRUG","02/16/2018","N/A","ANDA","30 CAPSULE, EXTENDED RELEASE in 1 BOTTLE, PLASTIC (51407-052-30)","Adrenergic alpha-Antagonists [MoA],  Adrenergic beta1-Antagonists [MoA],  Adrenergic beta2-Antagonists [MoA],  alpha-Adrenergic Blocker [EPC],  beta-Adrenergic Blocker [EPC]","N/A","No","12/31/2027"
"Carvedilol Phosphate","51407-053-30","80 mg/1","CAPSULE, EXTENDED RELEASE","ORAL","ANDA090132","Golden State Medical Supply, Inc.","51407-053","Carvedilol Phosphate","CARVEDILOL PHOSPHATE","HUMAN PRESCRIPTION DRUG","02/16/2018","N/A","ANDA","30 CAPSULE, EXTENDED RELEASE in 1 BOTTLE, PLASTIC (51407-053-30)","Adrenergic alpha-Antagonists [MoA],  Adrenergic beta1-Antagonists [MoA],  Adrenergic beta2-Antagonists [MoA],  alpha-Adrenergic Blocker [EPC],  beta-Adrenergic Blocker [EPC]","N/A","No","12/31/2027"
"Carvedilol Phosphate","57664-663-83","10 mg/1","CAPSULE, EXTENDED RELEASE","ORAL","ANDA090132","Sun Pharmaceutical Industries, Inc.","57664-663","Carvedilol Phosphate","CARVEDILOL PHOSPHATE","HUMAN PRESCRIPTION DRUG","11/08/2017","N/A","ANDA","30 CAPSULE, EXTENDED RELEASE in 1 BOTTLE, PLASTIC (57664-663-83)","Adrenergic alpha-Antagonists [MoA],  Adrenergic beta1-Antagonists [MoA],  Adrenergic beta2-Antagonists [MoA],  alpha-Adrenergic Blocker [EPC],  beta-Adrenergic Blocker [EPC]","N/A","No","12/31/2026"
"Carvedilol Phosphate","57664-664-83","20 mg/1","CAPSULE, EXTENDED RELEASE","ORAL","ANDA090132","Sun Pharmaceutical Industries, Inc.","57664-664","Carvedilol Phosphate","CARVEDILOL PHOSPHATE","HUMAN PRESCRIPTION DRUG","11/08/2017","N/A","ANDA","30 CAPSULE, EXTENDED RELEASE in 1 BOTTLE, PLASTIC (57664-664-83)","Adrenergic alpha-Antagonists [MoA],  Adrenergic beta1-Antagonists [MoA],  Adrenergic beta2-Antagonists [MoA],  alpha-Adrenergic Blocker [EPC],  beta-Adrenergic Blocker [EPC]","N/A","No","12/31/2026"
"Carvedilol Phosphate","57664-665-83","40 mg/1","CAPSULE, EXTENDED RELEASE","ORAL","ANDA090132","Sun Pharmaceutical Industries, Inc.","57664-665","Carvedilol Phosphate","CARVEDILOL PHOSPHATE","HUMAN PRESCRIPTION DRUG","11/08/2017","N/A","ANDA","30 CAPSULE, EXTENDED RELEASE in 1 BOTTLE, PLASTIC (57664-665-83)","Adrenergic alpha-Antagonists [MoA],  Adrenergic beta1-Antagonists [MoA],  Adrenergic beta2-Antagonists [MoA],  alpha-Adrenergic Blocker [EPC],  beta-Adrenergic Blocker [EPC]","N/A","No","12/31/2026"
"Carvedilol Phosphate","57664-666-83","80 mg/1","CAPSULE, EXTENDED RELEASE","ORAL","ANDA090132","Sun Pharmaceutical Industries, Inc.","57664-666","Carvedilol Phosphate","CARVEDILOL PHOSPHATE","HUMAN PRESCRIPTION DRUG","11/08/2017","N/A","ANDA","30 CAPSULE, EXTENDED RELEASE in 1 BOTTLE, PLASTIC (57664-666-83)","Adrenergic alpha-Antagonists [MoA],  Adrenergic beta1-Antagonists [MoA],  Adrenergic beta2-Antagonists [MoA],  alpha-Adrenergic Blocker [EPC],  beta-Adrenergic Blocker [EPC]","N/A","No","12/31/2026"
"Carvedilol Phosphate","63629-9634-2","40 mg/1","CAPSULE, EXTENDED RELEASE","ORAL","ANDA090132","Bryant Ranch Prepack","63629-9634","Carvedilol Phosphate","CARVEDILOL PHOSPHATE","HUMAN PRESCRIPTION DRUG","05/11/2023","N/A","ANDA","90 CAPSULE, EXTENDED RELEASE in 1 BOTTLE, PLASTIC (63629-9634-2)","Adrenergic alpha-Antagonists [MoA],  Adrenergic beta1-Antagonists [MoA],  Adrenergic beta2-Antagonists [MoA],  alpha-Adrenergic Blocker [EPC],  beta-Adrenergic Blocker [EPC]","N/A","No","12/31/2026"
"Carvedilol Phosphate","63629-9634-1","40 mg/1","CAPSULE, EXTENDED RELEASE","ORAL","ANDA090132","Bryant Ranch Prepack","63629-9634","Carvedilol Phosphate","CARVEDILOL PHOSPHATE","HUMAN PRESCRIPTION DRUG","05/11/2023","N/A","ANDA","30 CAPSULE, EXTENDED RELEASE in 1 BOTTLE, PLASTIC (63629-9634-1)","Adrenergic alpha-Antagonists [MoA],  Adrenergic beta1-Antagonists [MoA],  Adrenergic beta2-Antagonists [MoA],  alpha-Adrenergic Blocker [EPC],  beta-Adrenergic Blocker [EPC]","N/A","No","12/31/2026"
"Carvedilol Phosphate","63629-9635-2","80 mg/1","CAPSULE, EXTENDED RELEASE","ORAL","ANDA090132","Bryant Ranch Prepack","63629-9635","Carvedilol Phosphate","CARVEDILOL PHOSPHATE","HUMAN PRESCRIPTION DRUG","05/11/2023","N/A","ANDA","90 CAPSULE, EXTENDED RELEASE in 1 BOTTLE, PLASTIC (63629-9635-2)","Adrenergic alpha-Antagonists [MoA],  Adrenergic beta1-Antagonists [MoA],  Adrenergic beta2-Antagonists [MoA],  alpha-Adrenergic Blocker [EPC],  beta-Adrenergic Blocker [EPC]","N/A","No","12/31/2026"
"Carvedilol Phosphate","63629-9635-1","80 mg/1","CAPSULE, EXTENDED RELEASE","ORAL","ANDA090132","Bryant Ranch Prepack","63629-9635","Carvedilol Phosphate","CARVEDILOL PHOSPHATE","HUMAN PRESCRIPTION DRUG","05/11/2023","N/A","ANDA","30 CAPSULE, EXTENDED RELEASE in 1 BOTTLE, PLASTIC (63629-9635-1)","Adrenergic alpha-Antagonists [MoA],  Adrenergic beta1-Antagonists [MoA],  Adrenergic beta2-Antagonists [MoA],  alpha-Adrenergic Blocker [EPC],  beta-Adrenergic Blocker [EPC]","N/A","No","12/31/2026"
"Carvedilol Phosphate","67046-1551-3","10 mg/1","CAPSULE, EXTENDED RELEASE","ORAL","ANDA090132","Coupler LLC","67046-1551","Carvedilol Phosphate","CARVEDILOL PHOSPHATE","HUMAN PRESCRIPTION DRUG","04/09/2025","N/A","ANDA","30 CAPSULE, EXTENDED RELEASE in 1 BLISTER PACK (67046-1551-3)","Adrenergic alpha-Antagonists [MoA],  Adrenergic beta1-Antagonists [MoA],  Adrenergic beta2-Antagonists [MoA],  alpha-Adrenergic Blocker [EPC],  beta-Adrenergic Blocker [EPC]","N/A","No","12/31/2026"
"Carvedilol Phosphate","69238-2577-1","10 mg/1","CAPSULE, EXTENDED RELEASE","ORAL","ANDA204717","Amneal Pharmaceuticals NY LLC","69238-2577","Carvedilol Phosphate","CARVEDILOL PHOSPHATE","HUMAN PRESCRIPTION DRUG","08/01/2023","N/A","ANDA","100 CAPSULE, EXTENDED RELEASE in 1 BOTTLE (69238-2577-1)","Adrenergic alpha-Antagonists [MoA],  Adrenergic beta1-Antagonists [MoA],  Adrenergic beta2-Antagonists [MoA],  alpha-Adrenergic Blocker [EPC],  beta-Adrenergic Blocker [EPC]","N/A","No","12/31/2026"
"Carvedilol Phosphate","69238-2577-9","10 mg/1","CAPSULE, EXTENDED RELEASE","ORAL","ANDA204717","Amneal Pharmaceuticals NY LLC","69238-2577","Carvedilol Phosphate","CARVEDILOL PHOSPHATE","HUMAN PRESCRIPTION DRUG","08/01/2023","N/A","ANDA","90 CAPSULE, EXTENDED RELEASE in 1 BOTTLE (69238-2577-9)","Adrenergic alpha-Antagonists [MoA],  Adrenergic beta1-Antagonists [MoA],  Adrenergic beta2-Antagonists [MoA],  alpha-Adrenergic Blocker [EPC],  beta-Adrenergic Blocker [EPC]","N/A","No","12/31/2026"
"Carvedilol Phosphate","69238-2577-2","10 mg/1","CAPSULE, EXTENDED RELEASE","ORAL","ANDA204717","Amneal Pharmaceuticals NY LLC","69238-2577","Carvedilol Phosphate","CARVEDILOL PHOSPHATE","HUMAN PRESCRIPTION DRUG","08/01/2023","N/A","ANDA","1000 CAPSULE, EXTENDED RELEASE in 1 BOTTLE (69238-2577-2)","Adrenergic alpha-Antagonists [MoA],  Adrenergic beta1-Antagonists [MoA],  Adrenergic beta2-Antagonists [MoA],  alpha-Adrenergic Blocker [EPC],  beta-Adrenergic Blocker [EPC]","N/A","No","12/31/2026"
"Carvedilol Phosphate","69238-2577-3","10 mg/1","CAPSULE, EXTENDED RELEASE","ORAL","ANDA204717","Amneal Pharmaceuticals NY LLC","69238-2577","Carvedilol Phosphate","CARVEDILOL PHOSPHATE","HUMAN PRESCRIPTION DRUG","08/01/2023","N/A","ANDA","30 CAPSULE, EXTENDED RELEASE in 1 BOTTLE (69238-2577-3)","Adrenergic alpha-Antagonists [MoA],  Adrenergic beta1-Antagonists [MoA],  Adrenergic beta2-Antagonists [MoA],  alpha-Adrenergic Blocker [EPC],  beta-Adrenergic Blocker [EPC]","N/A","No","12/31/2026"
"Carvedilol Phosphate","69238-2578-1","20 mg/1","CAPSULE, EXTENDED RELEASE","ORAL","ANDA204717","Amneal Pharmaceuticals NY LLC","69238-2578","Carvedilol Phosphate","CARVEDILOL PHOSPHATE","HUMAN PRESCRIPTION DRUG","08/01/2023","N/A","ANDA","100 CAPSULE, EXTENDED RELEASE in 1 BOTTLE (69238-2578-1)","Adrenergic alpha-Antagonists [MoA],  Adrenergic beta1-Antagonists [MoA],  Adrenergic beta2-Antagonists [MoA],  alpha-Adrenergic Blocker [EPC],  beta-Adrenergic Blocker [EPC]","N/A","No","12/31/2026"
"Carvedilol Phosphate","69238-2578-2","20 mg/1","CAPSULE, EXTENDED RELEASE","ORAL","ANDA204717","Amneal Pharmaceuticals NY LLC","69238-2578","Carvedilol Phosphate","CARVEDILOL PHOSPHATE","HUMAN PRESCRIPTION DRUG","08/01/2023","N/A","ANDA","1000 CAPSULE, EXTENDED RELEASE in 1 BOTTLE (69238-2578-2)","Adrenergic alpha-Antagonists [MoA],  Adrenergic beta1-Antagonists [MoA],  Adrenergic beta2-Antagonists [MoA],  alpha-Adrenergic Blocker [EPC],  beta-Adrenergic Blocker [EPC]","N/A","No","12/31/2026"
"Carvedilol Phosphate","69238-2578-9","20 mg/1","CAPSULE, EXTENDED RELEASE","ORAL","ANDA204717","Amneal Pharmaceuticals NY LLC","69238-2578","Carvedilol Phosphate","CARVEDILOL PHOSPHATE","HUMAN PRESCRIPTION DRUG","08/01/2023","N/A","ANDA","90 CAPSULE, EXTENDED RELEASE in 1 BOTTLE (69238-2578-9)","Adrenergic alpha-Antagonists [MoA],  Adrenergic beta1-Antagonists [MoA],  Adrenergic beta2-Antagonists [MoA],  alpha-Adrenergic Blocker [EPC],  beta-Adrenergic Blocker [EPC]","N/A","No","12/31/2026"
"Carvedilol Phosphate","69238-2578-3","20 mg/1","CAPSULE, EXTENDED RELEASE","ORAL","ANDA204717","Amneal Pharmaceuticals NY LLC","69238-2578","Carvedilol Phosphate","CARVEDILOL PHOSPHATE","HUMAN PRESCRIPTION DRUG","08/01/2023","N/A","ANDA","30 CAPSULE, EXTENDED RELEASE in 1 BOTTLE (69238-2578-3)","Adrenergic alpha-Antagonists [MoA],  Adrenergic beta1-Antagonists [MoA],  Adrenergic beta2-Antagonists [MoA],  alpha-Adrenergic Blocker [EPC],  beta-Adrenergic Blocker [EPC]","N/A","No","12/31/2026"
"Carvedilol Phosphate","69238-2579-9","40 mg/1","CAPSULE, EXTENDED RELEASE","ORAL","ANDA204717","Amneal Pharmaceuticals NY LLC","69238-2579","Carvedilol Phosphate","CARVEDILOL PHOSPHATE","HUMAN PRESCRIPTION DRUG","08/01/2023","N/A","ANDA","90 CAPSULE, EXTENDED RELEASE in 1 BOTTLE (69238-2579-9)","Adrenergic alpha-Antagonists [MoA],  Adrenergic beta1-Antagonists [MoA],  Adrenergic beta2-Antagonists [MoA],  alpha-Adrenergic Blocker [EPC],  beta-Adrenergic Blocker [EPC]","N/A","No","12/31/2026"
"Carvedilol Phosphate","69238-2579-1","40 mg/1","CAPSULE, EXTENDED RELEASE","ORAL","ANDA204717","Amneal Pharmaceuticals NY LLC","69238-2579","Carvedilol Phosphate","CARVEDILOL PHOSPHATE","HUMAN PRESCRIPTION DRUG","08/01/2023","N/A","ANDA","100 CAPSULE, EXTENDED RELEASE in 1 BOTTLE (69238-2579-1)","Adrenergic alpha-Antagonists [MoA],  Adrenergic beta1-Antagonists [MoA],  Adrenergic beta2-Antagonists [MoA],  alpha-Adrenergic Blocker [EPC],  beta-Adrenergic Blocker [EPC]","N/A","No","12/31/2026"
"Carvedilol Phosphate","69238-2579-3","40 mg/1","CAPSULE, EXTENDED RELEASE","ORAL","ANDA204717","Amneal Pharmaceuticals NY LLC","69238-2579","Carvedilol Phosphate","CARVEDILOL PHOSPHATE","HUMAN PRESCRIPTION DRUG","08/01/2023","N/A","ANDA","30 CAPSULE, EXTENDED RELEASE in 1 BOTTLE (69238-2579-3)","Adrenergic alpha-Antagonists [MoA],  Adrenergic beta1-Antagonists [MoA],  Adrenergic beta2-Antagonists [MoA],  alpha-Adrenergic Blocker [EPC],  beta-Adrenergic Blocker [EPC]","N/A","No","12/31/2026"
"Carvedilol Phosphate","69238-2579-2","40 mg/1","CAPSULE, EXTENDED RELEASE","ORAL","ANDA204717","Amneal Pharmaceuticals NY LLC","69238-2579","Carvedilol Phosphate","CARVEDILOL PHOSPHATE","HUMAN PRESCRIPTION DRUG","08/01/2023","N/A","ANDA","1000 CAPSULE, EXTENDED RELEASE in 1 BOTTLE (69238-2579-2)","Adrenergic alpha-Antagonists [MoA],  Adrenergic beta1-Antagonists [MoA],  Adrenergic beta2-Antagonists [MoA],  alpha-Adrenergic Blocker [EPC],  beta-Adrenergic Blocker [EPC]","N/A","No","12/31/2026"
"Carvedilol Phosphate","69238-2580-9","80 mg/1","CAPSULE, EXTENDED RELEASE","ORAL","ANDA204717","Amneal Pharmaceuticals NY LLC","69238-2580","Carvedilol Phosphate","CARVEDILOL PHOSPHATE","HUMAN PRESCRIPTION DRUG","08/01/2023","N/A","ANDA","90 CAPSULE, EXTENDED RELEASE in 1 BOTTLE (69238-2580-9)","Adrenergic alpha-Antagonists [MoA],  Adrenergic beta1-Antagonists [MoA],  Adrenergic beta2-Antagonists [MoA],  alpha-Adrenergic Blocker [EPC],  beta-Adrenergic Blocker [EPC]","N/A","No","12/31/2026"
"Carvedilol Phosphate","69238-2580-3","80 mg/1","CAPSULE, EXTENDED RELEASE","ORAL","ANDA204717","Amneal Pharmaceuticals NY LLC","69238-2580","Carvedilol Phosphate","CARVEDILOL PHOSPHATE","HUMAN PRESCRIPTION DRUG","08/01/2023","N/A","ANDA","30 CAPSULE, EXTENDED RELEASE in 1 BOTTLE (69238-2580-3)","Adrenergic alpha-Antagonists [MoA],  Adrenergic beta1-Antagonists [MoA],  Adrenergic beta2-Antagonists [MoA],  alpha-Adrenergic Blocker [EPC],  beta-Adrenergic Blocker [EPC]","N/A","No","12/31/2026"
"Carvedilol Phosphate","69238-2580-2","80 mg/1","CAPSULE, EXTENDED RELEASE","ORAL","ANDA204717","Amneal Pharmaceuticals NY LLC","69238-2580","Carvedilol Phosphate","CARVEDILOL PHOSPHATE","HUMAN PRESCRIPTION DRUG","08/01/2023","N/A","ANDA","1000 CAPSULE, EXTENDED RELEASE in 1 BOTTLE (69238-2580-2)","Adrenergic alpha-Antagonists [MoA],  Adrenergic beta1-Antagonists [MoA],  Adrenergic beta2-Antagonists [MoA],  alpha-Adrenergic Blocker [EPC],  beta-Adrenergic Blocker [EPC]","N/A","No","12/31/2026"
"Carvedilol Phosphate","69238-2580-1","80 mg/1","CAPSULE, EXTENDED RELEASE","ORAL","ANDA204717","Amneal Pharmaceuticals NY LLC","69238-2580","Carvedilol Phosphate","CARVEDILOL PHOSPHATE","HUMAN PRESCRIPTION DRUG","08/01/2023","N/A","ANDA","100 CAPSULE, EXTENDED RELEASE in 1 BOTTLE (69238-2580-1)","Adrenergic alpha-Antagonists [MoA],  Adrenergic beta1-Antagonists [MoA],  Adrenergic beta2-Antagonists [MoA],  alpha-Adrenergic Blocker [EPC],  beta-Adrenergic Blocker [EPC]","N/A","No","12/31/2026"
"Carvedilol Phosphate","71335-0308-2","10 mg/1","CAPSULE, EXTENDED RELEASE","ORAL","ANDA090132","Bryant Ranch Prepack","71335-0308","Carvedilol Phosphate","CARVEDILOL PHOSPHATE","HUMAN PRESCRIPTION DRUG","09/22/2023","N/A","ANDA","90 CAPSULE, EXTENDED RELEASE in 1 BOTTLE, PLASTIC (71335-0308-2)","Adrenergic alpha-Antagonists [MoA],  Adrenergic beta1-Antagonists [MoA],  Adrenergic beta2-Antagonists [MoA],  alpha-Adrenergic Blocker [EPC],  beta-Adrenergic Blocker [EPC]","N/A","No","12/31/2027"
"Carvedilol Phosphate","71335-0308-1","10 mg/1","CAPSULE, EXTENDED RELEASE","ORAL","ANDA090132","Bryant Ranch Prepack","71335-0308","Carvedilol Phosphate","CARVEDILOL PHOSPHATE","HUMAN PRESCRIPTION DRUG","09/22/2023","N/A","ANDA","30 CAPSULE, EXTENDED RELEASE in 1 BOTTLE, PLASTIC (71335-0308-1)","Adrenergic alpha-Antagonists [MoA],  Adrenergic beta1-Antagonists [MoA],  Adrenergic beta2-Antagonists [MoA],  alpha-Adrenergic Blocker [EPC],  beta-Adrenergic Blocker [EPC]","N/A","No","12/31/2027"
"Carvedilol Phosphate","71335-9707-2","20 mg/1","CAPSULE, EXTENDED RELEASE","ORAL","ANDA090132","Bryant Ranch Prepack","71335-9707","Carvedilol Phosphate","CARVEDILOL PHOSPHATE","HUMAN PRESCRIPTION DRUG","05/05/2023","N/A","ANDA","90 CAPSULE, EXTENDED RELEASE in 1 BOTTLE, PLASTIC (71335-9707-2)","Adrenergic alpha-Antagonists [MoA],  Adrenergic beta1-Antagonists [MoA],  Adrenergic beta2-Antagonists [MoA],  alpha-Adrenergic Blocker [EPC],  beta-Adrenergic Blocker [EPC]","N/A","No","12/31/2027"
"Carvedilol Phosphate","71335-9707-1","20 mg/1","CAPSULE, EXTENDED RELEASE","ORAL","ANDA090132","Bryant Ranch Prepack","71335-9707","Carvedilol Phosphate","CARVEDILOL PHOSPHATE","HUMAN PRESCRIPTION DRUG","05/05/2023","N/A","ANDA","30 CAPSULE, EXTENDED RELEASE in 1 BOTTLE, PLASTIC (71335-9707-1)","Adrenergic alpha-Antagonists [MoA],  Adrenergic beta1-Antagonists [MoA],  Adrenergic beta2-Antagonists [MoA],  alpha-Adrenergic Blocker [EPC],  beta-Adrenergic Blocker [EPC]","N/A","No","12/31/2027"
"Coreg","80725-139-20","3.125 mg/1","TABLET, FILM COATED","ORAL","NDA020297","Waylis Therapeutics LLC","80725-139","Carvedilol","CARVEDILOL","HUMAN PRESCRIPTION DRUG","04/15/2023","N/A","NDA","100 TABLET, FILM COATED in 1 BOTTLE, PLASTIC (80725-139-20)","Adrenergic alpha-Antagonists [MoA],  Adrenergic beta1-Antagonists [MoA],  Adrenergic beta2-Antagonists [MoA],  alpha-Adrenergic Blocker [EPC],  beta-Adrenergic Blocker [EPC]","N/A","No","12/31/2027"
"Coreg","80725-140-20","6.25 mg/1","TABLET, FILM COATED","ORAL","NDA020297","Waylis Therapeutics LLC","80725-140","Carvedilol","CARVEDILOL","HUMAN PRESCRIPTION DRUG","04/15/2023","N/A","NDA","100 TABLET, FILM COATED in 1 BOTTLE, PLASTIC (80725-140-20)","Adrenergic alpha-Antagonists [MoA],  Adrenergic beta1-Antagonists [MoA],  Adrenergic beta2-Antagonists [MoA],  alpha-Adrenergic Blocker [EPC],  beta-Adrenergic Blocker [EPC]","N/A","No","12/31/2027"
"Coreg","80725-141-20","12.5 mg/1","TABLET, FILM COATED","ORAL","NDA020297","Waylis Therapeutics LLC","80725-141","Carvedilol","CARVEDILOL","HUMAN PRESCRIPTION DRUG","04/15/2023","N/A","NDA","100 TABLET, FILM COATED in 1 BOTTLE, PLASTIC (80725-141-20)","Adrenergic alpha-Antagonists [MoA],  Adrenergic beta1-Antagonists [MoA],  Adrenergic beta2-Antagonists [MoA],  alpha-Adrenergic Blocker [EPC],  beta-Adrenergic Blocker [EPC]","N/A","No","12/31/2027"
"Coreg","80725-142-20","25 mg/1","TABLET, FILM COATED","ORAL","NDA020297","Waylis Therapeutics LLC","80725-142","Carvedilol","CARVEDILOL","HUMAN PRESCRIPTION DRUG","04/15/2023","N/A","NDA","100 TABLET, FILM COATED in 1 BOTTLE, PLASTIC (80725-142-20)","Adrenergic alpha-Antagonists [MoA],  Adrenergic beta1-Antagonists [MoA],  Adrenergic beta2-Antagonists [MoA],  alpha-Adrenergic Blocker [EPC],  beta-Adrenergic Blocker [EPC]","N/A","No","12/31/2027"
"Coreg CR","80725-383-13","10 mg/1","CAPSULE, EXTENDED RELEASE","ORAL","NDA022012","Waylis Therapeutics LLC","80725-383","Carvedilol Phosphate","CARVEDILOL PHOSPHATE","HUMAN PRESCRIPTION DRUG","11/07/2022","N/A","NDA","30 CAPSULE, EXTENDED RELEASE in 1 BOTTLE, PLASTIC (80725-383-13)","Adrenergic alpha-Antagonists [MoA],  Adrenergic beta1-Antagonists [MoA],  Adrenergic beta2-Antagonists [MoA],  alpha-Adrenergic Blocker [EPC],  beta-Adrenergic Blocker [EPC]","N/A","No","12/31/2026"
"Coreg CR","80725-385-13","20 mg/1","CAPSULE, EXTENDED RELEASE","ORAL","NDA022012","Waylis Therapeutics LLC","80725-385","Carvedilol Phosphate","CARVEDILOL PHOSPHATE","HUMAN PRESCRIPTION DRUG","11/07/2022","N/A","NDA","30 CAPSULE, EXTENDED RELEASE in 1 BOTTLE, PLASTIC (80725-385-13)","Adrenergic alpha-Antagonists [MoA],  Adrenergic beta1-Antagonists [MoA],  Adrenergic beta2-Antagonists [MoA],  alpha-Adrenergic Blocker [EPC],  beta-Adrenergic Blocker [EPC]","N/A","No","12/31/2026"
"Coreg CR","80725-387-13","40 mg/1","CAPSULE, EXTENDED RELEASE","ORAL","NDA022012","Waylis Therapeutics LLC","80725-387","Carvedilol Phosphate","CARVEDILOL PHOSPHATE","HUMAN PRESCRIPTION DRUG","11/07/2022","N/A","NDA","30 CAPSULE, EXTENDED RELEASE in 1 BOTTLE, PLASTIC (80725-387-13)","Adrenergic alpha-Antagonists [MoA],  Adrenergic beta1-Antagonists [MoA],  Adrenergic beta2-Antagonists [MoA],  alpha-Adrenergic Blocker [EPC],  beta-Adrenergic Blocker [EPC]","N/A","No","12/31/2026"
"Coreg CR","80725-388-13","80 mg/1","CAPSULE, EXTENDED RELEASE","ORAL","NDA022012","Waylis Therapeutics LLC","80725-388","Carvedilol Phosphate","CARVEDILOL PHOSPHATE","HUMAN PRESCRIPTION DRUG","11/07/2022","N/A","NDA","30 CAPSULE, EXTENDED RELEASE in 1 BOTTLE, PLASTIC (80725-388-13)","Adrenergic alpha-Antagonists [MoA],  Adrenergic beta1-Antagonists [MoA],  Adrenergic beta2-Antagonists [MoA],  alpha-Adrenergic Blocker [EPC],  beta-Adrenergic Blocker [EPC]","N/A","No","12/31/2026"