"Proprietary Name","NDC Package Code","Strength","Dosage Form","Route","Appl. No.","Labeler Name","Product NDC","Nonproprietary Name","Substance Name","Product Type Name","Start Marketing Date","End Marketing Date","Market Category","Package Description","Pharm Class","DEA","Sample Package","Listing Record Certified Through:"
"Ibuprofen PM","30142-278-80","200 mg/1,  38 mg/1","TABLET, COATED","ORAL","ANDA216204","KROGER COMPANY","30142-278","Ibuprofen and Diphenhydramine Citrate","IBUPROFEN,  DIPHENHYDRAMINE CITRATE","HUMAN OTC DRUG","05/07/2024","N/A","ANDA","1 BOTTLE in 1 CARTON (30142-278-80)  / 80 TABLET, COATED in 1 BOTTLE","Anti-Inflammatory Agents,  Non-Steroidal [CS],  Cyclooxygenase Inhibitors [MoA],  Histamine H1 Receptor Antagonists [MoA],  Histamine-1 Receptor Antagonist [EPC],  Nonsteroidal Anti-inflammatory Drug [EPC]","N/A","No","12/31/2026"
"Itch Relief","55910-295-20","20 mg/mL,  1 mg/mL","SPRAY","TOPICAL","M017","Old East Main Co.","55910-295","Diphenhydramine HCl, Zinc Acetate","DIPHENHYDRAMINE HYDROCHLORIDE,  ZINC ACETATE","HUMAN OTC DRUG","07/14/2010","N/A","OTC MONOGRAPH DRUG","59 mL in 1 BOTTLE, SPRAY (55910-295-20)","Copper Absorption Inhibitor [EPC],  Decreased Copper Ion Absorption [PE],  Histamine H1 Receptor Antagonists [MoA],  Histamine-1 Receptor Antagonist [EPC]","N/A","No","12/31/2027"
"Diphenhydramine Oral Liquid","57237-305-12","12.5 mg/5mL","LIQUID","ORAL","M009.50","Rising Pharma Holdings, Inc.","57237-305","Diphenhydramine Hydrochloride","DIPHENHYDRAMINE HYDROCHLORIDE","HUMAN OTC DRUG","12/19/2022","N/A","OTC MONOGRAPH DRUG","118 mL in 1 BOTTLE (57237-305-12)","Histamine H1 Receptor Antagonists [MoA],  Histamine-1 Receptor Antagonist [EPC]","N/A","No","12/31/2026"
"Diphenhydramine Oral Liquid","57237-305-16","12.5 mg/5mL","LIQUID","ORAL","M009.50","Rising Pharma Holdings, Inc.","57237-305","Diphenhydramine Hydrochloride","DIPHENHYDRAMINE HYDROCHLORIDE","HUMAN OTC DRUG","12/19/2022","N/A","OTC MONOGRAPH DRUG","473 mL in 1 BOTTLE (57237-305-16)","Histamine H1 Receptor Antagonists [MoA],  Histamine-1 Receptor Antagonist [EPC]","N/A","No","12/31/2026"
"Cold and Flu Daytime Nighttime","79903-236-20","N/A","KIT","N/A","M012","WALMART INC.","79903-236","Acetaminophen, Dextromethorphan HBr, Diphenhydramine HCl, Guaifenesin, Phenylephrine HCl","N/A","HUMAN OTC DRUG","12/08/2023","N/A","OTC MONOGRAPH DRUG","1 KIT in 1 CARTON (79903-236-20)  *  12 TABLET, FILM COATED in 1 BLISTER PACK (79903-235-10)  *  8 TABLET, FILM COATED in 1 BLISTER PACK (79903-199-10)","N/A","N/A","No","12/31/2026"
"Diphenhydramine Hydrochloride","17714-021-01","50 mg/1","CAPSULE","ORAL","part341","Advance Pharmaceutical Inc.","17714-021","Diphenhydramine Hydrochloride","DIPHENHYDRAMINE HYDROCHLORIDE","HUMAN OTC DRUG","10/05/1989","N/A","OTC MONOGRAPH FINAL","100 CAPSULE in 1 BOTTLE (17714-021-01)","Histamine H1 Receptor Antagonists [MoA],  Histamine-1 Receptor Antagonist [EPC]","N/A","No","12/31/2026"
"Diphenhydramine Hydrochloride","17714-021-10","50 mg/1","CAPSULE","ORAL","part341","Advance Pharmaceutical Inc.","17714-021","Diphenhydramine Hydrochloride","DIPHENHYDRAMINE HYDROCHLORIDE","HUMAN OTC DRUG","10/05/1989","N/A","OTC MONOGRAPH FINAL","1000 CAPSULE in 1 BOTTLE (17714-021-10)","Histamine H1 Receptor Antagonists [MoA],  Histamine-1 Receptor Antagonist [EPC]","N/A","No","12/31/2026"
"Diphenhydramine hydrochloride","31722-600-11","12.5 mg/5mL","SOLUTION","ORAL","ANDA219470","Camber Pharmaceuticals, Inc.","31722-600","Diphenhydramine hydrochloride","DIPHENHYDRAMINE HYDROCHLORIDE","HUMAN PRESCRIPTION DRUG","06/17/2026","N/A","ANDA","1 BOTTLE in 1 CARTON (31722-600-11)  / 118 mL in 1 BOTTLE","Histamine H1 Receptor Antagonists [MoA],  Histamine-1 Receptor Antagonist [EPC]","N/A","No","12/31/2027"
"Diphenhydramine hydrochloride","31722-600-31","12.5 mg/5mL","SOLUTION","ORAL","ANDA219470","Camber Pharmaceuticals, Inc.","31722-600","Diphenhydramine hydrochloride","DIPHENHYDRAMINE HYDROCHLORIDE","HUMAN PRESCRIPTION DRUG","06/17/2026","N/A","ANDA","10 CARTON in 1 BOX (31722-600-31)  / 10 CUP, UNIT-DOSE in 1 CARTON / 5 mL in 1 CUP, UNIT-DOSE","Histamine H1 Receptor Antagonists [MoA],  Histamine-1 Receptor Antagonist [EPC]","N/A","No","12/31/2027"
"Night Time Severe Cold and Cough Relief","68016-154-08","325 mg/15mL,  12.5 mg/15mL,  5 mg/15mL","LIQUID","ORAL","M013","Chain Drug Consortium, LLC","68016-154","ACETAMINOPHEN, DIPHENHYDRAMINE HCL, PHENYLEPHRINE HCL","ACETAMINOPHEN,  DIPHENHYDRAMINE HYDROCHLORIDE,  PHENYLEPHRINE HYDROCHLORIDE","HUMAN OTC DRUG","10/04/2013","N/A","OTC MONOGRAPH DRUG","245 mL in 1 BOTTLE (68016-154-08)","Adrenergic alpha1-Agonists [MoA],  Histamine H1 Receptor Antagonists [MoA],  Histamine-1 Receptor Antagonist [EPC],  alpha-1 Adrenergic Agonist [EPC]","N/A","No","12/31/2026"
"GOOD REMEDIES Nighttime Sleep Aid Caplets","70692-011-06","25 mg/1","TABLET","ORAL","M010","Strive Pharmaceuticals Inc.","70692-011","Diphenhydramine Hydrochloride","DIPHENHYDRAMINE HYDROCHLORIDE","HUMAN OTC DRUG","10/28/2024","N/A","OTC MONOGRAPH DRUG","1 BOTTLE in 1 CARTON (70692-011-06)  / 60 TABLET in 1 BOTTLE","Histamine H1 Receptor Antagonists [MoA],  Histamine-1 Receptor Antagonist [EPC]","N/A","No","12/31/2026"
"Anti-Itch Cream","83324-039-01","2 g/100g,  .1 g/100g","CREAM","TOPICAL","M017","Chain Drug Marketing Association Inc.","83324-039","Diphenhydramine hydrochloride 2%, zinc acetate 0.1%","DIPHENHYDRAMINE HYDROCHLORIDE,  ZINC ACETATE","HUMAN OTC DRUG","05/14/2024","N/A","OTC MONOGRAPH DRUG","1 TUBE in 1 BOX (83324-039-01)  / 28.3 g in 1 TUBE","Copper Absorption Inhibitor [EPC],  Decreased Copper Ion Absorption [PE],  Histamine H1 Receptor Antagonists [MoA],  Histamine-1 Receptor Antagonist [EPC]","N/A","No","12/31/2026"
"HISTAPRIN","50332-0150-4","25 mg/1","TABLET","ORAL","M","NorMed","50332-0150","Diphenhydramine","DIPHENHYDRAMINE HYDROCHLORIDE","HUMAN OTC DRUG","01/01/2023","N/A","OTC MONOGRAPH DRUG","50 PACKET in 1 BOX, UNIT-DOSE (50332-0150-4)  / 1 TABLET in 1 PACKET","Histamine H1 Receptor Antagonists [MoA],  Histamine-1 Receptor Antagonist [EPC]","N/A","No","12/31/2027"
"Allergy Relief","59779-019-22","25 mg/1","CAPSULE","ORAL","M012","CVS Pharmacy","59779-019","Diphenhydramine HCl","DIPHENHYDRAMINE HYDROCHLORIDE","HUMAN OTC DRUG","03/15/1990","N/A","OTC MONOGRAPH DRUG","4 BLISTER PACK in 1 CARTON (59779-019-22)  / 12 CAPSULE in 1 BLISTER PACK","Histamine H1 Receptor Antagonists [MoA],  Histamine-1 Receptor Antagonist [EPC]","N/A","No","12/31/2027"
"Diphenhydramine Hydrochloride","17714-020-01","25 mg/1","CAPSULE","ORAL","part341","Advance Pharmaceutical Inc.","17714-020","Diphenhydramine Hydrochloride","DIPHENHYDRAMINE HYDROCHLORIDE","HUMAN OTC DRUG","09/12/1989","N/A","OTC MONOGRAPH FINAL","100 CAPSULE in 1 BOTTLE (17714-020-01)","Histamine H1 Receptor Antagonists [MoA],  Histamine-1 Receptor Antagonist [EPC]","N/A","No","12/31/2026"
"Diphenhydramine Hydrochloride","17714-020-10","25 mg/1","CAPSULE","ORAL","part341","Advance Pharmaceutical Inc.","17714-020","Diphenhydramine Hydrochloride","DIPHENHYDRAMINE HYDROCHLORIDE","HUMAN OTC DRUG","09/12/1989","N/A","OTC MONOGRAPH FINAL","1000 CAPSULE in 1 BOTTLE (17714-020-10)","Histamine H1 Receptor Antagonists [MoA],  Histamine-1 Receptor Antagonist [EPC]","N/A","No","12/31/2026"
"NIGHT TIME SLEEP-AID","53943-522-25","50 mg/30mL","LIQUID","ORAL","M010","Discount Drug Mart","53943-522","DIPHENHYDRAMINE HCL","DIPHENHYDRAMINE HYDROCHLORIDE","HUMAN OTC DRUG","12/10/2013","N/A","OTC MONOGRAPH DRUG","117 mL in 1 BOTTLE (53943-522-25)","Histamine H1 Receptor Antagonists [MoA],  Histamine-1 Receptor Antagonist [EPC]","N/A","No","12/31/2026"
"NIGHT TIME SLEEP-AID","53943-522-28","50 mg/30mL","LIQUID","ORAL","M010","Discount Drug Mart","53943-522","DIPHENHYDRAMINE HCL","DIPHENHYDRAMINE HYDROCHLORIDE","HUMAN OTC DRUG","12/10/2013","N/A","OTC MONOGRAPH DRUG","354 mL in 1 BOTTLE (53943-522-28)","Histamine H1 Receptor Antagonists [MoA],  Histamine-1 Receptor Antagonist [EPC]","N/A","No","12/31/2026"
"Quality Choice Itch Relief","63868-952-02",".1 g/100mL,  2 g/100mL","SPRAY","TOPICAL","M017","Chain Drug Marketing Association","63868-952","Diphenhydramine HCl, Zinc Acetate","ZINC ACETATE,  DIPHENHYDRAMINE HYDROCHLORIDE","HUMAN OTC DRUG","04/14/2014","N/A","OTC MONOGRAPH DRUG","59 mL in 1 BOTTLE, SPRAY (63868-952-02)","Copper Absorption Inhibitor [EPC],  Decreased Copper Ion Absorption [PE],  Histamine H1 Receptor Antagonists [MoA],  Histamine-1 Receptor Antagonist [EPC]","N/A","No","12/31/2026"
"NIGHTTIME SLEEP AID","68210-4160-8","50 mg/1","CAPSULE, LIQUID FILLED","ORAL","M010","Prodose, Inc.","68210-4160","DIPHENHYDRAMINE HYDROCHLORIDE","DIPHENHYDRAMINE HYDROCHLORIDE","HUMAN OTC DRUG","06/14/2021","N/A","OTC MONOGRAPH DRUG","1 BLISTER PACK in 1 CARTON (68210-4160-8)  / 8 CAPSULE, LIQUID FILLED in 1 BLISTER PACK","Histamine H1 Receptor Antagonists [MoA],  Histamine-1 Receptor Antagonist [EPC]","N/A","No","12/31/2027"
"Drx Choice childrens allergy chews","68163-012-48","12.5 mg/1","TABLET, CHEWABLE","ORAL","M012","RARITAN PHARMACEUTICALS INC","68163-012","Diphenhydramine HCl","DIPHENHYDRAMINE HYDROCHLORIDE","HUMAN OTC DRUG","07/04/2022","N/A","OTC MONOGRAPH DRUG","4 BLISTER PACK in 1 CARTON (68163-012-48)  / 12 TABLET, CHEWABLE in 1 BLISTER PACK","Histamine H1 Receptor Antagonists [MoA],  Histamine-1 Receptor Antagonist [EPC]","N/A","No","12/31/2026"
"Johnson and Johnson First Aid All Purpose 160 CT","69968-0726-9","N/A","KIT","N/A","M017","Kenvue Brands LLC","69968-0726","Acetaminophen, Diphenhydramine Hydrochloride, Zinc Acetate, Neomycin Sulfate, Polymyxin B Sulfate, and Pramoxine Hydrochloride","N/A","HUMAN OTC DRUG","01/31/2022","N/A","OTC MONOGRAPH DRUG","1 KIT in 1 PACKAGE (69968-0726-9)  *  1 CLOTH in 1 PACKET *  2 TABLET, FILM COATED in 1 POUCH (50580-449-08)  *  1 TUBE in 1 CARTON (69968-0223-1)  / 28.3 g in 1 TUBE *  1 TUBE in 1 CARTON (69968-0055-2)  / 14.2 g in 1 TUBE","N/A","N/A","No","12/31/2026"
"DIPHENHYDRAMINE HYDROCHLORIDE 50mg","73629-001-22","50 mg/1","CAPSULE, LIQUID FILLED","ORAL","M010","AMZ789 LLC","73629-001","DIPHENHYDRAMINE HYDROCHLORIDE 50mg","DIPHENHYDRAMINE HYDROCHLORIDE","HUMAN OTC DRUG","09/28/2020","N/A","OTC MONOGRAPH DRUG","220 CAPSULE, LIQUID FILLED in 1 BOTTLE (73629-001-22)","Histamine H1 Receptor Antagonists [MoA],  Histamine-1 Receptor Antagonist [EPC]","N/A","No","12/31/2027"
"Itch Relief","41250-295-20","20 mg/mL,  1 mg/mL","SPRAY","TOPICAL","M017","Meijer, Inc.","41250-295","Diphenhydramine HCl, Zinc Acetate","DIPHENHYDRAMINE HYDROCHLORIDE,  ZINC ACETATE","HUMAN OTC DRUG","11/01/2018","N/A","OTC MONOGRAPH DRUG","59 mL in 1 BOTTLE, SPRAY (41250-295-20)","Copper Absorption Inhibitor [EPC],  Decreased Copper Ion Absorption [PE],  Histamine H1 Receptor Antagonists [MoA],  Histamine-1 Receptor Antagonist [EPC]","N/A","No","12/31/2027"
"Allergy Relief","41520-996-04","25 mg/1","CAPSULE, LIQUID FILLED","ORAL","M012","FOODHOLD U.S.A., LLC","41520-996","DIPHENHYDRAMINE HYDROCHLORIDE","DIPHENHYDRAMINE HYDROCHLORIDE","HUMAN OTC DRUG","10/03/2016","N/A","OTC MONOGRAPH DRUG","2 BLISTER PACK in 1 CARTON (41520-996-04)  / 12 CAPSULE, LIQUID FILLED in 1 BLISTER PACK","Histamine H1 Receptor Antagonists [MoA],  Histamine-1 Receptor Antagonist [EPC]","N/A","No","12/31/2026"
"meijer EXTRA STRENGTH Pain Relief PM Caplet","79481-0149-1","500 mg/1,  25 mg/1","TABLET","ORAL","M012","Meijer, Inc.","79481-0149","Acetaminophen, Diphenhydramine hydrochloride","ACETAMINOPHEN,  DIPHENHYDRAMINE HYDROCHLORIDE","HUMAN OTC DRUG","06/27/2024","N/A","OTC MONOGRAPH DRUG","1 BOTTLE in 1 CARTON (79481-0149-1)  / 100 TABLET in 1 BOTTLE","Histamine H1 Receptor Antagonists [MoA],  Histamine-1 Receptor Antagonist [EPC]","N/A","No","12/31/2026"
"meijer EXTRA STRENGTH Pain Relief PM Caplet","79481-0149-2","500 mg/1,  25 mg/1","TABLET","ORAL","M012","Meijer, Inc.","79481-0149","Acetaminophen, Diphenhydramine hydrochloride","ACETAMINOPHEN,  DIPHENHYDRAMINE HYDROCHLORIDE","HUMAN OTC DRUG","06/27/2024","N/A","OTC MONOGRAPH DRUG","2 BOTTLE in 1 CARTON (79481-0149-2)  / 100 TABLET in 1 BOTTLE","Histamine H1 Receptor Antagonists [MoA],  Histamine-1 Receptor Antagonist [EPC]","N/A","No","12/31/2026"
"meijer EXTRA STRENGTH Pain Relief PM Caplet","79481-0149-3","500 mg/1,  25 mg/1","TABLET","ORAL","M012","Meijer, Inc.","79481-0149","Acetaminophen, Diphenhydramine hydrochloride","ACETAMINOPHEN,  DIPHENHYDRAMINE HYDROCHLORIDE","HUMAN OTC DRUG","02/17/2025","N/A","OTC MONOGRAPH DRUG","1 BOTTLE in 1 CARTON (79481-0149-3)  / 24 TABLET in 1 BOTTLE","Histamine H1 Receptor Antagonists [MoA],  Histamine-1 Receptor Antagonist [EPC]","N/A","No","12/31/2026"
"meijer EXTRA STRENGTH Pain Relief PM Caplet","79481-0149-5","500 mg/1,  25 mg/1","TABLET","ORAL","M012","Meijer, Inc.","79481-0149","Acetaminophen, Diphenhydramine hydrochloride","ACETAMINOPHEN,  DIPHENHYDRAMINE HYDROCHLORIDE","HUMAN OTC DRUG","06/27/2024","N/A","OTC MONOGRAPH DRUG","1 BOTTLE in 1 CARTON (79481-0149-5)  / 50 TABLET in 1 BOTTLE","Histamine H1 Receptor Antagonists [MoA],  Histamine-1 Receptor Antagonist [EPC]","N/A","No","12/31/2026"
"dg health sleep aid","55910-186-34","50 mg/30mL","SOLUTION","ORAL","M010","Dolgencorp, LLC","55910-186","Diphenhydramine HCl","DIPHENHYDRAMINE HYDROCHLORIDE","HUMAN OTC DRUG","04/05/2018","N/A","OTC MONOGRAPH DRUG","237 mL in 1 BOTTLE (55910-186-34)","Histamine H1 Receptor Antagonists [MoA],  Histamine-1 Receptor Antagonist [EPC]","N/A","No","12/31/2026"
"Chloraseptic Nighttime Sore Throat Hot Relief","67172-150-06","650 mg/1,  25 mg/1","POWDER, FOR SOLUTION","ORAL","M012","Prestige Brands Holdings, Inc.","67172-150","acetaminophen and diphenhydramine hydrochloride","ACETAMINOPHEN,  DIPHENHYDRAMINE HYDROCHLORIDE","HUMAN OTC DRUG","06/20/2026","N/A","OTC MONOGRAPH DRUG","6 POWDER, FOR SOLUTION in 1 CARTON (67172-150-06)","Histamine H1 Receptor Antagonists [MoA],  Histamine-1 Receptor Antagonist [EPC]","N/A","No","12/31/2027"
"InstaRelief Nighttime Sleep Aid","71598-120-19","50 mg/3mL","LIQUID","ORAL","M010","DXM Pharmacuetical, Inc.","71598-120","DIPHENHYDRAMINE HYDROCHLORIDE","DIPHENHYDRAMINE HYDROCHLORIDE","HUMAN OTC DRUG","10/01/2023","N/A","OTC MONOGRAPH DRUG","1 BOTTLE in 1 CARTON (71598-120-19)  / 120 mL in 1 BOTTLE","Histamine H1 Receptor Antagonists [MoA],  Histamine-1 Receptor Antagonist [EPC]","N/A","No","12/31/2026"
"Diphenhydramine HCL STRAWBERRY FLAVOR","71800-058-19","12.5 mg/5mL","SOLUTION","ORAL","M012","Innovida Pharmaeutique Corporation","71800-058","Diphenhydramine HCl","DIPHENHYDRAMINE HYDROCHLORIDE","HUMAN OTC DRUG","06/10/2025","N/A","OTC MONOGRAPH DRUG","119 mL in 1 BOTTLE (71800-058-19)","Histamine H1 Receptor Antagonists [MoA],  Histamine-1 Receptor Antagonist [EPC]","N/A","No","12/31/2026"
"meijer Allergy Relief","79481-0148-4","25 mg/1","TABLET","ORAL","M012","Meijer, Inc.","79481-0148","Diphenhydramine hydrochloride","DIPHENHYDRAMINE HYDROCHLORIDE","HUMAN OTC DRUG","04/25/2025","N/A","OTC MONOGRAPH DRUG","2 BLISTER PACK in 1 CARTON (79481-0148-4)  / 12 TABLET in 1 BLISTER PACK","Histamine H1 Receptor Antagonists [MoA],  Histamine-1 Receptor Antagonist [EPC]","N/A","No","12/31/2026"
"meijer Allergy Relief","79481-0148-5","25 mg/1","TABLET","ORAL","M012","Meijer, Inc.","79481-0148","Diphenhydramine hydrochloride","DIPHENHYDRAMINE HYDROCHLORIDE","HUMAN OTC DRUG","06/27/2024","N/A","OTC MONOGRAPH DRUG","365 TABLET in 1 BOTTLE (79481-0148-5)","Histamine H1 Receptor Antagonists [MoA],  Histamine-1 Receptor Antagonist [EPC]","N/A","No","12/31/2026"
"meijer Allergy Relief","79481-0148-8","25 mg/1","TABLET","ORAL","M012","Meijer, Inc.","79481-0148","Diphenhydramine hydrochloride","DIPHENHYDRAMINE HYDROCHLORIDE","HUMAN OTC DRUG","04/25/2025","N/A","OTC MONOGRAPH DRUG","4 BLISTER PACK in 1 CARTON (79481-0148-8)  / 12 TABLET in 1 BLISTER PACK","Histamine H1 Receptor Antagonists [MoA],  Histamine-1 Receptor Antagonist [EPC]","N/A","No","12/31/2026"
"Diphenhydramine hydrochloride","0641-6282-25","50 mg/mL","INJECTION","INTRAMUSCULAR,  INTRAVENOUS","ANDA080817","Hikma Pharmaceuticals USA Inc.","0641-6282","diphenhydramine hydrochloride","DIPHENHYDRAMINE HYDROCHLORIDE","HUMAN PRESCRIPTION DRUG","11/27/1972","N/A","ANDA","25 VIAL in 1 PACKAGE (0641-6282-25)  / 1 mL in 1 VIAL (0641-6282-01)","Histamine H1 Receptor Antagonists [MoA],  Histamine-1 Receptor Antagonist [EPC]","N/A","No","12/31/2026"
"Acetaminophen and Diphenhydramine hydrochloride","30142-193-14","500 mg/1,  25 mg/1","TABLET","ORAL","M013","KROGER COMPANY","30142-193","Acetaminophen and Diphenhydramine hydrochloride","ACETAMINOPHEN,  DIPHENHYDRAMINE HYDROCHLORIDE","HUMAN OTC DRUG","03/06/2021","N/A","OTC MONOGRAPH DRUG","1 BOTTLE in 1 CARTON (30142-193-14)  / 50 TABLET in 1 BOTTLE","Histamine H1 Receptor Antagonists [MoA],  Histamine-1 Receptor Antagonist [EPC]","N/A","No","12/31/2026"
"Allergy","66715-9711-7","25 mg/1","TABLET","ORAL","M012","Lil' Drug Store Products, Inc.","66715-9711","Diphenhydramine HCl Tablet","DIPHENHYDRAMINE HYDROCHLORIDE","HUMAN OTC DRUG","09/12/2014","N/A","OTC MONOGRAPH DRUG","50 POUCH in 1 BOX, UNIT-DOSE (66715-9711-7)  / 2 TABLET in 1 POUCH","Histamine H1 Receptor Antagonists [MoA],  Histamine-1 Receptor Antagonist [EPC]","N/A","No","12/31/2026"
"Itch Relief","69842-235-27","1.5 g/76g,  .076 g/76g","AEROSOL, SPRAY","TOPICAL","M017","CVS Pharmacy","69842-235","Diphenhydramine HCl and Zinc Acetate","DIPHENHYDRAMINE HYDROCHLORIDE,  ZINC ACETATE","HUMAN OTC DRUG","02/01/2019","N/A","OTC MONOGRAPH DRUG","76 g in 1 CANISTER (69842-235-27)","Copper Absorption Inhibitor [EPC],  Decreased Copper Ion Absorption [PE],  Histamine H1 Receptor Antagonists [MoA],  Histamine-1 Receptor Antagonist [EPC]","N/A","No","12/31/2027"
"Allergy Relief","70677-1014-1","25 mg/1","TABLET, FILM COATED","ORAL","M012","Strategic Sourcing Services LLC","70677-1014","Diphenhydramine HCl","DIPHENHYDRAMINE HYDROCHLORIDE","HUMAN OTC DRUG","03/28/2023","N/A","OTC MONOGRAPH DRUG","2 BLISTER PACK in 1 CARTON (70677-1014-1)  / 12 TABLET, FILM COATED in 1 BLISTER PACK","Histamine H1 Receptor Antagonists [MoA],  Histamine-1 Receptor Antagonist [EPC]","N/A","No","12/31/2027"
"Allergy Relief","70677-1014-2","25 mg/1","TABLET, FILM COATED","ORAL","M012","Strategic Sourcing Services LLC","70677-1014","Diphenhydramine HCl","DIPHENHYDRAMINE HYDROCHLORIDE","HUMAN OTC DRUG","03/11/2026","N/A","OTC MONOGRAPH DRUG","1 BOTTLE, PLASTIC in 1 CARTON (70677-1014-2)  / 100 TABLET, FILM COATED in 1 BOTTLE, PLASTIC","Histamine H1 Receptor Antagonists [MoA],  Histamine-1 Receptor Antagonist [EPC]","N/A","No","12/31/2027"
"Allergy Relief","49035-929-12","25 mg/1","TABLET, FILM COATED","ORAL","M012","Wal-Mart Stores Inc","49035-929","Diphenhydramine HCl","DIPHENHYDRAMINE HYDROCHLORIDE","HUMAN OTC DRUG","03/02/1990","N/A","OTC MONOGRAPH DRUG","1 BOTTLE, PLASTIC in 1 CARTON (49035-929-12)  / 100 TABLET, FILM COATED in 1 BOTTLE, PLASTIC","Histamine H1 Receptor Antagonists [MoA],  Histamine-1 Receptor Antagonist [EPC]","N/A","No","12/31/2027"
"Allergy Relief","49035-929-51","25 mg/1","TABLET, FILM COATED","ORAL","M012","Wal-Mart Stores Inc","49035-929","Diphenhydramine HCl","DIPHENHYDRAMINE HYDROCHLORIDE","HUMAN OTC DRUG","03/02/1990","N/A","OTC MONOGRAPH DRUG","365 TABLET, FILM COATED in 1 BOTTLE, PLASTIC (49035-929-51)","Histamine H1 Receptor Antagonists [MoA],  Histamine-1 Receptor Antagonist [EPC]","N/A","No","12/31/2027"
"Allergy Relief","49035-929-98","25 mg/1","TABLET, FILM COATED","ORAL","M012","Wal-Mart Stores Inc","49035-929","Diphenhydramine HCl","DIPHENHYDRAMINE HYDROCHLORIDE","HUMAN OTC DRUG","03/02/1990","N/A","OTC MONOGRAPH DRUG","2 BOTTLE, PLASTIC in 1 CARTON (49035-929-98)  / 100 TABLET, FILM COATED in 1 BOTTLE, PLASTIC","Histamine H1 Receptor Antagonists [MoA],  Histamine-1 Receptor Antagonist [EPC]","N/A","No","12/31/2027"
"Nighttime Sleep Aid","68391-793-09","50 mg/30mL","LIQUID","ORAL","M010","BJWC (Berkley & Jensen / BJ's)","68391-793","Diphenhydramine Hydrochloride","DIPHENHYDRAMINE HYDROCHLORIDE","HUMAN OTC DRUG","08/20/2025","N/A","OTC MONOGRAPH DRUG","3 BOTTLE in 1 PACKAGE (68391-793-09)  / 354 mL in 1 BOTTLE (68391-793-01)","Histamine H1 Receptor Antagonists [MoA],  Histamine-1 Receptor Antagonist [EPC]","N/A","No","12/31/2026"
"Allergy Relief","70677-1015-1","25 mg/1","CAPSULE","ORAL","M012","Strategic Sourcing Services LLC","70677-1015","Diphenhydramine HCl","DIPHENHYDRAMINE HYDROCHLORIDE","HUMAN OTC DRUG","04/06/2023","N/A","OTC MONOGRAPH DRUG","2 BLISTER PACK in 1 CARTON (70677-1015-1)  / 12 CAPSULE in 1 BLISTER PACK","Histamine H1 Receptor Antagonists [MoA],  Histamine-1 Receptor Antagonist [EPC]","N/A","No","12/31/2026"
"Allergy Relief","70677-1015-2","25 mg/1","CAPSULE","ORAL","M012","Strategic Sourcing Services LLC","70677-1015","Diphenhydramine HCl","DIPHENHYDRAMINE HYDROCHLORIDE","HUMAN OTC DRUG","04/10/2023","N/A","OTC MONOGRAPH DRUG","1 BOTTLE, PLASTIC in 1 CARTON (70677-1015-2)  / 100 CAPSULE in 1 BOTTLE, PLASTIC","Histamine H1 Receptor Antagonists [MoA],  Histamine-1 Receptor Antagonist [EPC]","N/A","No","12/31/2026"
"Allergy Relief Dye Free","79903-193-48","25 mg/1","CAPSULE, LIQUID FILLED","ORAL","M012","Wal-Mart Stores Inc","79903-193","Diphenhydramine HCl","DIPHENHYDRAMINE HYDROCHLORIDE","HUMAN OTC DRUG","03/13/2023","01/31/2028","OTC MONOGRAPH DRUG","4 BLISTER PACK in 1 CARTON (79903-193-48)  / 12 CAPSULE, LIQUID FILLED in 1 BLISTER PACK","Histamine H1 Receptor Antagonists [MoA],  Histamine-1 Receptor Antagonist [EPC]","N/A","No","N/A"
"meijer NIGHTTIME Sleep Aid CAPLET","79481-0151-1","25 mg/1","TABLET","ORAL","M010","Meijer, Inc.","79481-0151","Diphenhydramine hydrochloride","DIPHENHYDRAMINE HYDROCHLORIDE","HUMAN OTC DRUG","06/27/2024","N/A","OTC MONOGRAPH DRUG","1 BOTTLE in 1 CARTON (79481-0151-1)  / 100 TABLET in 1 BOTTLE","Histamine H1 Receptor Antagonists [MoA],  Histamine-1 Receptor Antagonist [EPC]","N/A","No","12/31/2026"
"Pain Relief PM Extra Strength","36800-095-03","500 mg/1,  25 mg/1","TABLET, COATED","ORAL","M013","TopCo Associates LLC","36800-095","Acetaminophen and Diphenhydramine Hydrochloride","ACETAMINOPHEN,  DIPHENHYDRAMINE HYDROCHLORIDE","HUMAN OTC DRUG","11/30/2012","N/A","OTC MONOGRAPH DRUG","1 BOTTLE, PLASTIC in 1 CARTON (36800-095-03)  / 100 TABLET, COATED in 1 BOTTLE, PLASTIC","Histamine H1 Receptor Antagonists [MoA],  Histamine-1 Receptor Antagonist [EPC]","N/A","No","12/31/2026"
"Pain Relief PM Extra Strength","36800-095-17","500 mg/1,  25 mg/1","TABLET, COATED","ORAL","M013","TopCo Associates LLC","36800-095","Acetaminophen and Diphenhydramine Hydrochloride","ACETAMINOPHEN,  DIPHENHYDRAMINE HYDROCHLORIDE","HUMAN OTC DRUG","03/21/2019","N/A","OTC MONOGRAPH DRUG","225 TABLET, COATED in 1 BOTTLE, PLASTIC (36800-095-17)","Histamine H1 Receptor Antagonists [MoA],  Histamine-1 Receptor Antagonist [EPC]","N/A","No","12/31/2026"
"Ibuprofen PM","42681-0061-1","200 mg/1,  25 mg/1","CAPSULE, LIQUID FILLED","ORAL","ANDA090397","Whole Foods Market, INC.","42681-0061","IBUPROFEN AND DIPHENHYDRAMINE HCL","IBUPROFEN,  DIPHENHYDRAMINE HYDROCHLORIDE","HUMAN OTC DRUG","05/01/2026","N/A","ANDA","1 BOTTLE, PLASTIC in 1 CARTON (42681-0061-1)  / 40 CAPSULE, LIQUID FILLED in 1 BOTTLE, PLASTIC","Anti-Inflammatory Agents,  Non-Steroidal [CS],  Cyclooxygenase Inhibitors [MoA],  Histamine H1 Receptor Antagonists [MoA],  Histamine-1 Receptor Antagonist [EPC],  Nonsteroidal Anti-inflammatory Drug [EPC]","N/A","No","12/31/2027"
"Allergy and Headache","51316-561-09","325 mg/1,  25 mg/1","TABLET, FILM COATED","ORAL","M012","CVS WOONSOCKET PRESCRIPTION CENTER, INCORPORATED","51316-561","Acetaminophen, Diphenhydramine HCl","ACETAMINOPHEN,  DIPHENHYDRAMINE HYDROCHLORIDE","HUMAN OTC DRUG","12/09/2025","N/A","OTC MONOGRAPH DRUG","2 BLISTER PACK in 1 CARTON (51316-561-09)  / 10 TABLET, FILM COATED in 1 BLISTER PACK","Histamine H1 Receptor Antagonists [MoA],  Histamine-1 Receptor Antagonist [EPC]","N/A","No","12/31/2026"
"DIPHENHYDRAMINE HYDROCHLORIDE","53345-002-02","25 mg/1","CAPSULE, LIQUID FILLED","ORAL","M010","Humanwell PuraCap Pharmaceutical (Wuhan), Ltd.","53345-002","DIPHENHYDRAMINE HYDROCHLORIDE","DIPHENHYDRAMINE HYDROCHLORIDE","HUMAN OTC DRUG","04/15/2013","N/A","OTC MONOGRAPH DRUG","1 BAG in 1 BOX (53345-002-02)  / 20000 CAPSULE, LIQUID FILLED in 1 BAG","Histamine H1 Receptor Antagonists [MoA],  Histamine-1 Receptor Antagonist [EPC]","N/A","No","12/31/2026"
"Exchange Select Ibuprofen PM","55301-050-60","38 mg/1,  200 mg/1","TABLET, FILM COATED","ORAL","ANDA079113","Army & Air Force Exchange Service","55301-050","diphenhydramine citrate, ibuprofen","DIPHENHYDRAMINE CITRATE,  IBUPROFEN","HUMAN OTC DRUG","08/28/2015","N/A","ANDA","1 BOTTLE in 1 CARTON (55301-050-60)  / 20 TABLET, FILM COATED in 1 BOTTLE","Anti-Inflammatory Agents,  Non-Steroidal [CS],  Cyclooxygenase Inhibitors [MoA],  Histamine H1 Receptor Antagonists [MoA],  Histamine-1 Receptor Antagonist [EPC],  Nonsteroidal Anti-inflammatory Drug [EPC]","N/A","No","12/31/2026"
"Pain Reliever PM extra strength","59726-868-10","500 mg/1,  25 mg/1","TABLET, COATED","ORAL","M013","P & L Development, LLC","59726-868","Acetaminophen Diphenhydramine HCL","ACETAMINOPHEN,  DIPHENHYDRAMINE HYDROCHLORIDE","HUMAN OTC DRUG","03/26/2021","12/26/2026","OTC MONOGRAPH DRUG","1 BOTTLE, PLASTIC in 1 BOX (59726-868-10)  / 100 TABLET, COATED in 1 BOTTLE, PLASTIC","Histamine H1 Receptor Antagonists [MoA],  Histamine-1 Receptor Antagonist [EPC]","N/A","No","N/A"
"Pain Reliever PM extra strength","59726-868-24","500 mg/1,  25 mg/1","TABLET, COATED","ORAL","M013","P & L Development, LLC","59726-868","Acetaminophen Diphenhydramine HCL","ACETAMINOPHEN,  DIPHENHYDRAMINE HYDROCHLORIDE","HUMAN OTC DRUG","03/26/2021","12/26/2026","OTC MONOGRAPH DRUG","1 BOTTLE, PLASTIC in 1 BOX (59726-868-24)  / 24 TABLET, COATED in 1 BOTTLE, PLASTIC","Histamine H1 Receptor Antagonists [MoA],  Histamine-1 Receptor Antagonist [EPC]","N/A","No","N/A"
"Pain Reliever PM extra strength","59726-868-50","500 mg/1,  25 mg/1","TABLET, COATED","ORAL","M013","P & L Development, LLC","59726-868","Acetaminophen Diphenhydramine HCL","ACETAMINOPHEN,  DIPHENHYDRAMINE HYDROCHLORIDE","HUMAN OTC DRUG","03/26/2021","12/26/2026","OTC MONOGRAPH DRUG","1 BOTTLE, PLASTIC in 1 BOX (59726-868-50)  / 50 TABLET, COATED in 1 BOTTLE, PLASTIC","Histamine H1 Receptor Antagonists [MoA],  Histamine-1 Receptor Antagonist [EPC]","N/A","No","N/A"
"Rest Simply","63868-772-10","25 mg/1","TABLET, COATED","ORAL","M010","Chain Drug Marketing Association","63868-772","DIPHENHYDRAMINE HYDROCHLORIDE","DIPHENHYDRAMINE HYDROCHLORIDE","HUMAN OTC DRUG","06/13/2014","08/31/2027","OTC MONOGRAPH DRUG","1 BOTTLE, PLASTIC in 1 CARTON (63868-772-10)  / 100 TABLET, COATED in 1 BOTTLE, PLASTIC","Histamine H1 Receptor Antagonists [MoA],  Histamine-1 Receptor Antagonist [EPC]","N/A","No","N/A"
"Rest Simply","63868-772-24","25 mg/1","TABLET, COATED","ORAL","M010","Chain Drug Marketing Association","63868-772","DIPHENHYDRAMINE HYDROCHLORIDE","DIPHENHYDRAMINE HYDROCHLORIDE","HUMAN OTC DRUG","06/13/2014","08/31/2027","OTC MONOGRAPH DRUG","2 BLISTER PACK in 1 CARTON (63868-772-24)  / 12 TABLET, COATED in 1 BLISTER PACK","Histamine H1 Receptor Antagonists [MoA],  Histamine-1 Receptor Antagonist [EPC]","N/A","No","N/A"
"Target Dye Free Childrens Allergy Relief","82442-710-08","12.5 mg/5mL","SYRUP","ORAL","M012","Target Corporation","82442-710","Diphenhydramine hydrochloride","DIPHENHYDRAMINE HYDROCHLORIDE","HUMAN OTC DRUG","04/05/2024","N/A","OTC MONOGRAPH DRUG","1 BOTTLE, PLASTIC in 1 CARTON (82442-710-08)  / 236 mL in 1 BOTTLE, PLASTIC","Histamine H1 Receptor Antagonists [MoA],  Histamine-1 Receptor Antagonist [EPC]","N/A","No","12/31/2026"
"Allergy Relief","83324-280-24","25 mg/1","CAPSULE, LIQUID FILLED","ORAL","M012","CHAIN DRUG MARKETING ASSOCIATION INC.","83324-280","Diphenhydramine HCl","DIPHENHYDRAMINE HYDROCHLORIDE","HUMAN OTC DRUG","07/07/2025","N/A","OTC MONOGRAPH DRUG","2 BLISTER PACK in 1 CARTON (83324-280-24)  / 12 CAPSULE, LIQUID FILLED in 1 BLISTER PACK","Histamine H1 Receptor Antagonists [MoA],  Histamine-1 Receptor Antagonist [EPC]","N/A","No","12/31/2026"
"Pain Relief PM Extra Strength","37808-556-09","500 mg/1,  25 mg/1","TABLET, COATED","ORAL","M013","H E B","37808-556","Acetaminophen, Diphenhydramine HCl","ACETAMINOPHEN,  DIPHENHYDRAMINE HYDROCHLORIDE","HUMAN OTC DRUG","12/17/2007","N/A","OTC MONOGRAPH DRUG","1 BOTTLE, PLASTIC in 1 CARTON (37808-556-09)  / 20 TABLET, COATED in 1 BOTTLE, PLASTIC","Histamine H1 Receptor Antagonists [MoA],  Histamine-1 Receptor Antagonist [EPC]","N/A","No","12/31/2027"
"Pain Relief PM Extra Strength","37808-556-31","500 mg/1,  25 mg/1","TABLET, COATED","ORAL","M013","H E B","37808-556","Acetaminophen, Diphenhydramine HCl","ACETAMINOPHEN,  DIPHENHYDRAMINE HYDROCHLORIDE","HUMAN OTC DRUG","12/17/2007","N/A","OTC MONOGRAPH DRUG","80 TABLET, COATED in 1 BOTTLE, PLASTIC (37808-556-31)","Histamine H1 Receptor Antagonists [MoA],  Histamine-1 Receptor Antagonist [EPC]","N/A","No","12/31/2027"
"diphenhydramine hcl and zinc acetate","45802-358-03","2 g/100g,  .1 g/100g","CREAM","TOPICAL","M017","Padagis Israel Pharmaceuticals Ltd","45802-358","Diphenhydramine Hydrochloride, Zinc Acetate","DIPHENHYDRAMINE HYDROCHLORIDE,  ZINC ACETATE","HUMAN OTC DRUG","12/05/2005","N/A","OTC MONOGRAPH DRUG","1 TUBE in 1 CARTON (45802-358-03)  / 28 g in 1 TUBE","Copper Absorption Inhibitor [EPC],  Decreased Copper Ion Absorption [PE],  Histamine H1 Receptor Antagonists [MoA],  Histamine-1 Receptor Antagonist [EPC]","N/A","No","12/31/2027"
"Ibuprofen and Diphenhydramine HCl","63941-682-15","200 mg/1,  25 mg/1","CAPSULE, LIQUID FILLED","ORAL","ANDA090397","VALU MERCHANDISERS COMPANY","63941-682","IBUPROFEN, DIPHENHYDRAMINE HCL","IBUPROFEN,  DIPHENHYDRAMINE HYDROCHLORIDE","HUMAN OTC DRUG","10/03/2023","N/A","ANDA","1 BOTTLE in 1 CARTON (63941-682-15)  / 40 CAPSULE, LIQUID FILLED in 1 BOTTLE","Anti-Inflammatory Agents,  Non-Steroidal [CS],  Cyclooxygenase Inhibitors [MoA],  Histamine H1 Receptor Antagonists [MoA],  Histamine-1 Receptor Antagonist [EPC],  Nonsteroidal Anti-inflammatory Drug [EPC]","N/A","No","12/31/2026"
"Advil PM","66715-9733-2","200 mg/1,  38 mg/1","TABLET, COATED","ORAL","NDA021394","Lil' Drug Store Products, Inc.","66715-9733","Ibuprofen and Diphenhydramine citrate","IBUPROFEN,  DIPHENHYDRAMINE CITRATE","HUMAN OTC DRUG","05/11/2010","N/A","NDA","2 POUCH in 1 CARTON (66715-9733-2)  / 2 TABLET, COATED in 1 POUCH","Anti-Inflammatory Agents,  Non-Steroidal [CS],  Cyclooxygenase Inhibitors [MoA],  Histamine H1 Receptor Antagonists [MoA],  Histamine-1 Receptor Antagonist [EPC],  Nonsteroidal Anti-inflammatory Drug [EPC]","N/A","No","12/31/2026"
"Advil PM","66715-9733-3","200 mg/1,  38 mg/1","TABLET, COATED","ORAL","NDA021394","Lil' Drug Store Products, Inc.","66715-9733","Ibuprofen and Diphenhydramine citrate","IBUPROFEN,  DIPHENHYDRAMINE CITRATE","HUMAN OTC DRUG","02/14/2018","N/A","NDA","3 POUCH in 1 CARTON (66715-9733-3)  / 2 TABLET, COATED in 1 POUCH","Anti-Inflammatory Agents,  Non-Steroidal [CS],  Cyclooxygenase Inhibitors [MoA],  Histamine H1 Receptor Antagonists [MoA],  Histamine-1 Receptor Antagonist [EPC],  Nonsteroidal Anti-inflammatory Drug [EPC]","N/A","No","12/31/2026"
"Dimetapp Multi-Symptom Cold and Flu","69536-335-04","320 mg/10mL,  12.5 mg/10mL","SOLUTION","ORAL","M012","Foundation Consumer Healthcare","69536-335","acetaminophen, diphenhydramine hydrochloride","ACETAMINOPHEN,  DIPHENHYDRAMINE HYDROCHLORIDE","HUMAN OTC DRUG","06/01/2024","N/A","OTC MONOGRAPH DRUG","1 BOTTLE in 1 CARTON (69536-335-04)  / 118 mL in 1 BOTTLE","Histamine H1 Receptor Antagonists [MoA],  Histamine-1 Receptor Antagonist [EPC]","N/A","No","12/31/2026"
"Dimetapp Multi-Symptom Cold and Flu","69536-335-08","320 mg/10mL,  12.5 mg/10mL","SOLUTION","ORAL","M012","Foundation Consumer Healthcare","69536-335","acetaminophen, diphenhydramine hydrochloride","ACETAMINOPHEN,  DIPHENHYDRAMINE HYDROCHLORIDE","HUMAN OTC DRUG","11/01/2025","N/A","OTC MONOGRAPH DRUG","2 BOTTLE in 1 CARTON (69536-335-08)  / 118 mL in 1 BOTTLE","Histamine H1 Receptor Antagonists [MoA],  Histamine-1 Receptor Antagonist [EPC]","N/A","No","12/31/2026"
"Pain Relief Acetaminophen PM","11822-0556-1","500 mg/1,  25 mg/1","TABLET, COATED","ORAL","M013","Rite Aid Corporation","11822-0556","Acetaminophen and Diphenhydramine HCl","ACETAMINOPHEN,  DIPHENHYDRAMINE HYDROCHLORIDE","HUMAN OTC DRUG","12/17/2007","N/A","OTC MONOGRAPH DRUG","80 TABLET, COATED in 1 BOTTLE, PLASTIC (11822-0556-1)","Histamine H1 Receptor Antagonists [MoA],  Histamine-1 Receptor Antagonist [EPC]","N/A","No","12/31/2027"
"Allergy Relief","55910-191-08","25 mg/1","CAPSULE","ORAL","M012","DOLGENCORP, LLC","55910-191","Diphenhydramine HCl","DIPHENHYDRAMINE HYDROCHLORIDE","HUMAN OTC DRUG","07/30/2020","N/A","OTC MONOGRAPH DRUG","2 BLISTER PACK in 1 CARTON (55910-191-08)  / 12 CAPSULE in 1 BLISTER PACK","Histamine H1 Receptor Antagonists [MoA],  Histamine-1 Receptor Antagonist [EPC]","N/A","No","12/31/2027"
"Walgreens Stop Itch Gel","0363-1710-03","2 g/100mL","GEL","TOPICAL","M017","Walgreens Co","0363-1710","Diphenhydramine HCl","DIPHENHYDRAMINE HYDROCHLORIDE","HUMAN OTC DRUG","01/01/2025","N/A","OTC MONOGRAPH DRUG","103 mL in 1 TUBE (0363-1710-03)","Histamine H1 Receptor Antagonists [MoA],  Histamine-1 Receptor Antagonist [EPC]","N/A","No","12/31/2026"
"Acetaminophen, Diphenhydramine Hydrochloride","70000-0411-1","500 mg/1,  25 mg/1","TABLET, FILM COATED","ORAL","M013","LEADER/ Cardinal Health 110, Inc.","70000-0411","Acetaminophen, Diphenhydramine Hydrochloride","ACETAMINOPHEN,  DIPHENHYDRAMINE HYDROCHLORIDE","HUMAN OTC DRUG","12/10/2018","N/A","OTC MONOGRAPH DRUG","1 BOTTLE in 1 CARTON (70000-0411-1)  / 24 TABLET, FILM COATED in 1 BOTTLE","Histamine H1 Receptor Antagonists [MoA],  Histamine-1 Receptor Antagonist [EPC]","N/A","No","12/31/2027"
"Acetaminophen, Diphenhydramine Hydrochloride","70000-0411-2","500 mg/1,  25 mg/1","TABLET, FILM COATED","ORAL","M013","LEADER/ Cardinal Health 110, Inc.","70000-0411","Acetaminophen, Diphenhydramine Hydrochloride","ACETAMINOPHEN,  DIPHENHYDRAMINE HYDROCHLORIDE","HUMAN OTC DRUG","11/29/2018","N/A","OTC MONOGRAPH DRUG","50 TABLET, FILM COATED in 1 BOTTLE (70000-0411-2)","Histamine H1 Receptor Antagonists [MoA],  Histamine-1 Receptor Antagonist [EPC]","N/A","No","12/31/2027"
"Acetaminophen, Diphenhydramine Hydrochloride","70000-0411-3","500 mg/1,  25 mg/1","TABLET, FILM COATED","ORAL","M013","LEADER/ Cardinal Health 110, Inc.","70000-0411","Acetaminophen, Diphenhydramine Hydrochloride","ACETAMINOPHEN,  DIPHENHYDRAMINE HYDROCHLORIDE","HUMAN OTC DRUG","12/10/2018","N/A","OTC MONOGRAPH DRUG","1 BOTTLE in 1 CARTON (70000-0411-3)  / 100 TABLET, FILM COATED in 1 BOTTLE","Histamine H1 Receptor Antagonists [MoA],  Histamine-1 Receptor Antagonist [EPC]","N/A","No","12/31/2027"
"childrens allergy relief dye-free","11673-918-36","12.5 mg/5mL","SOLUTION","ORAL","M012","Target Corporation","11673-918","Diphenhydramine HCl","DIPHENHYDRAMINE HYDROCHLORIDE","HUMAN OTC DRUG","05/20/2018","09/30/2026","OTC MONOGRAPH DRUG","1 BOTTLE, PLASTIC in 1 CARTON (11673-918-36)  / 118 mL in 1 BOTTLE, PLASTIC","Histamine H1 Receptor Antagonists [MoA],  Histamine-1 Receptor Antagonist [EPC]","N/A","No","N/A"
"Daytime Nighttime Childrens Multi-symptom Cold","49035-938-04","N/A","KIT","N/A","M012","Wal-Mart Stores, Inc.","49035-938","Dextromethorphan HBr, Guaifenesin, Phenylephrine HCl, Acetaminophen, Diphenhydramine HCl, Phenylephrine HCl","N/A","HUMAN OTC DRUG","11/26/2024","N/A","OTC MONOGRAPH DRUG","1 KIT in 1 KIT (49035-938-04)  *  1 BOTTLE in 1 CARTON / 118 mL in 1 BOTTLE *  1 BOTTLE in 1 CARTON / 118 mL in 1 BOTTLE","N/A","N/A","No","12/31/2026"
"Diphenhydramine HCL","50090-5744-1","25 mg/1","CAPSULE","ORAL","M012","A-S Medication Solutions","50090-5744","Diphenhydramine HCL","DIPHENHYDRAMINE HYDROCHLORIDE","HUMAN OTC DRUG","09/29/2021","N/A","OTC MONOGRAPH DRUG","28 CAPSULE in 1 BOTTLE (50090-5744-1)","Histamine H1 Receptor Antagonists [MoA],  Histamine-1 Receptor Antagonist [EPC]","N/A","No","12/31/2027"
"Nightime Sleep Aid","21130-711-01","50 mg/30mL","LIQUID","ORAL","M010","BETTER LIVING BRANDS LLC.","21130-711","Diphenhydramine hydrochloride","DIPHENHYDRAMINE HYDROCHLORIDE","HUMAN OTC DRUG","04/11/2026","N/A","OTC MONOGRAPH DRUG","354 mL in 1 BOTTLE (21130-711-01)","Histamine H1 Receptor Antagonists [MoA],  Histamine-1 Receptor Antagonist [EPC]","N/A","No","12/31/2027"
"Nightime Sleep Aid","21130-711-02","50 mg/30mL","LIQUID","ORAL","M010","BETTER LIVING BRANDS LLC.","21130-711","Diphenhydramine hydrochloride","DIPHENHYDRAMINE HYDROCHLORIDE","HUMAN OTC DRUG","04/12/2025","N/A","OTC MONOGRAPH DRUG","2 BOTTLE in 1 PACKAGE (21130-711-02)  / 354 mL in 1 BOTTLE (21130-711-01)","Histamine H1 Receptor Antagonists [MoA],  Histamine-1 Receptor Antagonist [EPC]","N/A","No","12/31/2027"
"Tylenol PM","50269-608-06","500 mg/1,  25 mg/1","TABLET, FILM COATED","ORAL","M013","JC World Bell Wholesale Co., Inc.","50269-608","ACETAMINOPHEN, DIPHENHYDRAMINE HYDROCHLORIDE","ACETAMINOPHEN,  DIPHENHYDRAMINE HYDROCHLORIDE","HUMAN OTC DRUG","08/16/2018","N/A","OTC MONOGRAPH DRUG","25 TABLET, FILM COATED in 1 BOX (50269-608-06)","Histamine H1 Receptor Antagonists [MoA],  Histamine-1 Receptor Antagonist [EPC]","N/A","No","12/31/2026"
"DIPHENHYDRAMINE HYDROCHLORIDE","53345-005-01","50 mg/1","CAPSULE, LIQUID FILLED","ORAL","M010","Humanwell PuraCap Pharmaceutical (Wuhan), Ltd.","53345-005","DIPHENHYDRAMINE HYDROCHLORIDE","DIPHENHYDRAMINE HYDROCHLORIDE","HUMAN OTC DRUG","04/15/2013","N/A","OTC MONOGRAPH DRUG","1 BAG in 1 BOX (53345-005-01)  / 12000 CAPSULE, LIQUID FILLED in 1 BAG","Histamine H1 Receptor Antagonists [MoA],  Histamine-1 Receptor Antagonist [EPC]","N/A","No","12/31/2026"
"DIPHENHYDRAMINE HYDROCHLORIDE","53345-005-02","50 mg/1","CAPSULE, LIQUID FILLED","ORAL","M010","Humanwell PuraCap Pharmaceutical (Wuhan), Ltd.","53345-005","DIPHENHYDRAMINE HYDROCHLORIDE","DIPHENHYDRAMINE HYDROCHLORIDE","HUMAN OTC DRUG","04/15/2013","N/A","OTC MONOGRAPH DRUG","80 BOTTLE, PLASTIC in 1 BOX (53345-005-02)  / 32 CAPSULE, LIQUID FILLED in 1 BOTTLE, PLASTIC","Histamine H1 Receptor Antagonists [MoA],  Histamine-1 Receptor Antagonist [EPC]","N/A","No","12/31/2026"
"Nighttime Sleep-Aid","63941-683-17","50 mg/1","CAPSULE, LIQUID FILLED","ORAL","M010","VALU MERCHANDISERS COMPANY","63941-683","Diphenhydramine HCl","DIPHENHYDRAMINE HYDROCHLORIDE","HUMAN OTC DRUG","10/12/2023","N/A","OTC MONOGRAPH DRUG","1 BOTTLE in 1 CARTON (63941-683-17)  / 60 CAPSULE, LIQUID FILLED in 1 BOTTLE","Histamine H1 Receptor Antagonists [MoA],  Histamine-1 Receptor Antagonist [EPC]","N/A","No","12/31/2026"
"Aller-Ben","68196-829-78","25 mg/1","TABLET, FILM COATED","ORAL","M012","Sam's West Inc","68196-829","Diphenhydramine HCl","DIPHENHYDRAMINE HYDROCHLORIDE","HUMAN OTC DRUG","02/18/2020","N/A","OTC MONOGRAPH DRUG","600 TABLET, FILM COATED in 1 BOTTLE, PLASTIC (68196-829-78)","Histamine H1 Receptor Antagonists [MoA],  Histamine-1 Receptor Antagonist [EPC]","N/A","No","12/31/2026"
"Pain Reliever PM Extra Strength","68391-863-05","500 mg/1,  25 mg/1","TABLET, COATED","ORAL","M013","BJWC (Berkley & Jensen / BJ's)","68391-863","Acetaminophen, Diphenhydramine HCL","ACETAMINOPHEN,  DIPHENHYDRAMINE HYDROCHLORIDE","HUMAN OTC DRUG","11/29/2019","N/A","OTC MONOGRAPH DRUG","500 TABLET, COATED in 1 BOTTLE, PLASTIC (68391-863-05)","Histamine H1 Receptor Antagonists [MoA],  Histamine-1 Receptor Antagonist [EPC]","N/A","No","12/31/2026"
"Dimetapp Nighttime Cold and Cough","69536-345-04","12.5 mg/10mL","SOLUTION","ORAL","M012","Foundation Consumer Healthcare","69536-345","DIPHENHYDRAMINE HYDROCHLORIDE","DIPHENHYDRAMINE HYDROCHLORIDE","HUMAN OTC DRUG","06/01/2024","N/A","OTC MONOGRAPH DRUG","1 BOTTLE in 1 CARTON (69536-345-04)  / 118 mL in 1 BOTTLE","Histamine H1 Receptor Antagonists [MoA],  Histamine-1 Receptor Antagonist [EPC]","N/A","No","12/31/2026"
"Diphenhydramine HCl Oral Solution","84415-013-01","25 mg/10mL","SOLUTION","ORAL","M012","Everpharm LLC","84415-013","Diphenhydramine HCl Oral","DIPHENHYDRAMINE HYDROCHLORIDE","HUMAN OTC DRUG","01/16/2025","N/A","OTC MONOGRAPH DRUG","100 CUP, UNIT-DOSE in 1 BOX, UNIT-DOSE (84415-013-01)  / 10 mL in 1 CUP, UNIT-DOSE","Histamine H1 Receptor Antagonists [MoA],  Histamine-1 Receptor Antagonist [EPC]","N/A","No","12/31/2026"
"Banophen","0904-5354-31","2 g/100g,  .1 g/100g","CREAM","TOPICAL","M017","Major Pharmaceuticals","0904-5354","Diphenhydramine Hydrochloride, Zinc Acetate","DIPHENHYDRAMINE HYDROCHLORIDE,  ZINC ACETATE","HUMAN OTC DRUG","06/19/2009","N/A","OTC MONOGRAPH DRUG","1 TUBE in 1 CARTON (0904-5354-31)  / 28 g in 1 TUBE","Copper Absorption Inhibitor [EPC],  Decreased Copper Ion Absorption [PE],  Histamine H1 Receptor Antagonists [MoA],  Histamine-1 Receptor Antagonist [EPC]","N/A","No","12/31/2027"
"Ibuprofen PM","21130-056-40","200 mg/1,  38 mg/1","TABLET, COATED","ORAL","ANDA211404","Safeway, Inc.","21130-056","Diphenhydramine Citrate, Ibuprofen","IBUPROFEN,  DIPHENHYDRAMINE CITRATE","HUMAN OTC DRUG","03/01/2024","12/31/2026","ANDA","1 BOTTLE, PLASTIC in 1 BOX (21130-056-40)  / 40 TABLET, COATED in 1 BOTTLE, PLASTIC","Anti-Inflammatory Agents,  Non-Steroidal [CS],  Cyclooxygenase Inhibitors [MoA],  Histamine H1 Receptor Antagonists [MoA],  Histamine-1 Receptor Antagonist [EPC],  Nonsteroidal Anti-inflammatory Drug [EPC]","N/A","No","N/A"
"Ibuprofen PM","21130-056-80","200 mg/1,  38 mg/1","TABLET, COATED","ORAL","ANDA211404","Safeway, Inc.","21130-056","Diphenhydramine Citrate, Ibuprofen","IBUPROFEN,  DIPHENHYDRAMINE CITRATE","HUMAN OTC DRUG","03/01/2024","12/31/2026","ANDA","1 BOTTLE, PLASTIC in 1 BOX (21130-056-80)  / 80 TABLET, COATED in 1 BOTTLE, PLASTIC","Anti-Inflammatory Agents,  Non-Steroidal [CS],  Cyclooxygenase Inhibitors [MoA],  Histamine H1 Receptor Antagonists [MoA],  Histamine-1 Receptor Antagonist [EPC],  Nonsteroidal Anti-inflammatory Drug [EPC]","N/A","No","N/A"
"Sleep Aid","55319-564-32","50 mg/1","CAPSULE","ORAL","M010","Family Dollar (FAMILY WELLNESS)","55319-564","Diphenhydramine HCl","DIPHENHYDRAMINE HYDROCHLORIDE","HUMAN OTC DRUG","07/01/2023","N/A","OTC MONOGRAPH DRUG","1 BOTTLE, PLASTIC in 1 BOX (55319-564-32)  / 32 CAPSULE in 1 BOTTLE, PLASTIC","Histamine H1 Receptor Antagonists [MoA],  Histamine-1 Receptor Antagonist [EPC]","N/A","No","12/31/2026"
"Sleep Aid","55319-564-64","50 mg/1","CAPSULE","ORAL","M010","Family Dollar (FAMILY WELLNESS)","55319-564","Diphenhydramine HCl","DIPHENHYDRAMINE HYDROCHLORIDE","HUMAN OTC DRUG","07/01/2023","N/A","OTC MONOGRAPH DRUG","1 BOTTLE, PLASTIC in 1 BOX (55319-564-64)  / 64 CAPSULE in 1 BOTTLE, PLASTIC","Histamine H1 Receptor Antagonists [MoA],  Histamine-1 Receptor Antagonist [EPC]","N/A","No","12/31/2026"
"VICKS ZzzQuil NIGHTTIME SLEEP-AID","69423-812-12","50 mg/30mL","LIQUID","ORAL","M010","The Procter & Gamble Manufacturing Company","69423-812","Diphenhydramine HCl","DIPHENHYDRAMINE HYDROCHLORIDE","HUMAN OTC DRUG","10/11/2021","N/A","OTC MONOGRAPH DRUG","354 mL in 1 BOTTLE, PLASTIC (69423-812-12)","Histamine H1 Receptor Antagonists [MoA],  Histamine-1 Receptor Antagonist [EPC]","N/A","No","12/31/2027"
"VICKS ZzzQuil NIGHTTIME SLEEP-AID","69423-812-24","50 mg/30mL","LIQUID","ORAL","M010","The Procter & Gamble Manufacturing Company","69423-812","Diphenhydramine HCl","DIPHENHYDRAMINE HYDROCHLORIDE","HUMAN OTC DRUG","10/11/2021","N/A","OTC MONOGRAPH DRUG","2 BOTTLE, PLASTIC in 1 CARTON (69423-812-24)  / 354 mL in 1 BOTTLE, PLASTIC","Histamine H1 Receptor Antagonists [MoA],  Histamine-1 Receptor Antagonist [EPC]","N/A","No","12/31/2027"
"Dimetapp Cough and Allergy","69536-370-24","12.5 mg/1","TABLET, CHEWABLE","ORAL","M012","Foundation Consumer Healthcare","69536-370","DIPHENHYDRAMINE HYDROCHLORIDE","DIPHENHYDRAMINE HYDROCHLORIDE","HUMAN OTC DRUG","04/15/2024","N/A","OTC MONOGRAPH DRUG","4 BLISTER PACK in 1 CARTON (69536-370-24)  / 6 TABLET, CHEWABLE in 1 BLISTER PACK","Histamine H1 Receptor Antagonists [MoA],  Histamine-1 Receptor Antagonist [EPC]","N/A","No","12/31/2026"
"meijer EXTRA STRENGTH Pain Relief PM CAPLET","79481-0174-1","500 mg/1,  25 mg/1","TABLET","ORAL","M013","Meijer, Inc.","79481-0174","Acetaminophen, Diphenhydramine Hydrochloride","ACETAMINOPHEN,  DIPHENHYDRAMINE HYDROCHLORIDE","HUMAN OTC DRUG","08/05/2025","N/A","OTC MONOGRAPH DRUG","1 BOTTLE in 1 CARTON (79481-0174-1)  / 100 TABLET in 1 BOTTLE","Histamine H1 Receptor Antagonists [MoA],  Histamine-1 Receptor Antagonist [EPC]","N/A","No","12/31/2026"
"meijer EXTRA STRENGTH Pain Relief PM CAPLET","79481-0174-2","500 mg/1,  25 mg/1","TABLET","ORAL","M013","Meijer, Inc.","79481-0174","Acetaminophen, Diphenhydramine Hydrochloride","ACETAMINOPHEN,  DIPHENHYDRAMINE HYDROCHLORIDE","HUMAN OTC DRUG","08/05/2025","N/A","OTC MONOGRAPH DRUG","2 BOTTLE in 1 CARTON (79481-0174-2)  / 100 TABLET in 1 BOTTLE","Histamine H1 Receptor Antagonists [MoA],  Histamine-1 Receptor Antagonist [EPC]","N/A","No","12/31/2026"
"meijer EXTRA STRENGTH Pain Relief PM CAPLET","79481-0174-4","500 mg/1,  25 mg/1","TABLET","ORAL","M013","Meijer, Inc.","79481-0174","Acetaminophen, Diphenhydramine Hydrochloride","ACETAMINOPHEN,  DIPHENHYDRAMINE HYDROCHLORIDE","HUMAN OTC DRUG","08/05/2025","N/A","OTC MONOGRAPH DRUG","1 BOTTLE in 1 CARTON (79481-0174-4)  / 24 TABLET in 1 BOTTLE","Histamine H1 Receptor Antagonists [MoA],  Histamine-1 Receptor Antagonist [EPC]","N/A","No","12/31/2026"
"meijer EXTRA STRENGTH Pain Relief PM CAPLET","79481-0174-5","500 mg/1,  25 mg/1","TABLET","ORAL","M013","Meijer, Inc.","79481-0174","Acetaminophen, Diphenhydramine Hydrochloride","ACETAMINOPHEN,  DIPHENHYDRAMINE HYDROCHLORIDE","HUMAN OTC DRUG","08/05/2025","N/A","OTC MONOGRAPH DRUG","1 BOTTLE in 1 CARTON (79481-0174-5)  / 50 TABLET in 1 BOTTLE","Histamine H1 Receptor Antagonists [MoA],  Histamine-1 Receptor Antagonist [EPC]","N/A","No","12/31/2026"
"Nighttime Sleep Aid","36800-116-32","50 mg/1","CAPSULE","ORAL","M010","TOP CARE (Topco Associates LLC)","36800-116","Diphenhydramine HCl","DIPHENHYDRAMINE HYDROCHLORIDE","HUMAN OTC DRUG","01/31/2020","N/A","OTC MONOGRAPH DRUG","1 BOTTLE, PLASTIC in 1 BOX (36800-116-32)  / 32 CAPSULE in 1 BOTTLE, PLASTIC","Histamine H1 Receptor Antagonists [MoA],  Histamine-1 Receptor Antagonist [EPC]","N/A","No","12/31/2026"
"Nighttime Sleep Aid","36800-116-64","50 mg/1","CAPSULE","ORAL","M010","TOP CARE (Topco Associates LLC)","36800-116","Diphenhydramine HCl","DIPHENHYDRAMINE HYDROCHLORIDE","HUMAN OTC DRUG","01/31/2020","N/A","OTC MONOGRAPH DRUG","1 BOTTLE, PLASTIC in 1 BOX (36800-116-64)  / 64 CAPSULE in 1 BOTTLE, PLASTIC","Histamine H1 Receptor Antagonists [MoA],  Histamine-1 Receptor Antagonist [EPC]","N/A","No","12/31/2026"
"Diphenhydramine Hydrochloride","37835-641-01","25 mg/1","TABLET","ORAL","M012","Bi-Mart","37835-641","Diphenhydramine Hydrochloride","DIPHENHYDRAMINE HYDROCHLORIDE","HUMAN OTC DRUG","02/01/2025","N/A","OTC MONOGRAPH DRUG","100 TABLET in 1 BOTTLE (37835-641-01)","Histamine H1 Receptor Antagonists [MoA],  Histamine-1 Receptor Antagonist [EPC]","N/A","No","12/31/2026"
"Pain Reliever PM","55319-562-10","500 mg/1,  25 mg/1","TABLET, COATED","ORAL","M013","Family Dollar (FAMILY WELLNESS)","55319-562","Acetaminophen, Diphenhydramine HCl","ACETAMINOPHEN,  DIPHENHYDRAMINE HYDROCHLORIDE","HUMAN OTC DRUG","07/01/2023","N/A","OTC MONOGRAPH DRUG","1 BOTTLE, PLASTIC in 1 BOX (55319-562-10)  / 100 TABLET, COATED in 1 BOTTLE, PLASTIC","Histamine H1 Receptor Antagonists [MoA],  Histamine-1 Receptor Antagonist [EPC]","N/A","No","12/31/2027"
"Pain Reliever PM","55319-562-24","500 mg/1,  25 mg/1","TABLET, COATED","ORAL","M013","Family Dollar (FAMILY WELLNESS)","55319-562","Acetaminophen, Diphenhydramine HCl","ACETAMINOPHEN,  DIPHENHYDRAMINE HYDROCHLORIDE","HUMAN OTC DRUG","07/01/2023","N/A","OTC MONOGRAPH DRUG","1 BOTTLE, PLASTIC in 1 BOX (55319-562-24)  / 24 TABLET, COATED in 1 BOTTLE, PLASTIC","Histamine H1 Receptor Antagonists [MoA],  Histamine-1 Receptor Antagonist [EPC]","N/A","No","12/31/2027"
"Pain Reliever PM","55319-562-50","500 mg/1,  25 mg/1","TABLET, COATED","ORAL","M013","Family Dollar (FAMILY WELLNESS)","55319-562","Acetaminophen, Diphenhydramine HCl","ACETAMINOPHEN,  DIPHENHYDRAMINE HYDROCHLORIDE","HUMAN OTC DRUG","07/01/2023","N/A","OTC MONOGRAPH DRUG","1 BOTTLE, PLASTIC in 1 BOX (55319-562-50)  / 50 TABLET, COATED in 1 BOTTLE, PLASTIC","Histamine H1 Receptor Antagonists [MoA],  Histamine-1 Receptor Antagonist [EPC]","N/A","No","12/31/2027"
"Dimetapp Cold and Cough and Nighttime Cold and Cough","69536-355-08","N/A","KIT","N/A","M012","Foundation Consumer Healthcare","69536-355","DIPHENHYDRAMINE HYDROCHLORIDE, BROMPHENIRAMINE MALEATE, and DEXTROMETHORPHAN HYDROBROMIDE","N/A","HUMAN OTC DRUG","06/01/2024","N/A","OTC MONOGRAPH DRUG","1 KIT in 1 CARTON (69536-355-08)  *  1 BOTTLE in 1 CARTON (69536-345-04)  / 118 mL in 1 BOTTLE *  1 BOTTLE in 1 CARTON (69536-315-04)  / 118 mL in 1 BOTTLE","N/A","N/A","No","12/31/2026"
"Childrens Allergy Relief","69842-719-19","12.5 mg/5mL","SOLUTION","ORAL","M012","CVS PHARMACY","69842-719","Diphenhydramine HCl","DIPHENHYDRAMINE HYDROCHLORIDE","HUMAN OTC DRUG","08/05/2020","N/A","OTC MONOGRAPH DRUG","1 BOTTLE, PLASTIC in 1 CARTON (69842-719-19)  / 237 mL in 1 BOTTLE, PLASTIC","Histamine H1 Receptor Antagonists [MoA],  Histamine-1 Receptor Antagonist [EPC]","N/A","No","12/31/2027"
"Allergy Relief","70000-0771-1","25 mg/1","CAPSULE","ORAL","M012","CARDINAL HEALTH 110, LLC. DBA LEADER","70000-0771","Diphenhydramine Hydrochloride","DIPHENHYDRAMINE HYDROCHLORIDE","HUMAN OTC DRUG","08/14/2026","N/A","OTC MONOGRAPH DRUG","100 CAPSULE in 1 BOTTLE (70000-0771-1)","Histamine H1 Receptor Antagonists [MoA],  Histamine-1 Receptor Antagonist [EPC]","N/A","No","12/31/2027"
"Allergy Relief","70000-0771-2","25 mg/1","CAPSULE","ORAL","M012","CARDINAL HEALTH 110, LLC. DBA LEADER","70000-0771","Diphenhydramine Hydrochloride","DIPHENHYDRAMINE HYDROCHLORIDE","HUMAN OTC DRUG","08/14/2026","N/A","OTC MONOGRAPH DRUG","1 BLISTER PACK in 1 CARTON (70000-0771-2)  / 24 CAPSULE in 1 BLISTER PACK","Histamine H1 Receptor Antagonists [MoA],  Histamine-1 Receptor Antagonist [EPC]","N/A","No","12/31/2027"
"Caring Mill Anti-Itch Cream","71101-055-01","20 mg/g,  1 mg/g","CREAM","TOPICAL","M017","Veridian Healthcare","71101-055","Diphenhydramine Hydrochloride and Zinc Acetate","DIPHENHYDRAMINE HYDROCHLORIDE,  ZINC ACETATE","HUMAN OTC DRUG","09/01/2024","N/A","OTC MONOGRAPH DRUG","1 TUBE in 1 CARTON (71101-055-01)  / 28.3 g in 1 TUBE","Copper Absorption Inhibitor [EPC],  Decreased Copper Ion Absorption [PE],  Histamine H1 Receptor Antagonists [MoA],  Histamine-1 Receptor Antagonist [EPC]","N/A","No","12/31/2026"
"Diphenhydramine HCl Oral Solution","84415-012-01","12.5 mg/5mL","SOLUTION","ORAL","M012","Everpharm LLC","84415-012","Diphenhydramine HCl Oral","DIPHENHYDRAMINE HYDROCHLORIDE","HUMAN OTC DRUG","01/16/2025","N/A","OTC MONOGRAPH DRUG","100 CUP, UNIT-DOSE in 1 BOX, UNIT-DOSE (84415-012-01)  / 5 mL in 1 CUP, UNIT-DOSE","Histamine H1 Receptor Antagonists [MoA],  Histamine-1 Receptor Antagonist [EPC]","N/A","No","12/31/2026"
"Allergy Relief","41163-329-08","25 mg/1","TABLET, FILM COATED","ORAL","M012","United Natural Foods, Inc. dba UNFI","41163-329","Diphenhydramine HCl","DIPHENHYDRAMINE HYDROCHLORIDE","HUMAN OTC DRUG","03/02/1990","N/A","OTC MONOGRAPH DRUG","2 BLISTER PACK in 1 CARTON (41163-329-08)  / 12 TABLET, FILM COATED in 1 BLISTER PACK","Histamine H1 Receptor Antagonists [MoA],  Histamine-1 Receptor Antagonist [EPC]","N/A","No","12/31/2026"
"Allergy Relief","41163-329-22","25 mg/1","TABLET, FILM COATED","ORAL","M012","United Natural Foods, Inc. dba UNFI","41163-329","Diphenhydramine HCl","DIPHENHYDRAMINE HYDROCHLORIDE","HUMAN OTC DRUG","03/02/1990","N/A","OTC MONOGRAPH DRUG","4 BLISTER PACK in 1 CARTON (41163-329-22)  / 12 TABLET, FILM COATED in 1 BLISTER PACK","Histamine H1 Receptor Antagonists [MoA],  Histamine-1 Receptor Antagonist [EPC]","N/A","No","12/31/2026"
"Allergy Medicine","37835-647-01","25 mg/1","CAPSULE","ORAL","M012","Bi-Mart","37835-647","Diphenhydramine HCl","DIPHENHYDRAMINE HYDROCHLORIDE","HUMAN OTC DRUG","06/01/2025","N/A","OTC MONOGRAPH DRUG","100 CAPSULE in 1 BOTTLE (37835-647-01)","Histamine H1 Receptor Antagonists [MoA],  Histamine-1 Receptor Antagonist [EPC]","N/A","No","12/31/2026"
"Allergy Medicine","37835-647-24","25 mg/1","CAPSULE","ORAL","M012","Bi-Mart","37835-647","Diphenhydramine HCl","DIPHENHYDRAMINE HYDROCHLORIDE","HUMAN OTC DRUG","06/01/2025","N/A","OTC MONOGRAPH DRUG","24 CAPSULE in 1 BOTTLE (37835-647-24)","Histamine H1 Receptor Antagonists [MoA],  Histamine-1 Receptor Antagonist [EPC]","N/A","No","12/31/2026"
"Nighttime Sleep Aid Alcohol Free","49035-330-02","50 mg/30mL","SOLUTION","ORAL","M010","Wal-Mart Stores Inc","49035-330","Diphenhydramine HCl","DIPHENHYDRAMINE HYDROCHLORIDE","HUMAN OTC DRUG","09/12/2016","N/A","OTC MONOGRAPH DRUG","355 mL in 1 BOTTLE, PLASTIC (49035-330-02)","Histamine H1 Receptor Antagonists [MoA],  Histamine-1 Receptor Antagonist [EPC]","N/A","No","12/31/2027"
"Nighttime Sleep Aid Alcohol Free","49035-330-45","50 mg/30mL","SOLUTION","ORAL","M010","Wal-Mart Stores Inc","49035-330","Diphenhydramine HCl","DIPHENHYDRAMINE HYDROCHLORIDE","HUMAN OTC DRUG","09/12/2016","N/A","OTC MONOGRAPH DRUG","177 mL in 1 BOTTLE, PLASTIC (49035-330-45)","Histamine H1 Receptor Antagonists [MoA],  Histamine-1 Receptor Antagonist [EPC]","N/A","No","12/31/2027"
"Nighttime Sleep Aid Alcohol Free","49035-330-96","50 mg/30mL","SOLUTION","ORAL","M010","Wal-Mart Stores Inc","49035-330","Diphenhydramine HCl","DIPHENHYDRAMINE HYDROCHLORIDE","HUMAN OTC DRUG","09/12/2016","N/A","OTC MONOGRAPH DRUG","2 BOTTLE, PLASTIC in 1 PACKAGE (49035-330-96)  / 355 mL in 1 BOTTLE, PLASTIC","Histamine H1 Receptor Antagonists [MoA],  Histamine-1 Receptor Antagonist [EPC]","N/A","No","12/31/2027"
"Multi Symptom Severe Cold and Nighttime Severe Cold and Cough","49035-948-12","N/A","KIT","N/A","M012","WAL-MART STORES INC","49035-948","Acetaminophen, Dextromethorphan HBr, Diphenhydramine HCl, Phenylephrine HCl","N/A","HUMAN OTC DRUG","07/01/2019","N/A","OTC MONOGRAPH DRUG","1 KIT in 1 CARTON (49035-948-12)  *  6 PACKET in 1 CARTON (79903-541-01)  / 1 POWDER, FOR SOLUTION in 1 PACKET *  6 PACKET in 1 CARTON (79903-547-01)  / 1 POWDER, FOR SOLUTION in 1 PACKET","N/A","N/A","No","12/31/2026"
"DIPHENHYDRAMINE HYDROCHLORIDE","53345-007-01","25 mg/1","CAPSULE, LIQUID FILLED","ORAL","M012","Humanwell PuraCap Pharmaceutical (Wuhan), Ltd.","53345-007","DIPHENHYDRAMINE HYDROCHLORIDE","DIPHENHYDRAMINE HYDROCHLORIDE","HUMAN OTC DRUG","09/15/2013","N/A","OTC MONOGRAPH DRUG","1 BAG in 1 BOX (53345-007-01)  / 20000 CAPSULE, LIQUID FILLED in 1 BAG","Histamine H1 Receptor Antagonists [MoA],  Histamine-1 Receptor Antagonist [EPC]","N/A","No","12/31/2026"
"Ibuprofen and Diphenhydramine Citrate","58602-867-09","200 mg/1,  38 mg/1","TABLET, COATED","ORAL","ANDA216204","Aurohealth LLC","58602-867","Ibuprofen and Diphenhydramine Citrate","IBUPROFEN,  DIPHENHYDRAMINE CITRATE","HUMAN OTC DRUG","05/31/2022","N/A","ANDA","1 BOTTLE in 1 CARTON (58602-867-09)  / 30 TABLET, COATED in 1 BOTTLE","Anti-Inflammatory Agents,  Non-Steroidal [CS],  Cyclooxygenase Inhibitors [MoA],  Histamine H1 Receptor Antagonists [MoA],  Histamine-1 Receptor Antagonist [EPC],  Nonsteroidal Anti-inflammatory Drug [EPC]","N/A","No","12/31/2026"
"Ibuprofen and Diphenhydramine Citrate","58602-867-12","200 mg/1,  38 mg/1","TABLET, COATED","ORAL","ANDA216204","Aurohealth LLC","58602-867","Ibuprofen and Diphenhydramine Citrate","IBUPROFEN,  DIPHENHYDRAMINE CITRATE","HUMAN OTC DRUG","05/31/2022","N/A","ANDA","1 BOTTLE in 1 CARTON (58602-867-12)  / 40 TABLET, COATED in 1 BOTTLE","Anti-Inflammatory Agents,  Non-Steroidal [CS],  Cyclooxygenase Inhibitors [MoA],  Histamine H1 Receptor Antagonists [MoA],  Histamine-1 Receptor Antagonist [EPC],  Nonsteroidal Anti-inflammatory Drug [EPC]","N/A","No","12/31/2026"
"Ibuprofen and Diphenhydramine Citrate","58602-867-14","200 mg/1,  38 mg/1","TABLET, COATED","ORAL","ANDA216204","Aurohealth LLC","58602-867","Ibuprofen and Diphenhydramine Citrate","IBUPROFEN,  DIPHENHYDRAMINE CITRATE","HUMAN OTC DRUG","05/31/2022","N/A","ANDA","1 BOTTLE in 1 CARTON (58602-867-14)  / 50 TABLET, COATED in 1 BOTTLE","Anti-Inflammatory Agents,  Non-Steroidal [CS],  Cyclooxygenase Inhibitors [MoA],  Histamine H1 Receptor Antagonists [MoA],  Histamine-1 Receptor Antagonist [EPC],  Nonsteroidal Anti-inflammatory Drug [EPC]","N/A","No","12/31/2026"
"Ibuprofen and Diphenhydramine Citrate","58602-867-18","200 mg/1,  38 mg/1","TABLET, COATED","ORAL","ANDA216204","Aurohealth LLC","58602-867","Ibuprofen and Diphenhydramine Citrate","IBUPROFEN,  DIPHENHYDRAMINE CITRATE","HUMAN OTC DRUG","05/31/2022","N/A","ANDA","1 BOTTLE in 1 CARTON (58602-867-18)  / 80 TABLET, COATED in 1 BOTTLE","Anti-Inflammatory Agents,  Non-Steroidal [CS],  Cyclooxygenase Inhibitors [MoA],  Histamine H1 Receptor Antagonists [MoA],  Histamine-1 Receptor Antagonist [EPC],  Nonsteroidal Anti-inflammatory Drug [EPC]","N/A","No","12/31/2026"
"Ibuprofen and Diphenhydramine Citrate","58602-867-21","200 mg/1,  38 mg/1","TABLET, COATED","ORAL","ANDA216204","Aurohealth LLC","58602-867","Ibuprofen and Diphenhydramine Citrate","IBUPROFEN,  DIPHENHYDRAMINE CITRATE","HUMAN OTC DRUG","05/31/2022","N/A","ANDA","1 BOTTLE in 1 CARTON (58602-867-21)  / 100 TABLET, COATED in 1 BOTTLE","Anti-Inflammatory Agents,  Non-Steroidal [CS],  Cyclooxygenase Inhibitors [MoA],  Histamine H1 Receptor Antagonists [MoA],  Histamine-1 Receptor Antagonist [EPC],  Nonsteroidal Anti-inflammatory Drug [EPC]","N/A","No","12/31/2026"
"Ibuprofen and Diphenhydramine Citrate","58602-867-23","200 mg/1,  38 mg/1","TABLET, COATED","ORAL","ANDA216204","Aurohealth LLC","58602-867","Ibuprofen and Diphenhydramine Citrate","IBUPROFEN,  DIPHENHYDRAMINE CITRATE","HUMAN OTC DRUG","05/31/2022","N/A","ANDA","1 BOTTLE in 1 CARTON (58602-867-23)  / 120 TABLET, COATED in 1 BOTTLE","Anti-Inflammatory Agents,  Non-Steroidal [CS],  Cyclooxygenase Inhibitors [MoA],  Histamine H1 Receptor Antagonists [MoA],  Histamine-1 Receptor Antagonist [EPC],  Nonsteroidal Anti-inflammatory Drug [EPC]","N/A","No","12/31/2026"
"Ibuprofen and Diphenhydramine Citrate","58602-867-27","200 mg/1,  38 mg/1","TABLET, COATED","ORAL","ANDA216204","Aurohealth LLC","58602-867","Ibuprofen and Diphenhydramine Citrate","IBUPROFEN,  DIPHENHYDRAMINE CITRATE","HUMAN OTC DRUG","05/31/2022","N/A","ANDA","140 TABLET, COATED in 1 BOTTLE (58602-867-27)","Anti-Inflammatory Agents,  Non-Steroidal [CS],  Cyclooxygenase Inhibitors [MoA],  Histamine H1 Receptor Antagonists [MoA],  Histamine-1 Receptor Antagonist [EPC],  Nonsteroidal Anti-inflammatory Drug [EPC]","N/A","No","12/31/2026"
"Ibuprofen and Diphenhydramine Citrate","58602-867-32","200 mg/1,  38 mg/1","TABLET, COATED","ORAL","ANDA216204","Aurohealth LLC","58602-867","Ibuprofen and Diphenhydramine Citrate","IBUPROFEN,  DIPHENHYDRAMINE CITRATE","HUMAN OTC DRUG","05/31/2022","N/A","ANDA","180 TABLET, COATED in 1 BOTTLE (58602-867-32)","Anti-Inflammatory Agents,  Non-Steroidal [CS],  Cyclooxygenase Inhibitors [MoA],  Histamine H1 Receptor Antagonists [MoA],  Histamine-1 Receptor Antagonist [EPC],  Nonsteroidal Anti-inflammatory Drug [EPC]","N/A","No","12/31/2026"
"Ibuprofen and Diphenhydramine Citrate","58602-867-34","200 mg/1,  38 mg/1","TABLET, COATED","ORAL","ANDA216204","Aurohealth LLC","58602-867","Ibuprofen and Diphenhydramine Citrate","IBUPROFEN,  DIPHENHYDRAMINE CITRATE","HUMAN OTC DRUG","05/31/2022","N/A","ANDA","200 TABLET, COATED in 1 BOTTLE (58602-867-34)","Anti-Inflammatory Agents,  Non-Steroidal [CS],  Cyclooxygenase Inhibitors [MoA],  Histamine H1 Receptor Antagonists [MoA],  Histamine-1 Receptor Antagonist [EPC],  Nonsteroidal Anti-inflammatory Drug [EPC]","N/A","No","12/31/2026"
"Ibuprofen and Diphenhydramine Citrate","58602-867-46","200 mg/1,  38 mg/1","TABLET, COATED","ORAL","ANDA216204","Aurohealth LLC","58602-867","Ibuprofen and Diphenhydramine Citrate","IBUPROFEN,  DIPHENHYDRAMINE CITRATE","HUMAN OTC DRUG","05/31/2022","N/A","ANDA","140 TABLET, COATED in 1 BOTTLE, PLASTIC (58602-867-46)","Anti-Inflammatory Agents,  Non-Steroidal [CS],  Cyclooxygenase Inhibitors [MoA],  Histamine H1 Receptor Antagonists [MoA],  Histamine-1 Receptor Antagonist [EPC],  Nonsteroidal Anti-inflammatory Drug [EPC]","N/A","No","12/31/2026"
"Ibuprofen and Diphenhydramine Citrate","58602-867-70","200 mg/1,  38 mg/1","TABLET, COATED","ORAL","ANDA216204","Aurohealth LLC","58602-867","Ibuprofen and Diphenhydramine Citrate","IBUPROFEN,  DIPHENHYDRAMINE CITRATE","HUMAN OTC DRUG","05/31/2022","N/A","ANDA","1 BOTTLE, PLASTIC in 1 CARTON (58602-867-70)  / 40 TABLET, COATED in 1 BOTTLE, PLASTIC","Anti-Inflammatory Agents,  Non-Steroidal [CS],  Cyclooxygenase Inhibitors [MoA],  Histamine H1 Receptor Antagonists [MoA],  Histamine-1 Receptor Antagonist [EPC],  Nonsteroidal Anti-inflammatory Drug [EPC]","N/A","No","12/31/2026"
"Ibuprofen and Diphenhydramine Citrate","58602-867-72","200 mg/1,  38 mg/1","TABLET, COATED","ORAL","ANDA216204","Aurohealth LLC","58602-867","Ibuprofen and Diphenhydramine Citrate","IBUPROFEN,  DIPHENHYDRAMINE CITRATE","HUMAN OTC DRUG","05/31/2022","N/A","ANDA","1 BOTTLE, PLASTIC in 1 CARTON (58602-867-72)  / 80 TABLET, COATED in 1 BOTTLE, PLASTIC","Anti-Inflammatory Agents,  Non-Steroidal [CS],  Cyclooxygenase Inhibitors [MoA],  Histamine H1 Receptor Antagonists [MoA],  Histamine-1 Receptor Antagonist [EPC],  Nonsteroidal Anti-inflammatory Drug [EPC]","N/A","No","12/31/2026"
"Ibuprofen and Diphenhydramine Citrate","58602-867-73","200 mg/1,  38 mg/1","TABLET, COATED","ORAL","ANDA216204","Aurohealth LLC","58602-867","Ibuprofen and Diphenhydramine Citrate","IBUPROFEN,  DIPHENHYDRAMINE CITRATE","HUMAN OTC DRUG","05/31/2022","N/A","ANDA","1 BOTTLE in 1 CARTON (58602-867-73)  / 20 TABLET, COATED in 1 BOTTLE","Anti-Inflammatory Agents,  Non-Steroidal [CS],  Cyclooxygenase Inhibitors [MoA],  Histamine H1 Receptor Antagonists [MoA],  Histamine-1 Receptor Antagonist [EPC],  Nonsteroidal Anti-inflammatory Drug [EPC]","N/A","No","12/31/2026"
"Ibuprofen and Diphenhydramine Citrate","58602-867-78","200 mg/1,  38 mg/1","TABLET, COATED","ORAL","ANDA216204","Aurohealth LLC","58602-867","Ibuprofen and Diphenhydramine Citrate","IBUPROFEN,  DIPHENHYDRAMINE CITRATE","HUMAN OTC DRUG","05/31/2022","N/A","ANDA","1 BOTTLE, PLASTIC in 1 CARTON (58602-867-78)  / 50 TABLET, COATED in 1 BOTTLE, PLASTIC","Anti-Inflammatory Agents,  Non-Steroidal [CS],  Cyclooxygenase Inhibitors [MoA],  Histamine H1 Receptor Antagonists [MoA],  Histamine-1 Receptor Antagonist [EPC],  Nonsteroidal Anti-inflammatory Drug [EPC]","N/A","No","12/31/2026"
"Ibuprofen and Diphenhydramine Citrate","58602-867-80","200 mg/1,  38 mg/1","TABLET, COATED","ORAL","ANDA216204","Aurohealth LLC","58602-867","Ibuprofen and Diphenhydramine Citrate","IBUPROFEN,  DIPHENHYDRAMINE CITRATE","HUMAN OTC DRUG","05/31/2022","N/A","ANDA","200 TABLET, COATED in 1 BOTTLE, PLASTIC (58602-867-80)","Anti-Inflammatory Agents,  Non-Steroidal [CS],  Cyclooxygenase Inhibitors [MoA],  Histamine H1 Receptor Antagonists [MoA],  Histamine-1 Receptor Antagonist [EPC],  Nonsteroidal Anti-inflammatory Drug [EPC]","N/A","No","12/31/2026"
"Ibuprofen and Diphenhydramine Citrate","58602-867-92","200 mg/1,  38 mg/1","TABLET, COATED","ORAL","ANDA216204","Aurohealth LLC","58602-867","Ibuprofen and Diphenhydramine Citrate","IBUPROFEN,  DIPHENHYDRAMINE CITRATE","HUMAN OTC DRUG","05/31/2022","N/A","ANDA","180 TABLET, COATED in 1 BOTTLE, PLASTIC (58602-867-92)","Anti-Inflammatory Agents,  Non-Steroidal [CS],  Cyclooxygenase Inhibitors [MoA],  Histamine H1 Receptor Antagonists [MoA],  Histamine-1 Receptor Antagonist [EPC],  Nonsteroidal Anti-inflammatory Drug [EPC]","N/A","No","12/31/2026"
"Ibuprofen and Diphenhydramine Citrate","58602-867-97","200 mg/1,  38 mg/1","TABLET, COATED","ORAL","ANDA216204","Aurohealth LLC","58602-867","Ibuprofen and Diphenhydramine Citrate","IBUPROFEN,  DIPHENHYDRAMINE CITRATE","HUMAN OTC DRUG","05/31/2022","N/A","ANDA","120 TABLET, COATED in 1 BOTTLE, PLASTIC (58602-867-97)","Anti-Inflammatory Agents,  Non-Steroidal [CS],  Cyclooxygenase Inhibitors [MoA],  Histamine H1 Receptor Antagonists [MoA],  Histamine-1 Receptor Antagonist [EPC],  Nonsteroidal Anti-inflammatory Drug [EPC]","N/A","No","12/31/2026"
"Extra Strength Nite-Time Pain Relief","0363-0715-01","500 mg/1,  25 mg/1","TABLET","ORAL","M012","WALGREENS","0363-0715","430R WALGREENS Acetaminophen 500 mg,Diphenhydramine HCl 25 mg Tablet","ACETAMINOPHEN,  DIPHENHYDRAMINE HYDROCHLORIDE","HUMAN OTC DRUG","10/12/2021","N/A","OTC MONOGRAPH DRUG","1 BOTTLE in 1 CARTON (0363-0715-01)  / 100 TABLET in 1 BOTTLE","Histamine H1 Receptor Antagonists [MoA],  Histamine-1 Receptor Antagonist [EPC]","N/A","No","12/31/2026"
"Dimetapp Cold and Cough and Dimetapp Nighttime Cold and Cough","69536-365-12","N/A","KIT","N/A","M012","Foundation Consumer Healthcare","69536-365","BROMPHIRAMINE MALEATE, DEXTROMETHORPHAN HYDROBROMIDE, and DIPHENHYDRAMINE HYRDOCHLORIDE","N/A","HUMAN OTC DRUG","06/01/2024","N/A","OTC MONOGRAPH DRUG","1 KIT in 1 CARTON (69536-365-12)  *  1 BOTTLE in 1 CARTON (69536-315-04)  / 118 mL in 1 BOTTLE *  1 BOTTLE in 1 CARTON (69536-345-04)  / 118 mL in 1 BOTTLE","N/A","N/A","No","12/31/2026"
"Theraflu ExpressMax Daytime Nighttime Value Pack","0067-8125-16","N/A","KIT","N/A","M012","Haleon US Holdings LLC","0067-8125","Acetaminophen, Dextromethorphan HBr, Phenylephrine HCl and Acetaminophen, Diphenhydramine HCl, Phenylephrine HCl","N/A","HUMAN OTC DRUG","07/15/2015","N/A","OTC MONOGRAPH DRUG","1 KIT in 1 CARTON (0067-8125-16)  *  245.5 mL in 1 BOTTLE (0067-8127-08)  *  245.5 mL in 1 BOTTLE (0067-8129-08)","N/A","N/A","No","12/31/2026"
"ZzzQuil","66715-9746-1","50 mg/21","CAPSULE, LIQUID FILLED","ORAL","M010","Lil' Drug Store Products, Inc.","66715-9746","Diphenhydramine Hydrochloride","DIPHENHYDRAMINE HYDROCHLORIDE","HUMAN OTC DRUG","12/31/2018","05/23/2027","OTC MONOGRAPH DRUG","1 BLISTER PACK in 1 CARTON (66715-9746-1)  / 2 CAPSULE, LIQUID FILLED in 1 BLISTER PACK","Histamine H1 Receptor Antagonists [MoA],  Histamine-1 Receptor Antagonist [EPC]","N/A","No","N/A"
"foster and thrive anti itch cream","70677-1289-1","2 g/100g,  .1 g/100g","CREAM","TOPICAL","M017","Strategic Sourcing Services LLC","70677-1289","Diphenhydramine Hydrochloride, Zinc Acetate","DIPHENHYDRAMINE HYDROCHLORIDE,  ZINC ACETATE","HUMAN OTC DRUG","04/30/2025","N/A","OTC MONOGRAPH DRUG","1 TUBE in 1 CARTON (70677-1289-1)  / 28 g in 1 TUBE","Copper Absorption Inhibitor [EPC],  Decreased Copper Ion Absorption [PE],  Histamine H1 Receptor Antagonists [MoA],  Histamine-1 Receptor Antagonist [EPC]","N/A","No","12/31/2026"
"ACETAMINOPHEN PM","72476-171-01","500 mg/1,  25 mg/1","TABLET, COATED","ORAL","M013","RETAIL BUSINESS SERVICES , LLC.","72476-171","Acetaminophen and Diphenhydramine Hydrochloride","ACETAMINOPHEN,  DIPHENHYDRAMINE HYDROCHLORIDE","HUMAN OTC DRUG","03/01/2024","N/A","OTC MONOGRAPH DRUG","1 BOTTLE, PLASTIC in 1 CARTON (72476-171-01)  / 20 TABLET, COATED in 1 BOTTLE, PLASTIC","Histamine H1 Receptor Antagonists [MoA],  Histamine-1 Receptor Antagonist [EPC]","N/A","No","12/31/2026"
"ACETAMINOPHEN PM","72476-171-03","500 mg/1,  25 mg/1","TABLET, COATED","ORAL","M013","RETAIL BUSINESS SERVICES , LLC.","72476-171","Acetaminophen and Diphenhydramine Hydrochloride","ACETAMINOPHEN,  DIPHENHYDRAMINE HYDROCHLORIDE","HUMAN OTC DRUG","03/01/2024","N/A","OTC MONOGRAPH DRUG","1 BOTTLE, PLASTIC in 1 CARTON (72476-171-03)  / 80 TABLET, COATED in 1 BOTTLE, PLASTIC","Histamine H1 Receptor Antagonists [MoA],  Histamine-1 Receptor Antagonist [EPC]","N/A","No","12/31/2026"
"Savvy Itch Stopping","83650-102-01","2 g/100g,  .1 g/100g","CREAM","TOPICAL","M016","Savvy Care and Cosmetics","83650-102","Diphenhydramine hydrochloride Zinc acetate","DIPHENHYDRAMINE HYDROCHLORIDE,  ZINC ACETATE","HUMAN OTC DRUG","09/22/2023","N/A","OTC MONOGRAPH DRUG","35.4 g in 1 TUBE (83650-102-01)","Copper Absorption Inhibitor [EPC],  Decreased Copper Ion Absorption [PE],  Histamine H1 Receptor Antagonists [MoA],  Histamine-1 Receptor Antagonist [EPC]","N/A","No","12/31/2026"
"Naproxen Sodium Diphenhydramine HCL","79903-204-20","25 mg/1,  220 mg/1","TABLET","ORAL","ANDA213663","Walmart","79903-204","Naproxen Sodium Diphenhydramine HCL","DIPHENHYDRAMINE HYDROCHLORIDE,  NAPROXEN SODIUM","HUMAN OTC DRUG","12/14/2023","N/A","ANDA","20 TABLET in 1 BOTTLE (79903-204-20)","Anti-Inflammatory Agents,  Non-Steroidal [CS],  Cyclooxygenase Inhibitors [MoA],  Histamine H1 Receptor Antagonists [MoA],  Histamine-1 Receptor Antagonist [EPC],  Nonsteroidal Anti-inflammatory Drug [EPC]","N/A","No","12/31/2027"
"Childrens Allergy Relief","11822-0599-4","12.5 mg/1","TABLET, CHEWABLE","ORAL","M012","Rite Aid Corporation","11822-0599","Diphenhydramine HCl","DIPHENHYDRAMINE HYDROCHLORIDE","HUMAN OTC DRUG","04/25/2011","N/A","OTC MONOGRAPH DRUG","3 BLISTER PACK in 1 CARTON (11822-0599-4)  / 6 TABLET, CHEWABLE in 1 BLISTER PACK","Histamine H1 Receptor Antagonists [MoA],  Histamine-1 Receptor Antagonist [EPC]","N/A","No","12/31/2027"
"Diphenhydramine HCl","0121-1730-00","25 mg/10mL","SOLUTION","ORAL","M012","PAI Holdings, LLC dba PAI Pharma","0121-1730","diphenhydramine hydrochloride","DIPHENHYDRAMINE HYDROCHLORIDE","HUMAN OTC DRUG","06/18/2020","N/A","OTC MONOGRAPH DRUG","10 TRAY in 1 CASE (0121-1730-00)  / 10 CUP, UNIT-DOSE in 1 TRAY / 10 mL in 1 CUP, UNIT-DOSE (0121-1730-10)","Histamine H1 Receptor Antagonists [MoA],  Histamine-1 Receptor Antagonist [EPC]","N/A","No","12/31/2026"
"NIGHTTIME SLEEP AID","37835-812-36","25 mg/1","TABLET","ORAL","M012","Bi-Mart","37835-812","Diphenhydramine HCl","DIPHENHYDRAMINE HYDROCHLORIDE","HUMAN OTC DRUG","05/01/2025","N/A","OTC MONOGRAPH DRUG","36 TABLET in 1 BOTTLE (37835-812-36)","Histamine H1 Receptor Antagonists [MoA],  Histamine-1 Receptor Antagonist [EPC]","N/A","No","12/31/2026"
"Diphenhydramine HCL","66267-081-30","50 mg/1","CAPSULE","ORAL","M012","NuCare Pharmaceuticals, Inc.","66267-081","Diphenhydramine HCL","DIPHENHYDRAMINE HYDROCHLORIDE","HUMAN OTC DRUG","09/30/2016","N/A","OTC MONOGRAPH DRUG","30 CAPSULE in 1 BOTTLE, PLASTIC (66267-081-30)","Histamine H1 Receptor Antagonists [MoA],  Histamine-1 Receptor Antagonist [EPC]","N/A","No","12/31/2026"
"Sleep Aid","36800-672-06","25 mg/1","TABLET, FILM COATED","ORAL","M010","Topco Associates, LLC","36800-672","Diphenhydramine HCl","DIPHENHYDRAMINE HYDROCHLORIDE","HUMAN OTC DRUG","07/24/2015","N/A","OTC MONOGRAPH DRUG","200 TABLET, FILM COATED in 1 BOTTLE (36800-672-06)","Histamine H1 Receptor Antagonists [MoA],  Histamine-1 Receptor Antagonist [EPC]","N/A","No","12/31/2027"
"Diphenhydramine HCl Maximum Strength","37835-852-50","50 mg/1","TABLET","ORAL","M010","Bi-Mart","37835-852","Diphenhydramine HCl","DIPHENHYDRAMINE HYDROCHLORIDE","HUMAN OTC DRUG","05/01/2025","N/A","OTC MONOGRAPH DRUG","50 TABLET in 1 BOTTLE (37835-852-50)","Histamine H1 Receptor Antagonists [MoA],  Histamine-1 Receptor Antagonist [EPC]","N/A","No","12/31/2026"
"Nighttime Sleep Aid","59726-916-32","50 mg/1","CAPSULE","ORAL","M010","P & L Development, LLC","59726-916","Diphenhydramine HCl","DIPHENHYDRAMINE HYDROCHLORIDE","HUMAN OTC DRUG","03/26/2021","03/26/2027","OTC MONOGRAPH DRUG","1 BOTTLE, PLASTIC in 1 BOX (59726-916-32)  / 32 CAPSULE in 1 BOTTLE, PLASTIC","Histamine H1 Receptor Antagonists [MoA],  Histamine-1 Receptor Antagonist [EPC]","N/A","No","N/A"
"Nighttime Sleep Aid","59726-916-64","50 mg/1","CAPSULE","ORAL","M010","P & L Development, LLC","59726-916","Diphenhydramine HCl","DIPHENHYDRAMINE HYDROCHLORIDE","HUMAN OTC DRUG","03/26/2021","03/26/2027","OTC MONOGRAPH DRUG","1 BOTTLE, PLASTIC in 1 BOX (59726-916-64)  / 64 CAPSULE in 1 BOTTLE, PLASTIC","Histamine H1 Receptor Antagonists [MoA],  Histamine-1 Receptor Antagonist [EPC]","N/A","No","N/A"
"Banophen","71205-611-20","25 mg/1","TABLET, FILM COATED","ORAL","M012","Proficient Rx LP","71205-611","Diphenhydramine HCl","DIPHENHYDRAMINE HYDROCHLORIDE","HUMAN OTC DRUG","10/11/2021","N/A","OTC MONOGRAPH DRUG","20 TABLET, FILM COATED in 1 BOTTLE, PLASTIC (71205-611-20)","Histamine H1 Receptor Antagonists [MoA],  Histamine-1 Receptor Antagonist [EPC]","N/A","No","12/31/2026"
"Banophen","71205-611-30","25 mg/1","TABLET, FILM COATED","ORAL","M012","Proficient Rx LP","71205-611","Diphenhydramine HCl","DIPHENHYDRAMINE HYDROCHLORIDE","HUMAN OTC DRUG","10/11/2021","N/A","OTC MONOGRAPH DRUG","30 TABLET, FILM COATED in 1 BOTTLE, PLASTIC (71205-611-30)","Histamine H1 Receptor Antagonists [MoA],  Histamine-1 Receptor Antagonist [EPC]","N/A","No","12/31/2026"
"Banophen","71205-611-60","25 mg/1","TABLET, FILM COATED","ORAL","M012","Proficient Rx LP","71205-611","Diphenhydramine HCl","DIPHENHYDRAMINE HYDROCHLORIDE","HUMAN OTC DRUG","10/11/2021","N/A","OTC MONOGRAPH DRUG","60 TABLET, FILM COATED in 1 BOTTLE, PLASTIC (71205-611-60)","Histamine H1 Receptor Antagonists [MoA],  Histamine-1 Receptor Antagonist [EPC]","N/A","No","12/31/2026"
"Banophen","71205-611-90","25 mg/1","TABLET, FILM COATED","ORAL","M012","Proficient Rx LP","71205-611","Diphenhydramine HCl","DIPHENHYDRAMINE HYDROCHLORIDE","HUMAN OTC DRUG","10/11/2021","N/A","OTC MONOGRAPH DRUG","90 TABLET, FILM COATED in 1 BOTTLE, PLASTIC (71205-611-90)","Histamine H1 Receptor Antagonists [MoA],  Histamine-1 Receptor Antagonist [EPC]","N/A","No","12/31/2026"
"Nighttime Sleep-Aid","83324-015-06","50 mg/30mL","LIQUID","ORAL","part338","Chain Drug Marketing Association Inc.","83324-015","Diphenhydramine HCl","DIPHENHYDRAMINE HYDROCHLORIDE","HUMAN OTC DRUG","03/19/2024","N/A","OTC MONOGRAPH DRUG","177 mL in 1 BOTTLE (83324-015-06)","Histamine H1 Receptor Antagonists [MoA],  Histamine-1 Receptor Antagonist [EPC]","N/A","No","12/31/2026"
"Ibuprofen PM","30142-232-15","200 mg/1,  25 mg/1","CAPSULE, LIQUID FILLED","ORAL","ANDA090397","KROGER COMPANY","30142-232","IBUPROFEN, DIPHENHYDRAMINE HCL","IBUPROFEN,  DIPHENHYDRAMINE HYDROCHLORIDE","HUMAN OTC DRUG","08/24/2021","N/A","ANDA","1 BOTTLE, PLASTIC in 1 CARTON (30142-232-15)  / 40 CAPSULE, LIQUID FILLED in 1 BOTTLE, PLASTIC","Anti-Inflammatory Agents,  Non-Steroidal [CS],  Cyclooxygenase Inhibitors [MoA],  Histamine H1 Receptor Antagonists [MoA],  Histamine-1 Receptor Antagonist [EPC],  Nonsteroidal Anti-inflammatory Drug [EPC]","N/A","No","12/31/2026"
"Ibuprofen PM","30142-232-78","200 mg/1,  25 mg/1","CAPSULE, LIQUID FILLED","ORAL","ANDA090397","KROGER COMPANY","30142-232","IBUPROFEN, DIPHENHYDRAMINE HCL","IBUPROFEN,  DIPHENHYDRAMINE HYDROCHLORIDE","HUMAN OTC DRUG","08/24/2021","N/A","ANDA","1 BOTTLE, PLASTIC in 1 CARTON (30142-232-78)  / 80 CAPSULE, LIQUID FILLED in 1 BOTTLE, PLASTIC","Anti-Inflammatory Agents,  Non-Steroidal [CS],  Cyclooxygenase Inhibitors [MoA],  Histamine H1 Receptor Antagonists [MoA],  Histamine-1 Receptor Antagonist [EPC],  Nonsteroidal Anti-inflammatory Drug [EPC]","N/A","No","12/31/2026"
"Best Choice Childrens Allergy Relief Bubblegum flavor","63941-710-04","12.5 mg/5mL","LIQUID","ORAL","M010","BEST CHOICE (VALU MERCHANDISERS COMPANY)","63941-710","Diphenhydramine HCl","DIPHENHYDRAMINE HYDROCHLORIDE","HUMAN OTC DRUG","06/07/2021","N/A","OTC MONOGRAPH DRUG","1 BOTTLE, PLASTIC in 1 CARTON (63941-710-04)  / 118 mL in 1 BOTTLE, PLASTIC","Histamine H1 Receptor Antagonists [MoA],  Histamine-1 Receptor Antagonist [EPC]","N/A","No","12/31/2027"
"Equate Flu and Severe Cold and Cough","49035-964-91","650 mg/1,  25 mg/1,  10 mg/1","POWDER, FOR SOLUTION","ORAL","M012","Wal-Mart Stores Inc","49035-964","Acetaminophen, Diphenhydramine hydrochloride, Phenylephrine hydrochloride","ACETAMINOPHEN,  DIPHENHYDRAMINE HYDROCHLORIDE,  PHENYLEPHRINE HYDROCHLORIDE","HUMAN OTC DRUG","07/11/2011","N/A","OTC MONOGRAPH DRUG","6 PACKET in 1 CARTON (49035-964-91)  / 1 POWDER, FOR SOLUTION in 1 PACKET","Adrenergic alpha1-Agonists [MoA],  Histamine H1 Receptor Antagonists [MoA],  Histamine-1 Receptor Antagonist [EPC],  alpha-1 Adrenergic Agonist [EPC]","N/A","No","12/31/2027"
"Allergy Relief Childrens","50090-7824-0","12.5 mg/5mL","SOLUTION","ORAL","M012","A-S Medication Solutions","50090-7824","Diphenhydramine HCl","DIPHENHYDRAMINE HYDROCHLORIDE","HUMAN OTC DRUG","12/15/2025","N/A","OTC MONOGRAPH DRUG","1 BOTTLE, PLASTIC in 1 CARTON (50090-7824-0)  / 118 mL in 1 BOTTLE, PLASTIC","Histamine H1 Receptor Antagonists [MoA],  Histamine-1 Receptor Antagonist [EPC]","N/A","No","12/31/2026"
"Industrial Itch and Pain Relief","59555-002-18","20 mg/mL,  1 mg/mL","LIQUID","TOPICAL","M017","R & R Lotion, Inc","59555-002","DIPHENHYDRAMINE HYDROCHLORIDE and Zinc Acetate","DIPHENHYDRAMINE HYDROCHLORIDE,  ZINC ACETATE","HUMAN OTC DRUG","05/01/2019","N/A","OTC MONOGRAPH DRUG","1 mL in 1 PACKET (59555-002-18)","Copper Absorption Inhibitor [EPC],  Decreased Copper Ion Absorption [PE],  Histamine H1 Receptor Antagonists [MoA],  Histamine-1 Receptor Antagonist [EPC]","N/A","No","12/31/2026"
"Industrial Itch and Pain Relief","59555-002-19","20 mg/mL,  1 mg/mL","LIQUID","TOPICAL","M017","R & R Lotion, Inc","59555-002","DIPHENHYDRAMINE HYDROCHLORIDE and Zinc Acetate","DIPHENHYDRAMINE HYDROCHLORIDE,  ZINC ACETATE","HUMAN OTC DRUG","05/01/2019","N/A","OTC MONOGRAPH DRUG","20 mL in 1 BOTTLE, WITH APPLICATOR (59555-002-19)","Copper Absorption Inhibitor [EPC],  Decreased Copper Ion Absorption [PE],  Histamine H1 Receptor Antagonists [MoA],  Histamine-1 Receptor Antagonist [EPC]","N/A","No","12/31/2026"
"Ibuprofen PM","63868-829-40","200 mg/1,  25 mg/1","CAPSULE, LIQUID FILLED","ORAL","ANDA090397","CHAIN DRUG MARKETING ASSOCIATION INC.","63868-829","IBUPROFEN, DIPHENHYDRAMINE HCL","IBUPROFEN,  DIPHENHYDRAMINE HYDROCHLORIDE","HUMAN OTC DRUG","06/11/2021","N/A","ANDA","1 BOTTLE, PLASTIC in 1 CARTON (63868-829-40)  / 40 CAPSULE, LIQUID FILLED in 1 BOTTLE, PLASTIC","Anti-Inflammatory Agents,  Non-Steroidal [CS],  Cyclooxygenase Inhibitors [MoA],  Histamine H1 Receptor Antagonists [MoA],  Histamine-1 Receptor Antagonist [EPC],  Nonsteroidal Anti-inflammatory Drug [EPC]","N/A","No","12/31/2026"
"Allergy Relief","82725-1001-1","25 mg/1","TABLET","ORAL","M012","Cabinet Health, Inc","82725-1001","Diphenhydramine Hydrochloride","DIPHENHYDRAMINE HYDROCHLORIDE","HUMAN OTC DRUG","11/01/2024","N/A","OTC MONOGRAPH DRUG","600 TABLET in 1 BOTTLE (82725-1001-1)","Histamine H1 Receptor Antagonists [MoA],  Histamine-1 Receptor Antagonist [EPC]","N/A","No","12/31/2026"
"Quality Choice Dye Free Cherry Childrens Allergy Relief","83324-016-04","12.5 mg/5mL","LIQUID","ORAL","part341","Chain Drug Marketing Association Inc.","83324-016","Diphenhydramine HCl","DIPHENHYDRAMINE HYDROCHLORIDE","HUMAN OTC DRUG","03/18/2024","N/A","OTC MONOGRAPH DRUG","1 BOTTLE in 1 CARTON (83324-016-04)  / 120 mL in 1 BOTTLE","Histamine H1 Receptor Antagonists [MoA],  Histamine-1 Receptor Antagonist [EPC]","N/A","No","12/31/2026"
"DIPHENHYDRAMINE HYDROCHLORIDE","49483-329-00","25 mg/1","TABLET, COATED","ORAL","part341","Time-Cap Labs, Inc","49483-329","DIPHENHYDRAMINE HYDROCHLORIDE","DIPHENHYDRAMINE HYDROCHLORIDE","HUMAN OTC DRUG","12/17/2018","N/A","OTC MONOGRAPH FINAL","100000 TABLET, COATED in 1 CARTON (49483-329-00)","Histamine H1 Receptor Antagonists [MoA],  Histamine-1 Receptor Antagonist [EPC]","N/A","No","12/31/2026"
"Diphenhydramine HCL","71205-615-20","25 mg/1","CAPSULE","ORAL","M012","Proficient Rx LP","71205-615","Diphenhydramine HCL","DIPHENHYDRAMINE HYDROCHLORIDE","HUMAN OTC DRUG","01/02/2024","N/A","OTC MONOGRAPH DRUG","20 CAPSULE in 1 BOTTLE, PLASTIC (71205-615-20)","Histamine H1 Receptor Antagonists [MoA],  Histamine-1 Receptor Antagonist [EPC]","N/A","No","12/31/2026"
"Diphenhydramine HCL","71205-615-30","25 mg/1","CAPSULE","ORAL","M012","Proficient Rx LP","71205-615","Diphenhydramine HCL","DIPHENHYDRAMINE HYDROCHLORIDE","HUMAN OTC DRUG","10/20/2021","N/A","OTC MONOGRAPH DRUG","30 CAPSULE in 1 BOTTLE, PLASTIC (71205-615-30)","Histamine H1 Receptor Antagonists [MoA],  Histamine-1 Receptor Antagonist [EPC]","N/A","No","12/31/2026"
"Diphenhydramine HCL","71205-615-60","25 mg/1","CAPSULE","ORAL","M012","Proficient Rx LP","71205-615","Diphenhydramine HCL","DIPHENHYDRAMINE HYDROCHLORIDE","HUMAN OTC DRUG","10/20/2021","N/A","OTC MONOGRAPH DRUG","60 CAPSULE in 1 BOTTLE, PLASTIC (71205-615-60)","Histamine H1 Receptor Antagonists [MoA],  Histamine-1 Receptor Antagonist [EPC]","N/A","No","12/31/2026"
"Diphenhydramine HCL","71205-615-90","25 mg/1","CAPSULE","ORAL","M012","Proficient Rx LP","71205-615","Diphenhydramine HCL","DIPHENHYDRAMINE HYDROCHLORIDE","HUMAN OTC DRUG","10/20/2021","N/A","OTC MONOGRAPH DRUG","90 CAPSULE in 1 BOTTLE, PLASTIC (71205-615-90)","Histamine H1 Receptor Antagonists [MoA],  Histamine-1 Receptor Antagonist [EPC]","N/A","No","12/31/2026"
"Nighttime Sleep Aid","41163-367-06","25 mg/1","TABLET, FILM COATED","ORAL","M010","United Natural Foods, Inc. dba UNFI","41163-367","Diphenhydramine HCl","DIPHENHYDRAMINE HYDROCHLORIDE","HUMAN OTC DRUG","06/10/2000","N/A","OTC MONOGRAPH DRUG","1 BOTTLE, PLASTIC in 1 CARTON (41163-367-06)  / 200 TABLET, FILM COATED in 1 BOTTLE, PLASTIC","Histamine H1 Receptor Antagonists [MoA],  Histamine-1 Receptor Antagonist [EPC]","N/A","No","12/31/2027"
"Nighttime Sleep Aid","41163-367-08","25 mg/1","TABLET, FILM COATED","ORAL","M010","United Natural Foods, Inc. dba UNFI","41163-367","Diphenhydramine HCl","DIPHENHYDRAMINE HYDROCHLORIDE","HUMAN OTC DRUG","06/10/2000","N/A","OTC MONOGRAPH DRUG","2 BLISTER PACK in 1 CARTON (41163-367-08)  / 12 TABLET, FILM COATED in 1 BLISTER PACK","Histamine H1 Receptor Antagonists [MoA],  Histamine-1 Receptor Antagonist [EPC]","N/A","No","12/31/2027"
"Nighttime Sleep Aid","41163-367-12","25 mg/1","TABLET, FILM COATED","ORAL","M010","United Natural Foods, Inc. dba UNFI","41163-367","Diphenhydramine HCl","DIPHENHYDRAMINE HYDROCHLORIDE","HUMAN OTC DRUG","06/10/2000","N/A","OTC MONOGRAPH DRUG","1 BOTTLE, PLASTIC in 1 CARTON (41163-367-12)  / 100 TABLET, FILM COATED in 1 BOTTLE, PLASTIC","Histamine H1 Receptor Antagonists [MoA],  Histamine-1 Receptor Antagonist [EPC]","N/A","No","12/31/2027"
"Day and Night Sinus","49035-356-09","N/A","KIT","N/A","M012","Wal-Mart Stores Inc","49035-356","Acetaminophen, Diphenhydramine HCl, Guaifenesin, Phenylephrine HCl","N/A","HUMAN OTC DRUG","10/23/2020","N/A","OTC MONOGRAPH DRUG","1 KIT in 1 CARTON (49035-356-09)  *  10 TABLET, FILM COATED in 1 BLISTER PACK *  10 TABLET, FILM COATED in 1 BLISTER PACK","N/A","N/A","No","12/31/2026"
"Good neighbor Pharmacy Itch Relief","46122-572-46",".1 g/100mL,  2 g/100mL","SPRAY","TOPICAL","M017","AMERISOURCEBERGEN DRUG CORPORATION","46122-572","Diphenhydramine HCl, Zinc Acetate","ZINC ACETATE,  DIPHENHYDRAMINE HYDROCHLORIDE","HUMAN OTC DRUG","04/14/2014","N/A","OTC MONOGRAPH DRUG","59 mL in 1 BOTTLE, SPRAY (46122-572-46)","Copper Absorption Inhibitor [EPC],  Decreased Copper Ion Absorption [PE],  Histamine H1 Receptor Antagonists [MoA],  Histamine-1 Receptor Antagonist [EPC]","N/A","No","12/31/2026"
"Childrens Allergy","63868-823-54","12.5 mg/5mL","LIQUID","ORAL","M012","QUALITY CHOICE (Chain Drug Marketing Association)","63868-823","Diphenhydramine HCl","DIPHENHYDRAMINE HYDROCHLORIDE","HUMAN OTC DRUG","06/30/2014","N/A","OTC MONOGRAPH DRUG","1 BOTTLE, PLASTIC in 1 BOX (63868-823-54)  / 118 mL in 1 BOTTLE, PLASTIC","Histamine H1 Receptor Antagonists [MoA],  Histamine-1 Receptor Antagonist [EPC]","N/A","No","12/31/2026"
"Acetaminophen PM","85828-095-03","500 mg/1,  25 mg/1","TABLET, COATED","ORAL","M013","Grocery Outlet, Inc.","85828-095","Acetaminophen and Diphenhydramine Hydrochloride","ACETAMINOPHEN,  DIPHENHYDRAMINE HYDROCHLORIDE","HUMAN OTC DRUG","02/18/2026","N/A","OTC MONOGRAPH DRUG","1 BOTTLE, PLASTIC in 1 CARTON (85828-095-03)  / 100 TABLET, COATED in 1 BOTTLE, PLASTIC","Histamine H1 Receptor Antagonists [MoA],  Histamine-1 Receptor Antagonist [EPC]","N/A","No","12/31/2027"
"Nighttime Sleep-Aid","53943-485-18","50 mg/1","CAPSULE, LIQUID FILLED","ORAL","M010","DISCOUNT DRUG MART, INC.","53943-485","Diphenhydramine HCl","DIPHENHYDRAMINE HYDROCHLORIDE","HUMAN OTC DRUG","03/20/2024","N/A","OTC MONOGRAPH DRUG","1 BOTTLE in 1 CARTON (53943-485-18)  / 64 CAPSULE, LIQUID FILLED in 1 BOTTLE","Histamine H1 Receptor Antagonists [MoA],  Histamine-1 Receptor Antagonist [EPC]","N/A","No","12/31/2026"
"Pain Relief PM","55910-834-01","500 mg/1,  25 mg/1","TABLET","ORAL","M013","DOLGENCORP, INC.","55910-834","Acetaminophen, Diphenhydramine HCl","ACETAMINOPHEN,  DIPHENHYDRAMINE HYDROCHLORIDE","HUMAN OTC DRUG","12/25/2023","N/A","OTC MONOGRAPH DRUG","1 BOTTLE in 1 CARTON (55910-834-01)  / 100 TABLET in 1 BOTTLE","Histamine H1 Receptor Antagonists [MoA],  Histamine-1 Receptor Antagonist [EPC]","N/A","No","12/31/2026"
"Pain Relief PM","55910-834-05","500 mg/1,  25 mg/1","TABLET","ORAL","M013","DOLGENCORP, INC.","55910-834","Acetaminophen, Diphenhydramine HCl","ACETAMINOPHEN,  DIPHENHYDRAMINE HYDROCHLORIDE","HUMAN OTC DRUG","12/25/2023","N/A","OTC MONOGRAPH DRUG","1 BOTTLE in 1 CARTON (55910-834-05)  / 50 TABLET in 1 BOTTLE","Histamine H1 Receptor Antagonists [MoA],  Histamine-1 Receptor Antagonist [EPC]","N/A","No","12/31/2026"
"Mucinex Childrens Night Time Multi-Symptom Cold","63824-950-21","325 mg/10mL,  12.5 mg/10mL,  5 mg/10mL","SOLUTION","ORAL","M012","Reckitt Benckiser LLC","63824-950","ACETAMINOPHEN, Diphenhydramine Hydrochloride, and Phenylephrine Hydrochloride","ACETAMINOPHEN,  DIPHENHYDRAMINE HYDROCHLORIDE,  PHENYLEPHRINE HYDROCHLORIDE","HUMAN OTC DRUG","05/01/2018","N/A","OTC MONOGRAPH DRUG","1 BOTTLE in 1 CARTON (63824-950-21)  / 118 mL in 1 BOTTLE","Adrenergic alpha1-Agonists [MoA],  Histamine H1 Receptor Antagonists [MoA],  Histamine-1 Receptor Antagonist [EPC],  alpha-1 Adrenergic Agonist [EPC]","N/A","No","12/31/2027"
"Diphenhydramine hydrochloride","70518-4455-0","50 mg/mL","INJECTION","INTRAMUSCULAR,  INTRAVENOUS","ANDA080817","REMEDYREPACK INC.","70518-4455","diphenhydramine hydrochloride","DIPHENHYDRAMINE HYDROCHLORIDE","HUMAN PRESCRIPTION DRUG","08/23/2025","N/A","ANDA","25 VIAL in 1 PACKAGE (70518-4455-0)  / 1 mL in 1 VIAL (70518-4455-1)","Histamine H1 Receptor Antagonists [MoA],  Histamine-1 Receptor Antagonist [EPC]","N/A","No","12/31/2026"
"M-Dryl","83939-0008-1","12.5 mg/5mL","LIQUID","ORAL","M012","VERITYRX, LLC","83939-0008","DIPHENHYDRAMINE HYDROCHLORIDE","DIPHENHYDRAMINE HYDROCHLORIDE","HUMAN OTC DRUG","11/10/2025","N/A","OTC MONOGRAPH DRUG","5 mL in 1 CUP, UNIT-DOSE (83939-0008-1)","Histamine H1 Receptor Antagonists [MoA],  Histamine-1 Receptor Antagonist [EPC]","N/A","No","12/31/2026"
"M-Dryl","83939-0008-2","12.5 mg/5mL","LIQUID","ORAL","M012","VERITYRX, LLC","83939-0008","DIPHENHYDRAMINE HYDROCHLORIDE","DIPHENHYDRAMINE HYDROCHLORIDE","HUMAN OTC DRUG","11/10/2025","N/A","OTC MONOGRAPH DRUG","10 CUP, UNIT-DOSE in 1 BOX, UNIT-DOSE (83939-0008-2)  / 5 mL in 1 CUP, UNIT-DOSE","Histamine H1 Receptor Antagonists [MoA],  Histamine-1 Receptor Antagonist [EPC]","N/A","No","12/31/2026"
"M-Dryl","83939-0008-3","12.5 mg/5mL","LIQUID","ORAL","M012","VERITYRX, LLC","83939-0008","DIPHENHYDRAMINE HYDROCHLORIDE","DIPHENHYDRAMINE HYDROCHLORIDE","HUMAN OTC DRUG","11/10/2025","N/A","OTC MONOGRAPH DRUG","40 CUP, UNIT-DOSE in 1 BOX, UNIT-DOSE (83939-0008-3)  / 5 mL in 1 CUP, UNIT-DOSE","Histamine H1 Receptor Antagonists [MoA],  Histamine-1 Receptor Antagonist [EPC]","N/A","No","12/31/2026"
"M-Dryl","83939-0008-4","12.5 mg/5mL","LIQUID","ORAL","M012","VERITYRX, LLC","83939-0008","DIPHENHYDRAMINE HYDROCHLORIDE","DIPHENHYDRAMINE HYDROCHLORIDE","HUMAN OTC DRUG","11/10/2025","N/A","OTC MONOGRAPH DRUG","50 CUP, UNIT-DOSE in 1 BOX, UNIT-DOSE (83939-0008-4)  / 5 mL in 1 CUP, UNIT-DOSE","Histamine H1 Receptor Antagonists [MoA],  Histamine-1 Receptor Antagonist [EPC]","N/A","No","12/31/2026"
"M-Dryl","83939-0008-5","12.5 mg/5mL","LIQUID","ORAL","M012","VERITYRX, LLC","83939-0008","DIPHENHYDRAMINE HYDROCHLORIDE","DIPHENHYDRAMINE HYDROCHLORIDE","HUMAN OTC DRUG","11/10/2025","N/A","OTC MONOGRAPH DRUG","100 CUP, UNIT-DOSE in 1 BOTTLE, UNIT-DOSE (83939-0008-5)  / 5 mL in 1 CUP, UNIT-DOSE","Histamine H1 Receptor Antagonists [MoA],  Histamine-1 Receptor Antagonist [EPC]","N/A","No","12/31/2026"
"up and up nighttime flu and severe cold and cough","11673-113-07","650 mg/1,  25 mg/1,  10 mg/1","POWDER, FOR SOLUTION","ORAL","M012","Target Corporation","11673-113","Acetaminophen, Diphenhydramine hydrochloride, and Phenylephrine hydrochloride","ACETAMINOPHEN,  DIPHENHYDRAMINE HYDROCHLORIDE,  PHENYLEPHRINE HYDROCHLORIDE","HUMAN OTC DRUG","06/28/2013","N/A","OTC MONOGRAPH DRUG","6 POWDER, FOR SOLUTION in 1 CARTON (11673-113-07)","Adrenergic alpha1-Agonists [MoA],  Histamine H1 Receptor Antagonists [MoA],  Histamine-1 Receptor Antagonist [EPC],  alpha-1 Adrenergic Agonist [EPC]","N/A","No","12/31/2026"
"Tecnu Calagel","51879-802-44","20 mg/g","GEL","TOPICAL","M017","Tec Laboratories Inc.","51879-802","Diphenhydramine Hydrochloride","DIPHENHYDRAMINE HYDROCHLORIDE","HUMAN OTC DRUG","07/23/2019","N/A","OTC MONOGRAPH DRUG","144 PACKET in 1 CARTON (51879-802-44)  / 1.86 g in 1 PACKET (51879-802-16)","Histamine H1 Receptor Antagonists [MoA],  Histamine-1 Receptor Antagonist [EPC]","N/A","No","12/31/2027"
"Tecnu Calagel","51879-802-66","20 mg/g","GEL","TOPICAL","M017","Tec Laboratories Inc.","51879-802","Diphenhydramine Hydrochloride","DIPHENHYDRAMINE HYDROCHLORIDE","HUMAN OTC DRUG","06/20/2019","N/A","OTC MONOGRAPH DRUG","178.9 g in 1 BOTTLE (51879-802-66)","Histamine H1 Receptor Antagonists [MoA],  Histamine-1 Receptor Antagonist [EPC]","N/A","No","12/31/2027"
"Ibuprofen PM","68016-057-40","200 mg/1,  25 mg/1","CAPSULE, LIQUID FILLED","ORAL","ANDA090397","Premier Value Alliance LLC","68016-057","IBUPROFEN, DIPHENHYDRAMINE HCL","IBUPROFEN,  DIPHENHYDRAMINE HYDROCHLORIDE","HUMAN OTC DRUG","10/25/2018","N/A","ANDA","1 BOTTLE in 1 CARTON (68016-057-40)  / 40 CAPSULE, LIQUID FILLED in 1 BOTTLE","Anti-Inflammatory Agents,  Non-Steroidal [CS],  Cyclooxygenase Inhibitors [MoA],  Histamine H1 Receptor Antagonists [MoA],  Histamine-1 Receptor Antagonist [EPC],  Nonsteroidal Anti-inflammatory Drug [EPC]","N/A","No","12/31/2026"
"Childrens Allergy Relief","0363-4808-09","12.5 mg/1","TABLET, CHEWABLE","ORAL","M012","Walgreen Company","0363-4808","Diphenhydramine HCl","DIPHENHYDRAMINE HYDROCHLORIDE","HUMAN OTC DRUG","05/13/2022","06/30/2027","OTC MONOGRAPH DRUG","4 BLISTER PACK in 1 CARTON (0363-4808-09)  / 5 TABLET, CHEWABLE in 1 BLISTER PACK","Histamine H1 Receptor Antagonists [MoA],  Histamine-1 Receptor Antagonist [EPC]","N/A","No","N/A"
"Kids Allergy","69676-0039-9","12.5 mg/5mL","LIQUID","ORAL","M012","Genexa Inc.","69676-0039","Diphenhydramine HCl","DIPHENHYDRAMINE HYDROCHLORIDE","HUMAN OTC DRUG","08/06/2025","N/A","OTC MONOGRAPH DRUG","1 BOTTLE, PLASTIC in 1 CARTON (69676-0039-9)  / 118 mL in 1 BOTTLE, PLASTIC","Histamine H1 Receptor Antagonists [MoA],  Histamine-1 Receptor Antagonist [EPC]","N/A","No","12/31/2027"
"Allergy Relief","37808-590-02","25 mg/1","TABLET, COATED","ORAL","M012","HEB","37808-590","DIPHENHYDRAMINE HYDROCHLORIDE","DIPHENHYDRAMINE HYDROCHLORIDE","HUMAN OTC DRUG","03/29/2021","N/A","OTC MONOGRAPH DRUG","4 BLISTER PACK in 1 CARTON (37808-590-02)  / 12 TABLET, COATED in 1 BLISTER PACK","Histamine H1 Receptor Antagonists [MoA],  Histamine-1 Receptor Antagonist [EPC]","N/A","No","12/31/2026"
"Allergy Relief","37808-590-03","25 mg/1","TABLET, COATED","ORAL","M012","HEB","37808-590","DIPHENHYDRAMINE HYDROCHLORIDE","DIPHENHYDRAMINE HYDROCHLORIDE","HUMAN OTC DRUG","03/29/2021","N/A","OTC MONOGRAPH DRUG","1 BOTTLE, PLASTIC in 1 CARTON (37808-590-03)  / 100 TABLET, COATED in 1 BOTTLE, PLASTIC","Histamine H1 Receptor Antagonists [MoA],  Histamine-1 Receptor Antagonist [EPC]","N/A","No","12/31/2026"
"Pain Reliever PM Extra Strength","49035-363-10","500 mg/1,  25 mg/1","TABLET, COATED","ORAL","M013","EQUATE (Wal-Mart Stores, Inc.) (see also WAL-MART INC)","49035-363","Acetaminophen, Diphenhydramine HCl","ACETAMINOPHEN,  DIPHENHYDRAMINE HYDROCHLORIDE","HUMAN OTC DRUG","01/31/2020","N/A","OTC MONOGRAPH DRUG","100 TABLET, COATED in 1 BOTTLE, PLASTIC (49035-363-10)","Histamine H1 Receptor Antagonists [MoA],  Histamine-1 Receptor Antagonist [EPC]","N/A","No","12/31/2026"
"Pain Reliever PM Extra Strength","49035-363-24","500 mg/1,  25 mg/1","TABLET, COATED","ORAL","M013","EQUATE (Wal-Mart Stores, Inc.) (see also WAL-MART INC)","49035-363","Acetaminophen, Diphenhydramine HCl","ACETAMINOPHEN,  DIPHENHYDRAMINE HYDROCHLORIDE","HUMAN OTC DRUG","01/31/2020","N/A","OTC MONOGRAPH DRUG","1 BOTTLE, PLASTIC in 1 BOX (49035-363-24)  / 24 TABLET, COATED in 1 BOTTLE, PLASTIC","Histamine H1 Receptor Antagonists [MoA],  Histamine-1 Receptor Antagonist [EPC]","N/A","No","12/31/2026"
"Pain Reliever PM Extra Strength","49035-363-25","500 mg/1,  25 mg/1","TABLET, COATED","ORAL","M013","EQUATE (Wal-Mart Stores, Inc.) (see also WAL-MART INC)","49035-363","Acetaminophen, Diphenhydramine HCl","ACETAMINOPHEN,  DIPHENHYDRAMINE HYDROCHLORIDE","HUMAN OTC DRUG","01/31/2020","N/A","OTC MONOGRAPH DRUG","225 TABLET, COATED in 1 BOTTLE, PLASTIC (49035-363-25)","Histamine H1 Receptor Antagonists [MoA],  Histamine-1 Receptor Antagonist [EPC]","N/A","No","12/31/2026"
"nighttime sleep-aid","69452-322-79","50 mg/1","CAPSULE, LIQUID FILLED","ORAL","M010","Bionpharma Inc.","69452-322","Diphenhydramine HCl","DIPHENHYDRAMINE HYDROCHLORIDE","HUMAN OTC DRUG","04/27/2021","N/A","OTC MONOGRAPH DRUG","160 CAPSULE, LIQUID FILLED in 1 BOTTLE (69452-322-79)","Histamine H1 Receptor Antagonists [MoA],  Histamine-1 Receptor Antagonist [EPC]","N/A","No","12/31/2026"
"Diphenhydramine Hydrochloride","71872-7180-1","50 mg/mL","INJECTION, SOLUTION","INTRAMUSCULAR,  INTRAVENOUS","ANDA205723","Medical Purchasing Solutions, LLC","71872-7180","Diphenhydramine Hydrochloride","DIPHENHYDRAMINE HYDROCHLORIDE","HUMAN PRESCRIPTION DRUG","10/09/2019","N/A","ANDA","1 VIAL, SINGLE-DOSE in 1 BAG (71872-7180-1)  / 1 mL in 1 VIAL, SINGLE-DOSE","Histamine H1 Receptor Antagonists [MoA],  Histamine-1 Receptor Antagonist [EPC]","N/A","No","12/31/2026"
"Geri Dryl","83939-0007-1","12.5 mg/5mL","LIQUID","ORAL","M012","VERITYRX, LLC","83939-0007","Diphenhydramine HCl","DIPHENHYDRAMINE HYDROCHLORIDE","HUMAN OTC DRUG","11/10/2025","N/A","OTC MONOGRAPH DRUG","5 mL in 1 CUP, UNIT-DOSE (83939-0007-1)","Histamine H1 Receptor Antagonists [MoA],  Histamine-1 Receptor Antagonist [EPC]","N/A","No","12/31/2026"
"Geri Dryl","83939-0007-2","12.5 mg/5mL","LIQUID","ORAL","M012","VERITYRX, LLC","83939-0007","Diphenhydramine HCl","DIPHENHYDRAMINE HYDROCHLORIDE","HUMAN OTC DRUG","11/10/2025","N/A","OTC MONOGRAPH DRUG","10 CUP, UNIT-DOSE in 1 BOX, UNIT-DOSE (83939-0007-2)  / 5 mL in 1 CUP, UNIT-DOSE","Histamine H1 Receptor Antagonists [MoA],  Histamine-1 Receptor Antagonist [EPC]","N/A","No","12/31/2026"
"Geri Dryl","83939-0007-3","12.5 mg/5mL","LIQUID","ORAL","M012","VERITYRX, LLC","83939-0007","Diphenhydramine HCl","DIPHENHYDRAMINE HYDROCHLORIDE","HUMAN OTC DRUG","11/10/2025","N/A","OTC MONOGRAPH DRUG","40 CUP, UNIT-DOSE in 1 BOX, UNIT-DOSE (83939-0007-3)  / 5 mL in 1 CUP, UNIT-DOSE","Histamine H1 Receptor Antagonists [MoA],  Histamine-1 Receptor Antagonist [EPC]","N/A","No","12/31/2026"
"Geri Dryl","83939-0007-4","12.5 mg/5mL","LIQUID","ORAL","M012","VERITYRX, LLC","83939-0007","Diphenhydramine HCl","DIPHENHYDRAMINE HYDROCHLORIDE","HUMAN OTC DRUG","11/10/2025","N/A","OTC MONOGRAPH DRUG","50 CUP, UNIT-DOSE in 1 BOX, UNIT-DOSE (83939-0007-4)  / 5 mL in 1 CUP, UNIT-DOSE","Histamine H1 Receptor Antagonists [MoA],  Histamine-1 Receptor Antagonist [EPC]","N/A","No","12/31/2026"
"Geri Dryl","83939-0007-5","12.5 mg/5mL","LIQUID","ORAL","M012","VERITYRX, LLC","83939-0007","Diphenhydramine HCl","DIPHENHYDRAMINE HYDROCHLORIDE","HUMAN OTC DRUG","11/10/2025","N/A","OTC MONOGRAPH DRUG","100 CUP, UNIT-DOSE in 1 BOX, UNIT-DOSE (83939-0007-5)  / 5 mL in 1 CUP, UNIT-DOSE","Histamine H1 Receptor Antagonists [MoA],  Histamine-1 Receptor Antagonist [EPC]","N/A","No","12/31/2026"
"Daytime Nighttime Sinus Relief","11673-282-09","N/A","KIT","N/A","M012","Target Corporation","11673-282","Acetaminophen, Diphenhydramine HCl, Guaifenesin, Phenylephrine HCl","N/A","HUMAN OTC DRUG","04/15/2024","09/30/2026","OTC MONOGRAPH DRUG","1 KIT in 1 CARTON (11673-282-09)  *  12 TABLET, FILM COATED in 1 BLISTER PACK *  8 TABLET, FILM COATED in 1 BLISTER PACK","N/A","N/A","No","N/A"
"equaline allergy","41163-379-26","12.5 mg/5mL","SOLUTION","ORAL","M012","United Natural Foods, Inc. dba UNFI","41163-379","Diphenhydramine HCl","DIPHENHYDRAMINE HYDROCHLORIDE","HUMAN OTC DRUG","08/17/2004","N/A","OTC MONOGRAPH DRUG","1 BOTTLE in 1 CARTON (41163-379-26)  / 118 mL in 1 BOTTLE","Histamine H1 Receptor Antagonists [MoA],  Histamine-1 Receptor Antagonist [EPC]","N/A","No","12/31/2026"
"Allergy Childrens","37808-012-08","12.5 mg/5mL","LIQUID","ORAL","M012","H E B","37808-012","Diphenhydramine Hydrochloride","DIPHENHYDRAMINE HYDROCHLORIDE","HUMAN OTC DRUG","02/29/2016","N/A","OTC MONOGRAPH DRUG","1 BOTTLE, PLASTIC in 1 BOX (37808-012-08)  / 237 mL in 1 BOTTLE, PLASTIC","Histamine H1 Receptor Antagonists [MoA],  Histamine-1 Receptor Antagonist [EPC]","N/A","No","12/31/2026"
"Extra Strength Night Time Pain Medicine","57896-224-01","500 mg/1,  25 mg/1","TABLET","ORAL","M013","Geri-Care Pharmaceutical Corp","57896-224","Acetaminophen, Diphenhydramine HCl","ACETAMINOPHEN,  DIPHENHYDRAMINE HYDROCHLORIDE","HUMAN OTC DRUG","07/01/2024","N/A","OTC MONOGRAPH DRUG","100 TABLET in 1 BOTTLE (57896-224-01)","Histamine H1 Receptor Antagonists [MoA],  Histamine-1 Receptor Antagonist [EPC]","N/A","No","12/31/2026"
"Extra Strength Night Time Pain Medicine","57896-224-05","500 mg/1,  25 mg/1","TABLET","ORAL","M013","Geri-Care Pharmaceutical Corp","57896-224","Acetaminophen, Diphenhydramine HCl","ACETAMINOPHEN,  DIPHENHYDRAMINE HYDROCHLORIDE","HUMAN OTC DRUG","07/01/2024","N/A","OTC MONOGRAPH DRUG","50 TABLET in 1 BOTTLE (57896-224-05)","Histamine H1 Receptor Antagonists [MoA],  Histamine-1 Receptor Antagonist [EPC]","N/A","No","12/31/2026"
"Diphenhydramine Hydrochloride","72789-317-10","25 mg/1","CAPSULE","ORAL","M012","PD-Rx Pharmaceuticals, Inc.","72789-317","Diphenhydramine Hydrochloride","DIPHENHYDRAMINE HYDROCHLORIDE","HUMAN OTC DRUG","04/05/2023","04/30/2028","OTC MONOGRAPH DRUG","10 CAPSULE in 1 BOTTLE, PLASTIC (72789-317-10)","Histamine H1 Receptor Antagonists [MoA],  Histamine-1 Receptor Antagonist [EPC]","N/A","No","N/A"
"Diphenhydramine Hydrochloride","72789-317-12","25 mg/1","CAPSULE","ORAL","M012","PD-Rx Pharmaceuticals, Inc.","72789-317","Diphenhydramine Hydrochloride","DIPHENHYDRAMINE HYDROCHLORIDE","HUMAN OTC DRUG","04/05/2023","04/30/2028","OTC MONOGRAPH DRUG","12 CAPSULE in 1 BOTTLE, PLASTIC (72789-317-12)","Histamine H1 Receptor Antagonists [MoA],  Histamine-1 Receptor Antagonist [EPC]","N/A","No","N/A"
"Diphenhydramine Hydrochloride","72789-317-15","25 mg/1","CAPSULE","ORAL","M012","PD-Rx Pharmaceuticals, Inc.","72789-317","Diphenhydramine Hydrochloride","DIPHENHYDRAMINE HYDROCHLORIDE","HUMAN OTC DRUG","04/05/2023","04/30/2028","OTC MONOGRAPH DRUG","15 CAPSULE in 1 BOTTLE, PLASTIC (72789-317-15)","Histamine H1 Receptor Antagonists [MoA],  Histamine-1 Receptor Antagonist [EPC]","N/A","No","N/A"
"Diphenhydramine Hydrochloride","72789-317-20","25 mg/1","CAPSULE","ORAL","M012","PD-Rx Pharmaceuticals, Inc.","72789-317","Diphenhydramine Hydrochloride","DIPHENHYDRAMINE HYDROCHLORIDE","HUMAN OTC DRUG","04/05/2023","04/30/2028","OTC MONOGRAPH DRUG","20 CAPSULE in 1 BOTTLE, PLASTIC (72789-317-20)","Histamine H1 Receptor Antagonists [MoA],  Histamine-1 Receptor Antagonist [EPC]","N/A","No","N/A"
"Diphenhydramine Hydrochloride","72789-317-30","25 mg/1","CAPSULE","ORAL","M012","PD-Rx Pharmaceuticals, Inc.","72789-317","Diphenhydramine Hydrochloride","DIPHENHYDRAMINE HYDROCHLORIDE","HUMAN OTC DRUG","04/05/2023","04/30/2028","OTC MONOGRAPH DRUG","30 CAPSULE in 1 BOTTLE, PLASTIC (72789-317-30)","Histamine H1 Receptor Antagonists [MoA],  Histamine-1 Receptor Antagonist [EPC]","N/A","No","N/A"
"ValuMeds Pain Relief PM Pain Reliever and Nighttime Sleep Aid Acetaminophen, Extra Strength","82725-1024-1","500 mg/1,  25 mg/1","TABLET","ORAL","M013","Cabinet Health P.B.C.","82725-1024","ACETAMINOPHEN, DIPHENHYDRAMINE HYDROCHLORIDE","ACETAMINOPHEN,  DIPHENHYDRAMINE HYDROCHLORIDE","HUMAN OTC DRUG","10/01/2024","N/A","OTC MONOGRAPH DRUG","375 TABLET in 1 BOTTLE (82725-1024-1)","Histamine H1 Receptor Antagonists [MoA],  Histamine-1 Receptor Antagonist [EPC]","N/A","No","12/31/2026"
"Daytime Cold and Cough and NightTime Cold and Congestion Childrens","11673-059-08","N/A","KIT","N/A","M012","TARGET Corporation","11673-059","Brompheniramine Maleate, Dextromethorphan HBr, Phenylephrine HCl, Diphenhydramine HCl, Phenylephrine HCl","N/A","HUMAN OTC DRUG","07/31/2015","N/A","OTC MONOGRAPH DRUG","1 KIT in 1 KIT (11673-059-08)  *  118 mL in 1 BOTTLE, PLASTIC (11673-613-04)  *  118 mL in 1 BOTTLE, PLASTIC (11673-058-04)","N/A","N/A","No","12/31/2026"
"Rite Aid Itch Relief","11822-0647-2","2 g/100g,  .1 g/100g","SPRAY","TOPICAL","M017","Rite Aid","11822-0647","Diphenhydramine HCl 2%, Zinc Acetate 0.1%","DIPHENHYDRAMINE HYDROCHLORIDE,  ZINC ACETATE","HUMAN OTC DRUG","03/31/2021","N/A","OTC MONOGRAPH DRUG","59 g in 1 BOTTLE, PUMP (11822-0647-2)","Copper Absorption Inhibitor [EPC],  Decreased Copper Ion Absorption [PE],  Histamine H1 Receptor Antagonists [MoA],  Histamine-1 Receptor Antagonist [EPC]","N/A","No","12/31/2027"
"Rite Aid Itch Relief","11822-0647-3","2 g/100g,  .1 g/100g","SPRAY","TOPICAL","M017","Rite Aid","11822-0647","Diphenhydramine HCl 2%, Zinc Acetate 0.1%","DIPHENHYDRAMINE HYDROCHLORIDE,  ZINC ACETATE","HUMAN OTC DRUG","03/31/2021","N/A","OTC MONOGRAPH DRUG","85 g in 1 CAN (11822-0647-3)","Copper Absorption Inhibitor [EPC],  Decreased Copper Ion Absorption [PE],  Histamine H1 Receptor Antagonists [MoA],  Histamine-1 Receptor Antagonist [EPC]","N/A","No","12/31/2027"
"Diphenhydramine HCl and Ibuprofen","58602-887-10","25 mg/1,  200 mg/1","CAPSULE, LIQUID FILLED","ORAL","ANDA210676","Aurohealth LLC","58602-887","Diphenhydramine HCl and Ibuprofen","DIPHENHYDRAMINE HYDROCHLORIDE,  IBUPROFEN","HUMAN OTC DRUG","08/10/2022","N/A","ANDA","1 BOTTLE in 1 CARTON (58602-887-10)  / 32 CAPSULE, LIQUID FILLED in 1 BOTTLE","Anti-Inflammatory Agents,  Non-Steroidal [CS],  Cyclooxygenase Inhibitors [MoA],  Histamine H1 Receptor Antagonists [MoA],  Histamine-1 Receptor Antagonist [EPC],  Nonsteroidal Anti-inflammatory Drug [EPC]","N/A","No","12/31/2026"
"Diphenhydramine HCl and Ibuprofen","58602-887-12","25 mg/1,  200 mg/1","CAPSULE, LIQUID FILLED","ORAL","ANDA210676","Aurohealth LLC","58602-887","Diphenhydramine HCl and Ibuprofen","DIPHENHYDRAMINE HYDROCHLORIDE,  IBUPROFEN","HUMAN OTC DRUG","08/10/2022","N/A","ANDA","1 BOTTLE in 1 CARTON (58602-887-12)  / 40 CAPSULE, LIQUID FILLED in 1 BOTTLE","Anti-Inflammatory Agents,  Non-Steroidal [CS],  Cyclooxygenase Inhibitors [MoA],  Histamine H1 Receptor Antagonists [MoA],  Histamine-1 Receptor Antagonist [EPC],  Nonsteroidal Anti-inflammatory Drug [EPC]","N/A","No","12/31/2026"
"Diphenhydramine HCl and Ibuprofen","58602-887-18","25 mg/1,  200 mg/1","CAPSULE, LIQUID FILLED","ORAL","ANDA210676","Aurohealth LLC","58602-887","Diphenhydramine HCl and Ibuprofen","DIPHENHYDRAMINE HYDROCHLORIDE,  IBUPROFEN","HUMAN OTC DRUG","08/10/2022","N/A","ANDA","1 BOTTLE in 1 CARTON (58602-887-18)  / 80 CAPSULE, LIQUID FILLED in 1 BOTTLE","Anti-Inflammatory Agents,  Non-Steroidal [CS],  Cyclooxygenase Inhibitors [MoA],  Histamine H1 Receptor Antagonists [MoA],  Histamine-1 Receptor Antagonist [EPC],  Nonsteroidal Anti-inflammatory Drug [EPC]","N/A","No","12/31/2026"
"Diphenhydramine HCl and Ibuprofen","58602-887-23","25 mg/1,  200 mg/1","CAPSULE, LIQUID FILLED","ORAL","ANDA210676","Aurohealth LLC","58602-887","Diphenhydramine HCl and Ibuprofen","DIPHENHYDRAMINE HYDROCHLORIDE,  IBUPROFEN","HUMAN OTC DRUG","08/10/2022","N/A","ANDA","120 CAPSULE, LIQUID FILLED in 1 BOTTLE (58602-887-23)","Anti-Inflammatory Agents,  Non-Steroidal [CS],  Cyclooxygenase Inhibitors [MoA],  Histamine H1 Receptor Antagonists [MoA],  Histamine-1 Receptor Antagonist [EPC],  Nonsteroidal Anti-inflammatory Drug [EPC]","N/A","No","12/31/2026"
"Diphenhydramine HCl and Ibuprofen","58602-887-30","25 mg/1,  200 mg/1","CAPSULE, LIQUID FILLED","ORAL","ANDA210676","Aurohealth LLC","58602-887","Diphenhydramine HCl and Ibuprofen","DIPHENHYDRAMINE HYDROCHLORIDE,  IBUPROFEN","HUMAN OTC DRUG","08/10/2022","N/A","ANDA","160 CAPSULE, LIQUID FILLED in 1 BOTTLE (58602-887-30)","Anti-Inflammatory Agents,  Non-Steroidal [CS],  Cyclooxygenase Inhibitors [MoA],  Histamine H1 Receptor Antagonists [MoA],  Histamine-1 Receptor Antagonist [EPC],  Nonsteroidal Anti-inflammatory Drug [EPC]","N/A","No","12/31/2026"
"Diphenhydramine HCl and Ibuprofen","58602-887-73","25 mg/1,  200 mg/1","CAPSULE, LIQUID FILLED","ORAL","ANDA210676","Aurohealth LLC","58602-887","Diphenhydramine HCl and Ibuprofen","DIPHENHYDRAMINE HYDROCHLORIDE,  IBUPROFEN","HUMAN OTC DRUG","08/10/2022","N/A","ANDA","1 BOTTLE in 1 CARTON (58602-887-73)  / 20 CAPSULE, LIQUID FILLED in 1 BOTTLE","Anti-Inflammatory Agents,  Non-Steroidal [CS],  Cyclooxygenase Inhibitors [MoA],  Histamine H1 Receptor Antagonists [MoA],  Histamine-1 Receptor Antagonist [EPC],  Nonsteroidal Anti-inflammatory Drug [EPC]","N/A","No","12/31/2026"
"Pain Relief PM","72090-006-25","25 mg/1,  500 mg/1","TABLET","ORAL","M013","Pioneer Life Sciences, LLC","72090-006","ACETAMINOPHEN, DIPHENHYDRAMINE","DIPHENHYDRAMINE HYDROCHLORIDE,  ACETAMINOPHEN","HUMAN OTC DRUG","05/08/2024","N/A","OTC MONOGRAPH DRUG","375 TABLET in 1 BOTTLE (72090-006-25)","Histamine H1 Receptor Antagonists [MoA],  Histamine-1 Receptor Antagonist [EPC]","N/A","No","12/31/2026"
"CHILDRENS ALLERGY","53943-505-26","12.5 mg/5mL","LIQUID","ORAL","M012","Discount Drug Mart","53943-505","DIPHENHYDRAMINE HYDROCHLORIDE","DIPHENHYDRAMINE HYDROCHLORIDE","HUMAN OTC DRUG","01/12/2015","N/A","OTC MONOGRAPH DRUG","237 mL in 1 BOTTLE (53943-505-26)","Histamine H1 Receptor Antagonists [MoA],  Histamine-1 Receptor Antagonist [EPC]","N/A","No","12/31/2026"
"Allergy Relief","55301-190-08","25 mg/1","CAPSULE","ORAL","M012","ARMY AND AIR FORCE EXCHANGE SERVICE","55301-190","Diphenhydramine HCl","DIPHENHYDRAMINE HYDROCHLORIDE","HUMAN OTC DRUG","03/15/1990","N/A","OTC MONOGRAPH DRUG","2 BLISTER PACK in 1 CARTON (55301-190-08)  / 12 CAPSULE in 1 BLISTER PACK","Histamine H1 Receptor Antagonists [MoA],  Histamine-1 Receptor Antagonist [EPC]","N/A","No","12/31/2026"
"CVS Health Nighttime Sleep Aid","69842-753-12","50 mg/30mL","LIQUID","ORAL","part341","CVS Pharmacy,Inc.","69842-753","DIPHENHYDRAMINE HYDROCHLORIDE","DIPHENHYDRAMINE HYDROCHLORIDE","HUMAN OTC DRUG","10/11/2017","N/A","OTC MONOGRAPH FINAL","354 mL in 1 BOTTLE, PLASTIC (69842-753-12)","Histamine H1 Receptor Antagonists [MoA],  Histamine-1 Receptor Antagonist [EPC]","N/A","No","12/31/2026"
"Sleep Aid Nighttime","49035-367-08","25 mg/1","TABLET, FILM COATED","ORAL","M010","Wal-Mart Stores Inc","49035-367","Diphenhydramine HCl","DIPHENHYDRAMINE HYDROCHLORIDE","HUMAN OTC DRUG","06/10/2000","N/A","OTC MONOGRAPH DRUG","2 BLISTER PACK in 1 CARTON (49035-367-08)  / 12 TABLET, FILM COATED in 1 BLISTER PACK","Histamine H1 Receptor Antagonists [MoA],  Histamine-1 Receptor Antagonist [EPC]","N/A","No","12/31/2027"
"Sleep Aid Nighttime","49035-367-12","25 mg/1","TABLET, FILM COATED","ORAL","M010","Wal-Mart Stores Inc","49035-367","Diphenhydramine HCl","DIPHENHYDRAMINE HYDROCHLORIDE","HUMAN OTC DRUG","06/10/2000","N/A","OTC MONOGRAPH DRUG","1 BOTTLE, PLASTIC in 1 CARTON (49035-367-12)  / 100 TABLET, FILM COATED in 1 BOTTLE, PLASTIC","Histamine H1 Receptor Antagonists [MoA],  Histamine-1 Receptor Antagonist [EPC]","N/A","No","12/31/2027"
"Sleep Aid Nighttime","49035-367-42","25 mg/1","TABLET, FILM COATED","ORAL","M010","Wal-Mart Stores Inc","49035-367","Diphenhydramine HCl","DIPHENHYDRAMINE HYDROCHLORIDE","HUMAN OTC DRUG","06/10/2000","N/A","OTC MONOGRAPH DRUG","12 TABLET, FILM COATED in 1 BLISTER PACK (49035-367-42)","Histamine H1 Receptor Antagonists [MoA],  Histamine-1 Receptor Antagonist [EPC]","N/A","No","12/31/2027"
"Mucinex Childrens Day Time Multi-Symptom Cold and Night Time Multi-Symptom Cold","63824-955-74","N/A","KIT","N/A","M012","Reckitt Benckiser LLC","63824-955","Dextromethorphan Hydrobromide, Guaifenesin, Phenylephrine Hydrochloride, Acetaminophen, and Diphenhydramine Hydrochloride","N/A","HUMAN OTC DRUG","01/21/2019","N/A","OTC MONOGRAPH DRUG","1 KIT in 1 CARTON (63824-955-74)  *  118 mL in 1 BOTTLE *  118 mL in 1 BOTTLE","N/A","N/A","No","12/31/2027"
"Diphenhydramine HCL","71335-0352-0","25 mg/1","CAPSULE","ORAL","M012","Bryant Ranch Prepack","71335-0352","Diphenhydramine HCL","DIPHENHYDRAMINE HYDROCHLORIDE","HUMAN OTC DRUG","04/05/2024","N/A","OTC MONOGRAPH DRUG","100 CAPSULE in 1 BOTTLE (71335-0352-0)","Histamine H1 Receptor Antagonists [MoA],  Histamine-1 Receptor Antagonist [EPC]","N/A","No","12/31/2026"
"Diphenhydramine HCL","71335-0352-1","25 mg/1","CAPSULE","ORAL","M012","Bryant Ranch Prepack","71335-0352","Diphenhydramine HCL","DIPHENHYDRAMINE HYDROCHLORIDE","HUMAN OTC DRUG","10/19/2018","N/A","OTC MONOGRAPH DRUG","30 CAPSULE in 1 BOTTLE (71335-0352-1)","Histamine H1 Receptor Antagonists [MoA],  Histamine-1 Receptor Antagonist [EPC]","N/A","No","12/31/2026"
"Diphenhydramine HCL","71335-0352-2","25 mg/1","CAPSULE","ORAL","M012","Bryant Ranch Prepack","71335-0352","Diphenhydramine HCL","DIPHENHYDRAMINE HYDROCHLORIDE","HUMAN OTC DRUG","11/21/2018","N/A","OTC MONOGRAPH DRUG","20 CAPSULE in 1 BOTTLE (71335-0352-2)","Histamine H1 Receptor Antagonists [MoA],  Histamine-1 Receptor Antagonist [EPC]","N/A","No","12/31/2026"
"Diphenhydramine HCL","71335-0352-3","25 mg/1","CAPSULE","ORAL","M012","Bryant Ranch Prepack","71335-0352","Diphenhydramine HCL","DIPHENHYDRAMINE HYDROCHLORIDE","HUMAN OTC DRUG","04/05/2024","N/A","OTC MONOGRAPH DRUG","42 CAPSULE in 1 BOTTLE (71335-0352-3)","Histamine H1 Receptor Antagonists [MoA],  Histamine-1 Receptor Antagonist [EPC]","N/A","No","12/31/2026"
"Diphenhydramine HCL","71335-0352-4","25 mg/1","CAPSULE","ORAL","M012","Bryant Ranch Prepack","71335-0352","Diphenhydramine HCL","DIPHENHYDRAMINE HYDROCHLORIDE","HUMAN OTC DRUG","04/05/2024","N/A","OTC MONOGRAPH DRUG","24 CAPSULE in 1 BOTTLE (71335-0352-4)","Histamine H1 Receptor Antagonists [MoA],  Histamine-1 Receptor Antagonist [EPC]","N/A","No","12/31/2026"
"Diphenhydramine HCL","71335-0352-5","25 mg/1","CAPSULE","ORAL","M012","Bryant Ranch Prepack","71335-0352","Diphenhydramine HCL","DIPHENHYDRAMINE HYDROCHLORIDE","HUMAN OTC DRUG","04/05/2024","N/A","OTC MONOGRAPH DRUG","15 CAPSULE in 1 BOTTLE (71335-0352-5)","Histamine H1 Receptor Antagonists [MoA],  Histamine-1 Receptor Antagonist [EPC]","N/A","No","12/31/2026"
"Diphenhydramine HCL","71335-0352-6","25 mg/1","CAPSULE","ORAL","M012","Bryant Ranch Prepack","71335-0352","Diphenhydramine HCL","DIPHENHYDRAMINE HYDROCHLORIDE","HUMAN OTC DRUG","04/05/2024","N/A","OTC MONOGRAPH DRUG","60 CAPSULE in 1 BOTTLE (71335-0352-6)","Histamine H1 Receptor Antagonists [MoA],  Histamine-1 Receptor Antagonist [EPC]","N/A","No","12/31/2026"
"Diphenhydramine HCL","71335-0352-7","25 mg/1","CAPSULE","ORAL","M012","Bryant Ranch Prepack","71335-0352","Diphenhydramine HCL","DIPHENHYDRAMINE HYDROCHLORIDE","HUMAN OTC DRUG","04/05/2024","N/A","OTC MONOGRAPH DRUG","10 CAPSULE in 1 BOTTLE (71335-0352-7)","Histamine H1 Receptor Antagonists [MoA],  Histamine-1 Receptor Antagonist [EPC]","N/A","No","12/31/2026"
"Diphenhydramine HCL","71335-0352-8","25 mg/1","CAPSULE","ORAL","M012","Bryant Ranch Prepack","71335-0352","Diphenhydramine HCL","DIPHENHYDRAMINE HYDROCHLORIDE","HUMAN OTC DRUG","04/05/2024","N/A","OTC MONOGRAPH DRUG","6 CAPSULE in 1 BOTTLE (71335-0352-8)","Histamine H1 Receptor Antagonists [MoA],  Histamine-1 Receptor Antagonist [EPC]","N/A","No","12/31/2026"
"Diphenhydramine HCL","71335-0352-9","25 mg/1","CAPSULE","ORAL","M012","Bryant Ranch Prepack","71335-0352","Diphenhydramine HCL","DIPHENHYDRAMINE HYDROCHLORIDE","HUMAN OTC DRUG","04/05/2024","N/A","OTC MONOGRAPH DRUG","90 CAPSULE in 1 BOTTLE (71335-0352-9)","Histamine H1 Receptor Antagonists [MoA],  Histamine-1 Receptor Antagonist [EPC]","N/A","No","12/31/2026"
"Itch Relief","79903-217-25","20 mg/mL","SPRAY","TOPICAL","M017","Wal-Mart Stores, Inc.","79903-217","Diphenhydramine HCl","DIPHENHYDRAMINE HYDROCHLORIDE","HUMAN OTC DRUG","08/28/2023","N/A","OTC MONOGRAPH DRUG","74 mL in 1 BOTTLE (79903-217-25)","Histamine H1 Receptor Antagonists [MoA],  Histamine-1 Receptor Antagonist [EPC]","N/A","No","12/31/2027"
"ValuMeds Allergy Relief Antihistamine Diphenhydramine HCl","82725-1101-1","25 mg/1","TABLET","ORAL","M012","Cabinet Health P.B.C.","82725-1101","DIPHENHYDRAMINE HYDROCHLORIDE","DIPHENHYDRAMINE HYDROCHLORIDE","HUMAN OTC DRUG","01/01/2025","N/A","OTC MONOGRAPH DRUG","600 TABLET in 1 BOTTLE (82725-1101-1)","Histamine H1 Receptor Antagonists [MoA],  Histamine-1 Receptor Antagonist [EPC]","N/A","No","12/31/2027"
"ValuMeds Allergy Relief Antihistamine Diphenhydramine HCl","82725-1101-2","25 mg/1","TABLET","ORAL","M012","Cabinet Health P.B.C.","82725-1101","DIPHENHYDRAMINE HYDROCHLORIDE","DIPHENHYDRAMINE HYDROCHLORIDE","HUMAN OTC DRUG","11/10/2025","N/A","OTC MONOGRAPH DRUG","1200 TABLET in 1 BOTTLE (82725-1101-2)","Histamine H1 Receptor Antagonists [MoA],  Histamine-1 Receptor Antagonist [EPC]","N/A","No","12/31/2027"
"Nighttime Sleep Aid","37808-019-02","25 mg/1","TABLET","ORAL","M010","HEB","37808-019","DIPHENHYDRAMINE HYDROCHLORIDE","DIPHENHYDRAMINE HYDROCHLORIDE","HUMAN OTC DRUG","10/31/2019","N/A","OTC MONOGRAPH DRUG","2 BLISTER PACK in 1 CARTON (37808-019-02)  / 16 TABLET in 1 BLISTER PACK","Histamine H1 Receptor Antagonists [MoA],  Histamine-1 Receptor Antagonist [EPC]","N/A","No","12/31/2026"
"DIPHENHYDRAMINE HYDROCHLORIDE","53345-022-01","50 mg/1","CAPSULE, LIQUID FILLED","ORAL","M010","Humanwell PuraCap Pharmaceutical (Wuhan), Ltd.","53345-022","DIPHENHYDRAMINE HYDROCHLORIDE","DIPHENHYDRAMINE HYDROCHLORIDE","HUMAN OTC DRUG","08/13/2014","N/A","OTC MONOGRAPH DRUG","1 BAG in 1 BOX (53345-022-01)  / 12000 CAPSULE, LIQUID FILLED in 1 BAG","Histamine H1 Receptor Antagonists [MoA],  Histamine-1 Receptor Antagonist [EPC]","N/A","No","12/31/2026"
"Sleep-Aid","55301-189-23","25 mg/1","TABLET","ORAL","M010","ARMY AND AIR FORCE EXCHANGE SERVICE","55301-189","Diphenhydramine HCl","DIPHENHYDRAMINE HYDROCHLORIDE","HUMAN OTC DRUG","04/10/1990","N/A","OTC MONOGRAPH DRUG","9 BLISTER PACK in 1 CARTON (55301-189-23)  / 8 TABLET in 1 BLISTER PACK","Histamine H1 Receptor Antagonists [MoA],  Histamine-1 Receptor Antagonist [EPC]","N/A","No","12/31/2027"
"Vicks ZzzQuil Soothing Sleep Nighttime Sleep-Aid","69423-830-12","50 mg/30mL","LIQUID","ORAL","M010","The Procter & Gamble Manufacturing Company","69423-830","Diphenhydramine HCl","DIPHENHYDRAMINE HYDROCHLORIDE","HUMAN OTC DRUG","02/06/2024","N/A","OTC MONOGRAPH DRUG","354 mL in 1 BOTTLE, PLASTIC (69423-830-12)","Histamine H1 Receptor Antagonists [MoA],  Histamine-1 Receptor Antagonist [EPC]","N/A","No","12/31/2026"
"Vicks ZzzQuil Soothing Sleep Nighttime Sleep-Aid","69423-830-24","50 mg/30mL","LIQUID","ORAL","M010","The Procter & Gamble Manufacturing Company","69423-830","Diphenhydramine HCl","DIPHENHYDRAMINE HYDROCHLORIDE","HUMAN OTC DRUG","02/06/2024","N/A","OTC MONOGRAPH DRUG","2 BOTTLE, PLASTIC in 1 CARTON (69423-830-24)  / 354 mL in 1 BOTTLE, PLASTIC","Histamine H1 Receptor Antagonists [MoA],  Histamine-1 Receptor Antagonist [EPC]","N/A","No","12/31/2026"
"Diphenhydramine Hydrochloride","84549-101-25","50 mg/mL","INJECTION, SOLUTION","INTRAMUSCULAR,  INTRAVENOUS","ANDA205723","ProPharma Distribution","84549-101","Diphenhydramine Hydrochloride","DIPHENHYDRAMINE HYDROCHLORIDE","HUMAN PRESCRIPTION DRUG","08/27/2025","N/A","ANDA","1 mL in 1 VIAL, SINGLE-DOSE (84549-101-25)","Histamine H1 Receptor Antagonists [MoA],  Histamine-1 Receptor Antagonist [EPC]","N/A","No","12/31/2026"
"Rite Aid Extra Strength Itch Stopping","11822-6614-1","1 mg/g,  20 mg/g","CREAM","TOPICAL","M017","Rite Aid","11822-6614","Diphenhydramine hydrochloride and Zinc acetate","ZINC ACETATE,  DIPHENHYDRAMINE HYDROCHLORIDE","HUMAN OTC DRUG","10/01/2023","N/A","OTC MONOGRAPH DRUG","1 TUBE in 1 CARTON (11822-6614-1)  / 28 g in 1 TUBE","Copper Absorption Inhibitor [EPC],  Decreased Copper Ion Absorption [PE],  Histamine H1 Receptor Antagonists [MoA],  Histamine-1 Receptor Antagonist [EPC]","N/A","No","12/31/2026"
"dg health naproxen sodium pm","55910-858-27","25 mg/1,  220 mg/1","TABLET, FILM COATED","ORAL","ANDA208499","Dolgencorp Inc","55910-858","diphenhydramine hydrochloride, naproxen sodium","DIPHENHYDRAMINE HYDROCHLORIDE,  NAPROXEN SODIUM","HUMAN OTC DRUG","07/10/2020","N/A","ANDA","1 BOTTLE in 1 CARTON (55910-858-27)  / 80 TABLET, FILM COATED in 1 BOTTLE","Anti-Inflammatory Agents,  Non-Steroidal [CS],  Cyclooxygenase Inhibitors [MoA],  Histamine H1 Receptor Antagonists [MoA],  Histamine-1 Receptor Antagonist [EPC],  Nonsteroidal Anti-inflammatory Drug [EPC]","N/A","No","12/31/2026"
"Lil Drug Store Tylenol PM Extra Strength","66715-9817-2","25 mg/1,  500 mg/1","TABLET, FILM COATED","ORAL","M013","Lil' Drug Store Products, Inc.","66715-9817","Acetaminophen and Diphenhydramine Hydrochloride","DIPHENHYDRAMINE HYDROCHLORIDE,  ACETAMINOPHEN","HUMAN OTC DRUG","10/20/2017","N/A","OTC MONOGRAPH DRUG","2 POUCH in 1 CARTON (66715-9817-2)  / 2 TABLET, FILM COATED in 1 POUCH","Histamine H1 Receptor Antagonists [MoA],  Histamine-1 Receptor Antagonist [EPC]","N/A","No","12/31/2026"
"Lil Drug Store Tylenol PM Extra Strength","66715-9817-3","25 mg/1,  500 mg/1","TABLET, FILM COATED","ORAL","M013","Lil' Drug Store Products, Inc.","66715-9817","Acetaminophen and Diphenhydramine Hydrochloride","DIPHENHYDRAMINE HYDROCHLORIDE,  ACETAMINOPHEN","HUMAN OTC DRUG","08/15/2019","N/A","OTC MONOGRAPH DRUG","3 POUCH in 1 CARTON (66715-9817-3)  / 2 TABLET, FILM COATED in 1 POUCH","Histamine H1 Receptor Antagonists [MoA],  Histamine-1 Receptor Antagonist [EPC]","N/A","No","12/31/2026"
"BACTIMICINA CHILDRENS ALLERGY","24286-1565-4","12.5 mg/5mL","LIQUID","ORAL","M012","DLC Laboratories, Inc.","24286-1565","DIPHENHYDRAMINE HYDROCHLORIDE","DIPHENHYDRAMINE HYDROCHLORIDE","HUMAN OTC DRUG","06/17/2015","N/A","OTC MONOGRAPH DRUG","1 BOTTLE in 1 CARTON (24286-1565-4)  / 118 mL in 1 BOTTLE","Histamine H1 Receptor Antagonists [MoA],  Histamine-1 Receptor Antagonist [EPC]","N/A","No","12/31/2026"
"Adult Allergy Relief Dye Free","0363-7100-04","25 mg/10mL","SOLUTION","ORAL","M012","WALGREEN COMPANY","0363-7100","Diphenhydramine Hydrochloride","DIPHENHYDRAMINE HYDROCHLORIDE","HUMAN OTC DRUG","01/30/2020","N/A","OTC MONOGRAPH DRUG","1 BOTTLE in 1 CARTON (0363-7100-04)  / 118 mL in 1 BOTTLE","Histamine H1 Receptor Antagonists [MoA],  Histamine-1 Receptor Antagonist [EPC]","N/A","No","12/31/2026"
"Johnson and Johnson All Purpose First Aid Kit","69968-0711-9","N/A","KIT","N/A","M017","Kenvue Brands LLC","69968-0711","Acetaminophen, Diphenhydramine Hydrochloride, Zinc Acetate, Neomycin Sulfate, Polymyxin B Sulfate, and Pramoxine Hydrochloride","N/A","HUMAN OTC DRUG","08/16/2021","N/A","OTC MONOGRAPH DRUG","1 KIT in 1 PACKAGE (69968-0711-9)  *  1 TUBE in 1 CARTON (69968-0223-1)  / 28.3 g in 1 TUBE *  1 TUBE in 1 CARTON (69968-0055-2)  / 14.2 g in 1 TUBE *  1 CLOTH in 1 PACKET *  2 TABLET, FILM COATED in 1 POUCH (50580-449-08)","N/A","N/A","No","12/31/2026"
"Extra Strength Itch Relief","83324-302-27","20 mg/g,  1 mg/g","SPRAY","TOPICAL","M017","Chain Drug Marketing Association Inc","83324-302","Diphenhydramine HCl and Zinc Acetate","DIPHENHYDRAMINE HYDROCHLORIDE,  ZINC ACETATE","HUMAN OTC DRUG","06/06/2024","N/A","OTC MONOGRAPH DRUG","76 g in 1 CAN (83324-302-27)","Copper Absorption Inhibitor [EPC],  Decreased Copper Ion Absorption [PE],  Histamine H1 Receptor Antagonists [MoA],  Histamine-1 Receptor Antagonist [EPC]","N/A","No","12/31/2026"
"sleep aid","11822-0672-6","25 mg/1","TABLET, FILM COATED","ORAL","M010","Rite Aid Corporation","11822-0672","Diphenhydramine HCl","DIPHENHYDRAMINE HYDROCHLORIDE","HUMAN OTC DRUG","07/24/2015","N/A","OTC MONOGRAPH DRUG","200 TABLET, FILM COATED in 1 BOTTLE, PLASTIC (11822-0672-6)","Histamine H1 Receptor Antagonists [MoA],  Histamine-1 Receptor Antagonist [EPC]","N/A","No","12/31/2027"
"Allergy Relief Dye Free","0363-1170-24","25 mg/1","CAPSULE, LIQUID FILLED","ORAL","M012","WALGREENS","0363-1170","Diphenhydramine HCl","DIPHENHYDRAMINE HYDROCHLORIDE","HUMAN OTC DRUG","02/06/2020","11/30/2026","OTC MONOGRAPH DRUG","24 BLISTER PACK in 1 CARTON (0363-1170-24)  / 2 CAPSULE, LIQUID FILLED in 1 BLISTER PACK","Histamine H1 Receptor Antagonists [MoA],  Histamine-1 Receptor Antagonist [EPC]","N/A","No","N/A"
"Allergy Relief Dye Free","0363-1170-48","25 mg/1","CAPSULE, LIQUID FILLED","ORAL","M012","WALGREENS","0363-1170","Diphenhydramine HCl","DIPHENHYDRAMINE HYDROCHLORIDE","HUMAN OTC DRUG","12/17/2020","11/30/2026","OTC MONOGRAPH DRUG","24 BLISTER PACK in 1 CARTON (0363-1170-48)  / 4 CAPSULE, LIQUID FILLED in 1 BLISTER PACK","Histamine H1 Receptor Antagonists [MoA],  Histamine-1 Receptor Antagonist [EPC]","N/A","No","N/A"
"equate allergy relief","49035-379-26","12.5 mg/5mL","SOLUTION","ORAL","M012","Wal-Mart Stores Inc","49035-379","Diphenhydramine Hydrochloride","DIPHENHYDRAMINE HYDROCHLORIDE","HUMAN OTC DRUG","08/15/1990","N/A","OTC MONOGRAPH DRUG","1 BOTTLE in 1 CARTON (49035-379-26)  / 118 mL in 1 BOTTLE","Histamine H1 Receptor Antagonists [MoA],  Histamine-1 Receptor Antagonist [EPC]","N/A","No","12/31/2026"
"Cabinet Allergy Relief Refill Diphenhydramine HCI","82725-3001-2","25 mg/1","TABLET","ORAL","M012","Cabinet Health P.B.C.","82725-3001","DIPHENHYDRAMINE HYDROCHLORIDE","DIPHENHYDRAMINE HYDROCHLORIDE","HUMAN OTC DRUG","05/12/2025","N/A","OTC MONOGRAPH DRUG","120 TABLET in 1 POUCH (82725-3001-2)","Histamine H1 Receptor Antagonists [MoA],  Histamine-1 Receptor Antagonist [EPC]","N/A","No","12/31/2026"
"Pain Relief PM","21130-095-01","500 mg/1,  25 mg/1","TABLET, COATED","ORAL","M013","Safeway","21130-095","Acetaminophen and Diphenhydramine Hydrochloride","ACETAMINOPHEN,  DIPHENHYDRAMINE HYDROCHLORIDE","HUMAN OTC DRUG","12/23/2015","N/A","OTC MONOGRAPH DRUG","1 BOTTLE, PLASTIC in 1 CARTON (21130-095-01)  / 24 TABLET, COATED in 1 BOTTLE, PLASTIC","Histamine H1 Receptor Antagonists [MoA],  Histamine-1 Receptor Antagonist [EPC]","N/A","No","12/31/2026"
"Pain Relief PM","21130-095-03","500 mg/1,  25 mg/1","TABLET, COATED","ORAL","M013","Safeway","21130-095","Acetaminophen and Diphenhydramine Hydrochloride","ACETAMINOPHEN,  DIPHENHYDRAMINE HYDROCHLORIDE","HUMAN OTC DRUG","12/23/2015","N/A","OTC MONOGRAPH DRUG","1 BOTTLE, PLASTIC in 1 CARTON (21130-095-03)  / 100 TABLET, COATED in 1 BOTTLE, PLASTIC","Histamine H1 Receptor Antagonists [MoA],  Histamine-1 Receptor Antagonist [EPC]","N/A","No","12/31/2026"
"Pain Relief PM","21130-095-14","500 mg/1,  25 mg/1","TABLET, COATED","ORAL","M013","Safeway","21130-095","Acetaminophen and Diphenhydramine Hydrochloride","ACETAMINOPHEN,  DIPHENHYDRAMINE HYDROCHLORIDE","HUMAN OTC DRUG","12/23/2015","N/A","OTC MONOGRAPH DRUG","200 TABLET, COATED in 1 BOTTLE, PLASTIC (21130-095-14)","Histamine H1 Receptor Antagonists [MoA],  Histamine-1 Receptor Antagonist [EPC]","N/A","No","12/31/2026"
"DIPHENHYDRAMINE HYDROCHLORIDE","53345-027-01","25 mg/1","CAPSULE, LIQUID FILLED","ORAL","M010","Humanwell PuraCap Pharmaceutical (Wuhan), Ltd.","53345-027","DIPHENHYDRAMINE HYDROCHLORIDE","DIPHENHYDRAMINE HYDROCHLORIDE","HUMAN OTC DRUG","10/14/2014","N/A","OTC MONOGRAPH DRUG","1 BAG in 1 BOX (53345-027-01)  / 20000 CAPSULE, LIQUID FILLED in 1 BAG","Histamine H1 Receptor Antagonists [MoA],  Histamine-1 Receptor Antagonist [EPC]","N/A","No","12/31/2026"
"Vicks PainQuil PM PAIN RELIEVER plus NIGHTTIME SLEEP-AID","69423-834-12","50 mg/30mL,  1000 mg/30mL","LIQUID","ORAL","M013","The Procter & Gamble Manufacturing Company","69423-834","Acetaminophen, Diphenhydramine HCl","DIPHENHYDRAMINE HYDROCHLORIDE,  ACETAMINOPHEN","HUMAN OTC DRUG","05/07/2024","N/A","OTC MONOGRAPH DRUG","354 mL in 1 BOTTLE (69423-834-12)","Histamine H1 Receptor Antagonists [MoA],  Histamine-1 Receptor Antagonist [EPC]","N/A","No","12/31/2027"
"Vicks PainQuil PM PAIN RELIEVER plus NIGHTTIME SLEEP-AID","69423-834-24","50 mg/30mL,  1000 mg/30mL","LIQUID","ORAL","M013","The Procter & Gamble Manufacturing Company","69423-834","Acetaminophen, Diphenhydramine HCl","DIPHENHYDRAMINE HYDROCHLORIDE,  ACETAMINOPHEN","HUMAN OTC DRUG","08/03/2026","N/A","OTC MONOGRAPH DRUG","2 BOTTLE in 1 CELLO PACK (69423-834-24)  / 354 mL in 1 BOTTLE","Histamine H1 Receptor Antagonists [MoA],  Histamine-1 Receptor Antagonist [EPC]","N/A","No","12/31/2027"
"allergy childrens","41250-379-26","12.5 mg/5mL","SOLUTION","ORAL","M012","Meijer Distribution Inc","41250-379","Diphenhydramine Hydrochloride","DIPHENHYDRAMINE HYDROCHLORIDE","HUMAN OTC DRUG","11/15/1987","N/A","OTC MONOGRAPH DRUG","1 BOTTLE in 1 CARTON (41250-379-26)  / 118 mL in 1 BOTTLE","Histamine H1 Receptor Antagonists [MoA],  Histamine-1 Receptor Antagonist [EPC]","N/A","No","12/31/2026"
"allergy childrens","41250-379-34","12.5 mg/5mL","SOLUTION","ORAL","M012","Meijer Distribution Inc","41250-379","Diphenhydramine Hydrochloride","DIPHENHYDRAMINE HYDROCHLORIDE","HUMAN OTC DRUG","12/12/1995","N/A","OTC MONOGRAPH DRUG","1 BOTTLE in 1 CARTON (41250-379-34)  / 237 mL in 1 BOTTLE","Histamine H1 Receptor Antagonists [MoA],  Histamine-1 Receptor Antagonist [EPC]","N/A","No","12/31/2026"
"Allergy","56062-923-08","25 mg/1","TABLET, FILM COATED","ORAL","M012","Publix Super Markets Inc","56062-923","Diphenhydramine HCl","DIPHENHYDRAMINE HYDROCHLORIDE","HUMAN OTC DRUG","04/28/2025","N/A","OTC MONOGRAPH DRUG","2 BLISTER PACK in 1 CARTON (56062-923-08)  / 12 TABLET, FILM COATED in 1 BLISTER PACK","Histamine H1 Receptor Antagonists [MoA],  Histamine-1 Receptor Antagonist [EPC]","N/A","No","12/31/2027"
"Allergy","56062-923-12","25 mg/1","TABLET, FILM COATED","ORAL","M012","Publix Super Markets Inc","56062-923","Diphenhydramine HCl","DIPHENHYDRAMINE HYDROCHLORIDE","HUMAN OTC DRUG","04/28/2025","N/A","OTC MONOGRAPH DRUG","1 BOTTLE, PLASTIC in 1 CARTON (56062-923-12)  / 100 TABLET, FILM COATED in 1 BOTTLE, PLASTIC","Histamine H1 Receptor Antagonists [MoA],  Histamine-1 Receptor Antagonist [EPC]","N/A","No","12/31/2027"
"Nighttime Sleep Aid","11673-285-02","50 mg/30mL","LIQUID","ORAL","M012","TARGET CORPORATION","11673-285","Diphenhydramine Hydrochloride","DIPHENHYDRAMINE HYDROCHLORIDE","HUMAN OTC DRUG","06/20/2024","N/A","OTC MONOGRAPH DRUG","2 BOTTLE in 1 PACKAGE (11673-285-02)  / 354 mL in 1 BOTTLE","Histamine H1 Receptor Antagonists [MoA],  Histamine-1 Receptor Antagonist [EPC]","N/A","No","12/31/2026"
"Sleep-Aid","11822-0685-8","25 mg/1","TABLET, CHEWABLE","ORAL","M010","Rite Aid Corporation","11822-0685","Diphenhydramine HCl","DIPHENHYDRAMINE HYDROCHLORIDE","HUMAN OTC DRUG","06/16/2021","N/A","OTC MONOGRAPH DRUG","4 BLISTER PACK in 1 CARTON (11822-0685-8)  / 6 TABLET, CHEWABLE in 1 BLISTER PACK","Histamine H1 Receptor Antagonists [MoA],  Histamine-1 Receptor Antagonist [EPC]","N/A","No","12/31/2027"
"CVS PHARMACY COLD and COUGH And NIGHTTIME VALUE PACK","51316-635-08","N/A","KIT","N/A","M012","CVS PHARMACY, INC.","51316-635","Brompheniramine maleate,Dextromethorphan HBr,Diphenhydramine HCl","N/A","HUMAN OTC DRUG","03/03/2025","N/A","OTC MONOGRAPH DRUG","1 KIT in 1 KIT (51316-635-08)  *  118 mL in 1 BOTTLE, PLASTIC (51316-632-04)  *  118 mL in 1 BOTTLE, PLASTIC (51316-646-04)","N/A","N/A","No","12/31/2027"
"Sleep Aid Maximum Strength","63868-900-32","50 mg/1","CAPSULE","ORAL","M010","QUALITY CHOICE (Chain Drug Marketing Association)","63868-900","Diphenhydramine HCl","DIPHENHYDRAMINE HYDROCHLORIDE","HUMAN OTC DRUG","12/27/2019","N/A","OTC MONOGRAPH DRUG","1 BOTTLE, PLASTIC in 1 BOX (63868-900-32)  / 32 CAPSULE in 1 BOTTLE, PLASTIC","Histamine H1 Receptor Antagonists [MoA],  Histamine-1 Receptor Antagonist [EPC]","N/A","No","12/31/2026"
"leader childrens allergy relief","70000-0474-1","12.5 mg/5mL","SOLUTION","ORAL","M012","Cardinal Health 110, LLC. dba Leader","70000-0474","Diphenhydramine HCl","DIPHENHYDRAMINE HYDROCHLORIDE","HUMAN OTC DRUG","01/03/2020","N/A","OTC MONOGRAPH DRUG","1 BOTTLE in 1 CARTON (70000-0474-1)  / 118 mL in 1 BOTTLE","Histamine H1 Receptor Antagonists [MoA],  Histamine-1 Receptor Antagonist [EPC]","N/A","No","12/31/2026"
"Geri-Dryl allergy relief","83939-0683-1","25 mg/1","TABLET, COATED","ORAL","M012","VerityRx","83939-0683","Diphenhydramine HCl","DIPHENHYDRAMINE HYDROCHLORIDE","HUMAN OTC DRUG","08/22/2025","N/A","OTC MONOGRAPH DRUG","1 TABLET, COATED in 1 BOTTLE (83939-0683-1)","Histamine H1 Receptor Antagonists [MoA],  Histamine-1 Receptor Antagonist [EPC]","N/A","No","12/31/2026"
"Geri-Dryl allergy relief","83939-0683-2","25 mg/1","TABLET, COATED","ORAL","M012","VerityRx","83939-0683","Diphenhydramine HCl","DIPHENHYDRAMINE HYDROCHLORIDE","HUMAN OTC DRUG","08/22/2025","N/A","OTC MONOGRAPH DRUG","50 TABLET, COATED in 1 BOTTLE (83939-0683-2)","Histamine H1 Receptor Antagonists [MoA],  Histamine-1 Receptor Antagonist [EPC]","N/A","No","12/31/2026"
"Geri-Dryl allergy relief","83939-0683-3","25 mg/1","TABLET, COATED","ORAL","M012","VerityRx","83939-0683","Diphenhydramine HCl","DIPHENHYDRAMINE HYDROCHLORIDE","HUMAN OTC DRUG","08/22/2025","N/A","OTC MONOGRAPH DRUG","100 TABLET, COATED in 1 BOTTLE (83939-0683-3)","Histamine H1 Receptor Antagonists [MoA],  Histamine-1 Receptor Antagonist [EPC]","N/A","No","12/31/2026"
"Childrens Allergy Relief","0363-4810-09","12.5 mg/1","TABLET, CHEWABLE","ORAL","M012","Walgreen Company","0363-4810","Diphenhydramine HCl","DIPHENHYDRAMINE HYDROCHLORIDE","HUMAN OTC DRUG","05/13/2022","07/31/2027","OTC MONOGRAPH DRUG","4 BLISTER PACK in 1 CARTON (0363-4810-09)  / 5 TABLET, CHEWABLE in 1 BLISTER PACK","Histamine H1 Receptor Antagonists [MoA],  Histamine-1 Receptor Antagonist [EPC]","N/A","No","N/A"
"Theraflu Severe Cold Relief Nighttime","0067-6803-02","650 mg/237mL,  25 mg/237mL,  10 mg/237mL","POWDER, FOR SOLUTION","ORAL","M012","Haleon US Holdings LLC","0067-6803","ACETAMINOPHEN, DIPHENHYDRAMINE HCl, PHENYLEPHRINE HCl","ACETAMINOPHEN,  DIPHENHYDRAMINE HYDROCHLORIDE,  PHENYLEPHRINE HYDROCHLORIDE","HUMAN OTC DRUG","01/20/2023","N/A","OTC MONOGRAPH DRUG","6 PACKET in 1 CARTON (0067-6803-02)  / 237 mL in 1 PACKET","Adrenergic alpha1-Agonists [MoA],  Histamine H1 Receptor Antagonists [MoA],  Histamine-1 Receptor Antagonist [EPC],  alpha-1 Adrenergic Agonist [EPC]","N/A","No","12/31/2026"
"Topcare ZZZ Sleep","36800-200-40","50 mg/30mL","SOLUTION","ORAL","M010","Topco Associates LLC","36800-200","Diphenhydramine HCl","DIPHENHYDRAMINE HYDROCHLORIDE","HUMAN OTC DRUG","08/20/2013","N/A","OTC MONOGRAPH DRUG","355 mL in 1 BOTTLE (36800-200-40)","Histamine H1 Receptor Antagonists [MoA],  Histamine-1 Receptor Antagonist [EPC]","N/A","No","12/31/2026"
"Topcare ZZZ Sleep","36800-200-50","50 mg/30mL","SOLUTION","ORAL","M010","Topco Associates LLC","36800-200","Diphenhydramine HCl","DIPHENHYDRAMINE HYDROCHLORIDE","HUMAN OTC DRUG","08/20/2013","N/A","OTC MONOGRAPH DRUG","2 BOTTLE in 1 PACKAGE (36800-200-50)  / 355 mL in 1 BOTTLE","Histamine H1 Receptor Antagonists [MoA],  Histamine-1 Receptor Antagonist [EPC]","N/A","No","12/31/2026"
"itch relief","37808-622-64","2 g/100g,  .1 g/100g","CREAM","TOPICAL","M017","H E B","37808-622","Diphenhydramine Hydrochloride, Zinc Acetate","DIPHENHYDRAMINE HYDROCHLORIDE,  ZINC ACETATE","HUMAN OTC DRUG","09/15/2010","N/A","OTC MONOGRAPH DRUG","1 TUBE in 1 CARTON (37808-622-64)  / 28 g in 1 TUBE","Copper Absorption Inhibitor [EPC],  Decreased Copper Ion Absorption [PE],  Histamine H1 Receptor Antagonists [MoA],  Histamine-1 Receptor Antagonist [EPC]","N/A","No","12/31/2026"
"Extra strength Acetaminophen PM","49483-430-40","25 mg/1,  500 mg/1","TABLET","ORAL","M013","TIME CAP LABS INC","49483-430","Acetaminophen 500mg/ Diphenhydramine HCl 25mg","DIPHENHYDRAMINE HYDROCHLORIDE,  ACETAMINOPHEN","HUMAN OTC DRUG","07/22/2023","N/A","OTC MONOGRAPH DRUG","400 TABLET in 1 BOTTLE (49483-430-40)","Histamine H1 Receptor Antagonists [MoA],  Histamine-1 Receptor Antagonist [EPC]","N/A","No","12/31/2026"
"Wal Dryl Childrens Allergy","0363-0092-08","12.5 mg/5mL","LIQUID","ORAL","M012","Walgreens","0363-0092","Diphenhydramine Hydrochloride","DIPHENHYDRAMINE HYDROCHLORIDE","HUMAN OTC DRUG","04/30/2015","N/A","OTC MONOGRAPH DRUG","1 BOTTLE, PLASTIC in 1 BOX (0363-0092-08)  / 237 mL in 1 BOTTLE, PLASTIC","Histamine H1 Receptor Antagonists [MoA],  Histamine-1 Receptor Antagonist [EPC]","N/A","No","12/31/2027"
"Nighttime Sleep Aid","69732-005-01","25 mg/1,  500 mg/1","TABLET","ORAL","M013","Hi-Tech Nutraceuticals, LLC","69732-005","acetaminophen, diphenhydramine","DIPHENHYDRAMINE HYDROCHLORIDE,  ACETAMINOPHEN","HUMAN OTC DRUG","04/30/2020","N/A","OTC MONOGRAPH DRUG","30 TABLET in 1 BOTTLE, PLASTIC (69732-005-01)","Histamine H1 Receptor Antagonists [MoA],  Histamine-1 Receptor Antagonist [EPC]","N/A","No","12/31/2027"
"Goodmeds Allergy Relief Diphenhydramine HCl","82725-4001-1","25 mg/1","TABLET","ORAL","M012","Cabinet Health P.B.C.","82725-4001","DIPHENHYDRAMINE HYDROCHLORIDE","DIPHENHYDRAMINE HYDROCHLORIDE","HUMAN OTC DRUG","04/15/2026","N/A","OTC MONOGRAPH DRUG","600 TABLET in 1 BOTTLE (82725-4001-1)","Histamine H1 Receptor Antagonists [MoA],  Histamine-1 Receptor Antagonist [EPC]","N/A","No","12/31/2027"
"Nighttime Sleep Aid","85828-410-38","50 mg/1","CAPSULE, LIQUID FILLED","ORAL","M010","Grocery Outlet","85828-410","DIPHENHYDRAMINE HCl 50mg","DIPHENHYDRAMINE HYDROCHLORIDE","HUMAN OTC DRUG","03/17/2026","N/A","OTC MONOGRAPH DRUG","1 BOTTLE in 1 CARTON (85828-410-38)  / 32 CAPSULE, LIQUID FILLED in 1 BOTTLE","Histamine H1 Receptor Antagonists [MoA],  Histamine-1 Receptor Antagonist [EPC]","N/A","No","12/31/2027"
"Allergy Relief","55910-293-08","25 mg/1","TABLET, FILM COATED","ORAL","M012","DOLGENCORP, LLC","55910-293","Diphenhydramine HCl","DIPHENHYDRAMINE HYDROCHLORIDE","HUMAN OTC DRUG","01/08/2024","N/A","OTC MONOGRAPH DRUG","2 BLISTER PACK in 1 CARTON (55910-293-08)  / 12 TABLET, FILM COATED in 1 BLISTER PACK","Histamine H1 Receptor Antagonists [MoA],  Histamine-1 Receptor Antagonist [EPC]","N/A","No","12/31/2027"
"Allergy Relief","55910-293-12","25 mg/1","TABLET, FILM COATED","ORAL","M012","DOLGENCORP, LLC","55910-293","Diphenhydramine HCl","DIPHENHYDRAMINE HYDROCHLORIDE","HUMAN OTC DRUG","01/08/2024","N/A","OTC MONOGRAPH DRUG","1 BOTTLE, PLASTIC in 1 CARTON (55910-293-12)  / 100 TABLET, FILM COATED in 1 BOTTLE, PLASTIC","Histamine H1 Receptor Antagonists [MoA],  Histamine-1 Receptor Antagonist [EPC]","N/A","No","12/31/2027"
"Good Neighbor Pharmacy Childrens Allergy","68788-7994-1","12.5 mg/5mL","SOLUTION","ORAL","341","Preferred Pharmaceuticals Inc.","68788-7994","Diphenhydramine Hydrochloride","DIPHENHYDRAMINE HYDROCHLORIDE","HUMAN OTC DRUG","08/09/2021","N/A","OTC MONOGRAPH DRUG","1 BOTTLE in 1 CARTON (68788-7994-1)  / 118 mL in 1 BOTTLE","Histamine H1 Receptor Antagonists [MoA],  Histamine-1 Receptor Antagonist [EPC]","N/A","No","12/31/2027"
"Ibuprofen PM","36800-756-40","200 mg/1,  25 mg/1","CAPSULE, LIQUID FILLED","ORAL","ANDA200888","TOP CARE (Topco Associates LLC)","36800-756","IBUPROFEN, DIPHENHYDRAMINE HCL","IBUPROFEN,  DIPHENHYDRAMINE HYDROCHLORIDE","HUMAN OTC DRUG","07/31/2018","12/31/2026","ANDA","1 BOTTLE, PLASTIC in 1 BOX (36800-756-40)  / 40 CAPSULE, LIQUID FILLED in 1 BOTTLE, PLASTIC","Anti-Inflammatory Agents,  Non-Steroidal [CS],  Cyclooxygenase Inhibitors [MoA],  Histamine H1 Receptor Antagonists [MoA],  Histamine-1 Receptor Antagonist [EPC],  Nonsteroidal Anti-inflammatory Drug [EPC]","N/A","No","N/A"
"Acetaminophen PM Extra Strength","55301-235-15","500 mg/1,  25 mg/1","TABLET, FILM COATED","ORAL","M013","ARMY AND AIR FORCE EXCHANGE SERVICE","55301-235","Acetaminophen, Diphenhydramine HCl","ACETAMINOPHEN,  DIPHENHYDRAMINE HYDROCHLORIDE","HUMAN OTC DRUG","05/15/1994","N/A","OTC MONOGRAPH DRUG","1 BOTTLE, PLASTIC in 1 CARTON (55301-235-15)  / 50 TABLET, FILM COATED in 1 BOTTLE, PLASTIC","Histamine H1 Receptor Antagonists [MoA],  Histamine-1 Receptor Antagonist [EPC]","N/A","No","12/31/2026"
"Diphenhydramine HCl","0536-1214-29","25 mg/1","TABLET, FILM COATED","ORAL","M012","Rugby Laboratories","0536-1214","Diphenhydramine HCl","DIPHENHYDRAMINE HYDROCHLORIDE","HUMAN OTC DRUG","03/28/2019","N/A","OTC MONOGRAPH DRUG","100 TABLET, FILM COATED in 1 BOTTLE, PLASTIC (0536-1214-29)","Histamine H1 Receptor Antagonists [MoA],  Histamine-1 Receptor Antagonist [EPC]","N/A","No","12/31/2026"
"Puregen Labs Allergy Relief","80513-201-16","12.5 mg/5mL","LIQUID","ORAL","M012","Advanced Rx LLC","80513-201","Diphenhydramine HCl","DIPHENHYDRAMINE HYDROCHLORIDE","HUMAN OTC DRUG","12/01/2024","N/A","OTC MONOGRAPH DRUG","473 mL in 1 BOTTLE (80513-201-16)","Histamine H1 Receptor Antagonists [MoA],  Histamine-1 Receptor Antagonist [EPC]","N/A","No","12/31/2026"
"IBUPROFEN, DIPHENHYDRAMINE HCL","11822-0789-4","200 mg/1,  25 mg/1","CAPSULE, LIQUID FILLED","ORAL","ANDA090397","Rite Aid Corporation","11822-0789","IBUPROFEN, DIPHENHYDRAMINE HCL","IBUPROFEN,  DIPHENHYDRAMINE HYDROCHLORIDE","HUMAN OTC DRUG","04/15/2020","N/A","ANDA","1 BOTTLE in 1 CARTON (11822-0789-4)  / 40 CAPSULE, LIQUID FILLED in 1 BOTTLE","Anti-Inflammatory Agents,  Non-Steroidal [CS],  Cyclooxygenase Inhibitors [MoA],  Histamine H1 Receptor Antagonists [MoA],  Histamine-1 Receptor Antagonist [EPC],  Nonsteroidal Anti-inflammatory Drug [EPC]","N/A","No","12/31/2026"
"DIPHENHYDRAMINE HYDROCHLORIDE","0121-0978-00","25 mg/10mL","SOLUTION","ORAL","ANDA087513","PAI Holdings, LLC dba PAI Pharma","0121-0978","DIPHENHYDRAMINE HYDROCHLORIDE","DIPHENHYDRAMINE HYDROCHLORIDE","HUMAN PRESCRIPTION DRUG","02/10/1982","N/A","ANDA","10 TRAY in 1 CASE (0121-0978-00)  / 10 CUP, UNIT-DOSE in 1 TRAY / 10 mL in 1 CUP, UNIT-DOSE (0121-0978-10)","Histamine H1 Receptor Antagonists [MoA],  Histamine-1 Receptor Antagonist [EPC]","N/A","No","12/31/2026"
"Acetaminophen PM","57344-095-01","500 mg/1,  25 mg/1","TABLET, COATED","ORAL","M013","AAA Pharmaceutical, Inc.","57344-095","Acetaminophen and Diphenhydramine Hydrochloride","ACETAMINOPHEN,  DIPHENHYDRAMINE HYDROCHLORIDE","HUMAN OTC DRUG","07/01/2017","N/A","OTC MONOGRAPH DRUG","1 BOTTLE, PLASTIC in 1 CARTON (57344-095-01)  / 24 TABLET, COATED in 1 BOTTLE, PLASTIC","Histamine H1 Receptor Antagonists [MoA],  Histamine-1 Receptor Antagonist [EPC]","N/A","No","12/31/2026"
"Acetaminophen PM","57344-095-02","500 mg/1,  25 mg/1","TABLET, COATED","ORAL","M013","AAA Pharmaceutical, Inc.","57344-095","Acetaminophen and Diphenhydramine Hydrochloride","ACETAMINOPHEN,  DIPHENHYDRAMINE HYDROCHLORIDE","HUMAN OTC DRUG","10/01/2012","N/A","OTC MONOGRAPH DRUG","1 BOTTLE, PLASTIC in 1 CARTON (57344-095-02)  / 50 TABLET, COATED in 1 BOTTLE, PLASTIC","Histamine H1 Receptor Antagonists [MoA],  Histamine-1 Receptor Antagonist [EPC]","N/A","No","12/31/2026"
"Acetaminophen PM","57344-095-03","500 mg/1,  25 mg/1","TABLET, COATED","ORAL","M013","AAA Pharmaceutical, Inc.","57344-095","Acetaminophen and Diphenhydramine Hydrochloride","ACETAMINOPHEN,  DIPHENHYDRAMINE HYDROCHLORIDE","HUMAN OTC DRUG","11/01/2017","N/A","OTC MONOGRAPH DRUG","1 BOTTLE, PLASTIC in 1 CARTON (57344-095-03)  / 100 TABLET, COATED in 1 BOTTLE, PLASTIC","Histamine H1 Receptor Antagonists [MoA],  Histamine-1 Receptor Antagonist [EPC]","N/A","No","12/31/2026"
"Acetaminophen PM","57344-095-12","500 mg/1,  25 mg/1","TABLET, COATED","ORAL","M013","AAA Pharmaceutical, Inc.","57344-095","Acetaminophen and Diphenhydramine Hydrochloride","ACETAMINOPHEN,  DIPHENHYDRAMINE HYDROCHLORIDE","HUMAN OTC DRUG","03/12/2024","N/A","OTC MONOGRAPH DRUG","300 TABLET, COATED in 1 BOTTLE, PLASTIC (57344-095-12)","Histamine H1 Receptor Antagonists [MoA],  Histamine-1 Receptor Antagonist [EPC]","N/A","No","12/31/2026"
"Premier Value Nighttime Sleep-Aid Liquid Sleep-Aid","68016-219-12","50 mg/30mL","LIQUID","ORAL","M010","Chain Drug Consortium","68016-219","DIPHENHYDRAMINE HYDROCHLORIDE","DIPHENHYDRAMINE HYDROCHLORIDE","HUMAN OTC DRUG","12/10/2012","N/A","OTC MONOGRAPH DRUG","354 mL in 1 BOTTLE, PLASTIC (68016-219-12)","Histamine H1 Receptor Antagonists [MoA],  Histamine-1 Receptor Antagonist [EPC]","N/A","No","12/31/2026"
"Allergy Relief","69842-798-36","50 mg/20mL","SOLUTION","ORAL","M012","CVS PHARMACY","69842-798","Diphenhydramine HCl","DIPHENHYDRAMINE HYDROCHLORIDE","HUMAN OTC DRUG","10/27/2020","N/A","OTC MONOGRAPH DRUG","1 BOTTLE, PLASTIC in 1 CARTON (69842-798-36)  / 118 mL in 1 BOTTLE, PLASTIC","Histamine H1 Receptor Antagonists [MoA],  Histamine-1 Receptor Antagonist [EPC]","N/A","No","12/31/2027"
"Diphenhydramine Hydrochloride 25mg","70692-148-01","25 mg/1","TABLET","ORAL","M012","Strive Pharmaceuticals Inc","70692-148","Diphenhydramine hydrochloride 25mg","DIPHENHYDRAMINE HYDROCHLORIDE","HUMAN OTC DRUG","12/28/2018","N/A","OTC MONOGRAPH DRUG","100 TABLET in 1 PACKAGE (70692-148-01)","Histamine H1 Receptor Antagonists [MoA],  Histamine-1 Receptor Antagonist [EPC]","N/A","No","12/31/2026"
"Diphenhydramine Hydrochloride 25mg","70692-148-11","25 mg/1","TABLET","ORAL","M012","Strive Pharmaceuticals Inc","70692-148","Diphenhydramine hydrochloride 25mg","DIPHENHYDRAMINE HYDROCHLORIDE","HUMAN OTC DRUG","06/01/2021","N/A","OTC MONOGRAPH DRUG","1000 TABLET in 1 BOTTLE (70692-148-11)","Histamine H1 Receptor Antagonists [MoA],  Histamine-1 Receptor Antagonist [EPC]","N/A","No","12/31/2026"
"Diphenhydramine Hydrochloride 25mg","70692-148-40","25 mg/1","TABLET","ORAL","M012","Strive Pharmaceuticals Inc","70692-148","Diphenhydramine hydrochloride 25mg","DIPHENHYDRAMINE HYDROCHLORIDE","HUMAN OTC DRUG","06/01/2021","N/A","OTC MONOGRAPH DRUG","400 TABLET in 1 BOTTLE (70692-148-40)","Histamine H1 Receptor Antagonists [MoA],  Histamine-1 Receptor Antagonist [EPC]","N/A","No","12/31/2026"
"Diphenhydramine Hydrochloride 25mg","70692-148-46","25 mg/1","TABLET","ORAL","M012","Strive Pharmaceuticals Inc","70692-148","Diphenhydramine hydrochloride 25mg","DIPHENHYDRAMINE HYDROCHLORIDE","HUMAN OTC DRUG","04/06/2023","N/A","OTC MONOGRAPH DRUG","1 BOTTLE in 1 CARTON (70692-148-46)  / 72 TABLET in 1 BOTTLE","Histamine H1 Receptor Antagonists [MoA],  Histamine-1 Receptor Antagonist [EPC]","N/A","No","12/31/2026"
"Diphenhydramine Hydrochloride 25mg","70692-148-62","25 mg/1","TABLET","ORAL","M012","Strive Pharmaceuticals Inc","70692-148","Diphenhydramine hydrochloride 25mg","DIPHENHYDRAMINE HYDROCHLORIDE","HUMAN OTC DRUG","06/01/2021","N/A","OTC MONOGRAPH DRUG","600 TABLET in 1 BOTTLE (70692-148-62)","Histamine H1 Receptor Antagonists [MoA],  Histamine-1 Receptor Antagonist [EPC]","N/A","No","12/31/2026"
"Sleep Aid","55910-894-16","50 mg/1","CAPSULE","ORAL","M010","Dolgencorp, Inc. (DOLLAR GENERAL & REXALL)","55910-894","Diphenhydramine HCl","DIPHENHYDRAMINE HYDROCHLORIDE","HUMAN OTC DRUG","03/18/2021","N/A","OTC MONOGRAPH DRUG","16 BLISTER PACK in 1 CARTON (55910-894-16)  / 1 CAPSULE in 1 BLISTER PACK","Histamine H1 Receptor Antagonists [MoA],  Histamine-1 Receptor Antagonist [EPC]","N/A","No","12/31/2026"
"Diphenhydramine","57344-090-02","25 mg/1","TABLET, COATED","ORAL","M012","AAA Pharmaceutical, Inc.","57344-090","DIPHENHYDRAMINE HYDROCHLORIDE","DIPHENHYDRAMINE HYDROCHLORIDE","HUMAN OTC DRUG","04/13/2012","N/A","OTC MONOGRAPH DRUG","4 BLISTER PACK in 1 CARTON (57344-090-02)  / 12 TABLET, COATED in 1 BLISTER PACK","Histamine H1 Receptor Antagonists [MoA],  Histamine-1 Receptor Antagonist [EPC]","N/A","No","12/31/2026"
"Diphenhydramine","57344-090-03","25 mg/1","TABLET, COATED","ORAL","M012","AAA Pharmaceutical, Inc.","57344-090","DIPHENHYDRAMINE HYDROCHLORIDE","DIPHENHYDRAMINE HYDROCHLORIDE","HUMAN OTC DRUG","11/27/2017","N/A","OTC MONOGRAPH DRUG","1 BOTTLE, PLASTIC in 1 CARTON (57344-090-03)  / 100 TABLET, COATED in 1 BOTTLE, PLASTIC","Histamine H1 Receptor Antagonists [MoA],  Histamine-1 Receptor Antagonist [EPC]","N/A","No","12/31/2026"
"WALGREENS Dye Free Chidrens Allergy Chews","0363-2012-20","12.5 mg/1","TABLET, CHEWABLE","ORAL","M012","WALGREENS CO.","0363-2012","Diphenhydramine HCl","DIPHENHYDRAMINE HYDROCHLORIDE","HUMAN OTC DRUG","06/09/2025","N/A","OTC MONOGRAPH DRUG","2 BLISTER PACK in 1 CARTON (0363-2012-20)  / 10 TABLET, CHEWABLE in 1 BLISTER PACK","Histamine H1 Receptor Antagonists [MoA],  Histamine-1 Receptor Antagonist [EPC]","N/A","No","12/31/2026"
"Acetaminophen Diphenhydramine HCL","0363-9799-75","500 mg/1,  25 mg/1","TABLET","ORAL","M013","WALGREEN CO.","0363-9799","Acetaminophen Diphenhydramine HCL","ACETAMINOPHEN,  DIPHENHYDRAMINE HYDROCHLORIDE","HUMAN OTC DRUG","03/03/2023","N/A","OTC MONOGRAPH DRUG","75 TABLET in 1 BOTTLE (0363-9799-75)","Histamine H1 Receptor Antagonists [MoA],  Histamine-1 Receptor Antagonist [EPC]","N/A","No","12/31/2026"
"SleepAid Softgels","72090-023-02","50 mg/1","CAPSULE, LIQUID FILLED","ORAL","M010","PIONEER LIFE SCIENCES, LLC","72090-023","Diphenhydramine Hydrochloride","DIPHENHYDRAMINE HYDROCHLORIDE","HUMAN OTC DRUG","04/25/2024","N/A","OTC MONOGRAPH DRUG","96 CAPSULE, LIQUID FILLED in 1 BOTTLE (72090-023-02)","Histamine H1 Receptor Antagonists [MoA],  Histamine-1 Receptor Antagonist [EPC]","N/A","No","12/31/2026"
"DIPHENHYDRAMINE HYDROCHLORIDE","73629-007-22","25 mg/1","CAPSULE, LIQUID FILLED","ORAL","M010","AMZ789 LLC","73629-007","diphenhydramine hydrochloride capsule, liquid filled","DIPHENHYDRAMINE HYDROCHLORIDE","HUMAN OTC DRUG","10/18/2023","N/A","OTC MONOGRAPH DRUG","220 CAPSULE, LIQUID FILLED in 1 BOTTLE (73629-007-22)","Histamine H1 Receptor Antagonists [MoA],  Histamine-1 Receptor Antagonist [EPC]","N/A","No","12/31/2027"
"DIPHENHYDRAMINE","42571-169-55","50 mg/mL","INJECTION, SOLUTION","INTRAMUSCULAR,  INTRAVENOUS","ANDA205723","Micro Labs Limited","42571-169","Diphenhydramine Hydrochloride","DIPHENHYDRAMINE HYDROCHLORIDE","HUMAN PRESCRIPTION DRUG","12/04/2018","N/A","ANDA","10 AMPULE in 1 CARTON (42571-169-55)  / 1 mL in 1 AMPULE (42571-169-54)","Histamine H1 Receptor Antagonists [MoA],  Histamine-1 Receptor Antagonist [EPC]","N/A","No","12/31/2027"
"Diphenhydramine Hydrochloride","57344-091-03","25 mg/1","TABLET, COATED","ORAL","M010","AAA Pharmaceutical, Inc.","57344-091","DIPHENHYDRAMINE HYDROCHLORIDE","DIPHENHYDRAMINE HYDROCHLORIDE","HUMAN OTC DRUG","10/05/2018","N/A","OTC MONOGRAPH DRUG","1 BOTTLE, PLASTIC in 1 CARTON (57344-091-03)  / 100 TABLET, COATED in 1 BOTTLE, PLASTIC","Histamine H1 Receptor Antagonists [MoA],  Histamine-1 Receptor Antagonist [EPC]","N/A","No","12/31/2026"
"Quality Choice Nighttime Sleep-Aid","63868-970-24","25 mg/1","CAPSULE, LIQUID FILLED","ORAL","M010","Chain Drug Marketing Association, Inc.","63868-970","Diphenhydramine Hydrochloride","DIPHENHYDRAMINE HYDROCHLORIDE","HUMAN OTC DRUG","03/28/2023","N/A","OTC MONOGRAPH DRUG","2 BLISTER PACK in 1 CARTON (63868-970-24)  / 12 CAPSULE, LIQUID FILLED in 1 BLISTER PACK","Histamine H1 Receptor Antagonists [MoA],  Histamine-1 Receptor Antagonist [EPC]","N/A","No","12/31/2026"
"Benadryl Allergy Ultratab","67414-226-00","25 mg/1","TABLET, FILM COATED","ORAL","M012","Jones Healthcare Group - Packaging Services, Inc","67414-226","DIPHENHYDRAMINE HYDROCHLORIDE","DIPHENHYDRAMINE HYDROCHLORIDE","HUMAN OTC DRUG","01/24/2018","N/A","OTC MONOGRAPH DRUG","2500 POUCH in 1 BOX (67414-226-00)  / 2 TABLET, FILM COATED in 1 POUCH","Histamine H1 Receptor Antagonists [MoA],  Histamine-1 Receptor Antagonist [EPC]","N/A","No","12/31/2026"
"Benadryl Allergy Ultratab","67414-226-54","25 mg/1","TABLET, FILM COATED","ORAL","M012","Jones Healthcare Group - Packaging Services, Inc","67414-226","DIPHENHYDRAMINE HYDROCHLORIDE","DIPHENHYDRAMINE HYDROCHLORIDE","HUMAN OTC DRUG","01/24/2018","N/A","OTC MONOGRAPH DRUG","60 POUCH in 1 CARTON (67414-226-54)  / 2 TABLET, FILM COATED in 1 POUCH","Histamine H1 Receptor Antagonists [MoA],  Histamine-1 Receptor Antagonist [EPC]","N/A","No","12/31/2026"
"DIPHENHYDRAMINE HYDROCHLORIDE","68210-5057-1","50 mg/1","CAPSULE, LIQUID FILLED","ORAL","M010","Prodose, Inc.","68210-5057","DIPHENHYDRAMINE HYDROCHLORIDE","DIPHENHYDRAMINE HYDROCHLORIDE","HUMAN OTC DRUG","07/30/2025","N/A","OTC MONOGRAPH DRUG","2 POUCH in 1 BOX (68210-5057-1)  / 3000 CAPSULE, LIQUID FILLED in 1 POUCH","Histamine H1 Receptor Antagonists [MoA],  Histamine-1 Receptor Antagonist [EPC]","N/A","No","12/31/2026"
"Naproxen Sodium Diphenhydramine HCl","69842-328-02","220 mg/1,  25 mg/1","TABLET, FILM COATED","ORAL","ANDA213663","CVS PHARMACY, INC","69842-328","Naproxen Sodium Diphenhydramine HCl","NAPROXEN SODIUM,  DIPHENHYDRAMINE HYDROCHLORIDE","HUMAN OTC DRUG","05/14/2021","N/A","ANDA","20 TABLET, FILM COATED in 1 BOTTLE (69842-328-02)","Anti-Inflammatory Agents,  Non-Steroidal [CS],  Cyclooxygenase Inhibitors [MoA],  Histamine H1 Receptor Antagonists [MoA],  Histamine-1 Receptor Antagonist [EPC],  Nonsteroidal Anti-inflammatory Drug [EPC]","N/A","No","12/31/2026"
"SleepAid Softgels","72090-023-01","50 mg/1","CAPSULE, LIQUID FILLED","ORAL","M010","PIONEER LIFE SCIENCES, LLC","72090-023","Diphenhydramine Hydrochloride","DIPHENHYDRAMINE HYDROCHLORIDE","HUMAN OTC DRUG","04/25/2024","N/A","OTC MONOGRAPH DRUG","180 CAPSULE, LIQUID FILLED in 1 BOTTLE (72090-023-01)","Histamine H1 Receptor Antagonists [MoA],  Histamine-1 Receptor Antagonist [EPC]","N/A","No","12/31/2026"
"Extra Strength Itch Relief","79481-0598-1","20 mg/g,  1 mg/g","SPRAY","TOPICAL","M017","Meijer Distribution Inc","79481-0598","Diphenhydramine HCl and Zinc Acetate","DIPHENHYDRAMINE HYDROCHLORIDE,  ZINC ACETATE","HUMAN OTC DRUG","08/15/2023","N/A","OTC MONOGRAPH DRUG","76 g in 1 CAN (79481-0598-1)","Copper Absorption Inhibitor [EPC],  Decreased Copper Ion Absorption [PE],  Histamine H1 Receptor Antagonists [MoA],  Histamine-1 Receptor Antagonist [EPC]","N/A","No","12/31/2026"
"Goodmeds Extra Strength Pain Relief PM","82725-4124-1","500 mg/1,  25 mg/1","TABLET","ORAL","M013","Cabinet Health P.B.C.","82725-4124","ACETAMINOPHEN, DIPHENHYDRAMINE HYDROCHLORIDE","ACETAMINOPHEN,  DIPHENHYDRAMINE HYDROCHLORIDE","HUMAN OTC DRUG","11/11/2025","N/A","OTC MONOGRAPH DRUG","375 TABLET in 1 BOTTLE (82725-4124-1)","Histamine H1 Receptor Antagonists [MoA],  Histamine-1 Receptor Antagonist [EPC]","N/A","No","12/31/2027"
"Allergy Relief Childrens","83324-326-04","12.5 mg/5mL","SOLUTION","ORAL","M012","Chain Drug Marketing Association, Inc.","83324-326","Diphenhydramine HCl","DIPHENHYDRAMINE HYDROCHLORIDE","HUMAN OTC DRUG","09/12/2025","N/A","OTC MONOGRAPH DRUG","1 BOTTLE, PLASTIC in 1 CARTON (83324-326-04)  / 118 mL in 1 BOTTLE, PLASTIC","Histamine H1 Receptor Antagonists [MoA],  Histamine-1 Receptor Antagonist [EPC]","N/A","No","12/31/2026"
"signature care itch relief","21130-154-64","2 g/100g,  .1 g/100g","CREAM","TOPICAL","M017","Safeway","21130-154","Diphenhydramine Hydrochloride, Zinc Acetate","DIPHENHYDRAMINE HYDROCHLORIDE,  ZINC ACETATE","HUMAN OTC DRUG","09/01/2015","N/A","OTC MONOGRAPH DRUG","1 TUBE in 1 CARTON (21130-154-64)  / 28 g in 1 TUBE","Copper Absorption Inhibitor [EPC],  Decreased Copper Ion Absorption [PE],  Histamine H1 Receptor Antagonists [MoA],  Histamine-1 Receptor Antagonist [EPC]","N/A","No","12/31/2026"
"good sense naproxen sodium","0113-8264-06","25 mg/1,  220 mg/1","TABLET, FILM COATED","ORAL","ANDA208499","L. Perrigo Company","0113-8264","diphenhydramine hydrochloride, naproxen sodium","DIPHENHYDRAMINE HYDROCHLORIDE,  NAPROXEN SODIUM","HUMAN OTC DRUG","02/26/2026","N/A","ANDA","1 BOTTLE in 1 CARTON (0113-8264-06)  / 160 TABLET, FILM COATED in 1 BOTTLE (0113-8264-00)","Anti-Inflammatory Agents,  Non-Steroidal [CS],  Cyclooxygenase Inhibitors [MoA],  Histamine H1 Receptor Antagonists [MoA],  Histamine-1 Receptor Antagonist [EPC],  Nonsteroidal Anti-inflammatory Drug [EPC]","N/A","No","12/31/2027"
"good sense naproxen sodium","0113-8264-60","25 mg/1,  220 mg/1","TABLET, FILM COATED","ORAL","ANDA208499","L. Perrigo Company","0113-8264","diphenhydramine hydrochloride, naproxen sodium","DIPHENHYDRAMINE HYDROCHLORIDE,  NAPROXEN SODIUM","HUMAN OTC DRUG","12/28/2018","N/A","ANDA","1 BOTTLE in 1 CARTON (0113-8264-60)  / 20 TABLET, FILM COATED in 1 BOTTLE","Anti-Inflammatory Agents,  Non-Steroidal [CS],  Cyclooxygenase Inhibitors [MoA],  Histamine H1 Receptor Antagonists [MoA],  Histamine-1 Receptor Antagonist [EPC],  Nonsteroidal Anti-inflammatory Drug [EPC]","N/A","No","12/31/2027"
"good sense naproxen sodium","0113-8264-71","25 mg/1,  220 mg/1","TABLET, FILM COATED","ORAL","ANDA208499","L. Perrigo Company","0113-8264","diphenhydramine hydrochloride, naproxen sodium","DIPHENHYDRAMINE HYDROCHLORIDE,  NAPROXEN SODIUM","HUMAN OTC DRUG","03/14/2022","N/A","ANDA","1 BOTTLE in 1 CARTON (0113-8264-71)  / 50 TABLET, FILM COATED in 1 BOTTLE","Anti-Inflammatory Agents,  Non-Steroidal [CS],  Cyclooxygenase Inhibitors [MoA],  Histamine H1 Receptor Antagonists [MoA],  Histamine-1 Receptor Antagonist [EPC],  Nonsteroidal Anti-inflammatory Drug [EPC]","N/A","No","12/31/2027"
"PM Headache","51316-674-12","250 mg/1,  250 mg/1,  38 mg/1","TABLET, FILM COATED","ORAL","M013","CVS WOONSOCKET PRESCRIPTION CENTER, INCORPORATED","51316-674","Acetaminophen, Aspirin, Diphenhydramine citrate","ACETAMINOPHEN,  ASPIRIN,  DIPHENHYDRAMINE CITRATE","HUMAN OTC DRUG","09/11/2025","N/A","OTC MONOGRAPH DRUG","1 BOTTLE, PLASTIC in 1 CARTON (51316-674-12)  / 100 TABLET, FILM COATED in 1 BOTTLE, PLASTIC","Anti-Inflammatory Agents,  Non-Steroidal [CS],  Cyclooxygenase Inhibitors [MoA],  Decreased Platelet Aggregation [PE],  Decreased Prostaglandin Production [PE],  Histamine H1 Receptor Antagonists [MoA],  Histamine-1 Receptor Antagonist [EPC],  Nonsteroidal Anti-inflammatory Drug [EPC],  Platelet Aggregation Inhibitor [EPC]","N/A","No","12/31/2026"
"Allergy Relief","55301-329-12","25 mg/1","TABLET, FILM COATED","ORAL","M012","ARMY AND AIR FORCE EXCHANGE SERVICE","55301-329","Diphenhydramine HCl","DIPHENHYDRAMINE HYDROCHLORIDE","HUMAN OTC DRUG","03/02/1990","N/A","OTC MONOGRAPH DRUG","1 BOTTLE, PLASTIC in 1 CARTON (55301-329-12)  / 100 TABLET, FILM COATED in 1 BOTTLE, PLASTIC","Histamine H1 Receptor Antagonists [MoA],  Histamine-1 Receptor Antagonist [EPC]","N/A","No","12/31/2026"
"Allergy Relief","55301-329-17","25 mg/1","TABLET, FILM COATED","ORAL","M012","ARMY AND AIR FORCE EXCHANGE SERVICE","55301-329","Diphenhydramine HCl","DIPHENHYDRAMINE HYDROCHLORIDE","HUMAN OTC DRUG","03/02/1990","N/A","OTC MONOGRAPH DRUG","300 TABLET, FILM COATED in 1 BOTTLE, PLASTIC (55301-329-17)","Histamine H1 Receptor Antagonists [MoA],  Histamine-1 Receptor Antagonist [EPC]","N/A","No","12/31/2026"
"Nighttime sleep aid Maximum Strength","63941-916-16","50 mg/1","CAPSULE, LIQUID FILLED","ORAL","M010","Best Choice (Valu Merchandisers Company)","63941-916","DIPHENHYDRAMINE HYDROCHLORIDE","DIPHENHYDRAMINE HYDROCHLORIDE","HUMAN OTC DRUG","12/27/2019","N/A","OTC MONOGRAPH DRUG","16 BLISTER PACK in 1 CARTON (63941-916-16)  / 1 CAPSULE, LIQUID FILLED in 1 BLISTER PACK","Histamine H1 Receptor Antagonists [MoA],  Histamine-1 Receptor Antagonist [EPC]","N/A","No","12/31/2026"
"RIGHT REMEDIES EXTRA STRENGTH PM Pain Relief","70692-149-03","500 mg/1,  25 mg/1","TABLET, FILM COATED","ORAL","M013","Strive Pharmaceuticals Inc.","70692-149","Acetaminophen, Diphenhydramine hydrochloride","ACETAMINOPHEN,  DIPHENHYDRAMINE HYDROCHLORIDE","HUMAN OTC DRUG","11/13/2023","N/A","OTC MONOGRAPH DRUG","1 BOTTLE, PLASTIC in 1 CARTON (70692-149-03)  / 30 TABLET, FILM COATED in 1 BOTTLE, PLASTIC","Histamine H1 Receptor Antagonists [MoA],  Histamine-1 Receptor Antagonist [EPC]","N/A","No","12/31/2026"
"RIGHT REMEDIES EXTRA STRENGTH PM Pain Relief","70692-149-05","500 mg/1,  25 mg/1","TABLET, FILM COATED","ORAL","M013","Strive Pharmaceuticals Inc.","70692-149","Acetaminophen, Diphenhydramine hydrochloride","ACETAMINOPHEN,  DIPHENHYDRAMINE HYDROCHLORIDE","HUMAN OTC DRUG","11/13/2023","N/A","OTC MONOGRAPH DRUG","1 BOTTLE, PLASTIC in 1 CARTON (70692-149-05)  / 50 TABLET, FILM COATED in 1 BOTTLE, PLASTIC","Histamine H1 Receptor Antagonists [MoA],  Histamine-1 Receptor Antagonist [EPC]","N/A","No","12/31/2026"
"RIGHT REMEDIES EXTRA STRENGTH PM Pain Relief","70692-149-31","500 mg/1,  25 mg/1","TABLET, FILM COATED","ORAL","M013","Strive Pharmaceuticals Inc.","70692-149","Acetaminophen, Diphenhydramine hydrochloride","ACETAMINOPHEN,  DIPHENHYDRAMINE HYDROCHLORIDE","HUMAN OTC DRUG","11/13/2023","N/A","OTC MONOGRAPH DRUG","300 TABLET, FILM COATED in 1 BOTTLE, PLASTIC (70692-149-31)","Histamine H1 Receptor Antagonists [MoA],  Histamine-1 Receptor Antagonist [EPC]","N/A","No","12/31/2026"
"Good Sense Sleep Time","0113-0186-40","50 mg/30mL","SOLUTION","ORAL","M010","L. Perrigo Company","0113-0186","Diphenhydramine HCl","DIPHENHYDRAMINE HYDROCHLORIDE","HUMAN OTC DRUG","07/02/2013","N/A","OTC MONOGRAPH DRUG","355 mL in 1 BOTTLE (0113-0186-40)","Histamine H1 Receptor Antagonists [MoA],  Histamine-1 Receptor Antagonist [EPC]","N/A","No","12/31/2026"
"Goodmeds Allergy Relief","82725-4201-1","25 mg/1","TABLET","ORAL","M012","Cabinet Health P.B.C.","82725-4201","DIPHENHYDRAMINE HYDROCHLORIDE","DIPHENHYDRAMINE HYDROCHLORIDE","HUMAN OTC DRUG","05/10/2026","N/A","OTC MONOGRAPH DRUG","600 TABLET in 1 BOTTLE (82725-4201-1)","Histamine H1 Receptor Antagonists [MoA],  Histamine-1 Receptor Antagonist [EPC]","N/A","No","12/31/2027"
"Ibuprofen PM","36800-237-15","200 mg/1,  25 mg/1","CAPSULE, LIQUID FILLED","ORAL","ANDA090397","TOP CARE (Topco Associates LLC)","36800-237","IBUPROFEN, DIPHENHYDRAMINE HCL","IBUPROFEN,  DIPHENHYDRAMINE HYDROCHLORIDE","HUMAN OTC DRUG","10/15/2021","N/A","ANDA","1 BOTTLE, PLASTIC in 1 CARTON (36800-237-15)  / 40 CAPSULE, LIQUID FILLED in 1 BOTTLE, PLASTIC","Anti-Inflammatory Agents,  Non-Steroidal [CS],  Cyclooxygenase Inhibitors [MoA],  Histamine H1 Receptor Antagonists [MoA],  Histamine-1 Receptor Antagonist [EPC],  Nonsteroidal Anti-inflammatory Drug [EPC]","N/A","No","12/31/2026"
"Robitussin Honey Severe Cough, Flu Plus Sore Throat Nighttime","0031-8770-12","650 mg/20mL,  25 mg/20mL","SOLUTION","ORAL","M012","Haleon US Holdings LLC","0031-8770","acetaminophen and diphenhydramine hydrochloride","ACETAMINOPHEN,  DIPHENHYDRAMINE HYDROCHLORIDE","HUMAN OTC DRUG","06/15/2020","N/A","OTC MONOGRAPH DRUG","1 BOTTLE in 1 CARTON (0031-8770-12)  / 118 mL in 1 BOTTLE","Histamine H1 Receptor Antagonists [MoA],  Histamine-1 Receptor Antagonist [EPC]","N/A","No","12/31/2026"
"Robitussin Honey Severe Cough, Flu Plus Sore Throat Nighttime","0031-8770-18","650 mg/20mL,  25 mg/20mL","SOLUTION","ORAL","M012","Haleon US Holdings LLC","0031-8770","acetaminophen and diphenhydramine hydrochloride","ACETAMINOPHEN,  DIPHENHYDRAMINE HYDROCHLORIDE","HUMAN OTC DRUG","06/15/2020","N/A","OTC MONOGRAPH DRUG","1 BOTTLE in 1 CARTON (0031-8770-18)  / 237 mL in 1 BOTTLE","Histamine H1 Receptor Antagonists [MoA],  Histamine-1 Receptor Antagonist [EPC]","N/A","No","12/31/2026"
"Daytime and Nighttime Kids Multi-Symptom Cold and Flu combo pack","69676-0092-3","N/A","KIT","N/A","M012","Genexa Inc.","69676-0092","Acetaminophen, Dextromethorphan HBr, Diphenhydramine HCl","N/A","HUMAN OTC DRUG","06/25/2024","N/A","OTC MONOGRAPH DRUG","2 BOTTLE in 1 KIT (69676-0092-3)  / 1 KIT in 1 BOTTLE *  118 mL in 1 BOTTLE *  118 mL in 1 BOTTLE","N/A","N/A","No","12/31/2027"
"Medi First Extra Strength Itch Relief","47682-865-29",".001 g/g,  .2 g/g","CREAM","TOPICAL","M017","Unifirst First Aid Corporation","47682-865","Diphenhydramine, Zinc Acetate","ZINC ACETATE,  DIPHENHYDRAMINE HYDROCHLORIDE","HUMAN OTC DRUG","11/01/2025","N/A","OTC MONOGRAPH DRUG","35.4 TUBE in 1 BOX (47682-865-29)  / 35 g in 1 TUBE","Copper Absorption Inhibitor [EPC],  Decreased Copper Ion Absorption [PE],  Histamine H1 Receptor Antagonists [MoA],  Histamine-1 Receptor Antagonist [EPC]","N/A","No","12/31/2027"
"Medi First Extra Strength Itch Relief","47682-865-70",".001 g/g,  .2 g/g","CREAM","TOPICAL","M017","Unifirst First Aid Corporation","47682-865","Diphenhydramine, Zinc Acetate","ZINC ACETATE,  DIPHENHYDRAMINE HYDROCHLORIDE","HUMAN OTC DRUG","11/01/2025","N/A","OTC MONOGRAPH DRUG","4 TUBE in 1 BOX (47682-865-70)  / 35 g in 1 TUBE","Copper Absorption Inhibitor [EPC],  Decreased Copper Ion Absorption [PE],  Histamine H1 Receptor Antagonists [MoA],  Histamine-1 Receptor Antagonist [EPC]","N/A","No","12/31/2027"
"Tact Cool Jelly","49873-704-01","2 g/100g,  1 g/100g","GEL","TOPICAL","M017","Sato Pharmaceutical Co., Ltd.","49873-704","diphenhydramine hydrochloride, levomenthol","DIPHENHYDRAMINE HYDROCHLORIDE,  LEVOMENTHOL","HUMAN OTC DRUG","10/02/1997","N/A","OTC MONOGRAPH DRUG","1 TUBE in 1 CARTON (49873-704-01)  / 20 g in 1 TUBE","Histamine H1 Receptor Antagonists [MoA],  Histamine-1 Receptor Antagonist [EPC]","N/A","No","12/31/2026"
"Sleep Aid NightTime","55910-899-12","50 mg/30mL","LIQUID","ORAL","M010","Dolgencorp, Inc. (DOLLAR GENERAL & REXALL)","55910-899","Diphenhydramine HCl","DIPHENHYDRAMINE HYDROCHLORIDE","HUMAN OTC DRUG","03/31/2018","N/A","OTC MONOGRAPH DRUG","355 mL in 1 BOTTLE, PLASTIC (55910-899-12)","Histamine H1 Receptor Antagonists [MoA],  Histamine-1 Receptor Antagonist [EPC]","N/A","No","12/31/2026"
"Diphenhydramine HCL","66267-779-06","50 mg/1","CAPSULE","ORAL","M012","NuCare Pharmaceuticals, Inc.","66267-779","Diphenhydramine HCL","DIPHENHYDRAMINE HYDROCHLORIDE","HUMAN OTC DRUG","02/15/2017","N/A","OTC MONOGRAPH DRUG","6 CAPSULE in 1 BOTTLE (66267-779-06)","Histamine H1 Receptor Antagonists [MoA],  Histamine-1 Receptor Antagonist [EPC]","N/A","No","12/31/2026"
"Allergy, Circle K","66715-5154-8","25 mg/1","TABLET, COATED","ORAL","M012","Lil' Drug Store Products, Inc.","66715-5154","Diphenhydramine HCl 25mg tablet","DIPHENHYDRAMINE HYDROCHLORIDE","HUMAN OTC DRUG","07/12/2021","N/A","OTC MONOGRAPH DRUG","3 BLISTER PACK in 1 CARTON (66715-5154-8)  / 12 TABLET, COATED in 1 BLISTER PACK","Histamine H1 Receptor Antagonists [MoA],  Histamine-1 Receptor Antagonist [EPC]","N/A","No","12/31/2026"
"Nighttime Sleep Aid","70692-151-46","25 mg/1","TABLET, COATED","ORAL","M010","Strive Pharmaceuticals Inc.","70692-151","Diphenhydramine Hydrochloride","DIPHENHYDRAMINE HYDROCHLORIDE","HUMAN OTC DRUG","04/06/2023","N/A","OTC MONOGRAPH DRUG","1 BOTTLE in 1 CARTON (70692-151-46)  / 72 TABLET, COATED in 1 BOTTLE","Histamine H1 Receptor Antagonists [MoA],  Histamine-1 Receptor Antagonist [EPC]","N/A","No","12/31/2026"
"SLEEP AID","76162-911-12","25 mg/1","CAPSULE, LIQUID FILLED","ORAL","M010","Company name: Topco Associates, LLC","76162-911","DIPHENHYDRAMINE HYDROCHLORIDE","DIPHENHYDRAMINE HYDROCHLORIDE","HUMAN OTC DRUG","09/26/2024","N/A","OTC MONOGRAPH DRUG","1 BLISTER PACK in 1 CARTON (76162-911-12)  / 12 CAPSULE, LIQUID FILLED in 1 BLISTER PACK","Histamine H1 Receptor Antagonists [MoA],  Histamine-1 Receptor Antagonist [EPC]","N/A","No","12/31/2026"
"SLEEP AID","76162-911-24","25 mg/1","CAPSULE, LIQUID FILLED","ORAL","M010","Company name: Topco Associates, LLC","76162-911","DIPHENHYDRAMINE HYDROCHLORIDE","DIPHENHYDRAMINE HYDROCHLORIDE","HUMAN OTC DRUG","09/26/2024","N/A","OTC MONOGRAPH DRUG","2 BLISTER PACK in 1 CARTON (76162-911-24)  / 12 CAPSULE, LIQUID FILLED in 1 BLISTER PACK","Histamine H1 Receptor Antagonists [MoA],  Histamine-1 Receptor Antagonist [EPC]","N/A","No","12/31/2026"
"SLEEP AID","76162-911-48","25 mg/1","CAPSULE, LIQUID FILLED","ORAL","M010","Company name: Topco Associates, LLC","76162-911","DIPHENHYDRAMINE HYDROCHLORIDE","DIPHENHYDRAMINE HYDROCHLORIDE","HUMAN OTC DRUG","09/26/2024","N/A","OTC MONOGRAPH DRUG","4 BLISTER PACK in 1 CARTON (76162-911-48)  / 12 CAPSULE, LIQUID FILLED in 1 BLISTER PACK","Histamine H1 Receptor Antagonists [MoA],  Histamine-1 Receptor Antagonist [EPC]","N/A","No","12/31/2026"
"Theraflu ExpressMax Nighttime Severe Cold and Cough","0067-8137-10","325 mg/1,  12.5 mg/1,  5 mg/1","TABLET, FILM COATED","ORAL","M012","Haleon US Holdings LLC","0067-8137","acetaminophen, diphenhydramine HCl, phenylephrine HCl","ACETAMINOPHEN,  DIPHENHYDRAMINE HYDROCHLORIDE,  PHENYLEPHRINE HYDROCHLORIDE","HUMAN OTC DRUG","06/08/2017","N/A","OTC MONOGRAPH DRUG","1 BLISTER PACK in 1 CARTON (0067-8137-10)  / 10 TABLET, FILM COATED in 1 BLISTER PACK","Adrenergic alpha1-Agonists [MoA],  Histamine H1 Receptor Antagonists [MoA],  Histamine-1 Receptor Antagonist [EPC],  alpha-1 Adrenergic Agonist [EPC]","N/A","No","12/31/2026"
"Theraflu ExpressMax Nighttime Severe Cold and Cough","0067-8137-20","325 mg/1,  12.5 mg/1,  5 mg/1","TABLET, FILM COATED","ORAL","M012","Haleon US Holdings LLC","0067-8137","acetaminophen, diphenhydramine HCl, phenylephrine HCl","ACETAMINOPHEN,  DIPHENHYDRAMINE HYDROCHLORIDE,  PHENYLEPHRINE HYDROCHLORIDE","HUMAN OTC DRUG","07/05/2016","N/A","OTC MONOGRAPH DRUG","2 BLISTER PACK in 1 CARTON (0067-8137-20)  / 10 TABLET, FILM COATED in 1 BLISTER PACK","Adrenergic alpha1-Agonists [MoA],  Histamine H1 Receptor Antagonists [MoA],  Histamine-1 Receptor Antagonist [EPC],  alpha-1 Adrenergic Agonist [EPC]","N/A","No","12/31/2026"
"Diphenhydramine HCl","0904-7559-72","25 mg/10mL","SOLUTION","ORAL","M012","Major Pharmaceuticals","0904-7559","diphenhydramine hydrochloride","DIPHENHYDRAMINE HYDROCHLORIDE","HUMAN OTC DRUG","08/01/2025","N/A","OTC MONOGRAPH DRUG","10 TRAY in 1 CASE (0904-7559-72)  / 10 CUP, UNIT-DOSE in 1 TRAY / 10 mL in 1 CUP, UNIT-DOSE (0904-7559-66)","Histamine H1 Receptor Antagonists [MoA],  Histamine-1 Receptor Antagonist [EPC]","N/A","No","12/31/2026"
"Diphenhydramine Hydrochloride","17714-135-01","25 mg/1","TABLET","ORAL","part341","Advance Pharmaceutical Inc.","17714-135","Diphenhydramine Hydrochloride","DIPHENHYDRAMINE HYDROCHLORIDE","HUMAN OTC DRUG","09/26/2006","N/A","OTC MONOGRAPH FINAL","100 TABLET in 1 BOTTLE (17714-135-01)","Histamine H1 Receptor Antagonists [MoA],  Histamine-1 Receptor Antagonist [EPC]","N/A","No","12/31/2026"
"allergy relief Childrens","41163-585-44","12.5 mg/1","TABLET, CHEWABLE","ORAL","M012","United Natural Foods, Inc. dba UNFI","41163-585","Diphenhydramine HCl","DIPHENHYDRAMINE HYDROCHLORIDE","HUMAN OTC DRUG","03/20/2009","04/30/2027","OTC MONOGRAPH DRUG","3 BLISTER PACK in 1 CARTON (41163-585-44)  / 6 TABLET, CHEWABLE in 1 BLISTER PACK","Histamine H1 Receptor Antagonists [MoA],  Histamine-1 Receptor Antagonist [EPC]","N/A","No","N/A"
"Diphenhydramine HCl","60687-829-86","12.5 mg/5mL","SOLUTION","ORAL","M012","American Health Packaging","60687-829","Diphenhydramine Hydrochloride","DIPHENHYDRAMINE HYDROCHLORIDE","HUMAN OTC DRUG","08/04/2024","N/A","OTC MONOGRAPH DRUG","10 TRAY in 1 CASE (60687-829-86)  / 10 CUP, UNIT-DOSE in 1 TRAY (60687-829-46)  / 5 mL in 1 CUP, UNIT-DOSE (60687-829-40)","Histamine H1 Receptor Antagonists [MoA],  Histamine-1 Receptor Antagonist [EPC]","N/A","No","12/31/2026"
"Diphenhydramine Hydrochloride","0641-0376-25","50 mg/mL","INJECTION","INTRAMUSCULAR,  INTRAVENOUS","ANDA080817","Hikma Pharmaceuticals USA Inc.","0641-0376","diphenhydramine hydrochloride","DIPHENHYDRAMINE HYDROCHLORIDE","HUMAN PRESCRIPTION DRUG","11/27/1972","N/A","ANDA","25 VIAL in 1 PACKAGE (0641-0376-25)  / 1 mL in 1 VIAL (0641-0376-21)","Histamine H1 Receptor Antagonists [MoA],  Histamine-1 Receptor Antagonist [EPC]","N/A","No","12/31/2026"
"Allergy Relief","72090-029-01","25 mg/1","TABLET","ORAL","M012","Pioneer Life Sciences, LLC","72090-029","Diphenhydramine HCl 25 mg","DIPHENHYDRAMINE HYDROCHLORIDE","HUMAN OTC DRUG","05/13/2024","N/A","OTC MONOGRAPH DRUG","1000 TABLET in 1 BOTTLE (72090-029-01)","Histamine H1 Receptor Antagonists [MoA],  Histamine-1 Receptor Antagonist [EPC]","N/A","No","12/31/2026"
"Allergy Relief","46122-685-26","50 mg/20mL","SOLUTION","ORAL","M012","Amerisource Bergen","46122-685","Diphenhydramine HCl","DIPHENHYDRAMINE HYDROCHLORIDE","HUMAN OTC DRUG","01/26/2021","N/A","OTC MONOGRAPH DRUG","1 BOTTLE, PLASTIC in 1 CARTON (46122-685-26)  / 118 mL in 1 BOTTLE, PLASTIC","Histamine H1 Receptor Antagonists [MoA],  Histamine-1 Receptor Antagonist [EPC]","N/A","No","12/31/2027"
"TACT","49873-705-01","2 g/100g,  1 g/100g","CREAM","TOPICAL","M017","Sato Pharmaceutical Inc., Ltd.","49873-705","diphenhydramine hydrochloride, menthol","DIPHENHYDRAMINE HYDROCHLORIDE,  LEVOMENTHOL","HUMAN OTC DRUG","09/09/1997","N/A","OTC MONOGRAPH DRUG","1 TUBE in 1 CARTON (49873-705-01)  / 20 g in 1 TUBE","Histamine H1 Receptor Antagonists [MoA],  Histamine-1 Receptor Antagonist [EPC]","N/A","No","12/31/2026"
"Pain Relief PM Extra Strength","50804-825-02","500 mg/1,  25 mg/1","TABLET, COATED","ORAL","M013","GoodSense","50804-825","Acetaminophen and Diphenhydramine Hydrochloride","ACETAMINOPHEN,  DIPHENHYDRAMINE HYDROCHLORIDE","HUMAN OTC DRUG","08/01/2017","N/A","OTC MONOGRAPH DRUG","1 BOTTLE, PLASTIC in 1 CARTON (50804-825-02)  / 20 TABLET, COATED in 1 BOTTLE, PLASTIC","Histamine H1 Receptor Antagonists [MoA],  Histamine-1 Receptor Antagonist [EPC]","N/A","No","12/31/2026"
"Allergy Relief","55910-329-12","25 mg/1","TABLET, FILM COATED","ORAL","M012","DOLGENCORP, LLC","55910-329","Diphenhydramine HCl","DIPHENHYDRAMINE HYDROCHLORIDE","HUMAN OTC DRUG","06/27/2023","N/A","OTC MONOGRAPH DRUG","1 BOTTLE, PLASTIC in 1 CARTON (55910-329-12)  / 100 TABLET, FILM COATED in 1 BOTTLE, PLASTIC","Histamine H1 Receptor Antagonists [MoA],  Histamine-1 Receptor Antagonist [EPC]","N/A","No","12/31/2027"
"Allergy Relief","55910-329-51","25 mg/1","TABLET, FILM COATED","ORAL","M012","DOLGENCORP, LLC","55910-329","Diphenhydramine HCl","DIPHENHYDRAMINE HYDROCHLORIDE","HUMAN OTC DRUG","03/02/1990","N/A","OTC MONOGRAPH DRUG","365 TABLET, FILM COATED in 1 BOTTLE, PLASTIC (55910-329-51)","Histamine H1 Receptor Antagonists [MoA],  Histamine-1 Receptor Antagonist [EPC]","N/A","No","12/31/2027"
"Diphenhydramine HCl","60687-830-08","25 mg/10mL","SOLUTION","ORAL","M012","American Health Packaging","60687-830","Diphenhydramine Hydrochloride","DIPHENHYDRAMINE HYDROCHLORIDE","HUMAN OTC DRUG","08/04/2024","N/A","OTC MONOGRAPH DRUG","3 TRAY in 1 CASE (60687-830-08)  / 10 CUP, UNIT-DOSE in 1 TRAY (60687-830-48)  / 10 mL in 1 CUP, UNIT-DOSE (60687-830-42)","Histamine H1 Receptor Antagonists [MoA],  Histamine-1 Receptor Antagonist [EPC]","N/A","No","12/31/2026"
"Diphenhydramine HCl","60687-830-56","25 mg/10mL","SOLUTION","ORAL","M012","American Health Packaging","60687-830","Diphenhydramine Hydrochloride","DIPHENHYDRAMINE HYDROCHLORIDE","HUMAN OTC DRUG","08/04/2024","N/A","OTC MONOGRAPH DRUG","10 TRAY in 1 CASE (60687-830-56)  / 10 CUP, UNIT-DOSE in 1 TRAY (60687-830-48)  / 10 mL in 1 CUP, UNIT-DOSE (60687-830-42)","Histamine H1 Receptor Antagonists [MoA],  Histamine-1 Receptor Antagonist [EPC]","N/A","No","12/31/2026"
"Tylenol PM Extra Strength","67414-608-00","500 mg/1,  25 mg/1","TABLET, FILM COATED","ORAL","M013","Jones Healthcare Group - Packaging Services, Inc","67414-608","ACETAMINOPHEN, DIPHENHYDRAMINE HYDROCHLORIDE","ACETAMINOPHEN,  DIPHENHYDRAMINE HYDROCHLORIDE","HUMAN OTC DRUG","01/25/2018","N/A","OTC MONOGRAPH DRUG","2500 POUCH in 1 BOX (67414-608-00)  / 2 TABLET, FILM COATED in 1 POUCH","Histamine H1 Receptor Antagonists [MoA],  Histamine-1 Receptor Antagonist [EPC]","N/A","No","12/31/2026"
"Tylenol PM Extra Strength","67414-608-06","500 mg/1,  25 mg/1","TABLET, FILM COATED","ORAL","M013","Jones Healthcare Group - Packaging Services, Inc","67414-608","ACETAMINOPHEN, DIPHENHYDRAMINE HYDROCHLORIDE","ACETAMINOPHEN,  DIPHENHYDRAMINE HYDROCHLORIDE","HUMAN OTC DRUG","01/25/2018","N/A","OTC MONOGRAPH DRUG","50 POUCH in 1 TRAY (67414-608-06)  / 2 TABLET, FILM COATED in 1 POUCH","Histamine H1 Receptor Antagonists [MoA],  Histamine-1 Receptor Antagonist [EPC]","N/A","No","12/31/2026"
"Itch Relief Gel","0363-0353-04","2 mg/100mL","GEL","TOPICAL","M017","Walgreens","0363-0353","Diphenhydramine HCl","DIPHENHYDRAMINE HYDROCHLORIDE","HUMAN OTC DRUG","05/30/2018","N/A","OTC MONOGRAPH DRUG","103.5 mL in 1 TUBE (0363-0353-04)","Histamine H1 Receptor Antagonists [MoA],  Histamine-1 Receptor Antagonist [EPC]","N/A","No","12/31/2027"
"Allergy Relief Plus Congestion","0363-4851-08","25 mg/1,  10 mg/1","TABLET, FILM COATED","ORAL","M012","Walgreen Company","0363-4851","Diphenhydramine HCl, Phenylephrine HCl","DIPHENHYDRAMINE HYDROCHLORIDE,  PHENYLEPHRINE HYDROCHLORIDE","HUMAN OTC DRUG","11/01/2021","N/A","OTC MONOGRAPH DRUG","2 BLISTER PACK in 1 CARTON (0363-4851-08)  / 12 TABLET, FILM COATED in 1 BLISTER PACK","Adrenergic alpha1-Agonists [MoA],  Histamine H1 Receptor Antagonists [MoA],  Histamine-1 Receptor Antagonist [EPC],  alpha-1 Adrenergic Agonist [EPC]","N/A","No","12/31/2027"
"Allergy Relief","71679-106-01","25 mg/1","TABLET","ORAL","M012","Health Pharma USA LLC","71679-106","Diphenhydramine Hydrochloride","DIPHENHYDRAMINE HYDROCHLORIDE","HUMAN OTC DRUG","06/24/2025","N/A","OTC MONOGRAPH DRUG","100 TABLET in 1 BOTTLE (71679-106-01)","Histamine H1 Receptor Antagonists [MoA],  Histamine-1 Receptor Antagonist [EPC]","N/A","No","12/31/2027"
"Allergy Relief","71679-106-03","25 mg/1","TABLET","ORAL","M012","Health Pharma USA LLC","71679-106","Diphenhydramine Hydrochloride","DIPHENHYDRAMINE HYDROCHLORIDE","HUMAN OTC DRUG","06/24/2025","N/A","OTC MONOGRAPH DRUG","300 TABLET in 1 BOTTLE (71679-106-03)","Histamine H1 Receptor Antagonists [MoA],  Histamine-1 Receptor Antagonist [EPC]","N/A","No","12/31/2027"
"Allergy Relief","71679-106-06","25 mg/1","TABLET","ORAL","M012","Health Pharma USA LLC","71679-106","Diphenhydramine Hydrochloride","DIPHENHYDRAMINE HYDROCHLORIDE","HUMAN OTC DRUG","06/24/2025","N/A","OTC MONOGRAPH DRUG","600 TABLET in 1 BOTTLE (71679-106-06)","Histamine H1 Receptor Antagonists [MoA],  Histamine-1 Receptor Antagonist [EPC]","N/A","No","12/31/2027"
"Allergy Relief","71679-106-10","25 mg/1","TABLET","ORAL","M012","Health Pharma USA LLC","71679-106","Diphenhydramine Hydrochloride","DIPHENHYDRAMINE HYDROCHLORIDE","HUMAN OTC DRUG","06/24/2025","N/A","OTC MONOGRAPH DRUG","1000 TABLET in 1 BOTTLE (71679-106-10)","Histamine H1 Receptor Antagonists [MoA],  Histamine-1 Receptor Antagonist [EPC]","N/A","No","12/31/2027"
"Dye Free Allergy Relief","76162-914-24","25 mg/1","CAPSULE, LIQUID FILLED","ORAL","505G(a)(3)","Topco Associates, LLC","76162-914","Diphenhydramine HCl","DIPHENHYDRAMINE HCL","HUMAN OTC DRUG","04/07/2025","N/A","OTC MONOGRAPH DRUG","2 BLISTER PACK in 1 CARTON (76162-914-24)  / 12 CAPSULE, LIQUID FILLED in 1 BLISTER PACK","Histamine H1 Receptor Antagonists [MoA],  Histamine-1 Receptor Antagonist [EPC]","N/A","No","12/31/2026"
"equaline naproxen sodium pm","41163-593-71","25 mg/1,  220 mg/1","TABLET, FILM COATED","ORAL","ANDA208499","United Natural Foods, Inc. dba UNFI","41163-593","diphenhydramine hydrochloride, naproxen sodium","DIPHENHYDRAMINE HYDROCHLORIDE,  NAPROXEN SODIUM","HUMAN OTC DRUG","03/25/2022","N/A","ANDA","1 BOTTLE in 1 CARTON (41163-593-71)  / 50 TABLET, FILM COATED in 1 BOTTLE","Anti-Inflammatory Agents,  Non-Steroidal [CS],  Cyclooxygenase Inhibitors [MoA],  Histamine H1 Receptor Antagonists [MoA],  Histamine-1 Receptor Antagonist [EPC],  Nonsteroidal Anti-inflammatory Drug [EPC]","N/A","No","12/31/2026"
"Allergy Relief mini Softgels","51316-687-36","25 mg/1","CAPSULE, LIQUID FILLED","ORAL","M012","CVS WOONSOCKET PRESCRIPTION CENTER, INCORPORATED","51316-687","Diphenhydramine HCI 25 mg","DIPHENHYDRAMINE HYDROCHLORIDE","HUMAN OTC DRUG","05/12/2026","N/A","OTC MONOGRAPH DRUG","365 CAPSULE, LIQUID FILLED in 1 BOTTLE (51316-687-36)","Histamine H1 Receptor Antagonists [MoA],  Histamine-1 Receptor Antagonist [EPC]","N/A","No","12/31/2027"
"Nighttime Sleep Aid","71679-110-03","25 mg/1","TABLET, COATED","ORAL","M010","Health Pharma USA LLC","71679-110","Diphenhydramine HCl 25 mg","DIPHENHYDRAMINE HYDROCHLORIDE","HUMAN OTC DRUG","06/18/2025","N/A","OTC MONOGRAPH DRUG","300 TABLET, COATED in 1 BOTTLE (71679-110-03)","Histamine H1 Receptor Antagonists [MoA],  Histamine-1 Receptor Antagonist [EPC]","N/A","No","12/31/2027"
"Nighttime Sleep Aid","71679-110-06","25 mg/1","TABLET, COATED","ORAL","M010","Health Pharma USA LLC","71679-110","Diphenhydramine HCl 25 mg","DIPHENHYDRAMINE HYDROCHLORIDE","HUMAN OTC DRUG","06/18/2025","N/A","OTC MONOGRAPH DRUG","600 TABLET, COATED in 1 BOTTLE (71679-110-06)","Histamine H1 Receptor Antagonists [MoA],  Histamine-1 Receptor Antagonist [EPC]","N/A","No","12/31/2027"
"Nighttime Sleep Aid","71679-110-10","25 mg/1","TABLET, COATED","ORAL","M010","Health Pharma USA LLC","71679-110","Diphenhydramine HCl 25 mg","DIPHENHYDRAMINE HYDROCHLORIDE","HUMAN OTC DRUG","06/18/2025","N/A","OTC MONOGRAPH DRUG","1000 TABLET, COATED in 1 BOTTLE (71679-110-10)","Histamine H1 Receptor Antagonists [MoA],  Histamine-1 Receptor Antagonist [EPC]","N/A","No","12/31/2027"
"QUALITY CHOICE NIGHTTIME SLEEP AID","83324-336-06","50 mg/30mL","LIQUID","ORAL","M010","QUALITY CHOICE (CHAIN DRUG MARKETING ASSOCIATION)","83324-336","DIPHENHYDRAMINE HYDROCHLORIDE","DIPHENHYDRAMINE HYDROCHLORIDE","HUMAN OTC DRUG","08/04/2025","N/A","OTC MONOGRAPH DRUG","177 mL in 1 BOTTLE, PLASTIC (83324-336-06)","Histamine H1 Receptor Antagonists [MoA],  Histamine-1 Receptor Antagonist [EPC]","N/A","No","12/31/2026"
"Diphenhydramine HCl","68071-3877-3","25 mg/1","CAPSULE","ORAL","M012","NuCare Pharmaceuticals,Inc.","68071-3877","Diphenhydramine HCl","DIPHENHYDRAMINE HYDROCHLORIDE","HUMAN OTC DRUG","08/12/2025","N/A","OTC MONOGRAPH DRUG","30 CAPSULE in 1 BOTTLE (68071-3877-3)","Histamine H1 Receptor Antagonists [MoA],  Histamine-1 Receptor Antagonist [EPC]","N/A","No","12/31/2027"
"Diphenhydramine HCl","68071-3877-5","25 mg/1","CAPSULE","ORAL","M012","NuCare Pharmaceuticals,Inc.","68071-3877","Diphenhydramine HCl","DIPHENHYDRAMINE HYDROCHLORIDE","HUMAN OTC DRUG","01/05/2026","N/A","OTC MONOGRAPH DRUG","15 CAPSULE in 1 BOTTLE (68071-3877-5)","Histamine H1 Receptor Antagonists [MoA],  Histamine-1 Receptor Antagonist [EPC]","N/A","No","12/31/2027"
"Diphenhydramine HCl","68071-3877-6","25 mg/1","CAPSULE","ORAL","M012","NuCare Pharmaceuticals,Inc.","68071-3877","Diphenhydramine HCl","DIPHENHYDRAMINE HYDROCHLORIDE","HUMAN OTC DRUG","08/14/2025","N/A","OTC MONOGRAPH DRUG","60 CAPSULE in 1 BOTTLE (68071-3877-6)","Histamine H1 Receptor Antagonists [MoA],  Histamine-1 Receptor Antagonist [EPC]","N/A","No","12/31/2027"
"Allergy Relief","72090-029-60","25 mg/1","TABLET","ORAL","M012","Pioneer Life Sciences, LLC","72090-029","Diphenhydramine HCl 25 mg","DIPHENHYDRAMINE HYDROCHLORIDE","HUMAN OTC DRUG","10/25/2023","N/A","OTC MONOGRAPH DRUG","600 TABLET in 1 BOTTLE (72090-029-60)","Histamine H1 Receptor Antagonists [MoA],  Histamine-1 Receptor Antagonist [EPC]","N/A","No","12/31/2026"
"Nighttime Sleep Aid","85828-793-01","50 mg/30mL","LIQUID","ORAL","M010","Grocery Outlet, Inc.","85828-793","Diphenhydramine Hydrochloride","DIPHENHYDRAMINE HYDROCHLORIDE","HUMAN OTC DRUG","03/12/2026","N/A","OTC MONOGRAPH DRUG","354 mL in 1 BOTTLE (85828-793-01)","Histamine H1 Receptor Antagonists [MoA],  Histamine-1 Receptor Antagonist [EPC]","N/A","No","12/31/2027"
"Nighttime Sleep Aid","50804-860-32","50 mg/1","CAPSULE","ORAL","M010","Good Sense (Geiss, Destin & Dunn, Inc.)","50804-860","Diphenhydramine HCl","DIPHENHYDRAMINE HYDROCHLORIDE","HUMAN OTC DRUG","04/30/2021","12/30/2026","OTC MONOGRAPH DRUG","1 BOTTLE, PLASTIC in 1 BOX (50804-860-32)  / 32 CAPSULE in 1 BOTTLE, PLASTIC","Histamine H1 Receptor Antagonists [MoA],  Histamine-1 Receptor Antagonist [EPC]","N/A","No","N/A"
"Nighttime Severe Cold and Cough","68163-541-06","650 mg/1,  25 mg/1,  10 mg/1","POWDER, FOR SOLUTION","ORAL","M012","RARITAN PHARMACEUTICALS INC","68163-541","ACETAMINOPHEN, DIPHENHYDRAMINE, PHENYLEPHRINE","ACETAMINOPHEN,  DIPHENHYDRAMINE HYDROCHLORIDE,  PHENYLEPHRINE HYDROCHLORIDE","HUMAN OTC DRUG","03/22/2019","N/A","OTC MONOGRAPH DRUG","6 PACKET in 1 CARTON (68163-541-06)  / 1 POWDER, FOR SOLUTION in 1 PACKET","Adrenergic alpha1-Agonists [MoA],  Histamine H1 Receptor Antagonists [MoA],  Histamine-1 Receptor Antagonist [EPC],  alpha-1 Adrenergic Agonist [EPC]","N/A","No","12/31/2026"
"Geri-Dryl allergy relief","68788-8104-0","25 mg/1","TABLET, COATED","ORAL","MO12","Preferred Pharmaceuticals Inc.","68788-8104","Diphenhydramine HCl","DIPHENHYDRAMINE HYDROCHLORIDE","HUMAN OTC DRUG","10/21/2021","N/A","OTC MONOGRAPH DRUG","10 TABLET, COATED in 1 BOTTLE (68788-8104-0)","Histamine H1 Receptor Antagonists [MoA],  Histamine-1 Receptor Antagonist [EPC]","N/A","No","12/31/2027"
"Geri-Dryl allergy relief","68788-8104-1","25 mg/1","TABLET, COATED","ORAL","MO12","Preferred Pharmaceuticals Inc.","68788-8104","Diphenhydramine HCl","DIPHENHYDRAMINE HYDROCHLORIDE","HUMAN OTC DRUG","10/21/2021","N/A","OTC MONOGRAPH DRUG","15 TABLET, COATED in 1 BOTTLE (68788-8104-1)","Histamine H1 Receptor Antagonists [MoA],  Histamine-1 Receptor Antagonist [EPC]","N/A","No","12/31/2027"
"Geri-Dryl allergy relief","68788-8104-3","25 mg/1","TABLET, COATED","ORAL","MO12","Preferred Pharmaceuticals Inc.","68788-8104","Diphenhydramine HCl","DIPHENHYDRAMINE HYDROCHLORIDE","HUMAN OTC DRUG","10/21/2021","N/A","OTC MONOGRAPH DRUG","304 TABLET, COATED in 1 BOTTLE (68788-8104-3)","Histamine H1 Receptor Antagonists [MoA],  Histamine-1 Receptor Antagonist [EPC]","N/A","No","12/31/2027"
"NIGHT TIME SLEEP-AID","80513-383-22","25 mg/1","TABLET","ORAL","M010","Advanced Rx LLC","80513-383","Diphenhydramine HCl","DIPHENHYDRAMINE HYDROCHLORIDE","HUMAN OTC DRUG","08/01/2024","12/31/2027","OTC MONOGRAPH DRUG","220 TABLET in 1 BOTTLE (80513-383-22)","Histamine H1 Receptor Antagonists [MoA],  Histamine-1 Receptor Antagonist [EPC]","N/A","No","N/A"
"QUALITY CHOICE Childrens Allergy Relief DYE FREE","83324-339-04","12.5 mg/5mL","SOLUTION","ORAL","M012","QUALITY CHOICE (CHAIN DRUG MARKETING ASSOCIATION)","83324-339","Diphenhydramine hydrochloride","DIPHENHYDRAMINE HYDROCHLORIDE","HUMAN OTC DRUG","08/01/2025","N/A","OTC MONOGRAPH DRUG","1 BOTTLE, PLASTIC in 1 CARTON (83324-339-04)  / 118 mL in 1 BOTTLE, PLASTIC","Histamine H1 Receptor Antagonists [MoA],  Histamine-1 Receptor Antagonist [EPC]","N/A","No","12/31/2026"
"Nighttime Sleep-Aid","11822-8002-1","50 mg/30mL","SOLUTION","ORAL","M010","Rite Aid Corporation","11822-8002","Diphenhydramine HCl","DIPHENHYDRAMINE HYDROCHLORIDE","HUMAN OTC DRUG","05/19/2023","N/A","OTC MONOGRAPH DRUG","177 mL in 1 BOTTLE, PLASTIC (11822-8002-1)","Histamine H1 Receptor Antagonists [MoA],  Histamine-1 Receptor Antagonist [EPC]","N/A","No","12/31/2026"
"Nighttime Sleep-Aid","11822-8002-2","50 mg/30mL","SOLUTION","ORAL","M010","Rite Aid Corporation","11822-8002","Diphenhydramine HCl","DIPHENHYDRAMINE HYDROCHLORIDE","HUMAN OTC DRUG","05/19/2023","N/A","OTC MONOGRAPH DRUG","355 mL in 1 BOTTLE, PLASTIC (11822-8002-2)","Histamine H1 Receptor Antagonists [MoA],  Histamine-1 Receptor Antagonist [EPC]","N/A","No","12/31/2026"
"Nighttime Sleep-Aid","11822-8002-9","50 mg/30mL","SOLUTION","ORAL","M010","Rite Aid Corporation","11822-8002","Diphenhydramine HCl","DIPHENHYDRAMINE HYDROCHLORIDE","HUMAN OTC DRUG","05/19/2023","N/A","OTC MONOGRAPH DRUG","2 BOTTLE, PLASTIC in 1 PACKAGE (11822-8002-9)  / 355 mL in 1 BOTTLE, PLASTIC","Histamine H1 Receptor Antagonists [MoA],  Histamine-1 Receptor Antagonist [EPC]","N/A","No","12/31/2026"
"Vicks DayQuil NyQuil HOT REMEDY RAPID RELIEF MULTI-SYMPTOM Cold and Flu plus Congestion","58933-542-16","N/A","KIT","ORAL","M012","Procter & Gamble Manufactura S de RL de CV","58933-542","Acetaminophen, Dextromethorphan HBr, Diphenhydramine HCl, Phenylephrine HCl","N/A","HUMAN OTC DRUG","07/20/2022","06/30/2027","OTC MONOGRAPH DRUG","1 KIT in 1 PACKAGE (58933-542-16)  *  5 g in 1 PACKET (58933-551-01)  *  5 g in 1 PACKET (58933-550-01)","N/A","N/A","No","N/A"
"NIGHTTIME SLEEP AID","0363-1174-24","25 mg/1","CAPSULE, LIQUID FILLED","ORAL","M010","WALGREEN COMPANY","0363-1174","DIPHENHYDRAMINE HYDROCHLORIDE","DIPHENHYDRAMINE HYDROCHLORIDE","HUMAN OTC DRUG","10/21/2023","N/A","OTC MONOGRAPH DRUG","2 BLISTER PACK in 1 CARTON (0363-1174-24)  / 12 CAPSULE, LIQUID FILLED in 1 BLISTER PACK","Histamine H1 Receptor Antagonists [MoA],  Histamine-1 Receptor Antagonist [EPC]","N/A","No","12/31/2026"
"NIGHTTIME SLEEP AID","0363-1174-48","25 mg/1","CAPSULE, LIQUID FILLED","ORAL","M010","WALGREEN COMPANY","0363-1174","DIPHENHYDRAMINE HYDROCHLORIDE","DIPHENHYDRAMINE HYDROCHLORIDE","HUMAN OTC DRUG","10/21/2023","N/A","OTC MONOGRAPH DRUG","4 BLISTER PACK in 1 CARTON (0363-1174-48)  / 12 CAPSULE, LIQUID FILLED in 1 BLISTER PACK","Histamine H1 Receptor Antagonists [MoA],  Histamine-1 Receptor Antagonist [EPC]","N/A","No","12/31/2026"
"Childrens Dye Free Allergy Relief","11822-0918-1","12.5 mg/5mL","SOLUTION","ORAL","M012","Rite Aid Corporation","11822-0918","Diphenhydramine HCl","DIPHENHYDRAMINE HYDROCHLORIDE","HUMAN OTC DRUG","05/01/2023","N/A","OTC MONOGRAPH DRUG","1 BOTTLE, PLASTIC in 1 CARTON (11822-0918-1)  / 118 mL in 1 BOTTLE, PLASTIC","Histamine H1 Receptor Antagonists [MoA],  Histamine-1 Receptor Antagonist [EPC]","N/A","No","12/31/2027"
"Nighttime Cold and Cough childrens","63941-984-04","6.25 mg/5mL,  2.5 mg/5mL","LIQUID","ORAL","M012","Best Choice (Valu Merchandisers Company)","63941-984","Diphenhydramine HCl, Phenylephrine HCl","DIPHENHYDRAMINE HYDROCHLORIDE,  PHENYLEPHRINE HYDROCHLORIDE","HUMAN OTC DRUG","06/10/2022","N/A","OTC MONOGRAPH DRUG","1 BOTTLE, PLASTIC in 1 BOX (63941-984-04)  / 118 mL in 1 BOTTLE, PLASTIC","Adrenergic alpha1-Agonists [MoA],  Histamine H1 Receptor Antagonists [MoA],  Histamine-1 Receptor Antagonist [EPC],  alpha-1 Adrenergic Agonist [EPC]","N/A","No","12/31/2026"
"Sleep-Aid, Circle K","66715-5503-8","25 mg/1","TABLET, FILM COATED","ORAL","M010","Lil' Drug Store Products, Inc.","66715-5503","Diphenhydramine HCl caplet, 25mg","DIPHENHYDRAMINE HYDROCHLORIDE","HUMAN OTC DRUG","12/20/2021","N/A","OTC MONOGRAPH DRUG","2 BLISTER PACK in 1 CARTON (66715-5503-8)  / 12 TABLET, FILM COATED in 1 BLISTER PACK","Histamine H1 Receptor Antagonists [MoA],  Histamine-1 Receptor Antagonist [EPC]","N/A","No","12/31/2026"
"Multi Symptom Cold and Multi Symptom Nighttime Cold Childrens","69842-820-08","N/A","KIT","N/A","M012","CVS Pharmacy","69842-820","Dextromethorphan HBr, Guaifenesin, Phenylephrine HCI, Acetaminophen, Diphenhydramine HCI, Phenylephrine HCI","N/A","HUMAN OTC DRUG","02/28/2017","N/A","OTC MONOGRAPH DRUG","1 KIT in 1 KIT (69842-820-08)  *  118 mL in 1 BOTTLE, PLASTIC (69842-607-04)  *  118 mL in 1 BOTTLE, PLASTIC (69842-606-04)","N/A","N/A","No","12/31/2026"
"RIGHT REMEDIES EXTRA STRENGTH Pain Relief PM Caplet","70692-471-31","500 mg/1,  25 mg/1","TABLET","ORAL","M013","Strive Pharmaceuticals Inc.","70692-471","Acetaminophen, Diphenhydramine hydrochloride","ACETAMINOPHEN,  DIPHENHYDRAMINE HYDROCHLORIDE","HUMAN OTC DRUG","03/17/2025","N/A","OTC MONOGRAPH DRUG","300 TABLET in 1 BOTTLE (70692-471-31)","Histamine H1 Receptor Antagonists [MoA],  Histamine-1 Receptor Antagonist [EPC]","N/A","No","12/31/2027"
"RIGHT REMEDIES EXTRA STRENGTH Pain Relief PM Caplet","70692-471-84","500 mg/1,  25 mg/1","TABLET","ORAL","M013","Strive Pharmaceuticals Inc.","70692-471","Acetaminophen, Diphenhydramine hydrochloride","ACETAMINOPHEN,  DIPHENHYDRAMINE HYDROCHLORIDE","HUMAN OTC DRUG","06/24/2026","N/A","OTC MONOGRAPH DRUG","48 TABLET in 1 BOTTLE (70692-471-84)","Histamine H1 Receptor Antagonists [MoA],  Histamine-1 Receptor Antagonist [EPC]","N/A","No","12/31/2027"
"Pain Relief PM","72090-032-01","25 mg/1,  500 mg/1","TABLET","ORAL","M013","Pioneer Life Sciences, LLC","72090-032","ACETAMINOPHEN, DIPHENHYDRAMINE","DIPHENHYDRAMINE HYDROCHLORIDE,  ACETAMINOPHEN","HUMAN OTC DRUG","08/29/2024","N/A","OTC MONOGRAPH DRUG","375 TABLET in 1 BOTTLE (72090-032-01)","Histamine H1 Receptor Antagonists [MoA],  Histamine-1 Receptor Antagonist [EPC]","N/A","No","12/31/2026"
"Diphenhydramine HCl","0904-7560-70","12.5 mg/5mL","SOLUTION","ORAL","M012","Major Pharmaceuticals","0904-7560","diphenhydramine hydrochloride","DIPHENHYDRAMINE HYDROCHLORIDE","HUMAN OTC DRUG","08/01/2025","N/A","OTC MONOGRAPH DRUG","10 TRAY in 1 CASE (0904-7560-70)  / 10 CUP, UNIT-DOSE in 1 TRAY / 5 mL in 1 CUP, UNIT-DOSE (0904-7560-41)","Histamine H1 Receptor Antagonists [MoA],  Histamine-1 Receptor Antagonist [EPC]","N/A","No","12/31/2026"
"RiteAid Nighttime Sleep Aid","11822-8791-1","1000 mg/30mL,  50 mg/30mL","LIQUID","ORAL","M010","RITE AID CORPORATION","11822-8791","Diphenhydramine Hydrochloride and Acetaminophen","ACETAMINOPHEN,  DIPHENHYDRAMINE HYDROCHLORIDE","HUMAN OTC DRUG","06/01/2021","N/A","OTC MONOGRAPH DRUG","354 mL in 1 BOTTLE (11822-8791-1)","Histamine H1 Receptor Antagonists [MoA],  Histamine-1 Receptor Antagonist [EPC]","N/A","No","12/31/2026"
"Vicks DayQuil NyQuil HOT REMEDY Cold and Flu","58933-554-06","N/A","KIT","ORAL","M012","Procter & Gamble Manufactura S de RL de CV","58933-554","Acetaminophen, Dextromethorphan HBr, Diphenhydramine HCl","N/A","HUMAN OTC DRUG","06/11/2025","N/A","OTC MONOGRAPH DRUG","1 KIT in 1 PACKAGE (58933-554-06)  *  5 g in 1 PACKET (58933-553-01)  *  5 g in 1 PACKET (58933-552-01)","N/A","N/A","No","12/31/2026"
"Vicks DayQuil NyQuil HOT REMEDY Cold and Flu","58933-554-16","N/A","KIT","ORAL","M012","Procter & Gamble Manufactura S de RL de CV","58933-554","Acetaminophen, Dextromethorphan HBr, Diphenhydramine HCl","N/A","HUMAN OTC DRUG","06/11/2025","N/A","OTC MONOGRAPH DRUG","1 KIT in 1 PACKAGE (58933-554-16)  *  5 g in 1 PACKET (58933-553-01)  *  5 g in 1 PACKET (58933-552-01)","N/A","N/A","No","12/31/2026"
"Allergy Relief","69256-292-08","12.5 mg/5mL","LIQUID","ORAL","M012","Harris Teeter, LLC","69256-292","Diphenhydramine HCl","DIPHENHYDRAMINE HYDROCHLORIDE","HUMAN OTC DRUG","12/10/2024","08/28/2026","OTC MONOGRAPH DRUG","1 BOTTLE, PLASTIC in 1 BOX (69256-292-08)  / 237 mL in 1 BOTTLE, PLASTIC","Histamine H1 Receptor Antagonists [MoA],  Histamine-1 Receptor Antagonist [EPC]","N/A","No","N/A"
"Nighttime Sleep Aid maximum strength","70000-0527-1","50 mg/1","CAPSULE, LIQUID FILLED","ORAL","M010","Cardinal Health (Leader) 70000","70000-0527","Diphenhydramine HCl","DIPHENHYDRAMINE HYDROCHLORIDE","HUMAN OTC DRUG","10/20/2019","N/A","OTC MONOGRAPH DRUG","1 BOTTLE, PLASTIC in 1 BOX (70000-0527-1)  / 32 CAPSULE, LIQUID FILLED in 1 BOTTLE, PLASTIC","Histamine H1 Receptor Antagonists [MoA],  Histamine-1 Receptor Antagonist [EPC]","N/A","No","12/31/2026"
"Allergy Relief","11673-494-01","25 mg/1","TABLET","ORAL","M012","TARGET CORPORATION","11673-494","Diphenhydramine HCl","DIPHENHYDRAMINE HYDROCHLORIDE","HUMAN OTC DRUG","10/20/2023","N/A","OTC MONOGRAPH DRUG","1 BOTTLE in 1 CARTON (11673-494-01)  / 100 TABLET in 1 BOTTLE","Histamine H1 Receptor Antagonists [MoA],  Histamine-1 Receptor Antagonist [EPC]","N/A","No","12/31/2026"
"Allergy Relief","11673-494-32","25 mg/1","TABLET","ORAL","M012","TARGET CORPORATION","11673-494","Diphenhydramine HCl","DIPHENHYDRAMINE HYDROCHLORIDE","HUMAN OTC DRUG","10/20/2023","N/A","OTC MONOGRAPH DRUG","300 TABLET in 1 BOTTLE (11673-494-32)","Histamine H1 Receptor Antagonists [MoA],  Histamine-1 Receptor Antagonist [EPC]","N/A","No","12/31/2026"
"good sense itch relief","0113-0622-64","2 g/100g,  .1 g/100g","CREAM","TOPICAL","M017","L. Perrigo Company","0113-0622","Diphenhydramine Hydrochloride, Zinc Acetate","DIPHENHYDRAMINE HYDROCHLORIDE,  ZINC ACETATE","HUMAN OTC DRUG","07/18/2006","N/A","OTC MONOGRAPH DRUG","1 TUBE in 1 CARTON (0113-0622-64)  / 28 g in 1 TUBE","Copper Absorption Inhibitor [EPC],  Decreased Copper Ion Absorption [PE],  Histamine H1 Receptor Antagonists [MoA],  Histamine-1 Receptor Antagonist [EPC]","N/A","No","12/31/2026"
"topcare all night pain relief pm","36800-264-27","25 mg/1,  220 mg/1","TABLET, FILM COATED","ORAL","ANDA208499","Topco Associates LLC","36800-264","diphenhydramine hydrochloride, naproxen sodium","DIPHENHYDRAMINE HYDROCHLORIDE,  NAPROXEN SODIUM","HUMAN OTC DRUG","08/12/2019","N/A","ANDA","1 BOTTLE in 1 CARTON (36800-264-27)  / 80 TABLET, FILM COATED in 1 BOTTLE","Anti-Inflammatory Agents,  Non-Steroidal [CS],  Cyclooxygenase Inhibitors [MoA],  Histamine H1 Receptor Antagonists [MoA],  Histamine-1 Receptor Antagonist [EPC],  Nonsteroidal Anti-inflammatory Drug [EPC]","N/A","No","12/31/2026"
"topcare all night pain relief pm","36800-264-60","25 mg/1,  220 mg/1","TABLET, FILM COATED","ORAL","ANDA208499","Topco Associates LLC","36800-264","diphenhydramine hydrochloride, naproxen sodium","DIPHENHYDRAMINE HYDROCHLORIDE,  NAPROXEN SODIUM","HUMAN OTC DRUG","08/08/2019","N/A","ANDA","1 BOTTLE in 1 CARTON (36800-264-60)  / 20 TABLET, FILM COATED in 1 BOTTLE","Anti-Inflammatory Agents,  Non-Steroidal [CS],  Cyclooxygenase Inhibitors [MoA],  Histamine H1 Receptor Antagonists [MoA],  Histamine-1 Receptor Antagonist [EPC],  Nonsteroidal Anti-inflammatory Drug [EPC]","N/A","No","12/31/2026"
"Nighttime Sleep-Aid","N/A","50 mg/1","CAPSULE, LIQUID FILLED","ORAL","M010","AMERISOURCE BERGEN","46122-695","Diphenhydramine HCl","DIPHENHYDRAMINE HYDROCHLORIDE","HUMAN OTC DRUG","07/15/2021","N/A","OTC MONOGRAPH DRUG","N/A","Histamine H1 Receptor Antagonists [MoA],  Histamine-1 Receptor Antagonist [EPC]","N/A","N/A","12/31/2027"
"Sleep Aid Nighttime","55910-916-12","50 mg/1","CAPSULE","ORAL","M010","Dolgencorp, Inc. (DOLLAR GENERAL & REXALL)","55910-916","Diphenhydramine HCl","DIPHENHYDRAMINE HYDROCHLORIDE","HUMAN OTC DRUG","12/27/2019","N/A","OTC MONOGRAPH DRUG","120 CAPSULE in 1 BOTTLE, PLASTIC (55910-916-12)","Histamine H1 Receptor Antagonists [MoA],  Histamine-1 Receptor Antagonist [EPC]","N/A","No","12/31/2027"
"Sleep Aid Nighttime","55910-916-16","50 mg/1","CAPSULE","ORAL","M010","Dolgencorp, Inc. (DOLLAR GENERAL & REXALL)","55910-916","Diphenhydramine HCl","DIPHENHYDRAMINE HYDROCHLORIDE","HUMAN OTC DRUG","12/27/2019","N/A","OTC MONOGRAPH DRUG","16 BLISTER PACK in 1 CARTON (55910-916-16)  / 1 CAPSULE in 1 BLISTER PACK","Histamine H1 Receptor Antagonists [MoA],  Histamine-1 Receptor Antagonist [EPC]","N/A","No","12/31/2027"
"Sleep Aid Nighttime","55910-916-32","50 mg/1","CAPSULE","ORAL","M010","Dolgencorp, Inc. (DOLLAR GENERAL & REXALL)","55910-916","Diphenhydramine HCl","DIPHENHYDRAMINE HYDROCHLORIDE","HUMAN OTC DRUG","12/27/2019","N/A","OTC MONOGRAPH DRUG","1 BOTTLE, PLASTIC in 1 BOX (55910-916-32)  / 32 CAPSULE in 1 BOTTLE, PLASTIC","Histamine H1 Receptor Antagonists [MoA],  Histamine-1 Receptor Antagonist [EPC]","N/A","No","12/31/2027"
"Sleep Aid Nighttime","55910-916-64","50 mg/1","CAPSULE","ORAL","M010","Dolgencorp, Inc. (DOLLAR GENERAL & REXALL)","55910-916","Diphenhydramine HCl","DIPHENHYDRAMINE HYDROCHLORIDE","HUMAN OTC DRUG","12/27/2019","N/A","OTC MONOGRAPH DRUG","1 BOTTLE, PLASTIC in 1 BOX (55910-916-64)  / 64 CAPSULE in 1 BOTTLE, PLASTIC","Histamine H1 Receptor Antagonists [MoA],  Histamine-1 Receptor Antagonist [EPC]","N/A","No","12/31/2027"
"Sleep Aid Nighttime","55910-916-96","50 mg/1","CAPSULE","ORAL","M010","Dolgencorp, Inc. (DOLLAR GENERAL & REXALL)","55910-916","Diphenhydramine HCl","DIPHENHYDRAMINE HYDROCHLORIDE","HUMAN OTC DRUG","12/27/2019","N/A","OTC MONOGRAPH DRUG","96 CAPSULE in 1 BOTTLE, PLASTIC (55910-916-96)","Histamine H1 Receptor Antagonists [MoA],  Histamine-1 Receptor Antagonist [EPC]","N/A","No","12/31/2027"
"Vicks NyQuil HOT REMEDY RAPID RELIEF MULTI-SYMPTOM Cold and Flu plus Congestion","58933-551-01","10 mg/5g,  650 mg/5g,  25 mg/5g","POWDER, FOR SOLUTION","ORAL","M012","Procter & Gamble Manufactura S de RL de CV","58933-551","Acetaminophen, Diphenhydramine HCl, Phenylephrine HCl","PHENYLEPHRINE HYDROCHLORIDE,  ACETAMINOPHEN,  DIPHENHYDRAMINE HYDROCHLORIDE","HUMAN OTC DRUG","03/22/2023","06/30/2027","OTC MONOGRAPH DRUG","5 g in 1 PACKET (58933-551-01)","Adrenergic alpha1-Agonists [MoA],  Histamine H1 Receptor Antagonists [MoA],  Histamine-1 Receptor Antagonist [EPC],  alpha-1 Adrenergic Agonist [EPC]","N/A","No","N/A"
"Vicks NyQuil HOT REMEDY RAPID RELIEF MULTI-SYMPTOM Cold and Flu plus Congestion","58933-551-08","10 mg/5g,  650 mg/5g,  25 mg/5g","POWDER, FOR SOLUTION","ORAL","M012","Procter & Gamble Manufactura S de RL de CV","58933-551","Acetaminophen, Diphenhydramine HCl, Phenylephrine HCl","PHENYLEPHRINE HYDROCHLORIDE,  ACETAMINOPHEN,  DIPHENHYDRAMINE HYDROCHLORIDE","HUMAN OTC DRUG","03/22/2023","06/30/2027","OTC MONOGRAPH DRUG","8 PACKET in 1 PACKAGE (58933-551-08)  / 5 g in 1 PACKET","Adrenergic alpha1-Agonists [MoA],  Histamine H1 Receptor Antagonists [MoA],  Histamine-1 Receptor Antagonist [EPC],  alpha-1 Adrenergic Agonist [EPC]","N/A","No","N/A"
"Allergy","69168-048-01","25 mg/1","TABLET","ORAL","M012","Allegiant Health","69168-048","Diphenhydramine HCl","DIPHENHYDRAMINE HYDROCHLORIDE","HUMAN OTC DRUG","12/15/2014","N/A","OTC MONOGRAPH DRUG","100 TABLET in 1 BOTTLE (69168-048-01)","Histamine H1 Receptor Antagonists [MoA],  Histamine-1 Receptor Antagonist [EPC]","N/A","No","12/31/2026"
"Allergy","69168-048-20","25 mg/1","TABLET","ORAL","M012","Allegiant Health","69168-048","Diphenhydramine HCl","DIPHENHYDRAMINE HYDROCHLORIDE","HUMAN OTC DRUG","03/22/2020","N/A","OTC MONOGRAPH DRUG","600 TABLET in 1 BOTTLE (69168-048-20)","Histamine H1 Receptor Antagonists [MoA],  Histamine-1 Receptor Antagonist [EPC]","N/A","No","12/31/2026"
"Allergy","69168-048-93","25 mg/1","TABLET","ORAL","M012","Allegiant Health","69168-048","Diphenhydramine HCl","DIPHENHYDRAMINE HYDROCHLORIDE","HUMAN OTC DRUG","12/15/2014","N/A","OTC MONOGRAPH DRUG","2 BLISTER PACK in 1 BOX (69168-048-93)  / 12 TABLET in 1 BLISTER PACK","Histamine H1 Receptor Antagonists [MoA],  Histamine-1 Receptor Antagonist [EPC]","N/A","No","12/31/2026"
"Allergy","69168-048-98","25 mg/1","TABLET","ORAL","M012","Allegiant Health","69168-048","Diphenhydramine HCl","DIPHENHYDRAMINE HYDROCHLORIDE","HUMAN OTC DRUG","05/18/2022","N/A","OTC MONOGRAPH DRUG","200 TABLET in 1 BOTTLE (69168-048-98)","Histamine H1 Receptor Antagonists [MoA],  Histamine-1 Receptor Antagonist [EPC]","N/A","No","12/31/2026"
"DIPHENHYDRAMINE HYDROCHLORIDE","69842-825-00","25 mg/1","CAPSULE","ORAL","M012","CVS Pharmacy, Inc.","69842-825","DIPHENHYDRAMINE HYDROCHLORIDE","DIPHENHYDRAMINE HYDROCHLORIDE","HUMAN OTC DRUG","06/20/2018","N/A","OTC MONOGRAPH DRUG","2 BLISTER PACK in 1 CARTON (69842-825-00)  / 12 CAPSULE in 1 BLISTER PACK","Histamine H1 Receptor Antagonists [MoA],  Histamine-1 Receptor Antagonist [EPC]","N/A","No","12/31/2026"
"DIPHENHYDRAMINE HYDROCHLORIDE","69842-825-12","25 mg/1","CAPSULE","ORAL","M012","CVS Pharmacy, Inc.","69842-825","DIPHENHYDRAMINE HYDROCHLORIDE","DIPHENHYDRAMINE HYDROCHLORIDE","HUMAN OTC DRUG","06/20/2018","N/A","OTC MONOGRAPH DRUG","1 BOTTLE in 1 CARTON (69842-825-12)  / 100 CAPSULE in 1 BOTTLE","Histamine H1 Receptor Antagonists [MoA],  Histamine-1 Receptor Antagonist [EPC]","N/A","No","12/31/2026"
"DIPHENHYDRAMINE HYDROCHLORIDE","69842-825-22","25 mg/1","CAPSULE","ORAL","M012","CVS Pharmacy, Inc.","69842-825","DIPHENHYDRAMINE HYDROCHLORIDE","DIPHENHYDRAMINE HYDROCHLORIDE","HUMAN OTC DRUG","06/20/2018","N/A","OTC MONOGRAPH DRUG","4 BLISTER PACK in 1 CARTON (69842-825-22)  / 12 CAPSULE in 1 BLISTER PACK","Histamine H1 Receptor Antagonists [MoA],  Histamine-1 Receptor Antagonist [EPC]","N/A","No","12/31/2026"
"DIPHENHYDRAMINE HYDROCHLORIDE","69842-825-51","25 mg/1","CAPSULE","ORAL","M012","CVS Pharmacy, Inc.","69842-825","DIPHENHYDRAMINE HYDROCHLORIDE","DIPHENHYDRAMINE HYDROCHLORIDE","HUMAN OTC DRUG","06/20/2018","N/A","OTC MONOGRAPH DRUG","365 CAPSULE in 1 BOTTLE (69842-825-51)","Histamine H1 Receptor Antagonists [MoA],  Histamine-1 Receptor Antagonist [EPC]","N/A","No","12/31/2026"
"Acetaminophen and Diphenhydramine hydrochloride","79903-267-80","500 mg/1,  25 mg/1","TABLET","ORAL","M013","WALMART INC.","79903-267","Acetaminophen and Diphenhydramine hydrochloride","ACETAMINOPHEN,  DIPHENHYDRAMINE HYDROCHLORIDE","HUMAN OTC DRUG","06/28/2024","N/A","OTC MONOGRAPH DRUG","80 TABLET in 1 BOTTLE (79903-267-80)","Histamine H1 Receptor Antagonists [MoA],  Histamine-1 Receptor Antagonist [EPC]","N/A","No","12/31/2026"
"Excedrin PM Triple Action Caplets and Excedrin Tension Headache","0067-8147-01","N/A","KIT","N/A","M013","Haleon US Holdings LLC","0067-8147","Acetaminophen, Aspirin (NSAID), Caffeine, and Diphenhydramine Citrate","N/A","HUMAN OTC DRUG","06/01/2017","N/A","OTC MONOGRAPH DRUG","1 KIT in 1 PACKAGE, COMBINATION (0067-8147-01)  *  1 BOTTLE in 1 CARTON (0067-2056-24)  / 24 TABLET, COATED in 1 BOTTLE *  1 BOTTLE in 1 CARTON (0067-8139-02)  / 100 TABLET, FILM COATED in 1 BOTTLE","N/A","N/A","No","12/31/2026"
"Allergy Relief","41163-613-03","25 mg/1","CAPSULE","ORAL","M012","United Natural Foods, Inc. dba UNFI","41163-613","DIPHENHYDRAMINE HYDROCHLORIDE","DIPHENHYDRAMINE HYDROCHLORIDE","HUMAN OTC DRUG","11/01/2017","N/A","OTC MONOGRAPH DRUG","1 BOTTLE, PLASTIC in 1 CARTON (41163-613-03)  / 100 CAPSULE in 1 BOTTLE, PLASTIC","Histamine H1 Receptor Antagonists [MoA],  Histamine-1 Receptor Antagonist [EPC]","N/A","No","12/31/2026"
"Allergy Relief Childrens","51316-150-19","12.5 mg/5mL","SOLUTION","ORAL","M012","CVS WOONSOCKET PRESCRIPTION CENTER, INCORPORATED","51316-150","Diphenhydramine HCl","DIPHENHYDRAMINE HYDROCHLORIDE","HUMAN OTC DRUG","04/23/2024","N/A","OTC MONOGRAPH DRUG","1 BOTTLE, PLASTIC in 1 CARTON (51316-150-19)  / 237 mL in 1 BOTTLE, PLASTIC","Histamine H1 Receptor Antagonists [MoA],  Histamine-1 Receptor Antagonist [EPC]","N/A","No","12/31/2027"
"GOOD REMEDIES Extra Strength Pain Relief PM Caplet","70692-741-03","500 mg/1,  25 mg/1","TABLET","ORAL","M013","Strive Pharmaceuticals Inc.","70692-741","Acetaminophen, Diphenhydramine hydrochloride","ACETAMINOPHEN,  DIPHENHYDRAMINE HYDROCHLORIDE","HUMAN OTC DRUG","03/17/2025","N/A","OTC MONOGRAPH DRUG","1 BOTTLE in 1 CARTON (70692-741-03)  / 30 TABLET in 1 BOTTLE","Histamine H1 Receptor Antagonists [MoA],  Histamine-1 Receptor Antagonist [EPC]","N/A","No","12/31/2026"
"Vicks NyQuil HOT REMEDY Cold and Flu","58933-555-01","650 mg/1,  25 mg/1","POWDER, FOR SOLUTION","ORAL","M012","Procter & Gamble Manufactura S de RL de CV","58933-555","Acetaminophen, Diphenhydramine HCl","ACETAMINOPHEN,  DIPHENHYDRAMINE HYDROCHLORIDE","HUMAN OTC DRUG","06/11/2025","N/A","OTC MONOGRAPH DRUG","1 POWDER, FOR SOLUTION in 1 PACKET (58933-555-01)","Histamine H1 Receptor Antagonists [MoA],  Histamine-1 Receptor Antagonist [EPC]","N/A","No","12/31/2026"
"Vicks NyQuil HOT REMEDY Cold and Flu","58933-555-08","650 mg/1,  25 mg/1","POWDER, FOR SOLUTION","ORAL","M012","Procter & Gamble Manufactura S de RL de CV","58933-555","Acetaminophen, Diphenhydramine HCl","ACETAMINOPHEN,  DIPHENHYDRAMINE HYDROCHLORIDE","HUMAN OTC DRUG","06/11/2025","N/A","OTC MONOGRAPH DRUG","8 PACKET in 1 PACKAGE (58933-555-08)  / 1 POWDER, FOR SOLUTION in 1 PACKET","Histamine H1 Receptor Antagonists [MoA],  Histamine-1 Receptor Antagonist [EPC]","N/A","No","12/31/2026"
"Walgreen Itch Relief Gel","0363-0354-04","20 mg/mL","GEL","TOPICAL","M017","Walgreens","0363-0354","Diphenhydramine Hydrochloride","DIPHENHYDRAMINE HYDROCHLORIDE","HUMAN OTC DRUG","02/06/2024","N/A","OTC MONOGRAPH DRUG","103.5 mL in 1 TUBE (0363-0354-04)","Histamine H1 Receptor Antagonists [MoA],  Histamine-1 Receptor Antagonist [EPC]","N/A","No","12/31/2027"
"DIPHENHYDRAMINE HYDROCHLORIDE","69842-834-51","25 mg/1","TABLET, FILM COATED","ORAL","M010","CVS Pharmacy, Inc.","69842-834","DIPHENHYDRAMINE HYDROCHLORIDE","DIPHENHYDRAMINE HYDROCHLORIDE","HUMAN OTC DRUG","07/23/2018","N/A","OTC MONOGRAPH DRUG","365 TABLET, FILM COATED in 1 BOTTLE (69842-834-51)","Histamine H1 Receptor Antagonists [MoA],  Histamine-1 Receptor Antagonist [EPC]","N/A","No","12/31/2026"
"DIPHENHYDRAMINE HYDROCHLORIDE","69842-834-55","25 mg/1","TABLET, FILM COATED","ORAL","M010","CVS Pharmacy, Inc.","69842-834","DIPHENHYDRAMINE HYDROCHLORIDE","DIPHENHYDRAMINE HYDROCHLORIDE","HUMAN OTC DRUG","01/22/2019","N/A","OTC MONOGRAPH DRUG","500 TABLET, FILM COATED in 1 BOTTLE (69842-834-55)","Histamine H1 Receptor Antagonists [MoA],  Histamine-1 Receptor Antagonist [EPC]","N/A","No","12/31/2026"
"Diphenhydramine Hydrochloride","71679-308-00","25 mg/1","TABLET, FILM COATED","ORAL","M012","Health Pharma USA LLC","71679-308","Diphenhydramine Hydrochloride","DIPHENHYDRAMINE HYDROCHLORIDE","HUMAN OTC DRUG","06/27/2026","N/A","OTC MONOGRAPH DRUG","100000 TABLET, FILM COATED in 1 BOTTLE (71679-308-00)","Histamine H1 Receptor Antagonists [MoA],  Histamine-1 Receptor Antagonist [EPC]","N/A","No","12/31/2027"
"Diphenhydramine HCL","84447-103-01","12.5 mg/5mL","SOLUTION","ORAL","M012","Belleview Biosciences","84447-103","Diphenhydramine HCL","DIPHENHYDRAMINE HYDROCHLORIDE","HUMAN OTC DRUG","07/20/2024","N/A","OTC MONOGRAPH DRUG","200000 mL in 1 DRUM (84447-103-01)","Histamine H1 Receptor Antagonists [MoA],  Histamine-1 Receptor Antagonist [EPC]","N/A","No","12/31/2026"
"Diphenhydramine HCL","84447-103-04","12.5 mg/5mL","SOLUTION","ORAL","M012","Belleview Biosciences","84447-103","Diphenhydramine HCL","DIPHENHYDRAMINE HYDROCHLORIDE","HUMAN OTC DRUG","07/20/2024","N/A","OTC MONOGRAPH DRUG","118 mL in 1 BOTTLE, PLASTIC (84447-103-04)","Histamine H1 Receptor Antagonists [MoA],  Histamine-1 Receptor Antagonist [EPC]","N/A","No","12/31/2026"
"Diphenhydramine HCL","84447-103-16","12.5 mg/5mL","SOLUTION","ORAL","M012","Belleview Biosciences","84447-103","Diphenhydramine HCL","DIPHENHYDRAMINE HYDROCHLORIDE","HUMAN OTC DRUG","07/20/2024","N/A","OTC MONOGRAPH DRUG","473 mL in 1 BOTTLE, PLASTIC (84447-103-16)","Histamine H1 Receptor Antagonists [MoA],  Histamine-1 Receptor Antagonist [EPC]","N/A","No","12/31/2026"
"Sleep Aid","21130-816-32","50 mg/1","CAPSULE","ORAL","M010","Safeway, Inc.","21130-816","Diphenhydramine HCL","DIPHENHYDRAMINE HYDROCHLORIDE","HUMAN OTC DRUG","11/29/2019","03/29/2027","OTC MONOGRAPH DRUG","1 BOTTLE, PLASTIC in 1 BOX (21130-816-32)  / 32 CAPSULE in 1 BOTTLE, PLASTIC","Histamine H1 Receptor Antagonists [MoA],  Histamine-1 Receptor Antagonist [EPC]","N/A","No","N/A"
"Sleep Aid","21130-816-96","50 mg/1","CAPSULE","ORAL","M010","Safeway, Inc.","21130-816","Diphenhydramine HCL","DIPHENHYDRAMINE HYDROCHLORIDE","HUMAN OTC DRUG","11/29/2019","03/29/2027","OTC MONOGRAPH DRUG","96 CAPSULE in 1 BOTTLE, PLASTIC (21130-816-96)","Histamine H1 Receptor Antagonists [MoA],  Histamine-1 Receptor Antagonist [EPC]","N/A","No","N/A"
"CVS PHARMACY Childrens Allergy Chews","51316-154-18","12.5 mg/1","TABLET, CHEWABLE","ORAL","M012","CVS PHARMACY, INC.","51316-154","Diphenhydramine HCl","DIPHENHYDRAMINE HYDROCHLORIDE","HUMAN OTC DRUG","03/03/2025","N/A","OTC MONOGRAPH DRUG","3 BLISTER PACK in 1 CARTON (51316-154-18)  / 6 TABLET, CHEWABLE in 1 BLISTER PACK","Histamine H1 Receptor Antagonists [MoA],  Histamine-1 Receptor Antagonist [EPC]","N/A","No","12/31/2027"
"CVS PHARMACY Childrens Allergy Chews","51316-154-36","12.5 mg/1","TABLET, CHEWABLE","ORAL","M012","CVS PHARMACY, INC.","51316-154","Diphenhydramine HCl","DIPHENHYDRAMINE HYDROCHLORIDE","HUMAN OTC DRUG","03/03/2025","N/A","OTC MONOGRAPH DRUG","3 BLISTER PACK in 1 CARTON (51316-154-36)  / 12 TABLET, CHEWABLE in 1 BLISTER PACK","Histamine H1 Receptor Antagonists [MoA],  Histamine-1 Receptor Antagonist [EPC]","N/A","No","12/31/2027"
"CVS dye-free childrens allergy","51316-710-08","12.5 mg/5mL","SYRUP","ORAL","M012","CVS PHARMACY","51316-710","Diphenhydramine hydrochloride","DIPHENHYDRAMINE HYDROCHLORIDE","HUMAN OTC DRUG","07/22/2022","N/A","OTC MONOGRAPH DRUG","1 BOTTLE, PLASTIC in 1 CARTON (51316-710-08)  / 236 mL in 1 BOTTLE, PLASTIC","Histamine H1 Receptor Antagonists [MoA],  Histamine-1 Receptor Antagonist [EPC]","N/A","No","12/31/2027"
"Nighttime Sleep Aid","55319-802-02","50 mg/30mL","SOLUTION","ORAL","M010","Family Dollar Services Inc","55319-802","Diphenhydramine HCl","DIPHENHYDRAMINE HYDROCHLORIDE","HUMAN OTC DRUG","04/05/2024","N/A","OTC MONOGRAPH DRUG","355 mL in 1 BOTTLE, PLASTIC (55319-802-02)","Histamine H1 Receptor Antagonists [MoA],  Histamine-1 Receptor Antagonist [EPC]","N/A","No","12/31/2027"
"Nighttime Sleep Aid","55319-802-45","50 mg/30mL","SOLUTION","ORAL","M010","Family Dollar Services Inc","55319-802","Diphenhydramine HCl","DIPHENHYDRAMINE HYDROCHLORIDE","HUMAN OTC DRUG","04/05/2024","N/A","OTC MONOGRAPH DRUG","177 mL in 1 BOTTLE, PLASTIC (55319-802-45)","Histamine H1 Receptor Antagonists [MoA],  Histamine-1 Receptor Antagonist [EPC]","N/A","No","12/31/2027"
"Sleep Tabs For Nighttime use","69168-247-24","25 mg/1","TABLET","ORAL","M012","Allegiant Health","69168-247","Diphenhydramine HCl Tablets","DIPHENHYDRAMINE HYDROCHLORIDE","HUMAN OTC DRUG","04/28/2015","N/A","OTC MONOGRAPH DRUG","24 TABLET in 1 BOTTLE, UNIT-DOSE (69168-247-24)","Histamine H1 Receptor Antagonists [MoA],  Histamine-1 Receptor Antagonist [EPC]","N/A","No","12/31/2026"
"Diphenhydramine Hydrochloride","0404-9851-01","50 mg/mL","INJECTION","INTRAMUSCULAR,  INTRAVENOUS","ANDA080817","Henry Schein, Inc.","0404-9851","Diphenhydramine Hydrochloride","DIPHENHYDRAMINE HYDROCHLORIDE","HUMAN PRESCRIPTION DRUG","01/17/2022","N/A","ANDA","1 VIAL, SINGLE-DOSE in 1 BAG (0404-9851-01)  / 1 mL in 1 VIAL, SINGLE-DOSE","Histamine H1 Receptor Antagonists [MoA],  Histamine-1 Receptor Antagonist [EPC]","N/A","No","12/31/2026"
"Naproxen Sodium Diphenhydramine Hydrochloride","21130-814-05","220 mg/1,  25 mg/1","TABLET","ORAL","ANDA213663","SAFEWAY","21130-814","Naproxen Sodium Diphenhydramine Hydrochloride","NAPROXEN SODIUM,  DIPHENHYDRAMINE HYDROCHLORIDE","HUMAN OTC DRUG","06/30/2023","N/A","ANDA","50 TABLET in 1 BOTTLE (21130-814-05)","Anti-Inflammatory Agents,  Non-Steroidal [CS],  Cyclooxygenase Inhibitors [MoA],  Histamine H1 Receptor Antagonists [MoA],  Histamine-1 Receptor Antagonist [EPC],  Nonsteroidal Anti-inflammatory Drug [EPC]","N/A","No","12/31/2026"
"ibuprofen pm","37808-703-60","38 mg/1,  200 mg/1","TABLET, FILM COATED","ORAL","ANDA079113","H E B","37808-703","diphenhydramine citrate, ibuprofen","DIPHENHYDRAMINE CITRATE,  IBUPROFEN","HUMAN OTC DRUG","04/05/2018","N/A","ANDA","1 BOTTLE in 1 CARTON (37808-703-60)  / 20 TABLET, FILM COATED in 1 BOTTLE","Anti-Inflammatory Agents,  Non-Steroidal [CS],  Cyclooxygenase Inhibitors [MoA],  Histamine H1 Receptor Antagonists [MoA],  Histamine-1 Receptor Antagonist [EPC],  Nonsteroidal Anti-inflammatory Drug [EPC]","N/A","No","12/31/2026"
"Good Neighbor Allergy Relief","46122-699-62","25 mg/1","CAPSULE, LIQUID FILLED","ORAL","M012","AmerisourceBergen Drug Corp","46122-699","diphenhydramine hydrochloride","DIPHENHYDRAMINE HYDROCHLORIDE","HUMAN OTC DRUG","10/20/2021","N/A","OTC MONOGRAPH DRUG","2 BLISTER PACK in 1 CARTON (46122-699-62)  / 12 CAPSULE, LIQUID FILLED in 1 BLISTER PACK","Histamine H1 Receptor Antagonists [MoA],  Histamine-1 Receptor Antagonist [EPC]","N/A","No","12/31/2026"
"DG Health Allergy Relief","55910-923-78","25 mg/1","TABLET","ORAL","M012","Dolgencorp Inc","55910-923","Diphenhydramine Hydrochloride","DIPHENHYDRAMINE HYDROCHLORIDE","HUMAN OTC DRUG","02/25/2019","N/A","OTC MONOGRAPH DRUG","1 BOTTLE in 1 CARTON (55910-923-78)  / 100 TABLET in 1 BOTTLE","Histamine H1 Receptor Antagonists [MoA],  Histamine-1 Receptor Antagonist [EPC]","N/A","No","12/31/2027"
"Vicks DayQuil NyQuil HOT REMEDY Cold and Flu","58933-556-06","N/A","KIT","ORAL","M012","Procter & Gamble Manufactura S de RL de CV","58933-556","Acetaminophen, Dextromethorphan HBr, Diphenhydramine HCl","N/A","HUMAN OTC DRUG","06/11/2025","N/A","OTC MONOGRAPH DRUG","1 KIT in 1 PACKAGE (58933-556-06)  *  1 POWDER, FOR SOLUTION in 1 PACKET (58933-555-01)  *  5 g in 1 PACKET (58933-552-01)","N/A","N/A","No","12/31/2026"
"Vicks DayQuil NyQuil HOT REMEDY Cold and Flu","58933-556-16","N/A","KIT","ORAL","M012","Procter & Gamble Manufactura S de RL de CV","58933-556","Acetaminophen, Dextromethorphan HBr, Diphenhydramine HCl","N/A","HUMAN OTC DRUG","06/11/2025","N/A","OTC MONOGRAPH DRUG","1 KIT in 1 PACKAGE (58933-556-16)  *  1 POWDER, FOR SOLUTION in 1 PACKET (58933-555-01)  *  5 g in 1 PACKET (58933-552-01)","N/A","N/A","No","12/31/2026"
"Diphenhydramine Hydrochloride","70692-785-15","50 mg/1","CAPSULE, LIQUID FILLED","ORAL","M010","Strive Pharmaceuticals Inc.","70692-785","Diphenhydramine Hydrochloride","DIPHENHYDRAMINE HYDROCHLORIDE","HUMAN OTC DRUG","08/01/2023","N/A","OTC MONOGRAPH DRUG","150 CAPSULE, LIQUID FILLED in 1 BOTTLE (70692-785-15)","Histamine H1 Receptor Antagonists [MoA],  Histamine-1 Receptor Antagonist [EPC]","N/A","No","12/31/2026"
"Diphenhydramine Hydrochloride","70692-785-61","50 mg/1","CAPSULE, LIQUID FILLED","ORAL","M010","Strive Pharmaceuticals Inc.","70692-785","Diphenhydramine Hydrochloride","DIPHENHYDRAMINE HYDROCHLORIDE","HUMAN OTC DRUG","08/20/2019","N/A","OTC MONOGRAPH DRUG","16 CAPSULE, LIQUID FILLED in 1 BOTTLE (70692-785-61)","Histamine H1 Receptor Antagonists [MoA],  Histamine-1 Receptor Antagonist [EPC]","N/A","No","12/31/2026"
"Diphenhydramine Hydrochloride","70692-785-71","50 mg/1","CAPSULE, LIQUID FILLED","ORAL","M010","Strive Pharmaceuticals Inc.","70692-785","Diphenhydramine Hydrochloride","DIPHENHYDRAMINE HYDROCHLORIDE","HUMAN OTC DRUG","12/01/2021","N/A","OTC MONOGRAPH DRUG","275 CAPSULE, LIQUID FILLED in 1 BOTTLE (70692-785-71)","Histamine H1 Receptor Antagonists [MoA],  Histamine-1 Receptor Antagonist [EPC]","N/A","No","12/31/2026"
"Theraflu Severe Cold relief Nighttime","0067-6801-02","500 mg/1,  25 mg/1,  10 mg/1","POWDER","ORAL","M012","Haleon US Holdings LLC","0067-6801","Acetaminophen, Diphenhydramine Hydrochloride, Phenylephrine Hydrochloride","ACETAMINOPHEN,  DIPHENHYDRAMINE HYDROCHLORIDE,  PHENYLEPHRINE HYDROCHLORIDE","HUMAN OTC DRUG","01/20/2022","N/A","OTC MONOGRAPH DRUG","6 POWDER in 1 CARTON (0067-6801-02)","Adrenergic alpha1-Agonists [MoA],  Histamine H1 Receptor Antagonists [MoA],  Histamine-1 Receptor Antagonist [EPC],  alpha-1 Adrenergic Agonist [EPC]","N/A","No","12/31/2026"
"CVS PHARMACY DYE FREE Childrens Allergy Chews","51316-153-18","12.5 mg/1","TABLET, CHEWABLE","ORAL","M012","CVS PHARMACY, INC.","51316-153","Diphenhydramine HCl","DIPHENHYDRAMINE HYDROCHLORIDE","HUMAN OTC DRUG","03/03/2025","N/A","OTC MONOGRAPH DRUG","3 BLISTER PACK in 1 CARTON (51316-153-18)  / 6 TABLET, CHEWABLE in 1 BLISTER PACK","Histamine H1 Receptor Antagonists [MoA],  Histamine-1 Receptor Antagonist [EPC]","N/A","No","12/31/2027"
"Allergy and Sinus Headache","55301-464-08","325 mg/1,  12.5 mg/1,  5 mg/1","TABLET, FILM COATED","ORAL","M012","ARMY AND AIR FORCE EXCHANGE SERVICE","55301-464","Acetaminophen, Diphenhydramine HCl and Phenylephrine HCl","ACETAMINOPHEN,  DIPHENHYDRAMINE HYDROCHLORIDE,  PHENYLEPHRINE HYDROCHLORIDE","HUMAN OTC DRUG","06/15/2005","N/A","OTC MONOGRAPH DRUG","2 BLISTER PACK in 1 CARTON (55301-464-08)  / 12 TABLET, FILM COATED in 1 BLISTER PACK","Adrenergic alpha1-Agonists [MoA],  Histamine H1 Receptor Antagonists [MoA],  Histamine-1 Receptor Antagonist [EPC],  alpha-1 Adrenergic Agonist [EPC]","N/A","No","12/31/2027"
"Diphenhydramine Hydrochloride","71679-311-00","25 mg/1","TABLET, FILM COATED","ORAL","M012","Health Pharma USA LLC","71679-311","Diphenhydramine Hydrochloride","DIPHENHYDRAMINE HYDROCHLORIDE","HUMAN OTC DRUG","03/07/2024","N/A","OTC MONOGRAPH DRUG","100000 TABLET, FILM COATED in 1 BOX (71679-311-00)","Histamine H1 Receptor Antagonists [MoA],  Histamine-1 Receptor Antagonist [EPC]","N/A","No","12/31/2027"
"equate nighttime sleep aid","79903-274-36","25 mg/1","TABLET, FILM COATED","ORAL","M010","WALMART INC.","79903-274","diphenhydramine hydrochloride","DIPHENHYDRAMINE HYDROCHLORIDE","HUMAN OTC DRUG","12/10/2024","N/A","OTC MONOGRAPH DRUG","365 TABLET, FILM COATED in 1 BOTTLE (79903-274-36)","Histamine H1 Receptor Antagonists [MoA],  Histamine-1 Receptor Antagonist [EPC]","N/A","No","12/31/2026"
"Acetaminophen PM","83324-070-20","500 mg/1,  25 mg/1","TABLET, COATED","ORAL","M013","Chain Drug Marketing Association, Inc.","83324-070","Acetaminophen, Diphenhydramine HCl","ACETAMINOPHEN,  DIPHENHYDRAMINE HYDROCHLORIDE","HUMAN OTC DRUG","06/26/2025","N/A","OTC MONOGRAPH DRUG","1 BOTTLE, PLASTIC in 1 CARTON (83324-070-20)  / 20 TABLET, COATED in 1 BOTTLE, PLASTIC","Histamine H1 Receptor Antagonists [MoA],  Histamine-1 Receptor Antagonist [EPC]","N/A","No","12/31/2027"
"ItchZap","57237-352-28","20 mg/g,  1 mg/g","CREAM","TOPICAL","M017","Rising Pharma Holdings, Inc.","57237-352","Diphenhydramine Hydrochloride and Zinc Acetate","DIPHENHYDRAMINE HYDROCHLORIDE,  ZINC ACETATE","HUMAN OTC DRUG","11/06/2025","N/A","OTC MONOGRAPH DRUG","1 TUBE in 1 CARTON (57237-352-28)  / 28 g in 1 TUBE","Copper Absorption Inhibitor [EPC],  Decreased Copper Ion Absorption [PE],  Histamine H1 Receptor Antagonists [MoA],  Histamine-1 Receptor Antagonist [EPC]","N/A","No","12/31/2026"
"Advil PM","67751-147-01","38 mg/1,  200 mg/1","TABLET, COATED","ORAL","NDA021394","Navajo Manufacturing Company Inc.","67751-147","DIPHENHYDRAMINE CITRATE, IBUPROFEN","DIPHENHYDRAMINE CITRATE,  IBUPROFEN","HUMAN OTC DRUG","09/16/2016","N/A","NDA","1 POUCH in 1 CARTON (67751-147-01)  / 2 TABLET, COATED in 1 POUCH","Anti-Inflammatory Agents,  Non-Steroidal [CS],  Cyclooxygenase Inhibitors [MoA],  Histamine H1 Receptor Antagonists [MoA],  Histamine-1 Receptor Antagonist [EPC],  Nonsteroidal Anti-inflammatory Drug [EPC]","N/A","No","12/31/2027"
"Advil PM","67751-147-02","38 mg/1,  200 mg/1","TABLET, COATED","ORAL","NDA021394","Navajo Manufacturing Company Inc.","67751-147","DIPHENHYDRAMINE CITRATE, IBUPROFEN","DIPHENHYDRAMINE CITRATE,  IBUPROFEN","HUMAN OTC DRUG","09/16/2016","N/A","NDA","2 POUCH in 1 CARTON (67751-147-02)  / 4 TABLET, COATED in 1 POUCH","Anti-Inflammatory Agents,  Non-Steroidal [CS],  Cyclooxygenase Inhibitors [MoA],  Histamine H1 Receptor Antagonists [MoA],  Histamine-1 Receptor Antagonist [EPC],  Nonsteroidal Anti-inflammatory Drug [EPC]","N/A","No","12/31/2027"
"Advil PM","67751-147-06","38 mg/1,  200 mg/1","TABLET, COATED","ORAL","NDA021394","Navajo Manufacturing Company Inc.","67751-147","DIPHENHYDRAMINE CITRATE, IBUPROFEN","DIPHENHYDRAMINE CITRATE,  IBUPROFEN","HUMAN OTC DRUG","04/25/2025","N/A","NDA","3 POUCH in 1 CARTON (67751-147-06)  / 2 TABLET, COATED in 1 POUCH","Anti-Inflammatory Agents,  Non-Steroidal [CS],  Cyclooxygenase Inhibitors [MoA],  Histamine H1 Receptor Antagonists [MoA],  Histamine-1 Receptor Antagonist [EPC],  Nonsteroidal Anti-inflammatory Drug [EPC]","N/A","No","12/31/2027"
"Sleep Aid","76168-015-07","25 mg/1","TABLET, FILM COATED","ORAL","part338","Velocity Pharma LLC","76168-015","diphenhydramine hydrochloride","DIPHENHYDRAMINE HYDROCHLORIDE","HUMAN OTC DRUG","05/14/2018","N/A","OTC MONOGRAPH FINAL","1 BOTTLE in 1 CARTON (76168-015-07)  / 36 TABLET, FILM COATED in 1 BOTTLE","Histamine H1 Receptor Antagonists [MoA],  Histamine-1 Receptor Antagonist [EPC]","N/A","No","12/31/2026"
"Sleep Aid","76168-015-12","25 mg/1","TABLET, FILM COATED","ORAL","part338","Velocity Pharma LLC","76168-015","diphenhydramine hydrochloride","DIPHENHYDRAMINE HYDROCHLORIDE","HUMAN OTC DRUG","05/14/2018","N/A","OTC MONOGRAPH FINAL","1 BOTTLE in 1 CARTON (76168-015-12)  / 100 TABLET, FILM COATED in 1 BOTTLE","Histamine H1 Receptor Antagonists [MoA],  Histamine-1 Receptor Antagonist [EPC]","N/A","No","12/31/2026"
"Diphenhydramine Hydrochloride","76045-235-10","50 mg/mL","INJECTION, SOLUTION","INTRAMUSCULAR,  INTRAVENOUS","ANDA091526","Fresenius Kabi USA, LLC","76045-235","Diphenhydramine Hydrochloride","DIPHENHYDRAMINE HYDROCHLORIDE","HUMAN PRESCRIPTION DRUG","06/02/2025","N/A","ANDA","24 BLISTER PACK in 1 CARTON (76045-235-10)  / 1 SYRINGE, GLASS in 1 BLISTER PACK (76045-235-01)  / 1 mL in 1 SYRINGE, GLASS","Histamine H1 Receptor Antagonists [MoA],  Histamine-1 Receptor Antagonist [EPC]","N/A","No","12/31/2026"
"CalmCo Sleep Aid Gummy Bite","73282-2518-1","25 mg/1","BAR, CHEWABLE","ORAL","M010","CalmCo LLC","73282-2518","Diphenhydramine HCl","DIPHENHYDRAMINE HYDROCHLORIDE","HUMAN OTC DRUG","12/12/2023","N/A","OTC MONOGRAPH DRUG","25 BAR, CHEWABLE in 1 BOTTLE, PLASTIC (73282-2518-1)","Histamine H1 Receptor Antagonists [MoA],  Histamine-1 Receptor Antagonist [EPC]","N/A","No","12/31/2026"
"Dimetapp Nighttime Cold and Congestion","80070-340-04","6.25 mg/5mL,  2.5 mg/5mL","SOLUTION","ORAL","M012","Foundation Consumer Brands","80070-340","DIPHENHYDRAMINE HYDROCHLORIDE and PHENYLEPHRINE HYDROCHLORIDE","DIPHENHYDRAMINE HYDROCHLORIDE,  PHENYLEPHRINE HYDROCHLORIDE","HUMAN OTC DRUG","09/15/2021","12/31/2026","OTC MONOGRAPH DRUG","1 BOTTLE in 1 CARTON (80070-340-04)  / 118 mL in 1 BOTTLE","Adrenergic alpha1-Agonists [MoA],  Histamine H1 Receptor Antagonists [MoA],  Histamine-1 Receptor Antagonist [EPC],  alpha-1 Adrenergic Agonist [EPC]","N/A","No","N/A"
"Theraflu Multi-Symptom Severe Cold and Theraflu Nighttime Severe Cold and Cough","0067-8200-01","N/A","KIT","N/A","M012","Haleon US Holdings LLC","0067-8200","Acetaminophen, Dextromethorphan HBr, Phenylephrine HCl, Diphenhydramine HCl","N/A","HUMAN OTC DRUG","09/01/2019","N/A","OTC MONOGRAPH DRUG","1 KIT in 1 PACKAGE, COMBINATION (0067-8200-01)  *  6 PACKET in 1 CARTON (0067-6426-06)  / 237 mL in 1 PACKET (0067-6426-01)  *  6 PACKET in 1 CARTON (0067-7918-06)  / 237 mL in 1 PACKET (0067-7918-01)","N/A","N/A","No","12/31/2026"
"Diphenhydramine","63323-664-01","50 mg/mL","INJECTION, SOLUTION","INTRAMUSCULAR,  INTRAVENOUS","ANDA040466","Fresenius Kabi USA, LLC","63323-664","DIPHENHYDRAMINE HYDROCHLORIDE","DIPHENHYDRAMINE HYDROCHLORIDE","HUMAN PRESCRIPTION DRUG","08/01/2002","N/A","ANDA","25 VIAL, SINGLE-DOSE in 1 TRAY (63323-664-01)  / 1 mL in 1 VIAL, SINGLE-DOSE (63323-664-00)","Histamine H1 Receptor Antagonists [MoA],  Histamine-1 Receptor Antagonist [EPC]","N/A","No","12/31/2026"
"Acetaminophen Liquid / Acetaminophen Diphenhydramine HCl Liquid","0363-8757-02","N/A","KIT","ORAL","M013","WALGREENS","0363-8757","Acetaminophen, Diphenhydramine HCl","N/A","HUMAN OTC DRUG","12/15/2025","N/A","OTC MONOGRAPH DRUG","1 KIT in 1 PACKAGE (0363-8757-02)  *  354 mL in 1 BOTTLE (0363-6718-01)  *  354 mL in 1 BOTTLE (0363-6719-01)","N/A","N/A","No","12/31/2027"
"RIGHT REMEDIES Maximum Strength Nighttime Sleep-Aid Softgel","70692-834-71","50 mg/1","CAPSULE, LIQUID FILLED","ORAL","M010","Strive Pharmaceuticals Inc.","70692-834","Diphenhydramine Hydrochloride","DIPHENHYDRAMINE HYDROCHLORIDE","HUMAN OTC DRUG","03/19/2025","N/A","OTC MONOGRAPH DRUG","275 CAPSULE, LIQUID FILLED in 1 BOTTLE (70692-834-71)","Histamine H1 Receptor Antagonists [MoA],  Histamine-1 Receptor Antagonist [EPC]","N/A","No","12/31/2026"
"Discount Drugmart Allergy Relief","53943-821-24","25 mg/1","CAPSULE, LIQUID FILLED","ORAL","M012","Discount Drug Mart, Inc","53943-821","diphenhydramine hydrochloride","DIPHENHYDRAMINE HYDROCHLORIDE","HUMAN OTC DRUG","08/04/2021","N/A","OTC MONOGRAPH DRUG","2 BLISTER PACK in 1 CARTON (53943-821-24)  / 12 CAPSULE, LIQUID FILLED in 1 BLISTER PACK","Histamine H1 Receptor Antagonists [MoA],  Histamine-1 Receptor Antagonist [EPC]","N/A","No","12/31/2026"
"Diphenhydramine","63323-664-16","50 mg/mL","INJECTION, SOLUTION","INTRAMUSCULAR,  INTRAVENOUS","ANDA040466","Fresenius Kabi USA, LLC","63323-664","DIPHENHYDRAMINE HYDROCHLORIDE","DIPHENHYDRAMINE HYDROCHLORIDE","HUMAN PRESCRIPTION DRUG","08/01/2002","N/A","ANDA","25 VIAL in 1 TRAY (63323-664-16)  / 1 mL in 1 VIAL (63323-664-41)","Histamine H1 Receptor Antagonists [MoA],  Histamine-1 Receptor Antagonist [EPC]","N/A","No","12/31/2026"
"Nighttime Sleep Aid","67091-115-10","25 mg/1","TABLET, FILM COATED","ORAL","M010","WinCo Foods, LLC","67091-115","Diphenhydramine HCl","DIPHENHYDRAMINE HYDROCHLORIDE","HUMAN OTC DRUG","06/10/2000","N/A","OTC MONOGRAPH DRUG","1 BOTTLE, PLASTIC in 1 CARTON (67091-115-10)  / 100 TABLET, FILM COATED in 1 BOTTLE, PLASTIC","Histamine H1 Receptor Antagonists [MoA],  Histamine-1 Receptor Antagonist [EPC]","N/A","No","12/31/2027"
"Free and Pure Allergy Relief Dye Free","0363-1175-24","25 mg/1","CAPSULE, LIQUID FILLED","ORAL","505G(a)(3)","WALGREEN COMPANY","0363-1175","Diphenhydramine HCl","DIPHENHYDRAMINE HYDROCHLORIDE","HUMAN OTC DRUG","10/22/2023","N/A","OTC MONOGRAPH DRUG","2 BLISTER PACK in 1 CARTON (0363-1175-24)  / 12 CAPSULE, LIQUID FILLED in 1 BLISTER PACK","Histamine H1 Receptor Antagonists [MoA],  Histamine-1 Receptor Antagonist [EPC]","N/A","No","12/31/2026"
"Free and Pure Allergy Relief Dye Free","0363-1175-48","25 mg/1","CAPSULE, LIQUID FILLED","ORAL","505G(a)(3)","WALGREEN COMPANY","0363-1175","Diphenhydramine HCl","DIPHENHYDRAMINE HYDROCHLORIDE","HUMAN OTC DRUG","10/22/2023","N/A","OTC MONOGRAPH DRUG","4 BLISTER PACK in 1 CARTON (0363-1175-48)  / 12 CAPSULE, LIQUID FILLED in 1 BLISTER PACK","Histamine H1 Receptor Antagonists [MoA],  Histamine-1 Receptor Antagonist [EPC]","N/A","No","12/31/2026"
"childrens allergy relief","0363-1236-26","12.5 mg/5mL","SOLUTION","ORAL","M012","Walgreen Company","0363-1236","Diphenhydramine Hydrochloride","DIPHENHYDRAMINE HYDROCHLORIDE","HUMAN OTC DRUG","04/29/2024","N/A","OTC MONOGRAPH DRUG","1 BOTTLE in 1 CARTON (0363-1236-26)  / 118 mL in 1 BOTTLE","Histamine H1 Receptor Antagonists [MoA],  Histamine-1 Receptor Antagonist [EPC]","N/A","No","12/31/2026"
"Sleep Aid","69168-263-30","25 mg/1","TABLET","ORAL","M012","Allegiant Health","69168-263","Diphenhydramine HCl 25 mg","DIPHENHYDRAMINE HYDROCHLORIDE","HUMAN OTC DRUG","03/03/2015","N/A","OTC MONOGRAPH DRUG","30 TABLET in 1 BOTTLE (69168-263-30)","Histamine H1 Receptor Antagonists [MoA],  Histamine-1 Receptor Antagonist [EPC]","N/A","No","12/31/2026"
"Sleep Aid","69168-263-54","25 mg/1","TABLET","ORAL","M012","Allegiant Health","69168-263","Diphenhydramine HCl 25 mg","DIPHENHYDRAMINE HYDROCHLORIDE","HUMAN OTC DRUG","05/08/2025","N/A","OTC MONOGRAPH DRUG","1 BAG in 1 CARTON (69168-263-54)  / 16458 TABLET in 1 BAG","Histamine H1 Receptor Antagonists [MoA],  Histamine-1 Receptor Antagonist [EPC]","N/A","No","12/31/2026"
"Sleep Aid","69168-263-93","25 mg/1","TABLET","ORAL","M012","Allegiant Health","69168-263","Diphenhydramine HCl 25 mg","DIPHENHYDRAMINE HYDROCHLORIDE","HUMAN OTC DRUG","03/03/2015","N/A","OTC MONOGRAPH DRUG","24 TABLET in 1 BOX (69168-263-93)","Histamine H1 Receptor Antagonists [MoA],  Histamine-1 Receptor Antagonist [EPC]","N/A","No","12/31/2026"
"Sleep Aid","69168-263-98","25 mg/1","TABLET","ORAL","M012","Allegiant Health","69168-263","Diphenhydramine HCl 25 mg","DIPHENHYDRAMINE HYDROCHLORIDE","HUMAN OTC DRUG","07/23/2021","N/A","OTC MONOGRAPH DRUG","200 TABLET in 1 BOTTLE (69168-263-98)","Histamine H1 Receptor Antagonists [MoA],  Histamine-1 Receptor Antagonist [EPC]","N/A","No","12/31/2026"
"DIPHENHYDRAMINE HYDROCHLORIDE","71872-7242-1","25 mg/10mL","SOLUTION","ORAL","ANDA087513","Medical Purchasing Solutions, LLC","71872-7242","DIPHENHYDRAMINE HYDROCHLORIDE","DIPHENHYDRAMINE HYDROCHLORIDE","HUMAN PRESCRIPTION DRUG","03/01/2021","N/A","ANDA","1 CUP, UNIT-DOSE in 1 BAG (71872-7242-1)  / 10 mL in 1 CUP, UNIT-DOSE","Histamine H1 Receptor Antagonists [MoA],  Histamine-1 Receptor Antagonist [EPC]","N/A","No","12/31/2026"
"Allergy Relief","72090-040-01","25 mg/1","TABLET","ORAL","M012","Pioneer Life Sciences, LLC","72090-040","Diphenhydramine HCl 25 mg","DIPHENHYDRAMINE HYDROCHLORIDE","HUMAN OTC DRUG","03/04/2025","N/A","OTC MONOGRAPH DRUG","1000 TABLET in 1 BOTTLE (72090-040-01)","Histamine H1 Receptor Antagonists [MoA],  Histamine-1 Receptor Antagonist [EPC]","N/A","No","12/31/2026"
"Allergy Relief","72090-040-02","25 mg/1","TABLET","ORAL","M012","Pioneer Life Sciences, LLC","72090-040","Diphenhydramine HCl 25 mg","DIPHENHYDRAMINE HYDROCHLORIDE","HUMAN OTC DRUG","03/04/2025","N/A","OTC MONOGRAPH DRUG","600 TABLET in 1 BOTTLE (72090-040-02)","Histamine H1 Receptor Antagonists [MoA],  Histamine-1 Receptor Antagonist [EPC]","N/A","No","12/31/2026"
"MAX ALLERGY KIDS","71399-0023-4","12.5 mg/5mL","SOLUTION","ORAL","M012","Akron Pharma Inc.","71399-0023","Diphenhydramine HCl","DIPHENHYDRAMINE HYDROCHLORIDE","HUMAN OTC DRUG","11/15/2023","N/A","OTC MONOGRAPH DRUG","118 mL in 1 BOTTLE (71399-0023-4)","Histamine H1 Receptor Antagonists [MoA],  Histamine-1 Receptor Antagonist [EPC]","N/A","No","12/31/2026"
"MAX ALLERGY KIDS","71399-0023-6","12.5 mg/5mL","SOLUTION","ORAL","M012","Akron Pharma Inc.","71399-0023","Diphenhydramine HCl","DIPHENHYDRAMINE HYDROCHLORIDE","HUMAN OTC DRUG","11/24/2023","N/A","OTC MONOGRAPH DRUG","473 mL in 1 BOTTLE (71399-0023-6)","Histamine H1 Receptor Antagonists [MoA],  Histamine-1 Receptor Antagonist [EPC]","N/A","No","12/31/2026"
"MAX ALLERGY KIDS","71399-0023-8","12.5 mg/5mL","SOLUTION","ORAL","M012","Akron Pharma Inc.","71399-0023","Diphenhydramine HCl","DIPHENHYDRAMINE HYDROCHLORIDE","HUMAN OTC DRUG","11/15/2023","N/A","OTC MONOGRAPH DRUG","236 mL in 1 BOTTLE (71399-0023-8)","Histamine H1 Receptor Antagonists [MoA],  Histamine-1 Receptor Antagonist [EPC]","N/A","No","12/31/2026"
"Discount Drugmart Nighttime Sleep-Aid","53943-822-64","50 mg/1","CAPSULE, LIQUID FILLED","ORAL","M010","Discount Drug Mart, Inc","53943-822","Diphenhydramine HCl","DIPHENHYDRAMINE HYDROCHLORIDE","HUMAN OTC DRUG","09/15/2021","N/A","OTC MONOGRAPH DRUG","1 BOTTLE in 1 CARTON (53943-822-64)  / 64 CAPSULE, LIQUID FILLED in 1 BOTTLE","Histamine H1 Receptor Antagonists [MoA],  Histamine-1 Receptor Antagonist [EPC]","N/A","No","12/31/2026"
"Childrens Allergy Relief","0363-8018-36","12.5 mg/5mL","SOLUTION","ORAL","M012","Walgreen Company","0363-8018","Diphenhydramine HCl","DIPHENHYDRAMINE HYDROCHLORIDE","HUMAN OTC DRUG","05/18/2023","N/A","OTC MONOGRAPH DRUG","1 BOTTLE, PLASTIC in 1 CARTON (0363-8018-36)  / 118 mL in 1 BOTTLE, PLASTIC","Histamine H1 Receptor Antagonists [MoA],  Histamine-1 Receptor Antagonist [EPC]","N/A","No","12/31/2027"
"RIGHT REMEDIES Allergy Relief","70692-832-11","25 mg/1","CAPSULE","ORAL","M012","Strive Pharmaceuticals Inc","70692-832","Diphenhydramine Hydrochloride","DIPHENHYDRAMINE HYDROCHLORIDE","HUMAN OTC DRUG","12/20/2021","N/A","OTC MONOGRAPH DRUG","1000 CAPSULE in 1 BOTTLE (70692-832-11)","Histamine H1 Receptor Antagonists [MoA],  Histamine-1 Receptor Antagonist [EPC]","N/A","No","12/31/2026"
"Nightime Sleep Aid","76168-065-37","50 mg/1","CAPSULE, LIQUID FILLED","ORAL","part341","Velocity Pharma","76168-065","Diphenhydramine","DIPHENHYDRAMINE HYDROCHLORIDE","HUMAN OTC DRUG","03/31/2014","N/A","OTC MONOGRAPH FINAL","16 CARTON in 1 BOTTLE (76168-065-37)  / 1 CAPSULE, LIQUID FILLED in 1 CARTON","Histamine H1 Receptor Antagonists [MoA],  Histamine-1 Receptor Antagonist [EPC]","N/A","No","12/31/2026"
"Dr Kids Allergy Relief","73282-2521-1","12.5 mg/5mL","SOLUTION","ORAL","M012","CalmCo LLC","73282-2521","Diphenhydramine HCl","DIPHENHYDRAMINE HYDROCHLORIDE","HUMAN OTC DRUG","01/20/2025","N/A","OTC MONOGRAPH DRUG","24 VIAL, SINGLE-DOSE in 1 POUCH (73282-2521-1)  / 5 mL in 1 VIAL, SINGLE-DOSE (73282-2521-5)","Histamine H1 Receptor Antagonists [MoA],  Histamine-1 Receptor Antagonist [EPC]","N/A","No","12/31/2027"
"Dr Kids Allergy Relief","73282-2521-3","12.5 mg/5mL","SOLUTION","ORAL","M012","CalmCo LLC","73282-2521","Diphenhydramine HCl","DIPHENHYDRAMINE HYDROCHLORIDE","HUMAN OTC DRUG","10/01/2025","N/A","OTC MONOGRAPH DRUG","30 VIAL, SINGLE-DOSE in 1 POUCH (73282-2521-3)  / 5 mL in 1 VIAL, SINGLE-DOSE (73282-2521-5)","Histamine H1 Receptor Antagonists [MoA],  Histamine-1 Receptor Antagonist [EPC]","N/A","No","12/31/2027"
"Dr Kids Allergy Relief","73282-2521-4","12.5 mg/5mL","SOLUTION","ORAL","M012","CalmCo LLC","73282-2521","Diphenhydramine HCl","DIPHENHYDRAMINE HYDROCHLORIDE","HUMAN OTC DRUG","10/01/2025","N/A","OTC MONOGRAPH DRUG","48 VIAL, SINGLE-DOSE in 1 POUCH (73282-2521-4)  / 5 mL in 1 VIAL, SINGLE-DOSE (73282-2521-5)","Histamine H1 Receptor Antagonists [MoA],  Histamine-1 Receptor Antagonist [EPC]","N/A","No","12/31/2027"
"Dimetapp Cold and Cough and Nighttime Cold and Congestion","80070-350-08","N/A","KIT","N/A","M012","Foundation Consumer Brands","80070-350","DIPHENHYDRAMINE HYDROCHLORIDE, PHENYLEPHRINE HYDROCHLORIDE, BROMPHENIRAMINE MALEATE, and DEXTROMETHORPHAN HYDROBROMIDE","N/A","HUMAN OTC DRUG","09/15/2021","12/31/2026","OTC MONOGRAPH DRUG","1 KIT in 1 CARTON (80070-350-08)  *  1 BOTTLE in 1 CARTON (80070-340-04)  / 118 mL in 1 BOTTLE *  1 BOTTLE in 1 CARTON (80070-310-04)  / 118 mL in 1 BOTTLE","N/A","N/A","No","N/A"
"allergy","41250-479-78","25 mg/1","TABLET, FILM COATED","ORAL","M012","Meijer Distribution Inc","41250-479","Diphenhydramine Hydrochloride","DIPHENHYDRAMINE HYDROCHLORIDE","HUMAN OTC DRUG","05/27/1993","N/A","OTC MONOGRAPH DRUG","1 BOTTLE in 1 CARTON (41250-479-78)  / 100 TABLET, FILM COATED in 1 BOTTLE","Histamine H1 Receptor Antagonists [MoA],  Histamine-1 Receptor Antagonist [EPC]","N/A","No","12/31/2027"
"Diphenhydramine Hydrochloride","50090-7014-0","25 mg/1","CAPSULE","ORAL","M012","A-S Medication Solutions","50090-7014","Diphenhydramine Hydrochloride","DIPHENHYDRAMINE HYDROCHLORIDE","HUMAN OTC DRUG","01/04/2024","N/A","OTC MONOGRAPH DRUG","10 BLISTER PACK in 1 BOX, UNIT-DOSE (50090-7014-0)  / 10 CAPSULE in 1 BLISTER PACK","Histamine H1 Receptor Antagonists [MoA],  Histamine-1 Receptor Antagonist [EPC]","N/A","No","12/31/2026"
"Sleep Aid Nighttime","69842-860-32","50 mg/1","CAPSULE","ORAL","M010","CVS Pharmacy","69842-860","Diphenhydramine HCL","DIPHENHYDRAMINE HYDROCHLORIDE","HUMAN OTC DRUG","11/29/2019","N/A","OTC MONOGRAPH DRUG","1 BOTTLE, PLASTIC in 1 BOX (69842-860-32)  / 32 CAPSULE in 1 BOTTLE, PLASTIC","Histamine H1 Receptor Antagonists [MoA],  Histamine-1 Receptor Antagonist [EPC]","N/A","No","12/31/2026"
"Sleep Aid Nighttime","69842-860-64","50 mg/1","CAPSULE","ORAL","M010","CVS Pharmacy","69842-860","Diphenhydramine HCL","DIPHENHYDRAMINE HYDROCHLORIDE","HUMAN OTC DRUG","11/29/2019","N/A","OTC MONOGRAPH DRUG","1 BOTTLE, PLASTIC in 1 BOX (69842-860-64)  / 64 CAPSULE in 1 BOTTLE, PLASTIC","Histamine H1 Receptor Antagonists [MoA],  Histamine-1 Receptor Antagonist [EPC]","N/A","No","12/31/2026"
"Sleep Aid Nighttime","69842-860-96","50 mg/1","CAPSULE","ORAL","M010","CVS Pharmacy","69842-860","Diphenhydramine HCL","DIPHENHYDRAMINE HYDROCHLORIDE","HUMAN OTC DRUG","11/29/2019","N/A","OTC MONOGRAPH DRUG","96 CAPSULE in 1 BOTTLE, PLASTIC (69842-860-96)","Histamine H1 Receptor Antagonists [MoA],  Histamine-1 Receptor Antagonist [EPC]","N/A","No","12/31/2026"
"Childrens Allergy Relief","30142-404-26","12.5 mg/5mL","SOLUTION","ORAL","M012","Kroger Company","30142-404","Diphenhydramine HCl","DIPHENHYDRAMINE HYDROCHLORIDE","HUMAN OTC DRUG","02/04/2014","N/A","OTC MONOGRAPH DRUG","1 BOTTLE in 1 CARTON (30142-404-26)  / 118 mL in 1 BOTTLE","Histamine H1 Receptor Antagonists [MoA],  Histamine-1 Receptor Antagonist [EPC]","N/A","No","12/31/2027"
"ADWE dye-free childrens allergy","68163-710-08","12.5 mg/5mL","SYRUP","ORAL","M010","RARITAN PHARMACEUTICALS INC","68163-710","Diphenhydramine hydrochloride","DIPHENHYDRAMINE HYDROCHLORIDE","HUMAN OTC DRUG","11/22/2021","N/A","OTC MONOGRAPH DRUG","1 BOTTLE, PLASTIC in 1 CARTON (68163-710-08)  / 236 mL in 1 BOTTLE, PLASTIC","Histamine H1 Receptor Antagonists [MoA],  Histamine-1 Receptor Antagonist [EPC]","N/A","No","12/31/2027"
"Nighttime Sleep-Aid","69452-427-10","50 mg/1","CAPSULE, LIQUID FILLED","ORAL","M010","BIONPHARMA INC.","69452-427","Diphenhydramine HCl","DIPHENHYDRAMINE HYDROCHLORIDE","HUMAN OTC DRUG","03/21/2024","N/A","OTC MONOGRAPH DRUG","32 CAPSULE, LIQUID FILLED in 1 BOTTLE (69452-427-10)","Histamine H1 Receptor Antagonists [MoA],  Histamine-1 Receptor Antagonist [EPC]","N/A","No","12/31/2026"
"Nighttime Sleep-Aid","69452-427-17","50 mg/1","CAPSULE, LIQUID FILLED","ORAL","M010","BIONPHARMA INC.","69452-427","Diphenhydramine HCl","DIPHENHYDRAMINE HYDROCHLORIDE","HUMAN OTC DRUG","03/21/2024","N/A","OTC MONOGRAPH DRUG","60 CAPSULE, LIQUID FILLED in 1 BOTTLE (69452-427-17)","Histamine H1 Receptor Antagonists [MoA],  Histamine-1 Receptor Antagonist [EPC]","N/A","No","12/31/2026"
"Nighttime Sleep-Aid","69452-427-79","50 mg/1","CAPSULE, LIQUID FILLED","ORAL","M010","BIONPHARMA INC.","69452-427","Diphenhydramine HCl","DIPHENHYDRAMINE HYDROCHLORIDE","HUMAN OTC DRUG","03/21/2024","N/A","OTC MONOGRAPH DRUG","160 CAPSULE, LIQUID FILLED in 1 BOTTLE (69452-427-79)","Histamine H1 Receptor Antagonists [MoA],  Histamine-1 Receptor Antagonist [EPC]","N/A","No","12/31/2026"
"Allergy Relief Diphenhydramine HCl 25mg SoftGel","72090-052-01","25 mg/1","CAPSULE, LIQUID FILLED","ORAL","M012","Pioneer Life Sciences, LLC","72090-052","Diphenhydramine Hydrochloride","DIPHENHYDRAMINE HYDROCHLORIDE","HUMAN OTC DRUG","06/30/2025","N/A","OTC MONOGRAPH DRUG","100 CAPSULE, LIQUID FILLED in 1 BOTTLE (72090-052-01)","Histamine H1 Receptor Antagonists [MoA],  Histamine-1 Receptor Antagonist [EPC]","N/A","No","12/31/2026"
"basic care ibuprofen pm","72288-050-60","38 mg/1,  200 mg/1","TABLET, FILM COATED","ORAL","ANDA079113","Amazon.com Services LLC","72288-050","diphenhydramine citrate, ibuprofen","DIPHENHYDRAMINE CITRATE,  IBUPROFEN","HUMAN OTC DRUG","12/10/2021","N/A","ANDA","1 BOTTLE in 1 CARTON (72288-050-60)  / 20 TABLET, FILM COATED in 1 BOTTLE","Anti-Inflammatory Agents,  Non-Steroidal [CS],  Cyclooxygenase Inhibitors [MoA],  Histamine H1 Receptor Antagonists [MoA],  Histamine-1 Receptor Antagonist [EPC],  Nonsteroidal Anti-inflammatory Drug [EPC]","N/A","No","12/31/2026"
"basic care ibuprofen pm","72288-050-76","38 mg/1,  200 mg/1","TABLET, FILM COATED","ORAL","ANDA079113","Amazon.com Services LLC","72288-050","diphenhydramine citrate, ibuprofen","DIPHENHYDRAMINE CITRATE,  IBUPROFEN","HUMAN OTC DRUG","04/30/2021","N/A","ANDA","1 BOTTLE in 1 CARTON (72288-050-76)  / 120 TABLET, FILM COATED in 1 BOTTLE","Anti-Inflammatory Agents,  Non-Steroidal [CS],  Cyclooxygenase Inhibitors [MoA],  Histamine H1 Receptor Antagonists [MoA],  Histamine-1 Receptor Antagonist [EPC],  Nonsteroidal Anti-inflammatory Drug [EPC]","N/A","No","12/31/2026"
"Calmco Allergy Relief","73282-2526-1","25 mg/1","CHEWABLE GEL","ORAL","M012","CalmCo LLC","73282-2526","Diphenhydramine HCl","DIPHENHYDRAMINE HYDROCHLORIDE","HUMAN OTC DRUG","06/26/2026","N/A","OTC MONOGRAPH DRUG","20 CHEWABLE GEL in 1 BOTTLE, PLASTIC (73282-2526-1)","Histamine H1 Receptor Antagonists [MoA],  Histamine-1 Receptor Antagonist [EPC]","N/A","No","12/31/2027"
"Calmco Allergy Relief","73282-2526-2","25 mg/1","CHEWABLE GEL","ORAL","M012","CalmCo LLC","73282-2526","Diphenhydramine HCl","DIPHENHYDRAMINE HYDROCHLORIDE","HUMAN OTC DRUG","06/26/2026","N/A","OTC MONOGRAPH DRUG","30 CHEWABLE GEL in 1 BOTTLE, PLASTIC (73282-2526-2)","Histamine H1 Receptor Antagonists [MoA],  Histamine-1 Receptor Antagonist [EPC]","N/A","No","12/31/2027"
"Allergy Relief","80513-722-06","25 mg/1","TABLET","ORAL","M012","Advanced Rx LLC","80513-722","Diphenhydramine HCl","DIPHENHYDRAMINE HYDROCHLORIDE","HUMAN OTC DRUG","08/01/2024","12/31/2027","OTC MONOGRAPH DRUG","600 TABLET in 1 BOTTLE (80513-722-06)","Histamine H1 Receptor Antagonists [MoA],  Histamine-1 Receptor Antagonist [EPC]","N/A","No","N/A"
"Ivarest","10157-9077-1","14 g/100g,  10.5 g/100g,  2 g/100g","CREAM","TOPICAL","M016","Blistex Inc","10157-9077","Zinc Oxide, Benzyl Alcohol, and Diphenhydramine Hydrochloride","ZINC OXIDE,  BENZYL ALCOHOL,  DIPHENHYDRAMINE HYDROCHLORIDE","HUMAN OTC DRUG","12/31/2007","N/A","OTC MONOGRAPH DRUG","1 TUBE in 1 CARTON (10157-9077-1)  / 56 g in 1 TUBE","Histamine H1 Receptor Antagonists [MoA],  Histamine-1 Receptor Antagonist [EPC],  Pediculicide [EPC]","N/A","No","12/31/2026"
"Sinus Pressure and Congestion Relief","11822-9485-9","N/A","KIT","N/A","M012","Rite Aid Corporation","11822-9485","Diphenhydramine HCl, Phenylephrine HCl","N/A","HUMAN OTC DRUG","07/02/2019","N/A","OTC MONOGRAPH DRUG","1 KIT in 1 CARTON (11822-9485-9)  *  8 TABLET, FILM COATED in 1 BLISTER PACK *  12 TABLET, FILM COATED in 1 BLISTER PACK","N/A","N/A","No","12/31/2027"
"good sense nighttime sleep aid","0113-0431-62","25 mg/1","TABLET, FILM COATED","ORAL","M010","L. Perrigo Company","0113-0431","Diphenhydramine Hydrochloride","DIPHENHYDRAMINE HYDROCHLORIDE","HUMAN OTC DRUG","04/25/2001","N/A","OTC MONOGRAPH DRUG","12 BLISTER PACK in 1 CARTON (0113-0431-62)  / 2 TABLET, FILM COATED in 1 BLISTER PACK","Histamine H1 Receptor Antagonists [MoA],  Histamine-1 Receptor Antagonist [EPC]","N/A","No","12/31/2026"
"good sense nighttime sleep aid","0113-0431-78","25 mg/1","TABLET, FILM COATED","ORAL","M010","L. Perrigo Company","0113-0431","Diphenhydramine Hydrochloride","DIPHENHYDRAMINE HYDROCHLORIDE","HUMAN OTC DRUG","12/29/2021","N/A","OTC MONOGRAPH DRUG","1 BOTTLE in 1 CARTON (0113-0431-78)  / 100 TABLET, FILM COATED in 1 BOTTLE","Histamine H1 Receptor Antagonists [MoA],  Histamine-1 Receptor Antagonist [EPC]","N/A","No","12/31/2026"
"good neighbor pharmacy ibuprofen pm","46122-708-60","38 mg/1,  200 mg/1","TABLET, FILM COATED","ORAL","ANDA079113","Amerisource Bergen","46122-708","diphenhydramine citrate, ibuprofen","DIPHENHYDRAMINE CITRATE,  IBUPROFEN","HUMAN OTC DRUG","04/01/2022","N/A","ANDA","1 BOTTLE in 1 CARTON (46122-708-60)  / 20 TABLET, FILM COATED in 1 BOTTLE","Anti-Inflammatory Agents,  Non-Steroidal [CS],  Cyclooxygenase Inhibitors [MoA],  Histamine H1 Receptor Antagonists [MoA],  Histamine-1 Receptor Antagonist [EPC],  Nonsteroidal Anti-inflammatory Drug [EPC]","N/A","No","12/31/2027"
"Geri-Dryl allergy relief","57896-683-01","25 mg/1","TABLET, COATED","ORAL","M012","Geri-Care Pharmaceutical Corp","57896-683","Diphenhydramine HCl","DIPHENHYDRAMINE HYDROCHLORIDE","HUMAN OTC DRUG","05/01/2020","N/A","OTC MONOGRAPH DRUG","100 TABLET, COATED in 1 BOTTLE (57896-683-01)","Histamine H1 Receptor Antagonists [MoA],  Histamine-1 Receptor Antagonist [EPC]","N/A","No","12/31/2026"
"Geri-Dryl allergy relief","57896-683-10","25 mg/1","TABLET, COATED","ORAL","M012","Geri-Care Pharmaceutical Corp","57896-683","Diphenhydramine HCl","DIPHENHYDRAMINE HYDROCHLORIDE","HUMAN OTC DRUG","04/01/2020","N/A","OTC MONOGRAPH DRUG","1000 TABLET, COATED in 1 BOTTLE (57896-683-10)","Histamine H1 Receptor Antagonists [MoA],  Histamine-1 Receptor Antagonist [EPC]","N/A","No","12/31/2026"
"Geri-Dryl allergy relief","57896-683-24","25 mg/1","TABLET, COATED","ORAL","M012","Geri-Care Pharmaceutical Corp","57896-683","Diphenhydramine HCl","DIPHENHYDRAMINE HYDROCHLORIDE","HUMAN OTC DRUG","04/01/2020","N/A","OTC MONOGRAPH DRUG","1 BLISTER PACK in 1 CARTON (57896-683-24)  / 24 TABLET, COATED in 1 BLISTER PACK","Histamine H1 Receptor Antagonists [MoA],  Histamine-1 Receptor Antagonist [EPC]","N/A","No","12/31/2026"
"Geri-Dryl allergy relief","57896-683-40","25 mg/1","TABLET, COATED","ORAL","M012","Geri-Care Pharmaceutical Corp","57896-683","Diphenhydramine HCl","DIPHENHYDRAMINE HYDROCHLORIDE","HUMAN OTC DRUG","04/01/2022","N/A","OTC MONOGRAPH DRUG","400 TABLET, COATED in 1 BOTTLE (57896-683-40)","Histamine H1 Receptor Antagonists [MoA],  Histamine-1 Receptor Antagonist [EPC]","N/A","No","12/31/2026"
"Circle K Allergy Antihistamine","66715-5554-3","25 mg/1","TABLET, FILM COATED","ORAL","M012","Lil' Drug Store Products, Inc.","66715-5554","Diphenhydramine Hydrochloride","DIPHENHYDRAMINE HYDROCHLORIDE","HUMAN OTC DRUG","10/15/2019","N/A","OTC MONOGRAPH DRUG","3 POUCH in 1 CARTON (66715-5554-3)  / 2 TABLET, FILM COATED in 1 POUCH","Histamine H1 Receptor Antagonists [MoA],  Histamine-1 Receptor Antagonist [EPC]","N/A","No","12/31/2026"
"Calmco Allergy Relief","73282-2524-2","25 mg/10mL","SOLUTION","ORAL","M012","CalmCo LLC","73282-2524","Diphenhydramine HCl","DIPHENHYDRAMINE HYDROCHLORIDE","HUMAN OTC DRUG","01/01/2026","N/A","OTC MONOGRAPH DRUG","18 VIAL, SINGLE-DOSE in 1 POUCH (73282-2524-2)  / 10 mL in 1 VIAL, SINGLE-DOSE (73282-2524-1)","Histamine H1 Receptor Antagonists [MoA],  Histamine-1 Receptor Antagonist [EPC]","N/A","No","12/31/2027"
"Dimetapp Cold and Cough and Dimetapp Nighttime Cold and Congestion","80070-360-12","N/A","KIT","N/A","M012","Foundation Consumer Brands","80070-360","BROMPHENIRAMINE MALEATE, DEXTROMETHORPHAN HYDROBROMIDE, PHENYLEPHRINE HYDROCHLORIDE, and DIPHENHYDRAMINE HYRDOCHLORIDE","N/A","HUMAN OTC DRUG","09/15/2021","12/31/2026","OTC MONOGRAPH DRUG","1 KIT in 1 CARTON (80070-360-12)  *  1 BOTTLE in 1 CARTON (80070-310-04)  / 118 mL in 1 BOTTLE *  1 BOTTLE in 1 CARTON (80070-340-04)  / 118 mL in 1 BOTTLE","N/A","N/A","No","N/A"
"Allergy","76168-121-12","25 mg/1","TABLET","ORAL","part341","Velocity Pharma LLC","76168-121","Diphenhydramine Hydrochloride","DIPHENHYDRAMINE HYDROCHLORIDE","HUMAN OTC DRUG","05/14/2018","N/A","OTC MONOGRAPH FINAL","100 CARTON in 1 BOTTLE (76168-121-12)  / 1 TABLET in 1 CARTON","Histamine H1 Receptor Antagonists [MoA],  Histamine-1 Receptor Antagonist [EPC]","N/A","No","12/31/2026"
"Calmco Sleep Aid","73282-2525-2","25 mg/5mL","SOLUTION","ORAL","M010","CalmCo LLC","73282-2525","Diphenhydramine HCl","DIPHENHYDRAMINE HYDROCHLORIDE","HUMAN OTC DRUG","01/01/2026","N/A","OTC MONOGRAPH DRUG","18 VIAL, SINGLE-DOSE in 1 POUCH (73282-2525-2)  / 10 mL in 1 VIAL, SINGLE-DOSE (73282-2525-1)","Histamine H1 Receptor Antagonists [MoA],  Histamine-1 Receptor Antagonist [EPC]","N/A","No","12/31/2027"
"Itch Relief","61010-8300-1","20.3 g/L","LIQUID","TOPICAL","M017","Safetec of America, Inc.","61010-8300","diphenhydramine hydrochloride","DIPHENHYDRAMINE HYDROCHLORIDE","HUMAN OTC DRUG","05/02/2013","N/A","OTC MONOGRAPH DRUG",".0591 L in 1 BOTTLE, SPRAY (61010-8300-1)","Histamine H1 Receptor Antagonists [MoA],  Histamine-1 Receptor Antagonist [EPC]","N/A","No","12/31/2026"
"Pain Reliever PM Extra Strength","62011-0256-1","500 mg/1,  25 mg/1","TABLET, COATED","ORAL","M012","Strategic Sourcing Services LLC","62011-0256","Acetaminophen, Diphenhydramine HCl","ACETAMINOPHEN,  DIPHENHYDRAMINE HYDROCHLORIDE","HUMAN OTC DRUG","07/31/2015","12/31/2026","OTC MONOGRAPH DRUG","1 BOTTLE, PLASTIC in 1 BOX (62011-0256-1)  / 50 TABLET, COATED in 1 BOTTLE, PLASTIC","Histamine H1 Receptor Antagonists [MoA],  Histamine-1 Receptor Antagonist [EPC]","N/A","No","N/A"
"ALLERGY RELIEF","0363-0100-61","25 mg/1","TABLET, FILM COATED","ORAL","M012","WALGREENS","0363-0100","DIPHENHYDRAMINE HYDROCHLORIDE","DIPHENHYDRAMINE HYDROCHLORIDE","HUMAN OTC DRUG","12/31/2021","N/A","OTC MONOGRAPH DRUG","600 TABLET, FILM COATED in 1 BOTTLE (0363-0100-61)","Histamine H1 Receptor Antagonists [MoA],  Histamine-1 Receptor Antagonist [EPC]","N/A","No","12/31/2026"
"ALLERGY RELIEF","0363-0100-65","25 mg/1","TABLET, FILM COATED","ORAL","M012","WALGREENS","0363-0100","DIPHENHYDRAMINE HYDROCHLORIDE","DIPHENHYDRAMINE HYDROCHLORIDE","HUMAN OTC DRUG","12/31/2021","N/A","OTC MONOGRAPH DRUG","365 TABLET, FILM COATED in 1 BOTTLE (0363-0100-65)","Histamine H1 Receptor Antagonists [MoA],  Histamine-1 Receptor Antagonist [EPC]","N/A","No","12/31/2026"
"Nighttime Sleep Aid Berry Flavor","68163-730-06","50 mg/30mL","LIQUID","ORAL","M012","Raritan Pharmaceuticals Inc","68163-730","DIPHENHYDRAMINE HYDROCHLORIDE","DIPHENHYDRAMINE HYDROCHLORIDE","HUMAN OTC DRUG","04/17/2019","N/A","OTC MONOGRAPH DRUG","177 mL in 1 BOTTLE, PLASTIC (68163-730-06)","Histamine H1 Receptor Antagonists [MoA],  Histamine-1 Receptor Antagonist [EPC]","N/A","No","12/31/2026"
"Ibuprofen PM","69842-870-15","200 mg/1,  25 mg/1","CAPSULE, LIQUID FILLED","ORAL","ANDA090397","CVS Pharmacy","69842-870","IBUPROFEN, DIPHENHYDRAMINE HCL","IBUPROFEN,  DIPHENHYDRAMINE HYDROCHLORIDE","HUMAN OTC DRUG","10/19/2021","N/A","ANDA","1 BOTTLE, PLASTIC in 1 CARTON (69842-870-15)  / 40 CAPSULE, LIQUID FILLED in 1 BOTTLE, PLASTIC","Anti-Inflammatory Agents,  Non-Steroidal [CS],  Cyclooxygenase Inhibitors [MoA],  Histamine H1 Receptor Antagonists [MoA],  Histamine-1 Receptor Antagonist [EPC],  Nonsteroidal Anti-inflammatory Drug [EPC]","N/A","No","12/31/2026"
"Dimetane","57237-368-01","50 mg/1","CAPSULE, LIQUID FILLED","ORAL","M012","Rising Pharma Holdings, Inc.","57237-368","Diphenhydramine Hydrochloride","DIPHENHYDRAMINE","HUMAN OTC DRUG","01/27/2026","N/A","OTC MONOGRAPH DRUG","100 CAPSULE, LIQUID FILLED in 1 BOTTLE (57237-368-01)","Histamine H1 Receptor Antagonists [MoA],  Histamine-1 Receptor Antagonist [EPC]","N/A","No","12/31/2027"
"Dimetane","57237-368-99","50 mg/1","CAPSULE, LIQUID FILLED","ORAL","M012","Rising Pharma Holdings, Inc.","57237-368","Diphenhydramine Hydrochloride","DIPHENHYDRAMINE","HUMAN OTC DRUG","01/27/2026","N/A","OTC MONOGRAPH DRUG","1000 CAPSULE, LIQUID FILLED in 1 BOTTLE (57237-368-99)","Histamine H1 Receptor Antagonists [MoA],  Histamine-1 Receptor Antagonist [EPC]","N/A","No","12/31/2027"
"Calmco Allergy Relief","73282-2529-1","25 mg/1","CHEWABLE GEL","ORAL","M012","CalmCo LLC","73282-2529","Diphenhydramine HCl","DIPHENHYDRAMINE HYDROCHLORIDE","HUMAN OTC DRUG","06/26/2026","N/A","OTC MONOGRAPH DRUG","20 CHEWABLE GEL in 1 BOTTLE, PLASTIC (73282-2529-1)","Histamine H1 Receptor Antagonists [MoA],  Histamine-1 Receptor Antagonist [EPC]","N/A","No","12/31/2027"
"dg health allergy childrens","55910-379-26","12.5 mg/5mL","SOLUTION","ORAL","M012","Dolgencorp, LLC","55910-379","Diphenhydramine Hydrochloride","DIPHENHYDRAMINE HYDROCHLORIDE","HUMAN OTC DRUG","01/29/2010","N/A","OTC MONOGRAPH DRUG","1 BOTTLE in 1 CARTON (55910-379-26)  / 118 mL in 1 BOTTLE","Histamine H1 Receptor Antagonists [MoA],  Histamine-1 Receptor Antagonist [EPC]","N/A","No","12/31/2026"
"dg health allergy childrens","55910-379-34","12.5 mg/5mL","SOLUTION","ORAL","M012","Dolgencorp, LLC","55910-379","Diphenhydramine Hydrochloride","DIPHENHYDRAMINE HYDROCHLORIDE","HUMAN OTC DRUG","01/25/2021","N/A","OTC MONOGRAPH DRUG","1 BOTTLE in 1 CARTON (55910-379-34)  / 237 mL in 1 BOTTLE","Histamine H1 Receptor Antagonists [MoA],  Histamine-1 Receptor Antagonist [EPC]","N/A","No","12/31/2026"
"Family Wellness","69571-005-02","2 g/100g,  .1 g/100g","CREAM","TOPICAL","M017","FRONT PHARMACEUTICAL PLC","69571-005","DIPHENHYDRAMINE HYDROCHLORIDE, ZINC ACETATE","DIPHENHYDRAMINE HYDROCHLORIDE,  ZINC ACETATE","HUMAN OTC DRUG","03/29/2017","N/A","OTC MONOGRAPH DRUG","1 TUBE in 1 BOX (69571-005-02)  / 28 g in 1 TUBE (69571-005-01)","Copper Absorption Inhibitor [EPC],  Decreased Copper Ion Absorption [PE],  Histamine H1 Receptor Antagonists [MoA],  Histamine-1 Receptor Antagonist [EPC]","N/A","No","12/31/2026"
"CalmCo Sleep Aid","73282-2527-1","25 mg/1","CHEWABLE GEL","ORAL","M010","CalmCo LLC","73282-2527","Diphenhydramine HCl","DIPHENHYDRAMINE HYDROCHLORIDE","HUMAN OTC DRUG","06/26/2026","N/A","OTC MONOGRAPH DRUG","20 CHEWABLE GEL in 1 BOTTLE, PLASTIC (73282-2527-1)","Histamine H1 Receptor Antagonists [MoA],  Histamine-1 Receptor Antagonist [EPC]","N/A","No","12/31/2027"
"CalmCo Sleep Aid","73282-2527-2","25 mg/1","CHEWABLE GEL","ORAL","M010","CalmCo LLC","73282-2527","Diphenhydramine HCl","DIPHENHYDRAMINE HYDROCHLORIDE","HUMAN OTC DRUG","06/26/2026","N/A","OTC MONOGRAPH DRUG","30 CHEWABLE GEL in 1 BOTTLE, PLASTIC (73282-2527-2)","Histamine H1 Receptor Antagonists [MoA],  Histamine-1 Receptor Antagonist [EPC]","N/A","No","12/31/2027"
"CVS Childrens Nighttime Multi Symptom Cold","51316-733-04","325 mg/10mL,  12.5 mg/10mL,  5 mg/10mL","LIQUID","ORAL","M010","CVS PHARMACY","51316-733","Acetaminophen , Diphenhydramine Hydrochloride,Phenylephrine Hydrochloride","ACETAMINOPHEN,  DIPHENHYDRAMINE HYDROCHLORIDE,  PHENYLEPHRINE HYDROCHLORIDE","HUMAN OTC DRUG","02/20/2023","N/A","OTC MONOGRAPH DRUG","118 mL in 1 BOTTLE (51316-733-04)","Adrenergic alpha1-Agonists [MoA],  Histamine H1 Receptor Antagonists [MoA],  Histamine-1 Receptor Antagonist [EPC],  alpha-1 Adrenergic Agonist [EPC]","N/A","No","12/31/2027"
"Dimetane","57237-367-01","25 mg/1","CAPSULE, LIQUID FILLED","ORAL","M012","Rising Pharma Holdings, Inc.","57237-367","Diphenhydramine Hydrochloride","DIPHENHYDRAMINE HYDROCHLORIDE","HUMAN OTC DRUG","01/27/2026","N/A","OTC MONOGRAPH DRUG","100 CAPSULE, LIQUID FILLED in 1 BOTTLE (57237-367-01)","Histamine H1 Receptor Antagonists [MoA],  Histamine-1 Receptor Antagonist [EPC]","N/A","No","12/31/2027"
"Dimetane","57237-367-99","25 mg/1","CAPSULE, LIQUID FILLED","ORAL","M012","Rising Pharma Holdings, Inc.","57237-367","Diphenhydramine Hydrochloride","DIPHENHYDRAMINE HYDROCHLORIDE","HUMAN OTC DRUG","01/27/2026","N/A","OTC MONOGRAPH DRUG","1000 CAPSULE, LIQUID FILLED in 1 BOTTLE (57237-367-99)","Histamine H1 Receptor Antagonists [MoA],  Histamine-1 Receptor Antagonist [EPC]","N/A","No","12/31/2027"
"Acetaminophen PM","63981-056-54","500 mg/1,  25 mg/1","TABLET, COATED","ORAL","M013","COSTCO WHOLESALE CORPORATION","63981-056","Acetaminophen, Diphenhydramine HCl","ACETAMINOPHEN,  DIPHENHYDRAMINE HYDROCHLORIDE","HUMAN OTC DRUG","10/04/2022","N/A","OTC MONOGRAPH DRUG","375 TABLET, COATED in 1 BOTTLE, PLASTIC (63981-056-54)","Histamine H1 Receptor Antagonists [MoA],  Histamine-1 Receptor Antagonist [EPC]","N/A","No","12/31/2026"
"Acetaminophen PM Extra Strength","67091-137-50","500 mg/1,  25 mg/1","TABLET, COATED","ORAL","M013","WinCo Foods, LLC","67091-137","Acetaminophen and Diphenhydramine Hydrochloride","ACETAMINOPHEN,  DIPHENHYDRAMINE HYDROCHLORIDE","HUMAN OTC DRUG","12/15/2014","N/A","OTC MONOGRAPH DRUG","1 BOTTLE, PLASTIC in 1 CARTON (67091-137-50)  / 50 TABLET, COATED in 1 BOTTLE, PLASTIC","Histamine H1 Receptor Antagonists [MoA],  Histamine-1 Receptor Antagonist [EPC]","N/A","No","12/31/2026"
"Benadryl Ultratabs","67751-166-01","25 mg/1","TABLET, FILM COATED","ORAL","M012","Navajo Manufacturing Company Inc.","67751-166","DIPHENHYDRAMINE HYDROCHLORIDE","DIPHENHYDRAMINE HYDROCHLORIDE","HUMAN OTC DRUG","09/22/2016","N/A","OTC MONOGRAPH DRUG","1 POUCH in 1 CARTON (67751-166-01)  / 2 TABLET, FILM COATED in 1 POUCH","Histamine H1 Receptor Antagonists [MoA],  Histamine-1 Receptor Antagonist [EPC]","N/A","No","12/31/2026"
"Benadryl Ultratabs","67751-166-02","25 mg/1","TABLET, FILM COATED","ORAL","M012","Navajo Manufacturing Company Inc.","67751-166","DIPHENHYDRAMINE HYDROCHLORIDE","DIPHENHYDRAMINE HYDROCHLORIDE","HUMAN OTC DRUG","09/22/2016","N/A","OTC MONOGRAPH DRUG","1 POUCH in 1 CARTON (67751-166-02)  / 4 TABLET, FILM COATED in 1 POUCH","Histamine H1 Receptor Antagonists [MoA],  Histamine-1 Receptor Antagonist [EPC]","N/A","No","12/31/2026"
"AMAZON BASIC CARE IBUPROFEN PM","72288-061-77","200 mg/1,  38 mg/1","TABLET, COATED","ORAL","ANDA216204","Amazon.com Services LLC","72288-061","Ibuprofen and Diphenhydramine Citrate","IBUPROFEN,  DIPHENHYDRAMINE CITRATE","HUMAN OTC DRUG","05/15/2024","N/A","ANDA","1 BOTTLE in 1 CARTON (72288-061-77)  / 120 TABLET, COATED in 1 BOTTLE","Anti-Inflammatory Agents,  Non-Steroidal [CS],  Cyclooxygenase Inhibitors [MoA],  Histamine H1 Receptor Antagonists [MoA],  Histamine-1 Receptor Antagonist [EPC],  Nonsteroidal Anti-inflammatory Drug [EPC]","N/A","No","12/31/2027"
"AMAZON BASIC CARE IBUPROFEN PM","72288-061-80","200 mg/1,  38 mg/1","TABLET, COATED","ORAL","ANDA216204","Amazon.com Services LLC","72288-061","Ibuprofen and Diphenhydramine Citrate","IBUPROFEN,  DIPHENHYDRAMINE CITRATE","HUMAN OTC DRUG","03/18/2026","N/A","ANDA","1 BOTTLE in 1 CARTON (72288-061-80)  / 80 TABLET, COATED in 1 BOTTLE","Anti-Inflammatory Agents,  Non-Steroidal [CS],  Cyclooxygenase Inhibitors [MoA],  Histamine H1 Receptor Antagonists [MoA],  Histamine-1 Receptor Antagonist [EPC],  Nonsteroidal Anti-inflammatory Drug [EPC]","N/A","No","12/31/2027"
"CalmCo Sleep Aid","73282-2528-1","25 mg/1","CHEWABLE GEL","ORAL","M010","CalmCo LLC","73282-2528","Diphenhydramine HCl","DIPHENHYDRAMINE HYDROCHLORIDE","HUMAN OTC DRUG","06/26/2026","N/A","OTC MONOGRAPH DRUG","20 CHEWABLE GEL in 1 BOTTLE, PLASTIC (73282-2528-1)","Histamine H1 Receptor Antagonists [MoA],  Histamine-1 Receptor Antagonist [EPC]","N/A","No","12/31/2027"
"Diphenhydramine Hydrochloride","60760-697-30","25 mg/1","CAPSULE","ORAL","M012","St. Mary's Medical Park Pharmacy","60760-697","Diphenhydramine Hydrochloride","DIPHENHYDRAMINE HYDROCHLORIDE","HUMAN OTC DRUG","05/19/2023","07/31/2027","OTC MONOGRAPH DRUG","30 CAPSULE in 1 BOTTLE, PLASTIC (60760-697-30)","Histamine H1 Receptor Antagonists [MoA],  Histamine-1 Receptor Antagonist [EPC]","N/A","No","N/A"
"nighttime sleep aid","72288-765-40","50 mg/30mL","SOLUTION","ORAL","M010","Amazon.com Services LLC","72288-765","Diphenhydramine HCl","DIPHENHYDRAMINE HYDROCHLORIDE","HUMAN OTC DRUG","07/09/2026","N/A","OTC MONOGRAPH DRUG","355 mL in 1 BOTTLE (72288-765-40)","Histamine H1 Receptor Antagonists [MoA],  Histamine-1 Receptor Antagonist [EPC]","N/A","No","12/31/2027"
"Dr Kids Allergy Relief","73282-2530-1","12.5 mg/1","CHEWABLE GEL","ORAL","M012","CalmCo LLC","73282-2530","Diphenhydramine HCl","DIPHENHYDRAMINE HYDROCHLORIDE","HUMAN OTC DRUG","06/26/2026","N/A","OTC MONOGRAPH DRUG","20 CHEWABLE GEL in 1 BOTTLE, PLASTIC (73282-2530-1)","Histamine H1 Receptor Antagonists [MoA],  Histamine-1 Receptor Antagonist [EPC]","N/A","No","12/31/2027"
"meijer NIGHTTIME Sleep Aid SOFTGEL","79481-0779-4","25 mg/1","CAPSULE, LIQUID FILLED","ORAL","M010","Meijer, Inc.","79481-0779","Diphenhydramine hydrochloride","DIPHENHYDRAMINE HYDROCHLORIDE","HUMAN OTC DRUG","06/27/2024","N/A","OTC MONOGRAPH DRUG","2 BLISTER PACK in 1 CARTON (79481-0779-4)  / 12 CAPSULE, LIQUID FILLED in 1 BLISTER PACK","Histamine H1 Receptor Antagonists [MoA],  Histamine-1 Receptor Antagonist [EPC]","N/A","No","12/31/2026"
"meijer NIGHTTIME Sleep Aid SOFTGEL","79481-0779-8","25 mg/1","CAPSULE, LIQUID FILLED","ORAL","M010","Meijer, Inc.","79481-0779","Diphenhydramine hydrochloride","DIPHENHYDRAMINE HYDROCHLORIDE","HUMAN OTC DRUG","03/10/2025","N/A","OTC MONOGRAPH DRUG","4 BLISTER PACK in 1 CARTON (79481-0779-8)  / 12 CAPSULE, LIQUID FILLED in 1 BLISTER PACK","Histamine H1 Receptor Antagonists [MoA],  Histamine-1 Receptor Antagonist [EPC]","N/A","No","12/31/2026"
"Pain Relief PM Extra Strength","83324-085-01","500 mg/1,  25 mg/1","TABLET, COATED","ORAL","M013","CHAIN DRUG MARKETING ASSOCIATION, INC.","83324-085","Acetaminophen and Diphenhydramine Hydrochloride","ACETAMINOPHEN,  DIPHENHYDRAMINE HYDROCHLORIDE","HUMAN OTC DRUG","04/29/2024","N/A","OTC MONOGRAPH DRUG","1 BOTTLE, PLASTIC in 1 CARTON (83324-085-01)  / 100 TABLET, COATED in 1 BOTTLE, PLASTIC","Histamine H1 Receptor Antagonists [MoA],  Histamine-1 Receptor Antagonist [EPC]","N/A","No","12/31/2026"
"Pain Relief PM Extra Strength","83324-085-50","500 mg/1,  25 mg/1","TABLET, COATED","ORAL","M013","CHAIN DRUG MARKETING ASSOCIATION, INC.","83324-085","Acetaminophen and Diphenhydramine Hydrochloride","ACETAMINOPHEN,  DIPHENHYDRAMINE HYDROCHLORIDE","HUMAN OTC DRUG","04/29/2024","N/A","OTC MONOGRAPH DRUG","1 BOTTLE, PLASTIC in 1 CARTON (83324-085-50)  / 50 TABLET, COATED in 1 BOTTLE, PLASTIC","Histamine H1 Receptor Antagonists [MoA],  Histamine-1 Receptor Antagonist [EPC]","N/A","No","12/31/2026"
"Acetaminophen and Diphenhydramine HCL","41415-661-05","25 mg/1,  500 mg/1","TABLET","ORAL","M013","PUBLIX SUPERMARKETS, INC","41415-661","Acetaminophen and Diphenhydramine HCL","DIPHENHYDRAMINE,  ACETAMINOPHEN","HUMAN OTC DRUG","08/02/2024","N/A","OTC MONOGRAPH DRUG","50 TABLET in 1 BOTTLE (41415-661-05)","Histamine H1 Receptor Antagonists [MoA],  Histamine-1 Receptor Antagonist [EPC]","N/A","No","12/31/2026"
"Acetaminophen and Diphenhydramine HCL","41415-661-10","25 mg/1,  500 mg/1","TABLET","ORAL","M013","PUBLIX SUPERMARKETS, INC","41415-661","Acetaminophen and Diphenhydramine HCL","DIPHENHYDRAMINE,  ACETAMINOPHEN","HUMAN OTC DRUG","08/02/2024","N/A","OTC MONOGRAPH DRUG","100 TABLET in 1 BOTTLE (41415-661-10)","Histamine H1 Receptor Antagonists [MoA],  Histamine-1 Receptor Antagonist [EPC]","N/A","No","12/31/2026"
"ibuprofen pm","42507-050-27","38 mg/1,  200 mg/1","TABLET, FILM COATED","ORAL","ANDA079113","HyVee Inc","42507-050","diphenhydramine citrate, ibuprofen","DIPHENHYDRAMINE CITRATE,  IBUPROFEN","HUMAN OTC DRUG","03/02/2009","N/A","ANDA","1 BOTTLE in 1 CARTON (42507-050-27)  / 80 TABLET, FILM COATED in 1 BOTTLE (42507-050-80)","Anti-Inflammatory Agents,  Non-Steroidal [CS],  Cyclooxygenase Inhibitors [MoA],  Histamine H1 Receptor Antagonists [MoA],  Histamine-1 Receptor Antagonist [EPC],  Nonsteroidal Anti-inflammatory Drug [EPC]","N/A","No","12/31/2027"
"Itch Eraser","44224-1114-1",".51 g/25.5g","SPRAY","TOPICAL","M017","Tender Corporation d/b/a Adventure Ready Brands","44224-1114","Diphenhydramine HCl","DIPHENHYDRAMINE HYDROCHLORIDE","HUMAN OTC DRUG","11/11/2024","N/A","OTC MONOGRAPH DRUG","1 BOTTLE, SPRAY in 1 BOX (44224-1114-1)  / 25.5 g in 1 BOTTLE, SPRAY (44224-1114-0)","Histamine H1 Receptor Antagonists [MoA],  Histamine-1 Receptor Antagonist [EPC]","N/A","No","12/31/2026"
"Care Science","51142-005-01","N/A","KIT","ORAL","505G(a)(3)","ASO LLC","51142-005","diphenhydramine hydrochloride, ibuprofen, hydrocortisone, bacitracin zinc, neomycin sulfate, polymyxin-B sulfate, lidocaine HCL, benzalkonium chloride, isopropyl alcohol, ethyl alcohol","N/A","HUMAN OTC DRUG","05/07/2025","N/A","OTC MONOGRAPH DRUG","1 KIT in 1 CASE (51142-005-01)  *  .9 g in 1 POUCH (61010-5600-1)  *  .34 g in 1 POUCH (51142-445-21)  *  .9 g in 1 POUCH (61010-5800-1)  *  2 TABLET, COATED in 1 PACKET (47682-718-99)  *  .0019 L in 1 PACKET (61010-2017-0)  *  1 TABLET, FILM COATED in 1 PACKET (47682-167-46)  *  .9 g in 1 PACKET (61010-5701-3)","N/A","N/A","No","12/31/2027"
"Nighttime Sleep-aid","57896-785-72","25 mg/1","TABLET","ORAL","M010","Geri-Care Pharmaceutical Corp","57896-785","Diphenhydramine HCl","DIPHENHYDRAMINE HYDROCHLORIDE","HUMAN OTC DRUG","01/01/2004","12/31/2026","OTC MONOGRAPH DRUG","72 TABLET in 1 BOTTLE (57896-785-72)","Histamine H1 Receptor Antagonists [MoA],  Histamine-1 Receptor Antagonist [EPC]","N/A","No","N/A"
"Pharbedryl","60760-699-30","25 mg/1","CAPSULE","ORAL","M010","St. Mary's Medical Park Pharmacy","60760-699","Diphenhydramine HCl","DIPHENHYDRAMINE HYDROCHLORIDE","HUMAN OTC DRUG","09/16/2025","12/31/2028","OTC MONOGRAPH DRUG","30 CAPSULE in 1 BOTTLE, PLASTIC (60760-699-30)","Histamine H1 Receptor Antagonists [MoA],  Histamine-1 Receptor Antagonist [EPC]","N/A","No","N/A"
"M-Dryl","63629-1159-1","12.5 mg/5mL","LIQUID","ORAL","M012","Bryant Ranch Prepack","63629-1159","DIPHENHYDRAMINE HYDROCHLORIDE","DIPHENHYDRAMINE HYDROCHLORIDE","HUMAN OTC DRUG","10/06/2020","N/A","OTC MONOGRAPH DRUG","120 mL in 1 BOTTLE (63629-1159-1)","Histamine H1 Receptor Antagonists [MoA],  Histamine-1 Receptor Antagonist [EPC]","N/A","No","12/31/2026"
"Allergy Relief","69452-444-31","25 mg/1","TABLET","ORAL","M012","BIONPHARMA INC.","69452-444","Diphenhydramine HCl","DIPHENHYDRAMINE HYDROCHLORIDE","HUMAN OTC DRUG","06/24/2025","N/A","OTC MONOGRAPH DRUG","600 TABLET in 1 BOTTLE (69452-444-31)","Histamine H1 Receptor Antagonists [MoA],  Histamine-1 Receptor Antagonist [EPC]","N/A","No","12/31/2027"
"Nighttime Sleep-aid","80136-785-96","25 mg/1","TABLET","ORAL","M010","NORTHEAST PHARMA","80136-785","Diphenhydramine HCl","DIPHENHYDRAMINE HYDROCHLORIDE","HUMAN OTC DRUG","09/01/2021","12/31/2026","OTC MONOGRAPH DRUG","96 TABLET in 1 BOTTLE (80136-785-96)","Histamine H1 Receptor Antagonists [MoA],  Histamine-1 Receptor Antagonist [EPC]","N/A","No","N/A"
"Rite Aid Anti-Itch","11822-1070-3","2 g/100mL","GEL","TOPICAL","M017","Rite Aid","11822-1070","Diphenhydramine HCl 2%","DIPHENHYDRAMINE HYDROCHLORIDE","HUMAN OTC DRUG","03/31/2021","N/A","OTC MONOGRAPH DRUG","103 mL in 1 TUBE (11822-1070-3)","Histamine H1 Receptor Antagonists [MoA],  Histamine-1 Receptor Antagonist [EPC]","N/A","No","12/31/2026"
"ALLERGY","41226-160-01","25 mg/1","TABLET, FILM COATED","ORAL","M013","Kroger Company","41226-160","DIPHENHYDRAMINE HYDROCHLORIDE","DIPHENHYDRAMINE HYDROCHLORIDE","HUMAN OTC DRUG","05/11/2021","N/A","OTC MONOGRAPH DRUG","1 BOTTLE in 1 CARTON (41226-160-01)  / 100 TABLET, FILM COATED in 1 BOTTLE","Histamine H1 Receptor Antagonists [MoA],  Histamine-1 Receptor Antagonist [EPC]","N/A","No","12/31/2026"
"ALLERGY","41226-160-40","25 mg/1","TABLET, FILM COATED","ORAL","M013","Kroger Company","41226-160","DIPHENHYDRAMINE HYDROCHLORIDE","DIPHENHYDRAMINE HYDROCHLORIDE","HUMAN OTC DRUG","05/11/2021","N/A","OTC MONOGRAPH DRUG","1 BOTTLE in 1 CARTON (41226-160-40)  / 400 TABLET, FILM COATED in 1 BOTTLE","Histamine H1 Receptor Antagonists [MoA],  Histamine-1 Receptor Antagonist [EPC]","N/A","No","12/31/2026"
"ALLERGY","41226-160-42","25 mg/1","TABLET, FILM COATED","ORAL","M013","Kroger Company","41226-160","DIPHENHYDRAMINE HYDROCHLORIDE","DIPHENHYDRAMINE HYDROCHLORIDE","HUMAN OTC DRUG","05/11/2021","N/A","OTC MONOGRAPH DRUG","1 BLISTER PACK in 1 CARTON (41226-160-42)  / 12 BLISTER PACK in 1 BLISTER PACK / 12 TABLET, FILM COATED in 1 BLISTER PACK","Histamine H1 Receptor Antagonists [MoA],  Histamine-1 Receptor Antagonist [EPC]","N/A","No","12/31/2026"
"Dr Kids Allergy Relief","73282-2531-1","12.5 mg/1","CHEWABLE GEL","ORAL","M012","CalmCo LLC","73282-2531","Diphenhydramine HCl","DIPHENHYDRAMINE HYDROCHLORIDE","HUMAN OTC DRUG","06/26/2026","N/A","OTC MONOGRAPH DRUG","20 CHEWABLE GEL in 1 BOTTLE, PLASTIC (73282-2531-1)","Histamine H1 Receptor Antagonists [MoA],  Histamine-1 Receptor Antagonist [EPC]","N/A","No","12/31/2027"
"SleepAid (Diphenhydramine HCL)","24689-154-01","50 mg/1","CAPSULE, LIQUID FILLED","ORAL","M010","APNAR PHARMA LP","24689-154","Diphenhydramine HCL","DIPHENHYDRAMINE HYDROCHLORIDE","HUMAN OTC DRUG","05/04/2023","N/A","OTC MONOGRAPH DRUG","100 CAPSULE, LIQUID FILLED in 1 BOTTLE (24689-154-01)","Histamine H1 Receptor Antagonists [MoA],  Histamine-1 Receptor Antagonist [EPC]","N/A","No","12/31/2026"
"Sleep Aid","0363-8020-02","50 mg/30mL","SOLUTION","ORAL","M010","Walgreen Company","0363-8020","Diphenhydramine HCl","DIPHENHYDRAMINE HYDROCHLORIDE","HUMAN OTC DRUG","03/10/2022","N/A","OTC MONOGRAPH DRUG","355 mL in 1 BOTTLE, PLASTIC (0363-8020-02)","Histamine H1 Receptor Antagonists [MoA],  Histamine-1 Receptor Antagonist [EPC]","N/A","No","12/31/2027"
"Sleep Aid","0363-8020-45","50 mg/30mL","SOLUTION","ORAL","M010","Walgreen Company","0363-8020","Diphenhydramine HCl","DIPHENHYDRAMINE HYDROCHLORIDE","HUMAN OTC DRUG","03/10/2022","N/A","OTC MONOGRAPH DRUG","177 mL in 1 BOTTLE, PLASTIC (0363-8020-45)","Histamine H1 Receptor Antagonists [MoA],  Histamine-1 Receptor Antagonist [EPC]","N/A","No","12/31/2027"
"Sleep Aid","0363-8020-97","50 mg/30mL","SOLUTION","ORAL","M010","Walgreen Company","0363-8020","Diphenhydramine HCl","DIPHENHYDRAMINE HYDROCHLORIDE","HUMAN OTC DRUG","03/10/2022","N/A","OTC MONOGRAPH DRUG","2 BOTTLE, PLASTIC in 1 CARTON (0363-8020-97)  / 355 mL in 1 BOTTLE, PLASTIC","Histamine H1 Receptor Antagonists [MoA],  Histamine-1 Receptor Antagonist [EPC]","N/A","No","12/31/2027"
"Itch Eraser Gel","44224-1116-1","1.14 g/57g","GEL","TOPICAL","M017","Tender Corporation d/b/a Adventure Ready Brands","44224-1116","Diphenhydramine HCl","DIPHENHYDRAMINE","HUMAN OTC DRUG","01/01/2025","N/A","OTC MONOGRAPH DRUG","1 TUBE in 1 BOX (44224-1116-1)  / 57 g in 1 TUBE (44224-1116-0)","Histamine H1 Receptor Antagonists [MoA],  Histamine-1 Receptor Antagonist [EPC]","N/A","No","12/31/2026"
"M-Dryl","63629-1160-1","12.5 mg/5mL","LIQUID","ORAL","M012","Bryant Ranch Prepack","63629-1160","DIPHENHYDRAMINE HYDROCHLORIDE","DIPHENHYDRAMINE HYDROCHLORIDE","HUMAN OTC DRUG","10/06/2020","N/A","OTC MONOGRAPH DRUG","473 mL in 1 BOTTLE (63629-1160-1)","Histamine H1 Receptor Antagonists [MoA],  Histamine-1 Receptor Antagonist [EPC]","N/A","No","12/31/2027"
"Pain Reliever PM, Extra Strength, 24-7 Life by 7-Eleven","66715-5640-4","25 mg/1,  500 mg/1","TABLET, FILM COATED","ORAL","M013","Lil' Drug Store Products, Inc.","66715-5640","acetaminophen, diphenhydramine hcl tablet, film coated","DIPHENHYDRAMINE HYDROCHLORIDE,  ACETAMINOPHEN","HUMAN OTC DRUG","04/19/2022","N/A","OTC MONOGRAPH DRUG","1 BOTTLE, PLASTIC in 1 CARTON (66715-5640-4)  / 24 TABLET, FILM COATED in 1 BOTTLE, PLASTIC","Histamine H1 Receptor Antagonists [MoA],  Histamine-1 Receptor Antagonist [EPC]","N/A","No","12/31/2026"
"Allergy Relief","69452-445-24","50 mg/1","TABLET","ORAL","M012","BIONPHARMA INC.","69452-445","Diphenhydramine HCl","DIPHENHYDRAMINE HYDROCHLORIDE","HUMAN OTC DRUG","08/11/2025","N/A","OTC MONOGRAPH DRUG","1 BOTTLE in 1 CARTON (69452-445-24)  / 150 TABLET in 1 BOTTLE","Histamine H1 Receptor Antagonists [MoA],  Histamine-1 Receptor Antagonist [EPC]","N/A","No","12/31/2027"
"Allergy Relief","69452-445-77","50 mg/1","TABLET","ORAL","M012","BIONPHARMA INC.","69452-445","Diphenhydramine HCl","DIPHENHYDRAMINE HYDROCHLORIDE","HUMAN OTC DRUG","08/11/2025","N/A","OTC MONOGRAPH DRUG","4 BLISTER PACK in 1 CARTON (69452-445-77)  / 12 TABLET in 1 BLISTER PACK","Histamine H1 Receptor Antagonists [MoA],  Histamine-1 Receptor Antagonist [EPC]","N/A","No","12/31/2027"
"Allergy Relief","83324-088-01","25 mg/1","TABLET, COATED","ORAL","M012","CHAIN DRUG MARKETING ASSOCIATION, INC.","83324-088","DIPHENHYDRAMINE HYDROCHLORIDE","DIPHENHYDRAMINE HYDROCHLORIDE","HUMAN OTC DRUG","08/12/2024","N/A","OTC MONOGRAPH DRUG","1 BOTTLE, PLASTIC in 1 CARTON (83324-088-01)  / 100 TABLET, COATED in 1 BOTTLE, PLASTIC","Histamine H1 Receptor Antagonists [MoA],  Histamine-1 Receptor Antagonist [EPC]","N/A","No","12/31/2026"
"Allergy Relief","83324-088-03","25 mg/1","TABLET, COATED","ORAL","M012","CHAIN DRUG MARKETING ASSOCIATION, INC.","83324-088","DIPHENHYDRAMINE HYDROCHLORIDE","DIPHENHYDRAMINE HYDROCHLORIDE","HUMAN OTC DRUG","08/12/2024","N/A","OTC MONOGRAPH DRUG","1 BOTTLE, PLASTIC in 1 CARTON (83324-088-03)  / 300 TABLET, COATED in 1 BOTTLE, PLASTIC","Histamine H1 Receptor Antagonists [MoA],  Histamine-1 Receptor Antagonist [EPC]","N/A","No","12/31/2026"
"Allergy Relief","83324-088-24","25 mg/1","TABLET, COATED","ORAL","M012","CHAIN DRUG MARKETING ASSOCIATION, INC.","83324-088","DIPHENHYDRAMINE HYDROCHLORIDE","DIPHENHYDRAMINE HYDROCHLORIDE","HUMAN OTC DRUG","08/12/2024","N/A","OTC MONOGRAPH DRUG","2 BLISTER PACK in 1 CARTON (83324-088-24)  / 12 TABLET, COATED in 1 BLISTER PACK","Histamine H1 Receptor Antagonists [MoA],  Histamine-1 Receptor Antagonist [EPC]","N/A","No","12/31/2026"
"Allergy Relief Childrens","51316-180-19","12.5 mg/5mL","SOLUTION","ORAL","M012","CVS WOONSOCKET PRESCRIPTION CENTER, INCORPORATED","51316-180","Diphenhydramine HCl","DIPHENHYDRAMINE HYDROCHLORIDE","HUMAN OTC DRUG","04/22/2025","N/A","OTC MONOGRAPH DRUG","1 BOTTLE, PLASTIC in 1 CARTON (51316-180-19)  / 237 mL in 1 BOTTLE, PLASTIC","Histamine H1 Receptor Antagonists [MoA],  Histamine-1 Receptor Antagonist [EPC]","N/A","No","12/31/2027"
"Allergy Relief Childrens","51316-180-36","12.5 mg/5mL","SOLUTION","ORAL","M012","CVS WOONSOCKET PRESCRIPTION CENTER, INCORPORATED","51316-180","Diphenhydramine HCl","DIPHENHYDRAMINE HYDROCHLORIDE","HUMAN OTC DRUG","04/22/2025","N/A","OTC MONOGRAPH DRUG","1 BOTTLE, PLASTIC in 1 CARTON (51316-180-36)  / 118 mL in 1 BOTTLE, PLASTIC","Histamine H1 Receptor Antagonists [MoA],  Histamine-1 Receptor Antagonist [EPC]","N/A","No","12/31/2027"
"dg health sleep aid","55910-431-62","25 mg/1","TABLET, FILM COATED","ORAL","M010","Dolgencorp Inc","55910-431","Diphenhydramine Hydrochloride","DIPHENHYDRAMINE HYDROCHLORIDE","HUMAN OTC DRUG","01/24/2010","N/A","OTC MONOGRAPH DRUG","12 BLISTER PACK in 1 CARTON (55910-431-62)  / 2 TABLET, FILM COATED in 1 BLISTER PACK","Histamine H1 Receptor Antagonists [MoA],  Histamine-1 Receptor Antagonist [EPC]","N/A","No","12/31/2026"
"dg health sleep aid","55910-431-67","25 mg/1","TABLET, FILM COATED","ORAL","M010","Dolgencorp Inc","55910-431","Diphenhydramine Hydrochloride","DIPHENHYDRAMINE HYDROCHLORIDE","HUMAN OTC DRUG","09/18/2012","N/A","OTC MONOGRAPH DRUG","24 BLISTER PACK in 1 CARTON (55910-431-67)  / 2 TABLET, FILM COATED in 1 BLISTER PACK","Histamine H1 Receptor Antagonists [MoA],  Histamine-1 Receptor Antagonist [EPC]","N/A","No","12/31/2026"
"Allergy Relief","0363-6123-20","50 mg/1","CAPSULE, LIQUID FILLED","ORAL","M012","WALGREEN COMPANY","0363-6123","Diphenhydramine HCl","DIPHENHYDRAMINE HYDROCHLORIDE","HUMAN OTC DRUG","05/22/2025","N/A","OTC MONOGRAPH DRUG","1 BOTTLE in 1 CARTON (0363-6123-20)  / 100 CAPSULE, LIQUID FILLED in 1 BOTTLE","Histamine H1 Receptor Antagonists [MoA],  Histamine-1 Receptor Antagonist [EPC]","N/A","No","12/31/2026"
"Sinus Relief Daytime, Nighttime, Maximum Strength","69842-882-09","N/A","KIT","N/A","M012","CVS PHARMACY","69842-882","Acetaminophen, Diphenhydramine HCl, Guaifenesin, Phenylephrine HCl","N/A","HUMAN OTC DRUG","07/01/2017","N/A","OTC MONOGRAPH DRUG","1 KIT in 1 CARTON (69842-882-09)  *  10 TABLET, FILM COATED in 1 BLISTER PACK *  10 TABLET, FILM COATED in 1 BLISTER PACK","N/A","N/A","No","12/31/2026"
"Allergy Relief","83324-087-01","25 mg/1","CAPSULE","ORAL","M012","CHAIN DRUG MARKETING ASSOCIATION, INC.","83324-087","DIPHENHYDRAMINE HYDROCHLORIDE","DIPHENHYDRAMINE HYDROCHLORIDE","HUMAN OTC DRUG","08/16/2024","N/A","OTC MONOGRAPH DRUG","1 BOTTLE, PLASTIC in 1 CARTON (83324-087-01)  / 100 CAPSULE in 1 BOTTLE, PLASTIC","Histamine H1 Receptor Antagonists [MoA],  Histamine-1 Receptor Antagonist [EPC]","N/A","No","12/31/2026"
"Allergy Relief","83324-087-24","25 mg/1","CAPSULE","ORAL","M012","CHAIN DRUG MARKETING ASSOCIATION, INC.","83324-087","DIPHENHYDRAMINE HYDROCHLORIDE","DIPHENHYDRAMINE HYDROCHLORIDE","HUMAN OTC DRUG","08/16/2024","N/A","OTC MONOGRAPH DRUG","2 BLISTER PACK in 1 CARTON (83324-087-24)  / 12 CAPSULE in 1 BLISTER PACK","Histamine H1 Receptor Antagonists [MoA],  Histamine-1 Receptor Antagonist [EPC]","N/A","No","12/31/2026"
"Acetaminophen and Diphenhydramine hydrochloride","21130-224-18","500 mg/1,  25 mg/1","TABLET","ORAL","M013","Better Living Brands, LLC","21130-224","Acetaminophen and Diphenhydramine hydrochloride","ACETAMINOPHEN,  DIPHENHYDRAMINE HYDROCHLORIDE","HUMAN OTC DRUG","11/18/2023","N/A","OTC MONOGRAPH DRUG","1 BOTTLE in 1 CARTON (21130-224-18)  / 80 TABLET in 1 BOTTLE","Histamine H1 Receptor Antagonists [MoA],  Histamine-1 Receptor Antagonist [EPC]","N/A","No","12/31/2026"
"Acetaminophen and Diphenhydramine hydrochloride","21130-224-73","500 mg/1,  25 mg/1","TABLET","ORAL","M013","Better Living Brands, LLC","21130-224","Acetaminophen and Diphenhydramine hydrochloride","ACETAMINOPHEN,  DIPHENHYDRAMINE HYDROCHLORIDE","HUMAN OTC DRUG","11/18/2023","N/A","OTC MONOGRAPH DRUG","1 BOTTLE in 1 CARTON (21130-224-73)  / 20 TABLET in 1 BOTTLE","Histamine H1 Receptor Antagonists [MoA],  Histamine-1 Receptor Antagonist [EPC]","N/A","No","12/31/2026"
"Diphenhydramine HCl","73376-003-80","25 mg/25mg","TABLET, FILM COATED","ORAL","M012","INVAHEALTH INC","73376-003","Diphenhydramine HCl","DIPHENHYDRAMINE HYDROCHLORIDE","HUMAN OTC DRUG","07/28/2022","N/A","OTC MONOGRAPH DRUG","1000 mg in 1 BOTTLE (73376-003-80)","Histamine H1 Receptor Antagonists [MoA],  Histamine-1 Receptor Antagonist [EPC]","N/A","No","12/31/2027"
"After Bite Xtra","44224-1276-1",".4 g/20g","GEL","TOPICAL","M017","Tender Corporation d/b/a Adventure Ready Brands","44224-1276","Diphenhydramine HCl","DIPHENHYDRAMINE HYDROCHLORIDE","HUMAN OTC DRUG","01/01/2025","N/A","OTC MONOGRAPH DRUG","1 TUBE in 1 BOX (44224-1276-1)  / 1 g in 1 TUBE (44224-1276-0)","Histamine H1 Receptor Antagonists [MoA],  Histamine-1 Receptor Antagonist [EPC]","N/A","No","12/31/2026"
"dg health pain relief pm extra strength","55910-437-71","500 mg/1,  25 mg/1","TABLET, FILM COATED","ORAL","M013","Dolgencorp Inc","55910-437","Acetaminophen, Diphenhydramine HCl","ACETAMINOPHEN,  DIPHENHYDRAMINE HYDROCHLORIDE","HUMAN OTC DRUG","11/21/2009","N/A","OTC MONOGRAPH DRUG","1 BOTTLE in 1 CARTON (55910-437-71)  / 50 TABLET, FILM COATED in 1 BOTTLE","Histamine H1 Receptor Antagonists [MoA],  Histamine-1 Receptor Antagonist [EPC]","N/A","No","12/31/2027"
"dg health pain relief pm extra strength","55910-437-78","500 mg/1,  25 mg/1","TABLET, FILM COATED","ORAL","M013","Dolgencorp Inc","55910-437","Acetaminophen, Diphenhydramine HCl","ACETAMINOPHEN,  DIPHENHYDRAMINE HYDROCHLORIDE","HUMAN OTC DRUG","11/21/2009","N/A","OTC MONOGRAPH DRUG","1 BOTTLE in 1 CARTON (55910-437-78)  / 100 TABLET, FILM COATED in 1 BOTTLE","Histamine H1 Receptor Antagonists [MoA],  Histamine-1 Receptor Antagonist [EPC]","N/A","No","12/31/2027"
"Sleep","57243-189-21","25 mg/1","TABLET","ORAL","M010","Salado Sales, Inc.","57243-189","Diphenhydramine HCl","DIPHENHYDRAMINE HYDROCHLORIDE","HUMAN OTC DRUG","04/10/1990","N/A","OTC MONOGRAPH DRUG","2 BLISTER PACK in 1 CARTON (57243-189-21)  / 8 TABLET in 1 BLISTER PACK","Histamine H1 Receptor Antagonists [MoA],  Histamine-1 Receptor Antagonist [EPC]","N/A","No","12/31/2026"
"Extra Strength Pain Reliever PM","62936-0224-1","500 mg/1,  25 mg/1","TABLET","ORAL","M013","INGLES MARKETS, INC.","62936-0224","Acetaminophen, Diphenhydramine HCl","ACETAMINOPHEN,  DIPHENHYDRAMINE HYDROCHLORIDE","HUMAN OTC DRUG","07/01/2024","N/A","OTC MONOGRAPH DRUG","1 BOTTLE in 1 CARTON (62936-0224-1)  / 50 TABLET in 1 BOTTLE","Histamine H1 Receptor Antagonists [MoA],  Histamine-1 Receptor Antagonist [EPC]","N/A","No","12/31/2026"
"itch relief","69452-449-37","1 mg/g,  20 mg/g","CREAM","TOPICAL","M017","Bionpharma Inc.","69452-449","diphenhydramine hydrochloride and zinc acetate","ZINC ACETATE,  DIPHENHYDRAMINE HYDROCHLORIDE","HUMAN OTC DRUG","07/16/2024","N/A","OTC MONOGRAPH DRUG","1 TUBE in 1 CARTON (69452-449-37)  / 35.4 g in 1 TUBE","Copper Absorption Inhibitor [EPC],  Decreased Copper Ion Absorption [PE],  Histamine H1 Receptor Antagonists [MoA],  Histamine-1 Receptor Antagonist [EPC]","N/A","No","12/31/2026"
"Pain Relief PM","42507-095-03","500 mg/1,  25 mg/1","TABLET, COATED","ORAL","M013","HYVEE INC","42507-095","Acetaminophen and Diphenhydramine Hydrochloride","ACETAMINOPHEN,  DIPHENHYDRAMINE HYDROCHLORIDE","HUMAN OTC DRUG","10/22/2025","N/A","OTC MONOGRAPH DRUG","1 BOTTLE, PLASTIC in 1 CARTON (42507-095-03)  / 100 TABLET, COATED in 1 BOTTLE, PLASTIC","Histamine H1 Receptor Antagonists [MoA],  Histamine-1 Receptor Antagonist [EPC]","N/A","No","12/31/2026"
"Pain Relief PM","42507-095-17","500 mg/1,  25 mg/1","TABLET, COATED","ORAL","M013","HYVEE INC","42507-095","Acetaminophen and Diphenhydramine Hydrochloride","ACETAMINOPHEN,  DIPHENHYDRAMINE HYDROCHLORIDE","HUMAN OTC DRUG","11/20/2025","N/A","OTC MONOGRAPH DRUG","225 TABLET, COATED in 1 BOTTLE, PLASTIC (42507-095-17)","Histamine H1 Receptor Antagonists [MoA],  Histamine-1 Receptor Antagonist [EPC]","N/A","No","12/31/2026"
"Severe Allergy Plus Sinus Headache","49035-543-09","325 mg/1,  25 mg/1,  5 mg/1","TABLET, FILM COATED","ORAL","M012","Wal-Mart Stores Inc","49035-543","Acetaminophen, Diphenhydramine HCl, Phenylephrine HCl","ACETAMINOPHEN,  DIPHENHYDRAMINE HYDROCHLORIDE,  PHENYLEPHRINE HYDROCHLORIDE","HUMAN OTC DRUG","06/27/2007","N/A","OTC MONOGRAPH DRUG","2 BLISTER PACK in 1 CARTON (49035-543-09)  / 10 TABLET, FILM COATED in 1 BLISTER PACK","Adrenergic alpha1-Agonists [MoA],  Histamine H1 Receptor Antagonists [MoA],  Histamine-1 Receptor Antagonist [EPC],  alpha-1 Adrenergic Agonist [EPC]","N/A","No","12/31/2026"
"Severe Allergy Plus Sinus Headache","49035-543-41","325 mg/1,  25 mg/1,  5 mg/1","TABLET, FILM COATED","ORAL","M012","Wal-Mart Stores Inc","49035-543","Acetaminophen, Diphenhydramine HCl, Phenylephrine HCl","ACETAMINOPHEN,  DIPHENHYDRAMINE HYDROCHLORIDE,  PHENYLEPHRINE HYDROCHLORIDE","HUMAN OTC DRUG","06/27/2007","N/A","OTC MONOGRAPH DRUG","10 TABLET, FILM COATED in 1 BLISTER PACK (49035-543-41)","Adrenergic alpha1-Agonists [MoA],  Histamine H1 Receptor Antagonists [MoA],  Histamine-1 Receptor Antagonist [EPC],  alpha-1 Adrenergic Agonist [EPC]","N/A","No","12/31/2026"
"Sleep Aid Maximum Strength","69256-860-32","50 mg/1","CAPSULE","ORAL","M010","Harris Teeter, LLC","69256-860","Diphenhydramine HCl","DIPHENHYDRAMINE HYDROCHLORIDE","HUMAN OTC DRUG","01/31/2020","N/A","OTC MONOGRAPH DRUG","1 BOTTLE, PLASTIC in 1 BOX (69256-860-32)  / 32 CAPSULE in 1 BOTTLE, PLASTIC","Histamine H1 Receptor Antagonists [MoA],  Histamine-1 Receptor Antagonist [EPC]","N/A","No","12/31/2026"
"Nighttime Sleep-Aid","69452-451-22","50 mg/1","CAPSULE, LIQUID FILLED","ORAL","M010","BIONPHARMA INC.","69452-451","Diphenhydramine HCl","DIPHENHYDRAMINE HYDROCHLORIDE","HUMAN OTC DRUG","10/01/2024","N/A","OTC MONOGRAPH DRUG","120 CAPSULE, LIQUID FILLED in 1 BOTTLE (69452-451-22)","Histamine H1 Receptor Antagonists [MoA],  Histamine-1 Receptor Antagonist [EPC]","N/A","No","12/31/2026"
"Diphenhydramine Hydrochloride","70518-1082-1","50 mg/mL","INJECTION","INTRAMUSCULAR,  INTRAVENOUS","ANDA080817","REMEDYREPACK INC.","70518-1082","diphenhydramine hydrochloride","DIPHENHYDRAMINE HYDROCHLORIDE","HUMAN PRESCRIPTION DRUG","03/27/2018","N/A","ANDA","25 VIAL in 1 PACKAGE (70518-1082-1)  / 1 mL in 1 VIAL (70518-1082-0)","Histamine H1 Receptor Antagonists [MoA],  Histamine-1 Receptor Antagonist [EPC]","N/A","No","12/31/2027"
"equate allergy relief","79903-297-10","25 mg/1","TABLET","ORAL","M012","WALMART INC.","79903-297","Diphenhydramine Hydrochloride","DIPHENHYDRAMINE HYDROCHLORIDE","HUMAN OTC DRUG","11/19/2024","N/A","OTC MONOGRAPH DRUG","1 BOTTLE in 1 CARTON (79903-297-10)  / 100 TABLET in 1 BOTTLE","Histamine H1 Receptor Antagonists [MoA],  Histamine-1 Receptor Antagonist [EPC]","N/A","No","12/31/2026"
"Ibuprofen and Diphenhydramine Citrate","21130-228-12","200 mg/1,  38 mg/1","TABLET, COATED","ORAL","ANDA216204","Better Living Brands, LLC","21130-228","Ibuprofen and Diphenhydramine Citrate","IBUPROFEN,  DIPHENHYDRAMINE CITRATE","HUMAN OTC DRUG","11/15/2023","N/A","ANDA","1 BOTTLE in 1 CARTON (21130-228-12)  / 40 TABLET, COATED in 1 BOTTLE","Anti-Inflammatory Agents,  Non-Steroidal [CS],  Cyclooxygenase Inhibitors [MoA],  Histamine H1 Receptor Antagonists [MoA],  Histamine-1 Receptor Antagonist [EPC],  Nonsteroidal Anti-inflammatory Drug [EPC]","N/A","No","12/31/2026"
"Ibuprofen and Diphenhydramine Citrate","21130-228-18","200 mg/1,  38 mg/1","TABLET, COATED","ORAL","ANDA216204","Better Living Brands, LLC","21130-228","Ibuprofen and Diphenhydramine Citrate","IBUPROFEN,  DIPHENHYDRAMINE CITRATE","HUMAN OTC DRUG","11/15/2023","N/A","ANDA","1 BOTTLE in 1 CARTON (21130-228-18)  / 80 TABLET, COATED in 1 BOTTLE","Anti-Inflammatory Agents,  Non-Steroidal [CS],  Cyclooxygenase Inhibitors [MoA],  Histamine H1 Receptor Antagonists [MoA],  Histamine-1 Receptor Antagonist [EPC],  Nonsteroidal Anti-inflammatory Drug [EPC]","N/A","No","12/31/2026"
"Ibuprofen and Diphenhydramine Citrate","21130-228-23","200 mg/1,  38 mg/1","TABLET, COATED","ORAL","ANDA216204","Better Living Brands, LLC","21130-228","Ibuprofen and Diphenhydramine Citrate","IBUPROFEN,  DIPHENHYDRAMINE CITRATE","HUMAN OTC DRUG","11/15/2023","N/A","ANDA","1 BOTTLE in 1 CARTON (21130-228-23)  / 120 TABLET, COATED in 1 BOTTLE","Anti-Inflammatory Agents,  Non-Steroidal [CS],  Cyclooxygenase Inhibitors [MoA],  Histamine H1 Receptor Antagonists [MoA],  Histamine-1 Receptor Antagonist [EPC],  Nonsteroidal Anti-inflammatory Drug [EPC]","N/A","No","12/31/2026"
"Ibuprofen and Diphenhydramine Citrate","21130-228-73","200 mg/1,  38 mg/1","TABLET, COATED","ORAL","ANDA216204","Better Living Brands, LLC","21130-228","Ibuprofen and Diphenhydramine Citrate","IBUPROFEN,  DIPHENHYDRAMINE CITRATE","HUMAN OTC DRUG","11/15/2023","N/A","ANDA","1 BOTTLE in 1 CARTON (21130-228-73)  / 20 TABLET, COATED in 1 BOTTLE","Anti-Inflammatory Agents,  Non-Steroidal [CS],  Cyclooxygenase Inhibitors [MoA],  Histamine H1 Receptor Antagonists [MoA],  Histamine-1 Receptor Antagonist [EPC],  Nonsteroidal Anti-inflammatory Drug [EPC]","N/A","No","12/31/2026"
"After Bite Outdoor","44224-1565-1",".4 g/20g","GEL","TOPICAL","M017","Tender Corporation d/b/a Adventure Ready Brands","44224-1565","Diphenhydramine HCl","DIPHENHYDRAMINE HYDROCHLORIDE","HUMAN OTC DRUG","01/01/2025","N/A","OTC MONOGRAPH DRUG","1 TUBE in 1 BOX (44224-1565-1)  / 1 g in 1 TUBE (44224-1565-0)","Histamine H1 Receptor Antagonists [MoA],  Histamine-1 Receptor Antagonist [EPC]","N/A","No","12/31/2026"
"Allergy Relief","55910-959-24","25 mg/1","TABLET, FILM COATED","ORAL","M012","DOLGENCORP, LLC","55910-959","DIPHENHYDRAMINE HYDROCHLORIDE","DIPHENHYDRAMINE HYDROCHLORIDE","HUMAN OTC DRUG","07/24/2021","N/A","OTC MONOGRAPH DRUG","1 BLISTER PACK in 1 CARTON (55910-959-24)  / 24 TABLET, FILM COATED in 1 BLISTER PACK","Histamine H1 Receptor Antagonists [MoA],  Histamine-1 Receptor Antagonist [EPC]","N/A","No","12/31/2026"
"Complete Allergy Medicine","57243-190-08","25 mg/1","CAPSULE","ORAL","M012","Salado Sales, Inc.","57243-190","Diphenhydramine HCl","DIPHENHYDRAMINE HYDROCHLORIDE","HUMAN OTC DRUG","03/15/1990","N/A","OTC MONOGRAPH DRUG","2 BLISTER PACK in 1 CARTON (57243-190-08)  / 12 CAPSULE in 1 BLISTER PACK","Histamine H1 Receptor Antagonists [MoA],  Histamine-1 Receptor Antagonist [EPC]","N/A","No","12/31/2027"
"Allergy Relief","63868-087-01","25 mg/1","CAPSULE","ORAL","M012","Chain Drug Marketing Association","63868-087","DIPHENHYDRAMINE HYDROCHLORIDE","DIPHENHYDRAMINE HYDROCHLORIDE","HUMAN OTC DRUG","11/10/2008","N/A","OTC MONOGRAPH DRUG","1 BOTTLE, PLASTIC in 1 CARTON (63868-087-01)  / 100 CAPSULE in 1 BOTTLE, PLASTIC","Histamine H1 Receptor Antagonists [MoA],  Histamine-1 Receptor Antagonist [EPC]","N/A","No","12/31/2026"
"Allergy Relief","63868-087-24","25 mg/1","CAPSULE","ORAL","M012","Chain Drug Marketing Association","63868-087","DIPHENHYDRAMINE HYDROCHLORIDE","DIPHENHYDRAMINE HYDROCHLORIDE","HUMAN OTC DRUG","11/10/2008","N/A","OTC MONOGRAPH DRUG","2 BLISTER PACK in 1 CARTON (63868-087-24)  / 12 CAPSULE in 1 BLISTER PACK","Histamine H1 Receptor Antagonists [MoA],  Histamine-1 Receptor Antagonist [EPC]","N/A","No","12/31/2026"
"Allergy Relief Complete","67091-200-10","25 mg/1","TABLET, FILM COATED","ORAL","M012","WinCo Foods, LLC","67091-200","Diphenhydramine HCl","DIPHENHYDRAMINE HYDROCHLORIDE","HUMAN OTC DRUG","03/02/1990","N/A","OTC MONOGRAPH DRUG","1 BOTTLE, PLASTIC in 1 CARTON (67091-200-10)  / 100 TABLET, FILM COATED in 1 BOTTLE, PLASTIC","Histamine H1 Receptor Antagonists [MoA],  Histamine-1 Receptor Antagonist [EPC]","N/A","No","12/31/2026"
"Allergy Relief Complete","67091-200-24","25 mg/1","TABLET, FILM COATED","ORAL","M012","WinCo Foods, LLC","67091-200","Diphenhydramine HCl","DIPHENHYDRAMINE HYDROCHLORIDE","HUMAN OTC DRUG","03/02/1990","N/A","OTC MONOGRAPH DRUG","2 BLISTER PACK in 1 CARTON (67091-200-24)  / 12 TABLET, FILM COATED in 1 BLISTER PACK","Histamine H1 Receptor Antagonists [MoA],  Histamine-1 Receptor Antagonist [EPC]","N/A","No","12/31/2026"
"Allergy Relief","0363-1799-08","50 mg/1","TABLET, FILM COATED","ORAL","M012","Walgreen Company","0363-1799","Diphenhydramine HCl","DIPHENHYDRAMINE HYDROCHLORIDE","HUMAN OTC DRUG","06/02/2025","N/A","OTC MONOGRAPH DRUG","2 BLISTER PACK in 1 CARTON (0363-1799-08)  / 12 TABLET, FILM COATED in 1 BLISTER PACK","Histamine H1 Receptor Antagonists [MoA],  Histamine-1 Receptor Antagonist [EPC]","N/A","No","12/31/2027"
"Itch Relief","70000-0023-1","20 mg/mL,  1 mg/mL","SPRAY","TOPICAL","M017","Cardinal Health, 110 dba Leader","70000-0023","Diphenhydramine HCl, Zinc Acetate","DIPHENHYDRAMINE HYDROCHLORIDE,  ZINC ACETATE","HUMAN OTC DRUG","08/02/2011","N/A","OTC MONOGRAPH DRUG","59 mL in 1 BOTTLE, SPRAY (70000-0023-1)","Copper Absorption Inhibitor [EPC],  Decreased Copper Ion Absorption [PE],  Histamine H1 Receptor Antagonists [MoA],  Histamine-1 Receptor Antagonist [EPC]","N/A","No","12/31/2027"
"Pain Reliever PM","79903-298-10","500 mg/1,  25 mg/1","TABLET","ORAL","M013","Walmart Inc.","79903-298","Acetaminophen, Diphenhydramine Hydrochloride","ACETAMINOPHEN,  DIPHENHYDRAMINE HYDROCHLORIDE","HUMAN OTC DRUG","01/15/2025","N/A","OTC MONOGRAPH DRUG","100 TABLET in 1 BOTTLE (79903-298-10)","Histamine H1 Receptor Antagonists [MoA],  Histamine-1 Receptor Antagonist [EPC]","N/A","No","12/31/2026"
"Sleep Aid","21130-860-32","50 mg/1","CAPSULE","ORAL","M010","Safeway, Inc.","21130-860","Diphenhydramine HCl","DIPHENHYDRAMINE HYDROCHLORIDE","HUMAN OTC DRUG","11/29/2019","03/29/2027","OTC MONOGRAPH DRUG","1 BOTTLE, PLASTIC in 1 BOX (21130-860-32)  / 32 CAPSULE in 1 BOTTLE, PLASTIC","Histamine H1 Receptor Antagonists [MoA],  Histamine-1 Receptor Antagonist [EPC]","N/A","No","N/A"
"Sleep Aid","21130-860-96","50 mg/1","CAPSULE","ORAL","M010","Safeway, Inc.","21130-860","Diphenhydramine HCl","DIPHENHYDRAMINE HYDROCHLORIDE","HUMAN OTC DRUG","11/29/2019","03/29/2027","OTC MONOGRAPH DRUG","96 CAPSULE in 1 BOTTLE, PLASTIC (21130-860-96)","Histamine H1 Receptor Antagonists [MoA],  Histamine-1 Receptor Antagonist [EPC]","N/A","No","N/A"
"naproxen sodium pm","41250-526-27","25 mg/1,  220 mg/1","TABLET, FILM COATED","ORAL","ANDA208499","Meijer Distribution Inc","41250-526","diphenhydramine hydrochloride, naproxen sodium","DIPHENHYDRAMINE HYDROCHLORIDE,  NAPROXEN SODIUM","HUMAN OTC DRUG","01/21/2020","N/A","ANDA","1 BOTTLE in 1 CARTON (41250-526-27)  / 80 TABLET, FILM COATED in 1 BOTTLE","Anti-Inflammatory Agents,  Non-Steroidal [CS],  Cyclooxygenase Inhibitors [MoA],  Histamine H1 Receptor Antagonists [MoA],  Histamine-1 Receptor Antagonist [EPC],  Nonsteroidal Anti-inflammatory Drug [EPC]","N/A","No","12/31/2027"
"Allergy Relief Complete","67091-201-24","25 mg/1","CAPSULE","ORAL","M012","WinCo Foods, LLC","67091-201","Diphenhydramine HCl","DIPHENHYDRAMINE HYDROCHLORIDE","HUMAN OTC DRUG","03/15/1990","N/A","OTC MONOGRAPH DRUG","2 BLISTER PACK in 1 CARTON (67091-201-24)  / 12 CAPSULE in 1 BLISTER PACK","Histamine H1 Receptor Antagonists [MoA],  Histamine-1 Receptor Antagonist [EPC]","N/A","No","12/31/2027"
"Mucus Relief All in One Maximum Strength","0363-9130-06","650 mg/20mL,  25 mg/20mL,  10 mg/20mL","LIQUID","ORAL","M012","Walgreens","0363-9130","Acetaminophen, Diphenhydramine HCl Phenylephrine HCl","ACETAMINOPHEN,  DIPHENHYDRAMINE HYDROCHLORIDE,  PHENYLEPHRINE HYDROCHLORIDE","HUMAN OTC DRUG","08/27/2021","N/A","OTC MONOGRAPH DRUG","177 mL in 1 BOTTLE, PLASTIC (0363-9130-06)","Adrenergic alpha1-Agonists [MoA],  Histamine H1 Receptor Antagonists [MoA],  Histamine-1 Receptor Antagonist [EPC],  alpha-1 Adrenergic Agonist [EPC]","N/A","No","12/31/2026"
"Allergy Relief","69452-452-20","50 mg/1","CAPSULE, LIQUID FILLED","ORAL","M012","BIONPHARMA INC.","69452-452","Diphenhydramine HCl","DIPHENHYDRAMINE HYDROCHLORIDE","HUMAN OTC DRUG","10/01/2024","N/A","OTC MONOGRAPH DRUG","1 BOTTLE in 1 CARTON (69452-452-20)  / 100 CAPSULE, LIQUID FILLED in 1 BOTTLE","Histamine H1 Receptor Antagonists [MoA],  Histamine-1 Receptor Antagonist [EPC]","N/A","No","12/31/2027"
"Allergy Relief","69452-452-83","50 mg/1","CAPSULE, LIQUID FILLED","ORAL","M012","BIONPHARMA INC.","69452-452","Diphenhydramine HCl","DIPHENHYDRAMINE HYDROCHLORIDE","HUMAN OTC DRUG","03/02/2026","N/A","OTC MONOGRAPH DRUG","300 CAPSULE, LIQUID FILLED in 1 BOTTLE (69452-452-83)","Histamine H1 Receptor Antagonists [MoA],  Histamine-1 Receptor Antagonist [EPC]","N/A","No","12/31/2027"
"Nighttime Sleep Aid","72476-860-32","50 mg/1","CAPSULE","ORAL","M010","Care One (Retail Business Services, LLC.)","72476-860","Diphenhydramine HCl","DIPHENHYDRAMINE HYDROCHLORIDE","HUMAN OTC DRUG","12/27/2019","N/A","OTC MONOGRAPH DRUG","1 BOTTLE, PLASTIC in 1 BOX (72476-860-32)  / 32 CAPSULE in 1 BOTTLE, PLASTIC","Histamine H1 Receptor Antagonists [MoA],  Histamine-1 Receptor Antagonist [EPC]","N/A","No","12/31/2026"
"good sense pain relief pm extra strength","0113-0437-71","500 mg/1,  25 mg/1","TABLET, FILM COATED","ORAL","M013","L. Perrigo Company","0113-0437","Acetaminophen, Diphenhydramine HCl","ACETAMINOPHEN,  DIPHENHYDRAMINE HYDROCHLORIDE","HUMAN OTC DRUG","07/23/1992","N/A","OTC MONOGRAPH DRUG","1 BOTTLE in 1 CARTON (0113-0437-71)  / 50 TABLET, FILM COATED in 1 BOTTLE","Histamine H1 Receptor Antagonists [MoA],  Histamine-1 Receptor Antagonist [EPC]","N/A","No","12/31/2026"
"good sense pain relief pm extra strength","0113-0437-78","500 mg/1,  25 mg/1","TABLET, FILM COATED","ORAL","M013","L. Perrigo Company","0113-0437","Acetaminophen, Diphenhydramine HCl","ACETAMINOPHEN,  DIPHENHYDRAMINE HYDROCHLORIDE","HUMAN OTC DRUG","05/24/2021","N/A","OTC MONOGRAPH DRUG","1 BOTTLE in 1 CARTON (0113-0437-78)  / 100 TABLET, FILM COATED in 1 BOTTLE","Histamine H1 Receptor Antagonists [MoA],  Histamine-1 Receptor Antagonist [EPC]","N/A","No","12/31/2026"
"DIPHENHYDRAMINE","42571-337-56","50 mg/mL","INJECTION, SOLUTION","INTRAMUSCULAR,  INTRAVENOUS","ANDA205723","Micro Labs Limited","42571-337","Diphenhydramine Hydrochloride","DIPHENHYDRAMINE HYDROCHLORIDE","HUMAN PRESCRIPTION DRUG","03/05/2026","N/A","ANDA","1 VIAL in 1 CARTON (42571-337-56)  / 1 mL in 1 VIAL","Histamine H1 Receptor Antagonists [MoA],  Histamine-1 Receptor Antagonist [EPC]","N/A","No","12/31/2027"
"DIPHENHYDRAMINE","42571-337-78","50 mg/mL","INJECTION, SOLUTION","INTRAMUSCULAR,  INTRAVENOUS","ANDA205723","Micro Labs Limited","42571-337","Diphenhydramine Hydrochloride","DIPHENHYDRAMINE HYDROCHLORIDE","HUMAN PRESCRIPTION DRUG","03/03/2026","N/A","ANDA","5 VIAL in 1 CARTON (42571-337-78)  / 1 mL in 1 VIAL","Histamine H1 Receptor Antagonists [MoA],  Histamine-1 Receptor Antagonist [EPC]","N/A","No","12/31/2027"
"DIPHENHYDRAMINE","42571-337-87","50 mg/mL","INJECTION, SOLUTION","INTRAMUSCULAR,  INTRAVENOUS","ANDA205723","Micro Labs Limited","42571-337","Diphenhydramine Hydrochloride","DIPHENHYDRAMINE HYDROCHLORIDE","HUMAN PRESCRIPTION DRUG","12/10/2019","N/A","ANDA","25 VIAL in 1 CARTON (42571-337-87)  / 1 mL in 1 VIAL (42571-337-95)","Histamine H1 Receptor Antagonists [MoA],  Histamine-1 Receptor Antagonist [EPC]","N/A","No","12/31/2027"
"Tylenol PM Extra Strength","53209-1002-2","500 mg/1,  25 mg/1","TABLET, FILM COATED","ORAL","M013","Morning Star OTC","53209-1002","acetaminophen and diphenhydramine hydrochloride","ACETAMINOPHEN,  DIPHENHYDRAMINE HYDROCHLORIDE","HUMAN OTC DRUG","06/19/2025","N/A","OTC MONOGRAPH DRUG","25 BLISTER PACK in 1 POUCH (53209-1002-2)  / 2 TABLET, FILM COATED in 1 BLISTER PACK (53209-1002-1)","Histamine H1 Receptor Antagonists [MoA],  Histamine-1 Receptor Antagonist [EPC]","N/A","No","12/31/2026"
"Naproxen Sodium and Diphenhydramine HCl","62207-814-38","220 mg/1,  25 mg/1","TABLET, FILM COATED","ORAL","ANDA213663","Granules India Ltd","62207-814","Naproxen Sodium and Diphenhydramine HCl","NAPROXEN SODIUM,  DIPHENHYDRAMINE HYDROCHLORIDE","HUMAN OTC DRUG","02/20/2021","N/A","ANDA","37500 TABLET, FILM COATED in 1 POUCH (62207-814-38)","Anti-Inflammatory Agents,  Non-Steroidal [CS],  Cyclooxygenase Inhibitors [MoA],  Histamine H1 Receptor Antagonists [MoA],  Histamine-1 Receptor Antagonist [EPC],  Nonsteroidal Anti-inflammatory Drug [EPC]","N/A","No","12/31/2026"
"Naproxen Sodium and Diphenhydramine HCl","62207-814-39","220 mg/1,  25 mg/1","TABLET, FILM COATED","ORAL","ANDA213663","Granules India Ltd","62207-814","Naproxen Sodium and Diphenhydramine HCl","NAPROXEN SODIUM,  DIPHENHYDRAMINE HYDROCHLORIDE","HUMAN OTC DRUG","02/20/2021","N/A","ANDA","7500 TABLET, FILM COATED in 1 POUCH (62207-814-39)","Anti-Inflammatory Agents,  Non-Steroidal [CS],  Cyclooxygenase Inhibitors [MoA],  Histamine H1 Receptor Antagonists [MoA],  Histamine-1 Receptor Antagonist [EPC],  Nonsteroidal Anti-inflammatory Drug [EPC]","N/A","No","12/31/2026"
"Naproxen Sodium and Diphenhydramine HCl","62207-814-47","220 mg/1,  25 mg/1","TABLET, FILM COATED","ORAL","ANDA213663","Granules India Ltd","62207-814","Naproxen Sodium and Diphenhydramine HCl","NAPROXEN SODIUM,  DIPHENHYDRAMINE HYDROCHLORIDE","HUMAN OTC DRUG","02/20/2021","N/A","ANDA","500 TABLET, FILM COATED in 1 BOTTLE (62207-814-47)","Anti-Inflammatory Agents,  Non-Steroidal [CS],  Cyclooxygenase Inhibitors [MoA],  Histamine H1 Receptor Antagonists [MoA],  Histamine-1 Receptor Antagonist [EPC],  Nonsteroidal Anti-inflammatory Drug [EPC]","N/A","No","12/31/2026"
"Naproxen Sodium and Diphenhydramine HCl","62207-814-95","220 mg/1,  25 mg/1","TABLET, FILM COATED","ORAL","ANDA213663","Granules India Ltd","62207-814","Naproxen Sodium and Diphenhydramine HCl","NAPROXEN SODIUM,  DIPHENHYDRAMINE HYDROCHLORIDE","HUMAN OTC DRUG","02/20/2021","N/A","ANDA","1 BOTTLE in 1 CARTON (62207-814-95)  / 20 TABLET, FILM COATED in 1 BOTTLE","Anti-Inflammatory Agents,  Non-Steroidal [CS],  Cyclooxygenase Inhibitors [MoA],  Histamine H1 Receptor Antagonists [MoA],  Histamine-1 Receptor Antagonist [EPC],  Nonsteroidal Anti-inflammatory Drug [EPC]","N/A","No","12/31/2026"
"Nighttime Sleep Aid Maximum Strength","62011-0416-1","50 mg/1","CAPSULE","ORAL","M012","Strategic Sourcing Services LLC","62011-0416","Diphenhydramine HCL","DIPHENHYDRAMINE HYDROCHLORIDE","HUMAN OTC DRUG","09/30/2019","N/A","OTC MONOGRAPH DRUG","1 BOTTLE, PLASTIC in 1 BOX (62011-0416-1)  / 32 CAPSULE in 1 BOTTLE, PLASTIC","Histamine H1 Receptor Antagonists [MoA],  Histamine-1 Receptor Antagonist [EPC]","N/A","No","12/31/2026"
"Allergy Medicine","63981-329-78","25 mg/1","TABLET, FILM COATED","ORAL","M012","COSTCO WHOLESALE CORPORATION","63981-329","Diphenhydramine HCl","DIPHENHYDRAMINE HYDROCHLORIDE","HUMAN OTC DRUG","03/02/1990","N/A","OTC MONOGRAPH DRUG","600 TABLET, FILM COATED in 1 BOTTLE, PLASTIC (63981-329-78)","Histamine H1 Receptor Antagonists [MoA],  Histamine-1 Receptor Antagonist [EPC]","N/A","No","12/31/2027"
"OneSsip Diphenhydramine HCl 12.5 mg/ 5 mL Oral Solution","87078-411-52","12.5 mg/5mL","SOLUTION","ORAL","M012","MEDWISE LIFESCIENCES INC.","87078-411","Diphenhydramine HCl","DIPHENHYDRAMINE HYDROCHLORIDE","HUMAN OTC DRUG","10/06/2025","N/A","OTC MONOGRAPH DRUG","12 POUCH in 1 CARTON (87078-411-52)  / 5 mL in 1 POUCH","Histamine H1 Receptor Antagonists [MoA],  Histamine-1 Receptor Antagonist [EPC]","N/A","No","12/31/2026"
"Allergy Relief","36800-909-01","25 mg/1","TABLET, COATED","ORAL","M012","TopCo Associates LLC","36800-909","DIPHENHYDRAMINE HYDROCHLORIDE","DIPHENHYDRAMINE HYDROCHLORIDE","HUMAN OTC DRUG","08/30/2011","N/A","OTC MONOGRAPH DRUG","2 BLISTER PACK in 1 CARTON (36800-909-01)  / 12 TABLET, COATED in 1 BLISTER PACK","Histamine H1 Receptor Antagonists [MoA],  Histamine-1 Receptor Antagonist [EPC]","N/A","No","12/31/2026"
"Allergy Relief","36800-909-02","25 mg/1","TABLET, COATED","ORAL","M012","TopCo Associates LLC","36800-909","DIPHENHYDRAMINE HYDROCHLORIDE","DIPHENHYDRAMINE HYDROCHLORIDE","HUMAN OTC DRUG","08/30/2011","N/A","OTC MONOGRAPH DRUG","4 BLISTER PACK in 1 CARTON (36800-909-02)  / 12 TABLET, COATED in 1 BLISTER PACK","Histamine H1 Receptor Antagonists [MoA],  Histamine-1 Receptor Antagonist [EPC]","N/A","No","12/31/2026"
"CVS Diphenhydramine Hydrochloride","51316-186-25","25 mg/1","TABLET","ORAL","M012","CVS Pharmacy","51316-186","DIPHENHYDRAMINE HYDROCHLORIDE","DIPHENHYDRAMINE HYDROCHLORIDE","HUMAN OTC DRUG","01/01/2026","N/A","OTC MONOGRAPH DRUG","365 TABLET in 1 BOTTLE (51316-186-25)","Histamine H1 Receptor Antagonists [MoA],  Histamine-1 Receptor Antagonist [EPC]","N/A","No","12/31/2026"
"Allergy Relief","53942-190-05","25 mg/1","TABLET, COATED","ORAL","M012","Demoulas Super Markets, Inc","53942-190","DIPHENHYDRAMINE HYDROCHLORIDE","DIPHENHYDRAMINE HYDROCHLORIDE","HUMAN OTC DRUG","07/16/2025","N/A","OTC MONOGRAPH DRUG","400 TABLET, COATED in 1 BOTTLE, PLASTIC (53942-190-05)","Histamine H1 Receptor Antagonists [MoA],  Histamine-1 Receptor Antagonist [EPC]","N/A","No","12/31/2026"
"Pain Reliever PM Extra Strength","57243-235-15","500 mg/1,  25 mg/1","TABLET, FILM COATED","ORAL","M013","Salado Sales, Inc.","57243-235","Acetaminophen, Diphenhydramine HCl","ACETAMINOPHEN,  DIPHENHYDRAMINE HYDROCHLORIDE","HUMAN OTC DRUG","05/15/1994","N/A","OTC MONOGRAPH DRUG","1 BOTTLE, PLASTIC in 1 CARTON (57243-235-15)  / 50 TABLET, FILM COATED in 1 BOTTLE, PLASTIC","Histamine H1 Receptor Antagonists [MoA],  Histamine-1 Receptor Antagonist [EPC]","N/A","No","12/31/2027"
"Allergy Relief","69452-453-09","25 mg/1","CAPSULE, LIQUID FILLED","ORAL","M012","BIONPHARMA INC.","69452-453","Diphenhydramine HCl","DIPHENHYDRAMINE HYDROCHLORIDE","HUMAN OTC DRUG","12/11/2024","N/A","OTC MONOGRAPH DRUG","4 BLISTER PACK in 1 CARTON (69452-453-09)  / 12 CAPSULE, LIQUID FILLED in 1 BLISTER PACK","Histamine H1 Receptor Antagonists [MoA],  Histamine-1 Receptor Antagonist [EPC]","N/A","No","12/31/2026"
"OneSsip Diphenhydramine HCl 12.5 mg/ 5 mL Oral Solution (Cherry)","87078-421-52","12.5 mg/5mL","SOLUTION","ORAL","M012","MEDWISE LIFESCIENCES INC.","87078-421","Diphenhydramine HCl","DIPHENHYDRAMINE HYDROCHLORIDE","HUMAN OTC DRUG","10/17/2025","N/A","OTC MONOGRAPH DRUG","12 POUCH in 1 CARTON (87078-421-52)  / 5 mL in 1 POUCH","Histamine H1 Receptor Antagonists [MoA],  Histamine-1 Receptor Antagonist [EPC]","N/A","No","12/31/2026"
"Allergy Relief","36800-910-01","25 mg/1","CAPSULE","ORAL","M012","TopCo Associates LLC","36800-910","DIPHENHYDRAMINE HYDROCHLORIDE","DIPHENHYDRAMINE HYDROCHLORIDE","HUMAN OTC DRUG","08/30/2011","N/A","OTC MONOGRAPH DRUG","2 BLISTER PACK in 1 CARTON (36800-910-01)  / 12 CAPSULE in 1 BLISTER PACK","Histamine H1 Receptor Antagonists [MoA],  Histamine-1 Receptor Antagonist [EPC]","N/A","No","12/31/2026"
"Allergy Relief","36800-910-02","25 mg/1","CAPSULE","ORAL","M012","TopCo Associates LLC","36800-910","DIPHENHYDRAMINE HYDROCHLORIDE","DIPHENHYDRAMINE HYDROCHLORIDE","HUMAN OTC DRUG","08/30/2011","N/A","OTC MONOGRAPH DRUG","4 BLISTER PACK in 1 CARTON (36800-910-02)  / 12 CAPSULE in 1 BLISTER PACK","Histamine H1 Receptor Antagonists [MoA],  Histamine-1 Receptor Antagonist [EPC]","N/A","No","12/31/2026"
"Allergy Relief","36800-910-03","25 mg/1","CAPSULE","ORAL","M012","TopCo Associates LLC","36800-910","DIPHENHYDRAMINE HYDROCHLORIDE","DIPHENHYDRAMINE HYDROCHLORIDE","HUMAN OTC DRUG","08/30/2011","N/A","OTC MONOGRAPH DRUG","1 BOTTLE, PLASTIC in 1 CARTON (36800-910-03)  / 100 CAPSULE in 1 BOTTLE, PLASTIC","Histamine H1 Receptor Antagonists [MoA],  Histamine-1 Receptor Antagonist [EPC]","N/A","No","12/31/2026"
"Geri Dryl","57896-980-16","12.5 mg/5mL","LIQUID","ORAL","M012","GERI-CARE PHARMACEUTICALS, CORP","57896-980","Diphenhydramine HCl","DIPHENHYDRAMINE HYDROCHLORIDE","HUMAN OTC DRUG","10/01/2019","N/A","OTC MONOGRAPH DRUG","473 mL in 1 BOTTLE (57896-980-16)","Histamine H1 Receptor Antagonists [MoA],  Histamine-1 Receptor Antagonist [EPC]","N/A","No","12/31/2026"
"dg health flu and severe cold and cough","55910-964-91","650 mg/1,  25 mg/1,  10 mg/1","POWDER, FOR SOLUTION","ORAL","M012","Dolgencorp, LLC","55910-964","Acetaminophen, Diphenhydramine hydrochloride, Phenylephrine hydrochloride","ACETAMINOPHEN,  DIPHENHYDRAMINE HYDROCHLORIDE,  PHENYLEPHRINE HYDROCHLORIDE","HUMAN OTC DRUG","05/24/2011","N/A","OTC MONOGRAPH DRUG","6 POWDER, FOR SOLUTION in 1 CARTON (55910-964-91)","Adrenergic alpha1-Agonists [MoA],  Histamine H1 Receptor Antagonists [MoA],  Histamine-1 Receptor Antagonist [EPC],  alpha-1 Adrenergic Agonist [EPC]","N/A","No","12/31/2026"
"Allergy Relief Dye Free","0363-6682-24","25 mg/1","CAPSULE, LIQUID FILLED","ORAL","M012","Walgreens","0363-6682","Diphenhydramine Hydrochloride 25mg","DIPHENHYDRAMINE HYDROCHLORIDE","HUMAN OTC DRUG","06/01/2025","N/A","OTC MONOGRAPH DRUG","2 BLISTER PACK in 1 CARTON (0363-6682-24)  / 12 CAPSULE, LIQUID FILLED in 1 BLISTER PACK","Histamine H1 Receptor Antagonists [MoA],  Histamine-1 Receptor Antagonist [EPC]","N/A","No","12/31/2027"
"Allergy Relief Dye Free","0363-6682-48","25 mg/1","CAPSULE, LIQUID FILLED","ORAL","M012","Walgreens","0363-6682","Diphenhydramine Hydrochloride 25mg","DIPHENHYDRAMINE HYDROCHLORIDE","HUMAN OTC DRUG","06/01/2025","N/A","OTC MONOGRAPH DRUG","4 BLISTER PACK in 1 CARTON (0363-6682-48)  / 12 CAPSULE, LIQUID FILLED in 1 BLISTER PACK","Histamine H1 Receptor Antagonists [MoA],  Histamine-1 Receptor Antagonist [EPC]","N/A","No","12/31/2027"
"Excedrin PM Triple Action Caplets","0067-2056-24","250 mg/1,  250 mg/1,  38 mg/1","TABLET, COATED","ORAL","M013","Haleon US Holdings LLC","0067-2056","Acetaminophen, Aspirin (NSAID) and Diphenhydramine Citrate","ACETAMINOPHEN,  ASPIRIN,  DIPHENHYDRAMINE CITRATE","HUMAN OTC DRUG","09/24/2014","N/A","OTC MONOGRAPH DRUG","1 BOTTLE in 1 CARTON (0067-2056-24)  / 24 TABLET, COATED in 1 BOTTLE","Anti-Inflammatory Agents,  Non-Steroidal [CS],  Cyclooxygenase Inhibitors [MoA],  Decreased Platelet Aggregation [PE],  Decreased Prostaglandin Production [PE],  Histamine H1 Receptor Antagonists [MoA],  Histamine-1 Receptor Antagonist [EPC],  Nonsteroidal Anti-inflammatory Drug [EPC],  Platelet Aggregation Inhibitor [EPC]","N/A","No","12/31/2026"
"Excedrin PM Triple Action Caplets","0067-2056-91","250 mg/1,  250 mg/1,  38 mg/1","TABLET, COATED","ORAL","M013","Haleon US Holdings LLC","0067-2056","Acetaminophen, Aspirin (NSAID) and Diphenhydramine Citrate","ACETAMINOPHEN,  ASPIRIN,  DIPHENHYDRAMINE CITRATE","HUMAN OTC DRUG","09/24/2014","N/A","OTC MONOGRAPH DRUG","1 BOTTLE in 1 CARTON (0067-2056-91)  / 100 TABLET, COATED in 1 BOTTLE","Anti-Inflammatory Agents,  Non-Steroidal [CS],  Cyclooxygenase Inhibitors [MoA],  Decreased Platelet Aggregation [PE],  Decreased Prostaglandin Production [PE],  Histamine H1 Receptor Antagonists [MoA],  Histamine-1 Receptor Antagonist [EPC],  Nonsteroidal Anti-inflammatory Drug [EPC],  Platelet Aggregation Inhibitor [EPC]","N/A","No","12/31/2026"
"Banophen","0904-5551-24","25 mg/1","TABLET, FILM COATED","ORAL","M012","Major Pharmaceuticals","0904-5551","Diphenhydramine HCl","DIPHENHYDRAMINE HYDROCHLORIDE","HUMAN OTC DRUG","03/02/1990","N/A","OTC MONOGRAPH DRUG","2 BLISTER PACK in 1 CARTON (0904-5551-24)  / 12 TABLET, FILM COATED in 1 BLISTER PACK","Histamine H1 Receptor Antagonists [MoA],  Histamine-1 Receptor Antagonist [EPC]","N/A","No","12/31/2026"
"Banophen","0904-5551-59","25 mg/1","TABLET, FILM COATED","ORAL","M012","Major Pharmaceuticals","0904-5551","Diphenhydramine HCl","DIPHENHYDRAMINE HYDROCHLORIDE","HUMAN OTC DRUG","03/02/1990","N/A","OTC MONOGRAPH DRUG","1 BOTTLE, PLASTIC in 1 CARTON (0904-5551-59)  / 100 TABLET, FILM COATED in 1 BOTTLE, PLASTIC","Histamine H1 Receptor Antagonists [MoA],  Histamine-1 Receptor Antagonist [EPC]","N/A","No","12/31/2026"
"Nighttime Severe Cold and Cough","41226-541-06","650 mg/1,  25 mg/1,  10 mg/1","POWDER, FOR SOLUTION","ORAL","M010","KROGER COMPANY","41226-541","ACETAMINOPHEN, DIPHENHYDRAMINE, PHENYLEPHRINE","ACETAMINOPHEN,  DIPHENHYDRAMINE HYDROCHLORIDE,  PHENYLEPHRINE HYDROCHLORIDE","HUMAN OTC DRUG","01/15/2024","N/A","OTC MONOGRAPH DRUG","6 POWDER, FOR SOLUTION in 1 CARTON (41226-541-06)","Adrenergic alpha1-Agonists [MoA],  Histamine H1 Receptor Antagonists [MoA],  Histamine-1 Receptor Antagonist [EPC],  alpha-1 Adrenergic Agonist [EPC]","N/A","No","12/31/2026"
"Allergy Relief","55910-450-12","50 mg/1","TABLET","ORAL","M012","DOLGENCORP INC","55910-450","Diphenhydramine HCl","DIPHENHYDRAMINE HYDROCHLORIDE","HUMAN OTC DRUG","06/24/2025","N/A","OTC MONOGRAPH DRUG","2 BLISTER PACK in 1 CARTON (55910-450-12)  / 12 TABLET in 1 BLISTER PACK","Histamine H1 Receptor Antagonists [MoA],  Histamine-1 Receptor Antagonist [EPC]","N/A","No","12/31/2027"
"M-Dryl","58657-528-04","12.5 mg/5mL","LIQUID","ORAL","M012","Method Pharmaceuticals, LLC","58657-528","DIPHENHYDRAMINE HYDROCHLORIDE","DIPHENHYDRAMINE HYDROCHLORIDE","HUMAN OTC DRUG","08/01/2019","N/A","OTC MONOGRAPH DRUG","120 mL in 1 BOTTLE (58657-528-04)","Histamine H1 Receptor Antagonists [MoA],  Histamine-1 Receptor Antagonist [EPC]","N/A","No","12/31/2026"
"M-Dryl","58657-528-16","12.5 mg/5mL","LIQUID","ORAL","M012","Method Pharmaceuticals, LLC","58657-528","DIPHENHYDRAMINE HYDROCHLORIDE","DIPHENHYDRAMINE HYDROCHLORIDE","HUMAN OTC DRUG","08/01/2019","N/A","OTC MONOGRAPH DRUG","473 mL in 1 BOTTLE (58657-528-16)","Histamine H1 Receptor Antagonists [MoA],  Histamine-1 Receptor Antagonist [EPC]","N/A","No","12/31/2026"
"Allergy 36ct, Caseys 4good","66715-6314-8","25 mg/1","TABLET, COATED","ORAL","M012","Lil' Drug Store Products, Inc.","66715-6314","Diphenhydramine HCl 25mg","DIPHENHYDRAMINE HYDROCHLORIDE","HUMAN OTC DRUG","08/01/2023","N/A","OTC MONOGRAPH DRUG","3 BLISTER PACK in 1 CARTON (66715-6314-8)  / 12 TABLET, COATED in 1 BLISTER PACK","Histamine H1 Receptor Antagonists [MoA],  Histamine-1 Receptor Antagonist [EPC]","N/A","No","12/31/2026"
"Sleep Aid","0363-6130-24","25 mg/1","CAPSULE","ORAL","M010","WALGREENS","0363-6130","Diphenhydramine Hydrochloride","DIPHENHYDRAMINE HYDROCHLORIDE","HUMAN OTC DRUG","09/01/2025","N/A","OTC MONOGRAPH DRUG","2 BLISTER PACK in 1 CARTON (0363-6130-24)  / 12 CAPSULE in 1 BLISTER PACK","Histamine H1 Receptor Antagonists [MoA],  Histamine-1 Receptor Antagonist [EPC]","N/A","No","12/31/2026"
"Sleep Aid","0363-6130-48","25 mg/1","CAPSULE","ORAL","M010","WALGREENS","0363-6130","Diphenhydramine Hydrochloride","DIPHENHYDRAMINE HYDROCHLORIDE","HUMAN OTC DRUG","09/01/2025","N/A","OTC MONOGRAPH DRUG","4 BLISTER PACK in 1 CARTON (0363-6130-48)  / 12 CAPSULE in 1 BLISTER PACK","Histamine H1 Receptor Antagonists [MoA],  Histamine-1 Receptor Antagonist [EPC]","N/A","No","12/31/2026"
"Nighttime Sleep Aid Maximum Strength","69256-916-32","50 mg/1","CAPSULE","ORAL","M010","Harris Teeter, LLC","69256-916","Diphenhydramine HCl","DIPHENHYDRAMINE HYDROCHLORIDE","HUMAN OTC DRUG","01/31/2020","N/A","OTC MONOGRAPH DRUG","1 BOTTLE, PLASTIC in 1 BOX (69256-916-32)  / 32 CAPSULE in 1 BOTTLE, PLASTIC","Histamine H1 Receptor Antagonists [MoA],  Histamine-1 Receptor Antagonist [EPC]","N/A","No","12/31/2026"
"Pain Reliever PM","79903-307-10","500 mg/1,  25 mg/1","TABLET, FILM COATED","ORAL","M013","WALMART INC.","79903-307","Acetaminophen, Diphenhydramine HCl","ACETAMINOPHEN,  DIPHENHYDRAMINE HYDROCHLORIDE","HUMAN OTC DRUG","01/23/2025","N/A","OTC MONOGRAPH DRUG","100 TABLET, FILM COATED in 1 BOTTLE, PLASTIC (79903-307-10)","Histamine H1 Receptor Antagonists [MoA],  Histamine-1 Receptor Antagonist [EPC]","N/A","No","12/31/2027"
"Pain Reliever PM","79903-307-11","500 mg/1,  25 mg/1","TABLET, FILM COATED","ORAL","M013","WALMART INC.","79903-307","Acetaminophen, Diphenhydramine HCl","ACETAMINOPHEN,  DIPHENHYDRAMINE HYDROCHLORIDE","HUMAN OTC DRUG","04/08/2026","N/A","OTC MONOGRAPH DRUG","100 TABLET, FILM COATED in 1 BOTTLE, PLASTIC (79903-307-11)","Histamine H1 Receptor Antagonists [MoA],  Histamine-1 Receptor Antagonist [EPC]","N/A","No","12/31/2027"
"Pain Reliever PM","79903-307-24","500 mg/1,  25 mg/1","TABLET, FILM COATED","ORAL","M013","WALMART INC.","79903-307","Acetaminophen, Diphenhydramine HCl","ACETAMINOPHEN,  DIPHENHYDRAMINE HYDROCHLORIDE","HUMAN OTC DRUG","11/25/2025","N/A","OTC MONOGRAPH DRUG","1 BOTTLE, PLASTIC in 1 CARTON (79903-307-24)  / 24 TABLET, FILM COATED in 1 BOTTLE, PLASTIC","Histamine H1 Receptor Antagonists [MoA],  Histamine-1 Receptor Antagonist [EPC]","N/A","No","12/31/2027"
"Betr sleep aid","80267-431-67","25 mg/1","TABLET, FILM COATED","ORAL","M010","Live Betr LLC","80267-431","Diphenhydramine Hydrochloride","DIPHENHYDRAMINE HYDROCHLORIDE","HUMAN OTC DRUG","01/25/2021","N/A","OTC MONOGRAPH DRUG","24 BLISTER PACK in 1 CARTON (80267-431-67)  / 2 TABLET, FILM COATED in 1 BLISTER PACK","Histamine H1 Receptor Antagonists [MoA],  Histamine-1 Receptor Antagonist [EPC]","N/A","No","12/31/2026"
"Pain Relief PM","84324-005-01","25 mg/1,  500 mg/1","TABLET","ORAL","M013","NUVICARE LLC","84324-005","ACETAMINOPHEN, DIPHENHYDRAMINE","DIPHENHYDRAMINE HYDROCHLORIDE,  ACETAMINOPHEN","HUMAN OTC DRUG","07/30/2024","N/A","OTC MONOGRAPH DRUG","100 TABLET in 1 BOTTLE (84324-005-01)","Histamine H1 Receptor Antagonists [MoA],  Histamine-1 Receptor Antagonist [EPC]","N/A","No","12/31/2026"
"Daytime Nighttime Sinus Relief","11673-530-02","N/A","KIT","ORAL","M012","Target Corporation","11673-530","Acetaminophen, Diphenhydramine HCl, Guaifenesin, Phenylephrine HCl","N/A","HUMAN OTC DRUG","04/06/2025","N/A","OTC MONOGRAPH DRUG","2 BLISTER PACK in 1 CARTON (11673-530-02)  / 1 KIT in 1 BLISTER PACK *  6 TABLET, FILM COATED in 1 BLISTER PACK *  4 TABLET, FILM COATED in 1 BLISTER PACK","N/A","N/A","No","12/31/2026"
"CVS Diphenhydramine Hydrochloride","51316-191-00","25 mg/1","TABLET","ORAL","M012","CVS Pharmacy","51316-191","DIPHENHYDRAMINE HYDROCHLORIDE","DIPHENHYDRAMINE HYDROCHLORIDE","HUMAN OTC DRUG","10/01/2025","N/A","OTC MONOGRAPH DRUG","365 TABLET in 1 BOTTLE (51316-191-00)","Histamine H1 Receptor Antagonists [MoA],  Histamine-1 Receptor Antagonist [EPC]","N/A","No","12/31/2026"
"Nighttime Sleep-Aid Softgel","51316-779-24","25 mg/1","CAPSULE, LIQUID FILLED","ORAL","M010","CVS PHARMACY, INC","51316-779","Diphenhydramine Hydrochloride","DIPHENHYDRAMINE HYDROCHLORIDE","HUMAN OTC DRUG","07/23/2021","N/A","OTC MONOGRAPH DRUG","2 BLISTER PACK in 1 CARTON (51316-779-24)  / 12 CAPSULE, LIQUID FILLED in 1 BLISTER PACK","Histamine H1 Receptor Antagonists [MoA],  Histamine-1 Receptor Antagonist [EPC]","N/A","No","12/31/2026"
"Nighttime Sleep-Aid Softgel","51316-779-48","25 mg/1","CAPSULE, LIQUID FILLED","ORAL","M010","CVS PHARMACY, INC","51316-779","Diphenhydramine Hydrochloride","DIPHENHYDRAMINE HYDROCHLORIDE","HUMAN OTC DRUG","07/23/2021","N/A","OTC MONOGRAPH DRUG","4 BLISTER PACK in 1 CARTON (51316-779-48)  / 12 CAPSULE, LIQUID FILLED in 1 BLISTER PACK","Histamine H1 Receptor Antagonists [MoA],  Histamine-1 Receptor Antagonist [EPC]","N/A","No","12/31/2026"
"Benadryl","53209-3001-2","25 mg/1","TABLET, FILM COATED","ORAL","M012","Morning Star OTC","53209-3001","Diphenhydramine Hydrochloride","DIPHENHYDRAMINE HYDROCHLORIDE","HUMAN OTC DRUG","06/09/2025","N/A","OTC MONOGRAPH DRUG","25 BLISTER PACK in 1 PACKET (53209-3001-2)  / 2 TABLET, FILM COATED in 1 BLISTER PACK (53209-3001-1)","Histamine H1 Receptor Antagonists [MoA],  Histamine-1 Receptor Antagonist [EPC]","N/A","No","12/31/2026"
"Dye Free Allergy childrens","63868-128-04","12.5 mg/5mL","LIQUID","ORAL","M012","QUALITY CHOICE (Chain Drug Marketing Association)","63868-128","Diphenhydramine Hydrochloride","DIPHENHYDRAMINE HYDROCHLORIDE","HUMAN OTC DRUG","02/29/2016","N/A","OTC MONOGRAPH DRUG","1 BOTTLE, PLASTIC in 1 BOX (63868-128-04)  / 118 mL in 1 BOTTLE, PLASTIC","Histamine H1 Receptor Antagonists [MoA],  Histamine-1 Receptor Antagonist [EPC]","N/A","No","12/31/2026"
"Pain Relief PM Extra Strength","63868-119-50","500 mg/1,  25 mg/1","TABLET, COATED","ORAL","M012","QUALITY CHOICE (Chain Drug Marketing Association)","63868-119","Acetaminophen, Diphenhydramine HCl","ACETAMINOPHEN,  DIPHENHYDRAMINE HYDROCHLORIDE","HUMAN OTC DRUG","05/31/2015","N/A","OTC MONOGRAPH DRUG","1 BOTTLE, PLASTIC in 1 BOX (63868-119-50)  / 50 TABLET, COATED in 1 BOTTLE, PLASTIC","Histamine H1 Receptor Antagonists [MoA],  Histamine-1 Receptor Antagonist [EPC]","N/A","No","12/31/2026"
"Pain Relief PM Extra Strength","69168-393-02","500 mg/1,  25 mg/1","TABLET","ORAL","M013","Allegiant Health","69168-393","Acetaminophen 500 mg and Diphenhydramine HCl 25 mg","ACETAMINOPHEN,  DIPHENHYDRAMINE HYDROCHLORIDE","HUMAN OTC DRUG","12/23/2014","N/A","OTC MONOGRAPH DRUG","150 TABLET in 1 BOTTLE (69168-393-02)","Histamine H1 Receptor Antagonists [MoA],  Histamine-1 Receptor Antagonist [EPC]","N/A","No","12/31/2026"
"Pain Relief PM Extra Strength","69168-393-24","500 mg/1,  25 mg/1","TABLET","ORAL","M013","Allegiant Health","69168-393","Acetaminophen 500 mg and Diphenhydramine HCl 25 mg","ACETAMINOPHEN,  DIPHENHYDRAMINE HYDROCHLORIDE","HUMAN OTC DRUG","12/23/2014","N/A","OTC MONOGRAPH DRUG","1 BOTTLE in 1 CARTON (69168-393-24)  / 24 TABLET in 1 BOTTLE","Histamine H1 Receptor Antagonists [MoA],  Histamine-1 Receptor Antagonist [EPC]","N/A","No","12/31/2026"
"Pain Relief PM Extra Strength","69168-393-26","500 mg/1,  25 mg/1","TABLET","ORAL","M013","Allegiant Health","69168-393","Acetaminophen 500 mg and Diphenhydramine HCl 25 mg","ACETAMINOPHEN,  DIPHENHYDRAMINE HYDROCHLORIDE","HUMAN OTC DRUG","12/15/2021","N/A","OTC MONOGRAPH DRUG","1 BOTTLE in 1 CARTON (69168-393-26)  / 20 TABLET in 1 BOTTLE","Histamine H1 Receptor Antagonists [MoA],  Histamine-1 Receptor Antagonist [EPC]","N/A","No","12/31/2026"
"Pain Relief PM Extra Strength","69168-393-50","500 mg/1,  25 mg/1","TABLET","ORAL","M013","Allegiant Health","69168-393","Acetaminophen 500 mg and Diphenhydramine HCl 25 mg","ACETAMINOPHEN,  DIPHENHYDRAMINE HYDROCHLORIDE","HUMAN OTC DRUG","12/23/2014","N/A","OTC MONOGRAPH DRUG","1 BOTTLE in 1 CARTON (69168-393-50)  / 50 TABLET in 1 BOTTLE","Histamine H1 Receptor Antagonists [MoA],  Histamine-1 Receptor Antagonist [EPC]","N/A","No","12/31/2026"
"Pain Relief PM Extra Strength","69168-393-99","500 mg/1,  25 mg/1","TABLET","ORAL","M013","Allegiant Health","69168-393","Acetaminophen 500 mg and Diphenhydramine HCl 25 mg","ACETAMINOPHEN,  DIPHENHYDRAMINE HYDROCHLORIDE","HUMAN OTC DRUG","12/23/2014","N/A","OTC MONOGRAPH DRUG","365 TABLET in 1 BOTTLE (69168-393-99)","Histamine H1 Receptor Antagonists [MoA],  Histamine-1 Receptor Antagonist [EPC]","N/A","No","12/31/2026"
"CVS Nighttime Sleep Aid","69842-448-12","1000 mg/30mL,  50 mg/30mL","LIQUID","ORAL","M010","CVS PHARMACY","69842-448","Diphenhydramine Hydrochloride and Acetaminophen","ACETAMINOPHEN,  DIPHENHYDRAMINE HYDROCHLORIDE","HUMAN OTC DRUG","02/12/2021","N/A","OTC MONOGRAPH DRUG","354 mL in 1 BOTTLE (69842-448-12)","Histamine H1 Receptor Antagonists [MoA],  Histamine-1 Receptor Antagonist [EPC]","N/A","No","12/31/2027"
"Allergy Relief","84324-004-01","25 mg/1","TABLET","ORAL","M012","NUVICARE LLC","84324-004","Diphenhydramine HCl 25 mg","DIPHENHYDRAMINE HYDROCHLORIDE","HUMAN OTC DRUG","07/17/2024","N/A","OTC MONOGRAPH DRUG","300 TABLET in 1 BOTTLE (84324-004-01)","Histamine H1 Receptor Antagonists [MoA],  Histamine-1 Receptor Antagonist [EPC]","N/A","No","12/31/2026"
"Pain Reliever PM Extra Strength","62011-0420-1","500 mg/1,  25 mg/1","TABLET, COATED","ORAL","M012","Strategic Sourcing Services LLC","62011-0420","Acetaminophen, Diphenhydramine HCL","ACETAMINOPHEN,  DIPHENHYDRAMINE HYDROCHLORIDE","HUMAN OTC DRUG","11/29/2019","11/29/2026","OTC MONOGRAPH DRUG","1 BOTTLE, PLASTIC in 1 BOX (62011-0420-1)  / 50 TABLET, COATED in 1 BOTTLE, PLASTIC","Histamine H1 Receptor Antagonists [MoA],  Histamine-1 Receptor Antagonist [EPC]","N/A","No","N/A"
"Nighttime SLEEP AID","51013-817-01","50 mg/1","CAPSULE, LIQUID FILLED","ORAL","M010","PuraCap Pharmaceutical LLC","51013-817","Diphenhydramine HCl 50mg","DIPHENHYDRAMINE HYDROCHLORIDE","HUMAN OTC DRUG","11/30/2024","N/A","OTC MONOGRAPH DRUG","100 CAPSULE, LIQUID FILLED in 1 BOTTLE (51013-817-01)","Histamine H1 Receptor Antagonists [MoA],  Histamine-1 Receptor Antagonist [EPC]","N/A","No","12/31/2026"
"Allergy Relief","55319-918-36","12.5 mg/5mL","SOLUTION","ORAL","M012","Family Dollar Services Inc","55319-918","Diphenhydramine HCl","DIPHENHYDRAMINE HYDROCHLORIDE","HUMAN OTC DRUG","12/13/2023","N/A","OTC MONOGRAPH DRUG","1 BOTTLE, PLASTIC in 1 CARTON (55319-918-36)  / 118 mL in 1 BOTTLE, PLASTIC","Histamine H1 Receptor Antagonists [MoA],  Histamine-1 Receptor Antagonist [EPC]","N/A","No","12/31/2026"
"Sominex","67751-221-01","25 mg/1","TABLET, FILM COATED","ORAL","M010","Navajo Manufacturing Company Inc.","67751-221","DIPHENHYDRAMINE HYDROCHLORIDE","DIPHENHYDRAMINE HYDROCHLORIDE","HUMAN OTC DRUG","06/01/2012","N/A","OTC MONOGRAPH DRUG","1 BLISTER PACK in 1 CARTON (67751-221-01)  / 8 TABLET, FILM COATED in 1 BLISTER PACK","Histamine H1 Receptor Antagonists [MoA],  Histamine-1 Receptor Antagonist [EPC]","N/A","No","12/31/2026"
"Naproxen Sodium and Diphenhydramine HCl","69238-1422-2","220 mg/1,  25 mg/1","TABLET, FILM COATED","ORAL","ANDA209726","Amneal Pharmaceuticals NY LLC","69238-1422","Naproxen Sodium and Diphenhydramine","NAPROXEN SODIUM,  DIPHENHYDRAMINE HYDROCHLORIDE","HUMAN OTC DRUG","10/23/2018","N/A","ANDA","1 BOTTLE in 1 CARTON (69238-1422-2)  / 20 TABLET, FILM COATED in 1 BOTTLE","Anti-Inflammatory Agents,  Non-Steroidal [CS],  Cyclooxygenase Inhibitors [MoA],  Histamine H1 Receptor Antagonists [MoA],  Histamine-1 Receptor Antagonist [EPC],  Nonsteroidal Anti-inflammatory Drug [EPC]","N/A","No","12/31/2026"
"Naproxen Sodium and Diphenhydramine HCl","69238-1422-4","220 mg/1,  25 mg/1","TABLET, FILM COATED","ORAL","ANDA209726","Amneal Pharmaceuticals NY LLC","69238-1422","Naproxen Sodium and Diphenhydramine","NAPROXEN SODIUM,  DIPHENHYDRAMINE HYDROCHLORIDE","HUMAN OTC DRUG","10/23/2018","N/A","ANDA","1 BOTTLE in 1 CARTON (69238-1422-4)  / 40 TABLET, FILM COATED in 1 BOTTLE","Anti-Inflammatory Agents,  Non-Steroidal [CS],  Cyclooxygenase Inhibitors [MoA],  Histamine H1 Receptor Antagonists [MoA],  Histamine-1 Receptor Antagonist [EPC],  Nonsteroidal Anti-inflammatory Drug [EPC]","N/A","No","12/31/2026"
"Naproxen Sodium and Diphenhydramine HCl","69238-1422-6","220 mg/1,  25 mg/1","TABLET, FILM COATED","ORAL","ANDA209726","Amneal Pharmaceuticals NY LLC","69238-1422","Naproxen Sodium and Diphenhydramine","NAPROXEN SODIUM,  DIPHENHYDRAMINE HYDROCHLORIDE","HUMAN OTC DRUG","10/23/2018","N/A","ANDA","1 BOTTLE in 1 CARTON (69238-1422-6)  / 160 TABLET, FILM COATED in 1 BOTTLE","Anti-Inflammatory Agents,  Non-Steroidal [CS],  Cyclooxygenase Inhibitors [MoA],  Histamine H1 Receptor Antagonists [MoA],  Histamine-1 Receptor Antagonist [EPC],  Nonsteroidal Anti-inflammatory Drug [EPC]","N/A","No","12/31/2026"
"Naproxen Sodium and Diphenhydramine HCl","69238-1422-8","220 mg/1,  25 mg/1","TABLET, FILM COATED","ORAL","ANDA209726","Amneal Pharmaceuticals NY LLC","69238-1422","Naproxen Sodium and Diphenhydramine","NAPROXEN SODIUM,  DIPHENHYDRAMINE HYDROCHLORIDE","HUMAN OTC DRUG","10/23/2018","N/A","ANDA","1 BOTTLE in 1 CARTON (69238-1422-8)  / 80 TABLET, FILM COATED in 1 BOTTLE","Anti-Inflammatory Agents,  Non-Steroidal [CS],  Cyclooxygenase Inhibitors [MoA],  Histamine H1 Receptor Antagonists [MoA],  Histamine-1 Receptor Antagonist [EPC],  Nonsteroidal Anti-inflammatory Drug [EPC]","N/A","No","12/31/2026"
"GOODNOW SLEEP AID","82501-0186-0","50 mg/30mL","SOLUTION","ORAL","M010","Gobrands, Inc","82501-0186","Diphenhydramine HCl","DIPHENHYDRAMINE HYDROCHLORIDE","HUMAN OTC DRUG","10/23/2025","N/A","OTC MONOGRAPH DRUG","355 mL in 1 BOTTLE (82501-0186-0)","Histamine H1 Receptor Antagonists [MoA],  Histamine-1 Receptor Antagonist [EPC]","N/A","No","12/31/2026"
"Diphenhydramine HCl","0904-6985-16","12.5 mg/5mL","SOLUTION","ORAL","M012","Major Pharmaceuticals","0904-6985","Diphenhydramine HCl","DIPHENHYDRAMINE HYDROCHLORIDE","HUMAN OTC DRUG","08/27/2019","05/31/2027","OTC MONOGRAPH DRUG","473 mL in 1 BOTTLE, PLASTIC (0904-6985-16)","Histamine H1 Receptor Antagonists [MoA],  Histamine-1 Receptor Antagonist [EPC]","N/A","No","N/A"
"Diphenhydramine HCl","0904-6985-20","12.5 mg/5mL","SOLUTION","ORAL","M012","Major Pharmaceuticals","0904-6985","Diphenhydramine HCl","DIPHENHYDRAMINE HYDROCHLORIDE","HUMAN OTC DRUG","08/27/2019","05/31/2027","OTC MONOGRAPH DRUG","118 mL in 1 BOTTLE, PLASTIC (0904-6985-20)","Histamine H1 Receptor Antagonists [MoA],  Histamine-1 Receptor Antagonist [EPC]","N/A","No","N/A"
"KINKAN COOL","51027-0330-2","1 g/50mL,  .5 g/50mL","LINIMENT","TOPICAL","M017","KINKANDO CO., LTD .","51027-0330","diphenhydramine hydrochloride, menthol","DIPHENHYDRAMINE HYDROCHLORIDE,  MENTHOL","HUMAN OTC DRUG","04/26/2000","N/A","OTC MONOGRAPH DRUG","96 BOX in 1 CARTON (51027-0330-2)  / 1 BOTTLE in 1 BOX / 50 mL in 1 BOTTLE","Histamine H1 Receptor Antagonists [MoA],  Histamine-1 Receptor Antagonist [EPC]","N/A","No","12/31/2026"
"Allergy Plus Sinus Headache","55910-464-08","325 mg/1,  12.5 mg/1,  5 mg/1","TABLET, FILM COATED","ORAL","M012","DOLGENCORP, LLC","55910-464","Acetaminophen, Diphenhydramine HCl and Phenylephrine HCl","ACETAMINOPHEN,  DIPHENHYDRAMINE HYDROCHLORIDE,  PHENYLEPHRINE HYDROCHLORIDE","HUMAN OTC DRUG","06/15/2005","N/A","OTC MONOGRAPH DRUG","2 BLISTER PACK in 1 CARTON (55910-464-08)  / 12 TABLET, FILM COATED in 1 BLISTER PACK","Adrenergic alpha1-Agonists [MoA],  Histamine H1 Receptor Antagonists [MoA],  Histamine-1 Receptor Antagonist [EPC],  alpha-1 Adrenergic Agonist [EPC]","N/A","No","12/31/2027"
"daytime severe cold and cough and nighttime severe cold and cough","11673-542-12","N/A","KIT","N/A","part341","Target Corporation","11673-542","Acetaminophen, Dextromethorphan HBr, Diphenhydramine HCl, Phenylephrine HCl","N/A","HUMAN OTC DRUG","07/31/2017","N/A","OTC MONOGRAPH FINAL","1 KIT in 1 CARTON (11673-542-12)  *  6 POWDER, FOR SOLUTION in 1 CARTON (11673-540-06)  *  6 POWDER, FOR SOLUTION in 1 CARTON (11673-541-06)","N/A","N/A","No","12/31/2026"
"Pain Relief PM Extra Strength","37808-795-03","500 mg/1,  25 mg/1","TABLET, COATED","ORAL","M013","HEB","37808-795","Acetaminophen and Diphenhydramine Hydrochloride","ACETAMINOPHEN,  DIPHENHYDRAMINE HYDROCHLORIDE","HUMAN OTC DRUG","02/01/2013","N/A","OTC MONOGRAPH DRUG","1 BOTTLE, PLASTIC in 1 CARTON (37808-795-03)  / 100 TABLET, COATED in 1 BOTTLE, PLASTIC","Histamine H1 Receptor Antagonists [MoA],  Histamine-1 Receptor Antagonist [EPC]","N/A","No","12/31/2026"
"Sleep-Aid Diphenhydramine HCl","70000-0584-1","25 mg/1","CAPSULE, LIQUID FILLED","ORAL","M010","Cardinal Health 110, LLC. DBA Leader","70000-0584","Diphenhydramine Hydrochloride","DIPHENHYDRAMINE HYDROCHLORIDE","HUMAN OTC DRUG","09/15/2021","N/A","OTC MONOGRAPH DRUG","1 BLISTER PACK in 1 CARTON (70000-0584-1)  / 12 CAPSULE, LIQUID FILLED in 1 BLISTER PACK","Histamine H1 Receptor Antagonists [MoA],  Histamine-1 Receptor Antagonist [EPC]","N/A","No","12/31/2026"
"Somnitabs","72036-019-02","25 mg/1","TABLET","ORAL","M010","HARRIS TEETER","72036-019","DIPHENHYDRAMINE HYDROCHLORIDE","DIPHENHYDRAMINE HYDROCHLORIDE","HUMAN OTC DRUG","10/06/2011","N/A","OTC MONOGRAPH DRUG","4 BLISTER PACK in 1 CARTON (72036-019-02)  / 8 TABLET in 1 BLISTER PACK","Histamine H1 Receptor Antagonists [MoA],  Histamine-1 Receptor Antagonist [EPC]","N/A","No","12/31/2026"
"Allergy Relief","79903-310-24","25 mg/1","CAPSULE, LIQUID FILLED","ORAL","M012","Walmart Inc.","79903-310","Diphenhydramine Hydrochloride","DIPHENHYDRAMINE HYDROCHLORIDE","HUMAN OTC DRUG","11/25/2024","N/A","OTC MONOGRAPH DRUG","2 BLISTER PACK in 1 CARTON (79903-310-24)  / 12 CAPSULE, LIQUID FILLED in 1 BLISTER PACK","Histamine H1 Receptor Antagonists [MoA],  Histamine-1 Receptor Antagonist [EPC]","N/A","No","12/31/2026"
"Allergy Relief","79903-310-48","25 mg/1","CAPSULE, LIQUID FILLED","ORAL","M012","Walmart Inc.","79903-310","Diphenhydramine Hydrochloride","DIPHENHYDRAMINE HYDROCHLORIDE","HUMAN OTC DRUG","06/27/2025","N/A","OTC MONOGRAPH DRUG","4 BLISTER PACK in 1 CARTON (79903-310-48)  / 12 CAPSULE, LIQUID FILLED in 1 BLISTER PACK","Histamine H1 Receptor Antagonists [MoA],  Histamine-1 Receptor Antagonist [EPC]","N/A","No","12/31/2026"
"Nighttime Cold and Flu Maximum Strength","55910-460-06","650 mg/20mL,  25 mg/20mL,  10 mg/20mL","LIQUID","ORAL","M012","Dolgencorp, Inc. (DOLLAR GENERAL & REXALL)","55910-460","Acetaminophen, Diphenhydramine HCI, Phenylephrine HCI","ACETAMINOPHEN,  DIPHENHYDRAMINE HYDROCHLORIDE,  PHENYLEPHRINE HYDROCHLORIDE","HUMAN OTC DRUG","03/31/2018","03/31/2027","OTC MONOGRAPH DRUG","177 mL in 1 BOTTLE, PLASTIC (55910-460-06)","Adrenergic alpha1-Agonists [MoA],  Histamine H1 Receptor Antagonists [MoA],  Histamine-1 Receptor Antagonist [EPC],  alpha-1 Adrenergic Agonist [EPC]","N/A","No","N/A"
"Allergy Relief Diphenhydramine HCl","70000-0585-1","25 mg/1","CAPSULE, LIQUID FILLED","ORAL","M012","Cardinal Health 110, LLC. DBA Leader","70000-0585","Diphenhydramine Hydrochloride","DIPHENHYDRAMINE HYDROCHLORIDE","HUMAN OTC DRUG","09/15/2021","N/A","OTC MONOGRAPH DRUG","2 BLISTER PACK in 1 CARTON (70000-0585-1)  / 12 CAPSULE, LIQUID FILLED in 1 BLISTER PACK","Histamine H1 Receptor Antagonists [MoA],  Histamine-1 Receptor Antagonist [EPC]","N/A","No","12/31/2026"
"Allergy Relief","79481-0880-1","25 mg/1","CAPSULE, LIQUID FILLED","ORAL","M012","Meijer Distribution Inc","79481-0880","Diphenhydramine HCl","DIPHENHYDRAMINE HYDROCHLORIDE","HUMAN OTC DRUG","11/26/2024","N/A","OTC MONOGRAPH DRUG","2 BLISTER PACK in 1 CARTON (79481-0880-1)  / 12 CAPSULE, LIQUID FILLED in 1 BLISTER PACK","Histamine H1 Receptor Antagonists [MoA],  Histamine-1 Receptor Antagonist [EPC]","N/A","No","12/31/2026"
"Allergy Relief Childrens","50844-015-19","12.5 mg/5mL","SOLUTION","ORAL","M012","L.N.K. International, Inc.","50844-015","Diphenhydramine HCl","DIPHENHYDRAMINE HYDROCHLORIDE","HUMAN OTC DRUG","06/28/2024","N/A","OTC MONOGRAPH DRUG","1 BOTTLE, PLASTIC in 1 CARTON (50844-015-19)  / 237 mL in 1 BOTTLE, PLASTIC","Histamine H1 Receptor Antagonists [MoA],  Histamine-1 Receptor Antagonist [EPC]","N/A","No","12/31/2027"
"Allergy Relief Extra Strength","51316-799-08","50 mg/1","TABLET, FILM COATED","ORAL","M012","CVS WOONSOCKET PRESCRIPTION CENTER, INCORPORATED","51316-799","Diphenhydramine HCl","DIPHENHYDRAMINE HYDROCHLORIDE","HUMAN OTC DRUG","01/27/2026","N/A","OTC MONOGRAPH DRUG","2 BLISTER PACK in 1 CARTON (51316-799-08)  / 12 TABLET, FILM COATED in 1 BLISTER PACK","Histamine H1 Receptor Antagonists [MoA],  Histamine-1 Receptor Antagonist [EPC]","N/A","No","12/31/2027"
"Acetaminophen, Diphenhydramine Hydrochloride, and Phenylephrine Hydrochloride","83586-004-00","325 mg/1,  12.5 mg/1,  5 mg/1","TABLET, FILM COATED","ORAL","M012","HHH Pharmaceuticals","83586-004","Acetaminophen, Diphenhydramine Hydrochloride, and Phenylephrine Hydrochloride","ACETAMINOPHEN,  DIPHENHYDRAMINE HYDROCHLORIDE,  PHENYLEPHRINE HYDROCHLORIDE","HUMAN OTC DRUG","06/27/2026","N/A","OTC MONOGRAPH DRUG","32000 TABLET, FILM COATED in 1 BOTTLE (83586-004-00)","Adrenergic alpha1-Agonists [MoA],  Histamine H1 Receptor Antagonists [MoA],  Histamine-1 Receptor Antagonist [EPC],  alpha-1 Adrenergic Agonist [EPC]","N/A","No","12/31/2027"
"Childrens Allergy Relief","49035-599-09","12.5 mg/1","TABLET, CHEWABLE","ORAL","M012","Wal-Mart Stores Inc","49035-599","Diphenhydramine HCl","DIPHENHYDRAMINE HYDROCHLORIDE","HUMAN OTC DRUG","04/25/2011","N/A","OTC MONOGRAPH DRUG","4 BLISTER PACK in 1 CARTON (49035-599-09)  / 5 TABLET, CHEWABLE in 1 BLISTER PACK","Histamine H1 Receptor Antagonists [MoA],  Histamine-1 Receptor Antagonist [EPC]","N/A","No","12/31/2027"
"Diphenhydramine Hydrochloride","55154-9363-5","50 mg/mL","INJECTION, SOLUTION","INTRAMUSCULAR,  INTRAVENOUS","ANDA040466","Cardinal Health 107, LLC","55154-9363","diphenhydramine hydrochloride","DIPHENHYDRAMINE HYDROCHLORIDE","HUMAN PRESCRIPTION DRUG","08/01/2002","N/A","ANDA","5 VIAL, SINGLE-DOSE in 1 BAG (55154-9363-5)  / 1 mL in 1 VIAL, SINGLE-DOSE","Histamine H1 Receptor Antagonists [MoA],  Histamine-1 Receptor Antagonist [EPC]","N/A","No","12/31/2027"
"Robitussin Severe Multi-Symptom Cough Cold Flu Nighttime","0031-8752-12","650 mg/20mL,  25 mg/20mL,  10 mg/20mL","SOLUTION","ORAL","M0012","Haleon US Holdings LLC","0031-8752","acetaminophen, diphenhydramine hydrochloride, phenylephrine hydrochloride","ACETAMINOPHEN,  DIPHENHYDRAMINE HYDROCHLORIDE,  PHENYLEPHRINE HYDROCHLORIDE","HUMAN OTC DRUG","07/01/2015","N/A","OTC MONOGRAPH DRUG","1 BOTTLE in 1 CARTON (0031-8752-12)  / 118 mL in 1 BOTTLE","Adrenergic alpha1-Agonists [MoA],  Histamine H1 Receptor Antagonists [MoA],  Histamine-1 Receptor Antagonist [EPC],  alpha-1 Adrenergic Agonist [EPC]","N/A","No","12/31/2026"
"Robitussin Severe Multi-Symptom Cough Cold Flu Nighttime","0031-8752-18","650 mg/20mL,  25 mg/20mL,  10 mg/20mL","SOLUTION","ORAL","M0012","Haleon US Holdings LLC","0031-8752","acetaminophen, diphenhydramine hydrochloride, phenylephrine hydrochloride","ACETAMINOPHEN,  DIPHENHYDRAMINE HYDROCHLORIDE,  PHENYLEPHRINE HYDROCHLORIDE","HUMAN OTC DRUG","07/01/2015","N/A","OTC MONOGRAPH DRUG","1 BOTTLE in 1 CARTON (0031-8752-18)  / 237 mL in 1 BOTTLE","Adrenergic alpha1-Agonists [MoA],  Histamine H1 Receptor Antagonists [MoA],  Histamine-1 Receptor Antagonist [EPC],  alpha-1 Adrenergic Agonist [EPC]","N/A","No","12/31/2026"
"Nighttime Cold and Flu Maximum Strength","0363-0460-06","650 mg/20mL,  25 mg/20mL,  10 mg/20mL","LIQUID","ORAL","M012","Walgreens","0363-0460","Acetaminophen, Diphenhydramine HCI, Phenylephrine HCI","ACETAMINOPHEN,  DIPHENHYDRAMINE HYDROCHLORIDE,  PHENYLEPHRINE HYDROCHLORIDE","HUMAN OTC DRUG","06/30/2015","12/28/2026","OTC MONOGRAPH DRUG","177 mL in 1 BOTTLE, PLASTIC (0363-0460-06)","Adrenergic alpha1-Agonists [MoA],  Histamine H1 Receptor Antagonists [MoA],  Histamine-1 Receptor Antagonist [EPC],  alpha-1 Adrenergic Agonist [EPC]","N/A","No","N/A"
"Acetaminophen Diphenhydramine HCl","68016-654-05","500 mg/1,  25 mg/1","TABLET","ORAL","part343","Chain Drug Consortium,LLC","68016-654","Acetaminophen Diphenhydramine HCl","ACETAMINOPHEN,  DIPHENHYDRAMINE","HUMAN OTC DRUG","02/25/2016","N/A","OTC MONOGRAPH NOT FINAL","50 TABLET in 1 BOTTLE (68016-654-05)","Histamine H1 Receptor Antagonists [MoA],  Histamine-1 Receptor Antagonist [EPC]","N/A","No","12/31/2026"
"Acetaminophen Diphenhydramine HCl","68016-654-10","500 mg/1,  25 mg/1","TABLET","ORAL","part343","Chain Drug Consortium,LLC","68016-654","Acetaminophen Diphenhydramine HCl","ACETAMINOPHEN,  DIPHENHYDRAMINE","HUMAN OTC DRUG","02/25/2016","N/A","OTC MONOGRAPH NOT FINAL","100 TABLET in 1 BOTTLE (68016-654-10)","Histamine H1 Receptor Antagonists [MoA],  Histamine-1 Receptor Antagonist [EPC]","N/A","No","12/31/2026"
"Allergy Relief","0363-6141-12","25 mg/1","TABLET, FILM COATED","ORAL","M012","Walgreen Company","0363-6141","Diphenhydramine HCl","DIPHENHYDRAMINE HYDROCHLORIDE","HUMAN OTC DRUG","09/23/2021","N/A","OTC MONOGRAPH DRUG","1 BOTTLE, PLASTIC in 1 CARTON (0363-6141-12)  / 100 TABLET, FILM COATED in 1 BOTTLE, PLASTIC","Histamine H1 Receptor Antagonists [MoA],  Histamine-1 Receptor Antagonist [EPC]","N/A","No","12/31/2026"
"Diphenhydramine HCl","71399-1028-1","50 mg/1","CAPSULE","ORAL","M012","Akron Pharma Inc.","71399-1028","Diphenhydramine HCl","DIPHENHYDRAMINE HYDROCHLORIDE","HUMAN OTC DRUG","12/06/2024","N/A","OTC MONOGRAPH DRUG","100 CAPSULE in 1 BOTTLE (71399-1028-1)","Histamine H1 Receptor Antagonists [MoA],  Histamine-1 Receptor Antagonist [EPC]","N/A","No","12/31/2026"
"Diphenhydramine HCl","71399-1028-2","50 mg/1","CAPSULE","ORAL","M012","Akron Pharma Inc.","71399-1028","Diphenhydramine HCl","DIPHENHYDRAMINE HYDROCHLORIDE","HUMAN OTC DRUG","12/06/2024","N/A","OTC MONOGRAPH DRUG","1000 CAPSULE in 1 BOTTLE (71399-1028-2)","Histamine H1 Receptor Antagonists [MoA],  Histamine-1 Receptor Antagonist [EPC]","N/A","No","12/31/2026"
"Nighttime Sleep Aid Maximum Strength","72476-916-32","50 mg/1","CAPSULE","ORAL","M010","Care One (Retail Business Services, LLC.)","72476-916","Diphenhydramine HCl","DIPHENHYDRAMINE HYDROCHLORIDE","HUMAN OTC DRUG","12/27/2019","N/A","OTC MONOGRAPH DRUG","1 BOTTLE, PLASTIC in 1 BOX (72476-916-32)  / 32 CAPSULE in 1 BOTTLE, PLASTIC","Histamine H1 Receptor Antagonists [MoA],  Histamine-1 Receptor Antagonist [EPC]","N/A","No","12/31/2026"
"ADVIL PM","0573-0148-06","25 mg/1,  200 mg/1","CAPSULE, LIQUID FILLED","ORAL","NDA021393","Haleon US Holdings LLC","0573-0148","diphenhydramine HCl, ibuprofen","DIPHENHYDRAMINE HYDROCHLORIDE,  IBUPROFEN","HUMAN OTC DRUG","01/15/2025","N/A","NDA","1 BOTTLE in 1 CARTON (0573-0148-06)  / 40 CAPSULE, LIQUID FILLED in 1 BOTTLE","Anti-Inflammatory Agents,  Non-Steroidal [CS],  Cyclooxygenase Inhibitors [MoA],  Histamine H1 Receptor Antagonists [MoA],  Histamine-1 Receptor Antagonist [EPC],  Nonsteroidal Anti-inflammatory Drug [EPC]","N/A","No","12/31/2027"
"ADVIL PM","0573-0148-07","25 mg/1,  200 mg/1","CAPSULE, LIQUID FILLED","ORAL","NDA021393","Haleon US Holdings LLC","0573-0148","diphenhydramine HCl, ibuprofen","DIPHENHYDRAMINE HYDROCHLORIDE,  IBUPROFEN","HUMAN OTC DRUG","01/15/2025","N/A","NDA","1 BOTTLE in 1 CARTON (0573-0148-07)  / 80 CAPSULE, LIQUID FILLED in 1 BOTTLE","Anti-Inflammatory Agents,  Non-Steroidal [CS],  Cyclooxygenase Inhibitors [MoA],  Histamine H1 Receptor Antagonists [MoA],  Histamine-1 Receptor Antagonist [EPC],  Nonsteroidal Anti-inflammatory Drug [EPC]","N/A","No","12/31/2027"
"Acetaminophen PM","0904-6731-51","25 mg/1,  500 mg/1","TABLET, FILM COATED","ORAL","M013","Major Pharmaceuticals","0904-6731","Acetaminophen, Diphenhydramine Hydrochloride","DIPHENHYDRAMINE HYDROCHLORIDE,  ACETAMINOPHEN","HUMAN OTC DRUG","12/26/2018","N/A","OTC MONOGRAPH DRUG","1 BOTTLE in 1 CARTON (0904-6731-51)  / 50 TABLET, FILM COATED in 1 BOTTLE","Histamine H1 Receptor Antagonists [MoA],  Histamine-1 Receptor Antagonist [EPC]","N/A","No","12/31/2027"
"Allergy Relief Caplet","36800-937-01","25 mg/1","TABLET, FILM COATED","ORAL","M012","TOPCO ASSOCIATES LLC","36800-937","Diphenhydramine Hydrochloride","DIPHENHYDRAMINE HYDROCHLORIDE","HUMAN OTC DRUG","11/09/2023","N/A","OTC MONOGRAPH DRUG","1 BOTTLE, PLASTIC in 1 CARTON (36800-937-01)  / 100 TABLET, FILM COATED in 1 BOTTLE, PLASTIC","Histamine H1 Receptor Antagonists [MoA],  Histamine-1 Receptor Antagonist [EPC]","N/A","No","12/31/2026"
"Allergy Relief Caplet","36800-937-40","25 mg/1","TABLET, FILM COATED","ORAL","M012","TOPCO ASSOCIATES LLC","36800-937","Diphenhydramine Hydrochloride","DIPHENHYDRAMINE HYDROCHLORIDE","HUMAN OTC DRUG","05/01/2021","N/A","OTC MONOGRAPH DRUG","400 TABLET, FILM COATED in 1 BOTTLE (36800-937-40)","Histamine H1 Receptor Antagonists [MoA],  Histamine-1 Receptor Antagonist [EPC]","N/A","No","12/31/2026"
"Nighttime Sleep Aid","59779-367-12","25 mg/1","TABLET, FILM COATED","ORAL","M010","CVS Pharmacy","59779-367","Diphenhydramine HCl","DIPHENHYDRAMINE HYDROCHLORIDE","HUMAN OTC DRUG","06/10/2000","N/A","OTC MONOGRAPH DRUG","1 BOTTLE in 1 CARTON (59779-367-12)  / 100 TABLET, FILM COATED in 1 BOTTLE","Histamine H1 Receptor Antagonists [MoA],  Histamine-1 Receptor Antagonist [EPC]","N/A","No","12/31/2027"
"Nighttime Sleep Aid","59779-367-20","25 mg/1","TABLET, FILM COATED","ORAL","M010","CVS Pharmacy","59779-367","Diphenhydramine HCl","DIPHENHYDRAMINE HYDROCHLORIDE","HUMAN OTC DRUG","06/10/2000","N/A","OTC MONOGRAPH DRUG","1 BOTTLE, PLASTIC in 1 CARTON (59779-367-20)  / 225 TABLET, FILM COATED in 1 BOTTLE, PLASTIC","Histamine H1 Receptor Antagonists [MoA],  Histamine-1 Receptor Antagonist [EPC]","N/A","No","12/31/2027"
"Diphenhydramine Hydrochloride","70518-4536-0","50 mg/mL","INJECTION","INTRAMUSCULAR,  INTRAVENOUS","ANDA205336","REMEDYREPACK INC.","70518-4536","Diphenhydramine Hydrochloride","DIPHENHYDRAMINE HYDROCHLORIDE","HUMAN PRESCRIPTION DRUG","12/18/2025","N/A","ANDA","25 VIAL, GLASS in 1 PACKAGE (70518-4536-0)  / 1 mL in 1 VIAL, GLASS (70518-4536-1)","Histamine H1 Receptor Antagonists [MoA],  Histamine-1 Receptor Antagonist [EPC]","N/A","No","12/31/2026"
"SleepAid Softgels","84324-011-01","50 mg/1","CAPSULE, LIQUID FILLED","ORAL","M010","NUVICARE LLC","84324-011","Diphenhydramine Hydrochloride","DIPHENHYDRAMINE HYDROCHLORIDE","HUMAN OTC DRUG","07/17/2024","N/A","OTC MONOGRAPH DRUG","100 CAPSULE, LIQUID FILLED in 1 BOTTLE (84324-011-01)","Histamine H1 Receptor Antagonists [MoA],  Histamine-1 Receptor Antagonist [EPC]","N/A","No","12/31/2026"
"Sleep Aid NightTime","55910-981-02","50 mg/30mL","LIQUID","ORAL","M012","Dolgencorp, Inc. (DOLLAR GENERAL & REXALL)","55910-981","Diphenhydramine HCL","DIPHENHYDRAMINE HYDROCHLORIDE","HUMAN OTC DRUG","02/04/2022","N/A","OTC MONOGRAPH DRUG","355 mL in 1 BOTTLE, PLASTIC (55910-981-02)","Histamine H1 Receptor Antagonists [MoA],  Histamine-1 Receptor Antagonist [EPC]","N/A","No","12/31/2027"
"Sleep Aid NightTime","55910-981-04","50 mg/30mL","LIQUID","ORAL","M012","Dolgencorp, Inc. (DOLLAR GENERAL & REXALL)","55910-981","Diphenhydramine HCL","DIPHENHYDRAMINE HYDROCHLORIDE","HUMAN OTC DRUG","02/04/2022","N/A","OTC MONOGRAPH DRUG","2 BOTTLE, PLASTIC in 1 PACKAGE (55910-981-04)  / 355 mL in 1 BOTTLE, PLASTIC","Histamine H1 Receptor Antagonists [MoA],  Histamine-1 Receptor Antagonist [EPC]","N/A","No","12/31/2027"
"Daytime Mucus Relief Severe Congestion and Cough and Nighttime Cold and Flu Maximum Strength","69842-462-12","N/A","KIT","N/A","M012","CVS Pharmacy","69842-462","Dextromethorphan HBr, Guaifenesin, Phenylephrine HCl, Acetaminophen, Diphenhydramine HCl, Phenylephrine HCl","N/A","HUMAN OTC DRUG","04/30/2018","01/30/2027","OTC MONOGRAPH DRUG","1 KIT in 1 KIT (69842-462-12)  *  177 mL in 1 BOTTLE, PLASTIC *  177 mL in 1 BOTTLE, PLASTIC","N/A","N/A","No","N/A"
"Diphenhydramine HCl","71399-1027-1","25 mg/1","CAPSULE","ORAL","M012","Akron Pharma Inc.","71399-1027","Diphenhydramine HCl","DIPHENHYDRAMINE HYDROCHLORIDE","HUMAN OTC DRUG","12/06/2024","N/A","OTC MONOGRAPH DRUG","100 CAPSULE in 1 BOTTLE (71399-1027-1)","Histamine H1 Receptor Antagonists [MoA],  Histamine-1 Receptor Antagonist [EPC]","N/A","No","12/31/2026"
"Diphenhydramine HCl","71399-1027-2","25 mg/1","CAPSULE","ORAL","M012","Akron Pharma Inc.","71399-1027","Diphenhydramine HCl","DIPHENHYDRAMINE HYDROCHLORIDE","HUMAN OTC DRUG","12/06/2024","N/A","OTC MONOGRAPH DRUG","1000 CAPSULE in 1 BOTTLE (71399-1027-2)","Histamine H1 Receptor Antagonists [MoA],  Histamine-1 Receptor Antagonist [EPC]","N/A","No","12/31/2026"
"Childrens Chewable Allergy Relief","41226-669-02","12.5 mg/1","TABLET, CHEWABLE","ORAL","M012","KROGER COMPANY","41226-669","Diphenhydramine Hydrochloride","DIPHENHYDRAMINE HYDROCHLORIDE","HUMAN OTC DRUG","04/30/2025","N/A","OTC MONOGRAPH DRUG","2 BLISTER PACK in 1 CARTON (41226-669-02)  / 10 TABLET, CHEWABLE in 1 BLISTER PACK","Histamine H1 Receptor Antagonists [MoA],  Histamine-1 Receptor Antagonist [EPC]","N/A","No","12/31/2026"
"Dye Free Childrens Allergy Relief","49035-600-04","12.5 mg/5mL","SOLUTION","ORAL","M012","WAL-MART STORES INC.","49035-600","Diphenhydramine hydrochloride","DIPHENHYDRAMINE HYDROCHLORIDE","HUMAN OTC DRUG","03/09/2020","N/A","OTC MONOGRAPH DRUG","1 BOTTLE, PLASTIC in 1 CARTON (49035-600-04)  / 118 mL in 1 BOTTLE, PLASTIC","Histamine H1 Receptor Antagonists [MoA],  Histamine-1 Receptor Antagonist [EPC]","N/A","No","12/31/2026"
"Sleep Aid","69168-410-03","50 mg/1","CAPSULE, LIQUID FILLED","ORAL","M010","Allegiant Health","69168-410","Diphenhydramine HCl","DIPHENHYDRAMINE HYDROCHLORIDE","HUMAN OTC DRUG","11/09/2020","N/A","OTC MONOGRAPH DRUG","250 CAPSULE, LIQUID FILLED in 1 BOTTLE, PLASTIC (69168-410-03)","Histamine H1 Receptor Antagonists [MoA],  Histamine-1 Receptor Antagonist [EPC]","N/A","No","12/31/2026"
"Sleep Aid","69168-410-09","50 mg/1","CAPSULE, LIQUID FILLED","ORAL","M010","Allegiant Health","69168-410","Diphenhydramine HCl","DIPHENHYDRAMINE HYDROCHLORIDE","HUMAN OTC DRUG","11/09/2020","N/A","OTC MONOGRAPH DRUG","10 CAPSULE, LIQUID FILLED in 1 CARTON (69168-410-09)","Histamine H1 Receptor Antagonists [MoA],  Histamine-1 Receptor Antagonist [EPC]","N/A","No","12/31/2026"
"Sleep Aid","69168-410-32","50 mg/1","CAPSULE, LIQUID FILLED","ORAL","M010","Allegiant Health","69168-410","Diphenhydramine HCl","DIPHENHYDRAMINE HYDROCHLORIDE","HUMAN OTC DRUG","05/18/2022","N/A","OTC MONOGRAPH DRUG","100 CAPSULE, LIQUID FILLED in 1 BOTTLE (69168-410-32)","Histamine H1 Receptor Antagonists [MoA],  Histamine-1 Receptor Antagonist [EPC]","N/A","No","12/31/2026"
"Sleep Aid","69168-410-98","50 mg/1","CAPSULE, LIQUID FILLED","ORAL","M010","Allegiant Health","69168-410","Diphenhydramine HCl","DIPHENHYDRAMINE HYDROCHLORIDE","HUMAN OTC DRUG","03/07/2025","N/A","OTC MONOGRAPH DRUG","200 CAPSULE, LIQUID FILLED in 1 BOTTLE (69168-410-98)","Histamine H1 Receptor Antagonists [MoA],  Histamine-1 Receptor Antagonist [EPC]","N/A","No","12/31/2026"
"Vicks ZzzQuil Night Pain","69423-985-02","50 mg/30mL,  1000 mg/30mL","LIQUID","ORAL","M010","The Procter & Gamble Manufacturing Company","69423-985","Diphenhydramine Hydrochloride and Acetaminophen","DIPHENHYDRAMINE HYDROCHLORIDE,  ACETAMINOPHEN","HUMAN OTC DRUG","03/03/2023","N/A","OTC MONOGRAPH DRUG","2 BOTTLE in 1 CARTON (69423-985-02)  / 354 mL in 1 BOTTLE","Histamine H1 Receptor Antagonists [MoA],  Histamine-1 Receptor Antagonist [EPC]","N/A","No","12/31/2027"
"Vicks ZzzQuil Night Pain","69423-985-12","50 mg/30mL,  1000 mg/30mL","LIQUID","ORAL","M010","The Procter & Gamble Manufacturing Company","69423-985","Diphenhydramine Hydrochloride and Acetaminophen","DIPHENHYDRAMINE HYDROCHLORIDE,  ACETAMINOPHEN","HUMAN OTC DRUG","03/03/2023","N/A","OTC MONOGRAPH DRUG","354 mL in 1 BOTTLE (69423-985-12)","Histamine H1 Receptor Antagonists [MoA],  Histamine-1 Receptor Antagonist [EPC]","N/A","No","12/31/2027"
"Ibuprofen PM","69842-913-40","200 mg/1,  25 mg/1","CAPSULE, LIQUID FILLED","ORAL","ANDA210676","CVS Pharmacy","69842-913","Ibuprofen, Diphenhydramine HCl","IBUPROFEN,  DIPHENHYDRAMINE HYDROCHLORIDE","HUMAN OTC DRUG","05/29/2020","N/A","ANDA","1 BOTTLE, PLASTIC in 1 BOX (69842-913-40)  / 40 CAPSULE, LIQUID FILLED in 1 BOTTLE, PLASTIC","Anti-Inflammatory Agents,  Non-Steroidal [CS],  Cyclooxygenase Inhibitors [MoA],  Histamine H1 Receptor Antagonists [MoA],  Histamine-1 Receptor Antagonist [EPC],  Nonsteroidal Anti-inflammatory Drug [EPC]","N/A","No","12/31/2026"
"Sleep Aid","84324-016-01","25 mg/1","TABLET","ORAL","M010","NUVICARE LLC","84324-016","Diphenhydramine HCl 25 mg","DIPHENHYDRAMINE HYDROCHLORIDE","HUMAN OTC DRUG","07/18/2024","N/A","OTC MONOGRAPH DRUG","200 TABLET in 1 BOTTLE (84324-016-01)","Histamine H1 Receptor Antagonists [MoA],  Histamine-1 Receptor Antagonist [EPC]","N/A","No","12/31/2026"
"TopCare Allergy Relief","36800-367-24","25 mg/1","CAPSULE, LIQUID FILLED","ORAL","M012","TOPCO ASSOCIATES LLC","36800-367","diphenhydramine hydrochloride","DIPHENHYDRAMINE HYDROCHLORIDE","HUMAN OTC DRUG","07/13/2021","N/A","OTC MONOGRAPH DRUG","2 BLISTER PACK in 1 CARTON (36800-367-24)  / 12 CAPSULE, LIQUID FILLED in 1 BLISTER PACK","Histamine H1 Receptor Antagonists [MoA],  Histamine-1 Receptor Antagonist [EPC]","N/A","No","12/31/2026"
"Diphenhydramine Hydrochloride","50090-1841-0","50 mg/mL","INJECTION","INTRAMUSCULAR,  INTRAVENOUS","ANDA080817","A-S Medication Solutions","50090-1841","diphenhydramine hydrochloride","DIPHENHYDRAMINE HCL","HUMAN PRESCRIPTION DRUG","05/21/2015","N/A","ANDA","25 VIAL in 1 PACKAGE (50090-1841-0)  / 1 mL in 1 VIAL","Histamine H1 Receptor Antagonists [MoA],  Histamine-1 Receptor Antagonist [EPC]","N/A","No","12/31/2027"
"Nighttime Sleep Aid","50844-200-02","50 mg/30mL","SOLUTION","ORAL","M010","L.N.K. International, Inc.","50844-200","Diphenhydramine HCl","DIPHENHYDRAMINE HYDROCHLORIDE","HUMAN OTC DRUG","09/12/2016","N/A","OTC MONOGRAPH DRUG","355 mL in 1 BOTTLE, PLASTIC (50844-200-02)","Histamine H1 Receptor Antagonists [MoA],  Histamine-1 Receptor Antagonist [EPC]","N/A","No","12/31/2026"
"Nighttime Sleep Aid","50844-200-96","50 mg/30mL","SOLUTION","ORAL","M010","L.N.K. International, Inc.","50844-200","Diphenhydramine HCl","DIPHENHYDRAMINE HYDROCHLORIDE","HUMAN OTC DRUG","09/12/2016","N/A","OTC MONOGRAPH DRUG","2 BOTTLE, PLASTIC in 1 PACKAGE (50844-200-96)  / 355 mL in 1 BOTTLE, PLASTIC","Histamine H1 Receptor Antagonists [MoA],  Histamine-1 Receptor Antagonist [EPC]","N/A","No","12/31/2026"
"basic care nighttime sleep aid","72288-186-40","50 mg/30mL","SOLUTION","ORAL","M010","Amazon.com Services LLC","72288-186","Diphenhydramine HCl","DIPHENHYDRAMINE HYDROCHLORIDE","HUMAN OTC DRUG","08/06/2021","N/A","OTC MONOGRAPH DRUG","355 mL in 1 BOTTLE (72288-186-40)","Histamine H1 Receptor Antagonists [MoA],  Histamine-1 Receptor Antagonist [EPC]","N/A","No","12/31/2026"
"Acetaminophen Liquid / Acetaminophen Diphenhydramine HCl Liquid","41226-672-02","N/A","KIT","ORAL","M013","Kroger","41226-672","Acetaminophen, Diphenhydramine HCl","N/A","HUMAN OTC DRUG","06/01/2026","N/A","OTC MONOGRAPH DRUG","1 KIT in 1 PACKAGE (41226-672-02)  *  354 mL in 1 BOTTLE (41226-670-01)  *  354 mL in 1 BOTTLE (41226-671-01)","N/A","N/A","No","12/31/2027"
"Nighttime Sleep Aid","41520-034-06","50 mg/30mL","LIQUID","ORAL","M012","Care One (American Sales Company)","41520-034","Diphenhydramine HCl","DIPHENHYDRAMINE HYDROCHLORIDE","HUMAN OTC DRUG","06/30/2015","10/30/2026","OTC MONOGRAPH DRUG","177 mL in 1 BOTTLE, PLASTIC (41520-034-06)","Histamine H1 Receptor Antagonists [MoA],  Histamine-1 Receptor Antagonist [EPC]","N/A","No","N/A"
"Nighttime Sleep Aid","41520-034-12","50 mg/30mL","LIQUID","ORAL","M012","Care One (American Sales Company)","41520-034","Diphenhydramine HCl","DIPHENHYDRAMINE HYDROCHLORIDE","HUMAN OTC DRUG","06/30/2015","10/30/2026","OTC MONOGRAPH DRUG","355 mL in 1 BOTTLE, PLASTIC (41520-034-12)","Histamine H1 Receptor Antagonists [MoA],  Histamine-1 Receptor Antagonist [EPC]","N/A","No","N/A"
"pain relief pm","69452-507-78","200 mg/1,  25 mg/1","CAPSULE, LIQUID FILLED","ORAL","ANDA090397","Bionpharma Inc.","69452-507","IBUPROFEN AND DIPHENHYDRAMINE HCL","IBUPROFEN,  DIPHENHYDRAMINE HYDROCHLORIDE","HUMAN OTC DRUG","05/20/2026","N/A","ANDA","1 BOTTLE, PLASTIC in 1 CARTON (69452-507-78)  / 80 CAPSULE, LIQUID FILLED in 1 BOTTLE, PLASTIC","Anti-Inflammatory Agents,  Non-Steroidal [CS],  Cyclooxygenase Inhibitors [MoA],  Histamine H1 Receptor Antagonists [MoA],  Histamine-1 Receptor Antagonist [EPC],  Nonsteroidal Anti-inflammatory Drug [EPC]","N/A","No","12/31/2027"
"THERAFLU NIGHTTIME SEVERE COLD AND COUGH","0067-7918-06","650 mg/237mL,  25 mg/237mL,  10 mg/237mL","POWDER, FOR SOLUTION","ORAL","M012","Haleon US Holdings LLC","0067-7918","ACETAMINOPHEN, DIPHENHYDRAMINE HCL, PHENYLEPHRINE HCL","ACETAMINOPHEN,  DIPHENHYDRAMINE HYDROCHLORIDE,  PHENYLEPHRINE HYDROCHLORIDE","HUMAN OTC DRUG","07/01/2014","N/A","OTC MONOGRAPH DRUG","6 PACKET in 1 CARTON (0067-7918-06)  / 237 mL in 1 PACKET (0067-7918-01)","Adrenergic alpha1-Agonists [MoA],  Histamine H1 Receptor Antagonists [MoA],  Histamine-1 Receptor Antagonist [EPC],  alpha-1 Adrenergic Agonist [EPC]","N/A","No","12/31/2026"
"Sleep Aid","46122-754-29","50 mg/30mL","SOLUTION","ORAL","M010","Amerisource Bergen","46122-754","Diphenhydramine HCl","DIPHENHYDRAMINE HYDROCHLORIDE","HUMAN OTC DRUG","09/14/2023","N/A","OTC MONOGRAPH DRUG","355 mL in 1 BOTTLE, PLASTIC (46122-754-29)","Histamine H1 Receptor Antagonists [MoA],  Histamine-1 Receptor Antagonist [EPC]","N/A","No","12/31/2027"
"Diphenhydramine Hydrochloride","68788-8855-0","25 mg/1","CAPSULE","ORAL","M012","Preferred Pharmaceuticals Inc.","68788-8855","Diphenhydramine Hydrochloride","DIPHENHYDRAMINE HYDROCHLORIDE","HUMAN OTC DRUG","04/11/2025","N/A","OTC MONOGRAPH DRUG","10 CAPSULE in 1 BOTTLE (68788-8855-0)","Histamine H1 Receptor Antagonists [MoA],  Histamine-1 Receptor Antagonist [EPC]","N/A","No","12/31/2026"
"Diphenhydramine Hydrochloride","68788-8855-1","25 mg/1","CAPSULE","ORAL","M012","Preferred Pharmaceuticals Inc.","68788-8855","Diphenhydramine Hydrochloride","DIPHENHYDRAMINE HYDROCHLORIDE","HUMAN OTC DRUG","04/11/2025","N/A","OTC MONOGRAPH DRUG","15 CAPSULE in 1 BOTTLE (68788-8855-1)","Histamine H1 Receptor Antagonists [MoA],  Histamine-1 Receptor Antagonist [EPC]","N/A","No","12/31/2026"
"Diphenhydramine Hydrochloride","68788-8855-3","25 mg/1","CAPSULE","ORAL","M012","Preferred Pharmaceuticals Inc.","68788-8855","Diphenhydramine Hydrochloride","DIPHENHYDRAMINE HYDROCHLORIDE","HUMAN OTC DRUG","04/11/2025","N/A","OTC MONOGRAPH DRUG","30 CAPSULE in 1 BOTTLE (68788-8855-3)","Histamine H1 Receptor Antagonists [MoA],  Histamine-1 Receptor Antagonist [EPC]","N/A","No","12/31/2026"
"Sleep-Aid","69842-470-02","50 mg/30mL","SOLUTION","ORAL","M010","CVS PHARMACY","69842-470","Diphenhydramine HCl","DIPHENHYDRAMINE HYDROCHLORIDE","HUMAN OTC DRUG","03/01/2019","N/A","OTC MONOGRAPH DRUG","355 mL in 1 BOTTLE, PLASTIC (69842-470-02)","Histamine H1 Receptor Antagonists [MoA],  Histamine-1 Receptor Antagonist [EPC]","N/A","No","12/31/2026"
"Nighttime Sleep Aid","70677-1128-1","25 mg/1","TABLET, FILM COATED","ORAL","M010","Strategic Sourcing Services LLC","70677-1128","Diphenhydramine HCl","DIPHENHYDRAMINE HYDROCHLORIDE","HUMAN OTC DRUG","05/18/2023","N/A","OTC MONOGRAPH DRUG","2 BLISTER PACK in 1 CARTON (70677-1128-1)  / 12 TABLET, FILM COATED in 1 BLISTER PACK","Histamine H1 Receptor Antagonists [MoA],  Histamine-1 Receptor Antagonist [EPC]","N/A","No","12/31/2027"
"Nighttime Sleep Aid","83324-110-32","25 mg/1","TABLET","ORAL","M010","CHAIN DRUG MARKETING ASSOCIATION, INC.","83324-110","DIPHENHYDRAMINE HYDROCHLORIDE","DIPHENHYDRAMINE HYDROCHLORIDE","HUMAN OTC DRUG","08/12/2024","N/A","OTC MONOGRAPH DRUG","4 BLISTER PACK in 1 CARTON (83324-110-32)  / 8 TABLET in 1 BLISTER PACK","Histamine H1 Receptor Antagonists [MoA],  Histamine-1 Receptor Antagonist [EPC]","N/A","No","12/31/2026"
"Allergy Relief","63941-090-01","25 mg/1","TABLET, COATED","ORAL","M012","VALU MERCHANDISERS COMPANY","63941-090","DIPHENHYDRAMINE HYDROCHLORIDE","DIPHENHYDRAMINE HYDROCHLORIDE","HUMAN OTC DRUG","05/19/2017","01/31/2028","OTC MONOGRAPH DRUG","2 BLISTER PACK in 1 CARTON (63941-090-01)  / 12 TABLET, COATED in 1 BLISTER PACK","Histamine H1 Receptor Antagonists [MoA],  Histamine-1 Receptor Antagonist [EPC]","N/A","No","N/A"
"Allergy Relief","63941-090-03","25 mg/1","TABLET, COATED","ORAL","M012","VALU MERCHANDISERS COMPANY","63941-090","DIPHENHYDRAMINE HYDROCHLORIDE","DIPHENHYDRAMINE HYDROCHLORIDE","HUMAN OTC DRUG","02/27/2017","01/31/2028","OTC MONOGRAPH DRUG","1 BOTTLE, PLASTIC in 1 CARTON (63941-090-03)  / 100 TABLET, COATED in 1 BOTTLE, PLASTIC","Histamine H1 Receptor Antagonists [MoA],  Histamine-1 Receptor Antagonist [EPC]","N/A","No","N/A"
"Benadryl","66715-6406-2","25 mg/1","TABLET, FILM COATED","ORAL","M012","Lil' Drug Store Products, Inc.","66715-6406","Diphenhydramine Hydrochloride","DIPHENHYDRAMINE HYDROCHLORIDE","HUMAN OTC DRUG","11/28/2022","N/A","OTC MONOGRAPH DRUG","2 POUCH in 1 CARTON (66715-6406-2)  / 2 TABLET, FILM COATED in 1 POUCH","Histamine H1 Receptor Antagonists [MoA],  Histamine-1 Receptor Antagonist [EPC]","N/A","No","12/31/2026"
"Benadryl","66715-6406-7","25 mg/1","TABLET, FILM COATED","ORAL","M012","Lil' Drug Store Products, Inc.","66715-6406","Diphenhydramine Hydrochloride","DIPHENHYDRAMINE HYDROCHLORIDE","HUMAN OTC DRUG","04/19/2022","N/A","OTC MONOGRAPH DRUG","25 POUCH in 1 BOX, UNIT-DOSE (66715-6406-7)  / 2 TABLET, FILM COATED in 1 POUCH","Histamine H1 Receptor Antagonists [MoA],  Histamine-1 Receptor Antagonist [EPC]","N/A","No","12/31/2026"
"Benadryl","66715-6406-8","25 mg/1","TABLET, FILM COATED","ORAL","M012","Lil' Drug Store Products, Inc.","66715-6406","Diphenhydramine Hydrochloride","DIPHENHYDRAMINE HYDROCHLORIDE","HUMAN OTC DRUG","04/19/2022","N/A","OTC MONOGRAPH DRUG","30 POUCH in 1 BOX, UNIT-DOSE (66715-6406-8)  / 2 TABLET, FILM COATED in 1 POUCH","Histamine H1 Receptor Antagonists [MoA],  Histamine-1 Receptor Antagonist [EPC]","N/A","No","12/31/2026"
"WinCo Original Strength Anti-Itch","67091-277-28","10 mg/g,  1 mg/g","CREAM","TOPICAL","M016","WinCo Foods, LLC","67091-277","Diphenhydramine hydrochloride, and Zinc acetate","DIPHENHYDRAMINE HYDROCHLORIDE,  ZINC ACETATE","HUMAN OTC DRUG","02/09/2015","N/A","OTC MONOGRAPH DRUG","1 TUBE in 1 CARTON (67091-277-28)  / 28 g in 1 TUBE","Copper Absorption Inhibitor [EPC],  Decreased Copper Ion Absorption [PE],  Histamine H1 Receptor Antagonists [MoA],  Histamine-1 Receptor Antagonist [EPC]","N/A","No","12/31/2026"
"Diphenhydramine Hydrochloride","0363-9835-01","25 mg/1","CAPSULE","ORAL","M012","Walgreen Company","0363-9835","Diphenhydramine Hydrochloride","DIPHENHYDRAMINE HYDROCHLORIDE","HUMAN OTC DRUG","09/07/2021","N/A","OTC MONOGRAPH DRUG","1 BOTTLE in 1 CARTON (0363-9835-01)  / 100 CAPSULE in 1 BOTTLE","Histamine H1 Receptor Antagonists [MoA],  Histamine-1 Receptor Antagonist [EPC]","N/A","No","12/31/2026"
"Diphenhydramine Hydrochloride","0363-9835-02","25 mg/1","CAPSULE","ORAL","M012","Walgreen Company","0363-9835","Diphenhydramine Hydrochloride","DIPHENHYDRAMINE HYDROCHLORIDE","HUMAN OTC DRUG","05/05/2022","N/A","OTC MONOGRAPH DRUG","600 CAPSULE in 1 BOTTLE (0363-9835-02)","Histamine H1 Receptor Antagonists [MoA],  Histamine-1 Receptor Antagonist [EPC]","N/A","No","12/31/2026"
"Diphenhydramine Hydrochloride","0363-9835-06","25 mg/1","CAPSULE","ORAL","M012","Walgreen Company","0363-9835","Diphenhydramine Hydrochloride","DIPHENHYDRAMINE HYDROCHLORIDE","HUMAN OTC DRUG","10/01/2021","N/A","OTC MONOGRAPH DRUG","365 CAPSULE in 1 BOTTLE (0363-9835-06)","Histamine H1 Receptor Antagonists [MoA],  Histamine-1 Receptor Antagonist [EPC]","N/A","No","12/31/2026"
"Sleep Aid Nighttime","69842-916-02","50 mg/1","CAPSULE","ORAL","M010","CVS Pharmacy","69842-916","Diphenhydramine HCl","DIPHENHYDRAMINE HYDROCHLORIDE","HUMAN OTC DRUG","11/29/2019","N/A","OTC MONOGRAPH DRUG","200 CAPSULE in 1 BOTTLE, PLASTIC (69842-916-02)","Histamine H1 Receptor Antagonists [MoA],  Histamine-1 Receptor Antagonist [EPC]","N/A","No","12/31/2027"
"Sleep Aid Nighttime","69842-916-32","50 mg/1","CAPSULE","ORAL","M010","CVS Pharmacy","69842-916","Diphenhydramine HCl","DIPHENHYDRAMINE HYDROCHLORIDE","HUMAN OTC DRUG","11/29/2019","N/A","OTC MONOGRAPH DRUG","1 BOTTLE, PLASTIC in 1 BOX (69842-916-32)  / 32 CAPSULE in 1 BOTTLE, PLASTIC","Histamine H1 Receptor Antagonists [MoA],  Histamine-1 Receptor Antagonist [EPC]","N/A","No","12/31/2027"
"Sleep Aid Nighttime","69842-916-64","50 mg/1","CAPSULE","ORAL","M010","CVS Pharmacy","69842-916","Diphenhydramine HCl","DIPHENHYDRAMINE HYDROCHLORIDE","HUMAN OTC DRUG","11/29/2019","N/A","OTC MONOGRAPH DRUG","1 BOTTLE, PLASTIC in 1 BOX (69842-916-64)  / 64 CAPSULE in 1 BOTTLE, PLASTIC","Histamine H1 Receptor Antagonists [MoA],  Histamine-1 Receptor Antagonist [EPC]","N/A","No","12/31/2027"
"Sleep Aid Nighttime","69842-916-96","50 mg/1","CAPSULE","ORAL","M010","CVS Pharmacy","69842-916","Diphenhydramine HCl","DIPHENHYDRAMINE HYDROCHLORIDE","HUMAN OTC DRUG","11/29/2019","N/A","OTC MONOGRAPH DRUG","96 CAPSULE in 1 BOTTLE, PLASTIC (69842-916-96)","Histamine H1 Receptor Antagonists [MoA],  Histamine-1 Receptor Antagonist [EPC]","N/A","No","12/31/2027"
"Diphenhydramine Hydrochloride","70000-0598-1","25 mg/1","CAPSULE","ORAL","M012","LEADER/ Cardinal Health 110, Inc.","70000-0598","Diphenhydramine Hydrochloride","DIPHENHYDRAMINE HYDROCHLORIDE","HUMAN OTC DRUG","07/07/2022","02/29/2028","OTC MONOGRAPH DRUG","2 BLISTER PACK in 1 CARTON (70000-0598-1)  / 12 CAPSULE in 1 BLISTER PACK","Histamine H1 Receptor Antagonists [MoA],  Histamine-1 Receptor Antagonist [EPC]","N/A","No","N/A"
"Diphenhydramine Hydrochloride","70000-0598-2","25 mg/1","CAPSULE","ORAL","M012","LEADER/ Cardinal Health 110, Inc.","70000-0598","Diphenhydramine Hydrochloride","DIPHENHYDRAMINE HYDROCHLORIDE","HUMAN OTC DRUG","07/07/2022","02/29/2028","OTC MONOGRAPH DRUG","100 CAPSULE in 1 BOTTLE (70000-0598-2)","Histamine H1 Receptor Antagonists [MoA],  Histamine-1 Receptor Antagonist [EPC]","N/A","No","N/A"
"foster and thrive ibuprofen pm","70677-1131-1","38 mg/1,  200 mg/1","TABLET, FILM COATED","ORAL","ANDA079113","Strategic Sourcing Services LLC","70677-1131","diphenhydramine citrate, ibuprofen","DIPHENHYDRAMINE CITRATE,  IBUPROFEN","HUMAN OTC DRUG","11/01/2023","N/A","ANDA","1 BOTTLE in 1 CARTON (70677-1131-1)  / 40 TABLET, FILM COATED in 1 BOTTLE","Anti-Inflammatory Agents,  Non-Steroidal [CS],  Cyclooxygenase Inhibitors [MoA],  Histamine H1 Receptor Antagonists [MoA],  Histamine-1 Receptor Antagonist [EPC],  Nonsteroidal Anti-inflammatory Drug [EPC]","N/A","No","12/31/2026"
"Allergy Relief","72036-090-01","25 mg/1","TABLET, COATED","ORAL","M012","Harris Teeter","72036-090","DIPHENHYDRAMINE HYDROCHLORIDE","DIPHENHYDRAMINE HYDROCHLORIDE","HUMAN OTC DRUG","08/06/2012","N/A","OTC MONOGRAPH DRUG","2 BLISTER PACK in 1 CARTON (72036-090-01)  / 12 TABLET, COATED in 1 BLISTER PACK","Histamine H1 Receptor Antagonists [MoA],  Histamine-1 Receptor Antagonist [EPC]","N/A","No","12/31/2026"
"Rest Simply","83324-113-01","25 mg/1","TABLET, COATED","ORAL","M010","CHAIN DRUG MARKETING ASSOCIATION, INC.","83324-113","DIPHENHYDRAMINE HYDROCHLORIDE","DIPHENHYDRAMINE HYDROCHLORIDE","HUMAN OTC DRUG","08/12/2024","N/A","OTC MONOGRAPH DRUG","1 BOTTLE, PLASTIC in 1 CARTON (83324-113-01)  / 100 TABLET, COATED in 1 BOTTLE, PLASTIC","Histamine H1 Receptor Antagonists [MoA],  Histamine-1 Receptor Antagonist [EPC]","N/A","No","12/31/2026"
"Rest Simply","83324-113-24","25 mg/1","TABLET, COATED","ORAL","M010","CHAIN DRUG MARKETING ASSOCIATION, INC.","83324-113","DIPHENHYDRAMINE HYDROCHLORIDE","DIPHENHYDRAMINE HYDROCHLORIDE","HUMAN OTC DRUG","08/12/2024","N/A","OTC MONOGRAPH DRUG","2 BLISTER PACK in 1 CARTON (83324-113-24)  / 12 TABLET, COATED in 1 BLISTER PACK","Histamine H1 Receptor Antagonists [MoA],  Histamine-1 Receptor Antagonist [EPC]","N/A","No","12/31/2026"
"Allergy Relief","21130-329-08","25 mg/1","TABLET, FILM COATED","ORAL","M012","Better Living Brands, LLC","21130-329","Diphenhydramine HCl","DIPHENHYDRAMINE HYDROCHLORIDE","HUMAN OTC DRUG","03/02/1990","N/A","OTC MONOGRAPH DRUG","2 BLISTER PACK in 1 CARTON (21130-329-08)  / 12 TABLET, FILM COATED in 1 BLISTER PACK","Histamine H1 Receptor Antagonists [MoA],  Histamine-1 Receptor Antagonist [EPC]","N/A","No","12/31/2027"
"Equate Anti Itch","49035-622-64","2 g/100g,  .1 g/100g","CREAM","TOPICAL","M017","Wal-Mart Stores Inc","49035-622","Diphenhydramine Hydrochloride, Zinc Acetate","DIPHENHYDRAMINE HYDROCHLORIDE,  ZINC ACETATE","HUMAN OTC DRUG","03/17/2010","N/A","OTC MONOGRAPH DRUG","1 TUBE in 1 CARTON (49035-622-64)  / 28 g in 1 TUBE","Copper Absorption Inhibitor [EPC],  Decreased Copper Ion Absorption [PE],  Histamine H1 Receptor Antagonists [MoA],  Histamine-1 Receptor Antagonist [EPC]","N/A","No","12/31/2026"
"Benadryl","50580-226-12","25 mg/1","TABLET, FILM COATED","ORAL","M012","Kenvue Brands LLC","50580-226","Diphenhydramine Hydrochloride","DIPHENHYDRAMINE HYDROCHLORIDE","HUMAN OTC DRUG","06/11/2025","N/A","OTC MONOGRAPH DRUG","1 BLISTER PACK in 1 CARTON (50580-226-12)  / 12 TABLET, FILM COATED in 1 BLISTER PACK","Histamine H1 Receptor Antagonists [MoA],  Histamine-1 Receptor Antagonist [EPC]","N/A","No","12/31/2027"
"Benadryl","50580-226-20","25 mg/1","TABLET, FILM COATED","ORAL","M012","Kenvue Brands LLC","50580-226","Diphenhydramine Hydrochloride","DIPHENHYDRAMINE HYDROCHLORIDE","HUMAN OTC DRUG","01/15/2024","N/A","OTC MONOGRAPH DRUG","2 CARTON in 1 CARTON (50580-226-20)  / 1 BOTTLE in 1 CARTON / 100 TABLET, FILM COATED in 1 BOTTLE","Histamine H1 Receptor Antagonists [MoA],  Histamine-1 Receptor Antagonist [EPC]","N/A","No","12/31/2027"
"Benadryl","50580-226-33","25 mg/1","TABLET, FILM COATED","ORAL","M012","Kenvue Brands LLC","50580-226","Diphenhydramine Hydrochloride","DIPHENHYDRAMINE HYDROCHLORIDE","HUMAN OTC DRUG","07/28/2025","N/A","OTC MONOGRAPH DRUG","3 CARTON in 1 CARTON (50580-226-33)  / 1 BOTTLE in 1 CARTON / 48 TABLET, FILM COATED in 1 BOTTLE","Histamine H1 Receptor Antagonists [MoA],  Histamine-1 Receptor Antagonist [EPC]","N/A","No","12/31/2027"
"Benadryl","50580-226-50","25 mg/1","TABLET, FILM COATED","ORAL","M012","Kenvue Brands LLC","50580-226","Diphenhydramine Hydrochloride","DIPHENHYDRAMINE HYDROCHLORIDE","HUMAN OTC DRUG","06/04/2012","N/A","OTC MONOGRAPH DRUG","1 BOTTLE in 1 CARTON (50580-226-50)  / 100 TABLET, FILM COATED in 1 BOTTLE","Histamine H1 Receptor Antagonists [MoA],  Histamine-1 Receptor Antagonist [EPC]","N/A","No","12/31/2027"
"Benadryl","50580-226-51","25 mg/1","TABLET, FILM COATED","ORAL","M012","Kenvue Brands LLC","50580-226","Diphenhydramine Hydrochloride","DIPHENHYDRAMINE HYDROCHLORIDE","HUMAN OTC DRUG","06/04/2012","N/A","OTC MONOGRAPH DRUG","2 BLISTER PACK in 1 CARTON (50580-226-51)  / 12 TABLET, FILM COATED in 1 BLISTER PACK","Histamine H1 Receptor Antagonists [MoA],  Histamine-1 Receptor Antagonist [EPC]","N/A","No","12/31/2027"
"Benadryl","50580-226-52","25 mg/1","TABLET, FILM COATED","ORAL","M012","Kenvue Brands LLC","50580-226","Diphenhydramine Hydrochloride","DIPHENHYDRAMINE HYDROCHLORIDE","HUMAN OTC DRUG","06/04/2012","N/A","OTC MONOGRAPH DRUG","4 BLISTER PACK in 1 CARTON (50580-226-52)  / 12 TABLET, FILM COATED in 1 BLISTER PACK","Histamine H1 Receptor Antagonists [MoA],  Histamine-1 Receptor Antagonist [EPC]","N/A","No","12/31/2027"
"Benadryl","50580-226-53","25 mg/1","TABLET, FILM COATED","ORAL","M012","Kenvue Brands LLC","50580-226","Diphenhydramine Hydrochloride","DIPHENHYDRAMINE HYDROCHLORIDE","HUMAN OTC DRUG","06/04/2012","N/A","OTC MONOGRAPH DRUG","2 TABLET, FILM COATED in 1 POUCH (50580-226-53)","Histamine H1 Receptor Antagonists [MoA],  Histamine-1 Receptor Antagonist [EPC]","N/A","No","12/31/2027"
"Benadryl","50580-226-54","25 mg/1","TABLET, FILM COATED","ORAL","M012","Kenvue Brands LLC","50580-226","Diphenhydramine Hydrochloride","DIPHENHYDRAMINE HYDROCHLORIDE","HUMAN OTC DRUG","07/27/2015","N/A","OTC MONOGRAPH DRUG","60 POUCH in 1 CARTON (50580-226-54)  / 2 TABLET, FILM COATED in 1 POUCH","Histamine H1 Receptor Antagonists [MoA],  Histamine-1 Receptor Antagonist [EPC]","N/A","No","12/31/2027"
"Benadryl","50580-226-56","25 mg/1","TABLET, FILM COATED","ORAL","M012","Kenvue Brands LLC","50580-226","Diphenhydramine Hydrochloride","DIPHENHYDRAMINE HYDROCHLORIDE","HUMAN OTC DRUG","02/01/2013","N/A","OTC MONOGRAPH DRUG","3 CARTON in 1 PACKAGE (50580-226-56)  / 4 BLISTER PACK in 1 CARTON / 12 TABLET, FILM COATED in 1 BLISTER PACK","Histamine H1 Receptor Antagonists [MoA],  Histamine-1 Receptor Antagonist [EPC]","N/A","No","12/31/2027"
"Benadryl","50580-226-62","25 mg/1","TABLET, FILM COATED","ORAL","M012","Kenvue Brands LLC","50580-226","Diphenhydramine Hydrochloride","DIPHENHYDRAMINE HYDROCHLORIDE","HUMAN OTC DRUG","01/02/2017","N/A","OTC MONOGRAPH DRUG","4 POUCH in 1 CARTON (50580-226-62)  / 2 TABLET, FILM COATED in 1 POUCH","Histamine H1 Receptor Antagonists [MoA],  Histamine-1 Receptor Antagonist [EPC]","N/A","No","12/31/2027"
"Benadryl","50580-226-70","25 mg/1","TABLET, FILM COATED","ORAL","M012","Kenvue Brands LLC","50580-226","Diphenhydramine Hydrochloride","DIPHENHYDRAMINE HYDROCHLORIDE","HUMAN OTC DRUG","06/02/2025","N/A","OTC MONOGRAPH DRUG","1 BOTTLE in 1 CARTON (50580-226-70)  / 48 TABLET, FILM COATED in 1 BOTTLE","Histamine H1 Receptor Antagonists [MoA],  Histamine-1 Receptor Antagonist [EPC]","N/A","No","12/31/2027"
"Pain Reliever PM Extra Strength","50844-235-15","500 mg/1,  25 mg/1","TABLET, FILM COATED","ORAL","M013","L.N.K. International, Inc.","50844-235","Acetaminophen, Diphenhydramine HCl","ACETAMINOPHEN,  DIPHENHYDRAMINE HYDROCHLORIDE","HUMAN OTC DRUG","05/15/1994","N/A","OTC MONOGRAPH DRUG","1 BOTTLE, PLASTIC in 1 CARTON (50844-235-15)  / 50 TABLET, FILM COATED in 1 BOTTLE, PLASTIC","Histamine H1 Receptor Antagonists [MoA],  Histamine-1 Receptor Antagonist [EPC]","N/A","No","12/31/2027"
"Percogesic Original Strength","63029-053-90","325 mg/1,  12.5 mg/1","TABLET, COATED","ORAL","M013","Medtech Products Inc.","63029-053","Acetaminophen and Diphenhydramine HCl","ACETAMINOPHEN,  DIPHENHYDRAMINE HYDROCHLORIDE","HUMAN OTC DRUG","03/19/2010","N/A","OTC MONOGRAPH DRUG","1 BOTTLE, PLASTIC in 1 BOX (63029-053-90)  / 90 TABLET, COATED in 1 BOTTLE, PLASTIC","Histamine H1 Receptor Antagonists [MoA],  Histamine-1 Receptor Antagonist [EPC]","N/A","No","12/31/2026"
"Tylenol PM Extra Strength","67751-241-01","500 mg/1,  25 mg/1","TABLET, FILM COATED","ORAL","M013","Navajo Manufacturing Company Inc.","67751-241","acetaminophen and diphenhydramine hydrochloride","ACETAMINOPHEN,  DIPHENHYDRAMINE HYDROCHLORIDE","HUMAN OTC DRUG","03/11/2025","N/A","OTC MONOGRAPH DRUG","1 POUCH in 1 CARTON (67751-241-01)  / 2 TABLET, FILM COATED in 1 POUCH","Histamine H1 Receptor Antagonists [MoA],  Histamine-1 Receptor Antagonist [EPC]","N/A","No","12/31/2026"
"Tylenol PM Extra Strength","67751-241-02","500 mg/1,  25 mg/1","TABLET, FILM COATED","ORAL","M013","Navajo Manufacturing Company Inc.","67751-241","acetaminophen and diphenhydramine hydrochloride","ACETAMINOPHEN,  DIPHENHYDRAMINE HYDROCHLORIDE","HUMAN OTC DRUG","09/23/2025","N/A","OTC MONOGRAPH DRUG","2 POUCH in 1 CARTON (67751-241-02)  / 2 TABLET, FILM COATED in 1 POUCH","Histamine H1 Receptor Antagonists [MoA],  Histamine-1 Receptor Antagonist [EPC]","N/A","No","12/31/2026"
"pain relief PM","72036-095-02","500 mg/1,  25 mg/1","TABLET, COATED","ORAL","M013","HARRIS TEETER","72036-095","Acetaminophen and Diphenhydramine Hydrochloride","ACETAMINOPHEN,  DIPHENHYDRAMINE HYDROCHLORIDE","HUMAN OTC DRUG","10/01/2011","N/A","OTC MONOGRAPH DRUG","1 BOTTLE, PLASTIC in 1 CARTON (72036-095-02)  / 50 TABLET, COATED in 1 BOTTLE, PLASTIC","Histamine H1 Receptor Antagonists [MoA],  Histamine-1 Receptor Antagonist [EPC]","N/A","No","12/31/2027"
"pain relief PM","72036-095-03","500 mg/1,  25 mg/1","TABLET, COATED","ORAL","M013","HARRIS TEETER","72036-095","Acetaminophen and Diphenhydramine Hydrochloride","ACETAMINOPHEN,  DIPHENHYDRAMINE HYDROCHLORIDE","HUMAN OTC DRUG","10/01/2011","N/A","OTC MONOGRAPH DRUG","1 BOTTLE, PLASTIC in 1 CARTON (72036-095-03)  / 100 TABLET, COATED in 1 BOTTLE, PLASTIC","Histamine H1 Receptor Antagonists [MoA],  Histamine-1 Receptor Antagonist [EPC]","N/A","No","12/31/2027"
"Care One Ibuprofen PM","41520-050-27","38 mg/1,  200 mg/1","TABLET, FILM COATED","ORAL","ANDA079113","American Sales Company","41520-050","diphenhydramine citrate and ibuprofen","DIPHENHYDRAMINE CITRATE,  IBUPROFEN","HUMAN OTC DRUG","02/20/2009","N/A","ANDA","1 BOTTLE in 1 CARTON (41520-050-27)  / 80 TABLET, FILM COATED in 1 BOTTLE","Anti-Inflammatory Agents,  Non-Steroidal [CS],  Cyclooxygenase Inhibitors [MoA],  Histamine H1 Receptor Antagonists [MoA],  Histamine-1 Receptor Antagonist [EPC],  Nonsteroidal Anti-inflammatory Drug [EPC]","N/A","No","12/31/2027"
"Care One Ibuprofen PM","41520-050-58","38 mg/1,  200 mg/1","TABLET, FILM COATED","ORAL","ANDA079113","American Sales Company","41520-050","diphenhydramine citrate and ibuprofen","DIPHENHYDRAMINE CITRATE,  IBUPROFEN","HUMAN OTC DRUG","02/20/2009","N/A","ANDA","1 BOTTLE in 1 CARTON (41520-050-58)  / 40 TABLET, FILM COATED in 1 BOTTLE","Anti-Inflammatory Agents,  Non-Steroidal [CS],  Cyclooxygenase Inhibitors [MoA],  Histamine H1 Receptor Antagonists [MoA],  Histamine-1 Receptor Antagonist [EPC],  Nonsteroidal Anti-inflammatory Drug [EPC]","N/A","No","12/31/2027"
"Care One Ibuprofen PM","41520-050-60","38 mg/1,  200 mg/1","TABLET, FILM COATED","ORAL","ANDA079113","American Sales Company","41520-050","diphenhydramine citrate and ibuprofen","DIPHENHYDRAMINE CITRATE,  IBUPROFEN","HUMAN OTC DRUG","02/20/2009","N/A","ANDA","1 BOTTLE in 1 CARTON (41520-050-60)  / 20 TABLET, FILM COATED in 1 BOTTLE","Anti-Inflammatory Agents,  Non-Steroidal [CS],  Cyclooxygenase Inhibitors [MoA],  Histamine H1 Receptor Antagonists [MoA],  Histamine-1 Receptor Antagonist [EPC],  Nonsteroidal Anti-inflammatory Drug [EPC]","N/A","No","12/31/2027"
"Nighttime Sleep Aid","63941-091-01","25 mg/1","TABLET, COATED","ORAL","M010","VALU MERCHANDISERS COMPANY","63941-091","DIPHENHYDRAMINE HYDROCHLORIDE","DIPHENHYDRAMINE HYDROCHLORIDE","HUMAN OTC DRUG","02/25/2010","09/30/2027","OTC MONOGRAPH DRUG","4 BLISTER PACK in 1 CARTON (63941-091-01)  / 6 TABLET, COATED in 1 BLISTER PACK","Histamine H1 Receptor Antagonists [MoA],  Histamine-1 Receptor Antagonist [EPC]","N/A","No","N/A"
"Rest Simply","72036-091-01","25 mg/1","TABLET, COATED","ORAL","M010","Harris Teeter","72036-091","DIPHENHYDRAMINE HYDROCHLORIDE","DIPHENHYDRAMINE HYDROCHLORIDE","HUMAN OTC DRUG","10/06/2011","N/A","OTC MONOGRAPH DRUG","2 BLISTER PACK in 1 CARTON (72036-091-01)  / 12 TABLET, COATED in 1 BLISTER PACK","Histamine H1 Receptor Antagonists [MoA],  Histamine-1 Receptor Antagonist [EPC]","N/A","No","12/31/2026"
"Vicks ZzzQuil Nighttime Sleep-Aid","84126-306-03","N/A","KIT","N/A","M010","The Procter & Gamble Manufacturing Company","84126-306","DIPHENHYDRAMINE HYDROCHLORIDE","N/A","HUMAN OTC DRUG","07/15/2024","03/06/2027","OTC MONOGRAPH DRUG","1 KIT in 1 CARTON (84126-306-03)  *  2 BOTTLE, PLASTIC in 1 PACKAGE, COMBINATION (37000-500-24)  / 354 mL in 1 BOTTLE, PLASTIC (37000-500-12)","N/A","N/A","No","N/A"
"Allergy Relief","50844-229-08","25 mg/1","TABLET, FILM COATED","ORAL","M012","L.N.K. International, Inc.","50844-229","Diphenhydramine HCl","DIPHENHYDRAMINE HYDROCHLORIDE","HUMAN OTC DRUG","02/18/2022","N/A","OTC MONOGRAPH DRUG","2 BLISTER PACK in 1 CARTON (50844-229-08)  / 12 TABLET, FILM COATED in 1 BLISTER PACK","Histamine H1 Receptor Antagonists [MoA],  Histamine-1 Receptor Antagonist [EPC]","N/A","No","12/31/2027"
"Diphenhydramine HCl","51316-221-08","50 mg/1","TABLET, COATED","ORAL","M012","CVS Pharmacy, Inc.","51316-221","Diphenhydramine HCl","DIPHENHYDRAMINE HYDROCHLORIDE","HUMAN OTC DRUG","01/31/2024","N/A","OTC MONOGRAPH DRUG","2 BLISTER PACK in 1 CARTON (51316-221-08)  / 12 TABLET, COATED in 1 BLISTER PACK","Histamine H1 Receptor Antagonists [MoA],  Histamine-1 Receptor Antagonist [EPC]","N/A","No","12/31/2026"
"Childrens Allergy","53942-505-24","12.5 mg/5mL","LIQUID","ORAL","M009","DeMoulas Market Basket","53942-505","DIPHENHYDRAMINE HYDROCHLORIDE","DIPHENHYDRAMINE HYDROCHLORIDE","HUMAN OTC DRUG","09/11/2012","N/A","OTC MONOGRAPH DRUG","118 mL in 1 BOTTLE (53942-505-24)","Histamine H1 Receptor Antagonists [MoA],  Histamine-1 Receptor Antagonist [EPC]","N/A","No","12/31/2026"
"Extra Strength Pain Relief PM","63941-095-02","500 mg/1,  25 mg/1","TABLET, COATED","ORAL","M013","VALU MERCHANDISERS COMPANY","63941-095","Acetaminophen and Diphenhydramine Hydrochloride","ACETAMINOPHEN,  DIPHENHYDRAMINE HYDROCHLORIDE","HUMAN OTC DRUG","02/01/2010","03/31/2028","OTC MONOGRAPH DRUG","1 BOTTLE, PLASTIC in 1 CARTON (63941-095-02)  / 50 TABLET, COATED in 1 BOTTLE, PLASTIC","Histamine H1 Receptor Antagonists [MoA],  Histamine-1 Receptor Antagonist [EPC]","N/A","No","N/A"
"Extra Strength Pain Relief PM","63941-095-03","500 mg/1,  25 mg/1","TABLET, COATED","ORAL","M013","VALU MERCHANDISERS COMPANY","63941-095","Acetaminophen and Diphenhydramine Hydrochloride","ACETAMINOPHEN,  DIPHENHYDRAMINE HYDROCHLORIDE","HUMAN OTC DRUG","10/04/2011","03/31/2028","OTC MONOGRAPH DRUG","1 BOTTLE, PLASTIC in 1 CARTON (63941-095-03)  / 100 TABLET, COATED in 1 BOTTLE, PLASTIC","Histamine H1 Receptor Antagonists [MoA],  Histamine-1 Receptor Antagonist [EPC]","N/A","No","N/A"
"Extra Strength Pain Relief PM","63941-095-09","500 mg/1,  25 mg/1","TABLET, COATED","ORAL","M013","VALU MERCHANDISERS COMPANY","63941-095","Acetaminophen and Diphenhydramine Hydrochloride","ACETAMINOPHEN,  DIPHENHYDRAMINE HYDROCHLORIDE","HUMAN OTC DRUG","02/03/2012","03/31/2028","OTC MONOGRAPH DRUG","2 BOTTLE, PLASTIC in 1 CARTON (63941-095-09)  / 100 TABLET, COATED in 1 BOTTLE, PLASTIC","Histamine H1 Receptor Antagonists [MoA],  Histamine-1 Receptor Antagonist [EPC]","N/A","No","N/A"
"Allergy Relief","0363-9023-36","25 mg/1","TABLET, FILM COATED","ORAL","M012","Walgreens","0363-9023","Diphenhydramine Hydrochloride","DIPHENHYDRAMINE HYDROCHLORIDE","HUMAN OTC DRUG","05/31/2022","02/28/2028","OTC MONOGRAPH DRUG","365 TABLET, FILM COATED in 1 BOTTLE (0363-9023-36)","Histamine H1 Receptor Antagonists [MoA],  Histamine-1 Receptor Antagonist [EPC]","N/A","No","N/A"
"Mucus Relief All In One Daytime Nighttime Cold Flu Maximum Strength","0363-9140-12","N/A","KIT","N/A","M012","Walgreens","0363-9140","Acetaminophen, Dextromethorphan HBr, Guaifenesin, Phenylephrine HCL, Acetaminophen, Diphenhydramine HCL Phenylephrine HCL","N/A","HUMAN OTC DRUG","09/30/2019","N/A","OTC MONOGRAPH DRUG","1 KIT in 1 KIT (0363-9140-12)  *  177 mL in 1 BOTTLE, PLASTIC *  177 mL in 1 BOTTLE, PLASTIC","N/A","N/A","No","12/31/2026"
"Kroger Allergy Relief","30142-554-24","25 mg/1","CAPSULE, LIQUID FILLED","ORAL","M012","THE KROGER CO","30142-554","diphenhydramine hydrochloride","DIPHENHYDRAMINE HYDROCHLORIDE","HUMAN OTC DRUG","03/17/2021","N/A","OTC MONOGRAPH DRUG","2 BLISTER PACK in 1 CARTON (30142-554-24)  / 12 CAPSULE, LIQUID FILLED in 1 BLISTER PACK","Histamine H1 Receptor Antagonists [MoA],  Histamine-1 Receptor Antagonist [EPC]","N/A","No","12/31/2026"
"Equate Childrens Multi symptom Cold Nighttime","49035-623-03","325 mg/10mL,  12.5 mg/10mL,  5 mg/10mL","LIQUID","ORAL","M012","Wal-Mart Stores, Inc.","49035-623","Acetaminophen, Diphenhydramine HCl, Phenylephrine HCl","ACETAMINOPHEN,  DIPHENHYDRAMINE HYDROCHLORIDE,  PHENYLEPHRINE HYDROCHLORIDE","HUMAN OTC DRUG","08/01/2017","N/A","OTC MONOGRAPH DRUG","1 BOTTLE in 1 CARTON (49035-623-03)  / 118 mL in 1 BOTTLE","Adrenergic alpha1-Agonists [MoA],  Histamine H1 Receptor Antagonists [MoA],  Histamine-1 Receptor Antagonist [EPC],  alpha-1 Adrenergic Agonist [EPC]","N/A","No","12/31/2026"
"Benadryl Allergy Liqui-Gels","50580-228-24","25 mg/1","CAPSULE, LIQUID FILLED","ORAL","M012","Kenvue Brands LLC","50580-228","diphenhydramine hydrochloride","DIPHENHYDRAMINE HYDROCHLORIDE","HUMAN OTC DRUG","03/01/2009","N/A","OTC MONOGRAPH DRUG","2 BLISTER PACK in 1 CARTON (50580-228-24)  / 12 CAPSULE, LIQUID FILLED in 1 BLISTER PACK","Histamine H1 Receptor Antagonists [MoA],  Histamine-1 Receptor Antagonist [EPC]","N/A","No","12/31/2027"
"Benadryl Allergy Liqui-Gels","50580-228-48","25 mg/1","CAPSULE, LIQUID FILLED","ORAL","M012","Kenvue Brands LLC","50580-228","diphenhydramine hydrochloride","DIPHENHYDRAMINE HYDROCHLORIDE","HUMAN OTC DRUG","02/01/2023","N/A","OTC MONOGRAPH DRUG","2 CARTON in 1 PACKAGE (50580-228-48)  / 4 BLISTER PACK in 1 CARTON / 6 CAPSULE, LIQUID FILLED in 1 BLISTER PACK","Histamine H1 Receptor Antagonists [MoA],  Histamine-1 Receptor Antagonist [EPC]","N/A","No","12/31/2027"
"Benadryl Allergy Liqui-Gels","50580-228-49","25 mg/1","CAPSULE, LIQUID FILLED","ORAL","M012","Kenvue Brands LLC","50580-228","diphenhydramine hydrochloride","DIPHENHYDRAMINE HYDROCHLORIDE","HUMAN OTC DRUG","06/19/2023","N/A","OTC MONOGRAPH DRUG","3 CARTON in 1 PACKAGE (50580-228-49)  / 4 BLISTER PACK in 1 CARTON / 12 CAPSULE, LIQUID FILLED in 1 BLISTER PACK","Histamine H1 Receptor Antagonists [MoA],  Histamine-1 Receptor Antagonist [EPC]","N/A","No","12/31/2027"
"Nighttime Sleep Aid","50844-250-45","50 mg/30mL","SOLUTION","ORAL","M010","L.N.K. International, Inc.","50844-250","Diphenhydramine HCl","DIPHENHYDRAMINE HYDROCHLORIDE","HUMAN OTC DRUG","07/20/2019","N/A","OTC MONOGRAPH DRUG","177 mL in 1 BOTTLE, PLASTIC (50844-250-45)","Histamine H1 Receptor Antagonists [MoA],  Histamine-1 Receptor Antagonist [EPC]","N/A","No","12/31/2027"
"Percogesic Extra Strength","63029-054-40","500 mg/1,  12.5 mg/1","CAPSULE, COATED","ORAL","M013","Medtech Products Inc.","63029-054","acetaminophen and diphenhydramine","ACETAMINOPHEN,  DIPHENHYDRAMINE","HUMAN OTC DRUG","07/07/2010","N/A","OTC MONOGRAPH DRUG","1 BOTTLE, PLASTIC in 1 CARTON (63029-054-40)  / 40 CAPSULE, COATED in 1 BOTTLE, PLASTIC","Histamine H1 Receptor Antagonists [MoA],  Histamine-1 Receptor Antagonist [EPC]","N/A","No","12/31/2026"
"Percogesic Extra Strength","63029-054-60","500 mg/1,  12.5 mg/1","CAPSULE, COATED","ORAL","M013","Medtech Products Inc.","63029-054","acetaminophen and diphenhydramine","ACETAMINOPHEN,  DIPHENHYDRAMINE","HUMAN OTC DRUG","07/07/2010","N/A","OTC MONOGRAPH DRUG","1 BOTTLE, PLASTIC in 1 CARTON (63029-054-60)  / 60 CAPSULE, COATED in 1 BOTTLE, PLASTIC","Histamine H1 Receptor Antagonists [MoA],  Histamine-1 Receptor Antagonist [EPC]","N/A","No","12/31/2026"
"Diphenhydramine Hydrochloride","0904-2056-61","50 mg/1","CAPSULE","ORAL","M012","Major Pharmaceuticals","0904-2056","Diphenhydramine Hydrochloride","DIPHENHYDRAMINE HYDROCHLORIDE","HUMAN OTC DRUG","01/02/2009","12/31/2027","OTC MONOGRAPH DRUG","10 BLISTER PACK in 1 BOX (0904-2056-61)  / 10 CAPSULE in 1 BLISTER PACK","Histamine H1 Receptor Antagonists [MoA],  Histamine-1 Receptor Antagonist [EPC]","N/A","No","N/A"
"Childrens Benadryl Chewables","50580-232-01","12.5 mg/1","TABLET, CHEWABLE","ORAL","M012","Kenvue Brands LLC","50580-232","diphenhydramine hydrochloride","DIPHENHYDRAMINE HYDROCHLORIDE","HUMAN OTC DRUG","07/11/2016","N/A","OTC MONOGRAPH DRUG","2 BLISTER PACK in 1 CARTON (50580-232-01)  / 10 TABLET, CHEWABLE in 1 BLISTER PACK","Histamine H1 Receptor Antagonists [MoA],  Histamine-1 Receptor Antagonist [EPC]","N/A","No","12/31/2026"
"diphenhydramine hydrochloride","76457-002-00","25 mg/1","TABLET","ORAL","M012","Simpex Pharma Pvt. Ltd","76457-002","DIPHENHYDRAMINE HYDROCHLORIDE","DIPHENHYDRAMINE HYDROCHLORIDE","HUMAN OTC DRUG","02/09/2018","N/A","OTC MONOGRAPH DRUG","1 BOTTLE in 1 CARTON (76457-002-00)  / 100 TABLET in 1 BOTTLE","Histamine H1 Receptor Antagonists [MoA],  Histamine-1 Receptor Antagonist [EPC]","N/A","No","12/31/2026"
"Up and Up Nighttime Sleep Aid","11673-186-40","50 mg/30mL","SOLUTION","ORAL","M010","Target Corporation","11673-186","diphenhydramine hydrochloride","DIPHENHYDRAMINE HYDROCHLORIDE","HUMAN OTC DRUG","03/26/2020","N/A","OTC MONOGRAPH DRUG","355 mL in 1 BOTTLE (11673-186-40)","Histamine H1 Receptor Antagonists [MoA],  Histamine-1 Receptor Antagonist [EPC]","N/A","No","12/31/2026"
"Kroger Nighttime Sleep-Aid","30142-558-64","50 mg/1","CAPSULE, LIQUID FILLED","ORAL","M010","THE KROGER CO","30142-558","Diphenhydramine HCl","DIPHENHYDRAMINE HYDROCHLORIDE","HUMAN OTC DRUG","04/15/2021","N/A","OTC MONOGRAPH DRUG","1 BOTTLE in 1 CARTON (30142-558-64)  / 64 CAPSULE, LIQUID FILLED in 1 BOTTLE","Histamine H1 Receptor Antagonists [MoA],  Histamine-1 Receptor Antagonist [EPC]","N/A","No","12/31/2026"
"Ibuprofen PM","59640-020-15","200 mg/1,  25 mg/1","CAPSULE, LIQUID FILLED","ORAL","ANDA090397","HEB","59640-020","IBUPROFEN, DIPHENHYDRAMINE HCL","IBUPROFEN,  DIPHENHYDRAMINE HYDROCHLORIDE","HUMAN OTC DRUG","03/12/2026","N/A","ANDA","1 BOTTLE, PLASTIC in 1 CARTON (59640-020-15)  / 40 CAPSULE, LIQUID FILLED in 1 BOTTLE, PLASTIC","Anti-Inflammatory Agents,  Non-Steroidal [CS],  Cyclooxygenase Inhibitors [MoA],  Histamine H1 Receptor Antagonists [MoA],  Histamine-1 Receptor Antagonist [EPC],  Nonsteroidal Anti-inflammatory Drug [EPC]","N/A","No","12/31/2027"
"DayTime Mucus Relief Severe Cold and Nighttime Cold and Flu Maximum Strength","0363-0463-12","N/A","KIT","N/A","M012","Walgreens","0363-0463","Daytime Acetaminophen, Dextromethorphan HBr, Guaifenesin, Phenylephrine HCI, NightTime Acetaminophen, Diphenhydramine HCI, Phenylephrine HCI","N/A","HUMAN OTC DRUG","03/31/2016","12/28/2026","OTC MONOGRAPH DRUG","1 KIT in 1 KIT (0363-0463-12)  *  177 mL in 1 BOTTLE, PLASTIC *  177 mL in 1 BOTTLE, PLASTIC","N/A","N/A","No","N/A"
"Diphenhydramine HCL","68071-3352-4","25 mg/1","CAPSULE","ORAL","M013","NuCare Pharmaceuticals, Inc.","68071-3352","Diphenhydramine HCL","DIPHENHYDRAMINE HYDROCHLORIDE","HUMAN OTC DRUG","07/11/2017","N/A","OTC MONOGRAPH DRUG","4 CAPSULE in 1 BOTTLE (68071-3352-4)","Histamine H1 Receptor Antagonists [MoA],  Histamine-1 Receptor Antagonist [EPC]","N/A","No","12/31/2026"
"VICKS NyQuil Kids FREE OF ARTIFICIAL DYES AND SUGAR COLD and COUGH plus RUNNY NOSE","84126-311-06","12.5 mg/15mL","LIQUID","ORAL","M012","The Procter & Gamble Manufacturing Company","84126-311","Diphenhydramine Hydrochloride","DIPHENHYDRAMINE HYDROCHLORIDE","HUMAN OTC DRUG","06/25/2024","N/A","OTC MONOGRAPH DRUG","177 mL in 1 BOTTLE, PLASTIC (84126-311-06)","Histamine H1 Receptor Antagonists [MoA],  Histamine-1 Receptor Antagonist [EPC]","N/A","No","12/31/2026"
"Acetaminophen Diphenhydramine HCl","21130-354-02","500 mg/1,  25 mg/1","TABLET","ORAL","M013","BETTER LIVING BRANDS LLC.","21130-354","Acetaminophen Diphenhydramine HCl","ACETAMINOPHEN,  DIPHENHYDRAMINE HYDROCHLORIDE","HUMAN OTC DRUG","12/12/2022","N/A","OTC MONOGRAPH DRUG","20 TABLET in 1 BOTTLE (21130-354-02)","Histamine H1 Receptor Antagonists [MoA],  Histamine-1 Receptor Antagonist [EPC]","N/A","No","12/31/2026"
"Acetaminophen Diphenhydramine HCl","21130-354-08","500 mg/1,  25 mg/1","TABLET","ORAL","M013","BETTER LIVING BRANDS LLC.","21130-354","Acetaminophen Diphenhydramine HCl","ACETAMINOPHEN,  DIPHENHYDRAMINE HYDROCHLORIDE","HUMAN OTC DRUG","12/12/2022","N/A","OTC MONOGRAPH DRUG","80 TABLET in 1 BOTTLE (21130-354-08)","Histamine H1 Receptor Antagonists [MoA],  Histamine-1 Receptor Antagonist [EPC]","N/A","No","12/31/2026"
"Sleep Aid Nighttime","41163-860-32","50 mg/1","CAPSULE","ORAL","M010","United Natural Foods, Inc. dba UNFI","41163-860","Diphenhydramine HCL","DIPHENHYDRAMINE HYDROCHLORIDE","HUMAN OTC DRUG","12/27/2019","N/A","OTC MONOGRAPH DRUG","1 BOTTLE, PLASTIC in 1 BOX (41163-860-32)  / 32 CAPSULE in 1 BOTTLE, PLASTIC","Histamine H1 Receptor Antagonists [MoA],  Histamine-1 Receptor Antagonist [EPC]","N/A","No","12/31/2026"
"Sleep Aid Nighttime","41163-860-96","50 mg/1","CAPSULE","ORAL","M010","United Natural Foods, Inc. dba UNFI","41163-860","Diphenhydramine HCL","DIPHENHYDRAMINE HYDROCHLORIDE","HUMAN OTC DRUG","12/27/2019","N/A","OTC MONOGRAPH DRUG","96 CAPSULE in 1 BOTTLE, PLASTIC (41163-860-96)","Histamine H1 Receptor Antagonists [MoA],  Histamine-1 Receptor Antagonist [EPC]","N/A","No","12/31/2026"
"allergy relief","41250-614-12","25 mg/1","TABLET, FILM COATED","ORAL","M012","Meijer Distribution Inc","41250-614","diphenhydramine HCl","DIPHENHYDRAMINE HYDROCHLORIDE","HUMAN OTC DRUG","02/07/2013","N/A","OTC MONOGRAPH DRUG","1 BOTTLE, PLASTIC in 1 CARTON (41250-614-12)  / 100 TABLET, FILM COATED in 1 BOTTLE, PLASTIC","Histamine H1 Receptor Antagonists [MoA],  Histamine-1 Receptor Antagonist [EPC]","N/A","No","12/31/2027"
"SUDAFED PE SINUS CONGESTION","50580-239-01","N/A","KIT","N/A","M012","Kenvue Brands LLC","50580-239","diphenhydramine hydrochloride and phenylephrine hydrochloride","N/A","HUMAN OTC DRUG","06/17/2019","N/A","OTC MONOGRAPH DRUG","1 KIT in 1 PACKAGE (50580-239-01)  *  2 BLISTER PACK in 1 CARTON / 6 TABLET, FILM COATED in 1 BLISTER PACK *  2 BLISTER PACK in 1 CARTON / 4 TABLET, FILM COATED in 1 BLISTER PACK","N/A","N/A","No","12/31/2026"
"Tylenol PM Extra Strength, CVP HEALTH","66715-6417-2","25 mg/1,  500 mg/1","TABLET, FILM COATED","ORAL","M013","Lil' Drug Store Products, Inc.","66715-6417","Acetaminophen and Diphenhydramine Hydrochloride","DIPHENHYDRAMINE HYDROCHLORIDE,  ACETAMINOPHEN","HUMAN OTC DRUG","10/11/2022","N/A","OTC MONOGRAPH DRUG","2 POUCH in 1 CARTON (66715-6417-2)  / 2 TABLET, FILM COATED in 1 POUCH","Histamine H1 Receptor Antagonists [MoA],  Histamine-1 Receptor Antagonist [EPC]","N/A","No","12/31/2026"
"Tylenol PM Extra Strength, CVP HEALTH","66715-6417-7","25 mg/1,  500 mg/1","TABLET, FILM COATED","ORAL","M013","Lil' Drug Store Products, Inc.","66715-6417","Acetaminophen and Diphenhydramine Hydrochloride","DIPHENHYDRAMINE HYDROCHLORIDE,  ACETAMINOPHEN","HUMAN OTC DRUG","04/19/2022","N/A","OTC MONOGRAPH DRUG","25 POUCH in 1 CARTON (66715-6417-7)  / 2 TABLET, FILM COATED in 1 POUCH","Histamine H1 Receptor Antagonists [MoA],  Histamine-1 Receptor Antagonist [EPC]","N/A","No","12/31/2026"
"Tylenol PM Extra Strength, CVP HEALTH","66715-6417-8","25 mg/1,  500 mg/1","TABLET, FILM COATED","ORAL","M013","Lil' Drug Store Products, Inc.","66715-6417","Acetaminophen and Diphenhydramine Hydrochloride","DIPHENHYDRAMINE HYDROCHLORIDE,  ACETAMINOPHEN","HUMAN OTC DRUG","04/19/2022","N/A","OTC MONOGRAPH DRUG","30 POUCH in 1 CARTON (66715-6417-8)  / 2 TABLET, FILM COATED in 1 POUCH","Histamine H1 Receptor Antagonists [MoA],  Histamine-1 Receptor Antagonist [EPC]","N/A","No","12/31/2026"
"Sinus PE Congestion","0363-4534-09","N/A","KIT","N/A","M012","Walgreen Company","0363-4534","Diphenhydramine HCl, Phenylephrine HCl","N/A","HUMAN OTC DRUG","01/19/2022","N/A","OTC MONOGRAPH DRUG","1 KIT in 1 PACKAGE, COMBINATION (0363-4534-09)  *  12 TABLET, FILM COATED in 1 BLISTER PACK (0363-7453-42)  *  8 TABLET, FILM COATED in 1 BLISTER PACK (0363-7485-40)","N/A","N/A","No","12/31/2026"
"Diphenhydramine HCl Oral Solution","69339-151-17","12.5 mg/5mL","SOLUTION","ORAL","M012","Natco Pharma USA LLC","69339-151","diphenhydramine hydrochloride","DIPHENHYDRAMINE HYDROCHLORIDE","HUMAN OTC DRUG","12/14/2020","N/A","OTC MONOGRAPH DRUG","4 TRAY in 1 CASE (69339-151-17)  / 10 CUP, UNIT-DOSE in 1 TRAY / 5 mL in 1 CUP, UNIT-DOSE (69339-151-05)","Histamine H1 Receptor Antagonists [MoA],  Histamine-1 Receptor Antagonist [EPC]","N/A","No","12/31/2026"
"Diphenhydramine HCl Oral Solution","69339-151-19","12.5 mg/5mL","SOLUTION","ORAL","M012","Natco Pharma USA LLC","69339-151","diphenhydramine hydrochloride","DIPHENHYDRAMINE HYDROCHLORIDE","HUMAN OTC DRUG","12/14/2020","N/A","OTC MONOGRAPH DRUG","10 TRAY in 1 CASE (69339-151-19)  / 10 CUP, UNIT-DOSE in 1 TRAY / 5 mL in 1 CUP, UNIT-DOSE (69339-151-05)","Histamine H1 Receptor Antagonists [MoA],  Histamine-1 Receptor Antagonist [EPC]","N/A","No","12/31/2026"
"VICKS CHILDRENS COUGH CONGESTION","69423-997-12","N/A","KIT","ORAL","M012","The Procter & Gamble Manufacturing Company","69423-997","Dextromethorphan Hydrobromide, Diphenhydramine HCl, Guaifenesin, Phenylephrine Hydrochloride","N/A","HUMAN OTC DRUG","07/09/2019","12/31/2026","OTC MONOGRAPH DRUG","1 KIT in 1 PACKAGE (69423-997-12)  *  177 mL in 1 BOTTLE, PLASTIC (69423-982-06)  *  177 mL in 1 BOTTLE, PLASTIC (37000-712-06)","N/A","N/A","No","N/A"
"Acetaminophen PM","81522-095-03","500 mg/1,  25 mg/1","TABLET, COATED","ORAL","M013","FSA STORE INC.","81522-095","Acetaminophen and Diphenhydramine Hydrochloride","ACETAMINOPHEN,  DIPHENHYDRAMINE HYDROCHLORIDE","HUMAN OTC DRUG","05/02/2023","N/A","OTC MONOGRAPH DRUG","1 BOTTLE, PLASTIC in 1 CARTON (81522-095-03)  / 100 TABLET, COATED in 1 BOTTLE, PLASTIC","Histamine H1 Receptor Antagonists [MoA],  Histamine-1 Receptor Antagonist [EPC]","N/A","No","12/31/2026"
"DIPHENHYDRAMINE HYDROCHLORIDE","0121-0489-00","12.5 mg/5mL","SOLUTION","ORAL","ANDA087513","PAI Holdings, LLC dba PAI Pharma","0121-0489","DIPHENHYDRAMINE HYDROCHLORIDE","DIPHENHYDRAMINE HYDROCHLORIDE","HUMAN PRESCRIPTION DRUG","02/10/1982","N/A","ANDA","10 TRAY in 1 CASE (0121-0489-00)  / 10 CUP, UNIT-DOSE in 1 TRAY / 5 mL in 1 CUP, UNIT-DOSE (0121-0489-05)","Histamine H1 Receptor Antagonists [MoA],  Histamine-1 Receptor Antagonist [EPC]","N/A","No","12/31/2026"
"Nighttime Sleep Aid","37808-186-40","50 mg/30mL","SOLUTION","ORAL","M010","H E B","37808-186","Diphenhydramine HCl","DIPHENHYDRAMINE HYDROCHLORIDE","HUMAN OTC DRUG","10/30/2013","N/A","OTC MONOGRAPH DRUG","355 mL in 1 BOTTLE (37808-186-40)","Histamine H1 Receptor Antagonists [MoA],  Histamine-1 Receptor Antagonist [EPC]","N/A","No","12/31/2026"
"Allergy Relief","59640-090-12","25 mg/1","CAPSULE, LIQUID FILLED","ORAL","M012","HEB","59640-090","DIPHENHYDRAMINE HYDROCHLORIDE","DIPHENHYDRAMINE HYDROCHLORIDE","HUMAN OTC DRUG","03/12/2026","N/A","OTC MONOGRAPH DRUG","2 BLISTER PACK in 1 CARTON (59640-090-12)  / 12 CAPSULE, LIQUID FILLED in 1 BLISTER PACK","Histamine H1 Receptor Antagonists [MoA],  Histamine-1 Receptor Antagonist [EPC]","N/A","No","12/31/2027"
"Pain Reliever PM","0363-2035-08","500 mg/1,  25 mg/1","TABLET, FILM COATED","ORAL","M013","Walgreen Company","0363-2035","Acetaminophen, Diphenhydramine HCl","ACETAMINOPHEN,  DIPHENHYDRAMINE HYDROCHLORIDE","HUMAN OTC DRUG","05/15/1994","N/A","OTC MONOGRAPH DRUG","1 BOTTLE, PLASTIC in 1 CARTON (0363-2035-08)  / 24 TABLET, FILM COATED in 1 BOTTLE, PLASTIC","Histamine H1 Receptor Antagonists [MoA],  Histamine-1 Receptor Antagonist [EPC]","N/A","No","12/31/2027"
"Quality Choice Allergy Relief","83324-118-24","25 mg/1","CAPSULE, LIQUID FILLED","ORAL","M012","Chain Drug Marketing Association","83324-118","diphenhydramine hydrochloride","DIPHENHYDRAMINE HYDROCHLORIDE","HUMAN OTC DRUG","10/11/2024","N/A","OTC MONOGRAPH DRUG","2 BLISTER PACK in 1 CARTON (83324-118-24)  / 12 CAPSULE, LIQUID FILLED in 1 BLISTER PACK","Histamine H1 Receptor Antagonists [MoA],  Histamine-1 Receptor Antagonist [EPC]","N/A","No","12/31/2027"
"Vicks DayQuil Kids and Vicks NyQuil Kids FREE OF ARTIFICIAL DYES and SUGAR COLD and COUGH plus","84126-312-12","N/A","KIT","ORAL","M012","The Procter & Gamble Manufacturing Company","84126-312","Dextromethorphan HBr, Guaifenesin, Diphenhydramine HCl","N/A","HUMAN OTC DRUG","06/25/2024","N/A","OTC MONOGRAPH DRUG","1 KIT in 1 PACKAGE (84126-312-12)  *  177 mL in 1 BOTTLE, PLASTIC (84126-310-06)  *  177 mL in 1 BOTTLE, PLASTIC (84126-311-06)","N/A","N/A","No","12/31/2026"
"Topcare childrens allergy","36800-379-26","12.5 mg/5mL","SOLUTION","ORAL","M012","Topco Associates LLC","36800-379","Diphenhydramine Hydrochloride","DIPHENHYDRAMINE HYDROCHLORIDE","HUMAN OTC DRUG","12/15/1987","N/A","OTC MONOGRAPH DRUG","1 BOTTLE in 1 CARTON (36800-379-26)  / 118 mL in 1 BOTTLE","Histamine H1 Receptor Antagonists [MoA],  Histamine-1 Receptor Antagonist [EPC]","N/A","No","12/31/2026"
"Topcare childrens allergy","36800-379-34","12.5 mg/5mL","SOLUTION","ORAL","M012","Topco Associates LLC","36800-379","Diphenhydramine Hydrochloride","DIPHENHYDRAMINE HYDROCHLORIDE","HUMAN OTC DRUG","11/18/2003","N/A","OTC MONOGRAPH DRUG","1 BOTTLE in 1 CARTON (36800-379-34)  / 237 mL in 1 BOTTLE","Histamine H1 Receptor Antagonists [MoA],  Histamine-1 Receptor Antagonist [EPC]","N/A","No","12/31/2026"
"Nighttime Sleep-Aid","53942-522-28","50 mg/30mL","LIQUID","ORAL","M010","DeMoulas Market Basket","53942-522","DIPHENHYDRAMINE HYDROCHLORIDE","DIPHENHYDRAMINE HYDROCHLORIDE","HUMAN OTC DRUG","09/19/2013","N/A","OTC MONOGRAPH DRUG","354 mL in 1 BOTTLE (53942-522-28)","Histamine H1 Receptor Antagonists [MoA],  Histamine-1 Receptor Antagonist [EPC]","N/A","No","12/31/2026"
"Family Wellness","55621-007-01","2 g/100g,  .1 g/100g","CREAM","TOPICAL","M017","Zhejiang Jingwei Pharmaceutical Co., Ltd.","55621-007","DIPHENHYDRAMINE HYDROCHLORIDE, ZINC ACETATE","DIPHENHYDRAMINE HYDROCHLORIDE,  ZINC ACETATE","HUMAN OTC DRUG","11/01/2013","N/A","OTC MONOGRAPH DRUG","1 TUBE in 1 BOX (55621-007-01)  / 28 g in 1 TUBE","Copper Absorption Inhibitor [EPC],  Decreased Copper Ion Absorption [PE],  Histamine H1 Receptor Antagonists [MoA],  Histamine-1 Receptor Antagonist [EPC]","N/A","No","12/31/2026"
"Walgreens Original Strength Anti Itch","0363-4115-28","1 g/100g,  .1 g/100g","CREAM","TOPICAL","M017","Walgreen Company","0363-4115","Diphenhydramine hydrochloride, zinc acetate","DIPHENHYDRAMINE HYDROCHLORIDE,  ZINC ACETATE","HUMAN OTC DRUG","09/27/2013","N/A","OTC MONOGRAPH DRUG","1 TUBE in 1 CARTON (0363-4115-28)  / 28 g in 1 TUBE","Copper Absorption Inhibitor [EPC],  Decreased Copper Ion Absorption [PE],  Histamine H1 Receptor Antagonists [MoA],  Histamine-1 Receptor Antagonist [EPC]","N/A","No","12/31/2027"
"Diphenhydramine HCl Oral Solution","69339-152-17","25 mg/10mL","SOLUTION","ORAL","M012","Natco Pharma USA LLC","69339-152","diphenhydramine hydrochloride","DIPHENHYDRAMINE HYDROCHLORIDE","HUMAN OTC DRUG","12/14/2020","N/A","OTC MONOGRAPH DRUG","4 TRAY in 1 CASE (69339-152-17)  / 10 CUP, UNIT-DOSE in 1 TRAY / 10 mL in 1 CUP, UNIT-DOSE (69339-152-01)","Histamine H1 Receptor Antagonists [MoA],  Histamine-1 Receptor Antagonist [EPC]","N/A","No","12/31/2026"
"Diphenhydramine HCl Oral Solution","69339-152-19","25 mg/10mL","SOLUTION","ORAL","M012","Natco Pharma USA LLC","69339-152","diphenhydramine hydrochloride","DIPHENHYDRAMINE HYDROCHLORIDE","HUMAN OTC DRUG","12/14/2020","N/A","OTC MONOGRAPH DRUG","10 TRAY in 1 CASE (69339-152-19)  / 10 CUP, UNIT-DOSE in 1 TRAY / 10 mL in 1 CUP, UNIT-DOSE (69339-152-01)","Histamine H1 Receptor Antagonists [MoA],  Histamine-1 Receptor Antagonist [EPC]","N/A","No","12/31/2026"
"Sleep Aid","69168-431-03","25 mg/1","CAPSULE, LIQUID FILLED","ORAL","M011","Allegiant Health","69168-431","Diphenhydramine HCl","DIPHENHYDRAMINE HYDROCHLORIDE","HUMAN OTC DRUG","04/30/2023","N/A","OTC MONOGRAPH DRUG","250 CAPSULE, LIQUID FILLED in 1 BOTTLE (69168-431-03)","Histamine H1 Receptor Antagonists [MoA],  Histamine-1 Receptor Antagonist [EPC]","N/A","No","12/31/2026"
"Sleep Aid","69168-431-86","25 mg/1","CAPSULE, LIQUID FILLED","ORAL","M011","Allegiant Health","69168-431","Diphenhydramine HCl","DIPHENHYDRAMINE HYDROCHLORIDE","HUMAN OTC DRUG","09/21/2021","N/A","OTC MONOGRAPH DRUG","1 BLISTER PACK in 1 CARTON (69168-431-86)  / 12 CAPSULE, LIQUID FILLED in 1 BLISTER PACK","Histamine H1 Receptor Antagonists [MoA],  Histamine-1 Receptor Antagonist [EPC]","N/A","No","12/31/2026"
"Sleep Aid","69168-431-96","25 mg/1","CAPSULE, LIQUID FILLED","ORAL","M011","Allegiant Health","69168-431","Diphenhydramine HCl","DIPHENHYDRAMINE HYDROCHLORIDE","HUMAN OTC DRUG","09/21/2021","N/A","OTC MONOGRAPH DRUG","96 CAPSULE, LIQUID FILLED in 1 BOTTLE (69168-431-96)","Histamine H1 Receptor Antagonists [MoA],  Histamine-1 Receptor Antagonist [EPC]","N/A","No","12/31/2026"
"Allergy Relief","72036-113-01","25 mg/1","CAPSULE","ORAL","M012","Harris Teeter","72036-113","DIPHENHYDRAMINE HYDROCHLORIDE","DIPHENHYDRAMINE HYDROCHLORIDE","HUMAN OTC DRUG","08/06/2012","N/A","OTC MONOGRAPH DRUG","2 BLISTER PACK in 1 CARTON (72036-113-01)  / 12 CAPSULE in 1 BLISTER PACK","Histamine H1 Receptor Antagonists [MoA],  Histamine-1 Receptor Antagonist [EPC]","N/A","No","12/31/2026"
"Allergy Relief","72036-113-02","25 mg/1","CAPSULE","ORAL","M012","Harris Teeter","72036-113","DIPHENHYDRAMINE HYDROCHLORIDE","DIPHENHYDRAMINE HYDROCHLORIDE","HUMAN OTC DRUG","08/06/2012","N/A","OTC MONOGRAPH DRUG","4 BLISTER PACK in 1 CARTON (72036-113-02)  / 12 CAPSULE in 1 BLISTER PACK","Histamine H1 Receptor Antagonists [MoA],  Histamine-1 Receptor Antagonist [EPC]","N/A","No","12/31/2026"
"Allergy Relief","72036-113-03","25 mg/1","CAPSULE","ORAL","M012","Harris Teeter","72036-113","DIPHENHYDRAMINE HYDROCHLORIDE","DIPHENHYDRAMINE HYDROCHLORIDE","HUMAN OTC DRUG","08/06/2012","N/A","OTC MONOGRAPH DRUG","1 BOTTLE, PLASTIC in 1 CARTON (72036-113-03)  / 100 CAPSULE in 1 BOTTLE, PLASTIC","Histamine H1 Receptor Antagonists [MoA],  Histamine-1 Receptor Antagonist [EPC]","N/A","No","12/31/2026"
"Pain Reliever PM","50844-256-08","500 mg/1,  25 mg/1","TABLET, FILM COATED","ORAL","M013","L.N.K. International, Inc.","50844-256","Acetaminophen, Diphenhydramine HCl","ACETAMINOPHEN,  DIPHENHYDRAMINE HYDROCHLORIDE","HUMAN OTC DRUG","07/30/2019","N/A","OTC MONOGRAPH DRUG","1 BOTTLE, PLASTIC in 1 CARTON (50844-256-08)  / 24 TABLET, FILM COATED in 1 BOTTLE, PLASTIC","Histamine H1 Receptor Antagonists [MoA],  Histamine-1 Receptor Antagonist [EPC]","N/A","No","12/31/2026"
"Nytol","63029-211-01","25 mg/1","TABLET","ORAL","M010","Medtech Products Inc.","63029-211","Diphenhydramine HCl","DIPHENHYDRAMINE HYDROCHLORIDE","HUMAN OTC DRUG","06/01/2012","N/A","OTC MONOGRAPH DRUG","4 BLISTER PACK in 1 BOX (63029-211-01)  / 8 TABLET in 1 BLISTER PACK","Histamine H1 Receptor Antagonists [MoA],  Histamine-1 Receptor Antagonist [EPC]","N/A","No","12/31/2026"
"Nytol","63029-211-02","25 mg/1","TABLET","ORAL","M010","Medtech Products Inc.","63029-211","Diphenhydramine HCl","DIPHENHYDRAMINE HYDROCHLORIDE","HUMAN OTC DRUG","06/01/2012","N/A","OTC MONOGRAPH DRUG","2 BLISTER PACK in 1 BOX (63029-211-02)  / 8 TABLET in 1 BLISTER PACK","Histamine H1 Receptor Antagonists [MoA],  Histamine-1 Receptor Antagonist [EPC]","N/A","No","12/31/2026"
"Benadryl Allergy Ultratab","73097-004-02","25 mg/1","TABLET, FILM COATED","ORAL","M012","Savings Distributors LLC","73097-004","DIPHENHYDRAMINE HYDROCHLORIDE","DIPHENHYDRAMINE HYDROCHLORIDE","HUMAN OTC DRUG","07/03/2019","N/A","OTC MONOGRAPH DRUG","1 POUCH in 1 CARTON (73097-004-02)  / 2 TABLET, FILM COATED in 1 POUCH","Histamine H1 Receptor Antagonists [MoA],  Histamine-1 Receptor Antagonist [EPC]","N/A","No","12/31/2027"
"Benadryl Allergy Ultratab","73097-004-40","25 mg/1","TABLET, FILM COATED","ORAL","M012","Savings Distributors LLC","73097-004","DIPHENHYDRAMINE HYDROCHLORIDE","DIPHENHYDRAMINE HYDROCHLORIDE","HUMAN OTC DRUG","07/03/2019","N/A","OTC MONOGRAPH DRUG","20 POUCH in 1 CARTON (73097-004-40)  / 2 TABLET, FILM COATED in 1 POUCH","Histamine H1 Receptor Antagonists [MoA],  Histamine-1 Receptor Antagonist [EPC]","N/A","No","12/31/2027"
"Benadryl Allergy Ultratab","73097-004-50","25 mg/1","TABLET, FILM COATED","ORAL","M012","Savings Distributors LLC","73097-004","DIPHENHYDRAMINE HYDROCHLORIDE","DIPHENHYDRAMINE HYDROCHLORIDE","HUMAN OTC DRUG","07/03/2019","N/A","OTC MONOGRAPH DRUG","25 POUCH in 1 CARTON (73097-004-50)  / 2 TABLET, FILM COATED in 1 POUCH","Histamine H1 Receptor Antagonists [MoA],  Histamine-1 Receptor Antagonist [EPC]","N/A","No","12/31/2027"
"Acetaminophen PM Extra Strength","63868-210-20","500 mg/1,  25 mg/1","TABLET, COATED","ORAL","M013","CHAIN DRUG MARKETING ASSOCIATION INC","63868-210","Acetaminophen, Diphenhydramine HCl","ACETAMINOPHEN,  DIPHENHYDRAMINE HYDROCHLORIDE","HUMAN OTC DRUG","12/17/2007","12/31/2026","OTC MONOGRAPH DRUG","1 BOTTLE, PLASTIC in 1 CARTON (63868-210-20)  / 20 TABLET, COATED in 1 BOTTLE, PLASTIC","Histamine H1 Receptor Antagonists [MoA],  Histamine-1 Receptor Antagonist [EPC]","N/A","No","N/A"
"Acetaminophen Diphenhydramine HCL","0363-9661-15","500 mg/1,  25 mg/1","TABLET","ORAL","M013","Walgreens","0363-9661","Acetaminophen Diphenhydramine HCL","ACETAMINOPHEN,  DIPHENHYDRAMINE","HUMAN OTC DRUG","07/23/2024","N/A","OTC MONOGRAPH DRUG","150 TABLET in 1 BOTTLE (0363-9661-15)","Histamine H1 Receptor Antagonists [MoA],  Histamine-1 Receptor Antagonist [EPC]","N/A","No","12/31/2026"
"Acetaminophen Diphenhydramine HCL","0363-9661-25","500 mg/1,  25 mg/1","TABLET","ORAL","M013","Walgreens","0363-9661","Acetaminophen Diphenhydramine HCL","ACETAMINOPHEN,  DIPHENHYDRAMINE","HUMAN OTC DRUG","07/23/2024","N/A","OTC MONOGRAPH DRUG","250 TABLET in 1 BOTTLE (0363-9661-25)","Histamine H1 Receptor Antagonists [MoA],  Histamine-1 Receptor Antagonist [EPC]","N/A","No","12/31/2026"
"Jet-Asleep Double Strength Night Time Sleep Aid","15579-828-17","50 mg/1","TABLET","ORAL","M010","Bell Pharmaceuticals, Inc.","15579-828","DIPHENHYDRAMINE HYDROCHLORIDE","DIPHENHYDRAMINE HYDROCHLORIDE","HUMAN OTC DRUG","10/07/2017","N/A","OTC MONOGRAPH DRUG","1 BOTTLE in 1 BOX (15579-828-17)  / 100 TABLET in 1 BOTTLE","Histamine H1 Receptor Antagonists [MoA],  Histamine-1 Receptor Antagonist [EPC]","N/A","No","12/31/2026"
"Jet-Asleep Double Strength Night Time Sleep Aid","15579-828-23","50 mg/1","TABLET","ORAL","M010","Bell Pharmaceuticals, Inc.","15579-828","DIPHENHYDRAMINE HYDROCHLORIDE","DIPHENHYDRAMINE HYDROCHLORIDE","HUMAN OTC DRUG","10/07/2017","N/A","OTC MONOGRAPH DRUG","3 BLISTER PACK in 1 BOX (15579-828-23)  / 8 TABLET in 1 BLISTER PACK","Histamine H1 Receptor Antagonists [MoA],  Histamine-1 Receptor Antagonist [EPC]","N/A","No","12/31/2026"
"Sleep Aid Maximum Strength","37808-860-12","50 mg/1","CAPSULE","ORAL","M010","H E B","37808-860","Diphenhydramine HCl","DIPHENHYDRAMINE HYDROCHLORIDE","HUMAN OTC DRUG","05/29/2020","N/A","OTC MONOGRAPH DRUG","120 CAPSULE in 1 BOTTLE, PLASTIC (37808-860-12)","Histamine H1 Receptor Antagonists [MoA],  Histamine-1 Receptor Antagonist [EPC]","N/A","No","12/31/2026"
"Sleep Aid Maximum Strength","37808-860-32","50 mg/1","CAPSULE","ORAL","M010","H E B","37808-860","Diphenhydramine HCl","DIPHENHYDRAMINE HYDROCHLORIDE","HUMAN OTC DRUG","05/29/2020","N/A","OTC MONOGRAPH DRUG","1 BOTTLE, PLASTIC in 1 BOX (37808-860-32)  / 32 CAPSULE in 1 BOTTLE, PLASTIC","Histamine H1 Receptor Antagonists [MoA],  Histamine-1 Receptor Antagonist [EPC]","N/A","No","12/31/2026"
"Allergy Relief","42507-290-01","25 mg/1","TABLET, COATED","ORAL","M012","HYVEE INC","42507-290","DIPHENHYDRAMINE HYDROCHLORIDE","DIPHENHYDRAMINE HYDROCHLORIDE","HUMAN OTC DRUG","10/22/2025","N/A","OTC MONOGRAPH DRUG","2 BLISTER PACK in 1 CARTON (42507-290-01)  / 12 TABLET, COATED in 1 BLISTER PACK","Histamine H1 Receptor Antagonists [MoA],  Histamine-1 Receptor Antagonist [EPC]","N/A","No","12/31/2027"
"Allergy Relief","42507-290-03","25 mg/1","TABLET, COATED","ORAL","M012","HYVEE INC","42507-290","DIPHENHYDRAMINE HYDROCHLORIDE","DIPHENHYDRAMINE HYDROCHLORIDE","HUMAN OTC DRUG","01/13/2026","N/A","OTC MONOGRAPH DRUG","1 BOTTLE, PLASTIC in 1 CARTON (42507-290-03)  / 100 TABLET, COATED in 1 BOTTLE, PLASTIC","Histamine H1 Receptor Antagonists [MoA],  Histamine-1 Receptor Antagonist [EPC]","N/A","No","12/31/2027"
"Allergy Relief","42507-290-05","25 mg/1","TABLET, COATED","ORAL","M012","HYVEE INC","42507-290","DIPHENHYDRAMINE HYDROCHLORIDE","DIPHENHYDRAMINE HYDROCHLORIDE","HUMAN OTC DRUG","01/13/2026","N/A","OTC MONOGRAPH DRUG","400 TABLET, COATED in 1 BOTTLE, PLASTIC (42507-290-05)","Histamine H1 Receptor Antagonists [MoA],  Histamine-1 Receptor Antagonist [EPC]","N/A","No","12/31/2027"
"Diphenhydramine Hydrochloride","54738-115-01","25 mg/1","CAPSULE","ORAL","M012","Richmond Pharmaceuticals, Inc.","54738-115","Diphenhydramine Hydrochloride","DIPHENHYDRAMINE HYDROCHLORIDE","HUMAN OTC DRUG","05/01/2015","N/A","OTC MONOGRAPH DRUG","100 CAPSULE in 1 BOTTLE (54738-115-01)","Histamine H1 Receptor Antagonists [MoA],  Histamine-1 Receptor Antagonist [EPC]","N/A","No","12/31/2026"
"Diphenhydramine Hydrochloride","54738-115-03","25 mg/1","CAPSULE","ORAL","M012","Richmond Pharmaceuticals, Inc.","54738-115","Diphenhydramine Hydrochloride","DIPHENHYDRAMINE HYDROCHLORIDE","HUMAN OTC DRUG","05/01/2015","N/A","OTC MONOGRAPH DRUG","1000 CAPSULE in 1 BOTTLE (54738-115-03)","Histamine H1 Receptor Antagonists [MoA],  Histamine-1 Receptor Antagonist [EPC]","N/A","No","12/31/2026"
"Diphenhydramine Hydrochloride","54738-115-24","25 mg/1","CAPSULE","ORAL","M012","Richmond Pharmaceuticals, Inc.","54738-115","Diphenhydramine Hydrochloride","DIPHENHYDRAMINE HYDROCHLORIDE","HUMAN OTC DRUG","06/01/2015","N/A","OTC MONOGRAPH DRUG","24 CAPSULE in 1 BOTTLE (54738-115-24)","Histamine H1 Receptor Antagonists [MoA],  Histamine-1 Receptor Antagonist [EPC]","N/A","No","12/31/2026"
"Advil PM, TRAVEL BASIX","66715-6433-2","200 mg/1,  38 mg/1","TABLET, COATED","ORAL","NDA021394","Lil' Drug Store Products, Inc.","66715-6433","Ibuprofen and Diphenhydramine citrate","IBUPROFEN,  DIPHENHYDRAMINE CITRATE","HUMAN OTC DRUG","11/15/2022","N/A","NDA","2 POUCH in 1 CARTON (66715-6433-2)  / 2 TABLET, COATED in 1 POUCH","Anti-Inflammatory Agents,  Non-Steroidal [CS],  Cyclooxygenase Inhibitors [MoA],  Histamine H1 Receptor Antagonists [MoA],  Histamine-1 Receptor Antagonist [EPC],  Nonsteroidal Anti-inflammatory Drug [EPC]","N/A","No","12/31/2026"
"Wal Som Nighttime Sleep Aid Nighttime","0363-0860-16","50 mg/1","CAPSULE","ORAL","M010","Walgreens","0363-0860","Diphenhydramine HCl","DIPHENHYDRAMINE HYDROCHLORIDE","HUMAN OTC DRUG","10/30/2019","N/A","OTC MONOGRAPH DRUG","160 CAPSULE in 1 BOTTLE, PLASTIC (0363-0860-16)","Histamine H1 Receptor Antagonists [MoA],  Histamine-1 Receptor Antagonist [EPC]","N/A","No","12/31/2026"
"Wal Som Nighttime Sleep Aid Nighttime","0363-0860-32","50 mg/1","CAPSULE","ORAL","M010","Walgreens","0363-0860","Diphenhydramine HCl","DIPHENHYDRAMINE HYDROCHLORIDE","HUMAN OTC DRUG","10/30/2019","N/A","OTC MONOGRAPH DRUG","1 BOTTLE, PLASTIC in 1 BOX (0363-0860-32)  / 32 CAPSULE in 1 BOTTLE, PLASTIC","Histamine H1 Receptor Antagonists [MoA],  Histamine-1 Receptor Antagonist [EPC]","N/A","No","12/31/2026"
"Wal Som Nighttime Sleep Aid Nighttime","0363-0860-60","50 mg/1","CAPSULE","ORAL","M010","Walgreens","0363-0860","Diphenhydramine HCl","DIPHENHYDRAMINE HYDROCHLORIDE","HUMAN OTC DRUG","10/30/2019","N/A","OTC MONOGRAPH DRUG","1 BOTTLE, PLASTIC in 1 BOX (0363-0860-60)  / 60 CAPSULE in 1 BOTTLE, PLASTIC","Histamine H1 Receptor Antagonists [MoA],  Histamine-1 Receptor Antagonist [EPC]","N/A","No","12/31/2026"
"ZzzQuil Nighttime Sleep-Aid","84126-316-04","50 mg/30mL","LIQUID","ORAL","M010","The Procter & Gamble Manufacturing Company","84126-316","DIPHENHYDRAMINE HYDROCHLORIDE","DIPHENHYDRAMINE HYDROCHLORIDE","HUMAN OTC DRUG","06/15/2024","N/A","OTC MONOGRAPH DRUG","118 mL in 1 BOTTLE, PLASTIC (84126-316-04)","Histamine H1 Receptor Antagonists [MoA],  Histamine-1 Receptor Antagonist [EPC]","N/A","No","12/31/2027"
"Allergy Relief Diphenhydramine HCl 25mg SoftGel","84324-029-01","25 mg/1","CAPSULE, LIQUID FILLED","ORAL","M012","NUVICARE LLC","84324-029","Diphenhydramine Hydrochloride","DIPHENHYDRAMINE HYDROCHLORIDE","HUMAN OTC DRUG","06/24/2025","N/A","OTC MONOGRAPH DRUG","60 CAPSULE, LIQUID FILLED in 1 BOTTLE (84324-029-01)","Histamine H1 Receptor Antagonists [MoA],  Histamine-1 Receptor Antagonist [EPC]","N/A","No","12/31/2026"
"KROGER Dye Free Childrens Allergy Relief","41226-710-08","12.5 mg/5mL","SYRUP","ORAL","M012","KROGER COMPANY","41226-710","Diphenhydramine hydrochloride","DIPHENHYDRAMINE HYDROCHLORIDE","HUMAN OTC DRUG","06/17/2024","N/A","OTC MONOGRAPH DRUG","1 BOTTLE, PLASTIC in 1 CARTON (41226-710-08)  / 236 mL in 1 BOTTLE, PLASTIC","Histamine H1 Receptor Antagonists [MoA],  Histamine-1 Receptor Antagonist [EPC]","N/A","No","12/31/2026"
"Anti Itch","41250-622-64","2 g/100g,  .1 g/100g","CREAM","TOPICAL","M017","Meijer Distribution Inc","41250-622","Diphenhydramine Hydrochloride, Zinc Acetate","DIPHENHYDRAMINE HYDROCHLORIDE,  ZINC ACETATE","HUMAN OTC DRUG","03/17/2010","N/A","OTC MONOGRAPH DRUG","1 TUBE in 1 CARTON (41250-622-64)  / 28 g in 1 TUBE","Copper Absorption Inhibitor [EPC],  Decreased Copper Ion Absorption [PE],  Histamine H1 Receptor Antagonists [MoA],  Histamine-1 Receptor Antagonist [EPC]","N/A","No","12/31/2026"
"Tylenol PM","73097-013-02","500 mg/1,  25 mg/1","TABLET, FILM COATED","ORAL","M013","Savings Distributors LLC","73097-013","ACETAMINOPHEN, DIPHENHYDRAMINE HYDROCHLORIDE","ACETAMINOPHEN,  DIPHENHYDRAMINE HYDROCHLORIDE","HUMAN OTC DRUG","07/22/2019","N/A","OTC MONOGRAPH DRUG","1 POUCH in 1 CARTON (73097-013-02)  / 2 TABLET, FILM COATED in 1 POUCH","Histamine H1 Receptor Antagonists [MoA],  Histamine-1 Receptor Antagonist [EPC]","N/A","No","12/31/2027"
"Tylenol PM","73097-013-40","500 mg/1,  25 mg/1","TABLET, FILM COATED","ORAL","M013","Savings Distributors LLC","73097-013","ACETAMINOPHEN, DIPHENHYDRAMINE HYDROCHLORIDE","ACETAMINOPHEN,  DIPHENHYDRAMINE HYDROCHLORIDE","HUMAN OTC DRUG","07/22/2019","N/A","OTC MONOGRAPH DRUG","20 POUCH in 1 CARTON (73097-013-40)  / 2 TABLET, FILM COATED in 1 POUCH","Histamine H1 Receptor Antagonists [MoA],  Histamine-1 Receptor Antagonist [EPC]","N/A","No","12/31/2027"
"Tylenol PM","73097-013-50","500 mg/1,  25 mg/1","TABLET, FILM COATED","ORAL","M013","Savings Distributors LLC","73097-013","ACETAMINOPHEN, DIPHENHYDRAMINE HYDROCHLORIDE","ACETAMINOPHEN,  DIPHENHYDRAMINE HYDROCHLORIDE","HUMAN OTC DRUG","07/22/2019","N/A","OTC MONOGRAPH DRUG","25 POUCH in 1 CARTON (73097-013-50)  / 2 TABLET, FILM COATED in 1 POUCH","Histamine H1 Receptor Antagonists [MoA],  Histamine-1 Receptor Antagonist [EPC]","N/A","No","12/31/2027"
"Allergy Relief Diphenhydramine HCL 50 MG","73581-020-05","50 mg/1","CAPSULE","ORAL","M012","YYBA Corporation","73581-020","Diphenhydramine HCL","DIPHENHYDRAMINE HYDROCHLORIDE","HUMAN OTC DRUG","08/01/2023","N/A","OTC MONOGRAPH DRUG","50 CAPSULE in 1 BOTTLE, PLASTIC (73581-020-05)","Histamine H1 Receptor Antagonists [MoA],  Histamine-1 Receptor Antagonist [EPC]","N/A","No","12/31/2027"
"Allergy Relief Diphenhydramine HCL 50 MG","73581-020-10","50 mg/1","CAPSULE","ORAL","M012","YYBA Corporation","73581-020","Diphenhydramine HCL","DIPHENHYDRAMINE HYDROCHLORIDE","HUMAN OTC DRUG","08/01/2023","N/A","OTC MONOGRAPH DRUG","1000 CAPSULE in 1 BOTTLE, PLASTIC (73581-020-10)","Histamine H1 Receptor Antagonists [MoA],  Histamine-1 Receptor Antagonist [EPC]","N/A","No","12/31/2027"
"Diphenhydramine Hydrochloride","54738-115-13","25 mg/1","CAPSULE","ORAL","M012","Richmond Pharmaceuticals Inc.","54738-115","Diphenhydramine Hydrochloride","DIPHENHYDRAMINE HYDROCHLORIDE","HUMAN OTC DRUG","02/15/2000","N/A","OTC MONOGRAPH DRUG","100 CAPSULE in 1 BOTTLE (54738-115-13)","Histamine H1 Receptor Antagonists [MoA],  Histamine-1 Receptor Antagonist [EPC]","N/A","No","12/31/2026"
"Allergy Relief","0363-9024-60","25 mg/1","TABLET, FILM COATED","ORAL","M012","Walgreens","0363-9024","Diphenhydramine Hydrochloride","DIPHENHYDRAMINE HYDROCHLORIDE","HUMAN OTC DRUG","06/14/2022","N/A","OTC MONOGRAPH DRUG","600 TABLET, FILM COATED in 1 BOTTLE (0363-9024-60)","Histamine H1 Receptor Antagonists [MoA],  Histamine-1 Receptor Antagonist [EPC]","N/A","No","12/31/2026"
"Nighttime Sleep Aid","70000-0616-1","50 mg/1","CAPSULE","ORAL","M010","Cardinal Health (Leader) 70000","70000-0616","Diphenhydramine HCl","DIPHENHYDRAMINE HYDROCHLORIDE","HUMAN OTC DRUG","10/28/2022","N/A","OTC MONOGRAPH DRUG","100 CAPSULE in 1 BOTTLE, PLASTIC (70000-0616-1)","Histamine H1 Receptor Antagonists [MoA],  Histamine-1 Receptor Antagonist [EPC]","N/A","No","12/31/2026"
"Allergy Relief","81522-109-03","25 mg/1","TABLET, COATED","ORAL","M012","FSA STORE INC.","81522-109","DIPHENHYDRAMINE HYDROCHLORIDE","DIPHENHYDRAMINE HYDROCHLORIDE","HUMAN OTC DRUG","01/11/2023","N/A","OTC MONOGRAPH DRUG","1 BOTTLE, PLASTIC in 1 CARTON (81522-109-03)  / 100 TABLET, COATED in 1 BOTTLE, PLASTIC","Histamine H1 Receptor Antagonists [MoA],  Histamine-1 Receptor Antagonist [EPC]","N/A","No","12/31/2026"
"Banophen","83112-555-59","25 mg/1","TABLET, FILM COATED","ORAL","N/A","Health Department, Oklahoma State","83112-555","Diphenhydramine HCl","DIPHENHYDRAMINE HYDROCHLORIDE","HUMAN PRESCRIPTION DRUG","01/31/2025","N/A","UNAPPROVED DRUG OTHER","1 TABLET, FILM COATED in 1 PACKET (83112-555-59)","Histamine H1 Receptor Antagonists [MoA],  Histamine-1 Receptor Antagonist [EPC]","N/A","No","12/31/2026"
"anti itch","30142-582-64","2 g/100g,  .1 g/100g","CREAM","TOPICAL","M017","Kroger Company","30142-582","Diphenhydramine Hydrochloride, Zinc Acetate","DIPHENHYDRAMINE HYDROCHLORIDE,  ZINC ACETATE","HUMAN OTC DRUG","03/30/2017","N/A","OTC MONOGRAPH DRUG","1 TUBE in 1 CARTON (30142-582-64)  / 28 g in 1 TUBE","Copper Absorption Inhibitor [EPC],  Decreased Copper Ion Absorption [PE],  Histamine H1 Receptor Antagonists [MoA],  Histamine-1 Receptor Antagonist [EPC]","N/A","No","12/31/2026"
"Rest Simply","42507-291-03","25 mg/1","TABLET, COATED","ORAL","M010","HYVEE INC","42507-291","DIPHENHYDRAMINE HYDROCHLORIDE","DIPHENHYDRAMINE HYDROCHLORIDE","HUMAN OTC DRUG","01/13/2026","N/A","OTC MONOGRAPH DRUG","1 BOTTLE, PLASTIC in 1 CARTON (42507-291-03)  / 100 TABLET, COATED in 1 BOTTLE, PLASTIC","Histamine H1 Receptor Antagonists [MoA],  Histamine-1 Receptor Antagonist [EPC]","N/A","No","12/31/2027"
"Nighttime Sleep-Aid","46122-775-64","50 mg/1","CAPSULE, LIQUID FILLED","ORAL","M010","AMERISOURCE BERGEN","46122-775","Diphenhydramine HCl","DIPHENHYDRAMINE HYDROCHLORIDE","HUMAN OTC DRUG","04/11/2024","N/A","OTC MONOGRAPH DRUG","1 BOTTLE in 1 CARTON (46122-775-64)  / 60 CAPSULE, LIQUID FILLED in 1 BOTTLE","Histamine H1 Receptor Antagonists [MoA],  Histamine-1 Receptor Antagonist [EPC]","N/A","No","12/31/2026"
"Diphenhydramine Hydrochloride","51316-835-01","25 mg/1","CAPSULE","ORAL","M012","CVS Pharmacy, Inc","51316-835","Diphenhydramine Hydrochloride","DIPHENHYDRAMINE HYDROCHLORIDE","HUMAN OTC DRUG","12/01/2022","N/A","OTC MONOGRAPH DRUG","1 BOTTLE in 1 CARTON (51316-835-01)  / 100 CAPSULE in 1 BOTTLE","Histamine H1 Receptor Antagonists [MoA],  Histamine-1 Receptor Antagonist [EPC]","N/A","No","12/31/2026"
"Diphenhydramine Hydrochloride","51316-835-03","25 mg/1","CAPSULE","ORAL","M012","CVS Pharmacy, Inc","51316-835","Diphenhydramine Hydrochloride","DIPHENHYDRAMINE HYDROCHLORIDE","HUMAN OTC DRUG","12/01/2022","N/A","OTC MONOGRAPH DRUG","4 BLISTER PACK in 1 CARTON (51316-835-03)  / 12 CAPSULE in 1 BLISTER PACK","Histamine H1 Receptor Antagonists [MoA],  Histamine-1 Receptor Antagonist [EPC]","N/A","No","12/31/2026"
"Diphenhydramine Hydrochloride","51316-835-07","25 mg/1","CAPSULE","ORAL","M012","CVS Pharmacy, Inc","51316-835","Diphenhydramine Hydrochloride","DIPHENHYDRAMINE HYDROCHLORIDE","HUMAN OTC DRUG","11/23/2022","N/A","OTC MONOGRAPH DRUG","365 CAPSULE in 1 BOTTLE (51316-835-07)","Histamine H1 Receptor Antagonists [MoA],  Histamine-1 Receptor Antagonist [EPC]","N/A","No","12/31/2026"
"Diphenhydramine Hydrochloride","51316-835-08","25 mg/1","CAPSULE","ORAL","M012","CVS Pharmacy, Inc","51316-835","Diphenhydramine Hydrochloride","DIPHENHYDRAMINE HYDROCHLORIDE","HUMAN OTC DRUG","11/16/2022","N/A","OTC MONOGRAPH DRUG","2 BLISTER PACK in 1 CARTON (51316-835-08)  / 12 CAPSULE in 1 BLISTER PACK","Histamine H1 Receptor Antagonists [MoA],  Histamine-1 Receptor Antagonist [EPC]","N/A","No","12/31/2026"
"Diphenhydramine Hydrochloride","54738-116-13","50 mg/1","CAPSULE","ORAL","M012","Richmond Pharmaceuticals Inc.","54738-116","Diphenhydramine Hydrochloride","DIPHENHYDRAMINE HYDROCHLORIDE","HUMAN OTC DRUG","02/15/2000","N/A","OTC MONOGRAPH DRUG","100 CAPSULE in 1 BOTTLE (54738-116-13)","Histamine H1 Receptor Antagonists [MoA],  Histamine-1 Receptor Antagonist [EPC]","N/A","No","12/31/2026"
"Cystex PM","69693-417-10","500 mg/1,  25 mg/1","TABLET","ORAL","M013","Clarion Brands, LLC","69693-417","Acetaminophen, Diphenhydramine HCl","ACETAMINOPHEN,  DIPHENHYDRAMINE HYDROCHLORIDE","HUMAN OTC DRUG","06/01/2022","N/A","OTC MONOGRAPH DRUG","1 BLISTER PACK in 1 CARTON (69693-417-10)  / 10 TABLET in 1 BLISTER PACK","Histamine H1 Receptor Antagonists [MoA],  Histamine-1 Receptor Antagonist [EPC]","N/A","No","12/31/2026"
"Cystex PM","69693-417-20","500 mg/1,  25 mg/1","TABLET","ORAL","M013","Clarion Brands, LLC","69693-417","Acetaminophen, Diphenhydramine HCl","ACETAMINOPHEN,  DIPHENHYDRAMINE HYDROCHLORIDE","HUMAN OTC DRUG","01/28/2022","N/A","OTC MONOGRAPH DRUG","1 BLISTER PACK in 1 CARTON (69693-417-20)  / 20 TABLET in 1 BLISTER PACK","Histamine H1 Receptor Antagonists [MoA],  Histamine-1 Receptor Antagonist [EPC]","N/A","No","12/31/2026"
"Pain Reliever PM","70677-1149-1","500 mg/1,  25 mg/1","TABLET, COATED","ORAL","M013","Strategic Sourcing Services LLC","70677-1149","Acetaminophen, Diphenhydramine HCl","ACETAMINOPHEN,  DIPHENHYDRAMINE HYDROCHLORIDE","HUMAN OTC DRUG","04/01/2023","N/A","OTC MONOGRAPH DRUG","1 BOTTLE, PLASTIC in 1 BOX (70677-1149-1)  / 50 TABLET, COATED in 1 BOTTLE, PLASTIC","Histamine H1 Receptor Antagonists [MoA],  Histamine-1 Receptor Antagonist [EPC]","N/A","No","12/31/2026"
"Childrens Nighttime Cold and Cough","82673-103-04","6.25 mg/5mL,  2.5 mg/5mL","LIQUID","ORAL","M012","KinderFarms, LLC","82673-103","Diphenhydramine HCl, Phenylephrine HCl","DIPHENHYDRAMINE HYDROCHLORIDE,  PHENYLEPHRINE HYDROCHLORIDE","HUMAN OTC DRUG","04/29/2022","N/A","OTC MONOGRAPH DRUG","1 BOTTLE in 1 BOX (82673-103-04)  / 118 mL in 1 BOTTLE","Adrenergic alpha1-Agonists [MoA],  Histamine H1 Receptor Antagonists [MoA],  Histamine-1 Receptor Antagonist [EPC],  alpha-1 Adrenergic Agonist [EPC]","N/A","No","12/31/2026"
"Childrens Cold and Cough Nighttime","21130-379-04","6.25 mg/5mL,  2.5 mg/5mL","LIQUID","ORAL","M012","Safeway, Inc.","21130-379","Diphenhydramine HCl, Phenylephrine HCl","DIPHENHYDRAMINE HYDROCHLORIDE,  PHENYLEPHRINE HYDROCHLORIDE","HUMAN OTC DRUG","12/31/2015","N/A","OTC MONOGRAPH DRUG","1 BOTTLE, PLASTIC in 1 BOX (21130-379-04)  / 118 mL in 1 BOTTLE, PLASTIC","Adrenergic alpha1-Agonists [MoA],  Histamine H1 Receptor Antagonists [MoA],  Histamine-1 Receptor Antagonist [EPC],  alpha-1 Adrenergic Agonist [EPC]","N/A","No","12/31/2026"
"Sleep II Nighttime Sleep Aid","0363-0189-46","25 mg/1","TABLET","ORAL","M010","Walgreen Company","0363-0189","Diphenhydramine HCl","DIPHENHYDRAMINE HYDROCHLORIDE","HUMAN OTC DRUG","04/10/1990","N/A","OTC MONOGRAPH DRUG","1 BOTTLE, PLASTIC in 1 CARTON (0363-0189-46)  / 96 TABLET in 1 BOTTLE, PLASTIC","Histamine H1 Receptor Antagonists [MoA],  Histamine-1 Receptor Antagonist [EPC]","N/A","No","12/31/2027"
"Acetaminophen PM","72036-171-02","500 mg/1,  25 mg/1","TABLET, COATED","ORAL","M013","Harris Teeter","72036-171","Acetaminophen and Diphenhydramine Hydrochloride","ACETAMINOPHEN,  DIPHENHYDRAMINE HYDROCHLORIDE","HUMAN OTC DRUG","06/06/2014","N/A","OTC MONOGRAPH DRUG","1 BOTTLE, PLASTIC in 1 CARTON (72036-171-02)  / 40 TABLET, COATED in 1 BOTTLE, PLASTIC","Histamine H1 Receptor Antagonists [MoA],  Histamine-1 Receptor Antagonist [EPC]","N/A","No","12/31/2027"
"Benadryl Allergy Extra Strength Liqui-Gels","50580-322-20","50 mg/1","CAPSULE, LIQUID FILLED","ORAL","M012","Kenvue Brands LLC","50580-322","Diphenhydramine Hydrochloride","DIPHENHYDRAMINE HCL","HUMAN OTC DRUG","05/15/2025","04/30/2027","OTC MONOGRAPH DRUG","2 BLISTER PACK in 1 CARTON (50580-322-20)  / 10 CAPSULE, LIQUID FILLED in 1 BLISTER PACK","Histamine H1 Receptor Antagonists [MoA],  Histamine-1 Receptor Antagonist [EPC]","N/A","No","N/A"
"Diphenhydramine Hydrochloride","54738-116-01","50 mg/1","CAPSULE","ORAL","part341","Richmond Pharmaceuticals, Inc.","54738-116","Diphenhydramine Hydrochloride","DIPHENHYDRAMINE HYDROCHLORIDE","HUMAN OTC DRUG","05/01/2015","N/A","OTC MONOGRAPH FINAL","100 CAPSULE in 1 BOTTLE (54738-116-01)","Histamine H1 Receptor Antagonists [MoA],  Histamine-1 Receptor Antagonist [EPC]","N/A","No","12/31/2026"
"Diphenhydramine Hydrochloride","54738-116-03","50 mg/1","CAPSULE","ORAL","part341","Richmond Pharmaceuticals, Inc.","54738-116","Diphenhydramine Hydrochloride","DIPHENHYDRAMINE HYDROCHLORIDE","HUMAN OTC DRUG","05/01/2015","N/A","OTC MONOGRAPH FINAL","1000 CAPSULE in 1 BOTTLE (54738-116-03)","Histamine H1 Receptor Antagonists [MoA],  Histamine-1 Receptor Antagonist [EPC]","N/A","No","12/31/2026"
"ibuprofen pm","56062-050-58","38 mg/1,  200 mg/1","TABLET, FILM COATED","ORAL","ANDA079113","Publix Super Markets Inc","56062-050","diphenhydramine citrate, ibuprofen","DIPHENHYDRAMINE CITRATE,  IBUPROFEN","HUMAN OTC DRUG","09/15/2011","N/A","ANDA","1 BOTTLE in 1 CARTON (56062-050-58)  / 40 TABLET, FILM COATED in 1 BOTTLE","Anti-Inflammatory Agents,  Non-Steroidal [CS],  Cyclooxygenase Inhibitors [MoA],  Histamine H1 Receptor Antagonists [MoA],  Histamine-1 Receptor Antagonist [EPC],  Nonsteroidal Anti-inflammatory Drug [EPC]","N/A","No","12/31/2026"
"Ibuprofen PM","49035-670-15","200 mg/1,  25 mg/1","CAPSULE, LIQUID FILLED","ORAL","ANDA090397","Wal-Mart Stores, Inc.","49035-670","IBUPROFEN, DIPHENHYDRAMINE HCL","IBUPROFEN,  DIPHENHYDRAMINE HYDROCHLORIDE","HUMAN OTC DRUG","04/01/2019","N/A","ANDA","1 BOTTLE in 1 CARTON (49035-670-15)  / 40 CAPSULE, LIQUID FILLED in 1 BOTTLE","Anti-Inflammatory Agents,  Non-Steroidal [CS],  Cyclooxygenase Inhibitors [MoA],  Histamine H1 Receptor Antagonists [MoA],  Histamine-1 Receptor Antagonist [EPC],  Nonsteroidal Anti-inflammatory Drug [EPC]","N/A","No","12/31/2026"
"Sleep Aid","70677-1151-1","50 mg/1","CAPSULE","ORAL","M010","Strategic Sourcing Services LLC","70677-1151","Diphenhydramine HCL","DIPHENHYDRAMINE HYDROCHLORIDE","HUMAN OTC DRUG","03/31/2023","N/A","OTC MONOGRAPH DRUG","1 BOTTLE, PLASTIC in 1 BOX (70677-1151-1)  / 32 CAPSULE in 1 BOTTLE, PLASTIC","Histamine H1 Receptor Antagonists [MoA],  Histamine-1 Receptor Antagonist [EPC]","N/A","No","12/31/2026"
"careone naproxen sodium pm","41520-264-27","25 mg/1,  220 mg/1","TABLET, FILM COATED","ORAL","ANDA208499","American Sales Company","41520-264","diphenhydramine hydrochloride, naproxen sodium","DIPHENHYDRAMINE HYDROCHLORIDE,  NAPROXEN SODIUM","HUMAN OTC DRUG","02/25/2020","N/A","ANDA","1 BOTTLE in 1 CARTON (41520-264-27)  / 80 TABLET, FILM COATED in 1 BOTTLE","Anti-Inflammatory Agents,  Non-Steroidal [CS],  Cyclooxygenase Inhibitors [MoA],  Histamine H1 Receptor Antagonists [MoA],  Histamine-1 Receptor Antagonist [EPC],  Nonsteroidal Anti-inflammatory Drug [EPC]","N/A","No","12/31/2026"
"careone naproxen sodium pm","41520-264-60","25 mg/1,  220 mg/1","TABLET, FILM COATED","ORAL","ANDA208499","American Sales Company","41520-264","diphenhydramine hydrochloride, naproxen sodium","DIPHENHYDRAMINE HYDROCHLORIDE,  NAPROXEN SODIUM","HUMAN OTC DRUG","02/25/2020","N/A","ANDA","1 BOTTLE in 1 CARTON (41520-264-60)  / 20 TABLET, FILM COATED in 1 BOTTLE","Anti-Inflammatory Agents,  Non-Steroidal [CS],  Cyclooxygenase Inhibitors [MoA],  Histamine H1 Receptor Antagonists [MoA],  Histamine-1 Receptor Antagonist [EPC],  Nonsteroidal Anti-inflammatory Drug [EPC]","N/A","No","12/31/2026"
"Sleep Aid NightTime","49035-672-51","25 mg/1","TABLET, FILM COATED","ORAL","M010","Wal-Mart Stores Inc","49035-672","Diphenhydramine HCl","DIPHENHYDRAMINE HYDROCHLORIDE","HUMAN OTC DRUG","07/24/2015","N/A","OTC MONOGRAPH DRUG","365 TABLET, FILM COATED in 1 BOTTLE (49035-672-51)","Histamine H1 Receptor Antagonists [MoA],  Histamine-1 Receptor Antagonist [EPC]","N/A","No","12/31/2027"
"Childrens Benadryl Allergy Plus Congestion","50580-341-01","12.5 mg/5mL,  5 mg/5mL","SOLUTION","ORAL","M012","Kenvue Brands LLC","50580-341","Diphenhydramine hydrochloride and Phenylephrine hydrochloride","DIPHENHYDRAMINE HYDROCHLORIDE,  PHENYLEPHRINE HYDROCHLORIDE","HUMAN OTC DRUG","09/30/2014","N/A","OTC MONOGRAPH DRUG","1 BOTTLE in 1 CARTON (50580-341-01)  / 118 mL in 1 BOTTLE","Adrenergic alpha1-Agonists [MoA],  Histamine H1 Receptor Antagonists [MoA],  Histamine-1 Receptor Antagonist [EPC],  alpha-1 Adrenergic Agonist [EPC]","N/A","No","12/31/2026"
"Allergy Relief","50844-329-02","25 mg/1","TABLET, FILM COATED","ORAL","M012","L.N.K. International, Inc.","50844-329","Diphenhydramine HCl","DIPHENHYDRAMINE HYDROCHLORIDE","HUMAN OTC DRUG","03/02/1990","N/A","OTC MONOGRAPH DRUG","1 BLISTER PACK in 1 CARTON (50844-329-02)  / 12 TABLET, FILM COATED in 1 BLISTER PACK","Histamine H1 Receptor Antagonists [MoA],  Histamine-1 Receptor Antagonist [EPC]","N/A","No","12/31/2027"
"Allergy Relief","50844-329-07","25 mg/1","TABLET, FILM COATED","ORAL","M012","L.N.K. International, Inc.","50844-329","Diphenhydramine HCl","DIPHENHYDRAMINE HYDROCHLORIDE","HUMAN OTC DRUG","03/02/1990","N/A","OTC MONOGRAPH DRUG","3 BLISTER PACK in 1 CARTON (50844-329-07)  / 12 TABLET, FILM COATED in 1 BLISTER PACK","Histamine H1 Receptor Antagonists [MoA],  Histamine-1 Receptor Antagonist [EPC]","N/A","No","12/31/2027"
"Allergy Relief","50844-329-08","25 mg/1","TABLET, FILM COATED","ORAL","M012","L.N.K. International, Inc.","50844-329","Diphenhydramine HCl","DIPHENHYDRAMINE HYDROCHLORIDE","HUMAN OTC DRUG","03/02/1990","N/A","OTC MONOGRAPH DRUG","2 BLISTER PACK in 1 CARTON (50844-329-08)  / 12 TABLET, FILM COATED in 1 BLISTER PACK","Histamine H1 Receptor Antagonists [MoA],  Histamine-1 Receptor Antagonist [EPC]","N/A","No","12/31/2027"
"Allergy Relief","50844-329-12","25 mg/1","TABLET, FILM COATED","ORAL","M012","L.N.K. International, Inc.","50844-329","Diphenhydramine HCl","DIPHENHYDRAMINE HYDROCHLORIDE","HUMAN OTC DRUG","03/02/1990","N/A","OTC MONOGRAPH DRUG","100 TABLET, FILM COATED in 1 BOTTLE, PLASTIC (50844-329-12)","Histamine H1 Receptor Antagonists [MoA],  Histamine-1 Receptor Antagonist [EPC]","N/A","No","12/31/2027"
"Allergy Relief","50844-329-22","25 mg/1","TABLET, FILM COATED","ORAL","M012","L.N.K. International, Inc.","50844-329","Diphenhydramine HCl","DIPHENHYDRAMINE HYDROCHLORIDE","HUMAN OTC DRUG","03/02/1990","N/A","OTC MONOGRAPH DRUG","4 BLISTER PACK in 1 CARTON (50844-329-22)  / 12 TABLET, FILM COATED in 1 BLISTER PACK","Histamine H1 Receptor Antagonists [MoA],  Histamine-1 Receptor Antagonist [EPC]","N/A","No","12/31/2027"
"Allergy Relief","50844-329-51","25 mg/1","TABLET, FILM COATED","ORAL","M012","L.N.K. International, Inc.","50844-329","Diphenhydramine HCl","DIPHENHYDRAMINE HYDROCHLORIDE","HUMAN OTC DRUG","03/02/1990","N/A","OTC MONOGRAPH DRUG","365 TABLET, FILM COATED in 1 BOTTLE, PLASTIC (50844-329-51)","Histamine H1 Receptor Antagonists [MoA],  Histamine-1 Receptor Antagonist [EPC]","N/A","No","12/31/2027"
"Allergy Relief","50844-329-78","25 mg/1","TABLET, FILM COATED","ORAL","M012","L.N.K. International, Inc.","50844-329","Diphenhydramine HCl","DIPHENHYDRAMINE HYDROCHLORIDE","HUMAN OTC DRUG","03/02/1990","N/A","OTC MONOGRAPH DRUG","600 TABLET, FILM COATED in 1 BOTTLE, PLASTIC (50844-329-78)","Histamine H1 Receptor Antagonists [MoA],  Histamine-1 Receptor Antagonist [EPC]","N/A","No","12/31/2027"
"Allergy Relief","50844-329-82","25 mg/1","TABLET, FILM COATED","ORAL","M012","L.N.K. International, Inc.","50844-329","Diphenhydramine HCl","DIPHENHYDRAMINE HYDROCHLORIDE","HUMAN OTC DRUG","03/02/1990","N/A","OTC MONOGRAPH DRUG","1 BOTTLE, PLASTIC in 1 CARTON (50844-329-82)  / 100 TABLET, FILM COATED in 1 BOTTLE, PLASTIC","Histamine H1 Receptor Antagonists [MoA],  Histamine-1 Receptor Antagonist [EPC]","N/A","No","12/31/2027"
"Mucus Relief Severe Congestion Cough Night Time Cold and Flu Maximum Strength","55910-562-12","N/A","KIT","N/A","M012","Dolgencorp, Inc. (DOLLAR GENERAL & REXALL)","55910-562","Dextromethorphan HBr, Guaifenesin, Phenylephrine HCI, Acetaminophen, Diphenhydramine HCI, Phenylephrine HCI","N/A","HUMAN OTC DRUG","03/31/2018","N/A","OTC MONOGRAPH DRUG","1 KIT in 1 KIT (55910-562-12)  *  177 mL in 1 BOTTLE, PLASTIC *  177 mL in 1 BOTTLE, PLASTIC","N/A","N/A","No","12/31/2026"
"Itch Stopping","63868-260-04","2 g/100g","GEL","TOPICAL","M017","Chain Drug Marketing Association","63868-260","Diphenhydramine HCl","DIPHENHYDRAMINE HYDROCHLORIDE","HUMAN OTC DRUG","05/14/2014","N/A","OTC MONOGRAPH DRUG","113 g in 1 BOTTLE (63868-260-04)","Histamine H1 Receptor Antagonists [MoA],  Histamine-1 Receptor Antagonist [EPC]","N/A","No","12/31/2026"
"Dye Free Wal Dryl Allergy childrens","0363-0293-04","12.5 mg/5mL","LIQUID","ORAL","M012","Walgreens","0363-0293","Diphenhydramine Hydrochloride","DIPHENHYDRAMINE HYDROCHLORIDE","HUMAN OTC DRUG","03/31/2015","03/31/2027","OTC MONOGRAPH DRUG","1 BOTTLE, PLASTIC in 1 BOX (0363-0293-04)  / 118 mL in 1 BOTTLE, PLASTIC","Histamine H1 Receptor Antagonists [MoA],  Histamine-1 Receptor Antagonist [EPC]","N/A","No","N/A"
"KROGER Nighttime Sleep-Aid","41226-730-12","50 mg/30mL","LIQUID","ORAL","M010","KROGER COMPANY","41226-730","DIPHENHYDRAMINE HYDROCHLORIDE","DIPHENHYDRAMINE HYDROCHLORIDE","HUMAN OTC DRUG","05/27/2024","N/A","OTC MONOGRAPH DRUG","354 mL in 1 BOTTLE, PLASTIC (41226-730-12)","Histamine H1 Receptor Antagonists [MoA],  Histamine-1 Receptor Antagonist [EPC]","N/A","No","12/31/2026"
"Acetaminophen Diphenhydramine HCL","0363-9664-37","500 mg/1,  25 mg/1","TABLET","ORAL","M013","WALGREENS CO.","0363-9664","Acetaminophen Diphenhydramine HCL","ACETAMINOPHEN,  DIPHENHYDRAMINE HYDROCHLORIDE","HUMAN OTC DRUG","07/13/2024","N/A","OTC MONOGRAPH DRUG","375 TABLET in 1 BOTTLE (0363-9664-37)","Histamine H1 Receptor Antagonists [MoA],  Histamine-1 Receptor Antagonist [EPC]","N/A","No","12/31/2026"
"Acetaminophen Diphenhydramine HCL","0363-9664-60","500 mg/1,  25 mg/1","TABLET","ORAL","M013","WALGREENS CO.","0363-9664","Acetaminophen Diphenhydramine HCL","ACETAMINOPHEN,  DIPHENHYDRAMINE HYDROCHLORIDE","HUMAN OTC DRUG","09/30/2022","N/A","OTC MONOGRAPH DRUG","125 TABLET in 1 BOTTLE (0363-9664-60)","Histamine H1 Receptor Antagonists [MoA],  Histamine-1 Receptor Antagonist [EPC]","N/A","No","12/31/2026"
"CVS Itch Relief","69842-952-02",".1 g/100mL,  2 g/100mL","SPRAY","TOPICAL","M017","CVS","69842-952","Diphenhydramine HCl, Zinc Acetate","ZINC ACETATE,  DIPHENHYDRAMINE HYDROCHLORIDE","HUMAN OTC DRUG","04/14/2014","N/A","OTC MONOGRAPH DRUG","59 mL in 1 BOTTLE, SPRAY (69842-952-02)","Copper Absorption Inhibitor [EPC],  Decreased Copper Ion Absorption [PE],  Histamine H1 Receptor Antagonists [MoA],  Histamine-1 Receptor Antagonist [EPC]","N/A","No","12/31/2026"
"EXTRA STRENGTH WAL-DRYL ITCH RELIEF","0363-2177-00","20 mg/mL,  1 mg/mL","SPRAY","TOPICAL","M017","WALGREEN CO","0363-2177","DIPHENHYDRAMINE, ZINC ACETATE","DIPHENHYDRAMINE HYDROCHLORIDE,  ZINC ACETATE","HUMAN OTC DRUG","01/03/2011","N/A","OTC MONOGRAPH DRUG","88 mL in 1 BOTTLE, SPRAY (0363-2177-00)","Copper Absorption Inhibitor [EPC],  Decreased Copper Ion Absorption [PE],  Histamine H1 Receptor Antagonists [MoA],  Histamine-1 Receptor Antagonist [EPC]","N/A","No","12/31/2026"
"Allergy Relief","41520-290-11","25 mg/1","TABLET, COATED","ORAL","M012","FOODHOLD U.S.A., LLC","41520-290","DIPHENHYDRAMINE HYDROCHLORIDE","DIPHENHYDRAMINE HYDROCHLORIDE","HUMAN OTC DRUG","08/01/2019","N/A","OTC MONOGRAPH DRUG","1 BOTTLE, PLASTIC in 1 CARTON (41520-290-11)  / 300 TABLET, COATED in 1 BOTTLE, PLASTIC","Histamine H1 Receptor Antagonists [MoA],  Histamine-1 Receptor Antagonist [EPC]","N/A","No","12/31/2026"
"Allergy Relief","42507-313-01","25 mg/1","CAPSULE","ORAL","M012","HYVEE INC","42507-313","DIPHENHYDRAMINE HYDROCHLORIDE","DIPHENHYDRAMINE HYDROCHLORIDE","HUMAN OTC DRUG","10/22/2025","N/A","OTC MONOGRAPH DRUG","2 BLISTER PACK in 1 CARTON (42507-313-01)  / 12 CAPSULE in 1 BLISTER PACK","Histamine H1 Receptor Antagonists [MoA],  Histamine-1 Receptor Antagonist [EPC]","N/A","No","12/31/2026"
"Allergy Relief","42507-313-03","25 mg/1","CAPSULE","ORAL","M012","HYVEE INC","42507-313","DIPHENHYDRAMINE HYDROCHLORIDE","DIPHENHYDRAMINE HYDROCHLORIDE","HUMAN OTC DRUG","10/22/2025","N/A","OTC MONOGRAPH DRUG","1 BOTTLE, PLASTIC in 1 CARTON (42507-313-03)  / 100 CAPSULE in 1 BOTTLE, PLASTIC","Histamine H1 Receptor Antagonists [MoA],  Histamine-1 Receptor Antagonist [EPC]","N/A","No","12/31/2026"
"Sominex Max","63029-505-16","50 mg/1","TABLET","ORAL","M010","Medtech Products Inc.","63029-505","Diphenhydramine HCl","DIPHENHYDRAMINE HYDROCHLORIDE","HUMAN OTC DRUG","06/01/2012","N/A","OTC MONOGRAPH DRUG","1 BLISTER PACK in 1 BOX (63029-505-16)  / 16 TABLET in 1 BLISTER PACK","Histamine H1 Receptor Antagonists [MoA],  Histamine-1 Receptor Antagonist [EPC]","N/A","No","12/31/2026"
"Childrens Allergy","82673-109-04","12.5 mg/5mL","LIQUID","ORAL","M012","KinderFarms, LLC","82673-109","Diphenhydramine Hydrochloride","DIPHENHYDRAMINE HYDROCHLORIDE","HUMAN OTC DRUG","09/02/2022","N/A","OTC MONOGRAPH DRUG","1 BOTTLE, PLASTIC in 1 BOX (82673-109-04)  / 118 mL in 1 BOTTLE, PLASTIC","Histamine H1 Receptor Antagonists [MoA],  Histamine-1 Receptor Antagonist [EPC]","N/A","No","12/31/2026"
"Pain Reliever PM","79903-050-09","500 mg/1,  25 mg/1","TABLET, COATED","ORAL","M013","WALMART INC.","79903-050","Acetaminophen, Diphenhydramine HCl","ACETAMINOPHEN,  DIPHENHYDRAMINE HYDROCHLORIDE","HUMAN OTC DRUG","02/12/2021","N/A","OTC MONOGRAPH DRUG","1 BOTTLE, PLASTIC in 1 CARTON (79903-050-09)  / 20 TABLET, COATED in 1 BOTTLE, PLASTIC","Histamine H1 Receptor Antagonists [MoA],  Histamine-1 Receptor Antagonist [EPC]","N/A","No","12/31/2027"
"Pain Reliever PM","79903-050-31","500 mg/1,  25 mg/1","TABLET, COATED","ORAL","M013","WALMART INC.","79903-050","Acetaminophen, Diphenhydramine HCl","ACETAMINOPHEN,  DIPHENHYDRAMINE HYDROCHLORIDE","HUMAN OTC DRUG","02/12/2021","N/A","OTC MONOGRAPH DRUG","80 TABLET, COATED in 1 BOTTLE, PLASTIC (79903-050-31)","Histamine H1 Receptor Antagonists [MoA],  Histamine-1 Receptor Antagonist [EPC]","N/A","No","12/31/2027"
"Pain Reliever PM","79903-050-80","500 mg/1,  25 mg/1","TABLET, COATED","ORAL","M013","WALMART INC.","79903-050","Acetaminophen, Diphenhydramine HCl","ACETAMINOPHEN,  DIPHENHYDRAMINE HYDROCHLORIDE","HUMAN OTC DRUG","02/12/2021","N/A","OTC MONOGRAPH DRUG","80 TABLET, COATED in 1 BOTTLE, PLASTIC (79903-050-80)","Histamine H1 Receptor Antagonists [MoA],  Histamine-1 Receptor Antagonist [EPC]","N/A","No","12/31/2027"
"Diphenhydramine Hydrochloride","23155-263-31","50 mg/mL","INJECTION","INTRAMUSCULAR,  INTRAVENOUS","ANDA205337","Heritage Pharmaceuticals Inc. d/b/a Avet Pharmaceuticals Inc.","23155-263","Diphenhydramine Hydrochloride","DIPHENHYDRAMINE HYDROCHLORIDE","HUMAN PRESCRIPTION DRUG","12/15/2025","N/A","ANDA","1 VIAL, GLASS in 1 PACKAGE (23155-263-31)  / 10 mL in 1 VIAL, GLASS","Histamine H1 Receptor Antagonists [MoA],  Histamine-1 Receptor Antagonist [EPC]","N/A","No","12/31/2026"
"SanaTos Severe Cold Relief Nighttime","55758-385-06","25 mg/1,  10 mg/1,  650 mg/1","GRANULE, FOR SOLUTION","ORAL","M012","Pharmadel LLC","55758-385","Acetaminophen, Diphenhydramine hydrochloride, and Phenylephrine hydrochloride","DIPHENHYDRAMINE HYDROCHLORIDE,  PHENYLEPHRINE HYDROCHLORIDE,  ACETAMINOPHEN","HUMAN OTC DRUG","03/31/2024","N/A","OTC MONOGRAPH DRUG","6 GRANULE, FOR SOLUTION in 1 CARTON (55758-385-06)","Adrenergic alpha1-Agonists [MoA],  Histamine H1 Receptor Antagonists [MoA],  Histamine-1 Receptor Antagonist [EPC],  alpha-1 Adrenergic Agonist [EPC]","N/A","No","12/31/2027"
"Sominex","63029-554-01","25 mg/1","TABLET, FILM COATED","ORAL","M010","Medtech Products Inc.","63029-554","DIPHENHYDRAMINE HYDROCHLORIDE","DIPHENHYDRAMINE HYDROCHLORIDE","HUMAN OTC DRUG","06/01/2012","N/A","OTC MONOGRAPH DRUG","9 BLISTER PACK in 1 BOX (63029-554-01)  / 8 TABLET, FILM COATED in 1 BLISTER PACK","Histamine H1 Receptor Antagonists [MoA],  Histamine-1 Receptor Antagonist [EPC]","N/A","No","12/31/2026"
"Sominex","63029-554-16","25 mg/1","TABLET, FILM COATED","ORAL","M010","Medtech Products Inc.","63029-554","DIPHENHYDRAMINE HYDROCHLORIDE","DIPHENHYDRAMINE HYDROCHLORIDE","HUMAN OTC DRUG","06/01/2012","N/A","OTC MONOGRAPH DRUG","2 BLISTER PACK in 1 BOX (63029-554-16)  / 8 TABLET, FILM COATED in 1 BLISTER PACK","Histamine H1 Receptor Antagonists [MoA],  Histamine-1 Receptor Antagonist [EPC]","N/A","No","12/31/2026"
"Sominex","63029-554-32","25 mg/1","TABLET, FILM COATED","ORAL","M010","Medtech Products Inc.","63029-554","DIPHENHYDRAMINE HYDROCHLORIDE","DIPHENHYDRAMINE HYDROCHLORIDE","HUMAN OTC DRUG","06/01/2012","N/A","OTC MONOGRAPH DRUG","4 BLISTER PACK in 1 BOX (63029-554-32)  / 8 TABLET, FILM COATED in 1 BLISTER PACK","Histamine H1 Receptor Antagonists [MoA],  Histamine-1 Receptor Antagonist [EPC]","N/A","No","12/31/2026"
"Nighttime Sleep Aid","69607-0916-6","50 mg/1","CAPSULE","ORAL","M010","WR Group, Inc.","69607-0916","Diphenhydramine HCl","DIPHENHYDRAMINE HYDROCHLORIDE","HUMAN OTC DRUG","08/06/2021","N/A","OTC MONOGRAPH DRUG","96 CAPSULE in 1 BOTTLE, PLASTIC (69607-0916-6)","Histamine H1 Receptor Antagonists [MoA],  Histamine-1 Receptor Antagonist [EPC]","N/A","No","12/31/2026"
"Diphenhydramine Hydrochloride","72485-101-05","50 mg/mL","INJECTION, SOLUTION","INTRAMUSCULAR,  INTRAVENOUS","ANDA205723","Armas Pharmaceuticals Inc.","72485-101","Diphenhydramine Hydrochloride","DIPHENHYDRAMINE HYDROCHLORIDE","HUMAN PRESCRIPTION DRUG","05/05/2023","N/A","ANDA","5 VIAL, SINGLE-DOSE in 1 CARTON (72485-101-05)  / 1 mL in 1 VIAL, SINGLE-DOSE (72485-101-01)","Histamine H1 Receptor Antagonists [MoA],  Histamine-1 Receptor Antagonist [EPC]","N/A","No","12/31/2026"
"Diphenhydramine Hydrochloride","72485-101-25","50 mg/mL","INJECTION, SOLUTION","INTRAMUSCULAR,  INTRAVENOUS","ANDA205723","Armas Pharmaceuticals Inc.","72485-101","Diphenhydramine Hydrochloride","DIPHENHYDRAMINE HYDROCHLORIDE","HUMAN PRESCRIPTION DRUG","05/01/2019","N/A","ANDA","25 VIAL, SINGLE-DOSE in 1 CARTON (72485-101-25)  / 1 mL in 1 VIAL, SINGLE-DOSE (72485-101-01)","Histamine H1 Receptor Antagonists [MoA],  Histamine-1 Receptor Antagonist [EPC]","N/A","No","12/31/2026"
"ALLERGY RELIEF","79903-056-10","25 mg/1","TABLET, FILM COATED","ORAL","M012","Wal-Mart Stores Inc","79903-056","DIPHENHYDRAMINE HYDROCHLORIDE","DIPHENHYDRAMINE HYDROCHLORIDE","HUMAN OTC DRUG","01/28/2021","07/31/2028","OTC MONOGRAPH DRUG","1 BOTTLE in 1 CARTON (79903-056-10)  / 100 TABLET, FILM COATED in 1 BOTTLE","Histamine H1 Receptor Antagonists [MoA],  Histamine-1 Receptor Antagonist [EPC]","N/A","No","N/A"
"ALLERGY RELIEF","79903-056-30","25 mg/1","TABLET, FILM COATED","ORAL","M012","Wal-Mart Stores Inc","79903-056","DIPHENHYDRAMINE HYDROCHLORIDE","DIPHENHYDRAMINE HYDROCHLORIDE","HUMAN OTC DRUG","01/28/2021","07/31/2028","OTC MONOGRAPH DRUG","365 TABLET, FILM COATED in 1 BOTTLE (79903-056-30)","Histamine H1 Receptor Antagonists [MoA],  Histamine-1 Receptor Antagonist [EPC]","N/A","No","N/A"
"topcare sleep aid nighttime","36800-431-62","25 mg/1","TABLET, FILM COATED","ORAL","M010","Topco Associates LLC","36800-431","Diphenhydramine Hydrochloride","DIPHENHYDRAMINE HYDROCHLORIDE","HUMAN OTC DRUG","09/11/2001","N/A","OTC MONOGRAPH DRUG","12 BLISTER PACK in 1 CARTON (36800-431-62)  / 2 TABLET, FILM COATED in 1 BLISTER PACK","Histamine H1 Receptor Antagonists [MoA],  Histamine-1 Receptor Antagonist [EPC]","N/A","No","12/31/2026"
"topcare sleep aid nighttime","36800-431-67","25 mg/1","TABLET, FILM COATED","ORAL","M010","Topco Associates LLC","36800-431","Diphenhydramine Hydrochloride","DIPHENHYDRAMINE HYDROCHLORIDE","HUMAN OTC DRUG","01/27/2004","N/A","OTC MONOGRAPH DRUG","24 BLISTER PACK in 1 CARTON (36800-431-67)  / 2 TABLET, FILM COATED in 1 BLISTER PACK","Histamine H1 Receptor Antagonists [MoA],  Histamine-1 Receptor Antagonist [EPC]","N/A","No","12/31/2026"
"topcare sleep aid nighttime","36800-431-78","25 mg/1","TABLET, FILM COATED","ORAL","M010","Topco Associates LLC","36800-431","Diphenhydramine Hydrochloride","DIPHENHYDRAMINE HYDROCHLORIDE","HUMAN OTC DRUG","09/13/2017","N/A","OTC MONOGRAPH DRUG","1 BOTTLE in 1 CARTON (36800-431-78)  / 100 TABLET, FILM COATED in 1 BOTTLE","Histamine H1 Receptor Antagonists [MoA],  Histamine-1 Receptor Antagonist [EPC]","N/A","No","12/31/2026"
"Quality Choice Severe Cold and Cough Nighttime","63868-291-06","650 mg/1,  25 mg/1,  10 mg/1","POWDER, FOR SOLUTION","ORAL","M012","Chain Drug Manufacturing Assn","63868-291","ACETAMINOPHEN, DIPHENHYDRAMINE, PHENYLEPHRINE","ACETAMINOPHEN,  DIPHENHYDRAMINE HYDROCHLORIDE,  PHENYLEPHRINE HYDROCHLORIDE","HUMAN OTC DRUG","07/16/2018","N/A","OTC MONOGRAPH DRUG","6 PACKET in 1 CARTON (63868-291-06)  / 1 POWDER, FOR SOLUTION in 1 PACKET","Adrenergic alpha1-Agonists [MoA],  Histamine H1 Receptor Antagonists [MoA],  Histamine-1 Receptor Antagonist [EPC],  alpha-1 Adrenergic Agonist [EPC]","N/A","No","12/31/2026"
"Pain Reliever PM","69607-8630-1","500 mg/1,  25 mg/1","TABLET, COATED","ORAL","M013","WR Group, Inc.","69607-8630","Acetaminophen, Diphenhydramine HCl","ACETAMINOPHEN,  DIPHENHYDRAMINE HYDROCHLORIDE","HUMAN OTC DRUG","02/28/2025","N/A","OTC MONOGRAPH DRUG","1 BOTTLE, PLASTIC in 1 BOX (69607-8630-1)  / 24 TABLET, COATED in 1 BOTTLE, PLASTIC","Histamine H1 Receptor Antagonists [MoA],  Histamine-1 Receptor Antagonist [EPC]","N/A","No","12/31/2026"
"Nighttime Cold and Cough","82673-191-04","12.5 mg/5mL","LIQUID","ORAL","M012","KinderFarms, LLC","82673-191","Diphenhydramine HCl","DIPHENHYDRAMINE HYDROCHLORIDE","HUMAN OTC DRUG","05/30/2024","N/A","OTC MONOGRAPH DRUG","1 BOTTLE, PLASTIC in 1 BOX (82673-191-04)  / 118 mL in 1 BOTTLE, PLASTIC","Histamine H1 Receptor Antagonists [MoA],  Histamine-1 Receptor Antagonist [EPC]","N/A","No","12/31/2026"
"EXTRA STRENGTH PAIN RELIEVER PM","79903-053-10","500 mg/1,  25 mg/1","TABLET","ORAL","M013","WALMART INC.","79903-053","ACETAMINOPHEN AND DIPHENHYDRAMINE HYDROCHLORIDE","ACETAMINOPHEN,  DIPHENHYDRAMINE HYDROCHLORIDE","HUMAN OTC DRUG","01/13/2021","N/A","OTC MONOGRAPH DRUG","100 TABLET in 1 BOTTLE (79903-053-10)","Histamine H1 Receptor Antagonists [MoA],  Histamine-1 Receptor Antagonist [EPC]","N/A","No","12/31/2027"
"EXTRA STRENGTH PAIN RELIEVER PM","79903-053-24","500 mg/1,  25 mg/1","TABLET","ORAL","M013","WALMART INC.","79903-053","ACETAMINOPHEN AND DIPHENHYDRAMINE HYDROCHLORIDE","ACETAMINOPHEN,  DIPHENHYDRAMINE HYDROCHLORIDE","HUMAN OTC DRUG","01/13/2021","N/A","OTC MONOGRAPH DRUG","1 BOTTLE in 1 CARTON (79903-053-24)  / 24 TABLET in 1 BOTTLE","Histamine H1 Receptor Antagonists [MoA],  Histamine-1 Receptor Antagonist [EPC]","N/A","No","12/31/2027"
"Diphenhydramine Hydrochloride","23155-264-41","50 mg/mL","INJECTION","INTRAMUSCULAR,  INTRAVENOUS","ANDA205336","Heritage Pharmaceuticals Inc. d/b/a Avet Pharmaceuticals Inc.","23155-264","Diphenhydramine Hydrochloride","DIPHENHYDRAMINE HYDROCHLORIDE","HUMAN PRESCRIPTION DRUG","06/30/2025","N/A","ANDA","25 VIAL, GLASS in 1 PACKAGE (23155-264-41)  / 1 mL in 1 VIAL, GLASS (23155-264-31)","Histamine H1 Receptor Antagonists [MoA],  Histamine-1 Receptor Antagonist [EPC]","N/A","No","12/31/2026"
"Ibuprofen PM","69607-1970-1","200 mg/1,  38 mg/1","TABLET, COATED","ORAL","ANDA211404","WR Group, Inc.","69607-1970","Diphenhydramine Citrate, Ibuprofen","IBUPROFEN,  DIPHENHYDRAMINE CITRATE","HUMAN OTC DRUG","02/28/2025","N/A","ANDA","1 BOTTLE, PLASTIC in 1 BOX (69607-1970-1)  / 120 TABLET, COATED in 1 BOTTLE, PLASTIC","Anti-Inflammatory Agents,  Non-Steroidal [CS],  Cyclooxygenase Inhibitors [MoA],  Histamine H1 Receptor Antagonists [MoA],  Histamine-1 Receptor Antagonist [EPC],  Nonsteroidal Anti-inflammatory Drug [EPC]","N/A","No","12/31/2026"
"Childrens Allergy","76281-505-24","12.5 mg/5mL","LIQUID","ORAL","M012","AptaPharma Inc.","76281-505","DIPHENHYDRAMINE HYDROCHLORIDE","DIPHENHYDRAMINE HYDROCHLORIDE","HUMAN OTC DRUG","09/30/2020","N/A","OTC MONOGRAPH DRUG","118 mL in 1 BOTTLE (76281-505-24)","Histamine H1 Receptor Antagonists [MoA],  Histamine-1 Receptor Antagonist [EPC]","N/A","No","12/31/2026"
"Daytime Cough Congestion Nighttime Cold Cough","82673-901-08","N/A","KIT","N/A","M012","KinderFarms, LLC","82673-901","Dextromethorphan HBr, Guaifenesin, Diphenhydramine HCl","N/A","HUMAN OTC DRUG","05/30/2024","N/A","OTC MONOGRAPH DRUG","1 KIT in 1 KIT (82673-901-08)  *  1 BOTTLE, PLASTIC in 1 BOX (82673-102-04)  / 118 mL in 1 BOTTLE, PLASTIC *  1 BOTTLE, PLASTIC in 1 BOX (82673-191-04)  / 118 mL in 1 BOTTLE, PLASTIC","N/A","N/A","No","12/31/2026"
"Diphenhydramine Hydrochloride","85766-253-25","50 mg/mL","INJECTION","INTRAMUSCULAR,  INTRAVENOUS","ANDA080817","Sportpharm LLC","85766-253","diphenhydramine hydrochloride","DIPHENHYDRAMINE HYDROCHLORIDE","HUMAN PRESCRIPTION DRUG","07/23/2026","N/A","ANDA","25 VIAL in 1 PACKAGE (85766-253-25)  / 1 mL in 1 VIAL (85766-253-01)","Histamine H1 Receptor Antagonists [MoA],  Histamine-1 Receptor Antagonist [EPC]","N/A","No","12/31/2027"
"Severe Cold and Cough Nighttime","67091-323-06","650 mg/1,  25 mg/1,  10 mg/1","POWDER, FOR SOLUTION","ORAL","M012","WinCo Foods, LLC","67091-323","ACETAMINOPHEN, DIPHENHYDRAMINE, PHENYLEPHRINE","ACETAMINOPHEN,  DIPHENHYDRAMINE HYDROCHLORIDE,  PHENYLEPHRINE HYDROCHLORIDE","HUMAN OTC DRUG","08/01/2018","N/A","OTC MONOGRAPH DRUG","6 PACKET in 1 CARTON (67091-323-06)  / 1 POWDER, FOR SOLUTION in 1 PACKET","Adrenergic alpha1-Agonists [MoA],  Histamine H1 Receptor Antagonists [MoA],  Histamine-1 Receptor Antagonist [EPC],  alpha-1 Adrenergic Agonist [EPC]","N/A","No","12/31/2027"
"Daytime Mucus Relief Severe Congestion and Cough and Nighttime Cold and Flu Maximum Strength","0363-0862-12","N/A","KIT","N/A","M012","Walgreens","0363-0862","Dextromethorphan HBr, Guaifenesin, Phenylephrine HCI, Acetaminophen, Diphenhydramine HCI","N/A","HUMAN OTC DRUG","07/31/2015","12/28/2026","OTC MONOGRAPH DRUG","1 KIT in 1 KIT (0363-0862-12)  *  177 mL in 1 BOTTLE, PLASTIC (0363-0337-06)  *  177 mL in 1 BOTTLE, PLASTIC (0363-0460-06)","N/A","N/A","No","N/A"
"Acetaminophen PM Extra Strength","69842-956-31","500 mg/1,  25 mg/1","TABLET, COATED","ORAL","M013","CVS PHARMACY","69842-956","Acetaminophen, Diphenhydramine HCl","ACETAMINOPHEN,  DIPHENHYDRAMINE HYDROCHLORIDE","HUMAN OTC DRUG","12/17/2007","N/A","OTC MONOGRAPH DRUG","80 TABLET, COATED in 1 BOTTLE, PLASTIC (69842-956-31)","Histamine H1 Receptor Antagonists [MoA],  Histamine-1 Receptor Antagonist [EPC]","N/A","No","12/31/2027"
"Allergy Relief Dye Free","79903-057-24","25 mg/1","CAPSULE, LIQUID FILLED","ORAL","M012","Wal-Mart Stores Inc","79903-057","Diphenhydramine HCl","DIPHENHYDRAMINE HYDROCHLORIDE","HUMAN OTC DRUG","01/28/2021","10/31/2027","OTC MONOGRAPH DRUG","2 BLISTER PACK in 1 CARTON (79903-057-24)  / 12 CAPSULE, LIQUID FILLED in 1 BLISTER PACK","Histamine H1 Receptor Antagonists [MoA],  Histamine-1 Receptor Antagonist [EPC]","N/A","No","N/A"
"WALMART DAYTIME AND NIGHTTIME MS SEVERE RELIEF VALUE PACK","79903-350-12","N/A","KIT","N/A","M012","WAL-MART STORES INC","79903-350","Acetaminophen, Dextromethorphan HBr, Diphenhydramine HCl","N/A","HUMAN OTC DRUG","02/02/2026","N/A","OTC MONOGRAPH DRUG","1 KIT in 1 CARTON (79903-350-12)  *  6 PACKET in 1 CARTON (79903-436-06)  / 1 POWDER, FOR SOLUTION in 1 PACKET *  6 PACKET in 1 CARTON (79903-439-06)  / 1 POWDER, FOR SOLUTION in 1 PACKET","N/A","N/A","No","12/31/2027"
"equate ibuprofen pm","49035-699-27","38 mg/1,  200 mg/1","TABLET, FILM COATED","ORAL","ANDA079113","Wal-Mart Stores Inc","49035-699","diphenhydramine citrate, ibuprofen","DIPHENHYDRAMINE CITRATE,  IBUPROFEN","HUMAN OTC DRUG","04/15/2009","N/A","ANDA","1 BOTTLE in 1 CARTON (49035-699-27)  / 80 TABLET, FILM COATED in 1 BOTTLE","Anti-Inflammatory Agents,  Non-Steroidal [CS],  Cyclooxygenase Inhibitors [MoA],  Histamine H1 Receptor Antagonists [MoA],  Histamine-1 Receptor Antagonist [EPC],  Nonsteroidal Anti-inflammatory Drug [EPC]","N/A","No","12/31/2026"
"equate ibuprofen pm","49035-699-60","38 mg/1,  200 mg/1","TABLET, FILM COATED","ORAL","ANDA079113","Wal-Mart Stores Inc","49035-699","diphenhydramine citrate, ibuprofen","DIPHENHYDRAMINE CITRATE,  IBUPROFEN","HUMAN OTC DRUG","04/15/2009","N/A","ANDA","1 BOTTLE in 1 CARTON (49035-699-60)  / 20 TABLET, FILM COATED in 1 BOTTLE","Anti-Inflammatory Agents,  Non-Steroidal [CS],  Cyclooxygenase Inhibitors [MoA],  Histamine H1 Receptor Antagonists [MoA],  Histamine-1 Receptor Antagonist [EPC],  Nonsteroidal Anti-inflammatory Drug [EPC]","N/A","No","12/31/2026"
"Benadryl","50580-370-01","N/A","KIT","N/A","M012","Kenvue Brands LLC","50580-370","diphenhydramine hydrochloride","N/A","HUMAN OTC DRUG","06/12/2017","N/A","OTC MONOGRAPH DRUG","1 KIT in 1 PACKAGE (50580-370-01)  *  1 BOTTLE in 1 CARTON / 100 TABLET, FILM COATED in 1 BOTTLE *  4 BLISTER PACK in 1 CARTON / 12 TABLET, FILM COATED in 1 BLISTER PACK","N/A","N/A","No","12/31/2026"
"Pain Reliever PM","51316-863-50","500 mg/1,  25 mg/1","TABLET, COATED","ORAL","M012","CVS PHARMACY, INC","51316-863","Acetaminophen, Diphenhydramine HCL","ACETAMINOPHEN,  DIPHENHYDRAMINE HYDROCHLORIDE","HUMAN OTC DRUG","09/15/2024","N/A","OTC MONOGRAPH DRUG","500 TABLET, COATED in 1 BOTTLE, PLASTIC (51316-863-50)","Histamine H1 Receptor Antagonists [MoA],  Histamine-1 Receptor Antagonist [EPC]","N/A","No","12/31/2026"
"Nighttime Sleep-Aid","53041-633-58","50 mg/30mL","LIQUID","ORAL","part338","Guardian Drug Company","53041-633","Diphenhydramine HCl","DIPHENHYDRAMINE HYDROCHLORIDE","HUMAN OTC DRUG","01/11/2024","N/A","OTC MONOGRAPH DRUG","177 mL in 1 BOTTLE (53041-633-58)","Histamine H1 Receptor Antagonists [MoA],  Histamine-1 Receptor Antagonist [EPC]","N/A","No","12/31/2026"
"Sleep-Aid Chewables Nighttime","69842-958-44","25 mg/1","TABLET, CHEWABLE","ORAL","M010","CVS PHARMACY","69842-958","Diphenhydramine HCl","DIPHENHYDRAMINE HYDROCHLORIDE","HUMAN OTC DRUG","07/31/2018","08/31/2026","OTC MONOGRAPH DRUG","3 BLISTER PACK in 1 CARTON (69842-958-44)  / 6 TABLET, CHEWABLE in 1 BLISTER PACK","Histamine H1 Receptor Antagonists [MoA],  Histamine-1 Receptor Antagonist [EPC]","N/A","No","N/A"
"Pain Relief Acetaminophen PM Extra Strength","11822-2350-2","500 mg/1,  25 mg/1","TABLET, FILM COATED","ORAL","M013","Rite Aid Corporation","11822-2350","Acetaminophen and Diphenhydramine HCl","ACETAMINOPHEN,  DIPHENHYDRAMINE HYDROCHLORIDE","HUMAN OTC DRUG","05/15/1994","N/A","OTC MONOGRAPH DRUG","1 BOTTLE, PLASTIC in 1 CARTON (11822-2350-2)  / 100 TABLET, FILM COATED in 1 BOTTLE, PLASTIC","Histamine H1 Receptor Antagonists [MoA],  Histamine-1 Receptor Antagonist [EPC]","N/A","No","12/31/2027"
"Pain Relief Acetaminophen PM Extra Strength","11822-2350-5","500 mg/1,  25 mg/1","TABLET, FILM COATED","ORAL","M013","Rite Aid Corporation","11822-2350","Acetaminophen and Diphenhydramine HCl","ACETAMINOPHEN,  DIPHENHYDRAMINE HYDROCHLORIDE","HUMAN OTC DRUG","05/15/1994","N/A","OTC MONOGRAPH DRUG","1 BOTTLE, PLASTIC in 1 CARTON (11822-2350-5)  / 50 TABLET, FILM COATED in 1 BOTTLE, PLASTIC","Histamine H1 Receptor Antagonists [MoA],  Histamine-1 Receptor Antagonist [EPC]","N/A","No","12/31/2027"
"Pain Relief Acetaminophen PM Extra Strength","11822-2350-7","500 mg/1,  25 mg/1","TABLET, FILM COATED","ORAL","M013","Rite Aid Corporation","11822-2350","Acetaminophen and Diphenhydramine HCl","ACETAMINOPHEN,  DIPHENHYDRAMINE HYDROCHLORIDE","HUMAN OTC DRUG","05/15/1994","N/A","OTC MONOGRAPH DRUG","300 TABLET, FILM COATED in 1 BOTTLE, PLASTIC (11822-2350-7)","Histamine H1 Receptor Antagonists [MoA],  Histamine-1 Receptor Antagonist [EPC]","N/A","No","12/31/2027"
"Pain Relief Acetaminophen PM Extra Strength","11822-2350-8","500 mg/1,  25 mg/1","TABLET, FILM COATED","ORAL","M013","Rite Aid Corporation","11822-2350","Acetaminophen and Diphenhydramine HCl","ACETAMINOPHEN,  DIPHENHYDRAMINE HYDROCHLORIDE","HUMAN OTC DRUG","04/03/2023","N/A","OTC MONOGRAPH DRUG","1 BOTTLE, PLASTIC in 1 CARTON (11822-2350-8)  / 24 TABLET, FILM COATED in 1 BOTTLE, PLASTIC","Histamine H1 Receptor Antagonists [MoA],  Histamine-1 Receptor Antagonist [EPC]","N/A","No","12/31/2027"
"Pain Relief Acetaminophen PM Extra Strength","11822-2350-9","500 mg/1,  25 mg/1","TABLET, FILM COATED","ORAL","M013","Rite Aid Corporation","11822-2350","Acetaminophen and Diphenhydramine HCl","ACETAMINOPHEN,  DIPHENHYDRAMINE HYDROCHLORIDE","HUMAN OTC DRUG","03/16/2023","N/A","OTC MONOGRAPH DRUG","1 BOTTLE, PLASTIC in 1 CARTON (11822-2350-9)  / 150 TABLET, FILM COATED in 1 BOTTLE, PLASTIC","Histamine H1 Receptor Antagonists [MoA],  Histamine-1 Receptor Antagonist [EPC]","N/A","No","12/31/2027"
"Diphenhydramine Hydrochloride and Zinc Acetate","51672-2089-2","20 mg/g,  1 mg/g","CREAM","TOPICAL","M017","Sun Pharmaceutical Industries, Inc.","51672-2089","Diphenhydramine Hydrochloride and Zinc Acetate","DIPHENHYDRAMINE HYDROCHLORIDE,  ZINC ACETATE","HUMAN OTC DRUG","09/20/2005","N/A","OTC MONOGRAPH DRUG","1 TUBE in 1 CARTON (51672-2089-2)  / 28.4 g in 1 TUBE","Copper Absorption Inhibitor [EPC],  Decreased Copper Ion Absorption [PE],  Histamine H1 Receptor Antagonists [MoA],  Histamine-1 Receptor Antagonist [EPC]","N/A","No","12/31/2026"
"Nighttime Sleep Aid","56062-091-01","25 mg/1","TABLET, COATED","ORAL","M010","PUBLIX SUPER MARKETS INC","56062-091","DIPHENHYDRAMINE HYDROCHLORIDE","DIPHENHYDRAMINE HYDROCHLORIDE","HUMAN OTC DRUG","11/25/2024","N/A","OTC MONOGRAPH DRUG","4 BLISTER PACK in 1 CARTON (56062-091-01)  / 6 TABLET, COATED in 1 BLISTER PACK","Histamine H1 Receptor Antagonists [MoA],  Histamine-1 Receptor Antagonist [EPC]","N/A","No","12/31/2026"
"Nighttime Sleep Aid","56062-091-03","25 mg/1","TABLET, COATED","ORAL","M010","PUBLIX SUPER MARKETS INC","56062-091","DIPHENHYDRAMINE HYDROCHLORIDE","DIPHENHYDRAMINE HYDROCHLORIDE","HUMAN OTC DRUG","11/25/2024","N/A","OTC MONOGRAPH DRUG","1 BOTTLE, PLASTIC in 1 CARTON (56062-091-03)  / 100 TABLET, COATED in 1 BOTTLE, PLASTIC","Histamine H1 Receptor Antagonists [MoA],  Histamine-1 Receptor Antagonist [EPC]","N/A","No","12/31/2026"
"good sense ibuprofen pm","0113-0050-58","38 mg/1,  200 mg/1","TABLET, FILM COATED","ORAL","ANDA079113","L. Perrigo Company","0113-0050","diphenhydramine citrate, ibuprofen","DIPHENHYDRAMINE CITRATE,  IBUPROFEN","HUMAN OTC DRUG","03/05/2009","N/A","ANDA","1 BOTTLE in 1 CARTON (0113-0050-58)  / 40 TABLET, FILM COATED in 1 BOTTLE","Anti-Inflammatory Agents,  Non-Steroidal [CS],  Cyclooxygenase Inhibitors [MoA],  Histamine H1 Receptor Antagonists [MoA],  Histamine-1 Receptor Antagonist [EPC],  Nonsteroidal Anti-inflammatory Drug [EPC]","N/A","No","12/31/2026"
"good sense ibuprofen pm","0113-0050-60","38 mg/1,  200 mg/1","TABLET, FILM COATED","ORAL","ANDA079113","L. Perrigo Company","0113-0050","diphenhydramine citrate, ibuprofen","DIPHENHYDRAMINE CITRATE,  IBUPROFEN","HUMAN OTC DRUG","05/07/2010","N/A","ANDA","1 BOTTLE in 1 CARTON (0113-0050-60)  / 20 TABLET, FILM COATED in 1 BOTTLE","Anti-Inflammatory Agents,  Non-Steroidal [CS],  Cyclooxygenase Inhibitors [MoA],  Histamine H1 Receptor Antagonists [MoA],  Histamine-1 Receptor Antagonist [EPC],  Nonsteroidal Anti-inflammatory Drug [EPC]","N/A","No","12/31/2026"
"Acetaminophen PM Extra Strength","41163-956-09","500 mg/1,  25 mg/1","TABLET, COATED","ORAL","M013","United Natural Foods, Inc. dba UNFI","41163-956","Acetaminophen, Diphenhydramine HCl","ACETAMINOPHEN,  DIPHENHYDRAMINE HYDROCHLORIDE","HUMAN OTC DRUG","12/17/2007","N/A","OTC MONOGRAPH DRUG","1 BOTTLE, PLASTIC in 1 CARTON (41163-956-09)  / 20 TABLET, COATED in 1 BOTTLE, PLASTIC","Histamine H1 Receptor Antagonists [MoA],  Histamine-1 Receptor Antagonist [EPC]","N/A","No","12/31/2027"
"DISCOUNT DRUG MART Childrens Allergy Chewable","53943-033-20","12.5 mg/1","TABLET, CHEWABLE","ORAL","M012","DISCOUNT DRUG MART","53943-033","Diphenhydramine HCl","DIPHENHYDRAMINE HYDROCHLORIDE","HUMAN OTC DRUG","05/19/2025","N/A","OTC MONOGRAPH DRUG","2 BLISTER PACK in 1 CARTON (53943-033-20)  / 10 TABLET, CHEWABLE in 1 BLISTER PACK","Histamine H1 Receptor Antagonists [MoA],  Histamine-1 Receptor Antagonist [EPC]","N/A","No","12/31/2026"
"Allergy Relief","29485-9285-2","25 mg/1","TABLET, FILM COATED","ORAL","M012","Lil' Drug Store Products, Inc.","29485-9285","Diphenhydramine HCl 25 mg","DIPHENHYDRAMINE HYDROCHLORIDE","HUMAN OTC DRUG","07/11/2016","06/24/2027","OTC MONOGRAPH DRUG","25 POUCH in 1 BOX (29485-9285-2)  / 2 TABLET, FILM COATED in 1 POUCH","Histamine H1 Receptor Antagonists [MoA],  Histamine-1 Receptor Antagonist [EPC]","N/A","No","N/A"
"Allergy Relief","29485-9285-3","25 mg/1","TABLET, FILM COATED","ORAL","M012","Lil' Drug Store Products, Inc.","29485-9285","Diphenhydramine HCl 25 mg","DIPHENHYDRAMINE HYDROCHLORIDE","HUMAN OTC DRUG","07/11/2016","06/24/2027","OTC MONOGRAPH DRUG","30 POUCH in 1 BOX (29485-9285-3)  / 2 TABLET, FILM COATED in 1 POUCH","Histamine H1 Receptor Antagonists [MoA],  Histamine-1 Receptor Antagonist [EPC]","N/A","No","N/A"
"Allergy Relief","29485-9285-4","25 mg/1","TABLET, FILM COATED","ORAL","M012","Lil' Drug Store Products, Inc.","29485-9285","Diphenhydramine HCl 25 mg","DIPHENHYDRAMINE HYDROCHLORIDE","HUMAN OTC DRUG","07/11/2016","06/24/2027","OTC MONOGRAPH DRUG","50 POUCH in 1 BOX (29485-9285-4)  / 2 TABLET, FILM COATED in 1 POUCH","Histamine H1 Receptor Antagonists [MoA],  Histamine-1 Receptor Antagonist [EPC]","N/A","No","N/A"
"DIPHENHYDRAMINE HYDROCHLORIDE","51662-1219-1","50 mg/mL","INJECTION","INTRAMUSCULAR,  INTRAVENOUS","ANDA080817","HF Acquisition Co. LLC, DBA Health First","51662-1219","DIPHENHYDRAMINE HYDROCHLORIDE","DIPHENHYDRAMINE HYDROCHLORIDE","HUMAN PRESCRIPTION DRUG","08/16/2018","N/A","ANDA","1 mL in 1 VIAL (51662-1219-1)","Histamine H1 Receptor Antagonists [MoA],  Histamine-1 Receptor Antagonist [EPC]","N/A","No","12/31/2026"
"DIPHENHYDRAMINE HYDROCHLORIDE","51662-1219-3","50 mg/mL","INJECTION","INTRAMUSCULAR,  INTRAVENOUS","ANDA080817","HF Acquisition Co. LLC, DBA Health First","51662-1219","DIPHENHYDRAMINE HYDROCHLORIDE","DIPHENHYDRAMINE HYDROCHLORIDE","HUMAN PRESCRIPTION DRUG","06/15/2020","N/A","ANDA","25 POUCH in 1 CASE (51662-1219-3)  / 1 mL in 1 POUCH (51662-1219-2)","Histamine H1 Receptor Antagonists [MoA],  Histamine-1 Receptor Antagonist [EPC]","N/A","No","12/31/2026"
"Severe Allergy And Sinus Headache Maximum Strength","59779-543-09","325 mg/1,  25 mg/1,  5 mg/1","TABLET, FILM COATED","ORAL","M012","CVS Pharmacy","59779-543","Acetaminophen, Diphenhydramine HCl, Phenylephrine HCl","ACETAMINOPHEN,  DIPHENHYDRAMINE HYDROCHLORIDE,  PHENYLEPHRINE HYDROCHLORIDE","HUMAN OTC DRUG","06/27/2007","03/31/2028","OTC MONOGRAPH DRUG","2 BLISTER PACK in 1 CARTON (59779-543-09)  / 10 TABLET, FILM COATED in 1 BLISTER PACK","Adrenergic alpha1-Agonists [MoA],  Histamine H1 Receptor Antagonists [MoA],  Histamine-1 Receptor Antagonist [EPC],  alpha-1 Adrenergic Agonist [EPC]","N/A","No","N/A"
"Theraflu Severe Cold Relief Nighttime Soft Chews","0067-0112-01","325 mg/1,  12.5 mg/1","TABLET, CHEWABLE","ORAL","M012","Haleon US Holdings LLC","0067-0112","Acetaminophen, Diphenhydramine HCl","ACETAMINOPHEN,  DIPHENHYDRAMINE HYDROCHLORIDE","HUMAN OTC DRUG","09/30/2024","N/A","OTC MONOGRAPH DRUG","20 TABLET, CHEWABLE in 1 BOTTLE (0067-0112-01)","Histamine H1 Receptor Antagonists [MoA],  Histamine-1 Receptor Antagonist [EPC]","N/A","No","12/31/2026"
"Theraflu Severe Cold Relief Daytime and Theraflu Severe Cold Relief Nighttime","0067-6804-02","N/A","KIT","N/A","M012","Haleon US Holdings LLC","0067-6804","Acetaminophen, Dextromethorphan HBr, Phenylephrine HCl, Diphenhydramine HCl","N/A","HUMAN OTC DRUG","01/20/2023","N/A","OTC MONOGRAPH DRUG","1 KIT in 1 PACKAGE, COMBINATION (0067-6804-02)  *  6 PACKET in 1 CARTON (0067-6802-02)  / 237 mL in 1 PACKET *  6 PACKET in 1 CARTON (0067-6803-02)  / 237 mL in 1 PACKET","N/A","N/A","No","12/31/2026"
"Childrens Allergy Relief Dye Free Bubble Gum","81522-293-04","12.5 mg/5mL","LIQUID","ORAL","M012","FSA Store Inc. (Caring Mills)","81522-293","Diphenhydramine Hydrochloride","DIPHENHYDRAMINE HYDROCHLORIDE","HUMAN OTC DRUG","04/18/2022","N/A","OTC MONOGRAPH DRUG","1 BOTTLE, PLASTIC in 1 CARTON (81522-293-04)  / 118 mL in 1 BOTTLE, PLASTIC","Histamine H1 Receptor Antagonists [MoA],  Histamine-1 Receptor Antagonist [EPC]","N/A","No","12/31/2026"
"Sinus Relief Daytime Nighttime","30142-616-09","N/A","KIT","N/A","M012","Kroger Company","30142-616","Acetaminophen, Diphenhydramine HCl, Guaifenesin, Phenylephrine HCl","N/A","HUMAN OTC DRUG","06/01/2021","03/31/2027","OTC MONOGRAPH DRUG","1 KIT in 1 CARTON (30142-616-09)  *  12 TABLET, FILM COATED in 1 BLISTER PACK *  8 TABLET, FILM COATED in 1 BLISTER PACK","N/A","N/A","No","N/A"
"allergy","42507-379-26","12.5 mg/5mL","SOLUTION","ORAL","M012","HyVee Inc","42507-379","Diphenhydramine HCl","DIPHENHYDRAMINE HYDROCHLORIDE","HUMAN OTC DRUG","11/11/1992","N/A","OTC MONOGRAPH DRUG","1 BOTTLE in 1 CARTON (42507-379-26)  / 118 mL in 1 BOTTLE (42507-379-00)","Histamine H1 Receptor Antagonists [MoA],  Histamine-1 Receptor Antagonist [EPC]","N/A","No","12/31/2027"
"Ibuprofen PM","0363-0050-27","38 mg/1,  200 mg/1","TABLET, FILM COATED","ORAL","ANDA079113","Walgreen Company","0363-0050","diphenhydramine citrate, ibuprofen","DIPHENHYDRAMINE CITRATE,  IBUPROFEN","HUMAN OTC DRUG","02/19/2009","N/A","ANDA","1 BOTTLE in 1 CARTON (0363-0050-27)  / 80 TABLET, FILM COATED in 1 BOTTLE","Anti-Inflammatory Agents,  Non-Steroidal [CS],  Cyclooxygenase Inhibitors [MoA],  Histamine H1 Receptor Antagonists [MoA],  Histamine-1 Receptor Antagonist [EPC],  Nonsteroidal Anti-inflammatory Drug [EPC]","N/A","No","12/31/2026"
"Ibuprofen PM","0363-0050-58","38 mg/1,  200 mg/1","TABLET, FILM COATED","ORAL","ANDA079113","Walgreen Company","0363-0050","diphenhydramine citrate, ibuprofen","DIPHENHYDRAMINE CITRATE,  IBUPROFEN","HUMAN OTC DRUG","07/12/2013","N/A","ANDA","1 BOTTLE in 1 CARTON (0363-0050-58)  / 40 TABLET, FILM COATED in 1 BOTTLE","Anti-Inflammatory Agents,  Non-Steroidal [CS],  Cyclooxygenase Inhibitors [MoA],  Histamine H1 Receptor Antagonists [MoA],  Histamine-1 Receptor Antagonist [EPC],  Nonsteroidal Anti-inflammatory Drug [EPC]","N/A","No","12/31/2026"
"Ibuprofen PM","0363-0050-60","38 mg/1,  200 mg/1","TABLET, FILM COATED","ORAL","ANDA079113","Walgreen Company","0363-0050","diphenhydramine citrate, ibuprofen","DIPHENHYDRAMINE CITRATE,  IBUPROFEN","HUMAN OTC DRUG","02/19/2009","N/A","ANDA","1 BOTTLE in 1 CARTON (0363-0050-60)  / 20 TABLET, FILM COATED in 1 BOTTLE","Anti-Inflammatory Agents,  Non-Steroidal [CS],  Cyclooxygenase Inhibitors [MoA],  Histamine H1 Receptor Antagonists [MoA],  Histamine-1 Receptor Antagonist [EPC],  Nonsteroidal Anti-inflammatory Drug [EPC]","N/A","No","12/31/2026"
"Ibuprofen PM","0363-0050-76","38 mg/1,  200 mg/1","TABLET, FILM COATED","ORAL","ANDA079113","Walgreen Company","0363-0050","diphenhydramine citrate, ibuprofen","DIPHENHYDRAMINE CITRATE,  IBUPROFEN","HUMAN OTC DRUG","01/07/2016","N/A","ANDA","1 BOTTLE in 1 CARTON (0363-0050-76)  / 120 TABLET, FILM COATED in 1 BOTTLE","Anti-Inflammatory Agents,  Non-Steroidal [CS],  Cyclooxygenase Inhibitors [MoA],  Histamine H1 Receptor Antagonists [MoA],  Histamine-1 Receptor Antagonist [EPC],  Nonsteroidal Anti-inflammatory Drug [EPC]","N/A","No","12/31/2026"
"Ibuprofen PM","0363-0050-82","38 mg/1,  200 mg/1","TABLET, FILM COATED","ORAL","ANDA079113","Walgreen Company","0363-0050","diphenhydramine citrate, ibuprofen","DIPHENHYDRAMINE CITRATE,  IBUPROFEN","HUMAN OTC DRUG","09/21/2017","N/A","ANDA","200 TABLET, FILM COATED in 1 BOTTLE (0363-0050-82)","Anti-Inflammatory Agents,  Non-Steroidal [CS],  Cyclooxygenase Inhibitors [MoA],  Histamine H1 Receptor Antagonists [MoA],  Histamine-1 Receptor Antagonist [EPC],  Nonsteroidal Anti-inflammatory Drug [EPC]","N/A","No","12/31/2026"
"DIPHENHYDRAMINE HYDROCHLORIDE","35916-0435-1","25 mg/1","CAPSULE, LIQUID FILLED","ORAL","M012","SOFTGEL HEALTHCARE PRIVATE LIMITED","35916-0435","DIPHENHYDRAMINE HYDROCHLORIDE","DIPHENHYDRAMINE HYDROCHLORIDE","HUMAN OTC DRUG","08/07/2023","N/A","OTC MONOGRAPH DRUG","3 CAPSULE, LIQUID FILLED in 1 CARTON (35916-0435-1)","Histamine H1 Receptor Antagonists [MoA],  Histamine-1 Receptor Antagonist [EPC]","N/A","No","12/31/2027"
"DIPHENHYDRAMINE HYDROCHLORIDE","35916-0435-3","25 mg/1","CAPSULE, LIQUID FILLED","ORAL","M012","SOFTGEL HEALTHCARE PRIVATE LIMITED","35916-0435","DIPHENHYDRAMINE HYDROCHLORIDE","DIPHENHYDRAMINE HYDROCHLORIDE","HUMAN OTC DRUG","04/22/2025","N/A","OTC MONOGRAPH DRUG","1000 CAPSULE, LIQUID FILLED in 1 BAG (35916-0435-3)","Histamine H1 Receptor Antagonists [MoA],  Histamine-1 Receptor Antagonist [EPC]","N/A","No","12/31/2027"
"DIPHENHYDRAMINE HYDROCHLORIDE","35916-0435-4","25 mg/1","CAPSULE, LIQUID FILLED","ORAL","M012","SOFTGEL HEALTHCARE PRIVATE LIMITED","35916-0435","DIPHENHYDRAMINE HYDROCHLORIDE","DIPHENHYDRAMINE HYDROCHLORIDE","HUMAN OTC DRUG","06/11/2025","N/A","OTC MONOGRAPH DRUG","2 POUCH in 1 BOX (35916-0435-4)  / 3000 CAPSULE, LIQUID FILLED in 1 POUCH","Histamine H1 Receptor Antagonists [MoA],  Histamine-1 Receptor Antagonist [EPC]","N/A","No","12/31/2027"
"DIPHENHYDRAMINE HYDROCHLORIDE","35916-0435-5","25 mg/1","CAPSULE, LIQUID FILLED","ORAL","M012","SOFTGEL HEALTHCARE PRIVATE LIMITED","35916-0435","DIPHENHYDRAMINE HYDROCHLORIDE","DIPHENHYDRAMINE HYDROCHLORIDE","HUMAN OTC DRUG","01/24/2026","N/A","OTC MONOGRAPH DRUG","2 BAG in 1 BOX (35916-0435-5)  / 1500 CAPSULE, LIQUID FILLED in 1 BAG","Histamine H1 Receptor Antagonists [MoA],  Histamine-1 Receptor Antagonist [EPC]","N/A","No","12/31/2027"
"Good NeighborChildrens Allergy Relief Bubblegum flavor","46122-793-29","12.5 mg/5mL","LIQUID","ORAL","M012","AMERISOURCE BERGEN","46122-793","Diphenhydramine HCl","DIPHENHYDRAMINE HYDROCHLORIDE","HUMAN OTC DRUG","06/24/2024","N/A","OTC MONOGRAPH DRUG","1 BOTTLE, PLASTIC in 1 CARTON (46122-793-29)  / 118 mL in 1 BOTTLE, PLASTIC","Histamine H1 Receptor Antagonists [MoA],  Histamine-1 Receptor Antagonist [EPC]","N/A","No","12/31/2027"
"Diphenhydramine HCl","69842-537-11","25 mg/1","CAPSULE","ORAL","M010","CVS Pharmacy, Inc.","69842-537","Diphenhydramine HCl","DIPHENHYDRAMINE HYDROCHLORIDE","HUMAN OTC DRUG","06/22/2018","N/A","OTC MONOGRAPH DRUG","1 BOTTLE in 1 CARTON (69842-537-11)  / 60 CAPSULE in 1 BOTTLE","Histamine H1 Receptor Antagonists [MoA],  Histamine-1 Receptor Antagonist [EPC]","N/A","No","12/31/2026"
"Diphenhydramine HCl","69842-537-51","25 mg/1","CAPSULE","ORAL","M010","CVS Pharmacy, Inc.","69842-537","Diphenhydramine HCl","DIPHENHYDRAMINE HYDROCHLORIDE","HUMAN OTC DRUG","06/22/2018","N/A","OTC MONOGRAPH DRUG","365 CAPSULE in 1 BOTTLE (69842-537-51)","Histamine H1 Receptor Antagonists [MoA],  Histamine-1 Receptor Antagonist [EPC]","N/A","No","12/31/2026"
"up and up naproxen sodium pm","11673-687-27","25 mg/1,  220 mg/1","TABLET, FILM COATED","ORAL","ANDA208499","Target Corporation","11673-687","diphenhydramine hydrochloride, naproxen sodium","DIPHENHYDRAMINE HYDROCHLORIDE,  NAPROXEN SODIUM","HUMAN OTC DRUG","01/25/2022","N/A","ANDA","1 BOTTLE in 1 CARTON (11673-687-27)  / 80 TABLET, FILM COATED in 1 BOTTLE","Anti-Inflammatory Agents,  Non-Steroidal [CS],  Cyclooxygenase Inhibitors [MoA],  Histamine H1 Receptor Antagonists [MoA],  Histamine-1 Receptor Antagonist [EPC],  Nonsteroidal Anti-inflammatory Drug [EPC]","N/A","No","12/31/2026"
"Sleep Aid","49035-704-02","50 mg/30mL","SOLUTION","ORAL","M010","Wal-Mart Stores Inc","49035-704","Diphenhydramine HCl","DIPHENHYDRAMINE HYDROCHLORIDE","HUMAN OTC DRUG","03/18/2019","N/A","OTC MONOGRAPH DRUG","355 mL in 1 BOTTLE, PLASTIC (49035-704-02)","Histamine H1 Receptor Antagonists [MoA],  Histamine-1 Receptor Antagonist [EPC]","N/A","No","12/31/2027"
"Benadryl","66715-6506-2","25 mg/1","TABLET, FILM COATED","ORAL","M012","Lil' Drug Store Products, Inc.","66715-6506","Diphenhydramine Hydrochloride","DIPHENHYDRAMINE HYDROCHLORIDE","HUMAN OTC DRUG","05/06/2022","N/A","OTC MONOGRAPH DRUG","2 POUCH in 1 CARTON (66715-6506-2)  / 2 TABLET, FILM COATED in 1 POUCH","Histamine H1 Receptor Antagonists [MoA],  Histamine-1 Receptor Antagonist [EPC]","N/A","No","12/31/2026"
"Benadryl Extra Strength Itch Stopping","69968-0223-1","20 mg/g,  1 mg/g","CREAM","TOPICAL","M017","Kenvue Brands LLC","69968-0223","Diphenhydramine Hydrochloride and Zinc Acetate","DIPHENHYDRAMINE HYDROCHLORIDE,  ZINC ACETATE","HUMAN OTC DRUG","11/01/2009","N/A","OTC MONOGRAPH DRUG","1 TUBE in 1 CARTON (69968-0223-1)  / 28.3 g in 1 TUBE","Copper Absorption Inhibitor [EPC],  Decreased Copper Ion Absorption [PE],  Histamine H1 Receptor Antagonists [MoA],  Histamine-1 Receptor Antagonist [EPC]","N/A","No","12/31/2026"
"Benadryl Extra Strength Itch Stopping","69968-0223-2","20 mg/g,  1 mg/g","CREAM","TOPICAL","M017","Kenvue Brands LLC","69968-0223","Diphenhydramine Hydrochloride and Zinc Acetate","DIPHENHYDRAMINE HYDROCHLORIDE,  ZINC ACETATE","HUMAN OTC DRUG","11/01/2009","N/A","OTC MONOGRAPH DRUG","28.3 g in 1 TUBE (69968-0223-2)","Copper Absorption Inhibitor [EPC],  Decreased Copper Ion Absorption [PE],  Histamine H1 Receptor Antagonists [MoA],  Histamine-1 Receptor Antagonist [EPC]","N/A","No","12/31/2026"
"Nighttime Sleep-Aid Non-Habit Forming","76281-522-24","50 mg/30mL","LIQUID","ORAL","M017","AptaPharma Inc.","76281-522","Diphenhydramine HCI","DIPHENHYDRAMINE HYDROCHLORIDE","HUMAN OTC DRUG","01/01/2018","N/A","OTC MONOGRAPH DRUG","118 mL in 1 BOTTLE (76281-522-24)","Histamine H1 Receptor Antagonists [MoA],  Histamine-1 Receptor Antagonist [EPC]","N/A","No","12/31/2026"
"Nighttime Sleep-Aid Non-Habit Forming","76281-522-25","50 mg/30mL","LIQUID","ORAL","M017","AptaPharma Inc.","76281-522","Diphenhydramine HCI","DIPHENHYDRAMINE HYDROCHLORIDE","HUMAN OTC DRUG","01/01/2018","N/A","OTC MONOGRAPH DRUG","177 mL in 1 BOTTLE (76281-522-25)","Histamine H1 Receptor Antagonists [MoA],  Histamine-1 Receptor Antagonist [EPC]","N/A","No","12/31/2026"
"Nighttime Sleep-Aid Non-Habit Forming","76281-522-28","50 mg/30mL","LIQUID","ORAL","M017","AptaPharma Inc.","76281-522","Diphenhydramine HCI","DIPHENHYDRAMINE HYDROCHLORIDE","HUMAN OTC DRUG","01/01/2018","N/A","OTC MONOGRAPH DRUG","354 mL in 1 BOTTLE (76281-522-28)","Histamine H1 Receptor Antagonists [MoA],  Histamine-1 Receptor Antagonist [EPC]","N/A","No","12/31/2026"
"Equate Severe Cold Cough and Flu","79903-356-01","650 mg/1,  25 mg/1","POWDER, FOR SOLUTION","ORAL","M012","WALMART INC.","79903-356","acetaminophen, diphenhydramine hydrochloride","ACETAMINOPHEN,  DIPHENHYDRAMINE HYDROCHLORIDE","HUMAN OTC DRUG","06/16/2026","N/A","OTC MONOGRAPH DRUG","6 PACKET in 1 CARTON (79903-356-01)  / 1 POWDER, FOR SOLUTION in 1 PACKET","Histamine H1 Receptor Antagonists [MoA],  Histamine-1 Receptor Antagonist [EPC]","N/A","No","12/31/2027"
"Bite and Itch","11383-192-01","1 g/100mL,  2 g/100mL","LOTION","CUTANEOUS","M017","Weeks & Leo Co., Inc.","11383-192","Diphenhydramine Hydrochloride, Pramoxine Hydrochloride","PRAMOXINE HYDROCHLORIDE,  DIPHENHYDRAMINE HYDROCHLORIDE","HUMAN OTC DRUG","06/15/2015","N/A","OTC MONOGRAPH DRUG","1 BOTTLE in 1 CARTON (11383-192-01)  / 118 mL in 1 BOTTLE","Histamine H1 Receptor Antagonists [MoA],  Histamine-1 Receptor Antagonist [EPC]","N/A","No","12/31/2026"
"Bite and Itch","11383-192-04","1 g/100mL,  2 g/100mL","LOTION","CUTANEOUS","M017","Weeks & Leo Co., Inc.","11383-192","Diphenhydramine Hydrochloride, Pramoxine Hydrochloride","PRAMOXINE HYDROCHLORIDE,  DIPHENHYDRAMINE HYDROCHLORIDE","HUMAN OTC DRUG","06/15/2015","N/A","OTC MONOGRAPH DRUG","118 mL in 1 BOTTLE (11383-192-04)","Histamine H1 Receptor Antagonists [MoA],  Histamine-1 Receptor Antagonist [EPC]","N/A","No","12/31/2026"
"Anti-Itch","24385-210-03","20 mg/g,  1 mg/g","CREAM","TOPICAL","M017","Amerisource Bergen","24385-210","Diphenhydramine hydrochloride and Zinc acetate","DIPHENHYDRAMINE HYDROCHLORIDE,  ZINC ACETATE","HUMAN OTC DRUG","09/20/2005","N/A","OTC MONOGRAPH DRUG","1 TUBE in 1 CARTON (24385-210-03)  / 28.4 g in 1 TUBE","Copper Absorption Inhibitor [EPC],  Decreased Copper Ion Absorption [PE],  Histamine H1 Receptor Antagonists [MoA],  Histamine-1 Receptor Antagonist [EPC]","N/A","No","12/31/2026"
"Robitussin Maximum Strength Severe Multi-Symptom Cough Cold Flu Nighttime","0031-0101-04","650 mg/20mL,  25 mg/20mL","LIQUID","ORAL","M012","Haleon US Holdings LLC","0031-0101","acetaminophen, diphenhydramine hcl","ACETAMINOPHEN,  DIPHENHYDRAMINE HYDROCHLORIDE","HUMAN OTC DRUG","02/15/2024","N/A","OTC MONOGRAPH DRUG","1 BOTTLE in 1 CARTON (0031-0101-04)  / 118 mL in 1 BOTTLE","Histamine H1 Receptor Antagonists [MoA],  Histamine-1 Receptor Antagonist [EPC]","N/A","No","12/31/2026"
"Basic Care severe cold and cough","72288-964-91","650 mg/1,  25 mg/1,  10 mg/1","POWDER, FOR SOLUTION","ORAL","M012","Amazon.com Services LLC","72288-964","Acetaminophen, Diphenhydramine hydrochloride, Phenylephrine hydrochloride","ACETAMINOPHEN,  DIPHENHYDRAMINE HYDROCHLORIDE,  PHENYLEPHRINE HYDROCHLORIDE","HUMAN OTC DRUG","07/20/2021","N/A","OTC MONOGRAPH DRUG","6 PACKET in 1 CARTON (72288-964-91)  / 1 POWDER, FOR SOLUTION in 1 PACKET","Adrenergic alpha1-Agonists [MoA],  Histamine H1 Receptor Antagonists [MoA],  Histamine-1 Receptor Antagonist [EPC],  alpha-1 Adrenergic Agonist [EPC]","N/A","No","12/31/2026"
"IBUPROFEN, DIPHENHYDRAMINE HCL","11673-225-15","200 mg/1,  25 mg/1","CAPSULE, LIQUID FILLED","ORAL","ANDA090397","TARGET Corporation","11673-225","IBUPROFEN, DIPHENHYDRAMINE HCL","IBUPROFEN,  DIPHENHYDRAMINE HYDROCHLORIDE","HUMAN OTC DRUG","10/30/2019","N/A","ANDA","1 BOTTLE in 1 CARTON (11673-225-15)  / 40 CAPSULE, LIQUID FILLED in 1 BOTTLE","Anti-Inflammatory Agents,  Non-Steroidal [CS],  Cyclooxygenase Inhibitors [MoA],  Histamine H1 Receptor Antagonists [MoA],  Histamine-1 Receptor Antagonist [EPC],  Nonsteroidal Anti-inflammatory Drug [EPC]","N/A","No","12/31/2026"
"Sleep Aid","11673-360-32","50 mg/1","CAPSULE","ORAL","M010","TARGET Corporation","11673-360","Diphenhydramine HCl","DIPHENHYDRAMINE HYDROCHLORIDE","HUMAN OTC DRUG","08/01/2023","N/A","OTC MONOGRAPH DRUG","1 BOTTLE, PLASTIC in 1 BOX (11673-360-32)  / 32 CAPSULE in 1 BOTTLE, PLASTIC","Histamine H1 Receptor Antagonists [MoA],  Histamine-1 Receptor Antagonist [EPC]","N/A","No","12/31/2026"
"Sleep Aid","11673-360-60","50 mg/1","CAPSULE","ORAL","M010","TARGET Corporation","11673-360","Diphenhydramine HCl","DIPHENHYDRAMINE HYDROCHLORIDE","HUMAN OTC DRUG","08/01/2023","N/A","OTC MONOGRAPH DRUG","1 BOTTLE, PLASTIC in 1 BOX (11673-360-60)  / 60 CAPSULE in 1 BOTTLE, PLASTIC","Histamine H1 Receptor Antagonists [MoA],  Histamine-1 Receptor Antagonist [EPC]","N/A","No","12/31/2026"
"Diphenhydramine Hydrochloride","17714-023-50","50 mg/1","TABLET","ORAL","part341","Advance Pharmaceutical Inc.","17714-023","Diphenhydramine Hydrochloride","DIPHENHYDRAMINE HYDROCHLORIDE","HUMAN OTC DRUG","09/01/2012","N/A","OTC MONOGRAPH FINAL","50 TABLET in 1 BOTTLE (17714-023-50)","Histamine H1 Receptor Antagonists [MoA],  Histamine-1 Receptor Antagonist [EPC]","N/A","No","12/31/2026"
"Diphenhydramine hydrochloride","31722-601-31","25 mg/10mL","SOLUTION","ORAL","ANDA219470","Camber Pharmaceuticals, Inc.","31722-601","Diphenhydramine hydrochloride","DIPHENHYDRAMINE HYDROCHLORIDE","HUMAN PRESCRIPTION DRUG","06/17/2026","N/A","ANDA","10 CARTON in 1 BOX (31722-601-31)  / 10 CUP, UNIT-DOSE in 1 CARTON / 10 mL in 1 CUP, UNIT-DOSE","Histamine H1 Receptor Antagonists [MoA],  Histamine-1 Receptor Antagonist [EPC]","N/A","No","12/31/2027"
"acetaminophen pm extra strength","41163-515-01","500 mg/1,  25 mg/1","TABLET, COATED","ORAL","M013","United Natural Foods, Inc. dba UNFI","41163-515","Acetaminophen and Diphenhydramine Hydrochloride","ACETAMINOPHEN,  DIPHENHYDRAMINE HYDROCHLORIDE","HUMAN OTC DRUG","09/01/2014","N/A","OTC MONOGRAPH DRUG","1 BOTTLE, PLASTIC in 1 CARTON (41163-515-01)  / 24 TABLET, COATED in 1 BOTTLE, PLASTIC","Histamine H1 Receptor Antagonists [MoA],  Histamine-1 Receptor Antagonist [EPC]","N/A","No","12/31/2026"
"acetaminophen pm extra strength","41163-515-03","500 mg/1,  25 mg/1","TABLET, COATED","ORAL","M013","United Natural Foods, Inc. dba UNFI","41163-515","Acetaminophen and Diphenhydramine Hydrochloride","ACETAMINOPHEN,  DIPHENHYDRAMINE HYDROCHLORIDE","HUMAN OTC DRUG","09/01/2014","N/A","OTC MONOGRAPH DRUG","1 BOTTLE, PLASTIC in 1 CARTON (41163-515-03)  / 100 TABLET, COATED in 1 BOTTLE, PLASTIC","Histamine H1 Receptor Antagonists [MoA],  Histamine-1 Receptor Antagonist [EPC]","N/A","No","12/31/2026"
"Nighttime sleep aid Maximum Strength","63941-860-16","50 mg/1","CAPSULE, LIQUID FILLED","ORAL","M010","Best Choice (Valu Merchandisers Company)","63941-860","DIPHENHYDRAMINE HYDROCHLORIDE","DIPHENHYDRAMINE HYDROCHLORIDE","HUMAN OTC DRUG","09/30/2019","N/A","OTC MONOGRAPH DRUG","16 BLISTER PACK in 1 CARTON (63941-860-16)  / 1 CAPSULE, LIQUID FILLED in 1 BLISTER PACK","Histamine H1 Receptor Antagonists [MoA],  Histamine-1 Receptor Antagonist [EPC]","N/A","No","12/31/2026"
"Vicks PainQuil and Vicks PainQuil PM PAIN RELIEVER","69423-849-24","N/A","KIT","ORAL","M013","The Procter & Gamble Manufacturing Company","69423-849","Acetaminophen, Diphenhydramine HCl","N/A","HUMAN OTC DRUG","05/07/2024","N/A","OTC MONOGRAPH DRUG","1 KIT in 1 PACKAGE (69423-849-24)  *  354 mL in 1 BOTTLE *  354 mL in 1 BOTTLE *  354 mL in 1 BOTTLE (69423-833-12)  *  354 mL in 1 BOTTLE (69423-834-12)  *  354 mL in 1 BOTTLE (69423-834-12)","N/A","N/A","No","12/31/2026"
"Vicks PainQuil and Vicks PainQuil PM PAIN RELIEVER","69423-849-36","N/A","KIT","ORAL","M013","The Procter & Gamble Manufacturing Company","69423-849","Acetaminophen, Diphenhydramine HCl","N/A","HUMAN OTC DRUG","03/17/2025","N/A","OTC MONOGRAPH DRUG","1 KIT in 1 PACKAGE (69423-849-36)  *  354 mL in 1 BOTTLE *  354 mL in 1 BOTTLE *  354 mL in 1 BOTTLE (69423-833-12)  *  354 mL in 1 BOTTLE (69423-834-12)  *  354 mL in 1 BOTTLE (69423-834-12)","N/A","N/A","No","12/31/2026"
"GOOD REMEDIES Allergy Relief","70692-022-06","25 mg/1","TABLET","ORAL","M012","Strive Pharmaceuticals Inc.","70692-022","Diphenhydramine Hydrochloride","DIPHENHYDRAMINE HYDROCHLORIDE","HUMAN OTC DRUG","10/28/2024","N/A","OTC MONOGRAPH DRUG","1 BOTTLE in 1 CARTON (70692-022-06)  / 60 TABLET in 1 BOTTLE","Histamine H1 Receptor Antagonists [MoA],  Histamine-1 Receptor Antagonist [EPC]","N/A","No","12/31/2026"
"Sleep Aid","72090-020-10","25 mg/1","TABLET","ORAL","M010","Pioneer Life Sciences, LLC","72090-020","Diphenhydramine HCl 25 mg","DIPHENHYDRAMINE HYDROCHLORIDE","HUMAN OTC DRUG","06/29/2020","N/A","OTC MONOGRAPH DRUG","100 TABLET in 1 BOTTLE (72090-020-10)","Histamine H1 Receptor Antagonists [MoA],  Histamine-1 Receptor Antagonist [EPC]","N/A","No","12/31/2026"
"Diphenhydramine Hydrochloride","76045-102-10","50 mg/mL","INJECTION, SOLUTION","INTRAMUSCULAR,  INTRAVENOUS","ANDA091526","Fresenius Kabi USA, LLC","76045-102","Diphenhydramine Hydrochloride","DIPHENHYDRAMINE HYDROCHLORIDE","HUMAN PRESCRIPTION DRUG","03/26/2013","N/A","ANDA","24 BLISTER PACK in 1 CARTON (76045-102-10)  / 1 SYRINGE, GLASS in 1 BLISTER PACK (76045-102-00)  / 1 mL in 1 SYRINGE, GLASS","Histamine H1 Receptor Antagonists [MoA],  Histamine-1 Receptor Antagonist [EPC]","N/A","No","12/31/2026"
"Goodmeds Allergy Relief Diphenhydramine HCl","82725-4101-1","25 mg/1","TABLET","ORAL","M012","Cabinet Health P.B.C.","82725-4101","DIPHENHYDRAMINE HYDROCHLORIDE","DIPHENHYDRAMINE HYDROCHLORIDE","HUMAN OTC DRUG","02/01/2026","N/A","OTC MONOGRAPH DRUG","600 TABLET in 1 BOTTLE (82725-4101-1)","Histamine H1 Receptor Antagonists [MoA],  Histamine-1 Receptor Antagonist [EPC]","N/A","No","12/31/2027"
"Rite Aid Nighttime Sleep Aid Non Habit Forming","11822-7530-1","50 mg/30mL","LIQUID","ORAL","M010","RITE AID CORPORATION","11822-7530","DIPHENHYDRAMINE HYDROCHLORIDE","DIPHENHYDRAMINE HYDROCHLORIDE","HUMAN OTC DRUG","03/24/2021","N/A","OTC MONOGRAPH DRUG","354 mL in 1 BOTTLE, PLASTIC (11822-7530-1)","Histamine H1 Receptor Antagonists [MoA],  Histamine-1 Receptor Antagonist [EPC]","N/A","No","12/31/2026"
"Sleep Aid Nighttime","36800-784-96","50 mg/1","CAPSULE, LIQUID FILLED","ORAL","M010","TOPCO ASSOCIATES LLC","36800-784","Diphenhydramine Hydrochloride","DIPHENHYDRAMINE HYDROCHLORIDE","HUMAN OTC DRUG","05/01/2021","N/A","OTC MONOGRAPH DRUG","96 CAPSULE, LIQUID FILLED in 1 BOTTLE (36800-784-96)","Histamine H1 Receptor Antagonists [MoA],  Histamine-1 Receptor Antagonist [EPC]","N/A","No","12/31/2026"
"Sleep Aid","46122-651-62","25 mg/1","TABLET, FILM COATED","ORAL","M010","Amerisource Bergen","46122-651","Diphenhydramine HCl","DIPHENHYDRAMINE HYDROCHLORIDE","HUMAN OTC DRUG","07/29/2020","N/A","OTC MONOGRAPH DRUG","2 BLISTER PACK in 1 CARTON (46122-651-62)  / 12 TABLET, FILM COATED in 1 BLISTER PACK","Histamine H1 Receptor Antagonists [MoA],  Histamine-1 Receptor Antagonist [EPC]","N/A","No","12/31/2027"
"Sleep Aid","46122-651-78","25 mg/1","TABLET, FILM COATED","ORAL","M010","Amerisource Bergen","46122-651","Diphenhydramine HCl","DIPHENHYDRAMINE HYDROCHLORIDE","HUMAN OTC DRUG","07/29/2020","N/A","OTC MONOGRAPH DRUG","1 BOTTLE, PLASTIC in 1 CARTON (46122-651-78)  / 100 TABLET, FILM COATED in 1 BOTTLE, PLASTIC","Histamine H1 Receptor Antagonists [MoA],  Histamine-1 Receptor Antagonist [EPC]","N/A","No","12/31/2027"
"Allergy Childrens Allergy","55910-891-04","12.5 mg/5mL","LIQUID","ORAL","M012","Dolgencorp, Inc. (DOLLAR GENERAL & REXALL)","55910-891","Diphenhydramine Hydrochloride","DIPHENHYDRAMINE HYDROCHLORIDE","HUMAN OTC DRUG","03/31/2018","08/31/2027","OTC MONOGRAPH DRUG","1 BOTTLE, PLASTIC in 1 BOX (55910-891-04)  / 118 mL in 1 BOTTLE, PLASTIC","Histamine H1 Receptor Antagonists [MoA],  Histamine-1 Receptor Antagonist [EPC]","N/A","No","N/A"
"Diphenhydramine HCl Oral Solution","57237-318-11","25 mg/10mL","SOLUTION","ORAL","M009.50","Rising Pharma Holdings, Inc.","57237-318","Diphenhydramine HCl Oral","DIPHENHYDRAMINE HYDROCHLORIDE","HUMAN OTC DRUG","12/15/2023","N/A","OTC MONOGRAPH DRUG","100 CUP, UNIT-DOSE in 1 BOX, UNIT-DOSE (57237-318-11)  / 10 mL in 1 CUP, UNIT-DOSE (57237-318-01)","Histamine H1 Receptor Antagonists [MoA],  Histamine-1 Receptor Antagonist [EPC]","N/A","No","12/31/2026"
"ibuprofen pm","59779-050-27","38 mg/1,  200 mg/1","TABLET, FILM COATED","ORAL","ANDA079113","CVS Pharmacy","59779-050","diphenhydramine citrate and ibuprofen","DIPHENHYDRAMINE CITRATE,  IBUPROFEN","HUMAN OTC DRUG","02/17/2009","N/A","ANDA","1 BOTTLE in 1 CARTON (59779-050-27)  / 80 TABLET, FILM COATED in 1 BOTTLE","Anti-Inflammatory Agents,  Non-Steroidal [CS],  Cyclooxygenase Inhibitors [MoA],  Histamine H1 Receptor Antagonists [MoA],  Histamine-1 Receptor Antagonist [EPC],  Nonsteroidal Anti-inflammatory Drug [EPC]","N/A","No","12/31/2026"
"ibuprofen pm","59779-050-60","38 mg/1,  200 mg/1","TABLET, FILM COATED","ORAL","ANDA079113","CVS Pharmacy","59779-050","diphenhydramine citrate and ibuprofen","DIPHENHYDRAMINE CITRATE,  IBUPROFEN","HUMAN OTC DRUG","05/01/2009","N/A","ANDA","1 BOTTLE in 1 CARTON (59779-050-60)  / 20 TABLET, FILM COATED in 1 BOTTLE","Anti-Inflammatory Agents,  Non-Steroidal [CS],  Cyclooxygenase Inhibitors [MoA],  Histamine H1 Receptor Antagonists [MoA],  Histamine-1 Receptor Antagonist [EPC],  Nonsteroidal Anti-inflammatory Drug [EPC]","N/A","No","12/31/2026"
"ibuprofen pm","59779-050-76","38 mg/1,  200 mg/1","TABLET, FILM COATED","ORAL","ANDA079113","CVS Pharmacy","59779-050","diphenhydramine citrate and ibuprofen","DIPHENHYDRAMINE CITRATE,  IBUPROFEN","HUMAN OTC DRUG","04/27/2015","N/A","ANDA","1 BOTTLE in 1 CARTON (59779-050-76)  / 120 TABLET, FILM COATED in 1 BOTTLE","Anti-Inflammatory Agents,  Non-Steroidal [CS],  Cyclooxygenase Inhibitors [MoA],  Histamine H1 Receptor Antagonists [MoA],  Histamine-1 Receptor Antagonist [EPC],  Nonsteroidal Anti-inflammatory Drug [EPC]","N/A","No","12/31/2026"
"ibuprofen pm","59779-050-82","38 mg/1,  200 mg/1","TABLET, FILM COATED","ORAL","ANDA079113","CVS Pharmacy","59779-050","diphenhydramine citrate and ibuprofen","DIPHENHYDRAMINE CITRATE,  IBUPROFEN","HUMAN OTC DRUG","09/12/2017","N/A","ANDA","200 TABLET, FILM COATED in 1 BOTTLE (59779-050-82)","Anti-Inflammatory Agents,  Non-Steroidal [CS],  Cyclooxygenase Inhibitors [MoA],  Histamine H1 Receptor Antagonists [MoA],  Histamine-1 Receptor Antagonist [EPC],  Nonsteroidal Anti-inflammatory Drug [EPC]","N/A","No","12/31/2026"
"Childrens Allergy","69676-0074-9","12.5 mg/5mL","SOLUTION","ORAL","M012","Genexa Inc.","69676-0074","Diphenhydramine HCl","DIPHENHYDRAMINE HYDROCHLORIDE","HUMAN OTC DRUG","04/26/2022","N/A","OTC MONOGRAPH DRUG","1 BOTTLE, PLASTIC in 1 CARTON (69676-0074-9)  / 118 mL in 1 BOTTLE, PLASTIC","Histamine H1 Receptor Antagonists [MoA],  Histamine-1 Receptor Antagonist [EPC]","N/A","No","12/31/2026"
"CVS Extra Strength Itch Stopping","69842-321-28","20 mg/g,  1 mg/g","CREAM","TOPICAL","M017","CVS","69842-321","Diphenhydramine hydrochloride and Zinc acetate","DIPHENHYDRAMINE HYDROCHLORIDE,  ZINC ACETATE","HUMAN OTC DRUG","03/17/2014","N/A","OTC MONOGRAPH DRUG","1 TUBE in 1 CARTON (69842-321-28)  / 28 g in 1 TUBE","Copper Absorption Inhibitor [EPC],  Decreased Copper Ion Absorption [PE],  Histamine H1 Receptor Antagonists [MoA],  Histamine-1 Receptor Antagonist [EPC]","N/A","No","12/31/2026"
"CVS Extra Strength Itch Stopping","69842-321-56","20 mg/g,  1 mg/g","CREAM","TOPICAL","M017","CVS","69842-321","Diphenhydramine hydrochloride and Zinc acetate","DIPHENHYDRAMINE HYDROCHLORIDE,  ZINC ACETATE","HUMAN OTC DRUG","03/17/2014","N/A","OTC MONOGRAPH DRUG","1 TUBE in 1 CARTON (69842-321-56)  / 56 g in 1 TUBE","Copper Absorption Inhibitor [EPC],  Decreased Copper Ion Absorption [PE],  Histamine H1 Receptor Antagonists [MoA],  Histamine-1 Receptor Antagonist [EPC]","N/A","No","12/31/2026"
"GOOD REMEDIES Allergy Relief SOFTGEL","70692-078-22","25 mg/1","CAPSULE, LIQUID FILLED","ORAL","M012","Strive Pharmaceuticals Inc.","70692-078","Diphenhydramine hydrochloride","DIPHENHYDRAMINE HYDROCHLORIDE","HUMAN OTC DRUG","01/22/2025","N/A","OTC MONOGRAPH DRUG","1 BLISTER PACK in 1 CARTON (70692-078-22)  / 12 CAPSULE, LIQUID FILLED in 1 BLISTER PACK","Histamine H1 Receptor Antagonists [MoA],  Histamine-1 Receptor Antagonist [EPC]","N/A","No","12/31/2026"
"Allergy Relief","72090-021-60","25 mg/1","TABLET","ORAL","M012","Pioneer Life Sciences, LLC","72090-021","Diphenhydramine HCl 25 mg","DIPHENHYDRAMINE HYDROCHLORIDE","HUMAN OTC DRUG","06/29/2020","N/A","OTC MONOGRAPH DRUG","600 TABLET in 1 BOTTLE (72090-021-60)","Histamine H1 Receptor Antagonists [MoA],  Histamine-1 Receptor Antagonist [EPC]","N/A","No","12/31/2026"
"Theraflu Severe Cold Relief Combo Pack","0067-0122-01","N/A","KIT","N/A","M012","Haleon US Holdings LLC","0067-0122","acetaminophen, dextromethorphan hbr, diphenhydramine hcl","N/A","HUMAN OTC DRUG","04/15/2024","N/A","OTC MONOGRAPH DRUG","1 KIT in 1 PACKAGE, COMBINATION (0067-0122-01)  *  6 PACKET in 1 CARTON (0067-0100-06)  / 1 POWDER, FOR SOLUTION in 1 PACKET *  6 PACKET in 1 CARTON (0067-0101-06)  / 1 POWDER, FOR SOLUTION in 1 PACKET","N/A","N/A","No","12/31/2026"
"Sleep Aid Nighttime","21130-763-06","25 mg/1","TABLET, FILM COATED","ORAL","M010","Better Living Brands, LLC","21130-763","Diphenhydramine HCl","DIPHENHYDRAMINE HYDROCHLORIDE","HUMAN OTC DRUG","06/10/2000","N/A","OTC MONOGRAPH DRUG","1 BOTTLE in 1 CARTON (21130-763-06)  / 200 TABLET, FILM COATED in 1 BOTTLE","Histamine H1 Receptor Antagonists [MoA],  Histamine-1 Receptor Antagonist [EPC]","N/A","No","12/31/2027"
"Sleep Aid Nighttime","21130-763-08","25 mg/1","TABLET, FILM COATED","ORAL","M010","Better Living Brands, LLC","21130-763","Diphenhydramine HCl","DIPHENHYDRAMINE HYDROCHLORIDE","HUMAN OTC DRUG","06/10/2000","N/A","OTC MONOGRAPH DRUG","2 BLISTER PACK in 1 CARTON (21130-763-08)  / 12 TABLET, FILM COATED in 1 BLISTER PACK","Histamine H1 Receptor Antagonists [MoA],  Histamine-1 Receptor Antagonist [EPC]","N/A","No","12/31/2027"
"Sleep Aid Nighttime","21130-763-12","25 mg/1","TABLET, FILM COATED","ORAL","M010","Better Living Brands, LLC","21130-763","Diphenhydramine HCl","DIPHENHYDRAMINE HYDROCHLORIDE","HUMAN OTC DRUG","06/10/2000","N/A","OTC MONOGRAPH DRUG","1 BOTTLE, PLASTIC in 1 CARTON (21130-763-12)  / 100 TABLET, FILM COATED in 1 BOTTLE, PLASTIC","Histamine H1 Receptor Antagonists [MoA],  Histamine-1 Receptor Antagonist [EPC]","N/A","No","12/31/2027"
"Diphenhydramine HCl Oral Solution","57237-317-51","12.5 mg/5mL","SOLUTION","ORAL","M009.50","Rising Pharma Holdings, Inc.","57237-317","Diphenhydramine HCl Oral","DIPHENHYDRAMINE HYDROCHLORIDE","HUMAN OTC DRUG","12/15/2023","N/A","OTC MONOGRAPH DRUG","100 CUP, UNIT-DOSE in 1 BOX, UNIT-DOSE (57237-317-51)  / 5 mL in 1 CUP, UNIT-DOSE (57237-317-05)","Histamine H1 Receptor Antagonists [MoA],  Histamine-1 Receptor Antagonist [EPC]","N/A","No","12/31/2026"
"Itch Relief Cream","68016-163-01","2 g/100g,  .1 g/100g","CREAM","TOPICAL","M017","Pharmacy Value Alliance LLC","68016-163","Zinc Acetate 0.1%, Diphenhydramine hydrochloride 2%","DIPHENHYDRAMINE HYDROCHLORIDE,  ZINC ACETATE","HUMAN OTC DRUG","09/01/2016","N/A","OTC MONOGRAPH DRUG","1 TUBE in 1 BOX (68016-163-01)  / 28 g in 1 TUBE","Copper Absorption Inhibitor [EPC],  Decreased Copper Ion Absorption [PE],  Histamine H1 Receptor Antagonists [MoA],  Histamine-1 Receptor Antagonist [EPC]","N/A","No","12/31/2026"
"Allergy Relief","72090-021-10","25 mg/1","TABLET","ORAL","M012","Pioneer Life Sciences, LLC","72090-021","Diphenhydramine HCl 25 mg","DIPHENHYDRAMINE HYDROCHLORIDE","HUMAN OTC DRUG","05/13/2024","N/A","OTC MONOGRAPH DRUG","1000 TABLET in 1 BOTTLE (72090-021-10)","Histamine H1 Receptor Antagonists [MoA],  Histamine-1 Receptor Antagonist [EPC]","N/A","No","12/31/2026"
"DIPHENHYDRAMINE HYDROCHLORIDE","35916-0436-2","25 mg/1","CAPSULE, LIQUID FILLED","ORAL","M012","SOFTGEL HEALTHCARE PRIVATE LIMITED","35916-0436","DIPHENHYDRAMINE HYDROCHLORIDE","DIPHENHYDRAMINE HYDROCHLORIDE","HUMAN OTC DRUG","04/07/2025","N/A","OTC MONOGRAPH DRUG","1000 CAPSULE, LIQUID FILLED in 1 BAG (35916-0436-2)","Histamine H1 Receptor Antagonists [MoA],  Histamine-1 Receptor Antagonist [EPC]","N/A","No","12/31/2027"
"Benadryl Allergy Plus Congestion","50580-415-01","25 mg/1,  10 mg/1","TABLET, FILM COATED","ORAL","M012","Kenvue Brands LLC","50580-415","Diphenhydramine Hydrochloride and Phenylephrine Hydrochloride","DIPHENHYDRAMINE HYDROCHLORIDE,  PHENYLEPHRINE HYDROCHLORIDE","HUMAN OTC DRUG","06/19/2017","N/A","OTC MONOGRAPH DRUG","2 BLISTER PACK in 1 CARTON (50580-415-01)  / 12 TABLET, FILM COATED in 1 BLISTER PACK","Adrenergic alpha1-Agonists [MoA],  Histamine H1 Receptor Antagonists [MoA],  Histamine-1 Receptor Antagonist [EPC],  alpha-1 Adrenergic Agonist [EPC]","N/A","No","12/31/2026"
"Diphenhydramine HCl","68788-8274-1","12.5 mg/5mL","SOLUTION","ORAL","341","Preferred Pharmaceuticals Inc.","68788-8274","Diphenhydramine HCl","DIPHENHYDRAMINE HYDROCHLORIDE","HUMAN OTC DRUG","10/14/2022","04/29/2027","OTC MONOGRAPH DRUG","118 mL in 1 BOTTLE, PLASTIC (68788-8274-1)","Histamine H1 Receptor Antagonists [MoA],  Histamine-1 Receptor Antagonist [EPC]","N/A","No","N/A"
"Banophen","71335-0081-0","50 mg/1","CAPSULE","ORAL","M012","Bryant Ranch Prepack","71335-0081","diphenhydramine hcl","DIPHENHYDRAMINE HYDROCHLORIDE","HUMAN OTC DRUG","02/09/2022","01/31/2028","OTC MONOGRAPH DRUG","12 CAPSULE in 1 BOTTLE (71335-0081-0)","Histamine H1 Receptor Antagonists [MoA],  Histamine-1 Receptor Antagonist [EPC]","N/A","No","N/A"
"Banophen","71335-0081-1","50 mg/1","CAPSULE","ORAL","M012","Bryant Ranch Prepack","71335-0081","diphenhydramine hcl","DIPHENHYDRAMINE HYDROCHLORIDE","HUMAN OTC DRUG","05/18/2020","01/31/2028","OTC MONOGRAPH DRUG","15 CAPSULE in 1 BOTTLE (71335-0081-1)","Histamine H1 Receptor Antagonists [MoA],  Histamine-1 Receptor Antagonist [EPC]","N/A","No","N/A"
"Banophen","71335-0081-2","50 mg/1","CAPSULE","ORAL","M012","Bryant Ranch Prepack","71335-0081","diphenhydramine hcl","DIPHENHYDRAMINE HYDROCHLORIDE","HUMAN OTC DRUG","04/20/2018","01/31/2028","OTC MONOGRAPH DRUG","20 CAPSULE in 1 BOTTLE (71335-0081-2)","Histamine H1 Receptor Antagonists [MoA],  Histamine-1 Receptor Antagonist [EPC]","N/A","No","N/A"
"Banophen","71335-0081-3","50 mg/1","CAPSULE","ORAL","M012","Bryant Ranch Prepack","71335-0081","diphenhydramine hcl","DIPHENHYDRAMINE HYDROCHLORIDE","HUMAN OTC DRUG","08/15/2018","01/31/2028","OTC MONOGRAPH DRUG","30 CAPSULE in 1 BOTTLE (71335-0081-3)","Histamine H1 Receptor Antagonists [MoA],  Histamine-1 Receptor Antagonist [EPC]","N/A","No","N/A"
"Banophen","71335-0081-4","50 mg/1","CAPSULE","ORAL","M012","Bryant Ranch Prepack","71335-0081","diphenhydramine hcl","DIPHENHYDRAMINE HYDROCHLORIDE","HUMAN OTC DRUG","09/09/2019","01/31/2028","OTC MONOGRAPH DRUG","10 CAPSULE in 1 BOTTLE (71335-0081-4)","Histamine H1 Receptor Antagonists [MoA],  Histamine-1 Receptor Antagonist [EPC]","N/A","No","N/A"
"Banophen","71335-0081-5","50 mg/1","CAPSULE","ORAL","M012","Bryant Ranch Prepack","71335-0081","diphenhydramine hcl","DIPHENHYDRAMINE HYDROCHLORIDE","HUMAN OTC DRUG","08/07/2019","01/31/2028","OTC MONOGRAPH DRUG","6 CAPSULE in 1 BOTTLE (71335-0081-5)","Histamine H1 Receptor Antagonists [MoA],  Histamine-1 Receptor Antagonist [EPC]","N/A","No","N/A"
"Banophen","71335-0081-6","50 mg/1","CAPSULE","ORAL","M012","Bryant Ranch Prepack","71335-0081","diphenhydramine hcl","DIPHENHYDRAMINE HYDROCHLORIDE","HUMAN OTC DRUG","05/07/2018","01/31/2028","OTC MONOGRAPH DRUG","100 CAPSULE in 1 BOTTLE (71335-0081-6)","Histamine H1 Receptor Antagonists [MoA],  Histamine-1 Receptor Antagonist [EPC]","N/A","No","N/A"
"Banophen","71335-0081-7","50 mg/1","CAPSULE","ORAL","M012","Bryant Ranch Prepack","71335-0081","diphenhydramine hcl","DIPHENHYDRAMINE HYDROCHLORIDE","HUMAN OTC DRUG","02/09/2022","01/31/2028","OTC MONOGRAPH DRUG","90 CAPSULE in 1 BOTTLE (71335-0081-7)","Histamine H1 Receptor Antagonists [MoA],  Histamine-1 Receptor Antagonist [EPC]","N/A","No","N/A"
"Banophen","71335-0081-8","50 mg/1","CAPSULE","ORAL","M012","Bryant Ranch Prepack","71335-0081","diphenhydramine hcl","DIPHENHYDRAMINE HYDROCHLORIDE","HUMAN OTC DRUG","02/09/2022","01/31/2028","OTC MONOGRAPH DRUG","60 CAPSULE in 1 BOTTLE (71335-0081-8)","Histamine H1 Receptor Antagonists [MoA],  Histamine-1 Receptor Antagonist [EPC]","N/A","No","N/A"
"Banophen","71335-0081-9","50 mg/1","CAPSULE","ORAL","M012","Bryant Ranch Prepack","71335-0081","diphenhydramine hcl","DIPHENHYDRAMINE HYDROCHLORIDE","HUMAN OTC DRUG","02/09/2022","01/31/2028","OTC MONOGRAPH DRUG","2 CAPSULE in 1 BOTTLE (71335-0081-9)","Histamine H1 Receptor Antagonists [MoA],  Histamine-1 Receptor Antagonist [EPC]","N/A","No","N/A"
"Vicks PainQuil and Vicks PainQuil PM PAIN RELIEVER","84126-351-24","N/A","KIT","ORAL","M013","The Procter & Gamble Manufacturing Company","84126-351","Acetaminophen, Diphenhydramine HCl","N/A","HUMAN OTC DRUG","05/06/2025","N/A","OTC MONOGRAPH DRUG","1 KIT in 1 PACKAGE (84126-351-24)  *  354 mL in 1 BOTTLE (84126-349-12)  *  354 mL in 1 BOTTLE (84126-350-12)","N/A","N/A","No","12/31/2026"
"naproxen sodium pm","37808-264-27","25 mg/1,  220 mg/1","TABLET, FILM COATED","ORAL","ANDA208499","H E B","37808-264","diphenhydramine hydrochloride, naproxen sodium","DIPHENHYDRAMINE HYDROCHLORIDE,  NAPROXEN SODIUM","HUMAN OTC DRUG","10/13/2020","N/A","ANDA","1 BOTTLE in 1 CARTON (37808-264-27)  / 80 TABLET, FILM COATED in 1 BOTTLE","Anti-Inflammatory Agents,  Non-Steroidal [CS],  Cyclooxygenase Inhibitors [MoA],  Histamine H1 Receptor Antagonists [MoA],  Histamine-1 Receptor Antagonist [EPC],  Nonsteroidal Anti-inflammatory Drug [EPC]","N/A","No","12/31/2027"
"naproxen sodium pm","37808-264-60","25 mg/1,  220 mg/1","TABLET, FILM COATED","ORAL","ANDA208499","H E B","37808-264","diphenhydramine hydrochloride, naproxen sodium","DIPHENHYDRAMINE HYDROCHLORIDE,  NAPROXEN SODIUM","HUMAN OTC DRUG","10/13/2020","N/A","ANDA","1 BOTTLE in 1 CARTON (37808-264-60)  / 20 TABLET, FILM COATED in 1 BOTTLE","Anti-Inflammatory Agents,  Non-Steroidal [CS],  Cyclooxygenase Inhibitors [MoA],  Histamine H1 Receptor Antagonists [MoA],  Histamine-1 Receptor Antagonist [EPC],  Nonsteroidal Anti-inflammatory Drug [EPC]","N/A","No","12/31/2027"
"careone nighttime sleep aid","41520-431-62","25 mg/1","TABLET, FILM COATED","ORAL","M010","American Sales Company","41520-431","Diphenhydramine Hydrochloride","DIPHENHYDRAMINE HYDROCHLORIDE","HUMAN OTC DRUG","04/13/2004","N/A","OTC MONOGRAPH DRUG","12 BLISTER PACK in 1 CARTON (41520-431-62)  / 2 TABLET, FILM COATED in 1 BLISTER PACK","Histamine H1 Receptor Antagonists [MoA],  Histamine-1 Receptor Antagonist [EPC]","N/A","No","12/31/2026"
"careone nighttime sleep aid","41520-431-67","25 mg/1","TABLET, FILM COATED","ORAL","M010","American Sales Company","41520-431","Diphenhydramine Hydrochloride","DIPHENHYDRAMINE HYDROCHLORIDE","HUMAN OTC DRUG","08/08/2008","N/A","OTC MONOGRAPH DRUG","24 BLISTER PACK in 1 CARTON (41520-431-67)  / 2 TABLET, FILM COATED in 1 BLISTER PACK","Histamine H1 Receptor Antagonists [MoA],  Histamine-1 Receptor Antagonist [EPC]","N/A","No","12/31/2026"
"Extra Strength PM Pain Medicine","46122-799-69","500 mg/1,  25 mg/1","TABLET","ORAL","M013","Amerisource Bergen","46122-799","Acetaminophen, Diphenhydramine HCl","ACETAMINOPHEN,  DIPHENHYDRAMINE HYDROCHLORIDE","HUMAN OTC DRUG","10/01/2024","N/A","OTC MONOGRAPH DRUG","1 BOTTLE in 1 CARTON (46122-799-69)  / 50 TABLET in 1 BOTTLE","Histamine H1 Receptor Antagonists [MoA],  Histamine-1 Receptor Antagonist [EPC]","N/A","No","12/31/2026"
"Extra Strength PM Pain Medicine","46122-799-70","500 mg/1,  25 mg/1","TABLET","ORAL","M013","Amerisource Bergen","46122-799","Acetaminophen, Diphenhydramine HCl","ACETAMINOPHEN,  DIPHENHYDRAMINE HYDROCHLORIDE","HUMAN OTC DRUG","10/01/2024","N/A","OTC MONOGRAPH DRUG","100 TABLET in 1 BOTTLE (46122-799-70)","Histamine H1 Receptor Antagonists [MoA],  Histamine-1 Receptor Antagonist [EPC]","N/A","No","12/31/2026"
"Nighttime Sleep Aid","63941-219-01","25 mg/1","TABLET","ORAL","M010","VALU MERCHANDISERS COMPANY","63941-219","DIPHENHYDRAMINE HYDROCHLORIDE","DIPHENHYDRAMINE HYDROCHLORIDE","HUMAN OTC DRUG","01/19/2017","12/31/2027","OTC MONOGRAPH DRUG","4 BLISTER PACK in 1 CARTON (63941-219-01)  / 4 TABLET in 1 BLISTER PACK","Histamine H1 Receptor Antagonists [MoA],  Histamine-1 Receptor Antagonist [EPC]","N/A","No","N/A"
"Allergies MY CHILD NEEDS HELP WITH","73418-747-09","12.5 mg/1","TABLET, CHEWABLE","ORAL","M012","Unconditional Love","73418-747","Diphenhydramine HCl","DIPHENHYDRAMINE HYDROCHLORIDE","HUMAN OTC DRUG","10/25/2019","N/A","OTC MONOGRAPH DRUG","4 BLISTER PACK in 1 CARTON (73418-747-09)  / 5 TABLET, CHEWABLE in 1 BLISTER PACK","Histamine H1 Receptor Antagonists [MoA],  Histamine-1 Receptor Antagonist [EPC]","N/A","No","12/31/2026"
"DIPHENHYDRAMINE HYDROCHLORIDE","35916-0438-1","50 mg/1","CAPSULE, LIQUID FILLED","ORAL","M010","SOFTGEL HEALTHCARE PRIVATE LIMITED","35916-0438","DIPHENHYDRAMINE HYDROCHLORIDE","DIPHENHYDRAMINE HYDROCHLORIDE","HUMAN OTC DRUG","01/11/2024","N/A","OTC MONOGRAPH DRUG","100 CAPSULE, LIQUID FILLED in 1 BOTTLE (35916-0438-1)","Histamine H1 Receptor Antagonists [MoA],  Histamine-1 Receptor Antagonist [EPC]","N/A","No","12/31/2027"
"DIPHENHYDRAMINE HYDROCHLORIDE","35916-0438-3","50 mg/1","CAPSULE, LIQUID FILLED","ORAL","M010","SOFTGEL HEALTHCARE PRIVATE LIMITED","35916-0438","DIPHENHYDRAMINE HYDROCHLORIDE","DIPHENHYDRAMINE HYDROCHLORIDE","HUMAN OTC DRUG","03/01/2025","N/A","OTC MONOGRAPH DRUG","1000 CAPSULE, LIQUID FILLED in 1 BAG (35916-0438-3)","Histamine H1 Receptor Antagonists [MoA],  Histamine-1 Receptor Antagonist [EPC]","N/A","No","12/31/2027"
"DIPHENHYDRAMINE HYDROCHLORIDE","42571-511-56","50 mg/mL","INJECTION","INTRAMUSCULAR,  INTRAVENOUS","ANDA219845","Micro Labs Limited","42571-511","DIPHENHYDRAMINE HYDROCHLORIDE","DIPHENHYDRAMINE HYDROCHLORIDE","HUMAN PRESCRIPTION DRUG","11/01/2025","N/A","ANDA","1 VIAL, GLASS in 1 CARTON (42571-511-56)  / 10 mL in 1 VIAL, GLASS","Histamine H1 Receptor Antagonists [MoA],  Histamine-1 Receptor Antagonist [EPC]","N/A","No","12/31/2026"
"Childrens Allergy Relief","59779-585-07","12.5 mg/1","TABLET, CHEWABLE","ORAL","M012","CVS Pharmacy","59779-585","Diphenhydramine HCl","DIPHENHYDRAMINE HYDROCHLORIDE","HUMAN OTC DRUG","03/20/2009","01/31/2028","OTC MONOGRAPH DRUG","6 BLISTER PACK in 1 CARTON (59779-585-07)  / 6 TABLET, CHEWABLE in 1 BLISTER PACK","Histamine H1 Receptor Antagonists [MoA],  Histamine-1 Receptor Antagonist [EPC]","N/A","No","N/A"
"Childrens Allergy Relief","59779-585-44","12.5 mg/1","TABLET, CHEWABLE","ORAL","M012","CVS Pharmacy","59779-585","Diphenhydramine HCl","DIPHENHYDRAMINE HYDROCHLORIDE","HUMAN OTC DRUG","03/20/2009","01/31/2028","OTC MONOGRAPH DRUG","3 BLISTER PACK in 1 CARTON (59779-585-44)  / 6 TABLET, CHEWABLE in 1 BLISTER PACK","Histamine H1 Receptor Antagonists [MoA],  Histamine-1 Receptor Antagonist [EPC]","N/A","No","N/A"
"Allergy Relief, 24-7 Lift by 7-Eleven","66715-6514-8","25 mg/1","TABLET, COATED","ORAL","M012","Lil' Drug Store products, Inc.","66715-6514","Diphenhydramine HCl 25mg","DIPHENHYDRAMINE HYDROCHLORIDE","HUMAN OTC DRUG","04/19/2022","N/A","OTC MONOGRAPH DRUG","2 BLISTER PACK in 1 CARTON (66715-6514-8)  / 12 TABLET, COATED in 1 BLISTER PACK","Histamine H1 Receptor Antagonists [MoA],  Histamine-1 Receptor Antagonist [EPC]","N/A","No","12/31/2026"
"Sleep Aid","67091-339-24","25 mg/1","TABLET, FILM COATED","ORAL","M010","WinCo Foods, LLC","67091-339","Diphenhydramine HCl","DIPHENHYDRAMINE HYDROCHLORIDE","HUMAN OTC DRUG","11/19/2019","N/A","OTC MONOGRAPH DRUG","2 BLISTER PACK in 1 CARTON (67091-339-24)  / 12 TABLET, FILM COATED in 1 BLISTER PACK","Histamine H1 Receptor Antagonists [MoA],  Histamine-1 Receptor Antagonist [EPC]","N/A","No","12/31/2026"
"Benadryl Extra Strength Itch Stopping","69968-0242-3","20 mg/mL","GEL","TOPICAL","M017","Kenvue Brands LLC","69968-0242","Diphenhydramine Hydrochloride","DIPHENHYDRAMINE HYDROCHLORIDE","HUMAN OTC DRUG","10/01/2013","N/A","OTC MONOGRAPH DRUG","103 mL in 1 TUBE (69968-0242-3)","Histamine H1 Receptor Antagonists [MoA],  Histamine-1 Receptor Antagonist [EPC]","N/A","No","12/31/2026"
"Sleep Aid","83324-151-32","50 mg/1","CAPSULE","ORAL","M010","QUALITY CHOICE (Chain Drug Marketing Association)","83324-151","Diphenhydramine HCl","DIPHENHYDRAMINE HYDROCHLORIDE","HUMAN OTC DRUG","07/31/2024","N/A","OTC MONOGRAPH DRUG","1 BOTTLE, PLASTIC in 1 BOX (83324-151-32)  / 32 CAPSULE in 1 BOTTLE, PLASTIC","Histamine H1 Receptor Antagonists [MoA],  Histamine-1 Receptor Antagonist [EPC]","N/A","No","12/31/2026"
"Vicks PainQuil PM PAIN RELIEVER plus NIGHTTIME SLEEP-AID","84126-350-12","50 mg/30mL,  1000 mg/30mL","LIQUID","ORAL","M010","The Procter & Gamble Manufacturing Company","84126-350","Acetaminophen, Diphenhydramine HCl","DIPHENHYDRAMINE HYDROCHLORIDE,  ACETAMINOPHEN","HUMAN OTC DRUG","05/06/2025","N/A","OTC MONOGRAPH DRUG","354 mL in 1 BOTTLE (84126-350-12)","Histamine H1 Receptor Antagonists [MoA],  Histamine-1 Receptor Antagonist [EPC]","N/A","No","12/31/2026"
"GOOD NEIGHBOR PHARMACY Childrens Allergy Relief","46122-798-51","12.5 mg/1","TABLET, CHEWABLE","ORAL","M012","AMERISOURCE BERGEN","46122-798","Diphenhydramine HCl","DIPHENHYDRAMINE HYDROCHLORIDE","HUMAN OTC DRUG","06/23/2025","N/A","OTC MONOGRAPH DRUG","2 BLISTER PACK in 1 CARTON (46122-798-51)  / 10 TABLET, CHEWABLE in 1 BLISTER PACK","Histamine H1 Receptor Antagonists [MoA],  Histamine-1 Receptor Antagonist [EPC]","N/A","No","12/31/2027"
"Pain Relief PM Extra Strength","63868-325-01","500 mg/1,  25 mg/1","TABLET, COATED","ORAL","M013","Chain Drug Marketing Association","63868-325","Acetaminophen and Diphenhydramine Hydrochloride","ACETAMINOPHEN,  DIPHENHYDRAMINE HYDROCHLORIDE","HUMAN OTC DRUG","11/08/2007","11/30/2026","OTC MONOGRAPH DRUG","100 TABLET, COATED in 1 BOTTLE, PLASTIC (63868-325-01)","Histamine H1 Receptor Antagonists [MoA],  Histamine-1 Receptor Antagonist [EPC]","N/A","No","N/A"
"Pain Relief PM Extra Strength","63868-325-50","500 mg/1,  25 mg/1","TABLET, COATED","ORAL","M013","Chain Drug Marketing Association","63868-325","Acetaminophen and Diphenhydramine Hydrochloride","ACETAMINOPHEN,  DIPHENHYDRAMINE HYDROCHLORIDE","HUMAN OTC DRUG","11/08/2007","11/30/2026","OTC MONOGRAPH DRUG","1 BOTTLE, PLASTIC in 1 CARTON (63868-325-50)  / 50 TABLET, COATED in 1 BOTTLE, PLASTIC","Histamine H1 Receptor Antagonists [MoA],  Histamine-1 Receptor Antagonist [EPC]","N/A","No","N/A"
"Pain Reliever PM Extra strength","0363-0863-10","500 mg/1,  25 mg/1","TABLET, COATED","ORAL","M012","Walgreens","0363-0863","Acetaminophen, Diphenhydramine HCL","ACETAMINOPHEN,  DIPHENHYDRAMINE HYDROCHLORIDE","HUMAN OTC DRUG","10/30/2019","12/28/2026","OTC MONOGRAPH DRUG","1 BOTTLE, PLASTIC in 1 BOX (0363-0863-10)  / 100 TABLET, COATED in 1 BOTTLE, PLASTIC","Histamine H1 Receptor Antagonists [MoA],  Histamine-1 Receptor Antagonist [EPC]","N/A","No","N/A"
"Pain Reliever PM Extra strength","0363-0863-15","500 mg/1,  25 mg/1","TABLET, COATED","ORAL","M012","Walgreens","0363-0863","Acetaminophen, Diphenhydramine HCL","ACETAMINOPHEN,  DIPHENHYDRAMINE HYDROCHLORIDE","HUMAN OTC DRUG","10/30/2019","12/28/2026","OTC MONOGRAPH DRUG","150 TABLET, COATED in 1 BOTTLE, PLASTIC (0363-0863-15)","Histamine H1 Receptor Antagonists [MoA],  Histamine-1 Receptor Antagonist [EPC]","N/A","No","N/A"
"Pain Reliever PM Extra strength","0363-0863-24","500 mg/1,  25 mg/1","TABLET, COATED","ORAL","M012","Walgreens","0363-0863","Acetaminophen, Diphenhydramine HCL","ACETAMINOPHEN,  DIPHENHYDRAMINE HYDROCHLORIDE","HUMAN OTC DRUG","10/30/2019","12/28/2026","OTC MONOGRAPH DRUG","1 BOTTLE, PLASTIC in 1 BOX (0363-0863-24)  / 24 TABLET, COATED in 1 BOTTLE, PLASTIC","Histamine H1 Receptor Antagonists [MoA],  Histamine-1 Receptor Antagonist [EPC]","N/A","No","N/A"
"Pain Reliever PM Extra strength","0363-0863-25","500 mg/1,  25 mg/1","TABLET, COATED","ORAL","M012","Walgreens","0363-0863","Acetaminophen, Diphenhydramine HCL","ACETAMINOPHEN,  DIPHENHYDRAMINE HYDROCHLORIDE","HUMAN OTC DRUG","10/30/2019","12/28/2026","OTC MONOGRAPH DRUG","250 TABLET, COATED in 1 BOTTLE, PLASTIC (0363-0863-25)","Histamine H1 Receptor Antagonists [MoA],  Histamine-1 Receptor Antagonist [EPC]","N/A","No","N/A"
"Pain Relief PM","42507-437-71","500 mg/1,  25 mg/1","TABLET, FILM COATED","ORAL","M013","HyVee Inc","42507-437","Acetaminophen, Diphenhydramine HCl","ACETAMINOPHEN,  DIPHENHYDRAMINE HYDROCHLORIDE","HUMAN OTC DRUG","11/19/1992","N/A","OTC MONOGRAPH DRUG","1 BOTTLE in 1 CARTON (42507-437-71)  / 50 TABLET, FILM COATED in 1 BOTTLE","Histamine H1 Receptor Antagonists [MoA],  Histamine-1 Receptor Antagonist [EPC]","N/A","No","12/31/2027"
"Tylenol PM Extra Strength, CVP HEALTH","66715-6517-2","500 mg/1,  25 mg/1","TABLET, FILM COATED","ORAL","M013","Lil' Drug Store Products, Inc.","66715-6517","Acetaminophen and Diphenhydramine Hydrochloride","ACETAMINOPHEN,  DIPHENHYDRAMINE HYDROCHLORIDE","HUMAN OTC DRUG","05/06/2022","N/A","OTC MONOGRAPH DRUG","2 POUCH in 1 CARTON (66715-6517-2)  / 2 TABLET, FILM COATED in 1 POUCH","Histamine H1 Receptor Antagonists [MoA],  Histamine-1 Receptor Antagonist [EPC]","N/A","No","12/31/2026"
"Allergy Relief","70000-0136-1","25 mg/1","TABLET, FILM COATED","ORAL","M012","Cardinal Health 110, LLC. DBA Leader","70000-0136","Diphenhydramine HCl","DIPHENHYDRAMINE HYDROCHLORIDE","HUMAN OTC DRUG","03/02/1990","N/A","OTC MONOGRAPH DRUG","2 BLISTER PACK in 1 CARTON (70000-0136-1)  / 12 TABLET, FILM COATED in 1 BLISTER PACK","Histamine H1 Receptor Antagonists [MoA],  Histamine-1 Receptor Antagonist [EPC]","N/A","No","12/31/2026"
"Allergy Relief","70000-0136-2","25 mg/1","TABLET, FILM COATED","ORAL","M012","Cardinal Health 110, LLC. DBA Leader","70000-0136","Diphenhydramine HCl","DIPHENHYDRAMINE HYDROCHLORIDE","HUMAN OTC DRUG","03/02/1990","N/A","OTC MONOGRAPH DRUG","4 BLISTER PACK in 1 CARTON (70000-0136-2)  / 12 TABLET, FILM COATED in 1 BLISTER PACK","Histamine H1 Receptor Antagonists [MoA],  Histamine-1 Receptor Antagonist [EPC]","N/A","No","12/31/2026"
"Allergy Relief","70000-0136-3","25 mg/1","TABLET, FILM COATED","ORAL","M012","Cardinal Health 110, LLC. DBA Leader","70000-0136","Diphenhydramine HCl","DIPHENHYDRAMINE HYDROCHLORIDE","HUMAN OTC DRUG","03/02/1990","N/A","OTC MONOGRAPH DRUG","1 BOTTLE, PLASTIC in 1 CARTON (70000-0136-3)  / 100 TABLET, FILM COATED in 1 BOTTLE, PLASTIC","Histamine H1 Receptor Antagonists [MoA],  Histamine-1 Receptor Antagonist [EPC]","N/A","No","12/31/2026"
"Theraflu Severe Cold Relief Combo Pack","0067-0123-01","N/A","KIT","N/A","M012","Haleon US Holdings LLC","0067-0123","acetaminophen, dextromethorphan hbr, diphenhydramine hcl","N/A","HUMAN OTC DRUG","06/01/2024","N/A","OTC MONOGRAPH DRUG","1 KIT in 1 PACKAGE, COMBINATION (0067-0123-01)  *  6 PACKET in 1 CARTON (0067-0100-06)  / 1 POWDER, FOR SOLUTION in 1 PACKET *  6 PACKET in 1 CARTON (0067-0101-06)  / 1 POWDER, FOR SOLUTION in 1 PACKET","N/A","N/A","No","12/31/2026"
"Diphenhydramine hydrochloride","35916-0472-1","50 mg/1","CAPSULE, LIQUID FILLED","ORAL","M010","Softgel Healthcare Pvt Ltd","35916-0472","Diphenhydramine hydrochloride","DIPHENHYDRAMINE HYDROCHLORIDE","HUMAN OTC DRUG","04/08/2025","N/A","OTC MONOGRAPH DRUG","1000 CAPSULE, LIQUID FILLED in 1 BAG (35916-0472-1)","Histamine H1 Receptor Antagonists [MoA],  Histamine-1 Receptor Antagonist [EPC]","N/A","No","12/31/2027"
"Diphenhydramine hydrochloride","35916-0472-2","50 mg/1","CAPSULE, LIQUID FILLED","ORAL","M010","Softgel Healthcare Pvt Ltd","35916-0472","Diphenhydramine hydrochloride","DIPHENHYDRAMINE HYDROCHLORIDE","HUMAN OTC DRUG","07/16/2025","N/A","OTC MONOGRAPH DRUG","2 POUCH in 1 BOX (35916-0472-2)  / 3000 CAPSULE, LIQUID FILLED in 1 POUCH","Histamine H1 Receptor Antagonists [MoA],  Histamine-1 Receptor Antagonist [EPC]","N/A","No","12/31/2027"
"Diphenhydramine hydrochloride","35916-0472-3","50 mg/1","CAPSULE, LIQUID FILLED","ORAL","M010","Softgel Healthcare Pvt Ltd","35916-0472","Diphenhydramine hydrochloride","DIPHENHYDRAMINE HYDROCHLORIDE","HUMAN OTC DRUG","01/24/2026","N/A","OTC MONOGRAPH DRUG","2 BAG in 1 BOX (35916-0472-3)  / 1500 CAPSULE, LIQUID FILLED in 1 BAG","Histamine H1 Receptor Antagonists [MoA],  Histamine-1 Receptor Antagonist [EPC]","N/A","No","12/31/2027"
"Pain Reliever PM Extra Strength","36800-466-10","500 mg/1,  25 mg/1","TABLET, COATED","ORAL","M013","TOP CARE (Topco Associates LLC)","36800-466","Acetaminophen, Diphenhydramine HCl","ACETAMINOPHEN,  DIPHENHYDRAMINE HYDROCHLORIDE","HUMAN OTC DRUG","11/05/2021","N/A","OTC MONOGRAPH DRUG","1 BOTTLE, PLASTIC in 1 BOX (36800-466-10)  / 100 TABLET, COATED in 1 BOTTLE, PLASTIC","Histamine H1 Receptor Antagonists [MoA],  Histamine-1 Receptor Antagonist [EPC]","N/A","No","12/31/2026"
"Pain Reliever PM Extra Strength","36800-466-50","500 mg/1,  25 mg/1","TABLET, COATED","ORAL","M013","TOP CARE (Topco Associates LLC)","36800-466","Acetaminophen, Diphenhydramine HCl","ACETAMINOPHEN,  DIPHENHYDRAMINE HYDROCHLORIDE","HUMAN OTC DRUG","11/05/2021","N/A","OTC MONOGRAPH DRUG","1 BOTTLE, PLASTIC in 1 BOX (36800-466-50)  / 50 TABLET, COATED in 1 BOTTLE, PLASTIC","Histamine H1 Receptor Antagonists [MoA],  Histamine-1 Receptor Antagonist [EPC]","N/A","No","12/31/2026"
"Anti-Itch Cream","41226-888-02","1 mg/g,  20 mg/g","CREAM","TOPICAL","M017","Kroger","41226-888","Diphenhydramine Hydrochloride, Zinc acetate","ZINC ACETATE,  DIPHENHYDRAMINE HYDROCHLORIDE","HUMAN OTC DRUG","11/15/2025","N/A","OTC MONOGRAPH DRUG","1 TUBE in 1 CARTON (41226-888-02)  / 28 g in 1 TUBE","Copper Absorption Inhibitor [EPC],  Decreased Copper Ion Absorption [PE],  Histamine H1 Receptor Antagonists [MoA],  Histamine-1 Receptor Antagonist [EPC]","N/A","No","12/31/2026"
"Aleve PM","0280-1200-01","25 mg/1,  220 mg/1","TABLET, FILM COATED","ORAL","NDA205352","Bayer HealthCare LLC.","0280-1200","DIPHENHYDRAMINE HYDROCHLORIDE and NAPROXEN SODIUM","DIPHENHYDRAMINE HYDROCHLORIDE,  NAPROXEN SODIUM","HUMAN OTC DRUG","09/09/2014","N/A","NDA","1 BOTTLE in 1 CARTON (0280-1200-01)  / 120 TABLET, FILM COATED in 1 BOTTLE","Anti-Inflammatory Agents,  Non-Steroidal [CS],  Cyclooxygenase Inhibitors [MoA],  Histamine H1 Receptor Antagonists [MoA],  Histamine-1 Receptor Antagonist [EPC],  Nonsteroidal Anti-inflammatory Drug [EPC]","N/A","No","12/31/2026"
"Aleve PM","0280-1200-02","25 mg/1,  220 mg/1","TABLET, FILM COATED","ORAL","NDA205352","Bayer HealthCare LLC.","0280-1200","DIPHENHYDRAMINE HYDROCHLORIDE and NAPROXEN SODIUM","DIPHENHYDRAMINE HYDROCHLORIDE,  NAPROXEN SODIUM","HUMAN OTC DRUG","09/09/2014","N/A","NDA","2 TABLET, FILM COATED in 1 POUCH (0280-1200-02)","Anti-Inflammatory Agents,  Non-Steroidal [CS],  Cyclooxygenase Inhibitors [MoA],  Histamine H1 Receptor Antagonists [MoA],  Histamine-1 Receptor Antagonist [EPC],  Nonsteroidal Anti-inflammatory Drug [EPC]","N/A","No","12/31/2026"
"Aleve PM","0280-1200-03","25 mg/1,  220 mg/1","TABLET, FILM COATED","ORAL","NDA205352","Bayer HealthCare LLC.","0280-1200","DIPHENHYDRAMINE HYDROCHLORIDE and NAPROXEN SODIUM","DIPHENHYDRAMINE HYDROCHLORIDE,  NAPROXEN SODIUM","HUMAN OTC DRUG","09/09/2014","N/A","NDA","160 TABLET, FILM COATED in 1 BOTTLE (0280-1200-03)","Anti-Inflammatory Agents,  Non-Steroidal [CS],  Cyclooxygenase Inhibitors [MoA],  Histamine H1 Receptor Antagonists [MoA],  Histamine-1 Receptor Antagonist [EPC],  Nonsteroidal Anti-inflammatory Drug [EPC]","N/A","No","12/31/2026"
"Aleve PM","0280-1200-04","25 mg/1,  220 mg/1","TABLET, FILM COATED","ORAL","NDA205352","Bayer HealthCare LLC.","0280-1200","DIPHENHYDRAMINE HYDROCHLORIDE and NAPROXEN SODIUM","DIPHENHYDRAMINE HYDROCHLORIDE,  NAPROXEN SODIUM","HUMAN OTC DRUG","09/09/2014","N/A","NDA","1 BOTTLE in 1 CARTON (0280-1200-04)  / 40 TABLET, FILM COATED in 1 BOTTLE","Anti-Inflammatory Agents,  Non-Steroidal [CS],  Cyclooxygenase Inhibitors [MoA],  Histamine H1 Receptor Antagonists [MoA],  Histamine-1 Receptor Antagonist [EPC],  Nonsteroidal Anti-inflammatory Drug [EPC]","N/A","No","12/31/2026"
"Aleve PM","0280-1200-05","25 mg/1,  220 mg/1","TABLET, FILM COATED","ORAL","NDA205352","Bayer HealthCare LLC.","0280-1200","DIPHENHYDRAMINE HYDROCHLORIDE and NAPROXEN SODIUM","DIPHENHYDRAMINE HYDROCHLORIDE,  NAPROXEN SODIUM","HUMAN OTC DRUG","09/09/2014","N/A","NDA","80 TABLET, FILM COATED in 1 BOTTLE (0280-1200-05)","Anti-Inflammatory Agents,  Non-Steroidal [CS],  Cyclooxygenase Inhibitors [MoA],  Histamine H1 Receptor Antagonists [MoA],  Histamine-1 Receptor Antagonist [EPC],  Nonsteroidal Anti-inflammatory Drug [EPC]","N/A","No","12/31/2026"
"Aleve PM","0280-1200-08","25 mg/1,  220 mg/1","TABLET, FILM COATED","ORAL","NDA205352","Bayer HealthCare LLC.","0280-1200","DIPHENHYDRAMINE HYDROCHLORIDE and NAPROXEN SODIUM","DIPHENHYDRAMINE HYDROCHLORIDE,  NAPROXEN SODIUM","HUMAN OTC DRUG","07/01/2021","N/A","NDA","1 BOTTLE in 1 CARTON (0280-1200-08)  / 250 TABLET, FILM COATED in 1 BOTTLE","Anti-Inflammatory Agents,  Non-Steroidal [CS],  Cyclooxygenase Inhibitors [MoA],  Histamine H1 Receptor Antagonists [MoA],  Histamine-1 Receptor Antagonist [EPC],  Nonsteroidal Anti-inflammatory Drug [EPC]","N/A","No","12/31/2026"
"Aleve PM","0280-1200-20","25 mg/1,  220 mg/1","TABLET, FILM COATED","ORAL","NDA205352","Bayer HealthCare LLC.","0280-1200","DIPHENHYDRAMINE HYDROCHLORIDE and NAPROXEN SODIUM","DIPHENHYDRAMINE HYDROCHLORIDE,  NAPROXEN SODIUM","HUMAN OTC DRUG","09/09/2014","N/A","NDA","1 BOTTLE in 1 CARTON (0280-1200-20)  / 20 TABLET, FILM COATED in 1 BOTTLE","Anti-Inflammatory Agents,  Non-Steroidal [CS],  Cyclooxygenase Inhibitors [MoA],  Histamine H1 Receptor Antagonists [MoA],  Histamine-1 Receptor Antagonist [EPC],  Nonsteroidal Anti-inflammatory Drug [EPC]","N/A","No","12/31/2026"
"Aleve PM","0280-1200-40","25 mg/1,  220 mg/1","TABLET, FILM COATED","ORAL","NDA205352","Bayer HealthCare LLC.","0280-1200","DIPHENHYDRAMINE HYDROCHLORIDE and NAPROXEN SODIUM","DIPHENHYDRAMINE HYDROCHLORIDE,  NAPROXEN SODIUM","HUMAN OTC DRUG","09/09/2014","N/A","NDA","1 BOTTLE in 1 CARTON (0280-1200-40)  / 40 TABLET, FILM COATED in 1 BOTTLE","Anti-Inflammatory Agents,  Non-Steroidal [CS],  Cyclooxygenase Inhibitors [MoA],  Histamine H1 Receptor Antagonists [MoA],  Histamine-1 Receptor Antagonist [EPC],  Nonsteroidal Anti-inflammatory Drug [EPC]","N/A","No","12/31/2026"
"Aleve PM","0280-1200-80","25 mg/1,  220 mg/1","TABLET, FILM COATED","ORAL","NDA205352","Bayer HealthCare LLC.","0280-1200","DIPHENHYDRAMINE HYDROCHLORIDE and NAPROXEN SODIUM","DIPHENHYDRAMINE HYDROCHLORIDE,  NAPROXEN SODIUM","HUMAN OTC DRUG","09/09/2014","N/A","NDA","1 BOTTLE in 1 CARTON (0280-1200-80)  / 80 TABLET, FILM COATED in 1 BOTTLE","Anti-Inflammatory Agents,  Non-Steroidal [CS],  Cyclooxygenase Inhibitors [MoA],  Histamine H1 Receptor Antagonists [MoA],  Histamine-1 Receptor Antagonist [EPC],  Nonsteroidal Anti-inflammatory Drug [EPC]","N/A","No","12/31/2026"
"DORMMY-LON","83164-000-01","25 mg/1","TABLET","ORAL","M010","Haendel Farma, S.A. de C.V.","83164-000","DIPHENHYDRAMINE HYDROCHLORIDE","DIPHENHYDRAMINE HYDROCHLORIDE","HUMAN OTC DRUG","01/04/2023","N/A","OTC MONOGRAPH DRUG","1 BOTTLE in 1 BOX (83164-000-01)  / 60 TABLET in 1 BOTTLE","Histamine H1 Receptor Antagonists [MoA],  Histamine-1 Receptor Antagonist [EPC]","N/A","No","12/31/2027"
"Allergy Relief Childrens","0904-7533-15","12.5 mg/5mL","SOLUTION","ORAL","M012","Major Pharmaceuticals","0904-7533","Diphenhydramine HCl","DIPHENHYDRAMINE HYDROCHLORIDE","HUMAN OTC DRUG","03/07/2025","N/A","OTC MONOGRAPH DRUG","473 mL in 1 BOTTLE, PLASTIC (0904-7533-15)","Histamine H1 Receptor Antagonists [MoA],  Histamine-1 Receptor Antagonist [EPC]","N/A","No","12/31/2027"
"Allergy Relief Childrens","0904-7533-20","12.5 mg/5mL","SOLUTION","ORAL","M012","Major Pharmaceuticals","0904-7533","Diphenhydramine HCl","DIPHENHYDRAMINE HYDROCHLORIDE","HUMAN OTC DRUG","03/07/2025","N/A","OTC MONOGRAPH DRUG","1 BOTTLE, PLASTIC in 1 CARTON (0904-7533-20)  / 118 mL in 1 BOTTLE, PLASTIC","Histamine H1 Receptor Antagonists [MoA],  Histamine-1 Receptor Antagonist [EPC]","N/A","No","12/31/2027"
"PHARBEDRYL","16103-347-08","50 mg/1","CAPSULE","ORAL","M010","Pharbest Pharmaceuticals, Inc.","16103-347","Diphenhydramine HCl","DIPHENHYDRAMINE HYDROCHLORIDE","HUMAN OTC DRUG","10/11/2006","N/A","OTC MONOGRAPH DRUG","100 CAPSULE in 1 BOTTLE, PLASTIC (16103-347-08)","Histamine H1 Receptor Antagonists [MoA],  Histamine-1 Receptor Antagonist [EPC]","N/A","No","12/31/2026"
"PHARBEDRYL","16103-347-11","50 mg/1","CAPSULE","ORAL","M010","Pharbest Pharmaceuticals, Inc.","16103-347","Diphenhydramine HCl","DIPHENHYDRAMINE HYDROCHLORIDE","HUMAN OTC DRUG","10/11/2006","N/A","OTC MONOGRAPH DRUG","1000 CAPSULE in 1 BOTTLE, PLASTIC (16103-347-11)","Histamine H1 Receptor Antagonists [MoA],  Histamine-1 Receptor Antagonist [EPC]","N/A","No","12/31/2026"
"DIPHENHYDRAMINE HYDROCHLORIDE","35916-0470-1","50 mg/1","CAPSULE, LIQUID FILLED","ORAL","M010","Softgel Healthcare Pvt Ltd","35916-0470","DIPHENHYDRAMINE HYDROCHLORIDE","DIPHENHYDRAMINE HYDROCHLORIDE","HUMAN OTC DRUG","04/22/2025","N/A","OTC MONOGRAPH DRUG","1000 CAPSULE, LIQUID FILLED in 1 BAG (35916-0470-1)","Histamine H1 Receptor Antagonists [MoA],  Histamine-1 Receptor Antagonist [EPC]","N/A","No","12/31/2027"
"Allergy","53943-090-01","25 mg/1","TABLET, COATED","ORAL","M012","Discount Drug Mart","53943-090","DIPHENHYDRAMINE HYDROCHLORIDE","DIPHENHYDRAMINE HYDROCHLORIDE","HUMAN OTC DRUG","11/30/2007","N/A","OTC MONOGRAPH DRUG","2 BLISTER PACK in 1 CARTON (53943-090-01)  / 12 TABLET, COATED in 1 BLISTER PACK","Histamine H1 Receptor Antagonists [MoA],  Histamine-1 Receptor Antagonist [EPC]","N/A","No","12/31/2026"
"Allergy","53943-090-03","25 mg/1","TABLET, COATED","ORAL","M012","Discount Drug Mart","53943-090","DIPHENHYDRAMINE HYDROCHLORIDE","DIPHENHYDRAMINE HYDROCHLORIDE","HUMAN OTC DRUG","11/30/2007","N/A","OTC MONOGRAPH DRUG","1 BOTTLE in 1 CARTON (53943-090-03)  / 100 TABLET, COATED in 1 BOTTLE","Histamine H1 Receptor Antagonists [MoA],  Histamine-1 Receptor Antagonist [EPC]","N/A","No","12/31/2026"
"Allergy","53943-090-05","25 mg/1","TABLET, COATED","ORAL","M012","Discount Drug Mart","53943-090","DIPHENHYDRAMINE HYDROCHLORIDE","DIPHENHYDRAMINE HYDROCHLORIDE","HUMAN OTC DRUG","09/30/2016","N/A","OTC MONOGRAPH DRUG","400 TABLET, COATED in 1 BOTTLE, PLASTIC (53943-090-05)","Histamine H1 Receptor Antagonists [MoA],  Histamine-1 Receptor Antagonist [EPC]","N/A","No","12/31/2026"
"Sleep Aid","55910-614-12","25 mg/1","TABLET, FILM COATED","ORAL","M010","DOLGENCORP, LLC","55910-614","Diphenhydramine HCl","DIPHENHYDRAMINE HYDROCHLORIDE","HUMAN OTC DRUG","07/10/2024","N/A","OTC MONOGRAPH DRUG","1 BOTTLE, PLASTIC in 1 CARTON (55910-614-12)  / 100 TABLET, FILM COATED in 1 BOTTLE, PLASTIC","Histamine H1 Receptor Antagonists [MoA],  Histamine-1 Receptor Antagonist [EPC]","N/A","No","12/31/2027"
"Pharbedryl","16103-348-08","25 mg/1","CAPSULE","ORAL","M010","Pharbest Pharmaceuticals, Inc.","16103-348","Diphenhydramine HCl","DIPHENHYDRAMINE HYDROCHLORIDE","HUMAN OTC DRUG","02/01/2016","N/A","OTC MONOGRAPH DRUG","1 BOTTLE, PLASTIC in 1 CARTON (16103-348-08)  / 100 CAPSULE in 1 BOTTLE, PLASTIC","Histamine H1 Receptor Antagonists [MoA],  Histamine-1 Receptor Antagonist [EPC]","N/A","No","12/31/2026"
"Pharbedryl","16103-348-11","25 mg/1","CAPSULE","ORAL","M010","Pharbest Pharmaceuticals, Inc.","16103-348","Diphenhydramine HCl","DIPHENHYDRAMINE HYDROCHLORIDE","HUMAN OTC DRUG","02/01/2016","N/A","OTC MONOGRAPH DRUG","1000 CAPSULE in 1 BOTTLE, PLASTIC (16103-348-11)","Histamine H1 Receptor Antagonists [MoA],  Histamine-1 Receptor Antagonist [EPC]","N/A","No","12/31/2026"
"DIPHENHYDRAMINE HYDROCHLORIDE","35916-0471-1","25 mg/1","CAPSULE, LIQUID FILLED","ORAL","M012","SOFTGEL HEALTHCARE PRIVATE LIMITED","35916-0471","DIPHENHYDRAMINE HYDROCHLORIDE","DIPHENHYDRAMINE HYDROCHLORIDE","HUMAN OTC DRUG","04/22/2025","N/A","OTC MONOGRAPH DRUG","1000 CAPSULE, LIQUID FILLED in 1 BAG (35916-0471-1)","Histamine H1 Receptor Antagonists [MoA],  Histamine-1 Receptor Antagonist [EPC]","N/A","No","12/31/2027"
"Unisom SleepMelts Nighttime Sleep-Aid","41167-0014-0","25 mg/1","TABLET, CHEWABLE","ORAL","M010","Chattem, Inc.","41167-0014","Diphenhydramine Hydrochloride","DIPHENHYDRAMINE HYDROCHLORIDE","HUMAN OTC DRUG","01/01/2008","N/A","OTC MONOGRAPH DRUG","3 BLISTER PACK in 1 CARTON (41167-0014-0)  / 8 TABLET, CHEWABLE in 1 BLISTER PACK","Histamine H1 Receptor Antagonists [MoA],  Histamine-1 Receptor Antagonist [EPC]","N/A","No","12/31/2027"
"GOODYS PM","63029-656-06","500 mg/1,  38 mg/1","POWDER","ORAL","M013","Medtech Products Inc.","63029-656","Acetaminophen and Diphenhydramine Citrate","ACETAMINOPHEN,  DIPHENHYDRAMINE CITRATE","HUMAN OTC DRUG","09/01/2013","N/A","OTC MONOGRAPH DRUG","6 POWDER in 1 CARTON (63029-656-06)","Histamine H1 Receptor Antagonists [MoA],  Histamine-1 Receptor Antagonist [EPC]","N/A","No","12/31/2026"
"GOODYS PM","63029-656-16","500 mg/1,  38 mg/1","POWDER","ORAL","M013","Medtech Products Inc.","63029-656","Acetaminophen and Diphenhydramine Citrate","ACETAMINOPHEN,  DIPHENHYDRAMINE CITRATE","HUMAN OTC DRUG","09/01/2013","N/A","OTC MONOGRAPH DRUG","16 POWDER in 1 CARTON (63029-656-16)","Histamine H1 Receptor Antagonists [MoA],  Histamine-1 Receptor Antagonist [EPC]","N/A","No","12/31/2026"
"NIGHTTIME SLEEP AID","79903-083-01","25 mg/1","CAPSULE, LIQUID FILLED","ORAL","M010","Wal-Mart Stores Inc","79903-083","DIPHENHYDRAMINE HYDROCHLORIDE","DIPHENHYDRAMINE HYDROCHLORIDE","HUMAN OTC DRUG","06/22/2021","07/31/2028","OTC MONOGRAPH DRUG","1 BLISTER PACK in 1 CARTON (79903-083-01)  / 12 CAPSULE, LIQUID FILLED in 1 BLISTER PACK","Histamine H1 Receptor Antagonists [MoA],  Histamine-1 Receptor Antagonist [EPC]","N/A","No","N/A"
"NIGHTTIME SLEEP AID","79903-083-02","25 mg/1","CAPSULE, LIQUID FILLED","ORAL","M010","Wal-Mart Stores Inc","79903-083","DIPHENHYDRAMINE HYDROCHLORIDE","DIPHENHYDRAMINE HYDROCHLORIDE","HUMAN OTC DRUG","06/22/2021","07/31/2028","OTC MONOGRAPH DRUG","2 BLISTER PACK in 1 CARTON (79903-083-02)  / 12 CAPSULE, LIQUID FILLED in 1 BLISTER PACK","Histamine H1 Receptor Antagonists [MoA],  Histamine-1 Receptor Antagonist [EPC]","N/A","No","N/A"
"GNP Extra Strength Anti-Itch Cream","46122-804-36",".1 g/100g,  2 g/100g","CREAM","TOPICAL","M017","Amerisource Bergen","46122-804","Diphenhydramine hydrochloride, Zinc acetate","ZINC ACETATE,  DIPHENHYDRAMINE HCL","HUMAN OTC DRUG","06/01/2025","N/A","OTC MONOGRAPH DRUG","1 TUBE in 1 CARTON (46122-804-36)  / 1 g in 1 TUBE","Copper Absorption Inhibitor [EPC],  Decreased Copper Ion Absorption [PE],  Histamine H1 Receptor Antagonists [MoA],  Histamine-1 Receptor Antagonist [EPC]","N/A","No","12/31/2026"
"Pain Reliever PM Extra Strength","50844-556-10","500 mg/1,  25 mg/1","TABLET, COATED","ORAL","M013","L.N.K. International, Inc.","50844-556","Acetaminophen, Diphenhydramine HCl","ACETAMINOPHEN,  DIPHENHYDRAMINE HYDROCHLORIDE","HUMAN OTC DRUG","12/17/2007","N/A","OTC MONOGRAPH DRUG","1 BOTTLE, PLASTIC in 1 CARTON (50844-556-10)  / 40 TABLET, COATED in 1 BOTTLE, PLASTIC","Histamine H1 Receptor Antagonists [MoA],  Histamine-1 Receptor Antagonist [EPC]","N/A","No","12/31/2026"
"good sense pain relief pm extra strength","63629-5880-1","500 mg/1,  25 mg/1","TABLET, FILM COATED","ORAL","M013","Bryant Ranch Prepack","63629-5880","Acetaminophen, Diphenhydramine HCl","ACETAMINOPHEN,  DIPHENHYDRAMINE HYDROCHLORIDE","HUMAN OTC DRUG","05/29/2025","N/A","OTC MONOGRAPH DRUG","14 TABLET, FILM COATED in 1 BOTTLE (63629-5880-1)","Histamine H1 Receptor Antagonists [MoA],  Histamine-1 Receptor Antagonist [EPC]","N/A","No","12/31/2026"
"PAIN RELIEVER PM Extra Strength","63941-231-50","500 mg/1,  25 mg/1","CAPSULE, GELATIN COATED","ORAL","M012","Best Choice (Valu Merchandisers Company)","63941-231","Acetaminophen, Diphenhydramine HCl","ACETAMINOPHEN,  DIPHENHYDRAMINE HYDROCHLORIDE","HUMAN OTC DRUG","03/08/2013","04/28/2027","OTC MONOGRAPH DRUG","1 BOTTLE, PLASTIC in 1 BOX (63941-231-50)  / 50 CAPSULE, GELATIN COATED in 1 BOTTLE, PLASTIC","Histamine H1 Receptor Antagonists [MoA],  Histamine-1 Receptor Antagonist [EPC]","N/A","No","N/A"
"WALGREENS Dye Free Chidrens Allergy Chews","0363-1201-20","12.5 mg/1","TABLET, CHEWABLE","ORAL","M012","WALGREENS CO.","0363-1201","Diphenhydramine HCl","DIPHENHYDRAMINE HYDROCHLORIDE","HUMAN OTC DRUG","06/09/2025","N/A","OTC MONOGRAPH DRUG","2 BLISTER PACK in 1 CARTON (0363-1201-20)  / 10 TABLET, CHEWABLE in 1 BLISTER PACK","Histamine H1 Receptor Antagonists [MoA],  Histamine-1 Receptor Antagonist [EPC]","N/A","No","12/31/2026"
"basic care naproxen sodium pm","72288-310-06","25 mg/1,  220 mg/1","TABLET, FILM COATED","ORAL","ANDA208499","Amazon.com Services LLC","72288-310","diphenhydramine hydrochloride, naproxen sodium","DIPHENHYDRAMINE HYDROCHLORIDE,  NAPROXEN SODIUM","HUMAN OTC DRUG","08/10/2021","N/A","ANDA","1 BOTTLE in 1 CARTON (72288-310-06)  / 160 TABLET, FILM COATED in 1 BOTTLE","Anti-Inflammatory Agents,  Non-Steroidal [CS],  Cyclooxygenase Inhibitors [MoA],  Histamine H1 Receptor Antagonists [MoA],  Histamine-1 Receptor Antagonist [EPC],  Nonsteroidal Anti-inflammatory Drug [EPC]","N/A","No","12/31/2026"
"Good Neighbor Pharmacy Childrens Allergy","24385-379-26","12.5 mg/5mL","SOLUTION","ORAL","M012","Amerisource Bergen","24385-379","Diphenhydramine Hydrochloride","DIPHENHYDRAMINE HYDROCHLORIDE","HUMAN OTC DRUG","08/15/1989","N/A","OTC MONOGRAPH DRUG","1 BOTTLE in 1 CARTON (24385-379-26)  / 118 mL in 1 BOTTLE","Histamine H1 Receptor Antagonists [MoA],  Histamine-1 Receptor Antagonist [EPC]","N/A","No","12/31/2026"
"childrens allergy","30142-651-26","12.5 mg/5mL","SOLUTION","ORAL","M012","Kroger Company","30142-651","diphenhydramine hydrochloride","DIPHENHYDRAMINE HYDROCHLORIDE","HUMAN OTC DRUG","06/17/2020","N/A","OTC MONOGRAPH DRUG","1 BOTTLE in 1 CARTON (30142-651-26)  / 118 mL in 1 BOTTLE","Histamine H1 Receptor Antagonists [MoA],  Histamine-1 Receptor Antagonist [EPC]","N/A","No","12/31/2026"
"childrens allergy","30142-651-34","12.5 mg/5mL","SOLUTION","ORAL","M012","Kroger Company","30142-651","diphenhydramine hydrochloride","DIPHENHYDRAMINE HYDROCHLORIDE","HUMAN OTC DRUG","06/17/2020","N/A","OTC MONOGRAPH DRUG","1 BOTTLE in 1 CARTON (30142-651-34)  / 237 mL in 1 BOTTLE","Histamine H1 Receptor Antagonists [MoA],  Histamine-1 Receptor Antagonist [EPC]","N/A","No","12/31/2026"
"CareOne Acetaminophen PM","41520-514-71","500 mg/1,  25 mg/1","TABLET, FILM COATED","ORAL","M013","American Sales Company","41520-514","Acetaminophen, Diphenhydramine HCl","ACETAMINOPHEN,  DIPHENHYDRAMINE HYDROCHLORIDE","HUMAN OTC DRUG","09/02/2016","N/A","OTC MONOGRAPH DRUG","1 BOTTLE in 1 CARTON (41520-514-71)  / 50 TABLET, FILM COATED in 1 BOTTLE","Histamine H1 Receptor Antagonists [MoA],  Histamine-1 Receptor Antagonist [EPC]","N/A","No","12/31/2027"
"CareOne Acetaminophen PM","41520-514-78","500 mg/1,  25 mg/1","TABLET, FILM COATED","ORAL","M013","American Sales Company","41520-514","Acetaminophen, Diphenhydramine HCl","ACETAMINOPHEN,  DIPHENHYDRAMINE HYDROCHLORIDE","HUMAN OTC DRUG","09/02/2016","N/A","OTC MONOGRAPH DRUG","1 BOTTLE in 1 CARTON (41520-514-78)  / 100 TABLET, FILM COATED in 1 BOTTLE","Histamine H1 Receptor Antagonists [MoA],  Histamine-1 Receptor Antagonist [EPC]","N/A","No","12/31/2027"
"Walgreens","0363-1500-01","N/A","KIT","ORAL","505G(a)(3)","Walgreen Co.","0363-1500","diphenhydramine hydrochloride, ibuprofen, hydrocortisone, bacitracin zinc, neomycin sulfate, polymyxin-B sulfate, lidocaine HCL, benzalkonium chloride, isopropyl alcohol, ethyl alcohol","N/A","HUMAN OTC DRUG","07/17/2024","N/A","OTC MONOGRAPH DRUG","1 KIT in 1 CASE (0363-1500-01)  *  .9 g in 1 POUCH (61010-5600-1)  *  .34 g in 1 POUCH (51142-445-21)  *  .9 g in 1 POUCH (61010-5800-1)  *  2 TABLET, COATED in 1 PACKET (47682-718-99)  *  .0019 L in 1 PACKET (61010-2017-0)  *  1 TABLET, FILM COATED in 1 PACKET (47682-167-46)  *  .9 g in 1 PACKET (61010-5701-3)","N/A","N/A","No","12/31/2027"
"Pain Relief PM Extra Strength","68998-071-03","500 mg/1,  25 mg/1","TABLET, COATED","ORAL","M013","MARC GLASSMAN, INC.","68998-071","Acetaminophen and Diphenhydramine Hydrochloride","ACETAMINOPHEN,  DIPHENHYDRAMINE HYDROCHLORIDE","HUMAN OTC DRUG","09/15/2022","N/A","OTC MONOGRAPH DRUG","1 BOTTLE, PLASTIC in 1 CARTON (68998-071-03)  / 80 TABLET, COATED in 1 BOTTLE, PLASTIC","Histamine H1 Receptor Antagonists [MoA],  Histamine-1 Receptor Antagonist [EPC]","N/A","No","12/31/2026"
"Diphenhydramine HCl 25 mg","69618-024-01","25 mg/1","CAPSULE","ORAL","M012","Reliable 1 Laboratories LLC","69618-024","Diphenhydramine HCl","DIPHENHYDRAMINE HYDROCHLORIDE","HUMAN OTC DRUG","11/01/2015","N/A","OTC MONOGRAPH DRUG","100 CAPSULE in 1 BOTTLE, PLASTIC (69618-024-01)","Histamine H1 Receptor Antagonists [MoA],  Histamine-1 Receptor Antagonist [EPC]","N/A","No","12/31/2026"
"Allergy Relief Childrens","79903-368-04","12.5 mg/5mL","SOLUTION","ORAL","M012","WALMART INC.","79903-368","Diphenhydramine HCl","DIPHENHYDRAMINE HYDROCHLORIDE","HUMAN OTC DRUG","06/19/2025","N/A","OTC MONOGRAPH DRUG","1 BOTTLE, PLASTIC in 1 CARTON (79903-368-04)  / 118 mL in 1 BOTTLE, PLASTIC","Histamine H1 Receptor Antagonists [MoA],  Histamine-1 Receptor Antagonist [EPC]","N/A","No","12/31/2027"
"Diphenhydramine Hydrochloride","50090-0878-0","50 mg/mL","INJECTION","INTRAMUSCULAR,  INTRAVENOUS","ANDA080817","A-S Medication Solutions","50090-0878","diphenhydramine hydrochloride","DIPHENHYDRAMINE HCL","HUMAN PRESCRIPTION DRUG","11/28/2014","N/A","ANDA","1 VIAL in 1 CARTON (50090-0878-0)  / 50 mL in 1 VIAL","Histamine H1 Receptor Antagonists [MoA],  Histamine-1 Receptor Antagonist [EPC]","N/A","No","12/31/2027"
"welby allergy relief","64024-479-78","25 mg/1","TABLET","ORAL","M012","Aldi Inc","64024-479","Diphenhydramine Hydrochloride","DIPHENHYDRAMINE HYDROCHLORIDE","HUMAN OTC DRUG","07/14/2017","N/A","OTC MONOGRAPH DRUG","1 BOTTLE in 1 CARTON (64024-479-78)  / 100 TABLET in 1 BOTTLE","Histamine H1 Receptor Antagonists [MoA],  Histamine-1 Receptor Antagonist [EPC]","N/A","No","12/31/2026"
"Diphenhydramine HCL 25 mg","69618-025-01","25 mg/1","TABLET","ORAL","M012","Reliable 1 Laboratories LLC","69618-025","Diphenhydramine HCL","DIPHENHYDRAMINE HYDROCHLORIDE","HUMAN OTC DRUG","11/01/2015","N/A","OTC MONOGRAPH DRUG","100 TABLET in 1 BOTTLE, PLASTIC (69618-025-01)","Histamine H1 Receptor Antagonists [MoA],  Histamine-1 Receptor Antagonist [EPC]","N/A","No","12/31/2026"
"Diphenhydramine Hydrochloride","69842-981-08","25 mg/1","TABLET, FILM COATED","ORAL","M010","CVS Pharmacy, Inc","69842-981","Diphenhydramine Hydrochloride","DIPHENHYDRAMINE HYDROCHLORIDE","HUMAN OTC DRUG","09/23/2020","N/A","OTC MONOGRAPH DRUG","1 BOTTLE in 1 CARTON (69842-981-08)  / 200 TABLET, FILM COATED in 1 BOTTLE","Histamine H1 Receptor Antagonists [MoA],  Histamine-1 Receptor Antagonist [EPC]","N/A","No","12/31/2026"
"Benadryl Extra Strength Itch Cooling","69968-0270-2","20 mg/mL,  1 mg/mL","SPRAY","TOPICAL","M017","Kenvue Brands LLC","69968-0270","Diphenhydramine Hydrochloride and Zinc Acetate","DIPHENHYDRAMINE HYDROCHLORIDE,  ZINC ACETATE","HUMAN OTC DRUG","04/01/2019","N/A","OTC MONOGRAPH DRUG","59 mL in 1 BOTTLE, SPRAY (69968-0270-2)","Copper Absorption Inhibitor [EPC],  Decreased Copper Ion Absorption [PE],  Histamine H1 Receptor Antagonists [MoA],  Histamine-1 Receptor Antagonist [EPC]","N/A","No","12/31/2026"
"Leader Ibuprofen PM","70000-0157-1","38 mg/1,  200 mg/1","TABLET, FILM COATED","ORAL","ANDA079113","Cardinal Health 110, LLC. dba Leader","70000-0157","diphenhydramine citrate, ibuprofen","DIPHENHYDRAMINE CITRATE,  IBUPROFEN","HUMAN OTC DRUG","11/23/2016","N/A","ANDA","1 BOTTLE in 1 CARTON (70000-0157-1)  / 40 TABLET, FILM COATED in 1 BOTTLE","Anti-Inflammatory Agents,  Non-Steroidal [CS],  Cyclooxygenase Inhibitors [MoA],  Histamine H1 Receptor Antagonists [MoA],  Histamine-1 Receptor Antagonist [EPC],  Nonsteroidal Anti-inflammatory Drug [EPC]","N/A","No","12/31/2026"
"Leader Ibuprofen PM","70000-0157-3","38 mg/1,  200 mg/1","TABLET, FILM COATED","ORAL","ANDA079113","Cardinal Health 110, LLC. dba Leader","70000-0157","diphenhydramine citrate, ibuprofen","DIPHENHYDRAMINE CITRATE,  IBUPROFEN","HUMAN OTC DRUG","11/21/2024","N/A","ANDA","1 BOTTLE in 1 CARTON (70000-0157-3)  / 20 TABLET, FILM COATED in 1 BOTTLE","Anti-Inflammatory Agents,  Non-Steroidal [CS],  Cyclooxygenase Inhibitors [MoA],  Histamine H1 Receptor Antagonists [MoA],  Histamine-1 Receptor Antagonist [EPC],  Nonsteroidal Anti-inflammatory Drug [EPC]","N/A","No","12/31/2026"
"Sleep Aid","49035-736-10","50 mg/1","CAPSULE","ORAL","M010","EQUATE (Wal-Mart Stores, Inc.) (see also WAL-MART INC)","49035-736","Diphenhydramine HCL","DIPHENHYDRAMINE HYDROCHLORIDE","HUMAN OTC DRUG","01/31/2020","N/A","OTC MONOGRAPH DRUG","100 CAPSULE in 1 BOTTLE, PLASTIC (49035-736-10)","Histamine H1 Receptor Antagonists [MoA],  Histamine-1 Receptor Antagonist [EPC]","N/A","No","12/31/2026"
"Sleep Aid","49035-736-32","50 mg/1","CAPSULE","ORAL","M010","EQUATE (Wal-Mart Stores, Inc.) (see also WAL-MART INC)","49035-736","Diphenhydramine HCL","DIPHENHYDRAMINE HYDROCHLORIDE","HUMAN OTC DRUG","01/31/2020","N/A","OTC MONOGRAPH DRUG","1 BOTTLE, PLASTIC in 1 BOX (49035-736-32)  / 32 CAPSULE in 1 BOTTLE, PLASTIC","Histamine H1 Receptor Antagonists [MoA],  Histamine-1 Receptor Antagonist [EPC]","N/A","No","12/31/2026"
"Allergy Relief Dye-Free","59779-614-06","25 mg/1","TABLET, FILM COATED","ORAL","M012","CVS Pharmacy","59779-614","Diphenhydramine HCl","DIPHENHYDRAMINE HYDROCHLORIDE","HUMAN OTC DRUG","02/07/2013","N/A","OTC MONOGRAPH DRUG","1 BOTTLE in 1 CARTON (59779-614-06)  / 200 TABLET, FILM COATED in 1 BOTTLE","Histamine H1 Receptor Antagonists [MoA],  Histamine-1 Receptor Antagonist [EPC]","N/A","No","12/31/2027"
"Advil PM, CVP HEALTH","66715-6533-2","200 mg/1,  38 mg/1","TABLET, COATED","ORAL","NDA021394","Lil' Drug Store Products, Inc.","66715-6533","Ibuprofen and Diphenhydramine citrate","IBUPROFEN,  DIPHENHYDRAMINE CITRATE","HUMAN OTC DRUG","05/06/2022","N/A","NDA","2 POUCH in 1 CARTON (66715-6533-2)  / 2 TABLET, COATED in 1 POUCH","Anti-Inflammatory Agents,  Non-Steroidal [CS],  Cyclooxygenase Inhibitors [MoA],  Histamine H1 Receptor Antagonists [MoA],  Histamine-1 Receptor Antagonist [EPC],  Nonsteroidal Anti-inflammatory Drug [EPC]","N/A","No","12/31/2026"
"Winco Foods Childrens Allergy Relief Dye Free","67091-354-18","12.5 mg/5mL","SOLUTION","ORAL","M012","WINCO FOODS, LLC","67091-354","Diphenhydramine hydrochloride","DIPHENHYDRAMINE HYDROCHLORIDE","HUMAN OTC DRUG","03/09/2020","N/A","OTC MONOGRAPH DRUG","1 BOTTLE, PLASTIC in 1 CARTON (67091-354-18)  / 118 mL in 1 BOTTLE, PLASTIC","Histamine H1 Receptor Antagonists [MoA],  Histamine-1 Receptor Antagonist [EPC]","N/A","No","12/31/2027"
"Diphenhydramine HCl","82568-0004-1","25 mg/1","CAPSULE","ORAL","M012","AARNA USA INC.","82568-0004","Diphenhydramine HCl","DIPHENHYDRAMINE HYDROCHLORIDE","HUMAN OTC DRUG","05/30/2025","N/A","OTC MONOGRAPH DRUG","100 CAPSULE in 1 BOTTLE (82568-0004-1)","Histamine H1 Receptor Antagonists [MoA],  Histamine-1 Receptor Antagonist [EPC]","N/A","No","12/31/2026"
"Diphenhydramine HCl","82568-0004-2","25 mg/1","CAPSULE","ORAL","M012","AARNA USA INC.","82568-0004","Diphenhydramine HCl","DIPHENHYDRAMINE HYDROCHLORIDE","HUMAN OTC DRUG","05/30/2025","N/A","OTC MONOGRAPH DRUG","1000 CAPSULE in 1 BOTTLE (82568-0004-2)","Histamine H1 Receptor Antagonists [MoA],  Histamine-1 Receptor Antagonist [EPC]","N/A","No","12/31/2026"
"ADVIL PM","85237-1784-1","38 mg/1,  200 mg/1","TABLET, COATED","ORAL","NDA021394","Select Consumer Group","85237-1784","diphenhydramine citrate and ibuprofen","DIPHENHYDRAMINE CITRATE,  IBUPROFEN","HUMAN OTC DRUG","06/04/2025","N/A","NDA","1 POUCH in 1 CONTAINER (85237-1784-1)  / 2 TABLET, COATED in 1 POUCH (85237-1784-0)","Anti-Inflammatory Agents,  Non-Steroidal [CS],  Cyclooxygenase Inhibitors [MoA],  Histamine H1 Receptor Antagonists [MoA],  Histamine-1 Receptor Antagonist [EPC],  Nonsteroidal Anti-inflammatory Drug [EPC]","N/A","No","12/31/2027"
"ADVIL PM","85237-1784-2","38 mg/1,  200 mg/1","TABLET, COATED","ORAL","NDA021394","Select Consumer Group","85237-1784","diphenhydramine citrate and ibuprofen","DIPHENHYDRAMINE CITRATE,  IBUPROFEN","HUMAN OTC DRUG","06/04/2025","N/A","NDA","2 POUCH in 1 CONTAINER (85237-1784-2)  / 2 TABLET, COATED in 1 POUCH (85237-1784-0)","Anti-Inflammatory Agents,  Non-Steroidal [CS],  Cyclooxygenase Inhibitors [MoA],  Histamine H1 Receptor Antagonists [MoA],  Histamine-1 Receptor Antagonist [EPC],  Nonsteroidal Anti-inflammatory Drug [EPC]","N/A","No","12/31/2027"
"ADVIL PM","85237-1784-4","38 mg/1,  200 mg/1","TABLET, COATED","ORAL","NDA021394","Select Consumer Group","85237-1784","diphenhydramine citrate and ibuprofen","DIPHENHYDRAMINE CITRATE,  IBUPROFEN","HUMAN OTC DRUG","06/04/2025","N/A","NDA","25 POUCH in 1 CARTON (85237-1784-4)  / 2 TABLET, COATED in 1 POUCH (85237-1784-0)","Anti-Inflammatory Agents,  Non-Steroidal [CS],  Cyclooxygenase Inhibitors [MoA],  Histamine H1 Receptor Antagonists [MoA],  Histamine-1 Receptor Antagonist [EPC],  Nonsteroidal Anti-inflammatory Drug [EPC]","N/A","No","12/31/2027"
"ADVIL PM","85237-1784-5","38 mg/1,  200 mg/1","TABLET, COATED","ORAL","NDA021394","Select Consumer Group","85237-1784","diphenhydramine citrate and ibuprofen","DIPHENHYDRAMINE CITRATE,  IBUPROFEN","HUMAN OTC DRUG","06/04/2025","N/A","NDA","30 POUCH in 1 CARTON (85237-1784-5)  / 2 TABLET, COATED in 1 POUCH (85237-1784-0)","Anti-Inflammatory Agents,  Non-Steroidal [CS],  Cyclooxygenase Inhibitors [MoA],  Histamine H1 Receptor Antagonists [MoA],  Histamine-1 Receptor Antagonist [EPC],  Nonsteroidal Anti-inflammatory Drug [EPC]","N/A","No","12/31/2027"
"ADVIL PM","85237-1784-7","38 mg/1,  200 mg/1","TABLET, COATED","ORAL","NDA021394","Select Consumer Group","85237-1784","diphenhydramine citrate and ibuprofen","DIPHENHYDRAMINE CITRATE,  IBUPROFEN","HUMAN OTC DRUG","06/04/2025","N/A","NDA","3 POUCH in 1 CONTAINER (85237-1784-7)  / 2 TABLET, COATED in 1 POUCH (85237-1784-0)","Anti-Inflammatory Agents,  Non-Steroidal [CS],  Cyclooxygenase Inhibitors [MoA],  Histamine H1 Receptor Antagonists [MoA],  Histamine-1 Receptor Antagonist [EPC],  Nonsteroidal Anti-inflammatory Drug [EPC]","N/A","No","12/31/2027"
"Unisom SleepMelts Nighttime Sleep-Aid","63868-393-24","25 mg/1","TABLET, CHEWABLE","ORAL","M010","QUALITY CHOICE (CHAIN DRUG MARKETING ASSOCIATION)","63868-393","Diphenhydramine Hydrochloride","DIPHENHYDRAMINE HYDROCHLORIDE","HUMAN OTC DRUG","01/07/2019","N/A","OTC MONOGRAPH DRUG","24 TABLET, CHEWABLE in 1 BLISTER PACK (63868-393-24)","Histamine H1 Receptor Antagonists [MoA],  Histamine-1 Receptor Antagonist [EPC]","N/A","No","12/31/2026"
"Rest Simply","68998-091-01","25 mg/1","TABLET, COATED","ORAL","M010","Marc Glassman, Inc.","68998-091","DIPHENHYDRAMINE HYDROCHLORIDE","DIPHENHYDRAMINE HYDROCHLORIDE","HUMAN OTC DRUG","12/31/2008","N/A","OTC MONOGRAPH DRUG","2 BLISTER PACK in 1 CARTON (68998-091-01)  / 12 TABLET, COATED in 1 BLISTER PACK","Histamine H1 Receptor Antagonists [MoA],  Histamine-1 Receptor Antagonist [EPC]","N/A","No","12/31/2026"
"Allergy Relief","37808-932-08","25 mg/1","TABLET, FILM COATED","ORAL","M012","H E B","37808-932","Diphenhydramine HCl","DIPHENHYDRAMINE HYDROCHLORIDE","HUMAN OTC DRUG","03/02/1990","N/A","OTC MONOGRAPH DRUG","2 BLISTER PACK in 1 CARTON (37808-932-08)  / 12 TABLET, FILM COATED in 1 BLISTER PACK","Histamine H1 Receptor Antagonists [MoA],  Histamine-1 Receptor Antagonist [EPC]","N/A","No","12/31/2027"
"Allergy Relief","37808-932-78","25 mg/1","TABLET, FILM COATED","ORAL","M012","H E B","37808-932","Diphenhydramine HCl","DIPHENHYDRAMINE HYDROCHLORIDE","HUMAN OTC DRUG","03/02/1990","N/A","OTC MONOGRAPH DRUG","600 TABLET, FILM COATED in 1 BOTTLE, PLASTIC (37808-932-78)","Histamine H1 Receptor Antagonists [MoA],  Histamine-1 Receptor Antagonist [EPC]","N/A","No","12/31/2027"
"Diphenhydramine HCl and Ibuprofen","58602-717-30","25 mg/1,  200 mg/1","CAPSULE, LIQUID FILLED","ORAL","ANDA210676","Aurohealth LLC","58602-717","Diphenhydramine HCl and Ibuprofen","DIPHENHYDRAMINE HYDROCHLORIDE,  IBUPROFEN","HUMAN OTC DRUG","12/09/2022","N/A","ANDA","160 CAPSULE, LIQUID FILLED in 1 BOTTLE (58602-717-30)","Anti-Inflammatory Agents,  Non-Steroidal [CS],  Cyclooxygenase Inhibitors [MoA],  Histamine H1 Receptor Antagonists [MoA],  Histamine-1 Receptor Antagonist [EPC],  Nonsteroidal Anti-inflammatory Drug [EPC]","N/A","No","12/31/2026"
"Childrens Allergy","63868-370-04","12.5 mg/5mL","LIQUID","ORAL","M012","QUALITY CHOICE (Chain Drug Marketing Association)","63868-370","Diphenhydramine Hydrochloride","DIPHENHYDRAMINE HYDROCHLORIDE","HUMAN OTC DRUG","05/30/2014","N/A","OTC MONOGRAPH DRUG","1 BOTTLE in 1 BOX (63868-370-04)  / 118 mL in 1 BOTTLE","Histamine H1 Receptor Antagonists [MoA],  Histamine-1 Receptor Antagonist [EPC]","N/A","No","12/31/2026"
"Nighttime Sleep Aid, 24-7 Life BY 7-ELEVEN, 6oz","66715-6543-4","50 mg/30mL","SOLUTION","ORAL","M010","Lil' Drug Store Products, Inc.","66715-6543","diphenhydramine hcl solution","DIPHENHYDRAMINE HYDROCHLORIDE","HUMAN OTC DRUG","04/19/2022","N/A","OTC MONOGRAPH DRUG","177 mL in 1 BOTTLE, PLASTIC (66715-6543-4)","Histamine H1 Receptor Antagonists [MoA],  Histamine-1 Receptor Antagonist [EPC]","N/A","No","12/31/2026"
"Harris Teeter Allergy Relief","72036-521-24","25 mg/1","CAPSULE, LIQUID FILLED","ORAL","M012","Harris Teeter","72036-521","diphenhydramine hydrochloride","DIPHENHYDRAMINE HYDROCHLORIDE","HUMAN OTC DRUG","01/19/2022","N/A","OTC MONOGRAPH DRUG","2 BLISTER PACK in 1 CARTON (72036-521-24)  / 12 CAPSULE, LIQUID FILLED in 1 BLISTER PACK","Histamine H1 Receptor Antagonists [MoA],  Histamine-1 Receptor Antagonist [EPC]","N/A","No","12/31/2026"
"Sinus PE Congestion Daytime Nighttime","79481-4534-1","N/A","KIT","N/A","M012","Meijer Distribution, Inc.","79481-4534","Diphenhydramine HCl, Phenylephrine HCl","N/A","HUMAN OTC DRUG","07/05/2023","N/A","OTC MONOGRAPH DRUG","1 KIT in 1 CARTON (79481-4534-1)  *  12 TABLET, FILM COATED in 1 BLISTER PACK (79481-7453-2)  *  8 TABLET, FILM COATED in 1 BLISTER PACK (79481-7485-3)","N/A","N/A","No","12/31/2026"
"Kroger EXTRA STRENGTH Acetaminophen PM Caplet","59450-174-01","500 mg/1,  25 mg/1","TABLET","ORAL","M012","The Kroger Co.","59450-174","Acetaminophen, Diphenhydramine hydrochloride","ACETAMINOPHEN,  DIPHENHYDRAMINE HYDROCHLORIDE","HUMAN OTC DRUG","12/17/2024","N/A","OTC MONOGRAPH DRUG","1 BOTTLE in 1 CARTON (59450-174-01)  / 100 TABLET in 1 BOTTLE","Histamine H1 Receptor Antagonists [MoA],  Histamine-1 Receptor Antagonist [EPC]","N/A","No","12/31/2026"
"Kroger EXTRA STRENGTH Acetaminophen PM Caplet","59450-174-05","500 mg/1,  25 mg/1","TABLET","ORAL","M012","The Kroger Co.","59450-174","Acetaminophen, Diphenhydramine hydrochloride","ACETAMINOPHEN,  DIPHENHYDRAMINE HYDROCHLORIDE","HUMAN OTC DRUG","12/17/2024","N/A","OTC MONOGRAPH DRUG","1 BOTTLE in 1 CARTON (59450-174-05)  / 50 TABLET in 1 BOTTLE","Histamine H1 Receptor Antagonists [MoA],  Histamine-1 Receptor Antagonist [EPC]","N/A","No","12/31/2026"
"Kroger EXTRA STRENGTH Acetaminophen PM Caplet","59450-174-20","500 mg/1,  25 mg/1","TABLET","ORAL","M012","The Kroger Co.","59450-174","Acetaminophen, Diphenhydramine hydrochloride","ACETAMINOPHEN,  DIPHENHYDRAMINE HYDROCHLORIDE","HUMAN OTC DRUG","12/17/2024","N/A","OTC MONOGRAPH DRUG","2 BOTTLE in 1 CARTON (59450-174-20)  / 100 TABLET in 1 BOTTLE","Histamine H1 Receptor Antagonists [MoA],  Histamine-1 Receptor Antagonist [EPC]","N/A","No","12/31/2026"
"Sinus Pressure and Pain Daytime Nighttime Maximum Strength","0363-6156-10","N/A","KIT","N/A","M012","Walgreen Company","0363-6156","Acetaminophen, Diphenhydramine HCl, Guaifenesin, Phenylephrine HCl","N/A","HUMAN OTC DRUG","06/02/2018","03/01/2027","OTC MONOGRAPH DRUG","1 KIT in 1 CARTON (0363-6156-10)  *  12 TABLET, FILM COATED in 1 BLISTER PACK *  8 TABLET, FILM COATED in 1 BLISTER PACK","N/A","N/A","No","N/A"
"Allergy Relief","68998-090-03","25 mg/1","TABLET, COATED","ORAL","M012","Marc Glassman, Inc.","68998-090","DIPHENHYDRAMINE HYDROCHLORIDE","DIPHENHYDRAMINE HYDROCHLORIDE","HUMAN OTC DRUG","03/01/2008","N/A","OTC MONOGRAPH DRUG","1 BOTTLE, PLASTIC in 1 CARTON (68998-090-03)  / 100 TABLET, COATED in 1 BOTTLE, PLASTIC","Histamine H1 Receptor Antagonists [MoA],  Histamine-1 Receptor Antagonist [EPC]","N/A","No","12/31/2026"
"Diphenhydramine HCl","82568-0005-1","50 mg/1","CAPSULE","ORAL","M012","AARNA USA INC.","82568-0005","Diphenhydramine HCl","DIPHENHYDRAMINE HYDROCHLORIDE","HUMAN OTC DRUG","05/30/2025","N/A","OTC MONOGRAPH DRUG","100 CAPSULE in 1 BOTTLE (82568-0005-1)","Histamine H1 Receptor Antagonists [MoA],  Histamine-1 Receptor Antagonist [EPC]","N/A","No","12/31/2026"
"Diphenhydramine HCl","82568-0005-2","50 mg/1","CAPSULE","ORAL","M012","AARNA USA INC.","82568-0005","Diphenhydramine HCl","DIPHENHYDRAMINE HYDROCHLORIDE","HUMAN OTC DRUG","05/30/2025","N/A","OTC MONOGRAPH DRUG","1000 CAPSULE in 1 BOTTLE (82568-0005-2)","Histamine H1 Receptor Antagonists [MoA],  Histamine-1 Receptor Antagonist [EPC]","N/A","No","12/31/2026"
"Itch Relief","81522-751-25","20 mg/mL","SPRAY","TOPICAL","M017","FSA Store Inc.","81522-751","Diphenhydramine HCl","DIPHENHYDRAMINE HYDROCHLORIDE","HUMAN OTC DRUG","08/19/2025","N/A","OTC MONOGRAPH DRUG","74 mL in 1 BOTTLE, SPRAY (81522-751-25)","Histamine H1 Receptor Antagonists [MoA],  Histamine-1 Receptor Antagonist [EPC]","N/A","No","12/31/2026"
"Good Neighbor Pharmacy allergy","24385-479-78","25 mg/1","TABLET, FILM COATED","ORAL","M012","Amerisource Bergen","24385-479","Diphenhydramine Hydrochloride","DIPHENHYDRAMINE HYDROCHLORIDE","HUMAN OTC DRUG","03/12/1998","N/A","OTC MONOGRAPH DRUG","1 BOTTLE in 1 CARTON (24385-479-78)  / 100 TABLET, FILM COATED in 1 BOTTLE","Histamine H1 Receptor Antagonists [MoA],  Histamine-1 Receptor Antagonist [EPC]","N/A","No","12/31/2027"
"Sleep Aid Nighttime","0363-0367-08","25 mg/1","TABLET, FILM COATED","ORAL","M010","Walgreen Company","0363-0367","Diphenhydramine HCl","DIPHENHYDRAMINE HYDROCHLORIDE","HUMAN OTC DRUG","06/10/2000","N/A","OTC MONOGRAPH DRUG","2 BLISTER PACK in 1 CARTON (0363-0367-08)  / 12 TABLET, FILM COATED in 1 BLISTER PACK","Histamine H1 Receptor Antagonists [MoA],  Histamine-1 Receptor Antagonist [EPC]","N/A","No","12/31/2027"
"Sleep Aid Nighttime","0363-0367-12","25 mg/1","TABLET, FILM COATED","ORAL","M010","Walgreen Company","0363-0367","Diphenhydramine HCl","DIPHENHYDRAMINE HYDROCHLORIDE","HUMAN OTC DRUG","06/10/2000","N/A","OTC MONOGRAPH DRUG","1 BOTTLE, PLASTIC in 1 CARTON (0363-0367-12)  / 100 TABLET, FILM COATED in 1 BOTTLE, PLASTIC","Histamine H1 Receptor Antagonists [MoA],  Histamine-1 Receptor Antagonist [EPC]","N/A","No","12/31/2027"
"Sleep Aid Nighttime","0363-0367-13","25 mg/1","TABLET, FILM COATED","ORAL","M010","Walgreen Company","0363-0367","Diphenhydramine HCl","DIPHENHYDRAMINE HYDROCHLORIDE","HUMAN OTC DRUG","06/10/2000","N/A","OTC MONOGRAPH DRUG","1 BOTTLE, PLASTIC in 1 CARTON (0363-0367-13)  / 250 TABLET, FILM COATED in 1 BOTTLE, PLASTIC","Histamine H1 Receptor Antagonists [MoA],  Histamine-1 Receptor Antagonist [EPC]","N/A","No","12/31/2027"
"Nighttime Wal Flu Severe Cold and Cough","0363-5410-06","650 mg/1,  25 mg/1,  10 mg/1","POWDER, FOR SOLUTION","ORAL","M010","WALGREEN CO.","0363-5410","ACETAMINOPHEN, DIPHENHYDRAMINE, PHENYLEPHRINE","ACETAMINOPHEN,  DIPHENHYDRAMINE HYDROCHLORIDE,  PHENYLEPHRINE HYDROCHLORIDE","HUMAN OTC DRUG","05/29/2018","N/A","OTC MONOGRAPH DRUG","6 POWDER, FOR SOLUTION in 1 CARTON (0363-5410-06)","Adrenergic alpha1-Agonists [MoA],  Histamine H1 Receptor Antagonists [MoA],  Histamine-1 Receptor Antagonist [EPC],  alpha-1 Adrenergic Agonist [EPC]","N/A","No","12/31/2026"
"LEADER Nighttime Sleep-Aid","70000-0174-2","50 mg/30mL","LIQUID","ORAL","M010","CARDINAL HEALTH","70000-0174","DIPHENHYDRAMINE HYDROCHLORIDE","DIPHENHYDRAMINE HYDROCHLORIDE","HUMAN OTC DRUG","03/13/2017","N/A","OTC MONOGRAPH DRUG","177 mL in 1 BOTTLE, PLASTIC (70000-0174-2)","Histamine H1 Receptor Antagonists [MoA],  Histamine-1 Receptor Antagonist [EPC]","N/A","No","12/31/2026"
"Diphenhydramine HCL","71741-511-04","12.5 mg/5mL","SOLUTION","ORAL","ANDA087513","Redmont Pharmaceuticals, LLC","71741-511","Diphenhydramine Hydrochloride","DIPHENHYDRAMINE HYDROCHLORIDE","HUMAN PRESCRIPTION DRUG","07/22/2026","N/A","ANDA","118 mL in 1 BOTTLE (71741-511-04)","Histamine H1 Receptor Antagonists [MoA],  Histamine-1 Receptor Antagonist [EPC]","N/A","No","12/31/2027"
"Childrens Allergy","49580-0292-2","12.5 mg/5mL","LIQUID","ORAL","M012","P & L Development, LLC","49580-0292","Diphenhydramine Hydrochloride","DIPHENHYDRAMINE HYDROCHLORIDE","HUMAN OTC DRUG","03/31/2015","N/A","OTC MONOGRAPH DRUG","118 mL in 1 BOTTLE, PLASTIC (49580-0292-2)","Histamine H1 Receptor Antagonists [MoA],  Histamine-1 Receptor Antagonist [EPC]","N/A","No","12/31/2026"
"Childrens Allergy","49580-0292-4","12.5 mg/5mL","LIQUID","ORAL","M012","P & L Development, LLC","49580-0292","Diphenhydramine Hydrochloride","DIPHENHYDRAMINE HYDROCHLORIDE","HUMAN OTC DRUG","03/31/2015","N/A","OTC MONOGRAPH DRUG","1 BOTTLE, PLASTIC in 1 BOX (49580-0292-4)  / 118 mL in 1 BOTTLE, PLASTIC","Histamine H1 Receptor Antagonists [MoA],  Histamine-1 Receptor Antagonist [EPC]","N/A","No","12/31/2026"
"LEADER Nighttime Sleep-Aid","70000-0174-1","50 mg/30mL","LIQUID","ORAL","M010","CARDINAL HEALTH","70000-0174","DIPHENHYDRAMINE HYDROCHLORIDE","DIPHENHYDRAMINE HYDROCHLORIDE","HUMAN OTC DRUG","01/17/2017","N/A","OTC MONOGRAPH DRUG","354 mL in 1 BOTTLE, PLASTIC (70000-0174-1)","Histamine H1 Receptor Antagonists [MoA],  Histamine-1 Receptor Antagonist [EPC]","N/A","No","12/31/2026"
"Theraflu Severe Cold Relief Nighttime","0067-0101-06","650 mg/1,  25 mg/1","POWDER, FOR SOLUTION","ORAL","M012","Haleon US Holdings LLC","0067-0101","ACETAMINOPHEN, DIPHENHYDRAMINE HCl","ACETAMINOPHEN,  DIPHENHYDRAMINE HYDROCHLORIDE","HUMAN OTC DRUG","12/01/2023","N/A","OTC MONOGRAPH DRUG","6 PACKET in 1 CARTON (0067-0101-06)  / 1 POWDER, FOR SOLUTION in 1 PACKET","Histamine H1 Receptor Antagonists [MoA],  Histamine-1 Receptor Antagonist [EPC]","N/A","No","12/31/2026"
"Pain Reliever PM","83324-166-50","500 mg/1,  25 mg/1","TABLET, COATED","ORAL","M012","QUALITY CHOICE (Chain Drug Marketing Association)","83324-166","Acetaminophen Diphenhydramine HCl","ACETAMINOPHEN,  DIPHENHYDRAMINE HYDROCHLORIDE","HUMAN OTC DRUG","07/31/2024","N/A","OTC MONOGRAPH DRUG","1 BOTTLE, PLASTIC in 1 BOX (83324-166-50)  / 50 TABLET, COATED in 1 BOTTLE, PLASTIC","Histamine H1 Receptor Antagonists [MoA],  Histamine-1 Receptor Antagonist [EPC]","N/A","No","12/31/2026"
"up and up childrens allergy melts","11673-012-18","12.5 mg/1","TABLET, CHEWABLE","ORAL","M012","Target Corporation","11673-012","Diphenhydramine HCl","DIPHENHYDRAMINE HYDROCHLORIDE","HUMAN OTC DRUG","11/10/2015","N/A","OTC MONOGRAPH DRUG","3 BLISTER PACK in 1 CARTON (11673-012-18)  / 6 TABLET, CHEWABLE in 1 BLISTER PACK","Histamine H1 Receptor Antagonists [MoA],  Histamine-1 Receptor Antagonist [EPC]","N/A","No","12/31/2026"
"up and up childrens allergy melts","11673-012-48","12.5 mg/1","TABLET, CHEWABLE","ORAL","M012","Target Corporation","11673-012","Diphenhydramine HCl","DIPHENHYDRAMINE HYDROCHLORIDE","HUMAN OTC DRUG","10/30/2019","N/A","OTC MONOGRAPH DRUG","4 BLISTER PACK in 1 CARTON (11673-012-48)  / 12 TABLET, CHEWABLE in 1 BLISTER PACK","Histamine H1 Receptor Antagonists [MoA],  Histamine-1 Receptor Antagonist [EPC]","N/A","No","12/31/2026"
"nitetime sleep aid","41250-044-40","50 mg/30mL","SOLUTION","ORAL","M010","Meijer Distribution Inc","41250-044","Diphenhydramine HCl","DIPHENHYDRAMINE HYDROCHLORIDE","HUMAN OTC DRUG","12/04/2014","N/A","OTC MONOGRAPH DRUG","355 mL in 1 BOTTLE (41250-044-40)","Histamine H1 Receptor Antagonists [MoA],  Histamine-1 Receptor Antagonist [EPC]","N/A","No","12/31/2026"
"Banophen","50090-5546-0","25 mg/1","TABLET, FILM COATED","ORAL","M012","A-S Medication Solutions","50090-5546","Diphenhydramine HCl","DIPHENHYDRAMINE HYDROCHLORIDE","HUMAN OTC DRUG","05/17/2021","N/A","OTC MONOGRAPH DRUG","2 BLISTER PACK in 1 CARTON (50090-5546-0)  / 12 TABLET, FILM COATED in 1 BLISTER PACK","Histamine H1 Receptor Antagonists [MoA],  Histamine-1 Receptor Antagonist [EPC]","N/A","No","12/31/2026"
"Best Choice Itch Relief","63941-259-02",".1 g/100mL,  2 g/100mL","SPRAY","TOPICAL","part348","Valu Merchandisers","63941-259","Diphenhydramine HCl, Zinc Acetate","ZINC ACETATE,  DIPHENHYDRAMINE HYDROCHLORIDE","HUMAN OTC DRUG","04/14/2014","N/A","OTC MONOGRAPH NOT FINAL","59 mL in 1 BOTTLE, SPRAY (63941-259-02)","Copper Absorption Inhibitor [EPC],  Decreased Copper Ion Absorption [PE],  Histamine H1 Receptor Antagonists [MoA],  Histamine-1 Receptor Antagonist [EPC]","N/A","No","12/31/2026"
"good sense allergy","68071-3734-4","12.5 mg/5mL","SOLUTION","ORAL","M012","NuCare Pharmaceuticals, Inc.","68071-3734","Diphenhydramine HCl","DIPHENHYDRAMINE HYDROCHLORIDE","HUMAN OTC DRUG","12/03/2024","N/A","OTC MONOGRAPH DRUG","1 BOTTLE in 1 CARTON (68071-3734-4)  / 5 mL in 1 BOTTLE","Histamine H1 Receptor Antagonists [MoA],  Histamine-1 Receptor Antagonist [EPC]","N/A","No","12/31/2026"
"ibuprofen pm","11822-0050-1","38 mg/1,  200 mg/1","TABLET, FILM COATED","ORAL","ANDA079113","Rite Aid Corporation","11822-0050","Diphenhydramine Citrate, Ibuprofen","DIPHENHYDRAMINE CITRATE,  IBUPROFEN","HUMAN OTC DRUG","06/24/2009","10/31/2026","ANDA","1 BOTTLE in 1 CARTON (11822-0050-1)  / 80 TABLET, FILM COATED in 1 BOTTLE","Anti-Inflammatory Agents,  Non-Steroidal [CS],  Cyclooxygenase Inhibitors [MoA],  Histamine H1 Receptor Antagonists [MoA],  Histamine-1 Receptor Antagonist [EPC],  Nonsteroidal Anti-inflammatory Drug [EPC]","N/A","No","N/A"
"ibuprofen pm","11822-0050-3","38 mg/1,  200 mg/1","TABLET, FILM COATED","ORAL","ANDA079113","Rite Aid Corporation","11822-0050","Diphenhydramine Citrate, Ibuprofen","DIPHENHYDRAMINE CITRATE,  IBUPROFEN","HUMAN OTC DRUG","03/19/2009","10/31/2026","ANDA","1 BOTTLE in 1 CARTON (11822-0050-3)  / 20 TABLET, FILM COATED in 1 BOTTLE","Anti-Inflammatory Agents,  Non-Steroidal [CS],  Cyclooxygenase Inhibitors [MoA],  Histamine H1 Receptor Antagonists [MoA],  Histamine-1 Receptor Antagonist [EPC],  Nonsteroidal Anti-inflammatory Drug [EPC]","N/A","No","N/A"
"ibuprofen pm","11822-0050-5","38 mg/1,  200 mg/1","TABLET, FILM COATED","ORAL","ANDA079113","Rite Aid Corporation","11822-0050","Diphenhydramine Citrate, Ibuprofen","DIPHENHYDRAMINE CITRATE,  IBUPROFEN","HUMAN OTC DRUG","08/23/2023","10/31/2026","ANDA","1 BOTTLE in 1 CARTON (11822-0050-5)  / 120 TABLET, FILM COATED in 1 BOTTLE","Anti-Inflammatory Agents,  Non-Steroidal [CS],  Cyclooxygenase Inhibitors [MoA],  Histamine H1 Receptor Antagonists [MoA],  Histamine-1 Receptor Antagonist [EPC],  Nonsteroidal Anti-inflammatory Drug [EPC]","N/A","No","N/A"
"Nighttime Sleep-Aid","30142-681-18","50 mg/1","CAPSULE, LIQUID FILLED","ORAL","M010","KROGER COMPANY","30142-681","Diphenhydramine HCl","DIPHENHYDRAMINE HYDROCHLORIDE","HUMAN OTC DRUG","03/20/2024","N/A","OTC MONOGRAPH DRUG","1 BOTTLE in 1 CARTON (30142-681-18)  / 64 CAPSULE, LIQUID FILLED in 1 BOTTLE","Histamine H1 Receptor Antagonists [MoA],  Histamine-1 Receptor Antagonist [EPC]","N/A","No","12/31/2026"
"Ibuprofen PM","41250-050-58","38 mg/1,  200 mg/1","TABLET, FILM COATED","ORAL","ANDA079113","Meijer Distribution Inc","41250-050","diphenhydramine citrate, ibuprofen","DIPHENHYDRAMINE CITRATE,  IBUPROFEN","HUMAN OTC DRUG","04/08/2009","N/A","ANDA","1 BOTTLE in 1 CARTON (41250-050-58)  / 40 TABLET, FILM COATED in 1 BOTTLE","Anti-Inflammatory Agents,  Non-Steroidal [CS],  Cyclooxygenase Inhibitors [MoA],  Histamine H1 Receptor Antagonists [MoA],  Histamine-1 Receptor Antagonist [EPC],  Nonsteroidal Anti-inflammatory Drug [EPC]","N/A","No","12/31/2027"
"Ibuprofen PM","41250-050-60","38 mg/1,  200 mg/1","TABLET, FILM COATED","ORAL","ANDA079113","Meijer Distribution Inc","41250-050","diphenhydramine citrate, ibuprofen","DIPHENHYDRAMINE CITRATE,  IBUPROFEN","HUMAN OTC DRUG","03/05/2026","N/A","ANDA","1 BOTTLE in 1 CARTON (41250-050-60)  / 20 TABLET, FILM COATED in 1 BOTTLE (41250-050-20)","Anti-Inflammatory Agents,  Non-Steroidal [CS],  Cyclooxygenase Inhibitors [MoA],  Histamine H1 Receptor Antagonists [MoA],  Histamine-1 Receptor Antagonist [EPC],  Nonsteroidal Anti-inflammatory Drug [EPC]","N/A","No","12/31/2027"
"Ibuprofen PM","41250-050-76","38 mg/1,  200 mg/1","TABLET, FILM COATED","ORAL","ANDA079113","Meijer Distribution Inc","41250-050","diphenhydramine citrate, ibuprofen","DIPHENHYDRAMINE CITRATE,  IBUPROFEN","HUMAN OTC DRUG","10/21/2017","N/A","ANDA","1 BOTTLE in 1 CARTON (41250-050-76)  / 120 TABLET, FILM COATED in 1 BOTTLE","Anti-Inflammatory Agents,  Non-Steroidal [CS],  Cyclooxygenase Inhibitors [MoA],  Histamine H1 Receptor Antagonists [MoA],  Histamine-1 Receptor Antagonist [EPC],  Nonsteroidal Anti-inflammatory Drug [EPC]","N/A","No","12/31/2027"
"Itch Relief","59450-295-20","1 mg/mL,  20 mg/mL","SPRAY","TOPICAL","M016","The Kroger Co.","59450-295","Diphenhydramine HCl, Zinc acetate","ZINC ACETATE,  DIPHENHYDRAMINE HYDROCHLORIDE","HUMAN OTC DRUG","02/02/2024","N/A","OTC MONOGRAPH DRUG","59 mL in 1 BOTTLE, SPRAY (59450-295-20)","Copper Absorption Inhibitor [EPC],  Decreased Copper Ion Absorption [PE],  Histamine H1 Receptor Antagonists [MoA],  Histamine-1 Receptor Antagonist [EPC]","N/A","No","12/31/2027"
"Sleep Aid Maximum Strength","63868-415-32","50 mg/1","CAPSULE","ORAL","M010","QUALITY CHOICE (Chain Drug Marketing Association)","63868-415","Diphenhydramine HCL","DIPHENHYDRAMINE HYDROCHLORIDE","HUMAN OTC DRUG","12/27/2019","N/A","OTC MONOGRAPH DRUG","1 BOTTLE, PLASTIC in 1 BOX (63868-415-32)  / 32 CAPSULE in 1 BOTTLE, PLASTIC","Histamine H1 Receptor Antagonists [MoA],  Histamine-1 Receptor Antagonist [EPC]","N/A","No","12/31/2026"
"Best Choice Itch Stopping","63941-260-04","2 g/100g","GEL","TOPICAL","M017","Valu Merchandisers","63941-260","Diphenhydramine HCl","DIPHENHYDRAMINE HYDROCHLORIDE","HUMAN OTC DRUG","05/14/2014","N/A","OTC MONOGRAPH DRUG","113 g in 1 BOTTLE (63941-260-04)","Histamine H1 Receptor Antagonists [MoA],  Histamine-1 Receptor Antagonist [EPC]","N/A","No","12/31/2026"
"Anti-Itch Cream","69396-025-05","2 g/100g,  .1 g/100g","CREAM","TOPICAL","M017","Trifecta Pharmaceuticals USA, LLC.","69396-025","Diphenhydramine hydrochloride 2%, zinc acetate 0.1%","DIPHENHYDRAMINE HYDROCHLORIDE,  ZINC ACETATE","HUMAN OTC DRUG","12/29/2016","N/A","OTC MONOGRAPH DRUG","1 TUBE in 1 BOX (69396-025-05)  / 15 g in 1 TUBE","Copper Absorption Inhibitor [EPC],  Decreased Copper Ion Absorption [PE],  Histamine H1 Receptor Antagonists [MoA],  Histamine-1 Receptor Antagonist [EPC]","N/A","No","12/31/2026"
"Anti-Itch Cream","69396-025-15","2 g/100g,  .1 g/100g","CREAM","TOPICAL","M017","Trifecta Pharmaceuticals USA, LLC.","69396-025","Diphenhydramine hydrochloride 2%, zinc acetate 0.1%","DIPHENHYDRAMINE HYDROCHLORIDE,  ZINC ACETATE","HUMAN OTC DRUG","02/11/2020","N/A","OTC MONOGRAPH DRUG","1 TUBE in 1 BOX (69396-025-15)  / 42 g in 1 TUBE","Copper Absorption Inhibitor [EPC],  Decreased Copper Ion Absorption [PE],  Histamine H1 Receptor Antagonists [MoA],  Histamine-1 Receptor Antagonist [EPC]","N/A","No","12/31/2026"
"THERAFLU POWERPODS NIGHTTIME SEVERE COLD","0067-6095-01","650 mg/1,  25 mg/1,  10 mg/1","POWDER, FOR SOLUTION","ORAL","M012","Haleon US Holdings LLC","0067-6095","ACETAMINOPHEN, DIPHENHYDRAMINE HCL, PHENYLEPHRINE HCL","ACETAMINOPHEN,  DIPHENHYDRAMINE HYDROCHLORIDE,  PHENYLEPHRINE HYDROCHLORIDE","HUMAN OTC DRUG","07/28/2018","N/A","OTC MONOGRAPH DRUG","8 POUCH in 1 CARTON (0067-6095-01)  / 1 POWDER, FOR SOLUTION in 1 POUCH (0067-6095-02)","Adrenergic alpha1-Agonists [MoA],  Histamine H1 Receptor Antagonists [MoA],  Histamine-1 Receptor Antagonist [EPC],  alpha-1 Adrenergic Agonist [EPC]","N/A","No","12/31/2026"
"THERAFLU POWERPODS NIGHTTIME SEVERE COLD","0067-6095-03","650 mg/1,  25 mg/1,  10 mg/1","POWDER, FOR SOLUTION","ORAL","M012","Haleon US Holdings LLC","0067-6095","ACETAMINOPHEN, DIPHENHYDRAMINE HCL, PHENYLEPHRINE HCL","ACETAMINOPHEN,  DIPHENHYDRAMINE HYDROCHLORIDE,  PHENYLEPHRINE HYDROCHLORIDE","HUMAN OTC DRUG","01/20/2019","N/A","OTC MONOGRAPH DRUG","1 POUCH in 1 CARTON (0067-6095-03)  / 1 POWDER, FOR SOLUTION in 1 POUCH","Adrenergic alpha1-Agonists [MoA],  Histamine H1 Receptor Antagonists [MoA],  Histamine-1 Receptor Antagonist [EPC],  alpha-1 Adrenergic Agonist [EPC]","N/A","No","12/31/2026"
"Xpect Extra Strength Itch Relief","42961-218-01","2 mg/100mL","SPRAY","TOPICAL","M017","Cintas Corporation","42961-218","Diphenhydramine Hydrochloride","DIPHENHYDRAMINE HYDROCHLORIDE","HUMAN OTC DRUG","05/16/2022","N/A","OTC MONOGRAPH DRUG","59.1 mL in 1 BOTTLE, SPRAY (42961-218-01)","Histamine H1 Receptor Antagonists [MoA],  Histamine-1 Receptor Antagonist [EPC]","N/A","No","12/31/2026"
"Childrens Dye Free Allergy","49580-0293-4","12.5 mg/5mL","LIQUID","ORAL","M012","P & L Development, LLC","49580-0293","Diphenhydramine Hydrochloride","DIPHENHYDRAMINE HYDROCHLORIDE","HUMAN OTC DRUG","02/28/2015","N/A","OTC MONOGRAPH DRUG","1 BOTTLE, PLASTIC in 1 BOX (49580-0293-4)  / 118 mL in 1 BOTTLE, PLASTIC","Histamine H1 Receptor Antagonists [MoA],  Histamine-1 Receptor Antagonist [EPC]","N/A","No","12/31/2026"
"Kroger Nighttime Sleep Aid CAPLET","59450-601-01","25 mg/1","TABLET, FILM COATED","ORAL","M010","The Kroger Co.","59450-601","Diphenhydramine hydrochloride","DIPHENHYDRAMINE HYDROCHLORIDE","HUMAN OTC DRUG","02/01/2024","N/A","OTC MONOGRAPH DRUG","1 BOTTLE, PLASTIC in 1 CARTON (59450-601-01)  / 100 TABLET, FILM COATED in 1 BOTTLE, PLASTIC","Histamine H1 Receptor Antagonists [MoA],  Histamine-1 Receptor Antagonist [EPC]","N/A","No","12/31/2026"
"Diphenhydramine Hydrochloride","71335-2257-0","25 mg/1","CAPSULE","ORAL","M012","Bryant Ranch Prepack","71335-2257","Diphenhydramine Hydrochloride","DIPHENHYDRAMINE HYDROCHLORIDE","HUMAN OTC DRUG","01/31/2025","N/A","OTC MONOGRAPH DRUG","100 CAPSULE in 1 BOTTLE (71335-2257-0)","Histamine H1 Receptor Antagonists [MoA],  Histamine-1 Receptor Antagonist [EPC]","N/A","No","12/31/2026"
"Diphenhydramine Hydrochloride","71335-2257-1","25 mg/1","CAPSULE","ORAL","M012","Bryant Ranch Prepack","71335-2257","Diphenhydramine Hydrochloride","DIPHENHYDRAMINE HYDROCHLORIDE","HUMAN OTC DRUG","11/08/2023","N/A","OTC MONOGRAPH DRUG","30 CAPSULE in 1 BOTTLE (71335-2257-1)","Histamine H1 Receptor Antagonists [MoA],  Histamine-1 Receptor Antagonist [EPC]","N/A","No","12/31/2026"
"Diphenhydramine Hydrochloride","71335-2257-2","25 mg/1","CAPSULE","ORAL","M012","Bryant Ranch Prepack","71335-2257","Diphenhydramine Hydrochloride","DIPHENHYDRAMINE HYDROCHLORIDE","HUMAN OTC DRUG","06/18/2024","N/A","OTC MONOGRAPH DRUG","20 CAPSULE in 1 BOTTLE (71335-2257-2)","Histamine H1 Receptor Antagonists [MoA],  Histamine-1 Receptor Antagonist [EPC]","N/A","No","12/31/2026"
"Diphenhydramine Hydrochloride","71335-2257-3","25 mg/1","CAPSULE","ORAL","M012","Bryant Ranch Prepack","71335-2257","Diphenhydramine Hydrochloride","DIPHENHYDRAMINE HYDROCHLORIDE","HUMAN OTC DRUG","01/31/2025","N/A","OTC MONOGRAPH DRUG","42 CAPSULE in 1 BOTTLE (71335-2257-3)","Histamine H1 Receptor Antagonists [MoA],  Histamine-1 Receptor Antagonist [EPC]","N/A","No","12/31/2026"
"Diphenhydramine Hydrochloride","71335-2257-4","25 mg/1","CAPSULE","ORAL","M012","Bryant Ranch Prepack","71335-2257","Diphenhydramine Hydrochloride","DIPHENHYDRAMINE HYDROCHLORIDE","HUMAN OTC DRUG","05/21/2024","N/A","OTC MONOGRAPH DRUG","24 CAPSULE in 1 BOTTLE (71335-2257-4)","Histamine H1 Receptor Antagonists [MoA],  Histamine-1 Receptor Antagonist [EPC]","N/A","No","12/31/2026"
"Diphenhydramine Hydrochloride","71335-2257-5","25 mg/1","CAPSULE","ORAL","M012","Bryant Ranch Prepack","71335-2257","Diphenhydramine Hydrochloride","DIPHENHYDRAMINE HYDROCHLORIDE","HUMAN OTC DRUG","04/22/2024","N/A","OTC MONOGRAPH DRUG","15 CAPSULE in 1 BOTTLE (71335-2257-5)","Histamine H1 Receptor Antagonists [MoA],  Histamine-1 Receptor Antagonist [EPC]","N/A","No","12/31/2026"
"Diphenhydramine Hydrochloride","71335-2257-6","25 mg/1","CAPSULE","ORAL","M012","Bryant Ranch Prepack","71335-2257","Diphenhydramine Hydrochloride","DIPHENHYDRAMINE HYDROCHLORIDE","HUMAN OTC DRUG","01/31/2025","N/A","OTC MONOGRAPH DRUG","60 CAPSULE in 1 BOTTLE (71335-2257-6)","Histamine H1 Receptor Antagonists [MoA],  Histamine-1 Receptor Antagonist [EPC]","N/A","No","12/31/2026"
"Diphenhydramine Hydrochloride","71335-2257-7","25 mg/1","CAPSULE","ORAL","M012","Bryant Ranch Prepack","71335-2257","Diphenhydramine Hydrochloride","DIPHENHYDRAMINE HYDROCHLORIDE","HUMAN OTC DRUG","01/31/2025","N/A","OTC MONOGRAPH DRUG","10 CAPSULE in 1 BOTTLE (71335-2257-7)","Histamine H1 Receptor Antagonists [MoA],  Histamine-1 Receptor Antagonist [EPC]","N/A","No","12/31/2026"
"Diphenhydramine Hydrochloride","71335-2257-8","25 mg/1","CAPSULE","ORAL","M012","Bryant Ranch Prepack","71335-2257","Diphenhydramine Hydrochloride","DIPHENHYDRAMINE HYDROCHLORIDE","HUMAN OTC DRUG","01/31/2025","N/A","OTC MONOGRAPH DRUG","6 CAPSULE in 1 BOTTLE (71335-2257-8)","Histamine H1 Receptor Antagonists [MoA],  Histamine-1 Receptor Antagonist [EPC]","N/A","No","12/31/2026"
"Diphenhydramine Hydrochloride","71335-2257-9","25 mg/1","CAPSULE","ORAL","M012","Bryant Ranch Prepack","71335-2257","Diphenhydramine Hydrochloride","DIPHENHYDRAMINE HYDROCHLORIDE","HUMAN OTC DRUG","01/31/2025","N/A","OTC MONOGRAPH DRUG","90 CAPSULE in 1 BOTTLE (71335-2257-9)","Histamine H1 Receptor Antagonists [MoA],  Histamine-1 Receptor Antagonist [EPC]","N/A","No","12/31/2026"
"VICKS ZzzQuil FREE and CLEAR NIGHTTIME SLEEP-AID","84126-370-12","50 mg/30mL","LIQUID","ORAL","M010","The Procter & Gamble Manufacturing Company","84126-370","Diphenhydramine Hydrochloride","DIPHENHYDRAMINE HYDROCHLORIDE","HUMAN OTC DRUG","02/03/2026","N/A","OTC MONOGRAPH DRUG","354 mL in 1 BOTTLE, PLASTIC (84126-370-12)","Histamine H1 Receptor Antagonists [MoA],  Histamine-1 Receptor Antagonist [EPC]","N/A","No","12/31/2026"
"VICKS ZzzQuil FREE and CLEAR NIGHTTIME SLEEP-AID","84126-370-24","50 mg/30mL","LIQUID","ORAL","M010","The Procter & Gamble Manufacturing Company","84126-370","Diphenhydramine Hydrochloride","DIPHENHYDRAMINE HYDROCHLORIDE","HUMAN OTC DRUG","02/03/2026","N/A","OTC MONOGRAPH DRUG","2 BOTTLE, PLASTIC in 1 PACKAGE (84126-370-24)  / 354 mL in 1 BOTTLE, PLASTIC","Histamine H1 Receptor Antagonists [MoA],  Histamine-1 Receptor Antagonist [EPC]","N/A","No","12/31/2026"
"Unisom SleepMinis Nighttime Sleep-Aid","41167-0067-0","25 mg/1","CAPSULE","ORAL","M010","Chattem, Inc.","41167-0067","Diphenhydramine HCl","DIPHENHYDRAMINE HYDROCHLORIDE","HUMAN OTC DRUG","04/01/2015","N/A","OTC MONOGRAPH DRUG","1 BOTTLE, PLASTIC in 1 CARTON (41167-0067-0)  / 60 CAPSULE in 1 BOTTLE, PLASTIC","Histamine H1 Receptor Antagonists [MoA],  Histamine-1 Receptor Antagonist [EPC]","N/A","No","12/31/2027"
"Daytime Cold and Cough Nighttime Cold and Congestion","51316-939-04","N/A","KIT","N/A","M012","CVS","51316-939","Brompheniramine Maleate, Dextromethorphan HBr, Diphenhydramine HCl, Phenylephrine HCl","N/A","HUMAN OTC DRUG","01/31/2025","01/31/2027","OTC MONOGRAPH DRUG","1 KIT in 1 KIT (51316-939-04)  *  1 BOTTLE in 1 CARTON (51316-916-03)  / 118 mL in 1 BOTTLE *  1 BOTTLE in 1 CARTON (51316-919-03)  / 118 mL in 1 BOTTLE","N/A","N/A","No","N/A"
"Unisom PM Pain Nighttime Sleep Aid and Pain Reliever","41167-0040-2","325 mg/1,  50 mg/1","TABLET, FILM COATED","ORAL","M013","Chattem, Inc.","41167-0040","Acetaminophen and Diphenhydramine Hydrochloride","ACETAMINOPHEN,  DIPHENHYDRAMINE HYDROCHLORIDE","HUMAN OTC DRUG","12/01/2009","N/A","OTC MONOGRAPH DRUG","1 BOTTLE in 1 CARTON (41167-0040-2)  / 15 TABLET, FILM COATED in 1 BOTTLE","Histamine H1 Receptor Antagonists [MoA],  Histamine-1 Receptor Antagonist [EPC]","N/A","No","12/31/2027"
"Unisom PM Pain Nighttime Sleep Aid and Pain Reliever","41167-0040-4","325 mg/1,  50 mg/1","TABLET, FILM COATED","ORAL","M013","Chattem, Inc.","41167-0040","Acetaminophen and Diphenhydramine Hydrochloride","ACETAMINOPHEN,  DIPHENHYDRAMINE HYDROCHLORIDE","HUMAN OTC DRUG","12/01/2009","N/A","OTC MONOGRAPH DRUG","1 BOTTLE in 1 CARTON (41167-0040-4)  / 30 TABLET, FILM COATED in 1 BOTTLE","Histamine H1 Receptor Antagonists [MoA],  Histamine-1 Receptor Antagonist [EPC]","N/A","No","12/31/2027"
"Meijer Childrens Allergy Relief Bubblegum flavor","41250-710-08","12.5 mg/5mL","LIQUID","ORAL","M012","MEIJER DISTRIBUTION INC","41250-710","Diphenhydramine HCl","DIPHENHYDRAMINE HYDROCHLORIDE","HUMAN OTC DRUG","03/07/2017","N/A","OTC MONOGRAPH DRUG","1 BOTTLE, PLASTIC in 1 CARTON (41250-710-08)  / 118 mL in 1 BOTTLE, PLASTIC","Histamine H1 Receptor Antagonists [MoA],  Histamine-1 Receptor Antagonist [EPC]","N/A","No","12/31/2026"
"Sleep Aid NightTime","49580-0314-2","50 mg/30mL","LIQUID","ORAL","M010","P & L Development, LLC","49580-0314","Diphenhydramine HCl","DIPHENHYDRAMINE HYDROCHLORIDE","HUMAN OTC DRUG","08/31/2016","N/A","OTC MONOGRAPH DRUG","355 mL in 1 BOTTLE, PLASTIC (49580-0314-2)","Histamine H1 Receptor Antagonists [MoA],  Histamine-1 Receptor Antagonist [EPC]","N/A","No","12/31/2026"
"Sleep Aid NightTime","49580-0314-4","50 mg/30mL","LIQUID","ORAL","M010","P & L Development, LLC","49580-0314","Diphenhydramine HCl","DIPHENHYDRAMINE HYDROCHLORIDE","HUMAN OTC DRUG","08/31/2016","N/A","OTC MONOGRAPH DRUG","118 mL in 1 BOTTLE, PLASTIC (49580-0314-4)","Histamine H1 Receptor Antagonists [MoA],  Histamine-1 Receptor Antagonist [EPC]","N/A","No","12/31/2026"
"Sleep Aid NightTime","49580-0314-6","50 mg/30mL","LIQUID","ORAL","M010","P & L Development, LLC","49580-0314","Diphenhydramine HCl","DIPHENHYDRAMINE HYDROCHLORIDE","HUMAN OTC DRUG","08/31/2016","N/A","OTC MONOGRAPH DRUG","177 mL in 1 BOTTLE, PLASTIC (49580-0314-6)","Histamine H1 Receptor Antagonists [MoA],  Histamine-1 Receptor Antagonist [EPC]","N/A","No","12/31/2026"
"ACETAMINOPHEN, DIPHENHYDRAMINE HCL","69842-572-02","25 mg/1,  500 mg/1","TABLET, FILM COATED","ORAL","M013","CVS Pharmacy, Inc.","69842-572","ACETAMINOPHEN, DIPHENHYDRAMINE HCL","DIPHENHYDRAMINE HYDROCHLORIDE,  ACETAMINOPHEN","HUMAN OTC DRUG","02/02/2023","N/A","OTC MONOGRAPH DRUG","1 BOTTLE in 1 CARTON (69842-572-02)  / 225 TABLET, FILM COATED in 1 BOTTLE","Histamine H1 Receptor Antagonists [MoA],  Histamine-1 Receptor Antagonist [EPC]","N/A","No","12/31/2026"
"ACETAMINOPHEN, DIPHENHYDRAMINE HCL","69842-572-08","25 mg/1,  500 mg/1","TABLET, FILM COATED","ORAL","M013","CVS Pharmacy, Inc.","69842-572","ACETAMINOPHEN, DIPHENHYDRAMINE HCL","DIPHENHYDRAMINE HYDROCHLORIDE,  ACETAMINOPHEN","HUMAN OTC DRUG","07/23/2018","N/A","OTC MONOGRAPH DRUG","1 BOTTLE in 1 CARTON (69842-572-08)  / 24 TABLET, FILM COATED in 1 BOTTLE","Histamine H1 Receptor Antagonists [MoA],  Histamine-1 Receptor Antagonist [EPC]","N/A","No","12/31/2026"
"ACETAMINOPHEN, DIPHENHYDRAMINE HCL","69842-572-12","25 mg/1,  500 mg/1","TABLET, FILM COATED","ORAL","M013","CVS Pharmacy, Inc.","69842-572","ACETAMINOPHEN, DIPHENHYDRAMINE HCL","DIPHENHYDRAMINE HYDROCHLORIDE,  ACETAMINOPHEN","HUMAN OTC DRUG","07/23/2018","N/A","OTC MONOGRAPH DRUG","1 BOTTLE in 1 CARTON (69842-572-12)  / 100 TABLET, FILM COATED in 1 BOTTLE","Histamine H1 Receptor Antagonists [MoA],  Histamine-1 Receptor Antagonist [EPC]","N/A","No","12/31/2026"
"ACETAMINOPHEN, DIPHENHYDRAMINE HCL","69842-572-29","25 mg/1,  500 mg/1","TABLET, FILM COATED","ORAL","M013","CVS Pharmacy, Inc.","69842-572","ACETAMINOPHEN, DIPHENHYDRAMINE HCL","DIPHENHYDRAMINE HYDROCHLORIDE,  ACETAMINOPHEN","HUMAN OTC DRUG","07/23/2018","N/A","OTC MONOGRAPH DRUG","150 TABLET, FILM COATED in 1 BOTTLE (69842-572-29)","Histamine H1 Receptor Antagonists [MoA],  Histamine-1 Receptor Antagonist [EPC]","N/A","No","12/31/2026"
"Diphenhydramine Hydrochloride","51316-347-05","25 mg/1","CAPSULE","ORAL","M010","CVS Pharmacy, Inc","51316-347","Diphenhydramine Hydrochloride","DIPHENHYDRAMINE HYDROCHLORIDE","HUMAN OTC DRUG","02/02/2023","N/A","OTC MONOGRAPH DRUG","1 BOTTLE in 1 CARTON (51316-347-05)  / 120 CAPSULE in 1 BOTTLE","Histamine H1 Receptor Antagonists [MoA],  Histamine-1 Receptor Antagonist [EPC]","N/A","No","12/31/2026"
"Diphenhydramine Hydrochloride","51316-347-06","25 mg/1","CAPSULE","ORAL","M010","CVS Pharmacy, Inc","51316-347","Diphenhydramine Hydrochloride","DIPHENHYDRAMINE HYDROCHLORIDE","HUMAN OTC DRUG","04/20/2023","N/A","OTC MONOGRAPH DRUG","365 CAPSULE in 1 BOTTLE (51316-347-06)","Histamine H1 Receptor Antagonists [MoA],  Histamine-1 Receptor Antagonist [EPC]","N/A","No","12/31/2026"
"CAREALL Diphenhydramine","51824-056-01","25 mg/1","TABLET, COATED","ORAL","M012","New World Imports, Inc","51824-056","Diphenhydramine Hydrochloride","DIPHENHYDRAMINE HYDROCHLORIDE","HUMAN OTC DRUG","04/28/2016","12/01/2026","OTC MONOGRAPH DRUG","100 TABLET, COATED in 1 BOTTLE (51824-056-01)","Histamine H1 Receptor Antagonists [MoA],  Histamine-1 Receptor Antagonist [EPC]","N/A","No","N/A"
"Allergy","53943-113-01","25 mg/1","CAPSULE","ORAL","M012","DISCOUNT DRUG MART","53943-113","DIPHENHYDRAMINE HYDROCHLORIDE","DIPHENHYDRAMINE HYDROCHLORIDE","HUMAN OTC DRUG","11/30/2007","N/A","OTC MONOGRAPH DRUG","2 BLISTER PACK in 1 CARTON (53943-113-01)  / 12 CAPSULE in 1 BLISTER PACK","Histamine H1 Receptor Antagonists [MoA],  Histamine-1 Receptor Antagonist [EPC]","N/A","No","12/31/2026"
"Allergy","53943-113-03","25 mg/1","CAPSULE","ORAL","M012","DISCOUNT DRUG MART","53943-113","DIPHENHYDRAMINE HYDROCHLORIDE","DIPHENHYDRAMINE HYDROCHLORIDE","HUMAN OTC DRUG","11/30/2007","N/A","OTC MONOGRAPH DRUG","1 BOTTLE, PLASTIC in 1 CARTON (53943-113-03)  / 100 CAPSULE in 1 BOTTLE, PLASTIC","Histamine H1 Receptor Antagonists [MoA],  Histamine-1 Receptor Antagonist [EPC]","N/A","No","12/31/2026"
"Allergy Relief","68998-113-01","25 mg/1","CAPSULE","ORAL","M012","Marc Glassman, Inc.","68998-113","DIPHENHYDRAMINE HYDROCHLORIDE","DIPHENHYDRAMINE HYDROCHLORIDE","HUMAN OTC DRUG","03/01/2008","N/A","OTC MONOGRAPH DRUG","2 BLISTER PACK in 1 CARTON (68998-113-01)  / 12 CAPSULE in 1 BLISTER PACK","Histamine H1 Receptor Antagonists [MoA],  Histamine-1 Receptor Antagonist [EPC]","N/A","No","12/31/2026"
"Diphenhydramine Hydrochloride","71872-7005-1","50 mg/mL","INJECTION","INTRAMUSCULAR,  INTRAVENOUS","ANDA080817","Medical Purchasing Solutions, LLC","71872-7005","diphenhydramine hydrochloride","DIPHENHYDRAMINE HYDROCHLORIDE","HUMAN PRESCRIPTION DRUG","02/28/2018","N/A","ANDA","1 VIAL in 1 BAG (71872-7005-1)  / 1 mL in 1 VIAL","Histamine H1 Receptor Antagonists [MoA],  Histamine-1 Receptor Antagonist [EPC]","N/A","No","12/31/2026"
"Nighttime Pain Reliever plus Sleep Aid","79903-099-02","1000 mg/30mL,  50 mg/30mL","SOLUTION","ORAL","M013","WALMART INC.","79903-099","Acetaminophen, Diphenhydramine HCl","ACETAMINOPHEN,  DIPHENHYDRAMINE HYDROCHLORIDE","HUMAN OTC DRUG","01/12/2022","N/A","OTC MONOGRAPH DRUG","355 mL in 1 BOTTLE, PLASTIC (79903-099-02)","Histamine H1 Receptor Antagonists [MoA],  Histamine-1 Receptor Antagonist [EPC]","N/A","No","12/31/2027"
"VICKS ZzzQuil FREE and CLEAR NIGHTTIME SLEEP-AID","84126-371-12","50 mg/30mL","LIQUID","ORAL","M010","The Procter & Gamble Manufacturing Company","84126-371","Diphenhydramine Hydrochloride","DIPHENHYDRAMINE HYDROCHLORIDE","HUMAN OTC DRUG","02/03/2026","N/A","OTC MONOGRAPH DRUG","354 mL in 1 BOTTLE, PLASTIC (84126-371-12)","Histamine H1 Receptor Antagonists [MoA],  Histamine-1 Receptor Antagonist [EPC]","N/A","No","12/31/2026"
"good sense allergy relief","0113-0479-62","25 mg/1","TABLET","ORAL","M012","L. Perrigo Company","0113-0479","Diphenhydramine Hydrochloride","DIPHENHYDRAMINE HYDROCHLORIDE","HUMAN OTC DRUG","08/20/1991","N/A","OTC MONOGRAPH DRUG","24 BLISTER PACK in 1 CARTON (0113-0479-62)  / 1 TABLET in 1 BLISTER PACK","Histamine H1 Receptor Antagonists [MoA],  Histamine-1 Receptor Antagonist [EPC]","N/A","No","12/31/2026"
"good sense allergy relief","0113-0479-78","25 mg/1","TABLET","ORAL","M012","L. Perrigo Company","0113-0479","Diphenhydramine Hydrochloride","DIPHENHYDRAMINE HYDROCHLORIDE","HUMAN OTC DRUG","10/06/1993","N/A","OTC MONOGRAPH DRUG","1 BOTTLE in 1 CARTON (0113-0479-78)  / 100 TABLET in 1 BOTTLE","Histamine H1 Receptor Antagonists [MoA],  Histamine-1 Receptor Antagonist [EPC]","N/A","No","12/31/2026"
"good sense allergy relief","0113-0479-79","25 mg/1","TABLET","ORAL","M012","L. Perrigo Company","0113-0479","Diphenhydramine Hydrochloride","DIPHENHYDRAMINE HYDROCHLORIDE","HUMAN OTC DRUG","02/26/2001","N/A","OTC MONOGRAPH DRUG","400 TABLET in 1 BOTTLE (0113-0479-79)","Histamine H1 Receptor Antagonists [MoA],  Histamine-1 Receptor Antagonist [EPC]","N/A","No","12/31/2026"
"Medique at Home Diphen","47682-166-50","25 mg/1","TABLET, FILM COATED","ORAL","M012","Unifirst First Aid Corporation","47682-166","Diphenhydramine HCl","DIPHENHYDRAMINE HYDROCHLORIDE","HUMAN OTC DRUG","02/01/2021","N/A","OTC MONOGRAPH DRUG","50 PACKET in 1 BOX (47682-166-50)  / 1 TABLET, FILM COATED in 1 PACKET (47682-166-46)","Histamine H1 Receptor Antagonists [MoA],  Histamine-1 Receptor Antagonist [EPC]","N/A","No","12/31/2026"
"DIPHENHYDRAMINE HCL 12.5 MG PER 5 ML","82568-0016-4","12.5 mg/5mL","SOLUTION","ORAL","M012","AARNA USA INC.","82568-0016","DIPHENHYDRAMINE HCL 12.5 MG PER 5 ML","DIPHENHYDRAMINE","HUMAN OTC DRUG","04/14/2025","N/A","OTC MONOGRAPH DRUG","118 mL in 1 BOTTLE (82568-0016-4)","Histamine H1 Receptor Antagonists [MoA],  Histamine-1 Receptor Antagonist [EPC]","N/A","No","12/31/2026"
"DIPHENHYDRAMINE HCL 12.5 MG PER 5 ML","82568-0016-6","12.5 mg/5mL","SOLUTION","ORAL","M012","AARNA USA INC.","82568-0016","DIPHENHYDRAMINE HCL 12.5 MG PER 5 ML","DIPHENHYDRAMINE","HUMAN OTC DRUG","04/14/2025","N/A","OTC MONOGRAPH DRUG","473 mL in 1 BOTTLE (82568-0016-6)","Histamine H1 Receptor Antagonists [MoA],  Histamine-1 Receptor Antagonist [EPC]","N/A","No","12/31/2026"
"DIPHENHYDRAMINE HCL 12.5 MG PER 5 ML","82568-0016-8","12.5 mg/5mL","SOLUTION","ORAL","M012","AARNA USA INC.","82568-0016","DIPHENHYDRAMINE HCL 12.5 MG PER 5 ML","DIPHENHYDRAMINE","HUMAN OTC DRUG","04/14/2025","N/A","OTC MONOGRAPH DRUG","236 mL in 1 BOTTLE (82568-0016-8)","Histamine H1 Receptor Antagonists [MoA],  Histamine-1 Receptor Antagonist [EPC]","N/A","No","12/31/2026"
"Sleep Aid","11673-750-12","50 mg/30mL","LIQUID","ORAL","M010","TARGET Corporation","11673-750","Diphenhydramine HCl","DIPHENHYDRAMINE HYDROCHLORIDE","HUMAN OTC DRUG","10/31/2023","12/28/2026","OTC MONOGRAPH DRUG","355 mL in 1 BOTTLE, PLASTIC (11673-750-12)","Histamine H1 Receptor Antagonists [MoA],  Histamine-1 Receptor Antagonist [EPC]","N/A","No","N/A"
"Sleep Aid","11673-750-24","50 mg/30mL","LIQUID","ORAL","M010","TARGET Corporation","11673-750","Diphenhydramine HCl","DIPHENHYDRAMINE HYDROCHLORIDE","HUMAN OTC DRUG","10/31/2023","12/28/2026","OTC MONOGRAPH DRUG","2 BOTTLE, PLASTIC in 1 PACKAGE (11673-750-24)  / 355 mL in 1 BOTTLE, PLASTIC","Histamine H1 Receptor Antagonists [MoA],  Histamine-1 Receptor Antagonist [EPC]","N/A","No","N/A"
"Childrens Triacting Nighttime Cold and Cough ReadyInCase","49580-0379-4","2.5 mg/5mL,  6.25 mg/5mL","LIQUID","ORAL","M012","P & L Development, LLC","49580-0379","Diphenhydramine HCl, Phenylephrine HCl","PHENYLEPHRINE HYDROCHLORIDE,  DIPHENHYDRAMINE HYDROCHLORIDE","HUMAN OTC DRUG","11/30/2014","N/A","OTC MONOGRAPH DRUG","1 BOTTLE, PLASTIC in 1 BOX (49580-0379-4)  / 118 mL in 1 BOTTLE, PLASTIC","Adrenergic alpha1-Agonists [MoA],  Histamine H1 Receptor Antagonists [MoA],  Histamine-1 Receptor Antagonist [EPC],  alpha-1 Adrenergic Agonist [EPC]","N/A","No","12/31/2026"
"Allergy Relief","0363-5430-09","325 mg/1,  25 mg/1,  5 mg/1","TABLET, FILM COATED","ORAL","M012","Walgreen Company","0363-5430","ACETAMINOPHEN, DIPHENHYDRAMINE HCl, PHENYLEPHRINE HCl","ACETAMINOPHEN,  DIPHENHYDRAMINE HYDROCHLORIDE,  PHENYLEPHRINE HYDROCHLORIDE","HUMAN OTC DRUG","11/04/2021","N/A","OTC MONOGRAPH DRUG","2 BLISTER PACK in 1 CARTON (0363-5430-09)  / 10 TABLET, FILM COATED in 1 BLISTER PACK","Adrenergic alpha1-Agonists [MoA],  Histamine H1 Receptor Antagonists [MoA],  Histamine-1 Receptor Antagonist [EPC],  alpha-1 Adrenergic Agonist [EPC]","N/A","No","12/31/2026"
"Excedrin PM Triple Action Caplets and Excedrin Extra Strength Pain Reliever","0067-8148-01","N/A","KIT","N/A","M013","Haleon US Holdings LLC","0067-8148","Acetaminophen, Aspirin (NSAID), Caffeine, and Diphenhydramine Citrate","N/A","HUMAN OTC DRUG","05/01/2018","N/A","OTC MONOGRAPH DRUG","1 KIT in 1 PACKAGE, COMBINATION (0067-8148-01)  *  1 BOTTLE in 1 CARTON (0067-2056-24)  / 24 TABLET, COATED in 1 BOTTLE *  1 BOTTLE in 1 CARTON (0067-2000-91)  / 100 TABLET, FILM COATED in 1 BOTTLE","N/A","N/A","No","12/31/2027"
"Sleep Aid","81522-916-32","50 mg/1","CAPSULE","ORAL","M010","FSA Store Inc. (Caring Mills)","81522-916","Diphenhydramine HCL","DIPHENHYDRAMINE HYDROCHLORIDE","HUMAN OTC DRUG","10/08/2021","N/A","OTC MONOGRAPH DRUG","1 BOTTLE, PLASTIC in 1 BOX (81522-916-32)  / 32 CAPSULE in 1 BOTTLE, PLASTIC","Histamine H1 Receptor Antagonists [MoA],  Histamine-1 Receptor Antagonist [EPC]","N/A","No","12/31/2026"
"Vicks ZzzQuil NIGHT PAIN NIGHTTIME SLEEP-AID PAIN RELIEVER","84126-372-12","50 mg/30mL,  1000 mg/30mL","LIQUID","ORAL","M010","The Procter & Gamble Manufacturing Company","84126-372","Diphenhydramine HCl, Acetaminophen","DIPHENHYDRAMINE HYDROCHLORIDE,  ACETAMINOPHEN","HUMAN OTC DRUG","02/03/2026","N/A","OTC MONOGRAPH DRUG","354 mL in 1 BOTTLE (84126-372-12)","Histamine H1 Receptor Antagonists [MoA],  Histamine-1 Receptor Antagonist [EPC]","N/A","No","12/31/2027"
"Vicks ZzzQuil NIGHT PAIN NIGHTTIME SLEEP-AID PAIN RELIEVER","84126-372-24","50 mg/30mL,  1000 mg/30mL","LIQUID","ORAL","M010","The Procter & Gamble Manufacturing Company","84126-372","Diphenhydramine HCl, Acetaminophen","DIPHENHYDRAMINE HYDROCHLORIDE,  ACETAMINOPHEN","HUMAN OTC DRUG","02/03/2026","N/A","OTC MONOGRAPH DRUG","2 BOTTLE in 1 CARTON (84126-372-24)  / 354 mL in 1 BOTTLE","Histamine H1 Receptor Antagonists [MoA],  Histamine-1 Receptor Antagonist [EPC]","N/A","No","12/31/2027"
"Medique Diphen","47682-167-46","25 mg/1","TABLET, FILM COATED","ORAL","M012","Unifirst First Aid Corporation","47682-167","DIPHENHYDRAMINE HYDROCHLORIDE","DIPHENHYDRAMINE HYDROCHLORIDE","HUMAN OTC DRUG","01/01/2012","N/A","OTC MONOGRAPH DRUG","1 TABLET, FILM COATED in 1 PACKET (47682-167-46)","Histamine H1 Receptor Antagonists [MoA],  Histamine-1 Receptor Antagonist [EPC]","N/A","No","12/31/2026"
"Medique Diphen","47682-167-47","25 mg/1","TABLET, FILM COATED","ORAL","M012","Unifirst First Aid Corporation","47682-167","DIPHENHYDRAMINE HYDROCHLORIDE","DIPHENHYDRAMINE HYDROCHLORIDE","HUMAN OTC DRUG","01/01/2012","N/A","OTC MONOGRAPH DRUG","200 PACKET in 1 BOX (47682-167-47)  / 1 TABLET, FILM COATED in 1 PACKET (47682-167-46)","Histamine H1 Receptor Antagonists [MoA],  Histamine-1 Receptor Antagonist [EPC]","N/A","No","12/31/2026"
"Medique Diphen","47682-167-64","25 mg/1","TABLET, FILM COATED","ORAL","M012","Unifirst First Aid Corporation","47682-167","DIPHENHYDRAMINE HYDROCHLORIDE","DIPHENHYDRAMINE HYDROCHLORIDE","HUMAN OTC DRUG","01/01/2012","N/A","OTC MONOGRAPH DRUG","24 PACKET in 1 BOX (47682-167-64)  / 1 TABLET, FILM COATED in 1 PACKET","Histamine H1 Receptor Antagonists [MoA],  Histamine-1 Receptor Antagonist [EPC]","N/A","No","12/31/2026"
"Childrens Allergy","63941-292-04","12.5 mg/5mL","LIQUID","ORAL","M012","Best Choice (Valu Merchandisers Company)","63941-292","Diphenhydramine HCl","DIPHENHYDRAMINE HYDROCHLORIDE","HUMAN OTC DRUG","03/31/2015","11/28/2026","OTC MONOGRAPH DRUG","1 BOTTLE, PLASTIC in 1 BOX (63941-292-04)  / 118 mL in 1 BOTTLE, PLASTIC","Histamine H1 Receptor Antagonists [MoA],  Histamine-1 Receptor Antagonist [EPC]","N/A","No","N/A"
"Sinus Pressure and Pain Daytime Nighttime Maximum Strength","0363-6156-09","N/A","KIT","N/A","M012","Walgreen Company","0363-6156","Acetaminophen, Diphenhydramine HCl, Guaifenesin, Phenylephrine HCl","N/A","HUMAN OTC DRUG","06/02/2018","N/A","OTC MONOGRAPH DRUG","1 KIT in 1 CARTON (0363-6156-09)  *  12 TABLET, FILM COATED in 1 BLISTER PACK *  8 TABLET, FILM COATED in 1 BLISTER PACK","N/A","N/A","No","12/31/2027"
"Vicks PainQuil PM LIQUICAPS PAIN RELIEVER plus NIGHTTIME SLEEP-AID","84126-375-01","500 mg/1,  25 mg/1","CAPSULE, LIQUID FILLED","ORAL","M013","The Procter & Gamble Manufacturing Company","84126-375","Acetaminophen, Diphenhydramine HCl","ACETAMINOPHEN,  DIPHENHYDRAMINE HCL","HUMAN OTC DRUG","03/17/2026","N/A","OTC MONOGRAPH DRUG","1 BOTTLE in 1 CARTON (84126-375-01)  / 100 CAPSULE, LIQUID FILLED in 1 BOTTLE","Histamine H1 Receptor Antagonists [MoA],  Histamine-1 Receptor Antagonist [EPC]","N/A","No","12/31/2027"
"Sleep Aid","30142-715-32","50 mg/1","CAPSULE","ORAL","M010","The Kroger Co.","30142-715","Diphenhydramine HCL","DIPHENHYDRAMINE HYDROCHLORIDE","HUMAN OTC DRUG","03/26/2021","N/A","OTC MONOGRAPH DRUG","1 BOTTLE, PLASTIC in 1 BOX (30142-715-32)  / 32 CAPSULE in 1 BOTTLE, PLASTIC","Histamine H1 Receptor Antagonists [MoA],  Histamine-1 Receptor Antagonist [EPC]","N/A","No","12/31/2027"
"Sleep Aid","30142-715-92","50 mg/1","CAPSULE","ORAL","M010","The Kroger Co.","30142-715","Diphenhydramine HCL","DIPHENHYDRAMINE HYDROCHLORIDE","HUMAN OTC DRUG","03/26/2021","N/A","OTC MONOGRAPH DRUG","2 BOTTLE, PLASTIC in 1 PACKAGE (30142-715-92)  / 96 CAPSULE in 1 BOTTLE, PLASTIC","Histamine H1 Receptor Antagonists [MoA],  Histamine-1 Receptor Antagonist [EPC]","N/A","No","12/31/2027"
"Sleep Aid","30142-715-96","50 mg/1","CAPSULE","ORAL","M010","The Kroger Co.","30142-715","Diphenhydramine HCL","DIPHENHYDRAMINE HYDROCHLORIDE","HUMAN OTC DRUG","03/26/2021","N/A","OTC MONOGRAPH DRUG","96 CAPSULE in 1 BOTTLE, PLASTIC (30142-715-96)","Histamine H1 Receptor Antagonists [MoA],  Histamine-1 Receptor Antagonist [EPC]","N/A","No","12/31/2027"
"Sleep Aid Nighttime","51316-367-12","25 mg/1","TABLET, FILM COATED","ORAL","M010","CVS WOONSOCKET PRESCRIPTION CENTER, INCORPORATED","51316-367","Diphenhydramine HCl","DIPHENHYDRAMINE HYDROCHLORIDE","HUMAN OTC DRUG","07/09/2025","N/A","OTC MONOGRAPH DRUG","1 BOTTLE, PLASTIC in 1 CARTON (51316-367-12)  / 100 TABLET, FILM COATED in 1 BOTTLE, PLASTIC","Histamine H1 Receptor Antagonists [MoA],  Histamine-1 Receptor Antagonist [EPC]","N/A","No","12/31/2026"
"Pain Relief PM Extra Strength","55910-655-10","500 mg/1,  25 mg/1","TABLET, COATED","ORAL","M013","DOLGENCORP, LLC","55910-655","Acetaminophen and Diphenhydramine HCl","ACETAMINOPHEN,  DIPHENHYDRAMINE HYDROCHLORIDE","HUMAN OTC DRUG","12/17/2007","N/A","OTC MONOGRAPH DRUG","1 BOTTLE, PLASTIC in 1 CARTON (55910-655-10)  / 40 TABLET, COATED in 1 BOTTLE, PLASTIC","Histamine H1 Receptor Antagonists [MoA],  Histamine-1 Receptor Antagonist [EPC]","N/A","No","12/31/2027"
"Pain Relief PM Extra Strength","55910-655-31","500 mg/1,  25 mg/1","TABLET, COATED","ORAL","M013","DOLGENCORP, LLC","55910-655","Acetaminophen and Diphenhydramine HCl","ACETAMINOPHEN,  DIPHENHYDRAMINE HYDROCHLORIDE","HUMAN OTC DRUG","12/17/2007","N/A","OTC MONOGRAPH DRUG","1 BOTTLE, PLASTIC in 1 CARTON (55910-655-31)  / 80 TABLET, COATED in 1 BOTTLE, PLASTIC","Histamine H1 Receptor Antagonists [MoA],  Histamine-1 Receptor Antagonist [EPC]","N/A","No","12/31/2027"
"Somnapure Clinical Strength","69721-005-30","50 mg/1","TABLET, COATED","ORAL","M010","Force Factor Brands LLC","69721-005","Diphenhydramine Hydrochloride","DIPHENHYDRAMINE HYDROCHLORIDE","HUMAN OTC DRUG","03/20/2018","N/A","OTC MONOGRAPH DRUG","1 BOTTLE in 1 CARTON (69721-005-30)  / 30 TABLET, COATED in 1 BOTTLE","Histamine H1 Receptor Antagonists [MoA],  Histamine-1 Receptor Antagonist [EPC]","N/A","No","12/31/2026"
"Itch Relief","59779-708-64","2 g/100g,  .1 g/100g","CREAM","TOPICAL","M017","CVS Pharmacy","59779-708","Diphenhydramine Hydrochloride, Zinc Acetate","DIPHENHYDRAMINE HYDROCHLORIDE,  ZINC ACETATE","HUMAN OTC DRUG","06/08/2005","N/A","OTC MONOGRAPH DRUG","1 TUBE in 1 CARTON (59779-708-64)  / 28 g in 1 TUBE","Copper Absorption Inhibitor [EPC],  Decreased Copper Ion Absorption [PE],  Histamine H1 Receptor Antagonists [MoA],  Histamine-1 Receptor Antagonist [EPC]","N/A","No","12/31/2027"
"Nighttime SleepAid","61504-091-03","25 mg/1","TABLET, COATED","ORAL","M010","AMERIFOODS TRADING COMPANY","61504-091","DIPHENHYDRAMINE HYDROCHLORIDE","DIPHENHYDRAMINE HYDROCHLORIDE","HUMAN OTC DRUG","11/20/2025","N/A","OTC MONOGRAPH DRUG","1 BOTTLE, PLASTIC in 1 CARTON (61504-091-03)  / 100 TABLET, COATED in 1 BOTTLE, PLASTIC","Histamine H1 Receptor Antagonists [MoA],  Histamine-1 Receptor Antagonist [EPC]","N/A","No","12/31/2026"
"Benadryl","71205-521-06","25 mg/1","TABLET, FILM COATED","ORAL","M012","Proficient Rx LP","71205-521","Diphenhydramine Hydrochloride","DIPHENHYDRAMINE HYDROCHLORIDE","HUMAN OTC DRUG","01/01/2021","N/A","OTC MONOGRAPH DRUG","3 POUCH in 1 BAG (71205-521-06)  / 2 TABLET, FILM COATED in 1 POUCH","Histamine H1 Receptor Antagonists [MoA],  Histamine-1 Receptor Antagonist [EPC]","N/A","No","12/31/2026"
"Pain Reliever PM","11673-754-10","500 mg/1,  25 mg/1","TABLET, COATED","ORAL","M013","TARGET Corporation","11673-754","Acetaminophen, Diphenhydramine HCl","ACETAMINOPHEN,  DIPHENHYDRAMINE HYDROCHLORIDE","HUMAN OTC DRUG","08/01/2023","N/A","OTC MONOGRAPH DRUG","1 BOTTLE, PLASTIC in 1 BOX (11673-754-10)  / 100 TABLET, COATED in 1 BOTTLE, PLASTIC","Histamine H1 Receptor Antagonists [MoA],  Histamine-1 Receptor Antagonist [EPC]","N/A","No","12/31/2026"
"Cold and Congestion Childrens Nighttime","0363-0058-04","12.5 mg/10mL,  5 mg/10mL","LIQUID","ORAL","M012","Walgreens","0363-0058","Diphenhydramine HCI, Phenylephrine HCl","DIPHENHYDRAMINE HYDROCHLORIDE,  PHENYLEPHRINE HYDROCHLORIDE","HUMAN OTC DRUG","03/31/2016","N/A","OTC MONOGRAPH DRUG","118 mL in 1 BOTTLE, PLASTIC (0363-0058-04)","Adrenergic alpha1-Agonists [MoA],  Histamine H1 Receptor Antagonists [MoA],  Histamine-1 Receptor Antagonist [EPC],  alpha-1 Adrenergic Agonist [EPC]","N/A","No","12/31/2026"
"Vicks PainQuil and Vicks PainQuil PM LIQUICAPS PAIN RELIEVER","84126-377-20","N/A","KIT","ORAL","M013","The Procter & Gamble Manufacturing Company","84126-377","Acetaminophen, Diphenhydramine HCl","N/A","HUMAN OTC DRUG","03/17/2026","N/A","OTC MONOGRAPH DRUG","1 KIT in 1 CARTON (84126-377-20)  *  1 BOTTLE in 1 CARTON (84126-376-01)  / 100 CAPSULE, LIQUID FILLED in 1 BOTTLE *  1 BOTTLE in 1 CARTON (84126-375-01)  / 100 CAPSULE, LIQUID FILLED in 1 BOTTLE","N/A","N/A","No","12/31/2027"
"Nyt Time Sleep Caps","53943-128-03","25 mg/1","TABLET","ORAL","M013","DISCOUNT DRUG MART","53943-128","DIPHENHYDRAMINE HYDROCHLORIDE","DIPHENHYDRAMINE HYDROCHLORIDE","HUMAN OTC DRUG","06/27/2007","06/30/2027","OTC MONOGRAPH DRUG","1 BOTTLE, PLASTIC in 1 CARTON (53943-128-03)  / 72 TABLET in 1 BOTTLE, PLASTIC","Histamine H1 Receptor Antagonists [MoA],  Histamine-1 Receptor Antagonist [EPC]","N/A","No","N/A"
"Allergy Relief","61504-090-03","25 mg/1","TABLET, COATED","ORAL","M012","AMERIFOODS TRADING COMPANY","61504-090","DIPHENHYDRAMINE HYDROCHLORIDE","DIPHENHYDRAMINE HYDROCHLORIDE","HUMAN OTC DRUG","10/30/2023","N/A","OTC MONOGRAPH DRUG","1 BOTTLE, PLASTIC in 1 CARTON (61504-090-03)  / 100 TABLET, COATED in 1 BOTTLE, PLASTIC","Histamine H1 Receptor Antagonists [MoA],  Histamine-1 Receptor Antagonist [EPC]","N/A","No","12/31/2026"
"Sleep-Aid, Lil Drug Store","66715-6643-8","25 mg/1","TABLET, FILM COATED","ORAL","M010","Lil' Drug Store Products, Inc.","66715-6643","Diphenhydramine HCl caplet, 25mg","DIPHENHYDRAMINE HYDROCHLORIDE","HUMAN OTC DRUG","12/20/2021","N/A","OTC MONOGRAPH DRUG","2 BLISTER PACK in 1 CARTON (66715-6643-8)  / 12 TABLET, FILM COATED in 1 BLISTER PACK","Histamine H1 Receptor Antagonists [MoA],  Histamine-1 Receptor Antagonist [EPC]","N/A","No","12/31/2026"
"ZzzQuil Nighttime Sleep-Aid","37000-500-01","50 mg/30mL","LIQUID","ORAL","M010","The Procter & Gamble Manufacturing Company","37000-500","DIPHENHYDRAMINE HYDROCHLORIDE","DIPHENHYDRAMINE HYDROCHLORIDE","HUMAN OTC DRUG","01/25/2023","N/A","OTC MONOGRAPH DRUG","30 mL in 1 BOTTLE, PLASTIC (37000-500-01)","Histamine H1 Receptor Antagonists [MoA],  Histamine-1 Receptor Antagonist [EPC]","N/A","No","12/31/2027"
"ZzzQuil Nighttime Sleep-Aid","37000-500-06","50 mg/30mL","LIQUID","ORAL","M010","The Procter & Gamble Manufacturing Company","37000-500","DIPHENHYDRAMINE HYDROCHLORIDE","DIPHENHYDRAMINE HYDROCHLORIDE","HUMAN OTC DRUG","12/08/2011","N/A","OTC MONOGRAPH DRUG","177 mL in 1 BOTTLE, PLASTIC (37000-500-06)","Histamine H1 Receptor Antagonists [MoA],  Histamine-1 Receptor Antagonist [EPC]","N/A","No","12/31/2027"
"ZzzQuil Nighttime Sleep-Aid","37000-500-08","50 mg/30mL","LIQUID","ORAL","M010","The Procter & Gamble Manufacturing Company","37000-500","DIPHENHYDRAMINE HYDROCHLORIDE","DIPHENHYDRAMINE HYDROCHLORIDE","HUMAN OTC DRUG","01/25/2023","N/A","OTC MONOGRAPH DRUG","8 BOTTLE, PLASTIC in 1 PACKAGE, COMBINATION (37000-500-08)  / 30 mL in 1 BOTTLE, PLASTIC","Histamine H1 Receptor Antagonists [MoA],  Histamine-1 Receptor Antagonist [EPC]","N/A","No","12/31/2027"
"ZzzQuil Nighttime Sleep-Aid","37000-500-12","50 mg/30mL","LIQUID","ORAL","M010","The Procter & Gamble Manufacturing Company","37000-500","DIPHENHYDRAMINE HYDROCHLORIDE","DIPHENHYDRAMINE HYDROCHLORIDE","HUMAN OTC DRUG","12/08/2011","N/A","OTC MONOGRAPH DRUG","354 mL in 1 BOTTLE, PLASTIC (37000-500-12)","Histamine H1 Receptor Antagonists [MoA],  Histamine-1 Receptor Antagonist [EPC]","N/A","No","12/31/2027"
"ZzzQuil Nighttime Sleep-Aid","37000-500-24","50 mg/30mL","LIQUID","ORAL","M010","The Procter & Gamble Manufacturing Company","37000-500","DIPHENHYDRAMINE HYDROCHLORIDE","DIPHENHYDRAMINE HYDROCHLORIDE","HUMAN OTC DRUG","12/08/2011","N/A","OTC MONOGRAPH DRUG","2 BOTTLE, PLASTIC in 1 PACKAGE, COMBINATION (37000-500-24)  / 354 mL in 1 BOTTLE, PLASTIC (37000-500-12)","Histamine H1 Receptor Antagonists [MoA],  Histamine-1 Receptor Antagonist [EPC]","N/A","No","12/31/2027"
"ZzzQuil Nighttime Sleep-Aid","37000-500-36","50 mg/30mL","LIQUID","ORAL","M010","The Procter & Gamble Manufacturing Company","37000-500","DIPHENHYDRAMINE HYDROCHLORIDE","DIPHENHYDRAMINE HYDROCHLORIDE","HUMAN OTC DRUG","12/08/2011","N/A","OTC MONOGRAPH DRUG","3 BOTTLE, PLASTIC in 1 PACKAGE, COMBINATION (37000-500-36)  / 354 mL in 1 BOTTLE, PLASTIC (37000-500-12)","Histamine H1 Receptor Antagonists [MoA],  Histamine-1 Receptor Antagonist [EPC]","N/A","No","12/31/2027"
"equaline ibuprofen pm","41163-050-27","38 mg/1,  200 mg/1","TABLET, FILM COATED","ORAL","ANDA079113","United Natural Foods, Inc. dba UNFI","41163-050","diphenhydramine citrate, ibuprofen","DIPHENHYDRAMINE CITRATE,  IBUPROFEN","HUMAN OTC DRUG","03/02/2009","N/A","ANDA","1 BOTTLE in 1 CARTON (41163-050-27)  / 80 TABLET, FILM COATED in 1 BOTTLE","Anti-Inflammatory Agents,  Non-Steroidal [CS],  Cyclooxygenase Inhibitors [MoA],  Histamine H1 Receptor Antagonists [MoA],  Histamine-1 Receptor Antagonist [EPC],  Nonsteroidal Anti-inflammatory Drug [EPC]","N/A","No","12/31/2026"
"equaline ibuprofen pm","41163-050-58","38 mg/1,  200 mg/1","TABLET, FILM COATED","ORAL","ANDA079113","United Natural Foods, Inc. dba UNFI","41163-050","diphenhydramine citrate, ibuprofen","DIPHENHYDRAMINE CITRATE,  IBUPROFEN","HUMAN OTC DRUG","03/21/2009","N/A","ANDA","1 BOTTLE in 1 CARTON (41163-050-58)  / 40 TABLET, FILM COATED in 1 BOTTLE","Anti-Inflammatory Agents,  Non-Steroidal [CS],  Cyclooxygenase Inhibitors [MoA],  Histamine H1 Receptor Antagonists [MoA],  Histamine-1 Receptor Antagonist [EPC],  Nonsteroidal Anti-inflammatory Drug [EPC]","N/A","No","12/31/2026"
"equaline ibuprofen pm","41163-050-60","38 mg/1,  200 mg/1","TABLET, FILM COATED","ORAL","ANDA079113","United Natural Foods, Inc. dba UNFI","41163-050","diphenhydramine citrate, ibuprofen","DIPHENHYDRAMINE CITRATE,  IBUPROFEN","HUMAN OTC DRUG","01/11/2012","N/A","ANDA","1 BOTTLE in 1 CARTON (41163-050-60)  / 20 TABLET, FILM COATED in 1 BOTTLE","Anti-Inflammatory Agents,  Non-Steroidal [CS],  Cyclooxygenase Inhibitors [MoA],  Histamine H1 Receptor Antagonists [MoA],  Histamine-1 Receptor Antagonist [EPC],  Nonsteroidal Anti-inflammatory Drug [EPC]","N/A","No","12/31/2026"
"Allergy Relief","46122-828-51","25 mg/1","CAPSULE, LIQUID FILLED","ORAL","M012","AMERISOURCE BERGEN","46122-828","Diphenhydramine HCl","DIPHENHYDRAMINE HYDROCHLORIDE","HUMAN OTC DRUG","03/09/2026","N/A","OTC MONOGRAPH DRUG","2 BLISTER PACK in 1 CARTON (46122-828-51)  / 12 CAPSULE, LIQUID FILLED in 1 BLISTER PACK","Histamine H1 Receptor Antagonists [MoA],  Histamine-1 Receptor Antagonist [EPC]","N/A","No","12/31/2027"
"CAREALL Non-Aspirin PM Extra Strength","51824-069-50","500 mg/1,  25 mg/1","TABLET","ORAL","M013","New World Imports, Inc","51824-069","Acetaminophen, Diphenhydramine HCl","ACETAMINOPHEN,  DIPHENHYDRAMINE HYDROCHLORIDE","HUMAN OTC DRUG","11/30/2018","N/A","OTC MONOGRAPH DRUG","50 TABLET in 1 BOTTLE (51824-069-50)","Histamine H1 Receptor Antagonists [MoA],  Histamine-1 Receptor Antagonist [EPC]","N/A","No","12/31/2026"
"Benadryl Allergy EXTRA STRENGTH","50580-533-24","50 mg/1","TABLET, FILM COATED","ORAL","M012","Kenvue Brands LLC","50580-533","Diphenhydramine Hydrochloride","DIPHENHYDRAMINE HYDROCHLORIDE","HUMAN OTC DRUG","07/05/2022","N/A","OTC MONOGRAPH DRUG","2 BLISTER PACK in 1 CARTON (50580-533-24)  / 12 TABLET, FILM COATED in 1 BLISTER PACK","Histamine H1 Receptor Antagonists [MoA],  Histamine-1 Receptor Antagonist [EPC]","N/A","No","12/31/2026"
"Acetaminophen and Diphenhydramine hydrochloride","58602-760-14","500 mg/1,  25 mg/1","TABLET","ORAL","M013","Aurohealth LLC","58602-760","Acetaminophen and Diphenhydramine hydrochloride","ACETAMINOPHEN,  DIPHENHYDRAMINE HYDROCHLORIDE","HUMAN OTC DRUG","01/05/2021","N/A","OTC MONOGRAPH DRUG","1 BOTTLE in 1 CARTON (58602-760-14)  / 50 TABLET in 1 BOTTLE","Histamine H1 Receptor Antagonists [MoA],  Histamine-1 Receptor Antagonist [EPC]","N/A","No","12/31/2026"
"Acetaminophen and Diphenhydramine hydrochloride","58602-760-73","500 mg/1,  25 mg/1","TABLET","ORAL","M013","Aurohealth LLC","58602-760","Acetaminophen and Diphenhydramine hydrochloride","ACETAMINOPHEN,  DIPHENHYDRAMINE HYDROCHLORIDE","HUMAN OTC DRUG","01/05/2021","N/A","OTC MONOGRAPH DRUG","1 BOTTLE in 1 CARTON (58602-760-73)  / 20 TABLET in 1 BOTTLE","Histamine H1 Receptor Antagonists [MoA],  Histamine-1 Receptor Antagonist [EPC]","N/A","No","12/31/2026"
"Sleep Aid","0363-6720-12","25 mg/1","TABLET, FILM COATED","ORAL","M010","Walgreen Company","0363-6720","Diphenhydramine HCl","DIPHENHYDRAMINE HYDROCHLORIDE","HUMAN OTC DRUG","03/18/2022","N/A","OTC MONOGRAPH DRUG","1 BOTTLE, PLASTIC in 1 CARTON (0363-6720-12)  / 100 TABLET, FILM COATED in 1 BOTTLE, PLASTIC","Histamine H1 Receptor Antagonists [MoA],  Histamine-1 Receptor Antagonist [EPC]","N/A","No","12/31/2027"
"Sleep Aid","0363-6720-51","25 mg/1","TABLET, FILM COATED","ORAL","M010","Walgreen Company","0363-6720","Diphenhydramine HCl","DIPHENHYDRAMINE HYDROCHLORIDE","HUMAN OTC DRUG","03/18/2022","N/A","OTC MONOGRAPH DRUG","365 TABLET, FILM COATED in 1 BOTTLE, PLASTIC (0363-6720-51)","Histamine H1 Receptor Antagonists [MoA],  Histamine-1 Receptor Antagonist [EPC]","N/A","No","12/31/2027"
"ZzzQuil Nighttime Sleep-Aid","37000-501-02","25 mg/1","CAPSULE, GELATIN COATED","ORAL","M010","The Procter & Gamble Manufacturing Company","37000-501","Diphenhydramine Hydrochloride","DIPHENHYDRAMINE HYDROCHLORIDE","HUMAN OTC DRUG","08/24/2015","N/A","OTC MONOGRAPH DRUG","2 CAPSULE, GELATIN COATED in 1 BLISTER PACK (37000-501-02)","Histamine H1 Receptor Antagonists [MoA],  Histamine-1 Receptor Antagonist [EPC]","N/A","No","12/31/2027"
"ZzzQuil Nighttime Sleep-Aid","37000-501-08","25 mg/1","CAPSULE, GELATIN COATED","ORAL","M010","The Procter & Gamble Manufacturing Company","37000-501","Diphenhydramine Hydrochloride","DIPHENHYDRAMINE HYDROCHLORIDE","HUMAN OTC DRUG","06/07/2022","N/A","OTC MONOGRAPH DRUG","8 BLISTER PACK in 1 CARTON (37000-501-08)  / 2 CAPSULE, GELATIN COATED in 1 BLISTER PACK","Histamine H1 Receptor Antagonists [MoA],  Histamine-1 Receptor Antagonist [EPC]","N/A","No","12/31/2027"
"ZzzQuil Nighttime Sleep-Aid","37000-501-12","25 mg/1","CAPSULE, GELATIN COATED","ORAL","M010","The Procter & Gamble Manufacturing Company","37000-501","Diphenhydramine Hydrochloride","DIPHENHYDRAMINE HYDROCHLORIDE","HUMAN OTC DRUG","12/08/2011","N/A","OTC MONOGRAPH DRUG","6 BLISTER PACK in 1 CARTON (37000-501-12)  / 2 CAPSULE, GELATIN COATED in 1 BLISTER PACK","Histamine H1 Receptor Antagonists [MoA],  Histamine-1 Receptor Antagonist [EPC]","N/A","No","12/31/2027"
"ZzzQuil Nighttime Sleep-Aid","37000-501-24","25 mg/1","CAPSULE, GELATIN COATED","ORAL","M010","The Procter & Gamble Manufacturing Company","37000-501","Diphenhydramine Hydrochloride","DIPHENHYDRAMINE HYDROCHLORIDE","HUMAN OTC DRUG","12/08/2011","N/A","OTC MONOGRAPH DRUG","12 BLISTER PACK in 1 CARTON (37000-501-24)  / 2 CAPSULE, GELATIN COATED in 1 BLISTER PACK","Histamine H1 Receptor Antagonists [MoA],  Histamine-1 Receptor Antagonist [EPC]","N/A","No","12/31/2027"
"ZzzQuil Nighttime Sleep-Aid","37000-501-48","25 mg/1","CAPSULE, GELATIN COATED","ORAL","M010","The Procter & Gamble Manufacturing Company","37000-501","Diphenhydramine Hydrochloride","DIPHENHYDRAMINE HYDROCHLORIDE","HUMAN OTC DRUG","12/08/2011","N/A","OTC MONOGRAPH DRUG","24 BLISTER PACK in 1 CARTON (37000-501-48)  / 2 CAPSULE, GELATIN COATED in 1 BLISTER PACK","Histamine H1 Receptor Antagonists [MoA],  Histamine-1 Receptor Antagonist [EPC]","N/A","No","12/31/2027"
"ZzzQuil Nighttime Sleep-Aid","37000-501-72","25 mg/1","CAPSULE, GELATIN COATED","ORAL","M010","The Procter & Gamble Manufacturing Company","37000-501","Diphenhydramine Hydrochloride","DIPHENHYDRAMINE HYDROCHLORIDE","HUMAN OTC DRUG","12/08/2011","N/A","OTC MONOGRAPH DRUG","36 BLISTER PACK in 1 CARTON (37000-501-72)  / 2 CAPSULE, GELATIN COATED in 1 BLISTER PACK","Histamine H1 Receptor Antagonists [MoA],  Histamine-1 Receptor Antagonist [EPC]","N/A","No","12/31/2027"
"ZzzQuil Nighttime Sleep-Aid","37000-501-96","25 mg/1","CAPSULE, GELATIN COATED","ORAL","M010","The Procter & Gamble Manufacturing Company","37000-501","Diphenhydramine Hydrochloride","DIPHENHYDRAMINE HYDROCHLORIDE","HUMAN OTC DRUG","01/01/2020","N/A","OTC MONOGRAPH DRUG","2 CARTON in 1 CELLO PACK (37000-501-96)  / 24 BLISTER PACK in 1 CARTON / 2 CAPSULE, GELATIN COATED in 1 BLISTER PACK","Histamine H1 Receptor Antagonists [MoA],  Histamine-1 Receptor Antagonist [EPC]","N/A","No","12/31/2027"
"CareOne Childrens Allergy Relief","41520-632-26","12.5 mg/5mL","SOLUTION","ORAL","M012","American Sales Company","41520-632","Diphenhydramine HCl","DIPHENHYDRAMINE HYDROCHLORIDE","HUMAN OTC DRUG","04/12/2016","N/A","OTC MONOGRAPH DRUG","1 BOTTLE in 1 CARTON (41520-632-26)  / 118 mL in 1 BOTTLE","Histamine H1 Receptor Antagonists [MoA],  Histamine-1 Receptor Antagonist [EPC]","N/A","No","12/31/2026"
"Allergy Relief","46122-829-51","50 mg/1","TABLET","ORAL","M012","AMERISOURCE BERGEN","46122-829","Diphenhydramine HCl","DIPHENHYDRAMINE HYDROCHLORIDE","HUMAN OTC DRUG","05/04/2026","N/A","OTC MONOGRAPH DRUG","2 BLISTER PACK in 1 CARTON (46122-829-51)  / 12 TABLET in 1 BLISTER PACK","Histamine H1 Receptor Antagonists [MoA],  Histamine-1 Receptor Antagonist [EPC]","N/A","No","12/31/2027"
"Pain Relief PM","61504-095-03","500 mg/1,  25 mg/1","TABLET, COATED","ORAL","M013","AMERIFOODS TRADING COMPANY","61504-095","Acetaminophen and Diphenhydramine Hydrochloride","ACETAMINOPHEN,  DIPHENHYDRAMINE HYDROCHLORIDE","HUMAN OTC DRUG","10/30/2023","N/A","OTC MONOGRAPH DRUG","1 BOTTLE, PLASTIC in 1 CARTON (61504-095-03)  / 100 TABLET, COATED in 1 BOTTLE, PLASTIC","Histamine H1 Receptor Antagonists [MoA],  Histamine-1 Receptor Antagonist [EPC]","N/A","No","12/31/2026"
"Allergy Relief","63868-492-03","25 mg/1","TABLET, COATED","ORAL","M012","Chain Drug Marketing Association","63868-492","DIPHENHYDRAMINE HYDROCHLORIDE","DIPHENHYDRAMINE HYDROCHLORIDE","HUMAN OTC DRUG","06/22/2014","N/A","OTC MONOGRAPH DRUG","1 BOTTLE, PLASTIC in 1 CARTON (63868-492-03)  / 300 TABLET, COATED in 1 BOTTLE, PLASTIC","Histamine H1 Receptor Antagonists [MoA],  Histamine-1 Receptor Antagonist [EPC]","N/A","No","12/31/2026"
"Allergy Relief","63868-492-10","25 mg/1","TABLET, COATED","ORAL","M012","Chain Drug Marketing Association","63868-492","DIPHENHYDRAMINE HYDROCHLORIDE","DIPHENHYDRAMINE HYDROCHLORIDE","HUMAN OTC DRUG","06/13/2014","N/A","OTC MONOGRAPH DRUG","1 BOTTLE, PLASTIC in 1 CARTON (63868-492-10)  / 100 TABLET, COATED in 1 BOTTLE, PLASTIC","Histamine H1 Receptor Antagonists [MoA],  Histamine-1 Receptor Antagonist [EPC]","N/A","No","12/31/2026"
"Allergy Relief","63868-492-24","25 mg/1","TABLET, COATED","ORAL","M012","Chain Drug Marketing Association","63868-492","DIPHENHYDRAMINE HYDROCHLORIDE","DIPHENHYDRAMINE HYDROCHLORIDE","HUMAN OTC DRUG","06/13/2014","N/A","OTC MONOGRAPH DRUG","2 BLISTER PACK in 1 CARTON (63868-492-24)  / 12 TABLET, COATED in 1 BLISTER PACK","Histamine H1 Receptor Antagonists [MoA],  Histamine-1 Receptor Antagonist [EPC]","N/A","No","12/31/2026"
"Sleep Aid Plus Pain Relief","0363-9074-02","1000 mg/30mL,  50 mg/30mL","SOLUTION","ORAL","M013","Walgreen Company","0363-9074","Acetaminophen, Diphenhydramine HCl","ACETAMINOPHEN,  DIPHENHYDRAMINE HYDROCHLORIDE","HUMAN OTC DRUG","08/27/2022","N/A","OTC MONOGRAPH DRUG","355 mL in 1 BOTTLE, PLASTIC (0363-9074-02)","Histamine H1 Receptor Antagonists [MoA],  Histamine-1 Receptor Antagonist [EPC]","N/A","No","12/31/2027"
"equate NIGHTTIME Sleep-Aid","79903-400-12","25 mg/1","CAPSULE, LIQUID FILLED","ORAL","M010","WALMART INC.","79903-400","Diphenhydramine hydrochloride","DIPHENHYDRAMINE HYDROCHLORIDE","HUMAN OTC DRUG","10/21/2025","N/A","OTC MONOGRAPH DRUG","1 BLISTER PACK in 1 CARTON (79903-400-12)  / 12 CAPSULE, LIQUID FILLED in 1 BLISTER PACK","Histamine H1 Receptor Antagonists [MoA],  Histamine-1 Receptor Antagonist [EPC]","N/A","No","12/31/2026"
"equate NIGHTTIME Sleep-Aid","79903-400-24","25 mg/1","CAPSULE, LIQUID FILLED","ORAL","M010","WALMART INC.","79903-400","Diphenhydramine hydrochloride","DIPHENHYDRAMINE HYDROCHLORIDE","HUMAN OTC DRUG","10/21/2025","N/A","OTC MONOGRAPH DRUG","2 BLISTER PACK in 1 CARTON (79903-400-24)  / 12 CAPSULE, LIQUID FILLED in 1 BLISTER PACK","Histamine H1 Receptor Antagonists [MoA],  Histamine-1 Receptor Antagonist [EPC]","N/A","No","12/31/2026"
"Au Kah Chuen Fugical","69070-306-01","9.95 g/100g,  .05 g/100g,  2 g/100g","CREAM","TOPICAL","M016","Zhejiang Dingtai Pharmaceutical Co., Ltd","69070-306","Calamine and Diphenhydramine hydrochlorid","ZINC OXIDE,  FERRIC OXIDE RED,  DIPHENHYDRAMINE HYDROCHLORIDE","HUMAN OTC DRUG","06/10/2019","N/A","OTC MONOGRAPH DRUG","1 TUBE in 1 BOX (69070-306-01)  / 15 g in 1 TUBE","Copper Absorption Inhibitor [EPC],  Decreased Copper Ion Absorption [PE],  Histamine H1 Receptor Antagonists [MoA],  Histamine-1 Receptor Antagonist [EPC]","N/A","No","12/31/2026"
"Acetaminophen Diphenhydramine HCl","69848-014-02","25 mg/1,  500 mg/1","TABLET","ORAL","M013","Granules USA, Inc.","69848-014","Acetaminophen Diphenhydramine HCl","DIPHENHYDRAMINE HYDROCHLORIDE,  ACETAMINOPHEN","HUMAN OTC DRUG","07/01/2019","N/A","OTC MONOGRAPH DRUG","20 TABLET in 1 BOTTLE (69848-014-02)","Histamine H1 Receptor Antagonists [MoA],  Histamine-1 Receptor Antagonist [EPC]","N/A","No","12/31/2026"
"Acetaminophen Diphenhydramine HCl","69848-014-05","25 mg/1,  500 mg/1","TABLET","ORAL","M013","Granules USA, Inc.","69848-014","Acetaminophen Diphenhydramine HCl","DIPHENHYDRAMINE HYDROCHLORIDE,  ACETAMINOPHEN","HUMAN OTC DRUG","07/01/2019","N/A","OTC MONOGRAPH DRUG","50 TABLET in 1 BOTTLE (69848-014-05)","Histamine H1 Receptor Antagonists [MoA],  Histamine-1 Receptor Antagonist [EPC]","N/A","No","12/31/2026"
"Acetaminophen Diphenhydramine HCl","69848-014-15","25 mg/1,  500 mg/1","TABLET","ORAL","M013","Granules USA, Inc.","69848-014","Acetaminophen Diphenhydramine HCl","DIPHENHYDRAMINE HYDROCHLORIDE,  ACETAMINOPHEN","HUMAN OTC DRUG","07/01/2019","N/A","OTC MONOGRAPH DRUG","150 TABLET in 1 BOTTLE (69848-014-15)","Histamine H1 Receptor Antagonists [MoA],  Histamine-1 Receptor Antagonist [EPC]","N/A","No","12/31/2026"
"Childrens Benadryl ALLERGY","50580-534-04","12.5 mg/5mL","SOLUTION","ORAL","M012","Kenvue Brands LLC","50580-534","Diphenhydramine hydrochloride","DIPHENHYDRAMINE HYDROCHLORIDE","HUMAN OTC DRUG","07/01/2008","N/A","OTC MONOGRAPH DRUG","1 BOTTLE in 1 CARTON (50580-534-04)  / 118 mL in 1 BOTTLE","Histamine H1 Receptor Antagonists [MoA],  Histamine-1 Receptor Antagonist [EPC]","N/A","No","12/31/2027"
"Childrens Benadryl ALLERGY","50580-534-08","12.5 mg/5mL","SOLUTION","ORAL","M012","Kenvue Brands LLC","50580-534","Diphenhydramine hydrochloride","DIPHENHYDRAMINE HYDROCHLORIDE","HUMAN OTC DRUG","07/01/2008","N/A","OTC MONOGRAPH DRUG","1 BOTTLE in 1 CARTON (50580-534-08)  / 236 mL in 1 BOTTLE","Histamine H1 Receptor Antagonists [MoA],  Histamine-1 Receptor Antagonist [EPC]","N/A","No","12/31/2027"
"Childrens Benadryl ALLERGY","50580-534-18","12.5 mg/5mL","SOLUTION","ORAL","M012","Kenvue Brands LLC","50580-534","Diphenhydramine hydrochloride","DIPHENHYDRAMINE HYDROCHLORIDE","HUMAN OTC DRUG","04/12/2021","N/A","OTC MONOGRAPH DRUG","2 CARTON in 1 PACKAGE (50580-534-18)  / 1 BOTTLE in 1 CARTON / 236 mL in 1 BOTTLE","Histamine H1 Receptor Antagonists [MoA],  Histamine-1 Receptor Antagonist [EPC]","N/A","No","12/31/2027"
"Pain Reliever PM Extra Strength","0363-0556-01","500 mg/1,  25 mg/1","TABLET, COATED","ORAL","M013","Walgreen Company","0363-0556","Acetaminophen, Diphenhydramine HCl","ACETAMINOPHEN,  DIPHENHYDRAMINE HYDROCHLORIDE","HUMAN OTC DRUG","12/17/2007","N/A","OTC MONOGRAPH DRUG","1 BOTTLE, PLASTIC in 1 CARTON (0363-0556-01)  / 30 TABLET, COATED in 1 BOTTLE, PLASTIC","Histamine H1 Receptor Antagonists [MoA],  Histamine-1 Receptor Antagonist [EPC]","N/A","No","12/31/2026"
"Pain Reliever PM Extra Strength","0363-0556-09","500 mg/1,  25 mg/1","TABLET, COATED","ORAL","M013","Walgreen Company","0363-0556","Acetaminophen, Diphenhydramine HCl","ACETAMINOPHEN,  DIPHENHYDRAMINE HYDROCHLORIDE","HUMAN OTC DRUG","12/17/2007","N/A","OTC MONOGRAPH DRUG","1 BOTTLE, PLASTIC in 1 CARTON (0363-0556-09)  / 20 TABLET, COATED in 1 BOTTLE, PLASTIC","Histamine H1 Receptor Antagonists [MoA],  Histamine-1 Receptor Antagonist [EPC]","N/A","No","12/31/2026"
"Diphenhydramine Hydrochloride and Zinc Acetate","70677-1213-1","20 mg/g,  1 mg/g","CREAM","TOPICAL","M017","STRATEGIC SOURCING SERVICES LLC","70677-1213","Diphenhydramine Hydrochloride and Zinc Acetate","DIPHENHYDRAMINE HYDROCHLORIDE,  ZINC ACETATE","HUMAN OTC DRUG","12/13/2023","02/28/2027","OTC MONOGRAPH DRUG","1 TUBE in 1 CARTON (70677-1213-1)  / 28.4 g in 1 TUBE","Copper Absorption Inhibitor [EPC],  Decreased Copper Ion Absorption [PE],  Histamine H1 Receptor Antagonists [MoA],  Histamine-1 Receptor Antagonist [EPC]","N/A","No","N/A"
"Benadryl","85237-1960-1","25 mg/1","TABLET, FILM COATED","ORAL","M012","Select Consumer Group","85237-1960","Diphenhydramine Hydrochloride","DIPHENHYDRAMINE HYDROCHLORIDE","HUMAN OTC DRUG","06/04/2012","N/A","OTC MONOGRAPH DRUG","1 POUCH in 1 BLISTER PACK (85237-1960-1)  / 2 TABLET, FILM COATED in 1 POUCH (85237-1960-0)","Histamine H1 Receptor Antagonists [MoA],  Histamine-1 Receptor Antagonist [EPC]","N/A","No","12/31/2027"
"Benadryl","85237-1960-2","25 mg/1","TABLET, FILM COATED","ORAL","M012","Select Consumer Group","85237-1960","Diphenhydramine Hydrochloride","DIPHENHYDRAMINE HYDROCHLORIDE","HUMAN OTC DRUG","06/04/2012","N/A","OTC MONOGRAPH DRUG","2 POUCH in 1 BLISTER PACK (85237-1960-2)  / 2 TABLET, FILM COATED in 1 POUCH (85237-1960-0)","Histamine H1 Receptor Antagonists [MoA],  Histamine-1 Receptor Antagonist [EPC]","N/A","No","12/31/2027"
"Benadryl","85237-1960-3","25 mg/1","TABLET, FILM COATED","ORAL","M012","Select Consumer Group","85237-1960","Diphenhydramine Hydrochloride","DIPHENHYDRAMINE HYDROCHLORIDE","HUMAN OTC DRUG","06/04/2012","N/A","OTC MONOGRAPH DRUG","20 POUCH in 1 CARTON (85237-1960-3)  / 2 TABLET, FILM COATED in 1 POUCH (85237-1960-0)","Histamine H1 Receptor Antagonists [MoA],  Histamine-1 Receptor Antagonist [EPC]","N/A","No","12/31/2027"
"Benadryl","85237-1960-4","25 mg/1","TABLET, FILM COATED","ORAL","M012","Select Consumer Group","85237-1960","Diphenhydramine Hydrochloride","DIPHENHYDRAMINE HYDROCHLORIDE","HUMAN OTC DRUG","06/04/2012","N/A","OTC MONOGRAPH DRUG","25 POUCH in 1 CARTON (85237-1960-4)  / 2 TABLET, FILM COATED in 1 POUCH (85237-1960-0)","Histamine H1 Receptor Antagonists [MoA],  Histamine-1 Receptor Antagonist [EPC]","N/A","No","12/31/2027"
"Benadryl","85237-1960-5","25 mg/1","TABLET, FILM COATED","ORAL","M012","Select Consumer Group","85237-1960","Diphenhydramine Hydrochloride","DIPHENHYDRAMINE HYDROCHLORIDE","HUMAN OTC DRUG","06/04/2012","N/A","OTC MONOGRAPH DRUG","30 POUCH in 1 CARTON (85237-1960-5)  / 2 TABLET, FILM COATED in 1 POUCH (85237-1960-0)","Histamine H1 Receptor Antagonists [MoA],  Histamine-1 Receptor Antagonist [EPC]","N/A","No","12/31/2027"
"Benadryl","85237-1960-7","25 mg/1","TABLET, FILM COATED","ORAL","M012","Select Consumer Group","85237-1960","Diphenhydramine Hydrochloride","DIPHENHYDRAMINE HYDROCHLORIDE","HUMAN OTC DRUG","06/04/2025","N/A","OTC MONOGRAPH DRUG","3 POUCH in 1 BLISTER PACK (85237-1960-7)  / 2 TABLET, FILM COATED in 1 POUCH (85237-1960-0)","Histamine H1 Receptor Antagonists [MoA],  Histamine-1 Receptor Antagonist [EPC]","N/A","No","12/31/2027"
"Meijer Nighttime Sleep-aid Berry Flavor","41250-738-12","50 mg/30mL","SOLUTION","ORAL","M010","MEIJER DISTRIBUTION INC","41250-738","Diphenhydramine hydrochloride","DIPHENHYDRAMINE HYDROCHLORIDE","HUMAN OTC DRUG","03/15/2017","N/A","OTC MONOGRAPH DRUG","354 mL in 1 BOTTLE (41250-738-12)","Histamine H1 Receptor Antagonists [MoA],  Histamine-1 Receptor Antagonist [EPC]","N/A","No","12/31/2026"
"Childrens Benadryl DYE-FREE ALLERGY","50580-535-01","12.5 mg/5mL","SOLUTION","ORAL","M012","Kenvue Brands LLC","50580-535","Diphenhydramine hydrochloride","DIPHENHYDRAMINE HYDROCHLORIDE","HUMAN OTC DRUG","12/01/2015","N/A","OTC MONOGRAPH DRUG","1 BOTTLE in 1 CARTON (50580-535-01)  / 118 mL in 1 BOTTLE","Histamine H1 Receptor Antagonists [MoA],  Histamine-1 Receptor Antagonist [EPC]","N/A","No","12/31/2026"
"Childrens Benadryl DYE-FREE ALLERGY","50580-535-02","12.5 mg/5mL","SOLUTION","ORAL","M012","Kenvue Brands LLC","50580-535","Diphenhydramine hydrochloride","DIPHENHYDRAMINE HYDROCHLORIDE","HUMAN OTC DRUG","11/18/2024","N/A","OTC MONOGRAPH DRUG","2 CARTON in 1 PACKAGE (50580-535-02)  / 1 BOTTLE in 1 CARTON / 236 mL in 1 BOTTLE","Histamine H1 Receptor Antagonists [MoA],  Histamine-1 Receptor Antagonist [EPC]","N/A","No","12/31/2026"
"Childrens Benadryl DYE-FREE ALLERGY","50580-535-08","12.5 mg/5mL","SOLUTION","ORAL","M012","Kenvue Brands LLC","50580-535","Diphenhydramine hydrochloride","DIPHENHYDRAMINE HYDROCHLORIDE","HUMAN OTC DRUG","06/16/2022","N/A","OTC MONOGRAPH DRUG","1 BOTTLE in 1 CARTON (50580-535-08)  / 236 mL in 1 BOTTLE","Histamine H1 Receptor Antagonists [MoA],  Histamine-1 Receptor Antagonist [EPC]","N/A","No","12/31/2026"
"Pain Relief PM Extra Strength","68998-195-02","500 mg/1,  25 mg/1","TABLET, COATED","ORAL","M013","MARC GLASSMAN, INC.","68998-195","Acetaminophen and Diphenhydramine Hydrochloride","ACETAMINOPHEN,  DIPHENHYDRAMINE HYDROCHLORIDE","HUMAN OTC DRUG","10/05/2022","N/A","OTC MONOGRAPH DRUG","1 BOTTLE, PLASTIC in 1 CARTON (68998-195-02)  / 50 TABLET, COATED in 1 BOTTLE, PLASTIC","Histamine H1 Receptor Antagonists [MoA],  Histamine-1 Receptor Antagonist [EPC]","N/A","No","12/31/2026"
"ADVIL PM","0573-0164-04","38 mg/1,  200 mg/1","TABLET, COATED","ORAL","NDA021394","Haleon US Holdings LLC","0573-0164","diphenhydramine citrate and ibuprofen","DIPHENHYDRAMINE CITRATE,  IBUPROFEN","HUMAN OTC DRUG","12/21/2005","N/A","NDA","4 TABLET, COATED in 1 POUCH (0573-0164-04)","Anti-Inflammatory Agents,  Non-Steroidal [CS],  Cyclooxygenase Inhibitors [MoA],  Histamine H1 Receptor Antagonists [MoA],  Histamine-1 Receptor Antagonist [EPC],  Nonsteroidal Anti-inflammatory Drug [EPC]","N/A","No","12/31/2026"
"ADVIL PM","0573-0164-05","38 mg/1,  200 mg/1","TABLET, COATED","ORAL","NDA021394","Haleon US Holdings LLC","0573-0164","diphenhydramine citrate and ibuprofen","DIPHENHYDRAMINE CITRATE,  IBUPROFEN","HUMAN OTC DRUG","12/21/2005","N/A","NDA","2 BOTTLE in 1 CARTON (0573-0164-05)  / 2 TABLET, COATED in 1 BOTTLE","Anti-Inflammatory Agents,  Non-Steroidal [CS],  Cyclooxygenase Inhibitors [MoA],  Histamine H1 Receptor Antagonists [MoA],  Histamine-1 Receptor Antagonist [EPC],  Nonsteroidal Anti-inflammatory Drug [EPC]","N/A","No","12/31/2026"
"ADVIL PM","0573-0164-08","38 mg/1,  200 mg/1","TABLET, COATED","ORAL","NDA021394","Haleon US Holdings LLC","0573-0164","diphenhydramine citrate and ibuprofen","DIPHENHYDRAMINE CITRATE,  IBUPROFEN","HUMAN OTC DRUG","03/17/2017","N/A","NDA","1 VIAL in 1 PACKAGE (0573-0164-08)  / 8 TABLET, COATED in 1 VIAL","Anti-Inflammatory Agents,  Non-Steroidal [CS],  Cyclooxygenase Inhibitors [MoA],  Histamine H1 Receptor Antagonists [MoA],  Histamine-1 Receptor Antagonist [EPC],  Nonsteroidal Anti-inflammatory Drug [EPC]","N/A","No","12/31/2026"
"ADVIL PM","0573-0164-09","38 mg/1,  200 mg/1","TABLET, COATED","ORAL","NDA021394","Haleon US Holdings LLC","0573-0164","diphenhydramine citrate and ibuprofen","DIPHENHYDRAMINE CITRATE,  IBUPROFEN","HUMAN OTC DRUG","03/17/2017","N/A","NDA","8 TABLET, COATED in 1 VIAL (0573-0164-09)","Anti-Inflammatory Agents,  Non-Steroidal [CS],  Cyclooxygenase Inhibitors [MoA],  Histamine H1 Receptor Antagonists [MoA],  Histamine-1 Receptor Antagonist [EPC],  Nonsteroidal Anti-inflammatory Drug [EPC]","N/A","No","12/31/2026"
"ADVIL PM","0573-0164-12","38 mg/1,  200 mg/1","TABLET, COATED","ORAL","NDA021394","Haleon US Holdings LLC","0573-0164","diphenhydramine citrate and ibuprofen","DIPHENHYDRAMINE CITRATE,  IBUPROFEN","HUMAN OTC DRUG","12/21/2005","N/A","NDA","6 POUCH in 1 CARTON (0573-0164-12)  / 2 TABLET, COATED in 1 POUCH","Anti-Inflammatory Agents,  Non-Steroidal [CS],  Cyclooxygenase Inhibitors [MoA],  Histamine H1 Receptor Antagonists [MoA],  Histamine-1 Receptor Antagonist [EPC],  Nonsteroidal Anti-inflammatory Drug [EPC]","N/A","No","12/31/2026"
"ADVIL PM","0573-0164-14","38 mg/1,  200 mg/1","TABLET, COATED","ORAL","NDA021394","Haleon US Holdings LLC","0573-0164","diphenhydramine citrate and ibuprofen","DIPHENHYDRAMINE CITRATE,  IBUPROFEN","HUMAN OTC DRUG","12/21/2005","N/A","NDA","2 POUCH in 1 CARTON (0573-0164-14)  / 2 TABLET, COATED in 1 POUCH","Anti-Inflammatory Agents,  Non-Steroidal [CS],  Cyclooxygenase Inhibitors [MoA],  Histamine H1 Receptor Antagonists [MoA],  Histamine-1 Receptor Antagonist [EPC],  Nonsteroidal Anti-inflammatory Drug [EPC]","N/A","No","12/31/2026"
"ADVIL PM","0573-0164-20","38 mg/1,  200 mg/1","TABLET, COATED","ORAL","NDA021394","Haleon US Holdings LLC","0573-0164","diphenhydramine citrate and ibuprofen","DIPHENHYDRAMINE CITRATE,  IBUPROFEN","HUMAN OTC DRUG","12/21/2005","N/A","NDA","1 BOTTLE in 1 CARTON (0573-0164-20)  / 20 TABLET, COATED in 1 BOTTLE","Anti-Inflammatory Agents,  Non-Steroidal [CS],  Cyclooxygenase Inhibitors [MoA],  Histamine H1 Receptor Antagonists [MoA],  Histamine-1 Receptor Antagonist [EPC],  Nonsteroidal Anti-inflammatory Drug [EPC]","N/A","No","12/31/2026"
"ADVIL PM","0573-0164-21","38 mg/1,  200 mg/1","TABLET, COATED","ORAL","NDA021394","Haleon US Holdings LLC","0573-0164","diphenhydramine citrate and ibuprofen","DIPHENHYDRAMINE CITRATE,  IBUPROFEN","HUMAN OTC DRUG","12/21/2005","N/A","NDA","1 BOTTLE in 1 CARTON (0573-0164-21)  / 30 TABLET, COATED in 1 BOTTLE","Anti-Inflammatory Agents,  Non-Steroidal [CS],  Cyclooxygenase Inhibitors [MoA],  Histamine H1 Receptor Antagonists [MoA],  Histamine-1 Receptor Antagonist [EPC],  Nonsteroidal Anti-inflammatory Drug [EPC]","N/A","No","12/31/2026"
"ADVIL PM","0573-0164-30","38 mg/1,  200 mg/1","TABLET, COATED","ORAL","NDA021394","Haleon US Holdings LLC","0573-0164","diphenhydramine citrate and ibuprofen","DIPHENHYDRAMINE CITRATE,  IBUPROFEN","HUMAN OTC DRUG","12/21/2005","N/A","NDA","1 BOTTLE in 1 CARTON (0573-0164-30)  / 40 TABLET, COATED in 1 BOTTLE","Anti-Inflammatory Agents,  Non-Steroidal [CS],  Cyclooxygenase Inhibitors [MoA],  Histamine H1 Receptor Antagonists [MoA],  Histamine-1 Receptor Antagonist [EPC],  Nonsteroidal Anti-inflammatory Drug [EPC]","N/A","No","12/31/2026"
"ADVIL PM","0573-0164-32","38 mg/1,  200 mg/1","TABLET, COATED","ORAL","NDA021394","Haleon US Holdings LLC","0573-0164","diphenhydramine citrate and ibuprofen","DIPHENHYDRAMINE CITRATE,  IBUPROFEN","HUMAN OTC DRUG","12/21/2005","N/A","NDA","1 BOTTLE in 1 CARTON (0573-0164-32)  / 50 TABLET, COATED in 1 BOTTLE","Anti-Inflammatory Agents,  Non-Steroidal [CS],  Cyclooxygenase Inhibitors [MoA],  Histamine H1 Receptor Antagonists [MoA],  Histamine-1 Receptor Antagonist [EPC],  Nonsteroidal Anti-inflammatory Drug [EPC]","N/A","No","12/31/2026"
"ADVIL PM","0573-0164-33","38 mg/1,  200 mg/1","TABLET, COATED","ORAL","NDA021394","Haleon US Holdings LLC","0573-0164","diphenhydramine citrate and ibuprofen","DIPHENHYDRAMINE CITRATE,  IBUPROFEN","HUMAN OTC DRUG","12/21/2005","N/A","NDA","1 BOTTLE in 1 CARTON (0573-0164-33)  / 50 TABLET, COATED in 1 BOTTLE","Anti-Inflammatory Agents,  Non-Steroidal [CS],  Cyclooxygenase Inhibitors [MoA],  Histamine H1 Receptor Antagonists [MoA],  Histamine-1 Receptor Antagonist [EPC],  Nonsteroidal Anti-inflammatory Drug [EPC]","N/A","No","12/31/2026"
"ADVIL PM","0573-0164-40","38 mg/1,  200 mg/1","TABLET, COATED","ORAL","NDA021394","Haleon US Holdings LLC","0573-0164","diphenhydramine citrate and ibuprofen","DIPHENHYDRAMINE CITRATE,  IBUPROFEN","HUMAN OTC DRUG","12/21/2005","N/A","NDA","1 BOTTLE in 1 CARTON (0573-0164-40)  / 80 TABLET, COATED in 1 BOTTLE","Anti-Inflammatory Agents,  Non-Steroidal [CS],  Cyclooxygenase Inhibitors [MoA],  Histamine H1 Receptor Antagonists [MoA],  Histamine-1 Receptor Antagonist [EPC],  Nonsteroidal Anti-inflammatory Drug [EPC]","N/A","No","12/31/2026"
"ADVIL PM","0573-0164-41","38 mg/1,  200 mg/1","TABLET, COATED","ORAL","NDA021394","Haleon US Holdings LLC","0573-0164","diphenhydramine citrate and ibuprofen","DIPHENHYDRAMINE CITRATE,  IBUPROFEN","HUMAN OTC DRUG","12/21/2005","N/A","NDA","1 BOTTLE in 1 CARTON (0573-0164-41)  / 100 TABLET, COATED in 1 BOTTLE","Anti-Inflammatory Agents,  Non-Steroidal [CS],  Cyclooxygenase Inhibitors [MoA],  Histamine H1 Receptor Antagonists [MoA],  Histamine-1 Receptor Antagonist [EPC],  Nonsteroidal Anti-inflammatory Drug [EPC]","N/A","No","12/31/2026"
"ADVIL PM","0573-0164-43","38 mg/1,  200 mg/1","TABLET, COATED","ORAL","NDA021394","Haleon US Holdings LLC","0573-0164","diphenhydramine citrate and ibuprofen","DIPHENHYDRAMINE CITRATE,  IBUPROFEN","HUMAN OTC DRUG","12/21/2005","N/A","NDA","1 BOTTLE in 1 CARTON (0573-0164-43)  / 120 TABLET, COATED in 1 BOTTLE","Anti-Inflammatory Agents,  Non-Steroidal [CS],  Cyclooxygenase Inhibitors [MoA],  Histamine H1 Receptor Antagonists [MoA],  Histamine-1 Receptor Antagonist [EPC],  Nonsteroidal Anti-inflammatory Drug [EPC]","N/A","No","12/31/2026"
"ADVIL PM","0573-0164-44","38 mg/1,  200 mg/1","TABLET, COATED","ORAL","NDA021394","Haleon US Holdings LLC","0573-0164","diphenhydramine citrate and ibuprofen","DIPHENHYDRAMINE CITRATE,  IBUPROFEN","HUMAN OTC DRUG","12/21/2005","N/A","NDA","1 BOTTLE in 1 CARTON (0573-0164-44)  / 140 TABLET, COATED in 1 BOTTLE","Anti-Inflammatory Agents,  Non-Steroidal [CS],  Cyclooxygenase Inhibitors [MoA],  Histamine H1 Receptor Antagonists [MoA],  Histamine-1 Receptor Antagonist [EPC],  Nonsteroidal Anti-inflammatory Drug [EPC]","N/A","No","12/31/2026"
"ADVIL PM","0573-0164-45","38 mg/1,  200 mg/1","TABLET, COATED","ORAL","NDA021394","Haleon US Holdings LLC","0573-0164","diphenhydramine citrate and ibuprofen","DIPHENHYDRAMINE CITRATE,  IBUPROFEN","HUMAN OTC DRUG","12/21/2005","N/A","NDA","1 BOTTLE in 1 CARTON (0573-0164-45)  / 180 TABLET, COATED in 1 BOTTLE","Anti-Inflammatory Agents,  Non-Steroidal [CS],  Cyclooxygenase Inhibitors [MoA],  Histamine H1 Receptor Antagonists [MoA],  Histamine-1 Receptor Antagonist [EPC],  Nonsteroidal Anti-inflammatory Drug [EPC]","N/A","No","12/31/2026"
"ADVIL PM","0573-0164-46","38 mg/1,  200 mg/1","TABLET, COATED","ORAL","NDA021394","Haleon US Holdings LLC","0573-0164","diphenhydramine citrate and ibuprofen","DIPHENHYDRAMINE CITRATE,  IBUPROFEN","HUMAN OTC DRUG","12/21/2005","N/A","NDA","1 BOTTLE in 1 CARTON (0573-0164-46)  / 180 TABLET, COATED in 1 BOTTLE","Anti-Inflammatory Agents,  Non-Steroidal [CS],  Cyclooxygenase Inhibitors [MoA],  Histamine H1 Receptor Antagonists [MoA],  Histamine-1 Receptor Antagonist [EPC],  Nonsteroidal Anti-inflammatory Drug [EPC]","N/A","No","12/31/2026"
"ADVIL PM","0573-0164-49","38 mg/1,  200 mg/1","TABLET, COATED","ORAL","NDA021394","Haleon US Holdings LLC","0573-0164","diphenhydramine citrate and ibuprofen","DIPHENHYDRAMINE CITRATE,  IBUPROFEN","HUMAN OTC DRUG","12/21/2005","N/A","NDA","1 BOTTLE in 1 CARTON (0573-0164-49)  / 200 TABLET, COATED in 1 BOTTLE","Anti-Inflammatory Agents,  Non-Steroidal [CS],  Cyclooxygenase Inhibitors [MoA],  Histamine H1 Receptor Antagonists [MoA],  Histamine-1 Receptor Antagonist [EPC],  Nonsteroidal Anti-inflammatory Drug [EPC]","N/A","No","12/31/2026"
"ADVIL PM","0573-0164-55","38 mg/1,  200 mg/1","TABLET, COATED","ORAL","NDA021394","Haleon US Holdings LLC","0573-0164","diphenhydramine citrate and ibuprofen","DIPHENHYDRAMINE CITRATE,  IBUPROFEN","HUMAN OTC DRUG","12/21/2005","N/A","NDA","50 POUCH in 1 TRAY (0573-0164-55)  / 2 TABLET, COATED in 1 POUCH","Anti-Inflammatory Agents,  Non-Steroidal [CS],  Cyclooxygenase Inhibitors [MoA],  Histamine H1 Receptor Antagonists [MoA],  Histamine-1 Receptor Antagonist [EPC],  Nonsteroidal Anti-inflammatory Drug [EPC]","N/A","No","12/31/2026"
"ADVIL PM","0573-0164-65","38 mg/1,  200 mg/1","TABLET, COATED","ORAL","NDA021394","Haleon US Holdings LLC","0573-0164","diphenhydramine citrate and ibuprofen","DIPHENHYDRAMINE CITRATE,  IBUPROFEN","HUMAN OTC DRUG","09/30/2016","N/A","NDA","120 TABLET, COATED in 1 BOTTLE (0573-0164-65)","Anti-Inflammatory Agents,  Non-Steroidal [CS],  Cyclooxygenase Inhibitors [MoA],  Histamine H1 Receptor Antagonists [MoA],  Histamine-1 Receptor Antagonist [EPC],  Nonsteroidal Anti-inflammatory Drug [EPC]","N/A","No","12/31/2026"
"ADVIL PM","0573-0164-91","38 mg/1,  200 mg/1","TABLET, COATED","ORAL","NDA021394","Haleon US Holdings LLC","0573-0164","diphenhydramine citrate and ibuprofen","DIPHENHYDRAMINE CITRATE,  IBUPROFEN","HUMAN OTC DRUG","12/21/2005","N/A","NDA","3000 POUCH in 1 BOX (0573-0164-91)  / 2 TABLET, COATED in 1 POUCH","Anti-Inflammatory Agents,  Non-Steroidal [CS],  Cyclooxygenase Inhibitors [MoA],  Histamine H1 Receptor Antagonists [MoA],  Histamine-1 Receptor Antagonist [EPC],  Nonsteroidal Anti-inflammatory Drug [EPC]","N/A","No","12/31/2026"
"Tylenol PM Extra Strength","85237-2945-1","500 mg/1,  25 mg/1","TABLET, FILM COATED","ORAL","M013","Select Consumer Group","85237-2945","acetaminophen and diphenhydramine hydrochloride","ACETAMINOPHEN,  DIPHENHYDRAMINE HYDROCHLORIDE","HUMAN OTC DRUG","06/01/2022","N/A","OTC MONOGRAPH DRUG","1 POUCH in 1 BLISTER PACK (85237-2945-1)  / 2 TABLET, FILM COATED in 1 POUCH (85237-2945-0)","Histamine H1 Receptor Antagonists [MoA],  Histamine-1 Receptor Antagonist [EPC]","N/A","No","12/31/2027"
"Tylenol PM Extra Strength","85237-2945-2","500 mg/1,  25 mg/1","TABLET, FILM COATED","ORAL","M013","Select Consumer Group","85237-2945","acetaminophen and diphenhydramine hydrochloride","ACETAMINOPHEN,  DIPHENHYDRAMINE HYDROCHLORIDE","HUMAN OTC DRUG","06/01/2022","N/A","OTC MONOGRAPH DRUG","2 POUCH in 1 BLISTER PACK (85237-2945-2)  / 2 TABLET, FILM COATED in 1 POUCH (85237-2945-0)","Histamine H1 Receptor Antagonists [MoA],  Histamine-1 Receptor Antagonist [EPC]","N/A","No","12/31/2027"
"Tylenol PM Extra Strength","85237-2945-3","500 mg/1,  25 mg/1","TABLET, FILM COATED","ORAL","M013","Select Consumer Group","85237-2945","acetaminophen and diphenhydramine hydrochloride","ACETAMINOPHEN,  DIPHENHYDRAMINE HYDROCHLORIDE","HUMAN OTC DRUG","06/01/2022","N/A","OTC MONOGRAPH DRUG","20 POUCH in 1 CONTAINER (85237-2945-3)  / 2 TABLET, FILM COATED in 1 POUCH (85237-2945-0)","Histamine H1 Receptor Antagonists [MoA],  Histamine-1 Receptor Antagonist [EPC]","N/A","No","12/31/2027"
"Tylenol PM Extra Strength","85237-2945-4","500 mg/1,  25 mg/1","TABLET, FILM COATED","ORAL","M013","Select Consumer Group","85237-2945","acetaminophen and diphenhydramine hydrochloride","ACETAMINOPHEN,  DIPHENHYDRAMINE HYDROCHLORIDE","HUMAN OTC DRUG","06/01/2022","N/A","OTC MONOGRAPH DRUG","25 POUCH in 1 CONTAINER (85237-2945-4)  / 2 TABLET, FILM COATED in 1 POUCH (85237-2945-0)","Histamine H1 Receptor Antagonists [MoA],  Histamine-1 Receptor Antagonist [EPC]","N/A","No","12/31/2027"
"Tylenol PM Extra Strength","85237-2945-6","500 mg/1,  25 mg/1","TABLET, FILM COATED","ORAL","M013","Select Consumer Group","85237-2945","acetaminophen and diphenhydramine hydrochloride","ACETAMINOPHEN,  DIPHENHYDRAMINE HYDROCHLORIDE","HUMAN OTC DRUG","06/01/2022","N/A","OTC MONOGRAPH DRUG","50 POUCH in 1 CONTAINER (85237-2945-6)  / 2 TABLET, FILM COATED in 1 POUCH (85237-2945-0)","Histamine H1 Receptor Antagonists [MoA],  Histamine-1 Receptor Antagonist [EPC]","N/A","No","12/31/2027"
"Tylenol PM Extra Strength","85237-2945-7","500 mg/1,  25 mg/1","TABLET, FILM COATED","ORAL","M013","Select Consumer Group","85237-2945","acetaminophen and diphenhydramine hydrochloride","ACETAMINOPHEN,  DIPHENHYDRAMINE HYDROCHLORIDE","HUMAN OTC DRUG","06/01/2022","N/A","OTC MONOGRAPH DRUG","3 POUCH in 1 BLISTER PACK (85237-2945-7)  / 2 TABLET, FILM COATED in 1 POUCH (85237-2945-0)","Histamine H1 Receptor Antagonists [MoA],  Histamine-1 Receptor Antagonist [EPC]","N/A","No","12/31/2027"
"Sleep Tabs","0904-4274-51","25 mg/1","TABLET","ORAL","M010","Major Pharmaceuticals","0904-4274","Diphenhydramine HCl","DIPHENHYDRAMINE HYDROCHLORIDE","HUMAN OTC DRUG","04/10/1990","N/A","OTC MONOGRAPH DRUG","1 BOTTLE, PLASTIC in 1 CARTON (0904-4274-51)  / 50 TABLET in 1 BOTTLE, PLASTIC","Histamine H1 Receptor Antagonists [MoA],  Histamine-1 Receptor Antagonist [EPC]","N/A","No","12/31/2027"
"Nighttime Severe Cold and Cough","49580-0502-8","650 mg/30mL,  25 mg/30mL,  10 mg/30mL","LIQUID","ORAL","M012","P & L Development, LLC","49580-0502","Acetaminophen, Diphenhydramine HCl, Phenylephrine HCl","ACETAMINOPHEN,  DIPHENHYDRAMINE HYDROCHLORIDE,  PHENYLEPHRINE HYDROCHLORIDE","HUMAN OTC DRUG","04/30/2021","N/A","OTC MONOGRAPH DRUG","245 mL in 1 BOTTLE, PLASTIC (49580-0502-8)","Adrenergic alpha1-Agonists [MoA],  Histamine H1 Receptor Antagonists [MoA],  Histamine-1 Receptor Antagonist [EPC],  alpha-1 Adrenergic Agonist [EPC]","N/A","No","12/31/2026"
"Benadryl Extra Strength Itch Relief","69968-0459-1","1 mg/mL,  20 mg/mL","SOLUTION","TOPICAL","M017","Kenvue Brands LLC","69968-0459","DIPHENHYDRAMINE HYDROCHLORIDE and Zinc Acetate","ZINC ACETATE,  DIPHENHYDRAMINE HYDROCHLORIDE","HUMAN OTC DRUG","06/01/2019","N/A","OTC MONOGRAPH DRUG","1 APPLICATOR in 1 CARTON (69968-0459-1)  / 14 mL in 1 APPLICATOR","Copper Absorption Inhibitor [EPC],  Decreased Copper Ion Absorption [PE],  Histamine H1 Receptor Antagonists [MoA],  Histamine-1 Receptor Antagonist [EPC]","N/A","No","12/31/2026"
"Diphenhydramine HCl","55154-0661-0","50 mg/1","CAPSULE","ORAL","M012","Cardinal Health 107, LLC","55154-0661","Diphenhydramine HCl","DIPHENHYDRAMINE HYDROCHLORIDE","HUMAN OTC DRUG","01/02/2009","12/31/2027","OTC MONOGRAPH DRUG","10 BLISTER PACK in 1 BAG (55154-0661-0)  / 1 CAPSULE in 1 BLISTER PACK","Histamine H1 Receptor Antagonists [MoA],  Histamine-1 Receptor Antagonist [EPC]","N/A","No","N/A"
"Diphenhydramine HCl","55289-479-10","25 mg/1","CAPSULE","ORAL","M010","PD-Rx Pharmaceuticals, Inc.","55289-479","Diphenhydramine HCl","DIPHENHYDRAMINE HYDROCHLORIDE","HUMAN OTC DRUG","03/27/2021","N/A","OTC MONOGRAPH DRUG","10 CAPSULE in 1 BOTTLE, PLASTIC (55289-479-10)","Histamine H1 Receptor Antagonists [MoA],  Histamine-1 Receptor Antagonist [EPC]","N/A","No","12/31/2026"
"Diphenhydramine HCl","55289-479-12","25 mg/1","CAPSULE","ORAL","M010","PD-Rx Pharmaceuticals, Inc.","55289-479","Diphenhydramine HCl","DIPHENHYDRAMINE HYDROCHLORIDE","HUMAN OTC DRUG","03/27/2021","N/A","OTC MONOGRAPH DRUG","12 CAPSULE in 1 BOTTLE, PLASTIC (55289-479-12)","Histamine H1 Receptor Antagonists [MoA],  Histamine-1 Receptor Antagonist [EPC]","N/A","No","12/31/2026"
"Diphenhydramine HCl","55289-479-15","25 mg/1","CAPSULE","ORAL","M010","PD-Rx Pharmaceuticals, Inc.","55289-479","Diphenhydramine HCl","DIPHENHYDRAMINE HYDROCHLORIDE","HUMAN OTC DRUG","03/27/2021","N/A","OTC MONOGRAPH DRUG","15 CAPSULE in 1 BOTTLE, PLASTIC (55289-479-15)","Histamine H1 Receptor Antagonists [MoA],  Histamine-1 Receptor Antagonist [EPC]","N/A","No","12/31/2026"
"Diphenhydramine HCl","55289-479-20","25 mg/1","CAPSULE","ORAL","M010","PD-Rx Pharmaceuticals, Inc.","55289-479","Diphenhydramine HCl","DIPHENHYDRAMINE HYDROCHLORIDE","HUMAN OTC DRUG","03/27/2021","N/A","OTC MONOGRAPH DRUG","20 CAPSULE in 1 BOTTLE, PLASTIC (55289-479-20)","Histamine H1 Receptor Antagonists [MoA],  Histamine-1 Receptor Antagonist [EPC]","N/A","No","12/31/2026"
"Diphenhydramine HCl","55289-479-24","25 mg/1","CAPSULE","ORAL","M010","PD-Rx Pharmaceuticals, Inc.","55289-479","Diphenhydramine HCl","DIPHENHYDRAMINE HYDROCHLORIDE","HUMAN OTC DRUG","03/27/2021","N/A","OTC MONOGRAPH DRUG","24 CAPSULE in 1 BOTTLE, PLASTIC (55289-479-24)","Histamine H1 Receptor Antagonists [MoA],  Histamine-1 Receptor Antagonist [EPC]","N/A","No","12/31/2026"
"Diphenhydramine HCl","55289-479-30","25 mg/1","CAPSULE","ORAL","M010","PD-Rx Pharmaceuticals, Inc.","55289-479","Diphenhydramine HCl","DIPHENHYDRAMINE HYDROCHLORIDE","HUMAN OTC DRUG","07/11/2018","N/A","OTC MONOGRAPH DRUG","30 CAPSULE in 1 BOTTLE, PLASTIC (55289-479-30)","Histamine H1 Receptor Antagonists [MoA],  Histamine-1 Receptor Antagonist [EPC]","N/A","No","12/31/2026"
"Allergy Relief","0363-3291-07","25 mg/1","TABLET, FILM COATED","ORAL","M012","Walgreen Company","0363-3291","Diphenhydramine HCl","DIPHENHYDRAMINE HYDROCHLORIDE","HUMAN OTC DRUG","12/30/2024","N/A","OTC MONOGRAPH DRUG","3 BLISTER PACK in 1 CARTON (0363-3291-07)  / 12 TABLET, FILM COATED in 1 BLISTER PACK","Histamine H1 Receptor Antagonists [MoA],  Histamine-1 Receptor Antagonist [EPC]","N/A","No","12/31/2027"
"Allergy Relief","0363-3291-08","25 mg/1","TABLET, FILM COATED","ORAL","M012","Walgreen Company","0363-3291","Diphenhydramine HCl","DIPHENHYDRAMINE HYDROCHLORIDE","HUMAN OTC DRUG","09/27/2021","N/A","OTC MONOGRAPH DRUG","2 BLISTER PACK in 1 CARTON (0363-3291-08)  / 12 TABLET, FILM COATED in 1 BLISTER PACK","Histamine H1 Receptor Antagonists [MoA],  Histamine-1 Receptor Antagonist [EPC]","N/A","No","12/31/2027"
"Allergy Relief","0363-3291-12","25 mg/1","TABLET, FILM COATED","ORAL","M012","Walgreen Company","0363-3291","Diphenhydramine HCl","DIPHENHYDRAMINE HYDROCHLORIDE","HUMAN OTC DRUG","09/27/2021","N/A","OTC MONOGRAPH DRUG","1 BOTTLE, PLASTIC in 1 CARTON (0363-3291-12)  / 100 TABLET, FILM COATED in 1 BOTTLE, PLASTIC","Histamine H1 Receptor Antagonists [MoA],  Histamine-1 Receptor Antagonist [EPC]","N/A","No","12/31/2027"
"Allergy Relief","0363-3291-22","25 mg/1","TABLET, FILM COATED","ORAL","M012","Walgreen Company","0363-3291","Diphenhydramine HCl","DIPHENHYDRAMINE HYDROCHLORIDE","HUMAN OTC DRUG","09/27/2021","N/A","OTC MONOGRAPH DRUG","4 BLISTER PACK in 1 CARTON (0363-3291-22)  / 12 TABLET, FILM COATED in 1 BLISTER PACK","Histamine H1 Receptor Antagonists [MoA],  Histamine-1 Receptor Antagonist [EPC]","N/A","No","12/31/2027"
"Childrens Allergy Relief Dye Free","70000-0693-1","12.5 mg/5mL","LIQUID","ORAL","M012","CARDINAL HEALTH 110, LLC. DBA LEADER","70000-0693","Diphenhydramine HCL","DIPHENHYDRAMINE HYDROCHLORIDE","HUMAN OTC DRUG","09/13/2024","N/A","OTC MONOGRAPH DRUG","1 BOTTLE in 1 CARTON (70000-0693-1)  / 236 mL in 1 BOTTLE","Histamine H1 Receptor Antagonists [MoA],  Histamine-1 Receptor Antagonist [EPC]","N/A","No","12/31/2026"
"Motrin PM","50580-563-20","200 mg/1,  38 mg/1","TABLET, COATED","ORAL","ANDA079113","Kenvue Brands LLC","50580-563","Ibuprofen and Diphenhydramine Citrate","IBUPROFEN,  DIPHENHYDRAMINE CITRATE","HUMAN OTC DRUG","01/11/2010","N/A","ANDA","1 BOTTLE, PLASTIC in 1 CARTON (50580-563-20)  / 20 TABLET, COATED in 1 BOTTLE, PLASTIC","Anti-Inflammatory Agents,  Non-Steroidal [CS],  Cyclooxygenase Inhibitors [MoA],  Histamine H1 Receptor Antagonists [MoA],  Histamine-1 Receptor Antagonist [EPC],  Nonsteroidal Anti-inflammatory Drug [EPC]","N/A","No","12/31/2026"
"Motrin PM","50580-563-80","200 mg/1,  38 mg/1","TABLET, COATED","ORAL","ANDA079113","Kenvue Brands LLC","50580-563","Ibuprofen and Diphenhydramine Citrate","IBUPROFEN,  DIPHENHYDRAMINE CITRATE","HUMAN OTC DRUG","01/11/2010","N/A","ANDA","1 BOTTLE, PLASTIC in 1 CARTON (50580-563-80)  / 80 TABLET, COATED in 1 BOTTLE, PLASTIC","Anti-Inflammatory Agents,  Non-Steroidal [CS],  Cyclooxygenase Inhibitors [MoA],  Histamine H1 Receptor Antagonists [MoA],  Histamine-1 Receptor Antagonist [EPC],  Nonsteroidal Anti-inflammatory Drug [EPC]","N/A","No","12/31/2026"
"Diphenhydramine Hydrochloride","68094-018-61","25 mg/1","TABLET","ORAL","M012","Precision Dose, Inc.","68094-018","Diphenhydramine Hydrochloride","DIPHENHYDRAMINE HYDROCHLORIDE","HUMAN OTC DRUG","07/15/2019","N/A","OTC MONOGRAPH DRUG","10 BLISTER PACK in 1 CARTON (68094-018-61)  / 10 TABLET in 1 BLISTER PACK (68094-018-59)","Histamine H1 Receptor Antagonists [MoA],  Histamine-1 Receptor Antagonist [EPC]","N/A","No","12/31/2026"
"Kosher Meds Childrens Allergy Relief","82179-004-04","12.5 mg/5mL","SOLUTION","ORAL","M013","Mollec Inc","82179-004","Diphenhydramine HCL","DIPHENHYDRAMINE HYDROCHLORIDE","HUMAN OTC DRUG","04/18/2024","N/A","OTC MONOGRAPH DRUG","1 BOTTLE in 1 CARTON (82179-004-04)  / 118 mL in 1 BOTTLE","Histamine H1 Receptor Antagonists [MoA],  Histamine-1 Receptor Antagonist [EPC]","N/A","No","12/31/2026"
"Maximum Strength Nighttime Cold and Flu","30142-736-06","650 mg/20mL,  25 mg/20mL,  10 mg/20mL","LIQUID","ORAL","M012","THE KROGER CO","30142-736","Acetaminophen , Diphenhydramine HCl,Phenylephrine HCl","ACETAMINOPHEN,  DIPHENHYDRAMINE HYDROCHLORIDE,  PHENYLEPHRINE HYDROCHLORIDE","HUMAN OTC DRUG","09/04/2020","N/A","OTC MONOGRAPH DRUG","180 mL in 1 BOTTLE (30142-736-06)","Adrenergic alpha1-Agonists [MoA],  Histamine H1 Receptor Antagonists [MoA],  Histamine-1 Receptor Antagonist [EPC],  alpha-1 Adrenergic Agonist [EPC]","N/A","No","12/31/2026"
"Childrens Allergy Relief","79903-411-04","12.5 mg/5mL","SOLUTION","ORAL","M012","WALMART INC.","79903-411","Diphenhydramine HCl","DIPHENHYDRAMINE HYDROCHLORIDE","HUMAN OTC DRUG","05/26/2026","N/A","OTC MONOGRAPH DRUG","1 BOTTLE, PLASTIC in 1 CARTON (79903-411-04)  / 118 mL in 1 BOTTLE, PLASTIC","Histamine H1 Receptor Antagonists [MoA],  Histamine-1 Receptor Antagonist [EPC]","N/A","No","12/31/2027"
"Childrens Allergy Relief","79903-411-08","12.5 mg/5mL","SOLUTION","ORAL","M012","WALMART INC.","79903-411","Diphenhydramine HCl","DIPHENHYDRAMINE HYDROCHLORIDE","HUMAN OTC DRUG","05/26/2026","N/A","OTC MONOGRAPH DRUG","1 BOTTLE, PLASTIC in 1 CARTON (79903-411-08)  / 237 mL in 1 BOTTLE, PLASTIC","Histamine H1 Receptor Antagonists [MoA],  Histamine-1 Receptor Antagonist [EPC]","N/A","No","12/31/2027"
"Sleep Aid","11822-3670-2","25 mg/1","TABLET, FILM COATED","ORAL","M010","Rite Aid Corporation","11822-3670","Diphenhydramine HCl","DIPHENHYDRAMINE HYDROCHLORIDE","HUMAN OTC DRUG","06/10/2000","N/A","OTC MONOGRAPH DRUG","1 BOTTLE, PLASTIC in 1 CARTON (11822-3670-2)  / 100 TABLET, FILM COATED in 1 BOTTLE, PLASTIC","Histamine H1 Receptor Antagonists [MoA],  Histamine-1 Receptor Antagonist [EPC]","N/A","No","12/31/2027"
"Sleep Aid","11822-3670-8","25 mg/1","TABLET, FILM COATED","ORAL","M010","Rite Aid Corporation","11822-3670","Diphenhydramine HCl","DIPHENHYDRAMINE HYDROCHLORIDE","HUMAN OTC DRUG","06/10/2000","N/A","OTC MONOGRAPH DRUG","2 BLISTER PACK in 1 CARTON (11822-3670-8)  / 12 TABLET, FILM COATED in 1 BLISTER PACK","Histamine H1 Receptor Antagonists [MoA],  Histamine-1 Receptor Antagonist [EPC]","N/A","No","12/31/2027"
"Sleep Aid Night Time","55910-687-08","25 mg/1","TABLET, FILM COATED","ORAL","M010","DOLGENCORP, LLC","55910-687","Diphenhydramine HCl","DIPHENHYDRAMINE HYDROCHLORIDE","HUMAN OTC DRUG","01/04/2024","N/A","OTC MONOGRAPH DRUG","2 BLISTER PACK in 1 CARTON (55910-687-08)  / 12 TABLET, FILM COATED in 1 BLISTER PACK","Histamine H1 Receptor Antagonists [MoA],  Histamine-1 Receptor Antagonist [EPC]","N/A","No","12/31/2027"
"Sleep Aid Night Time","55910-687-22","25 mg/1","TABLET, FILM COATED","ORAL","M010","DOLGENCORP, LLC","55910-687","Diphenhydramine HCl","DIPHENHYDRAMINE HYDROCHLORIDE","HUMAN OTC DRUG","01/04/2024","N/A","OTC MONOGRAPH DRUG","4 BLISTER PACK in 1 CARTON (55910-687-22)  / 12 TABLET, FILM COATED in 1 BLISTER PACK","Histamine H1 Receptor Antagonists [MoA],  Histamine-1 Receptor Antagonist [EPC]","N/A","No","12/31/2027"
"Allergy Relief","71141-177-32","25 mg/1","TABLET, FILM COATED","ORAL","M012","Lidl US LLC","71141-177","Diphenhydramine HCl","DIPHENHYDRAMINE HYDROCHLORIDE","HUMAN OTC DRUG","05/15/2023","N/A","OTC MONOGRAPH DRUG","1 BOTTLE, PLASTIC in 1 CARTON (71141-177-32)  / 100 TABLET, FILM COATED in 1 BOTTLE, PLASTIC","Histamine H1 Receptor Antagonists [MoA],  Histamine-1 Receptor Antagonist [EPC]","N/A","No","12/31/2027"
"Theraflu Severe Cold Relief Nighttime with Honey Elderberry Flavor","0067-8212-01","650 mg/1,  25 mg/1,  10 mg/1","POWDER, FOR SOLUTION","ORAL","M012","Haleon US Holdings LLC","0067-8212","ACETAMINOPHEN, DIPHENHYDRAMINE HCl, PHENYLEPHRINE HCl","ACETAMINOPHEN,  DIPHENHYDRAMINE HYDROCHLORIDE,  PHENYLEPHRINE HYDROCHLORIDE","HUMAN OTC DRUG","05/01/2023","N/A","OTC MONOGRAPH DRUG","6 PACKET in 1 CARTON (0067-8212-01)  / 1 POWDER, FOR SOLUTION in 1 PACKET","Adrenergic alpha1-Agonists [MoA],  Histamine H1 Receptor Antagonists [MoA],  Histamine-1 Receptor Antagonist [EPC],  alpha-1 Adrenergic Agonist [EPC]","N/A","No","12/31/2026"
"Vicks ZzzQuil NIGHT PAIN NIGHTTIME SLEEP-AID PAIN RELIEVER","37000-598-12","50 mg/30mL,  1000 mg/30mL","LIQUID","ORAL","M010","The Procter & Gamble Manufacturing Company","37000-598","Diphenhydramine HCl, Acetaminophen","DIPHENHYDRAMINE HYDROCHLORIDE,  ACETAMINOPHEN","HUMAN OTC DRUG","06/01/2020","N/A","OTC MONOGRAPH DRUG","354 mL in 1 BOTTLE (37000-598-12)","Histamine H1 Receptor Antagonists [MoA],  Histamine-1 Receptor Antagonist [EPC]","N/A","No","12/31/2027"
"Vicks ZzzQuil NIGHT PAIN NIGHTTIME SLEEP-AID PAIN RELIEVER","37000-598-24","50 mg/30mL,  1000 mg/30mL","LIQUID","ORAL","M010","The Procter & Gamble Manufacturing Company","37000-598","Diphenhydramine HCl, Acetaminophen","DIPHENHYDRAMINE HYDROCHLORIDE,  ACETAMINOPHEN","HUMAN OTC DRUG","06/01/2020","N/A","OTC MONOGRAPH DRUG","2 BOTTLE in 1 CARTON (37000-598-24)  / 354 mL in 1 BOTTLE","Histamine H1 Receptor Antagonists [MoA],  Histamine-1 Receptor Antagonist [EPC]","N/A","No","12/31/2027"
"CAREALL Anti-Itch","51824-088-01","20 mg/g,  1 mg/g","CREAM","TOPICAL","M017","New World Imports, Inc","51824-088","diphenhydramine hydrochloride and zinc acetate cream","DIPHENHYDRAMINE HYDROCHLORIDE,  ZINC ACETATE","HUMAN OTC DRUG","07/01/2022","N/A","OTC MONOGRAPH DRUG","35 g in 1 TUBE (51824-088-01)","Copper Absorption Inhibitor [EPC],  Decreased Copper Ion Absorption [PE],  Histamine H1 Receptor Antagonists [MoA],  Histamine-1 Receptor Antagonist [EPC]","N/A","No","12/31/2026"
"basic care childrens allergy relief","72288-379-26","12.5 mg/5mL","SOLUTION","ORAL","M012","Amazon.com Services LLC","72288-379","Diphenhydramine HCl","DIPHENHYDRAMINE HYDROCHLORIDE","HUMAN OTC DRUG","04/09/2021","N/A","OTC MONOGRAPH DRUG","1 BOTTLE in 1 CARTON (72288-379-26)  / 118 mL in 1 BOTTLE","Histamine H1 Receptor Antagonists [MoA],  Histamine-1 Receptor Antagonist [EPC]","N/A","No","12/31/2026"
"basic care childrens allergy relief","72288-379-34","12.5 mg/5mL","SOLUTION","ORAL","M012","Amazon.com Services LLC","72288-379","Diphenhydramine HCl","DIPHENHYDRAMINE HYDROCHLORIDE","HUMAN OTC DRUG","11/10/2020","N/A","OTC MONOGRAPH DRUG","1 BOTTLE in 1 CARTON (72288-379-34)  / 237 mL in 1 BOTTLE","Histamine H1 Receptor Antagonists [MoA],  Histamine-1 Receptor Antagonist [EPC]","N/A","No","12/31/2026"
"ibuprofen pm","30142-050-27","38 mg/1,  200 mg/1","TABLET, FILM COATED","ORAL","ANDA079113","Kroger Company","30142-050","diphenhydramine citrate, ibuprofen","DIPHENHYDRAMINE CITRATE,  IBUPROFEN","HUMAN OTC DRUG","04/06/2009","N/A","ANDA","1 BOTTLE in 1 CARTON (30142-050-27)  / 80 TABLET, FILM COATED in 1 BOTTLE","Anti-Inflammatory Agents,  Non-Steroidal [CS],  Cyclooxygenase Inhibitors [MoA],  Histamine H1 Receptor Antagonists [MoA],  Histamine-1 Receptor Antagonist [EPC],  Nonsteroidal Anti-inflammatory Drug [EPC]","N/A","No","12/31/2026"
"ibuprofen pm","30142-050-60","38 mg/1,  200 mg/1","TABLET, FILM COATED","ORAL","ANDA079113","Kroger Company","30142-050","diphenhydramine citrate, ibuprofen","DIPHENHYDRAMINE CITRATE,  IBUPROFEN","HUMAN OTC DRUG","04/06/2009","N/A","ANDA","1 BOTTLE in 1 CARTON (30142-050-60)  / 20 TABLET, FILM COATED in 1 BOTTLE","Anti-Inflammatory Agents,  Non-Steroidal [CS],  Cyclooxygenase Inhibitors [MoA],  Histamine H1 Receptor Antagonists [MoA],  Histamine-1 Receptor Antagonist [EPC],  Nonsteroidal Anti-inflammatory Drug [EPC]","N/A","No","12/31/2026"
"Diphenhydramine Hydrochloride","42806-648-10","25 mg/1","CAPSULE","ORAL","part341","Epic Pharma, LLC","42806-648","Diphenhydramine Hydrochloride","DIPHENHYDRAMINE HYDROCHLORIDE","HUMAN OTC DRUG","11/22/2016","N/A","OTC MONOGRAPH FINAL","1000 CAPSULE in 1 BOTTLE (42806-648-10)","Histamine H1 Receptor Antagonists [MoA],  Histamine-1 Receptor Antagonist [EPC]","N/A","No","12/31/2026"
"Childrens Allergy","56062-379-26","12.5 mg/5mL","SOLUTION","ORAL","M012","Publix Super Markets Inc","56062-379","Diphenhydramine HCl","DIPHENHYDRAMINE HYDROCHLORIDE","HUMAN OTC DRUG","02/11/2014","N/A","OTC MONOGRAPH DRUG","1 BOTTLE in 1 CARTON (56062-379-26)  / 118 mL in 1 BOTTLE","Histamine H1 Receptor Antagonists [MoA],  Histamine-1 Receptor Antagonist [EPC]","N/A","No","12/31/2026"
"BENADRYL Allergy","50580-573-04","12.5 mg/5mL","SOLUTION","ORAL","M012","Kenvue Brands LLC","50580-573","Diphenhydramine hydrochloride","DIPHENHYDRAMINE HYDROCHLORIDE","HUMAN OTC DRUG","12/02/2024","N/A","OTC MONOGRAPH DRUG","1 BOTTLE in 1 CARTON (50580-573-04)  / 118 mL in 1 BOTTLE","Histamine H1 Receptor Antagonists [MoA],  Histamine-1 Receptor Antagonist [EPC]","N/A","No","12/31/2026"
"Diphenhydramine Hydrochloride","55154-5102-5","50 mg/mL","INJECTION","INTRAMUSCULAR,  INTRAVENOUS","ANDA080817","Cardinal Health 107, LLC","55154-5102","diphenhydramine hydrochloride","DIPHENHYDRAMINE HYDROCHLORIDE","HUMAN PRESCRIPTION DRUG","06/28/2011","N/A","ANDA","5 VIAL in 1 BAG (55154-5102-5)  / 1 mL in 1 VIAL","Histamine H1 Receptor Antagonists [MoA],  Histamine-1 Receptor Antagonist [EPC]","N/A","No","12/31/2027"
"Diphenhydramine Hydrochloride","0363-8350-01","25 mg/1","CAPSULE","ORAL","M012","Walgreen Company","0363-8350","Diphenhydramine Hydrochloride","DIPHENHYDRAMINE HYDROCHLORIDE","HUMAN OTC DRUG","02/02/2024","N/A","OTC MONOGRAPH DRUG","1 BOTTLE in 1 CARTON (0363-8350-01)  / 100 CAPSULE in 1 BOTTLE","Histamine H1 Receptor Antagonists [MoA],  Histamine-1 Receptor Antagonist [EPC]","N/A","No","12/31/2026"
"Diphenhydramine Hydrochloride","0363-8350-02","25 mg/1","CAPSULE","ORAL","M012","Walgreen Company","0363-8350","Diphenhydramine Hydrochloride","DIPHENHYDRAMINE HYDROCHLORIDE","HUMAN OTC DRUG","10/17/2022","N/A","OTC MONOGRAPH DRUG","600 CAPSULE in 1 BOTTLE (0363-8350-02)","Histamine H1 Receptor Antagonists [MoA],  Histamine-1 Receptor Antagonist [EPC]","N/A","No","12/31/2026"
"Diphenhydramine Hydrochloride","0363-8350-06","25 mg/1","CAPSULE","ORAL","M012","Walgreen Company","0363-8350","Diphenhydramine Hydrochloride","DIPHENHYDRAMINE HYDROCHLORIDE","HUMAN OTC DRUG","08/12/2022","N/A","OTC MONOGRAPH DRUG","365 CAPSULE in 1 BOTTLE (0363-8350-06)","Histamine H1 Receptor Antagonists [MoA],  Histamine-1 Receptor Antagonist [EPC]","N/A","No","12/31/2026"
"Sleep Aid","70000-0244-1","25 mg/1","TABLET, FILM COATED","ORAL","M010","Cardinal Health 110, LLC. DBA Leader","70000-0244","Diphenhydramine HCl","DIPHENHYDRAMINE HYDROCHLORIDE","HUMAN OTC DRUG","06/10/2000","N/A","OTC MONOGRAPH DRUG","2 BLISTER PACK in 1 CARTON (70000-0244-1)  / 12 TABLET, FILM COATED in 1 BLISTER PACK","Histamine H1 Receptor Antagonists [MoA],  Histamine-1 Receptor Antagonist [EPC]","N/A","No","12/31/2027"
"Allergy Relief","11822-0190-1","25 mg/1","CAPSULE","ORAL","M012","Rite Aid Corporation","11822-0190","Diphenhydramine HCl","DIPHENHYDRAMINE HYDROCHLORIDE","HUMAN OTC DRUG","03/15/1990","N/A","OTC MONOGRAPH DRUG","1 BOTTLE in 1 CARTON (11822-0190-1)  / 100 CAPSULE in 1 BOTTLE","Histamine H1 Receptor Antagonists [MoA],  Histamine-1 Receptor Antagonist [EPC]","N/A","No","12/31/2027"
"Allergy Relief","11822-0190-8","25 mg/1","CAPSULE","ORAL","M012","Rite Aid Corporation","11822-0190","Diphenhydramine HCl","DIPHENHYDRAMINE HYDROCHLORIDE","HUMAN OTC DRUG","03/15/1990","N/A","OTC MONOGRAPH DRUG","2 BLISTER PACK in 1 CARTON (11822-0190-8)  / 12 CAPSULE in 1 BLISTER PACK","Histamine H1 Receptor Antagonists [MoA],  Histamine-1 Receptor Antagonist [EPC]","N/A","No","12/31/2027"
"Allergy","37808-379-26","12.5 mg/5mL","SOLUTION","ORAL","M012","H E B","37808-379","Diphenhydramine HCl","DIPHENHYDRAMINE HYDROCHLORIDE","HUMAN OTC DRUG","07/15/1987","N/A","OTC MONOGRAPH DRUG","1 BOTTLE in 1 CARTON (37808-379-26)  / 118 mL in 1 BOTTLE","Histamine H1 Receptor Antagonists [MoA],  Histamine-1 Receptor Antagonist [EPC]","N/A","No","12/31/2026"
"Diphenhydramine HCL","68788-9687-0","25 mg/1","CAPSULE","ORAL","341","Preferred Pharmaceuticals, Inc.","68788-9687","Diphenhydramine HCL","DIPHENHYDRAMINE HYDROCHLORIDE","HUMAN OTC DRUG","03/27/2013","N/A","OTC MONOGRAPH DRUG","10 CAPSULE in 1 BOTTLE, PLASTIC (68788-9687-0)","Histamine H1 Receptor Antagonists [MoA],  Histamine-1 Receptor Antagonist [EPC]","N/A","No","12/31/2027"
"Diphenhydramine HCL","68788-9687-1","25 mg/1","CAPSULE","ORAL","341","Preferred Pharmaceuticals, Inc.","68788-9687","Diphenhydramine HCL","DIPHENHYDRAMINE HYDROCHLORIDE","HUMAN OTC DRUG","03/27/2013","N/A","OTC MONOGRAPH DRUG","15 CAPSULE in 1 BOTTLE, PLASTIC (68788-9687-1)","Histamine H1 Receptor Antagonists [MoA],  Histamine-1 Receptor Antagonist [EPC]","N/A","No","12/31/2027"
"Diphenhydramine HCL","68788-9687-3","25 mg/1","CAPSULE","ORAL","341","Preferred Pharmaceuticals, Inc.","68788-9687","Diphenhydramine HCL","DIPHENHYDRAMINE HYDROCHLORIDE","HUMAN OTC DRUG","03/27/2013","N/A","OTC MONOGRAPH DRUG","30 CAPSULE in 1 BOTTLE, PLASTIC (68788-9687-3)","Histamine H1 Receptor Antagonists [MoA],  Histamine-1 Receptor Antagonist [EPC]","N/A","No","12/31/2027"
"Childrens Allergy Relief","70000-0701-1","12.5 mg/5mL","SOLUTION","ORAL","M012","Cardinal Health 110, LLC. DBA Leader","70000-0701","Diphenhydramine HCl","DIPHENHYDRAMINE HYDROCHLORIDE","HUMAN OTC DRUG","12/19/2024","N/A","OTC MONOGRAPH DRUG","1 BOTTLE, PLASTIC in 1 CARTON (70000-0701-1)  / 118 mL in 1 BOTTLE, PLASTIC","Histamine H1 Receptor Antagonists [MoA],  Histamine-1 Receptor Antagonist [EPC]","N/A","No","12/31/2027"
"equate pain relief pm","79903-421-12","1000 mg/30mL,  50 mg/30mL","SOLUTION","ORAL","M013","WALMART INC.","79903-421","acetaminophen, diphenhydramine hydrochloride","ACETAMINOPHEN,  DIPHENHYDRAMINE HYDROCHLORIDE","HUMAN OTC DRUG","04/29/2026","N/A","OTC MONOGRAPH DRUG","355 mL in 1 BOTTLE (79903-421-12)","Histamine H1 Receptor Antagonists [MoA],  Histamine-1 Receptor Antagonist [EPC]","N/A","No","12/31/2027"
"Allergy Relief","83059-0021-3","25 mg/1","TABLET, COATED","ORAL","M012","Shield Pharmaceuticals Corp","83059-0021","Diphenhydramine Hydrochloride","DIPHENHYDRAMINE HYDROCHLORIDE","HUMAN OTC DRUG","01/23/2024","N/A","OTC MONOGRAPH DRUG","1 BOTTLE in 1 CARTON (83059-0021-3)  / 36 TABLET, COATED in 1 BOTTLE","Histamine H1 Receptor Antagonists [MoA],  Histamine-1 Receptor Antagonist [EPC]","N/A","No","12/31/2026"
"Allergy Relief","63941-413-01","25 mg/1","CAPSULE","ORAL","M012","VALU MERCHANDISERS COMPANY","63941-413","DIPHENHYDRAMINE HYDROCHLORIDE","DIPHENHYDRAMINE HYDROCHLORIDE","HUMAN OTC DRUG","04/28/2017","04/30/2028","OTC MONOGRAPH DRUG","2 BLISTER PACK in 1 CARTON (63941-413-01)  / 12 CAPSULE in 1 BLISTER PACK","Histamine H1 Receptor Antagonists [MoA],  Histamine-1 Receptor Antagonist [EPC]","N/A","No","N/A"
"naproxen sodium pm","30142-753-27","25 mg/1,  220 mg/1","TABLET","ORAL","ANDA208499","Kroger Company","30142-753","diphenhydramine hydrochloride, naproxen sodium","DIPHENHYDRAMINE HYDROCHLORIDE,  NAPROXEN SODIUM","HUMAN OTC DRUG","06/20/2019","N/A","ANDA","80 TABLET in 1 BOTTLE (30142-753-27)","Anti-Inflammatory Agents,  Non-Steroidal [CS],  Cyclooxygenase Inhibitors [MoA],  Histamine H1 Receptor Antagonists [MoA],  Histamine-1 Receptor Antagonist [EPC],  Nonsteroidal Anti-inflammatory Drug [EPC]","N/A","No","12/31/2026"
"Diphenhydramine Hydrochloride","42806-649-10","50 mg/1","CAPSULE","ORAL","part341","Epic Pharma, LLC","42806-649","Diphenhydramine Hydrochloride","DIPHENHYDRAMINE HYDROCHLORIDE","HUMAN OTC DRUG","11/22/2016","N/A","OTC MONOGRAPH FINAL","1000 CAPSULE in 1 BOTTLE (42806-649-10)","Histamine H1 Receptor Antagonists [MoA],  Histamine-1 Receptor Antagonist [EPC]","N/A","No","12/31/2026"
"Multi Symptom Severe Cold and Nighttime Severe Cold and Cough","59779-768-12","N/A","KIT","N/A","M012","CVS Pharmacy,Inc.","59779-768","Acetaminophen, Dextromethorphan HBr, Diphenhydramine HCl, Phenylephrine HCl","N/A","HUMAN OTC DRUG","09/21/2015","N/A","OTC MONOGRAPH DRUG","1 KIT in 1 CARTON (59779-768-12)  *  6 POWDER, FOR SOLUTION in 1 CARTON *  6 POWDER, FOR SOLUTION in 1 CARTON","N/A","N/A","No","12/31/2027"
"Multi Symptom Severe Cold and Nighttime Severe Cold and Cough","0363-5480-12","N/A","KIT","N/A","M013","WALGREEN CO.","0363-5480","Acetaminophen, Dextromethorphan HBr, Diphenhydramine HCl, Phenylephrine HCl","N/A","HUMAN OTC DRUG","06/22/2018","N/A","OTC MONOGRAPH DRUG","1 KIT in 1 CARTON (0363-5480-12)  *  6 PACKET in 1 CARTON (0363-5479-06)  / 1 POWDER, FOR SOLUTION in 1 PACKET *  6 PACKET in 1 CARTON (0363-5481-06)  / 1 POWDER, FOR SOLUTION in 1 PACKET","N/A","N/A","No","12/31/2026"
"Diphenhydramine HCL","68788-9688-1","50 mg/1","CAPSULE","ORAL","341","Preferred Pharmaceuticals, Inc.","68788-9688","Diphenhydramine HCL","DIPHENHYDRAMINE HYDROCHLORIDE","HUMAN OTC DRUG","01/27/2010","N/A","OTC MONOGRAPH DRUG","15 CAPSULE in 1 BOTTLE, PLASTIC (68788-9688-1)","Histamine H1 Receptor Antagonists [MoA],  Histamine-1 Receptor Antagonist [EPC]","N/A","No","12/31/2027"
"Diphenhydramine HCL","68788-9688-3","50 mg/1","CAPSULE","ORAL","341","Preferred Pharmaceuticals, Inc.","68788-9688","Diphenhydramine HCL","DIPHENHYDRAMINE HYDROCHLORIDE","HUMAN OTC DRUG","01/27/2010","N/A","OTC MONOGRAPH DRUG","30 CAPSULE in 1 BOTTLE, PLASTIC (68788-9688-3)","Histamine H1 Receptor Antagonists [MoA],  Histamine-1 Receptor Antagonist [EPC]","N/A","No","12/31/2027"
"Diphenhydramine Hydrochloride","71872-7373-1","50 mg/mL","INJECTION","INTRAMUSCULAR,  INTRAVENOUS","ANDA205336","Medical Purchasing Solutions, LLC","71872-7373","Diphenhydramine Hydrochloride","DIPHENHYDRAMINE HYDROCHLORIDE","HUMAN PRESCRIPTION DRUG","05/13/2026","N/A","ANDA","1 VIAL, GLASS in 1 BAG (71872-7373-1)  / 1 mL in 1 VIAL, GLASS","Histamine H1 Receptor Antagonists [MoA],  Histamine-1 Receptor Antagonist [EPC]","N/A","No","12/31/2027"
"NOTTS - Pain Relief PM","82706-009-01","500 mg/1,  25 mg/1","TABLET","ORAL","M013","VIVUNT PHARMA LLC","82706-009","Acetaminophen, Diphenhydramine hydrochloride","ACETAMINOPHEN,  DIPHENHYDRAMINE HYDROCHLORIDE","HUMAN OTC DRUG","08/17/2022","N/A","OTC MONOGRAPH DRUG","1 BOTTLE in 1 CARTON (82706-009-01)  / 24 TABLET in 1 BOTTLE","Histamine H1 Receptor Antagonists [MoA],  Histamine-1 Receptor Antagonist [EPC]","N/A","No","12/31/2026"
"NOTTS - Pain Relief PM","82706-009-02","500 mg/1,  25 mg/1","TABLET","ORAL","M013","VIVUNT PHARMA LLC","82706-009","Acetaminophen, Diphenhydramine hydrochloride","ACETAMINOPHEN,  DIPHENHYDRAMINE HYDROCHLORIDE","HUMAN OTC DRUG","08/17/2022","N/A","OTC MONOGRAPH DRUG","1 BOTTLE in 1 CARTON (82706-009-02)  / 50 TABLET in 1 BOTTLE","Histamine H1 Receptor Antagonists [MoA],  Histamine-1 Receptor Antagonist [EPC]","N/A","No","12/31/2026"
"Extra Strength Acetaminophen PM","30142-755-01","500 mg/1,  25 mg/1","TABLET","ORAL","M013","KROGER COMPANY","30142-755","Acetaminophen and Diphenhydramine Hydrochloride","ACETAMINOPHEN,  DIPHENHYDRAMINE HYDROCHLORIDE","HUMAN OTC DRUG","05/01/2021","N/A","OTC MONOGRAPH DRUG","1 BOTTLE in 1 CARTON (30142-755-01)  / 100 TABLET in 1 BOTTLE","Histamine H1 Receptor Antagonists [MoA],  Histamine-1 Receptor Antagonist [EPC]","N/A","No","12/31/2026"
"Extra Strength Acetaminophen PM","30142-755-05","500 mg/1,  25 mg/1","TABLET","ORAL","M013","KROGER COMPANY","30142-755","Acetaminophen and Diphenhydramine Hydrochloride","ACETAMINOPHEN,  DIPHENHYDRAMINE HYDROCHLORIDE","HUMAN OTC DRUG","05/01/2021","N/A","OTC MONOGRAPH DRUG","1 BOTTLE in 1 CARTON (30142-755-05)  / 50 TABLET in 1 BOTTLE","Histamine H1 Receptor Antagonists [MoA],  Histamine-1 Receptor Antagonist [EPC]","N/A","No","12/31/2026"
"Extra Strength Acetaminophen PM","30142-755-20","500 mg/1,  25 mg/1","TABLET","ORAL","M013","KROGER COMPANY","30142-755","Acetaminophen and Diphenhydramine Hydrochloride","ACETAMINOPHEN,  DIPHENHYDRAMINE HYDROCHLORIDE","HUMAN OTC DRUG","05/01/2021","N/A","OTC MONOGRAPH DRUG","2 BOTTLE in 1 CARTON (30142-755-20)  / 100 TABLET in 1 BOTTLE","Histamine H1 Receptor Antagonists [MoA],  Histamine-1 Receptor Antagonist [EPC]","N/A","No","12/31/2026"
"Vicks childrens Cough Congestion Night","37000-712-06","12.5 mg/15mL,  5 mg/15mL","LIQUID","ORAL","M012","The Procter & Gamble Manufacturing Company","37000-712","Phenylephrine Hydrochloride and Diphenhydramine Hydrochloride","DIPHENHYDRAMINE HYDROCHLORIDE,  PHENYLEPHRINE HYDROCHLORIDE","HUMAN OTC DRUG","04/22/2019","12/31/2026","OTC MONOGRAPH DRUG","177 mL in 1 BOTTLE, PLASTIC (37000-712-06)","Adrenergic alpha1-Agonists [MoA],  Histamine H1 Receptor Antagonists [MoA],  Histamine-1 Receptor Antagonist [EPC],  alpha-1 Adrenergic Agonist [EPC]","N/A","No","N/A"
"Diphenhydramine HYDROCHLORIDE","51662-1628-1","25 mg/1","CAPSULE","ORAL","M012","HF Acquisition Co LLC, DBA HealthFirst","51662-1628","Diphenhydramine HYDROCHLORIDE","DIPHENHYDRAMINE HYDROCHLORIDE","HUMAN OTC DRUG","04/14/2022","N/A","OTC MONOGRAPH DRUG","2 CAPSULE in 1 CARTON (51662-1628-1)","Histamine H1 Receptor Antagonists [MoA],  Histamine-1 Receptor Antagonist [EPC]","N/A","No","12/31/2026"
"Ibuprofen PM","0363-0207-11","200 mg/1,  25 mg/1","CAPSULE, LIQUID FILLED","ORAL","ANDA090397","WALGREEN COMPANY","0363-0207","IBUPROFEN, DIPHENHYDRAMINE HCL","IBUPROFEN,  DIPHENHYDRAMINE HYDROCHLORIDE","HUMAN OTC DRUG","08/02/2019","N/A","ANDA","1 BOTTLE in 1 CARTON (0363-0207-11)  / 20 CAPSULE, LIQUID FILLED in 1 BOTTLE","Anti-Inflammatory Agents,  Non-Steroidal [CS],  Cyclooxygenase Inhibitors [MoA],  Histamine H1 Receptor Antagonists [MoA],  Histamine-1 Receptor Antagonist [EPC],  Nonsteroidal Anti-inflammatory Drug [EPC]","N/A","No","12/31/2026"
"Ibuprofen PM","0363-0207-15","200 mg/1,  25 mg/1","CAPSULE, LIQUID FILLED","ORAL","ANDA090397","WALGREEN COMPANY","0363-0207","IBUPROFEN, DIPHENHYDRAMINE HCL","IBUPROFEN,  DIPHENHYDRAMINE HYDROCHLORIDE","HUMAN OTC DRUG","08/02/2019","N/A","ANDA","1 BOTTLE in 1 CARTON (0363-0207-15)  / 40 CAPSULE, LIQUID FILLED in 1 BOTTLE","Anti-Inflammatory Agents,  Non-Steroidal [CS],  Cyclooxygenase Inhibitors [MoA],  Histamine H1 Receptor Antagonists [MoA],  Histamine-1 Receptor Antagonist [EPC],  Nonsteroidal Anti-inflammatory Drug [EPC]","N/A","No","12/31/2026"
"Daytime Nighttime Multi Symptom Cold Childrens","0363-4200-08","N/A","KIT","N/A","M012","Walgreens","0363-4200","Dextromethorphan HBr,Guaifenesin,Phenylephrine HCl,Acetaminophen,Diphenhydramine HCl, Phenylephrine HCl","N/A","HUMAN OTC DRUG","12/31/2014","N/A","OTC MONOGRAPH DRUG","1 KIT in 1 KIT (0363-4200-08)  *  118 mL in 1 BOTTLE, PLASTIC (0363-4070-04)  *  118 mL in 1 BOTTLE, PLASTIC (0363-4060-04)","N/A","N/A","No","12/31/2027"
"REVASOL SLEEP AID","84379-284-04","50 mg/30mL","LIQUID","ORAL","M010","Rnv LLC","84379-284","Diphenhydramine HCl","DIPHENHYDRAMINE HCL","HUMAN OTC DRUG","02/03/2025","N/A","OTC MONOGRAPH DRUG","118 mL in 1 BOTTLE (84379-284-04)","Histamine H1 Receptor Antagonists [MoA],  Histamine-1 Receptor Antagonist [EPC]","N/A","No","12/31/2026"
"ALL NIGHT PAIN RELIEF PM","0363-2264-27","25 mg/1,  220 mg/1","TABLET, FILM COATED","ORAL","ANDA208499","Walgreen Company","0363-2264","diphenhydramine hydrochloride, naproxen sodium","DIPHENHYDRAMINE HYDROCHLORIDE,  NAPROXEN SODIUM","HUMAN OTC DRUG","04/27/2026","N/A","ANDA","1 BOTTLE in 1 CARTON (0363-2264-27)  / 80 TABLET, FILM COATED in 1 BOTTLE (0363-2264-80)","Anti-Inflammatory Agents,  Non-Steroidal [CS],  Cyclooxygenase Inhibitors [MoA],  Histamine H1 Receptor Antagonists [MoA],  Histamine-1 Receptor Antagonist [EPC],  Nonsteroidal Anti-inflammatory Drug [EPC]","N/A","No","12/31/2027"
"Sleep-Aid","79903-426-24","25 mg/1","CHEWABLE GEL","ORAL","M010","WALMART INC. (see also Equate)","79903-426","Diphenhydramine HCl","DIPHENHYDRAMINE HYDROCHLORIDE","HUMAN OTC DRUG","02/28/2026","N/A","OTC MONOGRAPH DRUG","24 CHEWABLE GEL in 1 BOTTLE, PLASTIC (79903-426-24)","Histamine H1 Receptor Antagonists [MoA],  Histamine-1 Receptor Antagonist [EPC]","N/A","No","12/31/2027"
"Allergy plus Sinus Headache","83059-0044-1","325 mg/1,  12.5 mg/1,  5 mg/1","TABLET, FILM COATED","ORAL","M012","Shield Pharmaceuticals Corp","83059-0044","Acetaminophen 325 mg, Diphenhydramine HCl 12.5 mg, Phenylephrine HCl 5 mg","ACETAMINOPHEN,  DIPHENHYDRAMINE HYDROCHLORIDE,  PHENYLEPHRINE HYDROCHLORIDE","HUMAN OTC DRUG","09/02/2024","N/A","OTC MONOGRAPH DRUG","1 BOTTLE in 1 PACKAGE (83059-0044-1)  / 12 TABLET, FILM COATED in 1 BOTTLE","Adrenergic alpha1-Agonists [MoA],  Histamine H1 Receptor Antagonists [MoA],  Histamine-1 Receptor Antagonist [EPC],  alpha-1 Adrenergic Agonist [EPC]","N/A","No","12/31/2027"
"Maximum Strength Daytime Severe and Nighttime Cold and Flu","11673-794-01","N/A","KIT","N/A","M012","TARGET Corporation","11673-794","Daytime- Acetaminophen, Dextromethorphan HBr, Guaifenesin, Nighttime - Acetaminophen, Diphenhydramine HCI","N/A","HUMAN OTC DRUG","05/01/2024","N/A","OTC MONOGRAPH DRUG","1 KIT in 1 KIT (11673-794-01)  *  177 mL in 1 BOTTLE, PLASTIC *  177 mL in 1 BOTTLE, PLASTIC","N/A","N/A","No","12/31/2026"
"Diphenhydramine Hydrochloride","55154-1589-0","25 mg/1","TABLET","ORAL","M012","Cardinal Health 107, LLC","55154-1589","Diphenhydramine Hydrochloride","DIPHENHYDRAMINE HYDROCHLORIDE","HUMAN OTC DRUG","08/07/2026","N/A","OTC MONOGRAPH DRUG","1 BLISTER PACK in 1 BAG (55154-1589-0)  / 10 TABLET in 1 BLISTER PACK","Histamine H1 Receptor Antagonists [MoA],  Histamine-1 Receptor Antagonist [EPC]","N/A","No","12/31/2027"
"CVS Regular Strength Itch Stopping","69842-621-01","10 mg/g,  1 mg/g","CREAM","TOPICAL","M017","CVS","69842-621","Diphenhydramine hydrochloride, Zinc acetate","DIPHENHYDRAMINE HYDROCHLORIDE,  ZINC ACETATE","HUMAN OTC DRUG","03/17/2014","N/A","OTC MONOGRAPH DRUG","1 TUBE in 1 CARTON (69842-621-01)  / 28 g in 1 TUBE","Copper Absorption Inhibitor [EPC],  Decreased Copper Ion Absorption [PE],  Histamine H1 Receptor Antagonists [MoA],  Histamine-1 Receptor Antagonist [EPC]","N/A","No","12/31/2026"
"Diphenhydramine Hydrochloride","83720-502-04","12.5 mg/5mL","SOLUTION","ORAL","M012","Oncor Pharmaceuticals","83720-502","Diphenhydramine Hydrochloride","DIPHENHYDRAMINE HYDROCHLORIDE","HUMAN OTC DRUG","03/27/2025","N/A","OTC MONOGRAPH DRUG","118 mL in 1 BOTTLE (83720-502-04)","Histamine H1 Receptor Antagonists [MoA],  Histamine-1 Receptor Antagonist [EPC]","N/A","No","12/31/2026"
"Diphenhydramine Hydrochloride","83720-502-16","12.5 mg/5mL","SOLUTION","ORAL","M012","Oncor Pharmaceuticals","83720-502","Diphenhydramine Hydrochloride","DIPHENHYDRAMINE HYDROCHLORIDE","HUMAN OTC DRUG","03/27/2025","N/A","OTC MONOGRAPH DRUG","473 mL in 1 BOTTLE (83720-502-16)","Histamine H1 Receptor Antagonists [MoA],  Histamine-1 Receptor Antagonist [EPC]","N/A","No","12/31/2026"
"REVASOL CHILDRENS ALLERGY","84379-286-04","12.5 mg/5mL","LIQUID","ORAL","M012","Rnv LLC","84379-286","DIPHENHYDRAMINE HCL","DIPHENHYDRAMINE HCL","HUMAN OTC DRUG","02/12/2025","N/A","OTC MONOGRAPH DRUG","118 mL in 1 BOTTLE (84379-286-04)","Histamine H1 Receptor Antagonists [MoA],  Histamine-1 Receptor Antagonist [EPC]","N/A","No","12/31/2026"
"Diphenhydramine HCL","63187-866-10","50 mg/1","CAPSULE","ORAL","M012","Proficient Rx LP","63187-866","Diphenhydramine HCL","DIPHENHYDRAMINE HYDROCHLORIDE","HUMAN OTC DRUG","07/10/2020","N/A","OTC MONOGRAPH DRUG","10 CAPSULE in 1 BOTTLE, PLASTIC (63187-866-10)","Histamine H1 Receptor Antagonists [MoA],  Histamine-1 Receptor Antagonist [EPC]","N/A","No","12/31/2026"
"Diphenhydramine HCL","63187-866-30","50 mg/1","CAPSULE","ORAL","M012","Proficient Rx LP","63187-866","Diphenhydramine HCL","DIPHENHYDRAMINE HYDROCHLORIDE","HUMAN OTC DRUG","06/01/2017","N/A","OTC MONOGRAPH DRUG","30 CAPSULE in 1 BOTTLE, PLASTIC (63187-866-30)","Histamine H1 Receptor Antagonists [MoA],  Histamine-1 Receptor Antagonist [EPC]","N/A","No","12/31/2026"
"Diphenhydramine HCL","63187-866-60","50 mg/1","CAPSULE","ORAL","M012","Proficient Rx LP","63187-866","Diphenhydramine HCL","DIPHENHYDRAMINE HYDROCHLORIDE","HUMAN OTC DRUG","06/01/2017","N/A","OTC MONOGRAPH DRUG","60 CAPSULE in 1 BOTTLE, PLASTIC (63187-866-60)","Histamine H1 Receptor Antagonists [MoA],  Histamine-1 Receptor Antagonist [EPC]","N/A","No","12/31/2026"
"Diphenhydramine HCL","63187-866-90","50 mg/1","CAPSULE","ORAL","M012","Proficient Rx LP","63187-866","Diphenhydramine HCL","DIPHENHYDRAMINE HYDROCHLORIDE","HUMAN OTC DRUG","06/01/2017","N/A","OTC MONOGRAPH DRUG","90 CAPSULE in 1 BOTTLE, PLASTIC (63187-866-90)","Histamine H1 Receptor Antagonists [MoA],  Histamine-1 Receptor Antagonist [EPC]","N/A","No","12/31/2026"
"CAREALL Allergy Relief","51824-102-01","25 mg/1","TABLET, COATED","ORAL","M012","New World Imports, Inc","51824-102","Diphenhydramine Hydrochloride","DIPHENHYDRAMINE HYDROCHLORIDE","HUMAN OTC DRUG","12/06/2023","N/A","OTC MONOGRAPH DRUG","100 TABLET, COATED in 1 BOTTLE (51824-102-01)","Histamine H1 Receptor Antagonists [MoA],  Histamine-1 Receptor Antagonist [EPC]","N/A","No","12/31/2026"
"Itch Stopping","69842-620-04","2 g/100g","GEL","TOPICAL","M017","CVS","69842-620","Diphenhydramine HCl","DIPHENHYDRAMINE HYDROCHLORIDE","HUMAN OTC DRUG","05/14/2014","N/A","OTC MONOGRAPH DRUG","113 g in 1 BOTTLE (69842-620-04)","Histamine H1 Receptor Antagonists [MoA],  Histamine-1 Receptor Antagonist [EPC]","N/A","No","12/31/2026"
"Warrior First Aid Anti Itch","72839-647-02","2 g/100mL,  .1 g/100mL","SPRAY","TOPICAL","M017","Derma Care Research Labs, LLC","72839-647","Diphenhydramine HCl 2%, Zinc Acetate 0.1%","DIPHENHYDRAMINE HYDROCHLORIDE,  ZINC ACETATE","HUMAN OTC DRUG","07/25/2022","N/A","OTC MONOGRAPH DRUG","59 mL in 1 BOTTLE (72839-647-02)","Copper Absorption Inhibitor [EPC],  Decreased Copper Ion Absorption [PE],  Histamine H1 Receptor Antagonists [MoA],  Histamine-1 Receptor Antagonist [EPC]","N/A","No","12/31/2026"
"AXIV - VroZzz","82706-014-01","25 mg/1","CAPSULE, LIQUID FILLED","ORAL","M010","Vivunt Pharma LLC","82706-014","Diphenhydramine Hydrochloride","DIPHENHYDRAMINE HYDROCHLORIDE","HUMAN OTC DRUG","03/07/2024","N/A","OTC MONOGRAPH DRUG","6 BLISTER PACK in 1 CARTON (82706-014-01)  / 12 CAPSULE, LIQUID FILLED in 1 BLISTER PACK","Histamine H1 Receptor Antagonists [MoA],  Histamine-1 Receptor Antagonist [EPC]","N/A","No","12/31/2026"
"Allergy plus Sinus Headache","83059-0045-1","325 mg/1,  12.5 mg/1,  5 mg/1","TABLET, FILM COATED","ORAL","M012","Shield Pharmaceuticals Corp","83059-0045","Acetaminophen 325 mg, Diphenhydramine HCl 12.5 mg, Phenylephrine HCl 5 mg","ACETAMINOPHEN,  DIPHENHYDRAMINE HYDROCHLORIDE,  PHENYLEPHRINE HYDROCHLORIDE","HUMAN OTC DRUG","09/02/2024","N/A","OTC MONOGRAPH DRUG","1 BOTTLE in 1 PACKAGE (83059-0045-1)  / 15 TABLET, FILM COATED in 1 BOTTLE","Adrenergic alpha1-Agonists [MoA],  Histamine H1 Receptor Antagonists [MoA],  Histamine-1 Receptor Antagonist [EPC],  alpha-1 Adrenergic Agonist [EPC]","N/A","No","12/31/2026"
"Allergy Relief Dye-Free Softgel","51316-998-22","25 mg/1","CAPSULE, LIQUID FILLED","ORAL","M012","CVS PHARMACY, INC","51316-998","Diphenhydramine Hydrochloride","DIPHENHYDRAMINE HYDROCHLORIDE","HUMAN OTC DRUG","07/20/2021","N/A","OTC MONOGRAPH DRUG","2 BLISTER PACK in 1 CARTON (51316-998-22)  / 12 CAPSULE, LIQUID FILLED in 1 BLISTER PACK","Histamine H1 Receptor Antagonists [MoA],  Histamine-1 Receptor Antagonist [EPC]","N/A","No","12/31/2026"
"NIGHTTIME SLEEP AID","0363-8989-12","25 mg/1","CAPSULE, LIQUID FILLED","ORAL","M010","WALGREEN COMPANY","0363-8989","DIPHENHYDRAMINE HYDROCHLORIDE","DIPHENHYDRAMINE HYDROCHLORIDE","HUMAN OTC DRUG","12/22/2020","08/31/2027","OTC MONOGRAPH DRUG","1 BLISTER PACK in 1 CARTON (0363-8989-12)  / 12 CAPSULE, LIQUID FILLED in 1 BLISTER PACK","Histamine H1 Receptor Antagonists [MoA],  Histamine-1 Receptor Antagonist [EPC]","N/A","No","N/A"
"NIGHTTIME SLEEP AID","0363-8989-24","25 mg/1","CAPSULE, LIQUID FILLED","ORAL","M010","WALGREEN COMPANY","0363-8989","DIPHENHYDRAMINE HYDROCHLORIDE","DIPHENHYDRAMINE HYDROCHLORIDE","HUMAN OTC DRUG","12/22/2020","08/31/2027","OTC MONOGRAPH DRUG","2 BLISTER PACK in 1 CARTON (0363-8989-24)  / 12 CAPSULE, LIQUID FILLED in 1 BLISTER PACK","Histamine H1 Receptor Antagonists [MoA],  Histamine-1 Receptor Antagonist [EPC]","N/A","No","N/A"
"NIGHTTIME SLEEP AID","0363-8989-48","25 mg/1","CAPSULE, LIQUID FILLED","ORAL","M010","WALGREEN COMPANY","0363-8989","DIPHENHYDRAMINE HYDROCHLORIDE","DIPHENHYDRAMINE HYDROCHLORIDE","HUMAN OTC DRUG","12/22/2020","08/31/2027","OTC MONOGRAPH DRUG","4 BLISTER PACK in 1 CARTON (0363-8989-48)  / 12 CAPSULE, LIQUID FILLED in 1 BLISTER PACK","Histamine H1 Receptor Antagonists [MoA],  Histamine-1 Receptor Antagonist [EPC]","N/A","No","N/A"
"pain relief PM","41250-195-02","500 mg/1,  25 mg/1","TABLET, COATED","ORAL","M013","Meijer","41250-195","Acetaminophen and Diphenhydramine Hydrochloride","ACETAMINOPHEN,  DIPHENHYDRAMINE HYDROCHLORIDE","HUMAN OTC DRUG","05/01/2017","09/30/2026","OTC MONOGRAPH DRUG","1 BOTTLE, PLASTIC in 1 CARTON (41250-195-02)  / 50 TABLET, COATED in 1 BOTTLE, PLASTIC","Histamine H1 Receptor Antagonists [MoA],  Histamine-1 Receptor Antagonist [EPC]","N/A","No","N/A"
"pain relief PM","41250-195-03","500 mg/1,  25 mg/1","TABLET, COATED","ORAL","M013","Meijer","41250-195","Acetaminophen and Diphenhydramine Hydrochloride","ACETAMINOPHEN,  DIPHENHYDRAMINE HYDROCHLORIDE","HUMAN OTC DRUG","05/01/2017","09/30/2026","OTC MONOGRAPH DRUG","1 BOTTLE, PLASTIC in 1 CARTON (41250-195-03)  / 100 TABLET, COATED in 1 BOTTLE, PLASTIC","Histamine H1 Receptor Antagonists [MoA],  Histamine-1 Receptor Antagonist [EPC]","N/A","No","N/A"
"pain relief PM","41250-195-09","500 mg/1,  25 mg/1","TABLET, COATED","ORAL","M013","Meijer","41250-195","Acetaminophen and Diphenhydramine Hydrochloride","ACETAMINOPHEN,  DIPHENHYDRAMINE HYDROCHLORIDE","HUMAN OTC DRUG","05/01/2017","09/30/2026","OTC MONOGRAPH DRUG","2 BOTTLE, PLASTIC in 1 CARTON (41250-195-09)  / 100 TABLET, COATED in 1 BOTTLE, PLASTIC","Histamine H1 Receptor Antagonists [MoA],  Histamine-1 Receptor Antagonist [EPC]","N/A","No","N/A"
"Tylenol PM Extra Strength","50580-608-01","500 mg/1,  25 mg/1","TABLET, FILM COATED","ORAL","M013","Kenvue Brands LLC","50580-608","acetaminophen and diphenhydramine hydrochloride","ACETAMINOPHEN,  DIPHENHYDRAMINE HYDROCHLORIDE","HUMAN OTC DRUG","07/11/2016","N/A","OTC MONOGRAPH DRUG","1 BOTTLE in 1 CARTON (50580-608-01)  / 24 TABLET, FILM COATED in 1 BOTTLE","Histamine H1 Receptor Antagonists [MoA],  Histamine-1 Receptor Antagonist [EPC]","N/A","No","12/31/2027"
"Tylenol PM Extra Strength","50580-608-02","500 mg/1,  25 mg/1","TABLET, FILM COATED","ORAL","M013","Kenvue Brands LLC","50580-608","acetaminophen and diphenhydramine hydrochloride","ACETAMINOPHEN,  DIPHENHYDRAMINE HYDROCHLORIDE","HUMAN OTC DRUG","07/11/2016","N/A","OTC MONOGRAPH DRUG","1 BOTTLE in 1 CARTON (50580-608-02)  / 100 TABLET, FILM COATED in 1 BOTTLE","Histamine H1 Receptor Antagonists [MoA],  Histamine-1 Receptor Antagonist [EPC]","N/A","No","12/31/2027"
"Tylenol PM Extra Strength","50580-608-03","500 mg/1,  25 mg/1","TABLET, FILM COATED","ORAL","M013","Kenvue Brands LLC","50580-608","acetaminophen and diphenhydramine hydrochloride","ACETAMINOPHEN,  DIPHENHYDRAMINE HYDROCHLORIDE","HUMAN OTC DRUG","07/11/2016","N/A","OTC MONOGRAPH DRUG","1 BOTTLE in 1 CARTON (50580-608-03)  / 150 TABLET, FILM COATED in 1 BOTTLE","Histamine H1 Receptor Antagonists [MoA],  Histamine-1 Receptor Antagonist [EPC]","N/A","No","12/31/2027"
"Tylenol PM Extra Strength","50580-608-04","500 mg/1,  25 mg/1","TABLET, FILM COATED","ORAL","M013","Kenvue Brands LLC","50580-608","acetaminophen and diphenhydramine hydrochloride","ACETAMINOPHEN,  DIPHENHYDRAMINE HYDROCHLORIDE","HUMAN OTC DRUG","07/11/2016","N/A","OTC MONOGRAPH DRUG","1 BOTTLE in 1 CARTON (50580-608-04)  / 225 TABLET, FILM COATED in 1 BOTTLE","Histamine H1 Receptor Antagonists [MoA],  Histamine-1 Receptor Antagonist [EPC]","N/A","No","12/31/2027"
"Tylenol PM Extra Strength","50580-608-05","500 mg/1,  25 mg/1","TABLET, FILM COATED","ORAL","M013","Kenvue Brands LLC","50580-608","acetaminophen and diphenhydramine hydrochloride","ACETAMINOPHEN,  DIPHENHYDRAMINE HYDROCHLORIDE","HUMAN OTC DRUG","07/11/2016","N/A","OTC MONOGRAPH DRUG","2 TABLET, FILM COATED in 1 POUCH (50580-608-05)","Histamine H1 Receptor Antagonists [MoA],  Histamine-1 Receptor Antagonist [EPC]","N/A","No","12/31/2027"
"Tylenol PM Extra Strength","50580-608-06","500 mg/1,  25 mg/1","TABLET, FILM COATED","ORAL","M013","Kenvue Brands LLC","50580-608","acetaminophen and diphenhydramine hydrochloride","ACETAMINOPHEN,  DIPHENHYDRAMINE HYDROCHLORIDE","HUMAN OTC DRUG","07/11/2016","N/A","OTC MONOGRAPH DRUG","50 POUCH in 1 TRAY (50580-608-06)  / 2 TABLET, FILM COATED in 1 POUCH","Histamine H1 Receptor Antagonists [MoA],  Histamine-1 Receptor Antagonist [EPC]","N/A","No","12/31/2027"
"Tylenol PM Extra Strength","50580-608-07","500 mg/1,  25 mg/1","TABLET, FILM COATED","ORAL","M013","Kenvue Brands LLC","50580-608","acetaminophen and diphenhydramine hydrochloride","ACETAMINOPHEN,  DIPHENHYDRAMINE HYDROCHLORIDE","HUMAN OTC DRUG","02/14/2022","N/A","OTC MONOGRAPH DRUG","2 POUCH in 1 CARTON (50580-608-07)  / 2 TABLET, FILM COATED in 1 POUCH","Histamine H1 Receptor Antagonists [MoA],  Histamine-1 Receptor Antagonist [EPC]","N/A","No","12/31/2027"
"Tylenol PM Extra Strength","50580-608-08","500 mg/1,  25 mg/1","TABLET, FILM COATED","ORAL","M013","Kenvue Brands LLC","50580-608","acetaminophen and diphenhydramine hydrochloride","ACETAMINOPHEN,  DIPHENHYDRAMINE HYDROCHLORIDE","HUMAN OTC DRUG","06/01/2022","N/A","OTC MONOGRAPH DRUG","1 BOTTLE in 1 CARTON (50580-608-08)  / 50 TABLET, FILM COATED in 1 BOTTLE","Histamine H1 Receptor Antagonists [MoA],  Histamine-1 Receptor Antagonist [EPC]","N/A","No","12/31/2027"
"CAREALL Pain Relief PM Extra Strength","51824-107-50","500 mg/1,  25 mg/1","TABLET","ORAL","M013","New World Imports, Inc","51824-107","Acetaminophen, Diphenhydramine HCl","ACETAMINOPHEN,  DIPHENHYDRAMINE HYDROCHLORIDE","HUMAN OTC DRUG","01/10/2024","N/A","OTC MONOGRAPH DRUG","50 TABLET in 1 BOTTLE (51824-107-50)","Histamine H1 Receptor Antagonists [MoA],  Histamine-1 Receptor Antagonist [EPC]","N/A","No","12/31/2026"
"Allergy Relief 25 mg","73057-348-03","25 mg/1","CAPSULE","ORAL","M010","Ulai Health LLC","73057-348","Diphenhydramine HCl 25mg","DIPHENHYDRAMINE HYDROCHLORIDE","HUMAN OTC DRUG","07/01/2019","N/A","OTC MONOGRAPH DRUG","24 CAPSULE in 1 BOTTLE, PLASTIC (73057-348-03)","Histamine H1 Receptor Antagonists [MoA],  Histamine-1 Receptor Antagonist [EPC]","N/A","No","12/31/2026"
"Allergy Relief 25 mg","73057-348-08","25 mg/1","CAPSULE","ORAL","M010","Ulai Health LLC","73057-348","Diphenhydramine HCl 25mg","DIPHENHYDRAMINE HYDROCHLORIDE","HUMAN OTC DRUG","07/01/2019","N/A","OTC MONOGRAPH DRUG","100 CAPSULE in 1 BOTTLE, PLASTIC (73057-348-08)","Histamine H1 Receptor Antagonists [MoA],  Histamine-1 Receptor Antagonist [EPC]","N/A","No","12/31/2026"
"Allergy Relief 25 mg","73057-348-11","25 mg/1","CAPSULE","ORAL","M010","Ulai Health LLC","73057-348","Diphenhydramine HCl 25mg","DIPHENHYDRAMINE HYDROCHLORIDE","HUMAN OTC DRUG","07/01/2019","N/A","OTC MONOGRAPH DRUG","1000 CAPSULE in 1 BOTTLE, PLASTIC (73057-348-11)","Histamine H1 Receptor Antagonists [MoA],  Histamine-1 Receptor Antagonist [EPC]","N/A","No","12/31/2026"
"Allergy Relief","21130-596-01","25 mg/1","TABLET","ORAL","M012","BETTER LIVING BRANDS LLC.","21130-596","Diphenhydramine HCl","DIPHENHYDRAMINE HYDROCHLORIDE","HUMAN OTC DRUG","05/31/2023","N/A","OTC MONOGRAPH DRUG","1 BOTTLE in 1 CARTON (21130-596-01)  / 100 TABLET in 1 BOTTLE","Histamine H1 Receptor Antagonists [MoA],  Histamine-1 Receptor Antagonist [EPC]","N/A","No","12/31/2026"
"Allergy Relief","21130-596-20","25 mg/1","TABLET","ORAL","M012","BETTER LIVING BRANDS LLC.","21130-596","Diphenhydramine HCl","DIPHENHYDRAMINE HYDROCHLORIDE","HUMAN OTC DRUG","05/31/2023","N/A","OTC MONOGRAPH DRUG","1 BOTTLE in 1 CARTON (21130-596-20)  / 200 TABLET in 1 BOTTLE","Histamine H1 Receptor Antagonists [MoA],  Histamine-1 Receptor Antagonist [EPC]","N/A","No","12/31/2026"
"Allergy Relief","21130-596-35","25 mg/1","TABLET","ORAL","M012","BETTER LIVING BRANDS LLC.","21130-596","Diphenhydramine HCl","DIPHENHYDRAMINE HYDROCHLORIDE","HUMAN OTC DRUG","07/27/2023","N/A","OTC MONOGRAPH DRUG","365 TABLET in 1 BOTTLE (21130-596-35)","Histamine H1 Receptor Antagonists [MoA],  Histamine-1 Receptor Antagonist [EPC]","N/A","No","12/31/2026"
"Pain Relief PM","36800-556-09","500 mg/1,  25 mg/1","TABLET, COATED","ORAL","M013","Topco Associates, LLC","36800-556","Acetaminophen, Diphenhydramine HCl","ACETAMINOPHEN,  DIPHENHYDRAMINE HYDROCHLORIDE","HUMAN OTC DRUG","01/03/2020","N/A","OTC MONOGRAPH DRUG","1 BOTTLE, PLASTIC in 1 CARTON (36800-556-09)  / 20 TABLET, COATED in 1 BOTTLE, PLASTIC","Histamine H1 Receptor Antagonists [MoA],  Histamine-1 Receptor Antagonist [EPC]","N/A","No","12/31/2027"
"Pain Relief PM","36800-556-10","500 mg/1,  25 mg/1","TABLET, COATED","ORAL","M013","Topco Associates, LLC","36800-556","Acetaminophen, Diphenhydramine HCl","ACETAMINOPHEN,  DIPHENHYDRAMINE HYDROCHLORIDE","HUMAN OTC DRUG","01/03/2020","N/A","OTC MONOGRAPH DRUG","1 BOTTLE, PLASTIC in 1 CARTON (36800-556-10)  / 40 TABLET, COATED in 1 BOTTLE, PLASTIC","Histamine H1 Receptor Antagonists [MoA],  Histamine-1 Receptor Antagonist [EPC]","N/A","No","12/31/2027"
"GoodSense Anti-Itch","50804-064-02","2 g/100mL,  .1 g/100mL","SPRAY","TOPICAL","M017","Geiss, Destin & Dunn, Inc","50804-064","Diphenhydramine HCl, Zinc Acetate","DIPHENHYDRAMINE HYDROCHLORIDE,  ZINC ACETATE","HUMAN OTC DRUG","05/01/2025","N/A","OTC MONOGRAPH DRUG","59 mL in 1 TUBE (50804-064-02)","Copper Absorption Inhibitor [EPC],  Decreased Copper Ion Absorption [PE],  Histamine H1 Receptor Antagonists [MoA],  Histamine-1 Receptor Antagonist [EPC]","N/A","No","12/31/2026"
"Dye Free Wal Sleep Z","0363-0753-12","50 mg/30mL","LIQUID","ORAL","M012","WALGREEN CO.","0363-0753","DIPHENHYDRAMINE HYDROCHLORIDE","DIPHENHYDRAMINE HYDROCHLORIDE","HUMAN OTC DRUG","07/24/2018","N/A","OTC MONOGRAPH DRUG","354 mL in 1 BOTTLE, PLASTIC (0363-0753-12)","Histamine H1 Receptor Antagonists [MoA],  Histamine-1 Receptor Antagonist [EPC]","N/A","No","12/31/2026"
"Good Neighbor Pharmacy Childrens Allergy","71205-259-04","12.5 mg/5mL","SOLUTION","ORAL","M012","Proficient Rx LP","71205-259","Diphenhydramine Hydrochloride","DIPHENHYDRAMINE HYDROCHLORIDE","HUMAN OTC DRUG","05/01/2019","N/A","OTC MONOGRAPH DRUG","1 BOTTLE in 1 CARTON (71205-259-04)  / 118 mL in 1 BOTTLE","Histamine H1 Receptor Antagonists [MoA],  Histamine-1 Receptor Antagonist [EPC]","N/A","No","12/31/2026"
"Allergy, Lil Drug Store","66715-6914-8","25 mg/1","TABLET, COATED","ORAL","M012","Lil' Drug Store Products, Inc.","66715-6914","Diphenhydramine HCl 25mg tablet","DIPHENHYDRAMINE HYDROCHLORIDE","HUMAN OTC DRUG","07/12/2021","N/A","OTC MONOGRAPH DRUG","3 BLISTER PACK in 1 CARTON (66715-6914-8)  / 12 TABLET, COATED in 1 BLISTER PACK","Histamine H1 Receptor Antagonists [MoA],  Histamine-1 Receptor Antagonist [EPC]","N/A","No","12/31/2026"
"Sleep Aid Maximum Strength","67091-413-32","50 mg/1","CAPSULE","ORAL","M010","WinCo Foods, LLC","67091-413","Diphenhydramine HCL","DIPHENHYDRAMINE HYDROCHLORIDE","HUMAN OTC DRUG","04/29/2022","N/A","OTC MONOGRAPH DRUG","1 BOTTLE, PLASTIC in 1 BOX (67091-413-32)  / 32 CAPSULE in 1 BOTTLE, PLASTIC","Histamine H1 Receptor Antagonists [MoA],  Histamine-1 Receptor Antagonist [EPC]","N/A","No","12/31/2026"
"PHARBEDRYL","73057-347-08","50 mg/1","CAPSULE","ORAL","M010","Ulai Health LLC","73057-347","Diphenhydramine HCl 50mg","DIPHENHYDRAMINE HYDROCHLORIDE","HUMAN OTC DRUG","07/02/2019","N/A","OTC MONOGRAPH DRUG","100 CAPSULE in 1 BOTTLE, PLASTIC (73057-347-08)","Histamine H1 Receptor Antagonists [MoA],  Histamine-1 Receptor Antagonist [EPC]","N/A","No","12/31/2026"
"PHARBEDRYL","73057-347-11","50 mg/1","CAPSULE","ORAL","M010","Ulai Health LLC","73057-347","Diphenhydramine HCl 50mg","DIPHENHYDRAMINE HYDROCHLORIDE","HUMAN OTC DRUG","07/02/2019","N/A","OTC MONOGRAPH DRUG","1000 CAPSULE in 1 BOTTLE, PLASTIC (73057-347-11)","Histamine H1 Receptor Antagonists [MoA],  Histamine-1 Receptor Antagonist [EPC]","N/A","No","12/31/2026"
"Allergy Relief","50804-091-08","25 mg/1","CAPSULE","ORAL","M012","Geiss, Destin & Dunn Inc.","50804-091","Diphenhydramine HCl","DIPHENHYDRAMINE HYDROCHLORIDE","HUMAN OTC DRUG","06/02/2020","N/A","OTC MONOGRAPH DRUG","2 BLISTER PACK in 1 CARTON (50804-091-08)  / 12 CAPSULE in 1 BLISTER PACK","Histamine H1 Receptor Antagonists [MoA],  Histamine-1 Receptor Antagonist [EPC]","N/A","No","12/31/2027"
"CAREALL Pain Relief PM Extra Strength","51824-108-50","500 mg/1,  25 mg/1","TABLET","ORAL","M013","New World Imports, Inc","51824-108","Acetaminophen, Diphenhydramine HCl","ACETAMINOPHEN,  DIPHENHYDRAMINE HYDROCHLORIDE","HUMAN OTC DRUG","08/23/2024","N/A","OTC MONOGRAPH DRUG","50 TABLET in 1 BOTTLE (51824-108-50)","Histamine H1 Receptor Antagonists [MoA],  Histamine-1 Receptor Antagonist [EPC]","N/A","No","12/31/2026"
"Rest Simply","53943-191-01","25 mg/1","TABLET, COATED","ORAL","M010","DISCOUNT DRUG MART","53943-191","DIPHENHYDRAMINE HYDROCHLORIDE","DIPHENHYDRAMINE HYDROCHLORIDE","HUMAN OTC DRUG","01/27/2010","N/A","OTC MONOGRAPH DRUG","4 BLISTER PACK in 1 PACKAGE (53943-191-01)  / 6 TABLET, COATED in 1 BLISTER PACK","Histamine H1 Receptor Antagonists [MoA],  Histamine-1 Receptor Antagonist [EPC]","N/A","No","12/31/2026"
"Rest Simply","53943-191-03","25 mg/1","TABLET, COATED","ORAL","M010","DISCOUNT DRUG MART","53943-191","DIPHENHYDRAMINE HYDROCHLORIDE","DIPHENHYDRAMINE HYDROCHLORIDE","HUMAN OTC DRUG","07/10/2019","N/A","OTC MONOGRAPH DRUG","1 BOTTLE, PLASTIC in 1 CARTON (53943-191-03)  / 100 TABLET, COATED in 1 BOTTLE, PLASTIC","Histamine H1 Receptor Antagonists [MoA],  Histamine-1 Receptor Antagonist [EPC]","N/A","No","12/31/2026"
"CVS Health Childrens Allergy Relief","59779-793-10","12.5 mg/5mL","LIQUID","ORAL","part341","CVS Pharmacy,Inc.","59779-793","Diphenhydramine hydrochloride","DIPHENHYDRAMINE HYDROCHLORIDE","HUMAN OTC DRUG","09/07/2015","N/A","OTC MONOGRAPH FINAL","10 VIAL, SINGLE-DOSE in 1 CARTON (59779-793-10)  / 5 mL in 1 VIAL, SINGLE-DOSE","Histamine H1 Receptor Antagonists [MoA],  Histamine-1 Receptor Antagonist [EPC]","N/A","No","12/31/2026"
"Diphenhydramine HCl and Ibuprofen","58602-814-10","25 mg/1,  200 mg/1","CAPSULE, LIQUID FILLED","ORAL","ANDA210676","Aurohealth LLC","58602-814","Diphenhydramine HCl and Ibuprofen","DIPHENHYDRAMINE HYDROCHLORIDE,  IBUPROFEN","HUMAN OTC DRUG","02/14/2019","N/A","ANDA","1 BOTTLE in 1 CARTON (58602-814-10)  / 32 CAPSULE, LIQUID FILLED in 1 BOTTLE","Anti-Inflammatory Agents,  Non-Steroidal [CS],  Cyclooxygenase Inhibitors [MoA],  Histamine H1 Receptor Antagonists [MoA],  Histamine-1 Receptor Antagonist [EPC],  Nonsteroidal Anti-inflammatory Drug [EPC]","N/A","No","12/31/2026"
"Diphenhydramine HCl and Ibuprofen","58602-814-12","25 mg/1,  200 mg/1","CAPSULE, LIQUID FILLED","ORAL","ANDA210676","Aurohealth LLC","58602-814","Diphenhydramine HCl and Ibuprofen","DIPHENHYDRAMINE HYDROCHLORIDE,  IBUPROFEN","HUMAN OTC DRUG","02/14/2019","N/A","ANDA","1 BOTTLE in 1 CARTON (58602-814-12)  / 40 CAPSULE, LIQUID FILLED in 1 BOTTLE","Anti-Inflammatory Agents,  Non-Steroidal [CS],  Cyclooxygenase Inhibitors [MoA],  Histamine H1 Receptor Antagonists [MoA],  Histamine-1 Receptor Antagonist [EPC],  Nonsteroidal Anti-inflammatory Drug [EPC]","N/A","No","12/31/2026"
"Diphenhydramine HCl and Ibuprofen","58602-814-18","25 mg/1,  200 mg/1","CAPSULE, LIQUID FILLED","ORAL","ANDA210676","Aurohealth LLC","58602-814","Diphenhydramine HCl and Ibuprofen","DIPHENHYDRAMINE HYDROCHLORIDE,  IBUPROFEN","HUMAN OTC DRUG","02/14/2019","N/A","ANDA","1 BOTTLE in 1 CARTON (58602-814-18)  / 80 CAPSULE, LIQUID FILLED in 1 BOTTLE","Anti-Inflammatory Agents,  Non-Steroidal [CS],  Cyclooxygenase Inhibitors [MoA],  Histamine H1 Receptor Antagonists [MoA],  Histamine-1 Receptor Antagonist [EPC],  Nonsteroidal Anti-inflammatory Drug [EPC]","N/A","No","12/31/2026"
"Diphenhydramine HCl and Ibuprofen","58602-814-23","25 mg/1,  200 mg/1","CAPSULE, LIQUID FILLED","ORAL","ANDA210676","Aurohealth LLC","58602-814","Diphenhydramine HCl and Ibuprofen","DIPHENHYDRAMINE HYDROCHLORIDE,  IBUPROFEN","HUMAN OTC DRUG","02/14/2019","N/A","ANDA","120 CAPSULE, LIQUID FILLED in 1 BOTTLE (58602-814-23)","Anti-Inflammatory Agents,  Non-Steroidal [CS],  Cyclooxygenase Inhibitors [MoA],  Histamine H1 Receptor Antagonists [MoA],  Histamine-1 Receptor Antagonist [EPC],  Nonsteroidal Anti-inflammatory Drug [EPC]","N/A","No","12/31/2026"
"Diphenhydramine HCl and Ibuprofen","58602-814-30","25 mg/1,  200 mg/1","CAPSULE, LIQUID FILLED","ORAL","ANDA210676","Aurohealth LLC","58602-814","Diphenhydramine HCl and Ibuprofen","DIPHENHYDRAMINE HYDROCHLORIDE,  IBUPROFEN","HUMAN OTC DRUG","02/14/2019","N/A","ANDA","160 CAPSULE, LIQUID FILLED in 1 BOTTLE (58602-814-30)","Anti-Inflammatory Agents,  Non-Steroidal [CS],  Cyclooxygenase Inhibitors [MoA],  Histamine H1 Receptor Antagonists [MoA],  Histamine-1 Receptor Antagonist [EPC],  Nonsteroidal Anti-inflammatory Drug [EPC]","N/A","No","12/31/2026"
"Diphenhydramine HCl and Ibuprofen","58602-814-73","25 mg/1,  200 mg/1","CAPSULE, LIQUID FILLED","ORAL","ANDA210676","Aurohealth LLC","58602-814","Diphenhydramine HCl and Ibuprofen","DIPHENHYDRAMINE HYDROCHLORIDE,  IBUPROFEN","HUMAN OTC DRUG","02/14/2019","N/A","ANDA","1 BOTTLE in 1 CARTON (58602-814-73)  / 20 CAPSULE, LIQUID FILLED in 1 BOTTLE","Anti-Inflammatory Agents,  Non-Steroidal [CS],  Cyclooxygenase Inhibitors [MoA],  Histamine H1 Receptor Antagonists [MoA],  Histamine-1 Receptor Antagonist [EPC],  Nonsteroidal Anti-inflammatory Drug [EPC]","N/A","No","12/31/2026"
"CoreTex Anti-Itch Gel","65753-400-02","2 g/100mL,  1 g/100mL,  .1 g/100mL","GEL","TOPICAL","M017","CoreTex Products Inc","65753-400","camphor, diphenhydramine, zinc acetate","DIPHENHYDRAMINE HYDROCHLORIDE,  ZINC ACETATE,  CAMPHOR (SYNTHETIC)","HUMAN OTC DRUG","11/26/2019","N/A","OTC MONOGRAPH DRUG","59 mL in 1 BOTTLE (65753-400-02)","Copper Absorption Inhibitor [EPC],  Decreased Copper Ion Absorption [PE],  Histamine H1 Receptor Antagonists [MoA],  Histamine-1 Receptor Antagonist [EPC]","N/A","No","12/31/2026"
"CoreTex Anti-Itch Gel","65753-400-04","2 g/100mL,  1 g/100mL,  .1 g/100mL","GEL","TOPICAL","M017","CoreTex Products Inc","65753-400","camphor, diphenhydramine, zinc acetate","DIPHENHYDRAMINE HYDROCHLORIDE,  ZINC ACETATE,  CAMPHOR (SYNTHETIC)","HUMAN OTC DRUG","11/26/2019","N/A","OTC MONOGRAPH DRUG","177 mL in 1 BOTTLE (65753-400-04)","Copper Absorption Inhibitor [EPC],  Decreased Copper Ion Absorption [PE],  Histamine H1 Receptor Antagonists [MoA],  Histamine-1 Receptor Antagonist [EPC]","N/A","No","12/31/2026"
"CoreTex Anti-Itch Gel","65753-400-13","2 g/100mL,  1 g/100mL,  .1 g/100mL","GEL","TOPICAL","M017","CoreTex Products Inc","65753-400","camphor, diphenhydramine, zinc acetate","DIPHENHYDRAMINE HYDROCHLORIDE,  ZINC ACETATE,  CAMPHOR (SYNTHETIC)","HUMAN OTC DRUG","11/26/2019","N/A","OTC MONOGRAPH DRUG","25 POUCH in 1 CONTAINER (65753-400-13)  / 1 mL in 1 POUCH","Copper Absorption Inhibitor [EPC],  Decreased Copper Ion Absorption [PE],  Histamine H1 Receptor Antagonists [MoA],  Histamine-1 Receptor Antagonist [EPC]","N/A","No","12/31/2026"
"CoreTex Anti-Itch Gel","65753-400-14","2 g/100mL,  1 g/100mL,  .1 g/100mL","GEL","TOPICAL","M017","CoreTex Products Inc","65753-400","camphor, diphenhydramine, zinc acetate","DIPHENHYDRAMINE HYDROCHLORIDE,  ZINC ACETATE,  CAMPHOR (SYNTHETIC)","HUMAN OTC DRUG","11/26/2019","N/A","OTC MONOGRAPH DRUG","300 POUCH in 1 CONTAINER (65753-400-14)  / 1 mL in 1 POUCH","Copper Absorption Inhibitor [EPC],  Decreased Copper Ion Absorption [PE],  Histamine H1 Receptor Antagonists [MoA],  Histamine-1 Receptor Antagonist [EPC]","N/A","No","12/31/2026"
"Allergy Relief","67091-425-20","12.5 mg/1","TABLET, CHEWABLE","ORAL","M012","WinCo Foods, LLC","67091-425","Diphenhydramine HCl","DIPHENHYDRAMINE HYDROCHLORIDE","HUMAN OTC DRUG","03/28/2024","07/31/2027","OTC MONOGRAPH DRUG","4 BLISTER PACK in 1 CARTON (67091-425-20)  / 5 TABLET, CHEWABLE in 1 BLISTER PACK","Histamine H1 Receptor Antagonists [MoA],  Histamine-1 Receptor Antagonist [EPC]","N/A","No","N/A"
"Allergy Plus Headache Relief","79903-434-20","325 mg/1,  25 mg/1","TABLET, FILM COATED","ORAL","M012","WALMART INC.","79903-434","Acetaminophen, Diphenhydramine HCl","ACETAMINOPHEN,  DIPHENHYDRAMINE HYDROCHLORIDE","HUMAN OTC DRUG","05/18/2026","N/A","OTC MONOGRAPH DRUG","2 BLISTER PACK in 1 CARTON (79903-434-20)  / 10 TABLET, FILM COATED in 1 BLISTER PACK","Histamine H1 Receptor Antagonists [MoA],  Histamine-1 Receptor Antagonist [EPC]","N/A","No","12/31/2027"
"AXIV Allergy Relief","82706-021-02","25 mg/1","TABLET","ORAL","M012","VIVUNT PHARMA LLC","82706-021","Diphenhydramine Hydrochloride","DIPHENHYDRAMINE HYDROCHLORIDE","HUMAN OTC DRUG","07/11/2024","N/A","OTC MONOGRAPH DRUG","50 POUCH in 1 CARTON (82706-021-02)  / 2 TABLET in 1 POUCH","Histamine H1 Receptor Antagonists [MoA],  Histamine-1 Receptor Antagonist [EPC]","N/A","No","12/31/2026"
"Nighttime Sleep Aid","83059-0073-8","50 mg/1","CAPSULE, LIQUID FILLED","ORAL","M010","Shield Pharmaceuticals Corp","83059-0073","Diphenhydramine Hydrochloride","DIPHENHYDRAMINE HYDROCHLORIDE","HUMAN OTC DRUG","08/14/2026","N/A","OTC MONOGRAPH DRUG","1 BLISTER PACK in 1 CARTON (83059-0073-8)  / 8 CAPSULE, LIQUID FILLED in 1 BLISTER PACK","Histamine H1 Receptor Antagonists [MoA],  Histamine-1 Receptor Antagonist [EPC]","N/A","No","12/31/2027"
"Ibuprofen PM","55319-197-20","200 mg/1,  38 mg/1","TABLET, COATED","ORAL","ANDA211404","Family Dollar (FAMILY WELLNESS)","55319-197","Diphenhydramine Citrate, Ibuprofen","IBUPROFEN,  DIPHENHYDRAMINE CITRATE","HUMAN OTC DRUG","03/01/2024","N/A","ANDA","1 BOTTLE, PLASTIC in 1 BOX (55319-197-20)  / 20 TABLET, COATED in 1 BOTTLE, PLASTIC","Anti-Inflammatory Agents,  Non-Steroidal [CS],  Cyclooxygenase Inhibitors [MoA],  Histamine H1 Receptor Antagonists [MoA],  Histamine-1 Receptor Antagonist [EPC],  Nonsteroidal Anti-inflammatory Drug [EPC]","N/A","No","12/31/2026"
"Ibuprofen PM","55319-197-40","200 mg/1,  38 mg/1","TABLET, COATED","ORAL","ANDA211404","Family Dollar (FAMILY WELLNESS)","55319-197","Diphenhydramine Citrate, Ibuprofen","IBUPROFEN,  DIPHENHYDRAMINE CITRATE","HUMAN OTC DRUG","03/01/2024","N/A","ANDA","1 BOTTLE, PLASTIC in 1 BOX (55319-197-40)  / 40 TABLET, COATED in 1 BOTTLE, PLASTIC","Anti-Inflammatory Agents,  Non-Steroidal [CS],  Cyclooxygenase Inhibitors [MoA],  Histamine H1 Receptor Antagonists [MoA],  Histamine-1 Receptor Antagonist [EPC],  Nonsteroidal Anti-inflammatory Drug [EPC]","N/A","No","12/31/2026"
"AXIV Allergy","82706-019-01","25 mg/1","CAPSULE, LIQUID FILLED","ORAL","M012","VIVUNT PHARMA LLC","82706-019","Diphenhydramine Hydrochloride","DIPHENHYDRAMINE HYDROCHLORIDE","HUMAN OTC DRUG","03/08/2024","N/A","OTC MONOGRAPH DRUG","2 BLISTER PACK in 1 CARTON (82706-019-01)  / 12 CAPSULE, LIQUID FILLED in 1 BLISTER PACK","Histamine H1 Receptor Antagonists [MoA],  Histamine-1 Receptor Antagonist [EPC]","N/A","No","12/31/2026"
"AXIV Allergy","82706-019-03","25 mg/1","CAPSULE, LIQUID FILLED","ORAL","M012","VIVUNT PHARMA LLC","82706-019","Diphenhydramine Hydrochloride","DIPHENHYDRAMINE HYDROCHLORIDE","HUMAN OTC DRUG","02/12/2025","N/A","OTC MONOGRAPH DRUG","25 BLISTER PACK in 1 CARTON (82706-019-03)  / 25 CAPSULE, LIQUID FILLED in 1 BLISTER PACK","Histamine H1 Receptor Antagonists [MoA],  Histamine-1 Receptor Antagonist [EPC]","N/A","No","12/31/2026"
"Diphenhydramine HCl","50090-6541-0","12.5 mg/5mL","SOLUTION","ORAL","M012","A-S Medication Solutions","50090-6541","Diphenhydramine HCl","DIPHENHYDRAMINE HYDROCHLORIDE","HUMAN OTC DRUG","07/03/2023","N/A","OTC MONOGRAPH DRUG","118 mL in 1 BOTTLE, PLASTIC (50090-6541-0)","Histamine H1 Receptor Antagonists [MoA],  Histamine-1 Receptor Antagonist [EPC]","N/A","No","12/31/2026"
"Allergy Relief","55681-323-03","25 mg/1","TABLET","ORAL","M012","TWIN MED LLC","55681-323","Diphenhydramine Hydrochloride","DIPHENHYDRAMINE HYDROCHLORIDE","HUMAN OTC DRUG","11/01/2024","N/A","OTC MONOGRAPH DRUG","300 TABLET in 1 BOTTLE (55681-323-03)","Histamine H1 Receptor Antagonists [MoA],  Histamine-1 Receptor Antagonist [EPC]","N/A","No","12/31/2027"
"pain relief pm extra strength","56062-437-71","500 mg/1,  25 mg/1","TABLET, FILM COATED","ORAL","M013","Publix Super Markets Inc","56062-437","Acetaminophen, Diphenhydramine HCl","ACETAMINOPHEN,  DIPHENHYDRAMINE HYDROCHLORIDE","HUMAN OTC DRUG","09/22/1993","N/A","OTC MONOGRAPH DRUG","1 BOTTLE in 1 CARTON (56062-437-71)  / 50 TABLET, FILM COATED in 1 BOTTLE","Histamine H1 Receptor Antagonists [MoA],  Histamine-1 Receptor Antagonist [EPC]","N/A","No","12/31/2026"
"pain relief pm extra strength","56062-437-78","500 mg/1,  25 mg/1","TABLET, FILM COATED","ORAL","M013","Publix Super Markets Inc","56062-437","Acetaminophen, Diphenhydramine HCl","ACETAMINOPHEN,  DIPHENHYDRAMINE HYDROCHLORIDE","HUMAN OTC DRUG","09/22/1993","N/A","OTC MONOGRAPH DRUG","1 BOTTLE in 1 CARTON (56062-437-78)  / 100 TABLET, FILM COATED in 1 BOTTLE","Histamine H1 Receptor Antagonists [MoA],  Histamine-1 Receptor Antagonist [EPC]","N/A","No","12/31/2026"
"Daytime Cold and Cough and NightTime Cold and Congestion Childrens","0363-4590-08","N/A","KIT","N/A","M012","Walgreens","0363-4590","Brompheniramine Maleate, Dextromethorphan HBr, Phenylephrine HCl, Diphenhydramine HCl, Phenylephrine HCl","N/A","HUMAN OTC DRUG","03/04/2022","N/A","OTC MONOGRAPH DRUG","1 KIT in 1 KIT (0363-4590-08)  *  118 mL in 1 BOTTLE, PLASTIC *  118 mL in 1 BOTTLE, PLASTIC","N/A","N/A","No","12/31/2027"
"Benadryl Allergy","70264-024-01","25 mg/1","TABLET, FILM COATED","ORAL","M012","R J General Corporation","70264-024","DIPHENHYDRAMINE HYDROCHLORIDE","DIPHENHYDRAMINE HYDROCHLORIDE","HUMAN OTC DRUG","12/26/2022","N/A","OTC MONOGRAPH DRUG","30 POUCH in 1 CARTON (70264-024-01)  / 2 TABLET, FILM COATED in 1 POUCH","Histamine H1 Receptor Antagonists [MoA],  Histamine-1 Receptor Antagonist [EPC]","N/A","No","12/31/2026"
"ACETAMINOPHEN PM","73057-352-03","500 mg/1,  25 mg/1","TABLET, FILM COATED","ORAL","M013","Ulai Health LLC","73057-352","Acetaminophen 500mg / Diphenhydramine HCl 25mg","ACETAMINOPHEN,  DIPHENHYDRAMINE HYDROCHLORIDE","HUMAN OTC DRUG","07/08/2019","N/A","OTC MONOGRAPH DRUG","24 TABLET, FILM COATED in 1 BOTTLE, PLASTIC (73057-352-03)","Histamine H1 Receptor Antagonists [MoA],  Histamine-1 Receptor Antagonist [EPC]","N/A","No","12/31/2026"
"Naproxen Sodium and Diphenhydramine HCL","11673-819-08","25 mg/1,  220 mg/1","TABLET","ORAL","ANDA213663","TARGET CORPORATION","11673-819","Naproxen Sodium and Diphenhydramine HCL","DIPHENHYDRAMINE HYDROCHLORIDE,  NAPROXEN SODIUM","HUMAN OTC DRUG","03/01/2024","N/A","ANDA","80 TABLET in 1 BOTTLE (11673-819-08)","Anti-Inflammatory Agents,  Non-Steroidal [CS],  Cyclooxygenase Inhibitors [MoA],  Histamine H1 Receptor Antagonists [MoA],  Histamine-1 Receptor Antagonist [EPC],  Nonsteroidal Anti-inflammatory Drug [EPC]","N/A","No","12/31/2026"
"Sudafed Sinus Congestion plus Cold Severe Day and Night","50580-660-16","N/A","KIT","ORAL","M012","Kenvue Brands LLC","50580-660","Acetaminophen, Diphenhydramine, Pseudoephedrine","N/A","HUMAN OTC DRUG","06/10/2026","N/A","OTC MONOGRAPH DRUG","1 KIT in 1 PACKAGE (50580-660-16)  *  2 BLISTER PACK in 1 KIT / 2 TABLET, FILM COATED in 1 BLISTER PACK *  2 BLISTER PACK in 1 KIT / 6 TABLET, FILM COATED in 1 BLISTER PACK","N/A","N/A","No","12/31/2027"
"Diphenhydramine HCL","66424-020-01","25 mg/1","CAPSULE","ORAL","M012","SDA Laboratories, Inc.","66424-020","Diphenhydramine HCL","DIPHENHYDRAMINE HYDROCHLORIDE","HUMAN OTC DRUG","01/27/2010","N/A","OTC MONOGRAPH DRUG","100 CAPSULE in 1 BOTTLE, PLASTIC (66424-020-01)","Histamine H1 Receptor Antagonists [MoA],  Histamine-1 Receptor Antagonist [EPC]","N/A","No","12/31/2026"
"Diphenhydramine HCL","66424-020-10","25 mg/1","CAPSULE","ORAL","M012","SDA Laboratories, Inc.","66424-020","Diphenhydramine HCL","DIPHENHYDRAMINE HYDROCHLORIDE","HUMAN OTC DRUG","01/27/2010","N/A","OTC MONOGRAPH DRUG","1000 CAPSULE in 1 BOTTLE, PLASTIC (66424-020-10)","Histamine H1 Receptor Antagonists [MoA],  Histamine-1 Receptor Antagonist [EPC]","N/A","No","12/31/2026"
"Allergy Relief","70677-1238-1","25 mg/1","TABLET, FILM COATED","ORAL","M012","Strategic Sourcing Services, LLC","70677-1238","Diphenhydramine Hydrochloride","DIPHENHYDRAMINE HYDROCHLORIDE","HUMAN OTC DRUG","01/24/2024","N/A","OTC MONOGRAPH DRUG","120 TABLET, FILM COATED in 1 BOTTLE (70677-1238-1)","Histamine H1 Receptor Antagonists [MoA],  Histamine-1 Receptor Antagonist [EPC]","N/A","No","12/31/2027"
"basic care acetaminophen pm","72288-437-78","500 mg/1,  25 mg/1","TABLET, FILM COATED","ORAL","M013","Amazon.com Services LLC","72288-437","Acetaminophen, Diphenhydramine HCl","ACETAMINOPHEN,  DIPHENHYDRAMINE HYDROCHLORIDE","HUMAN OTC DRUG","08/11/2021","N/A","OTC MONOGRAPH DRUG","1 BOTTLE in 1 CARTON (72288-437-78)  / 100 TABLET, FILM COATED in 1 BOTTLE","Histamine H1 Receptor Antagonists [MoA],  Histamine-1 Receptor Antagonist [EPC]","N/A","No","12/31/2026"
"nighttime sleep aid","37808-431-62","25 mg/1","TABLET, FILM COATED","ORAL","M010","H E B","37808-431","Diphenhydramine Hydrochloride","DIPHENHYDRAMINE HYDROCHLORIDE","HUMAN OTC DRUG","10/09/2009","N/A","OTC MONOGRAPH DRUG","12 BLISTER PACK in 1 CARTON (37808-431-62)  / 2 TABLET, FILM COATED in 1 BLISTER PACK","Histamine H1 Receptor Antagonists [MoA],  Histamine-1 Receptor Antagonist [EPC]","N/A","No","12/31/2026"
"dg health Ibuprofen pm","55910-050-27","38 mg/1,  200 mg/1","TABLET, FILM COATED","ORAL","ANDA079113","Dolgencorp Inc","55910-050","diphenhydramine citrate and ibuprofen","DIPHENHYDRAMINE CITRATE,  IBUPROFEN","HUMAN OTC DRUG","03/19/2020","N/A","ANDA","1 BOTTLE in 1 CARTON (55910-050-27)  / 80 TABLET, FILM COATED in 1 BOTTLE","Anti-Inflammatory Agents,  Non-Steroidal [CS],  Cyclooxygenase Inhibitors [MoA],  Histamine H1 Receptor Antagonists [MoA],  Histamine-1 Receptor Antagonist [EPC],  Nonsteroidal Anti-inflammatory Drug [EPC]","N/A","No","12/31/2026"
"dg health Ibuprofen pm","55910-050-60","38 mg/1,  200 mg/1","TABLET, FILM COATED","ORAL","ANDA079113","Dolgencorp Inc","55910-050","diphenhydramine citrate and ibuprofen","DIPHENHYDRAMINE CITRATE,  IBUPROFEN","HUMAN OTC DRUG","01/24/2010","N/A","ANDA","1 BOTTLE in 1 CARTON (55910-050-60)  / 20 TABLET, FILM COATED in 1 BOTTLE","Anti-Inflammatory Agents,  Non-Steroidal [CS],  Cyclooxygenase Inhibitors [MoA],  Histamine H1 Receptor Antagonists [MoA],  Histamine-1 Receptor Antagonist [EPC],  Nonsteroidal Anti-inflammatory Drug [EPC]","N/A","No","12/31/2026"
"SLEEP AID","83059-0075-8","25 mg/1","CAPSULE, LIQUID FILLED","ORAL","M010","Shield Pharmaceuticals Corp","83059-0075","DIPHENHYDRAMINE HYDROCHLORIDE","DIPHENHYDRAMINE HYDROCHLORIDE","HUMAN OTC DRUG","08/17/2026","N/A","OTC MONOGRAPH DRUG","1 BLISTER PACK in 1 CARTON (83059-0075-8)  / 8 CAPSULE, LIQUID FILLED in 1 BLISTER PACK","Histamine H1 Receptor Antagonists [MoA],  Histamine-1 Receptor Antagonist [EPC]","N/A","No","12/31/2027"
"careone allergy relief","41520-778-78","25 mg/1","TABLET","ORAL","M012","American Sales Company","41520-778","Diphenhydramine Hydrochloride","DIPHENHYDRAMINE HYDROCHLORIDE","HUMAN OTC DRUG","09/21/2017","N/A","OTC MONOGRAPH DRUG","1 BOTTLE in 1 CARTON (41520-778-78)  / 100 TABLET in 1 BOTTLE","Histamine H1 Receptor Antagonists [MoA],  Histamine-1 Receptor Antagonist [EPC]","N/A","No","12/31/2026"
"Diphenhydramine HCL","66424-021-01","50 mg/1","CAPSULE","ORAL","M012","SDA Laboratories, Inc.","66424-021","Diphenhydramine HCL","DIPHENHYDRAMINE HYDROCHLORIDE","HUMAN OTC DRUG","01/27/2010","N/A","OTC MONOGRAPH DRUG","100 CAPSULE in 1 BOTTLE, PLASTIC (66424-021-01)","Histamine H1 Receptor Antagonists [MoA],  Histamine-1 Receptor Antagonist [EPC]","N/A","No","12/31/2026"
"Diphenhydramine HCL","66424-021-10","50 mg/1","CAPSULE","ORAL","M012","SDA Laboratories, Inc.","66424-021","Diphenhydramine HCL","DIPHENHYDRAMINE HYDROCHLORIDE","HUMAN OTC DRUG","01/27/2010","N/A","OTC MONOGRAPH DRUG","1000 CAPSULE in 1 BOTTLE, PLASTIC (66424-021-10)","Histamine H1 Receptor Antagonists [MoA],  Histamine-1 Receptor Antagonist [EPC]","N/A","No","12/31/2026"
"Childrens Allergy Relief","68998-505-24","12.5 mg/5mL","LIQUID","ORAL","M012","Marc Glassman, Inc.","68998-505","DIPHENHYDRAMINE HCL","DIPHENHYDRAMINE HYDROCHLORIDE","HUMAN OTC DRUG","12/02/2014","N/A","OTC MONOGRAPH DRUG","118 mL in 1 BOTTLE (68998-505-24)","Histamine H1 Receptor Antagonists [MoA],  Histamine-1 Receptor Antagonist [EPC]","N/A","No","12/31/2026"
"Antihistamine","77333-227-10","25 mg/1","CAPSULE","ORAL","M012","Gendose Pharmaceuticals, LLC","77333-227","Diphenhydramine HCl","DIPHENHYDRAMINE HYDROCHLORIDE","HUMAN OTC DRUG","05/15/2026","N/A","OTC MONOGRAPH DRUG","100 BLISTER PACK in 1 BOX (77333-227-10)  / 1 CAPSULE in 1 BLISTER PACK (77333-227-25)","Histamine H1 Receptor Antagonists [MoA],  Histamine-1 Receptor Antagonist [EPC]","N/A","No","12/31/2027"
"Childrens Allergy Relief","36800-585-44","12.5 mg/1","TABLET, CHEWABLE","ORAL","M012","Topco Associates, LLC","36800-585","Diphenhydramine HCl","DIPHENHYDRAMINE HYDROCHLORIDE","HUMAN OTC DRUG","03/20/2009","N/A","OTC MONOGRAPH DRUG","3 BLISTER PACK in 1 CARTON (36800-585-44)  / 6 TABLET, CHEWABLE in 1 BLISTER PACK","Histamine H1 Receptor Antagonists [MoA],  Histamine-1 Receptor Antagonist [EPC]","N/A","No","12/31/2027"
"allergy","56062-479-78","25 mg/1","TABLET","ORAL","M012","Publix Super Markets Inc","56062-479","Diphenhydramine Hydrochloride","DIPHENHYDRAMINE HYDROCHLORIDE","HUMAN OTC DRUG","11/26/2007","N/A","OTC MONOGRAPH DRUG","1 BOTTLE in 1 CARTON (56062-479-78)  / 100 TABLET in 1 BOTTLE","Histamine H1 Receptor Antagonists [MoA],  Histamine-1 Receptor Antagonist [EPC]","N/A","No","12/31/2026"
"Nighttime Sleep Aid","63868-611-32","25 mg/1","TABLET","ORAL","M010","Chain Drug Marketing Association","63868-611","DIPHENHYDRAMINE HYDROCHLORIDE","DIPHENHYDRAMINE HYDROCHLORIDE","HUMAN OTC DRUG","06/25/2007","04/30/2027","OTC MONOGRAPH DRUG","4 BLISTER PACK in 1 CARTON (63868-611-32)  / 8 TABLET in 1 BLISTER PACK","Histamine H1 Receptor Antagonists [MoA],  Histamine-1 Receptor Antagonist [EPC]","N/A","No","N/A"
"Childrens Allergy Relief","63941-505-26","12.5 mg/5mL","SOLUTION","ORAL","M012","Best Choice","63941-505","DIPHENHYDRAMINE HCL","DIPHENHYDRAMINE HCL","HUMAN OTC DRUG","01/01/2025","N/A","OTC MONOGRAPH DRUG","1 BOTTLE in 1 CARTON (63941-505-26)  / 237 mL in 1 BOTTLE","Histamine H1 Receptor Antagonists [MoA],  Histamine-1 Receptor Antagonist [EPC]","N/A","No","12/31/2026"
"Diphenhydramine Hydrochloride","68083-611-25","50 mg/mL","INJECTION","INTRAMUSCULAR,  INTRAVENOUS","ANDA218448","Gland Pharma Limited","68083-611","Diphenhydramine Hydrochloride","DIPHENHYDRAMINE HYDROCHLORIDE","HUMAN PRESCRIPTION DRUG","03/20/2024","N/A","ANDA","25 VIAL in 1 CARTON (68083-611-25)  / 1 mL in 1 VIAL","Histamine H1 Receptor Antagonists [MoA],  Histamine-1 Receptor Antagonist [EPC]","N/A","No","12/31/2026"
"Allergy Relief","68196-160-60","25 mg/1","TABLET","ORAL","M012","SAM'S WEST INC","68196-160","Diphenhydramine Hydrochloride","DIPHENHYDRAMINE HYDROCHLORIDE","HUMAN OTC DRUG","07/01/2024","N/A","OTC MONOGRAPH DRUG","600 TABLET in 1 BOTTLE (68196-160-60)","Histamine H1 Receptor Antagonists [MoA],  Histamine-1 Receptor Antagonist [EPC]","N/A","No","12/31/2026"
"Allergy Relief","68391-160-33","25 mg/1","TABLET, FILM COATED","ORAL","M012","BJWC (Berkley & Jensen / BJ's)","68391-160","Diphenhydramine Hydrochloride","DIPHENHYDRAMINE HYDROCHLORIDE","HUMAN OTC DRUG","08/20/2025","N/A","OTC MONOGRAPH DRUG","600 TABLET, FILM COATED in 1 BOTTLE (68391-160-33)","Histamine H1 Receptor Antagonists [MoA],  Histamine-1 Receptor Antagonist [EPC]","N/A","No","12/31/2026"
"Nighttime Sleep Aid","0363-7300-12","50 mg/30mL","SOLUTION","ORAL","M010","WALGREEN COMPANY","0363-7300","Diphenhydramine Hydrochloride","DIPHENHYDRAMINE HYDROCHLORIDE","HUMAN OTC DRUG","01/25/2020","N/A","OTC MONOGRAPH DRUG","354 mL in 1 BOTTLE, PLASTIC (0363-7300-12)","Histamine H1 Receptor Antagonists [MoA],  Histamine-1 Receptor Antagonist [EPC]","N/A","No","12/31/2026"
"Nighttime Sleep Aid","0363-7300-24","50 mg/30mL","SOLUTION","ORAL","M010","WALGREEN COMPANY","0363-7300","Diphenhydramine Hydrochloride","DIPHENHYDRAMINE HYDROCHLORIDE","HUMAN OTC DRUG","01/25/2020","N/A","OTC MONOGRAPH DRUG","2 BOTTLE, PLASTIC in 1 CELLO PACK (0363-7300-24)  / 354 mL in 1 BOTTLE, PLASTIC","Histamine H1 Receptor Antagonists [MoA],  Histamine-1 Receptor Antagonist [EPC]","N/A","No","12/31/2026"
"Allergy Relief","79903-491-10","25 mg/1","TABLET, FILM COATED","ORAL","M012","Walmart Inc.","79903-491","Diphenhydramine HCl","DIPHENHYDRAMINE HYDROCHLORIDE","HUMAN OTC DRUG","08/01/2024","N/A","OTC MONOGRAPH DRUG","1 BOTTLE in 1 CARTON (79903-491-10)  / 100 TABLET, FILM COATED in 1 BOTTLE","Histamine H1 Receptor Antagonists [MoA],  Histamine-1 Receptor Antagonist [EPC]","N/A","No","12/31/2026"
"Dermachange Aid Anti-Itch","83520-107-03","2 g/100mL","GEL","TOPICAL","M017","Private Label Beauty and Wellness","83520-107","Diphenhydramine HCl","DIPHENHYDRAMINE HYDROCHLORIDE","HUMAN OTC DRUG","01/31/2024","N/A","OTC MONOGRAPH DRUG","104 mL in 1 TUBE (83520-107-03)","Histamine H1 Receptor Antagonists [MoA],  Histamine-1 Receptor Antagonist [EPC]","N/A","No","12/31/2026"
"Children Allergy Relief Bubblegum flavor","11673-832-04","12.5 mg/5mL","LIQUID","ORAL","M012","TARGET CORPORATION","11673-832","Diphenhydramine HCl","DIPHENHYDRAMINE HYDROCHLORIDE","HUMAN OTC DRUG","04/17/2019","N/A","OTC MONOGRAPH DRUG","1 BOTTLE, PLASTIC in 1 CARTON (11673-832-04)  / 118 mL in 1 BOTTLE, PLASTIC","Histamine H1 Receptor Antagonists [MoA],  Histamine-1 Receptor Antagonist [EPC]","N/A","No","12/31/2026"
"Children Allergy Relief Bubblegum flavor","11673-832-08","12.5 mg/5mL","LIQUID","ORAL","M012","TARGET CORPORATION","11673-832","Diphenhydramine HCl","DIPHENHYDRAMINE HYDROCHLORIDE","HUMAN OTC DRUG","05/15/2025","N/A","OTC MONOGRAPH DRUG","2 BOTTLE, PLASTIC in 1 CARTON (11673-832-08)  / 118 mL in 1 BOTTLE, PLASTIC","Histamine H1 Receptor Antagonists [MoA],  Histamine-1 Receptor Antagonist [EPC]","N/A","No","12/31/2026"
"IBUPROFEN PM","21130-623-76","38 mg/1,  200 mg/1","TABLET, FILM COATED","ORAL","ANDA079113","Safeway","21130-623","diphenhydramine citrate, ibuprofen","DIPHENHYDRAMINE CITRATE,  IBUPROFEN","HUMAN OTC DRUG","12/29/2025","N/A","ANDA","1 BOTTLE in 1 CARTON (21130-623-76)  / 120 TABLET, FILM COATED in 1 BOTTLE","Anti-Inflammatory Agents,  Non-Steroidal [CS],  Cyclooxygenase Inhibitors [MoA],  Histamine H1 Receptor Antagonists [MoA],  Histamine-1 Receptor Antagonist [EPC],  Nonsteroidal Anti-inflammatory Drug [EPC]","N/A","No","12/31/2027"
"Childrens Delsym Cough Plus Cold Night Time","63824-212-64","325 mg/10mL,  12.5 mg/10mL,  5 mg/10mL","SOLUTION","ORAL","M012","Reckitt Benckiser LLC","63824-212","Acetaminophen, Diphenhydramine Hydrochloride, and Phenylephrine Hydrochloride","ACETAMINOPHEN,  DIPHENHYDRAMINE HYDROCHLORIDE,  PHENYLEPHRINE HYDROCHLORIDE","HUMAN OTC DRUG","06/09/2017","N/A","OTC MONOGRAPH DRUG","1 BOTTLE in 1 CARTON (63824-212-64)  / 118 mL in 1 BOTTLE","Adrenergic alpha1-Agonists [MoA],  Histamine H1 Receptor Antagonists [MoA],  Histamine-1 Receptor Antagonist [EPC],  alpha-1 Adrenergic Agonist [EPC]","N/A","No","12/31/2027"
"Berkley and Jensen Allergy Relief","68391-200-79","25 mg/1","TABLET","ORAL","M012","BJWC","68391-200","Diphenhydramine Hydrochloride","DIPHENHYDRAMINE HYDROCHLORIDE","HUMAN OTC DRUG","12/10/2013","N/A","OTC MONOGRAPH DRUG","400 TABLET in 1 BOTTLE (68391-200-79)","Histamine H1 Receptor Antagonists [MoA],  Histamine-1 Receptor Antagonist [EPC]","N/A","No","12/31/2026"
"Antihistamine","77333-231-10","50 mg/1","CAPSULE","ORAL","M012","Gendose Pharmaceuticals, LLC","77333-231","Diphenhydramine HCl","DIPHENHYDRAMINE HYDROCHLORIDE","HUMAN OTC DRUG","05/15/2026","N/A","OTC MONOGRAPH DRUG","100 BLISTER PACK in 1 BOX (77333-231-10)  / 1 CAPSULE in 1 BLISTER PACK (77333-231-25)","Histamine H1 Receptor Antagonists [MoA],  Histamine-1 Receptor Antagonist [EPC]","N/A","No","12/31/2027"
"Multi Symptom Cold and Multi Symptom Nighttime Cold Childrens","11673-420-08","N/A","KIT","N/A","M012","TARGET Corporation","11673-420","Dextromethorphan HBr, Guaifenesin, Phenylephrine HCI, Acetaminophen, Diphenhydramine HCI, Phenylephrine HCI","N/A","HUMAN OTC DRUG","02/28/2017","N/A","OTC MONOGRAPH DRUG","1 KIT in 1 KIT (11673-420-08)  *  118 mL in 1 BOTTLE, PLASTIC (11673-704-04)  *  118 mL in 1 BOTTLE, PLASTIC (11673-806-04)","N/A","N/A","No","12/31/2026"
"Pain Reliever plus Sleep Aid NightTime","30142-093-02","1000 mg/30mL,  50 mg/30mL","SOLUTION","ORAL","M013","Kroger Company","30142-093","Acetaminophen, Diphenhydramine HCl","ACETAMINOPHEN,  DIPHENHYDRAMINE HYDROCHLORIDE","HUMAN OTC DRUG","04/22/2024","N/A","OTC MONOGRAPH DRUG","355 mL in 1 BOTTLE, PLASTIC (30142-093-02)","Histamine H1 Receptor Antagonists [MoA],  Histamine-1 Receptor Antagonist [EPC]","N/A","No","12/31/2027"
"childrens Allergy Dye Free Wal Dryl","0363-0710-08","12.5 mg/5mL","LIQUID","ORAL","M012","WALGREEN CO.","0363-0710","Diphenhydramine hydrochloride","DIPHENHYDRAMINE HYDROCHLORIDE","HUMAN OTC DRUG","08/31/2017","N/A","OTC MONOGRAPH DRUG","1 BOTTLE in 1 CARTON (0363-0710-08)  / 236 mL in 1 BOTTLE","Histamine H1 Receptor Antagonists [MoA],  Histamine-1 Receptor Antagonist [EPC]","N/A","No","12/31/2026"
"Nighttime Sleep Aid","30142-095-96","50 mg/30mL","SOLUTION","ORAL","M010","Kroger Company","30142-095","Diphenhydramine HCl","DIPHENHYDRAMINE HYDROCHLORIDE","HUMAN OTC DRUG","05/22/2024","N/A","OTC MONOGRAPH DRUG","2 BOTTLE, PLASTIC in 1 PACKAGE (30142-095-96)  / 355 mL in 1 BOTTLE, PLASTIC (30142-095-02)","Histamine H1 Receptor Antagonists [MoA],  Histamine-1 Receptor Antagonist [EPC]","N/A","No","12/31/2027"
"Allergy Plus Congestion Relief","51316-485-08","25 mg/1,  10 mg/1","TABLET, FILM COATED","ORAL","M012","CVS WOONSOCKET PRESCRIPTION CENTER, INCORPORATED","51316-485","Diphenhydramine HCl, Phenylephrine HCl","DIPHENHYDRAMINE HYDROCHLORIDE,  PHENYLEPHRINE HYDROCHLORIDE","HUMAN OTC DRUG","08/09/2022","10/31/2027","OTC MONOGRAPH DRUG","2 BLISTER PACK in 1 CARTON (51316-485-08)  / 12 TABLET, FILM COATED in 1 BLISTER PACK","Adrenergic alpha1-Agonists [MoA],  Histamine H1 Receptor Antagonists [MoA],  Histamine-1 Receptor Antagonist [EPC],  alpha-1 Adrenergic Agonist [EPC]","N/A","No","N/A"
"Allergy Relief","54859-811-16","12.5 mg/5mL","LIQUID","ORAL","M012","LLORENS PHARMACEUTICALS INTERNATIONAL DIVISION","54859-811","Diphenhydramine HCl","DIPHENHYDRAMINE HYDROCHLORIDE","HUMAN OTC DRUG","10/01/2019","N/A","OTC MONOGRAPH DRUG","473 mL in 1 BOTTLE (54859-811-16)","Histamine H1 Receptor Antagonists [MoA],  Histamine-1 Receptor Antagonist [EPC]","N/A","No","12/31/2026"
"Diphenhydramine","65219-820-01","50 mg/mL","INJECTION, SOLUTION","INTRAMUSCULAR,  INTRAVENOUS","ANDA040466","Fresenius Kabi USA, LLC","65219-820","DIPHENHYDRAMINE HYDROCHLORIDE","DIPHENHYDRAMINE HYDROCHLORIDE","HUMAN PRESCRIPTION DRUG","05/05/2025","N/A","ANDA","25 VIAL, SINGLE-DOSE in 1 TRAY (65219-820-01)  / 1 mL in 1 VIAL, SINGLE-DOSE (65219-820-00)","Histamine H1 Receptor Antagonists [MoA],  Histamine-1 Receptor Antagonist [EPC]","N/A","No","12/31/2026"
"berkley and jensen sleep aid","68391-186-40","50 mg/30mL","SOLUTION","ORAL","M010","BJWC","68391-186","Diphenhydramine HCl","DIPHENHYDRAMINE HYDROCHLORIDE","HUMAN OTC DRUG","07/23/2020","N/A","OTC MONOGRAPH DRUG","3 BOTTLE in 1 CARTON (68391-186-40)  / 355 mL in 1 BOTTLE","Histamine H1 Receptor Antagonists [MoA],  Histamine-1 Receptor Antagonist [EPC]","N/A","No","12/31/2026"
"ADVIL PM","0573-0167-25","25 mg/1,  200 mg/1","CAPSULE, LIQUID FILLED","ORAL","NDA021393","Haleon US Holdings LLC","0573-0167","diphenhydramine HCl, ibuprofen","DIPHENHYDRAMINE HYDROCHLORIDE,  IBUPROFEN","HUMAN OTC DRUG","12/20/2005","N/A","NDA","1 BOTTLE in 1 CARTON (0573-0167-25)  / 20 CAPSULE, LIQUID FILLED in 1 BOTTLE","Anti-Inflammatory Agents,  Non-Steroidal [CS],  Cyclooxygenase Inhibitors [MoA],  Histamine H1 Receptor Antagonists [MoA],  Histamine-1 Receptor Antagonist [EPC],  Nonsteroidal Anti-inflammatory Drug [EPC]","N/A","No","12/31/2027"
"ADVIL PM","0573-0167-26","25 mg/1,  200 mg/1","CAPSULE, LIQUID FILLED","ORAL","NDA021393","Haleon US Holdings LLC","0573-0167","diphenhydramine HCl, ibuprofen","DIPHENHYDRAMINE HYDROCHLORIDE,  IBUPROFEN","HUMAN OTC DRUG","12/20/2005","N/A","NDA","1 BOTTLE in 1 CARTON (0573-0167-26)  / 30 CAPSULE, LIQUID FILLED in 1 BOTTLE","Anti-Inflammatory Agents,  Non-Steroidal [CS],  Cyclooxygenase Inhibitors [MoA],  Histamine H1 Receptor Antagonists [MoA],  Histamine-1 Receptor Antagonist [EPC],  Nonsteroidal Anti-inflammatory Drug [EPC]","N/A","No","12/31/2027"
"ADVIL PM","0573-0167-43","25 mg/1,  200 mg/1","CAPSULE, LIQUID FILLED","ORAL","NDA021393","Haleon US Holdings LLC","0573-0167","diphenhydramine HCl, ibuprofen","DIPHENHYDRAMINE HYDROCHLORIDE,  IBUPROFEN","HUMAN OTC DRUG","12/20/2005","N/A","NDA","1 BOTTLE in 1 CARTON (0573-0167-43)  / 40 CAPSULE, LIQUID FILLED in 1 BOTTLE","Anti-Inflammatory Agents,  Non-Steroidal [CS],  Cyclooxygenase Inhibitors [MoA],  Histamine H1 Receptor Antagonists [MoA],  Histamine-1 Receptor Antagonist [EPC],  Nonsteroidal Anti-inflammatory Drug [EPC]","N/A","No","12/31/2027"
"ADVIL PM","0573-0167-44","25 mg/1,  200 mg/1","CAPSULE, LIQUID FILLED","ORAL","NDA021393","Haleon US Holdings LLC","0573-0167","diphenhydramine HCl, ibuprofen","DIPHENHYDRAMINE HYDROCHLORIDE,  IBUPROFEN","HUMAN OTC DRUG","12/20/2005","N/A","NDA","1 BOTTLE in 1 CARTON (0573-0167-44)  / 50 CAPSULE, LIQUID FILLED in 1 BOTTLE","Anti-Inflammatory Agents,  Non-Steroidal [CS],  Cyclooxygenase Inhibitors [MoA],  Histamine H1 Receptor Antagonists [MoA],  Histamine-1 Receptor Antagonist [EPC],  Nonsteroidal Anti-inflammatory Drug [EPC]","N/A","No","12/31/2027"
"ADVIL PM","0573-0167-55","25 mg/1,  200 mg/1","CAPSULE, LIQUID FILLED","ORAL","NDA021393","Haleon US Holdings LLC","0573-0167","diphenhydramine HCl, ibuprofen","DIPHENHYDRAMINE HYDROCHLORIDE,  IBUPROFEN","HUMAN OTC DRUG","12/20/2005","N/A","NDA","1 BOTTLE in 1 CARTON (0573-0167-55)  / 80 CAPSULE, LIQUID FILLED in 1 BOTTLE","Anti-Inflammatory Agents,  Non-Steroidal [CS],  Cyclooxygenase Inhibitors [MoA],  Histamine H1 Receptor Antagonists [MoA],  Histamine-1 Receptor Antagonist [EPC],  Nonsteroidal Anti-inflammatory Drug [EPC]","N/A","No","12/31/2027"
"ADVIL PM","0573-0167-56","25 mg/1,  200 mg/1","CAPSULE, LIQUID FILLED","ORAL","NDA021393","Haleon US Holdings LLC","0573-0167","diphenhydramine HCl, ibuprofen","DIPHENHYDRAMINE HYDROCHLORIDE,  IBUPROFEN","HUMAN OTC DRUG","12/20/2005","N/A","NDA","1 BOTTLE in 1 CARTON (0573-0167-56)  / 100 CAPSULE, LIQUID FILLED in 1 BOTTLE","Anti-Inflammatory Agents,  Non-Steroidal [CS],  Cyclooxygenase Inhibitors [MoA],  Histamine H1 Receptor Antagonists [MoA],  Histamine-1 Receptor Antagonist [EPC],  Nonsteroidal Anti-inflammatory Drug [EPC]","N/A","No","12/31/2027"
"Diphenhydramine Hydrochloride","25021-481-01","50 mg/mL","INJECTION, SOLUTION","INTRAMUSCULAR,  INTRAVENOUS","ANDA218448","Sagent Pharmaceuticals","25021-481","Diphenhydramine Hydrochloride","DIPHENHYDRAMINE HYDROCHLORIDE","HUMAN PRESCRIPTION DRUG","01/15/2025","N/A","ANDA","25 VIAL in 1 CARTON (25021-481-01)  / 1 mL in 1 VIAL","Histamine H1 Receptor Antagonists [MoA],  Histamine-1 Receptor Antagonist [EPC]","N/A","No","12/31/2026"
"IBUPROFEN, DIPHENHYDRAMINE HCL","69452-205-04","200 mg/1,  25 mg/1","CAPSULE, LIQUID FILLED","ORAL","ANDA090397","Bionpharma Inc.","69452-205","IBUPROFEN, DIPHENHYDRAMINE HCL","IBUPROFEN,  DIPHENHYDRAMINE HYDROCHLORIDE","HUMAN OTC DRUG","11/01/2018","N/A","ANDA","1 BLISTER PACK in 1 CARTON (69452-205-04)  / 6 CAPSULE, LIQUID FILLED in 1 BLISTER PACK","Anti-Inflammatory Agents,  Non-Steroidal [CS],  Cyclooxygenase Inhibitors [MoA],  Histamine H1 Receptor Antagonists [MoA],  Histamine-1 Receptor Antagonist [EPC],  Nonsteroidal Anti-inflammatory Drug [EPC]","N/A","No","12/31/2026"
"IBUPROFEN, DIPHENHYDRAMINE HCL","69452-205-11","200 mg/1,  25 mg/1","CAPSULE, LIQUID FILLED","ORAL","ANDA090397","Bionpharma Inc.","69452-205","IBUPROFEN, DIPHENHYDRAMINE HCL","IBUPROFEN,  DIPHENHYDRAMINE HYDROCHLORIDE","HUMAN OTC DRUG","11/01/2018","N/A","ANDA","20 CAPSULE, LIQUID FILLED in 1 BOTTLE (69452-205-11)","Anti-Inflammatory Agents,  Non-Steroidal [CS],  Cyclooxygenase Inhibitors [MoA],  Histamine H1 Receptor Antagonists [MoA],  Histamine-1 Receptor Antagonist [EPC],  Nonsteroidal Anti-inflammatory Drug [EPC]","N/A","No","12/31/2026"
"IBUPROFEN, DIPHENHYDRAMINE HCL","69452-205-15","200 mg/1,  25 mg/1","CAPSULE, LIQUID FILLED","ORAL","ANDA090397","Bionpharma Inc.","69452-205","IBUPROFEN, DIPHENHYDRAMINE HCL","IBUPROFEN,  DIPHENHYDRAMINE HYDROCHLORIDE","HUMAN OTC DRUG","11/01/2018","N/A","ANDA","40 CAPSULE, LIQUID FILLED in 1 BOTTLE (69452-205-15)","Anti-Inflammatory Agents,  Non-Steroidal [CS],  Cyclooxygenase Inhibitors [MoA],  Histamine H1 Receptor Antagonists [MoA],  Histamine-1 Receptor Antagonist [EPC],  Nonsteroidal Anti-inflammatory Drug [EPC]","N/A","No","12/31/2026"
"IBUPROFEN, DIPHENHYDRAMINE HCL","69452-205-20","200 mg/1,  25 mg/1","CAPSULE, LIQUID FILLED","ORAL","ANDA090397","Bionpharma Inc.","69452-205","IBUPROFEN, DIPHENHYDRAMINE HCL","IBUPROFEN,  DIPHENHYDRAMINE HYDROCHLORIDE","HUMAN OTC DRUG","11/01/2018","N/A","ANDA","100 CAPSULE, LIQUID FILLED in 1 BOTTLE (69452-205-20)","Anti-Inflammatory Agents,  Non-Steroidal [CS],  Cyclooxygenase Inhibitors [MoA],  Histamine H1 Receptor Antagonists [MoA],  Histamine-1 Receptor Antagonist [EPC],  Nonsteroidal Anti-inflammatory Drug [EPC]","N/A","No","12/31/2026"
"IBUPROFEN, DIPHENHYDRAMINE HCL","69452-205-78","200 mg/1,  25 mg/1","CAPSULE, LIQUID FILLED","ORAL","ANDA090397","Bionpharma Inc.","69452-205","IBUPROFEN, DIPHENHYDRAMINE HCL","IBUPROFEN,  DIPHENHYDRAMINE HYDROCHLORIDE","HUMAN OTC DRUG","11/01/2018","N/A","ANDA","80 CAPSULE, LIQUID FILLED in 1 BOTTLE (69452-205-78)","Anti-Inflammatory Agents,  Non-Steroidal [CS],  Cyclooxygenase Inhibitors [MoA],  Histamine H1 Receptor Antagonists [MoA],  Histamine-1 Receptor Antagonist [EPC],  Nonsteroidal Anti-inflammatory Drug [EPC]","N/A","No","12/31/2026"
"Allergy plus Sinus Headache","83059-0106-1","325 mg/1,  12.5 mg/1,  5 mg/1","TABLET, FILM COATED","ORAL","M012","Shield Pharmaceuticals Corp","83059-0106","Acetaminophen 325 mg, Diphenhydramine HCl 12.5 mg, Phenylephrine HCl 5 mg","ACETAMINOPHEN,  DIPHENHYDRAMINE HYDROCHLORIDE,  PHENYLEPHRINE HYDROCHLORIDE","HUMAN OTC DRUG","11/07/2025","N/A","OTC MONOGRAPH DRUG","1 BLISTER PACK in 1 CARTON (83059-0106-1)  / 12 TABLET, FILM COATED in 1 BLISTER PACK","Adrenergic alpha1-Agonists [MoA],  Histamine H1 Receptor Antagonists [MoA],  Histamine-1 Receptor Antagonist [EPC],  alpha-1 Adrenergic Agonist [EPC]","N/A","No","12/31/2026"
"Basic Dental Emergency Kit","83220-002-08","N/A","KIT","N/A","N/A","Best Dental Kit LLC","83220-002","Epinephrine, Albuterol Sulfate, Nitroglycerin, Diphenhydramine Hydrochloride, Aspirin","N/A","HUMAN PRESCRIPTION DRUG","01/30/2023","N/A","UNAPPROVED DRUG OTHER","1 KIT in 1 KIT (83220-002-08)  *  1 mL in 1 VIAL *  10 TABLET, CHEWABLE in 1 BOTTLE, PLASTIC *  1 POUCH in 1 BLISTER PACK / 2 TABLET in 1 POUCH *  1 SYRINGE, GLASS in 1 CASE / .3 mL in 1 SYRINGE, GLASS *  25 TABLET in 1 BOTTLE *  1 CANISTER in 1 CARTON / 200 AEROSOL, METERED in 1 CANISTER","N/A","N/A","No","12/31/2026"
"Diphenhydramine Hydrochloride","0904-7237-24","25 mg/1","CAPSULE","ORAL","M012","Major Pharmaceuticals","0904-7237","Diphenhydramine Hydrochloride","DIPHENHYDRAMINE HYDROCHLORIDE","HUMAN OTC DRUG","04/14/2022","04/30/2028","OTC MONOGRAPH DRUG","2 BLISTER PACK in 1 CARTON (0904-7237-24)  / 12 CAPSULE in 1 BLISTER PACK","Histamine H1 Receptor Antagonists [MoA],  Histamine-1 Receptor Antagonist [EPC]","N/A","No","N/A"
"Diphenhydramine Hydrochloride","0904-7237-60","25 mg/1","CAPSULE","ORAL","M012","Major Pharmaceuticals","0904-7237","Diphenhydramine Hydrochloride","DIPHENHYDRAMINE HYDROCHLORIDE","HUMAN OTC DRUG","04/14/2022","04/30/2028","OTC MONOGRAPH DRUG","100 CAPSULE in 1 BOTTLE (0904-7237-60)","Histamine H1 Receptor Antagonists [MoA],  Histamine-1 Receptor Antagonist [EPC]","N/A","No","N/A"
"Diphenhydramine Hydrochloride","0904-7237-61","25 mg/1","CAPSULE","ORAL","M012","Major Pharmaceuticals","0904-7237","Diphenhydramine Hydrochloride","DIPHENHYDRAMINE HYDROCHLORIDE","HUMAN OTC DRUG","04/14/2022","04/30/2028","OTC MONOGRAPH DRUG","10 BLISTER PACK in 1 BOX, UNIT-DOSE (0904-7237-61)  / 10 CAPSULE in 1 BLISTER PACK","Histamine H1 Receptor Antagonists [MoA],  Histamine-1 Receptor Antagonist [EPC]","N/A","No","N/A"
"Diphenhydramine Hydrochloride","0904-7237-80","25 mg/1","CAPSULE","ORAL","M012","Major Pharmaceuticals","0904-7237","Diphenhydramine Hydrochloride","DIPHENHYDRAMINE HYDROCHLORIDE","HUMAN OTC DRUG","04/14/2022","04/30/2028","OTC MONOGRAPH DRUG","1000 CAPSULE in 1 BOTTLE (0904-7237-80)","Histamine H1 Receptor Antagonists [MoA],  Histamine-1 Receptor Antagonist [EPC]","N/A","No","N/A"
"children allergy relief dye free cherry","50090-6163-0","12.5 mg/5mL","SOLUTION","ORAL","M012","A-S Medication Solutions","50090-6163","Diphenhydramine HCl","DIPHENHYDRAMINE HYDROCHLORIDE","HUMAN OTC DRUG","10/11/2022","N/A","OTC MONOGRAPH DRUG","1 BOTTLE in 1 CARTON (50090-6163-0)  / 118 mL in 1 BOTTLE","Histamine H1 Receptor Antagonists [MoA],  Histamine-1 Receptor Antagonist [EPC]","N/A","No","12/31/2026"
"Allergy Relief","54859-837-04","12.5 mg/5mL","LIQUID","ORAL","M012","LLORENS PHARMACEUTICALS INTERNATIONAL DIVISION","54859-837","Diphenhydramine HCl","DIPHENHYDRAMINE HYDROCHLORIDE","HUMAN OTC DRUG","12/01/2024","N/A","OTC MONOGRAPH DRUG","118 mL in 1 BOTTLE (54859-837-04)","Histamine H1 Receptor Antagonists [MoA],  Histamine-1 Receptor Antagonist [EPC]","N/A","No","12/31/2026"
"Banophen","63629-9451-1","50 mg/1","CAPSULE","ORAL","M012","Bryant Ranch Prepack","63629-9451","diphenhydramine hcl","DIPHENHYDRAMINE HYDROCHLORIDE","HUMAN OTC DRUG","09/26/2022","01/31/2028","OTC MONOGRAPH DRUG","30 CAPSULE in 1 BOTTLE (63629-9451-1)","Histamine H1 Receptor Antagonists [MoA],  Histamine-1 Receptor Antagonist [EPC]","N/A","No","N/A"
"Banophen","63629-9451-2","50 mg/1","CAPSULE","ORAL","M012","Bryant Ranch Prepack","63629-9451","diphenhydramine hcl","DIPHENHYDRAMINE HYDROCHLORIDE","HUMAN OTC DRUG","09/26/2022","01/31/2028","OTC MONOGRAPH DRUG","60 CAPSULE in 1 BOTTLE (63629-9451-2)","Histamine H1 Receptor Antagonists [MoA],  Histamine-1 Receptor Antagonist [EPC]","N/A","No","N/A"
"Theraflu Multi-Symptom Severe Cold and Theraflu Nighttime Severe Cold and Cough","0067-7919-12","N/A","KIT","N/A","M012","Haleon US Holdings LLC","0067-7919","Acetaminophen, Dextromethorphan HBr, Phenylephrine HCl, Diphenhydramine HCl","N/A","HUMAN OTC DRUG","01/01/2016","N/A","OTC MONOGRAPH DRUG","1 KIT in 1 PACKAGE, COMBINATION (0067-7919-12)  *  6 PACKET in 1 CARTON (0067-6426-06)  / 237 mL in 1 PACKET (0067-6426-01)  *  6 PACKET in 1 CARTON (0067-7918-06)  / 237 mL in 1 PACKET (0067-7918-01)","N/A","N/A","No","12/31/2026"
"Deluxe Dental Emergency Kit","83220-001-11","N/A","KIT","N/A","N/A","Best Dental Kit LLC","83220-001","Epinephrine, Albuterol Sulfate, Nitroglycerin, Diphenhydramine Hydrochloride, Aspirin","N/A","HUMAN PRESCRIPTION DRUG","01/30/2023","N/A","UNAPPROVED DRUG OTHER","1 KIT in 1 KIT (83220-001-11)  *  1 POUCH in 1 BLISTER PACK / 2 TABLET in 1 POUCH *  1 SYRINGE, GLASS in 1 CASE / .3 mL in 1 SYRINGE, GLASS *  10 TABLET, CHEWABLE in 1 BOTTLE, PLASTIC *  1 BOTTLE in 1 CARTON / 118 mL in 1 BOTTLE *  1 SYRINGE, GLASS in 1 CASE / .15 mL in 1 SYRINGE, GLASS *  1 mL in 1 VIAL *  25 TABLET in 1 BOTTLE *  1 CANISTER in 1 CARTON / 200 AEROSOL, METERED in 1 CANISTER","N/A","N/A","No","12/31/2026"
"Dr Simi Pain Reliever PM","85786-101-90","500 mg/1,  25 mg/1","TABLET, COATED","ORAL","M013","Farmacias De Similares TX LLC","85786-101","Acetaminophen, Diphenhydramine Hydrochloride","ACETAMINOPHEN,  DIPHENHYDRAMINE HYDROCHLORIDE","HUMAN OTC DRUG","12/15/2025","N/A","OTC MONOGRAPH DRUG","100 TABLET, COATED in 1 BOTTLE (85786-101-90)","Histamine H1 Receptor Antagonists [MoA],  Histamine-1 Receptor Antagonist [EPC]","N/A","No","12/31/2027"
"Allergy Relief","11822-0329-1","25 mg/1","TABLET, FILM COATED","ORAL","M012","Rite Aid Corporation","11822-0329","Diphenhydramine HCl","DIPHENHYDRAMINE HYDROCHLORIDE","HUMAN OTC DRUG","03/02/1990","N/A","OTC MONOGRAPH DRUG","365 TABLET, FILM COATED in 1 BOTTLE, PLASTIC (11822-0329-1)","Histamine H1 Receptor Antagonists [MoA],  Histamine-1 Receptor Antagonist [EPC]","N/A","No","12/31/2027"
"Allergy Relief","11822-0329-2","25 mg/1","TABLET, FILM COATED","ORAL","M012","Rite Aid Corporation","11822-0329","Diphenhydramine HCl","DIPHENHYDRAMINE HYDROCHLORIDE","HUMAN OTC DRUG","03/02/1990","N/A","OTC MONOGRAPH DRUG","1 BOTTLE, PLASTIC in 1 CARTON (11822-0329-2)  / 100 TABLET, FILM COATED in 1 BOTTLE, PLASTIC","Histamine H1 Receptor Antagonists [MoA],  Histamine-1 Receptor Antagonist [EPC]","N/A","No","12/31/2027"
"Allergy Relief","11822-0329-4","25 mg/1","TABLET, FILM COATED","ORAL","M012","Rite Aid Corporation","11822-0329","Diphenhydramine HCl","DIPHENHYDRAMINE HYDROCHLORIDE","HUMAN OTC DRUG","03/02/1990","N/A","OTC MONOGRAPH DRUG","4 BLISTER PACK in 1 CARTON (11822-0329-4)  / 12 TABLET, FILM COATED in 1 BLISTER PACK","Histamine H1 Receptor Antagonists [MoA],  Histamine-1 Receptor Antagonist [EPC]","N/A","No","12/31/2027"
"Allergy Relief","11822-0329-6","25 mg/1","TABLET, FILM COATED","ORAL","M012","Rite Aid Corporation","11822-0329","Diphenhydramine HCl","DIPHENHYDRAMINE HYDROCHLORIDE","HUMAN OTC DRUG","03/02/1990","N/A","OTC MONOGRAPH DRUG","1 BOTTLE, PLASTIC in 1 CARTON (11822-0329-6)  / 200 TABLET, FILM COATED in 1 BOTTLE, PLASTIC","Histamine H1 Receptor Antagonists [MoA],  Histamine-1 Receptor Antagonist [EPC]","N/A","No","12/31/2027"
"Allergy Relief","11822-0329-8","25 mg/1","TABLET, FILM COATED","ORAL","M012","Rite Aid Corporation","11822-0329","Diphenhydramine HCl","DIPHENHYDRAMINE HYDROCHLORIDE","HUMAN OTC DRUG","03/02/1990","N/A","OTC MONOGRAPH DRUG","2 BLISTER PACK in 1 CARTON (11822-0329-8)  / 12 TABLET, FILM COATED in 1 BLISTER PACK","Histamine H1 Receptor Antagonists [MoA],  Histamine-1 Receptor Antagonist [EPC]","N/A","No","12/31/2027"
"Allergy Relief","55910-752-09","25 mg/1","CAPSULE, LIQUID FILLED","ORAL","M012","DOLGENCORP INC","55910-752","Diphenhydramine HCl","DIPHENHYDRAMINE HYDROCHLORIDE","HUMAN OTC DRUG","04/07/2025","N/A","OTC MONOGRAPH DRUG","4 BLISTER PACK in 1 CARTON (55910-752-09)  / 12 CAPSULE, LIQUID FILLED in 1 BLISTER PACK","Histamine H1 Receptor Antagonists [MoA],  Histamine-1 Receptor Antagonist [EPC]","N/A","No","12/31/2026"
"Allergy Relief","55910-752-12","25 mg/1","CAPSULE, LIQUID FILLED","ORAL","M012","DOLGENCORP INC","55910-752","Diphenhydramine HCl","DIPHENHYDRAMINE HYDROCHLORIDE","HUMAN OTC DRUG","02/27/2025","N/A","OTC MONOGRAPH DRUG","2 BLISTER PACK in 1 CARTON (55910-752-12)  / 12 CAPSULE, LIQUID FILLED in 1 BLISTER PACK","Histamine H1 Receptor Antagonists [MoA],  Histamine-1 Receptor Antagonist [EPC]","N/A","No","12/31/2026"
"ANTI-ITCH","80489-005-01","1 g/100g,  .1 g/100g","CREAM","TOPICAL","M016","OL PHARMA TECH, LLC","80489-005","ZINC ACETATE , DIPHENHYDRAMINE","DIPHENHYDRAMINE HYDROCHLORIDE,  ZINC ACETATE","HUMAN OTC DRUG","01/01/2021","N/A","OTC MONOGRAPH DRUG","1 TUBE in 1 CARTON (80489-005-01)  / 28.3 g in 1 TUBE","Copper Absorption Inhibitor [EPC],  Decreased Copper Ion Absorption [PE],  Histamine H1 Receptor Antagonists [MoA],  Histamine-1 Receptor Antagonist [EPC]","N/A","No","12/31/2026"
"Allergy Antihistamine","30142-832-48","25 mg/1","CAPSULE","ORAL","M012","KROGER COMPANY","30142-832","DIPHENHYDRAMINE HYDROCHLORIDE","DIPHENHYDRAMINE HYDROCHLORIDE","HUMAN OTC DRUG","05/01/2021","N/A","OTC MONOGRAPH DRUG","4 BLISTER PACK in 1 CARTON (30142-832-48)  / 12 CAPSULE in 1 BLISTER PACK","Histamine H1 Receptor Antagonists [MoA],  Histamine-1 Receptor Antagonist [EPC]","N/A","No","12/31/2026"
"Allergy Antihistamine","30142-832-84","25 mg/1","CAPSULE","ORAL","M012","KROGER COMPANY","30142-832","DIPHENHYDRAMINE HYDROCHLORIDE","DIPHENHYDRAMINE HYDROCHLORIDE","HUMAN OTC DRUG","05/01/2021","N/A","OTC MONOGRAPH DRUG","1 BOTTLE in 1 CARTON (30142-832-84)  / 100 CAPSULE in 1 BOTTLE","Histamine H1 Receptor Antagonists [MoA],  Histamine-1 Receptor Antagonist [EPC]","N/A","No","12/31/2026"
"Allergy Relief Childrens","55319-315-36","12.5 mg/5mL","SOLUTION","ORAL","M012","Family Dollar Services Inc","55319-315","Diphenhydramine HCl","DIPHENHYDRAMINE HYDROCHLORIDE","HUMAN OTC DRUG","06/20/2024","N/A","OTC MONOGRAPH DRUG","1 BOTTLE, PLASTIC in 1 CARTON (55319-315-36)  / 118 mL in 1 BOTTLE, PLASTIC","Histamine H1 Receptor Antagonists [MoA],  Histamine-1 Receptor Antagonist [EPC]","N/A","No","12/31/2026"
"Childrens Allergy Relief Dye Free","59779-869-44","12.5 mg/1","TABLET, CHEWABLE","ORAL","M012","CVS Pharmacy","59779-869","Diphenhydramine HCl","DIPHENHYDRAMINE HYDROCHLORIDE","HUMAN OTC DRUG","03/20/2015","06/30/2027","OTC MONOGRAPH DRUG","3 BLISTER PACK in 1 CARTON (59779-869-44)  / 6 TABLET, CHEWABLE in 1 BLISTER PACK","Histamine H1 Receptor Antagonists [MoA],  Histamine-1 Receptor Antagonist [EPC]","N/A","No","N/A"
"Childrens Delsym Cough Plus Chest Congestion DM and Delsym Cough Plus Cold Night Time","63824-218-22","N/A","KIT","N/A","M012","Reckitt Benckiser LLC","63824-218","Acetaminophen, Dextromethorphan Hydrobromide, Diphenhydramine Hydrochloride, Guaifenesin, and Phenylephrine Hydrochloride","N/A","HUMAN OTC DRUG","07/01/2017","N/A","OTC MONOGRAPH DRUG","1 KIT in 1 CARTON (63824-218-22)  *  118 mL in 1 BOTTLE *  118 mL in 1 BOTTLE","N/A","N/A","No","12/31/2027"
"Allergy Relief","0363-1900-07","25 mg/1","CAPSULE","ORAL","M012","Walgreen Company","0363-1900","Diphenhydramine HCl","DIPHENHYDRAMINE HYDROCHLORIDE","HUMAN OTC DRUG","12/30/2024","N/A","OTC MONOGRAPH DRUG","3 BLISTER PACK in 1 CARTON (0363-1900-07)  / 12 CAPSULE in 1 BLISTER PACK","Histamine H1 Receptor Antagonists [MoA],  Histamine-1 Receptor Antagonist [EPC]","N/A","No","12/31/2026"
"Allergy Relief","0363-1900-08","25 mg/1","CAPSULE","ORAL","M012","Walgreen Company","0363-1900","Diphenhydramine HCl","DIPHENHYDRAMINE HYDROCHLORIDE","HUMAN OTC DRUG","09/17/2021","N/A","OTC MONOGRAPH DRUG","2 BLISTER PACK in 1 CARTON (0363-1900-08)  / 12 CAPSULE in 1 BLISTER PACK","Histamine H1 Receptor Antagonists [MoA],  Histamine-1 Receptor Antagonist [EPC]","N/A","No","12/31/2026"
"Allergy Relief","0363-1900-12","25 mg/1","CAPSULE","ORAL","M012","Walgreen Company","0363-1900","Diphenhydramine HCl","DIPHENHYDRAMINE HYDROCHLORIDE","HUMAN OTC DRUG","12/11/2025","N/A","OTC MONOGRAPH DRUG","1 BOTTLE, PLASTIC in 1 CARTON (0363-1900-12)  / 100 CAPSULE in 1 BOTTLE, PLASTIC","Histamine H1 Receptor Antagonists [MoA],  Histamine-1 Receptor Antagonist [EPC]","N/A","No","12/31/2026"
"Allergy Relief","0363-1900-51","25 mg/1","CAPSULE","ORAL","M012","Walgreen Company","0363-1900","Diphenhydramine HCl","DIPHENHYDRAMINE HYDROCHLORIDE","HUMAN OTC DRUG","09/17/2021","N/A","OTC MONOGRAPH DRUG","365 CAPSULE in 1 BOTTLE, PLASTIC (0363-1900-51)","Histamine H1 Receptor Antagonists [MoA],  Histamine-1 Receptor Antagonist [EPC]","N/A","No","12/31/2026"
"Allergy Relief","0363-1900-78","25 mg/1","CAPSULE","ORAL","M012","Walgreen Company","0363-1900","Diphenhydramine HCl","DIPHENHYDRAMINE HYDROCHLORIDE","HUMAN OTC DRUG","12/16/2025","N/A","OTC MONOGRAPH DRUG","600 CAPSULE in 1 BOTTLE, PLASTIC (0363-1900-78)","Histamine H1 Receptor Antagonists [MoA],  Histamine-1 Receptor Antagonist [EPC]","N/A","No","12/31/2026"
"Pain Relief PM","70677-0081-1","500 mg/1,  25 mg/1","TABLET, COATED","ORAL","M012","Strategic Sourcing Services LLC","70677-0081","Acetaminophen, Diphenhydramine HCL","ACETAMINOPHEN,  DIPHENHYDRAMINE HYDROCHLORIDE","HUMAN OTC DRUG","12/27/2019","11/28/2027","OTC MONOGRAPH DRUG","1 BOTTLE, PLASTIC in 1 BOX (70677-0081-1)  / 100 TABLET, COATED in 1 BOTTLE, PLASTIC","Histamine H1 Receptor Antagonists [MoA],  Histamine-1 Receptor Antagonist [EPC]","N/A","No","N/A"
"Nighttime Sleep Aid","76162-200-45","50 mg/30mL","SOLUTION","ORAL","M010","TOPCO ASSOCIATES LLC","76162-200","Diphenhydramine HCl","DIPHENHYDRAMINE HYDROCHLORIDE","HUMAN OTC DRUG","01/11/2023","N/A","OTC MONOGRAPH DRUG","177 mL in 1 BOTTLE, PLASTIC (76162-200-45)","Histamine H1 Receptor Antagonists [MoA],  Histamine-1 Receptor Antagonist [EPC]","N/A","No","12/31/2027"
"Childrens Allergy Relief","11822-0379-0","12.5 mg/5mL","SOLUTION","ORAL","M012","Rite Aid Corporation","11822-0379","Diphenhydramine HCl","DIPHENHYDRAMINE HYDROCHLORIDE","HUMAN OTC DRUG","04/05/2023","01/31/2027","OTC MONOGRAPH DRUG","1 BOTTLE in 1 CARTON (11822-0379-0)  / 118 mL in 1 BOTTLE","Histamine H1 Receptor Antagonists [MoA],  Histamine-1 Receptor Antagonist [EPC]","N/A","No","N/A"
"Equaline Night Time Sleep Aid","41163-186-40","50 mg/30mL","SOLUTION","ORAL","M010","United Natural Foods, Inc. dba UNFI","41163-186","Diphenhydramine HCl","DIPHENHYDRAMINE HYDROCHLORIDE","HUMAN OTC DRUG","06/28/2013","N/A","OTC MONOGRAPH DRUG","355 mL in 1 BOTTLE (41163-186-40)","Histamine H1 Receptor Antagonists [MoA],  Histamine-1 Receptor Antagonist [EPC]","N/A","No","12/31/2026"
"Meijer Nighttime Sleep Aid Non Habit Forming","41250-853-12","50 mg/30mL","LIQUID","ORAL","M010","MEIJER DISTRIBUTION INC","41250-853","DIPHENHYDRAMINE HYDROCHLORIDE","DIPHENHYDRAMINE HYDROCHLORIDE","HUMAN OTC DRUG","04/25/2019","N/A","OTC MONOGRAPH DRUG","354 mL in 1 BOTTLE, PLASTIC (41250-853-12)","Histamine H1 Receptor Antagonists [MoA],  Histamine-1 Receptor Antagonist [EPC]","N/A","No","12/31/2026"
"PANADOL PM","0135-7021-01","500 mg/1,  25 mg/1","TABLET, FILM COATED","ORAL","M013","Haleon US Holdings LLC","0135-7021","acetaminophen and diphenhydramine HCl","ACETAMINOPHEN,  DIPHENHYDRAMINE HYDROCHLORIDE","HUMAN OTC DRUG","05/19/2022","N/A","OTC MONOGRAPH DRUG","50 PACKET in 1 CARTON (0135-7021-01)  / 2 TABLET, FILM COATED in 1 PACKET","Histamine H1 Receptor Antagonists [MoA],  Histamine-1 Receptor Antagonist [EPC]","N/A","No","12/31/2026"
"PANADOL PM","0135-7021-02","500 mg/1,  25 mg/1","TABLET, FILM COATED","ORAL","M013","Haleon US Holdings LLC","0135-7021","acetaminophen and diphenhydramine HCl","ACETAMINOPHEN,  DIPHENHYDRAMINE HYDROCHLORIDE","HUMAN OTC DRUG","12/07/2021","N/A","OTC MONOGRAPH DRUG","1 BOTTLE in 1 CARTON (0135-7021-02)  / 24 TABLET, FILM COATED in 1 BOTTLE","Histamine H1 Receptor Antagonists [MoA],  Histamine-1 Receptor Antagonist [EPC]","N/A","No","12/31/2026"
"PANADOL PM","0135-7021-03","500 mg/1,  25 mg/1","TABLET, FILM COATED","ORAL","M013","Haleon US Holdings LLC","0135-7021","acetaminophen and diphenhydramine HCl","ACETAMINOPHEN,  DIPHENHYDRAMINE HYDROCHLORIDE","HUMAN OTC DRUG","12/07/2021","N/A","OTC MONOGRAPH DRUG","1 BOTTLE in 1 CARTON (0135-7021-03)  / 50 TABLET, FILM COATED in 1 BOTTLE","Histamine H1 Receptor Antagonists [MoA],  Histamine-1 Receptor Antagonist [EPC]","N/A","No","12/31/2026"
"Allergy Relief Childrens","46122-425-89","12.5 mg/1","TABLET, CHEWABLE","ORAL","M012","Amerisource Bergen","46122-425","diphenhydramine HCl","DIPHENHYDRAMINE HYDROCHLORIDE","HUMAN OTC DRUG","04/25/2011","04/30/2027","OTC MONOGRAPH DRUG","4 BLISTER PACK in 1 CARTON (46122-425-89)  / 5 TABLET, CHEWABLE in 1 BLISTER PACK","Histamine H1 Receptor Antagonists [MoA],  Histamine-1 Receptor Antagonist [EPC]","N/A","No","N/A"
"Acetaminophen and Diphenhydramine citrate","57631-010-00","500 mg/1,  38 mg/1","TABLET","ORAL","M012","InvaTech Pharma Solutions LLC","57631-010","Acetaminophen and Diphenhydramine citrate","ACETAMINOPHEN,  DIPHENHYDRAMINE CITRATE","HUMAN OTC DRUG","10/01/2025","N/A","OTC MONOGRAPH DRUG","30000 TABLET in 1 BOX (57631-010-00)","Histamine H1 Receptor Antagonists [MoA],  Histamine-1 Receptor Antagonist [EPC]","N/A","No","12/31/2026"
"allergy relief childrens","59779-874-26","12.5 mg/5mL","SOLUTION","ORAL","M012","CVS Pharmacy","59779-874","Diphenhydramine HCl","DIPHENHYDRAMINE HYDROCHLORIDE","HUMAN OTC DRUG","09/03/2015","N/A","OTC MONOGRAPH DRUG","1 BOTTLE in 1 CARTON (59779-874-26)  / 118 mL in 1 BOTTLE","Histamine H1 Receptor Antagonists [MoA],  Histamine-1 Receptor Antagonist [EPC]","N/A","No","12/31/2026"
"Nighttime Sleep Aid Berry Flavor","67091-630-06","50 mg/30mL","LIQUID","ORAL","M010","WINCO FOODS, LLC","67091-630","DIPHENHYDRAMINE HYDROCHLORIDE","DIPHENHYDRAMINE HYDROCHLORIDE","HUMAN OTC DRUG","01/09/2023","N/A","OTC MONOGRAPH DRUG","177 mL in 1 BOTTLE, PLASTIC (67091-630-06)","Histamine H1 Receptor Antagonists [MoA],  Histamine-1 Receptor Antagonist [EPC]","N/A","No","12/31/2027"
"Wal Som Nighttime Sleep Aid","0363-0816-10","50 mg/1","CAPSULE","ORAL","M010","Walgreens","0363-0816","Diphenhydramine HCl","DIPHENHYDRAMINE HYDROCHLORIDE","HUMAN OTC DRUG","10/30/2019","N/A","OTC MONOGRAPH DRUG","1 BOTTLE, PLASTIC in 1 BOX (0363-0816-10)  / 100 CAPSULE in 1 BOTTLE, PLASTIC","Histamine H1 Receptor Antagonists [MoA],  Histamine-1 Receptor Antagonist [EPC]","N/A","No","12/31/2027"
"Wal Som Nighttime Sleep Aid","0363-0816-16","50 mg/1","CAPSULE","ORAL","M010","Walgreens","0363-0816","Diphenhydramine HCl","DIPHENHYDRAMINE HYDROCHLORIDE","HUMAN OTC DRUG","10/30/2019","N/A","OTC MONOGRAPH DRUG","160 CAPSULE in 1 BOTTLE, PLASTIC (0363-0816-16)","Histamine H1 Receptor Antagonists [MoA],  Histamine-1 Receptor Antagonist [EPC]","N/A","No","12/31/2027"
"Wal Som Nighttime Sleep Aid","0363-0816-32","50 mg/1","CAPSULE","ORAL","M010","Walgreens","0363-0816","Diphenhydramine HCl","DIPHENHYDRAMINE HYDROCHLORIDE","HUMAN OTC DRUG","10/30/2019","N/A","OTC MONOGRAPH DRUG","1 BOTTLE, PLASTIC in 1 BOX (0363-0816-32)  / 32 CAPSULE in 1 BOTTLE, PLASTIC","Histamine H1 Receptor Antagonists [MoA],  Histamine-1 Receptor Antagonist [EPC]","N/A","No","12/31/2027"
"Wal Som Nighttime Sleep Aid","0363-0816-40","50 mg/1","CAPSULE","ORAL","M010","Walgreens","0363-0816","Diphenhydramine HCl","DIPHENHYDRAMINE HYDROCHLORIDE","HUMAN OTC DRUG","10/30/2019","N/A","OTC MONOGRAPH DRUG","1 BOTTLE, PLASTIC in 1 BOX (0363-0816-40)  / 40 CAPSULE in 1 BOTTLE, PLASTIC","Histamine H1 Receptor Antagonists [MoA],  Histamine-1 Receptor Antagonist [EPC]","N/A","No","12/31/2027"
"Wal Som Nighttime Sleep Aid","0363-0816-60","50 mg/1","CAPSULE","ORAL","M010","Walgreens","0363-0816","Diphenhydramine HCl","DIPHENHYDRAMINE HYDROCHLORIDE","HUMAN OTC DRUG","10/30/2019","N/A","OTC MONOGRAPH DRUG","1 BOTTLE, PLASTIC in 1 BOX (0363-0816-60)  / 60 CAPSULE in 1 BOTTLE, PLASTIC","Histamine H1 Receptor Antagonists [MoA],  Histamine-1 Receptor Antagonist [EPC]","N/A","No","12/31/2027"
"Walmart Dye Free Chidrens Allergy Chews","79903-967-20","12.5 mg/1","TABLET, CHEWABLE","ORAL","M012","WALMART STORES INC","79903-967","Diphenhydramine HCl","DIPHENHYDRAMINE HYDROCHLORIDE","HUMAN OTC DRUG","01/30/2026","N/A","OTC MONOGRAPH DRUG","2 BLISTER PACK in 1 CARTON (79903-967-20)  / 10 TABLET, CHEWABLE in 1 BLISTER PACK","Histamine H1 Receptor Antagonists [MoA],  Histamine-1 Receptor Antagonist [EPC]","N/A","No","12/31/2027"
"Banophen","68788-7830-1","50 mg/1","CAPSULE","ORAL","341","Preferred Pharmaceuticals Inc.","68788-7830","diphenhydramine hcl","DIPHENHYDRAMINE HYDROCHLORIDE","HUMAN OTC DRUG","01/08/2021","01/30/2028","OTC MONOGRAPH DRUG","15 CAPSULE in 1 BOTTLE (68788-7830-1)","Histamine H1 Receptor Antagonists [MoA],  Histamine-1 Receptor Antagonist [EPC]","N/A","No","N/A"
"Banophen","68788-7830-3","50 mg/1","CAPSULE","ORAL","341","Preferred Pharmaceuticals Inc.","68788-7830","diphenhydramine hcl","DIPHENHYDRAMINE HYDROCHLORIDE","HUMAN OTC DRUG","01/08/2021","01/30/2028","OTC MONOGRAPH DRUG","30 CAPSULE in 1 BOTTLE (68788-7830-3)","Histamine H1 Receptor Antagonists [MoA],  Histamine-1 Receptor Antagonist [EPC]","N/A","No","N/A"
"EXTRA STRENGTH PAIN RELIEVER PM","0363-9085-15","500 mg/1,  25 mg/1","TABLET","ORAL","M013","WALGREENS CO.","0363-9085","ACETAMINOPHEN AND DIPHENHYDRAMINE HYDROCHLORIDE","ACETAMINOPHEN,  DIPHENHYDRAMINE HYDROCHLORIDE","HUMAN OTC DRUG","04/13/2023","11/30/2028","OTC MONOGRAPH DRUG","1 BOTTLE in 1 CARTON (0363-9085-15)  / 15 TABLET in 1 BOTTLE","Histamine H1 Receptor Antagonists [MoA],  Histamine-1 Receptor Antagonist [EPC]","N/A","No","N/A"
"TheraCare 2% Diphenhydramine Anti-Itch Cream","71101-014-01","20 mg/g,  1 mg/g","CREAM","TOPICAL","M017","Veridian Healthcare","71101-014","Diphenhydramine Hydrochloride and Zinc Acetate","DIPHENHYDRAMINE HYDROCHLORIDE,  ZINC ACETATE","HUMAN OTC DRUG","10/01/2025","N/A","OTC MONOGRAPH DRUG","1 TUBE in 1 CARTON (71101-014-01)  / 35.4 g in 1 TUBE","Copper Absorption Inhibitor [EPC],  Decreased Copper Ion Absorption [PE],  Histamine H1 Receptor Antagonists [MoA],  Histamine-1 Receptor Antagonist [EPC]","N/A","No","12/31/2026"
"TOPCARE Childrens Allergy Chews","76162-201-20","12.5 mg/1","TABLET, CHEWABLE","ORAL","M012","Topco Associates, LLC","76162-201","Diphenhydramine HCl","DIPHENHYDRAMINE HYDROCHLORIDE","HUMAN OTC DRUG","05/16/2025","N/A","OTC MONOGRAPH DRUG","2 BLISTER PACK in 1 CARTON (76162-201-20)  / 10 TABLET, CHEWABLE in 1 BLISTER PACK","Histamine H1 Receptor Antagonists [MoA],  Histamine-1 Receptor Antagonist [EPC]","N/A","No","12/31/2026"
"Walmart Dye Free Chidrens Allergy Chews Bubblegum","79903-968-20","12.5 mg/1","TABLET, CHEWABLE","ORAL","M012","WALMART STORES INC","79903-968","Diphenhydramine HCl","DIPHENHYDRAMINE HYDROCHLORIDE","HUMAN OTC DRUG","01/30/2026","N/A","OTC MONOGRAPH DRUG","2 BLISTER PACK in 1 CARTON (79903-968-20)  / 10 TABLET, CHEWABLE in 1 BLISTER PACK","Histamine H1 Receptor Antagonists [MoA],  Histamine-1 Receptor Antagonist [EPC]","N/A","No","12/31/2027"
"DIPHENHYDRAMINE HYDROCHLORIDE","51662-1348-1","50 mg/mL","INJECTION, SOLUTION","INTRAMUSCULAR,  INTRAVENOUS","ANDA040466","HF Acquisition Co LLC, DBA HealthFirst","51662-1348","DIPHENHYDRAMINE HYDROCHLORIDE","DIPHENHYDRAMINE HYDROCHLORIDE","HUMAN PRESCRIPTION DRUG","11/26/2018","N/A","ANDA","1 mL in 1 VIAL (51662-1348-1)","Histamine H1 Receptor Antagonists [MoA],  Histamine-1 Receptor Antagonist [EPC]","N/A","No","12/31/2026"
"Defensol D Blister Pack","53145-009-30","325 mg/1,  12.5 mg/1,  5 mg/1","TABLET","ORAL","M012","Menper Distributors, Inc.","53145-009","Acetaminophen, Diphenhydramine HCl, Phenylephrine HCI","ACETAMINOPHEN,  DIPHENHYDRAMINE HYDROCHLORIDE,  PHENYLEPHRINE HYDROCHLORIDE","HUMAN OTC DRUG","01/01/2024","N/A","OTC MONOGRAPH DRUG","1 BLISTER PACK in 1 BOX (53145-009-30)  / 30 TABLET in 1 BLISTER PACK","Adrenergic alpha1-Agonists [MoA],  Histamine H1 Receptor Antagonists [MoA],  Histamine-1 Receptor Antagonist [EPC],  alpha-1 Adrenergic Agonist [EPC]","N/A","No","12/31/2026"
"Geri-Dryl allergy relief","85766-092-01","25 mg/1","TABLET, COATED","ORAL","M012","Sportpharm LLC","85766-092","Diphenhydramine HCl","DIPHENHYDRAMINE HYDROCHLORIDE","HUMAN OTC DRUG","10/08/2025","N/A","OTC MONOGRAPH DRUG","100 TABLET, COATED in 1 BOTTLE (85766-092-01)","Histamine H1 Receptor Antagonists [MoA],  Histamine-1 Receptor Antagonist [EPC]","N/A","No","12/31/2027"
"Geri-Dryl allergy relief","85766-092-10","25 mg/1","TABLET, COATED","ORAL","M012","Sportpharm LLC","85766-092","Diphenhydramine HCl","DIPHENHYDRAMINE HYDROCHLORIDE","HUMAN OTC DRUG","10/08/2025","N/A","OTC MONOGRAPH DRUG","10 TABLET, COATED in 1 BOTTLE (85766-092-10)","Histamine H1 Receptor Antagonists [MoA],  Histamine-1 Receptor Antagonist [EPC]","N/A","No","12/31/2027"
"Geri-Dryl allergy relief","85766-092-20","25 mg/1","TABLET, COATED","ORAL","M012","Sportpharm LLC","85766-092","Diphenhydramine HCl","DIPHENHYDRAMINE HYDROCHLORIDE","HUMAN OTC DRUG","10/08/2025","N/A","OTC MONOGRAPH DRUG","20 TABLET, COATED in 1 BOTTLE (85766-092-20)","Histamine H1 Receptor Antagonists [MoA],  Histamine-1 Receptor Antagonist [EPC]","N/A","No","12/31/2027"
"Geri-Dryl allergy relief","85766-092-30","25 mg/1","TABLET, COATED","ORAL","M012","Sportpharm LLC","85766-092","Diphenhydramine HCl","DIPHENHYDRAMINE HYDROCHLORIDE","HUMAN OTC DRUG","10/08/2025","N/A","OTC MONOGRAPH DRUG","30 TABLET, COATED in 1 BOTTLE (85766-092-30)","Histamine H1 Receptor Antagonists [MoA],  Histamine-1 Receptor Antagonist [EPC]","N/A","No","12/31/2027"
"Geri-Dryl allergy relief","85766-092-60","25 mg/1","TABLET, COATED","ORAL","M012","Sportpharm LLC","85766-092","Diphenhydramine HCl","DIPHENHYDRAMINE HYDROCHLORIDE","HUMAN OTC DRUG","10/08/2025","N/A","OTC MONOGRAPH DRUG","60 TABLET, COATED in 1 BOTTLE (85766-092-60)","Histamine H1 Receptor Antagonists [MoA],  Histamine-1 Receptor Antagonist [EPC]","N/A","No","12/31/2027"
"Geri-Dryl allergy relief","85766-092-90","25 mg/1","TABLET, COATED","ORAL","M012","Sportpharm LLC","85766-092","Diphenhydramine HCl","DIPHENHYDRAMINE HYDROCHLORIDE","HUMAN OTC DRUG","10/08/2025","N/A","OTC MONOGRAPH DRUG","90 TABLET, COATED in 1 BOTTLE (85766-092-90)","Histamine H1 Receptor Antagonists [MoA],  Histamine-1 Receptor Antagonist [EPC]","N/A","No","12/31/2027"
"NAPROXEN SODIUM PM","21130-639-71","25 mg/1,  220 mg/1","TABLET, FILM COATED","ORAL","ANDA208499","Safeway","21130-639","diphenhydramine hydrochloride, naproxen sodium","DIPHENHYDRAMINE HYDROCHLORIDE,  NAPROXEN SODIUM","HUMAN OTC DRUG","03/13/2025","N/A","ANDA","1 BOTTLE in 1 CARTON (21130-639-71)  / 50 TABLET, FILM COATED in 1 BOTTLE","Anti-Inflammatory Agents,  Non-Steroidal [CS],  Cyclooxygenase Inhibitors [MoA],  Histamine H1 Receptor Antagonists [MoA],  Histamine-1 Receptor Antagonist [EPC],  Nonsteroidal Anti-inflammatory Drug [EPC]","N/A","No","12/31/2026"
"Nighttime Sleep Aid","37835-319-30","50 mg/30mL","SOLUTION","ORAL","M010","Bi-Mart","37835-319","Diphenhydramine HCl","DIPHENHYDRAMINE HYDROCHLORIDE","HUMAN OTC DRUG","04/29/2021","N/A","OTC MONOGRAPH DRUG","355 mL in 1 BOTTLE, PLASTIC (37835-319-30)","Histamine H1 Receptor Antagonists [MoA],  Histamine-1 Receptor Antagonist [EPC]","N/A","No","12/31/2027"
"Allergy Relief","55319-329-02","25 mg/1","TABLET, FILM COATED","ORAL","M012","Family Dollar Services Inc","55319-329","Diphenhydramine HCl","DIPHENHYDRAMINE HYDROCHLORIDE","HUMAN OTC DRUG","03/02/1990","N/A","OTC MONOGRAPH DRUG","1 BLISTER PACK in 1 CARTON (55319-329-02)  / 12 TABLET, FILM COATED in 1 BLISTER PACK","Histamine H1 Receptor Antagonists [MoA],  Histamine-1 Receptor Antagonist [EPC]","N/A","No","12/31/2027"
"Allergy Relief","55319-329-08","25 mg/1","TABLET, FILM COATED","ORAL","M012","Family Dollar Services Inc","55319-329","Diphenhydramine HCl","DIPHENHYDRAMINE HYDROCHLORIDE","HUMAN OTC DRUG","03/02/1990","N/A","OTC MONOGRAPH DRUG","2 BLISTER PACK in 1 CARTON (55319-329-08)  / 12 TABLET, FILM COATED in 1 BLISTER PACK","Histamine H1 Receptor Antagonists [MoA],  Histamine-1 Receptor Antagonist [EPC]","N/A","No","12/31/2027"
"Allergy Relief","55319-329-12","25 mg/1","TABLET, FILM COATED","ORAL","M012","Family Dollar Services Inc","55319-329","Diphenhydramine HCl","DIPHENHYDRAMINE HYDROCHLORIDE","HUMAN OTC DRUG","03/02/1990","N/A","OTC MONOGRAPH DRUG","1 BOTTLE, PLASTIC in 1 CARTON (55319-329-12)  / 100 TABLET, FILM COATED in 1 BOTTLE, PLASTIC","Histamine H1 Receptor Antagonists [MoA],  Histamine-1 Receptor Antagonist [EPC]","N/A","No","12/31/2027"
"Allergy Relief","55319-329-22","25 mg/1","TABLET, FILM COATED","ORAL","M012","Family Dollar Services Inc","55319-329","Diphenhydramine HCl","DIPHENHYDRAMINE HYDROCHLORIDE","HUMAN OTC DRUG","03/02/1990","N/A","OTC MONOGRAPH DRUG","4 BLISTER PACK in 1 CARTON (55319-329-22)  / 12 TABLET, FILM COATED in 1 BLISTER PACK","Histamine H1 Receptor Antagonists [MoA],  Histamine-1 Receptor Antagonist [EPC]","N/A","No","12/31/2027"
"Allergy Relief","55319-329-51","25 mg/1","TABLET, FILM COATED","ORAL","M012","Family Dollar Services Inc","55319-329","Diphenhydramine HCl","DIPHENHYDRAMINE HYDROCHLORIDE","HUMAN OTC DRUG","02/22/2024","N/A","OTC MONOGRAPH DRUG","365 TABLET, FILM COATED in 1 BOTTLE, PLASTIC (55319-329-51)","Histamine H1 Receptor Antagonists [MoA],  Histamine-1 Receptor Antagonist [EPC]","N/A","No","12/31/2027"
"Allergy Relief","69842-174-36","50 mg/20mL","SOLUTION","ORAL","M012","CVS PHARMACY","69842-174","Diphenhydramine HCl","DIPHENHYDRAMINE HYDROCHLORIDE","HUMAN OTC DRUG","01/26/2021","N/A","OTC MONOGRAPH DRUG","1 BOTTLE, PLASTIC in 1 CARTON (69842-174-36)  / 118 mL in 1 BOTTLE, PLASTIC","Histamine H1 Receptor Antagonists [MoA],  Histamine-1 Receptor Antagonist [EPC]","N/A","No","12/31/2026"
"Theraflu ExpressMax Nighttime Severe Cold and Cough","0067-8129-08","650 mg/30mL,  25 mg/30mL,  10 mg/30mL","SYRUP","ORAL","M012","Haleon US Holdings LLC","0067-8129","Acetaminophen, Diphenhydramine HCl, Phenylephrine HCl","ACETAMINOPHEN,  DIPHENHYDRAMINE HYDROCHLORIDE,  PHENYLEPHRINE HYDROCHLORIDE","HUMAN OTC DRUG","07/15/2015","N/A","OTC MONOGRAPH DRUG","245.5 mL in 1 BOTTLE (0067-8129-08)","Adrenergic alpha1-Agonists [MoA],  Histamine H1 Receptor Antagonists [MoA],  Histamine-1 Receptor Antagonist [EPC],  alpha-1 Adrenergic Agonist [EPC]","N/A","No","12/31/2026"
"Sleep Aid Nighttime","55319-367-08","25 mg/1","TABLET, FILM COATED","ORAL","M010","Family Dollar Services Inc","55319-367","Diphenhydramine HCl","DIPHENHYDRAMINE HYDROCHLORIDE","HUMAN OTC DRUG","06/10/2000","N/A","OTC MONOGRAPH DRUG","2 BLISTER PACK in 1 CARTON (55319-367-08)  / 12 TABLET, FILM COATED in 1 BLISTER PACK","Histamine H1 Receptor Antagonists [MoA],  Histamine-1 Receptor Antagonist [EPC]","N/A","No","12/31/2027"
"Sleep Aid Nighttime","55319-367-12","25 mg/1","TABLET, FILM COATED","ORAL","M010","Family Dollar Services Inc","55319-367","Diphenhydramine HCl","DIPHENHYDRAMINE HYDROCHLORIDE","HUMAN OTC DRUG","06/10/2000","N/A","OTC MONOGRAPH DRUG","1 BOTTLE in 1 CARTON (55319-367-12)  / 100 TABLET, FILM COATED in 1 BOTTLE","Histamine H1 Receptor Antagonists [MoA],  Histamine-1 Receptor Antagonist [EPC]","N/A","No","12/31/2027"
"Allergy Relief, 24-7 Life by 7-Eleven","66715-8157-3","25 mg/1","TABLET, FILM COATED","ORAL","M012","Lil' Drug Store Products, Inc.","66715-8157","diphenhydramine hcl tablet, film coated","DIPHENHYDRAMINE HYDROCHLORIDE","HUMAN OTC DRUG","05/06/2022","N/A","OTC MONOGRAPH DRUG","1 BLISTER PACK in 1 CARTON (66715-8157-3)  / 6 TABLET, FILM COATED in 1 BLISTER PACK","Histamine H1 Receptor Antagonists [MoA],  Histamine-1 Receptor Antagonist [EPC]","N/A","No","12/31/2026"
"basic care allergy relief","72288-479-78","25 mg/1","TABLET","ORAL","M012","Amazon.com Services LLC","72288-479","Diphenhydramine Hydrochloride","DIPHENHYDRAMINE HYDROCHLORIDE","HUMAN OTC DRUG","07/28/2020","N/A","OTC MONOGRAPH DRUG","1 BOTTLE in 1 CARTON (72288-479-78)  / 100 TABLET in 1 BOTTLE","Histamine H1 Receptor Antagonists [MoA],  Histamine-1 Receptor Antagonist [EPC]","N/A","No","12/31/2026"
"basic care allergy relief","72288-479-79","25 mg/1","TABLET","ORAL","M012","Amazon.com Services LLC","72288-479","Diphenhydramine Hydrochloride","DIPHENHYDRAMINE HYDROCHLORIDE","HUMAN OTC DRUG","11/10/2020","N/A","OTC MONOGRAPH DRUG","400 TABLET in 1 BOTTLE (72288-479-79)","Histamine H1 Receptor Antagonists [MoA],  Histamine-1 Receptor Antagonist [EPC]","N/A","No","12/31/2026"
"Allergy Relief","N/A","25 mg/1","TABLET, COATED","ORAL","M012","Shield Pharmaceuticals Corp","83059-0117","Diphenhydramine Hydrochloride","DIPHENHYDRAMINE HYDROCHLORIDE","HUMAN OTC DRUG","12/04/2025","N/A","OTC MONOGRAPH DRUG","N/A","Histamine H1 Receptor Antagonists [MoA],  Histamine-1 Receptor Antagonist [EPC]","N/A","N/A","12/31/2026"
"Dr. Simi Pain Reliever PM","85786-108-24","25 mg/1,  500 mg/1","TABLET","ORAL","M013","Farmacias De Similares TX LLC","85786-108","Acetaminophen, Diphenhydramine HCl","DIPHENHYDRAMINE HCL,  ACETAMINOPHEN","HUMAN OTC DRUG","04/10/2026","N/A","OTC MONOGRAPH DRUG","1 BOTTLE, PLASTIC in 1 CARTON (85786-108-24)  / 24 TABLET in 1 BOTTLE, PLASTIC","Histamine H1 Receptor Antagonists [MoA],  Histamine-1 Receptor Antagonist [EPC]","N/A","No","12/31/2027"
"Allergy Relief","87509-0001-6","25 mg/1","TABLET, COATED","ORAL","M012","Famora Inc.","87509-0001","Diphenhydramine HCl","DIPHENHYDRAMINE HYDROCHLORIDE","HUMAN OTC DRUG","03/17/2026","N/A","OTC MONOGRAPH DRUG","650 TABLET, COATED in 1 BOTTLE (87509-0001-6)","Histamine H1 Receptor Antagonists [MoA],  Histamine-1 Receptor Antagonist [EPC]","N/A","No","12/31/2027"
"Night Time Sleep Aid","42507-959-40","50 mg/30mL","SOLUTION","ORAL","M010","HyVee Inc","42507-959","Diphenhydramine HCl","DIPHENHYDRAMINE HYDROCHLORIDE","HUMAN OTC DRUG","07/08/2013","N/A","OTC MONOGRAPH DRUG","355 mL in 1 BOTTLE (42507-959-40)","Histamine H1 Receptor Antagonists [MoA],  Histamine-1 Receptor Antagonist [EPC]","N/A","No","12/31/2027"
"TARGET Cold and Cough and Nighttime Value Pack","82442-365-08","N/A","KIT","N/A","M012","TARGET CORPORATION","82442-365","Brompheniramine maleate,Dextromethorphan HBr,Diphenhydramine HCl,","N/A","HUMAN OTC DRUG","05/16/2025","N/A","OTC MONOGRAPH DRUG","1 KIT in 1 KIT (82442-365-08)  *  118 mL in 1 BOTTLE, PLASTIC (82442-366-08)  *  118 mL in 1 BOTTLE, PLASTIC (82442-367-08)","N/A","N/A","No","12/31/2026"
"Banophen","0904-5307-60","50 mg/1","CAPSULE","ORAL","M012","Major Pharmaceuticals","0904-5307","diphenhydramine hcl","DIPHENHYDRAMINE HYDROCHLORIDE","HUMAN OTC DRUG","11/02/2009","01/31/2028","OTC MONOGRAPH DRUG","100 CAPSULE in 1 BOTTLE (0904-5307-60)","Histamine H1 Receptor Antagonists [MoA],  Histamine-1 Receptor Antagonist [EPC]","N/A","No","N/A"
"Banophen","0904-5307-80","50 mg/1","CAPSULE","ORAL","M012","Major Pharmaceuticals","0904-5307","diphenhydramine hcl","DIPHENHYDRAMINE HYDROCHLORIDE","HUMAN OTC DRUG","11/02/2009","01/31/2028","OTC MONOGRAPH DRUG","1000 CAPSULE in 1 BOTTLE (0904-5307-80)","Histamine H1 Receptor Antagonists [MoA],  Histamine-1 Receptor Antagonist [EPC]","N/A","No","N/A"
"Vicks ZzzQuil Night Pain","37000-974-60","25 mg/1,  500 mg/1","TABLET, COATED","ORAL","M010","The Procter & Gamble Manufacturing Company","37000-974","Diphenhydramine Hydrochloride and Acetaminophen","DIPHENHYDRAMINE HYDROCHLORIDE,  ACETAMINOPHEN","HUMAN OTC DRUG","06/01/2020","01/29/2027","OTC MONOGRAPH DRUG","1 BOTTLE in 1 CARTON (37000-974-60)  / 60 TABLET, COATED in 1 BOTTLE","Histamine H1 Receptor Antagonists [MoA],  Histamine-1 Receptor Antagonist [EPC]","N/A","No","N/A"
"Night Time Sleep Aid","55910-114-12","50 mg/30mL","LIQUID","ORAL","M012","Dolgencorp, Inc. (DOLLAR GENERAL & REXALL)","55910-114","Diphenhydramine HCl","DIPHENHYDRAMINE HYDROCHLORIDE","HUMAN OTC DRUG","03/31/2015","N/A","OTC MONOGRAPH DRUG","355 mL in 1 BOTTLE, PLASTIC (55910-114-12)","Histamine H1 Receptor Antagonists [MoA],  Histamine-1 Receptor Antagonist [EPC]","N/A","No","12/31/2026"
"Dr. Simi Allergy Relief","85786-202-24","25 mg/1","TABLET","ORAL","M012","Farmacias De Similares TX LLC","85786-202","Diphenhydramine HCl","DIPHENHYDRAMINE HCL","HUMAN OTC DRUG","04/20/2026","N/A","OTC MONOGRAPH DRUG","2 BLISTER PACK in 1 CARTON (85786-202-24)  / 12 TABLET in 1 BLISTER PACK","Histamine H1 Receptor Antagonists [MoA],  Histamine-1 Receptor Antagonist [EPC]","N/A","No","12/31/2027"
"Sleep-Aid Nighttime","69842-672-51","25 mg/1","TABLET, FILM COATED","ORAL","M010","CVS PHARMACY","69842-672","diphenhydramine HCl","DIPHENHYDRAMINE HYDROCHLORIDE","HUMAN OTC DRUG","07/24/2015","N/A","OTC MONOGRAPH DRUG","365 TABLET, FILM COATED in 1 BOTTLE, PLASTIC (69842-672-51)","Histamine H1 Receptor Antagonists [MoA],  Histamine-1 Receptor Antagonist [EPC]","N/A","No","12/31/2026"
"Nighttime Sleep Aid","N/A","50 mg/1","CAPSULE, LIQUID FILLED","ORAL","M010","Shield Pharmaceuticals Corp","83059-0122","Diphenhydramine Hydrochloride","DIPHENHYDRAMINE HYDROCHLORIDE","HUMAN OTC DRUG","12/05/2025","N/A","OTC MONOGRAPH DRUG","N/A","Histamine H1 Receptor Antagonists [MoA],  Histamine-1 Receptor Antagonist [EPC]","N/A","N/A","12/31/2026"
"Allergy Childrens","55910-124-36","12.5 mg/5mL","SOLUTION","ORAL","M012","DOLGENCORP, LLC","55910-124","Diphenhydramine HCl","DIPHENHYDRAMINE HYDROCHLORIDE","HUMAN OTC DRUG","06/06/2024","N/A","OTC MONOGRAPH DRUG","1 BOTTLE, PLASTIC in 1 CARTON (55910-124-36)  / 118 mL in 1 BOTTLE, PLASTIC","Histamine H1 Receptor Antagonists [MoA],  Histamine-1 Receptor Antagonist [EPC]","N/A","No","12/31/2027"
"CVS Health Nighttime Sleep-Aid","59779-893-12","50 mg/30mL","LIQUID","ORAL","M010","CVS Pharmacy,Inc.","59779-893","DIPHENHYDRAMINE HYDROCHLORIDE","DIPHENHYDRAMINE HYDROCHLORIDE","HUMAN OTC DRUG","02/11/2015","N/A","OTC MONOGRAPH DRUG","354 mL in 1 BOTTLE, PLASTIC (59779-893-12)","Histamine H1 Receptor Antagonists [MoA],  Histamine-1 Receptor Antagonist [EPC]","N/A","No","12/31/2027"
"Diphenhydramine HCl","0121-0865-00","12.5 mg/5mL","SOLUTION","ORAL","M012","PAI Holdings, LLC dba PAI Pharma","0121-0865","diphenhydramine hydrochloride","DIPHENHYDRAMINE HYDROCHLORIDE","HUMAN OTC DRUG","06/18/2020","N/A","OTC MONOGRAPH DRUG","10 TRAY in 1 CASE (0121-0865-00)  / 10 CUP, UNIT-DOSE in 1 TRAY / 5 mL in 1 CUP, UNIT-DOSE (0121-0865-05)","Histamine H1 Receptor Antagonists [MoA],  Histamine-1 Receptor Antagonist [EPC]","N/A","No","12/31/2026"
"Diphenhydramine HCl","0121-0865-30","12.5 mg/5mL","SOLUTION","ORAL","M012","PAI Holdings, LLC dba PAI Pharma","0121-0865","diphenhydramine hydrochloride","DIPHENHYDRAMINE HYDROCHLORIDE","HUMAN OTC DRUG","06/18/2020","N/A","OTC MONOGRAPH DRUG","3 TRAY in 1 CASE (0121-0865-30)  / 10 CUP, UNIT-DOSE in 1 TRAY / 5 mL in 1 CUP, UNIT-DOSE (0121-0865-05)","Histamine H1 Receptor Antagonists [MoA],  Histamine-1 Receptor Antagonist [EPC]","N/A","No","12/31/2026"
"Sleep Aid Night Time","55910-772-51","25 mg/1","TABLET, FILM COATED","ORAL","M010","DOLGENCORP, LLC","55910-772","Diphenhydramine HCl","DIPHENHYDRAMINE HYDROCHLORIDE","HUMAN OTC DRUG","06/30/2023","N/A","OTC MONOGRAPH DRUG","365 TABLET, FILM COATED in 1 BOTTLE, PLASTIC (55910-772-51)","Histamine H1 Receptor Antagonists [MoA],  Histamine-1 Receptor Antagonist [EPC]","N/A","No","12/31/2027"
"CVS Health Nighttime Sleep-Aid","59779-893-06","50 mg/30mL","LIQUID","ORAL","M010","CVS Pharmacy,Inc.","59779-893","DIPHENHYDRAMINE HYDROCHLORIDE","DIPHENHYDRAMINE HYDROCHLORIDE","HUMAN OTC DRUG","09/22/2015","N/A","OTC MONOGRAPH DRUG","177 mL in 1 BOTTLE, PLASTIC (59779-893-06)","Histamine H1 Receptor Antagonists [MoA],  Histamine-1 Receptor Antagonist [EPC]","N/A","No","12/31/2027"
"Pain Reliever PM, Extra Strength, 24-7 Life by 7-Eleven","66715-8158-3","25 mg/1,  500 mg/1","TABLET, FILM COATED","ORAL","M013","Lil' Drug Store Products, Inc.","66715-8158","acetaminophen, diphenhydramine hcl tablet, film coated","DIPHENHYDRAMINE HYDROCHLORIDE,  ACETAMINOPHEN","HUMAN OTC DRUG","05/06/2022","N/A","OTC MONOGRAPH DRUG","1 BLISTER PACK in 1 CARTON (66715-8158-3)  / 6 TABLET, FILM COATED in 1 BLISTER PACK","Histamine H1 Receptor Antagonists [MoA],  Histamine-1 Receptor Antagonist [EPC]","N/A","No","12/31/2026"
"Diphenhydramine","83634-781-01","50 mg/mL","INJECTION, SOLUTION","INTRAMUSCULAR,  INTRAVENOUS","ANDA205336","Avenacy, LLC","83634-781","diphenhydramine hydrochloride","DIPHENHYDRAMINE HYDROCHLORIDE","HUMAN PRESCRIPTION DRUG","09/01/2025","N/A","ANDA","25 VIAL, SINGLE-DOSE in 1 CARTON (83634-781-01)  / 1 mL in 1 VIAL, SINGLE-DOSE (83634-781-41)","Histamine H1 Receptor Antagonists [MoA],  Histamine-1 Receptor Antagonist [EPC]","N/A","No","12/31/2026"
"Simply Sleep","50580-843-12","25 mg/1","TABLET, FILM COATED","ORAL","M010","Kenvue Brands LLC","50580-843","diphenhydramine hydrochloride","DIPHENHYDRAMINE HYDROCHLORIDE","HUMAN OTC DRUG","04/10/2013","N/A","OTC MONOGRAPH DRUG","1 BOTTLE in 1 CARTON (50580-843-12)  / 100 TABLET, FILM COATED in 1 BOTTLE","Histamine H1 Receptor Antagonists [MoA],  Histamine-1 Receptor Antagonist [EPC]","N/A","No","12/31/2026"
"CVS Health Nighttime Sleep-Aid","59779-893-24","50 mg/30mL","LIQUID","ORAL","M010","CVS Pharmacy,Inc.","59779-893","DIPHENHYDRAMINE HYDROCHLORIDE","DIPHENHYDRAMINE HYDROCHLORIDE","HUMAN OTC DRUG","07/14/2016","N/A","OTC MONOGRAPH DRUG","2 BOTTLE in 1 PACKAGE, COMBINATION (59779-893-24)  / 354 mL in 1 BOTTLE","Histamine H1 Receptor Antagonists [MoA],  Histamine-1 Receptor Antagonist [EPC]","N/A","No","12/31/2027"
"Westlake Itch Relief","82895-715-60",".1 g/100mL,  2 g/100mL","SPRAY","TOPICAL","M017","Westlake HB Pharma LLC","82895-715","Diphenhydramine HCl, Zinc Acetate","ZINC ACETATE,  DIPHENHYDRAMINE HYDROCHLORIDE","HUMAN OTC DRUG","10/01/2023","N/A","OTC MONOGRAPH DRUG","59 mL in 1 BOTTLE, SPRAY (82895-715-60)","Copper Absorption Inhibitor [EPC],  Decreased Copper Ion Absorption [PE],  Histamine H1 Receptor Antagonists [MoA],  Histamine-1 Receptor Antagonist [EPC]","N/A","No","12/31/2026"
"Acetaminophen and Diphenhydramine HCL","21130-661-10","500 mg/1,  25 mg/1","TABLET","ORAL","M013","SAFEWAY","21130-661","Acetaminophen and Diphenhydramine HCL","ACETAMINOPHEN,  DIPHENHYDRAMINE","HUMAN OTC DRUG","06/30/2023","N/A","OTC MONOGRAPH DRUG","100 TABLET in 1 BOTTLE (21130-661-10)","Histamine H1 Receptor Antagonists [MoA],  Histamine-1 Receptor Antagonist [EPC]","N/A","No","12/31/2026"
"Acetaminophen and Diphenhydramine HCL","21130-661-20","500 mg/1,  25 mg/1","TABLET","ORAL","M013","SAFEWAY","21130-661","Acetaminophen and Diphenhydramine HCL","ACETAMINOPHEN,  DIPHENHYDRAMINE","HUMAN OTC DRUG","06/30/2023","N/A","OTC MONOGRAPH DRUG","200 TABLET in 1 BOTTLE (21130-661-20)","Histamine H1 Receptor Antagonists [MoA],  Histamine-1 Receptor Antagonist [EPC]","N/A","No","12/31/2026"
"Acetaminophen and Diphenhydramine HCL","21130-661-24","500 mg/1,  25 mg/1","TABLET","ORAL","M013","SAFEWAY","21130-661","Acetaminophen and Diphenhydramine HCL","ACETAMINOPHEN,  DIPHENHYDRAMINE","HUMAN OTC DRUG","06/30/2023","N/A","OTC MONOGRAPH DRUG","24 TABLET in 1 BOTTLE (21130-661-24)","Histamine H1 Receptor Antagonists [MoA],  Histamine-1 Receptor Antagonist [EPC]","N/A","No","12/31/2026"
"Itch Relief","42507-986-76","1 mg/g,  20 mg/g","AEROSOL, SPRAY","TOPICAL","M017","HY-VEE, INC","42507-986","Diphenhydramine HCl, Zinc Acetate","ZINC ACETATE,  DIPHENHYDRAMINE HYDROCHLORIDE","HUMAN OTC DRUG","01/12/2026","N/A","OTC MONOGRAPH DRUG","76 g in 1 CANISTER (42507-986-76)","Copper Absorption Inhibitor [EPC],  Decreased Copper Ion Absorption [PE],  Histamine H1 Receptor Antagonists [MoA],  Histamine-1 Receptor Antagonist [EPC]","N/A","No","12/31/2027"
"Pain Relief PM","59779-894-12","250 mg/1,  250 mg/1,  38 mg/1","TABLET, FILM COATED","ORAL","M013","CVS Pharmacy","59779-894","Acetaminophen, Aspirin, Diphenhydramine citrate","ACETAMINOPHEN,  ASPIRIN,  DIPHENHYDRAMINE CITRATE","HUMAN OTC DRUG","08/31/2016","06/30/2027","OTC MONOGRAPH DRUG","1 BOTTLE in 1 CARTON (59779-894-12)  / 100 TABLET, FILM COATED in 1 BOTTLE","Anti-Inflammatory Agents,  Non-Steroidal [CS],  Cyclooxygenase Inhibitors [MoA],  Decreased Platelet Aggregation [PE],  Decreased Prostaglandin Production [PE],  Histamine H1 Receptor Antagonists [MoA],  Histamine-1 Receptor Antagonist [EPC],  Nonsteroidal Anti-inflammatory Drug [EPC],  Platelet Aggregation Inhibitor [EPC]","N/A","No","N/A"
"Childrens Mucinex Multi Symptom Cold and Childrens Mucinex Night Time Multi Symptom Cold","63824-287-22","N/A","KIT","N/A","M012","Reckitt Benckiser LLC","63824-287","Acetaminophen, Dextromethorphan Hydrobromide, Diphenhydramine Hydrochloride, Guaifenesin, and Phenylephrine Hydrochloride","N/A","HUMAN OTC DRUG","04/01/2014","N/A","OTC MONOGRAPH DRUG","1 KIT in 1 CARTON (63824-287-22)  *  118 mL in 1 BOTTLE *  118 mL in 1 BOTTLE","N/A","N/A","No","12/31/2027"
"Sleep Aid","0363-9236-50","25 mg/1","CHEWABLE GEL","ORAL","M010","Walgreens","0363-9236","Diphenhydramine HCl","DIPHENHYDRAMINE HYDROCHLORIDE","HUMAN OTC DRUG","03/13/2026","N/A","OTC MONOGRAPH DRUG","50 CHEWABLE GEL in 1 BOTTLE, PLASTIC (0363-9236-50)","Histamine H1 Receptor Antagonists [MoA],  Histamine-1 Receptor Antagonist [EPC]","N/A","No","12/31/2027"
"M-Dryl","72162-1674-2","12.5 mg/5mL","LIQUID","ORAL","M012","Bryant Ranch Prepack","72162-1674","DIPHENHYDRAMINE HYDROCHLORIDE","DIPHENHYDRAMINE HYDROCHLORIDE","HUMAN OTC DRUG","10/05/2023","N/A","OTC MONOGRAPH DRUG","120 mL in 1 BOTTLE (72162-1674-2)","Histamine H1 Receptor Antagonists [MoA],  Histamine-1 Receptor Antagonist [EPC]","N/A","No","12/31/2026"
"M-Dryl","72162-1674-4","12.5 mg/5mL","LIQUID","ORAL","M012","Bryant Ranch Prepack","72162-1674","DIPHENHYDRAMINE HYDROCHLORIDE","DIPHENHYDRAMINE HYDROCHLORIDE","HUMAN OTC DRUG","10/05/2023","N/A","OTC MONOGRAPH DRUG","473 mL in 1 BOTTLE (72162-1674-4)","Histamine H1 Receptor Antagonists [MoA],  Histamine-1 Receptor Antagonist [EPC]","N/A","No","12/31/2026"
"EZ Nite Sleep","21130-014-06","50 mg/30mL","LIQUID","ORAL","M012","Safeway, Inc.","21130-014","Diphenhydramine HCl","DIPHENHYDRAMINE HYDROCHLORIDE","HUMAN OTC DRUG","06/30/2015","N/A","OTC MONOGRAPH DRUG","177 mL in 1 BOTTLE, PLASTIC (21130-014-06)","Histamine H1 Receptor Antagonists [MoA],  Histamine-1 Receptor Antagonist [EPC]","N/A","No","12/31/2026"
"EZ Nite Sleep","21130-014-12","50 mg/30mL","LIQUID","ORAL","M012","Safeway, Inc.","21130-014","Diphenhydramine HCl","DIPHENHYDRAMINE HYDROCHLORIDE","HUMAN OTC DRUG","06/30/2015","N/A","OTC MONOGRAPH DRUG","355 mL in 1 BOTTLE, PLASTIC (21130-014-12)","Histamine H1 Receptor Antagonists [MoA],  Histamine-1 Receptor Antagonist [EPC]","N/A","No","12/31/2026"
"EZ Nite Sleep","21130-014-24","50 mg/30mL","LIQUID","ORAL","M012","Safeway, Inc.","21130-014","Diphenhydramine HCl","DIPHENHYDRAMINE HYDROCHLORIDE","HUMAN OTC DRUG","06/30/2015","N/A","OTC MONOGRAPH DRUG","2 BOTTLE, PLASTIC in 1 PACKAGE, COMBINATION (21130-014-24)  / 355 mL in 1 BOTTLE, PLASTIC","Histamine H1 Receptor Antagonists [MoA],  Histamine-1 Receptor Antagonist [EPC]","N/A","No","12/31/2026"
"Acetaminophen PM Extra Strength","41163-228-50","500 mg/1,  25 mg/1","TABLET, COATED","ORAL","M012","United Natural Foods, Inc. dba UNFI","41163-228","Acetaminophen, Diphenhydramine HCl","ACETAMINOPHEN,  DIPHENHYDRAMINE HYDROCHLORIDE","HUMAN OTC DRUG","08/29/2014","N/A","OTC MONOGRAPH DRUG","1 BOTTLE, PLASTIC in 1 BOX (41163-228-50)  / 50 TABLET, COATED in 1 BOTTLE, PLASTIC","Histamine H1 Receptor Antagonists [MoA],  Histamine-1 Receptor Antagonist [EPC]","N/A","No","12/31/2026"
"PANADOL PM","0135-0608-01","500 mg/1,  25 mg/1","TABLET, FILM COATED","ORAL","M013","Haleon US Holdings LLC","0135-0608","acetaminophen and diphenhydramine HCl","ACETAMINOPHEN,  DIPHENHYDRAMINE HYDROCHLORIDE","HUMAN OTC DRUG","12/01/2016","N/A","OTC MONOGRAPH DRUG","1 BOTTLE in 1 CARTON (0135-0608-01)  / 24 TABLET, FILM COATED in 1 BOTTLE","Histamine H1 Receptor Antagonists [MoA],  Histamine-1 Receptor Antagonist [EPC]","N/A","No","12/31/2026"
"PANADOL PM","0135-0608-02","500 mg/1,  25 mg/1","TABLET, FILM COATED","ORAL","M013","Haleon US Holdings LLC","0135-0608","acetaminophen and diphenhydramine HCl","ACETAMINOPHEN,  DIPHENHYDRAMINE HYDROCHLORIDE","HUMAN OTC DRUG","12/01/2016","N/A","OTC MONOGRAPH DRUG","1 BOTTLE in 1 CARTON (0135-0608-02)  / 50 TABLET, FILM COATED in 1 BOTTLE","Histamine H1 Receptor Antagonists [MoA],  Histamine-1 Receptor Antagonist [EPC]","N/A","No","12/31/2026"
"PANADOL PM","0135-0608-03","500 mg/1,  25 mg/1","TABLET, FILM COATED","ORAL","M013","Haleon US Holdings LLC","0135-0608","acetaminophen and diphenhydramine HCl","ACETAMINOPHEN,  DIPHENHYDRAMINE HYDROCHLORIDE","HUMAN OTC DRUG","12/01/2016","N/A","OTC MONOGRAPH DRUG","50 PACKET in 1 CARTON (0135-0608-03)  / 2 TABLET, FILM COATED in 1 PACKET (0135-0608-04)","Histamine H1 Receptor Antagonists [MoA],  Histamine-1 Receptor Antagonist [EPC]","N/A","No","12/31/2026"
"Allergy Relief","46122-440-62","25 mg/1","CAPSULE","ORAL","M012","Amerisource Bergen","46122-440","Diphenhydramine HCl","DIPHENHYDRAMINE HYDROCHLORIDE","HUMAN OTC DRUG","03/15/1990","N/A","OTC MONOGRAPH DRUG","2 BLISTER PACK in 1 CARTON (46122-440-62)  / 12 CAPSULE in 1 BLISTER PACK","Histamine H1 Receptor Antagonists [MoA],  Histamine-1 Receptor Antagonist [EPC]","N/A","No","12/31/2026"
"Allergy Relief","46122-440-78","25 mg/1","CAPSULE","ORAL","M012","Amerisource Bergen","46122-440","Diphenhydramine HCl","DIPHENHYDRAMINE HYDROCHLORIDE","HUMAN OTC DRUG","03/15/1990","N/A","OTC MONOGRAPH DRUG","1 BOTTLE, PLASTIC in 1 CARTON (46122-440-78)  / 100 CAPSULE in 1 BOTTLE, PLASTIC","Histamine H1 Receptor Antagonists [MoA],  Histamine-1 Receptor Antagonist [EPC]","N/A","No","12/31/2026"
"Ibuprofen and Diphenhydramine Citrate","55111-565-05","200 mg/1,  38 mg/1","TABLET","ORAL","ANDA090619","Dr. Reddy's Laboratories Limited","55111-565","Ibuprofen and Diphenhydramine Citrate","IBUPROFEN,  DIPHENHYDRAMINE CITRATE","HUMAN OTC DRUG","01/31/2010","N/A","ANDA","1 BOTTLE in 1 CARTON (55111-565-05)  / 500 TABLET in 1 BOTTLE","Anti-Inflammatory Agents,  Non-Steroidal [CS],  Cyclooxygenase Inhibitors [MoA],  Histamine H1 Receptor Antagonists [MoA],  Histamine-1 Receptor Antagonist [EPC],  Nonsteroidal Anti-inflammatory Drug [EPC]","N/A","No","12/31/2026"
"Ibuprofen and Diphenhydramine Citrate","55111-565-14","200 mg/1,  38 mg/1","TABLET","ORAL","ANDA090619","Dr. Reddy's Laboratories Limited","55111-565","Ibuprofen and Diphenhydramine Citrate","IBUPROFEN,  DIPHENHYDRAMINE CITRATE","HUMAN OTC DRUG","01/31/2010","N/A","ANDA","1 BOTTLE in 1 CARTON (55111-565-14)  / 20 TABLET in 1 BOTTLE","Anti-Inflammatory Agents,  Non-Steroidal [CS],  Cyclooxygenase Inhibitors [MoA],  Histamine H1 Receptor Antagonists [MoA],  Histamine-1 Receptor Antagonist [EPC],  Nonsteroidal Anti-inflammatory Drug [EPC]","N/A","No","12/31/2026"
"Ibuprofen and Diphenhydramine Citrate","55111-565-18","200 mg/1,  38 mg/1","TABLET","ORAL","ANDA090619","Dr. Reddy's Laboratories Limited","55111-565","Ibuprofen and Diphenhydramine Citrate","IBUPROFEN,  DIPHENHYDRAMINE CITRATE","HUMAN OTC DRUG","01/31/2010","N/A","ANDA","1 BOTTLE in 1 CARTON (55111-565-18)  / 180 TABLET in 1 BOTTLE","Anti-Inflammatory Agents,  Non-Steroidal [CS],  Cyclooxygenase Inhibitors [MoA],  Histamine H1 Receptor Antagonists [MoA],  Histamine-1 Receptor Antagonist [EPC],  Nonsteroidal Anti-inflammatory Drug [EPC]","N/A","No","12/31/2026"
"Ibuprofen and Diphenhydramine Citrate","55111-565-30","200 mg/1,  38 mg/1","TABLET","ORAL","ANDA090619","Dr. Reddy's Laboratories Limited","55111-565","Ibuprofen and Diphenhydramine Citrate","IBUPROFEN,  DIPHENHYDRAMINE CITRATE","HUMAN OTC DRUG","01/31/2010","N/A","ANDA","1 BOTTLE in 1 CARTON (55111-565-30)  / 30 TABLET in 1 BOTTLE","Anti-Inflammatory Agents,  Non-Steroidal [CS],  Cyclooxygenase Inhibitors [MoA],  Histamine H1 Receptor Antagonists [MoA],  Histamine-1 Receptor Antagonist [EPC],  Nonsteroidal Anti-inflammatory Drug [EPC]","N/A","No","12/31/2026"
"Ibuprofen and Diphenhydramine Citrate","55111-565-40","200 mg/1,  38 mg/1","TABLET","ORAL","ANDA090619","Dr. Reddy's Laboratories Limited","55111-565","Ibuprofen and Diphenhydramine Citrate","IBUPROFEN,  DIPHENHYDRAMINE CITRATE","HUMAN OTC DRUG","01/31/2010","N/A","ANDA","1 BOTTLE in 1 CARTON (55111-565-40)  / 40 TABLET in 1 BOTTLE","Anti-Inflammatory Agents,  Non-Steroidal [CS],  Cyclooxygenase Inhibitors [MoA],  Histamine H1 Receptor Antagonists [MoA],  Histamine-1 Receptor Antagonist [EPC],  Nonsteroidal Anti-inflammatory Drug [EPC]","N/A","No","12/31/2026"
"Ibuprofen and Diphenhydramine Citrate","55111-565-80","200 mg/1,  38 mg/1","TABLET","ORAL","ANDA090619","Dr. Reddy's Laboratories Limited","55111-565","Ibuprofen and Diphenhydramine Citrate","IBUPROFEN,  DIPHENHYDRAMINE CITRATE","HUMAN OTC DRUG","01/31/2010","N/A","ANDA","1 BOTTLE in 1 CARTON (55111-565-80)  / 80 TABLET in 1 BOTTLE","Anti-Inflammatory Agents,  Non-Steroidal [CS],  Cyclooxygenase Inhibitors [MoA],  Histamine H1 Receptor Antagonists [MoA],  Histamine-1 Receptor Antagonist [EPC],  Nonsteroidal Anti-inflammatory Drug [EPC]","N/A","No","12/31/2026"
"Ibuprofen and Diphenhydramine Citrate","55111-565-90","200 mg/1,  38 mg/1","TABLET","ORAL","ANDA090619","Dr. Reddy's Laboratories Limited","55111-565","Ibuprofen and Diphenhydramine Citrate","IBUPROFEN,  DIPHENHYDRAMINE CITRATE","HUMAN OTC DRUG","01/31/2010","N/A","ANDA","1 BOTTLE in 1 CARTON (55111-565-90)  / 90 TABLET in 1 BOTTLE","Anti-Inflammatory Agents,  Non-Steroidal [CS],  Cyclooxygenase Inhibitors [MoA],  Histamine H1 Receptor Antagonists [MoA],  Histamine-1 Receptor Antagonist [EPC],  Nonsteroidal Anti-inflammatory Drug [EPC]","N/A","No","12/31/2026"
"Ibuprofen and Diphenhydramine Citrate","55111-565-92","200 mg/1,  38 mg/1","TABLET","ORAL","ANDA090619","Dr. Reddy's Laboratories Limited","55111-565","Ibuprofen and Diphenhydramine Citrate","IBUPROFEN,  DIPHENHYDRAMINE CITRATE","HUMAN OTC DRUG","01/31/2010","N/A","ANDA","2500 TABLET in 1 POUCH (55111-565-92)","Anti-Inflammatory Agents,  Non-Steroidal [CS],  Cyclooxygenase Inhibitors [MoA],  Histamine H1 Receptor Antagonists [MoA],  Histamine-1 Receptor Antagonist [EPC],  Nonsteroidal Anti-inflammatory Drug [EPC]","N/A","No","12/31/2026"
"Pain Reliever PM Extra Strength","0363-0760-10","500 mg/1,  25 mg/1","TABLET, COATED","ORAL","M012","Walgreens","0363-0760","Acetaminophen, Diphenhydramine HCl","ACETAMINOPHEN,  DIPHENHYDRAMINE HYDROCHLORIDE","HUMAN OTC DRUG","08/31/2015","12/28/2027","OTC MONOGRAPH DRUG","1 BOTTLE, PLASTIC in 1 BOX (0363-0760-10)  / 100 TABLET, COATED in 1 BOTTLE, PLASTIC","Histamine H1 Receptor Antagonists [MoA],  Histamine-1 Receptor Antagonist [EPC]","N/A","No","N/A"
"Pain Reliever PM Extra Strength","0363-0760-50","500 mg/1,  25 mg/1","TABLET, COATED","ORAL","M012","Walgreens","0363-0760","Acetaminophen, Diphenhydramine HCl","ACETAMINOPHEN,  DIPHENHYDRAMINE HYDROCHLORIDE","HUMAN OTC DRUG","08/31/2015","12/28/2027","OTC MONOGRAPH DRUG","1 BOTTLE, PLASTIC in 1 BOX (0363-0760-50)  / 50 TABLET, COATED in 1 BOTTLE, PLASTIC","Histamine H1 Receptor Antagonists [MoA],  Histamine-1 Receptor Antagonist [EPC]","N/A","No","N/A"
"Extra Strength Acetaminophen PM","68391-430-50","500 mg/1,  25 mg/1","TABLET","ORAL","M013","BJWC (Berkley & Jensen / BJ's)","68391-430","Acetaminophen, Diphenhydramine","ACETAMINOPHEN,  DIPHENHYDRAMINE HYDROCHLORIDE","HUMAN OTC DRUG","09/01/2025","N/A","OTC MONOGRAPH DRUG","500 TABLET in 1 BOTTLE (68391-430-50)","Histamine H1 Receptor Antagonists [MoA],  Histamine-1 Receptor Antagonist [EPC]","N/A","No","12/31/2026"
"Diphenhydramine HCl Oral Solution","81033-029-16","12.5 mg/5mL","SOLUTION","ORAL","M012","Kesin Pharma Corporation","81033-029","Diphenhydramine HCl Oral Solution","DIPHENHYDRAMINE HCL","HUMAN OTC DRUG","03/04/2025","N/A","OTC MONOGRAPH DRUG","473 mL in 1 BOTTLE (81033-029-16)","Histamine H1 Receptor Antagonists [MoA],  Histamine-1 Receptor Antagonist [EPC]","N/A","No","12/31/2026"
"Diphenhydramine HCl","37835-519-12","50 mg/30mL","LIQUID","ORAL","M010","BI-MART","37835-519","Diphenhydramine HCl","DIPHENHYDRAMINE HCL","HUMAN OTC DRUG","05/01/2025","N/A","OTC MONOGRAPH DRUG","355 mL in 1 BOTTLE (37835-519-12)","Histamine H1 Receptor Antagonists [MoA],  Histamine-1 Receptor Antagonist [EPC]","N/A","No","12/31/2026"
"Topcare Ibuprofen PM","36800-050-27","38 mg/1,  200 mg/1","TABLET, FILM COATED","ORAL","ANDA079113","Topco Associates LLC","36800-050","diphenhydramine citrate and ibuprofen","DIPHENHYDRAMINE CITRATE,  IBUPROFEN","HUMAN OTC DRUG","02/24/2009","N/A","ANDA","1 BOTTLE in 1 CARTON (36800-050-27)  / 80 TABLET, FILM COATED in 1 BOTTLE","Anti-Inflammatory Agents,  Non-Steroidal [CS],  Cyclooxygenase Inhibitors [MoA],  Histamine H1 Receptor Antagonists [MoA],  Histamine-1 Receptor Antagonist [EPC],  Nonsteroidal Anti-inflammatory Drug [EPC]","N/A","No","12/31/2026"
"Topcare Ibuprofen PM","36800-050-58","38 mg/1,  200 mg/1","TABLET, FILM COATED","ORAL","ANDA079113","Topco Associates LLC","36800-050","diphenhydramine citrate and ibuprofen","DIPHENHYDRAMINE CITRATE,  IBUPROFEN","HUMAN OTC DRUG","02/18/2009","N/A","ANDA","1 BOTTLE in 1 CARTON (36800-050-58)  / 40 TABLET, FILM COATED in 1 BOTTLE","Anti-Inflammatory Agents,  Non-Steroidal [CS],  Cyclooxygenase Inhibitors [MoA],  Histamine H1 Receptor Antagonists [MoA],  Histamine-1 Receptor Antagonist [EPC],  Nonsteroidal Anti-inflammatory Drug [EPC]","N/A","No","12/31/2026"
"Topcare Ibuprofen PM","36800-050-60","38 mg/1,  200 mg/1","TABLET, FILM COATED","ORAL","ANDA079113","Topco Associates LLC","36800-050","diphenhydramine citrate and ibuprofen","DIPHENHYDRAMINE CITRATE,  IBUPROFEN","HUMAN OTC DRUG","02/19/2009","N/A","ANDA","1 BOTTLE in 1 CARTON (36800-050-60)  / 20 TABLET, FILM COATED in 1 BOTTLE","Anti-Inflammatory Agents,  Non-Steroidal [CS],  Cyclooxygenase Inhibitors [MoA],  Histamine H1 Receptor Antagonists [MoA],  Histamine-1 Receptor Antagonist [EPC],  Nonsteroidal Anti-inflammatory Drug [EPC]","N/A","No","12/31/2026"
"THERAFLU SEVERE COLD RELIEF NIGHTTIME","50269-101-06","650 mg/1,  25 mg/1","POWDER, FOR SOLUTION","ORAL","M012","JC World Bell Wholesale Co., Inc.","50269-101","ACETAMINOPHEN, DIPHENHYDRAMINE HYDROCHLORIDE","ACETAMINOPHEN,  DIPHENHYDRAMINE HYDROCHLORIDE","HUMAN OTC DRUG","12/01/2023","N/A","OTC MONOGRAPH DRUG","20 PACKET in 1 BOX (50269-101-06)  / 1 POWDER, FOR SOLUTION in 1 PACKET","Histamine H1 Receptor Antagonists [MoA],  Histamine-1 Receptor Antagonist [EPC]","N/A","No","12/31/2026"
"Ibuprofen 200 mg and Diphenhydramine Citrate 38 mg","63548-0197-2","200 mg/1,  38 mg/1","TABLET","ORAL","ANDA211404","PLD Acquisitions LLC DBA Avma Pharma Solutions","63548-0197","Ibuprofen, Diphenhydramine Citrate","IBUPROFEN,  DIPHENHYDRAMINE CITRATE","HUMAN OTC DRUG","04/11/2024","N/A","ANDA","1 BOTTLE, PLASTIC in 1 BOX (63548-0197-2)  / 20 TABLET in 1 BOTTLE, PLASTIC","Anti-Inflammatory Agents,  Non-Steroidal [CS],  Cyclooxygenase Inhibitors [MoA],  Histamine H1 Receptor Antagonists [MoA],  Histamine-1 Receptor Antagonist [EPC],  Nonsteroidal Anti-inflammatory Drug [EPC]","N/A","No","12/31/2026"
"Ibuprofen 200 mg and Diphenhydramine Citrate 38 mg","63548-0197-3","200 mg/1,  38 mg/1","TABLET","ORAL","ANDA211404","PLD Acquisitions LLC DBA Avma Pharma Solutions","63548-0197","Ibuprofen, Diphenhydramine Citrate","IBUPROFEN,  DIPHENHYDRAMINE CITRATE","HUMAN OTC DRUG","04/11/2024","N/A","ANDA","300 TABLET in 1 BOTTLE, PLASTIC (63548-0197-3)","Anti-Inflammatory Agents,  Non-Steroidal [CS],  Cyclooxygenase Inhibitors [MoA],  Histamine H1 Receptor Antagonists [MoA],  Histamine-1 Receptor Antagonist [EPC],  Nonsteroidal Anti-inflammatory Drug [EPC]","N/A","No","12/31/2026"
"Ibuprofen 200 mg and Diphenhydramine Citrate 38 mg","63548-0197-8","200 mg/1,  38 mg/1","TABLET","ORAL","ANDA211404","PLD Acquisitions LLC DBA Avma Pharma Solutions","63548-0197","Ibuprofen, Diphenhydramine Citrate","IBUPROFEN,  DIPHENHYDRAMINE CITRATE","HUMAN OTC DRUG","04/11/2024","N/A","ANDA","8 TABLET in 1 BOTTLE, PLASTIC (63548-0197-8)","Anti-Inflammatory Agents,  Non-Steroidal [CS],  Cyclooxygenase Inhibitors [MoA],  Histamine H1 Receptor Antagonists [MoA],  Histamine-1 Receptor Antagonist [EPC],  Nonsteroidal Anti-inflammatory Drug [EPC]","N/A","No","12/31/2026"
"Allergy Relief","69842-685-44","25 mg/1","TABLET, CHEWABLE","ORAL","M012","CVS PHARMACY","69842-685","Diphenhydramine HCl","DIPHENHYDRAMINE HYDROCHLORIDE","HUMAN OTC DRUG","05/31/2018","08/31/2026","OTC MONOGRAPH DRUG","3 BLISTER PACK in 1 CARTON (69842-685-44)  / 6 TABLET, CHEWABLE in 1 BLISTER PACK","Histamine H1 Receptor Antagonists [MoA],  Histamine-1 Receptor Antagonist [EPC]","N/A","No","N/A"
"Allergy Relief","49035-901-08","25 mg/1","CAPSULE","ORAL","M012","Wal-Mart Stores Inc","49035-901","Diphenhydramine HCl","DIPHENHYDRAMINE HYDROCHLORIDE","HUMAN OTC DRUG","03/15/1990","N/A","OTC MONOGRAPH DRUG","2 BLISTER PACK in 1 CARTON (49035-901-08)  / 12 CAPSULE in 1 BLISTER PACK","Histamine H1 Receptor Antagonists [MoA],  Histamine-1 Receptor Antagonist [EPC]","N/A","No","12/31/2027"
"Allergy Relief","49035-901-12","25 mg/1","CAPSULE","ORAL","M012","Wal-Mart Stores Inc","49035-901","Diphenhydramine HCl","DIPHENHYDRAMINE HYDROCHLORIDE","HUMAN OTC DRUG","03/15/1990","N/A","OTC MONOGRAPH DRUG","1 BOTTLE, PLASTIC in 1 CARTON (49035-901-12)  / 100 CAPSULE in 1 BOTTLE, PLASTIC","Histamine H1 Receptor Antagonists [MoA],  Histamine-1 Receptor Antagonist [EPC]","N/A","No","12/31/2027"
"Allergy Relief","49035-901-42","25 mg/1","CAPSULE","ORAL","M012","Wal-Mart Stores Inc","49035-901","Diphenhydramine HCl","DIPHENHYDRAMINE HYDROCHLORIDE","HUMAN OTC DRUG","03/15/1990","N/A","OTC MONOGRAPH DRUG","12 CAPSULE in 1 BLISTER PACK (49035-901-42)","Histamine H1 Receptor Antagonists [MoA],  Histamine-1 Receptor Antagonist [EPC]","N/A","No","12/31/2027"
"Allergy Relief","46122-441-62","25 mg/1","TABLET, FILM COATED","ORAL","M012","Amerisource Bergen","46122-441","Diphenhydramine HCl","DIPHENHYDRAMINE HYDROCHLORIDE","HUMAN OTC DRUG","03/02/1990","N/A","OTC MONOGRAPH DRUG","2 BLISTER PACK in 1 CARTON (46122-441-62)  / 12 TABLET, FILM COATED in 1 BLISTER PACK","Histamine H1 Receptor Antagonists [MoA],  Histamine-1 Receptor Antagonist [EPC]","N/A","No","12/31/2026"
"diphenhydramine hydrochloride","51662-1674-1","25 mg/1","TABLET, FILM COATED","ORAL","M012","HF Acquisition Co LLC, DBA HealthFirst","51662-1674","diphenhydramine hydrochloride","DIPHENHYDRAMINE HYDROCHLORIDE","HUMAN OTC DRUG","01/01/2012","N/A","OTC MONOGRAPH DRUG","1 TABLET, FILM COATED in 1 PACKET (51662-1674-1)","Histamine H1 Receptor Antagonists [MoA],  Histamine-1 Receptor Antagonist [EPC]","N/A","No","12/31/2027"
"Discount Drug Mart Extra Strength Itch Stopping","53943-258-01","20 mg/g,  1 mg/g","CREAM","TOPICAL","M017","Discount Drug Mart","53943-258","Diphenhydramine hydrochloride and Zinc acetate","DIPHENHYDRAMINE HYDROCHLORIDE,  ZINC ACETATE","HUMAN OTC DRUG","03/17/2014","N/A","OTC MONOGRAPH DRUG","1 TUBE in 1 CARTON (53943-258-01)  / 28 g in 1 TUBE","Copper Absorption Inhibitor [EPC],  Decreased Copper Ion Absorption [PE],  Histamine H1 Receptor Antagonists [MoA],  Histamine-1 Receptor Antagonist [EPC]","N/A","No","12/31/2026"
"Itch stopping Cream","69396-150-01","2 g/100g,  .1 g/100g","CREAM","TOPICAL","M017","Trifecta Pharmaceuticals USA, LLC.","69396-150","Diphenhydramine hydrochloride 2%, zinc acetate 0.1%","DIPHENHYDRAMINE HYDROCHLORIDE,  ZINC ACETATE","HUMAN OTC DRUG","11/29/2023","N/A","OTC MONOGRAPH DRUG","1 TUBE in 1 BOX (69396-150-01)  / 28.3 g in 1 TUBE","Copper Absorption Inhibitor [EPC],  Decreased Copper Ion Absorption [PE],  Histamine H1 Receptor Antagonists [MoA],  Histamine-1 Receptor Antagonist [EPC]","N/A","No","12/31/2026"
"Benadryl Original Strength Itch Stopping","69968-0625-1","10 mg/g,  1 mg/g","CREAM","TOPICAL","M017","Kenvue Brands LLC","69968-0625","Diphenhydramine Hydrochloride and Zinc Acetate","DIPHENHYDRAMINE HYDROCHLORIDE,  ZINC ACETATE","HUMAN OTC DRUG","01/31/2020","N/A","OTC MONOGRAPH DRUG","1 TUBE in 1 CARTON (69968-0625-1)  / 28.3 g in 1 TUBE","Copper Absorption Inhibitor [EPC],  Decreased Copper Ion Absorption [PE],  Histamine H1 Receptor Antagonists [MoA],  Histamine-1 Receptor Antagonist [EPC]","N/A","No","12/31/2026"
"Allergy Relief childrens","79903-175-08","12.5 mg/5mL","SOLUTION","ORAL","M012","WALMART INC.","79903-175","Diphenhydramine HCl","DIPHENHYDRAMINE HYDROCHLORIDE","HUMAN OTC DRUG","06/08/2023","N/A","OTC MONOGRAPH DRUG","1 BOTTLE, PLASTIC in 1 CARTON (79903-175-08)  / 237 mL in 1 BOTTLE, PLASTIC (79903-175-99)","Histamine H1 Receptor Antagonists [MoA],  Histamine-1 Receptor Antagonist [EPC]","N/A","No","12/31/2027"
"up and up ibuprofen pm","11673-050-58","38 mg/1,  200 mg/1","TABLET, FILM COATED","ORAL","ANDA079113","Target Corporation","11673-050","diphenhydramine citrate and ibuprofen","DIPHENHYDRAMINE CITRATE,  IBUPROFEN","HUMAN OTC DRUG","07/24/2009","N/A","ANDA","1 BOTTLE in 1 CARTON (11673-050-58)  / 40 TABLET, FILM COATED in 1 BOTTLE","Anti-Inflammatory Agents,  Non-Steroidal [CS],  Cyclooxygenase Inhibitors [MoA],  Histamine H1 Receptor Antagonists [MoA],  Histamine-1 Receptor Antagonist [EPC],  Nonsteroidal Anti-inflammatory Drug [EPC]","N/A","No","12/31/2027"
"up and up ibuprofen pm","11673-050-60","38 mg/1,  200 mg/1","TABLET, FILM COATED","ORAL","ANDA079113","Target Corporation","11673-050","diphenhydramine citrate and ibuprofen","DIPHENHYDRAMINE CITRATE,  IBUPROFEN","HUMAN OTC DRUG","03/10/2026","N/A","ANDA","1 BOTTLE in 1 CARTON (11673-050-60)  / 20 TABLET, FILM COATED in 1 BOTTLE","Anti-Inflammatory Agents,  Non-Steroidal [CS],  Cyclooxygenase Inhibitors [MoA],  Histamine H1 Receptor Antagonists [MoA],  Histamine-1 Receptor Antagonist [EPC],  Nonsteroidal Anti-inflammatory Drug [EPC]","N/A","No","12/31/2027"
"up and up ibuprofen pm","11673-050-82","38 mg/1,  200 mg/1","TABLET, FILM COATED","ORAL","ANDA079113","Target Corporation","11673-050","diphenhydramine citrate and ibuprofen","DIPHENHYDRAMINE CITRATE,  IBUPROFEN","HUMAN OTC DRUG","01/27/2022","N/A","ANDA","200 TABLET, FILM COATED in 1 BOTTLE (11673-050-82)","Anti-Inflammatory Agents,  Non-Steroidal [CS],  Cyclooxygenase Inhibitors [MoA],  Histamine H1 Receptor Antagonists [MoA],  Histamine-1 Receptor Antagonist [EPC],  Nonsteroidal Anti-inflammatory Drug [EPC]","N/A","No","12/31/2027"
"Childrens Allergy","21130-025-04","12.5 mg/5mL","LIQUID","ORAL","M012","Safeway, Inc.","21130-025","Diphenhydramine Hydrochloride","DIPHENHYDRAMINE HYDROCHLORIDE","HUMAN OTC DRUG","02/03/2009","N/A","OTC MONOGRAPH DRUG","118 mL in 1 BOTTLE, PLASTIC (21130-025-04)","Histamine H1 Receptor Antagonists [MoA],  Histamine-1 Receptor Antagonist [EPC]","N/A","No","12/31/2026"
"Diphenhydramine HCL","50090-5716-0","25 mg/1","CAPSULE","ORAL","M012","A-S Medication Solutions","50090-5716","Diphenhydramine HCL","DIPHENHYDRAMINE HYDROCHLORIDE","HUMAN OTC DRUG","09/24/2021","N/A","OTC MONOGRAPH DRUG","30 CAPSULE in 1 BOTTLE (50090-5716-0)","Histamine H1 Receptor Antagonists [MoA],  Histamine-1 Receptor Antagonist [EPC]","N/A","No","12/31/2027"
"Diphenhydramine HCL","50090-5716-3","25 mg/1","CAPSULE","ORAL","M012","A-S Medication Solutions","50090-5716","Diphenhydramine HCL","DIPHENHYDRAMINE HYDROCHLORIDE","HUMAN OTC DRUG","07/02/2022","N/A","OTC MONOGRAPH DRUG","20 CAPSULE in 1 BOTTLE (50090-5716-3)","Histamine H1 Receptor Antagonists [MoA],  Histamine-1 Receptor Antagonist [EPC]","N/A","No","12/31/2027"
"Benadryl Ultra Tab","50269-226-54","25 mg/1","TABLET, FILM COATED","ORAL","M012","JC World Bell Wholesale Co., Inc.","50269-226","DIPHENHYDRAMINE HYDROCHLORIDE","DIPHENHYDRAMINE HYDROCHLORIDE","HUMAN OTC DRUG","08/16/2018","N/A","OTC MONOGRAPH DRUG","25 TABLET, FILM COATED in 1 BOX (50269-226-54)","Histamine H1 Receptor Antagonists [MoA],  Histamine-1 Receptor Antagonist [EPC]","N/A","No","12/31/2026"
"ValuRx Dye Free Allergy Relief","83059-0167-1","25 mg/1","CAPSULE, LIQUID FILLED","ORAL","M012","Shield Pharmaceuticals Corp","83059-0167","Diphenhydramine HCl 25 mg","DIPHENHYDRAMINE HYDROCHLORIDE","HUMAN OTC DRUG","08/04/2026","N/A","OTC MONOGRAPH DRUG","1 BLISTER PACK in 1 PACKAGE (83059-0167-1)  / 12 CAPSULE, LIQUID FILLED in 1 BLISTER PACK","Histamine H1 Receptor Antagonists [MoA],  Histamine-1 Receptor Antagonist [EPC]","N/A","No","12/31/2027"
"Discount Drug Mart Regular Strength Itch Stopping","53943-261-01","10 mg/g,  1 mg/g","CREAM","TOPICAL","part348","Discount Drug Mart","53943-261","Diphenhydramine hydrochloride, Zinc acetate","DIPHENHYDRAMINE HYDROCHLORIDE,  ZINC ACETATE","HUMAN OTC DRUG","03/17/2014","N/A","OTC MONOGRAPH NOT FINAL","1 TUBE in 1 CARTON (53943-261-01)  / 28 g in 1 TUBE","Copper Absorption Inhibitor [EPC],  Decreased Copper Ion Absorption [PE],  Histamine H1 Receptor Antagonists [MoA],  Histamine-1 Receptor Antagonist [EPC]","N/A","No","12/31/2026"
"Pain Reliever PM","54257-278-02","500 mg/1,  25 mg/1","TABLET","ORAL","M013","Magno-Humphries, Inc.","54257-278","ACETAMINOPHEN, DIPHENHYDRAMINE HYDROCHLORIDE","ACETAMINOPHEN,  DIPHENHYDRAMINE HYDROCHLORIDE","HUMAN OTC DRUG","01/24/2020","N/A","OTC MONOGRAPH DRUG","100 TABLET in 1 BOTTLE (54257-278-02)","Histamine H1 Receptor Antagonists [MoA],  Histamine-1 Receptor Antagonist [EPC]","N/A","No","12/31/2026"
"up and up Daytime Nighttime Childrens Multi Symptom Cold","82442-476-08","N/A","KIT","N/A","M012","Target Corporation","82442-476","Acetaminophen, Dextromethorphan Hydrobromide, Diphenhydramine Hydrochloride, Guaifenesin, and Phenylephrine Hydrochloride","N/A","HUMAN OTC DRUG","07/19/2024","N/A","OTC MONOGRAPH DRUG","1 KIT in 1 CARTON (82442-476-08)  *  118 mL in 1 BOTTLE (82442-469-04)  *  118 mL in 1 BOTTLE (82442-377-04)","N/A","N/A","No","12/31/2026"
"topcare anti itch","36800-622-64","2 g/100g,  .1 g/100g","CREAM","TOPICAL","M017","Topco Associates LLC","36800-622","diphenhydramine hydrochloride, zinc acetate","DIPHENHYDRAMINE HYDROCHLORIDE,  ZINC ACETATE","HUMAN OTC DRUG","04/08/2020","N/A","OTC MONOGRAPH DRUG","1 TUBE in 1 CARTON (36800-622-64)  / 28 g in 1 TUBE","Copper Absorption Inhibitor [EPC],  Decreased Copper Ion Absorption [PE],  Histamine H1 Receptor Antagonists [MoA],  Histamine-1 Receptor Antagonist [EPC]","N/A","No","12/31/2026"
"Diphenhydramine HCL","72789-532-20","50 mg/1","CAPSULE","ORAL","M012","PD-Rx Pharmaceuticals, Inc.","72789-532","Diphenhydramine HCL","DIPHENHYDRAMINE HYDROCHLORIDE","HUMAN OTC DRUG","11/13/2025","N/A","OTC MONOGRAPH DRUG","20 CAPSULE in 1 BOTTLE, PLASTIC (72789-532-20)","Histamine H1 Receptor Antagonists [MoA],  Histamine-1 Receptor Antagonist [EPC]","N/A","No","12/31/2026"
"Diphenhydramine HCL","72789-532-30","50 mg/1","CAPSULE","ORAL","M012","PD-Rx Pharmaceuticals, Inc.","72789-532","Diphenhydramine HCL","DIPHENHYDRAMINE HYDROCHLORIDE","HUMAN OTC DRUG","10/16/2025","N/A","OTC MONOGRAPH DRUG","30 CAPSULE in 1 BOTTLE, PLASTIC (72789-532-30)","Histamine H1 Receptor Antagonists [MoA],  Histamine-1 Receptor Antagonist [EPC]","N/A","No","12/31/2026"
"Ibuprofen PM","41250-285-15","200 mg/1,  25 mg/1","CAPSULE, LIQUID FILLED","ORAL","ANDA090397","MEIJER DISTRIBUTION INC.","41250-285","IBUPROFEN, DIPHENHYDRAMINE HCL","IBUPROFEN,  DIPHENHYDRAMINE HYDROCHLORIDE","HUMAN OTC DRUG","10/19/2022","N/A","ANDA","1 BOTTLE in 1 CARTON (41250-285-15)  / 40 CAPSULE, LIQUID FILLED in 1 BOTTLE","Anti-Inflammatory Agents,  Non-Steroidal [CS],  Cyclooxygenase Inhibitors [MoA],  Histamine H1 Receptor Antagonists [MoA],  Histamine-1 Receptor Antagonist [EPC],  Nonsteroidal Anti-inflammatory Drug [EPC]","N/A","No","12/31/2027"
"Ibuprofen PM","41250-285-22","200 mg/1,  25 mg/1","CAPSULE, LIQUID FILLED","ORAL","ANDA090397","MEIJER DISTRIBUTION INC.","41250-285","IBUPROFEN, DIPHENHYDRAMINE HCL","IBUPROFEN,  DIPHENHYDRAMINE HYDROCHLORIDE","HUMAN OTC DRUG","02/24/2021","N/A","ANDA","120 CAPSULE, LIQUID FILLED in 1 BOTTLE (41250-285-22)","Anti-Inflammatory Agents,  Non-Steroidal [CS],  Cyclooxygenase Inhibitors [MoA],  Histamine H1 Receptor Antagonists [MoA],  Histamine-1 Receptor Antagonist [EPC],  Nonsteroidal Anti-inflammatory Drug [EPC]","N/A","No","12/31/2027"
"DIPHENHYDRAMINE HYDROCHLORIDE","51662-1374-3","50 mg/mL","INJECTION, SOLUTION","INTRAMUSCULAR,  INTRAVENOUS","ANDA040466","HF Acquisition Co LLC, DBA HealthFirst","51662-1374","DIPHENHYDRAMINE HYDROCHLORIDE","DIPHENHYDRAMINE HYDROCHLORIDE","HUMAN PRESCRIPTION DRUG","08/01/2002","N/A","ANDA","25 POUCH in 1 BOX (51662-1374-3)  / 1 VIAL, SINGLE-DOSE in 1 POUCH (51662-1374-2)  / 1 mL in 1 VIAL, SINGLE-DOSE (51662-1374-1)","Histamine H1 Receptor Antagonists [MoA],  Histamine-1 Receptor Antagonist [EPC]","N/A","No","12/31/2027"
"Sleep Aid","55910-798-16","50 mg/1","CAPSULE","ORAL","M012","Dolgencorp, Inc. (DOLLAR GENERAL & REXALL)","55910-798","Diphenhydramine HCL","DIPHENHYDRAMINE HYDROCHLORIDE","HUMAN OTC DRUG","03/18/2021","07/28/2028","OTC MONOGRAPH DRUG","16 BLISTER PACK in 1 CARTON (55910-798-16)  / 1 CAPSULE in 1 BLISTER PACK","Histamine H1 Receptor Antagonists [MoA],  Histamine-1 Receptor Antagonist [EPC]","N/A","No","N/A"
"acetaminophen pm extra strength","68196-556-54","500 mg/1,  25 mg/1","TABLET, COATED","ORAL","M013","Sam's West Inc","68196-556","acetaminophen, diphenhydramine HCl","ACETAMINOPHEN,  DIPHENHYDRAMINE HYDROCHLORIDE","HUMAN OTC DRUG","12/17/2007","N/A","OTC MONOGRAPH DRUG","375 TABLET, COATED in 1 BOTTLE, PLASTIC (68196-556-54)","Histamine H1 Receptor Antagonists [MoA],  Histamine-1 Receptor Antagonist [EPC]","N/A","No","12/31/2026"
"leader anti itch","70000-0388-1","2 g/100g,  .1 g/100g","CREAM","TOPICAL","M017","Cardinal Health 110, LLC. dba Leader","70000-0388","Diphenhydramine Hydrochloride, Zinc Acetate","DIPHENHYDRAMINE HYDROCHLORIDE,  ZINC ACETATE","HUMAN OTC DRUG","12/13/2018","N/A","OTC MONOGRAPH DRUG","1 TUBE in 1 CARTON (70000-0388-1)  / 28 g in 1 TUBE","Copper Absorption Inhibitor [EPC],  Decreased Copper Ion Absorption [PE],  Histamine H1 Receptor Antagonists [MoA],  Histamine-1 Receptor Antagonist [EPC]","N/A","No","12/31/2026"
"Theraflu Severe Cold Relief Nighttime","0067-0105-08","650 mg/30mL,  25 mg/30mL","SYRUP","ORAL","M012","Haleon US Holdings LLC","0067-0105","Acetaminophen, Diphenhydramine HCl","ACETAMINOPHEN,  DIPHENHYDRAMINE HYDROCHLORIDE","HUMAN OTC DRUG","12/01/2023","N/A","OTC MONOGRAPH DRUG","245.5 mL in 1 BOTTLE (0067-0105-08)","Histamine H1 Receptor Antagonists [MoA],  Histamine-1 Receptor Antagonist [EPC]","N/A","No","12/31/2026"
"Anti-itch","11673-895-28","20 mg/g,  1 mg/g","CREAM","TOPICAL","M017","Target Corporation","11673-895","diphenhydramine hydrochloride and zinc acetate","DIPHENHYDRAMINE HYDROCHLORIDE,  ZINC ACETATE","HUMAN OTC DRUG","01/31/2024","N/A","OTC MONOGRAPH DRUG","1 TUBE in 1 CARTON (11673-895-28)  / 28 g in 1 TUBE","Copper Absorption Inhibitor [EPC],  Decreased Copper Ion Absorption [PE],  Histamine H1 Receptor Antagonists [MoA],  Histamine-1 Receptor Antagonist [EPC]","N/A","No","12/31/2026"
"Nighttime Sleep-Aid","42681-0051-1","50 mg/1","CAPSULE, LIQUID FILLED","ORAL","M010","Whole Foods Market, INC.","42681-0051","Diphenhydramine HCl","DIPHENHYDRAMINE HYDROCHLORIDE","HUMAN OTC DRUG","05/21/2025","N/A","OTC MONOGRAPH DRUG","1 BOTTLE in 1 CARTON (42681-0051-1)  / 32 CAPSULE, LIQUID FILLED in 1 BOTTLE","Histamine H1 Receptor Antagonists [MoA],  Histamine-1 Receptor Antagonist [EPC]","N/A","No","12/31/2026"
"CounterAct PM","54473-304-01","25 mg/1,  500 mg/1","TABLET","ORAL","part343","Melaleuca, Inc.","54473-304","Acetaminophen and Diphenhydramine","DIPHENHYDRAMINE HYDROCHLORIDE,  ACETAMINOPHEN","HUMAN OTC DRUG","05/02/2016","N/A","OTC MONOGRAPH NOT FINAL","1 BOTTLE in 1 BOX (54473-304-01)  / 50 TABLET in 1 BOTTLE (54473-304-50)","Histamine H1 Receptor Antagonists [MoA],  Histamine-1 Receptor Antagonist [EPC]","N/A","No","12/31/2026"
"Diphenhydramine Hydrochloride","55154-2344-0","25 mg/1","CAPSULE","ORAL","M012","Cardinal Health 107, LLC","55154-2344","Diphenhydramine Hydrochloride","DIPHENHYDRAMINE HYDROCHLORIDE","HUMAN OTC DRUG","04/14/2022","02/29/2028","OTC MONOGRAPH DRUG","10 BLISTER PACK in 1 BAG (55154-2344-0)  / 1 CAPSULE in 1 BLISTER PACK","Histamine H1 Receptor Antagonists [MoA],  Histamine-1 Receptor Antagonist [EPC]","N/A","No","N/A"
"Advil PM","66715-9633-3","200 mg/1,  38 mg/1","TABLET, COATED","ORAL","NDA021394","Lil' Drug Store Products, Inc.","66715-9633","Ibuprofen and Diphenhydramine citrate","IBUPROFEN,  DIPHENHYDRAMINE CITRATE","HUMAN OTC DRUG","04/19/2022","N/A","NDA","30 POUCH in 1 BOX, UNIT-DOSE (66715-9633-3)  / 2 TABLET, COATED in 1 POUCH","Anti-Inflammatory Agents,  Non-Steroidal [CS],  Cyclooxygenase Inhibitors [MoA],  Histamine H1 Receptor Antagonists [MoA],  Histamine-1 Receptor Antagonist [EPC],  Nonsteroidal Anti-inflammatory Drug [EPC]","N/A","No","12/31/2026"
"Acetaminophen and Diphenhydramine Hydrochloride","37835-537-01","500 mg/1,  25 mg/1","TABLET","ORAL","M013","Bi-Mart","37835-537","Acetaminophen and Diphenhydramine Hydrochloride","ACETAMINOPHEN,  DIPHENHYDRAMINE","HUMAN OTC DRUG","02/01/2025","N/A","OTC MONOGRAPH DRUG","100 TABLET in 1 BOTTLE (37835-537-01)","Histamine H1 Receptor Antagonists [MoA],  Histamine-1 Receptor Antagonist [EPC]","N/A","No","12/31/2026"
"Acetaminophen and Diphenhydramine Hydrochloride","37835-537-25","500 mg/1,  25 mg/1","TABLET","ORAL","M013","Bi-Mart","37835-537","Acetaminophen and Diphenhydramine Hydrochloride","ACETAMINOPHEN,  DIPHENHYDRAMINE","HUMAN OTC DRUG","02/01/2025","N/A","OTC MONOGRAPH DRUG","250 TABLET in 1 BOTTLE (37835-537-25)","Histamine H1 Receptor Antagonists [MoA],  Histamine-1 Receptor Antagonist [EPC]","N/A","No","12/31/2026"
"Allergy Relief","59779-923-03","25 mg/1","TABLET, FILM COATED","ORAL","M012","CVS Pharmacy","59779-923","Diphenhydramine HCl","DIPHENHYDRAMINE HYDROCHLORIDE","HUMAN OTC DRUG","03/02/1990","N/A","OTC MONOGRAPH DRUG","1 BOTTLE in 1 PACKAGE (59779-923-03)  / 10 TABLET, FILM COATED in 1 BOTTLE","Histamine H1 Receptor Antagonists [MoA],  Histamine-1 Receptor Antagonist [EPC]","N/A","No","12/31/2026"
"Allergy Relief","59779-923-08","25 mg/1","TABLET, FILM COATED","ORAL","M012","CVS Pharmacy","59779-923","Diphenhydramine HCl","DIPHENHYDRAMINE HYDROCHLORIDE","HUMAN OTC DRUG","03/02/1990","N/A","OTC MONOGRAPH DRUG","2 BLISTER PACK in 1 CARTON (59779-923-08)  / 12 TABLET, FILM COATED in 1 BLISTER PACK","Histamine H1 Receptor Antagonists [MoA],  Histamine-1 Receptor Antagonist [EPC]","N/A","No","12/31/2026"
"Allergy Relief","59779-923-12","25 mg/1","TABLET, FILM COATED","ORAL","M012","CVS Pharmacy","59779-923","Diphenhydramine HCl","DIPHENHYDRAMINE HYDROCHLORIDE","HUMAN OTC DRUG","03/02/1990","N/A","OTC MONOGRAPH DRUG","1 BOTTLE, PLASTIC in 1 CARTON (59779-923-12)  / 100 TABLET, FILM COATED in 1 BOTTLE, PLASTIC","Histamine H1 Receptor Antagonists [MoA],  Histamine-1 Receptor Antagonist [EPC]","N/A","No","12/31/2026"
"Allergy Relief","59779-923-22","25 mg/1","TABLET, FILM COATED","ORAL","M012","CVS Pharmacy","59779-923","Diphenhydramine HCl","DIPHENHYDRAMINE HYDROCHLORIDE","HUMAN OTC DRUG","03/02/1990","N/A","OTC MONOGRAPH DRUG","4 BLISTER PACK in 1 CARTON (59779-923-22)  / 12 TABLET, FILM COATED in 1 BLISTER PACK","Histamine H1 Receptor Antagonists [MoA],  Histamine-1 Receptor Antagonist [EPC]","N/A","No","12/31/2026"
"Allergy Relief","59779-923-51","25 mg/1","TABLET, FILM COATED","ORAL","M012","CVS Pharmacy","59779-923","Diphenhydramine HCl","DIPHENHYDRAMINE HYDROCHLORIDE","HUMAN OTC DRUG","03/02/1990","N/A","OTC MONOGRAPH DRUG","365 TABLET, FILM COATED in 1 BOTTLE (59779-923-51)","Histamine H1 Receptor Antagonists [MoA],  Histamine-1 Receptor Antagonist [EPC]","N/A","No","12/31/2026"
"Sleep Aid Maximum Strength","59726-760-29","50 mg/1","CAPSULE","ORAL","M012","P & L Development, LLC","59726-760","Diphenhydramine HCL","DIPHENHYDRAMINE HYDROCHLORIDE","HUMAN OTC DRUG","11/29/2019","N/A","OTC MONOGRAPH DRUG","2 BOTTLE, PLASTIC in 1 BOX (59726-760-29)  / 96 CAPSULE in 1 BOTTLE, PLASTIC","Histamine H1 Receptor Antagonists [MoA],  Histamine-1 Receptor Antagonist [EPC]","N/A","No","12/31/2026"
"Sleep Aid Maximum Strength","59726-760-64","50 mg/1","CAPSULE","ORAL","M012","P & L Development, LLC","59726-760","Diphenhydramine HCL","DIPHENHYDRAMINE HYDROCHLORIDE","HUMAN OTC DRUG","11/29/2019","N/A","OTC MONOGRAPH DRUG","1 BOTTLE, PLASTIC in 1 BOX (59726-760-64)  / 64 CAPSULE in 1 BOTTLE, PLASTIC","Histamine H1 Receptor Antagonists [MoA],  Histamine-1 Receptor Antagonist [EPC]","N/A","No","12/31/2026"
"Sleep Aid Maximum Strength","59726-760-92","50 mg/1","CAPSULE","ORAL","M012","P & L Development, LLC","59726-760","Diphenhydramine HCL","DIPHENHYDRAMINE HYDROCHLORIDE","HUMAN OTC DRUG","11/29/2019","N/A","OTC MONOGRAPH DRUG","96 CAPSULE in 1 BOTTLE, PLASTIC (59726-760-92)","Histamine H1 Receptor Antagonists [MoA],  Histamine-1 Receptor Antagonist [EPC]","N/A","No","12/31/2026"
"Nighttime Sleep-Aid","63941-604-17","50 mg/1","CAPSULE, LIQUID FILLED","ORAL","M010","VALU MERCHANDISERS COMPANY","63941-604","Diphenhydramine HCl","DIPHENHYDRAMINE HYDROCHLORIDE","HUMAN OTC DRUG","05/01/2024","N/A","OTC MONOGRAPH DRUG","1 BOTTLE in 1 CARTON (63941-604-17)  / 60 CAPSULE, LIQUID FILLED in 1 BOTTLE","Histamine H1 Receptor Antagonists [MoA],  Histamine-1 Receptor Antagonist [EPC]","N/A","No","12/31/2026"
"VICKS ZzzQuil NIGHTTIME SLEEP-AID Diphenhydramine HCl FREE OF","69423-795-12","50 mg/30mL","LIQUID","ORAL","M010","The Procter & Gamble Manufacturing Company","69423-795","Diphenhydramine Hydrochloride","DIPHENHYDRAMINE HYDROCHLORIDE","HUMAN OTC DRUG","04/19/2021","N/A","OTC MONOGRAPH DRUG","354 mL in 1 BOTTLE, PLASTIC (69423-795-12)","Histamine H1 Receptor Antagonists [MoA],  Histamine-1 Receptor Antagonist [EPC]","N/A","No","12/31/2026"
"foster and thrive childrens allergy relief","70677-1268-1","12.5 mg/5mL","SOLUTION","ORAL","M012","Strategic Sourcing Services LLC","70677-1268","Diphenhydramine Hydrochloride","DIPHENHYDRAMINE HYDROCHLORIDE","HUMAN OTC DRUG","11/15/2024","N/A","OTC MONOGRAPH DRUG","1 BOTTLE in 1 CARTON (70677-1268-1)  / 118 mL in 1 BOTTLE","Histamine H1 Receptor Antagonists [MoA],  Histamine-1 Receptor Antagonist [EPC]","N/A","No","12/31/2026"
"foster and thrive childrens allergy relief","70677-1268-2","12.5 mg/5mL","SOLUTION","ORAL","M012","Strategic Sourcing Services LLC","70677-1268","Diphenhydramine Hydrochloride","DIPHENHYDRAMINE HYDROCHLORIDE","HUMAN OTC DRUG","11/15/2024","N/A","OTC MONOGRAPH DRUG","1 BOTTLE in 1 CARTON (70677-1268-2)  / 237 mL in 1 BOTTLE","Histamine H1 Receptor Antagonists [MoA],  Histamine-1 Receptor Antagonist [EPC]","N/A","No","12/31/2026"
"ALLERGY RELIEF","72476-113-01","25 mg/1","CAPSULE","ORAL","M012","RETAIL BUSINESS SERVICES , LLC.","72476-113","DIPHENHYDRAMINE HYDROCHLORIDE","DIPHENHYDRAMINE HYDROCHLORIDE","HUMAN OTC DRUG","08/01/2020","N/A","OTC MONOGRAPH DRUG","2 BLISTER PACK in 1 CARTON (72476-113-01)  / 12 CAPSULE in 1 BLISTER PACK","Histamine H1 Receptor Antagonists [MoA],  Histamine-1 Receptor Antagonist [EPC]","N/A","No","12/31/2026"
"Sleep Aid","82442-530-32","50 mg/1","CAPSULE","ORAL","M010","TARGET Corporation","82442-530","Diphenhydramine HCl","DIPHENHYDRAMINE HYDROCHLORIDE","HUMAN OTC DRUG","09/19/2025","N/A","OTC MONOGRAPH DRUG","1 BOTTLE, PLASTIC in 1 BOX (82442-530-32)  / 32 CAPSULE in 1 BOTTLE, PLASTIC","Histamine H1 Receptor Antagonists [MoA],  Histamine-1 Receptor Antagonist [EPC]","N/A","No","12/31/2026"
"Sleep Aid","82442-530-60","50 mg/1","CAPSULE","ORAL","M010","TARGET Corporation","82442-530","Diphenhydramine HCl","DIPHENHYDRAMINE HYDROCHLORIDE","HUMAN OTC DRUG","09/19/2025","N/A","OTC MONOGRAPH DRUG","1 BOTTLE, PLASTIC in 1 BOX (82442-530-60)  / 60 CAPSULE in 1 BOTTLE, PLASTIC","Histamine H1 Receptor Antagonists [MoA],  Histamine-1 Receptor Antagonist [EPC]","N/A","No","12/31/2026"
"Acetaminophen PM Extra Strength","41520-956-09","500 mg/1,  25 mg/1","TABLET, COATED","ORAL","M013","FOODHOLD U.S.A., LLC","41520-956","Acetaminophen, Diphenhydramine HCl","ACETAMINOPHEN,  DIPHENHYDRAMINE HYDROCHLORIDE","HUMAN OTC DRUG","12/17/2007","N/A","OTC MONOGRAPH DRUG","1 BOTTLE, PLASTIC in 1 CARTON (41520-956-09)  / 20 TABLET, COATED in 1 BOTTLE, PLASTIC","Histamine H1 Receptor Antagonists [MoA],  Histamine-1 Receptor Antagonist [EPC]","N/A","No","12/31/2026"
"Acetaminophen PM Extra Strength","41520-956-31","500 mg/1,  25 mg/1","TABLET, COATED","ORAL","M013","FOODHOLD U.S.A., LLC","41520-956","Acetaminophen, Diphenhydramine HCl","ACETAMINOPHEN,  DIPHENHYDRAMINE HYDROCHLORIDE","HUMAN OTC DRUG","12/17/2007","N/A","OTC MONOGRAPH DRUG","1 BOTTLE, PLASTIC in 1 CARTON (41520-956-31)  / 80 TABLET, COATED in 1 BOTTLE, PLASTIC","Histamine H1 Receptor Antagonists [MoA],  Histamine-1 Receptor Antagonist [EPC]","N/A","No","12/31/2026"
"Allergy Relief","42681-0050-1","25 mg/1","CAPSULE, LIQUID FILLED","ORAL","M012","Whole Foods Market, INC.","42681-0050","Diphenhydramine HCl","DIPHENHYDRAMINE HYDROCHLORIDE","HUMAN OTC DRUG","02/27/2025","N/A","OTC MONOGRAPH DRUG","1 BOTTLE in 1 CARTON (42681-0050-1)  / 30 CAPSULE, LIQUID FILLED in 1 BOTTLE","Histamine H1 Receptor Antagonists [MoA],  Histamine-1 Receptor Antagonist [EPC]","N/A","No","12/31/2026"
"Nighttime Sleep Aid","68391-613-92","25 mg/1","CAPSULE, LIQUID FILLED","ORAL","M010","BJWC (Berkley & Jensen / BJ's)","68391-613","Diphenhydramine Hydrochloride","DIPHENHYDRAMINE HYDROCHLORIDE","HUMAN OTC DRUG","08/20/2025","N/A","OTC MONOGRAPH DRUG","16 BLISTER PACK in 1 CARTON (68391-613-92)  / 12 CAPSULE, LIQUID FILLED in 1 BLISTER PACK","Histamine H1 Receptor Antagonists [MoA],  Histamine-1 Receptor Antagonist [EPC]","N/A","No","12/31/2026"
"Allergy Plus Sinus Relief","11822-0485-8","25 mg/1,  10 mg/1","TABLET, FILM COATED","ORAL","M012","Rite Aid Corporation","11822-0485","Diphenhydramine HCl and Phenylephrine HCl","DIPHENHYDRAMINE HYDROCHLORIDE,  PHENYLEPHRINE HYDROCHLORIDE","HUMAN OTC DRUG","08/10/2005","N/A","OTC MONOGRAPH DRUG","2 BLISTER PACK in 1 CARTON (11822-0485-8)  / 12 TABLET, FILM COATED in 1 BLISTER PACK","Adrenergic alpha1-Agonists [MoA],  Histamine H1 Receptor Antagonists [MoA],  Histamine-1 Receptor Antagonist [EPC],  alpha-1 Adrenergic Agonist [EPC]","N/A","No","12/31/2027"
"Shopko Anti-Itch","37012-089-02","20 mg/g,  1 mg/g","CREAM","TOPICAL","M017","Shopko Stores Operating Co., LLC","37012-089","diphenhydramine hydrochloride and zinc acetate","DIPHENHYDRAMINE HYDROCHLORIDE,  ZINC ACETATE","HUMAN OTC DRUG","09/20/2005","N/A","OTC MONOGRAPH DRUG","1 TUBE in 1 CARTON (37012-089-02)  / 28.4 g in 1 TUBE","Copper Absorption Inhibitor [EPC],  Decreased Copper Ion Absorption [PE],  Histamine H1 Receptor Antagonists [MoA],  Histamine-1 Receptor Antagonist [EPC]","N/A","No","12/31/2026"
"pain relief pm","69452-264-22","200 mg/1,  25 mg/1","CAPSULE, LIQUID FILLED","ORAL","ANDA090397","Bionpharma Inc.","69452-264","IBUPROFEN, DIPHENHYDRAMINE HCL","IBUPROFEN,  DIPHENHYDRAMINE HYDROCHLORIDE","HUMAN OTC DRUG","05/01/2019","N/A","ANDA","120 CAPSULE, LIQUID FILLED in 1 BOTTLE (69452-264-22)","Anti-Inflammatory Agents,  Non-Steroidal [CS],  Cyclooxygenase Inhibitors [MoA],  Histamine H1 Receptor Antagonists [MoA],  Histamine-1 Receptor Antagonist [EPC],  Nonsteroidal Anti-inflammatory Drug [EPC]","N/A","No","12/31/2026"
"Childrens Allergy Relief","79903-189-20","12.5 mg/1","TABLET, CHEWABLE","ORAL","M012","WALMART INC.","79903-189","Diphenhydramine HCl","DIPHENHYDRAMINE HYDROCHLORIDE","HUMAN OTC DRUG","06/30/2023","N/A","OTC MONOGRAPH DRUG","4 BLISTER PACK in 1 CARTON (79903-189-20)  / 5 TABLET, CHEWABLE in 1 BLISTER PACK","Histamine H1 Receptor Antagonists [MoA],  Histamine-1 Receptor Antagonist [EPC]","N/A","No","12/31/2027"
"PhysiciansCare Allergy Antihistamine","0924-0056-01","25 mg/1","TABLET, FILM COATED","ORAL","M012","Acme United Corporation","0924-0056","Diphenhydramine Hydrochloride","DIPHENHYDRAMINE HYDROCHLORIDE","HUMAN OTC DRUG","11/01/2017","N/A","OTC MONOGRAPH DRUG","50 PACKET in 1 CARTON (0924-0056-01)  / 1 TABLET, FILM COATED in 1 PACKET","Histamine H1 Receptor Antagonists [MoA],  Histamine-1 Receptor Antagonist [EPC]","N/A","No","12/31/2026"
"good sense allergy","0113-0379-26","12.5 mg/5mL","SOLUTION","ORAL","M012","L. Perrigo Company","0113-0379","Diphenhydramine HCl","DIPHENHYDRAMINE HYDROCHLORIDE","HUMAN OTC DRUG","09/15/1989","N/A","OTC MONOGRAPH DRUG","1 BOTTLE in 1 CARTON (0113-0379-26)  / 118 mL in 1 BOTTLE","Histamine H1 Receptor Antagonists [MoA],  Histamine-1 Receptor Antagonist [EPC]","N/A","No","12/31/2027"
"good sense allergy","0113-0379-34","12.5 mg/5mL","SOLUTION","ORAL","M012","L. Perrigo Company","0113-0379","Diphenhydramine HCl","DIPHENHYDRAMINE HYDROCHLORIDE","HUMAN OTC DRUG","05/07/2026","N/A","OTC MONOGRAPH DRUG","1 BOTTLE in 1 CARTON (0113-0379-34)  / 237 mL in 1 BOTTLE (0113-0379-00)","Histamine H1 Receptor Antagonists [MoA],  Histamine-1 Receptor Antagonist [EPC]","N/A","No","12/31/2027"
"Benadryl Allergy","50269-528-00","25 mg/1","TABLET, FILM COATED","ORAL","M012","JC World Bell Wholesale Co., Inc.","50269-528","DIPHENHYDRAMINE HYDROCHLORIDE","DIPHENHYDRAMINE HYDROCHLORIDE","HUMAN OTC DRUG","06/04/2012","N/A","OTC MONOGRAPH DRUG","2 POUCH in 1 BOX (50269-528-00)  / 20 TABLET, FILM COATED in 1 POUCH","Histamine H1 Receptor Antagonists [MoA],  Histamine-1 Receptor Antagonist [EPC]","N/A","No","12/31/2026"
"Benadryl","66715-9706-2","25 mg/1","TABLET, FILM COATED","ORAL","M012","Lil' Drug Store Products, Inc.","66715-9706","Diphenhydramine Hydrochloride","DIPHENHYDRAMINE HYDROCHLORIDE","HUMAN OTC DRUG","12/14/2018","N/A","OTC MONOGRAPH DRUG","2 POUCH in 1 CARTON (66715-9706-2)  / 2 TABLET, FILM COATED in 1 POUCH","Histamine H1 Receptor Antagonists [MoA],  Histamine-1 Receptor Antagonist [EPC]","N/A","No","12/31/2026"
"Benadryl","66715-9706-3","25 mg/1","TABLET, FILM COATED","ORAL","M012","Lil' Drug Store Products, Inc.","66715-9706","Diphenhydramine Hydrochloride","DIPHENHYDRAMINE HYDROCHLORIDE","HUMAN OTC DRUG","12/14/2018","N/A","OTC MONOGRAPH DRUG","3 POUCH in 1 CARTON (66715-9706-3)  / 2 TABLET, FILM COATED in 1 POUCH","Histamine H1 Receptor Antagonists [MoA],  Histamine-1 Receptor Antagonist [EPC]","N/A","No","12/31/2026"
"Extra Strength NiteTime Pain Relief","0363-0714-42","25 mg/1,  500 mg/1","TABLET","ORAL","M013","WALGREENS","0363-0714","Acetaminophen 500 mg,Diphenhydramine Hydrochloride 25 mg Tablet","DIPHENHYDRAMINE HYDROCHLORIDE,  ACETAMINOPHEN","HUMAN OTC DRUG","10/12/2021","N/A","OTC MONOGRAPH DRUG","1 BOTTLE in 1 CARTON (0363-0714-42)  / 24 TABLET in 1 BOTTLE","Histamine H1 Receptor Antagonists [MoA],  Histamine-1 Receptor Antagonist [EPC]","N/A","No","12/31/2026"
"Foster and Thrive Childrens Allergy Relief","70677-1012-1","12.5 mg/5mL","LIQUID","ORAL","M012","Strategic Sourcing Services LLC","70677-1012","Diphenhydramine HCl","DIPHENHYDRAMINE HYDROCHLORIDE","HUMAN OTC DRUG","04/12/2023","N/A","OTC MONOGRAPH DRUG","1 BOTTLE in 1 CARTON (70677-1012-1)  / 118 mL in 1 BOTTLE","Histamine H1 Receptor Antagonists [MoA],  Histamine-1 Receptor Antagonist [EPC]","N/A","No","12/31/2026"
"Foster and Thrive Childrens Allergy Relief","70677-1012-2","12.5 mg/5mL","LIQUID","ORAL","M012","Strategic Sourcing Services LLC","70677-1012","Diphenhydramine HCl","DIPHENHYDRAMINE HYDROCHLORIDE","HUMAN OTC DRUG","04/12/2023","N/A","OTC MONOGRAPH DRUG","1 BOTTLE in 1 CARTON (70677-1012-2)  / 236 mL in 1 BOTTLE","Histamine H1 Receptor Antagonists [MoA],  Histamine-1 Receptor Antagonist [EPC]","N/A","No","12/31/2026"
"TopCare health NIGHTTIME MAXIMUM STRENGTH Sleep Aid","76162-438-96","50 mg/1","CAPSULE, LIQUID FILLED","ORAL","M010","Topco Associates LLC","76162-438","Diphenhydramine hydrochloride","DIPHENHYDRAMINE HYDROCHLORIDE","HUMAN OTC DRUG","08/01/2025","N/A","OTC MONOGRAPH DRUG","96 CAPSULE, LIQUID FILLED in 1 BOTTLE (76162-438-96)","Histamine H1 Receptor Antagonists [MoA],  Histamine-1 Receptor Antagonist [EPC]","N/A","No","12/31/2026"
"TARGET CHILDRENS DT AND NT COLD and COUGH","82442-536-08","N/A","KIT","N/A","M012","TARGET CORPORATION","82442-536","Brompheniramine maleate,Dextromethorphan HBr,Phenylephrine HCl,Diphenhydramine HCl, Phenylephrine HCl","N/A","HUMAN OTC DRUG","06/14/2024","N/A","OTC MONOGRAPH DRUG","1 KIT in 1 KIT (82442-536-08)  *  118 mL in 1 BOTTLE, PLASTIC (82442-464-04)  *  118 mL in 1 BOTTLE, PLASTIC (82442-466-04)","N/A","N/A","No","12/31/2026"
"MEIJER Childrens Allergy Relief Chews","79481-0122-0","12.5 mg/1","TABLET, CHEWABLE","ORAL","M012","MEIJER DISTRIBUTION INC","79481-0122","Diphenhydramine HCl","DIPHENHYDRAMINE HYDROCHLORIDE","HUMAN OTC DRUG","02/09/2026","N/A","OTC MONOGRAPH DRUG","2 BLISTER PACK in 1 CARTON (79481-0122-0)  / 10 TABLET, CHEWABLE in 1 BLISTER PACK","Histamine H1 Receptor Antagonists [MoA],  Histamine-1 Receptor Antagonist [EPC]","N/A","No","12/31/2027"
"Sinus Relief Daytime, Nighttime","11822-5694-9","N/A","KIT","N/A","M012","Rite Aid Corporation","11822-5694","Acetaminophen, Diphenhydramine HCl, Guaifenesin, Phenylephrine HCl","N/A","HUMAN OTC DRUG","06/16/2017","N/A","OTC MONOGRAPH DRUG","1 KIT in 1 CARTON (11822-5694-9)  *  12 TABLET, FILM COATED in 1 BLISTER PACK *  8 TABLET, FILM COATED in 1 BLISTER PACK","N/A","N/A","No","12/31/2027"
"Sleep Aid Maximum Strength","59726-816-29","50 mg/1","CAPSULE","ORAL","M012","P & L Development, LLC","59726-816","Diphenhydramine HCL","DIPHENHYDRAMINE HYDROCHLORIDE","HUMAN OTC DRUG","11/29/2019","N/A","OTC MONOGRAPH DRUG","2 BOTTLE, PLASTIC in 1 BOX (59726-816-29)  / 96 CAPSULE in 1 BOTTLE, PLASTIC","Histamine H1 Receptor Antagonists [MoA],  Histamine-1 Receptor Antagonist [EPC]","N/A","No","12/31/2027"
"Sleep Aid Maximum Strength","59726-816-64","50 mg/1","CAPSULE","ORAL","M012","P & L Development, LLC","59726-816","Diphenhydramine HCL","DIPHENHYDRAMINE HYDROCHLORIDE","HUMAN OTC DRUG","11/29/2019","N/A","OTC MONOGRAPH DRUG","1 BOTTLE, PLASTIC in 1 BOX (59726-816-64)  / 64 CAPSULE in 1 BOTTLE, PLASTIC","Histamine H1 Receptor Antagonists [MoA],  Histamine-1 Receptor Antagonist [EPC]","N/A","No","12/31/2027"
"Sleep Aid Maximum Strength","59726-816-92","50 mg/1","CAPSULE","ORAL","M012","P & L Development, LLC","59726-816","Diphenhydramine HCL","DIPHENHYDRAMINE HYDROCHLORIDE","HUMAN OTC DRUG","11/29/2019","N/A","OTC MONOGRAPH DRUG","96 CAPSULE in 1 BOTTLE, PLASTIC (59726-816-92)","Histamine H1 Receptor Antagonists [MoA],  Histamine-1 Receptor Antagonist [EPC]","N/A","No","12/31/2027"
"Ibuprofen PM","79903-186-20","200 mg/1,  38 mg/1","TABLET, COATED","ORAL","ANDA211404","WALMART INC. (see also Equate)","79903-186","Diphenhydramine Citrate, Ibuprofen","IBUPROFEN,  DIPHENHYDRAMINE CITRATE","HUMAN OTC DRUG","06/08/2024","12/28/2027","ANDA","1 BOTTLE, PLASTIC in 1 BOX (79903-186-20)  / 20 TABLET, COATED in 1 BOTTLE, PLASTIC","Anti-Inflammatory Agents,  Non-Steroidal [CS],  Cyclooxygenase Inhibitors [MoA],  Histamine H1 Receptor Antagonists [MoA],  Histamine-1 Receptor Antagonist [EPC],  Nonsteroidal Anti-inflammatory Drug [EPC]","N/A","No","N/A"
"Ibuprofen PM","79903-186-80","200 mg/1,  38 mg/1","TABLET, COATED","ORAL","ANDA211404","WALMART INC. (see also Equate)","79903-186","Diphenhydramine Citrate, Ibuprofen","IBUPROFEN,  DIPHENHYDRAMINE CITRATE","HUMAN OTC DRUG","06/08/2024","12/28/2027","ANDA","1 BOTTLE, PLASTIC in 1 BOX (79903-186-80)  / 80 TABLET, COATED in 1 BOTTLE, PLASTIC","Anti-Inflammatory Agents,  Non-Steroidal [CS],  Cyclooxygenase Inhibitors [MoA],  Histamine H1 Receptor Antagonists [MoA],  Histamine-1 Receptor Antagonist [EPC],  Nonsteroidal Anti-inflammatory Drug [EPC]","N/A","No","N/A"
"Allergy Relief","41163-290-03","25 mg/1","TABLET, COATED","ORAL","M012","United Natural Foods, Inc. dba UNFI","41163-290","DIPHENHYDRAMINE HYDROCHLORIDE","DIPHENHYDRAMINE HYDROCHLORIDE","HUMAN OTC DRUG","12/01/2017","N/A","OTC MONOGRAPH DRUG","1 BOTTLE, PLASTIC in 1 CARTON (41163-290-03)  / 100 TABLET, COATED in 1 BOTTLE, PLASTIC","Histamine H1 Receptor Antagonists [MoA],  Histamine-1 Receptor Antagonist [EPC]","N/A","No","12/31/2026"
"ALLERGY RELIEF","49483-061-01","25 mg/1","TABLET, FILM COATED","ORAL","M012","TIME CAP LABORATORIES, INC","49483-061","DIPHENHYDRAMINE HYDROCHLORIDE","DIPHENHYDRAMINE HYDROCHLORIDE","HUMAN OTC DRUG","12/17/2018","N/A","OTC MONOGRAPH DRUG","100 TABLET, FILM COATED in 1 BOTTLE, PLASTIC (49483-061-01)","Histamine H1 Receptor Antagonists [MoA],  Histamine-1 Receptor Antagonist [EPC]","N/A","No","12/31/2026"
"ALLERGY RELIEF","49483-061-10","25 mg/1","TABLET, FILM COATED","ORAL","M012","TIME CAP LABORATORIES, INC","49483-061","DIPHENHYDRAMINE HYDROCHLORIDE","DIPHENHYDRAMINE HYDROCHLORIDE","HUMAN OTC DRUG","12/17/2018","N/A","OTC MONOGRAPH DRUG","1000 TABLET, FILM COATED in 1 BOTTLE, PLASTIC (49483-061-10)","Histamine H1 Receptor Antagonists [MoA],  Histamine-1 Receptor Antagonist [EPC]","N/A","No","12/31/2026"
"ALLERGY RELIEF","49483-061-42","25 mg/1","TABLET, FILM COATED","ORAL","M012","TIME CAP LABORATORIES, INC","49483-061","DIPHENHYDRAMINE HYDROCHLORIDE","DIPHENHYDRAMINE HYDROCHLORIDE","HUMAN OTC DRUG","07/30/2021","N/A","OTC MONOGRAPH DRUG","1 BOTTLE in 1 CARTON (49483-061-42)  / 24 TABLET, FILM COATED in 1 BOTTLE","Histamine H1 Receptor Antagonists [MoA],  Histamine-1 Receptor Antagonist [EPC]","N/A","No","12/31/2026"
"ALLERGY RELIEF","49483-061-62","25 mg/1","TABLET, FILM COATED","ORAL","M012","TIME CAP LABORATORIES, INC","49483-061","DIPHENHYDRAMINE HYDROCHLORIDE","DIPHENHYDRAMINE HYDROCHLORIDE","HUMAN OTC DRUG","05/01/2012","N/A","OTC MONOGRAPH DRUG","650 TABLET, FILM COATED in 1 BOTTLE (49483-061-62)","Histamine H1 Receptor Antagonists [MoA],  Histamine-1 Receptor Antagonist [EPC]","N/A","No","12/31/2026"
"ALLERGY RELIEF","49483-061-65","25 mg/1","TABLET, FILM COATED","ORAL","M012","TIME CAP LABORATORIES, INC","49483-061","DIPHENHYDRAMINE HYDROCHLORIDE","DIPHENHYDRAMINE HYDROCHLORIDE","HUMAN OTC DRUG","02/21/2022","N/A","OTC MONOGRAPH DRUG","365 TABLET, FILM COATED in 1 BOTTLE (49483-061-65)","Histamine H1 Receptor Antagonists [MoA],  Histamine-1 Receptor Antagonist [EPC]","N/A","No","12/31/2026"
