"Proprietary Name","NDC Package Code","Strength","Dosage Form","Route","Appl. No.","Labeler Name","Product NDC","Nonproprietary Name","Substance Name","Product Type Name","Start Marketing Date","End Marketing Date","Market Category","Package Description","Pharm Class","DEA","Sample Package","Listing Record Certified Through:"
"24-7 Life BY 7-ELEVEN Nighttime Cold and Flu","66715-6416-4","30 mg/30mL,                         650  mg/30mL,                         12.5  mg/30mL","SOLUTION","ORAL","M012","Lil' Drug Store products, Inc.","66715-6416","acetaminophen, dextromethorphan hbr, doxylamine succinate solution","ACETAMINOPHEN;  DEXTROMETHORPHAN HYDROBROMIDE;  DOXYLAMINE SUCCINATE","HUMAN OTC DRUG","04/19/2022","12/02/2028","OTC MONOGRAPH DRUG","355 mL in 1 BOTTLE, PLASTIC (66715-6416-4)","Antihistamine [EPC],  Histamine Receptor Antagonists [MoA],  Sigma-1 Agonist [EPC],  Sigma-1 Receptor Agonists [MoA],  Uncompetitive N-methyl-D-aspartate Receptor Antagonist [EPC],  Uncompetitive NMDA Receptor Antagonists [MoA]","N/A","No","N/A"
"Acetaminophen, Dextromethorphan HBr and Doxylamine Succinate","35916-0185-2","325 mg/1,                         6.25  mg/1,                         10  mg/1","CAPSULE, LIQUID FILLED","ORAL","M012","Softgel Healthcare Private Limited","35916-0185","Acetaminophen, Dextromethorphan HBr and Doxylamine Succinate","ACETAMINOPHEN;  DEXTROMETHORPHAN HYDROBROMIDE;  DOXYLAMINE SUCCINATE","HUMAN OTC DRUG","05/17/2025","N/A","OTC MONOGRAPH DRUG","3000 CAPSULE, LIQUID FILLED in 1 POUCH (35916-0185-2)","Antihistamine [EPC],  Histamine Receptor Antagonists [MoA],  Sigma-1 Agonist [EPC],  Sigma-1 Receptor Agonists [MoA],  Uncompetitive N-methyl-D-aspartate Receptor Antagonist [EPC],  Uncompetitive NMDA Receptor Antagonists [MoA]","N/A","No","12/31/2027"
"Acetaminophen, Dextromethorphan HBr and Doxylamine Succinate","35916-0185-4","325 mg/1,                         6.25  mg/1,                         10  mg/1","CAPSULE, LIQUID FILLED","ORAL","M012","Softgel Healthcare Private Limited","35916-0185","Acetaminophen, Dextromethorphan HBr and Doxylamine Succinate","ACETAMINOPHEN;  DEXTROMETHORPHAN HYDROBROMIDE;  DOXYLAMINE SUCCINATE","HUMAN OTC DRUG","01/16/2026","N/A","OTC MONOGRAPH DRUG","2 BAG in 1 BOX (35916-0185-4)  / 1500 CAPSULE, LIQUID FILLED in 1 BAG","Antihistamine [EPC],  Histamine Receptor Antagonists [MoA],  Sigma-1 Agonist [EPC],  Sigma-1 Receptor Agonists [MoA],  Uncompetitive N-methyl-D-aspartate Receptor Antagonist [EPC],  Uncompetitive NMDA Receptor Antagonists [MoA]","N/A","No","12/31/2027"
"Acetaminophen, Dextromethorphan HBr and Doxylamine Succinate","35916-0185-3","325 mg/1,                         6.25  mg/1,                         10  mg/1","CAPSULE, LIQUID FILLED","ORAL","M012","Softgel Healthcare Private Limited","35916-0185","Acetaminophen, Dextromethorphan HBr and Doxylamine Succinate","ACETAMINOPHEN;  DEXTROMETHORPHAN HYDROBROMIDE;  DOXYLAMINE SUCCINATE","HUMAN OTC DRUG","09/25/2025","N/A","OTC MONOGRAPH DRUG","2 POUCH in 1 BOX (35916-0185-3)  / 2000 CAPSULE, LIQUID FILLED in 1 POUCH","Antihistamine [EPC],  Histamine Receptor Antagonists [MoA],  Sigma-1 Agonist [EPC],  Sigma-1 Receptor Agonists [MoA],  Uncompetitive N-methyl-D-aspartate Receptor Antagonist [EPC],  Uncompetitive NMDA Receptor Antagonists [MoA]","N/A","No","12/31/2027"
"Acetaminophen, Dextromethorphan Hydrobromide and Doxylamine Succinate","35916-0154-1","325 mg/1,                         6.25  mg/1,                         15  mg/1","CAPSULE, LIQUID FILLED","ORAL","M012","Softgel Healthcare Private Limited","35916-0154","Acetaminophen, Dextromethorphan Hydrobromide and Doxylamine Succinate","ACETAMINOPHEN;  DEXTROMETHORPHAN HYDROBROMIDE;  DOXYLAMINE SUCCINATE","HUMAN OTC DRUG","09/27/2024","N/A","OTC MONOGRAPH DRUG","1 BLISTER PACK in 1 CARTON (35916-0154-1)  / 12 CAPSULE, LIQUID FILLED in 1 BLISTER PACK","Antihistamine [EPC],  Histamine Receptor Antagonists [MoA],  Sigma-1 Agonist [EPC],  Sigma-1 Receptor Agonists [MoA],  Uncompetitive N-methyl-D-aspartate Receptor Antagonist [EPC],  Uncompetitive NMDA Receptor Antagonists [MoA]","N/A","No","12/31/2027"
"Acetaminophen, Dextromethorphan Hydrobromide and Doxylamine Succinate","35916-0189-1","325 mg/1,                         10  mg/1,                         6.25  mg/1","CAPSULE, LIQUID FILLED","ORAL","M012","SOFTGEL HEALTHCARE PRIVATE LIMITED","35916-0189","Acetaminophen, Dextromethorphan Hydrobromide and Doxylamine Succinate","ACETAMINOPHEN;  DEXTROMETHORPHAN HYDROBROMIDE;  DOXYLAMINE SUCCINATE","HUMAN OTC DRUG","04/04/2025","N/A","OTC MONOGRAPH DRUG","1000 CAPSULE, LIQUID FILLED in 1 BAG (35916-0189-1)","Antihistamine [EPC],  Histamine Receptor Antagonists [MoA],  Sigma-1 Agonist [EPC],  Sigma-1 Receptor Agonists [MoA],  Uncompetitive N-methyl-D-aspartate Receptor Antagonist [EPC],  Uncompetitive NMDA Receptor Antagonists [MoA]","N/A","No","12/31/2027"
"Acetaminophen, Dextromethorphan Hydrobromide, Doxylamine Succinate and Phenylephrine Hydrochloride","35916-0167-1","325 mg/1,                         10  mg/1,                         5  mg/1,                         6.25  mg/1","CAPSULE, LIQUID FILLED","ORAL","M012","SOFTGEL HEALTHCARE PRIVATE LIMITED","35916-0167","Acetaminophen, Dextromethorphan Hydrobromide, Doxylamine Succinate and Phenylephrine Hydrochloride","ACETAMINOPHEN;  DEXTROMETHORPHAN HYDROBROMIDE;  DOXYLAMINE SUCCINATE;  PHENYLEPHRINE HYDROCHLORIDE","HUMAN OTC DRUG","08/22/2024","N/A","OTC MONOGRAPH DRUG","2 BLISTER PACK in 1 CARTON (35916-0167-1)  / 12 CAPSULE, LIQUID FILLED in 1 BLISTER PACK","Adrenergic alpha1-Agonists [MoA],  Antihistamine [EPC],  Histamine Receptor Antagonists [MoA],  Sigma-1 Agonist [EPC],  Sigma-1 Receptor Agonists [MoA],  Uncompetitive N-methyl-D-aspartate Receptor Antagonist [EPC],  Uncompetitive NMDA Receptor Antagonists [MoA],  alpha-1 Adrenergic Agonist [EPC]","N/A","No","12/31/2027"
"Acetaminophen, Dextromethorphan Hydrobromide, Doxylamine Succinate and Phenylephrine Hydrochloride","35916-0186-1","325 mg/1,                         10  mg/1,                         5  mg/1,                         6.25  mg/1","CAPSULE, LIQUID FILLED","ORAL","M012","Softgel Healthcare Pvt Ltd","35916-0186","Acetaminophen, Dextromethorphan Hydrobromide, Doxylamine Succinate and Phenylephrine Hydrochloride","ACETAMINOPHEN;  DEXTROMETHORPHAN HYDROBROMIDE;  DOXYLAMINE SUCCINATE;  PHENYLEPHRINE HYDROCHLORIDE","HUMAN OTC DRUG","06/11/2025","N/A","OTC MONOGRAPH DRUG","2 POUCH in 1 BOX (35916-0186-1)  / 3000 CAPSULE, LIQUID FILLED in 1 POUCH","Adrenergic alpha1-Agonists [MoA],  Antihistamine [EPC],  Histamine Receptor Antagonists [MoA],  Sigma-1 Agonist [EPC],  Sigma-1 Receptor Agonists [MoA],  Uncompetitive N-methyl-D-aspartate Receptor Antagonist [EPC],  Uncompetitive NMDA Receptor Antagonists [MoA],  alpha-1 Adrenergic Agonist [EPC]","N/A","No","12/31/2027"
"Acetaminophen, Dextromethorphan Hydrobromide, Doxylamine Succinate and Phenylephrine Hydrochloride","35916-0186-3","325 mg/1,                         10  mg/1,                         5  mg/1,                         6.25  mg/1","CAPSULE, LIQUID FILLED","ORAL","M012","Softgel Healthcare Pvt Ltd","35916-0186","Acetaminophen, Dextromethorphan Hydrobromide, Doxylamine Succinate and Phenylephrine Hydrochloride","ACETAMINOPHEN;  DEXTROMETHORPHAN HYDROBROMIDE;  DOXYLAMINE SUCCINATE;  PHENYLEPHRINE HYDROCHLORIDE","HUMAN OTC DRUG","01/12/2026","N/A","OTC MONOGRAPH DRUG","2 BAG in 1 BOX (35916-0186-3)  / 1500 CAPSULE, LIQUID FILLED in 1 BAG","Adrenergic alpha1-Agonists [MoA],  Antihistamine [EPC],  Histamine Receptor Antagonists [MoA],  Sigma-1 Agonist [EPC],  Sigma-1 Receptor Agonists [MoA],  Uncompetitive N-methyl-D-aspartate Receptor Antagonist [EPC],  Uncompetitive NMDA Receptor Antagonists [MoA],  alpha-1 Adrenergic Agonist [EPC]","N/A","No","12/31/2027"
"Acetaminophen, Dextromethorphan Hydrobromide, Doxylamine Succinate and Phenylephrine Hydrochloride","35916-0186-2","325 mg/1,                         10  mg/1,                         5  mg/1,                         6.25  mg/1","CAPSULE, LIQUID FILLED","ORAL","M012","Softgel Healthcare Pvt Ltd","35916-0186","Acetaminophen, Dextromethorphan Hydrobromide, Doxylamine Succinate and Phenylephrine Hydrochloride","ACETAMINOPHEN;  DEXTROMETHORPHAN HYDROBROMIDE;  DOXYLAMINE SUCCINATE;  PHENYLEPHRINE HYDROCHLORIDE","HUMAN OTC DRUG","09/25/2025","N/A","OTC MONOGRAPH DRUG","2 POUCH in 1 BOX (35916-0186-2)  / 2000 CAPSULE, LIQUID FILLED in 1 POUCH","Adrenergic alpha1-Agonists [MoA],  Antihistamine [EPC],  Histamine Receptor Antagonists [MoA],  Sigma-1 Agonist [EPC],  Sigma-1 Receptor Agonists [MoA],  Uncompetitive N-methyl-D-aspartate Receptor Antagonist [EPC],  Uncompetitive NMDA Receptor Antagonists [MoA],  alpha-1 Adrenergic Agonist [EPC]","N/A","No","12/31/2027"
"ALKA SELTZER COLD Cold and Allergy Maximum Strength Fast Gels","0280-8276-24","325 mg/1,                         10  mg/1,                         5  mg/1,                         6.25  mg/1","CAPSULE, LIQUID FILLED","ORAL","M012","Bayer HealthCare LLC.","0280-8276","Acetaminophen, Dextromethorphan hydrobromide , Doxylamine Succinate, Phenylephrine hydrochloride","ACETAMINOPHEN;  DEXTROMETHORPHAN HYDROBROMIDE;  DOXYLAMINE SUCCINATE;  PHENYLEPHRINE HYDROCHLORIDE","HUMAN OTC DRUG","06/01/2026","N/A","OTC MONOGRAPH DRUG","2 BLISTER PACK in 1 CARTON (0280-8276-24)  / 12 CAPSULE, LIQUID FILLED in 1 BLISTER PACK","Adrenergic alpha1-Agonists [MoA],  Antihistamine [EPC],  Histamine Receptor Antagonists [MoA],  Sigma-1 Agonist [EPC],  Sigma-1 Receptor Agonists [MoA],  Uncompetitive N-methyl-D-aspartate Receptor Antagonist [EPC],  Uncompetitive NMDA Receptor Antagonists [MoA],  alpha-1 Adrenergic Agonist [EPC]","N/A","No","12/31/2027"
"ALKA SELTZER COLD Cold and Allergy Maximum Strength Fast Gels","0280-8276-16","325 mg/1,                         10  mg/1,                         5  mg/1,                         6.25  mg/1","CAPSULE, LIQUID FILLED","ORAL","M012","Bayer HealthCare LLC.","0280-8276","Acetaminophen, Dextromethorphan hydrobromide , Doxylamine Succinate, Phenylephrine hydrochloride","ACETAMINOPHEN;  DEXTROMETHORPHAN HYDROBROMIDE;  DOXYLAMINE SUCCINATE;  PHENYLEPHRINE HYDROCHLORIDE","HUMAN OTC DRUG","06/01/2026","N/A","OTC MONOGRAPH DRUG","2 BLISTER PACK in 1 CARTON (0280-8276-16)  / 8 CAPSULE, LIQUID FILLED in 1 BLISTER PACK","Adrenergic alpha1-Agonists [MoA],  Antihistamine [EPC],  Histamine Receptor Antagonists [MoA],  Sigma-1 Agonist [EPC],  Sigma-1 Receptor Agonists [MoA],  Uncompetitive N-methyl-D-aspartate Receptor Antagonist [EPC],  Uncompetitive NMDA Receptor Antagonists [MoA],  alpha-1 Adrenergic Agonist [EPC]","N/A","No","12/31/2027"
"ALKA SELTZER COLD Cold and Flu plus Congestion Severe Fast Hot Liquid Night","0280-8272-06","650 mg/1,                         20  mg/1,                         12.5  mg/1,                         10  mg/1","POWDER, FOR SOLUTION","ORAL","M012","Bayer HealthCare LLC.","0280-8272","ACETAMINOPHEN, DEXTROMETHORPHAN HYDROBROMIDE, DOXYLAMINE SUCCINATE, and PHENYLEPHRINE HYDROCHLORIDE","ACETAMINOPHEN;  DEXTROMETHORPHAN HYDROBROMIDE;  DOXYLAMINE SUCCINATE;  PHENYLEPHRINE HYDROCHLORIDE","HUMAN OTC DRUG","06/01/2026","N/A","OTC MONOGRAPH DRUG","6 PACKET in 1 CARTON (0280-8272-06)  / 1 POWDER, FOR SOLUTION in 1 PACKET","Adrenergic alpha1-Agonists [MoA],  Antihistamine [EPC],  Histamine Receptor Antagonists [MoA],  Sigma-1 Agonist [EPC],  Sigma-1 Receptor Agonists [MoA],  Uncompetitive N-methyl-D-aspartate Receptor Antagonist [EPC],  Uncompetitive NMDA Receptor Antagonists [MoA],  alpha-1 Adrenergic Agonist [EPC]","N/A","No","12/31/2027"
"ALKA SELTZER COLD Cold and Flu Severe Day Night Fast Dissolve","0280-8287-24","","KIT","ORAL","M012","Bayer HealthCare LLC.","0280-8287","Aspirin, Dextromethorphan hydrobromide, Phenylephrine bitartrate, Doxylamine succinate","","HUMAN OTC DRUG","06/01/2026","N/A","OTC MONOGRAPH DRUG","1 KIT in 1 CARTON (0280-8287-24)  *  2 TABLET, EFFERVESCENT in 1 POUCH *  2 TABLET, EFFERVESCENT in 1 POUCH","N/A","N/A","No","12/31/2027"
"ALKA SELTZER COLD Cold and Sinus Maximum Strength Day Night Fast Gels","0280-8283-24","","KIT","","M012","Bayer HealthCare LLC.","0280-8283","Acetaminophen, Dextromethorphan hydrobromide, Phenylephrine hydrochloride, Doxylamine succinate","","HUMAN OTC DRUG","06/01/2026","N/A","OTC MONOGRAPH DRUG","1 KIT in 1 CARTON (0280-8283-24)  *  1 CAPSULE, LIQUID FILLED in 1 BLISTER PACK *  1 CAPSULE, LIQUID FILLED in 1 BLISTER PACK","N/A","N/A","No","12/31/2027"
"ALKA SELTZER COLD Cold Flu and Congestion Maximum Strength Day Night Fast Gels","0280-8288-24","","KIT","","M012","Bayer HealthCare LLC.","0280-8288","Acetaminophen, Dextromethorphan hydrobromide, Phenylephrine hydrochloride, Doxylamine succinate","","HUMAN OTC DRUG","06/01/2026","N/A","OTC MONOGRAPH DRUG","1 KIT in 1 CARTON (0280-8288-24)  *  1 CAPSULE, LIQUID FILLED in 1 BLISTER PACK *  1 CAPSULE, LIQUID FILLED in 1 BLISTER PACK *  1 CAPSULE, LIQUID FILLED in 1 BLISTER PACK *  1 CAPSULE, LIQUID FILLED in 1 BLISTER PACK","N/A","N/A","No","12/31/2027"
"ALKA SELTZER COLD Cold Flu and Congestion Maximum Strength Day Night Fast Gels","0280-8288-16","","KIT","","M012","Bayer HealthCare LLC.","0280-8288","Acetaminophen, Dextromethorphan hydrobromide, Phenylephrine hydrochloride, Doxylamine succinate","","HUMAN OTC DRUG","06/01/2026","N/A","OTC MONOGRAPH DRUG","1 KIT in 1 CARTON (0280-8288-16)  *  1 CAPSULE, LIQUID FILLED in 1 BLISTER PACK *  1 CAPSULE, LIQUID FILLED in 1 BLISTER PACK *  1 CAPSULE, LIQUID FILLED in 1 BLISTER PACK *  1 CAPSULE, LIQUID FILLED in 1 BLISTER PACK","N/A","N/A","No","12/31/2027"
"ALKA SELTZER COLD Cold Flu and Congestion Severe Night Fast Gels","0280-8282-24","5 mg/1,                         325  mg/1,                         10  mg/1,                         6.25  mg/1","CAPSULE, LIQUID FILLED","ORAL","M012","Bayer HealthCare LLC.","0280-8282","acetaminophen, dextromethorphan hydrobromide, doxylamine succinate, phenylephrine hydrochloride","ACETAMINOPHEN;  DEXTROMETHORPHAN HYDROBROMIDE;  DOXYLAMINE SUCCINATE;  PHENYLEPHRINE HYDROCHLORIDE","HUMAN OTC DRUG","06/01/2026","N/A","OTC MONOGRAPH DRUG","3 BLISTER PACK in 1 CARTON (0280-8282-24)  / 8 CAPSULE, LIQUID FILLED in 1 BLISTER PACK","Adrenergic alpha1-Agonists [MoA],  Antihistamine [EPC],  Histamine Receptor Antagonists [MoA],  Sigma-1 Agonist [EPC],  Sigma-1 Receptor Agonists [MoA],  Uncompetitive N-methyl-D-aspartate Receptor Antagonist [EPC],  Uncompetitive NMDA Receptor Antagonists [MoA],  alpha-1 Adrenergic Agonist [EPC]","N/A","No","12/31/2027"
"ALKA SELTZER COLD Cold Flu Congestion Severe Fast Hot Liquid Day Night","0280-8284-12","","KIT","","M012","Bayer HealthCare LLC.","0280-8284","Acetaminophen, Dextromethorphan hydrobromide, Guaifenesin, Phenylephrine hydrochloride, and Doxylamine succinate","","HUMAN OTC DRUG","06/01/2026","N/A","OTC MONOGRAPH DRUG","1 KIT in 1 CARTON (0280-8284-12)  *  1 POWDER, FOR SOLUTION in 1 PACKET *  1 POWDER, FOR SOLUTION in 1 PACKET","N/A","N/A","No","12/31/2027"
"ALKA SELTZER COLD Cold Mucus and Congestion Maximum Strength Day Night Fast Gels","0280-8286-24","","KIT","ORAL","M012","Bayer HealthCare, LLC.","0280-8286","acetaminophen, dextromethorphan hydrobromide, doxylamine succinate, guaifenesin, phenylephrine hydrochloride","","HUMAN OTC DRUG","06/01/2026","N/A","OTC MONOGRAPH DRUG","1 KIT in 1 CARTON (0280-8286-24)  *  1 CAPSULE, LIQUID FILLED in 1 BLISTER PACK *  2 CAPSULE, LIQUID FILLED in 1 BLISTER PACK *  1 CAPSULE, LIQUID FILLED in 1 BLISTER PACK *  1 CAPSULE, LIQUID FILLED in 1 BLISTER PACK","N/A","N/A","No","12/31/2027"
"ALKA SELTZER COLD Cold Mucus and Congestion Maximum Strength Day Night Fast Gels","0280-8286-16","","KIT","ORAL","M012","Bayer HealthCare, LLC.","0280-8286","acetaminophen, dextromethorphan hydrobromide, doxylamine succinate, guaifenesin, phenylephrine hydrochloride","","HUMAN OTC DRUG","06/01/2026","N/A","OTC MONOGRAPH DRUG","1 KIT in 1 CARTON (0280-8286-16)  *  1 CAPSULE, LIQUID FILLED in 1 BLISTER PACK *  2 CAPSULE, LIQUID FILLED in 1 BLISTER PACK *  1 CAPSULE, LIQUID FILLED in 1 BLISTER PACK *  1 CAPSULE, LIQUID FILLED in 1 BLISTER PACK","N/A","N/A","No","12/31/2027"
"Alka Seltzer Plus Maximum Strength Sinus, Allergy And Cough Power Max Gels","0280-0097-02","325 mg/1,                         10  mg/1,                         5  mg/1,                         6.25  mg/1","CAPSULE, LIQUID FILLED","ORAL","M012","Bayer HealthCare LLC.","0280-0097","Acetaminophen, Dextromethorphan hydrobromide , Doxylamine Succinate, Phenylephrine hydrochloride","ACETAMINOPHEN;  DEXTROMETHORPHAN HYDROBROMIDE;  DOXYLAMINE SUCCINATE;  PHENYLEPHRINE HYDROCHLORIDE","HUMAN OTC DRUG","08/25/2021","N/A","OTC MONOGRAPH DRUG","2 BLISTER PACK in 1 CARTON (0280-0097-02)  / 12 CAPSULE, LIQUID FILLED in 1 BLISTER PACK","Adrenergic alpha1-Agonists [MoA],  Antihistamine [EPC],  Histamine Receptor Antagonists [MoA],  Sigma-1 Agonist [EPC],  Sigma-1 Receptor Agonists [MoA],  Uncompetitive N-methyl-D-aspartate Receptor Antagonist [EPC],  Uncompetitive NMDA Receptor Antagonists [MoA],  alpha-1 Adrenergic Agonist [EPC]","N/A","No","12/31/2027"
"Alka Seltzer Plus Maximum Strength Sinus, Allergy And Cough Power Max Gels","0280-0097-01","325 mg/1,                         10  mg/1,                         5  mg/1,                         6.25  mg/1","CAPSULE, LIQUID FILLED","ORAL","M012","Bayer HealthCare LLC.","0280-0097","Acetaminophen, Dextromethorphan hydrobromide , Doxylamine Succinate, Phenylephrine hydrochloride","ACETAMINOPHEN;  DEXTROMETHORPHAN HYDROBROMIDE;  DOXYLAMINE SUCCINATE;  PHENYLEPHRINE HYDROCHLORIDE","HUMAN OTC DRUG","08/25/2021","N/A","OTC MONOGRAPH DRUG","2 BLISTER PACK in 1 CARTON (0280-0097-01)  / 8 CAPSULE, LIQUID FILLED in 1 BLISTER PACK","Adrenergic alpha1-Agonists [MoA],  Antihistamine [EPC],  Histamine Receptor Antagonists [MoA],  Sigma-1 Agonist [EPC],  Sigma-1 Receptor Agonists [MoA],  Uncompetitive N-methyl-D-aspartate Receptor Antagonist [EPC],  Uncompetitive NMDA Receptor Antagonists [MoA],  alpha-1 Adrenergic Agonist [EPC]","N/A","No","12/31/2027"
"Alka-Seltzer Plus Cold Day and Night","0280-1550-20","","KIT","ORAL","M012","Bayer HealthCare LLC.","0280-1550","Aspirin, Dextromethorphan hydrobromide, Phenylephrine bitartrate, Doxylamine succinate","","HUMAN OTC DRUG","09/14/2018","N/A","OTC MONOGRAPH DRUG","1 KIT in 1 CARTON (0280-1550-20)  *  6 POUCH in 1 CARTON / 2 TABLET, EFFERVESCENT in 1 POUCH *  4 POUCH in 1 CARTON / 2 TABLET, EFFERVESCENT in 1 POUCH","N/A","N/A","No","12/31/2026"
"Alka-Seltzer Plus Cold Day and Night PowerMax gels","0280-0098-01","","KIT","ORAL","M012","Bayer HealthCare LLC.","0280-0098","Acetaminophen, Dextromethorphan hydrobromide, Phenylephrine bitartrate, Doxylamine succinate","","HUMAN OTC DRUG","09/14/2018","N/A","OTC MONOGRAPH DRUG","1 KIT in 1 CARTON (0280-0098-01)  *  2 CAPSULE in 1 BLISTER PACK / 8 CAPSULE, LIQUID FILLED in 1 CAPSULE *  2 CAPSULE in 1 BLISTER PACK / 4 CAPSULE, LIQUID FILLED in 1 CAPSULE","N/A","N/A","No","12/31/2026"
"Alka-Seltzer Plus Cold Day and Night PowerMax gels","0280-0099-01","","KIT","ORAL","M012","Bayer HealthCare LLC.","0280-0099","Acetaminophen, Dextromethorphan hydrobromide, Phenylephrine bitartrate, Doxylamine succinate","","HUMAN OTC DRUG","09/14/2018","N/A","OTC MONOGRAPH DRUG","1 KIT in 1 CARTON (0280-0099-01)  *  2 CAPSULE in 1 BLISTER PACK / 8 CAPSULE, LIQUID FILLED in 1 CAPSULE *  2 CAPSULE in 1 BLISTER PACK / 4 CAPSULE, LIQUID FILLED in 1 CAPSULE","N/A","N/A","No","12/31/2026"
"Alka-Seltzer Plus Cold Night","0280-1545-20","500 mg/1,                         10  mg/1,                         6.25  mg/1,                         7.8  mg/1","TABLET, EFFERVESCENT","ORAL","M012","Bayer HealthCare LLC.","0280-1545","Aspirin, Dextromethorphan hydrobromide, Doxylamine succinate, Phenylephrine bitartrate","ASPIRIN;  DEXTROMETHORPHAN HYDROBROMIDE;  DOXYLAMINE SUCCINATE;  PHENYLEPHRINE BITARTRATE","HUMAN OTC DRUG","09/14/2018","N/A","OTC MONOGRAPH DRUG","10 POUCH in 1 CARTON (0280-1545-20)  / 2 TABLET, EFFERVESCENT in 1 POUCH","Adrenergic alpha1-Agonists [MoA],  Anti-Inflammatory Agents,  Non-Steroidal [CS],  Antihistamine [EPC],  Cyclooxygenase Inhibitors [MoA],  Decreased Platelet Aggregation [PE],  Decreased Prostaglandin Production [PE],  Histamine Receptor Antagonists [MoA],  Nonsteroidal Anti-inflammatory Drug [EPC],  Platelet Aggregation Inhibitor [EPC],  Sigma-1 Agonist [EPC],  Sigma-1 Receptor Agonists [MoA],  Uncompetitive N-methyl-D-aspartate Receptor Antagonist [EPC],  Uncompetitive NMDA Receptor Antagonists [MoA],  alpha-1 Adrenergic Agonist [EPC]","N/A","No","12/31/2026"
"Alka-Seltzer Plus Cough, Mucus and Congestion Day and Night Powermax","0280-0035-01","","KIT","ORAL","M012","Bayer HealthCare LLC.","0280-0035","acetaminophen, dextromethorphan hydrobromide, doxylamine succinate, guaifenesin, phenylephrine hydrochloride","","HUMAN OTC DRUG","06/01/2020","N/A","OTC MONOGRAPH DRUG","1 KIT in 1 CARTON (0280-0035-01)  *  3 CAPSULE, LIQUID FILLED in 1 BLISTER PACK *  3 CAPSULE, LIQUID FILLED in 1 BLISTER PACK","N/A","N/A","No","12/31/2026"
"Alka-Seltzer Plus Maximum Strength Cough, Mucus and Congestion Day and Night","0280-0062-01","","KIT","ORAL","M012","Bayer HealthCare, LLC.","0280-0062","acetaminophen, dextromethorphan hydrobromide, doxylamine succinate, guaifenesin, phenylephrine hydrochloride","","HUMAN OTC DRUG","06/01/2020","N/A","OTC MONOGRAPH DRUG","1 KIT in 1 CARTON (0280-0062-01)  *  2 CAPSULE, LIQUID FILLED in 1 BLISTER PACK *  2 CAPSULE, LIQUID FILLED in 1 BLISTER PACK","N/A","N/A","No","12/31/2026"
"Alka-Seltzer Plus Maximum Strength Day and Night Cold and Flu","0280-0040-01","","KIT","ORAL","M012","Bayer HealthCare LLC.","0280-0040","dextromethorphan hydrobromide, acetaminophen, phenylephrine hydrochloride, doxylamine succinate","","HUMAN OTC DRUG","10/26/2020","N/A","OTC MONOGRAPH DRUG","1 KIT in 1 CARTON (0280-0040-01)  *  12 CAPSULE, LIQUID FILLED in 1 BLISTER PACK *  8 CAPSULE, LIQUID FILLED in 1 BLISTER PACK","N/A","N/A","No","12/31/2026"
"Alka-Seltzer Plus Maximum Strength Day and Night Cold and Flu","0280-1580-20","","KIT","ORAL","M012","Bayer HealthCare LLC.","0280-1580","Acetaminophen, Dextromethorphan hydrobromide, Doxylamine succinate, Phenylephrine hydrochloride","","HUMAN OTC DRUG","05/22/2017","N/A","OTC MONOGRAPH DRUG","1 KIT in 1 CARTON (0280-1580-20)  *  2 BLISTER PACK in 1 CARTON / 6 CAPSULE, LIQUID FILLED in 1 BLISTER PACK *  2 BLISTER PACK in 1 CARTON / 4 CAPSULE, LIQUID FILLED in 1 BLISTER PACK","N/A","N/A","No","12/31/2026"
"Alka-Seltzer Plus Maximum Strength Day and Night Cold and Flu","0280-1581-40","","KIT","ORAL","M012","Bayer HealthCare LLC.","0280-1581","Acetaminophen, Dextromethorphan hydrobromide, Doxylamine succinate, Phenylephrine hydrochloride","","HUMAN OTC DRUG","05/22/2017","N/A","OTC MONOGRAPH DRUG","1 KIT in 1 CARTON (0280-1581-40)  *  4 BLISTER PACK in 1 CARTON / 4 CAPSULE, LIQUID FILLED in 1 BLISTER PACK *  4 BLISTER PACK in 1 CARTON / 6 CAPSULE, LIQUID FILLED in 1 BLISTER PACK","N/A","N/A","No","12/31/2026"
"Alka-Seltzer Plus Maximum Strength Day and Night Cold and Flu PowerMax Gels","0280-0125-01","","KIT","","M012","Bayer HealthCare LLC.","0280-0125","Acetaminophen, Dextromethorphan hydrobromide, Phenylephrine hydrochloride, Doxylamine succinate","","HUMAN OTC DRUG","07/02/2018","N/A","OTC MONOGRAPH DRUG","1 KIT in 1 CARTON (0280-0125-01)  *  4 BLISTER PACK in 1 CARTON / 6 CAPSULE, LIQUID FILLED in 1 BLISTER PACK *  2 BLISTER PACK in 1 CARTON / 6 CAPSULE, LIQUID FILLED in 1 BLISTER PACK","N/A","N/A","No","12/31/2026"
"Alka-Seltzer Plus Maximum Strength Day and Night Cold and Flu PowerMax Gels","0280-1650-16","","KIT","","M012","Bayer HealthCare LLC.","0280-1650","Acetaminophen, Dextromethorphan hydrobromide, Phenylephrine hydrochloride, Doxylamine succinate","","HUMAN OTC DRUG","07/02/2018","N/A","OTC MONOGRAPH DRUG","1 KIT in 1 CARTON (0280-1650-16)  *  2 BLISTER PACK in 1 CARTON / 6 CAPSULE, LIQUID FILLED in 1 BLISTER PACK *  2 BLISTER PACK in 1 CARTON / 2 CAPSULE, LIQUID FILLED in 1 BLISTER PACK","N/A","N/A","No","12/31/2026"
"Alka-Seltzer Plus Maximum Strength Day and Night Cold and Flu PowerMax Gels","0280-1680-24","","KIT","","M012","Bayer HealthCare LLC.","0280-1680","acetaminophen, dextrmethorphan hydrobromide, doxylamine succinate, phenylephrine hydrochloride","","HUMAN OTC DRUG","07/02/2018","N/A","OTC MONOGRAPH DRUG","1 KIT in 1 CARTON (0280-1680-24)  *  2 BLISTER PACK in 1 CARTON / 8 CAPSULE, LIQUID FILLED in 1 BLISTER PACK *  1 BLISTER PACK in 1 CARTON / 8 CAPSULE, LIQUID FILLED in 1 BLISTER PACK","N/A","N/A","No","12/31/2026"
"Alka-Seltzer Plus Maximum Strength Night Cold and Flu","0280-1600-20","10 mg/1,                         325  mg/1,                         6.25  mg/1,                         5  mg/1","CAPSULE, LIQUID FILLED","ORAL","M012","Bayer HealthCare LLC.","0280-1600","Acetaminophen, Dextromethorphan hydrobromide, Doxylamine succinate, Phenylephrine hydrochloride","ACETAMINOPHEN;  DEXTROMETHORPHAN HYDROBROMIDE;  DOXYLAMINE SUCCINATE;  PHENYLEPHRINE HYDROCHLORIDE","HUMAN OTC DRUG","06/19/2017","N/A","OTC MONOGRAPH DRUG","2 BLISTER PACK in 1 CARTON (0280-1600-20)  / 10 CAPSULE, LIQUID FILLED in 1 BLISTER PACK","Adrenergic alpha1-Agonists [MoA],  Antihistamine [EPC],  Histamine Receptor Antagonists [MoA],  Sigma-1 Agonist [EPC],  Sigma-1 Receptor Agonists [MoA],  Uncompetitive N-methyl-D-aspartate Receptor Antagonist [EPC],  Uncompetitive NMDA Receptor Antagonists [MoA],  alpha-1 Adrenergic Agonist [EPC]","N/A","No","12/31/2026"
"Alka-Seltzer Plus Maximum Strength Night Cold and Flu PowerMax Gels","0280-1640-16","5 mg/1,                         325  mg/1,                         10  mg/1,                         6.25  mg/1","CAPSULE, LIQUID FILLED","ORAL","M012","Bayer HealthCare LLC.","0280-1640","acetaminophen, dextromethorphan hydrobromide, doxylamine succinate, phenylephrine hydrochloride","ACETAMINOPHEN;  DEXTROMETHORPHAN HYDROBROMIDE;  DOXYLAMINE SUCCINATE;  PHENYLEPHRINE HYDROCHLORIDE","HUMAN OTC DRUG","07/02/2018","N/A","OTC MONOGRAPH DRUG","2 BLISTER PACK in 1 CARTON (0280-1640-16)  / 8 CAPSULE, LIQUID FILLED in 1 BLISTER PACK","Adrenergic alpha1-Agonists [MoA],  Antihistamine [EPC],  Histamine Receptor Antagonists [MoA],  Sigma-1 Agonist [EPC],  Sigma-1 Receptor Agonists [MoA],  Uncompetitive N-methyl-D-aspartate Receptor Antagonist [EPC],  Uncompetitive NMDA Receptor Antagonists [MoA],  alpha-1 Adrenergic Agonist [EPC]","N/A","No","12/31/2026"
"Alka-Seltzer Plus Maximum Strength Night Cold and Flu PowerMax Gels","0280-1640-24","5 mg/1,                         325  mg/1,                         10  mg/1,                         6.25  mg/1","CAPSULE, LIQUID FILLED","ORAL","M012","Bayer HealthCare LLC.","0280-1640","acetaminophen, dextromethorphan hydrobromide, doxylamine succinate, phenylephrine hydrochloride","ACETAMINOPHEN;  DEXTROMETHORPHAN HYDROBROMIDE;  DOXYLAMINE SUCCINATE;  PHENYLEPHRINE HYDROCHLORIDE","HUMAN OTC DRUG","07/02/2018","N/A","OTC MONOGRAPH DRUG","3 BLISTER PACK in 1 CARTON (0280-1640-24)  / 8 CAPSULE, LIQUID FILLED in 1 BLISTER PACK","Adrenergic alpha1-Agonists [MoA],  Antihistamine [EPC],  Histamine Receptor Antagonists [MoA],  Sigma-1 Agonist [EPC],  Sigma-1 Receptor Agonists [MoA],  Uncompetitive N-methyl-D-aspartate Receptor Antagonist [EPC],  Uncompetitive NMDA Receptor Antagonists [MoA],  alpha-1 Adrenergic Agonist [EPC]","N/A","No","12/31/2026"
"Alka-Seltzer Plus Maximum Strength Severe Sinus Congestion and Cough Day and Night","0280-1610-20","","KIT","ORAL","M012","Bayer HealthCare LLC.","0280-1610","Acetaminophen, Dextromethorphan hydrobromide, Doxylamine succinate, Phenylephrine hydrochloride","","HUMAN OTC DRUG","06/12/2017","N/A","OTC MONOGRAPH DRUG","1 KIT in 1 CARTON (0280-1610-20)  *  2 BLISTER PACK in 1 CARTON / 6 CAPSULE, LIQUID FILLED in 1 BLISTER PACK *  2 BLISTER PACK in 1 CARTON / 4 CAPSULE, LIQUID FILLED in 1 BLISTER PACK","N/A","N/A","No","12/31/2026"
"Alka-Seltzer Plus Maximum Strength Severe Sinus, Allergy and Cough","0280-1620-20","325 mg/1,                         10  mg/1,                         6.25  mg/1,                         5  mg/1","CAPSULE, LIQUID FILLED","ORAL","M012","Bayer HealthCare LLC.","0280-1620","Acetaminophen, Dextromethorphan hydrobromide, Doxylamine succinate, Phenylephrine hydrochloride","ACETAMINOPHEN;  DEXTROMETHORPHAN HYDROBROMIDE;  DOXYLAMINE SUCCINATE;  PHENYLEPHRINE HYDROCHLORIDE","HUMAN OTC DRUG","06/26/2017","N/A","OTC MONOGRAPH DRUG","2 BLISTER PACK in 1 CARTON (0280-1620-20)  / 10 CAPSULE, LIQUID FILLED in 1 BLISTER PACK","Adrenergic alpha1-Agonists [MoA],  Antihistamine [EPC],  Histamine Receptor Antagonists [MoA],  Sigma-1 Agonist [EPC],  Sigma-1 Receptor Agonists [MoA],  Uncompetitive N-methyl-D-aspartate Receptor Antagonist [EPC],  Uncompetitive NMDA Receptor Antagonists [MoA],  alpha-1 Adrenergic Agonist [EPC]","N/A","No","12/31/2026"
"Alka-Seltzer Plus Severe Cold Night PowerFast Fizz","0280-0068-01","325 mg/1,                         6.25  mg/1,                         10  mg/1,                         7.8  mg/1","TABLET, EFFERVESCENT","ORAL","M012","Bayer HealthCare LLC.","0280-0068","aspirin, doxylamine succinate, dextromethorphan hydrobromide, phenylephrine bitartrate","ASPIRIN;  DEXTROMETHORPHAN HYDROBROMIDE;  DOXYLAMINE SUCCINATE;  PHENYLEPHRINE BITARTRATE","HUMAN OTC DRUG","07/12/2021","N/A","OTC MONOGRAPH DRUG","10 POUCH in 1 CARTON (0280-0068-01)  / 2 TABLET, EFFERVESCENT in 1 POUCH","Adrenergic alpha1-Agonists [MoA],  Anti-Inflammatory Agents,  Non-Steroidal [CS],  Antihistamine [EPC],  Cyclooxygenase Inhibitors [MoA],  Decreased Platelet Aggregation [PE],  Decreased Prostaglandin Production [PE],  Histamine Receptor Antagonists [MoA],  Nonsteroidal Anti-inflammatory Drug [EPC],  Platelet Aggregation Inhibitor [EPC],  Sigma-1 Agonist [EPC],  Sigma-1 Receptor Agonists [MoA],  Uncompetitive N-methyl-D-aspartate Receptor Antagonist [EPC],  Uncompetitive NMDA Receptor Antagonists [MoA],  alpha-1 Adrenergic Agonist [EPC]","N/A","No","12/31/2027"
"Alka-Seltzer Plus Severe Cold PowerFast Fizz","0280-0025-01","","KIT","ORAL","M012","Bayer HealthCare LLC.","0280-0025","aspirin, dextromethorphan hydrobromide, phenylephrine bitartrate, doxylamine succinate","","HUMAN OTC DRUG","04/01/2020","N/A","OTC MONOGRAPH DRUG","1 KIT in 1 CARTON (0280-0025-01)  *  12 TABLET, EFFERVESCENT in 1 CARTON *  8 TABLET, EFFERVESCENT in 1 CARTON","N/A","N/A","No","12/31/2026"
"Alka-Seltzer Plus Severe Cold Powerfast Fizz Night","0280-0021-01","500 mg/1,                         10  mg/1,                         7.8  mg/1,                         6.25  mg/1","TABLET, EFFERVESCENT","ORAL","M012","Bayer HealthCare LLC.","0280-0021","aspirin, dextromethorphan hydrobromide, doxylamine succinate, phenylephrine bitartrate","ASPIRIN;  DEXTROMETHORPHAN HYDROBROMIDE;  DOXYLAMINE SUCCINATE;  PHENYLEPHRINE BITARTRATE","HUMAN OTC DRUG","04/01/2020","N/A","OTC MONOGRAPH DRUG","10 POUCH in 1 CARTON (0280-0021-01)  / 2 TABLET, EFFERVESCENT in 1 POUCH","Adrenergic alpha1-Agonists [MoA],  Anti-Inflammatory Agents,  Non-Steroidal [CS],  Antihistamine [EPC],  Cyclooxygenase Inhibitors [MoA],  Decreased Platelet Aggregation [PE],  Decreased Prostaglandin Production [PE],  Histamine Receptor Antagonists [MoA],  Nonsteroidal Anti-inflammatory Drug [EPC],  Platelet Aggregation Inhibitor [EPC],  Sigma-1 Agonist [EPC],  Sigma-1 Receptor Agonists [MoA],  Uncompetitive N-methyl-D-aspartate Receptor Antagonist [EPC],  Uncompetitive NMDA Receptor Antagonists [MoA],  alpha-1 Adrenergic Agonist [EPC]","N/A","No","12/31/2026"
"Alka-Seltzer Plus Severe Cough Mucus and Congestion Day and Night","0280-0506-20","","KIT","ORAL","M012","Bayer HealthCare LLC.","0280-0506","Acetaminophen, Dextromethorphan hydrobromide, Doxylamine succinate, Phenylephrine hydrochloride, Guaifenesin","","HUMAN OTC DRUG","05/30/2017","N/A","OTC MONOGRAPH DRUG","1 KIT in 1 CARTON (0280-0506-20)  *  2 BLISTER PACK in 1 CARTON / 6 CAPSULE, LIQUID FILLED in 1 BLISTER PACK *  2 BLISTER PACK in 1 CARTON / 4 CAPSULE, LIQUID FILLED in 1 BLISTER PACK","N/A","N/A","No","12/31/2026"
"all nite","0904-6465-09","650 mg/30mL,                         30  mg/30mL,                         12.5  mg/30mL","SOLUTION","ORAL","M012","Major Pharmaceuticals","0904-6465","Acetaminophen, Dextromethorphan HBr, Doxylamine succinate","ACETAMINOPHEN;  DEXTROMETHORPHAN HYDROBROMIDE;  DOXYLAMINE SUCCINATE","HUMAN OTC DRUG","11/19/2012","N/A","OTC MONOGRAPH DRUG","237 mL in 1 BOTTLE (0904-6465-09)","Antihistamine [EPC],  Histamine Receptor Antagonists [MoA],  Sigma-1 Agonist [EPC],  Sigma-1 Receptor Agonists [MoA],  Uncompetitive N-methyl-D-aspartate Receptor Antagonist [EPC],  Uncompetitive NMDA Receptor Antagonists [MoA]","N/A","No","12/31/2026"
"AMAZON","72288-587-04","30 mg/20mL,                         12.5  mg/20mL","SOLUTION","ORAL","M012","AMAZON.COM SERVICES LLC","72288-587","Dextromethorphan HBr, Doxylamine Succinate","DEXTROMETHORPHAN HYDROBROMIDE;  DOXYLAMINE SUCCINATE","HUMAN OTC DRUG","02/16/2026","N/A","OTC MONOGRAPH DRUG","1 BOTTLE in 1 CARTON (72288-587-04)  / 118 mL in 1 BOTTLE","Antihistamine [EPC],  Histamine Receptor Antagonists [MoA],  Sigma-1 Agonist [EPC],  Sigma-1 Receptor Agonists [MoA],  Uncompetitive N-methyl-D-aspartate Receptor Antagonist [EPC],  Uncompetitive NMDA Receptor Antagonists [MoA]","N/A","No","12/31/2027"
"Ampigrin Ultra Forte Night","69729-003-10","15 mg/1,                         6.25  mg/1,                         325  mg/1","CAPSULE, LIQUID FILLED","ORAL","M012","OPMX LLC","69729-003","Acetaminophen, Dextromethorphan Hydrobromide, Doxylamine Succinate","ACETAMINOPHEN;  DEXTROMETHORPHAN HYDROBROMIDE;  DOXYLAMINE SUCCINATE","HUMAN OTC DRUG","06/10/2022","N/A","OTC MONOGRAPH DRUG","10 BLISTER PACK in 1 CARTON (69729-003-10)  / 10 CAPSULE, LIQUID FILLED in 1 BLISTER PACK","Antihistamine [EPC],  Histamine Receptor Antagonists [MoA],  Sigma-1 Agonist [EPC],  Sigma-1 Receptor Agonists [MoA],  Uncompetitive N-methyl-D-aspartate Receptor Antagonist [EPC],  Uncompetitive NMDA Receptor Antagonists [MoA]","N/A","No","12/31/2026"
"ANTIGRIP","55758-382-18","6.25 mg/1,                         325  mg/1,                         10  mg/1,                         5  mg/1","POWDER, FOR SOLUTION","ORAL","M012","Pharmadel LLC","55758-382","Acetaminophen, Dextromethorphan HBr, Doxylamine succinate, Phenylephrine HCL","ACETAMINOPHEN;  DEXTROMETHORPHAN HYDROBROMIDE;  DOXYLAMINE SUCCINATE;  PHENYLEPHRINE HYDROCHLORIDE","HUMAN OTC DRUG","03/28/2024","N/A","OTC MONOGRAPH DRUG","18 POUCH in 1 CARTON (55758-382-18)  / 1 POWDER, FOR SOLUTION in 1 POUCH (55758-382-01)","Adrenergic alpha1-Agonists [MoA],  Antihistamine [EPC],  Histamine Receptor Antagonists [MoA],  Sigma-1 Agonist [EPC],  Sigma-1 Receptor Agonists [MoA],  Uncompetitive N-methyl-D-aspartate Receptor Antagonist [EPC],  Uncompetitive NMDA Receptor Antagonists [MoA],  alpha-1 Adrenergic Agonist [EPC]","N/A","No","12/31/2026"
"ASP Nighttime Max","53345-053-01","325 mg/1,                         10  mg/1,                         6.25  mg/1,                         5  mg/1","CAPSULE, LIQUID FILLED","ORAL","M012","Humanwell PuraCap Pharmaceutical (Wuhan), Ltd.","53345-053","acetaminophen, dextromethorphan hydrobromide, doxylamine succinate, phenylephrine hydrochloride","ACETAMINOPHEN;  DEXTROMETHORPHAN HYDROBROMIDE;  DOXYLAMINE SUCCINATE;  PHENYLEPHRINE HYDROCHLORIDE","HUMAN OTC DRUG","08/01/2020","N/A","OTC MONOGRAPH DRUG","1 BAG in 1 BOX (53345-053-01)  / 4000 CAPSULE, LIQUID FILLED in 1 BAG","Adrenergic alpha1-Agonists [MoA],  Antihistamine [EPC],  Histamine Receptor Antagonists [MoA],  Sigma-1 Agonist [EPC],  Sigma-1 Receptor Agonists [MoA],  Uncompetitive N-methyl-D-aspartate Receptor Antagonist [EPC],  Uncompetitive NMDA Receptor Antagonists [MoA],  alpha-1 Adrenergic Agonist [EPC]","N/A","No","12/31/2026"
"AXIM DayTime - Night Time 72 Softgels","82706-004-01","","KIT","","M012","VIVUNT PHARMA LLC","82706-004","Acetaminophen, Dextromethorphan Hydrobromide, Doxylamine Succinate, Phenylephrine Hydrochloride","","HUMAN OTC DRUG","05/09/2022","N/A","OTC MONOGRAPH DRUG","1 KIT in 1 PACKAGE (82706-004-01)  *  8 CAPSULE, LIQUID FILLED in 1 BLISTER PACK *  8 CAPSULE, LIQUID FILLED in 1 BLISTER PACK","N/A","N/A","No","12/31/2026"
"AXIM Night Time - Liquid","82706-012-01","650 mg/30mL,                         30  mg/30mL,                         12.5  mg/30mL","LIQUID","ORAL","M012","VIVUNT PHARMA LLC","82706-012","Acetaminophen, Dextromethorphan Hydrobromide, Doxylamine Succinate","ACETAMINOPHEN;  DEXTROMETHORPHAN HYDROBROMIDE;  DOXYLAMINE SUCCINATE","HUMAN OTC DRUG","01/05/2024","N/A","OTC MONOGRAPH DRUG","355 mL in 1 BOTTLE, PLASTIC (82706-012-01)","Antihistamine [EPC],  Histamine Receptor Antagonists [MoA],  Sigma-1 Agonist [EPC],  Sigma-1 Receptor Agonists [MoA],  Uncompetitive N-methyl-D-aspartate Receptor Antagonist [EPC],  Uncompetitive NMDA Receptor Antagonists [MoA]","N/A","No","12/31/2026"
"AXIV DayTime - NightTime 48 Softgels","82706-017-01","","KIT","","M012","VIVUNT PHARMA LLC","82706-017","Acetaminophen, Dextromethorphan Hydrobromide, Doxylamine Succinate","","HUMAN OTC DRUG","03/08/2024","N/A","OTC MONOGRAPH DRUG","1 KIT in 1 PACKAGE (82706-017-01)  *  8 CAPSULE, LIQUID FILLED in 1 BLISTER PACK *  8 CAPSULE, LIQUID FILLED in 1 BLISTER PACK","N/A","N/A","No","12/31/2026"
"AXIV DayTime - NightTime 72 Softgels","82706-018-01","","KIT","","M012","VIVUNT PHARMA LLC","82706-018","Acetaminophen, Dextromethorphan Hydrobromide, Doxylamine Succinate","","HUMAN OTC DRUG","03/08/2024","N/A","OTC MONOGRAPH DRUG","1 KIT in 1 PACKAGE (82706-018-01)  *  8 CAPSULE, LIQUID FILLED in 1 BLISTER PACK *  8 CAPSULE, LIQUID FILLED in 1 BLISTER PACK","N/A","N/A","No","12/31/2026"
"AXIV Night Time - Liquid","82706-023-01","650 mg/30mL,                         30  mg/30mL,                         12.5  mg/30mL","LIQUID","ORAL","M012","VIVUNT PHARMA LLC","82706-023","Acetaminophen, Dextromethorphan Hydrobromide, Doxylamine Succinate","ACETAMINOPHEN;  DEXTROMETHORPHAN HYDROBROMIDE;  DOXYLAMINE SUCCINATE","HUMAN OTC DRUG","05/14/2024","N/A","OTC MONOGRAPH DRUG","355 mL in 1 BOTTLE, PLASTIC (82706-023-01)","Antihistamine [EPC],  Histamine Receptor Antagonists [MoA],  Sigma-1 Agonist [EPC],  Sigma-1 Receptor Agonists [MoA],  Uncompetitive N-methyl-D-aspartate Receptor Antagonist [EPC],  Uncompetitive NMDA Receptor Antagonists [MoA]","N/A","No","12/31/2026"
"AXIV NightTime","82706-016-03","325 mg/1,                         15  mg/1,                         6.25  mg/1","CAPSULE, LIQUID FILLED","ORAL","M012","VIVUNT PHARMA LLC","82706-016","Acetaminophen, Dextromethorphan Hydrobromide, Doxylamine Succinate","ACETAMINOPHEN;  DEXTROMETHORPHAN HYDROBROMIDE;  DOXYLAMINE SUCCINATE","HUMAN OTC DRUG","07/05/2024","N/A","OTC MONOGRAPH DRUG","50 POUCH in 1 CARTON (82706-016-03)  / 2 CAPSULE, LIQUID FILLED in 1 POUCH","Antihistamine [EPC],  Histamine Receptor Antagonists [MoA],  Sigma-1 Agonist [EPC],  Sigma-1 Receptor Agonists [MoA],  Uncompetitive N-methyl-D-aspartate Receptor Antagonist [EPC],  Uncompetitive NMDA Receptor Antagonists [MoA]","N/A","No","12/31/2026"
"AXIV NightTime","82706-016-01","325 mg/1,                         15  mg/1,                         6.25  mg/1","CAPSULE, LIQUID FILLED","ORAL","M012","VIVUNT PHARMA LLC","82706-016","Acetaminophen, Dextromethorphan Hydrobromide, Doxylamine Succinate","ACETAMINOPHEN;  DEXTROMETHORPHAN HYDROBROMIDE;  DOXYLAMINE SUCCINATE","HUMAN OTC DRUG","03/07/2024","N/A","OTC MONOGRAPH DRUG","3 BLISTER PACK in 1 CARTON (82706-016-01)  / 8 CAPSULE, LIQUID FILLED in 1 BLISTER PACK","Antihistamine [EPC],  Histamine Receptor Antagonists [MoA],  Sigma-1 Agonist [EPC],  Sigma-1 Receptor Agonists [MoA],  Uncompetitive N-methyl-D-aspartate Receptor Antagonist [EPC],  Uncompetitive NMDA Receptor Antagonists [MoA]","N/A","No","12/31/2026"
"AXIV NightTime","82706-016-04","325 mg/1,                         15  mg/1,                         6.25  mg/1","CAPSULE, LIQUID FILLED","ORAL","M012","VIVUNT PHARMA LLC","82706-016","Acetaminophen, Dextromethorphan Hydrobromide, Doxylamine Succinate","ACETAMINOPHEN;  DEXTROMETHORPHAN HYDROBROMIDE;  DOXYLAMINE SUCCINATE","HUMAN OTC DRUG","02/12/2025","N/A","OTC MONOGRAPH DRUG","25 BLISTER PACK in 1 CARTON (82706-016-04)  / 25 CAPSULE, LIQUID FILLED in 1 BLISTER PACK","Antihistamine [EPC],  Histamine Receptor Antagonists [MoA],  Sigma-1 Agonist [EPC],  Sigma-1 Receptor Agonists [MoA],  Uncompetitive N-methyl-D-aspartate Receptor Antagonist [EPC],  Uncompetitive NMDA Receptor Antagonists [MoA]","N/A","No","12/31/2026"
"basic care daytime cold and flu nighttime cold and flu","72288-580-72","","KIT","","M012","Amazon.com Services LLC","72288-580","Acetaminophen, dextromethorphan HBr, doxylamine succinate, phenylephrine HCl","","HUMAN OTC DRUG","08/26/2021","N/A","OTC MONOGRAPH DRUG","1 KIT in 1 CARTON (72288-580-72)  *  8 BLISTER PACK in 1 CARTON (72288-056-00)  / 2 CAPSULE, LIQUID FILLED in 1 BLISTER PACK *  16 BLISTER PACK in 1 CARTON (72288-994-00)  / 2 CAPSULE, LIQUID FILLED in 1 BLISTER PACK","N/A","N/A","No","12/31/2026"
"basic care daytime nighttime cold and flu","72288-733-02","","KIT","","M012","Amazon.com Services LLC","72288-733","Acetaminophen, Dextromethorphan HBr, Doxylamine succinate, Phenylephrine HCl","","HUMAN OTC DRUG","05/03/2021","N/A","OTC MONOGRAPH DRUG","1 KIT in 1 CARTON (72288-733-02)  *  355 mL in 1 BOTTLE (72288-459-40)  *  355 mL in 1 BOTTLE (72288-656-40)","N/A","N/A","No","12/31/2027"
"BASIC CARE DAYTIME NIGHTTIME SEVERE COLD AND FLU","72288-711-02","","KIT","","M012","Amazon.com Services LLC","72288-711","Acetaminophen, Dextromethorphan Hydrobromide, Doxylamine Succinate, Guaifenesin, Phenylephrine Hydrochloride","","HUMAN OTC DRUG","12/18/2025","N/A","OTC MONOGRAPH DRUG","1 KIT in 1 CARTON (72288-711-02)  *  355 mL in 1 BOTTLE (72288-601-40)  *  355 mL in 1 BOTTLE (72288-515-40)","N/A","N/A","No","12/31/2027"
"basic care daytime severe cold and flu nighttime cold and flu","72288-502-72","","KIT","","M012","Amazon.com Services LLC","72288-502","acetaminophen, dextromethorphan hydrobromide, guaifenesin, phenylephrine hydrochloride, doxylamine succinate","","HUMAN OTC DRUG","08/05/2021","N/A","OTC MONOGRAPH DRUG","1 KIT in 1 CARTON (72288-502-72)  *  2 TABLET, FILM COATED in 1 BLISTER PACK (72288-357-00)  *  2 TABLET, FILM COATED in 1 BLISTER PACK (72288-721-00)","N/A","N/A","No","12/31/2026"
"basic care daytime severe cold and flu nighttime severe cold and flu","72288-002-90","","KIT","","M012","Amazon.com Services LLC","72288-002","acetaminophen, dextromethorphan hydrobromide, guaifenesin, phenylephrine hydrochloride, doxylamine succinate","","HUMAN OTC DRUG","02/04/2021","N/A","OTC MONOGRAPH DRUG","1 KIT in 1 CARTON (72288-002-90)  *  2 TABLET, FILM COATED in 1 BLISTER PACK (72288-357-00)  *  2 TABLET, FILM COATED in 1 BLISTER PACK (72288-721-00)","N/A","N/A","No","12/31/2026"
"basic care daytime severe cold and flu nighttime severe cold and flu","72288-597-02","","KIT","","M012","Amazon.com Services LLC","72288-597","acetaminophen, dextromethorphan HBr, doxylamine succinate, guaifenesin, phenylephrine HCl","","HUMAN OTC DRUG","03/11/2021","N/A","OTC MONOGRAPH DRUG","1 KIT in 1 CARTON (72288-597-02)  *  355 mL in 1 BOTTLE (72288-639-40)  *  355 mL in 1 BOTTLE (72288-603-40)","N/A","N/A","No","12/31/2026"
"basic care nighttime cold and flu","72288-056-67","325 mg/1,                         15  mg/1,                         6.25  mg/1","CAPSULE, LIQUID FILLED","ORAL","M012","Amazon.com Services LLC","72288-056","Acetaminophen, Dextromethorphan HBr, Doxylamine succinate","ACETAMINOPHEN;  DEXTROMETHORPHAN HYDROBROMIDE;  DOXYLAMINE SUCCINATE","HUMAN OTC DRUG","12/28/2020","N/A","OTC MONOGRAPH DRUG","24 BLISTER PACK in 1 CARTON (72288-056-67)  / 2 CAPSULE, LIQUID FILLED in 1 BLISTER PACK","Antihistamine [EPC],  Histamine Receptor Antagonists [MoA],  Sigma-1 Agonist [EPC],  Sigma-1 Receptor Agonists [MoA],  Uncompetitive N-methyl-D-aspartate Receptor Antagonist [EPC],  Uncompetitive NMDA Receptor Antagonists [MoA]","N/A","No","12/31/2026"
"basic care nighttime cold and flu","72288-056-62","325 mg/1,                         15  mg/1,                         6.25  mg/1","CAPSULE, LIQUID FILLED","ORAL","M012","Amazon.com Services LLC","72288-056","Acetaminophen, Dextromethorphan HBr, Doxylamine succinate","ACETAMINOPHEN;  DEXTROMETHORPHAN HYDROBROMIDE;  DOXYLAMINE SUCCINATE","HUMAN OTC DRUG","09/07/2021","N/A","OTC MONOGRAPH DRUG","12 BLISTER PACK in 1 CARTON (72288-056-62)  / 2 CAPSULE, LIQUID FILLED in 1 BLISTER PACK","Antihistamine [EPC],  Histamine Receptor Antagonists [MoA],  Sigma-1 Agonist [EPC],  Sigma-1 Receptor Agonists [MoA],  Uncompetitive N-methyl-D-aspartate Receptor Antagonist [EPC],  Uncompetitive NMDA Receptor Antagonists [MoA]","N/A","No","12/31/2026"
"basic care nighttime cold and flu","72288-335-34","650 mg/30mL,                         30  mg/30mL,                         12.5  mg/30mL","SOLUTION","ORAL","M012","Amazon.com Services LLC","72288-335","Acetaminophen, Dextromethorphan Hydrobromide, Doxylamine succinate","ACETAMINOPHEN;  DEXTROMETHORPHAN HYDROBROMIDE;  DOXYLAMINE SUCCINATE","HUMAN OTC DRUG","07/31/2021","N/A","OTC MONOGRAPH DRUG","237 mL in 1 BOTTLE (72288-335-34)","Antihistamine [EPC],  Histamine Receptor Antagonists [MoA],  Sigma-1 Agonist [EPC],  Sigma-1 Receptor Agonists [MoA],  Uncompetitive N-methyl-D-aspartate Receptor Antagonist [EPC],  Uncompetitive NMDA Receptor Antagonists [MoA]","N/A","No","12/31/2027"
"basic care nighttime cold and flu","72288-335-40","650 mg/30mL,                         30  mg/30mL,                         12.5  mg/30mL","SOLUTION","ORAL","M012","Amazon.com Services LLC","72288-335","Acetaminophen, Dextromethorphan Hydrobromide, Doxylamine succinate","ACETAMINOPHEN;  DEXTROMETHORPHAN HYDROBROMIDE;  DOXYLAMINE SUCCINATE","HUMAN OTC DRUG","08/03/2021","N/A","OTC MONOGRAPH DRUG","355 mL in 1 BOTTLE (72288-335-40)","Antihistamine [EPC],  Histamine Receptor Antagonists [MoA],  Sigma-1 Agonist [EPC],  Sigma-1 Receptor Agonists [MoA],  Uncompetitive N-methyl-D-aspartate Receptor Antagonist [EPC],  Uncompetitive NMDA Receptor Antagonists [MoA]","N/A","No","12/31/2027"
"basic care nighttime cold and flu","72288-459-40","650 mg/30mL,                         30  mg/30mL,                         12.5  mg/30mL","SOLUTION","ORAL","M012","Amazon.com Services LLC","72288-459","Acetaminophen, Dextromethorphan HBr, Doxylamine succinate","ACETAMINOPHEN;  DEXTROMETHORPHAN HYDROBROMIDE;  DOXYLAMINE SUCCINATE","HUMAN OTC DRUG","01/14/2021","N/A","OTC MONOGRAPH DRUG","355 mL in 1 BOTTLE (72288-459-40)","Antihistamine [EPC],  Histamine Receptor Antagonists [MoA],  Sigma-1 Agonist [EPC],  Sigma-1 Receptor Agonists [MoA],  Uncompetitive N-methyl-D-aspartate Receptor Antagonist [EPC],  Uncompetitive NMDA Receptor Antagonists [MoA]","N/A","No","12/31/2027"
"basic care nighttime cold and flu","72288-459-34","650 mg/30mL,                         30  mg/30mL,                         12.5  mg/30mL","SOLUTION","ORAL","M012","Amazon.com Services LLC","72288-459","Acetaminophen, Dextromethorphan HBr, Doxylamine succinate","ACETAMINOPHEN;  DEXTROMETHORPHAN HYDROBROMIDE;  DOXYLAMINE SUCCINATE","HUMAN OTC DRUG","04/12/2021","N/A","OTC MONOGRAPH DRUG","237 mL in 1 BOTTLE (72288-459-34)","Antihistamine [EPC],  Histamine Receptor Antagonists [MoA],  Sigma-1 Agonist [EPC],  Sigma-1 Receptor Agonists [MoA],  Uncompetitive N-methyl-D-aspartate Receptor Antagonist [EPC],  Uncompetitive NMDA Receptor Antagonists [MoA]","N/A","No","12/31/2027"
"basic care nighttime severe cold and flu","72288-189-40","650 mg/30mL,                         20  mg/30mL,                         12.5  mg/30mL,                         10  mg/30mL","SOLUTION","ORAL","M012","Amazon.com Services LLC","72288-189","acetaminophen, dextromethorphan hydrobromide, doxylamine succinate, phenylephrine hydrochloride","ACETAMINOPHEN;  DEXTROMETHORPHAN HYDROBROMIDE;  DOXYLAMINE SUCCINATE;  PHENYLEPHRINE HYDROCHLORIDE","HUMAN OTC DRUG","01/21/2022","N/A","OTC MONOGRAPH DRUG","355 mL in 1 BOTTLE (72288-189-40)","Adrenergic alpha1-Agonists [MoA],  Antihistamine [EPC],  Histamine Receptor Antagonists [MoA],  Sigma-1 Agonist [EPC],  Sigma-1 Receptor Agonists [MoA],  Uncompetitive N-methyl-D-aspartate Receptor Antagonist [EPC],  Uncompetitive NMDA Receptor Antagonists [MoA],  alpha-1 Adrenergic Agonist [EPC]","N/A","No","12/31/2026"
"basic care nighttime severe cold and flu","72288-601-40","325 mg/15mL,                         10  mg/15mL,                         6.25  mg/15mL,                         5  mg/15mL","SOLUTION","ORAL","M012","Amazon.com Services LLC","72288-601","acetaminophen, dextromethorphan hydrobromide, doxylamine succinate, phenylephrine hydrochloride","ACETAMINOPHEN;  DEXTROMETHORPHAN HYDROBROMIDE;  DOXYLAMINE SUCCINATE;  PHENYLEPHRINE HYDROCHLORIDE","HUMAN OTC DRUG","04/22/2022","N/A","OTC MONOGRAPH DRUG","355 mL in 1 BOTTLE (72288-601-40)","Adrenergic alpha1-Agonists [MoA],  Antihistamine [EPC],  Histamine Receptor Antagonists [MoA],  Sigma-1 Agonist [EPC],  Sigma-1 Receptor Agonists [MoA],  Uncompetitive N-methyl-D-aspartate Receptor Antagonist [EPC],  Uncompetitive NMDA Receptor Antagonists [MoA],  alpha-1 Adrenergic Agonist [EPC]","N/A","No","12/31/2026"
"basic care nighttime severe cold and flu","72288-639-40","650 mg/30mL,                         20  mg/30mL,                         12.5  mg/30mL,                         10  mg/30mL","SOLUTION","ORAL","M012","Amazon.com Services LLC","72288-639","Acetaminophen, Dextromethorphan Hydrobromide, Doxylamine Succinate, Phenylephrine Hydrochloride","ACETAMINOPHEN;  DEXTROMETHORPHAN HYDROBROMIDE;  DOXYLAMINE SUCCINATE;  PHENYLEPHRINE HYDROCHLORIDE","HUMAN OTC DRUG","08/26/2021","N/A","OTC MONOGRAPH DRUG","355 mL in 1 BOTTLE (72288-639-40)","Adrenergic alpha1-Agonists [MoA],  Antihistamine [EPC],  Histamine Receptor Antagonists [MoA],  Sigma-1 Agonist [EPC],  Sigma-1 Receptor Agonists [MoA],  Uncompetitive N-methyl-D-aspartate Receptor Antagonist [EPC],  Uncompetitive NMDA Receptor Antagonists [MoA],  alpha-1 Adrenergic Agonist [EPC]","N/A","No","12/31/2026"
"basic care nighttime severe cold and flu","72288-721-62","325 mg/1,                         10  mg/1,                         6.25  mg/1,                         5  mg/1","TABLET, FILM COATED","ORAL","M012","Amazon.com Services LLC","72288-721","acetaminophen, dextromethorphan hydrobromide, doxylamine succinate, phenylephrine hydrochloride","ACETAMINOPHEN;  DEXTROMETHORPHAN HYDROBROMIDE;  DOXYLAMINE SUCCINATE;  PHENYLEPHRINE HYDROCHLORIDE","HUMAN OTC DRUG","12/10/2020","N/A","OTC MONOGRAPH DRUG","12 BLISTER PACK in 1 CARTON (72288-721-62)  / 2 TABLET, FILM COATED in 1 BLISTER PACK","Adrenergic alpha1-Agonists [MoA],  Antihistamine [EPC],  Histamine Receptor Antagonists [MoA],  Sigma-1 Agonist [EPC],  Sigma-1 Receptor Agonists [MoA],  Uncompetitive N-methyl-D-aspartate Receptor Antagonist [EPC],  Uncompetitive NMDA Receptor Antagonists [MoA],  alpha-1 Adrenergic Agonist [EPC]","N/A","No","12/31/2026"
"Basic Care Sleep Aid","72288-441-01","25 mg/1","TABLET","ORAL","ANDA040167","Amazon.com Services LLC","72288-441","Doxylamine succinate","DOXYLAMINE SUCCINATE","HUMAN OTC DRUG","06/02/2020","N/A","ANDA","1 BOTTLE in 1 CARTON (72288-441-01)  / 96 TABLET in 1 BOTTLE","Antihistamine [EPC],  Histamine Receptor Antagonists [MoA]","N/A","No","12/31/2026"
"berkley and jensen sleep aid","68391-441-02","25 mg/1","TABLET","ORAL","ANDA040167","BJWC","68391-441","Doxylamine succinate","DOXYLAMINE SUCCINATE","HUMAN OTC DRUG","08/06/2018","N/A","ANDA","2 BOTTLE in 1 CARTON (68391-441-02)  / 96 TABLET in 1 BOTTLE","Antihistamine [EPC],  Histamine Receptor Antagonists [MoA]","N/A","No","12/31/2026"
"BONJESTA","55494-120-94","20 mg/1,                         20  mg/1","TABLET, EXTENDED RELEASE","ORAL","NDA209661","Duchesnay USA, Inc.","55494-120","doxylamine succinate and pyridoxine hydrochloride","DOXYLAMINE SUCCINATE;  PYRIDOXINE HYDROCHLORIDE","HUMAN PRESCRIPTION DRUG","02/26/2025","N/A","NDA","1 BLISTER PACK in 1 CARTON (55494-120-94)  / 4 TABLET, EXTENDED RELEASE in 1 BLISTER PACK","Analogs/Derivatives [Chemical/Ingredient],  Antihistamine [EPC],  Histamine Receptor Antagonists [MoA],  Vitamin B 6 [Chemical/Ingredient],  Vitamin B6 Analog [EPC]","N/A","Yes","12/31/2026"
"BONJESTA","55494-120-10","20 mg/1,                         20  mg/1","TABLET, EXTENDED RELEASE","ORAL","NDA209661","Duchesnay USA, Inc.","55494-120","doxylamine succinate and pyridoxine hydrochloride","DOXYLAMINE SUCCINATE;  PYRIDOXINE HYDROCHLORIDE","HUMAN PRESCRIPTION DRUG","02/19/2018","N/A","NDA","100 TABLET, EXTENDED RELEASE in 1 BOTTLE (55494-120-10)","Analogs/Derivatives [Chemical/Ingredient],  Antihistamine [EPC],  Histamine Receptor Antagonists [MoA],  Vitamin B 6 [Chemical/Ingredient],  Vitamin B6 Analog [EPC]","N/A","No","12/31/2026"
"BONJESTA","55494-120-60","20 mg/1,                         20  mg/1","TABLET, EXTENDED RELEASE","ORAL","NDA209661","Duchesnay USA, Inc.","55494-120","doxylamine succinate and pyridoxine hydrochloride","DOXYLAMINE SUCCINATE;  PYRIDOXINE HYDROCHLORIDE","HUMAN PRESCRIPTION DRUG","02/19/2018","N/A","NDA","60 TABLET, EXTENDED RELEASE in 1 BOTTLE (55494-120-60)","Analogs/Derivatives [Chemical/Ingredient],  Antihistamine [EPC],  Histamine Receptor Antagonists [MoA],  Vitamin B 6 [Chemical/Ingredient],  Vitamin B6 Analog [EPC]","N/A","No","12/31/2026"
"BONJESTA","55494-120-99","20 mg/1,                         20  mg/1","TABLET, EXTENDED RELEASE","ORAL","NDA209661","Duchesnay USA, Inc.","55494-120","doxylamine succinate and pyridoxine hydrochloride","DOXYLAMINE SUCCINATE;  PYRIDOXINE HYDROCHLORIDE","HUMAN PRESCRIPTION DRUG","02/19/2018","N/A","NDA","6 TABLET, EXTENDED RELEASE in 1 BOTTLE (55494-120-99)","Analogs/Derivatives [Chemical/Ingredient],  Antihistamine [EPC],  Histamine Receptor Antagonists [MoA],  Vitamin B 6 [Chemical/Ingredient],  Vitamin B6 Analog [EPC]","N/A","Yes","12/31/2026"
"CareOne Night TIme Cold and Flu","41520-084-40","650 mg/30mL,                         30  mg/30mL,                         12.5  mg/30mL","SOLUTION","ORAL","M012","American Sales Company","41520-084","Acetaminophen, Dextromethorphan HBr, Doxylamine succinate","ACETAMINOPHEN;  DEXTROMETHORPHAN HYDROBROMIDE;  DOXYLAMINE SUCCINATE","HUMAN OTC DRUG","04/11/2016","N/A","OTC MONOGRAPH DRUG","355 mL in 1 BOTTLE (41520-084-40)","Antihistamine [EPC],  Histamine Receptor Antagonists [MoA],  Sigma-1 Agonist [EPC],  Sigma-1 Receptor Agonists [MoA],  Uncompetitive N-methyl-D-aspartate Receptor Antagonist [EPC],  Uncompetitive NMDA Receptor Antagonists [MoA]","N/A","No","12/31/2027"
"CareOne Nighttime Cold and Flu","41520-712-40","650 mg/30mL,                         30  mg/30mL,                         12.5  mg/30mL","SOLUTION","ORAL","M012","American Sales Company","41520-712","Acetaminophen, Dextromethorphan HBr, Doxylamine succinate","ACETAMINOPHEN;  DEXTROMETHORPHAN HYDROBROMIDE;  DOXYLAMINE SUCCINATE","HUMAN OTC DRUG","07/17/2017","N/A","OTC MONOGRAPH DRUG","355 mL in 1 BOTTLE (41520-712-40)","Antihistamine [EPC],  Histamine Receptor Antagonists [MoA],  Sigma-1 Agonist [EPC],  Sigma-1 Receptor Agonists [MoA],  Uncompetitive N-methyl-D-aspartate Receptor Antagonist [EPC],  Uncompetitive NMDA Receptor Antagonists [MoA]","N/A","No","12/31/2027"
"CareOne Nighttime Severe Cold and Flu","41520-561-40","650 mg/30mL,                         20  mg/30mL,                         12.5  mg/30mL,                         10  mg/30mL","SOLUTION","ORAL","M012","American Sales Company","41520-561","Acetaminophen, Dextromethorphan HBr, Doxylamine Succinate, Phenylephrine HCl","ACETAMINOPHEN;  DEXTROMETHORPHAN HYDROBROMIDE;  DOXYLAMINE SUCCINATE;  PHENYLEPHRINE HYDROCHLORIDE","HUMAN OTC DRUG","04/11/2016","N/A","OTC MONOGRAPH DRUG","355 mL in 1 BOTTLE (41520-561-40)","Adrenergic alpha1-Agonists [MoA],  Antihistamine [EPC],  Histamine Receptor Antagonists [MoA],  Sigma-1 Agonist [EPC],  Sigma-1 Receptor Agonists [MoA],  Uncompetitive N-methyl-D-aspartate Receptor Antagonist [EPC],  Uncompetitive NMDA Receptor Antagonists [MoA],  alpha-1 Adrenergic Agonist [EPC]","N/A","No","12/31/2026"
"CareOne Nighttime Sleep Aid","41520-634-64","25 mg/1","TABLET","ORAL","ANDA040167","American Sales Company","41520-634","Doxylamine succinate","DOXYLAMINE SUCCINATE","HUMAN OTC DRUG","05/06/2016","N/A","ANDA","32 BLISTER PACK in 1 CARTON (41520-634-64)  / 1 TABLET in 1 BLISTER PACK","Antihistamine [EPC],  Histamine Receptor Antagonists [MoA]","N/A","No","12/31/2026"
"careone tussin dm","41520-826-26","30 mg/20mL,                         12.5  mg/20mL","SOLUTION","ORAL","M012","American Sales Company","41520-826","Dextromethorphan HBr, Doxylamine succinate","DEXTROMETHORPHAN HYDROBROMIDE;  DOXYLAMINE SUCCINATE","HUMAN OTC DRUG","10/22/2018","N/A","OTC MONOGRAPH DRUG","1 BOTTLE in 1 CARTON (41520-826-26)  / 118 mL in 1 BOTTLE","Antihistamine [EPC],  Histamine Receptor Antagonists [MoA],  Sigma-1 Agonist [EPC],  Sigma-1 Receptor Agonists [MoA],  Uncompetitive N-methyl-D-aspartate Receptor Antagonist [EPC],  Uncompetitive NMDA Receptor Antagonists [MoA]","N/A","No","12/31/2026"
"Childrens Cough and Congestion, Childrens Cold and Cough","79903-414-16","","KIT","","M012","WALMART INC.","79903-414","Dextromethorphan HBr, Doxylamine succinate, Guaifenesin","","HUMAN OTC DRUG","05/19/2026","N/A","OTC MONOGRAPH DRUG","1 KIT in 1 PACKAGE (79903-414-16)  / 1 KIT in 1 KIT *  237 mL in 1 BOTTLE, PLASTIC (79903-412-08)  *  237 mL in 1 BOTTLE, PLASTIC (79903-413-08)","N/A","N/A","No","12/31/2027"
"Childrens HoneyWorks Plus Nighttime Cough Syrup","68163-661-04","15 mg/10mL,                         6.25  mg/10mL","SOLUTION","ORAL","M012","RARITAN PHARMACEUTICALS INC","68163-661","dextromethorphan hbr, doxylamine succinate","DEXTROMETHORPHAN HYDROBROMIDE;  DOXYLAMINE SUCCINATE","HUMAN OTC DRUG","02/01/2023","N/A","OTC MONOGRAPH DRUG","1 BOTTLE in 1 CARTON (68163-661-04)  / 118 mL in 1 BOTTLE","Antihistamine [EPC],  Histamine Receptor Antagonists [MoA],  Sigma-1 Agonist [EPC],  Sigma-1 Receptor Agonists [MoA],  Uncompetitive N-methyl-D-aspartate Receptor Antagonist [EPC],  Uncompetitive NMDA Receptor Antagonists [MoA]","N/A","No","12/31/2026"
"Childrens Nighttime Mucus","0363-9360-16","10 mg/1,                         6.25  mg/1","CHEWABLE GEL","ORAL","M012","Walgreens","0363-9360","Dextromethorphan HBr Doxylamine Succinate","DEXTROMETHORPHAN HYDROBROMIDE;  DOXYLAMINE SUCCINATE","HUMAN OTC DRUG","04/30/2026","N/A","OTC MONOGRAPH DRUG","16 CHEWABLE GEL in 1 BOTTLE, PLASTIC (0363-9360-16)","Antihistamine [EPC],  Histamine Receptor Antagonists [MoA],  Sigma-1 Agonist [EPC],  Sigma-1 Receptor Agonists [MoA],  Uncompetitive N-methyl-D-aspartate Receptor Antagonist [EPC],  Uncompetitive NMDA Receptor Antagonists [MoA]","N/A","No","12/31/2027"
"Childrens Robitussin Honey Nighttime Cough DM","0031-8762-12","15 mg/10mL,                         6.25  mg/10mL","SOLUTION","ORAL","M012","Haleon US Holdings LLC","0031-8762","dextromethorphan hbr, doxylamine succinate","DEXTROMETHORPHAN HYDROBROMIDE;  DOXYLAMINE SUCCINATE","HUMAN OTC DRUG","05/27/2019","N/A","OTC MONOGRAPH DRUG","1 BOTTLE in 1 CARTON (0031-8762-12)  / 118 mL in 1 BOTTLE","Antihistamine [EPC],  Histamine Receptor Antagonists [MoA],  Sigma-1 Agonist [EPC],  Sigma-1 Receptor Agonists [MoA],  Uncompetitive N-methyl-D-aspartate Receptor Antagonist [EPC],  Uncompetitive NMDA Receptor Antagonists [MoA]","N/A","No","12/31/2026"
"Circle K Nighttime Cold and Flu","66715-5534-4","650 mg/30mL,                         30  mg/30mL,                         12.5  mg/30mL","LIQUID","ORAL","M012","Lil' Drug Store Products, Inc","66715-5534","Acetaminophen, Dextromethorphan Hydrobromide, and Doxylamine Succinate","ACETAMINOPHEN;  DEXTROMETHORPHAN HYDROBROMIDE;  DOXYLAMINE SUCCINATE","HUMAN OTC DRUG","08/03/2021","02/12/2028","OTC MONOGRAPH DRUG","237 mL in 1 BOTTLE, PLASTIC (66715-5534-4)","Antihistamine [EPC],  Histamine Receptor Antagonists [MoA],  Sigma-1 Agonist [EPC],  Sigma-1 Receptor Agonists [MoA],  Uncompetitive N-methyl-D-aspartate Receptor Antagonist [EPC],  Uncompetitive NMDA Receptor Antagonists [MoA]","N/A","No","N/A"
"Circle K Nighttime Cold and Flu","66715-5572-8","325 mg/1,                         15  mg/1,                         6.25  mg/1","CAPSULE, LIQUID FILLED","ORAL","M012","Lil' Drug Store Products, Inc.","66715-5572","Acetaminophen, Dextromethorphan Hydrobromide, and Doxylamine Succinate","ACETAMINOPHEN;  DEXTROMETHORPHAN HYDROBROMIDE;  DOXYLAMINE SUCCINATE","HUMAN OTC DRUG","06/16/2021","N/A","OTC MONOGRAPH DRUG","8 BLISTER PACK in 1 CARTON (66715-5572-8)  / 2 CAPSULE, LIQUID FILLED in 1 BLISTER PACK","Antihistamine [EPC],  Histamine Receptor Antagonists [MoA],  Sigma-1 Agonist [EPC],  Sigma-1 Receptor Agonists [MoA],  Uncompetitive N-methyl-D-aspartate Receptor Antagonist [EPC],  Uncompetitive NMDA Receptor Antagonists [MoA]","N/A","No","12/31/2026"
"Cold and Flu","0363-0401-40","650 mg/30mL,                         30  mg/30mL,                         12.5  mg/30mL","SOLUTION","ORAL","M012","Walgreen Company","0363-0401","Acetaminophen, Dextromethorphan HBr, Doxylamine succinate","ACETAMINOPHEN;  DEXTROMETHORPHAN HYDROBROMIDE;  DOXYLAMINE SUCCINATE","HUMAN OTC DRUG","08/08/2011","N/A","OTC MONOGRAPH DRUG","355 mL in 1 BOTTLE (0363-0401-40)","Antihistamine [EPC],  Histamine Receptor Antagonists [MoA],  Sigma-1 Agonist [EPC],  Sigma-1 Receptor Agonists [MoA],  Uncompetitive N-methyl-D-aspartate Receptor Antagonist [EPC],  Uncompetitive NMDA Receptor Antagonists [MoA]","N/A","No","12/31/2027"
"Cold and Flu","0363-0566-40","650 mg/30mL,                         30  mg/30mL,                         12.5  mg/30mL","SOLUTION","ORAL","M012","Walgreen Company","0363-0566","Acetaminophen, Dextromethorphan HBr, Doxylamine succinate","ACETAMINOPHEN;  DEXTROMETHORPHAN HYDROBROMIDE;  DOXYLAMINE SUCCINATE","HUMAN OTC DRUG","08/16/2011","N/A","OTC MONOGRAPH DRUG","355 mL in 1 BOTTLE (0363-0566-40)","Antihistamine [EPC],  Histamine Receptor Antagonists [MoA],  Sigma-1 Agonist [EPC],  Sigma-1 Receptor Agonists [MoA],  Uncompetitive N-methyl-D-aspartate Receptor Antagonist [EPC],  Uncompetitive NMDA Receptor Antagonists [MoA]","N/A","No","12/31/2026"
"Cold and Flu","0363-0566-50","650 mg/30mL,                         30  mg/30mL,                         12.5  mg/30mL","SOLUTION","ORAL","M012","Walgreen Company","0363-0566","Acetaminophen, Dextromethorphan HBr, Doxylamine succinate","ACETAMINOPHEN;  DEXTROMETHORPHAN HYDROBROMIDE;  DOXYLAMINE SUCCINATE","HUMAN OTC DRUG","08/16/2011","N/A","OTC MONOGRAPH DRUG","2 BOTTLE in 1 PACKAGE (0363-0566-50)  / 355 mL in 1 BOTTLE","Antihistamine [EPC],  Histamine Receptor Antagonists [MoA],  Sigma-1 Agonist [EPC],  Sigma-1 Receptor Agonists [MoA],  Uncompetitive N-methyl-D-aspartate Receptor Antagonist [EPC],  Uncompetitive NMDA Receptor Antagonists [MoA]","N/A","No","12/31/2026"
"Cold and Flu","0363-1213-02","","KIT","","M012","Walgreen Company","0363-1213","Acetaminophen, Dextromethorphan HBr, Doxylamine succinate, Phenylephrine HCl","","HUMAN OTC DRUG","11/14/2022","07/31/2027","OTC MONOGRAPH DRUG","1 KIT in 1 PACKAGE (0363-1213-02)  *  355 mL in 1 BOTTLE, PLASTIC (0363-9912-02)  *  355 mL in 1 BOTTLE, PLASTIC (0363-9913-02)","N/A","N/A","No","N/A"
"Cold and Flu","0363-1213-99","","KIT","","M012","Walgreen Company","0363-1213","Acetaminophen, Dextromethorphan HBr, Doxylamine succinate, Phenylephrine HCl","","HUMAN OTC DRUG","11/14/2022","N/A","OTC MONOGRAPH DRUG","1 KIT in 1 CARTON (0363-1213-99)  *  355 mL in 1 BOTTLE, PLASTIC (0363-9912-02)  *  355 mL in 1 BOTTLE, PLASTIC (0363-9913-02)","N/A","N/A","No","12/31/2026"
"Cold and Flu","0363-3430-12","650 mg/30mL,                         30  mg/30mL,                         12.5  mg/30mL","LIQUID","ORAL","M012","Walgreens","0363-3430","Acetaminophen, Dextromethorphan Hydrobromide, Doxylamine Succinate","ACETAMINOPHEN;  DEXTROMETHORPHAN HYDROBROMIDE;  DOXYLAMINE SUCCINATE","HUMAN OTC DRUG","07/30/2020","N/A","OTC MONOGRAPH DRUG","355 mL in 1 BOTTLE, PLASTIC (0363-3430-12)","Antihistamine [EPC],  Histamine Receptor Antagonists [MoA],  Sigma-1 Agonist [EPC],  Sigma-1 Receptor Agonists [MoA],  Uncompetitive N-methyl-D-aspartate Receptor Antagonist [EPC],  Uncompetitive NMDA Receptor Antagonists [MoA]","N/A","No","12/31/2026"
"Cold and Flu","0363-6406-22","","KIT","","M012","Walgreen Company","0363-6406","Acetaminophen, Dextromethorphan HBr, Doxylamine succinate, Guaifenesin, Phenylephrine HCl","","HUMAN OTC DRUG","08/01/2015","N/A","OTC MONOGRAPH DRUG","1 KIT in 1 PACKAGE, COMBINATION (0363-6406-22)  *  8 TABLET, FILM COATED in 1 BLISTER PACK *  8 TABLET, FILM COATED in 1 BLISTER PACK","N/A","N/A","No","12/31/2027"
"Cold and Flu","0363-6406-08","","KIT","","M012","Walgreen Company","0363-6406","Acetaminophen, Dextromethorphan HBr, Doxylamine succinate, Guaifenesin, Phenylephrine HCl","","HUMAN OTC DRUG","08/01/2015","N/A","OTC MONOGRAPH DRUG","1 KIT in 1 PACKAGE, COMBINATION (0363-6406-08)  *  8 TABLET, FILM COATED in 1 BLISTER PACK *  8 TABLET, FILM COATED in 1 BLISTER PACK","N/A","N/A","No","12/31/2027"
"Cold and Flu","0363-9011-24","","KIT","","M012","Walgreens","0363-9011","Acetaminophen, Dextromethorphan HBr, Doxylamine Succinate, Phenylephrine HCl","","HUMAN OTC DRUG","08/24/2021","11/30/2026","OTC MONOGRAPH DRUG","1 KIT in 1 PACKAGE, COMBINATION (0363-9011-24)  *  8 CAPSULE, LIQUID FILLED in 1 BLISTER PACK *  8 CAPSULE, LIQUID FILLED in 1 BLISTER PACK","N/A","N/A","No","N/A"
"Cold and Flu","0363-9012-48","","KIT","","M012","Walgreens","0363-9012","Acetaminophen, Dextromethorphan HBr, Doxylamine Succinate, Phenylephrine HCl","","HUMAN OTC DRUG","08/24/2021","N/A","OTC MONOGRAPH DRUG","1 KIT in 1 PACKAGE, COMBINATION (0363-9012-48)  *  8 CAPSULE, LIQUID FILLED in 1 BLISTER PACK *  8 CAPSULE, LIQUID FILLED in 1 BLISTER PACK","N/A","N/A","No","12/31/2027"
"Cold and Flu","0363-9913-96","650 mg/30mL,                         30  mg/30mL,                         12.5  mg/30mL","SOLUTION","ORAL","M012","Walgreen Company","0363-9913","Acetaminophen, Dextromethorphan HBr, Doxylamine succinate","ACETAMINOPHEN;  DEXTROMETHORPHAN HYDROBROMIDE;  DOXYLAMINE SUCCINATE","HUMAN OTC DRUG","11/14/2022","01/31/2027","OTC MONOGRAPH DRUG","2 BOTTLE, PLASTIC in 1 PACKAGE (0363-9913-96)  / 355 mL in 1 BOTTLE, PLASTIC (0363-9913-02)","Antihistamine [EPC],  Histamine Receptor Antagonists [MoA],  Sigma-1 Agonist [EPC],  Sigma-1 Receptor Agonists [MoA],  Uncompetitive N-methyl-D-aspartate Receptor Antagonist [EPC],  Uncompetitive NMDA Receptor Antagonists [MoA]","N/A","No","12/31/2027"
"Cold and Flu","0363-9913-99","650 mg/30mL,                         30  mg/30mL,                         12.5  mg/30mL","SOLUTION","ORAL","M012","Walgreen Company","0363-9913","Acetaminophen, Dextromethorphan HBr, Doxylamine succinate","ACETAMINOPHEN;  DEXTROMETHORPHAN HYDROBROMIDE;  DOXYLAMINE SUCCINATE","HUMAN OTC DRUG","11/14/2022","N/A","OTC MONOGRAPH DRUG","2 BOTTLE, PLASTIC in 1 CARTON (0363-9913-99)  / 355 mL in 1 BOTTLE, PLASTIC (0363-9913-02)","Antihistamine [EPC],  Histamine Receptor Antagonists [MoA],  Sigma-1 Agonist [EPC],  Sigma-1 Receptor Agonists [MoA],  Uncompetitive N-methyl-D-aspartate Receptor Antagonist [EPC],  Uncompetitive NMDA Receptor Antagonists [MoA]","N/A","No","12/31/2027"
"Cold and Flu","0363-9913-02","650 mg/30mL,                         30  mg/30mL,                         12.5  mg/30mL","SOLUTION","ORAL","M012","Walgreen Company","0363-9913","Acetaminophen, Dextromethorphan HBr, Doxylamine succinate","ACETAMINOPHEN;  DEXTROMETHORPHAN HYDROBROMIDE;  DOXYLAMINE SUCCINATE","HUMAN OTC DRUG","11/14/2022","N/A","OTC MONOGRAPH DRUG","355 mL in 1 BOTTLE, PLASTIC (0363-9913-02)","Antihistamine [EPC],  Histamine Receptor Antagonists [MoA],  Sigma-1 Agonist [EPC],  Sigma-1 Receptor Agonists [MoA],  Uncompetitive N-methyl-D-aspartate Receptor Antagonist [EPC],  Uncompetitive NMDA Receptor Antagonists [MoA]","N/A","No","12/31/2027"
"Cold and Flu","37835-524-02","650 mg/30mL,                         30  mg/30mL,                         12.5  mg/30mL","SOLUTION","ORAL","M012","Bi-Mart","37835-524","Acetaminophen, Dextromethorphan HBr, Doxylamine succinate","ACETAMINOPHEN;  DEXTROMETHORPHAN HYDROBROMIDE;  DOXYLAMINE SUCCINATE","HUMAN OTC DRUG","01/19/2023","N/A","OTC MONOGRAPH DRUG","355 mL in 1 BOTTLE, PLASTIC (37835-524-02)","Antihistamine [EPC],  Histamine Receptor Antagonists [MoA],  Sigma-1 Agonist [EPC],  Sigma-1 Receptor Agonists [MoA],  Uncompetitive N-methyl-D-aspartate Receptor Antagonist [EPC],  Uncompetitive NMDA Receptor Antagonists [MoA]","N/A","No","12/31/2026"
"cold and flu","42507-001-40","650 mg/30mL,                         30  mg/30mL,                         12.5  mg/30mL","SOLUTION","ORAL","M012","HyVee Inc","42507-001","Acetaminophen, Dextromethorphan HBr, Doxylamine succinate","ACETAMINOPHEN;  DEXTROMETHORPHAN HYDROBROMIDE;  DOXYLAMINE SUCCINATE","HUMAN OTC DRUG","05/06/2015","N/A","OTC MONOGRAPH DRUG","355 mL in 1 BOTTLE (42507-001-40)","Antihistamine [EPC],  Histamine Receptor Antagonists [MoA],  Sigma-1 Agonist [EPC],  Sigma-1 Receptor Agonists [MoA],  Uncompetitive N-methyl-D-aspartate Receptor Antagonist [EPC],  Uncompetitive NMDA Receptor Antagonists [MoA]","N/A","No","12/31/2027"
"Cold and Flu","42507-056-62","325 mg/1,                         15  mg/1,                         6.25  mg/1","CAPSULE, LIQUID FILLED","ORAL","M012","HyVee Inc","42507-056","Acetaminophen, Dextromethorphan HBr, Doxylamine succinate","ACETAMINOPHEN;  DEXTROMETHORPHAN HYDROBROMIDE;  DOXYLAMINE SUCCINATE","HUMAN OTC DRUG","03/24/2014","N/A","OTC MONOGRAPH DRUG","12 BLISTER PACK in 1 CARTON (42507-056-62)  / 2 CAPSULE, LIQUID FILLED in 1 BLISTER PACK","Antihistamine [EPC],  Histamine Receptor Antagonists [MoA],  Sigma-1 Agonist [EPC],  Sigma-1 Receptor Agonists [MoA],  Uncompetitive N-methyl-D-aspartate Receptor Antagonist [EPC],  Uncompetitive NMDA Receptor Antagonists [MoA]","N/A","No","12/31/2027"
"Cold and Flu","42507-401-40","650 mg/30mL,                         30  mg/30mL,                         12.5  mg/30mL","SOLUTION","ORAL","M012","HyVee Inc","42507-401","Acetaminophen, Dextromethorphan HBr, Doxylamine succinate","ACETAMINOPHEN;  DEXTROMETHORPHAN HYDROBROMIDE;  DOXYLAMINE SUCCINATE","HUMAN OTC DRUG","01/15/2014","N/A","OTC MONOGRAPH DRUG","355 mL in 1 BOTTLE (42507-401-40)","Antihistamine [EPC],  Histamine Receptor Antagonists [MoA],  Sigma-1 Agonist [EPC],  Sigma-1 Receptor Agonists [MoA],  Uncompetitive N-methyl-D-aspartate Receptor Antagonist [EPC],  Uncompetitive NMDA Receptor Antagonists [MoA]","N/A","No","12/31/2027"
"Cold and Flu","51316-123-96","","KIT","","M012","CVS WOONSOCKET PRESCRIPTION CENTER, INCORPORATED","51316-123","Acetaminophen, Dextromethorphan HBr, Doxylamine succinate, Phenylephrine HCl","","HUMAN OTC DRUG","07/28/2023","N/A","OTC MONOGRAPH DRUG","1 KIT in 1 CARTON (51316-123-96)  *  355 mL in 1 BOTTLE, PLASTIC (51316-120-02)  *  355 mL in 1 BOTTLE, PLASTIC (51316-130-02)","N/A","N/A","No","12/31/2027"
"Cold and Flu","51316-123-02","","KIT","","M012","CVS WOONSOCKET PRESCRIPTION CENTER, INCORPORATED","51316-123","Acetaminophen, Dextromethorphan HBr, Doxylamine succinate, Phenylephrine HCl","","HUMAN OTC DRUG","07/28/2023","03/31/2028","OTC MONOGRAPH DRUG","1 KIT in 1 PACKAGE (51316-123-02)  *  355 mL in 1 BOTTLE, PLASTIC (51316-120-02)  *  355 mL in 1 BOTTLE, PLASTIC (51316-130-02)","N/A","N/A","No","12/31/2027"
"Cold and Flu","55301-310-02","650 mg/30mL,                         30  mg/30mL,                         12.5  mg/30mL","SOLUTION","ORAL","M012","ARMY AND AIR FORCE EXCHANGE SERVICE","55301-310","Acetaminophen, Dextromethorphan HBr, Doxylamine succinate","ACETAMINOPHEN;  DEXTROMETHORPHAN HYDROBROMIDE;  DOXYLAMINE SUCCINATE","HUMAN OTC DRUG","08/13/2024","N/A","OTC MONOGRAPH DRUG","355 mL in 1 BOTTLE, PLASTIC (55301-310-02)","Antihistamine [EPC],  Histamine Receptor Antagonists [MoA],  Sigma-1 Agonist [EPC],  Sigma-1 Receptor Agonists [MoA],  Uncompetitive N-methyl-D-aspartate Receptor Antagonist [EPC],  Uncompetitive NMDA Receptor Antagonists [MoA]","N/A","No","12/31/2027"
"Cold and Flu","55910-443-12","650 mg/30mL,                         30  mg/30mL,                         12.5  mg/30mL","LIQUID","ORAL","M012","Dolgencorp, Inc. (DOLLAR GENERAL & REXALL)","55910-443","Acetaminophen, Dextromethorphan Hydrobromide, Doxylamine Succinate","ACETAMINOPHEN;  DEXTROMETHORPHAN HYDROBROMIDE;  DOXYLAMINE SUCCINATE","HUMAN OTC DRUG","03/31/2018","N/A","OTC MONOGRAPH DRUG","355 mL in 1 BOTTLE, PLASTIC (55910-443-12)","Antihistamine [EPC],  Histamine Receptor Antagonists [MoA],  Sigma-1 Agonist [EPC],  Sigma-1 Receptor Agonists [MoA],  Uncompetitive N-methyl-D-aspartate Receptor Antagonist [EPC],  Uncompetitive NMDA Receptor Antagonists [MoA]","N/A","No","12/31/2026"
"Cold and Flu","63868-140-12","650 mg/30mL,                         30  mg/30mL,                         12.5  mg/30mL","LIQUID","ORAL","M012","QUALITY CHOICE (Chain Drug Marketing Association)","63868-140","Acetaminophen, Dextromethorphan Hydrobromide, Doxylamine Succinate","ACETAMINOPHEN;  DEXTROMETHORPHAN HYDROBROMIDE;  DOXYLAMINE SUCCINATE","HUMAN OTC DRUG","03/31/2016","03/31/2027","OTC MONOGRAPH DRUG","355 mL in 1 BOTTLE, PLASTIC (63868-140-12)","Antihistamine [EPC],  Histamine Receptor Antagonists [MoA],  Sigma-1 Agonist [EPC],  Sigma-1 Receptor Agonists [MoA],  Uncompetitive N-methyl-D-aspartate Receptor Antagonist [EPC],  Uncompetitive NMDA Receptor Antagonists [MoA]","N/A","No","N/A"
"Cold and Flu","63868-140-08","650 mg/30mL,                         30  mg/30mL,                         12.5  mg/30mL","LIQUID","ORAL","M012","QUALITY CHOICE (Chain Drug Marketing Association)","63868-140","Acetaminophen, Dextromethorphan Hydrobromide, Doxylamine Succinate","ACETAMINOPHEN;  DEXTROMETHORPHAN HYDROBROMIDE;  DOXYLAMINE SUCCINATE","HUMAN OTC DRUG","03/31/2016","03/31/2027","OTC MONOGRAPH DRUG","237 mL in 1 BOTTLE, PLASTIC (63868-140-08)","Antihistamine [EPC],  Histamine Receptor Antagonists [MoA],  Sigma-1 Agonist [EPC],  Sigma-1 Receptor Agonists [MoA],  Uncompetitive N-methyl-D-aspartate Receptor Antagonist [EPC],  Uncompetitive NMDA Receptor Antagonists [MoA]","N/A","No","N/A"
"Cold and Flu","63868-234-08","650 mg/30mL,                         30  mg/30mL,                         12.5  mg/30mL","LIQUID","ORAL","M012","QUALITY CHOICE (Chain Drug Marketing Association)","63868-234","Acetaminophen, Dextromethorphan Hydrobromide, Doxylamine Succinate","ACETAMINOPHEN;  DEXTROMETHORPHAN HYDROBROMIDE;  DOXYLAMINE SUCCINATE","HUMAN OTC DRUG","08/31/2016","03/31/2027","OTC MONOGRAPH DRUG","237 mL in 1 BOTTLE, PLASTIC (63868-234-08)","Antihistamine [EPC],  Histamine Receptor Antagonists [MoA],  Sigma-1 Agonist [EPC],  Sigma-1 Receptor Agonists [MoA],  Uncompetitive N-methyl-D-aspartate Receptor Antagonist [EPC],  Uncompetitive NMDA Receptor Antagonists [MoA]","N/A","No","N/A"
"Cold and Flu","63868-234-12","650 mg/30mL,                         30  mg/30mL,                         12.5  mg/30mL","LIQUID","ORAL","M012","QUALITY CHOICE (Chain Drug Marketing Association)","63868-234","Acetaminophen, Dextromethorphan Hydrobromide, Doxylamine Succinate","ACETAMINOPHEN;  DEXTROMETHORPHAN HYDROBROMIDE;  DOXYLAMINE SUCCINATE","HUMAN OTC DRUG","08/31/2016","03/31/2027","OTC MONOGRAPH DRUG","355 mL in 1 BOTTLE, PLASTIC (63868-234-12)","Antihistamine [EPC],  Histamine Receptor Antagonists [MoA],  Sigma-1 Agonist [EPC],  Sigma-1 Receptor Agonists [MoA],  Uncompetitive N-methyl-D-aspartate Receptor Antagonist [EPC],  Uncompetitive NMDA Receptor Antagonists [MoA]","N/A","No","N/A"
"Cold and Flu","63941-343-12","650 mg/30mL,                         30  mg/30mL,                         12.5  mg/30mL","LIQUID","ORAL","M012","Best Choice (Valu Merchandisers Company)","63941-343","Acetaminophen, Dextromethorphan HBr, Doxylamine Succinate","ACETAMINOPHEN;  DEXTROMETHORPHAN HYDROBROMIDE;  DOXYLAMINE SUCCINATE","HUMAN OTC DRUG","10/31/2016","10/31/2027","OTC MONOGRAPH DRUG","355 mL in 1 BOTTLE, PLASTIC (63941-343-12)","Antihistamine [EPC],  Histamine Receptor Antagonists [MoA],  Sigma-1 Agonist [EPC],  Sigma-1 Receptor Agonists [MoA],  Uncompetitive N-methyl-D-aspartate Receptor Antagonist [EPC],  Uncompetitive NMDA Receptor Antagonists [MoA]","N/A","No","N/A"
"Cold and Flu","63941-343-08","650 mg/30mL,                         30  mg/30mL,                         12.5  mg/30mL","LIQUID","ORAL","M012","Best Choice (Valu Merchandisers Company)","63941-343","Acetaminophen, Dextromethorphan HBr, Doxylamine Succinate","ACETAMINOPHEN;  DEXTROMETHORPHAN HYDROBROMIDE;  DOXYLAMINE SUCCINATE","HUMAN OTC DRUG","10/31/2016","10/31/2027","OTC MONOGRAPH DRUG","237 mL in 1 BOTTLE, PLASTIC (63941-343-08)","Antihistamine [EPC],  Histamine Receptor Antagonists [MoA],  Sigma-1 Agonist [EPC],  Sigma-1 Receptor Agonists [MoA],  Uncompetitive N-methyl-D-aspartate Receptor Antagonist [EPC],  Uncompetitive NMDA Receptor Antagonists [MoA]","N/A","No","N/A"
"Cold and Flu","63941-344-08","650 mg/30mL,                         30  mg/30mL,                         12.5  mg/30mL","LIQUID","ORAL","M012","Best Choice (Valu Merchandisers Company)","63941-344","Acetaminophen, Dextromethorphan HBr, Doxylamine Succinate","ACETAMINOPHEN;  DEXTROMETHORPHAN HYDROBROMIDE;  DOXYLAMINE SUCCINATE","HUMAN OTC DRUG","10/31/2016","07/28/2027","OTC MONOGRAPH DRUG","237 mL in 1 BOTTLE, PLASTIC (63941-344-08)","Antihistamine [EPC],  Histamine Receptor Antagonists [MoA],  Sigma-1 Agonist [EPC],  Sigma-1 Receptor Agonists [MoA],  Uncompetitive N-methyl-D-aspartate Receptor Antagonist [EPC],  Uncompetitive NMDA Receptor Antagonists [MoA]","N/A","No","N/A"
"Cold and Flu","63941-344-12","650 mg/30mL,                         30  mg/30mL,                         12.5  mg/30mL","LIQUID","ORAL","M012","Best Choice (Valu Merchandisers Company)","63941-344","Acetaminophen, Dextromethorphan HBr, Doxylamine Succinate","ACETAMINOPHEN;  DEXTROMETHORPHAN HYDROBROMIDE;  DOXYLAMINE SUCCINATE","HUMAN OTC DRUG","10/31/2016","07/28/2027","OTC MONOGRAPH DRUG","355 mL in 1 BOTTLE, PLASTIC (63941-344-12)","Antihistamine [EPC],  Histamine Receptor Antagonists [MoA],  Sigma-1 Agonist [EPC],  Sigma-1 Receptor Agonists [MoA],  Uncompetitive N-methyl-D-aspartate Receptor Antagonist [EPC],  Uncompetitive NMDA Receptor Antagonists [MoA]","N/A","No","N/A"
"Cold and Flu","70000-0673-1","650 mg/30mL,                         30  mg/30mL,                         12.5  mg/30mL","SOLUTION","ORAL","M012","Cardinal Health 110, LLC. DBA Leader","70000-0673","Acetaminophen, Dextromethorphan HBr, Doxylamine succinate","ACETAMINOPHEN;  DEXTROMETHORPHAN HYDROBROMIDE;  DOXYLAMINE SUCCINATE","HUMAN OTC DRUG","08/02/2024","N/A","OTC MONOGRAPH DRUG","355 mL in 1 BOTTLE, PLASTIC (70000-0673-1)","Antihistamine [EPC],  Histamine Receptor Antagonists [MoA],  Sigma-1 Agonist [EPC],  Sigma-1 Receptor Agonists [MoA],  Uncompetitive N-methyl-D-aspartate Receptor Antagonist [EPC],  Uncompetitive NMDA Receptor Antagonists [MoA]","N/A","No","12/31/2027"
"Cold and Flu","71141-180-32","650 mg/30mL,                         30  mg/30mL,                         12.5  mg/30mL","SOLUTION","ORAL","M012","Lidl US LLC","71141-180","Acetaminophen, Dextromethorphan HBr, Doxylamine succinate","ACETAMINOPHEN;  DEXTROMETHORPHAN HYDROBROMIDE;  DOXYLAMINE SUCCINATE","HUMAN OTC DRUG","07/07/2023","N/A","OTC MONOGRAPH DRUG","355 mL in 1 BOTTLE, PLASTIC (71141-180-32)","Antihistamine [EPC],  Histamine Receptor Antagonists [MoA],  Sigma-1 Agonist [EPC],  Sigma-1 Receptor Agonists [MoA],  Uncompetitive N-methyl-D-aspartate Receptor Antagonist [EPC],  Uncompetitive NMDA Receptor Antagonists [MoA]","N/A","No","12/31/2027"
"COLD AND FLU DAYTIME-NIGHTTIME","11673-984-24","","KIT","","M012","TARGET CORP","11673-984","ACETAMINOPHEN, DEXTROMETHORPHAN HBR, DOXYLAMINE SUCCINATE, PHENYLEPHRINE HCL","","HUMAN OTC DRUG","06/03/2020","N/A","OTC MONOGRAPH DRUG","24 BLISTER PACK in 1 CARTON (11673-984-24)  / 1 KIT in 1 BLISTER PACK *  2 BLISTER PACK in 1 CARTON / 4 CAPSULE, LIQUID FILLED in 1 BLISTER PACK *  8 CAPSULE, LIQUID FILLED in 1 BLISTER PACK","N/A","N/A","No","12/31/2026"
"COLD AND FLU MULTI-SYMPTOM RELIEF/COLD AND FLU NIGHTTIME RELIEF","68016-879-48","","KIT","","M012","Chain Drug Consortium, LLC","68016-879","acetaminophen, phenylephrine hydrochloride, dextromethorphan hydrobromide, and doxylamine succinate","","HUMAN OTC DRUG","07/12/2019","N/A","OTC MONOGRAPH DRUG","1 KIT in 1 PACKAGE (68016-879-48)  *  16 BLISTER PACK in 1 CARTON / 2 CAPSULE in 1 BLISTER PACK *  8 BLISTER PACK in 1 CARTON / 2 CAPSULE in 1 BLISTER PACK","N/A","N/A","No","12/31/2026"
"Cold and Flu Nighttime Relief","50844-252-02","650 mg/30mL,                         30  mg/30mL,                         12.5  mg/30mL","SOLUTION","ORAL","M012","L.N.K. International, Inc.","50844-252","Acetaminophen, Dextromethorphan HBr, Doxylamine succinate","ACETAMINOPHEN;  DEXTROMETHORPHAN HYDROBROMIDE;  DOXYLAMINE SUCCINATE","HUMAN OTC DRUG","07/14/2019","N/A","OTC MONOGRAPH DRUG","355 mL in 1 BOTTLE (50844-252-02)","Antihistamine [EPC],  Histamine Receptor Antagonists [MoA],  Sigma-1 Agonist [EPC],  Sigma-1 Receptor Agonists [MoA],  Uncompetitive N-methyl-D-aspartate Receptor Antagonist [EPC],  Uncompetitive NMDA Receptor Antagonists [MoA]","N/A","No","12/31/2027"
"Cold and Flu Nighttime Relief","50844-252-45","650 mg/30mL,                         30  mg/30mL,                         12.5  mg/30mL","SOLUTION","ORAL","M012","L.N.K. International, Inc.","50844-252","Acetaminophen, Dextromethorphan HBr, Doxylamine succinate","ACETAMINOPHEN;  DEXTROMETHORPHAN HYDROBROMIDE;  DOXYLAMINE SUCCINATE","HUMAN OTC DRUG","07/14/2019","N/A","OTC MONOGRAPH DRUG","177 mL in 1 BOTTLE, PLASTIC (50844-252-45)","Antihistamine [EPC],  Histamine Receptor Antagonists [MoA],  Sigma-1 Agonist [EPC],  Sigma-1 Receptor Agonists [MoA],  Uncompetitive N-methyl-D-aspartate Receptor Antagonist [EPC],  Uncompetitive NMDA Receptor Antagonists [MoA]","N/A","No","12/31/2027"
"COLD AND FLU NIGHTTIME SEVERE","11673-983-24","5 mg/1,                         325  mg/1,                         10  mg/1,                         6.25  mg/1","CAPSULE, LIQUID FILLED","ORAL","M012","TARGET CORP","11673-983","ACETAMINOPHEN, DEXTROMETHORPHAN HBR, DOXYLAMINE SUCCINATE, PHENYLEPHRINE HCL","ACETAMINOPHEN;  DEXTROMETHORPHAN HYDROBROMIDE;  DOXYLAMINE SUCCINATE;  PHENYLEPHRINE HYDROCHLORIDE","HUMAN OTC DRUG","06/01/2020","N/A","OTC MONOGRAPH DRUG","2 BLISTER PACK in 1 CARTON (11673-983-24)  / 12 CAPSULE, LIQUID FILLED in 1 BLISTER PACK","Adrenergic alpha1-Agonists [MoA],  Antihistamine [EPC],  Histamine Receptor Antagonists [MoA],  Sigma-1 Agonist [EPC],  Sigma-1 Receptor Agonists [MoA],  Uncompetitive N-methyl-D-aspartate Receptor Antagonist [EPC],  Uncompetitive NMDA Receptor Antagonists [MoA],  alpha-1 Adrenergic Agonist [EPC]","N/A","No","12/31/2026"
"COLD AND FLU NIGHTTIME SEVERE","11673-983-08","5 mg/1,                         325  mg/1,                         10  mg/1,                         6.25  mg/1","CAPSULE, LIQUID FILLED","ORAL","M012","TARGET CORP","11673-983","ACETAMINOPHEN, DEXTROMETHORPHAN HBR, DOXYLAMINE SUCCINATE, PHENYLEPHRINE HCL","ACETAMINOPHEN;  DEXTROMETHORPHAN HYDROBROMIDE;  DOXYLAMINE SUCCINATE;  PHENYLEPHRINE HYDROCHLORIDE","HUMAN OTC DRUG","06/01/2020","N/A","OTC MONOGRAPH DRUG","1 BLISTER PACK in 1 CARTON (11673-983-08)  / 8 CAPSULE, LIQUID FILLED in 1 BLISTER PACK","Adrenergic alpha1-Agonists [MoA],  Antihistamine [EPC],  Histamine Receptor Antagonists [MoA],  Sigma-1 Agonist [EPC],  Sigma-1 Receptor Agonists [MoA],  Uncompetitive N-methyl-D-aspartate Receptor Antagonist [EPC],  Uncompetitive NMDA Receptor Antagonists [MoA],  alpha-1 Adrenergic Agonist [EPC]","N/A","No","12/31/2026"
"Cold and Flu Nighttime Severe","29485-5053-6","325 mg/1,                         10  mg/1,                         6.25  mg/1,                         5  mg/1","TABLET, FILM COATED","ORAL","M012","Lil' Drug Store Products, Inc.","29485-5053","Acetaminophen, Dextromethorphan HBr, Doxylamine Succinate, Phenylephrine HCl","ACETAMINOPHEN;  DEXTROMETHORPHAN HYDROBROMIDE;  DOXYLAMINE SUCCINATE;  PHENYLEPHRINE HYDROCHLORIDE","HUMAN OTC DRUG","10/27/2021","N/A","OTC MONOGRAPH DRUG","6 BLISTER PACK in 1 CARTON (29485-5053-6)  / 6 TABLET, FILM COATED in 1 BLISTER PACK","Adrenergic alpha1-Agonists [MoA],  Antihistamine [EPC],  Histamine Receptor Antagonists [MoA],  Sigma-1 Agonist [EPC],  Sigma-1 Receptor Agonists [MoA],  Uncompetitive N-methyl-D-aspartate Receptor Antagonist [EPC],  Uncompetitive NMDA Receptor Antagonists [MoA],  alpha-1 Adrenergic Agonist [EPC]","N/A","No","12/31/2026"
"Cold and Flu Nighttime Severe","50844-677-21","325 mg/1,                         10  mg/1,                         6.25  mg/1,                         5  mg/1","TABLET, FILM COATED","ORAL","M012","L.N.K. International, Inc.","50844-677","Acetaminophen, Dextromethorphan HBr, Doxylamine succinate, Phenylephrine HCl","ACETAMINOPHEN;  DEXTROMETHORPHAN HYDROBROMIDE;  DOXYLAMINE SUCCINATE;  PHENYLEPHRINE HYDROCHLORIDE","HUMAN OTC DRUG","02/07/2022","N/A","OTC MONOGRAPH DRUG","2 BLISTER PACK in 1 CARTON (50844-677-21)  / 8 TABLET, FILM COATED in 1 BLISTER PACK","Adrenergic alpha1-Agonists [MoA],  Antihistamine [EPC],  Histamine Receptor Antagonists [MoA],  Sigma-1 Agonist [EPC],  Sigma-1 Receptor Agonists [MoA],  Uncompetitive N-methyl-D-aspartate Receptor Antagonist [EPC],  Uncompetitive NMDA Receptor Antagonists [MoA],  alpha-1 Adrenergic Agonist [EPC]","N/A","No","12/31/2027"
"Cold and Flu Nighttime Severe, 24-7 Life","66715-6516-8","325 mg/1,                         10  mg/1,                         6.25  mg/1,                         5  mg/1","TABLET, FILM COATED","ORAL","M012","Lil' Drug Store products, Inc.","66715-6516","acetaminophen, dextromethorphan hbr, doxylamine succinate, phenylephrine hcl","ACETAMINOPHEN;  DEXTROMETHORPHAN HYDROBROMIDE;  DOXYLAMINE SUCCINATE;  PHENYLEPHRINE HYDROCHLORIDE","HUMAN OTC DRUG","04/19/2022","N/A","OTC MONOGRAPH DRUG","2 BLISTER PACK in 1 CARTON (66715-6516-8)  / 8 TABLET, FILM COATED in 1 BLISTER PACK","Adrenergic alpha1-Agonists [MoA],  Antihistamine [EPC],  Histamine Receptor Antagonists [MoA],  Sigma-1 Agonist [EPC],  Sigma-1 Receptor Agonists [MoA],  Uncompetitive N-methyl-D-aspartate Receptor Antagonist [EPC],  Uncompetitive NMDA Receptor Antagonists [MoA],  alpha-1 Adrenergic Agonist [EPC]","N/A","No","12/31/2026"
"Cold and Flu plus Congestion","79903-191-12","650 mg/30mL,                         20  mg/30mL,                         12.5  mg/30mL,                         10  mg/30mL","SOLUTION","ORAL","M012","WALMART INC.","79903-191","Acetaminophen, Dextromethorphan HBr, Doxylamine succinate, Phenylephrine HCl","ACETAMINOPHEN;  DEXTROMETHORPHAN HYDROBROMIDE;  DOXYLAMINE SUCCINATE;  PHENYLEPHRINE HYDROCHLORIDE","HUMAN OTC DRUG","08/16/2023","N/A","OTC MONOGRAPH DRUG","355 mL in 1 BOTTLE, PLASTIC (79903-191-12)","Adrenergic alpha1-Agonists [MoA],  Antihistamine [EPC],  Histamine Receptor Antagonists [MoA],  Sigma-1 Agonist [EPC],  Sigma-1 Receptor Agonists [MoA],  Uncompetitive N-methyl-D-aspartate Receptor Antagonist [EPC],  Uncompetitive NMDA Receptor Antagonists [MoA],  alpha-1 Adrenergic Agonist [EPC]","N/A","No","12/31/2027"
"Cold and Flu Relief","11822-5832-3","650 mg/30mL,                         30  mg/30mL,                         12.5  mg/30mL","LIQUID","ORAL","M012","Rite Aid Corporation","11822-5832","Acetaminophen, Dextromethorphan Hydrobromide, Doxylamine Succinate","ACETAMINOPHEN;  DEXTROMETHORPHAN HYDROBROMIDE;  DOXYLAMINE SUCCINATE","HUMAN OTC DRUG","12/27/2019","12/27/2026","OTC MONOGRAPH DRUG","2 BOTTLE, PLASTIC in 1 PACKAGE (11822-5832-3)  / 355 mL in 1 BOTTLE, PLASTIC","Antihistamine [EPC],  Histamine Receptor Antagonists [MoA],  Sigma-1 Agonist [EPC],  Sigma-1 Receptor Agonists [MoA],  Uncompetitive N-methyl-D-aspartate Receptor Antagonist [EPC],  Uncompetitive NMDA Receptor Antagonists [MoA]","N/A","No","N/A"
"Cold and Flu Relief","11822-5832-2","650 mg/30mL,                         30  mg/30mL,                         12.5  mg/30mL","LIQUID","ORAL","M012","Rite Aid Corporation","11822-5832","Acetaminophen, Dextromethorphan Hydrobromide, Doxylamine Succinate","ACETAMINOPHEN;  DEXTROMETHORPHAN HYDROBROMIDE;  DOXYLAMINE SUCCINATE","HUMAN OTC DRUG","12/27/2019","12/27/2026","OTC MONOGRAPH DRUG","355 mL in 1 BOTTLE, PLASTIC (11822-5832-2)","Antihistamine [EPC],  Histamine Receptor Antagonists [MoA],  Sigma-1 Agonist [EPC],  Sigma-1 Receptor Agonists [MoA],  Uncompetitive N-methyl-D-aspartate Receptor Antagonist [EPC],  Uncompetitive NMDA Receptor Antagonists [MoA]","N/A","No","N/A"
"Cold and Flu Relief","11822-5832-1","650 mg/30mL,                         30  mg/30mL,                         12.5  mg/30mL","LIQUID","ORAL","M012","Rite Aid Corporation","11822-5832","Acetaminophen, Dextromethorphan Hydrobromide, Doxylamine Succinate","ACETAMINOPHEN;  DEXTROMETHORPHAN HYDROBROMIDE;  DOXYLAMINE SUCCINATE","HUMAN OTC DRUG","12/27/2019","12/27/2026","OTC MONOGRAPH DRUG","237 mL in 1 BOTTLE, PLASTIC (11822-5832-1)","Antihistamine [EPC],  Histamine Receptor Antagonists [MoA],  Sigma-1 Agonist [EPC],  Sigma-1 Receptor Agonists [MoA],  Uncompetitive N-methyl-D-aspartate Receptor Antagonist [EPC],  Uncompetitive NMDA Receptor Antagonists [MoA]","N/A","No","N/A"
"COLD AND FLU RELIEF","21130-603-40","650 mg/30mL,                         30  mg/30mL,                         12.5  mg/30mL","SOLUTION","ORAL","M012","Safeway","21130-603","Acetaminophen, Dextromethorphan Hydrobromide, Doxylamine Succinate","ACETAMINOPHEN;  DEXTROMETHORPHAN HYDROBROMIDE;  DOXYLAMINE SUCCINATE","HUMAN OTC DRUG","06/10/2026","N/A","OTC MONOGRAPH DRUG","355 mL in 1 BOTTLE (21130-603-40)","Antihistamine [EPC],  Histamine Receptor Antagonists [MoA],  Sigma-1 Agonist [EPC],  Sigma-1 Receptor Agonists [MoA],  Uncompetitive N-methyl-D-aspartate Receptor Antagonist [EPC],  Uncompetitive NMDA Receptor Antagonists [MoA]","N/A","No","12/31/2027"
"Cold and Flu Relief","21130-849-24","325 mg/1,                         15  mg/1,                         6.25  mg/1","CAPSULE, LIQUID FILLED","ORAL","M012","Safeway, Inc.","21130-849","ACETAMINOPHEN, DEXTROMETHORPHAN HYDROBROMIDE, DOXYLAMINE SUCCINATE","ACETAMINOPHEN;  DEXTROMETHORPHAN HYDROBROMIDE;  DOXYLAMINE SUCCINATE","HUMAN OTC DRUG","06/30/2019","N/A","OTC MONOGRAPH DRUG","24 BLISTER PACK in 1 CARTON (21130-849-24)  / 1 CAPSULE, LIQUID FILLED in 1 BLISTER PACK","Antihistamine [EPC],  Histamine Receptor Antagonists [MoA],  Sigma-1 Agonist [EPC],  Sigma-1 Receptor Agonists [MoA],  Uncompetitive N-methyl-D-aspartate Receptor Antagonist [EPC],  Uncompetitive NMDA Receptor Antagonists [MoA]","N/A","No","12/31/2026"
"Cold and Flu Relief","55910-149-48","325 mg/1,                         15  mg/1,                         6.25  mg/1","CAPSULE, LIQUID FILLED","ORAL","M012","Dolgencorp, Inc. (DOLLAR GENERAL & REXALL)","55910-149","Acetaminophen, Dextromethorphan HBr, Doxylamine Succinate","ACETAMINOPHEN;  DEXTROMETHORPHAN HYDROBROMIDE;  DOXYLAMINE SUCCINATE","HUMAN OTC DRUG","12/27/2019","N/A","OTC MONOGRAPH DRUG","48 BLISTER PACK in 1 CARTON (55910-149-48)  / 1 CAPSULE, LIQUID FILLED in 1 BLISTER PACK","Antihistamine [EPC],  Histamine Receptor Antagonists [MoA],  Sigma-1 Agonist [EPC],  Sigma-1 Receptor Agonists [MoA],  Uncompetitive N-methyl-D-aspartate Receptor Antagonist [EPC],  Uncompetitive NMDA Receptor Antagonists [MoA]","N/A","No","12/31/2026"
"Cold and Flu Relief","55910-599-48","325 mg/1,                         15  mg/1,                         6.25  mg/1","CAPSULE, LIQUID FILLED","ORAL","M012","Dolgencorp, Inc. (DOLLAR GENERAL & REXALL)","55910-599","Acetaminophen, Dextromethorphan HBr, Doxylamine Succinate","ACETAMINOPHEN;  DEXTROMETHORPHAN HYDROBROMIDE;  DOXYLAMINE SUCCINATE","HUMAN OTC DRUG","12/27/2019","N/A","OTC MONOGRAPH DRUG","48 BLISTER PACK in 1 CARTON (55910-599-48)  / 1 CAPSULE, LIQUID FILLED in 1 BLISTER PACK","Antihistamine [EPC],  Histamine Receptor Antagonists [MoA],  Sigma-1 Agonist [EPC],  Sigma-1 Receptor Agonists [MoA],  Uncompetitive N-methyl-D-aspartate Receptor Antagonist [EPC],  Uncompetitive NMDA Receptor Antagonists [MoA]","N/A","No","12/31/2027"
"Cold and Flu Relief","55910-910-08","325 mg/1,                         15  mg/1,                         6.25  mg/1","CAPSULE, LIQUID FILLED","ORAL","M012","Dolgencorp, Inc. (DOLLAR GENERAL & REXALL)","55910-910","Acetaminophen, Dextromethorphan HBr, Doxylamine Succinate","ACETAMINOPHEN;  DEXTROMETHORPHAN HYDROBROMIDE;  DOXYLAMINE SUCCINATE","HUMAN OTC DRUG","04/30/2023","N/A","OTC MONOGRAPH DRUG","8 BLISTER PACK in 1 CARTON (55910-910-08)  / 1 CAPSULE, LIQUID FILLED in 1 BLISTER PACK","Antihistamine [EPC],  Histamine Receptor Antagonists [MoA],  Sigma-1 Agonist [EPC],  Sigma-1 Receptor Agonists [MoA],  Uncompetitive N-methyl-D-aspartate Receptor Antagonist [EPC],  Uncompetitive NMDA Receptor Antagonists [MoA]","N/A","No","12/31/2027"
"Cold and Flu Relief","67091-258-54","650 mg/30mL,                         30  mg/30mL,                         12.5  mg/30mL","LIQUID","ORAL","M012","WinCo Foods, LLC","67091-258","Acetaminophen, Dextromethorphan Hydrobromide, Doxylamine Succinate","ACETAMINOPHEN;  DEXTROMETHORPHAN HYDROBROMIDE;  DOXYLAMINE SUCCINATE","HUMAN OTC DRUG","12/31/2014","N/A","OTC MONOGRAPH DRUG","355 mL in 1 BOTTLE, PLASTIC (67091-258-54)","Antihistamine [EPC],  Histamine Receptor Antagonists [MoA],  Sigma-1 Agonist [EPC],  Sigma-1 Receptor Agonists [MoA],  Uncompetitive N-methyl-D-aspartate Receptor Antagonist [EPC],  Uncompetitive NMDA Receptor Antagonists [MoA]","N/A","No","12/31/2026"
"Cold and Flu Relief","67091-258-23","650 mg/30mL,                         30  mg/30mL,                         12.5  mg/30mL","LIQUID","ORAL","M012","WinCo Foods, LLC","67091-258","Acetaminophen, Dextromethorphan Hydrobromide, Doxylamine Succinate","ACETAMINOPHEN;  DEXTROMETHORPHAN HYDROBROMIDE;  DOXYLAMINE SUCCINATE","HUMAN OTC DRUG","12/31/2014","N/A","OTC MONOGRAPH DRUG","237 mL in 1 BOTTLE, PLASTIC (67091-258-23)","Antihistamine [EPC],  Histamine Receptor Antagonists [MoA],  Sigma-1 Agonist [EPC],  Sigma-1 Receptor Agonists [MoA],  Uncompetitive N-methyl-D-aspartate Receptor Antagonist [EPC],  Uncompetitive NMDA Receptor Antagonists [MoA]","N/A","No","12/31/2026"
"Cold and Flu Relief","67091-260-23","650 mg/30mL,                         30  mg/30mL,                         12.5  mg/30mL","LIQUID","ORAL","M012","WinCo Foods, LLC","67091-260","Acetaminophen, Dextromethorphan Hydrobromide, Doxylamine Succinate","ACETAMINOPHEN;  DEXTROMETHORPHAN HYDROBROMIDE;  DOXYLAMINE SUCCINATE","HUMAN OTC DRUG","12/31/2014","N/A","OTC MONOGRAPH DRUG","237 mL in 1 BOTTLE, PLASTIC (67091-260-23)","Antihistamine [EPC],  Histamine Receptor Antagonists [MoA],  Sigma-1 Agonist [EPC],  Sigma-1 Receptor Agonists [MoA],  Uncompetitive N-methyl-D-aspartate Receptor Antagonist [EPC],  Uncompetitive NMDA Receptor Antagonists [MoA]","N/A","No","12/31/2026"
"Cold and Flu Relief","67091-260-54","650 mg/30mL,                         30  mg/30mL,                         12.5  mg/30mL","LIQUID","ORAL","M012","WinCo Foods, LLC","67091-260","Acetaminophen, Dextromethorphan Hydrobromide, Doxylamine Succinate","ACETAMINOPHEN;  DEXTROMETHORPHAN HYDROBROMIDE;  DOXYLAMINE SUCCINATE","HUMAN OTC DRUG","12/31/2014","N/A","OTC MONOGRAPH DRUG","355 mL in 1 BOTTLE, PLASTIC (67091-260-54)","Antihistamine [EPC],  Histamine Receptor Antagonists [MoA],  Sigma-1 Agonist [EPC],  Sigma-1 Receptor Agonists [MoA],  Uncompetitive N-methyl-D-aspartate Receptor Antagonist [EPC],  Uncompetitive NMDA Receptor Antagonists [MoA]","N/A","No","12/31/2026"
"Cold and Flu Severe Daytime/Nighttime","76162-823-12","","KIT","","M012","Topco Associates LLC","76162-823","Acetaminophen, Dextromethorphan hydrobromide, Guaifenesin, Phenylephrine hydrochloride, Doxylamine succinate","","HUMAN OTC DRUG","11/03/2023","N/A","OTC MONOGRAPH DRUG","1 KIT in 1 CARTON (76162-823-12)  *  12 CAPSULE, LIQUID FILLED in 1 BLISTER PACK *  12 CAPSULE, LIQUID FILLED in 1 BLISTER PACK","N/A","N/A","No","12/31/2026"
"cold flu","42507-811-40","325 mg/15mL,                         10  mg/15mL,                         6.25  mg/15mL","SOLUTION","ORAL","M012","HyVee Inc","42507-811","acetaminophen, dextromethorphan hydrobromide, doxylamine succinate","ACETAMINOPHEN;  DEXTROMETHORPHAN HYDROBROMIDE;  DOXYLAMINE SUCCINATE","HUMAN OTC DRUG","03/10/2026","N/A","OTC MONOGRAPH DRUG","355 mL in 1 BOTTLE (42507-811-40)","Antihistamine [EPC],  Histamine Receptor Antagonists [MoA],  Sigma-1 Agonist [EPC],  Sigma-1 Receptor Agonists [MoA],  Uncompetitive N-methyl-D-aspartate Receptor Antagonist [EPC],  Uncompetitive NMDA Receptor Antagonists [MoA]","N/A","No","12/31/2027"
"COMBINATION PACK TopCare health DayTime SEVERE and NiteTime SEVERE Cold and Flu Relief SOFTGELS - 24 ct","76162-678-24","","KIT","","M012","Topco Associates LLC","76162-678","Acetaminophen, Dextromethorphan Hydrobromide, Guaifenesin, Doxylamine Succinate, Phenylephrine Hydrochloride","","HUMAN OTC DRUG","12/11/2025","N/A","OTC MONOGRAPH DRUG","1 KIT in 1 CARTON (76162-678-24)  *  12 CAPSULE, LIQUID FILLED in 1 BLISTER PACK *  12 CAPSULE, LIQUID FILLED in 1 BLISTER PACK","N/A","N/A","No","12/31/2027"
"CONTAC COLD AND FLU","71179-003-24","325 mg/1,                         15  mg/1,                         6.25  mg/1","CAPSULE","ORAL","M012","VESPYR BRANDS LLC","71179-003","Acetaminophen, Dextromethorphan hydrobromide and Doxylamine Succinate","ACETAMINOPHEN;  DEXTROMETHORPHAN HYDROBROMIDE;  DOXYLAMINE SUCCINATE","HUMAN OTC DRUG","06/29/2024","N/A","OTC MONOGRAPH DRUG","3 BLISTER PACK in 1 CARTON (71179-003-24)  / 8 CAPSULE in 1 BLISTER PACK","Antihistamine [EPC],  Histamine Receptor Antagonists [MoA],  Sigma-1 Agonist [EPC],  Sigma-1 Receptor Agonists [MoA],  Uncompetitive N-methyl-D-aspartate Receptor Antagonist [EPC],  Uncompetitive NMDA Receptor Antagonists [MoA]","N/A","No","12/31/2027"
"CONTAC COLD AND FLU","71179-003-08","325 mg/1,                         15  mg/1,                         6.25  mg/1","CAPSULE","ORAL","M012","VESPYR BRANDS LLC","71179-003","Acetaminophen, Dextromethorphan hydrobromide and Doxylamine Succinate","ACETAMINOPHEN;  DEXTROMETHORPHAN HYDROBROMIDE;  DOXYLAMINE SUCCINATE","HUMAN OTC DRUG","06/29/2024","N/A","OTC MONOGRAPH DRUG","1 BLISTER PACK in 1 CARTON (71179-003-08)  / 8 CAPSULE in 1 BLISTER PACK","Antihistamine [EPC],  Histamine Receptor Antagonists [MoA],  Sigma-1 Agonist [EPC],  Sigma-1 Receptor Agonists [MoA],  Uncompetitive N-methyl-D-aspartate Receptor Antagonist [EPC],  Uncompetitive NMDA Receptor Antagonists [MoA]","N/A","No","12/31/2027"
"Coricidin HBP Maximum Strength Cold and Flu Day and Night","11523-0100-1","","KIT","ORAL","M012","Bayer HealthCare LLC.","11523-0100","acetaminophen, dextromethorphan hydrobromide, guaifenesin, doxylamine succinate","","HUMAN OTC DRUG","07/01/2022","N/A","OTC MONOGRAPH DRUG","1 KIT in 1 BLISTER PACK (11523-0100-1)  *  2 CAPSULE, LIQUID FILLED in 1 BLISTER PACK *  2 CAPSULE, LIQUID FILLED in 1 BLISTER PACK","N/A","N/A","No","12/31/2026"
"Coricidin HBP Maximum Strength Cold, Cough and Flu","11523-0124-1","","KIT","ORAL","M012","Bayer HealthCare LLC.","11523-0124","acetaminophen, dextromethorphan hydrobromide, doxylamine succinate","","HUMAN OTC DRUG","05/12/2025","N/A","OTC MONOGRAPH DRUG","1 KIT in 1 CARTON (11523-0124-1)  *  355 mL in 1 BOTTLE (11523-0093-1)  *  355 mL in 1 BOTTLE (11523-0077-1)","N/A","N/A","No","12/31/2026"
"Coricidin HBP Nighttime Multi-Symptom Cold","11523-4358-1","6.25 mg/15mL,                         325  mg/15mL,                         15  mg/15mL","LIQUID","ORAL","M012","Bayer HealthCare LLC.","11523-4358","Acetaminophen,Dextromethorphan hydrobromide, doxylamine succinate","ACETAMINOPHEN;  DEXTROMETHORPHAN HYDROBROMIDE;  DOXYLAMINE SUCCINATE","HUMAN OTC DRUG","11/20/2015","N/A","OTC MONOGRAPH DRUG","355 mL in 1 BOTTLE, PLASTIC (11523-4358-1)","Antihistamine [EPC],  Histamine Receptor Antagonists [MoA],  Sigma-1 Agonist [EPC],  Sigma-1 Receptor Agonists [MoA],  Uncompetitive N-methyl-D-aspartate Receptor Antagonist [EPC],  Uncompetitive NMDA Receptor Antagonists [MoA]","N/A","No","12/31/2026"
"Cough and Chest Congestion DN, Cough DM","51316-439-36","","KIT","","M012","CVS WOONSOCKET PRESCRIPTION CENTER, INCORPORATED","51316-439","Dextromethorphan HBr, Doxylamine Succinate, Guaifenesin","","HUMAN OTC DRUG","02/25/2026","N/A","OTC MONOGRAPH DRUG","1 KIT in 1 CARTON (51316-439-36)  *  118 mL in 1 BOTTLE, PLASTIC *  118 mL in 1 BOTTLE, PLASTIC","N/A","N/A","No","12/31/2027"
"Cough DM","51316-431-36","30 mg/20mL,                         12.5  mg/20mL","SOLUTION","ORAL","M012","CVS WOONSOCKET PRESCRIPTION CENTER, INCORPORATED","51316-431","Dextromethorphan HBr, Doxylamine Succinate","DEXTROMETHORPHAN HYDROBROMIDE;  DOXYLAMINE SUCCINATE","HUMAN OTC DRUG","02/25/2026","N/A","OTC MONOGRAPH DRUG","1 BOTTLE, PLASTIC in 1 CARTON (51316-431-36)  / 118 mL in 1 BOTTLE, PLASTIC","Antihistamine [EPC],  Histamine Receptor Antagonists [MoA],  Sigma-1 Agonist [EPC],  Sigma-1 Receptor Agonists [MoA],  Uncompetitive N-methyl-D-aspartate Receptor Antagonist [EPC],  Uncompetitive NMDA Receptor Antagonists [MoA]","N/A","No","12/31/2027"
"Cough Relief","63868-292-08","30 mg/30mL,                         12.5  mg/30mL","LIQUID","ORAL","M012","QUALITY CHOICE (Chain Drug Marketing Association)","63868-292","Dextromethorphan Hydrobromide, Doxylamine Succinate","DEXTROMETHORPHAN HYDROBROMIDE;  DOXYLAMINE SUCCINATE","HUMAN OTC DRUG","07/31/2018","03/31/2027","OTC MONOGRAPH DRUG","237 mL in 1 BOTTLE, PLASTIC (63868-292-08)","Antihistamine [EPC],  Histamine Receptor Antagonists [MoA],  Sigma-1 Agonist [EPC],  Sigma-1 Receptor Agonists [MoA],  Uncompetitive N-methyl-D-aspartate Receptor Antagonist [EPC],  Uncompetitive NMDA Receptor Antagonists [MoA]","N/A","No","N/A"
"Cough Relief","63941-499-08","30 mg/30mL,                         12.5  mg/30mL","LIQUID","ORAL","M012","Best Choice (Valu Merchandisers Company)","63941-499","Dextromethorphan HBr, Doxylamine Succinate","DEXTROMETHORPHAN HYDROBROMIDE;  DOXYLAMINE SUCCINATE","HUMAN OTC DRUG","01/31/2018","N/A","OTC MONOGRAPH DRUG","237 mL in 1 BOTTLE, PLASTIC (63941-499-08)","Antihistamine [EPC],  Histamine Receptor Antagonists [MoA],  Sigma-1 Agonist [EPC],  Sigma-1 Receptor Agonists [MoA],  Uncompetitive N-methyl-D-aspartate Receptor Antagonist [EPC],  Uncompetitive NMDA Receptor Antagonists [MoA]","N/A","No","12/31/2026"
"CVS DayTime and NightTime Value Pack","51316-156-24","","KIT","","M012","CVS PHARMACY","51316-156","Acetaminophen, Phenylephrine Hydrochloride, and Doxylamine Succinate","","HUMAN OTC DRUG","03/10/2023","N/A","OTC MONOGRAPH DRUG","1 KIT in 1 PACKAGE (51316-156-24)  *  354 mL in 1 BOTTLE (51316-412-12)  *  354 mL in 1 BOTTLE (51316-712-12)","N/A","N/A","No","12/31/2027"
"CVS DT and NT Combo Pack","51316-618-12","","KIT","","M012","CVS PHARMACY","51316-618","Acetaminophen, Phenylephrine Hydrochloride, and Doxylamine Succinate","","HUMAN OTC DRUG","03/20/2023","N/A","OTC MONOGRAPH DRUG","1 KIT in 1 PACKAGE (51316-618-12)  *  354 mL in 1 BOTTLE (51316-620-12)  *  354 mL in 1 BOTTLE (51316-619-12)","N/A","N/A","No","12/31/2027"
"CVS NightTime Cold","51316-641-12","650 mg/30mL,                         20  mg/30mL,                         12.5  mg/30mL,                         10  mg/30mL","SOLUTION","ORAL","M010","CVS PHARMACY","51316-641","acetaminophen, dextromethorphan hydrobromide, doxylamine succinate, and phenylephrine hydrochloride","ACETAMINOPHEN;  DEXTROMETHORPHAN HYDROBROMIDE;  DOXYLAMINE SUCCINATE;  PHENYLEPHRINE HYDROCHLORIDE","HUMAN OTC DRUG","01/09/2023","N/A","OTC MONOGRAPH DRUG","354 mL in 1 BOTTLE, PLASTIC (51316-641-12)","Adrenergic alpha1-Agonists [MoA],  Antihistamine [EPC],  Histamine Receptor Antagonists [MoA],  Sigma-1 Agonist [EPC],  Sigma-1 Receptor Agonists [MoA],  Uncompetitive N-methyl-D-aspartate Receptor Antagonist [EPC],  Uncompetitive NMDA Receptor Antagonists [MoA],  alpha-1 Adrenergic Agonist [EPC]","N/A","No","12/31/2027"
"CVS Nighttime Cold and Flu Relief","51316-692-12","650 mg/30mL,                         30  mg/30mL,                         12.5  mg/30mL","SOLUTION","ORAL","M010","CVS PHARMACY","51316-692","Acetaminophen, Dextromethorphan HBr, Doxylamine succinate","ACETAMINOPHEN;  DEXTROMETHORPHAN HYDROBROMIDE;  DOXYLAMINE SUCCINATE","HUMAN OTC DRUG","02/13/2023","N/A","OTC MONOGRAPH DRUG","354 mL in 1 BOTTLE (51316-692-12)","Antihistamine [EPC],  Histamine Receptor Antagonists [MoA],  Sigma-1 Agonist [EPC],  Sigma-1 Receptor Agonists [MoA],  Uncompetitive N-methyl-D-aspartate Receptor Antagonist [EPC],  Uncompetitive NMDA Receptor Antagonists [MoA]","N/A","No","12/31/2027"
"Day and Night Sinus Relief","49035-587-04","","KIT","","M012","Wal-Mart Stores, Inc.","49035-587","acetaminophen, dextromethorphan hydrobromide, doxylamine succinate, guaifenesin, phenylephrine hydrochloride","","HUMAN OTC DRUG","01/31/2018","N/A","OTC MONOGRAPH DRUG","1 KIT in 1 CARTON (49035-587-04)  *  2 BLISTER PACK in 1 CARTON / 8 CAPSULE, LIQUID FILLED in 1 BLISTER PACK *  1 BLISTER PACK in 1 CARTON / 8 CAPSULE, LIQUID FILLED in 1 BLISTER PACK","N/A","N/A","No","12/31/2026"
"Day Severe Cold and Night Cold and Flu","49035-586-04","","KIT","","M012","Wal-Mart Stores, Inc.","49035-586","acetaminophen, dextromethorphan hydrobromide, doxylamine succinate, guaifenesin, phenylephrine hydrochloride","","HUMAN OTC DRUG","01/31/2018","N/A","OTC MONOGRAPH DRUG","1 KIT in 1 CARTON (49035-586-04)  *  2 BLISTER PACK in 1 CARTON / 8 CAPSULE, LIQUID FILLED in 1 BLISTER PACK *  1 BLISTER PACK in 1 CARTON / 8 CAPSULE, LIQUID FILLED in 1 BLISTER PACK","N/A","N/A","No","12/31/2026"
"DAY TIME NITE TIME INTENSE FLU","79481-4700-2","","KIT","","M012","Meijer, Inc.","79481-4700","acetaminophen, dextromethorphan hydrobromide, doxylamine succinate","","HUMAN OTC DRUG","07/01/2026","N/A","OTC MONOGRAPH DRUG","1 KIT in 1 CARTON (79481-4700-2)  *  355 mL in 1 BOTTLE (79481-0110-0)  *  355 mL in 1 BOTTLE (79481-0203-0)","N/A","N/A","No","12/31/2027"
"DayQuil and NyQuil VapoCOOL SEVERE","69423-991-24","","KIT","ORAL","M012","The Procter & Gamble Manufacturing Company","69423-991","Acetaminophen, Dextromethorphan Hydrobromide, Doxylamine Succinate, Guaifenesin, Phenylephrine hydrochloride","","HUMAN OTC DRUG","03/22/2021","N/A","OTC MONOGRAPH DRUG","1 KIT in 1 PACKAGE (69423-991-24)  *  354 mL in 1 BOTTLE, PLASTIC (69423-990-12)  *  354 mL in 1 BOTTLE, PLASTIC (69423-989-12)  *  236 mL in 1 BOTTLE, PLASTIC (69423-990-08)  *  236 mL in 1 BOTTLE, PLASTIC (69423-989-08)","N/A","N/A","No","12/31/2027"
"Daytime and Nighttime","51316-961-24","","KIT","ORAL","M012","CVS HEALTH CORP","51316-961","Acetaminophen, Guaifenesin, Dextromethorphan HBr, Doxylamine Succinate","","HUMAN OTC DRUG","04/01/2026","N/A","OTC MONOGRAPH DRUG","1 KIT in 1 CARTON (51316-961-24)  *  4 CAPSULE, LIQUID FILLED in 1 BLISTER PACK *  8 CAPSULE, LIQUID FILLED in 1 BLISTER PACK","N/A","N/A","No","12/31/2027"
"Daytime and Nighttime","85828-773-02","","KIT","ORAL","M012","Grocery Outlet, Inc.","85828-773","Acetaminophen, Dextromethorphan HBr, Phenylephrine HCl, Acetaminophen, Dextromethorphan HBr, Doxylamine succinate","","HUMAN OTC DRUG","03/02/2026","N/A","OTC MONOGRAPH DRUG","1 KIT in 1 BOTTLE (85828-773-02)  *  354 mL in 1 BOTTLE, PLASTIC *  354 mL in 1 BOTTLE, PLASTIC","N/A","N/A","No","12/31/2026"
"Daytime and Nighttime Cherry","11673-823-02","","KIT","","M012","TARGET CORPORATION","11673-823","Daytime - Acetaminophen, Dextromethrophan HBr, Phenylephrine HCl Nighttime - Acetaminophen, Dextromethrophan HBr, Doxylamine succinate","","HUMAN OTC DRUG","05/01/2024","N/A","OTC MONOGRAPH DRUG","1 KIT in 1 BOTTLE (11673-823-02)  *  354 mL in 1 BOTTLE, PLASTIC *  354 mL in 1 BOTTLE, PLASTIC","N/A","N/A","No","12/31/2026"
"Daytime and Nighttime Cherry","11673-921-02","","KIT","","M012","TARGET CORPORATION","11673-921","Daytime - Acetaminophen, Dextromethrophan HBr Nighttime - Acetaminophen, Dextromethrophan HBr, Doxylamine succinate","","HUMAN OTC DRUG","05/01/2024","N/A","OTC MONOGRAPH DRUG","1 KIT in 1 BOTTLE (11673-921-02)  *  354 mL in 1 BOTTLE, PLASTIC *  354 mL in 1 BOTTLE, PLASTIC","N/A","N/A","No","12/31/2026"
"Daytime and Nighttime Cherry","21130-967-02","","KIT","ORAL","M012","BETTER LIVING BRANDS, LLC","21130-967","Daytime - Acetaminophen, Dextromethorphan HBr, Phenylephrine HCl Nighttime - Acetaminophen, Dextromethorphan HBr, Doxylamine succinate","","HUMAN OTC DRUG","03/01/2025","N/A","OTC MONOGRAPH DRUG","1 KIT in 1 BOTTLE (21130-967-02)  *  354 mL in 1 BOTTLE, PLASTIC *  354 mL in 1 BOTTLE, PLASTIC","N/A","N/A","No","12/31/2026"
"Daytime and Nighttime Cold and Flu","0363-0775-24","","KIT","ORAL","M012","Walgreens","0363-0775","ACETAMINOPHEN, DEXTROMETHORPHAN HBr,GUAIFENESIN, PHENYLEPHRINE HCl / ACETAMINOPHEN, DEXTROMETHORPHAN HBr, DOXYLAMINE SUCCINATE, PHENYLEPHRINE HCl","","HUMAN OTC DRUG","06/01/2022","N/A","OTC MONOGRAPH DRUG","3 BLISTER PACK in 1 CARTON (0363-0775-24)  / 1 KIT in 1 BLISTER PACK *  8 CAPSULE, LIQUID FILLED in 1 BLISTER PACK *  8 CAPSULE, LIQUID FILLED in 1 BLISTER PACK","N/A","N/A","No","12/31/2026"
"DayTime and Nighttime Cold/Flu Relief Softgels - Combo Pack","55301-605-05","","KIT","","M012","ARMY AND AIR FORCE EXCHANGE SERVICE","55301-605","ACETAMINOPHEN, DEXTROMETHORPHAN HBr, PHENYLEPHRINE HCl, DOXYLAMINE SUCCINATE","","HUMAN OTC DRUG","01/01/2025","N/A","OTC MONOGRAPH DRUG","1 KIT in 1 CARTON (55301-605-05)  *  8 CAPSULE, LIQUID FILLED in 1 BLISTER PACK *  8 CAPSULE, LIQUID FILLED in 1 BLISTER PACK","N/A","N/A","No","12/31/2026"
"Daytime and Nighttime High Blood Pressure Cold and Flu Liquid","51316-666-07","","KIT","ORAL","M012","CVS Pharmacy, Inc.","51316-666","Acetaminophen, Dextromethorphan HBr and Acetaminophen, Dextromethorphan HBr, Doxylamine succinate","","HUMAN OTC DRUG","04/21/2025","N/A","OTC MONOGRAPH DRUG","1 KIT in 1 PACKAGE (51316-666-07)  *  236 mL in 1 BOTTLE (51316-665-06)  *  236 mL in 1 BOTTLE (51316-664-06)","N/A","N/A","No","12/31/2026"
"Daytime and Nighttime Severe Cold and Flu combo pack","69676-0095-3","","KIT","ORAL","M013","Genexa Inc.","69676-0095","Acetaminophen, Dextromethorphan HBr, Doxylamine Succinate","","HUMAN OTC DRUG","07/03/2024","N/A","OTC MONOGRAPH DRUG","2 BOTTLE in 1 KIT (69676-0095-3)  / 1 KIT in 1 BOTTLE *  177 mL in 1 BOTTLE (69676-0093-9)  *  177 mL in 1 BOTTLE (69676-0094-9)","N/A","N/A","No","12/31/2026"
"Daytime and Nighttime Severe Honey","11673-328-02","","KIT","","M012","TARGET CORPORATION","11673-328","Daytime - Acetaminophen. Dextromethorphan HBr, Guaifenesin, Phenylephrine HCl and Nightime - Acetaminophen, Dextromethorphan HBr, Phenylephrine HCl, Doxylamine succinate","","HUMAN OTC DRUG","05/01/2024","N/A","OTC MONOGRAPH DRUG","1 KIT in 1 CARTON (11673-328-02)  *  354 mL in 1 BOTTLE *  354 mL in 1 BOTTLE","N/A","N/A","No","12/31/2026"
"Daytime and Nighttime Severe Honey","11673-791-02","","KIT","","M012","TARGET CORPORATION","11673-791","Daytime - Acetaminophen, Dextromethorphan HBr, Guaifenesin and Nighttime - Acetaminophen, Dextromethorphan HBr, Doxylamine succinate","","HUMAN OTC DRUG","05/01/2024","N/A","OTC MONOGRAPH DRUG","1 KIT in 1 CARTON (11673-791-02)  *  354 mL in 1 BOTTLE *  354 mL in 1 BOTTLE","N/A","N/A","No","12/31/2026"
"Daytime Cold and Flu and Nighttime Softgels","51316-937-24","","KIT","ORAL","M012","CVS Pharmacy","51316-937","Acetaminophen, Dextromethorphan HBr, Doxylamine Succinate","","HUMAN OTC DRUG","02/05/2026","N/A","OTC MONOGRAPH DRUG","1 KIT in 1 CARTON (51316-937-24)  *  8 CAPSULE, LIQUID FILLED in 1 BLISTER PACK *  4 CAPSULE, LIQUID FILLED in 1 BLISTER PACK","N/A","N/A","No","12/31/2027"
"Daytime Cold and Flu and Nigttime Cold and Flu","21130-695-48","","KIT","ORAL","M012","BETTER LIVING BRANDS LLC.","21130-695","acetaminophen, dextromethorphan hbr, phenylephrine hcl and acetaminophen, dextromethorphan hbr, doxylamine succinate","","HUMAN OTC DRUG","07/14/2023","N/A","OTC MONOGRAPH DRUG","4 BLISTER PACK in 1 CARTON (21130-695-48)  / 1 KIT in 1 BLISTER PACK *  8 CAPSULE, LIQUID FILLED in 1 BLISTER PACK *  4 CAPSULE, LIQUID FILLED in 1 BLISTER PACK","N/A","N/A","No","12/31/2026"
"daytime cold and flu nighttime cold and flu","79481-5200-0","","KIT","","M012","Meijer, Inc.","79481-5200","acetaminophen, dextromethorphan hydrobromide, guaifenesin, phenylephrine hydrochloride, doxylamine succinate","","HUMAN OTC DRUG","08/21/2021","N/A","OTC MONOGRAPH DRUG","1 KIT in 1 CARTON (79481-5200-0)  *  2 TABLET, FILM COATED in 1 BLISTER PACK (41250-569-00)  *  2 TABLET, FILM COATED in 1 BLISTER PACK (79481-0099-0)","N/A","N/A","No","12/31/2026"
"DAYTIME COLD AND FLU NITETIME COLD AND FLU","41250-919-02","","KIT","","M012","Meijer Distribution Inc","41250-919","acetaminophen, dextromethorphan hydrobromide, doxylamine succinate, guaifenesin, phenylephrine hydrochloride","","HUMAN OTC DRUG","03/29/2019","N/A","OTC MONOGRAPH DRUG","1 KIT in 1 CARTON (41250-919-02)  *  355 mL in 1 BOTTLE (41250-811-40)  *  355 mL in 1 BOTTLE (41250-603-40)","N/A","N/A","No","12/31/2027"
"Daytime Mucus Relief Severe Cold and Nighttime Cold and Flu","69842-906-24","","KIT","","M012","CVS Pharmacy","69842-906","Acetaminophen, Dextromethorphan HBr, Doxylamine succinate, Phenylephrine HCL,Guaifenesin","","HUMAN OTC DRUG","11/29/2019","11/29/2026","OTC MONOGRAPH DRUG","1 KIT in 1 KIT (69842-906-24)  *  8 BLISTER PACK in 1 CARTON / 1 CAPSULE in 1 BLISTER PACK *  16 BLISTER PACK in 1 CARTON / 1 CAPSULE in 1 BLISTER PACK","N/A","N/A","No","N/A"
"Daytime Nighttime","11673-757-83","","KIT","","M012","TARGET CORPORATION","11673-757","Daytime - Acetaminophen, Dextromethrophan HBr and Nighttime - Acetaminophen, Dextromethrophan HBr, Doxylamine succinate","","HUMAN OTC DRUG","05/01/2024","N/A","OTC MONOGRAPH DRUG","1 KIT in 1 CARTON (11673-757-83)  *  48 CAPSULE, LIQUID FILLED in 1 BOTTLE *  48 CAPSULE, LIQUID FILLED in 1 BOTTLE","N/A","N/A","No","12/31/2026"
"Daytime Nighttime","11673-848-83","","KIT","","M012","TARGET CORPORATION","11673-848","Daytime - Acetaminophen, Dextromethrophan HBr, Phenylephrine HCL and Nighttime - Acetaminophen, Dextromethrophan HBr, Doxylamine succinate","","HUMAN OTC DRUG","05/01/2024","N/A","OTC MONOGRAPH DRUG","1 KIT in 1 CARTON (11673-848-83)  *  48 CAPSULE, LIQUID FILLED in 1 BOTTLE *  48 CAPSULE, LIQUID FILLED in 1 BOTTLE","N/A","N/A","No","12/31/2026"
"Daytime Nighttime","37808-191-48","","KIT","ORAL","M012","H-E-B","37808-191","Acetaminophen, Dextromethorphan HBr, Phenylephrine HCl and Acetaminophen, Dextromethorphan HBr, Doxylamine Succinate","","HUMAN OTC DRUG","06/20/2022","N/A","OTC MONOGRAPH DRUG","4 BLISTER PACK in 1 CARTON (37808-191-48)  / 1 KIT in 1 BLISTER PACK *  8 CAPSULE, LIQUID FILLED in 1 BLISTER PACK *  4 CAPSULE, LIQUID FILLED in 1 BLISTER PACK","N/A","N/A","No","12/31/2026"
"Daytime Nighttime","41226-778-83","","KIT","","M012","KROGER COMPANY","41226-778","Daytime - Acetaminophen, Dextromethorphan HBr, Phenylephrine HCL and Nighttime - Acetaminophen, Dextromethorphan HBr, Doxylamine succinate","","HUMAN OTC DRUG","04/30/2025","N/A","OTC MONOGRAPH DRUG","1 KIT in 1 CARTON (41226-778-83)  *  48 CAPSULE, LIQUID FILLED in 1 BOTTLE *  48 CAPSULE, LIQUID FILLED in 1 BOTTLE","N/A","N/A","No","12/31/2026"
"Daytime Nighttime","41226-790-02","","KIT","","M012","Kroger","41226-790","Acetaminophen, Dextromethorphan HBr, Phenylephrine HCl and Acetaminophen, Dextromethorphan HBrDoxylamine Succinate","","HUMAN OTC DRUG","04/30/2024","N/A","OTC MONOGRAPH DRUG","1 KIT in 1 PACKAGE (41226-790-02)  *  354 mL in 1 BOTTLE (41226-772-01)  *  354 mL in 1 BOTTLE (41226-782-01)","N/A","N/A","No","12/31/2026"
"Daytime Nighttime","51316-875-83","","KIT","","M012","CVS HEALTH CORP","51316-875","Daytime - Acetaminophen, Dextromethorphan HBr, Phenylephrine HCL and Nighttime - Acetaminophen, Dextromethorphan HBr, Doxylamine succinate","","HUMAN OTC DRUG","04/01/2026","N/A","OTC MONOGRAPH DRUG","1 KIT in 1 CARTON (51316-875-83)  *  48 CAPSULE, LIQUID FILLED in 1 BOTTLE *  48 CAPSULE, LIQUID FILLED in 1 BOTTLE","N/A","N/A","No","12/31/2027"
"Daytime Nighttime Chewable","0363-9393-32","","KIT","","M012","Walgreens","0363-9393","Dextromethorphan HBr Doxylamine Succinate","","HUMAN OTC DRUG","04/30/2026","N/A","OTC MONOGRAPH DRUG","1 KIT in 1 KIT (0363-9393-32)  *  16 CHEWABLE GEL in 1 BOTTLE, PLASTIC (0363-9358-16)  *  16 CHEWABLE GEL in 1 BOTTLE, PLASTIC (0363-9360-16)","N/A","N/A","No","12/31/2027"
"Daytime Nighttime Cold and Cough","0363-4670-24","","KIT","","M012","Walgreens","0363-4670","Acetaminophen, Dextromethorphan HBr, Phenylephrine HCl, Doxylamine succinate","","HUMAN OTC DRUG","07/30/2020","02/28/2027","OTC MONOGRAPH DRUG","1 KIT in 1 KIT (0363-4670-24)  *  355 mL in 1 BOTTLE *  355 mL in 1 BOTTLE","N/A","N/A","No","N/A"
"daytime nighttime cold and flu","0363-0567-02","","KIT","","M012","Walgreen Company","0363-0567","Acetaminophen, Dextromethorphan HBr, Doxylamine succinate, Phenylephrine HCl","","HUMAN OTC DRUG","09/06/2012","N/A","OTC MONOGRAPH DRUG","1 KIT in 1 CARTON (0363-0567-02)  *  355 mL in 1 BOTTLE (0363-0401-40)  *  355 mL in 1 BOTTLE (0363-0666-40)","N/A","N/A","No","12/31/2026"
"Daytime Nighttime Cold and Flu","0363-0729-24","","KIT","","M012","WALGREENS","0363-0729","Acetaminophen, Dextromethorphan HBr, Phenylephrine HCl and Acetaminophen, Dextromethorphan HBr, Doxylamine Succinate","","HUMAN OTC DRUG","10/15/2021","N/A","OTC MONOGRAPH DRUG","2 BLISTER PACK in 1 CARTON (0363-0729-24)  / 1 KIT in 1 BLISTER PACK","N/A","N/A","No","12/31/2026"
"daytime nighttime cold and flu","0363-1733-02","","KIT","","M012","Walgreen Company","0363-1733","Acetaminophen, Dextromethorphan HBr, Doxylamine succinate, Phenylephrine HCl","","HUMAN OTC DRUG","07/13/2017","N/A","OTC MONOGRAPH DRUG","1 KIT in 1 CARTON (0363-1733-02)  *  355 mL in 1 BOTTLE (0363-0566-40)  *  355 mL in 1 BOTTLE (0363-0666-40)","N/A","N/A","No","12/31/2026"
"Daytime Nighttime Cold and Flu","21130-467-24","","KIT","","M012","Safeway, Inc.","21130-467","Acetaminophen Dextromethorphan HBr Phenylephrine HCI DoxylamineSucinate","","HUMAN OTC DRUG","09/30/2018","N/A","OTC MONOGRAPH DRUG","1 KIT in 1 KIT (21130-467-24)  *  355 mL in 1 BOTTLE *  355 mL in 1 BOTTLE","N/A","N/A","No","12/31/2026"
"Daytime Nighttime Cold and Flu","49483-695-48","","KIT","ORAL","M012","TIME CAP LABORATORIES INC.","49483-695","Acetaminophen, Dextromethorphan HBr, Phenylephrine HCI, Doxylamine Succinate 325, 10/15, 5, 6.25 mg softgels","","HUMAN OTC DRUG","06/07/2023","N/A","OTC MONOGRAPH DRUG","4 BLISTER PACK in 1 CARTON (49483-695-48)  / 1 KIT in 1 BLISTER PACK *  8 CAPSULE, LIQUID FILLED in 1 BLISTER PACK *  4 CAPSULE, LIQUID FILLED in 1 BLISTER PACK","N/A","N/A","No","12/31/2026"
"Daytime Nighttime Cold and Flu","67091-371-12","","KIT","","M012","WinCo Foods, LLC","67091-371","Acetaminophen Dextromethorphan HBr Phenylephrine HCI DoxylamineSucinate","","HUMAN OTC DRUG","10/14/2020","01/28/2027","OTC MONOGRAPH DRUG","1 KIT in 1 KIT (67091-371-12)  *  355 mL in 1 BOTTLE *  355 mL in 1 BOTTLE","N/A","N/A","No","N/A"
"Daytime Nighttime Cold and Flu","69256-467-24","","KIT","","M012","Harris Teeter, LLC","69256-467","Acetaminophen Dextromethorphan HBr Phenylephrine HCI DoxylamineSucinate","","HUMAN OTC DRUG","05/28/2021","N/A","OTC MONOGRAPH DRUG","1 KIT in 1 KIT (69256-467-24)  *  355 mL in 1 BOTTLE *  355 mL in 1 BOTTLE","N/A","N/A","No","12/31/2026"
"DAYTIME NIGHTTIME COLD AND FLU","72288-791-02","","KIT","","M012","Amazon.com Services LLC","72288-791","Acetaminophen, Dextromethorphan HBr, Doxylamine succinate, Phenylephrine HCl","","HUMAN OTC DRUG","08/18/2026","N/A","OTC MONOGRAPH DRUG","1 KIT in 1 CARTON (72288-791-02)  *  355 mL in 1 BOTTLE (72288-990-01)  *  355 mL in 1 BOTTLE (72288-866-40)","N/A","N/A","No","12/31/2027"
"Daytime Nighttime Cold and Flu","79903-315-20","","KIT","ORAL","M012","Walmart Inc.","79903-315","Acetaminophen, Dextromethorphan HBr, Doxylamine Succinate and Phenylephrine HCl Liquid Filled Capsules","","HUMAN OTC DRUG","03/01/2025","N/A","OTC MONOGRAPH DRUG","1 KIT in 1 CARTON (79903-315-20)  *  1 CAPSULE, LIQUID FILLED in 1 BLISTER PACK *  1 CAPSULE, LIQUID FILLED in 1 BLISTER PACK","N/A","N/A","No","12/31/2026"
"Daytime Nighttime Cold and Flu","79903-383-16","","KIT","ORAL","M012","Walmart Inc.","79903-383","Acetaminophen, Dextromethorphan Hydrobromide, Doxylamine Succinate, Phenylephrine hydrochloride","","HUMAN OTC DRUG","07/15/2025","N/A","OTC MONOGRAPH DRUG","2 BLISTER PACK in 1 CARTON (79903-383-16)  / 1 KIT in 1 BLISTER PACK *  6 CAPSULE in 1 BLISTER PACK *  2 CAPSULE in 1 BLISTER PACK","N/A","N/A","No","12/31/2026"
"Daytime Nighttime Cold and Flu","85828-695-48","","KIT","ORAL","M012","Grocery Outlet, Inc.","85828-695","Acetaminophen, Dextromethorphan HBr, Phenylephrine HCI, Acetaminophen, Dextromethorphan HBr, Doxylamine Succinate","","HUMAN OTC DRUG","03/02/2026","N/A","OTC MONOGRAPH DRUG","4 BLISTER PACK in 1 CARTON (85828-695-48)  / 1 KIT in 1 BLISTER PACK *  8 CAPSULE, LIQUID FILLED in 1 BLISTER PACK *  4 CAPSULE, LIQUID FILLED in 1 BLISTER PACK","N/A","N/A","No","12/31/2027"
"Daytime Nighttime Cold and Flu Relief","59726-901-24","","KIT","","M012","P & L Development, LLC","59726-901","Acetaminophen, Dextromethorphan HBr, Doxylamine succinate, Phenylephrine HCL","","HUMAN OTC DRUG","03/26/2021","N/A","OTC MONOGRAPH DRUG","1 KIT in 1 KIT (59726-901-24)  *  8 CAPSULE, LIQUID FILLED in 1 BLISTER PACK *  16 CAPSULE, LIQUID FILLED in 1 BLISTER PACK","N/A","N/A","No","12/31/2026"
"Daytime Nighttime Cold and Flu Relief","67091-336-48","","KIT","","M012","WinCo Foods, LLC","67091-336","Acetaminophen, Dextromethorphan HBr, Doxylamine succinate, Phenylephrine HCL","","HUMAN OTC DRUG","06/01/2019","N/A","OTC MONOGRAPH DRUG","1 KIT in 1 KIT (67091-336-48)  *  16 BLISTER PACK in 1 CARTON / 1 CAPSULE, LIQUID FILLED in 1 BLISTER PACK *  32 BLISTER PACK in 1 CARTON / 1 CAPSULE, LIQUID FILLED in 1 BLISTER PACK","N/A","N/A","No","12/31/2026"
"Daytime Nighttime Cold Flu Relief","11822-0851-4","","KIT","","M012","Rite Aid Corporation","11822-0851","Acetaminophen, Dextromethorphan HBr, Doxylamine succinate, Phenylephrine HCL","","HUMAN OTC DRUG","08/30/2019","12/30/2026","OTC MONOGRAPH DRUG","1 KIT in 1 KIT (11822-0851-4)  *  16 BLISTER PACK in 1 CARTON / 1 CAPSULE, LIQUID FILLED in 1 BLISTER PACK *  8 BLISTER PACK in 1 CARTON / 1 CAPSULE, LIQUID FILLED in 1 BLISTER PACK","N/A","N/A","No","N/A"
"Daytime Nighttime Cold Flu Relief","21130-058-48","","KIT","","M012","Safeway, Inc.","21130-058","Acetaminophen, Dextromethorphan HBr, Doxylamine succinate, Phenylephrine HCl","","HUMAN OTC DRUG","06/30/2019","N/A","OTC MONOGRAPH DRUG","1 KIT in 1 KIT (21130-058-48)  *  16 BLISTER PACK in 1 CARTON / 1 CAPSULE, LIQUID FILLED in 1 BLISTER PACK *  32 BLISTER PACK in 1 CARTON / 1 CAPSULE, LIQUID FILLED in 1 BLISTER PACK","N/A","N/A","No","12/31/2026"
"Daytime Nighttime Cold Flu Relief","21130-901-48","","KIT","","M012","Safeway, Inc.","21130-901","Acetaminophen, Dextromethorphan HBr, Doxylamine succinate, Phenylephrine HCL","","HUMAN OTC DRUG","12/27/2019","12/27/2026","OTC MONOGRAPH DRUG","1 KIT in 1 KIT (21130-901-48)  *  16 BLISTER PACK in 1 CARTON / 1 CAPSULE, LIQUID FILLED in 1 BLISTER PACK *  32 BLISTER PACK in 1 CARTON / 1 CAPSULE, LIQUID FILLED in 1 BLISTER PACK","N/A","N/A","No","N/A"
"Daytime Nighttime Cold Flu Relief","41163-850-48","","KIT","","M012","United Natural Foods, Inc. dba UNFI","41163-850","Acetaminophen, Dextromethorphan HBr, Doxylamine succinate, Phenylephrine HCL","","HUMAN OTC DRUG","09/30/2019","N/A","OTC MONOGRAPH DRUG","1 KIT in 1 KIT (41163-850-48)  *  32 BLISTER PACK in 1 CARTON / 1 CAPSULE, LIQUID FILLED in 1 BLISTER PACK *  16 BLISTER PACK in 1 CARTON / 1 CAPSULE, LIQUID FILLED in 1 BLISTER PACK","N/A","N/A","No","12/31/2026"
"Daytime Nighttime Cold Flu Relief","41163-901-48","","KIT","","M012","United Natural Foods, Inc. dba UNFI","41163-901","Acetaminophen, Dextromethorphan HBr, Doxylamine succinate, Phenylephrine HCL","","HUMAN OTC DRUG","07/30/2021","N/A","OTC MONOGRAPH DRUG","1 KIT in 1 KIT (41163-901-48)  *  16 BLISTER PACK in 1 CARTON / 1 CAPSULE, LIQUID FILLED in 1 BLISTER PACK *  32 BLISTER PACK in 1 CARTON / 1 CAPSULE, LIQUID FILLED in 1 BLISTER PACK","N/A","N/A","No","12/31/2026"
"Daytime Nighttime Cold Flu Relief","49035-192-48","","KIT","","M012","EQUATE (Wal-Mart Stores, Inc.) (see also WAL-MART INC)","49035-192","Acetaminophen, Dextromethorphan HBr, Doxylamine succinate, Phenylephrine HCL","","HUMAN OTC DRUG","01/30/2020","N/A","OTC MONOGRAPH DRUG","1 KIT in 1 KIT (49035-192-48)  *  16 BLISTER PACK in 1 CARTON / 1 CAPSULE in 1 BLISTER PACK *  32 BLISTER PACK in 1 CARTON / 1 CAPSULE in 1 BLISTER PACK","N/A","N/A","No","12/31/2027"
"Daytime Nighttime Cold Flu Relief","55319-566-24","","KIT","","M012","Family Dollar (FAMILY WELLNESS)","55319-566","Acetaminophen, Dextromethorphan HBR, Doxylamine succinate, Phenylephrine HCl","","HUMAN OTC DRUG","07/01/2023","N/A","OTC MONOGRAPH DRUG","1 KIT in 1 KIT (55319-566-24)  *  8 BLISTER PACK in 1 CARTON / 1 CAPSULE, LIQUID FILLED in 1 BLISTER PACK *  16 BLISTER PACK in 1 CARTON / 1 CAPSULE, LIQUID FILLED in 1 BLISTER PACK","N/A","N/A","No","12/31/2026"
"Daytime Nighttime Cold Flu Relief","67091-393-48","","KIT","ORAL","M012","WinCo Foods, LLC","67091-393","Acetaminophen, Dextromethorphan HBr, Doxylamine succinate, Phenylephrine HCL","","HUMAN OTC DRUG","10/29/2021","N/A","OTC MONOGRAPH DRUG","1 KIT in 1 KIT (67091-393-48)  *  16 BLISTER PACK in 1 CARTON / 1 CAPSULE, LIQUID FILLED in 1 BLISTER PACK *  32 BLISTER PACK in 1 CARTON / 1 CAPSULE, LIQUID FILLED in 1 BLISTER PACK","N/A","N/A","No","12/31/2027"
"Daytime Nighttime Cold Flu Relief","68016-799-48","","KIT","","M012","Chain Drug Consortium, LLC","68016-799","Acetaminophen, Dextromethorphan HBr, Doxylamine succinate, Phenylephrine HCL","","HUMAN OTC DRUG","09/15/2022","09/15/2026","OTC MONOGRAPH DRUG","1 KIT in 1 KIT (68016-799-48)  *  16 BLISTER PACK in 1 CARTON / 1 CAPSULE, LIQUID FILLED in 1 BLISTER PACK *  32 BLISTER PACK in 1 CARTON / 1 CAPSULE, LIQUID FILLED in 1 BLISTER PACK","N/A","N/A","No","N/A"
"Daytime Nighttime Cold Flu Relief","69256-901-48","","KIT","","M012","Harris Teeter, LLC","69256-901","Acetaminophen, Dextromethorphan HBr, Doxylamine succinate, Phenylephrine HCL","","HUMAN OTC DRUG","05/28/2021","N/A","OTC MONOGRAPH DRUG","1 KIT in 1 KIT (69256-901-48)  *  16 BLISTER PACK in 1 CARTON / 1 CAPSULE, LIQUID FILLED in 1 BLISTER PACK *  32 BLISTER PACK in 1 CARTON / 1 CAPSULE, LIQUID FILLED in 1 BLISTER PACK","N/A","N/A","No","12/31/2026"
"Daytime Nighttime Cold Flu Relief","69842-852-48","","KIT","","M012","CVS Pharmacy","69842-852","Acetaminophen, Dextromethorphan HBr, Doxylamine succinate, Phenylephrine HCL","","HUMAN OTC DRUG","06/01/2019","N/A","OTC MONOGRAPH DRUG","1 KIT in 1 KIT (69842-852-48)  *  8 BLISTER PACK in 1 CARTON / 1 CAPSULE in 1 BLISTER PACK *  32 BLISTER PACK in 1 CARTON / 1 CAPSULE in 1 BLISTER PACK *  16 BLISTER PACK in 1 CARTON / 1 CAPSULE in 1 BLISTER PACK *  16 BLISTER PACK in 1 CARTON / 1 CAPSULE in 1 BLISTER PACK","N/A","N/A","No","12/31/2026"
"Daytime Nighttime Cold Flu Relief","69842-852-24","","KIT","","M012","CVS Pharmacy","69842-852","Acetaminophen, Dextromethorphan HBr, Doxylamine succinate, Phenylephrine HCL","","HUMAN OTC DRUG","06/01/2019","N/A","OTC MONOGRAPH DRUG","1 KIT in 1 KIT (69842-852-24)  *  8 BLISTER PACK in 1 CARTON / 1 CAPSULE in 1 BLISTER PACK *  32 BLISTER PACK in 1 CARTON / 1 CAPSULE in 1 BLISTER PACK *  16 BLISTER PACK in 1 CARTON / 1 CAPSULE in 1 BLISTER PACK *  16 BLISTER PACK in 1 CARTON / 1 CAPSULE in 1 BLISTER PACK","N/A","N/A","No","12/31/2026"
"Daytime Nighttime Cold Flu Relief","69842-896-48","","KIT","","M012","CVS Pharmacy","69842-896","Acetaminophen, Dextromethorphan HBr, Doxylamine succinate, Phenylephrine HCl","","HUMAN OTC DRUG","07/31/2019","11/28/2027","OTC MONOGRAPH DRUG","1 KIT in 1 KIT (69842-896-48)  *  16 BLISTER PACK in 1 CARTON / 1 CAPSULE in 1 BLISTER PACK *  32 BLISTER PACK in 1 CARTON / 1 CAPSULE in 1 BLISTER PACK *  8 BLISTER PACK in 1 CARTON / 1 CAPSULE in 1 BLISTER PACK *  16 BLISTER PACK in 1 CARTON / 1 CAPSULE in 1 BLISTER PACK","N/A","N/A","No","N/A"
"Daytime Nighttime Cold Flu Relief","69842-896-24","","KIT","","M012","CVS Pharmacy","69842-896","Acetaminophen, Dextromethorphan HBr, Doxylamine succinate, Phenylephrine HCl","","HUMAN OTC DRUG","07/31/2019","11/28/2027","OTC MONOGRAPH DRUG","1 KIT in 1 KIT (69842-896-24)  *  16 BLISTER PACK in 1 CARTON / 1 CAPSULE in 1 BLISTER PACK *  32 BLISTER PACK in 1 CARTON / 1 CAPSULE in 1 BLISTER PACK *  8 BLISTER PACK in 1 CARTON / 1 CAPSULE in 1 BLISTER PACK *  16 BLISTER PACK in 1 CARTON / 1 CAPSULE in 1 BLISTER PACK","N/A","N/A","No","N/A"
"Daytime Nighttime Cold Flu Relief","72476-850-48","","KIT","","M012","Care One (Retail Business Services, LLC.)","72476-850","Acetaminophen, Dextromethorphan HBr, Doxylamine succinate, Phenylephrine HCl","","HUMAN OTC DRUG","09/30/2019","N/A","OTC MONOGRAPH DRUG","1 KIT in 1 KIT (72476-850-48)  *  16 BLISTER PACK in 1 CARTON / 1 CAPSULE in 1 BLISTER PACK *  32 BLISTER PACK in 1 CARTON / 1 CAPSULE in 1 BLISTER PACK","N/A","N/A","No","12/31/2026"
"Daytime Nighttime Cold Flu Relief","72476-901-48","","KIT","","M012","Care One (Retail Business Services, LLC.)","72476-901","Acetaminophen, Dextromethorphan HBr, Doxylamine succinate, Phenylephrine HCL","","HUMAN OTC DRUG","09/30/2019","N/A","OTC MONOGRAPH DRUG","1 KIT in 1 KIT (72476-901-48)  *  16 BLISTER PACK in 1 CARTON / 1 CAPSULE in 1 BLISTER PACK *  32 BLISTER PACK in 1 CARTON / 1 CAPSULE in 1 BLISTER PACK","N/A","N/A","No","12/31/2026"
"Daytime Nighttime Cold Flu Relief","81522-901-48","","KIT","","M012","FSA Store Inc. (Caring Mills)","81522-901","Acetaminophen, Dextromethorphan HBr, Doxylamine succinate, Phenylephrine HCL","","HUMAN OTC DRUG","01/31/2023","N/A","OTC MONOGRAPH DRUG","1 KIT in 1 KIT (81522-901-48)  *  16 BLISTER PACK in 1 CARTON / 1 CAPSULE, LIQUID FILLED in 1 BLISTER PACK *  32 BLISTER PACK in 1 CARTON / 1 CAPSULE, LIQUID FILLED in 1 BLISTER PACK","N/A","N/A","No","12/31/2026"
"DAYTIME NIGHTTIME ELDERBERRY COLD AND FLU","0363-3023-02","","KIT","","M012","Walgreen Company","0363-3023","acetaminophen, dextromethorphan hydrobromide, doxylamine succinate","","HUMAN OTC DRUG","07/13/2026","N/A","OTC MONOGRAPH DRUG","1 KIT in 1 CARTON (0363-3023-02)  *  355 mL in 1 BOTTLE (0363-8034-40)  *  355 mL in 1 BOTTLE (0363-5003-40)","N/A","N/A","No","12/31/2027"
"Daytime Nighttime Intense Flu Relief","0363-3027-02","","KIT","","M012","Walgreen Company","0363-3027","acetaminophen, dextromethorphan hydrobromide, doxylamine succinate","","HUMAN OTC DRUG","07/10/2026","N/A","OTC MONOGRAPH DRUG","1 KIT in 1 CARTON (0363-3027-02)  *  355 mL in 1 BOTTLE (0363-4271-40)  *  355 mL in 1 BOTTLE (0363-5015-40)","N/A","N/A","No","12/31/2027"
"daytime nighttime severe cold and flu","0363-0577-02","","KIT","","M012","Walgreen Company","0363-0577","Acetaminophen, dextromethorphan HBr, Doxylamine Succinate, Guaifenesin, Phenylephrine HCl","","HUMAN OTC DRUG","07/23/2015","N/A","OTC MONOGRAPH DRUG","1 KIT in 1 CARTON (0363-0577-02)  *  355 mL in 1 BOTTLE (0363-0623-40)  *  355 mL in 1 BOTTLE (0363-0603-40)","N/A","N/A","No","12/31/2027"
"DAYTIME NIGHTTIME SEVERE COLD AND FLU","0363-0746-48","","KIT","","M012","Walgreens","0363-0746","ACETAMINOPHEN, DEXTROMETHORPHAN HBr,GUAIFENESIN, PHENYLEPHRINE HCl / ACETAMINOPHEN, DEXTROMETHORPHAN HBr, DOXYLAMINE SUCCINATE, PHENYLEPHRINE HCl","","HUMAN OTC DRUG","06/01/2022","N/A","OTC MONOGRAPH DRUG","6 BLISTER PACK in 1 CARTON (0363-0746-48)  / 1 KIT in 1 BLISTER PACK *  8 CAPSULE, LIQUID FILLED in 1 BLISTER PACK *  4 CAPSULE, LIQUID FILLED in 1 BLISTER PACK","N/A","N/A","No","12/31/2026"
"DAYTIME NIGHTTIME SEVERE COLD AND FLU","0363-0746-24","","KIT","","M012","Walgreens","0363-0746","ACETAMINOPHEN, DEXTROMETHORPHAN HBr,GUAIFENESIN, PHENYLEPHRINE HCl / ACETAMINOPHEN, DEXTROMETHORPHAN HBr, DOXYLAMINE SUCCINATE, PHENYLEPHRINE HCl","","HUMAN OTC DRUG","06/01/2022","N/A","OTC MONOGRAPH DRUG","3 BLISTER PACK in 1 CARTON (0363-0746-24)  / 1 KIT in 1 BLISTER PACK *  8 CAPSULE, LIQUID FILLED in 1 BLISTER PACK *  4 CAPSULE, LIQUID FILLED in 1 BLISTER PACK","N/A","N/A","No","12/31/2026"
"Daytime Nighttime Severe Cold and Flu","11673-844-24","","KIT","","M012","TARGET CORP","11673-844","acetaminophen, dextromethorphan hbr,guaifenesin,/ acetaminophen, dextromethorphan hbr, doxylamine succinate","","HUMAN OTC DRUG","07/01/2024","N/A","OTC MONOGRAPH DRUG","24 BLISTER PACK in 1 CARTON (11673-844-24)  / 1 KIT in 1 BLISTER PACK *  8 CAPSULE, LIQUID FILLED in 1 BLISTER PACK *  4 CAPSULE, LIQUID FILLED in 1 BLISTER PACK","N/A","N/A","No","12/31/2026"
"Daytime Nighttime Severe Cold and Flu","51316-527-24","","KIT","ORAL","M012","CVS HEALTH CORP","51316-527","Acetaminophen, Dextromethorphan HBr, Guaifenesin, Doxylamine Succinate, Phenylephrine HCl","","HUMAN OTC DRUG","02/01/2025","N/A","OTC MONOGRAPH DRUG","2 BLISTER PACK in 1 CARTON (51316-527-24)  / 1 KIT in 1 BLISTER PACK *  8 CAPSULE in 1 BLISTER PACK *  4 CAPSULE in 1 BLISTER PACK","N/A","N/A","No","12/31/2027"
"Daytime Nighttime Severe Cold and Flu","51316-527-48","","KIT","ORAL","M012","CVS HEALTH CORP","51316-527","Acetaminophen, Dextromethorphan HBr, Guaifenesin, Doxylamine Succinate, Phenylephrine HCl","","HUMAN OTC DRUG","02/01/2025","N/A","OTC MONOGRAPH DRUG","4 BLISTER PACK in 1 CARTON (51316-527-48)  / 1 KIT in 1 BLISTER PACK *  8 CAPSULE in 1 BLISTER PACK *  4 CAPSULE in 1 BLISTER PACK","N/A","N/A","No","12/31/2027"
"daytime nighttime severe cold and flu","72288-813-02","","KIT","","M012","Amazon.com Services LLC","72288-813","acetaminophen, dextromethorphan HBr, doxylamine succinate, guaifenesin, phenylephrine HCl","","HUMAN OTC DRUG","08/13/2026","N/A","OTC MONOGRAPH DRUG","1 KIT in 1 CARTON (72288-813-02)  *  355 mL in 1 BOTTLE (72288-259-40)  *  355 mL in 1 BOTTLE (72288-557-40)","N/A","N/A","No","12/31/2027"
"daytime nighttime severe cold and flu relief","11822-0328-1","","KIT","","M012","Rite Aid Corporation","11822-0328","Acetaminophen, dextromethorphan HBr, Doxylamine Succinate, Guaifenesin, Phenylephrine HCl","","HUMAN OTC DRUG","07/24/2015","N/A","OTC MONOGRAPH DRUG","1 KIT in 1 CARTON (11822-0328-1)  *  355 mL in 1 BOTTLE (11822-0511-1)  *  355 mL in 1 BOTTLE (11822-0710-1)","N/A","N/A","No","12/31/2026"
"Daytime Nighttime Severe Cold and Flu Relief","55319-138-16","","KIT","","M012","Family Dollar (FAMILY WELLNESS)","55319-138","Acetaminophen Dextromethorphan HBr Guaifenesin Phenylephrine HCI Doxylamine Sucinate","","HUMAN OTC DRUG","07/31/2024","N/A","OTC MONOGRAPH DRUG","1 KIT in 1 KIT (55319-138-16)  *  237 mL in 1 BOTTLE, PLASTIC (55319-145-08)  *  237 mL in 1 BOTTLE, PLASTIC (55319-641-08)","N/A","N/A","No","12/31/2026"
"Daytime Nighttime Severe Cold and Flu Relief","55910-931-16","","KIT","","M012","Dolgencorp, Inc. (DOLLAR GENERAL & REXALL)","55910-931","Acetaminophen Dextromethorphan HBr Guaifenesin Phenylephrine HCI DoxylamineSucinate","","HUMAN OTC DRUG","03/31/2018","N/A","OTC MONOGRAPH DRUG","1 KIT in 1 KIT (55910-931-16)  *  237 mL in 1 BOTTLE *  237 mL in 1 BOTTLE","N/A","N/A","No","12/31/2026"
"Daytime Nighttime Sinus Relief","0363-0744-24","","KIT","","M012","Walgreens","0363-0744","Acetaminophen, Dextromethorphan HBr, Guaifenesin, Phenylephrine HCl/Acetaminophen, Dextromethorphan HBr, Doxylamine succinate,Phenylephrine HCl","","HUMAN OTC DRUG","06/01/2022","N/A","OTC MONOGRAPH DRUG","3 BLISTER PACK in 1 CARTON (0363-0744-24)  / 1 KIT in 1 BLISTER PACK *  4 CAPSULE in 1 BLISTER PACK *  8 CAPSULE in 1 BLISTER PACK","N/A","N/A","No","12/31/2026"
"Daytime Nighttime Sinus Relief","69842-908-24","","KIT","ORAL","M012","CVS Pharmacy","69842-908","Acetaminophen, Dextromethorphan HBr, Doxylamine succinate, Phenylephrine HCL,Guaifenesin","","HUMAN OTC DRUG","10/30/2019","12/30/2026","OTC MONOGRAPH DRUG","1 KIT in 1 KIT (69842-908-24)  *  16 BLISTER PACK in 1 CARTON / 1 CAPSULE in 1 BLISTER PACK *  8 BLISTER PACK in 1 CARTON / 1 CAPSULE in 1 BLISTER PACK","N/A","N/A","No","N/A"
"daytime nitetime","56062-717-72","","KIT","","M012","Publix Super Markets Inc","56062-717","Acetaminophen, dextromethorphan hydrobromide, doxylamine succinate, phenylephrine hydrochloride","","HUMAN OTC DRUG","09/25/2018","N/A","OTC MONOGRAPH DRUG","1 KIT in 1 CARTON (56062-717-72)  *  8 BLISTER PACK in 1 CARTON / 2 CAPSULE, LIQUID FILLED in 1 BLISTER PACK *  16 BLISTER PACK in 1 CARTON / 2 CAPSULE, LIQUID FILLED in 1 BLISTER PACK","N/A","N/A","No","12/31/2027"
"daytime nitetime cold and flu","41250-733-02","","KIT","","M012","Meijer Distribution Inc","41250-733","Acetaminophen, Dextromethorphan HBr, Doxylamine succinate, Phenylephrine HCl","","HUMAN OTC DRUG","10/24/2012","N/A","OTC MONOGRAPH DRUG","1 KIT in 1 CARTON (41250-733-02)  *  355 mL in 1 BOTTLE (41250-459-40)  *  355 mL in 1 BOTTLE (41250-656-40)","N/A","N/A","No","12/31/2027"
"Daytime Severe and Nighttime Severe","85828-776-02","","KIT","","M012","Grocery Outlet, Inc.","85828-776","Acetaminophen, Dextromethorphan HBr, Guaifenesin, Phenylephrine HCl, Acetaminophen, Dextromethorphan HBr, Doxylamine Succinate, Phenylephrine HCl","","HUMAN OTC DRUG","03/02/2026","N/A","OTC MONOGRAPH DRUG","1 KIT in 1 BOTTLE (85828-776-02)  *  354 mL in 1 BOTTLE *  354 mL in 1 BOTTLE","N/A","N/A","No","12/31/2026"
"Daytime Severe and Nighttime Severe cold and flu","11673-739-02","","KIT","","M012","TARGET CORPORATION","11673-739","Daytime Severe - Acetaminophen, Dextromethorphan HBr, Guaifenesin and Nighttime Severe-Acetaminophen, Dextromethorphan HBr, Doxylamine Succinate","","HUMAN OTC DRUG","05/01/2024","N/A","OTC MONOGRAPH DRUG","1 KIT in 1 BOTTLE (11673-739-02)  *  355 mL in 1 BOTTLE *  355 mL in 1 BOTTLE","N/A","N/A","No","12/31/2026"
"Daytime Severe and Nighttime Severe cold and flu","11673-824-02","","KIT","","M012","TARGET CORPORATION","11673-824","Daytime Severe - Acetaminophen, Dextromethorphan HBr, Guaifenesin, Phenylephrine HCl, Nighttime Severe-Acetaminophen, Dextromethorphan HBr, Doxylamine Succinate, Phenylephrine HCl","","HUMAN OTC DRUG","05/01/2024","N/A","OTC MONOGRAPH DRUG","1 KIT in 1 BOTTLE (11673-824-02)  *  355 mL in 1 BOTTLE *  355 mL in 1 BOTTLE","N/A","N/A","No","12/31/2026"
"Daytime, Nighttime Severe Cold and Flu Relief","51316-647-22","","KIT","","M012","CVS WOONSOCKET PRESCRIPTION CENTER, INCORPORATED","51316-647","Acetaminophen, Dextromethorphan HBr, Doxylamine Succinate, Guaifenesin, Phenylephrine HCl","","HUMAN OTC DRUG","11/03/2022","N/A","OTC MONOGRAPH DRUG","1 KIT in 1 CARTON (51316-647-22)  *  8 TABLET, FILM COATED in 1 BLISTER PACK *  8 TABLET, FILM COATED in 1 BLISTER PACK","N/A","N/A","No","12/31/2026"
"DAYTIME-NIGHTTIME SEVERE COLD AND FLU","41226-627-24","","KIT","ORAL","M012","KROGER","41226-627","ACETAMINOPHEN, DEXTROMETHORPHAN HBR, DOXYLAMINE SUCCINATE, PHENYLEPHRINE HCL","","HUMAN OTC DRUG","06/03/2020","N/A","OTC MONOGRAPH DRUG","24 BLISTER PACK in 1 CARTON (41226-627-24)  / 1 KIT in 1 BLISTER PACK *  4 CAPSULE, LIQUID FILLED in 1 BLISTER PACK *  16 CAPSULE, LIQUID FILLED in 1 BLISTER PACK","N/A","N/A","No","12/31/2026"
"DayTime/NiteTime Severe Cold and Flu","41250-840-22","","KIT","","M012","Meijer Distribution Inc","41250-840","Acetaminophen, Dextromethorphan HBr, Guaifenesin, Doxylamine Succinate, Phenylephrine HCl","","HUMAN OTC DRUG","08/01/2015","N/A","OTC MONOGRAPH DRUG","1 KIT in 1 CARTON (41250-840-22)  *  8 TABLET, FILM COATED in 1 BLISTER PACK *  8 TABLET, FILM COATED in 1 BLISTER PACK","N/A","N/A","No","12/31/2027"
"DG Day Time Cold and Flu Formula and Night Time Cold and Flu Formula","51013-168-08","","KIT","","M012","PuraCap Pharmaceutical LLC","51013-168","acetaminophen, dextromethorphan hydrobromide, doxylamine succinate, phenylephrine hydrochloride","","HUMAN OTC DRUG","06/15/2016","N/A","OTC MONOGRAPH DRUG","1 KIT in 1 CARTON (51013-168-08)  *  1 BLISTER PACK in 1 CARTON / 12 CAPSULE, LIQUID FILLED in 1 BLISTER PACK *  1 BLISTER PACK in 1 CARTON / 8 CAPSULE, LIQUID FILLED in 1 BLISTER PACK","N/A","N/A","No","12/31/2026"
"dg health cold and flu","55910-900-40","650 mg/30mL,                         20  mg/30mL,                         12.5  mg/30mL,                         10  mg/30mL","SOLUTION","ORAL","M012","Dolgencorp, LLC","55910-900","Acetaminophen, Dextromethorphan HBr, Doxylamine Succinate, Phenylephrine HCl","ACETAMINOPHEN;  DEXTROMETHORPHAN HYDROBROMIDE;  DOXYLAMINE SUCCINATE;  PHENYLEPHRINE HYDROCHLORIDE","HUMAN OTC DRUG","09/24/2018","N/A","OTC MONOGRAPH DRUG","355 mL in 1 BOTTLE (55910-900-40)","Adrenergic alpha1-Agonists [MoA],  Antihistamine [EPC],  Histamine Receptor Antagonists [MoA],  Sigma-1 Agonist [EPC],  Sigma-1 Receptor Agonists [MoA],  Uncompetitive N-methyl-D-aspartate Receptor Antagonist [EPC],  Uncompetitive NMDA Receptor Antagonists [MoA],  alpha-1 Adrenergic Agonist [EPC]","N/A","No","12/31/2026"
"dg health cold and flu","55910-900-34","650 mg/30mL,                         20  mg/30mL,                         12.5  mg/30mL,                         10  mg/30mL","SOLUTION","ORAL","M012","Dolgencorp, LLC","55910-900","Acetaminophen, Dextromethorphan HBr, Doxylamine Succinate, Phenylephrine HCl","ACETAMINOPHEN;  DEXTROMETHORPHAN HYDROBROMIDE;  DOXYLAMINE SUCCINATE;  PHENYLEPHRINE HYDROCHLORIDE","HUMAN OTC DRUG","09/24/2018","N/A","OTC MONOGRAPH DRUG","237 mL in 1 BOTTLE (55910-900-34)","Adrenergic alpha1-Agonists [MoA],  Antihistamine [EPC],  Histamine Receptor Antagonists [MoA],  Sigma-1 Agonist [EPC],  Sigma-1 Receptor Agonists [MoA],  Uncompetitive N-methyl-D-aspartate Receptor Antagonist [EPC],  Uncompetitive NMDA Receptor Antagonists [MoA],  alpha-1 Adrenergic Agonist [EPC]","N/A","No","12/31/2026"
"DG Health Cold and Flu Relief","55910-300-62","325 mg/1,                         15  mg/1,                         6.25  mg/1","CAPSULE, LIQUID FILLED","ORAL","M012","Dolgencorp Inc","55910-300","Acetaminophen, Dextromethorphan HBr, Doxylamine succinate","ACETAMINOPHEN;  DEXTROMETHORPHAN HYDROBROMIDE;  DOXYLAMINE SUCCINATE","HUMAN OTC DRUG","05/21/2018","N/A","OTC MONOGRAPH DRUG","12 BLISTER PACK in 1 CARTON (55910-300-62)  / 2 CAPSULE, LIQUID FILLED in 1 BLISTER PACK","Antihistamine [EPC],  Histamine Receptor Antagonists [MoA],  Sigma-1 Agonist [EPC],  Sigma-1 Receptor Agonists [MoA],  Uncompetitive N-methyl-D-aspartate Receptor Antagonist [EPC],  Uncompetitive NMDA Receptor Antagonists [MoA]","N/A","No","12/31/2026"
"dg health cold and flu relief","55910-459-40","650 mg/30mL,                         30  mg/30mL,                         12.5  mg/30mL","SOLUTION","ORAL","M012","Dolgencorp Inc","55910-459","Acetaminophen, Dextromethorphan HBr, Doxylamine succinate","ACETAMINOPHEN;  DEXTROMETHORPHAN HYDROBROMIDE;  DOXYLAMINE SUCCINATE","HUMAN OTC DRUG","05/06/2015","N/A","OTC MONOGRAPH DRUG","355 mL in 1 BOTTLE (55910-459-40)","Antihistamine [EPC],  Histamine Receptor Antagonists [MoA],  Sigma-1 Agonist [EPC],  Sigma-1 Receptor Agonists [MoA],  Uncompetitive N-methyl-D-aspartate Receptor Antagonist [EPC],  Uncompetitive NMDA Receptor Antagonists [MoA]","N/A","No","12/31/2027"
"dg health cold and flu relief","55910-459-34","650 mg/30mL,                         30  mg/30mL,                         12.5  mg/30mL","SOLUTION","ORAL","M012","Dolgencorp Inc","55910-459","Acetaminophen, Dextromethorphan HBr, Doxylamine succinate","ACETAMINOPHEN;  DEXTROMETHORPHAN HYDROBROMIDE;  DOXYLAMINE SUCCINATE","HUMAN OTC DRUG","08/08/2013","N/A","OTC MONOGRAPH DRUG","237 mL in 1 BOTTLE (55910-459-34)","Antihistamine [EPC],  Histamine Receptor Antagonists [MoA],  Sigma-1 Agonist [EPC],  Sigma-1 Receptor Agonists [MoA],  Uncompetitive N-methyl-D-aspartate Receptor Antagonist [EPC],  Uncompetitive NMDA Receptor Antagonists [MoA]","N/A","No","12/31/2027"
"dg health cold and flu relief","55910-811-72","","KIT","","M012","Dolgencorp Inc","55910-811","Acetaminophen, dextromethorphan HBr, doxylamine succinate, phenylephrine HCl","","HUMAN OTC DRUG","06/20/2018","N/A","OTC MONOGRAPH DRUG","1 KIT in 1 CARTON (55910-811-72)  *  8 BLISTER PACK in 1 CARTON / 2 CAPSULE, LIQUID FILLED in 1 BLISTER PACK *  16 BLISTER PACK in 1 CARTON / 2 CAPSULE, LIQUID FILLED in 1 BLISTER PACK","N/A","N/A","No","12/31/2027"
"DG Health Cold and Flu Severe","55910-928-40","325 mg/15mL,                         10  mg/15mL,                         6.25  mg/15mL,                         5  mg/15mL","SOLUTION","ORAL","M012","Dolgencorp Inc","55910-928","acetaminophen, dextromethorphan hydrobromide, doxylamine succinate, phenylephrine hydrochloride","ACETAMINOPHEN;  DEXTROMETHORPHAN HYDROBROMIDE;  DOXYLAMINE SUCCINATE;  PHENYLEPHRINE HYDROCHLORIDE","HUMAN OTC DRUG","06/29/2023","N/A","OTC MONOGRAPH DRUG","355 mL in 1 BOTTLE (55910-928-40)","Adrenergic alpha1-Agonists [MoA],  Antihistamine [EPC],  Histamine Receptor Antagonists [MoA],  Sigma-1 Agonist [EPC],  Sigma-1 Receptor Agonists [MoA],  Uncompetitive N-methyl-D-aspartate Receptor Antagonist [EPC],  Uncompetitive NMDA Receptor Antagonists [MoA],  alpha-1 Adrenergic Agonist [EPC]","N/A","No","12/31/2026"
"DG HEALTH COLD FLU RELIEF","55910-753-40","325 mg/15mL,                         10  mg/15mL,                         6.25  mg/15mL","SOLUTION","ORAL","M012","Dolgencorp Inc","55910-753","acetaminophen, dextromethorphan hydrobromide, doxylamine succinate","ACETAMINOPHEN;  DEXTROMETHORPHAN HYDROBROMIDE;  DOXYLAMINE SUCCINATE","HUMAN OTC DRUG","06/30/2025","N/A","OTC MONOGRAPH DRUG","355 mL in 1 BOTTLE (55910-753-40)","Antihistamine [EPC],  Histamine Receptor Antagonists [MoA],  Sigma-1 Agonist [EPC],  Sigma-1 Receptor Agonists [MoA],  Uncompetitive N-methyl-D-aspartate Receptor Antagonist [EPC],  Uncompetitive NMDA Receptor Antagonists [MoA]","N/A","No","12/31/2026"
"dg health day time severe cold and flu relief night time severe cold and flu relief","55910-643-90","","KIT","","M012","Dolgencorp, LLC","55910-643","acetaminophen, dextromethorphan hydrobromide, guaifenesin, phenylephrine hydrochloride, doxylamine succinate","","HUMAN OTC DRUG","05/26/2021","N/A","OTC MONOGRAPH DRUG","1 KIT in 1 CARTON (55910-643-90)  *  2 TABLET, FILM COATED in 1 BLISTER PACK (55910-432-00)  *  2 TABLET, FILM COATED in 1 BLISTER PACK (55910-725-00)","N/A","N/A","No","12/31/2026"
"dg health night time cold and flu relief","55910-335-34","650 mg/30mL,                         30  mg/30mL,                         12.5  mg/30mL","SOLUTION","ORAL","M012","Dolgencorp Inc","55910-335","Acetaminophen, Dextromethorphan HBr, Doxylamine succinate","ACETAMINOPHEN;  DEXTROMETHORPHAN HYDROBROMIDE;  DOXYLAMINE SUCCINATE","HUMAN OTC DRUG","06/11/2019","N/A","OTC MONOGRAPH DRUG","237 mL in 1 BOTTLE (55910-335-34)","Antihistamine [EPC],  Histamine Receptor Antagonists [MoA],  Sigma-1 Agonist [EPC],  Sigma-1 Receptor Agonists [MoA],  Uncompetitive N-methyl-D-aspartate Receptor Antagonist [EPC],  Uncompetitive NMDA Receptor Antagonists [MoA]","N/A","No","12/31/2026"
"dg health night time cold and flu relief","55910-335-40","650 mg/30mL,                         30  mg/30mL,                         12.5  mg/30mL","SOLUTION","ORAL","M012","Dolgencorp Inc","55910-335","Acetaminophen, Dextromethorphan HBr, Doxylamine succinate","ACETAMINOPHEN;  DEXTROMETHORPHAN HYDROBROMIDE;  DOXYLAMINE SUCCINATE","HUMAN OTC DRUG","05/06/2015","N/A","OTC MONOGRAPH DRUG","355 mL in 1 BOTTLE (55910-335-40)","Antihistamine [EPC],  Histamine Receptor Antagonists [MoA],  Sigma-1 Agonist [EPC],  Sigma-1 Receptor Agonists [MoA],  Uncompetitive N-methyl-D-aspartate Receptor Antagonist [EPC],  Uncompetitive NMDA Receptor Antagonists [MoA]","N/A","No","12/31/2026"
"dg health sleep aid","55910-909-53","25 mg/1","TABLET","ORAL","ANDA040167","Dolgencorp Inc","55910-909","Doxylamine Succinate","DOXYLAMINE SUCCINATE","HUMAN OTC DRUG","05/23/2023","N/A","ANDA","12 BLISTER PACK in 1 CARTON (55910-909-53)  / 1 TABLET in 1 BLISTER PACK","Antihistamine [EPC],  Histamine Receptor Antagonists [MoA]","N/A","No","12/31/2026"
"dg health sleep aid","55910-909-62","25 mg/1","TABLET","ORAL","ANDA040167","Dolgencorp Inc","55910-909","Doxylamine Succinate","DOXYLAMINE SUCCINATE","HUMAN OTC DRUG","05/17/2023","N/A","ANDA","24 BLISTER PACK in 1 CARTON (55910-909-62)  / 1 TABLET in 1 BLISTER PACK","Antihistamine [EPC],  Histamine Receptor Antagonists [MoA]","N/A","No","12/31/2026"
"dg health tussin","55910-709-26","30 mg/20mL,                         12.5  mg/20mL","SOLUTION","ORAL","M012","Dolgencorp, LLC","55910-709","Dextromethorphan HBr, Doxylamine succinate","DEXTROMETHORPHAN HYDROBROMIDE;  DOXYLAMINE SUCCINATE","HUMAN OTC DRUG","09/10/2018","N/A","OTC MONOGRAPH DRUG","1 BOTTLE in 1 CARTON (55910-709-26)  / 118 mL in 1 BOTTLE","Antihistamine [EPC],  Histamine Receptor Antagonists [MoA],  Sigma-1 Agonist [EPC],  Sigma-1 Receptor Agonists [MoA],  Uncompetitive N-methyl-D-aspartate Receptor Antagonist [EPC],  Uncompetitive NMDA Receptor Antagonists [MoA]","N/A","No","12/31/2026"
"DICLEGIS","55494-100-10","10 mg/1,                         10  mg/1","TABLET, DELAYED RELEASE","ORAL","NDA021876","Duchesnay USA, Inc.","55494-100","doxylamine succinate and pyridoxine hydrochloride","DOXYLAMINE SUCCINATE;  PYRIDOXINE HYDROCHLORIDE","HUMAN PRESCRIPTION DRUG","05/15/2013","N/A","NDA","100 TABLET, DELAYED RELEASE in 1 BOTTLE (55494-100-10)","Analogs/Derivatives [Chemical/Ingredient],  Antihistamine [EPC],  Histamine Receptor Antagonists [MoA],  Vitamin B 6 [Chemical/Ingredient],  Vitamin B6 Analog [EPC]","N/A","No","12/31/2026"
"DICLEGIS","55494-100-99","10 mg/1,                         10  mg/1","TABLET, DELAYED RELEASE","ORAL","NDA021876","Duchesnay USA, Inc.","55494-100","doxylamine succinate and pyridoxine hydrochloride","DOXYLAMINE SUCCINATE;  PYRIDOXINE HYDROCHLORIDE","HUMAN PRESCRIPTION DRUG","03/28/2014","N/A","NDA","12 TABLET, DELAYED RELEASE in 1 BOTTLE (55494-100-99)","Analogs/Derivatives [Chemical/Ingredient],  Antihistamine [EPC],  Histamine Receptor Antagonists [MoA],  Vitamin B 6 [Chemical/Ingredient],  Vitamin B6 Analog [EPC]","N/A","Yes","12/31/2026"
"Doxylamine succinate and pyridoxine hydrochloride","0591-2132-01","10 mg/1,                         10  mg/1","TABLET, DELAYED RELEASE","ORAL","ANDA205811","Actavis Pharma, Inc.","0591-2132","Doxylamine succinate and pyridoxine hydrochloride","DOXYLAMINE SUCCINATE;  PYRIDOXINE HYDROCHLORIDE","HUMAN PRESCRIPTION DRUG","06/21/2019","N/A","ANDA","100 TABLET, DELAYED RELEASE in 1 BOTTLE (0591-2132-01)","Analogs/Derivatives [Chemical/Ingredient],  Antihistamine [EPC],  Histamine Receptor Antagonists [MoA],  Vitamin B 6 [Chemical/Ingredient],  Vitamin B6 Analog [EPC]","N/A","No","12/31/2026"
"Doxylamine Succinate and Pyridoxine Hydrochloride","49884-186-01","10 mg/1,                         10  mg/1","TABLET, DELAYED RELEASE","ORAL","ANDA208518","Endo USA, Inc.","49884-186","Doxylamine Succinate and Pyridoxine Hydrochloride, Delayed release Tablets 10 mg/10 mg","DOXYLAMINE SUCCINATE;  PYRIDOXINE HYDROCHLORIDE","HUMAN PRESCRIPTION DRUG","12/19/2019","N/A","ANDA","100 TABLET, DELAYED RELEASE in 1 BOTTLE (49884-186-01)","Analogs/Derivatives [Chemical/Ingredient],  Antihistamine [EPC],  Histamine Receptor Antagonists [MoA],  Vitamin B 6 [Chemical/Ingredient],  Vitamin B6 Analog [EPC]","N/A","No","12/31/2026"
"Doxylamine Succinate and Pyridoxine Hydrochloride","63629-2184-1","10 mg/1,                         10  mg/1","TABLET, DELAYED RELEASE","ORAL","ANDA208518","Bryant Ranch Prepack","63629-2184","Doxylamine Succinate and Pyridoxine Hydrochloride, Delayed release Tablets 10 mg/10 mg","DOXYLAMINE SUCCINATE;  PYRIDOXINE HYDROCHLORIDE","HUMAN PRESCRIPTION DRUG","03/12/2021","N/A","ANDA","100 TABLET, DELAYED RELEASE in 1 BOTTLE (63629-2184-1)","Analogs/Derivatives [Chemical/Ingredient],  Antihistamine [EPC],  Histamine Receptor Antagonists [MoA],  Vitamin B 6 [Chemical/Ingredient],  Vitamin B6 Analog [EPC]","N/A","No","12/31/2026"
"Doxylamine succinate and Pyridoxine hydrochloride","69452-206-20","10 mg/1,                         10  mg/1","TABLET, DELAYED RELEASE","ORAL","ANDA217000","Bionpharma Inc.,","69452-206","Doxylamine succinate and Pyridoxine hydrochloride","DOXYLAMINE SUCCINATE;  PYRIDOXINE HYDROCHLORIDE","HUMAN PRESCRIPTION DRUG","12/11/2023","N/A","ANDA","100 TABLET, DELAYED RELEASE in 1 BOTTLE (69452-206-20)","Analogs/Derivatives [Chemical/Ingredient],  Antihistamine [EPC],  Histamine Receptor Antagonists [MoA],  Vitamin B 6 [Chemical/Ingredient],  Vitamin B6 Analog [EPC]","N/A","No","12/31/2026"
"Doxylamine succinate and pyridoxine hydrochloride","70505-100-10","10 mg/1,                         10  mg/1","TABLET, DELAYED RELEASE","ORAL","NDA021876","Analog Pharma","70505-100","Doxylamine succinate and pyridoxine hydrochloride","DOXYLAMINE SUCCINATE;  PYRIDOXINE HYDROCHLORIDE","HUMAN PRESCRIPTION DRUG","11/15/2018","N/A","NDA AUTHORIZED GENERIC","100 TABLET, DELAYED RELEASE in 1 BOTTLE (70505-100-10)","Analogs/Derivatives [Chemical/Ingredient],  Antihistamine [EPC],  Histamine Receptor Antagonists [MoA],  Vitamin B 6 [Chemical/Ingredient],  Vitamin B6 Analog [EPC]","N/A","No","12/31/2026"
"Doxylamine Succinate and Pyridoxine Hydrochloride","72162-1485-1","10 mg/1,                         10  mg/1","TABLET, DELAYED RELEASE","ORAL","ANDA208518","Bryant Ranch Prepack","72162-1485","Doxylamine Succinate and Pyridoxine Hydrochloride, Delayed release Tablets 10 mg/10 mg","DOXYLAMINE SUCCINATE;  PYRIDOXINE HYDROCHLORIDE","HUMAN PRESCRIPTION DRUG","08/30/2023","N/A","ANDA","100 TABLET, DELAYED RELEASE in 1 BOTTLE (72162-1485-1)","Analogs/Derivatives [Chemical/Ingredient],  Antihistamine [EPC],  Histamine Receptor Antagonists [MoA],  Vitamin B 6 [Chemical/Ingredient],  Vitamin B6 Analog [EPC]","N/A","No","12/31/2026"
"Dr. Simi Nighttime Cold and Flu","85786-602-24","15 mg/1,                         6.25  mg/1,                         325  mg/1","CAPSULE, LIQUID FILLED","ORAL","M012","Farmacias De Similares TX LLC","85786-602","Acetaminophen 325 mg, Dextromethorphan HBr 15 mg, Doxylamine Succinate 6.25 mg","ACETAMINOPHEN;  DEXTROMETHORPHAN HYDROBROMIDE;  DOXYLAMINE SUCCINATE","HUMAN OTC DRUG","03/30/2026","N/A","OTC MONOGRAPH DRUG","2 BLISTER PACK in 1 CARTON (85786-602-24)  / 12 CAPSULE, LIQUID FILLED in 1 BLISTER PACK","Antihistamine [EPC],  Histamine Receptor Antagonists [MoA],  Sigma-1 Agonist [EPC],  Sigma-1 Receptor Agonists [MoA],  Uncompetitive N-methyl-D-aspartate Receptor Antagonist [EPC],  Uncompetitive NMDA Receptor Antagonists [MoA]","N/A","No","12/31/2027"
"DRX CHOICE","68163-062-10","325 mg/1,                         15  mg/1,                         6.25  mg/1","CAPSULE, LIQUID FILLED","ORAL","M012","Raritan Pharmaceuticals Inc.","68163-062","Acetaminophen, Dextromethorphan Hydrobromide, and Doxylamine Succinate","ACETAMINOPHEN;  DEXTROMETHORPHAN HYDROBROMIDE;  DOXYLAMINE SUCCINATE","HUMAN OTC DRUG","12/01/2025","N/A","OTC MONOGRAPH DRUG","5 BLISTER PACK in 1 CARTON (68163-062-10)  / 2 CAPSULE, LIQUID FILLED in 1 BLISTER PACK","Antihistamine [EPC],  Histamine Receptor Antagonists [MoA],  Sigma-1 Agonist [EPC],  Sigma-1 Receptor Agonists [MoA],  Uncompetitive N-methyl-D-aspartate Receptor Antagonist [EPC],  Uncompetitive NMDA Receptor Antagonists [MoA]","N/A","No","12/31/2027"
"DRX CHOICE","68163-064-12","","KIT","","M012","Raritan Pharmaceuticals Inc","68163-064","Acetaminophen, Dextromethorphan HBr, Phenylephrine HCl, and Acetaminophen, Dextromethorphan HBr, Doxylamine succinate","","HUMAN OTC DRUG","03/02/2026","N/A","OTC MONOGRAPH DRUG","1 KIT in 1 CARTON (68163-064-12)  *  6 CAPSULE, LIQUID FILLED in 1 BLISTER PACK (68163-604-06)  *  6 CAPSULE, LIQUID FILLED in 1 BLISTER PACK (68163-406-06)","N/A","N/A","No","12/31/2027"
"equaline daytime and nighttime cold and flu relief","41163-567-02","","KIT","","M012","United Natural Foods, Inc. dba UNFI","41163-567","Acetaminophen, Dextromethorphan HBr, Doxylamine succinate, phenylephrine HCl","","HUMAN OTC DRUG","08/14/2012","N/A","OTC MONOGRAPH DRUG","1 KIT in 1 CARTON (41163-567-02)  *  355 mL in 1 BOTTLE (41163-335-40)  *  355 mL in 1 BOTTLE (41163-656-40)","N/A","N/A","No","12/31/2027"
"equaline nighttime cold and flu relief","41163-335-40","650 mg/30mL,                         30  mg/30mL,                         12.5  mg/30mL","SOLUTION","ORAL","M012","United Natural Foods, Inc. dba UNFI","41163-335","Acetaminophen, Dextromethorphan HBr, Doxylamine succinate","ACETAMINOPHEN;  DEXTROMETHORPHAN HYDROBROMIDE;  DOXYLAMINE SUCCINATE","HUMAN OTC DRUG","07/17/2012","N/A","OTC MONOGRAPH DRUG","355 mL in 1 BOTTLE (41163-335-40)","Antihistamine [EPC],  Histamine Receptor Antagonists [MoA],  Sigma-1 Agonist [EPC],  Sigma-1 Receptor Agonists [MoA],  Uncompetitive N-methyl-D-aspartate Receptor Antagonist [EPC],  Uncompetitive NMDA Receptor Antagonists [MoA]","N/A","No","12/31/2027"
"equaline nighttime cold and flu relief","41163-459-40","650 mg/30mL,                         30  mg/30mL,                         12.5  mg/30mL","SOLUTION","ORAL","M012","United Natural Foods, Inc. dba UNFI","41163-459","Acetaminophen, Dextromethorphan HBr, Doxylamine succinate","ACETAMINOPHEN;  DEXTROMETHORPHAN HYDROBROMIDE;  DOXYLAMINE SUCCINATE","HUMAN OTC DRUG","07/11/2012","N/A","OTC MONOGRAPH DRUG","355 mL in 1 BOTTLE (41163-459-40)","Antihistamine [EPC],  Histamine Receptor Antagonists [MoA],  Sigma-1 Agonist [EPC],  Sigma-1 Receptor Agonists [MoA],  Uncompetitive N-methyl-D-aspartate Receptor Antagonist [EPC],  Uncompetitive NMDA Receptor Antagonists [MoA]","N/A","No","12/31/2027"
"equaline nighttime severe cold and flu","41163-763-40","650 mg/30mL,                         20  mg/30mL,                         12.5  mg/30mL,                         10  mg/30mL","SOLUTION","ORAL","M012","United Natural Foods, Inc. dba UNFI","41163-763","Acetaminophen, Dextromethorphan HBr, Doxylamine Succinate, Phenylephrine HCl","ACETAMINOPHEN;  DEXTROMETHORPHAN HYDROBROMIDE;  DOXYLAMINE SUCCINATE;  PHENYLEPHRINE HYDROCHLORIDE","HUMAN OTC DRUG","07/31/2014","N/A","OTC MONOGRAPH DRUG","355 mL in 1 BOTTLE (41163-763-40)","Adrenergic alpha1-Agonists [MoA],  Antihistamine [EPC],  Histamine Receptor Antagonists [MoA],  Sigma-1 Agonist [EPC],  Sigma-1 Receptor Agonists [MoA],  Uncompetitive N-methyl-D-aspartate Receptor Antagonist [EPC],  Uncompetitive NMDA Receptor Antagonists [MoA],  alpha-1 Adrenergic Agonist [EPC]","N/A","No","12/31/2026"
"equate daytime cold and flu nighttime cold and flu","49035-718-02","","KIT","","M012","Wal-Mart Stores Inc","49035-718","Acetaminophen, Dextromethorphan HBr, Doxylamine succinate, Phenylephrine HCl","","HUMAN OTC DRUG","04/21/2020","N/A","OTC MONOGRAPH DRUG","1 KIT in 1 CARTON (49035-718-02)  *  355 mL in 1 BOTTLE (49035-324-40)  *  355 mL in 1 BOTTLE (49035-726-40)","N/A","N/A","No","12/31/2027"
"Equate Daytime Nighttime Cold and Flu","49035-714-02","","KIT","","M012","Wal-Mart Stores Inc","49035-714","acetaminophen, dextromethorphan hydrobromide, doxylamine succinate, guaifenesin, phenylephrine hydrochloride","","HUMAN OTC DRUG","03/18/2020","N/A","OTC MONOGRAPH DRUG","1 KIT in 1 CARTON (49035-714-02)  *  355 mL in 1 BOTTLE (49035-807-40)  *  355 mL in 1 BOTTLE (49035-476-40)","N/A","N/A","No","12/31/2027"
"equate daytime nighttime cold and flu","79903-348-24","","KIT","","M012","WALMART INC.","79903-348","Acetaminophen, Dextromethorphan Hydrobromide, Doxylamine Succinate, Guaifenesen, Phenylephrine Hydrochloride","","HUMAN OTC DRUG","07/07/2025","N/A","OTC MONOGRAPH DRUG","1 KIT in 1 CARTON (79903-348-24)  *  1 BOTTLE in 1 CARTON (79903-122-12)  / 355 mL in 1 BOTTLE *  355 mL in 1 BOTTLE (79903-123-12)","N/A","N/A","No","12/31/2027"
"Equate Daytime Nighttime Vapor Ice Cold and Flu","79903-417-24","","KIT","","M012","WALMART INC.","79903-417","acetaminophen, dextromethorphan hydrobromide, doxylamine succinate","","HUMAN OTC DRUG","07/08/2026","N/A","OTC MONOGRAPH DRUG","1 KIT in 1 CARTON (79903-417-24)  *  8 BLISTER PACK in 1 KIT (79903-416-16)  / 2 TABLET, FILM COATED in 1 BLISTER PACK *  4 BLISTER PACK in 1 KIT (79903-418-08)  / 2 TABLET, FILM COATED in 1 BLISTER PACK","N/A","N/A","No","12/31/2027"
"Equate daytime severe vaporice cold and flu nighttime severe vapor ice cold and flu","49035-796-02","","KIT","","M012","Wal-Mart Stores Inc","49035-796","acetaminophen, dextromethorphan hydrobromide, guaifenesin, phenylephrine hydrochloride, doxylamine succinate","","HUMAN OTC DRUG","07/14/2020","N/A","OTC MONOGRAPH DRUG","1 KIT in 1 CARTON (49035-796-02)  *  8 BLISTER PACK in 1 KIT / 2 TABLET, FILM COATED in 1 BLISTER PACK *  4 BLISTER PACK in 1 KIT / 2 TABLET, FILM COATED in 1 BLISTER PACK","N/A","N/A","No","12/31/2027"
"Equate Health Non Drowsy DAY Cold and Flu Plus and NIGHTTIME Cold and Flu Plus","79903-133-20","","KIT","","M012","Wal-Mart Stores Inc","79903-133","acetaminophen, dextromethorphan hydrobromide, doxylamine succinate, phenylephrine hydrochloride","","HUMAN OTC DRUG","08/11/2022","N/A","OTC MONOGRAPH DRUG","1 KIT in 1 CARTON (79903-133-20)  *  1 BLISTER PACK in 1 CARTON / 12 CAPSULE, LIQUID FILLED in 1 BLISTER PACK *  1 BLISTER PACK in 1 CARTON / 8 CAPSULE, LIQUID FILLED in 1 BLISTER PACK","N/A","N/A","No","12/31/2027"
"equate MAXIMUM STRENGTH NIGHTTIME SEVERE Cold and Flu SOFTGELS","79903-387-24","325 mg/1,                         10  mg/1,                         6.25  mg/1,                         5  mg/1","CAPSULE, LIQUID FILLED","ORAL","M012","WALMART INC.","79903-387","Acetaminophen, Dextromethorphan Hydrobromide, Doxylamine Succinate, Phenylephrine Hydrochloride","ACETAMINOPHEN;  DEXTROMETHORPHAN HYDROBROMIDE;  DOXYLAMINE SUCCINATE;  PHENYLEPHRINE HYDROCHLORIDE","HUMAN OTC DRUG","09/10/2025","N/A","OTC MONOGRAPH DRUG","2 BLISTER PACK in 1 CARTON (79903-387-24)  / 12 CAPSULE, LIQUID FILLED in 1 BLISTER PACK","Adrenergic alpha1-Agonists [MoA],  Antihistamine [EPC],  Histamine Receptor Antagonists [MoA],  Sigma-1 Agonist [EPC],  Sigma-1 Receptor Agonists [MoA],  Uncompetitive N-methyl-D-aspartate Receptor Antagonist [EPC],  Uncompetitive NMDA Receptor Antagonists [MoA],  alpha-1 Adrenergic Agonist [EPC]","N/A","No","12/31/2026"
"equate nighttime cold and flu","49035-324-40","650 mg/30mL,                         30  mg/30mL,                         12.5  mg/30mL","SOLUTION","ORAL","M012","Wal-Mart Stores Inc","49035-324","acetaminophen, dextromethorphan hydrobromide, doxylamine succinate","ACETAMINOPHEN;  DEXTROMETHORPHAN HYDROBROMIDE;  DOXYLAMINE SUCCINATE","HUMAN OTC DRUG","01/17/2020","N/A","OTC MONOGRAPH DRUG","355 mL in 1 BOTTLE (49035-324-40)","Antihistamine [EPC],  Histamine Receptor Antagonists [MoA],  Sigma-1 Agonist [EPC],  Sigma-1 Receptor Agonists [MoA],  Uncompetitive N-methyl-D-aspartate Receptor Antagonist [EPC],  Uncompetitive NMDA Receptor Antagonists [MoA]","N/A","No","12/31/2026"
"equate nighttime cold and flu","49035-609-40","650 mg/30mL,                         30  mg/30mL,                         12.5  mg/30mL","SOLUTION","ORAL","M012","Wal-Mart Stores Inc","49035-609","acetaminophen, dextromethorphan hydrobromide, doxylamine succinate","ACETAMINOPHEN;  DEXTROMETHORPHAN HYDROBROMIDE;  DOXYLAMINE SUCCINATE","HUMAN OTC DRUG","10/21/2019","N/A","OTC MONOGRAPH DRUG","355 mL in 1 BOTTLE (49035-609-40)","Antihistamine [EPC],  Histamine Receptor Antagonists [MoA],  Sigma-1 Agonist [EPC],  Sigma-1 Receptor Agonists [MoA],  Uncompetitive N-methyl-D-aspartate Receptor Antagonist [EPC],  Uncompetitive NMDA Receptor Antagonists [MoA]","N/A","No","12/31/2026"
"equate nighttime cold and flu","49035-807-40","650 mg/30mL,                         20  mg/30mL,                         12.5  mg/30mL,                         10  mg/30mL","SOLUTION","ORAL","M012","Wal-Mart Stores Inc","49035-807","acetaminophen, dextromethorphan hydrobromide, doxylamine succinate, phenylephrine hydrochloride","ACETAMINOPHEN;  DEXTROMETHORPHAN HYDROBROMIDE;  DOXYLAMINE SUCCINATE;  PHENYLEPHRINE HYDROCHLORIDE","HUMAN OTC DRUG","10/01/2019","N/A","OTC MONOGRAPH DRUG","355 mL in 1 BOTTLE (49035-807-40)","Adrenergic alpha1-Agonists [MoA],  Antihistamine [EPC],  Histamine Receptor Antagonists [MoA],  Sigma-1 Agonist [EPC],  Sigma-1 Receptor Agonists [MoA],  Uncompetitive N-methyl-D-aspartate Receptor Antagonist [EPC],  Uncompetitive NMDA Receptor Antagonists [MoA],  alpha-1 Adrenergic Agonist [EPC]","N/A","No","12/31/2027"
"equate nighttime cold and flu","79903-122-12","325 mg/15mL,                         10  mg/15mL,                         6.25  mg/15mL,                         5  mg/15mL","SOLUTION","ORAL","M012","WALMART INC.","79903-122","acetaminophen, dextromethorphan hydrobromide, doxylamine succinate, phenylephrine hydrochloride","ACETAMINOPHEN;  DEXTROMETHORPHAN HYDROBROMIDE;  DOXYLAMINE SUCCINATE;  PHENYLEPHRINE HYDROCHLORIDE","HUMAN OTC DRUG","06/30/2023","N/A","OTC MONOGRAPH DRUG","355 mL in 1 BOTTLE (79903-122-12)","Adrenergic alpha1-Agonists [MoA],  Antihistamine [EPC],  Histamine Receptor Antagonists [MoA],  Sigma-1 Agonist [EPC],  Sigma-1 Receptor Agonists [MoA],  Uncompetitive N-methyl-D-aspartate Receptor Antagonist [EPC],  Uncompetitive NMDA Receptor Antagonists [MoA],  alpha-1 Adrenergic Agonist [EPC]","N/A","No","12/31/2027"
"Equate Nighttime Vapor Ice Cold and Flu","79903-418-24","325 mg/1,                         10  mg/1,                         6.25  mg/1","TABLET, FILM COATED","ORAL","M012","WALMART INC.","79903-418","acetaminophen, dextromethorphan hydrobromide, doxylamine succinate","ACETAMINOPHEN;  DEXTROMETHORPHAN HYDROBROMIDE;  DOXYLAMINE SUCCINATE","HUMAN OTC DRUG","07/08/2026","N/A","OTC MONOGRAPH DRUG","12 BLISTER PACK in 1 CARTON (79903-418-24)  / 2 TABLET, FILM COATED in 1 BLISTER PACK","Antihistamine [EPC],  Histamine Receptor Antagonists [MoA],  Sigma-1 Agonist [EPC],  Sigma-1 Receptor Agonists [MoA],  Uncompetitive N-methyl-D-aspartate Receptor Antagonist [EPC],  Uncompetitive NMDA Receptor Antagonists [MoA]","N/A","No","12/31/2027"
"equate vapor ice cold and flu","49035-708-62","325 mg/1,                         10  mg/1,                         6.25  mg/1,                         5  mg/1","TABLET, FILM COATED","ORAL","M012","Wal-Mart Stores Inc","49035-708","acetaminophen, dextromethorphan hydrobromide, doxylamine succinate, phenylephrine hydrochloride","ACETAMINOPHEN;  DEXTROMETHORPHAN HYDROBROMIDE;  DOXYLAMINE SUCCINATE;  PHENYLEPHRINE HYDROCHLORIDE","HUMAN OTC DRUG","07/14/2020","N/A","OTC MONOGRAPH DRUG","12 BLISTER PACK in 1 CARTON (49035-708-62)  / 2 TABLET, FILM COATED in 1 BLISTER PACK","Adrenergic alpha1-Agonists [MoA],  Antihistamine [EPC],  Histamine Receptor Antagonists [MoA],  Sigma-1 Agonist [EPC],  Sigma-1 Receptor Agonists [MoA],  Uncompetitive N-methyl-D-aspartate Receptor Antagonist [EPC],  Uncompetitive NMDA Receptor Antagonists [MoA],  alpha-1 Adrenergic Agonist [EPC]","N/A","No","12/31/2026"
"Extra Strength Tylenol Cold plus Flu Multi-Symptom Nighttime","50580-212-01","12.5 mg/30mL,                         30  mg/30mL,                         1000  mg/30mL","LIQUID","ORAL","M012","Kenvue Brands LLC","50580-212","Acetaminophen, Dextromethorphan Hydrobromide, Doxylamine Succinate","ACETAMINOPHEN;  DEXTROMETHORPHAN HYDROBROMIDE;  DOXYLAMINE SUCCINATE","HUMAN OTC DRUG","06/01/2026","N/A","OTC MONOGRAPH DRUG","240 mL in 1 BOTTLE (50580-212-01)","Antihistamine [EPC],  Histamine Receptor Antagonists [MoA],  Sigma-1 Agonist [EPC],  Sigma-1 Receptor Agonists [MoA],  Uncompetitive N-methyl-D-aspartate Receptor Antagonist [EPC],  Uncompetitive NMDA Receptor Antagonists [MoA]","N/A","No","12/31/2027"
"Extra Strength TYLENOL Severe Cough Plus Sore Throat Night","50580-243-01","1000 mg/30mL,                         30  mg/30mL,                         12.5  mg/30mL","LIQUID","ORAL","M012","Kenvue Brands LLC","50580-243","Acetaminophen, Dextromethorphan Hydrobromide and Doxylamine Succinate.","ACETAMINOPHEN;  DEXTROMETHORPHAN HYDROBROMIDE;  DOXYLAMINE SUCCINATE","HUMAN OTC DRUG","06/19/2023","N/A","OTC MONOGRAPH DRUG","240 mL in 1 BOTTLE (50580-243-01)","Antihistamine [EPC],  Histamine Receptor Antagonists [MoA],  Sigma-1 Agonist [EPC],  Sigma-1 Receptor Agonists [MoA],  Uncompetitive N-methyl-D-aspartate Receptor Antagonist [EPC],  Uncompetitive NMDA Receptor Antagonists [MoA]","N/A","No","12/31/2026"
"Family Dollar","55319-926-12","650 mg/30mL,                         30  mg/30mL,                         12.5  mg/30mL","LIQUID","ORAL","M012","FAMILY DOLLAR SERVICES INC","55319-926","Acetaminophen, Dextromethorphan Hydrobromide and Doxylamine succinate","ACETAMINOPHEN;  DEXTROMETHORPHAN HYDROBROMIDE;  DOXYLAMINE SUCCINATE","HUMAN OTC DRUG","07/10/2023","N/A","OTC MONOGRAPH DRUG","354 mL in 1 BOTTLE, PLASTIC (55319-926-12)","Antihistamine [EPC],  Histamine Receptor Antagonists [MoA],  Sigma-1 Agonist [EPC],  Sigma-1 Receptor Agonists [MoA],  Uncompetitive N-methyl-D-aspartate Receptor Antagonist [EPC],  Uncompetitive NMDA Receptor Antagonists [MoA]","N/A","No","12/31/2026"
"Family Dollar Nighttime Cold and Flu Relief","55319-692-12","650 mg/30mL,                         30  mg/30mL,                         12.5  mg/30mL","SOLUTION","ORAL","M012","FAMILY DOLLAR SERVICES INC","55319-692","Acetaminophen, Dextromethorphan HBr, Doxylamine succinate","ACETAMINOPHEN;  DEXTROMETHORPHAN HYDROBROMIDE;  DOXYLAMINE SUCCINATE","HUMAN OTC DRUG","07/10/2023","N/A","OTC MONOGRAPH DRUG","354 mL in 1 BOTTLE (55319-692-12)","Antihistamine [EPC],  Histamine Receptor Antagonists [MoA],  Sigma-1 Agonist [EPC],  Sigma-1 Receptor Agonists [MoA],  Uncompetitive N-methyl-D-aspartate Receptor Antagonist [EPC],  Uncompetitive NMDA Receptor Antagonists [MoA]","N/A","No","12/31/2026"
"foster and thrive daytime cold and flu relief nighttime cold and flu relief","70677-1028-1","","KIT","","M012","Strategic Sourcing Services LLC","70677-1028","Acetaminophen, dextromethorphan HBr, doxylamine succinate, phenylephrine HCl","","HUMAN OTC DRUG","10/30/2023","N/A","OTC MONOGRAPH DRUG","1 KIT in 1 CARTON (70677-1028-1)  *  8 BLISTER PACK in 1 CARTON (0113-1000-00)  / 2 CAPSULE, LIQUID FILLED in 1 BLISTER PACK *  16 BLISTER PACK in 1 CARTON (0113-2101-00)  / 2 CAPSULE, LIQUID FILLED in 1 BLISTER PACK","N/A","N/A","No","12/31/2027"
"foster and thrive nighttime cold and flu relief","70677-1032-1","650 mg/30mL,                         30  mg/30mL,                         12.5  mg/30mL","SOLUTION","ORAL","M012","Strategic Sourcing Services LLC","70677-1032","Acetaminophen, Dextromethorphan HBr, Doxylamine succinate","ACETAMINOPHEN;  DEXTROMETHORPHAN HYDROBROMIDE;  DOXYLAMINE SUCCINATE","HUMAN OTC DRUG","10/31/2023","N/A","OTC MONOGRAPH DRUG","355 mL in 1 BOTTLE (70677-1032-1)","Antihistamine [EPC],  Histamine Receptor Antagonists [MoA],  Sigma-1 Agonist [EPC],  Sigma-1 Receptor Agonists [MoA],  Uncompetitive N-methyl-D-aspartate Receptor Antagonist [EPC],  Uncompetitive NMDA Receptor Antagonists [MoA]","N/A","No","12/31/2026"
"foster and thrive nighttime cold and flu relief","70677-1033-2","650 mg/30mL,                         30  mg/30mL,                         12.5  mg/30mL","SOLUTION","ORAL","M012","Strategic Sourcing Services LLC","70677-1033","Acetaminophen, Dextromethorphan Hydrobromide, Doxylamine succinate","ACETAMINOPHEN;  DEXTROMETHORPHAN HYDROBROMIDE;  DOXYLAMINE SUCCINATE","HUMAN OTC DRUG","10/17/2023","N/A","OTC MONOGRAPH DRUG","355 mL in 1 BOTTLE (70677-1033-2)","Antihistamine [EPC],  Histamine Receptor Antagonists [MoA],  Sigma-1 Agonist [EPC],  Sigma-1 Receptor Agonists [MoA],  Uncompetitive N-methyl-D-aspartate Receptor Antagonist [EPC],  Uncompetitive NMDA Receptor Antagonists [MoA]","N/A","No","12/31/2026"
"foster and thrive nighttime cold and flu relief","70677-1033-1","650 mg/30mL,                         30  mg/30mL,                         12.5  mg/30mL","SOLUTION","ORAL","M012","Strategic Sourcing Services LLC","70677-1033","Acetaminophen, Dextromethorphan Hydrobromide, Doxylamine succinate","ACETAMINOPHEN;  DEXTROMETHORPHAN HYDROBROMIDE;  DOXYLAMINE SUCCINATE","HUMAN OTC DRUG","10/17/2023","N/A","OTC MONOGRAPH DRUG","237 mL in 1 BOTTLE (70677-1033-1)","Antihistamine [EPC],  Histamine Receptor Antagonists [MoA],  Sigma-1 Agonist [EPC],  Sigma-1 Receptor Agonists [MoA],  Uncompetitive N-methyl-D-aspartate Receptor Antagonist [EPC],  Uncompetitive NMDA Receptor Antagonists [MoA]","N/A","No","12/31/2026"
"foster and thrive nighttime cold and flu relief","85766-177-36","650 mg/30mL,                         30  mg/30mL,                         12.5  mg/30mL","SOLUTION","ORAL","M012","Sportpharm LLC","85766-177","Acetaminophen, Dextromethorphan Hydrobromide, Doxylamine succinate","ACETAMINOPHEN;  DEXTROMETHORPHAN HYDROBROMIDE;  DOXYLAMINE SUCCINATE","HUMAN OTC DRUG","03/04/2026","N/A","OTC MONOGRAPH DRUG","355 mL in 1 BOTTLE (85766-177-36)","Antihistamine [EPC],  Histamine Receptor Antagonists [MoA],  Sigma-1 Agonist [EPC],  Sigma-1 Receptor Agonists [MoA],  Uncompetitive N-methyl-D-aspartate Receptor Antagonist [EPC],  Uncompetitive NMDA Receptor Antagonists [MoA]","N/A","No","12/31/2027"
"foster and thrive nighttime cold and flu relief","85766-177-24","650 mg/30mL,                         30  mg/30mL,                         12.5  mg/30mL","SOLUTION","ORAL","M012","Sportpharm LLC","85766-177","Acetaminophen, Dextromethorphan Hydrobromide, Doxylamine succinate","ACETAMINOPHEN;  DEXTROMETHORPHAN HYDROBROMIDE;  DOXYLAMINE SUCCINATE","HUMAN OTC DRUG","03/04/2026","N/A","OTC MONOGRAPH DRUG","237 mL in 1 BOTTLE (85766-177-24)","Antihistamine [EPC],  Histamine Receptor Antagonists [MoA],  Sigma-1 Agonist [EPC],  Sigma-1 Receptor Agonists [MoA],  Uncompetitive N-methyl-D-aspartate Receptor Antagonist [EPC],  Uncompetitive NMDA Receptor Antagonists [MoA]","N/A","No","12/31/2027"
"foster and thrive nighttime severe cold and flu relief","70677-1030-1","325 mg/15mL,                         10  mg/15mL,                         6.25  mg/15mL,                         5  mg/15mL","SOLUTION","ORAL","M012","Strategic Sourcing Services LLC","70677-1030","acetaminophen, dextromethorphan hydrobromide, doxylamine succinate, phenylephrine hydrochloride","ACETAMINOPHEN;  DEXTROMETHORPHAN HYDROBROMIDE;  DOXYLAMINE SUCCINATE;  PHENYLEPHRINE HYDROCHLORIDE","HUMAN OTC DRUG","06/30/2023","N/A","OTC MONOGRAPH DRUG","355 mL in 1 BOTTLE (70677-1030-1)","Adrenergic alpha1-Agonists [MoA],  Antihistamine [EPC],  Histamine Receptor Antagonists [MoA],  Sigma-1 Agonist [EPC],  Sigma-1 Receptor Agonists [MoA],  Uncompetitive N-methyl-D-aspartate Receptor Antagonist [EPC],  Uncompetitive NMDA Receptor Antagonists [MoA],  alpha-1 Adrenergic Agonist [EPC]","N/A","No","12/31/2026"
"good neighbor pharmacy night time","46122-136-34","650 mg/30mL,                         30  mg/30mL,                         12.5  mg/30mL","SOLUTION","ORAL","M012","Amerisource Bergen","46122-136","Acetaminophen, Dextromethorphan HBr, Doxylamine succinate","ACETAMINOPHEN;  DEXTROMETHORPHAN HYDROBROMIDE;  DOXYLAMINE SUCCINATE","HUMAN OTC DRUG","09/14/2012","N/A","OTC MONOGRAPH DRUG","237 mL in 1 BOTTLE (46122-136-34)","Antihistamine [EPC],  Histamine Receptor Antagonists [MoA],  Sigma-1 Agonist [EPC],  Sigma-1 Receptor Agonists [MoA],  Uncompetitive N-methyl-D-aspartate Receptor Antagonist [EPC],  Uncompetitive NMDA Receptor Antagonists [MoA]","N/A","No","12/31/2027"
"good neighbor pharmacy night time","46122-198-34","650 mg/30mL,                         30  mg/30mL,                         12.5  mg/30mL","SOLUTION","ORAL","M012","Amerisource Bergen","46122-198","Acetaminophen, Dextromethorphan HBr, Doxylamine succinate","ACETAMINOPHEN;  DEXTROMETHORPHAN HYDROBROMIDE;  DOXYLAMINE SUCCINATE","HUMAN OTC DRUG","07/19/2012","N/A","OTC MONOGRAPH DRUG","237 mL in 1 BOTTLE (46122-198-34)","Antihistamine [EPC],  Histamine Receptor Antagonists [MoA],  Sigma-1 Agonist [EPC],  Sigma-1 Receptor Agonists [MoA],  Uncompetitive N-methyl-D-aspartate Receptor Antagonist [EPC],  Uncompetitive NMDA Receptor Antagonists [MoA]","N/A","No","12/31/2027"
"good neighbor pharmacy night time","46122-198-40","650 mg/30mL,                         30  mg/30mL,                         12.5  mg/30mL","SOLUTION","ORAL","M012","Amerisource Bergen","46122-198","Acetaminophen, Dextromethorphan HBr, Doxylamine succinate","ACETAMINOPHEN;  DEXTROMETHORPHAN HYDROBROMIDE;  DOXYLAMINE SUCCINATE","HUMAN OTC DRUG","07/19/2012","N/A","OTC MONOGRAPH DRUG","355 mL in 1 BOTTLE (46122-198-40)","Antihistamine [EPC],  Histamine Receptor Antagonists [MoA],  Sigma-1 Agonist [EPC],  Sigma-1 Receptor Agonists [MoA],  Uncompetitive N-methyl-D-aspartate Receptor Antagonist [EPC],  Uncompetitive NMDA Receptor Antagonists [MoA]","N/A","No","12/31/2027"
"Good Neighbor Pharmacy Night Time","46122-245-62","325 mg/1,                         15  mg/1,                         6.25  mg/1","CAPSULE, LIQUID FILLED","ORAL","M012","Amerisource Bergen","46122-245","Acetaminophen, Dextromethorphan HBr, Doxylamine succinate","ACETAMINOPHEN;  DEXTROMETHORPHAN HYDROBROMIDE;  DOXYLAMINE SUCCINATE","HUMAN OTC DRUG","03/06/2014","N/A","OTC MONOGRAPH DRUG","12 BLISTER PACK in 1 CARTON (46122-245-62)  / 2 CAPSULE, LIQUID FILLED in 1 BLISTER PACK","Antihistamine [EPC],  Histamine Receptor Antagonists [MoA],  Sigma-1 Agonist [EPC],  Sigma-1 Receptor Agonists [MoA],  Uncompetitive N-methyl-D-aspartate Receptor Antagonist [EPC],  Uncompetitive NMDA Receptor Antagonists [MoA]","N/A","No","12/31/2027"
"GOOD SENSE COMBO PACK DAYTIME AND NIGHTTIME","0113-6219-02","","KIT","","M012","L. Perrigo Company","0113-6219","Acetaminophen, Dextromethorphan Hydrobromide, Doxylamine succinate, Phenylephrine Hydrochloride","","HUMAN OTC DRUG","01/08/2026","N/A","OTC MONOGRAPH DRUG","1 KIT in 1 CARTON (0113-6219-02)  *  354 mL in 1 BOTTLE (0113-0459-40)  *  354 mL in 1 BOTTLE (0113-0656-40)","N/A","N/A","No","12/31/2027"
"good sense night time","0113-0056-73","325 mg/1,                         15  mg/1,                         6.25  mg/1","CAPSULE, LIQUID FILLED","ORAL","M012","L. Perrigo Company","0113-0056","Acetaminophen, Dextromethorphan HBr, Doxylamine succinate","ACETAMINOPHEN;  DEXTROMETHORPHAN HYDROBROMIDE;  DOXYLAMINE SUCCINATE","HUMAN OTC DRUG","05/30/2014","N/A","OTC MONOGRAPH DRUG","8 BLISTER PACK in 1 CARTON (0113-0056-73)  / 2 CAPSULE, LIQUID FILLED in 1 BLISTER PACK","Antihistamine [EPC],  Histamine Receptor Antagonists [MoA],  Sigma-1 Agonist [EPC],  Sigma-1 Receptor Agonists [MoA],  Uncompetitive N-methyl-D-aspartate Receptor Antagonist [EPC],  Uncompetitive NMDA Receptor Antagonists [MoA]","N/A","No","12/31/2027"
"good sense night time","0113-0056-62","325 mg/1,                         15  mg/1,                         6.25  mg/1","CAPSULE, LIQUID FILLED","ORAL","M012","L. Perrigo Company","0113-0056","Acetaminophen, Dextromethorphan HBr, Doxylamine succinate","ACETAMINOPHEN;  DEXTROMETHORPHAN HYDROBROMIDE;  DOXYLAMINE SUCCINATE","HUMAN OTC DRUG","08/25/2014","N/A","OTC MONOGRAPH DRUG","12 BLISTER PACK in 1 CARTON (0113-0056-62)  / 2 CAPSULE, LIQUID FILLED in 1 BLISTER PACK","Antihistamine [EPC],  Histamine Receptor Antagonists [MoA],  Sigma-1 Agonist [EPC],  Sigma-1 Receptor Agonists [MoA],  Uncompetitive N-methyl-D-aspartate Receptor Antagonist [EPC],  Uncompetitive NMDA Receptor Antagonists [MoA]","N/A","No","12/31/2027"
"good sense night time","0113-0056-67","325 mg/1,                         15  mg/1,                         6.25  mg/1","CAPSULE, LIQUID FILLED","ORAL","M012","L. Perrigo Company","0113-0056","Acetaminophen, Dextromethorphan HBr, Doxylamine succinate","ACETAMINOPHEN;  DEXTROMETHORPHAN HYDROBROMIDE;  DOXYLAMINE SUCCINATE","HUMAN OTC DRUG","01/08/2026","N/A","OTC MONOGRAPH DRUG","24 BLISTER PACK in 1 CARTON (0113-0056-67)  / 2 CAPSULE, LIQUID FILLED in 1 BLISTER PACK","Antihistamine [EPC],  Histamine Receptor Antagonists [MoA],  Sigma-1 Agonist [EPC],  Sigma-1 Receptor Agonists [MoA],  Uncompetitive N-methyl-D-aspartate Receptor Antagonist [EPC],  Uncompetitive NMDA Receptor Antagonists [MoA]","N/A","No","12/31/2027"
"good sense night time","0113-0335-40","650 mg/30mL,                         30  mg/30mL,                         12.5  mg/30mL","SOLUTION","ORAL","M012","L. Perrigo Company","0113-0335","Acetaminophen, Dextromethorphan HBr, Doxylamine succinate","ACETAMINOPHEN;  DEXTROMETHORPHAN HYDROBROMIDE;  DOXYLAMINE SUCCINATE","HUMAN OTC DRUG","08/20/2012","N/A","OTC MONOGRAPH DRUG","354 mL in 1 BOTTLE (0113-0335-40)","Antihistamine [EPC],  Histamine Receptor Antagonists [MoA],  Sigma-1 Agonist [EPC],  Sigma-1 Receptor Agonists [MoA],  Uncompetitive N-methyl-D-aspartate Receptor Antagonist [EPC],  Uncompetitive NMDA Receptor Antagonists [MoA]","N/A","No","12/31/2027"
"good sense night time","0113-0335-34","650 mg/30mL,                         30  mg/30mL,                         12.5  mg/30mL","SOLUTION","ORAL","M012","L. Perrigo Company","0113-0335","Acetaminophen, Dextromethorphan HBr, Doxylamine succinate","ACETAMINOPHEN;  DEXTROMETHORPHAN HYDROBROMIDE;  DOXYLAMINE SUCCINATE","HUMAN OTC DRUG","07/20/2012","N/A","OTC MONOGRAPH DRUG","237 mL in 1 BOTTLE (0113-0335-34)","Antihistamine [EPC],  Histamine Receptor Antagonists [MoA],  Sigma-1 Agonist [EPC],  Sigma-1 Receptor Agonists [MoA],  Uncompetitive N-methyl-D-aspartate Receptor Antagonist [EPC],  Uncompetitive NMDA Receptor Antagonists [MoA]","N/A","No","12/31/2027"
"GOOD SENSE NIGHT TIME","0113-6012-40","325 mg/15mL,                         10  mg/15mL,                         6.25  mg/15mL","SOLUTION","ORAL","M012","L. Perrigo Company","0113-6012","acetaminophen, dextromethorphan hydrobromide, doxylamine succinate","ACETAMINOPHEN;  DEXTROMETHORPHAN HYDROBROMIDE;  DOXYLAMINE SUCCINATE","HUMAN OTC DRUG","01/22/2026","N/A","OTC MONOGRAPH DRUG","354 mL in 1 BOTTLE (0113-6012-40)","Antihistamine [EPC],  Histamine Receptor Antagonists [MoA],  Sigma-1 Agonist [EPC],  Sigma-1 Receptor Agonists [MoA],  Uncompetitive N-methyl-D-aspartate Receptor Antagonist [EPC],  Uncompetitive NMDA Receptor Antagonists [MoA]","N/A","No","12/31/2027"
"good sense night time cold and flu","0113-2501-40","325 mg/15mL,                         10  mg/15mL,                         6.25  mg/15mL,                         5  mg/15mL","SOLUTION","ORAL","M012","L. Perrigo Company","0113-2501","acetaminophen, dextromethorphan hydrobromide, doxylamine succinate, phenylephrine hydrochloride","ACETAMINOPHEN;  DEXTROMETHORPHAN HYDROBROMIDE;  DOXYLAMINE SUCCINATE;  PHENYLEPHRINE HYDROCHLORIDE","HUMAN OTC DRUG","07/05/2023","N/A","OTC MONOGRAPH DRUG","354 mL in 1 BOTTLE (0113-2501-40)","Adrenergic alpha1-Agonists [MoA],  Antihistamine [EPC],  Histamine Receptor Antagonists [MoA],  Sigma-1 Agonist [EPC],  Sigma-1 Receptor Agonists [MoA],  Uncompetitive N-methyl-D-aspartate Receptor Antagonist [EPC],  Uncompetitive NMDA Receptor Antagonists [MoA],  alpha-1 Adrenergic Agonist [EPC]","N/A","No","12/31/2026"
"good sense nighttime","0113-0459-34","650 mg/30mL,                         30  mg/30mL,                         12.5  mg/30mL","SOLUTION","ORAL","M012","L. Perrigo Company","0113-0459","Acetaminophen, Dextromethorphan HBr, Doxylamine succinate","ACETAMINOPHEN;  DEXTROMETHORPHAN HYDROBROMIDE;  DOXYLAMINE SUCCINATE","HUMAN OTC DRUG","07/27/2012","N/A","OTC MONOGRAPH DRUG","237 mL in 1 BOTTLE (0113-0459-34)","Antihistamine [EPC],  Histamine Receptor Antagonists [MoA],  Sigma-1 Agonist [EPC],  Sigma-1 Receptor Agonists [MoA],  Uncompetitive N-methyl-D-aspartate Receptor Antagonist [EPC],  Uncompetitive NMDA Receptor Antagonists [MoA]","N/A","No","12/31/2027"
"good sense nighttime","0113-0459-40","650 mg/30mL,                         30  mg/30mL,                         12.5  mg/30mL","SOLUTION","ORAL","M012","L. Perrigo Company","0113-0459","Acetaminophen, Dextromethorphan HBr, Doxylamine succinate","ACETAMINOPHEN;  DEXTROMETHORPHAN HYDROBROMIDE;  DOXYLAMINE SUCCINATE","HUMAN OTC DRUG","08/31/2012","N/A","OTC MONOGRAPH DRUG","354 mL in 1 BOTTLE (0113-0459-40)","Antihistamine [EPC],  Histamine Receptor Antagonists [MoA],  Sigma-1 Agonist [EPC],  Sigma-1 Receptor Agonists [MoA],  Uncompetitive N-methyl-D-aspartate Receptor Antagonist [EPC],  Uncompetitive NMDA Receptor Antagonists [MoA]","N/A","No","12/31/2027"
"Good Sense Severe NightTime","0113-0019-40","650 mg/30mL,                         20  mg/30mL,                         12.5  mg/30mL,                         10  mg/30mL","SOLUTION","ORAL","M012","L. Perrigo Company","0113-0019","Acetaminophen, dextromethorphan HBr, doxylamine succinate, phenylephrine HCl","ACETAMINOPHEN;  DEXTROMETHORPHAN HYDROBROMIDE;  DOXYLAMINE SUCCINATE;  PHENYLEPHRINE HYDROCHLORIDE","HUMAN OTC DRUG","11/24/2015","N/A","OTC MONOGRAPH DRUG","354 mL in 1 BOTTLE (0113-0019-40)","Adrenergic alpha1-Agonists [MoA],  Antihistamine [EPC],  Histamine Receptor Antagonists [MoA],  Sigma-1 Agonist [EPC],  Sigma-1 Receptor Agonists [MoA],  Uncompetitive N-methyl-D-aspartate Receptor Antagonist [EPC],  Uncompetitive NMDA Receptor Antagonists [MoA],  alpha-1 Adrenergic Agonist [EPC]","N/A","No","12/31/2026"
"Good Sense Severe NightTime Cold and Flu","0113-0763-40","650 mg/30mL,                         20  mg/30mL,                         12.5  mg/30mL,                         10  mg/30mL","SOLUTION","ORAL","M012","L. Perrigo Company","0113-0763","Acetaminophen, Dextromethorphan HBr, Doxylamine Succinate, Phenylephrine HCl","ACETAMINOPHEN;  DEXTROMETHORPHAN HYDROBROMIDE;  DOXYLAMINE SUCCINATE;  PHENYLEPHRINE HYDROCHLORIDE","HUMAN OTC DRUG","11/19/2013","N/A","OTC MONOGRAPH DRUG","354 mL in 1 BOTTLE (0113-0763-40)","Adrenergic alpha1-Agonists [MoA],  Antihistamine [EPC],  Histamine Receptor Antagonists [MoA],  Sigma-1 Agonist [EPC],  Sigma-1 Receptor Agonists [MoA],  Uncompetitive N-methyl-D-aspartate Receptor Antagonist [EPC],  Uncompetitive NMDA Receptor Antagonists [MoA],  alpha-1 Adrenergic Agonist [EPC]","N/A","No","12/31/2026"
"Good sense sleep aid","0113-0441-01","25 mg/1","TABLET","ORAL","ANDA040167","L. Perrigo Company","0113-0441","Doxylamine succinate","DOXYLAMINE SUCCINATE","HUMAN OTC DRUG","08/14/2025","N/A","ANDA","1 BOTTLE in 1 CARTON (0113-0441-01)  / 96 TABLET in 1 BOTTLE","Antihistamine [EPC],  Histamine Receptor Antagonists [MoA]","N/A","No","12/31/2026"
"Good sense sleep aid","0113-0441-64","25 mg/1","TABLET","ORAL","ANDA040167","L. Perrigo Company","0113-0441","Doxylamine succinate","DOXYLAMINE SUCCINATE","HUMAN OTC DRUG","04/14/1997","N/A","ANDA","32 BLISTER PACK in 1 CARTON (0113-0441-64)  / 1 TABLET in 1 BLISTER PACK","Antihistamine [EPC],  Histamine Receptor Antagonists [MoA]","N/A","No","12/31/2026"
"Good sense sleep aid","0113-0441-73","25 mg/1","TABLET","ORAL","ANDA040167","L. Perrigo Company","0113-0441","Doxylamine succinate","DOXYLAMINE SUCCINATE","HUMAN OTC DRUG","08/03/1997","N/A","ANDA","16 BLISTER PACK in 1 CARTON (0113-0441-73)  / 1 TABLET in 1 BLISTER PACK","Antihistamine [EPC],  Histamine Receptor Antagonists [MoA]","N/A","No","12/31/2026"
"good sense sleep aid ultra","0113-4032-62","25 mg/1","TABLET, COATED","ORAL","ANDA040167","L. Perrigo Company","0113-4032","doxylamine succinate","DOXYLAMINE SUCCINATE","HUMAN OTC DRUG","02/27/2025","N/A","ANDA","1 BOTTLE in 1 CARTON (0113-4032-62)  / 24 TABLET, COATED in 1 BOTTLE","Antihistamine [EPC],  Histamine Receptor Antagonists [MoA]","N/A","No","12/31/2026"
"good sense sleep aid ultra","0113-4032-67","25 mg/1","TABLET, COATED","ORAL","ANDA040167","L. Perrigo Company","0113-4032","doxylamine succinate","DOXYLAMINE SUCCINATE","HUMAN OTC DRUG","02/27/2025","N/A","ANDA","1 BOTTLE in 1 CARTON (0113-4032-67)  / 48 TABLET, COATED in 1 BOTTLE","Antihistamine [EPC],  Histamine Receptor Antagonists [MoA]","N/A","No","12/31/2026"
"good sense sleep aid ultra","0113-6044-67","25 mg/1","TABLET","ORAL","ANDA040167","L. Perrigo Company","0113-6044","Doxylamine Succinate","DOXYLAMINE SUCCINATE","HUMAN OTC DRUG","08/06/2022","N/A","ANDA","48 BLISTER PACK in 1 CARTON (0113-6044-67)  / 1 TABLET in 1 BLISTER PACK","Antihistamine [EPC],  Histamine Receptor Antagonists [MoA]","N/A","No","12/31/2026"
"Goodnow Cold and Flu Day Relief Cold and Flu Night Relief","82501-0733-1","","KIT","","M012","Gobrands, Inc","82501-0733","acetaminophen, dextromethorphan hydrobromide, doxylamine succinate, phenylephrine hydrochloride","","HUMAN OTC DRUG","10/29/2025","N/A","OTC MONOGRAPH DRUG","1 KIT in 1 CARTON (82501-0733-1)  *  355 mL in 1 BOTTLE (82501-0459-0)  *  355 mL in 1 BOTTLE (82501-0656-0)","N/A","N/A","No","12/31/2026"
"Goodnow cold flu day relief cold flu night relief","82501-1211-1","","KIT","","M012","Gobrands, Inc","82501-1211","Acetaminophen, dextromethorphan HBr, doxylamine succinate, phenylephrine HCl","","HUMAN OTC DRUG","10/23/2025","N/A","OTC MONOGRAPH DRUG","1 KIT in 1 CARTON (82501-1211-1)  *  8 BLISTER PACK in 1 CARTON (82501-0056-0)  / 2 CAPSULE, LIQUID FILLED in 1 BLISTER PACK *  16 BLISTER PACK in 1 CARTON (82501-0994-0)  / 2 CAPSULE, LIQUID FILLED in 1 BLISTER PACK","N/A","N/A","No","12/31/2026"
"GOODSENSE COMBO PACK DAYTIME AND NIGHTTIME","0113-5970-02","","KIT","","M012","L. Perrigo Company","0113-5970","acetaminophen, dextromethorphan HBr, doxylamine succinate, guaifenesin, phenylephrine HCl","","HUMAN OTC DRUG","02/20/2026","N/A","OTC MONOGRAPH DRUG","1 KIT in 1 CARTON (0113-5970-02)  *  354 mL in 1 BOTTLE (0113-0763-40)  *  354 mL in 1 BOTTLE (0113-0603-40)","N/A","N/A","No","12/31/2027"
"HoneyWorks Plus Adult Nighttime Cough Syrup","68163-660-08","20 mg/20mL,                         12.5  mg/20mL","SOLUTION","ORAL","M012","RARITAN PHARMACEUTICALS INC","68163-660","dextromethorphan hbr, doxylamine succinate","DEXTROMETHORPHAN HYDROBROMIDE;  DOXYLAMINE SUCCINATE","HUMAN OTC DRUG","02/01/2023","N/A","OTC MONOGRAPH DRUG","1 BOTTLE in 1 CARTON (68163-660-08)  / 236 mL in 1 BOTTLE","Antihistamine [EPC],  Histamine Receptor Antagonists [MoA],  Sigma-1 Agonist [EPC],  Sigma-1 Receptor Agonists [MoA],  Uncompetitive N-methyl-D-aspartate Receptor Antagonist [EPC],  Uncompetitive NMDA Receptor Antagonists [MoA]","N/A","No","12/31/2026"
"Kroger Daytime and Nighttime Cold and Flu Softgel","30142-233-74","","KIT","","","The Kroger Company","30142-233","Acetaminophen, Dextromethorphan Hydrobromide, Phenylephrine Hydrochloride, Doxylamine Succinate","","HUMAN OTC DRUG","08/31/2022","N/A","UNAPPROVED DRUG OTHER","1 KIT in 1 KIT (30142-233-74)  *  8 CAPSULE, LIQUID FILLED in 1 BLISTER PACK *  4 CAPSULE, LIQUID FILLED in 1 BLISTER PACK","N/A","N/A","No","12/31/2026"
"Kroger DayTime and NightTime Cold and Flu SOFTGEL","59450-048-48","","KIT","","","The Kroger Co.","59450-048","Acetaminophen, Dextromethorphan Hydrobromide, Phenylephrine Hydrochloride, Doxylamine Succinate","","HUMAN OTC DRUG","01/08/2025","N/A","UNAPPROVED DRUG OTHER","1 KIT in 1 CARTON (59450-048-48)  *  8 CAPSULE, LIQUID FILLED in 1 BLISTER PACK *  4 CAPSULE, LIQUID FILLED in 1 BLISTER PACK","N/A","N/A","No","12/31/2026"
"Kroger Nighttime Cold and Flu Relief","30142-292-12","650 mg/30mL,                         30  mg/30mL,                         12.5  mg/30mL","SOLUTION","ORAL","M010","Kroger Company","30142-292","Acetaminophen, Dextromethorphan HBr, Doxylamine succinate","ACETAMINOPHEN;  DEXTROMETHORPHAN HYDROBROMIDE;  DOXYLAMINE SUCCINATE","HUMAN OTC DRUG","01/29/2021","N/A","OTC MONOGRAPH DRUG","354 mL in 1 BOTTLE (30142-292-12)","Antihistamine [EPC],  Histamine Receptor Antagonists [MoA],  Sigma-1 Agonist [EPC],  Sigma-1 Receptor Agonists [MoA],  Uncompetitive N-methyl-D-aspartate Receptor Antagonist [EPC],  Uncompetitive NMDA Receptor Antagonists [MoA]","N/A","No","12/31/2026"
"Kroger Nighttime Cold and Flu Softgel","30142-086-48","325 mg/1,                         15  mg/1,                         6.25  mg/1","CAPSULE, LIQUID FILLED","ORAL","M012","The Kroger Company","30142-086","Acetaminophen, Dextromethorphan Hydrobromide, Doxylamine Succinate","ACETAMINOPHEN;  DEXTROMETHORPHAN HYDROBROMIDE;  DOXYLAMINE SUCCINATE","HUMAN OTC DRUG","08/31/2022","N/A","OTC MONOGRAPH DRUG","4 BLISTER PACK in 1 CARTON (30142-086-48)  / 12 CAPSULE, LIQUID FILLED in 1 BLISTER PACK","Antihistamine [EPC],  Histamine Receptor Antagonists [MoA],  Sigma-1 Agonist [EPC],  Sigma-1 Receptor Agonists [MoA],  Uncompetitive N-methyl-D-aspartate Receptor Antagonist [EPC],  Uncompetitive NMDA Receptor Antagonists [MoA]","N/A","No","12/31/2026"
"Kroger NightTime Cold and Flu SOFTGEL","59450-047-48","325 mg/1,                         15  mg/1,                         6.25  mg/1","CAPSULE, LIQUID FILLED","ORAL","M012","The Kroger Co.","59450-047","Acetaminophen, Dextromethorphan Hydrobromide, Doxylamine Succinate","ACETAMINOPHEN;  DEXTROMETHORPHAN HYDROBROMIDE;  DOXYLAMINE SUCCINATE","HUMAN OTC DRUG","01/08/2025","N/A","OTC MONOGRAPH DRUG","4 BLISTER PACK in 1 CARTON (59450-047-48)  / 12 CAPSULE, LIQUID FILLED in 1 BLISTER PACK","Antihistamine [EPC],  Histamine Receptor Antagonists [MoA],  Sigma-1 Agonist [EPC],  Sigma-1 Receptor Agonists [MoA],  Uncompetitive N-methyl-D-aspartate Receptor Antagonist [EPC],  Uncompetitive NMDA Receptor Antagonists [MoA]","N/A","No","12/31/2026"
"Leader Nighttime Cold and Flu","70000-0183-2","650 mg/30mL,                         30  mg/30mL,                         12.5  mg/30mL","SOLUTION","ORAL","M012","Cardinal Health 110, LLC. dba Leader","70000-0183","Acetaminophen, Dextromethorphan HBr, Doxylamine succinate","ACETAMINOPHEN;  DEXTROMETHORPHAN HYDROBROMIDE;  DOXYLAMINE SUCCINATE","HUMAN OTC DRUG","11/16/2016","N/A","OTC MONOGRAPH DRUG","237 mL in 1 BOTTLE (70000-0183-2)","Antihistamine [EPC],  Histamine Receptor Antagonists [MoA],  Sigma-1 Agonist [EPC],  Sigma-1 Receptor Agonists [MoA],  Uncompetitive N-methyl-D-aspartate Receptor Antagonist [EPC],  Uncompetitive NMDA Receptor Antagonists [MoA]","N/A","No","12/31/2027"
"Leader Nighttime Cold and Flu","70000-0184-1","650 mg/30mL,                         30  mg/30mL,                         12.5  mg/30mL","SOLUTION","ORAL","M012","Cardinal Health 110, LLC. dba Leader","70000-0184","Acetaminophen, Dextromethorphan HBr, Doxylamine succinate","ACETAMINOPHEN;  DEXTROMETHORPHAN HYDROBROMIDE;  DOXYLAMINE SUCCINATE","HUMAN OTC DRUG","11/15/2016","N/A","OTC MONOGRAPH DRUG","237 mL in 1 BOTTLE (70000-0184-1)","Antihistamine [EPC],  Histamine Receptor Antagonists [MoA],  Sigma-1 Agonist [EPC],  Sigma-1 Receptor Agonists [MoA],  Uncompetitive N-methyl-D-aspartate Receptor Antagonist [EPC],  Uncompetitive NMDA Receptor Antagonists [MoA]","N/A","No","12/31/2027"
"Leader Nighttime Cold and Flu","70000-0184-2","650 mg/30mL,                         30  mg/30mL,                         12.5  mg/30mL","SOLUTION","ORAL","M012","Cardinal Health 110, LLC. dba Leader","70000-0184","Acetaminophen, Dextromethorphan HBr, Doxylamine succinate","ACETAMINOPHEN;  DEXTROMETHORPHAN HYDROBROMIDE;  DOXYLAMINE SUCCINATE","HUMAN OTC DRUG","11/15/2016","N/A","OTC MONOGRAPH DRUG","355 mL in 1 BOTTLE (70000-0184-2)","Antihistamine [EPC],  Histamine Receptor Antagonists [MoA],  Sigma-1 Agonist [EPC],  Sigma-1 Receptor Agonists [MoA],  Uncompetitive N-methyl-D-aspartate Receptor Antagonist [EPC],  Uncompetitive NMDA Receptor Antagonists [MoA]","N/A","No","12/31/2027"
"Maximum Strength Cough and Chest Congestion and Nighttime Severe Cold and Flu Combo pack","69676-0079-3","","KIT","","M013","Genexa Inc.","69676-0079","Dextromethorphan HBr, Guaifenesin, Acetaminophen, Doxylamine Succinate","","HUMAN OTC DRUG","05/31/2024","N/A","OTC MONOGRAPH DRUG","2 BOTTLE in 1 KIT (69676-0079-3)  / 1 KIT in 1 BOTTLE *  177 mL in 1 BOTTLE, PLASTIC (69676-0077-9)  *  177 mL in 1 BOTTLE (69676-0094-9)","N/A","N/A","No","12/31/2026"
"MAXIMUM STRENGTH DAYTIME NIGHTTIME COLD AND FLU","69842-451-24","","KIT","","M012","CVS Pharmacy, Inc.","69842-451","Acetaminophen, Dextromethorphan HBr, Guaifenesin, Phenylephrine HCl Acetaminophen, Dextromethorphan HBr, Doxylamine Succinate, Phenylephrine HCl","","HUMAN OTC DRUG","07/10/2021","N/A","OTC MONOGRAPH DRUG","1 BLISTER PACK in 1 CARTON (69842-451-24)  / 1 KIT in 1 BLISTER PACK *  16 CAPSULE, LIQUID FILLED in 1 BLISTER PACK (69842-094-16)  *  8 CAPSULE, LIQUID FILLED in 1 BLISTER PACK (69842-382-08)","N/A","N/A","No","12/31/2027"
"MAXIMUM STRENGTH DAYTIME NIGHTTIME SINUS RELIEF","69842-442-24","","KIT","","M012","CVS Pharmacy, Inc.","69842-442","Acetaminophen Dextromethorphan HBr Guaifenesin Phenylephrine HCl And Acetaminophen Dextromethorphan HBr Doxylamine Succinate Phenylephrine HCl","","HUMAN OTC DRUG","07/10/2021","N/A","OTC MONOGRAPH DRUG","1 BLISTER PACK in 1 CARTON (69842-442-24)  / 1 KIT in 1 BLISTER PACK *  16 CAPSULE, LIQUID FILLED in 1 BLISTER PACK (69842-617-16)  *  8 CAPSULE, LIQUID FILLED in 1 BLISTER PACK (69842-290-08)","N/A","N/A","No","12/31/2027"
"Maximum Strength Mucinex Fast-Max Day Cold and Flu and Night Cold and Flu","63824-519-24","","KIT","","M012","Reckitt Benckiser LLC","63824-519","Acetaminophen, Dextromethorphan Hydrobromide, Doxylamine Succinate, Guaifenesin, and Phenylephrine Hydrochloride","","HUMAN OTC DRUG","07/28/2018","N/A","OTC MONOGRAPH DRUG","1 KIT in 1 CARTON (63824-519-24)  / 1 KIT in 1 KIT *  8 CAPSULE, LIQUID FILLED in 1 BLISTER PACK *  8 CAPSULE, LIQUID FILLED in 1 BLISTER PACK","N/A","N/A","No","12/31/2027"
"Maximum Strength Mucinex Fast-Max Day Cold and Flu and Night Cold and Flu","63824-519-48","","KIT","","M012","Reckitt Benckiser LLC","63824-519","Acetaminophen, Dextromethorphan Hydrobromide, Doxylamine Succinate, Guaifenesin, and Phenylephrine Hydrochloride","","HUMAN OTC DRUG","07/28/2018","N/A","OTC MONOGRAPH DRUG","2 KIT in 1 CARTON (63824-519-48)  / 1 KIT in 1 KIT *  8 CAPSULE, LIQUID FILLED in 1 BLISTER PACK *  8 CAPSULE, LIQUID FILLED in 1 BLISTER PACK","N/A","N/A","No","12/31/2027"
"Maximum Strength Nighttime Severe Cold and Flu","68210-4210-1","325 mg/1,                         10  mg/1,                         6.25  mg/1,                         5  mg/1","CAPSULE, LIQUID FILLED","ORAL","M012","Prodose, Inc.","68210-4210","Acetaminophen, Dextromethorphan hydrobromide, Doxylamine succinate, Phenylephrine hydrochloride","ACETAMINOPHEN;  DEXTROMETHORPHAN HYDROBROMIDE;  DOXYLAMINE SUCCINATE;  PHENYLEPHRINE HYDROCHLORIDE","HUMAN OTC DRUG","08/19/2022","N/A","OTC MONOGRAPH DRUG","1 BLISTER PACK in 1 CARTON (68210-4210-1)  / 10 CAPSULE, LIQUID FILLED in 1 BLISTER PACK","Adrenergic alpha1-Agonists [MoA],  Antihistamine [EPC],  Histamine Receptor Antagonists [MoA],  Sigma-1 Agonist [EPC],  Sigma-1 Receptor Agonists [MoA],  Uncompetitive N-methyl-D-aspartate Receptor Antagonist [EPC],  Uncompetitive NMDA Receptor Antagonists [MoA],  alpha-1 Adrenergic Agonist [EPC]","N/A","No","12/31/2026"
"MAXIMUM STRENGTH Sinus Relief","76162-824-12","","KIT","","M012","Topco Associates LLC","76162-824","Acetaminophen, Dextromethorphan hydrobromide, Guaifenesin, Phenylephrine hydrochloride, Doxylamine succinate","","HUMAN OTC DRUG","12/25/2023","N/A","OTC MONOGRAPH DRUG","1 KIT in 1 CARTON (76162-824-12)  *  8 CAPSULE, LIQUID FILLED in 1 BLISTER PACK *  4 CAPSULE, LIQUID FILLED in 1 BLISTER PACK","N/A","N/A","No","12/31/2026"
"MAXIMUM STRENGTH Sinus Relief Day and Night SOFTGELS - 24 ct","76162-679-24","","KIT","","M012","Topco Associates LLC","76162-679","Acetaminophen, Dextromethorphan Hydrobromide, Guaifenesin, Doxylamine Succinate, Phenylephrine Hydrochloride","","HUMAN OTC DRUG","10/13/2025","N/A","OTC MONOGRAPH DRUG","1 KIT in 1 CARTON (76162-679-24)  *  8 CAPSULE, LIQUID FILLED in 1 BLISTER PACK *  4 CAPSULE, LIQUID FILLED in 1 BLISTER PACK","N/A","N/A","No","12/31/2026"
"MAXIMUM STRENTH NIGHT COLD AND FLU FORMULA","55319-934-08","10 mg/1,                         5  mg/1,                         6.25  mg/1,                         325  mg/1","CAPSULE, LIQUID FILLED","ORAL","M012","FAMILY DOLLAR","55319-934","ACETAMINOPHEN, DEXTROMETHORPHAN HBR, DOXYLAMINE SUCCINATE, PHENYLEPHRINE HCL","ACETAMINOPHEN;  DEXTROMETHORPHAN HYDROBROMIDE;  DOXYLAMINE SUCCINATE;  PHENYLEPHRINE HYDROCHLORIDE","HUMAN OTC DRUG","08/02/2020","N/A","OTC MONOGRAPH DRUG","8 CAPSULE, LIQUID FILLED in 1 BLISTER PACK (55319-934-08)","Adrenergic alpha1-Agonists [MoA],  Antihistamine [EPC],  Histamine Receptor Antagonists [MoA],  Sigma-1 Agonist [EPC],  Sigma-1 Receptor Agonists [MoA],  Uncompetitive N-methyl-D-aspartate Receptor Antagonist [EPC],  Uncompetitive NMDA Receptor Antagonists [MoA],  alpha-1 Adrenergic Agonist [EPC]","N/A","No","12/31/2026"
"meijer Daytime and Nighttime Cold and Flu SOFTGEL","79481-0878-8","","KIT","ORAL","","Meijer, Inc.","79481-0878","Acetaminophen, Dextromethorphan hydrobromide, Doxylamine succinate, Phenylephrine hydrochloride","","HUMAN OTC DRUG","06/27/2024","N/A","UNAPPROVED DRUG OTHER","1 KIT in 1 CARTON (79481-0878-8)  *  8 CAPSULE, LIQUID FILLED in 1 BLISTER PACK *  4 CAPSULE, LIQUID FILLED in 1 BLISTER PACK","N/A","N/A","No","12/31/2026"
"meijer Daytime Nighttime Cold and Flu SOFTGEL","79481-0888-8","","KIT","","","Meijer, Inc.","79481-0888","Acetaminophen, Dextromethorphan Hydrobromide, Doxylamine Succinate, Phenylephrine Hydrochloride","","HUMAN OTC DRUG","07/31/2025","N/A","UNAPPROVED DRUG OTHER","1 KIT in 1 CARTON (79481-0888-8)  *  8 CAPSULE, LIQUID FILLED in 1 BLISTER PACK *  4 CAPSULE, LIQUID FILLED in 1 BLISTER PACK","N/A","N/A","No","12/31/2026"
"meijer Maximum Strength Nighttime Cough DM","41250-758-04","30 mg/20mL,                         12.5  mg/20mL","SOLUTION","ORAL","M012","MEIJER DISTRIBUTION INC","41250-758","dextromethorphan hydrobromide, doxylamine succinate","DEXTROMETHORPHAN HYDROBROMIDE;  DOXYLAMINE SUCCINATE","HUMAN OTC DRUG","03/14/2017","N/A","OTC MONOGRAPH DRUG","1 BOTTLE in 1 CARTON (41250-758-04)  / 118 mL in 1 BOTTLE","Antihistamine [EPC],  Histamine Receptor Antagonists [MoA],  Sigma-1 Agonist [EPC],  Sigma-1 Receptor Agonists [MoA],  Uncompetitive N-methyl-D-aspartate Receptor Antagonist [EPC],  Uncompetitive NMDA Receptor Antagonists [MoA]","N/A","No","12/31/2026"
"meijer Nighttime Cold and Flu SOFTGEL","79481-0808-4","325 mg/1,                         15  mg/1,                         6.25  mg/1","CAPSULE, LIQUID FILLED","ORAL","M012","Meijer, Inc.","79481-0808","Acetaminophen, Dextromethorphan hydrobromide, Doxylamine succinate","ACETAMINOPHEN;  DEXTROMETHORPHAN HYDROBROMIDE;  DOXYLAMINE SUCCINATE","HUMAN OTC DRUG","06/27/2024","N/A","OTC MONOGRAPH DRUG","2 BLISTER PACK in 1 CARTON (79481-0808-4)  / 12 CAPSULE, LIQUID FILLED in 1 BLISTER PACK","Antihistamine [EPC],  Histamine Receptor Antagonists [MoA],  Sigma-1 Agonist [EPC],  Sigma-1 Receptor Agonists [MoA],  Uncompetitive N-methyl-D-aspartate Receptor Antagonist [EPC],  Uncompetitive NMDA Receptor Antagonists [MoA]","N/A","No","12/31/2026"
"meijer Nighttime Cold and Flu SOFTGEL","79481-0828-4","325 mg/1,                         15  mg/1,                         6.25  mg/1","CAPSULE, LIQUID FILLED","ORAL","M012","Meijer, Inc.","79481-0828","Acetaminophen, Dextromethorphan Hydrobromide, Doxylamine Succinate","ACETAMINOPHEN;  DEXTROMETHORPHAN HYDROBROMIDE;  DOXYLAMINE SUCCINATE","HUMAN OTC DRUG","07/31/2025","N/A","OTC MONOGRAPH DRUG","2 BLISTER PACK in 1 CARTON (79481-0828-4)  / 12 CAPSULE, LIQUID FILLED in 1 BLISTER PACK","Antihistamine [EPC],  Histamine Receptor Antagonists [MoA],  Sigma-1 Agonist [EPC],  Sigma-1 Receptor Agonists [MoA],  Uncompetitive N-methyl-D-aspartate Receptor Antagonist [EPC],  Uncompetitive NMDA Receptor Antagonists [MoA]","N/A","No","12/31/2026"
"Meijer Nitetime Cold and Flu Relief","79481-6921-2","650 mg/30mL,                         30  mg/30mL,                         12.5  mg/30mL","SOLUTION","ORAL","M012","MEIJER DISTRIBUTION INC","79481-6921","Acetaminophen, Dextromethorphan HBr, Doxylamine succinate","ACETAMINOPHEN;  DEXTROMETHORPHAN HYDROBROMIDE;  DOXYLAMINE SUCCINATE","HUMAN OTC DRUG","03/31/2023","N/A","OTC MONOGRAPH DRUG","354 mL in 1 BOTTLE (79481-6921-2)","Antihistamine [EPC],  Histamine Receptor Antagonists [MoA],  Sigma-1 Agonist [EPC],  Sigma-1 Receptor Agonists [MoA],  Uncompetitive N-methyl-D-aspartate Receptor Antagonist [EPC],  Uncompetitive NMDA Receptor Antagonists [MoA]","N/A","No","12/31/2026"
"Mucinex Childrens Mighty Chews Cough Daytime and Nighttime Combo Pack","72854-083-32","","KIT","","M012","Reckitt Benckiser LLC","72854-083","Dextromethorphan HBr and Doxylamine Succinate","","HUMAN OTC DRUG","06/03/2024","N/A","OTC MONOGRAPH DRUG","1 KIT in 1 CARTON (72854-083-32)  *  16 TABLET, CHEWABLE in 1 BOTTLE (72854-081-16)  *  16 TABLET, CHEWABLE in 1 BOTTLE (72854-082-16)","N/A","N/A","No","12/31/2027"
"Mucinex Childrens Mighty Chews Cough Nighttime","72854-082-16","10 mg/1,                         6.25  mg/1","TABLET, CHEWABLE","ORAL","M012","Reckitt Benckiser LLC","72854-082","Dextromethorphan HBr and Doxylamine Succinate","DEXTROMETHORPHAN HYDROBROMIDE;  DOXYLAMINE SUCCINATE","HUMAN OTC DRUG","06/03/2024","N/A","OTC MONOGRAPH DRUG","16 TABLET, CHEWABLE in 1 BOTTLE (72854-082-16)","Antihistamine [EPC],  Histamine Receptor Antagonists [MoA],  Sigma-1 Agonist [EPC],  Sigma-1 Receptor Agonists [MoA],  Uncompetitive N-methyl-D-aspartate Receptor Antagonist [EPC],  Uncompetitive NMDA Receptor Antagonists [MoA]","N/A","No","12/31/2027"
"Mucinex Childrens Mighty Chews Night Time Cold and Flu","72854-085-16","5 mg/1,                         3.125  mg/1,                         162.5  mg/1","TABLET, CHEWABLE","ORAL","M012","Reckitt Benckiser LLC","72854-085","Acetaminophen, Dextromethorphan HBr and Doxylamine Succinate","ACETAMINOPHEN;  DEXTROMETHORPHAN HYDROBROMIDE;  DOXYLAMINE SUCCINATE","HUMAN OTC DRUG","06/01/2025","N/A","OTC MONOGRAPH DRUG","16 TABLET, CHEWABLE in 1 BOTTLE (72854-085-16)","Antihistamine [EPC],  Histamine Receptor Antagonists [MoA],  Sigma-1 Agonist [EPC],  Sigma-1 Receptor Agonists [MoA],  Uncompetitive N-methyl-D-aspartate Receptor Antagonist [EPC],  Uncompetitive NMDA Receptor Antagonists [MoA]","N/A","No","12/31/2027"
"Mucinex Fast-Max Day Cold and Flu and Night Cold and Flu","72854-129-24","","KIT","","M012","Reckitt Benckiser LLC","72854-129","Acetaminophen, Dextromethorphan Hydrobromide, Guaifenesin, Doxylamine Succinate, and Phenylephrine Hydrochloride","","HUMAN OTC DRUG","07/26/2021","N/A","OTC MONOGRAPH DRUG","1 KIT in 1 CARTON (72854-129-24)  *  8 CAPSULE, LIQUID FILLED in 1 BLISTER PACK (72854-126-24)  *  8 CAPSULE, LIQUID FILLED in 1 BLISTER PACK","N/A","N/A","No","12/31/2027"
"Mucinex Fast-Max Day Cold and Flu and Night Cold and Flu","72854-144-10","","KIT","","M012","Reckitt Benckiser LLC","72854-144","Acetaminophen, Dextromethorphan Hydrobromide, Guaifenesin, Doxylamine Succinate, and Phenylephrine Hydrochloride","","HUMAN OTC DRUG","06/14/2023","N/A","OTC MONOGRAPH DRUG","1 KIT in 1 CARTON (72854-144-10)  *  6 CAPSULE, LIQUID FILLED in 1 BLISTER PACK *  4 CAPSULE, LIQUID FILLED in 1 BLISTER PACK","N/A","N/A","No","12/31/2027"
"MUCINEX FAST-MAX Liquid Gels Day Night Cold and Flu","72854-168-10","","KIT","ORAL","M012","Reckitt Benckiser LLC","72854-168","Acetaminophen, Dextromethorphan Hydrobromide, and Doxylamine Succinate","","HUMAN OTC DRUG","06/01/2025","N/A","OTC MONOGRAPH DRUG","1 BLISTER PACK in 1 CARTON (72854-168-10)  / 1 KIT in 1 BLISTER PACK *  1 BLISTER PACK in 1 CARTON (72854-171-08)  / 8 CAPSULE, LIQUID FILLED in 1 BLISTER PACK *  1 BLISTER PACK in 1 CARTON / 4 CAPSULE, LIQUID FILLED in 1 BLISTER PACK","N/A","N/A","No","12/31/2027"
"MUCINEX FAST-MAX Liquid Gels Day Night Cold and Flu","72854-168-24","","KIT","ORAL","M012","Reckitt Benckiser LLC","72854-168","Acetaminophen, Dextromethorphan Hydrobromide, and Doxylamine Succinate","","HUMAN OTC DRUG","06/01/2025","N/A","OTC MONOGRAPH DRUG","2 BLISTER PACK in 1 CARTON (72854-168-24)  / 1 KIT in 1 BLISTER PACK *  1 BLISTER PACK in 1 CARTON (72854-171-08)  / 8 CAPSULE, LIQUID FILLED in 1 BLISTER PACK *  1 BLISTER PACK in 1 CARTON / 4 CAPSULE, LIQUID FILLED in 1 BLISTER PACK","N/A","N/A","No","12/31/2027"
"MUCINEX FAST-MAX Liquid Gels Day Night Cold and Flu","72854-168-48","","KIT","ORAL","M012","Reckitt Benckiser LLC","72854-168","Acetaminophen, Dextromethorphan Hydrobromide, and Doxylamine Succinate","","HUMAN OTC DRUG","07/01/2026","N/A","OTC MONOGRAPH DRUG","4 BLISTER PACK in 1 CARTON (72854-168-48)  / 1 KIT in 1 BLISTER PACK *  1 BLISTER PACK in 1 CARTON (72854-171-08)  / 8 CAPSULE, LIQUID FILLED in 1 BLISTER PACK *  1 BLISTER PACK in 1 CARTON / 4 CAPSULE, LIQUID FILLED in 1 BLISTER PACK","N/A","N/A","No","12/31/2027"
"MUCINEX Rapid Clear Pain, Headache and Mucus Congestion and Nighttime Liquid Gels","72854-217-24","","KIT","ORAL","M012","RB Health (US) LLC","72854-217","Acetaminophen, Guaifenesin, Dextromethorphan Hydrobromide, Doxylamine Succinate","","HUMAN OTC DRUG","06/01/2025","N/A","OTC MONOGRAPH DRUG","2 BLISTER PACK in 1 CARTON (72854-217-24)  / 1 KIT in 1 BLISTER PACK *  16 CAPSULE, LIQUID FILLED in 1 BLISTER PACK *  8 CAPSULE, LIQUID FILLED in 1 BLISTER PACK","N/A","N/A","No","12/31/2026"
"MULTI-SYMPTOM COLD AND FLU RELIEF NIGHTTIME","11822-1987-0","325 mg/1,                         15  mg/1,                         6.25  mg/1","CAPSULE, LIQUID FILLED","ORAL","M012","RITE AID","11822-1987","ACETAMINOPHEN 325 mg DEXTROMETHORPHAN HBr 15 mg DOXYLAMINE SUCCINATE 6.25 mg","ACETAMINOPHEN;  DEXTROMETHORPHAN HYDROBROMIDE;  DOXYLAMINE SUCCINATE","HUMAN OTC DRUG","09/15/2021","N/A","OTC MONOGRAPH DRUG","2 BLISTER PACK in 1 CARTON (11822-1987-0)  / 12 CAPSULE, LIQUID FILLED in 1 BLISTER PACK","Antihistamine [EPC],  Histamine Receptor Antagonists [MoA],  Sigma-1 Agonist [EPC],  Sigma-1 Receptor Agonists [MoA],  Uncompetitive N-methyl-D-aspartate Receptor Antagonist [EPC],  Uncompetitive NMDA Receptor Antagonists [MoA]","N/A","No","12/31/2026"
"MULTI-SYMPTOM COLD AND FLU RELIEF NIGHTTIME","11822-1987-9","325 mg/1,                         15  mg/1,                         6.25  mg/1","CAPSULE, LIQUID FILLED","ORAL","M012","RITE AID","11822-1987","ACETAMINOPHEN 325 mg DEXTROMETHORPHAN HBr 15 mg DOXYLAMINE SUCCINATE 6.25 mg","ACETAMINOPHEN;  DEXTROMETHORPHAN HYDROBROMIDE;  DOXYLAMINE SUCCINATE","HUMAN OTC DRUG","09/15/2021","N/A","OTC MONOGRAPH DRUG","4 BLISTER PACK in 1 CARTON (11822-1987-9)  / 12 CAPSULE, LIQUID FILLED in 1 BLISTER PACK","Antihistamine [EPC],  Histamine Receptor Antagonists [MoA],  Sigma-1 Agonist [EPC],  Sigma-1 Receptor Agonists [MoA],  Uncompetitive N-methyl-D-aspartate Receptor Antagonist [EPC],  Uncompetitive NMDA Receptor Antagonists [MoA]","N/A","No","12/31/2026"
"Multi-Symptom Nighttime Cold and Flu Relief","80513-316-50","325 mg/1,                         15  mg/1,                         6.25  mg/1","CAPSULE, LIQUID FILLED","ORAL","M012","Advanced Rx LLC","80513-316","Acetaminophen, Doxylamine Succinate, Dextromethorphan HBr","ACETAMINOPHEN;  DEXTROMETHORPHAN HYDROBROMIDE;  DOXYLAMINE SUCCINATE","HUMAN OTC DRUG","01/01/2025","N/A","OTC MONOGRAPH DRUG","50 CAPSULE, LIQUID FILLED in 1 BOTTLE (80513-316-50)","Antihistamine [EPC],  Histamine Receptor Antagonists [MoA],  Sigma-1 Agonist [EPC],  Sigma-1 Receptor Agonists [MoA],  Uncompetitive N-methyl-D-aspartate Receptor Antagonist [EPC],  Uncompetitive NMDA Receptor Antagonists [MoA]","N/A","No","12/31/2026"
"Night Cold Flu Cough and Allergy","53345-020-01","325 mg/1,                         10  mg/1,                         6.25  mg/1,                         5  mg/1","CAPSULE, LIQUID FILLED","ORAL","M012","Humanwell PuraCap Pharmaceutical (Wuhan), Ltd.","53345-020","acetaminophen, dextromethorphan hydrobromide, doxylamine succinate, phenylephrine hydrochloride","ACETAMINOPHEN;  DEXTROMETHORPHAN HYDROBROMIDE;  DOXYLAMINE SUCCINATE;  PHENYLEPHRINE HYDROCHLORIDE","HUMAN OTC DRUG","05/29/2013","N/A","OTC MONOGRAPH DRUG","1 BAG in 1 BOX (53345-020-01)  / 4000 CAPSULE, LIQUID FILLED in 1 BAG","Adrenergic alpha1-Agonists [MoA],  Antihistamine [EPC],  Histamine Receptor Antagonists [MoA],  Sigma-1 Agonist [EPC],  Sigma-1 Receptor Agonists [MoA],  Uncompetitive N-methyl-D-aspartate Receptor Antagonist [EPC],  Uncompetitive NMDA Receptor Antagonists [MoA],  alpha-1 Adrenergic Agonist [EPC]","N/A","No","12/31/2026"
"night time","37808-056-62","325 mg/1,                         15  mg/1,                         6.25  mg/1","CAPSULE, LIQUID FILLED","ORAL","M012","H E B","37808-056","Acetaminophen, Dextromethorphan HBr, Doxylamine succinate","ACETAMINOPHEN;  DEXTROMETHORPHAN HYDROBROMIDE;  DOXYLAMINE SUCCINATE","HUMAN OTC DRUG","04/14/2014","N/A","OTC MONOGRAPH DRUG","12 BLISTER PACK in 1 CARTON (37808-056-62)  / 2 CAPSULE, LIQUID FILLED in 1 BLISTER PACK","Antihistamine [EPC],  Histamine Receptor Antagonists [MoA],  Sigma-1 Agonist [EPC],  Sigma-1 Receptor Agonists [MoA],  Uncompetitive N-methyl-D-aspartate Receptor Antagonist [EPC],  Uncompetitive NMDA Receptor Antagonists [MoA]","N/A","No","12/31/2026"
"night time","37808-335-34","650 mg/30mL,                         30  mg/30mL,                         12.5  mg/30mL","SOLUTION","ORAL","M012","H E B","37808-335","Acetaminophen, Dextromethorphan HBr, Doxylamine succinate","ACETAMINOPHEN;  DEXTROMETHORPHAN HYDROBROMIDE;  DOXYLAMINE SUCCINATE","HUMAN OTC DRUG","02/07/2013","N/A","OTC MONOGRAPH DRUG","237 mL in 1 BOTTLE (37808-335-34)","Antihistamine [EPC],  Histamine Receptor Antagonists [MoA],  Sigma-1 Agonist [EPC],  Sigma-1 Receptor Agonists [MoA],  Uncompetitive N-methyl-D-aspartate Receptor Antagonist [EPC],  Uncompetitive NMDA Receptor Antagonists [MoA]","N/A","No","12/31/2026"
"night time","37808-335-40","650 mg/30mL,                         30  mg/30mL,                         12.5  mg/30mL","SOLUTION","ORAL","M012","H E B","37808-335","Acetaminophen, Dextromethorphan HBr, Doxylamine succinate","ACETAMINOPHEN;  DEXTROMETHORPHAN HYDROBROMIDE;  DOXYLAMINE SUCCINATE","HUMAN OTC DRUG","02/11/2013","N/A","OTC MONOGRAPH DRUG","355 mL in 1 BOTTLE (37808-335-40)","Antihistamine [EPC],  Histamine Receptor Antagonists [MoA],  Sigma-1 Agonist [EPC],  Sigma-1 Receptor Agonists [MoA],  Uncompetitive N-methyl-D-aspartate Receptor Antagonist [EPC],  Uncompetitive NMDA Receptor Antagonists [MoA]","N/A","No","12/31/2026"
"night time","37808-459-40","650 mg/30mL,                         30  mg/30mL,                         12.5  mg/30mL","SOLUTION","ORAL","M012","H E B","37808-459","Acetaminophen, Dextromethorphan HBr, Doxylamine succinate","ACETAMINOPHEN;  DEXTROMETHORPHAN HYDROBROMIDE;  DOXYLAMINE SUCCINATE","HUMAN OTC DRUG","07/20/2012","N/A","OTC MONOGRAPH DRUG","355 mL in 1 BOTTLE (37808-459-40)","Antihistamine [EPC],  Histamine Receptor Antagonists [MoA],  Sigma-1 Agonist [EPC],  Sigma-1 Receptor Agonists [MoA],  Uncompetitive N-methyl-D-aspartate Receptor Antagonist [EPC],  Uncompetitive NMDA Receptor Antagonists [MoA]","N/A","No","12/31/2027"
"Night Time Cold and Flu","49580-0343-2","650 mg/30mL,                         30  mg/30mL,                         12.5  mg/30mL","LIQUID","ORAL","M012","P & L Development, LLC","49580-0343","Acetaminophen, Dextromethorphan Hydrobromide, Doxylamine Succinate","ACETAMINOPHEN;  DEXTROMETHORPHAN HYDROBROMIDE;  DOXYLAMINE SUCCINATE","HUMAN OTC DRUG","10/31/2014","12/31/2026","OTC MONOGRAPH DRUG","355 mL in 1 BOTTLE, PLASTIC (49580-0343-2)","Antihistamine [EPC],  Histamine Receptor Antagonists [MoA],  Sigma-1 Agonist [EPC],  Sigma-1 Receptor Agonists [MoA],  Uncompetitive N-methyl-D-aspartate Receptor Antagonist [EPC],  Uncompetitive NMDA Receptor Antagonists [MoA]","N/A","No","N/A"
"Night Time Cold and Flu","49580-0343-4","650 mg/30mL,                         30  mg/30mL,                         12.5  mg/30mL","LIQUID","ORAL","M012","P & L Development, LLC","49580-0343","Acetaminophen, Dextromethorphan Hydrobromide, Doxylamine Succinate","ACETAMINOPHEN;  DEXTROMETHORPHAN HYDROBROMIDE;  DOXYLAMINE SUCCINATE","HUMAN OTC DRUG","10/31/2014","12/31/2026","OTC MONOGRAPH DRUG","118 mL in 1 BOTTLE, PLASTIC (49580-0343-4)","Antihistamine [EPC],  Histamine Receptor Antagonists [MoA],  Sigma-1 Agonist [EPC],  Sigma-1 Receptor Agonists [MoA],  Uncompetitive N-methyl-D-aspartate Receptor Antagonist [EPC],  Uncompetitive NMDA Receptor Antagonists [MoA]","N/A","No","N/A"
"Night Time Cold and Flu","49580-0343-8","650 mg/30mL,                         30  mg/30mL,                         12.5  mg/30mL","LIQUID","ORAL","M012","P & L Development, LLC","49580-0343","Acetaminophen, Dextromethorphan Hydrobromide, Doxylamine Succinate","ACETAMINOPHEN;  DEXTROMETHORPHAN HYDROBROMIDE;  DOXYLAMINE SUCCINATE","HUMAN OTC DRUG","10/31/2014","12/31/2026","OTC MONOGRAPH DRUG","237 mL in 1 BOTTLE, PLASTIC (49580-0343-8)","Antihistamine [EPC],  Histamine Receptor Antagonists [MoA],  Sigma-1 Agonist [EPC],  Sigma-1 Receptor Agonists [MoA],  Uncompetitive N-methyl-D-aspartate Receptor Antagonist [EPC],  Uncompetitive NMDA Receptor Antagonists [MoA]","N/A","No","N/A"
"Night Time Cold and Flu","49580-0343-6","650 mg/30mL,                         30  mg/30mL,                         12.5  mg/30mL","LIQUID","ORAL","M012","P & L Development, LLC","49580-0343","Acetaminophen, Dextromethorphan Hydrobromide, Doxylamine Succinate","ACETAMINOPHEN;  DEXTROMETHORPHAN HYDROBROMIDE;  DOXYLAMINE SUCCINATE","HUMAN OTC DRUG","10/31/2014","12/31/2026","OTC MONOGRAPH DRUG","177 mL in 1 BOTTLE, PLASTIC (49580-0343-6)","Antihistamine [EPC],  Histamine Receptor Antagonists [MoA],  Sigma-1 Agonist [EPC],  Sigma-1 Receptor Agonists [MoA],  Uncompetitive N-methyl-D-aspartate Receptor Antagonist [EPC],  Uncompetitive NMDA Receptor Antagonists [MoA]","N/A","No","N/A"
"Night Time Cold and Flu","63868-737-24","325 mg/1,                         15  mg/1,                         6.25  mg/1","CAPSULE, LIQUID FILLED","ORAL","M012","QUALITY CHOICE (Chain Drug Marketing Association)","63868-737","ACETAMINOPHEN, DEXTROMETHORPHAN HYDROBROMIDE, DOXYLAMINE SUCCINATE","ACETAMINOPHEN;  DEXTROMETHORPHAN HYDROBROMIDE;  DOXYLAMINE SUCCINATE","HUMAN OTC DRUG","04/30/2021","N/A","OTC MONOGRAPH DRUG","24 BLISTER PACK in 1 CARTON (63868-737-24)  / 1 CAPSULE, LIQUID FILLED in 1 BLISTER PACK","Antihistamine [EPC],  Histamine Receptor Antagonists [MoA],  Sigma-1 Agonist [EPC],  Sigma-1 Receptor Agonists [MoA],  Uncompetitive N-methyl-D-aspartate Receptor Antagonist [EPC],  Uncompetitive NMDA Receptor Antagonists [MoA]","N/A","No","12/31/2026"
"Night Time Cold and Flu","69256-344-12","650 mg/30mL,                         30  mg/30mL,                         12.5  mg/30mL","LIQUID","ORAL","M012","Harris Teeter, LLC","69256-344","Acetaminophen, Dextromethorphan Hydrobromide, Doxylamine Succinate","ACETAMINOPHEN;  DEXTROMETHORPHAN HYDROBROMIDE;  DOXYLAMINE SUCCINATE","HUMAN OTC DRUG","04/30/2021","12/28/2026","OTC MONOGRAPH DRUG","355 mL in 1 BOTTLE, PLASTIC (69256-344-12)","Antihistamine [EPC],  Histamine Receptor Antagonists [MoA],  Sigma-1 Agonist [EPC],  Sigma-1 Receptor Agonists [MoA],  Uncompetitive N-methyl-D-aspartate Receptor Antagonist [EPC],  Uncompetitive NMDA Receptor Antagonists [MoA]","N/A","No","N/A"
"Night Time Cold and Flu","72476-998-14","325 mg/1,                         10  mg/1,                         6.25  mg/1,                         5  mg/1","CAPSULE, LIQUID FILLED","ORAL","M012","Retail Business Services, LLC","72476-998","Acetaminophen, Dextromethorphan hydrobromide, Doxylamine succinate, Phenylephrine hydrochloride","ACETAMINOPHEN;  DEXTROMETHORPHAN HYDROBROMIDE;  DOXYLAMINE SUCCINATE;  PHENYLEPHRINE HYDROCHLORIDE","HUMAN OTC DRUG","03/18/2019","N/A","OTC MONOGRAPH DRUG","2 BLISTER PACK in 1 CARTON (72476-998-14)  / 8 CAPSULE, LIQUID FILLED in 1 BLISTER PACK","Adrenergic alpha1-Agonists [MoA],  Antihistamine [EPC],  Histamine Receptor Antagonists [MoA],  Sigma-1 Agonist [EPC],  Sigma-1 Receptor Agonists [MoA],  Uncompetitive N-methyl-D-aspartate Receptor Antagonist [EPC],  Uncompetitive NMDA Receptor Antagonists [MoA],  alpha-1 Adrenergic Agonist [EPC]","N/A","No","12/31/2026"
"night time cold and flu","79481-8999-0","325 mg/15mL,                         10  mg/15mL,                         6.25  mg/15mL,                         5  mg/15mL","SOLUTION","ORAL","M012","Meijer, Inc.","79481-8999","acetaminophen, dextromethorphan hydrobromide, doxylamine succinate, phenylephrine hydrochloride","ACETAMINOPHEN;  DEXTROMETHORPHAN HYDROBROMIDE;  DOXYLAMINE SUCCINATE;  PHENYLEPHRINE HYDROCHLORIDE","HUMAN OTC DRUG","06/30/2023","N/A","OTC MONOGRAPH DRUG","355 mL in 1 BOTTLE (79481-8999-0)","Adrenergic alpha1-Agonists [MoA],  Antihistamine [EPC],  Histamine Receptor Antagonists [MoA],  Sigma-1 Agonist [EPC],  Sigma-1 Receptor Agonists [MoA],  Uncompetitive N-methyl-D-aspartate Receptor Antagonist [EPC],  Uncompetitive NMDA Receptor Antagonists [MoA],  alpha-1 Adrenergic Agonist [EPC]","N/A","No","12/31/2026"
"Night Time Cold and Flu Relief","0904-6996-44","325 mg/1,                         15  mg/1,                         6.25  mg/1","CAPSULE, LIQUID FILLED","ORAL","M012","Major Pharmaceuticals","0904-6996","ACETAMINOPHEN, DEXTROMETHORPHAN HYDROBROMIDE, DOXYLAMINE SUCCINATE","ACETAMINOPHEN;  DEXTROMETHORPHAN HYDROBROMIDE;  DOXYLAMINE SUCCINATE","HUMAN OTC DRUG","09/30/2019","N/A","OTC MONOGRAPH DRUG","16 BLISTER PACK in 1 CARTON (0904-6996-44)  / 1 CAPSULE, LIQUID FILLED in 1 BLISTER PACK","Antihistamine [EPC],  Histamine Receptor Antagonists [MoA],  Sigma-1 Agonist [EPC],  Sigma-1 Receptor Agonists [MoA],  Uncompetitive N-methyl-D-aspartate Receptor Antagonist [EPC],  Uncompetitive NMDA Receptor Antagonists [MoA]","N/A","No","12/31/2027"
"Night Time Cold and Flu Relief","11822-3335-5","325 mg/1,                         15  mg/1,                         6.25  mg/1","CAPSULE, LIQUID FILLED","ORAL","M012","Rite Aid Corporation","11822-3335","Acetaminophen, Dextromethorphan HBr, Doxylamine Succinate","ACETAMINOPHEN;  DEXTROMETHORPHAN HYDROBROMIDE;  DOXYLAMINE SUCCINATE","HUMAN OTC DRUG","05/29/2020","12/29/2026","OTC MONOGRAPH DRUG","24 BLISTER PACK in 1 CARTON (11822-3335-5)  / 1 CAPSULE, LIQUID FILLED in 1 BLISTER PACK","Antihistamine [EPC],  Histamine Receptor Antagonists [MoA],  Sigma-1 Agonist [EPC],  Sigma-1 Receptor Agonists [MoA],  Uncompetitive N-methyl-D-aspartate Receptor Antagonist [EPC],  Uncompetitive NMDA Receptor Antagonists [MoA]","N/A","No","N/A"
"Night Time Cold and Flu Relief","11822-3392-0","325 mg/1,                         15  mg/1,                         6.25  mg/1","CAPSULE, LIQUID FILLED","ORAL","M012","Rite Aid Corporation","11822-3392","Acetaminophen, Dextromethorphan HBr, Doxylamine Succinate","ACETAMINOPHEN;  DEXTROMETHORPHAN HYDROBROMIDE;  DOXYLAMINE SUCCINATE","HUMAN OTC DRUG","05/29/2020","12/29/2026","OTC MONOGRAPH DRUG","48 BLISTER PACK in 1 CARTON (11822-3392-0)  / 1 CAPSULE, LIQUID FILLED in 1 BLISTER PACK","Antihistamine [EPC],  Histamine Receptor Antagonists [MoA],  Sigma-1 Agonist [EPC],  Sigma-1 Receptor Agonists [MoA],  Uncompetitive N-methyl-D-aspartate Receptor Antagonist [EPC],  Uncompetitive NMDA Receptor Antagonists [MoA]","N/A","No","N/A"
"Night Time Cold and Flu Relief","59726-899-16","325 mg/1,                         15  mg/1,                         6.25  mg/1","CAPSULE, LIQUID FILLED","ORAL","M012","P & L Development, LLC","59726-899","ACETAMINOPHEN, DEXTROMETHORPHAN HYDROBROMIDE, DOXYLAMINE SUCCINATE","ACETAMINOPHEN;  DEXTROMETHORPHAN HYDROBROMIDE;  DOXYLAMINE SUCCINATE","HUMAN OTC DRUG","10/30/2019","01/01/2027","OTC MONOGRAPH DRUG","16 BLISTER PACK in 1 CARTON (59726-899-16)  / 1 CAPSULE, LIQUID FILLED in 1 BLISTER PACK","Antihistamine [EPC],  Histamine Receptor Antagonists [MoA],  Sigma-1 Agonist [EPC],  Sigma-1 Receptor Agonists [MoA],  Uncompetitive N-methyl-D-aspartate Receptor Antagonist [EPC],  Uncompetitive NMDA Receptor Antagonists [MoA]","N/A","No","N/A"
"Night Time Cold and Flu Relief","59726-899-08","325 mg/1,                         15  mg/1,                         6.25  mg/1","CAPSULE, LIQUID FILLED","ORAL","M012","P & L Development, LLC","59726-899","ACETAMINOPHEN, DEXTROMETHORPHAN HYDROBROMIDE, DOXYLAMINE SUCCINATE","ACETAMINOPHEN;  DEXTROMETHORPHAN HYDROBROMIDE;  DOXYLAMINE SUCCINATE","HUMAN OTC DRUG","10/30/2019","01/01/2027","OTC MONOGRAPH DRUG","8 BLISTER PACK in 1 CARTON (59726-899-08)  / 1 CAPSULE, LIQUID FILLED in 1 BLISTER PACK","Antihistamine [EPC],  Histamine Receptor Antagonists [MoA],  Sigma-1 Agonist [EPC],  Sigma-1 Receptor Agonists [MoA],  Uncompetitive N-methyl-D-aspartate Receptor Antagonist [EPC],  Uncompetitive NMDA Receptor Antagonists [MoA]","N/A","No","N/A"
"Night Time Cold and Flu Relief","63868-418-24","325 mg/1,                         15  mg/1,                         6.25  mg/1","CAPSULE, LIQUID FILLED","ORAL","M012","QUALITY CHOICE (Chain Drug Marketing Association)","63868-418","ACETAMINOPHEN, DEXTROMETHORPHAN HYDROBROMIDE, DOXYLAMINE SUCCINATE","ACETAMINOPHEN;  DEXTROMETHORPHAN HYDROBROMIDE;  DOXYLAMINE SUCCINATE","HUMAN OTC DRUG","08/30/2019","N/A","OTC MONOGRAPH DRUG","24 BLISTER PACK in 1 CARTON (63868-418-24)  / 1 CAPSULE, LIQUID FILLED in 1 BLISTER PACK","Antihistamine [EPC],  Histamine Receptor Antagonists [MoA],  Sigma-1 Agonist [EPC],  Sigma-1 Receptor Agonists [MoA],  Uncompetitive N-methyl-D-aspartate Receptor Antagonist [EPC],  Uncompetitive NMDA Receptor Antagonists [MoA]","N/A","No","12/31/2026"
"Night Time Cold and Flu Relief","67091-338-24","325 mg/1,                         15  mg/1,                         6.25  mg/1","CAPSULE, LIQUID FILLED","ORAL","M012","WinCo Foods, LLC","67091-338","ACETAMINOPHEN, DEXTROMETHORPHAN HYDROBROMIDE, DOXYLAMINE SUCCINATE","ACETAMINOPHEN;  DEXTROMETHORPHAN HYDROBROMIDE;  DOXYLAMINE SUCCINATE","HUMAN OTC DRUG","06/01/2019","N/A","OTC MONOGRAPH DRUG","24 BLISTER PACK in 1 CARTON (67091-338-24)  / 1 CAPSULE, LIQUID FILLED in 1 BLISTER PACK","Antihistamine [EPC],  Histamine Receptor Antagonists [MoA],  Sigma-1 Agonist [EPC],  Sigma-1 Receptor Agonists [MoA],  Uncompetitive N-methyl-D-aspartate Receptor Antagonist [EPC],  Uncompetitive NMDA Receptor Antagonists [MoA]","N/A","No","12/31/2026"
"Night Time Cold and Flu Relief","69842-847-24","325 mg/1,                         15  mg/1,                         6.25  mg/1","CAPSULE, LIQUID FILLED","ORAL","M012","CVS Pharmacy","69842-847","ACETAMINOPHEN, DEXTROMETHORPHAN HYDROBROMIDE, DOXYLAMINE SUCCINATE","ACETAMINOPHEN;  DEXTROMETHORPHAN HYDROBROMIDE;  DOXYLAMINE SUCCINATE","HUMAN OTC DRUG","03/31/2019","N/A","OTC MONOGRAPH DRUG","24 BLISTER PACK in 1 CARTON (69842-847-24)  / 1 CAPSULE, LIQUID FILLED in 1 BLISTER PACK","Antihistamine [EPC],  Histamine Receptor Antagonists [MoA],  Sigma-1 Agonist [EPC],  Sigma-1 Receptor Agonists [MoA],  Uncompetitive N-methyl-D-aspartate Receptor Antagonist [EPC],  Uncompetitive NMDA Receptor Antagonists [MoA]","N/A","No","12/31/2026"
"Night Time Cold and Flu Relief","69842-847-16","325 mg/1,                         15  mg/1,                         6.25  mg/1","CAPSULE, LIQUID FILLED","ORAL","M012","CVS Pharmacy","69842-847","ACETAMINOPHEN, DEXTROMETHORPHAN HYDROBROMIDE, DOXYLAMINE SUCCINATE","ACETAMINOPHEN;  DEXTROMETHORPHAN HYDROBROMIDE;  DOXYLAMINE SUCCINATE","HUMAN OTC DRUG","03/31/2019","N/A","OTC MONOGRAPH DRUG","16 BLISTER PACK in 1 CARTON (69842-847-16)  / 1 CAPSULE, LIQUID FILLED in 1 BLISTER PACK","Antihistamine [EPC],  Histamine Receptor Antagonists [MoA],  Sigma-1 Agonist [EPC],  Sigma-1 Receptor Agonists [MoA],  Uncompetitive N-methyl-D-aspartate Receptor Antagonist [EPC],  Uncompetitive NMDA Receptor Antagonists [MoA]","N/A","No","12/31/2026"
"Night Time Cold and Flu Relief","69842-847-48","325 mg/1,                         15  mg/1,                         6.25  mg/1","CAPSULE, LIQUID FILLED","ORAL","M012","CVS Pharmacy","69842-847","ACETAMINOPHEN, DEXTROMETHORPHAN HYDROBROMIDE, DOXYLAMINE SUCCINATE","ACETAMINOPHEN;  DEXTROMETHORPHAN HYDROBROMIDE;  DOXYLAMINE SUCCINATE","HUMAN OTC DRUG","03/31/2019","N/A","OTC MONOGRAPH DRUG","48 BLISTER PACK in 1 CARTON (69842-847-48)  / 1 CAPSULE, LIQUID FILLED in 1 BLISTER PACK","Antihistamine [EPC],  Histamine Receptor Antagonists [MoA],  Sigma-1 Agonist [EPC],  Sigma-1 Receptor Agonists [MoA],  Uncompetitive N-methyl-D-aspartate Receptor Antagonist [EPC],  Uncompetitive NMDA Receptor Antagonists [MoA]","N/A","No","12/31/2026"
"Night Time Cold and Flu Relief","69842-899-24","325 mg/1,                         15  mg/1,                         6.25  mg/1","CAPSULE, LIQUID FILLED","ORAL","M012","CVS Pharmacy","69842-899","ACETAMINOPHEN, DEXTROMETHORPHAN HYDROBROMIDE, DOXYLAMINE SUCCINATE","ACETAMINOPHEN;  DEXTROMETHORPHAN HYDROBROMIDE;  DOXYLAMINE SUCCINATE","HUMAN OTC DRUG","07/31/2019","N/A","OTC MONOGRAPH DRUG","24 BLISTER PACK in 1 CARTON (69842-899-24)  / 1 CAPSULE, LIQUID FILLED in 1 BLISTER PACK","Antihistamine [EPC],  Histamine Receptor Antagonists [MoA],  Sigma-1 Agonist [EPC],  Sigma-1 Receptor Agonists [MoA],  Uncompetitive N-methyl-D-aspartate Receptor Antagonist [EPC],  Uncompetitive NMDA Receptor Antagonists [MoA]","N/A","No","12/31/2027"
"Night Time Cold and Flu Relief","69842-899-48","325 mg/1,                         15  mg/1,                         6.25  mg/1","CAPSULE, LIQUID FILLED","ORAL","M012","CVS Pharmacy","69842-899","ACETAMINOPHEN, DEXTROMETHORPHAN HYDROBROMIDE, DOXYLAMINE SUCCINATE","ACETAMINOPHEN;  DEXTROMETHORPHAN HYDROBROMIDE;  DOXYLAMINE SUCCINATE","HUMAN OTC DRUG","07/31/2019","N/A","OTC MONOGRAPH DRUG","48 BLISTER PACK in 1 CARTON (69842-899-48)  / 1 CAPSULE, LIQUID FILLED in 1 BLISTER PACK","Antihistamine [EPC],  Histamine Receptor Antagonists [MoA],  Sigma-1 Agonist [EPC],  Sigma-1 Receptor Agonists [MoA],  Uncompetitive N-methyl-D-aspartate Receptor Antagonist [EPC],  Uncompetitive NMDA Receptor Antagonists [MoA]","N/A","No","12/31/2027"
"Night Time Cold and Flu Relief","69842-899-16","325 mg/1,                         15  mg/1,                         6.25  mg/1","CAPSULE, LIQUID FILLED","ORAL","M012","CVS Pharmacy","69842-899","ACETAMINOPHEN, DEXTROMETHORPHAN HYDROBROMIDE, DOXYLAMINE SUCCINATE","ACETAMINOPHEN;  DEXTROMETHORPHAN HYDROBROMIDE;  DOXYLAMINE SUCCINATE","HUMAN OTC DRUG","07/31/2019","N/A","OTC MONOGRAPH DRUG","16 BLISTER PACK in 1 CARTON (69842-899-16)  / 1 CAPSULE, LIQUID FILLED in 1 BLISTER PACK","Antihistamine [EPC],  Histamine Receptor Antagonists [MoA],  Sigma-1 Agonist [EPC],  Sigma-1 Receptor Agonists [MoA],  Uncompetitive N-methyl-D-aspartate Receptor Antagonist [EPC],  Uncompetitive NMDA Receptor Antagonists [MoA]","N/A","No","12/31/2027"
"Night Time Cold and Flu Relief","81522-899-16","325 mg/1,                         15  mg/1,                         6.25  mg/1","CAPSULE, LIQUID FILLED","ORAL","M012","FSA Store Inc. (Caring Mills)","81522-899","Acetaminophen, Dextromethorphan HBr, Doxylamine Succinate","ACETAMINOPHEN;  DEXTROMETHORPHAN HYDROBROMIDE;  DOXYLAMINE SUCCINATE","HUMAN OTC DRUG","11/25/2022","N/A","OTC MONOGRAPH DRUG","16 BLISTER PACK in 1 CARTON (81522-899-16)  / 1 CAPSULE, LIQUID FILLED in 1 BLISTER PACK","Antihistamine [EPC],  Histamine Receptor Antagonists [MoA],  Sigma-1 Agonist [EPC],  Sigma-1 Receptor Agonists [MoA],  Uncompetitive N-methyl-D-aspartate Receptor Antagonist [EPC],  Uncompetitive NMDA Receptor Antagonists [MoA]","N/A","No","12/31/2027"
"Night Time Cold and Flu relief liquid filled softgels","76281-603-03","325 mg/1,                         15  mg/1,                         6.25  mg/1","CAPSULE, LIQUID FILLED","ORAL","M012","AptaPharma Inc.","76281-603","Acetaminophen,Dextromethrophan HBR,Doxylamine Succinate","ACETAMINOPHEN;  DEXTROMETHORPHAN HYDROBROMIDE;  DOXYLAMINE SUCCINATE","HUMAN OTC DRUG","01/01/2026","N/A","OTC MONOGRAPH DRUG","2 BLISTER PACK in 1 CARTON (76281-603-03)  / 12 CAPSULE, LIQUID FILLED in 1 BLISTER PACK","Antihistamine [EPC],  Histamine Receptor Antagonists [MoA],  Sigma-1 Agonist [EPC],  Sigma-1 Receptor Agonists [MoA],  Uncompetitive N-methyl-D-aspartate Receptor Antagonist [EPC],  Uncompetitive NMDA Receptor Antagonists [MoA]","N/A","No","12/31/2027"
"Night Time Cough","21130-499-12","30 mg/30mL,                         12.5  mg/30mL","LIQUID","ORAL","M012","Safeway, Inc.","21130-499","Dextromethorphan Hydrobromide, Doxylamine Succinate","DEXTROMETHORPHAN HYDROBROMIDE;  DOXYLAMINE SUCCINATE","HUMAN OTC DRUG","01/31/2018","N/A","OTC MONOGRAPH DRUG","355 mL in 1 BOTTLE, PLASTIC (21130-499-12)","Antihistamine [EPC],  Histamine Receptor Antagonists [MoA],  Sigma-1 Agonist [EPC],  Sigma-1 Receptor Agonists [MoA],  Uncompetitive N-methyl-D-aspartate Receptor Antagonist [EPC],  Uncompetitive NMDA Receptor Antagonists [MoA]","N/A","No","12/31/2026"
"Night Time Cough","51316-499-12","30 mg/30mL,                         12.5  mg/30mL","LIQUID","ORAL","M012","CVS PHARMACY, INC","51316-499","Dextromethorphan HBr, Doxylamine Succinate","DEXTROMETHORPHAN HYDROBROMIDE;  DOXYLAMINE SUCCINATE","HUMAN OTC DRUG","03/15/2023","N/A","OTC MONOGRAPH DRUG","355 mL in 1 BOTTLE, PLASTIC (51316-499-12)","Antihistamine [EPC],  Histamine Receptor Antagonists [MoA],  Sigma-1 Agonist [EPC],  Sigma-1 Receptor Agonists [MoA],  Uncompetitive N-methyl-D-aspartate Receptor Antagonist [EPC],  Uncompetitive NMDA Receptor Antagonists [MoA]","N/A","No","12/31/2026"
"Night Time Multi-Symptom Cold and Flu Relief","53943-603-03","325 mg/1,                         15  mg/1,                         6.25  mg/1","CAPSULE, LIQUID FILLED","ORAL","M012","Discount Drug Mart","53943-603","ACETAMINOPHEN, DEXTROMETHORPHAN HYDROBROMIDE, DOXYLAMINE SUCCINATE","ACETAMINOPHEN;  DEXTROMETHORPHAN HYDROBROMIDE;  DOXYLAMINE SUCCINATE","HUMAN OTC DRUG","11/08/2023","N/A","OTC MONOGRAPH DRUG","2 BLISTER PACK in 1 CARTON (53943-603-03)  / 12 CAPSULE, LIQUID FILLED in 1 BLISTER PACK","Antihistamine [EPC],  Histamine Receptor Antagonists [MoA],  Sigma-1 Agonist [EPC],  Sigma-1 Receptor Agonists [MoA],  Uncompetitive N-methyl-D-aspartate Receptor Antagonist [EPC],  Uncompetitive NMDA Receptor Antagonists [MoA]","N/A","No","12/31/2026"
"Night Time Severe Cold and Flu","0363-0331-26","650 mg/30mL,                         20  mg/30mL,                         12.5  mg/30mL,                         10  mg/30mL","LIQUID","ORAL","M012","Walgreen Company","0363-0331","ACETAMINOPHEN, DEXTROMETHORPHAN HBr, DOXYLAMINE SUCCINATE, PHENYLEPHRINE HCl","ACETAMINOPHEN;  DEXTROMETHORPHAN HYDROBROMIDE;  DOXYLAMINE SUCCINATE;  PHENYLEPHRINE HYDROCHLORIDE","HUMAN OTC DRUG","11/13/2020","N/A","OTC MONOGRAPH DRUG","237 mL in 1 BOTTLE (0363-0331-26)","Adrenergic alpha1-Agonists [MoA],  Antihistamine [EPC],  Histamine Receptor Antagonists [MoA],  Sigma-1 Agonist [EPC],  Sigma-1 Receptor Agonists [MoA],  Uncompetitive N-methyl-D-aspartate Receptor Antagonist [EPC],  Uncompetitive NMDA Receptor Antagonists [MoA],  alpha-1 Adrenergic Agonist [EPC]","N/A","No","12/31/2026"
"Night Time Severe Cold and Flu Relief","51013-175-04","325 mg/1,                         10  mg/1,                         6.25  mg/1,                         5  mg/1","CAPSULE, LIQUID FILLED","ORAL","M012","PuraCap Pharmaceutical LLC","51013-175","Acetaminophen, Phenylephrine hydrochloride, Doxylamine succinate, Dextromethorphan hydrobromide","ACETAMINOPHEN;  DEXTROMETHORPHAN HYDROBROMIDE;  DOXYLAMINE SUCCINATE;  PHENYLEPHRINE HYDROCHLORIDE","HUMAN OTC DRUG","06/09/2016","N/A","OTC MONOGRAPH DRUG","2 BLISTER PACK in 1 CARTON (51013-175-04)  / 12 CAPSULE, LIQUID FILLED in 1 BLISTER PACK","Adrenergic alpha1-Agonists [MoA],  Antihistamine [EPC],  Histamine Receptor Antagonists [MoA],  Sigma-1 Agonist [EPC],  Sigma-1 Receptor Agonists [MoA],  Uncompetitive N-methyl-D-aspartate Receptor Antagonist [EPC],  Uncompetitive NMDA Receptor Antagonists [MoA],  alpha-1 Adrenergic Agonist [EPC]","N/A","No","12/31/2026"
"Night Time Sleep Aid","80513-371-25","25 mg/1","TABLET","ORAL","ANDA040564","Advanced Rx LLC","80513-371","Doxylamine Succinate","DOXYLAMINE SUCCINATE","HUMAN OTC DRUG","08/29/2024","N/A","ANDA","225 TABLET in 1 BOTTLE (80513-371-25)","Antihistamine [EPC],  Histamine Receptor Antagonists [MoA]","N/A","No","12/31/2026"
"NIGHT-TIME","53942-501-28","650 mg/30mL,                         30  mg/30mL,                         12.5  mg/30mL","LIQUID","ORAL","M013","DeMoulas Market Basket","53942-501","ACETAMINOPHEN, DEXTROMETHORPHAN HYDROBROMIDE, DOXYLAMINE SUCCINATE","ACETAMINOPHEN;  DEXTROMETHORPHAN HYDROBROMIDE;  DOXYLAMINE SUCCINATE","HUMAN OTC DRUG","10/01/2012","N/A","OTC MONOGRAPH DRUG","354 mL in 1 BOTTLE (53942-501-28)","Antihistamine [EPC],  Histamine Receptor Antagonists [MoA],  Sigma-1 Agonist [EPC],  Sigma-1 Receptor Agonists [MoA],  Uncompetitive N-methyl-D-aspartate Receptor Antagonist [EPC],  Uncompetitive NMDA Receptor Antagonists [MoA]","N/A","No","12/31/2026"
"NIGHT-TIME","53942-502-28","650 mg/30mL,                         30  mg/30mL,                         12.5  mg/30mL","LIQUID","ORAL","M013","DeMoulas Market Basket","53942-502","ACETAMINOPHEN, DEXTROMETHORPHAN HYDROBROMIDE, DOXYLAMINE SUCCINATE","ACETAMINOPHEN;  DEXTROMETHORPHAN HYDROBROMIDE;  DOXYLAMINE SUCCINATE","HUMAN OTC DRUG","10/01/2012","N/A","OTC MONOGRAPH DRUG","354 mL in 1 BOTTLE (53942-502-28)","Antihistamine [EPC],  Histamine Receptor Antagonists [MoA],  Sigma-1 Agonist [EPC],  Sigma-1 Receptor Agonists [MoA],  Uncompetitive N-methyl-D-aspartate Receptor Antagonist [EPC],  Uncompetitive NMDA Receptor Antagonists [MoA]","N/A","No","12/31/2026"
"Night-Time","53943-502-28","650 mg/30mL,                         30  mg/30mL,                         12.5  mg/30mL","LIQUID","ORAL","M012","Discount Drug Mart","53943-502","ACETAMINOPHEN, DEXTROMETHORPHAN HYDROBROMIDE, DOXYLAMINE SUCCINATE","ACETAMINOPHEN;  DEXTROMETHORPHAN HYDROBROMIDE;  DOXYLAMINE SUCCINATE","HUMAN OTC DRUG","11/19/2014","N/A","OTC MONOGRAPH DRUG","354 mL in 1 BOTTLE (53943-502-28)","Antihistamine [EPC],  Histamine Receptor Antagonists [MoA],  Sigma-1 Agonist [EPC],  Sigma-1 Receptor Agonists [MoA],  Uncompetitive N-methyl-D-aspartate Receptor Antagonist [EPC],  Uncompetitive NMDA Receptor Antagonists [MoA]","N/A","No","12/31/2026"
"Night-Time","53943-508-28","30 mg/30mL,                         12.5  mg/30mL","LIQUID","ORAL","M012","Discount Drug Mart","53943-508","DEXTROMETHORPHAN HYDROBROMIDE, DOXYLAMINE SUCCINATE","DEXTROMETHORPHAN HYDROBROMIDE;  DOXYLAMINE SUCCINATE","HUMAN OTC DRUG","10/27/2014","N/A","OTC MONOGRAPH DRUG","354 mL in 1 BOTTLE (53943-508-28)","Antihistamine [EPC],  Histamine Receptor Antagonists [MoA],  Sigma-1 Agonist [EPC],  Sigma-1 Receptor Agonists [MoA],  Uncompetitive N-methyl-D-aspartate Receptor Antagonist [EPC],  Uncompetitive NMDA Receptor Antagonists [MoA]","N/A","No","12/31/2026"
"Night-Time Cold and Flu Relief","69517-161-10","325 mg/1,                         15  mg/1,                         6.25  mg/1","CAPSULE, LIQUID FILLED","ORAL","M012","HealthLife of USA","69517-161","Acetaminophen, Doxylamine Succinate, Dextromethorphan HBr","ACETAMINOPHEN;  DEXTROMETHORPHAN HYDROBROMIDE;  DOXYLAMINE SUCCINATE","HUMAN OTC DRUG","04/04/2023","N/A","OTC MONOGRAPH DRUG","1 BLISTER PACK in 1 CARTON (69517-161-10)  / 10 CAPSULE, LIQUID FILLED in 1 BLISTER PACK","Antihistamine [EPC],  Histamine Receptor Antagonists [MoA],  Sigma-1 Agonist [EPC],  Sigma-1 Receptor Agonists [MoA],  Uncompetitive N-methyl-D-aspartate Receptor Antagonist [EPC],  Uncompetitive NMDA Receptor Antagonists [MoA]","N/A","No","12/31/2026"
"Nightime","37808-095-16","325 mg/1,                         15  mg/1,                         6.25  mg/1","CAPSULE, LIQUID FILLED","ORAL","M012","H-E-B","37808-095","Acetaminophen Dextromethorphan HBr Doxylamine Succinate","ACETAMINOPHEN;  DEXTROMETHORPHAN HYDROBROMIDE;  DOXYLAMINE SUCCINATE","HUMAN OTC DRUG","06/20/2022","N/A","OTC MONOGRAPH DRUG","1 BLISTER PACK in 1 CARTON (37808-095-16)  / 8 CAPSULE, LIQUID FILLED in 1 BLISTER PACK","Antihistamine [EPC],  Histamine Receptor Antagonists [MoA],  Sigma-1 Agonist [EPC],  Sigma-1 Receptor Agonists [MoA],  Uncompetitive N-methyl-D-aspartate Receptor Antagonist [EPC],  Uncompetitive NMDA Receptor Antagonists [MoA]","N/A","No","12/31/2026"
"Nighttime","30142-335-40","650 mg/30mL,                         30  mg/30mL,                         12.5  mg/30mL","SOLUTION","ORAL","M012","Kroger Company","30142-335","Acetaminophen, Dextromethorphan HBr, Doxylamine succinate","ACETAMINOPHEN;  DEXTROMETHORPHAN HYDROBROMIDE;  DOXYLAMINE SUCCINATE","HUMAN OTC DRUG","08/13/2013","N/A","OTC MONOGRAPH DRUG","354 mL in 1 BOTTLE (30142-335-40)","Antihistamine [EPC],  Histamine Receptor Antagonists [MoA],  Sigma-1 Agonist [EPC],  Sigma-1 Receptor Agonists [MoA],  Uncompetitive N-methyl-D-aspartate Receptor Antagonist [EPC],  Uncompetitive NMDA Receptor Antagonists [MoA]","N/A","No","12/31/2026"
"nighttime","56062-459-40","650 mg/30mL,                         30  mg/30mL,                         12.5  mg/30mL","SOLUTION","ORAL","M012","Publix Super Markets Inc","56062-459","Acetaminophen, Dextromethorphan HBr, Doxylamine succinate","ACETAMINOPHEN;  DEXTROMETHORPHAN HYDROBROMIDE;  DOXYLAMINE SUCCINATE","HUMAN OTC DRUG","04/01/2014","N/A","OTC MONOGRAPH DRUG","355 mL in 1 BOTTLE (56062-459-40)","Antihistamine [EPC],  Histamine Receptor Antagonists [MoA],  Sigma-1 Agonist [EPC],  Sigma-1 Receptor Agonists [MoA],  Uncompetitive N-methyl-D-aspartate Receptor Antagonist [EPC],  Uncompetitive NMDA Receptor Antagonists [MoA]","N/A","No","12/31/2027"
"nighttime","59779-459-40","650 mg/30mL,                         30  mg/30mL,                         12.5  mg/30mL","SOLUTION","ORAL","M012","CVS Pharmacy","59779-459","Acetaminophen, Dextromethorphan HBr, Doxylamine succinate","ACETAMINOPHEN;  DEXTROMETHORPHAN HYDROBROMIDE;  DOXYLAMINE SUCCINATE","HUMAN OTC DRUG","08/19/2011","N/A","OTC MONOGRAPH DRUG","355 mL in 1 BOTTLE (59779-459-40)","Antihistamine [EPC],  Histamine Receptor Antagonists [MoA],  Sigma-1 Agonist [EPC],  Sigma-1 Receptor Agonists [MoA],  Uncompetitive N-methyl-D-aspartate Receptor Antagonist [EPC],  Uncompetitive NMDA Receptor Antagonists [MoA]","N/A","No","12/31/2026"
"Nighttime Cherry Cold and Flu","11673-312-01","30 mg/30mL,                         650  mg/30mL,                         12.5  mg/30mL","LIQUID","ORAL","M012","TARGET CORPORATION","11673-312","Acetaminophen, Dextromethorphan Hydrobromide, and Doxylamine Succinate","ACETAMINOPHEN;  DEXTROMETHORPHAN HYDROBROMIDE;  DOXYLAMINE SUCCINATE","HUMAN OTC DRUG","06/30/2024","N/A","OTC MONOGRAPH DRUG","354 mL in 1 BOTTLE (11673-312-01)","Antihistamine [EPC],  Histamine Receptor Antagonists [MoA],  Sigma-1 Agonist [EPC],  Sigma-1 Receptor Agonists [MoA],  Uncompetitive N-methyl-D-aspartate Receptor Antagonist [EPC],  Uncompetitive NMDA Receptor Antagonists [MoA]","N/A","No","12/31/2026"
"NIGHTTIME CHERRY COLD AND FLU","21130-907-02","650 mg/30mL,                         30  mg/30mL,                         12.5  mg/30mL","LIQUID","ORAL","M012","BETTER LIVING BRANDS LLC.","21130-907","acetaminophen, dextromethorphan hydrobromide, and doxylamine succinate","ACETAMINOPHEN;  DEXTROMETHORPHAN HYDROBROMIDE;  DOXYLAMINE SUCCINATE","HUMAN OTC DRUG","06/01/2025","N/A","OTC MONOGRAPH DRUG","2 BOTTLE in 1 PACKAGE (21130-907-02)  / 354 mL in 1 BOTTLE (21130-907-01)","Antihistamine [EPC],  Histamine Receptor Antagonists [MoA],  Sigma-1 Agonist [EPC],  Sigma-1 Receptor Agonists [MoA],  Uncompetitive N-methyl-D-aspartate Receptor Antagonist [EPC],  Uncompetitive NMDA Receptor Antagonists [MoA]","N/A","No","12/31/2027"
"NIGHTTIME CHERRY COLD AND FLU","21130-907-06","650 mg/30mL,                         30  mg/30mL,                         12.5  mg/30mL","LIQUID","ORAL","M012","BETTER LIVING BRANDS LLC.","21130-907","acetaminophen, dextromethorphan hydrobromide, and doxylamine succinate","ACETAMINOPHEN;  DEXTROMETHORPHAN HYDROBROMIDE;  DOXYLAMINE SUCCINATE","HUMAN OTC DRUG","06/01/2025","N/A","OTC MONOGRAPH DRUG","236 mL in 1 BOTTLE (21130-907-06)","Antihistamine [EPC],  Histamine Receptor Antagonists [MoA],  Sigma-1 Agonist [EPC],  Sigma-1 Receptor Agonists [MoA],  Uncompetitive N-methyl-D-aspartate Receptor Antagonist [EPC],  Uncompetitive NMDA Receptor Antagonists [MoA]","N/A","No","12/31/2027"
"Nighttime Cold and Flu","0363-0850-24","15 mg/1,                         6.25  mg/1,                         325  mg/1","CAPSULE, LIQUID FILLED","ORAL","M012","WALGREENS","0363-0850","Acetaminophen Dextromethorphan HBr Doxylamine succinate","ACETAMINOPHEN;  DEXTROMETHORPHAN HYDROBROMIDE;  DOXYLAMINE SUCCINATE","HUMAN OTC DRUG","10/15/2021","N/A","OTC MONOGRAPH DRUG","2 BLISTER PACK in 1 CARTON (0363-0850-24)  / 12 CAPSULE, LIQUID FILLED in 1 BLISTER PACK","Antihistamine [EPC],  Histamine Receptor Antagonists [MoA],  Sigma-1 Agonist [EPC],  Sigma-1 Receptor Agonists [MoA],  Uncompetitive N-methyl-D-aspartate Receptor Antagonist [EPC],  Uncompetitive NMDA Receptor Antagonists [MoA]","N/A","No","12/31/2026"
"Nighttime Cold and Flu","0363-0850-07","15 mg/1,                         6.25  mg/1,                         325  mg/1","CAPSULE, LIQUID FILLED","ORAL","M012","WALGREENS","0363-0850","Acetaminophen Dextromethorphan HBr Doxylamine succinate","ACETAMINOPHEN;  DEXTROMETHORPHAN HYDROBROMIDE;  DOXYLAMINE SUCCINATE","HUMAN OTC DRUG","09/19/2023","N/A","OTC MONOGRAPH DRUG","1 BLISTER PACK in 1 CARTON (0363-0850-07)  / 10 CAPSULE, LIQUID FILLED in 1 BLISTER PACK","Antihistamine [EPC],  Histamine Receptor Antagonists [MoA],  Sigma-1 Agonist [EPC],  Sigma-1 Receptor Agonists [MoA],  Uncompetitive N-methyl-D-aspartate Receptor Antagonist [EPC],  Uncompetitive NMDA Receptor Antagonists [MoA]","N/A","No","12/31/2026"
"NIGHTTIME COLD AND FLU","0363-1011-24","325 mg/1,                         10  mg/1,                         6.25  mg/1,                         5  mg/1","CAPSULE, LIQUID FILLED","ORAL","M012","WALGREENS","0363-1011","ACETAMINOPHEN, DEXTROMETHORPHAN HBr, DOXYLAMINE SUCCINATE, PHENYLEPHRINE HCl","ACETAMINOPHEN;  DEXTROMETHORPHAN HYDROBROMIDE;  DOXYLAMINE SUCCINATE;  PHENYLEPHRINE HYDROCHLORIDE","HUMAN OTC DRUG","06/23/2022","N/A","OTC MONOGRAPH DRUG","2 BLISTER PACK in 1 CARTON (0363-1011-24)  / 12 CAPSULE, LIQUID FILLED in 1 BLISTER PACK","Adrenergic alpha1-Agonists [MoA],  Antihistamine [EPC],  Histamine Receptor Antagonists [MoA],  Sigma-1 Agonist [EPC],  Sigma-1 Receptor Agonists [MoA],  Uncompetitive N-methyl-D-aspartate Receptor Antagonist [EPC],  Uncompetitive NMDA Receptor Antagonists [MoA],  alpha-1 Adrenergic Agonist [EPC]","N/A","No","12/31/2026"
"Nighttime Cold and Flu","0363-9143-01",".65 g/237mL,                         .03  g/237mL,                         .0125  g/237mL","LIQUID","ORAL","M012","Walgreen Company","0363-9143","Acetaminophen, Dextromethorphan, Doxylamine succinate","ACETAMINOPHEN;  DEXTROMETHORPHAN HYDROBROMIDE;  DOXYLAMINE SUCCINATE","HUMAN OTC DRUG","02/13/2024","N/A","OTC MONOGRAPH DRUG","237 mL in 1 CARTON (0363-9143-01)","Antihistamine [EPC],  Histamine Receptor Antagonists [MoA],  Sigma-1 Agonist [EPC],  Sigma-1 Receptor Agonists [MoA],  Uncompetitive N-methyl-D-aspartate Receptor Antagonist [EPC],  Uncompetitive NMDA Receptor Antagonists [MoA]","N/A","No","12/31/2027"
"Nighttime Cold and Flu","0363-9975-08","650 mg/30mL,                         30  mg/30mL,                         12.5  mg/30mL","LIQUID","ORAL","M012","Walgreens","0363-9975","Acetaminophen, Dextromethorphan HBr, Doxylamine Succinate","ACETAMINOPHEN;  DEXTROMETHORPHAN HYDROBROMIDE;  DOXYLAMINE SUCCINATE","HUMAN OTC DRUG","09/30/2022","01/30/2027","OTC MONOGRAPH DRUG","237 mL in 1 BOTTLE, PLASTIC (0363-9975-08)","Antihistamine [EPC],  Histamine Receptor Antagonists [MoA],  Sigma-1 Agonist [EPC],  Sigma-1 Receptor Agonists [MoA],  Uncompetitive N-methyl-D-aspartate Receptor Antagonist [EPC],  Uncompetitive NMDA Receptor Antagonists [MoA]","N/A","No","N/A"
"Nighttime Cold and Flu","0363-9976-08","650 mg/30mL,                         30  mg/30mL,                         12.5  mg/30mL","LIQUID","ORAL","M012","Walgreens","0363-9976","Acetaminophen, Dextromethorphan HBr, Doxylamine Succinate","ACETAMINOPHEN;  DEXTROMETHORPHAN HYDROBROMIDE;  DOXYLAMINE SUCCINATE","HUMAN OTC DRUG","09/30/2022","01/30/2027","OTC MONOGRAPH DRUG","237 mL in 1 BOTTLE, PLASTIC (0363-9976-08)","Antihistamine [EPC],  Histamine Receptor Antagonists [MoA],  Sigma-1 Agonist [EPC],  Sigma-1 Receptor Agonists [MoA],  Uncompetitive N-methyl-D-aspartate Receptor Antagonist [EPC],  Uncompetitive NMDA Receptor Antagonists [MoA]","N/A","No","N/A"
"Nighttime Cold and Flu","11822-3318-0","650 mg/30mL,                         30  mg/30mL,                         12.5  mg/30mL","LIQUID","ORAL","M012","Rite Aid Corporation","11822-3318","Acetaminophen, Dextromethorphan Hydrobromide, Doxylamine Succinate","ACETAMINOPHEN;  DEXTROMETHORPHAN HYDROBROMIDE;  DOXYLAMINE SUCCINATE","HUMAN OTC DRUG","11/29/2019","11/29/2026","OTC MONOGRAPH DRUG","355 mL in 1 BOTTLE, PLASTIC (11822-3318-0)","Antihistamine [EPC],  Histamine Receptor Antagonists [MoA],  Sigma-1 Agonist [EPC],  Sigma-1 Receptor Agonists [MoA],  Uncompetitive N-methyl-D-aspartate Receptor Antagonist [EPC],  Uncompetitive NMDA Receptor Antagonists [MoA]","N/A","No","N/A"
"Nighttime Cold and Flu","11822-3318-1","650 mg/30mL,                         30  mg/30mL,                         12.5  mg/30mL","LIQUID","ORAL","M012","Rite Aid Corporation","11822-3318","Acetaminophen, Dextromethorphan Hydrobromide, Doxylamine Succinate","ACETAMINOPHEN;  DEXTROMETHORPHAN HYDROBROMIDE;  DOXYLAMINE SUCCINATE","HUMAN OTC DRUG","11/29/2019","11/29/2026","OTC MONOGRAPH DRUG","355 mL in 1 BOTTLE, PLASTIC (11822-3318-1)","Antihistamine [EPC],  Histamine Receptor Antagonists [MoA],  Sigma-1 Agonist [EPC],  Sigma-1 Receptor Agonists [MoA],  Uncompetitive N-methyl-D-aspartate Receptor Antagonist [EPC],  Uncompetitive NMDA Receptor Antagonists [MoA]","N/A","No","N/A"
"Nighttime Cold and Flu","11822-3318-5","650 mg/30mL,                         30  mg/30mL,                         12.5  mg/30mL","LIQUID","ORAL","M012","Rite Aid Corporation","11822-3318","Acetaminophen, Dextromethorphan Hydrobromide, Doxylamine Succinate","ACETAMINOPHEN;  DEXTROMETHORPHAN HYDROBROMIDE;  DOXYLAMINE SUCCINATE","HUMAN OTC DRUG","11/29/2019","11/29/2026","OTC MONOGRAPH DRUG","237 mL in 1 BOTTLE, PLASTIC (11822-3318-5)","Antihistamine [EPC],  Histamine Receptor Antagonists [MoA],  Sigma-1 Agonist [EPC],  Sigma-1 Receptor Agonists [MoA],  Uncompetitive N-methyl-D-aspartate Receptor Antagonist [EPC],  Uncompetitive NMDA Receptor Antagonists [MoA]","N/A","No","N/A"
"Nighttime Cold and Flu","21130-951-06","12.5 mg/30mL,                         650  mg/30mL,                         30  mg/30mL","LIQUID","ORAL","M012","BETTER LIVING BRANDS LLC.","21130-951","Acetaminophen, Dextromethorphan HBr, Doxylamine Succinate","ACETAMINOPHEN;  DEXTROMETHORPHAN HYDROBROMIDE;  DOXYLAMINE SUCCINATE","HUMAN OTC DRUG","04/11/2026","N/A","OTC MONOGRAPH DRUG","236 mL in 1 BOTTLE (21130-951-06)","Antihistamine [EPC],  Histamine Receptor Antagonists [MoA],  Sigma-1 Agonist [EPC],  Sigma-1 Receptor Agonists [MoA],  Uncompetitive N-methyl-D-aspartate Receptor Antagonist [EPC],  Uncompetitive NMDA Receptor Antagonists [MoA]","N/A","No","12/31/2027"
"NIGHTTIME COLD AND FLU","37835-525-12","650 mg/30mL,                         30  mg/30mL,                         12.5  mg/30mL","LIQUID","ORAL","M012","BI-MART","37835-525","Acetaminophen, Doxylamine succinate and Dextromethorphan HBr","ACETAMINOPHEN;  DEXTROMETHORPHAN HYDROBROMIDE;  DOXYLAMINE SUCCINATE","HUMAN OTC DRUG","05/01/2025","N/A","OTC MONOGRAPH DRUG","355 mL in 1 BOTTLE (37835-525-12)","Antihistamine [EPC],  Histamine Receptor Antagonists [MoA],  Sigma-1 Agonist [EPC],  Sigma-1 Receptor Agonists [MoA],  Uncompetitive N-methyl-D-aspartate Receptor Antagonist [EPC],  Uncompetitive NMDA Receptor Antagonists [MoA]","N/A","No","12/31/2026"
"NIGHTTIME COLD AND FLU","41226-694-24","15 mg/1,                         325  mg/1,                         6.25  mg/1","CAPSULE, LIQUID FILLED","ORAL","M012","Kroger Company","41226-694","DEXTROMETHORPHAN HYDROBROMIDE, ACETAMINOPHEN, DOXYLAMINE SUCCINATE","ACETAMINOPHEN;  DEXTROMETHORPHAN HYDROBROMIDE;  DOXYLAMINE SUCCINATE","HUMAN OTC DRUG","05/11/2021","N/A","OTC MONOGRAPH DRUG","2 BLISTER PACK in 1 CARTON (41226-694-24)  / 12 CAPSULE, LIQUID FILLED in 1 BLISTER PACK","Antihistamine [EPC],  Histamine Receptor Antagonists [MoA],  Sigma-1 Agonist [EPC],  Sigma-1 Receptor Agonists [MoA],  Uncompetitive N-methyl-D-aspartate Receptor Antagonist [EPC],  Uncompetitive NMDA Receptor Antagonists [MoA]","N/A","No","12/31/2026"
"Nighttime Cold and Flu","41226-750-01","30 mg/30mL,                         12.5  mg/30mL,                         650  mg/30mL","LIQUID","ORAL","M012","Kroger","41226-750","Acetaminophen, Dextromethrophan HBr, Doxylamine succinate","ACETAMINOPHEN;  DEXTROMETHORPHAN HYDROBROMIDE;  DOXYLAMINE SUCCINATE","HUMAN OTC DRUG","04/30/2024","N/A","OTC MONOGRAPH DRUG","354 mL in 1 BOTTLE (41226-750-01)","Antihistamine [EPC],  Histamine Receptor Antagonists [MoA],  Sigma-1 Agonist [EPC],  Sigma-1 Receptor Agonists [MoA],  Uncompetitive N-methyl-D-aspartate Receptor Antagonist [EPC],  Uncompetitive NMDA Receptor Antagonists [MoA]","N/A","No","12/31/2026"
"Nighttime Cold and Flu","41226-782-01","12.5 mg/30mL,                         650  mg/30mL,                         30  mg/30mL","LIQUID","ORAL","M012","Kroger","41226-782","Acetaminophen, Dextromethrophan HBr, Doxylamine succinate","ACETAMINOPHEN;  DEXTROMETHORPHAN HYDROBROMIDE;  DOXYLAMINE SUCCINATE","HUMAN OTC DRUG","04/30/2024","N/A","OTC MONOGRAPH DRUG","354 mL in 1 BOTTLE (41226-782-01)","Antihistamine [EPC],  Histamine Receptor Antagonists [MoA],  Sigma-1 Agonist [EPC],  Sigma-1 Receptor Agonists [MoA],  Uncompetitive N-methyl-D-aspartate Receptor Antagonist [EPC],  Uncompetitive NMDA Receptor Antagonists [MoA]","N/A","No","12/31/2026"
"Nighttime Cold and Flu","49580-0346-2","650 mg/30mL,                         30  mg/30mL,                         12.5  mg/30mL","LIQUID","ORAL","M012","P & L Development, LLC","49580-0346","Acetaminophen, Dextromethorphan Hydrobromide, Doxylamine Succinate","ACETAMINOPHEN;  DEXTROMETHORPHAN HYDROBROMIDE;  DOXYLAMINE SUCCINATE","HUMAN OTC DRUG","11/30/2014","N/A","OTC MONOGRAPH DRUG","355 mL in 1 BOTTLE, PLASTIC (49580-0346-2)","Antihistamine [EPC],  Histamine Receptor Antagonists [MoA],  Sigma-1 Agonist [EPC],  Sigma-1 Receptor Agonists [MoA],  Uncompetitive N-methyl-D-aspartate Receptor Antagonist [EPC],  Uncompetitive NMDA Receptor Antagonists [MoA]","N/A","No","12/31/2026"
"Nighttime Cold and Flu","49580-0346-4","650 mg/30mL,                         30  mg/30mL,                         12.5  mg/30mL","LIQUID","ORAL","M012","P & L Development, LLC","49580-0346","Acetaminophen, Dextromethorphan Hydrobromide, Doxylamine Succinate","ACETAMINOPHEN;  DEXTROMETHORPHAN HYDROBROMIDE;  DOXYLAMINE SUCCINATE","HUMAN OTC DRUG","11/30/2014","N/A","OTC MONOGRAPH DRUG","118 mL in 1 BOTTLE, PLASTIC (49580-0346-4)","Antihistamine [EPC],  Histamine Receptor Antagonists [MoA],  Sigma-1 Agonist [EPC],  Sigma-1 Receptor Agonists [MoA],  Uncompetitive N-methyl-D-aspartate Receptor Antagonist [EPC],  Uncompetitive NMDA Receptor Antagonists [MoA]","N/A","No","12/31/2026"
"Nighttime Cold and Flu","49580-0346-8","650 mg/30mL,                         30  mg/30mL,                         12.5  mg/30mL","LIQUID","ORAL","M012","P & L Development, LLC","49580-0346","Acetaminophen, Dextromethorphan Hydrobromide, Doxylamine Succinate","ACETAMINOPHEN;  DEXTROMETHORPHAN HYDROBROMIDE;  DOXYLAMINE SUCCINATE","HUMAN OTC DRUG","11/30/2014","N/A","OTC MONOGRAPH DRUG","237 mL in 1 BOTTLE, PLASTIC (49580-0346-8)","Antihistamine [EPC],  Histamine Receptor Antagonists [MoA],  Sigma-1 Agonist [EPC],  Sigma-1 Receptor Agonists [MoA],  Uncompetitive N-methyl-D-aspartate Receptor Antagonist [EPC],  Uncompetitive NMDA Receptor Antagonists [MoA]","N/A","No","12/31/2026"
"Nighttime Cold and Flu","51316-343-08","650 mg/30mL,                         30  mg/30mL,                         12.5  mg/30mL","LIQUID","ORAL","M012","CVS PHARMACY, INC","51316-343","Acetaminophen, Dextromethorphan HBr, Doxylamine Succinate","ACETAMINOPHEN;  DEXTROMETHORPHAN HYDROBROMIDE;  DOXYLAMINE SUCCINATE","HUMAN OTC DRUG","03/15/2023","N/A","OTC MONOGRAPH DRUG","237 mL in 1 BOTTLE, PLASTIC (51316-343-08)","Antihistamine [EPC],  Histamine Receptor Antagonists [MoA],  Sigma-1 Agonist [EPC],  Sigma-1 Receptor Agonists [MoA],  Uncompetitive N-methyl-D-aspartate Receptor Antagonist [EPC],  Uncompetitive NMDA Receptor Antagonists [MoA]","N/A","No","12/31/2026"
"Nighttime Cold and Flu","51316-343-12","650 mg/30mL,                         30  mg/30mL,                         12.5  mg/30mL","LIQUID","ORAL","M012","CVS PHARMACY, INC","51316-343","Acetaminophen, Dextromethorphan HBr, Doxylamine Succinate","ACETAMINOPHEN;  DEXTROMETHORPHAN HYDROBROMIDE;  DOXYLAMINE SUCCINATE","HUMAN OTC DRUG","03/15/2023","N/A","OTC MONOGRAPH DRUG","355 mL in 1 BOTTLE, PLASTIC (51316-343-12)","Antihistamine [EPC],  Histamine Receptor Antagonists [MoA],  Sigma-1 Agonist [EPC],  Sigma-1 Receptor Agonists [MoA],  Uncompetitive N-methyl-D-aspartate Receptor Antagonist [EPC],  Uncompetitive NMDA Receptor Antagonists [MoA]","N/A","No","12/31/2026"
"Nighttime Cold and Flu","51316-344-12","650 mg/30mL,                         30  mg/30mL,                         12.5  mg/30mL","LIQUID","ORAL","M012","CVS PHARMACY, INC","51316-344","Acetaminophen, Dextromethorphan HBr, Doxylamine Succinate","ACETAMINOPHEN;  DEXTROMETHORPHAN HYDROBROMIDE;  DOXYLAMINE SUCCINATE","HUMAN OTC DRUG","03/15/2023","N/A","OTC MONOGRAPH DRUG","355 mL in 1 BOTTLE, PLASTIC (51316-344-12)","Antihistamine [EPC],  Histamine Receptor Antagonists [MoA],  Sigma-1 Agonist [EPC],  Sigma-1 Receptor Agonists [MoA],  Uncompetitive N-methyl-D-aspartate Receptor Antagonist [EPC],  Uncompetitive NMDA Receptor Antagonists [MoA]","N/A","No","12/31/2026"
"NIGHTTIME COLD AND FLU","51316-884-40","650 mg/30mL,                         30  mg/30mL,                         12.5  mg/30mL","SOLUTION","ORAL","M012","CVS WOONSOCKET PRESCRIPTION CENTER, INCORPORATED","51316-884","Acetaminophen, Dextromethorphan Hydrobromide, Doxylamine succinate","ACETAMINOPHEN;  DEXTROMETHORPHAN HYDROBROMIDE;  DOXYLAMINE SUCCINATE","HUMAN OTC DRUG","08/04/2025","N/A","OTC MONOGRAPH DRUG","355 mL in 1 BOTTLE (51316-884-40)","Antihistamine [EPC],  Histamine Receptor Antagonists [MoA],  Sigma-1 Agonist [EPC],  Sigma-1 Receptor Agonists [MoA],  Uncompetitive N-methyl-D-aspartate Receptor Antagonist [EPC],  Uncompetitive NMDA Receptor Antagonists [MoA]","N/A","No","12/31/2027"
"nighttime cold and flu","51316-921-40","650 mg/30mL,                         30  mg/30mL,                         12.5  mg/30mL","SOLUTION","ORAL","M012","CVS WOONSOCKET PRESCRIPTION CENTER, INCORPORATED","51316-921","Acetaminophen, Dextromethorphan Hydrobromide, Doxylamine succinate","ACETAMINOPHEN;  DEXTROMETHORPHAN HYDROBROMIDE;  DOXYLAMINE SUCCINATE","HUMAN OTC DRUG","07/08/2026","N/A","OTC MONOGRAPH DRUG","355 mL in 1 BOTTLE (51316-921-40)","Antihistamine [EPC],  Histamine Receptor Antagonists [MoA],  Sigma-1 Agonist [EPC],  Sigma-1 Receptor Agonists [MoA],  Uncompetitive N-methyl-D-aspartate Receptor Antagonist [EPC],  Uncompetitive NMDA Receptor Antagonists [MoA]","N/A","No","12/31/2027"
"Nighttime Cold and Flu","53345-006-01","325 mg/1,                         15  mg/1,                         6.25  mg/1","CAPSULE, LIQUID FILLED","ORAL","M012","Humanwell PuraCap Pharmaceutical (Wuhan), Ltd.","53345-006","acetaminophen, dextromethorphan hydrobromide, doxylamine succinate","ACETAMINOPHEN;  DEXTROMETHORPHAN HYDROBROMIDE;  DOXYLAMINE SUCCINATE","HUMAN OTC DRUG","04/15/2013","N/A","OTC MONOGRAPH DRUG","1 BAG in 1 BOX (53345-006-01)  / 4000 CAPSULE, LIQUID FILLED in 1 BAG","Antihistamine [EPC],  Histamine Receptor Antagonists [MoA],  Sigma-1 Agonist [EPC],  Sigma-1 Receptor Agonists [MoA],  Uncompetitive N-methyl-D-aspartate Receptor Antagonist [EPC],  Uncompetitive NMDA Receptor Antagonists [MoA]","N/A","No","12/31/2026"
"Nighttime Cold and Flu","53345-026-01","325 mg/1,                         15  mg/1,                         6.25  mg/1","CAPSULE, LIQUID FILLED","ORAL","M012","Humanwell PuraCap Pharmaceutical (Wuhan), Ltd.","53345-026","acetaminophen, dextromethorphan hydrobromide, doxylamine succinate","ACETAMINOPHEN;  DEXTROMETHORPHAN HYDROBROMIDE;  DOXYLAMINE SUCCINATE","HUMAN OTC DRUG","08/11/2014","N/A","OTC MONOGRAPH DRUG","1 BAG in 1 BOX (53345-026-01)  / 4000 CAPSULE, LIQUID FILLED in 1 BAG","Antihistamine [EPC],  Histamine Receptor Antagonists [MoA],  Sigma-1 Agonist [EPC],  Sigma-1 Receptor Agonists [MoA],  Uncompetitive N-methyl-D-aspartate Receptor Antagonist [EPC],  Uncompetitive NMDA Receptor Antagonists [MoA]","N/A","No","12/31/2026"
"Nighttime Cold and Flu","66715-6716-8","325 mg/1,                         15  mg/1,                         6.25  mg/1","CAPSULE, LIQUID FILLED","ORAL","M012","Lil' Drug Store Products, Inc.","66715-6716","Acetaminophen, Dextromethorphan Hydrobromide, and Doxylamine Succinate","ACETAMINOPHEN;  DEXTROMETHORPHAN HYDROBROMIDE;  DOXYLAMINE SUCCINATE","HUMAN OTC DRUG","02/15/2020","N/A","OTC MONOGRAPH DRUG","8 BLISTER PACK in 1 CARTON (66715-6716-8)  / 2 CAPSULE, LIQUID FILLED in 1 BLISTER PACK","Antihistamine [EPC],  Histamine Receptor Antagonists [MoA],  Sigma-1 Agonist [EPC],  Sigma-1 Receptor Agonists [MoA],  Uncompetitive N-methyl-D-aspartate Receptor Antagonist [EPC],  Uncompetitive NMDA Receptor Antagonists [MoA]","N/A","No","12/31/2026"
"Nighttime Cold and Flu","66715-6816-8","325 mg/1,                         15  mg/1,                         6.25  mg/1","CAPSULE, LIQUID FILLED","ORAL","M012","Lil' Drug Store Products, Inc.","66715-6816","Acetaminophen, Dextromethorphan Hydrobromide, and Doxylamine Succinate","ACETAMINOPHEN;  DEXTROMETHORPHAN HYDROBROMIDE;  DOXYLAMINE SUCCINATE","HUMAN OTC DRUG","02/15/2020","N/A","OTC MONOGRAPH DRUG","8 BLISTER PACK in 1 CARTON (66715-6816-8)  / 2 CAPSULE, LIQUID FILLED in 1 BLISTER PACK","Antihistamine [EPC],  Histamine Receptor Antagonists [MoA],  Sigma-1 Agonist [EPC],  Sigma-1 Receptor Agonists [MoA],  Uncompetitive N-methyl-D-aspartate Receptor Antagonist [EPC],  Uncompetitive NMDA Receptor Antagonists [MoA]","N/A","No","12/31/2026"
"Nighttime Cold and Flu","66715-6934-4","650 mg/30mL,                         30  mg/30mL,                         12.5  mg/30mL","LIQUID","ORAL","M012","Lil' Drug Store Products, Inc","66715-6934","Acetaminophen, Dextromethorphan Hydrobromide, and Doxylamine Succinate","ACETAMINOPHEN;  DEXTROMETHORPHAN HYDROBROMIDE;  DOXYLAMINE SUCCINATE","HUMAN OTC DRUG","02/15/2019","N/A","OTC MONOGRAPH DRUG","237 mL in 1 BOTTLE, PLASTIC (66715-6934-4)","Antihistamine [EPC],  Histamine Receptor Antagonists [MoA],  Sigma-1 Agonist [EPC],  Sigma-1 Receptor Agonists [MoA],  Uncompetitive N-methyl-D-aspartate Receptor Antagonist [EPC],  Uncompetitive NMDA Receptor Antagonists [MoA]","N/A","No","12/31/2026"
"NightTime Cold and Flu","67091-395-24","325 mg/1,                         15  mg/1,                         6.25  mg/1","CAPSULE, LIQUID FILLED","ORAL","M012","WinCo Foods, LLC","67091-395","ACETAMINOPHEN DEXTROMETHORPHAN HYDROBROMIDE DOXYLAMINE SUCCINATE","ACETAMINOPHEN;  DEXTROMETHORPHAN HYDROBROMIDE;  DOXYLAMINE SUCCINATE","HUMAN OTC DRUG","10/29/2021","N/A","OTC MONOGRAPH DRUG","24 BLISTER PACK in 1 CARTON (67091-395-24)  / 1 CAPSULE, LIQUID FILLED in 1 BLISTER PACK","Antihistamine [EPC],  Histamine Receptor Antagonists [MoA],  Sigma-1 Agonist [EPC],  Sigma-1 Receptor Agonists [MoA],  Uncompetitive N-methyl-D-aspartate Receptor Antagonist [EPC],  Uncompetitive NMDA Receptor Antagonists [MoA]","N/A","No","12/31/2027"
"Nighttime Cold and Flu","69256-343-12","650 mg/30mL,                         30  mg/30mL,                         12.5  mg/30mL","LIQUID","ORAL","M012","Harris Teeter, LLC","69256-343","Acetaminophen, Dextromethorphan Hydrobromide, Doxylamine Succinate","ACETAMINOPHEN;  DEXTROMETHORPHAN HYDROBROMIDE;  DOXYLAMINE SUCCINATE","HUMAN OTC DRUG","04/30/2021","12/28/2026","OTC MONOGRAPH DRUG","355 mL in 1 BOTTLE, PLASTIC (69256-343-12)","Antihistamine [EPC],  Histamine Receptor Antagonists [MoA],  Sigma-1 Agonist [EPC],  Sigma-1 Receptor Agonists [MoA],  Uncompetitive N-methyl-D-aspartate Receptor Antagonist [EPC],  Uncompetitive NMDA Receptor Antagonists [MoA]","N/A","No","N/A"
"NightTime Cold and Flu","70000-0516-2","325 mg/1,                         15  mg/1,                         6.25  mg/1","CAPSULE, LIQUID FILLED","ORAL","M012","CARDINAL HEALTH 110, LLC. DBA LEADER 70000","70000-0516","ACETAMINOPHEN DEXTROMETHORPHAN HYDROBROMIDE DOXYLAMINE SUCCINATE","ACETAMINOPHEN;  DEXTROMETHORPHAN HYDROBROMIDE;  DOXYLAMINE SUCCINATE","HUMAN OTC DRUG","08/30/2019","N/A","OTC MONOGRAPH DRUG","24 BLISTER PACK in 1 CARTON (70000-0516-2)  / 1 CAPSULE, LIQUID FILLED in 1 BLISTER PACK","Antihistamine [EPC],  Histamine Receptor Antagonists [MoA],  Sigma-1 Agonist [EPC],  Sigma-1 Receptor Agonists [MoA],  Uncompetitive N-methyl-D-aspartate Receptor Antagonist [EPC],  Uncompetitive NMDA Receptor Antagonists [MoA]","N/A","No","12/31/2027"
"NightTime Cold and Flu","70000-0516-1","325 mg/1,                         15  mg/1,                         6.25  mg/1","CAPSULE, LIQUID FILLED","ORAL","M012","CARDINAL HEALTH 110, LLC. DBA LEADER 70000","70000-0516","ACETAMINOPHEN DEXTROMETHORPHAN HYDROBROMIDE DOXYLAMINE SUCCINATE","ACETAMINOPHEN;  DEXTROMETHORPHAN HYDROBROMIDE;  DOXYLAMINE SUCCINATE","HUMAN OTC DRUG","08/30/2019","N/A","OTC MONOGRAPH DRUG","16 BLISTER PACK in 1 CARTON (70000-0516-1)  / 1 CAPSULE, LIQUID FILLED in 1 BLISTER PACK","Antihistamine [EPC],  Histamine Receptor Antagonists [MoA],  Sigma-1 Agonist [EPC],  Sigma-1 Receptor Agonists [MoA],  Uncompetitive N-methyl-D-aspartate Receptor Antagonist [EPC],  Uncompetitive NMDA Receptor Antagonists [MoA]","N/A","No","12/31/2027"
"Nighttime Cold and Flu","71679-102-00","325 mg/1,                         15  mg/1,                         6.25  mg/1","CAPSULE, LIQUID FILLED","ORAL","M012","Health Pharma USA LLC","71679-102","Acetaminophen, Doxylamine Succinate, Dextromethorphan HBr","ACETAMINOPHEN;  DEXTROMETHORPHAN HYDROBROMIDE;  DOXYLAMINE SUCCINATE","HUMAN OTC DRUG","01/07/2025","N/A","OTC MONOGRAPH DRUG","2 BAG in 1 BOX (71679-102-00)  / 1500 CAPSULE, LIQUID FILLED in 1 BAG","Antihistamine [EPC],  Histamine Receptor Antagonists [MoA],  Sigma-1 Agonist [EPC],  Sigma-1 Receptor Agonists [MoA],  Uncompetitive N-methyl-D-aspartate Receptor Antagonist [EPC],  Uncompetitive NMDA Receptor Antagonists [MoA]","N/A","No","12/31/2026"
"Nighttime Cold and Flu","72288-117-62","325 mg/1,                         10  mg/1,                         6.25  mg/1","TABLET, FILM COATED","ORAL","M012","Amazon.com Services LLC","72288-117","acetaminophen, dextromethorphan hydrobromide, doxylamine succinate","ACETAMINOPHEN;  DEXTROMETHORPHAN HYDROBROMIDE;  DOXYLAMINE SUCCINATE","HUMAN OTC DRUG","08/12/2026","N/A","OTC MONOGRAPH DRUG","12 BLISTER PACK in 1 CARTON (72288-117-62)  / 2 TABLET, FILM COATED in 1 BLISTER PACK","Antihistamine [EPC],  Histamine Receptor Antagonists [MoA],  Sigma-1 Agonist [EPC],  Sigma-1 Receptor Agonists [MoA],  Uncompetitive N-methyl-D-aspartate Receptor Antagonist [EPC],  Uncompetitive NMDA Receptor Antagonists [MoA]","N/A","No","12/31/2027"
"NIGHTTIME COLD AND FLU","72288-670-00","650 mg/30mL,                         30  mg/30mL,                         12.5  mg/30mL","SOLUTION","ORAL","M012","Amazon.com Services LLC","72288-670","Acetaminophen, Dextromethorphan Hydrobromide, Doxylamine succinate","ACETAMINOPHEN;  DEXTROMETHORPHAN HYDROBROMIDE;  DOXYLAMINE SUCCINATE","HUMAN OTC DRUG","04/16/2026","N/A","OTC MONOGRAPH DRUG","237 mL in 1 BOTTLE (72288-670-00)","Antihistamine [EPC],  Histamine Receptor Antagonists [MoA],  Sigma-1 Agonist [EPC],  Sigma-1 Receptor Agonists [MoA],  Uncompetitive N-methyl-D-aspartate Receptor Antagonist [EPC],  Uncompetitive NMDA Receptor Antagonists [MoA]","N/A","No","12/31/2027"
"NIGHTTIME COLD AND FLU","72288-990-01","650 mg/30mL,                         30  mg/30mL,                         12.5  mg/30mL","SOLUTION","ORAL","M012","Amazon.com Services LLC","72288-990","Acetaminophen, Dextromethorphan HBr, Doxylamine succinate","ACETAMINOPHEN;  DEXTROMETHORPHAN HYDROBROMIDE;  DOXYLAMINE SUCCINATE","HUMAN OTC DRUG","06/04/2026","N/A","OTC MONOGRAPH DRUG","355 mL in 1 BOTTLE (72288-990-01)","Antihistamine [EPC],  Histamine Receptor Antagonists [MoA],  Sigma-1 Agonist [EPC],  Sigma-1 Receptor Agonists [MoA],  Uncompetitive N-methyl-D-aspartate Receptor Antagonist [EPC],  Uncompetitive NMDA Receptor Antagonists [MoA]","N/A","No","12/31/2027"
"NIGHTTIME COLD AND FLU","72288-990-00","650 mg/30mL,                         30  mg/30mL,                         12.5  mg/30mL","SOLUTION","ORAL","M012","Amazon.com Services LLC","72288-990","Acetaminophen, Dextromethorphan HBr, Doxylamine succinate","ACETAMINOPHEN;  DEXTROMETHORPHAN HYDROBROMIDE;  DOXYLAMINE SUCCINATE","HUMAN OTC DRUG","07/16/2026","N/A","OTC MONOGRAPH DRUG","237 mL in 1 BOTTLE (72288-990-00)","Antihistamine [EPC],  Histamine Receptor Antagonists [MoA],  Sigma-1 Agonist [EPC],  Sigma-1 Receptor Agonists [MoA],  Uncompetitive N-methyl-D-aspartate Receptor Antagonist [EPC],  Uncompetitive NMDA Receptor Antagonists [MoA]","N/A","No","12/31/2027"
"Nighttime Cold and Flu","72476-899-24","325 mg/1,                         15  mg/1,                         6.25  mg/1","CAPSULE, LIQUID FILLED","ORAL","M012","Care One (Retail Business Services, LLC.)","72476-899","Acetaminophen Dextromethorphan HBr Doxylamine Succinate","ACETAMINOPHEN;  DEXTROMETHORPHAN HYDROBROMIDE;  DOXYLAMINE SUCCINATE","HUMAN OTC DRUG","07/01/2023","N/A","OTC MONOGRAPH DRUG","24 BLISTER PACK in 1 CARTON (72476-899-24)  / 1 CAPSULE, LIQUID FILLED in 1 BLISTER PACK","Antihistamine [EPC],  Histamine Receptor Antagonists [MoA],  Sigma-1 Agonist [EPC],  Sigma-1 Receptor Agonists [MoA],  Uncompetitive N-methyl-D-aspartate Receptor Antagonist [EPC],  Uncompetitive NMDA Receptor Antagonists [MoA]","N/A","No","12/31/2026"
"NightTime Cold and Flu","76168-056-02","325 mg/1,                         15  mg/1,                         6.25  mg/1","CAPSULE, LIQUID FILLED","ORAL","part341","Velocity Pharma","76168-056","Acetaminophen,Dextromethorphan,Doxylamine","ACETAMINOPHEN;  DEXTROMETHORPHAN HYDROBROMIDE;  DOXYLAMINE SUCCINATE","HUMAN OTC DRUG","08/01/2017","N/A","OTC MONOGRAPH FINAL","12 CARTON in 1 BLISTER PACK (76168-056-02)  / 1 CAPSULE, LIQUID FILLED in 1 CARTON","Antihistamine [EPC],  Histamine Receptor Antagonists [MoA],  Sigma-1 Agonist [EPC],  Sigma-1 Receptor Agonists [MoA],  Uncompetitive N-methyl-D-aspartate Receptor Antagonist [EPC],  Uncompetitive NMDA Receptor Antagonists [MoA]","N/A","No","12/31/2026"
"Nighttime Cold and Flu","79903-173-08","650 mg/30mL,                         30  mg/30mL,                         12.5  mg/30mL","LIQUID","ORAL","M012","WALMART INC. (see also Equate)","79903-173","Acetaminophen, Dextromethorphan HBr, Doxylamine Succinate","ACETAMINOPHEN;  DEXTROMETHORPHAN HYDROBROMIDE;  DOXYLAMINE SUCCINATE","HUMAN OTC DRUG","12/30/2022","N/A","OTC MONOGRAPH DRUG","237 mL in 1 BOTTLE, PLASTIC (79903-173-08)","Antihistamine [EPC],  Histamine Receptor Antagonists [MoA],  Sigma-1 Agonist [EPC],  Sigma-1 Receptor Agonists [MoA],  Uncompetitive N-methyl-D-aspartate Receptor Antagonist [EPC],  Uncompetitive NMDA Receptor Antagonists [MoA]","N/A","No","12/31/2027"
"Nighttime Cold and Flu","79903-173-12","650 mg/30mL,                         30  mg/30mL,                         12.5  mg/30mL","LIQUID","ORAL","M012","WALMART INC. (see also Equate)","79903-173","Acetaminophen, Dextromethorphan HBr, Doxylamine Succinate","ACETAMINOPHEN;  DEXTROMETHORPHAN HYDROBROMIDE;  DOXYLAMINE SUCCINATE","HUMAN OTC DRUG","12/30/2022","N/A","OTC MONOGRAPH DRUG","355 mL in 1 BOTTLE, PLASTIC (79903-173-12)","Antihistamine [EPC],  Histamine Receptor Antagonists [MoA],  Sigma-1 Agonist [EPC],  Sigma-1 Receptor Agonists [MoA],  Uncompetitive N-methyl-D-aspartate Receptor Antagonist [EPC],  Uncompetitive NMDA Receptor Antagonists [MoA]","N/A","No","12/31/2027"
"Nighttime Cold and Flu","79903-173-24","650 mg/30mL,                         30  mg/30mL,                         12.5  mg/30mL","LIQUID","ORAL","M012","WALMART INC. (see also Equate)","79903-173","Acetaminophen, Dextromethorphan HBr, Doxylamine Succinate","ACETAMINOPHEN;  DEXTROMETHORPHAN HYDROBROMIDE;  DOXYLAMINE SUCCINATE","HUMAN OTC DRUG","12/30/2022","N/A","OTC MONOGRAPH DRUG","2 BOTTLE, PLASTIC in 1 PACKAGE (79903-173-24)  / 355 mL in 1 BOTTLE, PLASTIC","Antihistamine [EPC],  Histamine Receptor Antagonists [MoA],  Sigma-1 Agonist [EPC],  Sigma-1 Receptor Agonists [MoA],  Uncompetitive N-methyl-D-aspartate Receptor Antagonist [EPC],  Uncompetitive NMDA Receptor Antagonists [MoA]","N/A","No","12/31/2027"
"Nighttime Cold and Flu","81660-777-01","30 mg/30mL,                         12.5  mg/30mL,                         650  mg/30mL","LIQUID","ORAL","M012","Grimann, S.A. de C.V.","81660-777","Acetaminophen, Dextromethorphan, Doxylamine succinate","ACETAMINOPHEN;  DEXTROMETHORPHAN HYDROBROMIDE;  DOXYLAMINE SUCCINATE","HUMAN OTC DRUG","04/11/2023","N/A","OTC MONOGRAPH DRUG","30 mL in 1 BOTTLE, PLASTIC (81660-777-01)","Antihistamine [EPC],  Histamine Receptor Antagonists [MoA],  Sigma-1 Agonist [EPC],  Sigma-1 Receptor Agonists [MoA],  Uncompetitive N-methyl-D-aspartate Receptor Antagonist [EPC],  Uncompetitive NMDA Receptor Antagonists [MoA]","N/A","No","12/31/2027"
"Nighttime Cold and Flu","85828-750-01","30 mg/30mL,                         12.5  mg/30mL,                         650  mg/30mL","LIQUID","ORAL","M012","Grocery Outlet, Inc.","85828-750","Acetaminophen, Dextromethorphan Hydrobromide, Doxylamine succinate","ACETAMINOPHEN;  DEXTROMETHORPHAN HYDROBROMIDE;  DOXYLAMINE SUCCINATE","HUMAN OTC DRUG","03/25/2026","N/A","OTC MONOGRAPH DRUG","354 mL in 1 BOTTLE (85828-750-01)","Antihistamine [EPC],  Histamine Receptor Antagonists [MoA],  Sigma-1 Agonist [EPC],  Sigma-1 Receptor Agonists [MoA],  Uncompetitive N-methyl-D-aspartate Receptor Antagonist [EPC],  Uncompetitive NMDA Receptor Antagonists [MoA]","N/A","No","12/31/2027"
"NIGHTTIME COLD AND FLU CHERRY","0363-9144-01",".02 g/237mL,                         .65  g/237mL,                         .0125  g/237mL,                         .01  g/237mL","LIQUID","ORAL","M012","Walgreen Company","0363-9144","PHENYLEPHRINE, DEXTROMETHORPHAN HYDROBROMIDE, ACETAMINOPHEN, DOXYLAMINE SUCCINATE","ACETAMINOPHEN;  DEXTROMETHORPHAN HYDROBROMIDE;  DOXYLAMINE SUCCINATE;  PHENYLEPHRINE","HUMAN OTC DRUG","02/13/2024","N/A","OTC MONOGRAPH DRUG","237 mL in 1 BOTTLE (0363-9144-01)","Adrenergic alpha1-Agonists [MoA],  Antihistamine [EPC],  Histamine Receptor Antagonists [MoA],  Sigma-1 Agonist [EPC],  Sigma-1 Receptor Agonists [MoA],  Uncompetitive N-methyl-D-aspartate Receptor Antagonist [EPC],  Uncompetitive NMDA Receptor Antagonists [MoA],  alpha-1 Adrenergic Agonist [EPC]","N/A","No","12/31/2027"
"Nighttime Cold and Flu Liquid","11673-287-01","650 mg/30mL,                         12.5  mg/30mL,                         30  mg/30mL","LIQUID","ORAL","M012","TARGET CORPORATION","11673-287","Acetaminophen, Dextromethorphan Hydrobromide, Doxylamine succinate","ACETAMINOPHEN;  DEXTROMETHORPHAN HYDROBROMIDE;  DOXYLAMINE SUCCINATE","HUMAN OTC DRUG","06/30/2024","N/A","OTC MONOGRAPH DRUG","354 mL in 1 BOTTLE (11673-287-01)","Antihistamine [EPC],  Histamine Receptor Antagonists [MoA],  Sigma-1 Agonist [EPC],  Sigma-1 Receptor Agonists [MoA],  Uncompetitive N-methyl-D-aspartate Receptor Antagonist [EPC],  Uncompetitive NMDA Receptor Antagonists [MoA]","N/A","No","12/31/2026"
"Nighttime Cold and Flu Liquid Cherry","81660-555-01","30 mg/30mL,                         12.5  mg/30mL,                         650  mg/30mL","LIQUID","ORAL","M012","Grimann, S.A. de C.V.","81660-555","Acetaminophen, Dextromethorphan, Doxylamine succinate","ACETAMINOPHEN;  DEXTROMETHORPHAN HYDROBROMIDE;  DOXYLAMINE SUCCINATE","HUMAN OTC DRUG","04/11/2023","N/A","OTC MONOGRAPH DRUG","30 mL in 1 BOTTLE, PLASTIC (81660-555-01)","Antihistamine [EPC],  Histamine Receptor Antagonists [MoA],  Sigma-1 Agonist [EPC],  Sigma-1 Receptor Agonists [MoA],  Uncompetitive N-methyl-D-aspartate Receptor Antagonist [EPC],  Uncompetitive NMDA Receptor Antagonists [MoA]","N/A","No","12/31/2027"
"Nighttime Cold and Flu Max Softgels","76162-913-24","325 mg/1,                         15  mg/1,                         6.25  mg/1,                         6.25  mg/1","CAPSULE, LIQUID FILLED","ORAL","M012","Topco Associates, LLC","76162-913","Acetaminophen, Dextromethorphan HBr, Doxylamine succinate, Phenylephrine HCl","ACETAMINOPHEN;  DEXTROMETHORPHAN HYDROBROMIDE;  DOXYLAMINE SUCCINATE;  PHENYLEPHRINE HYDROCHLORIDE","HUMAN OTC DRUG","09/25/2024","N/A","OTC MONOGRAPH DRUG","2 BLISTER PACK in 1 CARTON (76162-913-24)  / 12 CAPSULE, LIQUID FILLED in 1 BLISTER PACK","Adrenergic alpha1-Agonists [MoA],  Antihistamine [EPC],  Histamine Receptor Antagonists [MoA],  Sigma-1 Agonist [EPC],  Sigma-1 Receptor Agonists [MoA],  Uncompetitive N-methyl-D-aspartate Receptor Antagonist [EPC],  Uncompetitive NMDA Receptor Antagonists [MoA],  alpha-1 Adrenergic Agonist [EPC]","N/A","No","12/31/2026"
"Nighttime Cold and Flu Mini Softgels","83059-0129-1","325 mg/1,                         15  mg/1,                         6.25  mg/1,                         5  mg/1","CAPSULE, LIQUID FILLED","ORAL","M012","Shield Pharmaceuticals Corp","83059-0129","Acetaminophen, Dextromethorphan HBr, Doxylamine succinate, Phenylephrine HCl","ACETAMINOPHEN;  DEXTROMETHORPHAN HYDROBROMIDE;  DOXYLAMINE SUCCINATE;  PHENYLEPHRINE HYDROCHLORIDE","HUMAN OTC DRUG","02/03/2026","N/A","OTC MONOGRAPH DRUG","1 BLISTER PACK in 1 CARTON (83059-0129-1)  / 12 CAPSULE, LIQUID FILLED in 1 BLISTER PACK","Adrenergic alpha1-Agonists [MoA],  Antihistamine [EPC],  Histamine Receptor Antagonists [MoA],  Sigma-1 Agonist [EPC],  Sigma-1 Receptor Agonists [MoA],  Uncompetitive N-methyl-D-aspartate Receptor Antagonist [EPC],  Uncompetitive NMDA Receptor Antagonists [MoA],  alpha-1 Adrenergic Agonist [EPC]","N/A","No","12/31/2027"
"Nighttime Cold and Flu Multi Symptom Relief","83059-0024-1","325 mg/1,                         15  mg/1,                         6.25  mg/1","CAPSULE, LIQUID FILLED","ORAL","M012","Shield Pharmaceuticals Corp","83059-0024","Acetaminophen, Dextromethorphan HBr, Doxylamine succinate","ACETAMINOPHEN;  DEXTROMETHORPHAN HYDROBROMIDE;  DOXYLAMINE SUCCINATE","HUMAN OTC DRUG","04/06/2024","N/A","OTC MONOGRAPH DRUG","1 BLISTER PACK in 1 CARTON (83059-0024-1)  / 10 CAPSULE, LIQUID FILLED in 1 BLISTER PACK","Antihistamine [EPC],  Histamine Receptor Antagonists [MoA],  Sigma-1 Agonist [EPC],  Sigma-1 Receptor Agonists [MoA],  Uncompetitive N-methyl-D-aspartate Receptor Antagonist [EPC],  Uncompetitive NMDA Receptor Antagonists [MoA]","N/A","No","12/31/2026"
"Nighttime Cold and Flu Multi Symptom Relief","83059-0112-1","325 mg/1,                         15  mg/1,                         6.25  mg/1","CAPSULE, LIQUID FILLED","ORAL","M012","Shield Pharmaceuticals Corp","83059-0112","Acetaminophen, Dextromethorphan HBr, Doxylamine succinate","ACETAMINOPHEN;  DEXTROMETHORPHAN HYDROBROMIDE;  DOXYLAMINE SUCCINATE","HUMAN OTC DRUG","11/12/2025","N/A","OTC MONOGRAPH DRUG","1 BLISTER PACK in 1 CARTON (83059-0112-1)  / 10 CAPSULE, LIQUID FILLED in 1 BLISTER PACK","Antihistamine [EPC],  Histamine Receptor Antagonists [MoA],  Sigma-1 Agonist [EPC],  Sigma-1 Receptor Agonists [MoA],  Uncompetitive N-methyl-D-aspartate Receptor Antagonist [EPC],  Uncompetitive NMDA Receptor Antagonists [MoA]","N/A","No","12/31/2026"
"Nighttime Cold and Flu Relief","21130-044-12","650 mg/30mL,                         30  mg/30mL,                         12.5  mg/30mL","LIQUID","ORAL","M012","Safeway, Inc.","21130-044","Acetaminophen, Dextromethorphan Hydrobromide, Doxylamine Succinate","ACETAMINOPHEN;  DEXTROMETHORPHAN HYDROBROMIDE;  DOXYLAMINE SUCCINATE","HUMAN OTC DRUG","06/30/2014","N/A","OTC MONOGRAPH DRUG","355 mL in 1 BOTTLE (21130-044-12)","Antihistamine [EPC],  Histamine Receptor Antagonists [MoA],  Sigma-1 Agonist [EPC],  Sigma-1 Receptor Agonists [MoA],  Uncompetitive N-methyl-D-aspartate Receptor Antagonist [EPC],  Uncompetitive NMDA Receptor Antagonists [MoA]","N/A","No","12/31/2026"
"Nighttime Cold and Flu Relief","21130-044-08","650 mg/30mL,                         30  mg/30mL,                         12.5  mg/30mL","LIQUID","ORAL","M012","Safeway, Inc.","21130-044","Acetaminophen, Dextromethorphan Hydrobromide, Doxylamine Succinate","ACETAMINOPHEN;  DEXTROMETHORPHAN HYDROBROMIDE;  DOXYLAMINE SUCCINATE","HUMAN OTC DRUG","06/30/2014","N/A","OTC MONOGRAPH DRUG","237 mL in 1 BOTTLE, PLASTIC (21130-044-08)","Antihistamine [EPC],  Histamine Receptor Antagonists [MoA],  Sigma-1 Agonist [EPC],  Sigma-1 Receptor Agonists [MoA],  Uncompetitive N-methyl-D-aspartate Receptor Antagonist [EPC],  Uncompetitive NMDA Receptor Antagonists [MoA]","N/A","No","12/31/2026"
"Nighttime Cold and Flu Relief","21130-343-24","650 mg/30mL,                         30  mg/30mL,                         12.5  mg/30mL","LIQUID","ORAL","M012","Safeway, Inc.","21130-343","Acetaminophen, Dextromethorphan Hydrobromide, Doxylamine Succinate","ACETAMINOPHEN;  DEXTROMETHORPHAN HYDROBROMIDE;  DOXYLAMINE SUCCINATE","HUMAN OTC DRUG","06/30/2014","N/A","OTC MONOGRAPH DRUG","2 BOTTLE, PLASTIC in 1 PACKAGE (21130-343-24)  / 355 mL in 1 BOTTLE, PLASTIC","Antihistamine [EPC],  Histamine Receptor Antagonists [MoA],  Sigma-1 Agonist [EPC],  Sigma-1 Receptor Agonists [MoA],  Uncompetitive N-methyl-D-aspartate Receptor Antagonist [EPC],  Uncompetitive NMDA Receptor Antagonists [MoA]","N/A","No","12/31/2026"
"Nighttime Cold and Flu Relief","21130-343-08","650 mg/30mL,                         30  mg/30mL,                         12.5  mg/30mL","LIQUID","ORAL","M012","Safeway, Inc.","21130-343","Acetaminophen, Dextromethorphan Hydrobromide, Doxylamine Succinate","ACETAMINOPHEN;  DEXTROMETHORPHAN HYDROBROMIDE;  DOXYLAMINE SUCCINATE","HUMAN OTC DRUG","06/30/2014","N/A","OTC MONOGRAPH DRUG","237 mL in 1 BOTTLE, PLASTIC (21130-343-08)","Antihistamine [EPC],  Histamine Receptor Antagonists [MoA],  Sigma-1 Agonist [EPC],  Sigma-1 Receptor Agonists [MoA],  Uncompetitive N-methyl-D-aspartate Receptor Antagonist [EPC],  Uncompetitive NMDA Receptor Antagonists [MoA]","N/A","No","12/31/2026"
"Nighttime Cold and Flu Relief","21130-343-12","650 mg/30mL,                         30  mg/30mL,                         12.5  mg/30mL","LIQUID","ORAL","M012","Safeway, Inc.","21130-343","Acetaminophen, Dextromethorphan Hydrobromide, Doxylamine Succinate","ACETAMINOPHEN;  DEXTROMETHORPHAN HYDROBROMIDE;  DOXYLAMINE SUCCINATE","HUMAN OTC DRUG","06/30/2014","N/A","OTC MONOGRAPH DRUG","355 mL in 1 BOTTLE (21130-343-12)","Antihistamine [EPC],  Histamine Receptor Antagonists [MoA],  Sigma-1 Agonist [EPC],  Sigma-1 Receptor Agonists [MoA],  Uncompetitive N-methyl-D-aspartate Receptor Antagonist [EPC],  Uncompetitive NMDA Receptor Antagonists [MoA]","N/A","No","12/31/2026"
"Nighttime Cold and Flu Relief","21130-899-24","325 mg/1,                         15  mg/1,                         6.25  mg/1","CAPSULE, LIQUID FILLED","ORAL","M012","Safeway, Inc.","21130-899","Acetaminophen, Dextromethorphan HBr, Doxylamine Succinate","ACETAMINOPHEN;  DEXTROMETHORPHAN HYDROBROMIDE;  DOXYLAMINE SUCCINATE","HUMAN OTC DRUG","11/29/2019","N/A","OTC MONOGRAPH DRUG","24 BLISTER PACK in 1 CARTON (21130-899-24)  / 1 CAPSULE, LIQUID FILLED in 1 BLISTER PACK","Antihistamine [EPC],  Histamine Receptor Antagonists [MoA],  Sigma-1 Agonist [EPC],  Sigma-1 Receptor Agonists [MoA],  Uncompetitive N-methyl-D-aspartate Receptor Antagonist [EPC],  Uncompetitive NMDA Receptor Antagonists [MoA]","N/A","No","12/31/2027"
"Nighttime cold and flu relief","21130-940-24","6.25 mg/1,                         325  mg/1,                         15  mg/1","CAPSULE, LIQUID FILLED","ORAL","M012","BETTER LIVING BRANDS LLC.","21130-940","Acetaminophen, Dextromethorphan HBr, Doxylamine succinate","ACETAMINOPHEN;  DEXTROMETHORPHAN HYDROBROMIDE;  DOXYLAMINE SUCCINATE","HUMAN OTC DRUG","07/10/2023","N/A","OTC MONOGRAPH DRUG","2 BLISTER PACK in 1 CARTON (21130-940-24)  / 12 CAPSULE, LIQUID FILLED in 1 BLISTER PACK","Antihistamine [EPC],  Histamine Receptor Antagonists [MoA],  Sigma-1 Agonist [EPC],  Sigma-1 Receptor Agonists [MoA],  Uncompetitive N-methyl-D-aspartate Receptor Antagonist [EPC],  Uncompetitive NMDA Receptor Antagonists [MoA]","N/A","No","12/31/2026"
"Nighttime Cold and Flu Relief","37835-522-96","325 mg/1,                         15  mg/1,                         6.25  mg/1","CAPSULE, LIQUID FILLED","ORAL","M012","Bi-Mart","37835-522","Acetaminophen, Doxylamine Succinate, Dextromethorphan HBr","ACETAMINOPHEN;  DEXTROMETHORPHAN HYDROBROMIDE;  DOXYLAMINE SUCCINATE","HUMAN OTC DRUG","03/01/2025","N/A","OTC MONOGRAPH DRUG","96 CAPSULE, LIQUID FILLED in 1 BOTTLE (37835-522-96)","Antihistamine [EPC],  Histamine Receptor Antagonists [MoA],  Sigma-1 Agonist [EPC],  Sigma-1 Receptor Agonists [MoA],  Uncompetitive N-methyl-D-aspartate Receptor Antagonist [EPC],  Uncompetitive NMDA Receptor Antagonists [MoA]","N/A","No","12/31/2026"
"Nighttime Cold and Flu Relief","37835-522-24","325 mg/1,                         15  mg/1,                         6.25  mg/1","CAPSULE, LIQUID FILLED","ORAL","M012","Bi-Mart","37835-522","Acetaminophen, Doxylamine Succinate, Dextromethorphan HBr","ACETAMINOPHEN;  DEXTROMETHORPHAN HYDROBROMIDE;  DOXYLAMINE SUCCINATE","HUMAN OTC DRUG","03/01/2025","N/A","OTC MONOGRAPH DRUG","24 CAPSULE, LIQUID FILLED in 1 BOTTLE (37835-522-24)","Antihistamine [EPC],  Histamine Receptor Antagonists [MoA],  Sigma-1 Agonist [EPC],  Sigma-1 Receptor Agonists [MoA],  Uncompetitive N-methyl-D-aspartate Receptor Antagonist [EPC],  Uncompetitive NMDA Receptor Antagonists [MoA]","N/A","No","12/31/2026"
"Nighttime Cold and Flu Relief","41163-849-24","325 mg/1,                         15  mg/1,                         6.25  mg/1","CAPSULE, LIQUID FILLED","ORAL","M012","United Natural Foods, Inc. dba UNFI","41163-849","Acetaminophen, Dextromethorphan Hydrobromide, Doxylamine Succinate","ACETAMINOPHEN;  DEXTROMETHORPHAN HYDROBROMIDE;  DOXYLAMINE SUCCINATE","HUMAN OTC DRUG","09/30/2019","N/A","OTC MONOGRAPH DRUG","24 BLISTER PACK in 1 CARTON (41163-849-24)  / 1 CAPSULE, LIQUID FILLED in 1 BLISTER PACK","Antihistamine [EPC],  Histamine Receptor Antagonists [MoA],  Sigma-1 Agonist [EPC],  Sigma-1 Receptor Agonists [MoA],  Uncompetitive N-methyl-D-aspartate Receptor Antagonist [EPC],  Uncompetitive NMDA Receptor Antagonists [MoA]","N/A","No","12/31/2026"
"Nighttime Cold and Flu Relief","41163-899-24","325 mg/1,                         15  mg/1,                         6.25  mg/1","CAPSULE, LIQUID FILLED","ORAL","M012","United Natural Foods, Inc. dba UNFI","41163-899","Acetaminophen, Dextromethorphan HBr, Doxylamine Succinate","ACETAMINOPHEN;  DEXTROMETHORPHAN HYDROBROMIDE;  DOXYLAMINE SUCCINATE","HUMAN OTC DRUG","07/30/2021","N/A","OTC MONOGRAPH DRUG","24 BLISTER PACK in 1 CARTON (41163-899-24)  / 1 CAPSULE, LIQUID FILLED in 1 BLISTER PACK","Antihistamine [EPC],  Histamine Receptor Antagonists [MoA],  Sigma-1 Agonist [EPC],  Sigma-1 Receptor Agonists [MoA],  Uncompetitive N-methyl-D-aspartate Receptor Antagonist [EPC],  Uncompetitive NMDA Receptor Antagonists [MoA]","N/A","No","12/31/2027"
"Nighttime Cold and Flu Relief","55319-968-24","325 mg/1,                         15  mg/1,                         6.25  mg/1","CAPSULE, LIQUID FILLED","ORAL","M012","Family Dollar (FAMILY WELLNESS)","55319-968","ACETAMINOPHEN, DEXTROMETHORPHAN HYDROBROMIDE, DOXYLAMINE SUCCINATE","ACETAMINOPHEN;  DEXTROMETHORPHAN HYDROBROMIDE;  DOXYLAMINE SUCCINATE","HUMAN OTC DRUG","07/01/2023","N/A","OTC MONOGRAPH DRUG","24 BLISTER PACK in 1 CARTON (55319-968-24)  / 1 CAPSULE, LIQUID FILLED in 1 BLISTER PACK","Antihistamine [EPC],  Histamine Receptor Antagonists [MoA],  Sigma-1 Agonist [EPC],  Sigma-1 Receptor Agonists [MoA],  Uncompetitive N-methyl-D-aspartate Receptor Antagonist [EPC],  Uncompetitive NMDA Receptor Antagonists [MoA]","N/A","No","12/31/2026"
"Nighttime Cold and Flu Relief","55319-968-16","325 mg/1,                         15  mg/1,                         6.25  mg/1","CAPSULE, LIQUID FILLED","ORAL","M012","Family Dollar (FAMILY WELLNESS)","55319-968","ACETAMINOPHEN, DEXTROMETHORPHAN HYDROBROMIDE, DOXYLAMINE SUCCINATE","ACETAMINOPHEN;  DEXTROMETHORPHAN HYDROBROMIDE;  DOXYLAMINE SUCCINATE","HUMAN OTC DRUG","07/01/2023","N/A","OTC MONOGRAPH DRUG","16 BLISTER PACK in 1 CARTON (55319-968-16)  / 1 CAPSULE, LIQUID FILLED in 1 BLISTER PACK","Antihistamine [EPC],  Histamine Receptor Antagonists [MoA],  Sigma-1 Agonist [EPC],  Sigma-1 Receptor Agonists [MoA],  Uncompetitive N-methyl-D-aspartate Receptor Antagonist [EPC],  Uncompetitive NMDA Receptor Antagonists [MoA]","N/A","No","12/31/2026"
"Nighttime Cold and Flu Relief","55319-968-08","325 mg/1,                         15  mg/1,                         6.25  mg/1","CAPSULE, LIQUID FILLED","ORAL","M012","Family Dollar (FAMILY WELLNESS)","55319-968","ACETAMINOPHEN, DEXTROMETHORPHAN HYDROBROMIDE, DOXYLAMINE SUCCINATE","ACETAMINOPHEN;  DEXTROMETHORPHAN HYDROBROMIDE;  DOXYLAMINE SUCCINATE","HUMAN OTC DRUG","07/01/2023","N/A","OTC MONOGRAPH DRUG","8 BLISTER PACK in 1 CARTON (55319-968-08)  / 1 CAPSULE, LIQUID FILLED in 1 BLISTER PACK","Antihistamine [EPC],  Histamine Receptor Antagonists [MoA],  Sigma-1 Agonist [EPC],  Sigma-1 Receptor Agonists [MoA],  Uncompetitive N-methyl-D-aspartate Receptor Antagonist [EPC],  Uncompetitive NMDA Receptor Antagonists [MoA]","N/A","No","12/31/2026"
"Nighttime Cold and Flu Relief","57243-603-03","325 mg/1,                         15  mg/1,                         6.25  mg/1","CAPSULE, LIQUID FILLED","ORAL","M012","SALADO SALES INC.","57243-603","Acetaminophen, Dextromethorphan HBr and Doxylamine Succinate","ACETAMINOPHEN;  DEXTROMETHORPHAN HYDROBROMIDE;  DOXYLAMINE SUCCINATE","HUMAN OTC DRUG","12/23/2025","N/A","OTC MONOGRAPH DRUG","24 BLISTER PACK in 1 CARTON (57243-603-03)  / 12 CAPSULE, LIQUID FILLED in 1 BLISTER PACK","Antihistamine [EPC],  Histamine Receptor Antagonists [MoA],  Sigma-1 Agonist [EPC],  Sigma-1 Receptor Agonists [MoA],  Uncompetitive N-methyl-D-aspartate Receptor Antagonist [EPC],  Uncompetitive NMDA Receptor Antagonists [MoA]","N/A","No","12/31/2027"
"NIGHTTIME COLD AND FLU RELIEF","58602-769-78","325 mg/1,                         15  mg/1,                         6.25  mg/1","CAPSULE","ORAL","M012","Aurohealth LLC","58602-769","Acetaminophen, Dextromethorphan Hydrobromide and Doxylamine Succinate","ACETAMINOPHEN;  DEXTROMETHORPHAN HYDROBROMIDE;  DOXYLAMINE SUCCINATE","HUMAN OTC DRUG","06/29/2024","N/A","OTC MONOGRAPH DRUG","3 BLISTER PACK in 1 CARTON (58602-769-78)  / 8 CAPSULE in 1 BLISTER PACK","Antihistamine [EPC],  Histamine Receptor Antagonists [MoA],  Sigma-1 Agonist [EPC],  Sigma-1 Receptor Agonists [MoA],  Uncompetitive N-methyl-D-aspartate Receptor Antagonist [EPC],  Uncompetitive NMDA Receptor Antagonists [MoA]","N/A","No","12/31/2026"
"NIGHTTIME COLD AND FLU RELIEF","58602-769-79","325 mg/1,                         15  mg/1,                         6.25  mg/1","CAPSULE","ORAL","M012","Aurohealth LLC","58602-769","Acetaminophen, Dextromethorphan Hydrobromide and Doxylamine Succinate","ACETAMINOPHEN;  DEXTROMETHORPHAN HYDROBROMIDE;  DOXYLAMINE SUCCINATE","HUMAN OTC DRUG","06/29/2024","N/A","OTC MONOGRAPH DRUG","1 BLISTER PACK in 1 CARTON (58602-769-79)  / 8 CAPSULE in 1 BLISTER PACK","Antihistamine [EPC],  Histamine Receptor Antagonists [MoA],  Sigma-1 Agonist [EPC],  Sigma-1 Receptor Agonists [MoA],  Uncompetitive N-methyl-D-aspartate Receptor Antagonist [EPC],  Uncompetitive NMDA Receptor Antagonists [MoA]","N/A","No","12/31/2026"
"Nighttime Cold and Flu Relief","59779-335-40","650 mg/30mL,                         30  mg/30mL,                         12.5  mg/30mL","SOLUTION","ORAL","M012","CVS Pharmacy","59779-335","Acetaminophen, Dextromethorphan HBr, Doxylamine succinate","ACETAMINOPHEN;  DEXTROMETHORPHAN HYDROBROMIDE;  DOXYLAMINE SUCCINATE","HUMAN OTC DRUG","08/16/2011","N/A","OTC MONOGRAPH DRUG","355 mL in 1 BOTTLE (59779-335-40)","Antihistamine [EPC],  Histamine Receptor Antagonists [MoA],  Sigma-1 Agonist [EPC],  Sigma-1 Receptor Agonists [MoA],  Uncompetitive N-methyl-D-aspartate Receptor Antagonist [EPC],  Uncompetitive NMDA Receptor Antagonists [MoA]","N/A","No","12/31/2026"
"NIGHTTIME COLD AND FLU RELIEF","68016-878-24","325 mg/1,                         15  mg/1,                         6.25  mg/1","CAPSULE","ORAL","M012","Chain Drug Consortium, LLC","68016-878","Acetaminophen, Dextromethorphan HBr and Doxylamine Succinate","ACETAMINOPHEN;  DEXTROMETHORPHAN HYDROBROMIDE;  DOXYLAMINE SUCCINATE","HUMAN OTC DRUG","07/12/2019","N/A","OTC MONOGRAPH DRUG","12 BLISTER PACK in 1 CARTON (68016-878-24)  / 2 CAPSULE in 1 BLISTER PACK","Antihistamine [EPC],  Histamine Receptor Antagonists [MoA],  Sigma-1 Agonist [EPC],  Sigma-1 Receptor Agonists [MoA],  Uncompetitive N-methyl-D-aspartate Receptor Antagonist [EPC],  Uncompetitive NMDA Receptor Antagonists [MoA]","N/A","No","12/31/2026"
"NIGHTTIME COLD AND FLU RELIEF","68016-878-16","325 mg/1,                         15  mg/1,                         6.25  mg/1","CAPSULE","ORAL","M012","Chain Drug Consortium, LLC","68016-878","Acetaminophen, Dextromethorphan HBr and Doxylamine Succinate","ACETAMINOPHEN;  DEXTROMETHORPHAN HYDROBROMIDE;  DOXYLAMINE SUCCINATE","HUMAN OTC DRUG","07/12/2019","N/A","OTC MONOGRAPH DRUG","8 BLISTER PACK in 1 CARTON (68016-878-16)  / 2 CAPSULE in 1 BLISTER PACK","Antihistamine [EPC],  Histamine Receptor Antagonists [MoA],  Sigma-1 Agonist [EPC],  Sigma-1 Receptor Agonists [MoA],  Uncompetitive N-methyl-D-aspartate Receptor Antagonist [EPC],  Uncompetitive NMDA Receptor Antagonists [MoA]","N/A","No","12/31/2026"
"Nighttime Cold and Flu Relief","69256-899-24","325 mg/1,                         15  mg/1,                         6.25  mg/1","CAPSULE, LIQUID FILLED","ORAL","M012","Harris Teeter, LLC","69256-899","Acetaminophen, Dextromethorphan HBr, Doxylamine Succinate","ACETAMINOPHEN;  DEXTROMETHORPHAN HYDROBROMIDE;  DOXYLAMINE SUCCINATE","HUMAN OTC DRUG","05/28/2021","N/A","OTC MONOGRAPH DRUG","24 BLISTER PACK in 1 CARTON (69256-899-24)  / 1 CAPSULE, LIQUID FILLED in 1 BLISTER PACK","Antihistamine [EPC],  Histamine Receptor Antagonists [MoA],  Sigma-1 Agonist [EPC],  Sigma-1 Receptor Agonists [MoA],  Uncompetitive N-methyl-D-aspartate Receptor Antagonist [EPC],  Uncompetitive NMDA Receptor Antagonists [MoA]","N/A","No","12/31/2026"
"NIGHTTIME COLD AND FLU RELIEF","80513-304-50","15 mg/1,                         6.25  mg/1,                         325  mg/1","CAPSULE, LIQUID FILLED","ORAL","M012","Advanced Rx LLC","80513-304","Acetaminophen, Dextromethorphan Hydrobromide, and Doxylamine Succinate","ACETAMINOPHEN;  DEXTROMETHORPHAN HYDROBROMIDE;  DOXYLAMINE SUCCINATE","HUMAN OTC DRUG","03/01/2024","N/A","OTC MONOGRAPH DRUG","50 CAPSULE, LIQUID FILLED in 1 BOTTLE (80513-304-50)","Antihistamine [EPC],  Histamine Receptor Antagonists [MoA],  Sigma-1 Agonist [EPC],  Sigma-1 Receptor Agonists [MoA],  Uncompetitive N-methyl-D-aspartate Receptor Antagonist [EPC],  Uncompetitive NMDA Receptor Antagonists [MoA]","N/A","No","12/31/2026"
"Nighttime Cold and Flu Relief","83324-148-24","325 mg/1,                         15  mg/1,                         6.25  mg/1","CAPSULE, LIQUID FILLED","ORAL","M012","QUALITY CHOICE (Chain Drug Marketing Association)","83324-148","Acetaminophen Dextromethorphan HBr Doxylamine Succinate","ACETAMINOPHEN;  DEXTROMETHORPHAN HYDROBROMIDE;  DOXYLAMINE SUCCINATE","HUMAN OTC DRUG","07/31/2024","N/A","OTC MONOGRAPH DRUG","24 BLISTER PACK in 1 CARTON (83324-148-24)  / 1 CAPSULE, LIQUID FILLED in 1 BLISTER PACK","Antihistamine [EPC],  Histamine Receptor Antagonists [MoA],  Sigma-1 Agonist [EPC],  Sigma-1 Receptor Agonists [MoA],  Uncompetitive N-methyl-D-aspartate Receptor Antagonist [EPC],  Uncompetitive NMDA Receptor Antagonists [MoA]","N/A","No","12/31/2026"
"Nighttime Cold and Flu Relief","83324-158-12","650 mg/30mL,                         30  mg/30mL,                         12.5  mg/30mL","LIQUID","ORAL","M012","QUALITY CHOICE (Chain Drug Marketing Association)","83324-158","Acetaminophen Dextromethorphan HBr Doxylamine Succinate","ACETAMINOPHEN;  DEXTROMETHORPHAN HYDROBROMIDE;  DOXYLAMINE SUCCINATE","HUMAN OTC DRUG","07/31/2024","N/A","OTC MONOGRAPH DRUG","355 mL in 1 BOTTLE, PLASTIC (83324-158-12)","Antihistamine [EPC],  Histamine Receptor Antagonists [MoA],  Sigma-1 Agonist [EPC],  Sigma-1 Receptor Agonists [MoA],  Uncompetitive N-methyl-D-aspartate Receptor Antagonist [EPC],  Uncompetitive NMDA Receptor Antagonists [MoA]","N/A","No","12/31/2026"
"Nighttime Cold and Flu Relief","83324-159-08","650 mg/30mL,                         30  mg/30mL,                         12.5  mg/30mL","LIQUID","ORAL","M012","QUALITY CHOICE (Chain Drug Marketing Association)","83324-159","Acetaminophen Dextromethorphan HBr Doxylamine Succinate","ACETAMINOPHEN;  DEXTROMETHORPHAN HYDROBROMIDE;  DOXYLAMINE SUCCINATE","HUMAN OTC DRUG","07/31/2024","N/A","OTC MONOGRAPH DRUG","237 mL in 1 BOTTLE, PLASTIC (83324-159-08)","Antihistamine [EPC],  Histamine Receptor Antagonists [MoA],  Sigma-1 Agonist [EPC],  Sigma-1 Receptor Agonists [MoA],  Uncompetitive N-methyl-D-aspartate Receptor Antagonist [EPC],  Uncompetitive NMDA Receptor Antagonists [MoA]","N/A","No","12/31/2026"
"Nighttime Cold and Flu Relief","83324-163-12","650 mg/30mL,                         30  mg/30mL,                         12.5  mg/30mL","LIQUID","ORAL","M012","QUALITY CHOICE (Chain Drug Marketing Association)","83324-163","Acetaminophen Dextromethorphan HBr Doxylamine Succinate","ACETAMINOPHEN;  DEXTROMETHORPHAN HYDROBROMIDE;  DOXYLAMINE SUCCINATE","HUMAN OTC DRUG","07/31/2024","N/A","OTC MONOGRAPH DRUG","355 mL in 1 BOTTLE, PLASTIC (83324-163-12)","Antihistamine [EPC],  Histamine Receptor Antagonists [MoA],  Sigma-1 Agonist [EPC],  Sigma-1 Receptor Agonists [MoA],  Uncompetitive N-methyl-D-aspartate Receptor Antagonist [EPC],  Uncompetitive NMDA Receptor Antagonists [MoA]","N/A","No","12/31/2026"
"Nighttime Cold and Flu Relief","83324-164-08","650 mg/30mL,                         30  mg/30mL,                         12.5  mg/30mL","LIQUID","ORAL","M012","QUALITY CHOICE (Chain Drug Marketing Association)","83324-164","Acetaminophen Dextromethorphan HBr Doxylamine Succinate","ACETAMINOPHEN;  DEXTROMETHORPHAN HYDROBROMIDE;  DOXYLAMINE SUCCINATE","HUMAN OTC DRUG","07/31/2024","N/A","OTC MONOGRAPH DRUG","237 mL in 1 BOTTLE, PLASTIC (83324-164-08)","Antihistamine [EPC],  Histamine Receptor Antagonists [MoA],  Sigma-1 Agonist [EPC],  Sigma-1 Receptor Agonists [MoA],  Uncompetitive N-methyl-D-aspartate Receptor Antagonist [EPC],  Uncompetitive NMDA Receptor Antagonists [MoA]","N/A","No","12/31/2026"
"NIGHTTIME COLD AND FLU RELIEF SOFTGELS","80513-302-50","15 mg/1,                         6.25  mg/1,                         325  mg/1","CAPSULE, GELATIN COATED","ORAL","M012","Advanced Rx LLC","80513-302","ACETAMINOPHEN, DEXTROMETHORPHAN HBR, DOXYLAMINE SUCCINATE","ACETAMINOPHEN;  DEXTROMETHORPHAN HYDROBROMIDE;  DOXYLAMINE SUCCINATE","HUMAN OTC DRUG","04/24/2023","N/A","OTC MONOGRAPH DRUG","50 CAPSULE, GELATIN COATED in 1 BOTTLE (80513-302-50)","Antihistamine [EPC],  Histamine Receptor Antagonists [MoA],  Sigma-1 Agonist [EPC],  Sigma-1 Receptor Agonists [MoA],  Uncompetitive N-methyl-D-aspartate Receptor Antagonist [EPC],  Uncompetitive NMDA Receptor Antagonists [MoA]","N/A","No","12/31/2026"
"Nighttime Cold/Flu Relief","55301-603-03","325 mg/1,                         15  mg/1,                         6.25  mg/1","CAPSULE, LIQUID FILLED","ORAL","M012","ARMY AND AIR FORCE EXCHANGE SERVICE","55301-603","ACETAMINOPHEN, DEXTROMETHORPHAN HBr, DOXYLAMINE SUCCINATE","ACETAMINOPHEN;  DEXTROMETHORPHAN HYDROBROMIDE;  DOXYLAMINE SUCCINATE","HUMAN OTC DRUG","01/01/2025","N/A","OTC MONOGRAPH DRUG","2 BLISTER PACK in 1 CARTON (55301-603-03)  / 12 CAPSULE, LIQUID FILLED in 1 BLISTER PACK","Antihistamine [EPC],  Histamine Receptor Antagonists [MoA],  Sigma-1 Agonist [EPC],  Sigma-1 Receptor Agonists [MoA],  Uncompetitive N-methyl-D-aspartate Receptor Antagonist [EPC],  Uncompetitive NMDA Receptor Antagonists [MoA]","N/A","No","12/31/2026"
"Nighttime Cough","0363-4990-12","30 mg/30mL,                         12.5  mg/30mL","LIQUID","ORAL","M012","Walgreens","0363-4990","Dextromethorphan HBr, Doxylamine Succinate","DEXTROMETHORPHAN HYDROBROMIDE;  DOXYLAMINE SUCCINATE","HUMAN OTC DRUG","03/01/2024","N/A","OTC MONOGRAPH DRUG","355 mL in 1 BOTTLE, PLASTIC (0363-4990-12)","Antihistamine [EPC],  Histamine Receptor Antagonists [MoA],  Sigma-1 Agonist [EPC],  Sigma-1 Receptor Agonists [MoA],  Uncompetitive N-methyl-D-aspartate Receptor Antagonist [EPC],  Uncompetitive NMDA Receptor Antagonists [MoA]","N/A","No","12/31/2027"
"Nighttime Cough","51316-062-26","30 mg/20mL,                         12.5  mg/20mL","SOLUTION","ORAL","M012","CVS WOONSOCKET PRESCRIPTION CENTER, INCORPORATED","51316-062","Dextromethorphan Hydrobromide, Doxylamine succinate","DEXTROMETHORPHAN HYDROBROMIDE;  DOXYLAMINE SUCCINATE","HUMAN OTC DRUG","06/12/2024","N/A","OTC MONOGRAPH DRUG","1 BOTTLE in 1 CARTON (51316-062-26)  / 118 mL in 1 BOTTLE","Antihistamine [EPC],  Histamine Receptor Antagonists [MoA],  Sigma-1 Agonist [EPC],  Sigma-1 Receptor Agonists [MoA],  Uncompetitive N-methyl-D-aspartate Receptor Antagonist [EPC],  Uncompetitive NMDA Receptor Antagonists [MoA]","N/A","No","12/31/2026"
"Nighttime Cough DM","50844-043-36","30 mg/20mL,                         12.5  mg/20mL","SOLUTION","ORAL","M012","L.N.K. International, Inc.","50844-043","Dextromethorphan HBr, Doxylamine Succinate","DEXTROMETHORPHAN HYDROBROMIDE;  DOXYLAMINE SUCCINATE","HUMAN OTC DRUG","07/16/2021","N/A","OTC MONOGRAPH DRUG","1 BOTTLE, PLASTIC in 1 CARTON (50844-043-36)  / 118 mL in 1 BOTTLE, PLASTIC","Antihistamine [EPC],  Histamine Receptor Antagonists [MoA],  Sigma-1 Agonist [EPC],  Sigma-1 Receptor Agonists [MoA],  Uncompetitive N-methyl-D-aspartate Receptor Antagonist [EPC],  Uncompetitive NMDA Receptor Antagonists [MoA]","N/A","No","12/31/2026"
"NIGHTTIME COUGH DM","51316-791-26","30 mg/20mL,                         12.5  mg/20mL","SOLUTION","ORAL","M012","CVS WOONSOCKET PRESCRIPTION CENTER, INCORPORATED","51316-791","Dextromethorphan Hydrobromide, Doxylamine Succinate","DEXTROMETHORPHAN HYDROBROMIDE;  DOXYLAMINE SUCCINATE","HUMAN OTC DRUG","06/24/2026","N/A","OTC MONOGRAPH DRUG","1 BOTTLE in 1 CARTON (51316-791-26)  / 118 mL in 1 BOTTLE (51316-791-00)","Antihistamine [EPC],  Histamine Receptor Antagonists [MoA],  Sigma-1 Agonist [EPC],  Sigma-1 Receptor Agonists [MoA],  Uncompetitive N-methyl-D-aspartate Receptor Antagonist [EPC],  Uncompetitive NMDA Receptor Antagonists [MoA]","N/A","No","12/31/2027"
"nighttime cough dm","79481-6101-1","30 mg/20mL,                         12.5  mg/20mL","SOLUTION","ORAL","M012","Meijer, Inc.","79481-6101","Dextromethorphan Hydrobromide, Doxylamine succinate","DEXTROMETHORPHAN HYDROBROMIDE;  DOXYLAMINE SUCCINATE","HUMAN OTC DRUG","07/22/2026","N/A","OTC MONOGRAPH DRUG","1 BOTTLE in 1 CARTON (79481-6101-1)  / 118 mL in 1 BOTTLE (79481-6101-4)","Antihistamine [EPC],  Histamine Receptor Antagonists [MoA],  Sigma-1 Agonist [EPC],  Sigma-1 Receptor Agonists [MoA],  Uncompetitive N-methyl-D-aspartate Receptor Antagonist [EPC],  Uncompetitive NMDA Receptor Antagonists [MoA]","N/A","No","12/31/2027"
"Nighttime Cough Relief","83324-153-08","30 mg/30mL,                         12.5  mg/30mL","LIQUID","ORAL","M012","QUALITY CHOICE (Chain Drug Marketing Association)","83324-153","Dextromethorphan HBr Doxylamine Succinate","DEXTROMETHORPHAN HYDROBROMIDE;  DOXYLAMINE SUCCINATE","HUMAN OTC DRUG","07/31/2024","N/A","OTC MONOGRAPH DRUG","237 mL in 1 BOTTLE, PLASTIC (83324-153-08)","Antihistamine [EPC],  Histamine Receptor Antagonists [MoA],  Sigma-1 Agonist [EPC],  Sigma-1 Receptor Agonists [MoA],  Uncompetitive N-methyl-D-aspartate Receptor Antagonist [EPC],  Uncompetitive NMDA Receptor Antagonists [MoA]","N/A","No","12/31/2026"
"Nighttime HBP Cold and Flu Relief","69842-086-02","650 mg/30mL,                         30  mg/30mL,                         12.5  mg/30mL","SOLUTION","ORAL","M012","CVS PHARMACY","69842-086","Acetaminophen, Dextromethorphan HBr, Doxylamine succinate","ACETAMINOPHEN;  DEXTROMETHORPHAN HYDROBROMIDE;  DOXYLAMINE SUCCINATE","HUMAN OTC DRUG","12/04/2020","N/A","OTC MONOGRAPH DRUG","355 mL in 1 BOTTLE, PLASTIC (69842-086-02)","Antihistamine [EPC],  Histamine Receptor Antagonists [MoA],  Sigma-1 Agonist [EPC],  Sigma-1 Receptor Agonists [MoA],  Uncompetitive N-methyl-D-aspartate Receptor Antagonist [EPC],  Uncompetitive NMDA Receptor Antagonists [MoA]","N/A","No","12/31/2027"
"Nighttime Relief, Cold and Flu, 24-7 Life by 7-Eleven","66715-6616-4","650 mg/30mL,                         12.5  mg/30mL,                         30  mg/30mL","LIQUID","ORAL","M012","Lil' Drug Store Products, Inc.","66715-6616","acetaminophen, dextromethorphan hbr, doxylamine succinate solution","ACETAMINOPHEN;  DEXTROMETHORPHAN HYDROBROMIDE;  DOXYLAMINE SUCCINATE","HUMAN OTC DRUG","07/03/2025","N/A","OTC MONOGRAPH DRUG","177 mL in 1 BOTTLE, PLASTIC (66715-6616-4)","Antihistamine [EPC],  Histamine Receptor Antagonists [MoA],  Sigma-1 Agonist [EPC],  Sigma-1 Receptor Agonists [MoA],  Uncompetitive N-methyl-D-aspartate Receptor Antagonist [EPC],  Uncompetitive NMDA Receptor Antagonists [MoA]","N/A","No","12/31/2026"
"nighttime severe","51316-179-40","325 mg/15mL,                         10  mg/15mL,                         6.25  mg/15mL,                         5  mg/15mL","SOLUTION","ORAL","M012","CVS WOONSOCKET PRESCRIPTION CENTER, INCORPORATED","51316-179","acetaminophen, dextromethorphan hydrobromide, doxylamine succinate, phenylephrine hydrochloride","ACETAMINOPHEN;  DEXTROMETHORPHAN HYDROBROMIDE;  DOXYLAMINE SUCCINATE;  PHENYLEPHRINE HYDROCHLORIDE","HUMAN OTC DRUG","06/28/2023","N/A","OTC MONOGRAPH DRUG","355 mL in 1 BOTTLE (51316-179-40)","Adrenergic alpha1-Agonists [MoA],  Antihistamine [EPC],  Histamine Receptor Antagonists [MoA],  Sigma-1 Agonist [EPC],  Sigma-1 Receptor Agonists [MoA],  Uncompetitive N-methyl-D-aspartate Receptor Antagonist [EPC],  Uncompetitive NMDA Receptor Antagonists [MoA],  alpha-1 Adrenergic Agonist [EPC]","N/A","No","12/31/2026"
"Nighttime SEVERE","59640-423-40","325 mg/15mL,                         10  mg/15mL,                         6.25  mg/15mL,                         5  mg/15mL","SOLUTION","ORAL","M012","H E B","59640-423","acetaminophen, dextromethorphan hydrobromide, doxylamine succinate, phenylephrine hydrochloride","ACETAMINOPHEN;  DEXTROMETHORPHAN HYDROBROMIDE;  DOXYLAMINE SUCCINATE;  PHENYLEPHRINE HYDROCHLORIDE","HUMAN OTC DRUG","08/08/2025","N/A","OTC MONOGRAPH DRUG","355 mL in 1 BOTTLE (59640-423-40)","Adrenergic alpha1-Agonists [MoA],  Antihistamine [EPC],  Histamine Receptor Antagonists [MoA],  Sigma-1 Agonist [EPC],  Sigma-1 Receptor Agonists [MoA],  Uncompetitive N-methyl-D-aspartate Receptor Antagonist [EPC],  Uncompetitive NMDA Receptor Antagonists [MoA],  alpha-1 Adrenergic Agonist [EPC]","N/A","No","12/31/2026"
"Nighttime Severe","69842-800-40","650 mg/30mL,                         20  mg/30mL,                         12.5  mg/30mL,                         10  mg/30mL","SOLUTION","ORAL","M012","CVS Pharmacy","69842-800","Acetaminophen, dextromethorphan HBr, doxylamine succinate, phenylephrine HCl","ACETAMINOPHEN;  DEXTROMETHORPHAN HYDROBROMIDE;  DOXYLAMINE SUCCINATE;  PHENYLEPHRINE HYDROCHLORIDE","HUMAN OTC DRUG","06/23/2016","N/A","OTC MONOGRAPH DRUG","355 mL in 1 BOTTLE (69842-800-40)","Adrenergic alpha1-Agonists [MoA],  Antihistamine [EPC],  Histamine Receptor Antagonists [MoA],  Sigma-1 Agonist [EPC],  Sigma-1 Receptor Agonists [MoA],  Uncompetitive N-methyl-D-aspartate Receptor Antagonist [EPC],  Uncompetitive NMDA Receptor Antagonists [MoA],  alpha-1 Adrenergic Agonist [EPC]","N/A","No","12/31/2026"
"nighttime severe cold and flu","0363-2029-40","325 mg/15mL,                         10  mg/15mL,                         6.25  mg/15mL,                         5  mg/15mL","SOLUTION","ORAL","M012","Walgreen Company","0363-2029","acetaminophen, dextromethorphan hydrobromide, doxylamine succinate, phenylephrine hydrochloride","ACETAMINOPHEN;  DEXTROMETHORPHAN HYDROBROMIDE;  DOXYLAMINE SUCCINATE;  PHENYLEPHRINE HYDROCHLORIDE","HUMAN OTC DRUG","07/08/2023","N/A","OTC MONOGRAPH DRUG","355 mL in 1 BOTTLE (0363-2029-40)","Adrenergic alpha1-Agonists [MoA],  Antihistamine [EPC],  Histamine Receptor Antagonists [MoA],  Sigma-1 Agonist [EPC],  Sigma-1 Receptor Agonists [MoA],  Uncompetitive N-methyl-D-aspartate Receptor Antagonist [EPC],  Uncompetitive NMDA Receptor Antagonists [MoA],  alpha-1 Adrenergic Agonist [EPC]","N/A","No","12/31/2026"
"Nighttime severe cold and flu","11673-828-01","20 mg/30mL,                         650  mg/30mL,                         12.5  mg/30mL,                         10  mg/30mL","LIQUID","ORAL","M012","TARGET CORPORATION","11673-828","Acetaminophen, Dextromethorphan HBr, Doxylamine Succinate, Phenylephrine HCl","ACETAMINOPHEN;  DEXTROMETHORPHAN HYDROBROMIDE;  DOXYLAMINE SUCCINATE;  PHENYLEPHRINE HYDROCHLORIDE","HUMAN OTC DRUG","06/30/2024","N/A","OTC MONOGRAPH DRUG","354 mL in 1 BOTTLE (11673-828-01)","Adrenergic alpha1-Agonists [MoA],  Antihistamine [EPC],  Histamine Receptor Antagonists [MoA],  Sigma-1 Agonist [EPC],  Sigma-1 Receptor Agonists [MoA],  Uncompetitive N-methyl-D-aspartate Receptor Antagonist [EPC],  Uncompetitive NMDA Receptor Antagonists [MoA],  alpha-1 Adrenergic Agonist [EPC]","N/A","No","12/31/2026"
"NightTime Severe Cold and Flu","30142-763-40","650 mg/30mL,                         20  mg/30mL,                         12.5  mg/30mL,                         10  mg/30mL","SOLUTION","ORAL","M012","Kroger Company","30142-763","Acetaminophen, Dextromethorphan HBr, Doxylamine Succinate, Phenylephrine HCl","ACETAMINOPHEN;  DEXTROMETHORPHAN HYDROBROMIDE;  DOXYLAMINE SUCCINATE;  PHENYLEPHRINE HYDROCHLORIDE","HUMAN OTC DRUG","08/13/2014","N/A","OTC MONOGRAPH DRUG","354 mL in 1 BOTTLE (30142-763-40)","Adrenergic alpha1-Agonists [MoA],  Antihistamine [EPC],  Histamine Receptor Antagonists [MoA],  Sigma-1 Agonist [EPC],  Sigma-1 Receptor Agonists [MoA],  Uncompetitive N-methyl-D-aspartate Receptor Antagonist [EPC],  Uncompetitive NMDA Receptor Antagonists [MoA],  alpha-1 Adrenergic Agonist [EPC]","N/A","No","12/31/2026"
"nighttime severe cold and flu","37808-763-40","650 mg/30mL,                         20  mg/30mL,                         12.5  mg/30mL,                         10  mg/30mL","SOLUTION","ORAL","M012","H E B","37808-763","Acetaminophen, Dextromethorphan HBr, Doxylamine Succinate, Phenylephrine HCl","ACETAMINOPHEN;  DEXTROMETHORPHAN HYDROBROMIDE;  DOXYLAMINE SUCCINATE;  PHENYLEPHRINE HYDROCHLORIDE","HUMAN OTC DRUG","04/11/2016","N/A","OTC MONOGRAPH DRUG","355 mL in 1 BOTTLE (37808-763-40)","Adrenergic alpha1-Agonists [MoA],  Antihistamine [EPC],  Histamine Receptor Antagonists [MoA],  Sigma-1 Agonist [EPC],  Sigma-1 Receptor Agonists [MoA],  Uncompetitive N-methyl-D-aspartate Receptor Antagonist [EPC],  Uncompetitive NMDA Receptor Antagonists [MoA],  alpha-1 Adrenergic Agonist [EPC]","N/A","No","12/31/2026"
"NIGHTTIME SEVERE COLD AND FLU","41226-626-08","10 mg/1,                         325  mg/1,                         6.25  mg/1,                         5  mg/1","CAPSULE, LIQUID FILLED","ORAL","M012","KROGER","41226-626","ACETAMINOPHEN, DEXTROMETHORPHAN HBR, DOXYLAMINE SUCCINATE, PHENYLEPHRINE HCL","ACETAMINOPHEN;  DEXTROMETHORPHAN HYDROBROMIDE;  DOXYLAMINE SUCCINATE;  PHENYLEPHRINE HYDROCHLORIDE","HUMAN OTC DRUG","11/16/2020","N/A","OTC MONOGRAPH DRUG","8 CAPSULE, LIQUID FILLED in 1 BLISTER PACK (41226-626-08)","Adrenergic alpha1-Agonists [MoA],  Antihistamine [EPC],  Histamine Receptor Antagonists [MoA],  Sigma-1 Agonist [EPC],  Sigma-1 Receptor Agonists [MoA],  Uncompetitive N-methyl-D-aspartate Receptor Antagonist [EPC],  Uncompetitive NMDA Receptor Antagonists [MoA],  alpha-1 Adrenergic Agonist [EPC]","N/A","No","12/31/2026"
"Nighttime Severe Cold and Flu","41226-775-01","12.5 mg/30mL,                         10  mg/30mL,                         650  mg/30mL,                         20  mg/30mL","LIQUID","ORAL","M012","Kroger","41226-775","Acetaminophen, Dextromethorphan HBr, Doxylamine Succinate, Phenylephrine HCl","ACETAMINOPHEN;  DEXTROMETHORPHAN HYDROBROMIDE;  DOXYLAMINE SUCCINATE;  PHENYLEPHRINE HYDROCHLORIDE","HUMAN OTC DRUG","04/30/2024","N/A","OTC MONOGRAPH DRUG","354 mL in 1 BOTTLE (41226-775-01)","Adrenergic alpha1-Agonists [MoA],  Antihistamine [EPC],  Histamine Receptor Antagonists [MoA],  Sigma-1 Agonist [EPC],  Sigma-1 Receptor Agonists [MoA],  Uncompetitive N-methyl-D-aspartate Receptor Antagonist [EPC],  Uncompetitive NMDA Receptor Antagonists [MoA],  alpha-1 Adrenergic Agonist [EPC]","N/A","No","12/31/2026"
"nighttime severe cold and flu","51316-415-40","650 mg/30mL,                         20  mg/30mL,                         12.5  mg/30mL,                         10  mg/30mL","SOLUTION","ORAL","M012","CVS WOONSOCKET PRESCRIPTION CENTER, INCORPORATED","51316-415","Acetaminophen, Dextromethorphan HBr, Doxylamine Succinate, Phenylephrine HCl","ACETAMINOPHEN;  DEXTROMETHORPHAN HYDROBROMIDE;  DOXYLAMINE SUCCINATE;  PHENYLEPHRINE HYDROCHLORIDE","HUMAN OTC DRUG","06/01/2026","N/A","OTC MONOGRAPH DRUG","355 mL in 1 BOTTLE (51316-415-40)","Adrenergic alpha1-Agonists [MoA],  Antihistamine [EPC],  Histamine Receptor Antagonists [MoA],  Sigma-1 Agonist [EPC],  Sigma-1 Receptor Agonists [MoA],  Uncompetitive N-methyl-D-aspartate Receptor Antagonist [EPC],  Uncompetitive NMDA Receptor Antagonists [MoA],  alpha-1 Adrenergic Agonist [EPC]","N/A","No","12/31/2027"
"NIGHTTIME SEVERE COLD AND FLU","51316-477-40","650 mg/30mL,                         20  mg/30mL,                         12.5  mg/30mL,                         10  mg/30mL","SOLUTION","ORAL","M012","CVS WOONSOCKET PRESCRIPTION CENTER, INCORPORATED","51316-477","Acetaminophen, dextromethorphan HBr, doxylamine succinate, phenylephrine HCl","ACETAMINOPHEN;  DEXTROMETHORPHAN HYDROBROMIDE;  DOXYLAMINE SUCCINATE;  PHENYLEPHRINE HYDROCHLORIDE","HUMAN OTC DRUG","07/14/2026","N/A","OTC MONOGRAPH DRUG","355 mL in 1 BOTTLE (51316-477-40)","Adrenergic alpha1-Agonists [MoA],  Antihistamine [EPC],  Histamine Receptor Antagonists [MoA],  Sigma-1 Agonist [EPC],  Sigma-1 Receptor Agonists [MoA],  Uncompetitive N-methyl-D-aspartate Receptor Antagonist [EPC],  Uncompetitive NMDA Receptor Antagonists [MoA],  alpha-1 Adrenergic Agonist [EPC]","N/A","No","12/31/2027"
"NIGHTTIME SEVERE COLD AND FLU","51316-526-24","5 mg/1,                         325  mg/1,                         10  mg/1,                         6.25  mg/1","CAPSULE","ORAL","M012","CVS HEALTH CORP","51316-526","ACETAMINOPHEN, DEXTROMETHORPHAN HBR, DOXYLAMINE SUCCINATE, PHENYLEPHRINE HCL","ACETAMINOPHEN;  DEXTROMETHORPHAN HYDROBROMIDE;  DOXYLAMINE SUCCINATE;  PHENYLEPHRINE HYDROCHLORIDE","HUMAN OTC DRUG","02/01/2025","N/A","OTC MONOGRAPH DRUG","2 BLISTER PACK in 1 CARTON (51316-526-24)  / 12 CAPSULE in 1 BLISTER PACK","Adrenergic alpha1-Agonists [MoA],  Antihistamine [EPC],  Histamine Receptor Antagonists [MoA],  Sigma-1 Agonist [EPC],  Sigma-1 Receptor Agonists [MoA],  Uncompetitive N-methyl-D-aspartate Receptor Antagonist [EPC],  Uncompetitive NMDA Receptor Antagonists [MoA],  alpha-1 Adrenergic Agonist [EPC]","N/A","No","12/31/2027"
"nighttime severe cold and flu","72288-259-40","650 mg/30mL,                         20  mg/30mL,                         12.5  mg/30mL,                         10  mg/30mL","SOLUTION","ORAL","M012","Amazon.com Services LLC","72288-259","Acetaminophen, Dextromethorphan HBr, Doxylamine Succinate, Phenylephrine HCl","ACETAMINOPHEN;  DEXTROMETHORPHAN HYDROBROMIDE;  DOXYLAMINE SUCCINATE;  PHENYLEPHRINE HYDROCHLORIDE","HUMAN OTC DRUG","04/30/2026","N/A","OTC MONOGRAPH DRUG","355 mL in 1 BOTTLE (72288-259-40)","Adrenergic alpha1-Agonists [MoA],  Antihistamine [EPC],  Histamine Receptor Antagonists [MoA],  Sigma-1 Agonist [EPC],  Sigma-1 Receptor Agonists [MoA],  Uncompetitive N-methyl-D-aspartate Receptor Antagonist [EPC],  Uncompetitive NMDA Receptor Antagonists [MoA],  alpha-1 Adrenergic Agonist [EPC]","N/A","No","12/31/2027"
"nighttime severe cold and flu","72288-646-40","650 mg/30mL,                         20  mg/30mL,                         12.5  mg/30mL,                         10  mg/30mL","SOLUTION","ORAL","M012","Amazon.com Services LLC","72288-646","Acetaminophen, dextromethorphan HBr, doxylamine succinate, phenylephrine HCl","ACETAMINOPHEN;  DEXTROMETHORPHAN HYDROBROMIDE;  DOXYLAMINE SUCCINATE;  PHENYLEPHRINE HYDROCHLORIDE","HUMAN OTC DRUG","08/13/2026","N/A","OTC MONOGRAPH DRUG","355 mL in 1 BOTTLE (72288-646-40)","Adrenergic alpha1-Agonists [MoA],  Antihistamine [EPC],  Histamine Receptor Antagonists [MoA],  Sigma-1 Agonist [EPC],  Sigma-1 Receptor Agonists [MoA],  Uncompetitive N-methyl-D-aspartate Receptor Antagonist [EPC],  Uncompetitive NMDA Receptor Antagonists [MoA],  alpha-1 Adrenergic Agonist [EPC]","N/A","No","12/31/2027"
"NIGHTTIME SEVERE COLD AND FLU","79903-134-24","325 mg/1,                         10  mg/1,                         6.25  mg/1,                         5  mg/1","CAPSULE, LIQUID FILLED","ORAL","M012","Wal-Mart Stores Inc","79903-134","ACETAMINOPHEN, DEXTROMETHORPHAN HYDROBROMIDE, DOXYLAMINE SUCCINATE, and PHENYLEPHRINE HYDROCHLORIDE","ACETAMINOPHEN;  DEXTROMETHORPHAN HYDROBROMIDE;  DOXYLAMINE SUCCINATE;  PHENYLEPHRINE HYDROCHLORIDE","HUMAN OTC DRUG","08/04/2022","03/31/2028","OTC MONOGRAPH DRUG","2 BLISTER PACK in 1 CARTON (79903-134-24)  / 12 CAPSULE, LIQUID FILLED in 1 BLISTER PACK","Adrenergic alpha1-Agonists [MoA],  Antihistamine [EPC],  Histamine Receptor Antagonists [MoA],  Sigma-1 Agonist [EPC],  Sigma-1 Receptor Agonists [MoA],  Uncompetitive N-methyl-D-aspartate Receptor Antagonist [EPC],  Uncompetitive NMDA Receptor Antagonists [MoA],  alpha-1 Adrenergic Agonist [EPC]","N/A","No","N/A"
"Nighttime Severe Cold and Flu","85828-775-01","12.5 mg/30mL,                         10  mg/30mL,                         650  mg/30mL,                         20  mg/30mL","LIQUID","ORAL","M012","Grocery Outlet, Inc.","85828-775","Acetaminophen, Dextromethorphan HBr, Doxylamine Succinate, Phenylephrine HCl","ACETAMINOPHEN;  DEXTROMETHORPHAN HYDROBROMIDE;  DOXYLAMINE SUCCINATE;  PHENYLEPHRINE HYDROCHLORIDE","HUMAN OTC DRUG","03/24/2026","N/A","OTC MONOGRAPH DRUG","354 mL in 1 BOTTLE (85828-775-01)","Adrenergic alpha1-Agonists [MoA],  Antihistamine [EPC],  Histamine Receptor Antagonists [MoA],  Sigma-1 Agonist [EPC],  Sigma-1 Receptor Agonists [MoA],  Uncompetitive N-methyl-D-aspartate Receptor Antagonist [EPC],  Uncompetitive NMDA Receptor Antagonists [MoA],  alpha-1 Adrenergic Agonist [EPC]","N/A","No","12/31/2027"
"Nighttime Severe Cold and Flu Maximum Strength mini softgels","83059-0074-1","325 mg/1,                         10  mg/1,                         6.25  mg/1,                         5  mg/1","CAPSULE, LIQUID FILLED","ORAL","M012","Shield Pharmaceuticals Corp","83059-0074","Acetaminophen, Dextromethorphan HBr, Doxylamine succinate, Phenylephrine HCl","ACETAMINOPHEN;  DEXTROMETHORPHAN HYDROBROMIDE;  DOXYLAMINE SUCCINATE;  PHENYLEPHRINE HYDROCHLORIDE","HUMAN OTC DRUG","08/26/2026","N/A","OTC MONOGRAPH DRUG","1 BLISTER PACK in 1 CARTON (83059-0074-1)  / 10 CAPSULE, LIQUID FILLED in 1 BLISTER PACK","Adrenergic alpha1-Agonists [MoA],  Antihistamine [EPC],  Histamine Receptor Antagonists [MoA],  Sigma-1 Agonist [EPC],  Sigma-1 Receptor Agonists [MoA],  Uncompetitive N-methyl-D-aspartate Receptor Antagonist [EPC],  Uncompetitive NMDA Receptor Antagonists [MoA],  alpha-1 Adrenergic Agonist [EPC]","N/A","No","12/31/2027"
"Nighttime Severe Cold and Flu Maximum Strength mini softgels (E)","83059-0095-1"," "," "," "," ","Shield Pharmaceuticals Corp"," "," "," "," "," ","N/A"," "," ","N/A","N/A","N/A"," "
"nighttime severe cold and flu relief","11822-0511-1","650 mg/30mL,                         20  mg/30mL,                         12.5  mg/30mL,                         10  mg/30mL","SOLUTION","ORAL","M012","Rite Aid Corporation","11822-0511","Acetaminophen, dextromethorphan HBr, doxylamine succinate, phenylephrine HCl","ACETAMINOPHEN;  DEXTROMETHORPHAN HYDROBROMIDE;  DOXYLAMINE SUCCINATE;  PHENYLEPHRINE HYDROCHLORIDE","HUMAN OTC DRUG","07/23/2015","N/A","OTC MONOGRAPH DRUG","355 mL in 1 BOTTLE (11822-0511-1)","Adrenergic alpha1-Agonists [MoA],  Antihistamine [EPC],  Histamine Receptor Antagonists [MoA],  Sigma-1 Agonist [EPC],  Sigma-1 Receptor Agonists [MoA],  Uncompetitive N-methyl-D-aspartate Receptor Antagonist [EPC],  Uncompetitive NMDA Receptor Antagonists [MoA],  alpha-1 Adrenergic Agonist [EPC]","N/A","No","12/31/2026"
"Nighttime Severe Honey","11673-322-01","6.25 mg/15mL,                         325  mg/15mL,                         10  mg/15mL,                         5  mg/15mL","LIQUID","ORAL","M012","TARGET CORPORATION","11673-322","Acetaminophen, Dextromethrophan, Doxylamine succinate, Phenylephrine HCl","ACETAMINOPHEN;  DEXTROMETHORPHAN HYDROBROMIDE;  DOXYLAMINE SUCCINATE;  PHENYLEPHRINE HYDROCHLORIDE","HUMAN OTC DRUG","06/30/2024","N/A","OTC MONOGRAPH DRUG","354 mL in 1 BOTTLE (11673-322-01)","Adrenergic alpha1-Agonists [MoA],  Antihistamine [EPC],  Histamine Receptor Antagonists [MoA],  Sigma-1 Agonist [EPC],  Sigma-1 Receptor Agonists [MoA],  Uncompetitive N-methyl-D-aspartate Receptor Antagonist [EPC],  Uncompetitive NMDA Receptor Antagonists [MoA],  alpha-1 Adrenergic Agonist [EPC]","N/A","No","12/31/2026"
"Nighttime Severe, Cold and Flu, 24-7 Life by 7-Eleven","66715-6505-3","10 mg/1,                         325  mg/1,                         5  mg/1,                         6.25  mg/1","TABLET, FILM COATED","ORAL","M012","Lil' Drug Store Products, Inc.","66715-6505","acetaminophen, dextromethorphan hbr, doxylamine succinate, phenylephrine hcl tablet, film coated","ACETAMINOPHEN;  DEXTROMETHORPHAN HYDROBROMIDE;  DOXYLAMINE SUCCINATE;  PHENYLEPHRINE HYDROCHLORIDE","HUMAN OTC DRUG","02/06/2022","N/A","OTC MONOGRAPH DRUG","1 BLISTER PACK in 1 CARTON (66715-6505-3)  / 6 TABLET, FILM COATED in 1 BLISTER PACK","Adrenergic alpha1-Agonists [MoA],  Antihistamine [EPC],  Histamine Receptor Antagonists [MoA],  Sigma-1 Agonist [EPC],  Sigma-1 Receptor Agonists [MoA],  Uncompetitive N-methyl-D-aspartate Receptor Antagonist [EPC],  Uncompetitive NMDA Receptor Antagonists [MoA],  alpha-1 Adrenergic Agonist [EPC]","N/A","No","12/31/2026"
"NightTime Sinus","53345-031-01","325 mg/1,                         6.25  mg/1,                         5  mg/1","CAPSULE, LIQUID FILLED","ORAL","M012","Humanwell PuraCap Pharmaceutical (Wuhan) Co., Ltd.","53345-031","Acetaminophen, Doxylamine succinate, Phenylephrine hydrochloride","ACETAMINOPHEN;  DOXYLAMINE SUCCINATE;  PHENYLEPHRINE HYDROCHLORIDE","HUMAN OTC DRUG","02/26/2015","N/A","OTC MONOGRAPH DRUG","1 BAG in 1 BOX (53345-031-01)  / 4000 CAPSULE, LIQUID FILLED in 1 BAG","Adrenergic alpha1-Agonists [MoA],  Antihistamine [EPC],  Histamine Receptor Antagonists [MoA],  alpha-1 Adrenergic Agonist [EPC]","N/A","No","12/31/2026"
"NightTime Sinus Relief","53345-013-01","325 mg/1,                         6.25  mg/1,                         5  mg/1","CAPSULE, LIQUID FILLED","ORAL","M012","Humanwell PuraCap Pharmaceutical (Wuhan), Ltd.","53345-013","Acetaminophen, Doxylamine succinate, Phenylephrine hydrochloride","ACETAMINOPHEN;  DOXYLAMINE SUCCINATE;  PHENYLEPHRINE HYDROCHLORIDE","HUMAN OTC DRUG","06/15/2013","N/A","OTC MONOGRAPH DRUG","1 BAG in 1 BOX (53345-013-01)  / 4000 CAPSULE, LIQUID FILLED in 1 BAG","Adrenergic alpha1-Agonists [MoA],  Antihistamine [EPC],  Histamine Receptor Antagonists [MoA],  alpha-1 Adrenergic Agonist [EPC]","N/A","No","12/31/2026"
"Nighttime Sleep Aid","21130-986-27","25 mg/1","TABLET","ORAL","ANDA040564","Better Living Brands, LLC","21130-986","Doxylamine Succinate","DOXYLAMINE SUCCINATE","HUMAN OTC DRUG","07/15/2019","N/A","ANDA","2 BLISTER PACK in 1 CARTON (21130-986-27)  / 16 TABLET in 1 BLISTER PACK","Antihistamine [EPC],  Histamine Receptor Antagonists [MoA]","N/A","No","12/31/2027"
"Nighttime Sleep Aid","37808-886-27","25 mg/1","TABLET","ORAL","ANDA040564","H E B","37808-886","Doxylamine Succinate","DOXYLAMINE SUCCINATE","HUMAN OTC DRUG","07/15/2019","N/A","ANDA","2 BLISTER PACK in 1 CARTON (37808-886-27)  / 16 TABLET in 1 BLISTER PACK","Antihistamine [EPC],  Histamine Receptor Antagonists [MoA]","N/A","No","12/31/2027"
"nighttime sleep aid","42507-033-64","25 mg/1","TABLET","ORAL","ANDA040167","HyVee Inc","42507-033","Doxylamine succinate","DOXYLAMINE SUCCINATE","HUMAN OTC DRUG","02/25/2026","N/A","ANDA","32 BLISTER PACK in 1 CARTON (42507-033-64)  / 1 TABLET in 1 BLISTER PACK","Antihistamine [EPC],  Histamine Receptor Antagonists [MoA]","N/A","No","12/31/2027"
"Nighttime Sleep Aid","46122-788-15","25 mg/1","TABLET","ORAL","ANDA040564","Amerisource Bergen","46122-788","Doxylamine Succinate","DOXYLAMINE SUCCINATE","HUMAN OTC DRUG","06/07/2024","N/A","ANDA","2 BLISTER PACK in 1 CARTON (46122-788-15)  / 16 TABLET in 1 BLISTER PACK","Antihistamine [EPC],  Histamine Receptor Antagonists [MoA]","N/A","No","12/31/2027"
"Nighttime Sleep Aid","50844-260-21","25 mg/1","TABLET","ORAL","ANDA040564","L.N.K. International, Inc.","50844-260","Doxylamine succinate","DOXYLAMINE SUCCINATE","HUMAN OTC DRUG","07/23/2019","N/A","ANDA","1 BLISTER PACK in 1 CARTON (50844-260-21)  / 16 TABLET in 1 BLISTER PACK","Antihistamine [EPC],  Histamine Receptor Antagonists [MoA]","N/A","No","12/31/2027"
"Nighttime Sleep Aid","50844-386-96","25 mg/1","TABLET","ORAL","ANDA040564","L.N.K. International, Inc.","50844-386","Doxylamine succinate","DOXYLAMINE SUCCINATE","HUMAN OTC DRUG","04/11/2002","N/A","ANDA","2 BOTTLE, PLASTIC in 1 CARTON (50844-386-96)  / 96 TABLET in 1 BOTTLE, PLASTIC","Antihistamine [EPC],  Histamine Receptor Antagonists [MoA]","N/A","No","12/31/2027"
"Nighttime Sleep Aid","50844-386-27","25 mg/1","TABLET","ORAL","ANDA040564","L.N.K. International, Inc.","50844-386","Doxylamine succinate","DOXYLAMINE SUCCINATE","HUMAN OTC DRUG","04/11/2002","N/A","ANDA","2 BLISTER PACK in 1 CARTON (50844-386-27)  / 16 TABLET in 1 BLISTER PACK","Antihistamine [EPC],  Histamine Receptor Antagonists [MoA]","N/A","No","12/31/2027"
"Nighttime Sleep Aid","50844-386-22","25 mg/1","TABLET","ORAL","ANDA040564","L.N.K. International, Inc.","50844-386","Doxylamine succinate","DOXYLAMINE SUCCINATE","HUMAN OTC DRUG","04/11/2002","N/A","ANDA","3 BLISTER PACK in 1 CARTON (50844-386-22)  / 16 TABLET in 1 BLISTER PACK","Antihistamine [EPC],  Histamine Receptor Antagonists [MoA]","N/A","No","12/31/2027"
"Nighttime Sleep Aid","50844-386-19","25 mg/1","TABLET","ORAL","ANDA040564","L.N.K. International, Inc.","50844-386","Doxylamine succinate","DOXYLAMINE SUCCINATE","HUMAN OTC DRUG","04/11/2002","N/A","ANDA","1 BLISTER PACK in 1 CARTON (50844-386-19)  / 8 TABLET in 1 BLISTER PACK","Antihistamine [EPC],  Histamine Receptor Antagonists [MoA]","N/A","No","12/31/2027"
"Nighttime Sleep Aid","50844-386-90","25 mg/1","TABLET","ORAL","ANDA040564","L.N.K. International, Inc.","50844-386","Doxylamine succinate","DOXYLAMINE SUCCINATE","HUMAN OTC DRUG","04/11/2002","N/A","ANDA","32 TABLET in 1 BOTTLE, PLASTIC (50844-386-90)","Antihistamine [EPC],  Histamine Receptor Antagonists [MoA]","N/A","No","12/31/2027"
"NIGHTTIME SLEEP AID","59779-441-01","25 mg/1","TABLET","ORAL","ANDA040167","CVS Pharmacy","59779-441","Doxylamine succinate","DOXYLAMINE SUCCINATE","HUMAN OTC DRUG","05/09/2018","N/A","ANDA","1 BOTTLE in 1 CARTON (59779-441-01)  / 96 TABLET in 1 BOTTLE","Antihistamine [EPC],  Histamine Receptor Antagonists [MoA]","N/A","No","12/31/2027"
"Nighttime Sleep Aid","69842-386-22","25 mg/1","TABLET","ORAL","ANDA040564","CVS PHARMACY","69842-386","Doxylamine succinate","DOXYLAMINE SUCCINATE","HUMAN OTC DRUG","07/20/2019","04/30/2028","ANDA","3 BLISTER PACK in 1 CARTON (69842-386-22)  / 16 TABLET in 1 BLISTER PACK","Antihistamine [EPC],  Histamine Receptor Antagonists [MoA]","N/A","No","N/A"
"Nighttime Sleep Aid","85828-439-38","25 mg/1","TABLET","ORAL","ANDA040564","Grocery Outlet","85828-439","Doxylamine Succinate","DOXYLAMINE SUCCINATE","HUMAN OTC DRUG","03/18/2026","N/A","ANDA","2 BLISTER PACK in 1 CARTON (85828-439-38)  / 16 TABLET in 1 BLISTER PACK","Antihistamine [EPC],  Histamine Receptor Antagonists [MoA]","N/A","No","12/31/2027"
"Nighttime Sleep Aid, 24-7 Life by 7-Eleven","66715-5642-4","25 mg/1","TABLET","ORAL","M010","Lil' Drug Store Products, Inc.","66715-5642","doxylamine succinate tablet","DOXYLAMINE SUCCINATE","HUMAN OTC DRUG","04/19/2022","N/A","OTC MONOGRAPH DRUG","1 BLISTER PACK in 1 CARTON (66715-5642-4)  / 16 TABLET in 1 BLISTER PACK","Antihistamine [EPC],  Histamine Receptor Antagonists [MoA]","N/A","No","12/31/2026"
"Nighttime Sleep-Aid","30142-366-27","25 mg/1","TABLET","ORAL","ANDA040564","Kroger Company","30142-366","Doxylamine succinate","DOXYLAMINE SUCCINATE","HUMAN OTC DRUG","09/09/2023","N/A","ANDA","2 BLISTER PACK in 1 CARTON (30142-366-27)  / 16 TABLET in 1 BLISTER PACK","Antihistamine [EPC],  Histamine Receptor Antagonists [MoA]","N/A","No","12/31/2026"
"Nighttime Ultra Concentrated Cold and Flu","0363-1756-78","10 mg/1,                         325  mg/1,                         6.25  mg/1","CAPSULE, LIQUID FILLED","ORAL","M012","WALGREENS","0363-1756","Acetaminophen, Dextromethorphan HBr, Doxylamine succinate softgels","ACETAMINOPHEN;  DEXTROMETHORPHAN HYDROBROMIDE;  DOXYLAMINE SUCCINATE","HUMAN OTC DRUG","07/01/2025","N/A","OTC MONOGRAPH DRUG","1 BOTTLE in 1 CARTON (0363-1756-78)  / 48 CAPSULE, LIQUID FILLED in 1 BOTTLE","Antihistamine [EPC],  Histamine Receptor Antagonists [MoA],  Sigma-1 Agonist [EPC],  Sigma-1 Receptor Agonists [MoA],  Uncompetitive N-methyl-D-aspartate Receptor Antagonist [EPC],  Uncompetitive NMDA Receptor Antagonists [MoA]","N/A","No","12/31/2026"
"NITE TIME INTENSE FLU","79481-0203-0","1000 mg/30mL,                         30  mg/30mL,                         12.5  mg/30mL","SOLUTION","ORAL","M012","Meijer, Inc.","79481-0203","Acetaminophen, Dextromethorphan Hydrobromide, Doxylamine Succinate","ACETAMINOPHEN;  DEXTROMETHORPHAN HYDROBROMIDE;  DOXYLAMINE SUCCINATE","HUMAN OTC DRUG","07/01/2026","N/A","OTC MONOGRAPH DRUG","355 mL in 1 BOTTLE (79481-0203-0)","Antihistamine [EPC],  Histamine Receptor Antagonists [MoA],  Sigma-1 Agonist [EPC],  Sigma-1 Receptor Agonists [MoA],  Uncompetitive N-methyl-D-aspartate Receptor Antagonist [EPC],  Uncompetitive NMDA Receptor Antagonists [MoA]","N/A","No","12/31/2027"
"Nite time Severe Cold and Flu","41250-877-08","325 mg/1,                         10  mg/1,                         6.25  mg/1,                         5  mg/1","TABLET, FILM COATED","ORAL","M012","Meijer Distribution Inc","41250-877","Acetaminophen, Dextromethorphan HBr, Doxylamine Succinate, Phenylephrine HCl","ACETAMINOPHEN;  DEXTROMETHORPHAN HYDROBROMIDE;  DOXYLAMINE SUCCINATE;  PHENYLEPHRINE HYDROCHLORIDE","HUMAN OTC DRUG","08/01/2015","N/A","OTC MONOGRAPH DRUG","2 BLISTER PACK in 1 CARTON (41250-877-08)  / 12 TABLET, FILM COATED in 1 BLISTER PACK","Adrenergic alpha1-Agonists [MoA],  Antihistamine [EPC],  Histamine Receptor Antagonists [MoA],  Sigma-1 Agonist [EPC],  Sigma-1 Receptor Agonists [MoA],  Uncompetitive N-methyl-D-aspartate Receptor Antagonist [EPC],  Uncompetitive NMDA Receptor Antagonists [MoA],  alpha-1 Adrenergic Agonist [EPC]","N/A","No","12/31/2027"
"Nite-Time","57243-501-25","650 mg/30mL,                         30  mg/30mL,                         12.5  mg/30mL","LIQUID","ORAL","M013","Salado Sales, Inc.","57243-501","ACETAMINOPHEN, DEXTROMETHORPHAN HYDROBROMIDE, DOXYLAMINE SUCCINATE","ACETAMINOPHEN;  DEXTROMETHORPHAN HYDROBROMIDE;  DOXYLAMINE SUCCINATE","HUMAN OTC DRUG","01/16/2012","N/A","OTC MONOGRAPH DRUG","177 mL in 1 BOTTLE (57243-501-25)","Antihistamine [EPC],  Histamine Receptor Antagonists [MoA],  Sigma-1 Agonist [EPC],  Sigma-1 Receptor Agonists [MoA],  Uncompetitive N-methyl-D-aspartate Receptor Antagonist [EPC],  Uncompetitive NMDA Receptor Antagonists [MoA]","N/A","No","12/31/2026"
"Nite-TimeCOLD/FLU CHERRY","57243-502-25","650 mg/30mL,                         30  mg/30mL,                         12.5  mg/30mL","LIQUID","ORAL","M013","Salado Sales, Inc.","57243-502","ACETAMINOPHEN, DEXTROMETHORPHAN HYDROBROMIDE, DOXYLAMINE SUCCINATE","ACETAMINOPHEN;  DEXTROMETHORPHAN HYDROBROMIDE;  DOXYLAMINE SUCCINATE","HUMAN OTC DRUG","01/31/2012","N/A","OTC MONOGRAPH DRUG","177 mL in 1 BOTTLE (57243-502-25)","Antihistamine [EPC],  Histamine Receptor Antagonists [MoA],  Sigma-1 Agonist [EPC],  Sigma-1 Receptor Agonists [MoA],  Uncompetitive N-methyl-D-aspartate Receptor Antagonist [EPC],  Uncompetitive NMDA Receptor Antagonists [MoA]","N/A","No","12/31/2026"
"Nitecin","69729-054-10","15 mg/1,                         6.25  mg/1,                         325  mg/1","CAPSULE, LIQUID FILLED","ORAL","M012","OPMX LLC","69729-054","Acetaminophen, Dextromethorphan Hydrobromide, Doxylamine Succinate","ACETAMINOPHEN;  DEXTROMETHORPHAN HYDROBROMIDE;  DOXYLAMINE SUCCINATE","HUMAN OTC DRUG","05/23/2022","N/A","OTC MONOGRAPH DRUG","1 BLISTER PACK in 1 CARTON (69729-054-10)  / 10 CAPSULE, LIQUID FILLED in 1 BLISTER PACK","Antihistamine [EPC],  Histamine Receptor Antagonists [MoA],  Sigma-1 Agonist [EPC],  Sigma-1 Receptor Agonists [MoA],  Uncompetitive N-methyl-D-aspartate Receptor Antagonist [EPC],  Uncompetitive NMDA Receptor Antagonists [MoA]","N/A","No","12/31/2026"
"nitetime","56062-056-73","325 mg/1,                         15  mg/1,                         6.25  mg/1","CAPSULE, LIQUID FILLED","ORAL","M012","Publix Super Markets Inc","56062-056","Acetaminophen, Dextromethorphan HBr, Doxylamine succinate","ACETAMINOPHEN;  DEXTROMETHORPHAN HYDROBROMIDE;  DOXYLAMINE SUCCINATE","HUMAN OTC DRUG","02/17/2014","N/A","OTC MONOGRAPH DRUG","8 BLISTER PACK in 1 CARTON (56062-056-73)  / 2 CAPSULE, LIQUID FILLED in 1 BLISTER PACK","Antihistamine [EPC],  Histamine Receptor Antagonists [MoA],  Sigma-1 Agonist [EPC],  Sigma-1 Receptor Agonists [MoA],  Uncompetitive N-methyl-D-aspartate Receptor Antagonist [EPC],  Uncompetitive NMDA Receptor Antagonists [MoA]","N/A","No","12/31/2027"
"nitetime","56062-056-62","325 mg/1,                         15  mg/1,                         6.25  mg/1","CAPSULE, LIQUID FILLED","ORAL","M012","Publix Super Markets Inc","56062-056","Acetaminophen, Dextromethorphan HBr, Doxylamine succinate","ACETAMINOPHEN;  DEXTROMETHORPHAN HYDROBROMIDE;  DOXYLAMINE SUCCINATE","HUMAN OTC DRUG","02/24/2014","N/A","OTC MONOGRAPH DRUG","12 BLISTER PACK in 1 CARTON (56062-056-62)  / 2 CAPSULE, LIQUID FILLED in 1 BLISTER PACK","Antihistamine [EPC],  Histamine Receptor Antagonists [MoA],  Sigma-1 Agonist [EPC],  Sigma-1 Receptor Agonists [MoA],  Uncompetitive N-methyl-D-aspartate Receptor Antagonist [EPC],  Uncompetitive NMDA Receptor Antagonists [MoA]","N/A","No","12/31/2027"
"Nitetime","56062-335-40","650 mg/30mL,                         30  mg/30mL,                         12.5  mg/30mL","SOLUTION","ORAL","M012","Publix Super Markets Inc","56062-335","Acetaminophen, Dextromethorphan HBr, Doxylamine succinate","ACETAMINOPHEN;  DEXTROMETHORPHAN HYDROBROMIDE;  DOXYLAMINE SUCCINATE","HUMAN OTC DRUG","04/02/2014","N/A","OTC MONOGRAPH DRUG","355 mL in 1 BOTTLE (56062-335-40)","Antihistamine [EPC],  Histamine Receptor Antagonists [MoA],  Sigma-1 Agonist [EPC],  Sigma-1 Receptor Agonists [MoA],  Uncompetitive N-methyl-D-aspartate Receptor Antagonist [EPC],  Uncompetitive NMDA Receptor Antagonists [MoA]","N/A","No","12/31/2027"
"nitetime cold and flu","41250-335-40","650 mg/30mL,                         30  mg/30mL,                         12.5  mg/30mL","SOLUTION","ORAL","M012","Meijer Distribution Inc","41250-335","Acetaminophen, Dextromethorphan HBr, Doxylamine succinate","ACETAMINOPHEN;  DEXTROMETHORPHAN HYDROBROMIDE;  DOXYLAMINE SUCCINATE","HUMAN OTC DRUG","10/24/2012","N/A","OTC MONOGRAPH DRUG","355 mL in 1 BOTTLE (41250-335-40)","Antihistamine [EPC],  Histamine Receptor Antagonists [MoA],  Sigma-1 Agonist [EPC],  Sigma-1 Receptor Agonists [MoA],  Uncompetitive N-methyl-D-aspartate Receptor Antagonist [EPC],  Uncompetitive NMDA Receptor Antagonists [MoA]","N/A","No","12/31/2026"
"nitetime cold and flu","41250-459-40","650 mg/30mL,                         30  mg/30mL,                         12.5  mg/30mL","SOLUTION","ORAL","M012","Meijer Distribution Inc","41250-459","Acetaminophen, Dextromethorphan HBr, Doxylamine succinate","ACETAMINOPHEN;  DEXTROMETHORPHAN HYDROBROMIDE;  DOXYLAMINE SUCCINATE","HUMAN OTC DRUG","10/29/2012","N/A","OTC MONOGRAPH DRUG","355 mL in 1 BOTTLE (41250-459-40)","Antihistamine [EPC],  Histamine Receptor Antagonists [MoA],  Sigma-1 Agonist [EPC],  Sigma-1 Receptor Agonists [MoA],  Uncompetitive N-methyl-D-aspartate Receptor Antagonist [EPC],  Uncompetitive NMDA Receptor Antagonists [MoA]","N/A","No","12/31/2027"
"Nitetime Cold and Flu","41250-763-40","650 mg/30mL,                         20  mg/30mL,                         12.5  mg/30mL,                         10  mg/30mL","SOLUTION","ORAL","M012","Meijer Distribution Inc","41250-763","Acetaminophen, Dextromethorphan HBr, Doxylamine Succinate, Phenylephrine HCl","ACETAMINOPHEN;  DEXTROMETHORPHAN HYDROBROMIDE;  DOXYLAMINE SUCCINATE;  PHENYLEPHRINE HYDROCHLORIDE","HUMAN OTC DRUG","12/11/2013","N/A","OTC MONOGRAPH DRUG","355 mL in 1 BOTTLE (41250-763-40)","Adrenergic alpha1-Agonists [MoA],  Antihistamine [EPC],  Histamine Receptor Antagonists [MoA],  Sigma-1 Agonist [EPC],  Sigma-1 Receptor Agonists [MoA],  Uncompetitive N-methyl-D-aspartate Receptor Antagonist [EPC],  Uncompetitive NMDA Receptor Antagonists [MoA],  alpha-1 Adrenergic Agonist [EPC]","N/A","No","12/31/2026"
"nitetime cold and flu","41250-811-40","650 mg/30mL,                         20  mg/30mL,                         12.5  mg/30mL,                         10  mg/30mL","SOLUTION","ORAL","M012","Meijer Distribution Inc","41250-811","Acetaminophen, dextromethorphan HBr, doxylamine succinate, phenylephrine HCl","ACETAMINOPHEN;  DEXTROMETHORPHAN HYDROBROMIDE;  DOXYLAMINE SUCCINATE;  PHENYLEPHRINE HYDROCHLORIDE","HUMAN OTC DRUG","07/23/2015","N/A","OTC MONOGRAPH DRUG","355 mL in 1 BOTTLE (41250-811-40)","Adrenergic alpha1-Agonists [MoA],  Antihistamine [EPC],  Histamine Receptor Antagonists [MoA],  Sigma-1 Agonist [EPC],  Sigma-1 Receptor Agonists [MoA],  Uncompetitive N-methyl-D-aspartate Receptor Antagonist [EPC],  Uncompetitive NMDA Receptor Antagonists [MoA],  alpha-1 Adrenergic Agonist [EPC]","N/A","No","12/31/2026"
"NiteTime Cold and Flu","49035-044-24","650 mg/30mL,                         30  mg/30mL,                         12.5  mg/30mL","LIQUID","ORAL","M012","EQUATE (Wal-Mart Stores, Inc.) (see also WAL-MART INC)","49035-044","Acetaminophen, Dextromethorphan Hydrobromide, Doxylamine Succinate","ACETAMINOPHEN;  DEXTROMETHORPHAN HYDROBROMIDE;  DOXYLAMINE SUCCINATE","HUMAN OTC DRUG","12/31/2014","N/A","OTC MONOGRAPH DRUG","2 BOTTLE, PLASTIC in 1 PACKAGE (49035-044-24)  / 355 mL in 1 BOTTLE, PLASTIC","Antihistamine [EPC],  Histamine Receptor Antagonists [MoA],  Sigma-1 Agonist [EPC],  Sigma-1 Receptor Agonists [MoA],  Uncompetitive N-methyl-D-aspartate Receptor Antagonist [EPC],  Uncompetitive NMDA Receptor Antagonists [MoA]","N/A","No","12/31/2026"
"NiteTime Cold and Flu","49035-044-12","650 mg/30mL,                         30  mg/30mL,                         12.5  mg/30mL","LIQUID","ORAL","M012","EQUATE (Wal-Mart Stores, Inc.) (see also WAL-MART INC)","49035-044","Acetaminophen, Dextromethorphan Hydrobromide, Doxylamine Succinate","ACETAMINOPHEN;  DEXTROMETHORPHAN HYDROBROMIDE;  DOXYLAMINE SUCCINATE","HUMAN OTC DRUG","12/31/2014","N/A","OTC MONOGRAPH DRUG","355 mL in 1 BOTTLE, PLASTIC (49035-044-12)","Antihistamine [EPC],  Histamine Receptor Antagonists [MoA],  Sigma-1 Agonist [EPC],  Sigma-1 Receptor Agonists [MoA],  Uncompetitive N-methyl-D-aspartate Receptor Antagonist [EPC],  Uncompetitive NMDA Receptor Antagonists [MoA]","N/A","No","12/31/2026"
"NITETIME COLD AND FLU","79481-8301-4","325 mg/15mL,                         10  mg/15mL,                         6.25  mg/15mL","SOLUTION","ORAL","M012","Meijer, Inc.","79481-8301","acetaminophen, dextromethorphan hydrobromide, doxylamine succinate","ACETAMINOPHEN;  DEXTROMETHORPHAN HYDROBROMIDE;  DOXYLAMINE SUCCINATE","HUMAN OTC DRUG","07/01/2026","N/A","OTC MONOGRAPH DRUG","355 mL in 1 BOTTLE (79481-8301-4)","Antihistamine [EPC],  Histamine Receptor Antagonists [MoA],  Sigma-1 Agonist [EPC],  Sigma-1 Receptor Agonists [MoA],  Uncompetitive N-methyl-D-aspartate Receptor Antagonist [EPC],  Uncompetitive NMDA Receptor Antagonists [MoA]","N/A","No","12/31/2027"
"NiteTime Cold/Flu, Multi-Symptom Relief","49035-978-04","325 mg/1,                         15  mg/1,                         6.25  mg/1","CAPSULE, LIQUID FILLED","ORAL","M012","Wal-Mart Stores Inc","49035-978","Acetaminophen, Dextromethorphan HBr, Doxylamine succinate","ACETAMINOPHEN;  DEXTROMETHORPHAN HYDROBROMIDE;  DOXYLAMINE SUCCINATE","HUMAN OTC DRUG","03/09/2016","N/A","OTC MONOGRAPH DRUG","2 BLISTER PACK in 1 PACKAGE (49035-978-04)  / 12 CAPSULE, LIQUID FILLED in 1 BLISTER PACK","Antihistamine [EPC],  Histamine Receptor Antagonists [MoA],  Sigma-1 Agonist [EPC],  Sigma-1 Receptor Agonists [MoA],  Uncompetitive N-methyl-D-aspartate Receptor Antagonist [EPC],  Uncompetitive NMDA Receptor Antagonists [MoA]","N/A","No","12/31/2026"
"NiteTime DayTime","41250-597-02","","KIT","","M012","Meijer Distribution Inc","41250-597","acetaminophen, dextromethorphan HBr, doxylamine succinate, phenylephrine HCl","","HUMAN OTC DRUG","12/30/2013","N/A","OTC MONOGRAPH DRUG","1 KIT in 1 KIT (41250-597-02)  *  355 mL in 1 BOTTLE (41250-763-40)  *  355 mL in 1 BOTTLE (41250-603-40)","N/A","N/A","No","12/31/2026"
"nitetime severe","56062-763-40","650 mg/30mL,                         20  mg/30mL,                         12.5  mg/30mL,                         10  mg/30mL","SOLUTION","ORAL","M012","Publix Super Markets Inc","56062-763","Acetaminophen, Dextromethorphan Hydrobromide, Doxylamine Succinate, Phenylephrine Hydrochloride","ACETAMINOPHEN;  DEXTROMETHORPHAN HYDROBROMIDE;  DOXYLAMINE SUCCINATE;  PHENYLEPHRINE HYDROCHLORIDE","HUMAN OTC DRUG","02/03/2025","N/A","OTC MONOGRAPH DRUG","355 mL in 1 BOTTLE (56062-763-40)","Adrenergic alpha1-Agonists [MoA],  Antihistamine [EPC],  Histamine Receptor Antagonists [MoA],  Sigma-1 Agonist [EPC],  Sigma-1 Receptor Agonists [MoA],  Uncompetitive N-methyl-D-aspartate Receptor Antagonist [EPC],  Uncompetitive NMDA Receptor Antagonists [MoA],  alpha-1 Adrenergic Agonist [EPC]","N/A","No","12/31/2027"
"NiteTime SEVERE Cold and Flu Relief SOFTGELS","76162-637-24","325 mg/1,                         10  mg/1,                         6.25  mg/1,                         5  mg/1","CAPSULE, LIQUID FILLED","ORAL","M012","Topco Associates LLC","76162-637","Acetaminophen, Dextromethorphan Hydrobromide, Doxylamine Succinate, Phenylephrine Hydrochloride","ACETAMINOPHEN;  DEXTROMETHORPHAN HYDROBROMIDE;  DOXYLAMINE SUCCINATE;  PHENYLEPHRINE HYDROCHLORIDE","HUMAN OTC DRUG","12/11/2025","N/A","OTC MONOGRAPH DRUG","2 BLISTER PACK in 1 CARTON (76162-637-24)  / 12 CAPSULE, LIQUID FILLED in 1 BLISTER PACK","Adrenergic alpha1-Agonists [MoA],  Antihistamine [EPC],  Histamine Receptor Antagonists [MoA],  Sigma-1 Agonist [EPC],  Sigma-1 Receptor Agonists [MoA],  Uncompetitive N-methyl-D-aspartate Receptor Antagonist [EPC],  Uncompetitive NMDA Receptor Antagonists [MoA],  alpha-1 Adrenergic Agonist [EPC]","N/A","No","12/31/2026"
"Nocto Sleep Aid","27854-375-01","25 mg/1","TABLET","ORAL","ANDA040564","Belmora LLC","27854-375","Doxylamine succinate","DOXYLAMINE SUCCINATE","HUMAN OTC DRUG","10/31/2019","N/A","ANDA","1 BOTTLE, PLASTIC in 1 CARTON (27854-375-01)  / 24 TABLET in 1 BOTTLE, PLASTIC","Antihistamine [EPC],  Histamine Receptor Antagonists [MoA]","N/A","No","12/31/2027"
"Nuvicare DayTime and NightTime Cold and Flu","84324-020-01","","KIT","","M012","NUVICARE LLC","84324-020","acetaminophen, dextromethorphan hydrobromide, phenylephrine hydrochloride, doxylamine succinate","","HUMAN OTC DRUG","06/09/2025","N/A","OTC MONOGRAPH DRUG","1 KIT in 1 CARTON (84324-020-01)  *  6 CAPSULE, LIQUID FILLED in 1 BLISTER PACK *  6 CAPSULE, LIQUID FILLED in 1 BLISTER PACK","N/A","N/A","No","12/31/2026"
"Nuvicare DayTime and NightTime Cold and Flu","84324-025-01","","KIT","","M012","NUVICARE LLC","84324-025","acetaminophen, dextromethorphan hydrobromide, phenylephrine hydrochloride, doxylamine succinate","","HUMAN OTC DRUG","06/09/2025","N/A","OTC MONOGRAPH DRUG","1 KIT in 1 CARTON (84324-025-01)  *  6 CAPSULE, LIQUID FILLED in 1 BLISTER PACK *  6 CAPSULE, LIQUID FILLED in 1 BLISTER PACK","N/A","N/A","No","12/31/2026"
"Nuvicare NightTime Cold and Flu Softgel","84324-019-01","325 mg/1,                         15  mg/1,                         6.25  mg/1","CAPSULE, LIQUID FILLED","ORAL","M012","NUVICARE LLC","84324-019","ACETAMINOPHEN, DEXTROMETHORPHAN HYDROBROMIDE, Doxylamine succinate","ACETAMINOPHEN;  DEXTROMETHORPHAN HYDROBROMIDE;  DOXYLAMINE SUCCINATE","HUMAN OTC DRUG","05/20/2025","N/A","OTC MONOGRAPH DRUG","1 BLISTER PACK in 1 CARTON (84324-019-01)  / 10 CAPSULE, LIQUID FILLED in 1 BLISTER PACK","Antihistamine [EPC],  Histamine Receptor Antagonists [MoA],  Sigma-1 Agonist [EPC],  Sigma-1 Receptor Agonists [MoA],  Uncompetitive N-methyl-D-aspartate Receptor Antagonist [EPC],  Uncompetitive NMDA Receptor Antagonists [MoA]","N/A","No","12/31/2026"
"Nuvicare NightTime Cold and Flu Softgel","84324-024-01","325 mg/1,                         15  mg/1,                         6.25  mg/1","CAPSULE, LIQUID FILLED","ORAL","M012","NUVICARE LLC","84324-024","ACETAMINOPHEN, DEXTROMETHORPHAN HYDROBROMIDE, Doxylamine succinate","ACETAMINOPHEN;  DEXTROMETHORPHAN HYDROBROMIDE;  DOXYLAMINE SUCCINATE","HUMAN OTC DRUG","06/09/2025","N/A","OTC MONOGRAPH DRUG","1 BLISTER PACK in 1 CARTON (84324-024-01)  / 10 CAPSULE, LIQUID FILLED in 1 BLISTER PACK","Antihistamine [EPC],  Histamine Receptor Antagonists [MoA],  Sigma-1 Agonist [EPC],  Sigma-1 Receptor Agonists [MoA],  Uncompetitive N-methyl-D-aspartate Receptor Antagonist [EPC],  Uncompetitive NMDA Receptor Antagonists [MoA]","N/A","No","12/31/2026"
"NyQuil Cold and Flu w/VapoCOOL, 4ct, CVP HEALTH","66715-6805-2","6.25 mg/1,                         325  mg/1,                         10  mg/1","TABLET, COATED","ORAL","M012","Lil' Drug Store Products, Inc.","66715-6805","acetaminophen, doxylamine succinate, dextromethorphan hydrobromide tablet, coated","ACETAMINOPHEN;  DEXTROMETHORPHAN HYDROBROMIDE;  DOXYLAMINE SUCCINATE","HUMAN OTC DRUG","06/01/2025","N/A","OTC MONOGRAPH DRUG","2 POUCH in 1 CARTON (66715-6805-2)  / 2 TABLET, COATED in 1 POUCH","Antihistamine [EPC],  Histamine Receptor Antagonists [MoA],  Sigma-1 Agonist [EPC],  Sigma-1 Receptor Agonists [MoA],  Uncompetitive N-methyl-D-aspartate Receptor Antagonist [EPC],  Uncompetitive NMDA Receptor Antagonists [MoA]","N/A","No","12/31/2026"
"NyQuil Cold and Flu w/VapoCOOL, 4ct, Lil Drug Store","66715-9605-2","6.25 mg/1,                         325  mg/1,                         10  mg/1","TABLET, COATED","ORAL","M012","Lil' Drug Store Products, Inc.","66715-9605","acetaminophen, doxylamine succinate, dextromethorphan hydrobromide tablet, coated","ACETAMINOPHEN;  DEXTROMETHORPHAN HYDROBROMIDE;  DOXYLAMINE SUCCINATE","HUMAN OTC DRUG","06/01/2025","N/A","OTC MONOGRAPH DRUG","2 POUCH in 1 CARTON (66715-9605-2)  / 2 TABLET, COATED in 1 POUCH","Antihistamine [EPC],  Histamine Receptor Antagonists [MoA],  Sigma-1 Agonist [EPC],  Sigma-1 Receptor Agonists [MoA],  Uncompetitive N-methyl-D-aspartate Receptor Antagonist [EPC],  Uncompetitive NMDA Receptor Antagonists [MoA]","N/A","No","12/31/2026"
"NyQuil Cold and Flu w/VapoCOOL, 4ct, Travel BASIX","66715-6205-2","6.25 mg/1,                         325  mg/1,                         10  mg/1","TABLET, COATED","ORAL","M012","Lil' Drug Store Products, Inc.","66715-6205","acetaminophen, doxylamine succinate, dextromethorphan hydrobromide tablet, coated","ACETAMINOPHEN;  DEXTROMETHORPHAN HYDROBROMIDE;  DOXYLAMINE SUCCINATE","HUMAN OTC DRUG","06/01/2025","N/A","OTC MONOGRAPH DRUG","2 POUCH in 1 CARTON (66715-6205-2)  / 2 TABLET, COATED in 1 POUCH","Antihistamine [EPC],  Histamine Receptor Antagonists [MoA],  Sigma-1 Agonist [EPC],  Sigma-1 Receptor Agonists [MoA],  Uncompetitive N-methyl-D-aspartate Receptor Antagonist [EPC],  Uncompetitive NMDA Receptor Antagonists [MoA]","N/A","No","12/31/2026"
"NyQuil Severe Plus VapoCOOL Cold and Flu","66715-9905-2","325 mg/1,                         5  mg/1,                         6.25  mg/1,                         10  mg/1","TABLET, COATED","ORAL","M012","Lil' Drug Store Products, Inc.","66715-9905","Acetaminophen, Phenylephrine Hydrochloride, Doxylamine Succinate, and Dextromethorphan Hydrobromide","ACETAMINOPHEN;  DEXTROMETHORPHAN HYDROBROMIDE;  DOXYLAMINE SUCCINATE;  PHENYLEPHRINE HYDROCHLORIDE","HUMAN OTC DRUG","05/01/2019","N/A","OTC MONOGRAPH DRUG","2 POUCH in 1 CARTON (66715-9905-2)  / 2 TABLET, COATED in 1 POUCH","Adrenergic alpha1-Agonists [MoA],  Antihistamine [EPC],  Histamine Receptor Antagonists [MoA],  Sigma-1 Agonist [EPC],  Sigma-1 Receptor Agonists [MoA],  Uncompetitive N-methyl-D-aspartate Receptor Antagonist [EPC],  Uncompetitive NMDA Receptor Antagonists [MoA],  alpha-1 Adrenergic Agonist [EPC]","N/A","No","12/31/2026"
"NyQuil Severe Plus VapoCOOL Cold and Flu, CVP HEALTH","66715-6581-2","325 mg/1,                         5  mg/1,                         6.25  mg/1,                         10  mg/1","TABLET, COATED","ORAL","M012","Lil' Drug Store Products, Inc.","66715-6581","Acetaminophen, Phenylephrine Hydrochloride, Doxylamine Succinate, and Dextromethorphan Hydrobromide","ACETAMINOPHEN;  DEXTROMETHORPHAN HYDROBROMIDE;  DOXYLAMINE SUCCINATE;  PHENYLEPHRINE HYDROCHLORIDE","HUMAN OTC DRUG","08/01/2022","N/A","OTC MONOGRAPH DRUG","2 POUCH in 1 CARTON (66715-6581-2)  / 2 TABLET, COATED in 1 POUCH","Adrenergic alpha1-Agonists [MoA],  Antihistamine [EPC],  Histamine Receptor Antagonists [MoA],  Sigma-1 Agonist [EPC],  Sigma-1 Receptor Agonists [MoA],  Uncompetitive N-methyl-D-aspartate Receptor Antagonist [EPC],  Uncompetitive NMDA Receptor Antagonists [MoA],  alpha-1 Adrenergic Agonist [EPC]","N/A","No","12/31/2026"
"NyQuil Severe Plus VapoCOOL Cold and Flu, TRAVEL BASIX","66715-6405-2","325 mg/1,                         5  mg/1,                         6.25  mg/1,                         10  mg/1","TABLET, COATED","ORAL","M012","Lil' Drug Store Products, Inc.","66715-6405","Acetaminophen, Phenylephrine Hydrochloride, Doxylamine Succinate, and Dextromethorphan Hydrobromide","ACETAMINOPHEN;  DEXTROMETHORPHAN HYDROBROMIDE;  DOXYLAMINE SUCCINATE;  PHENYLEPHRINE HYDROCHLORIDE","HUMAN OTC DRUG","11/29/2022","N/A","OTC MONOGRAPH DRUG","2 POUCH in 1 CARTON (66715-6405-2)  / 2 TABLET, COATED in 1 POUCH","Adrenergic alpha1-Agonists [MoA],  Antihistamine [EPC],  Histamine Receptor Antagonists [MoA],  Sigma-1 Agonist [EPC],  Sigma-1 Receptor Agonists [MoA],  Uncompetitive N-methyl-D-aspartate Receptor Antagonist [EPC],  Uncompetitive NMDA Receptor Antagonists [MoA],  alpha-1 Adrenergic Agonist [EPC]","N/A","No","12/31/2026"
"NyQuil Severe plus Vicks VapoCool","37000-523-02","10 mg/1,                         325  mg/1,                         5  mg/1,                         6.25  mg/1","TABLET, COATED","ORAL","M012","The Procter & Gamble Manufacturing Company","37000-523","Acetaminophen, Phenylephrine Hydrochloride, Doxylamine Succinate, and Dextromethorphan Hydrobromide","ACETAMINOPHEN;  DEXTROMETHORPHAN HYDROBROMIDE;  DOXYLAMINE SUCCINATE;  PHENYLEPHRINE HYDROCHLORIDE","HUMAN OTC DRUG","08/01/2018","N/A","OTC MONOGRAPH DRUG","2 TABLET, COATED in 1 POUCH (37000-523-02)","Adrenergic alpha1-Agonists [MoA],  Antihistamine [EPC],  Histamine Receptor Antagonists [MoA],  Sigma-1 Agonist [EPC],  Sigma-1 Receptor Agonists [MoA],  Uncompetitive N-methyl-D-aspartate Receptor Antagonist [EPC],  Uncompetitive NMDA Receptor Antagonists [MoA],  alpha-1 Adrenergic Agonist [EPC]","N/A","No","12/31/2026"
"NyQuil VapoCOOL SEVERE","69423-989-12","10 mg/30mL,                         12.5  mg/30mL,                         20  mg/30mL,                         650  mg/30mL","SOLUTION","ORAL","M012","The Procter & Gamble Manufacturing Company","69423-989","acetaminophen, dextromethorphan hydrobromide, doxylamine succinate, and phenylephrine hydrochloride","ACETAMINOPHEN;  DEXTROMETHORPHAN HYDROBROMIDE;  DOXYLAMINE SUCCINATE;  PHENYLEPHRINE HYDROCHLORIDE","HUMAN OTC DRUG","03/22/2021","N/A","OTC MONOGRAPH DRUG","354 mL in 1 BOTTLE, PLASTIC (69423-989-12)","Adrenergic alpha1-Agonists [MoA],  Antihistamine [EPC],  Histamine Receptor Antagonists [MoA],  Sigma-1 Agonist [EPC],  Sigma-1 Receptor Agonists [MoA],  Uncompetitive N-methyl-D-aspartate Receptor Antagonist [EPC],  Uncompetitive NMDA Receptor Antagonists [MoA],  alpha-1 Adrenergic Agonist [EPC]","N/A","No","12/31/2027"
"NyQuil VapoCOOL SEVERE","69423-989-08","10 mg/30mL,                         12.5  mg/30mL,                         20  mg/30mL,                         650  mg/30mL","SOLUTION","ORAL","M012","The Procter & Gamble Manufacturing Company","69423-989","acetaminophen, dextromethorphan hydrobromide, doxylamine succinate, and phenylephrine hydrochloride","ACETAMINOPHEN;  DEXTROMETHORPHAN HYDROBROMIDE;  DOXYLAMINE SUCCINATE;  PHENYLEPHRINE HYDROCHLORIDE","HUMAN OTC DRUG","03/22/2021","N/A","OTC MONOGRAPH DRUG","236 mL in 1 BOTTLE, PLASTIC (69423-989-08)","Adrenergic alpha1-Agonists [MoA],  Antihistamine [EPC],  Histamine Receptor Antagonists [MoA],  Sigma-1 Agonist [EPC],  Sigma-1 Receptor Agonists [MoA],  Uncompetitive N-methyl-D-aspartate Receptor Antagonist [EPC],  Uncompetitive NMDA Receptor Antagonists [MoA],  alpha-1 Adrenergic Agonist [EPC]","N/A","No","12/31/2027"
"ONESSIP ADULT NIGHTTIME SEVERE COLD AND FLU","87078-872-32","10 mg/15mL,                         20  mg/15mL,                         650  mg/15mL,                         12.5  mg/15mL","SOLUTION","ORAL","M012","MEDWISE LIFESCIENCES INC.","87078-872","Acetaminophen, Dextromethorphan HBr, Doxylamine Succinate, Phenylephrine HCI","ACETAMINOPHEN;  DEXTROMETHORPHAN HYDROBROMIDE;  DOXYLAMINE SUCCINATE;  PHENYLEPHRINE HYDROCHLORIDE","HUMAN OTC DRUG","01/28/2026","N/A","OTC MONOGRAPH DRUG","12 POUCH in 1 CARTON (87078-872-32)  / 15 mL in 1 POUCH (87078-872-03)","Adrenergic alpha1-Agonists [MoA],  Antihistamine [EPC],  Histamine Receptor Antagonists [MoA],  Sigma-1 Agonist [EPC],  Sigma-1 Receptor Agonists [MoA],  Uncompetitive N-methyl-D-aspartate Receptor Antagonist [EPC],  Uncompetitive NMDA Receptor Antagonists [MoA],  alpha-1 Adrenergic Agonist [EPC]","N/A","No","12/31/2027"
"Original Night-Time","53943-501-28","650 mg/30mL,                         30  mg/30mL,                         12.5  mg/30mL","LIQUID","ORAL","M012","Discount Drug Mart","53943-501","ACETAMINOPHEN, DEXTROMETHORPHAN HYDROBROMIDE, DOXYLAMINE SUCCINATE","ACETAMINOPHEN;  DEXTROMETHORPHAN HYDROBROMIDE;  DOXYLAMINE SUCCINATE","HUMAN OTC DRUG","10/21/2014","N/A","OTC MONOGRAPH DRUG","354 mL in 1 BOTTLE (53943-501-28)","Antihistamine [EPC],  Histamine Receptor Antagonists [MoA],  Sigma-1 Agonist [EPC],  Sigma-1 Receptor Agonists [MoA],  Uncompetitive N-methyl-D-aspartate Receptor Antagonist [EPC],  Uncompetitive NMDA Receptor Antagonists [MoA]","N/A","No","12/31/2026"
"Pentrexcilina Night Time","69729-041-10","15 mg/1,                         6.25  mg/1,                         325  mg/1","CAPSULE, LIQUID FILLED","ORAL","M012","OPMX LLC","69729-041","Acetaminophen, Dextromethorphan Hydrobromide, Doxylamine Succinate","ACETAMINOPHEN;  DEXTROMETHORPHAN HYDROBROMIDE;  DOXYLAMINE SUCCINATE","HUMAN OTC DRUG","05/23/2022","N/A","OTC MONOGRAPH DRUG","10 BLISTER PACK in 1 CARTON (69729-041-10)  / 10 CAPSULE, LIQUID FILLED in 1 BLISTER PACK","Antihistamine [EPC],  Histamine Receptor Antagonists [MoA],  Sigma-1 Agonist [EPC],  Sigma-1 Receptor Agonists [MoA],  Uncompetitive N-methyl-D-aspartate Receptor Antagonist [EPC],  Uncompetitive NMDA Receptor Antagonists [MoA]","N/A","No","12/31/2026"
"Poly Hist Forte","50991-626-01","10.5 mg/1,                         10  mg/1","TABLET","ORAL","M012","Poly Pharmaceuticals, Inc.","50991-626","Doxylamine Succinate and Phenylephrine Hydrochloride","DOXYLAMINE SUCCINATE;  PHENYLEPHRINE HYDROCHLORIDE","HUMAN OTC DRUG","06/01/2019","N/A","OTC MONOGRAPH DRUG","100 TABLET in 1 BOTTLE (50991-626-01)","Adrenergic alpha1-Agonists [MoA],  Antihistamine [EPC],  Histamine Receptor Antagonists [MoA],  alpha-1 Adrenergic Agonist [EPC]","N/A","No","12/31/2026"
"Poly Hist Forte","50991-626-02","10.5 mg/1,                         10  mg/1","TABLET","ORAL","M012","Poly Pharmaceuticals, Inc.","50991-626","Doxylamine Succinate and Phenylephrine Hydrochloride","DOXYLAMINE SUCCINATE;  PHENYLEPHRINE HYDROCHLORIDE","HUMAN OTC DRUG","06/01/2019","N/A","OTC MONOGRAPH DRUG","12 BLISTER PACK in 1 CARTON (50991-626-02)  / 1 TABLET in 1 BLISTER PACK","Adrenergic alpha1-Agonists [MoA],  Antihistamine [EPC],  Histamine Receptor Antagonists [MoA],  alpha-1 Adrenergic Agonist [EPC]","N/A","No","12/31/2026"
"QUALITY CHOICE Maximum Strength Nighttime Cold and Flu","83324-224-24","325 mg/1,                         10  mg/1,                         6.25  mg/1,                         5  mg/1","CAPSULE, LIQUID FILLED","ORAL","M012","Chain Drug Marketing Association, Inc.","83324-224","Acetaminophen, Dextromethorphan hydrobromide, Doxylamine succinate, Phenylephrine hydrochloride","ACETAMINOPHEN;  DEXTROMETHORPHAN HYDROBROMIDE;  DOXYLAMINE SUCCINATE;  PHENYLEPHRINE HYDROCHLORIDE","HUMAN OTC DRUG","11/04/2025","N/A","OTC MONOGRAPH DRUG","2 BLISTER PACK in 1 CARTON (83324-224-24)  / 12 CAPSULE, LIQUID FILLED in 1 BLISTER PACK","Adrenergic alpha1-Agonists [MoA],  Antihistamine [EPC],  Histamine Receptor Antagonists [MoA],  Sigma-1 Agonist [EPC],  Sigma-1 Receptor Agonists [MoA],  Uncompetitive N-methyl-D-aspartate Receptor Antagonist [EPC],  Uncompetitive NMDA Receptor Antagonists [MoA],  alpha-1 Adrenergic Agonist [EPC]","N/A","No","12/31/2026"
"QUALITY CHOICE NightTime Severe Cold and Flu","83324-038-24","325 mg/1,                         10  mg/1,                         6.25  mg/1,                         5  mg/1","CAPSULE, LIQUID FILLED","ORAL","M012","Chain Drug Marketing Association, Inc.","83324-038","Acetaminophen, Dextromethorphan hydrobromide, Doxylamine succinate, Phenylephrine hydrochloride","ACETAMINOPHEN;  DEXTROMETHORPHAN HYDROBROMIDE;  DOXYLAMINE SUCCINATE;  PHENYLEPHRINE HYDROCHLORIDE","HUMAN OTC DRUG","01/12/2024","N/A","OTC MONOGRAPH DRUG","2 BLISTER PACK in 1 CARTON (83324-038-24)  / 12 CAPSULE, LIQUID FILLED in 1 BLISTER PACK","Adrenergic alpha1-Agonists [MoA],  Antihistamine [EPC],  Histamine Receptor Antagonists [MoA],  Sigma-1 Agonist [EPC],  Sigma-1 Receptor Agonists [MoA],  Uncompetitive N-methyl-D-aspartate Receptor Antagonist [EPC],  Uncompetitive NMDA Receptor Antagonists [MoA],  alpha-1 Adrenergic Agonist [EPC]","N/A","No","12/31/2026"
"REVASOL NIGHTTIME COLD AND FLU","84379-276-04","650 mg/30mL,                         30  mg/30mL,                         12.5  mg/30mL","LIQUID","ORAL","M012","Rnv LLC","84379-276","Acetaminophen, Dextromethorphan HBr and Doxylamine succinate","ACETAMINOPHEN;  DEXTROMETHORPHAN HYDROBROMIDE;  DOXYLAMINE SUCCINATE","HUMAN OTC DRUG","02/03/2025","N/A","OTC MONOGRAPH DRUG","118 mL in 1 BOTTLE (84379-276-04)","Antihistamine [EPC],  Histamine Receptor Antagonists [MoA],  Sigma-1 Agonist [EPC],  Sigma-1 Receptor Agonists [MoA],  Uncompetitive N-methyl-D-aspartate Receptor Antagonist [EPC],  Uncompetitive NMDA Receptor Antagonists [MoA]","N/A","No","12/31/2026"
"RIGHT REMEDIES NIGHTTIME SEVERE COLD AND FLU softgel","70692-837-84","325 mg/1,                         10  mg/1,                         6.25  mg/1,                         5  mg/1","CAPSULE, LIQUID FILLED","ORAL","M012","Strive Pharmaceuticals Inc.","70692-837","Acetaminophen, Dextromethorphan hydrobromide, Doxylamine succinate, Phenylephrine hydrochloride","ACETAMINOPHEN;  DEXTROMETHORPHAN HYDROBROMIDE;  DOXYLAMINE SUCCINATE;  PHENYLEPHRINE HYDROCHLORIDE","HUMAN OTC DRUG","09/23/2025","N/A","OTC MONOGRAPH DRUG","48 CAPSULE, LIQUID FILLED in 1 BOTTLE (70692-837-84)","Adrenergic alpha1-Agonists [MoA],  Antihistamine [EPC],  Histamine Receptor Antagonists [MoA],  Sigma-1 Agonist [EPC],  Sigma-1 Receptor Agonists [MoA],  Uncompetitive N-methyl-D-aspartate Receptor Antagonist [EPC],  Uncompetitive NMDA Receptor Antagonists [MoA],  alpha-1 Adrenergic Agonist [EPC]","N/A","No","12/31/2026"
"Robitussin","0031-2059-01","","KIT","","M012","Haleon US Holdings LLC","0031-2059","dextromethorphan HBr, guaifenesin, doxylamine succinate","","HUMAN OTC DRUG","04/30/2019","N/A","OTC MONOGRAPH DRUG","1 KIT in 1 CARTON (0031-2059-01)  *  1 BOTTLE in 1 CARTON (0031-8756-12)  / 118 mL in 1 BOTTLE *  1 BOTTLE in 1 CARTON (0031-8758-12)  / 118 mL in 1 BOTTLE","N/A","N/A","No","12/31/2026"
"Robitussin","0031-2102-01","","KIT","","M012","Haleon US Holdings LLC","0031-2102","dextromethorphan HBr, guaifenesin, doxylamine succinate","","HUMAN OTC DRUG","05/27/2019","N/A","OTC MONOGRAPH DRUG","1 KIT in 1 CARTON (0031-2102-01)  *  1 BOTTLE in 1 CARTON (0031-8760-12)  / 118 mL in 1 BOTTLE *  1 BOTTLE in 1 CARTON (0031-8762-12)  / 118 mL in 1 BOTTLE","N/A","N/A","No","12/31/2026"
"Robitussin","0031-2103-01","","KIT","","M012","Haleon US Holdings LLC","0031-2103","dextromethorphan hydrobromide, guaifenesin, doxylamine succinate","","HUMAN OTC DRUG","03/01/2021","N/A","OTC MONOGRAPH DRUG","1 KIT in 1 CARTON (0031-2103-01)  *  1 BOTTLE in 1 CARTON (0031-8739-12)  / 118 mL in 1 BOTTLE *  1 BOTTLE in 1 CARTON (0031-8718-13)  / 118 mL in 1 BOTTLE","N/A","N/A","No","12/31/2026"
"Robitussin","0031-2834-01","","KIT","","M012","Haleon US Holdings LLC","0031-2834","dextromethorphan hydrobromide, guaifenesin, doxylamine succinate","","HUMAN OTC DRUG","03/01/2021","N/A","OTC MONOGRAPH DRUG","1 KIT in 1 CARTON (0031-2834-01)  *  1 BOTTLE in 1 CARTON (0031-8739-18)  / 237 mL in 1 BOTTLE *  1 BOTTLE in 1 CARTON (0031-8718-18)  / 237 mL in 1 BOTTLE *  1 BOTTLE in 1 CARTON (0031-8739-12)  / 118 mL in 1 BOTTLE","N/A","N/A","No","12/31/2026"
"Robitussin Honey Maximum Strength Nighttime Cough DM","0031-8758-18","30 mg/20mL,                         12.5  mg/20mL","SOLUTION","ORAL","M012","Haleon US Holdings LLC","0031-8758","dextromethorphan HBr, doxylamine succinate","DEXTROMETHORPHAN HYDROBROMIDE;  DOXYLAMINE SUCCINATE","HUMAN OTC DRUG","06/25/2018","N/A","OTC MONOGRAPH DRUG","1 BOTTLE in 1 CARTON (0031-8758-18)  / 237 mL in 1 BOTTLE","Antihistamine [EPC],  Histamine Receptor Antagonists [MoA],  Sigma-1 Agonist [EPC],  Sigma-1 Receptor Agonists [MoA],  Uncompetitive N-methyl-D-aspartate Receptor Antagonist [EPC],  Uncompetitive NMDA Receptor Antagonists [MoA]","N/A","No","12/31/2026"
"Robitussin Honey Maximum Strength Nighttime Cough DM","0031-8758-12","30 mg/20mL,                         12.5  mg/20mL","SOLUTION","ORAL","M012","Haleon US Holdings LLC","0031-8758","dextromethorphan HBr, doxylamine succinate","DEXTROMETHORPHAN HYDROBROMIDE;  DOXYLAMINE SUCCINATE","HUMAN OTC DRUG","06/25/2018","N/A","OTC MONOGRAPH DRUG","1 BOTTLE in 1 CARTON (0031-8758-12)  / 118 mL in 1 BOTTLE","Antihistamine [EPC],  Histamine Receptor Antagonists [MoA],  Sigma-1 Agonist [EPC],  Sigma-1 Receptor Agonists [MoA],  Uncompetitive N-methyl-D-aspartate Receptor Antagonist [EPC],  Uncompetitive NMDA Receptor Antagonists [MoA]","N/A","No","12/31/2026"
"Robitussin Maximum Strength Nighttime Cough DM","0031-8718-24","30 mg/20mL,                         12.5  mg/20mL","SOLUTION","ORAL","M012","Haleon US Holdings LLC","0031-8718","dextromethorphan hydrobromide, doxylamine succinate","DEXTROMETHORPHAN HYDROBROMIDE;  DOXYLAMINE SUCCINATE","HUMAN OTC DRUG","06/01/2016","N/A","OTC MONOGRAPH DRUG","1 BOTTLE in 1 CARTON (0031-8718-24)  / 355 mL in 1 BOTTLE","Antihistamine [EPC],  Histamine Receptor Antagonists [MoA],  Sigma-1 Agonist [EPC],  Sigma-1 Receptor Agonists [MoA],  Uncompetitive N-methyl-D-aspartate Receptor Antagonist [EPC],  Uncompetitive NMDA Receptor Antagonists [MoA]","N/A","No","12/31/2026"
"Robitussin Maximum Strength Nighttime Cough DM","0031-8718-13","30 mg/20mL,                         12.5  mg/20mL","SOLUTION","ORAL","M012","Haleon US Holdings LLC","0031-8718","dextromethorphan hydrobromide, doxylamine succinate","DEXTROMETHORPHAN HYDROBROMIDE;  DOXYLAMINE SUCCINATE","HUMAN OTC DRUG","06/01/2016","N/A","OTC MONOGRAPH DRUG","1 BOTTLE in 1 CARTON (0031-8718-13)  / 118 mL in 1 BOTTLE","Antihistamine [EPC],  Histamine Receptor Antagonists [MoA],  Sigma-1 Agonist [EPC],  Sigma-1 Receptor Agonists [MoA],  Uncompetitive N-methyl-D-aspartate Receptor Antagonist [EPC],  Uncompetitive NMDA Receptor Antagonists [MoA]","N/A","No","12/31/2026"
"Robitussin Maximum Strength Nighttime Cough DM","0031-8718-18","30 mg/20mL,                         12.5  mg/20mL","SOLUTION","ORAL","M012","Haleon US Holdings LLC","0031-8718","dextromethorphan hydrobromide, doxylamine succinate","DEXTROMETHORPHAN HYDROBROMIDE;  DOXYLAMINE SUCCINATE","HUMAN OTC DRUG","06/01/2016","N/A","OTC MONOGRAPH DRUG","1 BOTTLE in 1 CARTON (0031-8718-18)  / 237 mL in 1 BOTTLE","Antihistamine [EPC],  Histamine Receptor Antagonists [MoA],  Sigma-1 Agonist [EPC],  Sigma-1 Receptor Agonists [MoA],  Uncompetitive N-methyl-D-aspartate Receptor Antagonist [EPC],  Uncompetitive NMDA Receptor Antagonists [MoA]","N/A","No","12/31/2026"
"Robitussin Maximum Strength Severe Multi-Symptom 7 in 1 Relief Nighttime","0031-8744-10","325 mg/1,                         15  mg/1,                         6.25  mg/1","CAPSULE, LIQUID FILLED","ORAL","M012","Haleon US Holdings LLC","0031-8744","acetaminophen, dextromethorphan hydrobromide, and doxylamine succinate","ACETAMINOPHEN;  DEXTROMETHORPHAN HYDROBROMIDE;  DOXYLAMINE SUCCINATE","HUMAN OTC DRUG","07/01/2018","N/A","OTC MONOGRAPH DRUG","5 BLISTER PACK in 1 CARTON (0031-8744-10)  / 2 CAPSULE, LIQUID FILLED in 1 BLISTER PACK","Antihistamine [EPC],  Histamine Receptor Antagonists [MoA],  Sigma-1 Agonist [EPC],  Sigma-1 Receptor Agonists [MoA],  Uncompetitive N-methyl-D-aspartate Receptor Antagonist [EPC],  Uncompetitive NMDA Receptor Antagonists [MoA]","N/A","No","12/31/2026"
"ROBITUSSIN Nighttime Cough DM Soft CHEWS","0031-9311-20","15 mg/1,                         6.25  mg/1","TABLET, CHEWABLE","ORAL","M012","Haleon US Holdings LLC","0031-9311","dextromethorphan hydrobromide, doxylamine succinate","DEXTROMETHORPHAN HYDROBROMIDE;  DOXYLAMINE SUCCINATE","HUMAN OTC DRUG","06/19/2024","N/A","OTC MONOGRAPH DRUG","20 TABLET, CHEWABLE in 1 BOTTLE (0031-9311-20)","Antihistamine [EPC],  Histamine Receptor Antagonists [MoA],  Sigma-1 Agonist [EPC],  Sigma-1 Receptor Agonists [MoA],  Uncompetitive N-methyl-D-aspartate Receptor Antagonist [EPC],  Uncompetitive NMDA Receptor Antagonists [MoA]","N/A","No","12/31/2026"
"Rompe Pecho","58593-830-06","650 mg/30mL,                         20  mg/30mL,                         12.5  mg/30mL,                         10  mg/30mL","LIQUID","ORAL","M012","EFFICIENT LABORATORIES INC","58593-830","Acetaminophen, Dextromethorphan HBr, Doxylamine succinate, Phenylephrine HCl","ACETAMINOPHEN;  DEXTROMETHORPHAN HYDROBROMIDE;  DOXYLAMINE SUCCINATE;  PHENYLEPHRINE HYDROCHLORIDE","HUMAN OTC DRUG","09/01/2019","11/30/2026","OTC MONOGRAPH DRUG","1 BOTTLE in 1 CARTON (58593-830-06)  / 180 mL in 1 BOTTLE","Adrenergic alpha1-Agonists [MoA],  Antihistamine [EPC],  Histamine Receptor Antagonists [MoA],  Sigma-1 Agonist [EPC],  Sigma-1 Receptor Agonists [MoA],  Uncompetitive N-methyl-D-aspartate Receptor Antagonist [EPC],  Uncompetitive NMDA Receptor Antagonists [MoA],  alpha-1 Adrenergic Agonist [EPC]","N/A","No","N/A"
"Rompe Pecho NT","58593-003-06","650 mg/30mL,                         20  mg/30mL,                         12.5  mg/30mL","LIQUID","ORAL","M012","Efficient Laboratories Inc","58593-003","Acetaminophen, Dextromethorphan HBr, Doxylamine succinate","ACETAMINOPHEN;  DEXTROMETHORPHAN HYDROBROMIDE;  DOXYLAMINE SUCCINATE","HUMAN OTC DRUG","10/01/2023","N/A","OTC MONOGRAPH DRUG","180 mL in 1 BOTTLE (58593-003-06)","Antihistamine [EPC],  Histamine Receptor Antagonists [MoA],  Sigma-1 Agonist [EPC],  Sigma-1 Receptor Agonists [MoA],  Uncompetitive N-methyl-D-aspartate Receptor Antagonist [EPC],  Uncompetitive NMDA Receptor Antagonists [MoA]","N/A","No","12/31/2026"
"Safetussin PM Nighttime","55505-221-36","7.5 mg/5mL,                         3.125  mg/5mL","LIQUID","ORAL","M012","Kramer Laboratories","55505-221","Dextromethorphan HBr, Doxylamine Succinate","DEXTROMETHORPHAN;  DOXYLAMINE SUCCINATE","HUMAN OTC DRUG","07/28/2023","N/A","OTC MONOGRAPH DRUG","1 BOTTLE, PLASTIC in 1 CARTON (55505-221-36)  / 237 mL in 1 BOTTLE, PLASTIC","Antihistamine [EPC],  Histamine Receptor Antagonists [MoA],  Sigma-1 Agonist [EPC],  Sigma-1 Receptor Agonists [MoA],  Uncompetitive N-methyl-D-aspartate Receptor Antagonist [EPC],  Uncompetitive NMDA Receptor Antagonists [MoA]","N/A","No","12/31/2026"
"Sambrosa","60665-003-02","9.78 mg/3mL","SYRUP","ORAL","M012","Sambrosa Care, Inc.","60665-003","DOXYLAMINE SUCCINATE","DOXYLAMINE SUCCINATE","HUMAN OTC DRUG","12/01/2020","N/A","OTC MONOGRAPH DRUG","1 BOTTLE in 1 CARTON (60665-003-02)  / 30 mL in 1 BOTTLE","Antihistamine [EPC],  Histamine Receptor Antagonists [MoA]","N/A","No","12/31/2027"
"Sambrosa","60665-003-01","9.78 mg/3mL","SYRUP","ORAL","M012","Sambrosa Care, Inc.","60665-003","DOXYLAMINE SUCCINATE","DOXYLAMINE SUCCINATE","HUMAN OTC DRUG","01/10/2020","N/A","OTC MONOGRAPH DRUG","1 BOTTLE in 1 CARTON (60665-003-01)  / 100 mL in 1 BOTTLE","Antihistamine [EPC],  Histamine Receptor Antagonists [MoA]","N/A","No","12/31/2027"
"Sambrosa","60665-003-04","9.78 mg/3mL","SYRUP","ORAL","M012","Sambrosa Care, Inc.","60665-003","DOXYLAMINE SUCCINATE","DOXYLAMINE SUCCINATE","HUMAN OTC DRUG","10/26/2021","N/A","OTC MONOGRAPH DRUG","3 mL in 1 POUCH (60665-003-04)","Antihistamine [EPC],  Histamine Receptor Antagonists [MoA]","N/A","No","12/31/2027"
"Sambrosa","60665-003-03","9.78 mg/3mL","SYRUP","ORAL","M012","Sambrosa Care, Inc.","60665-003","DOXYLAMINE SUCCINATE","DOXYLAMINE SUCCINATE","HUMAN OTC DRUG","01/10/2020","N/A","OTC MONOGRAPH DRUG","1 BOTTLE in 1 CARTON (60665-003-03)  / 300 mL in 1 BOTTLE","Antihistamine [EPC],  Histamine Receptor Antagonists [MoA]","N/A","No","12/31/2027"
"Sanatos","55758-416-06","650 mg/30mL,                         12.5  mg/30mL,                         30  mg/30mL","LIQUID","ORAL","M013","Pharmadel LLC","55758-416","Acetaminophen, Dextromethorphan HBr, Doxylamine Succinate","ACETAMINOPHEN;  DEXTROMETHORPHAN HYDROBROMIDE;  DOXYLAMINE SUCCINATE","HUMAN OTC DRUG","12/01/2023","N/A","OTC MONOGRAPH DRUG","177 mL in 1 BOTTLE, PLASTIC (55758-416-06)","Antihistamine [EPC],  Histamine Receptor Antagonists [MoA],  Sigma-1 Agonist [EPC],  Sigma-1 Receptor Agonists [MoA],  Uncompetitive N-methyl-D-aspartate Receptor Antagonist [EPC],  Uncompetitive NMDA Receptor Antagonists [MoA]","N/A","No","12/31/2026"
"Sanatos","55758-510-08","325 mg/1,                         15  mg/1,                         6.25  mg/1","CAPSULE, LIQUID FILLED","ORAL","M012","Pharmadel LLC","55758-510","Acetaminophen, Dextromethorphan HBr, Doxylamine Succinate","ACETAMINOPHEN;  DEXTROMETHORPHAN HYDROBROMIDE;  DOXYLAMINE SUCCINATE","HUMAN OTC DRUG","09/01/2025","N/A","OTC MONOGRAPH DRUG","1 BLISTER PACK in 1 CARTON (55758-510-08)  / 8 CAPSULE, LIQUID FILLED in 1 BLISTER PACK","Antihistamine [EPC],  Histamine Receptor Antagonists [MoA],  Sigma-1 Agonist [EPC],  Sigma-1 Receptor Agonists [MoA],  Uncompetitive N-methyl-D-aspartate Receptor Antagonist [EPC],  Uncompetitive NMDA Receptor Antagonists [MoA]","N/A","No","12/31/2027"
"Sanatos Nighttime Multi Symptoms","55758-056-25","12.5 mg/30mL,                         30  mg/30mL,                         650  mg/30mL","LIQUID","ORAL","M013","Pharmadel LLC","55758-056","Acetaminophen, Dextromethorphan HBr, Doxylamine Succinate","ACETAMINOPHEN;  DEXTROMETHORPHAN HYDROBROMIDE;  DOXYLAMINE SUCCINATE","HUMAN OTC DRUG","12/01/2014","N/A","OTC MONOGRAPH DRUG","177 mL in 1 BOTTLE, PLASTIC (55758-056-25)","Antihistamine [EPC],  Histamine Receptor Antagonists [MoA],  Sigma-1 Agonist [EPC],  Sigma-1 Receptor Agonists [MoA],  Uncompetitive N-methyl-D-aspartate Receptor Antagonist [EPC],  Uncompetitive NMDA Receptor Antagonists [MoA]","N/A","No","12/31/2026"
"Sanatos Nighttime Relief","55758-515-08","325 mg/1,                         20  mg/1,                         12.5  mg/1","CAPSULE, LIQUID FILLED","ORAL","M012","Pharmadel LLC","55758-515","Acetaminophen, Dextromethorphan HBr, Doxylamine succinate","ACETAMINOPHEN;  DEXTROMETHORPHAN HYDROBROMIDE;  DOXYLAMINE SUCCINATE","HUMAN OTC DRUG","04/01/2026","N/A","OTC MONOGRAPH DRUG","8 BLISTER PACK in 1 CARTON (55758-515-08)  / 2 CAPSULE, LIQUID FILLED in 1 BLISTER PACK","Antihistamine [EPC],  Histamine Receptor Antagonists [MoA],  Sigma-1 Agonist [EPC],  Sigma-1 Receptor Agonists [MoA],  Uncompetitive N-methyl-D-aspartate Receptor Antagonist [EPC],  Uncompetitive NMDA Receptor Antagonists [MoA]","N/A","No","12/31/2027"
"severe cold and flu","0363-0623-40","650 mg/30mL,                         20  mg/30mL,                         12.5  mg/30mL,                         10  mg/30mL","SOLUTION","ORAL","M012","Walgreen Company","0363-0623","Acetaminophen, dextromethorphan HBr, doxylamine succinate, phenylephrine HCl","ACETAMINOPHEN;  DEXTROMETHORPHAN HYDROBROMIDE;  DOXYLAMINE SUCCINATE;  PHENYLEPHRINE HYDROCHLORIDE","HUMAN OTC DRUG","07/23/2015","N/A","OTC MONOGRAPH DRUG","355 mL in 1 BOTTLE (0363-0623-40)","Adrenergic alpha1-Agonists [MoA],  Antihistamine [EPC],  Histamine Receptor Antagonists [MoA],  Sigma-1 Agonist [EPC],  Sigma-1 Receptor Agonists [MoA],  Uncompetitive N-methyl-D-aspartate Receptor Antagonist [EPC],  Uncompetitive NMDA Receptor Antagonists [MoA],  alpha-1 Adrenergic Agonist [EPC]","N/A","No","12/31/2026"
"Severe Cold and Flu","0363-0763-40","650 mg/30mL,                         20  mg/30mL,                         12.5  mg/30mL,                         10  mg/30mL","SOLUTION","ORAL","M012","Walgreen Company","0363-0763","Acetaminophen, Dextromethorphan HBr, Doxylamine Succinate, Phenylephrine HCl","ACETAMINOPHEN;  DEXTROMETHORPHAN HYDROBROMIDE;  DOXYLAMINE SUCCINATE;  PHENYLEPHRINE HYDROCHLORIDE","HUMAN OTC DRUG","11/21/2013","N/A","OTC MONOGRAPH DRUG","355 mL in 1 BOTTLE (0363-0763-40)","Adrenergic alpha1-Agonists [MoA],  Antihistamine [EPC],  Histamine Receptor Antagonists [MoA],  Sigma-1 Agonist [EPC],  Sigma-1 Receptor Agonists [MoA],  Uncompetitive N-methyl-D-aspartate Receptor Antagonist [EPC],  Uncompetitive NMDA Receptor Antagonists [MoA],  alpha-1 Adrenergic Agonist [EPC]","N/A","No","12/31/2026"
"Severe Cold and Flu","0363-1597-02","","KIT","","M012","Walgreen Company","0363-1597","acetaminophen, dextromethorphan HBr, doxylamine succinate, phenylephrine HCl","","HUMAN OTC DRUG","09/08/2014","N/A","OTC MONOGRAPH DRUG","1 KIT in 1 CARTON (0363-1597-02)  *  355 mL in 1 BOTTLE (0363-0763-40)  *  355 mL in 1 BOTTLE (0363-0603-40)","N/A","N/A","No","12/31/2027"
"SEVERE COLD AND FLU","0363-8995-24","","KIT","","M012","Walgreens","0363-8995","ACETAMINOPHEN, DEXTROMETHORPHAN HYDROBROMIDE,GUAIFENESIN, PHENYLEPHRINE HYDROCHLORIDE / ACETAMINOPHEN, DEXTROMETHORPHAN HYDROBROMIDE, DOXYLAMINE SUCCINATE, PHENYLEPHRINE HYDROCHLORIDE","","HUMAN OTC DRUG","08/23/2021","06/30/2027","OTC MONOGRAPH DRUG","1 KIT in 1 PACKAGE, COMBINATION (0363-8995-24)  *  8 CAPSULE, LIQUID FILLED in 1 BLISTER PACK *  8 CAPSULE, LIQUID FILLED in 1 BLISTER PACK","N/A","N/A","No","N/A"
"Severe Cold and Flu","42507-020-40","650 mg/30mL,                         20  mg/30mL,                         12.5  mg/30mL,                         10  mg/30mL","SOLUTION","ORAL","M012","HyVee Inc","42507-020","Acetaminophen, dextromethorphan HBr, doxylamine succinate, phenylephrine HCl","ACETAMINOPHEN;  DEXTROMETHORPHAN HYDROBROMIDE;  DOXYLAMINE SUCCINATE;  PHENYLEPHRINE HYDROCHLORIDE","HUMAN OTC DRUG","09/08/2015","N/A","OTC MONOGRAPH DRUG","355 mL in 1 BOTTLE (42507-020-40)","Adrenergic alpha1-Agonists [MoA],  Antihistamine [EPC],  Histamine Receptor Antagonists [MoA],  Sigma-1 Agonist [EPC],  Sigma-1 Receptor Agonists [MoA],  Uncompetitive N-methyl-D-aspartate Receptor Antagonist [EPC],  Uncompetitive NMDA Receptor Antagonists [MoA],  alpha-1 Adrenergic Agonist [EPC]","N/A","No","12/31/2027"
"Severe Cold and Flu","42507-597-02","","KIT","","M012","HyVee Inc","42507-597","acetaminophen, dextromethorphan HBr, doxylamine succinate, phenylephrine HCl","","HUMAN OTC DRUG","05/19/2014","N/A","OTC MONOGRAPH DRUG","1 KIT in 1 CARTON (42507-597-02)  *  355 mL in 1 BOTTLE *  355 mL in 1 BOTTLE","N/A","N/A","No","12/31/2027"
"Severe Cold and Flu","42507-763-40","650 mg/30mL,                         20  mg/30mL,                         12.5  mg/30mL,                         10  mg/30mL","SOLUTION","ORAL","M012","HyVee Inc","42507-763","Acetaminophen, Dextromethorphan HBr, Doxylamine Succinate, Phenylephrine HCl","ACETAMINOPHEN;  DEXTROMETHORPHAN HYDROBROMIDE;  DOXYLAMINE SUCCINATE;  PHENYLEPHRINE HYDROCHLORIDE","HUMAN OTC DRUG","01/12/2014","N/A","OTC MONOGRAPH DRUG","355 mL in 1 BOTTLE (42507-763-40)","Adrenergic alpha1-Agonists [MoA],  Antihistamine [EPC],  Histamine Receptor Antagonists [MoA],  Sigma-1 Agonist [EPC],  Sigma-1 Receptor Agonists [MoA],  Uncompetitive N-methyl-D-aspartate Receptor Antagonist [EPC],  Uncompetitive NMDA Receptor Antagonists [MoA],  alpha-1 Adrenergic Agonist [EPC]","N/A","No","12/31/2027"
"severe cold and flu","42507-861-40","325 mg/15mL,                         10  mg/15mL,                         6.25  mg/15mL,                         5  mg/15mL","SOLUTION","ORAL","M012","HyVee Inc","42507-861","acetaminophen, dextromethorphan hydrobromide, doxylamine succinate, phenylephrine hydrochloride","ACETAMINOPHEN;  DEXTROMETHORPHAN HYDROBROMIDE;  DOXYLAMINE SUCCINATE;  PHENYLEPHRINE HYDROCHLORIDE","HUMAN OTC DRUG","01/28/2026","N/A","OTC MONOGRAPH DRUG","355 mL in 1 BOTTLE (42507-861-40)","Adrenergic alpha1-Agonists [MoA],  Antihistamine [EPC],  Histamine Receptor Antagonists [MoA],  Sigma-1 Agonist [EPC],  Sigma-1 Receptor Agonists [MoA],  Uncompetitive N-methyl-D-aspartate Receptor Antagonist [EPC],  Uncompetitive NMDA Receptor Antagonists [MoA],  alpha-1 Adrenergic Agonist [EPC]","N/A","No","12/31/2027"
"Severe cold and flu","49580-0416-8","650 mg/30mL,                         20  mg/30mL,                         12.5  mg/30mL,                         10  mg/30mL","LIQUID","ORAL","M012","P & L Development, LLC","49580-0416","Acetaminophen, Dextromethorphan Hydrobromide, Doxylamine Succinate, Phenylephrine HCI","ACETAMINOPHEN;  DEXTROMETHORPHAN HYDROBROMIDE;  DOXYLAMINE SUCCINATE;  PHENYLEPHRINE HYDROCHLORIDE","HUMAN OTC DRUG","08/31/2015","N/A","OTC MONOGRAPH DRUG","237 mL in 1 BOTTLE, PLASTIC (49580-0416-8)","Adrenergic alpha1-Agonists [MoA],  Antihistamine [EPC],  Histamine Receptor Antagonists [MoA],  Sigma-1 Agonist [EPC],  Sigma-1 Receptor Agonists [MoA],  Uncompetitive N-methyl-D-aspartate Receptor Antagonist [EPC],  Uncompetitive NMDA Receptor Antagonists [MoA],  alpha-1 Adrenergic Agonist [EPC]","N/A","No","12/31/2026"
"Severe cold and flu","49580-4160-8","650 mg/30mL,                         20  mg/30mL,                         12.5  mg/30mL,                         10  mg/30mL","LIQUID","ORAL","M012","P & L Development, LLC","49580-4160","Acetaminophen, Dextromethorphan Hydrobromide, Doxylamine Succinate, Phenylephrine HCI","ACETAMINOPHEN;  DEXTROMETHORPHAN HYDROBROMIDE;  DOXYLAMINE SUCCINATE;  PHENYLEPHRINE HYDROCHLORIDE","HUMAN OTC DRUG","03/26/2021","N/A","OTC MONOGRAPH DRUG","237 mL in 1 BOTTLE, PLASTIC (49580-4160-8)","Adrenergic alpha1-Agonists [MoA],  Antihistamine [EPC],  Histamine Receptor Antagonists [MoA],  Sigma-1 Agonist [EPC],  Sigma-1 Receptor Agonists [MoA],  Uncompetitive N-methyl-D-aspartate Receptor Antagonist [EPC],  Uncompetitive NMDA Receptor Antagonists [MoA],  alpha-1 Adrenergic Agonist [EPC]","N/A","No","12/31/2026"
"SEVERE COLD AND FLU","51316-533-40","325 mg/15mL,                         10  mg/15mL,                         6.25  mg/15mL,                         5  mg/15mL","SOLUTION","ORAL","M012","CVS WOONSOCKET PRESCRIPTION CENTER, INCORPORATED","51316-533","acetaminophen, dextromethorphan hydrobromide, doxylamine succinate, phenylephrine hydrochloride","ACETAMINOPHEN;  DEXTROMETHORPHAN HYDROBROMIDE;  DOXYLAMINE SUCCINATE;  PHENYLEPHRINE HYDROCHLORIDE","HUMAN OTC DRUG","01/26/2026","N/A","OTC MONOGRAPH DRUG","355 mL in 1 BOTTLE (51316-533-40)","Adrenergic alpha1-Agonists [MoA],  Antihistamine [EPC],  Histamine Receptor Antagonists [MoA],  Sigma-1 Agonist [EPC],  Sigma-1 Receptor Agonists [MoA],  Uncompetitive N-methyl-D-aspartate Receptor Antagonist [EPC],  Uncompetitive NMDA Receptor Antagonists [MoA],  alpha-1 Adrenergic Agonist [EPC]","N/A","No","12/31/2027"
"Severe cold and flu","55910-716-08","650 mg/30mL,                         20  mg/30mL,                         12.5  mg/30mL,                         10  mg/30mL","LIQUID","ORAL","M012","Dolgencorp, Inc. (DOLLAR GENERAL & REXALL)","55910-716","Acetaminophen, Dextromethorphan Hydrobromide, Doxylamine Succinate, Phenylephrine HCI","ACETAMINOPHEN;  DEXTROMETHORPHAN HYDROBROMIDE;  DOXYLAMINE SUCCINATE;  PHENYLEPHRINE HYDROCHLORIDE","HUMAN OTC DRUG","03/31/2018","N/A","OTC MONOGRAPH DRUG","237 mL in 1 BOTTLE, PLASTIC (55910-716-08)","Adrenergic alpha1-Agonists [MoA],  Antihistamine [EPC],  Histamine Receptor Antagonists [MoA],  Sigma-1 Agonist [EPC],  Sigma-1 Receptor Agonists [MoA],  Uncompetitive N-methyl-D-aspartate Receptor Antagonist [EPC],  Uncompetitive NMDA Receptor Antagonists [MoA],  alpha-1 Adrenergic Agonist [EPC]","N/A","No","12/31/2026"
"Severe Cold and Flu Daytime and Nighttime","41226-776-02","","KIT","","M012","Kroger","41226-776","Acetaminophen, Dextromethorphan HBr, Guaifenesin, Phenylephrine HCl, Acetaminophen, Dextromethorphan HBr, Doxylamine Succinate, Phenylephrine HCl","","HUMAN OTC DRUG","04/01/2026","N/A","OTC MONOGRAPH DRUG","2 BOTTLE in 1 CARTON (41226-776-02)  / 1 KIT in 1 BOTTLE *  354 mL in 1 BOTTLE *  354 mL in 1 BOTTLE","N/A","N/A","No","12/31/2027"
"Severe Cold and Flu Nighttime Honey","41226-767-01","10 mg/15mL,                         5  mg/15mL,                         6.25  mg/15mL,                         325  mg/15mL","LIQUID","ORAL","M012","Kroger","41226-767","Acetaminophen, Dextromethorphan HBr, Doxylamine succinate, Phenylephrine HCl","ACETAMINOPHEN;  DEXTROMETHORPHAN HYDROBROMIDE;  DOXYLAMINE SUCCINATE;  PHENYLEPHRINE HYDROCHLORIDE","HUMAN OTC DRUG","04/30/2024","N/A","OTC MONOGRAPH DRUG","354 mL in 1 BOTTLE (41226-767-01)","Adrenergic alpha1-Agonists [MoA],  Antihistamine [EPC],  Histamine Receptor Antagonists [MoA],  Sigma-1 Agonist [EPC],  Sigma-1 Receptor Agonists [MoA],  Uncompetitive N-methyl-D-aspartate Receptor Antagonist [EPC],  Uncompetitive NMDA Receptor Antagonists [MoA],  alpha-1 Adrenergic Agonist [EPC]","N/A","No","12/31/2026"
"Severe Cold and Flu Plus Congestion","63981-795-81","","KIT","","M012","COSTCO WHOLESALE CORPORATION","63981-795","Acetaminophen, Dextromethorphan HBr, Doxylamine succinate, Guaifenesin, Phenylephrine HCl","","HUMAN OTC DRUG","06/30/2023","N/A","OTC MONOGRAPH DRUG","14 BLISTER PACK in 1 CARTON (63981-795-81)  / 1 KIT in 1 BLISTER PACK","N/A","N/A","No","12/31/2027"
"severe cold and flu relief","11822-0763-1","650 mg/30mL,                         20  mg/30mL,                         12.5  mg/30mL,                         10  mg/30mL","SOLUTION","ORAL","M012","Rite Aid Corporation","11822-0763","Acetaminophen, Dextromethorphan HBr, Doxylamine Succinate, Phenylephrine HCl","ACETAMINOPHEN;  DEXTROMETHORPHAN HYDROBROMIDE;  DOXYLAMINE SUCCINATE;  PHENYLEPHRINE HYDROCHLORIDE","HUMAN OTC DRUG","06/27/2014","N/A","OTC MONOGRAPH DRUG","355 mL in 1 BOTTLE (11822-0763-1)","Adrenergic alpha1-Agonists [MoA],  Antihistamine [EPC],  Histamine Receptor Antagonists [MoA],  Sigma-1 Agonist [EPC],  Sigma-1 Receptor Agonists [MoA],  Uncompetitive N-methyl-D-aspartate Receptor Antagonist [EPC],  Uncompetitive NMDA Receptor Antagonists [MoA],  alpha-1 Adrenergic Agonist [EPC]","N/A","No","12/31/2026"
"severe cold and flu relief","11822-4099-0","325 mg/15mL,                         10  mg/15mL,                         6.25  mg/15mL,                         5  mg/15mL","SOLUTION","ORAL","M012","Rite Aid Corporation","11822-4099","acetaminophen, dextromethorphan hydrobromide, doxylamine succinate, phenylephrine hydrochloride","ACETAMINOPHEN;  DEXTROMETHORPHAN HYDROBROMIDE;  DOXYLAMINE SUCCINATE;  PHENYLEPHRINE HYDROCHLORIDE","HUMAN OTC DRUG","06/30/2023","N/A","OTC MONOGRAPH DRUG","355 mL in 1 BOTTLE (11822-4099-0)","Adrenergic alpha1-Agonists [MoA],  Antihistamine [EPC],  Histamine Receptor Antagonists [MoA],  Sigma-1 Agonist [EPC],  Sigma-1 Receptor Agonists [MoA],  Uncompetitive N-methyl-D-aspartate Receptor Antagonist [EPC],  Uncompetitive NMDA Receptor Antagonists [MoA],  alpha-1 Adrenergic Agonist [EPC]","N/A","No","12/31/2026"
"Severe Cold and Flu Relief","55301-620-08","","KIT","","M012","ARMY AND AIR FORCE EXCHANGE SERVICE","55301-620","Acetaminophen, Dextromethorphan HBr, Doxylamine succinate, Guaifenesin, Phenylephrine HCl","","HUMAN OTC DRUG","08/31/2018","N/A","OTC MONOGRAPH DRUG","1 KIT in 1 CARTON (55301-620-08)  *  8 TABLET, FILM COATED in 1 BLISTER PACK *  8 TABLET, FILM COATED in 1 BLISTER PACK","N/A","N/A","No","12/31/2026"
"SEVERE COLD PLUS FLU DAYTIME NIGHTTIME","69842-546-12","","KIT","","M012","CVS Pharmacy,Inc.","69842-546","Acetaminophen, Dextromethorphan hydrobromide, Guaifenesin, Phenylephrine hydrochloride, and Doxylamine succinate","","HUMAN OTC DRUG","07/14/2017","N/A","OTC MONOGRAPH DRUG","1 KIT in 1 CARTON (69842-546-12)  *  6 POWDER, FOR SOLUTION in 1 CARTON *  6 POWDER, FOR SOLUTION in 1 CARTON","N/A","N/A","No","12/31/2027"
"Severe Nighttime","59779-763-40","650 mg/30mL,                         20  mg/30mL,                         12.5  mg/30mL,                         10  mg/30mL","SOLUTION","ORAL","M012","CVS Pharmacy","59779-763","Acetaminophen, Dextromethorphan HBr, Doxylamine Succinate, Phenylephrine HCl","ACETAMINOPHEN;  DEXTROMETHORPHAN HYDROBROMIDE;  DOXYLAMINE SUCCINATE;  PHENYLEPHRINE HYDROCHLORIDE","HUMAN OTC DRUG","12/27/2013","N/A","OTC MONOGRAPH DRUG","355 mL in 1 BOTTLE (59779-763-40)","Adrenergic alpha1-Agonists [MoA],  Antihistamine [EPC],  Histamine Receptor Antagonists [MoA],  Sigma-1 Agonist [EPC],  Sigma-1 Receptor Agonists [MoA],  Uncompetitive N-methyl-D-aspartate Receptor Antagonist [EPC],  Uncompetitive NMDA Receptor Antagonists [MoA],  alpha-1 Adrenergic Agonist [EPC]","N/A","No","12/31/2026"
"SEVERE NIGHTTIME COLD AND FLU","0363-8997-24","325 mg/1,                         10  mg/1,                         6.25  mg/1,                         5  mg/1","CAPSULE, GELATIN COATED","ORAL","M012","WALGREENS","0363-8997","ACETAMINOPHEN, DEXTROMETHORPHAN HYDROBROMIDE, DOXYLAMINE SUCCINATE, and PHENYLEPHRINE HYDROCHLORIDE","ACETAMINOPHEN;  DEXTROMETHORPHAN HYDROBROMIDE;  DOXYLAMINE SUCCINATE;  PHENYLEPHRINE HYDROCHLORIDE","HUMAN OTC DRUG","08/23/2021","11/30/2026","OTC MONOGRAPH DRUG","2 BLISTER PACK in 1 CARTON (0363-8997-24)  / 12 CAPSULE, GELATIN COATED in 1 BLISTER PACK","Adrenergic alpha1-Agonists [MoA],  Antihistamine [EPC],  Histamine Receptor Antagonists [MoA],  Sigma-1 Agonist [EPC],  Sigma-1 Receptor Agonists [MoA],  Uncompetitive N-methyl-D-aspartate Receptor Antagonist [EPC],  Uncompetitive NMDA Receptor Antagonists [MoA],  alpha-1 Adrenergic Agonist [EPC]","N/A","No","N/A"
"Severe Nighttime Cold and Flu Relief","11822-0677-8","325 mg/1,                         10  mg/1,                         6.25  mg/1,                         5  mg/1","TABLET, FILM COATED","ORAL","M012","Rite Aid Corporation","11822-0677","Acetaminophen, Dextromethorphan HBr, Doxylamine Succinate, Phenylephrine HCl","ACETAMINOPHEN;  DEXTROMETHORPHAN HYDROBROMIDE;  DOXYLAMINE SUCCINATE;  PHENYLEPHRINE HYDROCHLORIDE","HUMAN OTC DRUG","12/10/2019","N/A","OTC MONOGRAPH DRUG","2 BLISTER PACK in 1 CARTON (11822-0677-8)  / 12 TABLET, FILM COATED in 1 BLISTER PACK","Adrenergic alpha1-Agonists [MoA],  Antihistamine [EPC],  Histamine Receptor Antagonists [MoA],  Sigma-1 Agonist [EPC],  Sigma-1 Receptor Agonists [MoA],  Uncompetitive N-methyl-D-aspartate Receptor Antagonist [EPC],  Uncompetitive NMDA Receptor Antagonists [MoA],  alpha-1 Adrenergic Agonist [EPC]","N/A","No","12/31/2026"
"Severe Nighttime Cold and Flu Relief","55319-641-08","650 mg/30mL,                         20  mg/30mL,                         12.5  mg/30mL,                         10  mg/30mL","LIQUID","ORAL","M012","Family Dollar (FAMILY WELLNESS)","55319-641","Acetaminophen Dextromethorphan HBr Doxylamine Succinate Phenylephrine HCI","ACETAMINOPHEN;  DEXTROMETHORPHAN HYDROBROMIDE;  DOXYLAMINE SUCCINATE;  PHENYLEPHRINE HYDROCHLORIDE","HUMAN OTC DRUG","07/31/2024","N/A","OTC MONOGRAPH DRUG","237 mL in 1 BOTTLE, PLASTIC (55319-641-08)","Adrenergic alpha1-Agonists [MoA],  Antihistamine [EPC],  Histamine Receptor Antagonists [MoA],  Sigma-1 Agonist [EPC],  Sigma-1 Receptor Agonists [MoA],  Uncompetitive N-methyl-D-aspartate Receptor Antagonist [EPC],  Uncompetitive NMDA Receptor Antagonists [MoA],  alpha-1 Adrenergic Agonist [EPC]","N/A","No","12/31/2026"
"Severe Nighttime Severe Daytime","59779-597-02","","KIT","","M012","CVS Pharmacy","59779-597","acetaminophen, dextromethorphan HBr, doxylamine succinate, phenylephrine HCl","","HUMAN OTC DRUG","12/27/2013","N/A","OTC MONOGRAPH DRUG","1 KIT in 1 CARTON (59779-597-02)  *  355 mL in 1 BOTTLE (59779-763-40)  *  355 mL in 1 BOTTLE (59779-603-40)","N/A","N/A","No","12/31/2026"
"Severe Sinus Congestion Allergy and Cough Formula","51013-169-08","325 mg/1,                         10  mg/1,                         6.25  mg/1,                         5  mg/1","CAPSULE, LIQUID FILLED","ORAL","M012","PuraCap Pharmaceutical LLC","51013-169","Acetaminophen, Dextromethorphan hydrobromide , Doxylamine succinate, Phenylephrine hydrochloride","ACETAMINOPHEN;  DEXTROMETHORPHAN HYDROBROMIDE;  DOXYLAMINE SUCCINATE;  PHENYLEPHRINE HYDROCHLORIDE","HUMAN OTC DRUG","06/29/2016","N/A","OTC MONOGRAPH DRUG","2 BLISTER PACK in 1 CARTON (51013-169-08)  / 10 CAPSULE, LIQUID FILLED in 1 BLISTER PACK","Adrenergic alpha1-Agonists [MoA],  Antihistamine [EPC],  Histamine Receptor Antagonists [MoA],  Sigma-1 Agonist [EPC],  Sigma-1 Receptor Agonists [MoA],  Uncompetitive N-methyl-D-aspartate Receptor Antagonist [EPC],  Uncompetitive NMDA Receptor Antagonists [MoA],  alpha-1 Adrenergic Agonist [EPC]","N/A","No","12/31/2026"
"Signature Care Nighttime Severe Cold and Flu Relief","21130-129-40","650 mg/30mL,                         20  mg/30mL,                         12.5  mg/30mL,                         10  mg/30mL","SOLUTION","ORAL","M012","Safeway","21130-129","Acetaminophen, Dextromethorphan HBr, Doxylamine Succinate, Phenylephrine HCl","ACETAMINOPHEN;  DEXTROMETHORPHAN HYDROBROMIDE;  DOXYLAMINE SUCCINATE;  PHENYLEPHRINE HYDROCHLORIDE","HUMAN OTC DRUG","01/24/2016","N/A","OTC MONOGRAPH DRUG","355 mL in 1 BOTTLE (21130-129-40)","Adrenergic alpha1-Agonists [MoA],  Antihistamine [EPC],  Histamine Receptor Antagonists [MoA],  Sigma-1 Agonist [EPC],  Sigma-1 Receptor Agonists [MoA],  Uncompetitive N-methyl-D-aspartate Receptor Antagonist [EPC],  Uncompetitive NMDA Receptor Antagonists [MoA],  alpha-1 Adrenergic Agonist [EPC]","N/A","No","12/31/2026"
"Sleep Aid","0363-0386-12","25 mg/1","TABLET","ORAL","ANDA040564","Walgreen Company","0363-0386","Doxylamine succinate","DOXYLAMINE SUCCINATE","HUMAN OTC DRUG","12/31/2024","N/A","ANDA","1 BOTTLE, PLASTIC in 1 CARTON (0363-0386-12)  / 100 TABLET in 1 BOTTLE, PLASTIC","Antihistamine [EPC],  Histamine Receptor Antagonists [MoA]","N/A","No","12/31/2027"
"Sleep Aid","0363-0386-31","25 mg/1","TABLET","ORAL","ANDA040564","Walgreen Company","0363-0386","Doxylamine succinate","DOXYLAMINE SUCCINATE","HUMAN OTC DRUG","04/05/2024","N/A","ANDA","1 BOTTLE, PLASTIC in 1 CARTON (0363-0386-31)  / 80 TABLET in 1 BOTTLE, PLASTIC","Antihistamine [EPC],  Histamine Receptor Antagonists [MoA]","N/A","No","12/31/2027"
"Sleep Aid","0363-0386-22","25 mg/1","TABLET","ORAL","ANDA040564","Walgreen Company","0363-0386","Doxylamine succinate","DOXYLAMINE SUCCINATE","HUMAN OTC DRUG","04/05/2024","N/A","ANDA","3 BLISTER PACK in 1 CARTON (0363-0386-22)  / 16 TABLET in 1 BLISTER PACK","Antihistamine [EPC],  Histamine Receptor Antagonists [MoA]","N/A","No","12/31/2027"
"sleep aid","0363-3462-80","25 mg/1","TABLET","ORAL","ANDA040167","Walgreen Company","0363-3462","doxylamine succinate","DOXYLAMINE SUCCINATE","HUMAN OTC DRUG","02/14/2025","10/31/2026","ANDA","1 BOTTLE in 1 CARTON (0363-3462-80)  / 96 TABLET in 1 BOTTLE","Antihistamine [EPC],  Histamine Receptor Antagonists [MoA]","N/A","No","N/A"
"sleep aid","11822-0441-1","25 mg/1","TABLET","ORAL","ANDA040167","Rite Aid Corporation","11822-0441","Doxylamine succinate","DOXYLAMINE SUCCINATE","HUMAN OTC DRUG","03/13/2023","09/30/2026","ANDA","1 BOTTLE in 1 CARTON (11822-0441-1)  / 96 TABLET in 1 BOTTLE","Antihistamine [EPC],  Histamine Receptor Antagonists [MoA]","N/A","No","N/A"
"sleep aid","11822-0441-0","25 mg/1","TABLET","ORAL","ANDA040167","Rite Aid Corporation","11822-0441","Doxylamine succinate","DOXYLAMINE SUCCINATE","HUMAN OTC DRUG","03/13/2023","07/31/2027","ANDA","48 BLISTER PACK in 1 CARTON (11822-0441-0)  / 1 TABLET in 1 BLISTER PACK","Antihistamine [EPC],  Histamine Receptor Antagonists [MoA]","N/A","No","N/A"
"sleep aid","11822-3000-0","25 mg/1","TABLET","ORAL","ANDA040167","Rite Aid Corporation","11822-3000","Doxylamine Succinate","DOXYLAMINE SUCCINATE","HUMAN OTC DRUG","07/19/2023","N/A","ANDA","24 BLISTER PACK in 1 CARTON (11822-3000-0)  / 1 TABLET in 1 BLISTER PACK","Antihistamine [EPC],  Histamine Receptor Antagonists [MoA]","N/A","No","12/31/2026"
"Sleep Aid","30142-386-27","25 mg/1","TABLET","ORAL","ANDA040564","Kroger Company","30142-386","Doxylamine succinate","DOXYLAMINE SUCCINATE","HUMAN OTC DRUG","03/16/2021","08/31/2027","ANDA","2 BLISTER PACK in 1 CARTON (30142-386-27)  / 16 TABLET in 1 BLISTER PACK","Antihistamine [EPC],  Histamine Receptor Antagonists [MoA]","N/A","No","N/A"
"Sleep Aid","41163-986-22","25 mg/1","TABLET","ORAL","ANDA040564","United Natural Foods, Inc. dba UNFI","41163-986","Doxylamine Succinate","DOXYLAMINE SUCCINATE","HUMAN OTC DRUG","06/30/2019","N/A","ANDA","3 BLISTER PACK in 1 CARTON (41163-986-22)  / 16 TABLET in 1 BLISTER PACK","Antihistamine [EPC],  Histamine Receptor Antagonists [MoA]","N/A","No","12/31/2027"
"Sleep Aid","41250-441-01","25 mg/1","TABLET","ORAL","ANDA040167","Meijer Distribution Inc","41250-441","Doxylamine succinate","DOXYLAMINE SUCCINATE","HUMAN OTC DRUG","03/05/2026","N/A","ANDA","1 BOTTLE in 1 CARTON (41250-441-01)  / 96 TABLET in 1 BOTTLE (41250-441-00)","Antihistamine [EPC],  Histamine Receptor Antagonists [MoA]","N/A","No","12/31/2027"
"Sleep Aid","41250-986-22","25 mg/1","TABLET","ORAL","ANDA040564","Meijer Distribution Inc","41250-986","Doxylamine Succinate","DOXYLAMINE SUCCINATE","HUMAN OTC DRUG","05/06/2019","N/A","ANDA","3 BLISTER PACK in 1 CARTON (41250-986-22)  / 16 TABLET in 1 BLISTER PACK","Antihistamine [EPC],  Histamine Receptor Antagonists [MoA]","N/A","No","12/31/2027"
"Sleep Aid","49035-968-27","25 mg/1","TABLET","ORAL","ANDA040564","Wal-Mart Stores Inc","49035-968","Doxylamine Succinate","DOXYLAMINE SUCCINATE","HUMAN OTC DRUG","07/15/2019","N/A","ANDA","32 TABLET in 1 BOTTLE, PLASTIC (49035-968-27)","Antihistamine [EPC],  Histamine Receptor Antagonists [MoA]","N/A","No","12/31/2027"
"Sleep Aid","51316-368-22","25 mg/1","TABLET","ORAL","ANDA040564","CVS WOONSOCKET PRESCRIPTION CENTER, INCORPORATED","51316-368","Doxylamine succinate","DOXYLAMINE SUCCINATE","HUMAN OTC DRUG","06/25/2025","N/A","ANDA","3 BLISTER PACK in 1 CARTON (51316-368-22)  / 16 TABLET in 1 BLISTER PACK","Antihistamine [EPC],  Histamine Receptor Antagonists [MoA]","N/A","No","12/31/2027"
"Sleep Aid","55301-986-27","25 mg/1","TABLET","ORAL","ANDA040564","ARMY AND AIR FORCE EXCHANGE SERVICE","55301-986","Doxylamine Succinate","DOXYLAMINE SUCCINATE","HUMAN OTC DRUG","04/01/2019","N/A","ANDA","2 BLISTER PACK in 1 CARTON (55301-986-27)  / 16 TABLET in 1 BLISTER PACK","Antihistamine [EPC],  Histamine Receptor Antagonists [MoA]","N/A","No","12/31/2027"
"sleep aid","56062-441-01","25 mg/1","TABLET","ORAL","ANDA040167","Publix Super Markets Inc","56062-441","Doxylamine succinate","DOXYLAMINE SUCCINATE","HUMAN OTC DRUG","05/16/2025","N/A","ANDA","1 BOTTLE in 1 CARTON (56062-441-01)  / 96 TABLET in 1 BOTTLE","Antihistamine [EPC],  Histamine Receptor Antagonists [MoA]","N/A","No","12/31/2026"
"Sleep Aid","63981-986-96","25 mg/1","TABLET","ORAL","ANDA040564","COSTCO WHOLESALE CORPORATION","63981-986","Doxylamine succinate","DOXYLAMINE SUCCINATE","HUMAN OTC DRUG","05/03/2019","N/A","ANDA","2 BOTTLE, PLASTIC in 1 PACKAGE (63981-986-96)  / 96 TABLET in 1 BOTTLE, PLASTIC","Antihistamine [EPC],  Histamine Receptor Antagonists [MoA]","N/A","No","12/31/2026"
"Sleep Aid","70677-1129-1","25 mg/1","TABLET","ORAL","ANDA040564","Strategic Sourcing Services LLC","70677-1129","Doxylamine succinate","DOXYLAMINE SUCCINATE","HUMAN OTC DRUG","05/03/2023","N/A","ANDA","2 BLISTER PACK in 1 CARTON (70677-1129-1)  / 16 TABLET in 1 BLISTER PACK","Antihistamine [EPC],  Histamine Receptor Antagonists [MoA]","N/A","No","12/31/2027"
"SLEEP AID","73581-205-10","25 mg/1","TABLET","ORAL","ANDA040564","YYBA CORP","73581-205","DOXYLAMINE SUCCINATE","DOXYLAMINE SUCCINATE","HUMAN OTC DRUG","12/02/2025","N/A","ANDA","10 TABLET in 1 BOTTLE (73581-205-10)","Antihistamine [EPC],  Histamine Receptor Antagonists [MoA]","N/A","No","12/31/2026"
"SLEEP AID","73581-205-02","25 mg/1","TABLET","ORAL","ANDA040564","YYBA CORP","73581-205","DOXYLAMINE SUCCINATE","DOXYLAMINE SUCCINATE","HUMAN OTC DRUG","08/03/2021","N/A","ANDA","200 TABLET in 1 BOTTLE (73581-205-02)","Antihistamine [EPC],  Histamine Receptor Antagonists [MoA]","N/A","No","12/31/2026"
"SLEEP AID","73581-205-01","25 mg/1","TABLET","ORAL","ANDA040564","YYBA CORP","73581-205","DOXYLAMINE SUCCINATE","DOXYLAMINE SUCCINATE","HUMAN OTC DRUG","01/01/2025","N/A","ANDA","100 TABLET in 1 BOTTLE (73581-205-01)","Antihistamine [EPC],  Histamine Receptor Antagonists [MoA]","N/A","No","12/31/2026"
"sleep aid ultra","79481-0096-0","25 mg/1","TABLET","ORAL","ANDA040167","Meijer, Inc.","79481-0096","Doxylamine Succinate","DOXYLAMINE SUCCINATE","HUMAN OTC DRUG","07/29/2022","N/A","ANDA","24 BLISTER PACK in 1 CARTON (79481-0096-0)  / 1 TABLET in 1 BLISTER PACK","Antihistamine [EPC],  Histamine Receptor Antagonists [MoA]","N/A","No","12/31/2026"
"sleep aid ultra","79481-0096-1","25 mg/1","TABLET","ORAL","ANDA040167","Meijer, Inc.","79481-0096","Doxylamine Succinate","DOXYLAMINE SUCCINATE","HUMAN OTC DRUG","06/03/2025","N/A","ANDA","12 BLISTER PACK in 1 CARTON (79481-0096-1)  / 1 TABLET in 1 BLISTER PACK","Antihistamine [EPC],  Histamine Receptor Antagonists [MoA]","N/A","No","12/31/2026"
"Sleep-Aid","70000-0567-1","25 mg/1","TABLET","ORAL","ANDA040564","Cardinal Health 110, LLC. DBA Leader","70000-0567","Doxylamine succinate","DOXYLAMINE SUCCINATE","HUMAN OTC DRUG","07/23/2020","N/A","ANDA","3 BLISTER PACK in 1 CARTON (70000-0567-1)  / 16 TABLET in 1 BLISTER PACK","Antihistamine [EPC],  Histamine Receptor Antagonists [MoA]","N/A","No","12/31/2027"
"tabcin NIGHT","69729-153-10","15 mg/1,                         6.25  mg/1,                         325  mg/1","CAPSULE, LIQUID FILLED","ORAL","M012","OPMX LLC","69729-153","Acetaminophen, Dextromethorphan Hydrobromide, Doxylamine Succinate","ACETAMINOPHEN;  DEXTROMETHORPHAN HYDROBROMIDE;  DOXYLAMINE SUCCINATE","HUMAN OTC DRUG","11/28/2023","N/A","OTC MONOGRAPH DRUG","1 BLISTER PACK in 1 CARTON (69729-153-10)  / 10 CAPSULE, LIQUID FILLED in 1 BLISTER PACK","Antihistamine [EPC],  Histamine Receptor Antagonists [MoA],  Sigma-1 Agonist [EPC],  Sigma-1 Receptor Agonists [MoA],  Uncompetitive N-methyl-D-aspartate Receptor Antagonist [EPC],  Uncompetitive NMDA Receptor Antagonists [MoA]","N/A","No","12/31/2026"
"Topcare Day Time Nite Time Cold and Flu","36800-597-02","","KIT","","M012","Topco Associates LLC","36800-597","acetaminophen, dextromethorphan HBr, doxylamine succinate, guaifenesin, phenylephrine HCl","","HUMAN OTC DRUG","06/28/2014","N/A","OTC MONOGRAPH DRUG","1 KIT in 1 CARTON (36800-597-02)  *  355 mL in 1 BOTTLE (36800-763-40)  *  355 mL in 1 BOTTLE (36800-603-40)","N/A","N/A","No","12/31/2027"
"TopCare Day Time Nite Time Cold and Flu Relief","36800-301-02","","KIT","","M012","Topco Associates LLC","36800-301","Acetaminophen, Dextromethorphan HBr, Doxylamine succinate, Phenylephrine HCl","","HUMAN OTC DRUG","09/08/2018","N/A","OTC MONOGRAPH DRUG","1 KIT in 1 CARTON (36800-301-02)  *  355 mL in 1 BOTTLE (36800-459-40)  *  355 mL in 1 BOTTLE (36800-522-40)","N/A","N/A","No","12/31/2027"
"Topcare DayTime NiteTime Cold and Flu Relief","76162-903-02","","KIT","","M012","Topco Associates LLC","76162-903","acetaminophen, dextromethorphan hydrobromide, doxylamine succinate","","HUMAN OTC DRUG","08/27/2025","N/A","OTC MONOGRAPH DRUG","1 KIT in 1 CARTON (76162-903-02)  *  355 mL in 1 BOTTLE (76162-599-40)  *  355 mL in 1 BOTTLE (76162-483-40)","N/A","N/A","No","12/31/2026"
"TOPCARE HONEY FLAVOR COLD AND FLU RELIEF","76162-417-02","","KIT","","M012","Topco Associates LLC","76162-417","Acetaminophen, Dextromethorphan Hydrobromide, Doxylamine Succinate, Guaifenesin, Phenylephrine Hydrochloride","","HUMAN OTC DRUG","08/06/2025","N/A","OTC MONOGRAPH DRUG","1 KIT in 1 CARTON (76162-417-02)  *  355 mL in 1 BOTTLE (76162-202-40)  *  355 mL in 1 BOTTLE (76162-500-40)","N/A","N/A","No","12/31/2026"
"topcare nite time cold and flu","36800-143-62","325 mg/1,                         15  mg/1,                         6.25  mg/1","CAPSULE, LIQUID FILLED","ORAL","M012","Topco Associates LLC","36800-143","Acetaminophen, Dextromethorphan HBr, Doxylamine succinate","ACETAMINOPHEN;  DEXTROMETHORPHAN HYDROBROMIDE;  DOXYLAMINE SUCCINATE","HUMAN OTC DRUG","02/02/2014","N/A","OTC MONOGRAPH DRUG","12 BLISTER PACK in 1 CARTON (36800-143-62)  / 2 CAPSULE, LIQUID FILLED in 1 BLISTER PACK","Antihistamine [EPC],  Histamine Receptor Antagonists [MoA],  Sigma-1 Agonist [EPC],  Sigma-1 Receptor Agonists [MoA],  Uncompetitive N-methyl-D-aspartate Receptor Antagonist [EPC],  Uncompetitive NMDA Receptor Antagonists [MoA]","N/A","No","12/31/2026"
"topcare nite time cold and flu","36800-291-40","650 mg/30mL,                         20  mg/30mL,                         12.5  mg/30mL,                         10  mg/30mL","SOLUTION","ORAL","M012","Topco Associates LLC","36800-291","Acetaminophen, dextromethorphan HBr, doxylamine succinate, phenylephrine HCl","ACETAMINOPHEN;  DEXTROMETHORPHAN HYDROBROMIDE;  DOXYLAMINE SUCCINATE;  PHENYLEPHRINE HYDROCHLORIDE","HUMAN OTC DRUG","08/04/2015","N/A","OTC MONOGRAPH DRUG","355 mL in 1 BOTTLE (36800-291-40)","Adrenergic alpha1-Agonists [MoA],  Antihistamine [EPC],  Histamine Receptor Antagonists [MoA],  Sigma-1 Agonist [EPC],  Sigma-1 Receptor Agonists [MoA],  Uncompetitive N-methyl-D-aspartate Receptor Antagonist [EPC],  Uncompetitive NMDA Receptor Antagonists [MoA],  alpha-1 Adrenergic Agonist [EPC]","N/A","No","12/31/2026"
"topcare nite time cold and flu","36800-307-62","325 mg/1,                         10  mg/1,                         6.25  mg/1,                         5  mg/1","TABLET, FILM COATED","ORAL","M012","Topco Associates LLC","36800-307","acetaminophen, dextromethorphan hydrobromide, doxylamine succinate, phenylephrine hydrochloride","ACETAMINOPHEN;  DEXTROMETHORPHAN HYDROBROMIDE;  DOXYLAMINE SUCCINATE;  PHENYLEPHRINE HYDROCHLORIDE","HUMAN OTC DRUG","09/10/2019","N/A","OTC MONOGRAPH DRUG","12 BLISTER PACK in 1 CARTON (36800-307-62)  / 2 TABLET, FILM COATED in 1 BLISTER PACK","Adrenergic alpha1-Agonists [MoA],  Antihistamine [EPC],  Histamine Receptor Antagonists [MoA],  Sigma-1 Agonist [EPC],  Sigma-1 Receptor Agonists [MoA],  Uncompetitive N-methyl-D-aspartate Receptor Antagonist [EPC],  Uncompetitive NMDA Receptor Antagonists [MoA],  alpha-1 Adrenergic Agonist [EPC]","N/A","No","12/31/2026"
"topcare nite time cold and flu","76162-202-40","325 mg/15mL,                         10  mg/15mL,                         6.25  mg/15mL,                         5  mg/15mL","SOLUTION","ORAL","M012","Topco Associates LLC","76162-202","acetaminophen, dextromethorphan hydrobromide, doxylamine succinate, phenylephrine hydrochloride","ACETAMINOPHEN;  DEXTROMETHORPHAN HYDROBROMIDE;  DOXYLAMINE SUCCINATE;  PHENYLEPHRINE HYDROCHLORIDE","HUMAN OTC DRUG","07/03/2023","N/A","OTC MONOGRAPH DRUG","355 mL in 1 BOTTLE (76162-202-40)","Adrenergic alpha1-Agonists [MoA],  Antihistamine [EPC],  Histamine Receptor Antagonists [MoA],  Sigma-1 Agonist [EPC],  Sigma-1 Receptor Agonists [MoA],  Uncompetitive N-methyl-D-aspartate Receptor Antagonist [EPC],  Uncompetitive NMDA Receptor Antagonists [MoA],  alpha-1 Adrenergic Agonist [EPC]","N/A","No","12/31/2026"
"TOPCARE NITE TIME COLD AND FLU","76162-619-62","325 mg/1,                         10  mg/1,                         6.25  mg/1","TABLET, FILM COATED","ORAL","M012","Topco Associates LLC","76162-619","acetaminophen, dextromethorphan hydrobromide, doxylamine succinate","ACETAMINOPHEN;  DEXTROMETHORPHAN HYDROBROMIDE;  DOXYLAMINE SUCCINATE","HUMAN OTC DRUG","07/24/2026","N/A","OTC MONOGRAPH DRUG","12 BLISTER PACK in 1 CARTON (76162-619-62)  / 2 TABLET, FILM COATED in 1 BLISTER PACK","Antihistamine [EPC],  Histamine Receptor Antagonists [MoA],  Sigma-1 Agonist [EPC],  Sigma-1 Receptor Agonists [MoA],  Uncompetitive N-methyl-D-aspartate Receptor Antagonist [EPC],  Uncompetitive NMDA Receptor Antagonists [MoA]","N/A","No","12/31/2027"
"topcare nite time cold and flu relief","36800-335-40","650 mg/30mL,                         30  mg/30mL,                         12.5  mg/30mL","SOLUTION","ORAL","M012","Topco Associates LLC","36800-335","Acetaminophen, Dextromethorphan HBr, Doxylamine succinate","ACETAMINOPHEN;  DEXTROMETHORPHAN HYDROBROMIDE;  DOXYLAMINE SUCCINATE","HUMAN OTC DRUG","07/16/2012","N/A","OTC MONOGRAPH DRUG","355 mL in 1 BOTTLE (36800-335-40)","Antihistamine [EPC],  Histamine Receptor Antagonists [MoA],  Sigma-1 Agonist [EPC],  Sigma-1 Receptor Agonists [MoA],  Uncompetitive N-methyl-D-aspartate Receptor Antagonist [EPC],  Uncompetitive NMDA Receptor Antagonists [MoA]","N/A","No","12/31/2027"
"topcare nite time cold and flu relief","36800-335-34","650 mg/30mL,                         30  mg/30mL,                         12.5  mg/30mL","SOLUTION","ORAL","M012","Topco Associates LLC","36800-335","Acetaminophen, Dextromethorphan HBr, Doxylamine succinate","ACETAMINOPHEN;  DEXTROMETHORPHAN HYDROBROMIDE;  DOXYLAMINE SUCCINATE","HUMAN OTC DRUG","07/17/2012","N/A","OTC MONOGRAPH DRUG","237 mL in 1 BOTTLE (36800-335-34)","Antihistamine [EPC],  Histamine Receptor Antagonists [MoA],  Sigma-1 Agonist [EPC],  Sigma-1 Receptor Agonists [MoA],  Uncompetitive N-methyl-D-aspartate Receptor Antagonist [EPC],  Uncompetitive NMDA Receptor Antagonists [MoA]","N/A","No","12/31/2027"
"topcare nite time cold and flu relief","36800-459-34","650 mg/30mL,                         30  mg/30mL,                         12.5  mg/30mL","SOLUTION","ORAL","M012","Topco Associates LLC","36800-459","Acetaminophen, Dextromethorphan HBr, Doxylamine succinate","ACETAMINOPHEN;  DEXTROMETHORPHAN HYDROBROMIDE;  DOXYLAMINE SUCCINATE","HUMAN OTC DRUG","07/11/2012","N/A","OTC MONOGRAPH DRUG","237 mL in 1 BOTTLE (36800-459-34)","Antihistamine [EPC],  Histamine Receptor Antagonists [MoA],  Sigma-1 Agonist [EPC],  Sigma-1 Receptor Agonists [MoA],  Uncompetitive N-methyl-D-aspartate Receptor Antagonist [EPC],  Uncompetitive NMDA Receptor Antagonists [MoA]","N/A","No","12/31/2027"
"topcare nite time cold and flu relief","36800-459-40","650 mg/30mL,                         30  mg/30mL,                         12.5  mg/30mL","SOLUTION","ORAL","M012","Topco Associates LLC","36800-459","Acetaminophen, Dextromethorphan HBr, Doxylamine succinate","ACETAMINOPHEN;  DEXTROMETHORPHAN HYDROBROMIDE;  DOXYLAMINE SUCCINATE","HUMAN OTC DRUG","07/10/2012","N/A","OTC MONOGRAPH DRUG","355 mL in 1 BOTTLE (36800-459-40)","Antihistamine [EPC],  Histamine Receptor Antagonists [MoA],  Sigma-1 Agonist [EPC],  Sigma-1 Receptor Agonists [MoA],  Uncompetitive N-methyl-D-aspartate Receptor Antagonist [EPC],  Uncompetitive NMDA Receptor Antagonists [MoA]","N/A","No","12/31/2027"
"Topcare Nite Time Day Time","36800-580-72","","KIT","","M012","Topco Associates LLC","36800-580","Acetaminophen, dextromethorphan HBr, doxylamine succinate, phenylephrine HCl","","HUMAN OTC DRUG","04/29/2014","N/A","OTC MONOGRAPH DRUG","1 KIT in 1 CARTON (36800-580-72)  *  8 BLISTER PACK in 1 CARTON (36800-143-73)  / 2 CAPSULE, LIQUID FILLED in 1 BLISTER PACK *  16 BLISTER PACK in 1 CARTON / 2 CAPSULE, LIQUID FILLED in 1 BLISTER PACK","N/A","N/A","No","12/31/2026"
"TopCare Nite Time SEVERE Cold and Flu","76162-812-24","325 mg/1,                         10  mg/1,                         6.25  mg/1,                         5  mg/1","CAPSULE, LIQUID FILLED","ORAL","M012","Topco Associates LLC","76162-812","Acetaminophen, Dextromethorphan hydrobromide, Doxylamine succinate, Phenylephrine hydrochloride","ACETAMINOPHEN;  DEXTROMETHORPHAN HYDROBROMIDE;  DOXYLAMINE SUCCINATE;  PHENYLEPHRINE HYDROCHLORIDE","HUMAN OTC DRUG","11/03/2023","N/A","OTC MONOGRAPH DRUG","2 BLISTER PACK in 1 CARTON (76162-812-24)  / 12 CAPSULE, LIQUID FILLED in 1 BLISTER PACK","Adrenergic alpha1-Agonists [MoA],  Antihistamine [EPC],  Histamine Receptor Antagonists [MoA],  Sigma-1 Agonist [EPC],  Sigma-1 Receptor Agonists [MoA],  Uncompetitive N-methyl-D-aspartate Receptor Antagonist [EPC],  Uncompetitive NMDA Receptor Antagonists [MoA],  alpha-1 Adrenergic Agonist [EPC]","N/A","No","12/31/2026"
"Topcare NiteTime Cold and Flu Relief","76162-599-40","325 mg/15mL,                         10  mg/15mL,                         6.25  mg/15mL","SOLUTION","ORAL","M012","Topco Associates LLC","76162-599","acetaminophen, dextromethorphan hydrobromide, doxylamine succinate","ACETAMINOPHEN;  DEXTROMETHORPHAN HYDROBROMIDE;  DOXYLAMINE SUCCINATE","HUMAN OTC DRUG","07/15/2025","N/A","OTC MONOGRAPH DRUG","355 mL in 1 BOTTLE (76162-599-40)","Antihistamine [EPC],  Histamine Receptor Antagonists [MoA],  Sigma-1 Agonist [EPC],  Sigma-1 Receptor Agonists [MoA],  Uncompetitive N-methyl-D-aspartate Receptor Antagonist [EPC],  Uncompetitive NMDA Receptor Antagonists [MoA]","N/A","No","12/31/2026"
"TopCare Sleep Aid","36800-441-64","25 mg/1","TABLET","ORAL","ANDA040167","Topco Associates LLC","36800-441","Doxylamine succinate","DOXYLAMINE SUCCINATE","HUMAN OTC DRUG","01/29/1997","N/A","ANDA","32 BLISTER PACK in 1 CARTON (36800-441-64)  / 1 TABLET in 1 BLISTER PACK","Antihistamine [EPC],  Histamine Receptor Antagonists [MoA]","N/A","No","12/31/2026"
"Topcare Sleep Aid","76162-159-67","25 mg/1","TABLET","ORAL","ANDA040167","Topco Associates LLC","76162-159","Doxylamine Succinate","DOXYLAMINE SUCCINATE","HUMAN OTC DRUG","01/24/2024","N/A","ANDA","48 BLISTER PACK in 1 CARTON (76162-159-67)  / 1 TABLET in 1 BLISTER PACK","Antihistamine [EPC],  Histamine Receptor Antagonists [MoA]","N/A","No","12/31/2026"
"Topcare Sleep Aid","76162-159-62","25 mg/1","TABLET","ORAL","ANDA040167","Topco Associates LLC","76162-159","Doxylamine Succinate","DOXYLAMINE SUCCINATE","HUMAN OTC DRUG","06/16/2023","N/A","ANDA","24 BLISTER PACK in 1 CARTON (76162-159-62)  / 1 TABLET in 1 BLISTER PACK","Antihistamine [EPC],  Histamine Receptor Antagonists [MoA]","N/A","No","12/31/2026"
"topcare sleep aid","76162-603-67","25 mg/1","TABLET, COATED","ORAL","ANDA040167","Topco Associates LLC","76162-603","doxylamine succinate","DOXYLAMINE SUCCINATE","HUMAN OTC DRUG","03/26/2025","N/A","ANDA","1 BOTTLE in 1 CARTON (76162-603-67)  / 48 TABLET, COATED in 1 BOTTLE","Antihistamine [EPC],  Histamine Receptor Antagonists [MoA]","N/A","No","12/31/2026"
"topcare tussin dm max","36800-788-26","30 mg/20mL,                         12.5  mg/20mL","SOLUTION","ORAL","M012","Topco Associates LLC","36800-788","Dextromethorphan hydrobromide, Doxylamine succinate","DEXTROMETHORPHAN HYDROBROMIDE;  DOXYLAMINE SUCCINATE","HUMAN OTC DRUG","05/02/2019","N/A","OTC MONOGRAPH DRUG","1 BOTTLE in 1 CARTON (36800-788-26)  / 118 mL in 1 BOTTLE","Antihistamine [EPC],  Histamine Receptor Antagonists [MoA],  Sigma-1 Agonist [EPC],  Sigma-1 Receptor Agonists [MoA],  Uncompetitive N-methyl-D-aspartate Receptor Antagonist [EPC],  Uncompetitive NMDA Receptor Antagonists [MoA]","N/A","No","12/31/2026"
"Tukol Honey Daytime and Nighttime Value Pack","50066-304-02","","KIT","","M012","Genomma Lab USA","50066-304","Acetaminophen, Dextromethorphan Hydrobromide, Phenylephrine Hydrochloride, and Doxylamine Succinate","","HUMAN OTC DRUG","01/30/2023","N/A","OTC MONOGRAPH DRUG","1 KIT in 1 CARTON (50066-304-02)  *  1 BOTTLE, PLASTIC in 1 CARTON (50066-302-04)  / 118 mL in 1 BOTTLE, PLASTIC *  1 BOTTLE, PLASTIC in 1 CARTON (50066-303-04)  / 118 mL in 1 BOTTLE, PLASTIC","N/A","N/A","No","12/31/2026"
"Tukol Honey Nighttime Cold and Flu","50066-303-04","21.667 mg/mL,                         1  mg/mL,                         .4167  mg/mL","SYRUP","ORAL","M012","Genomma Lab USA","50066-303","ACETAMINOPHEN, DEXTROMETHORPHAN HYDROBROMIDE, and DOXYLAMINE SUCCINATE","ACETAMINOPHEN;  DEXTROMETHORPHAN HYDROBROMIDE;  DOXYLAMINE SUCCINATE","HUMAN OTC DRUG","02/09/2020","N/A","OTC MONOGRAPH DRUG","1 BOTTLE, PLASTIC in 1 CARTON (50066-303-04)  / 118 mL in 1 BOTTLE, PLASTIC","Antihistamine [EPC],  Histamine Receptor Antagonists [MoA],  Sigma-1 Agonist [EPC],  Sigma-1 Receptor Agonists [MoA],  Uncompetitive N-methyl-D-aspartate Receptor Antagonist [EPC],  Uncompetitive NMDA Receptor Antagonists [MoA]","N/A","No","12/31/2026"
"Tukol Max Action Cold and Flu Nighttime Relief","50066-520-06","21.67 mg/mL,                         .667  mg/mL,                         .417  mg/mL","SYRUP","ORAL","M012","Genomma Lab USA","50066-520","Acetaminophen, Dextromethorphan Hydrobromide, and Doxylamine Succinate","ACETAMINOPHEN;  DEXTROMETHORPHAN HYDROBROMIDE;  DOXYLAMINE SUCCINATE","HUMAN OTC DRUG","07/30/2026","N/A","OTC MONOGRAPH DRUG","1 BOTTLE, PLASTIC in 1 CARTON (50066-520-06)  / 177 mL in 1 BOTTLE, PLASTIC","Antihistamine [EPC],  Histamine Receptor Antagonists [MoA],  Sigma-1 Agonist [EPC],  Sigma-1 Receptor Agonists [MoA],  Uncompetitive N-methyl-D-aspartate Receptor Antagonist [EPC],  Uncompetitive NMDA Receptor Antagonists [MoA]","N/A","No","12/31/2027"
"Tussin DM","51316-430-36","30 mg/20mL,                         12.5  mg/20mL","SOLUTION","ORAL","M012","CVS WOONSOCKET PRESCRIPTION CENTER, INCORPORATED","51316-430","Dextromethorphan HBr, Doxylamine Succinate","DEXTROMETHORPHAN HYDROBROMIDE;  DOXYLAMINE SUCCINATE","HUMAN OTC DRUG","04/14/2023","01/31/2028","OTC MONOGRAPH DRUG","1 BOTTLE, PLASTIC in 1 CARTON (51316-430-36)  / 118 mL in 1 BOTTLE, PLASTIC","Antihistamine [EPC],  Histamine Receptor Antagonists [MoA],  Sigma-1 Agonist [EPC],  Sigma-1 Receptor Agonists [MoA],  Uncompetitive N-methyl-D-aspartate Receptor Antagonist [EPC],  Uncompetitive NMDA Receptor Antagonists [MoA]","N/A","No","N/A"
"Tussin DM","51316-434-19","","KIT","ORAL","M012","CVS WOONSOCKET PRESCRIPTION CENTER, INCORPORATED","51316-434","Dextromethorphan HBr, Doxylamine Succinate, Guaifenesin","","HUMAN OTC DRUG","04/18/2023","03/31/2028","OTC MONOGRAPH DRUG","1 KIT in 1 PACKAGE, COMBINATION (51316-434-19)  *  118 mL in 1 BOTTLE, PLASTIC *  118 mL in 1 BOTTLE, PLASTIC","N/A","N/A","No","N/A"
"Tussin DM","69842-699-26","30 mg/20mL,                         12.5  mg/20mL","SOLUTION","ORAL","M012","CVS Pharmacy","69842-699","Dextromethorphan HBr, Doxylamine succinate","DEXTROMETHORPHAN HYDROBROMIDE;  DOXYLAMINE SUCCINATE","HUMAN OTC DRUG","06/25/2018","N/A","OTC MONOGRAPH DRUG","1 BOTTLE in 1 CARTON (69842-699-26)  / 118 mL in 1 BOTTLE","Antihistamine [EPC],  Histamine Receptor Antagonists [MoA],  Sigma-1 Agonist [EPC],  Sigma-1 Receptor Agonists [MoA],  Uncompetitive N-methyl-D-aspartate Receptor Antagonist [EPC],  Uncompetitive NMDA Receptor Antagonists [MoA]","N/A","No","12/31/2026"
"Tussin DM Max","0363-1043-19","30 mg/20mL,                         12.5  mg/20mL","SOLUTION","ORAL","M012","Walgreen Company","0363-1043","Dextromethorphan HBr, Doxylamine succinate","DEXTROMETHORPHAN HYDROBROMIDE;  DOXYLAMINE SUCCINATE","HUMAN OTC DRUG","05/14/2024","N/A","OTC MONOGRAPH DRUG","1 BOTTLE, PLASTIC in 1 CARTON (0363-1043-19)  / 237 mL in 1 BOTTLE, PLASTIC","Antihistamine [EPC],  Histamine Receptor Antagonists [MoA],  Sigma-1 Agonist [EPC],  Sigma-1 Receptor Agonists [MoA],  Uncompetitive N-methyl-D-aspartate Receptor Antagonist [EPC],  Uncompetitive NMDA Receptor Antagonists [MoA]","N/A","No","12/31/2027"
"Tussin DM Max","49035-943-19","30 mg/20mL,                         12.5  mg/20mL","SOLUTION","ORAL","M012","Wal-Mart Stores Inc","49035-943","Dextromethorphan HBr, Doxylamine Succinate","DEXTROMETHORPHAN HYDROBROMIDE;  DOXYLAMINE SUCCINATE","HUMAN OTC DRUG","08/15/2018","N/A","OTC MONOGRAPH DRUG","1 BOTTLE in 1 CARTON (49035-943-19)  / 237 mL in 1 BOTTLE","Antihistamine [EPC],  Histamine Receptor Antagonists [MoA],  Sigma-1 Agonist [EPC],  Sigma-1 Receptor Agonists [MoA],  Uncompetitive N-methyl-D-aspartate Receptor Antagonist [EPC],  Uncompetitive NMDA Receptor Antagonists [MoA]","N/A","No","12/31/2027"
"tussin dm max daytime nighttime","69842-929-12","","KIT","","M012","CVS Pharmacy","69842-929","dextromethorphan hbr, doxylamine succinate, guaifesesin","","HUMAN OTC DRUG","07/20/2018","N/A","OTC MONOGRAPH DRUG","1 KIT in 1 CARTON (69842-929-12)  *  1 BOTTLE in 1 CARTON (69842-699-26)  / 118 mL in 1 BOTTLE *  1 BOTTLE in 1 CARTON (69842-819-26)  / 118 mL in 1 BOTTLE","N/A","N/A","No","12/31/2026"
"tussin dm nighttime max","42507-689-26","30 mg/20mL,                         12.5  mg/20mL","SOLUTION","ORAL","M012","HyVee Inc","42507-689","Dextromethorphan Hydrobromide, Doxylamine Succinate","DEXTROMETHORPHAN HYDROBROMIDE;  DOXYLAMINE SUCCINATE","HUMAN OTC DRUG","01/13/2026","N/A","OTC MONOGRAPH DRUG","1 BOTTLE in 1 CARTON (42507-689-26)  / 118 mL in 1 BOTTLE (42507-689-00)","Antihistamine [EPC],  Histamine Receptor Antagonists [MoA],  Sigma-1 Agonist [EPC],  Sigma-1 Receptor Agonists [MoA],  Uncompetitive N-methyl-D-aspartate Receptor Antagonist [EPC],  Uncompetitive NMDA Receptor Antagonists [MoA]","N/A","No","12/31/2027"
"tussin nighttime cough","11822-6005-0","30 mg/20mL,                         12.5  mg/20mL","SOLUTION","ORAL","M012","Rite Aid Corporation","11822-6005","Dextromethorphan Hydrobromide, Doxylamine Succinate","DEXTROMETHORPHAN HYDROBROMIDE;  DOXYLAMINE SUCCINATE","HUMAN OTC DRUG","03/16/2023","N/A","OTC MONOGRAPH DRUG","1 BOTTLE in 1 CARTON (11822-6005-0)  / 118 mL in 1 BOTTLE","Antihistamine [EPC],  Histamine Receptor Antagonists [MoA],  Sigma-1 Agonist [EPC],  Sigma-1 Receptor Agonists [MoA],  Uncompetitive N-methyl-D-aspartate Receptor Antagonist [EPC],  Uncompetitive NMDA Receptor Antagonists [MoA]","N/A","No","12/31/2026"
"TYLENOL COLD PLUS FLU MULTI-SYMPTOM GELS DAY PLUS NIGHT","50580-132-24","","KIT","","M012","Kenvue Brands LLC","50580-132","acetaminophen,dextromethorphan hydrobromide, doxylamine succinate","","HUMAN OTC DRUG","09/25/2024","N/A","OTC MONOGRAPH DRUG","1 KIT in 1 PACKAGE (50580-132-24)  *  2 BLISTER PACK in 1 KIT / 8 CAPSULE, LIQUID FILLED in 1 BLISTER PACK *  1 BLISTER PACK in 1 KIT / 8 CAPSULE, LIQUID FILLED in 1 BLISTER PACK","N/A","N/A","No","12/31/2027"
"TYLENOL COLD PLUS FLU MULTI-SYMPTOM GELS NIGHT","50580-131-24","15 mg/1,                         6.25  mg/1,                         325  mg/1","CAPSULE, LIQUID FILLED","ORAL","M012","Kenvue Brands LLC","50580-131","Acetaminophen, Dextromethorphan Hydrobromide and Doxylamine Succinate","DEXTROMETHORPHAN HYDROBROMIDE;  DOXYLAMINE SUCCINATE;  ACETAMINOPHEN","HUMAN OTC DRUG","09/25/2024","N/A","OTC MONOGRAPH DRUG","2 BLISTER PACK in 1 CARTON (50580-131-24)  / 12 CAPSULE, LIQUID FILLED in 1 BLISTER PACK","Antihistamine [EPC],  Histamine Receptor Antagonists [MoA],  Sigma-1 Agonist [EPC],  Sigma-1 Receptor Agonists [MoA],  Uncompetitive N-methyl-D-aspartate Receptor Antagonist [EPC],  Uncompetitive NMDA Receptor Antagonists [MoA]","N/A","No","12/31/2027"
"TYLENOL Cold Plus Flu Multi-Symptom Liquid Gels Day Plus Night","50580-141-03","","KIT","ORAL","M012","Kenvue Brands LLC","50580-141","Acetaminophen, Dextromethorphan Hydrobromide and Doxylamine Succinate","","HUMAN OTC DRUG","06/30/2025","N/A","OTC MONOGRAPH DRUG","3 KIT in 1 PACKAGE (50580-141-03)  / 1 KIT in 1 KIT *  2 BLISTER PACK in 1 CARTON / 8 CAPSULE, LIQUID FILLED in 1 BLISTER PACK *  1 BLISTER PACK in 1 CARTON / 8 CAPSULE, LIQUID FILLED in 1 BLISTER PACK","N/A","N/A","No","12/31/2027"
"Tylenol Cold plus Flu plus Cough","50580-369-01","325 mg/15mL,                         10  mg/15mL,                         6.25  mg/15mL,                         5  mg/15mL","SOLUTION","ORAL","M012","Kenvue Brands LLC","50580-369","Acetaminophen, Dextromethorphan Hydrobromide, Doxylamine Succinate, and Phenylephrine Hydrochloride","ACETAMINOPHEN;  DEXTROMETHORPHAN HYDROBROMIDE;  DOXYLAMINE SUCCINATE;  PHENYLEPHRINE HYDROCHLORIDE","HUMAN OTC DRUG","06/17/2019","N/A","OTC MONOGRAPH DRUG","240 mL in 1 BOTTLE (50580-369-01)","Adrenergic alpha1-Agonists [MoA],  Antihistamine [EPC],  Histamine Receptor Antagonists [MoA],  Sigma-1 Agonist [EPC],  Sigma-1 Receptor Agonists [MoA],  Uncompetitive N-methyl-D-aspartate Receptor Antagonist [EPC],  Uncompetitive NMDA Receptor Antagonists [MoA],  alpha-1 Adrenergic Agonist [EPC]","N/A","No","12/31/2026"
"Tylenol Cold plus Flu Severe and Tylenol Cold Max","50580-241-01","","KIT","","M012","Kenvue Brands LLC","50580-241","Acetaminophen, Dextromethorphan Hydrobromide, Doxylamine Succinate, Guaifenesin, and Phenylephrine Hydrochloride","","HUMAN OTC DRUG","10/03/2016","N/A","OTC MONOGRAPH DRUG","1 KIT in 1 PACKAGE (50580-241-01)  *  240 mL in 1 BOTTLE, PLASTIC (50580-403-08)  *  240 mL in 1 BOTTLE, PLASTIC (50580-571-01)","N/A","N/A","No","12/31/2026"
"TYLENOL Cold Plus Flu Severe and TYLENOL COLD MAX CoPack","50580-231-01","","KIT","","M012","Kenvue Brands LLC","50580-231","ACETAMINOPHEN, DEXTROMETHORPHAN HYDROBROMIDE, DOXYLAMINE SUCCINATE, GUAIFENESIN, AND PHENYLEPHRINE HYDROCHLORIDE","","HUMAN OTC DRUG","08/20/2018","N/A","OTC MONOGRAPH DRUG","1 KIT in 1 PACKAGE (50580-231-01)  *  240 mL in 1 BOTTLE, PLASTIC (50580-403-08)  *  240 mL in 1 BOTTLE, PLASTIC (50580-571-01)","N/A","N/A","No","12/31/2026"
"Tylenol Cold Plus Flu Severe Day and Tylenol Cold Plus Flu Plus Cough Night 2-pack","50580-526-01","","KIT","","M012","Kenvue Brands LLC","50580-526","acetaminophen, dextromethorphan hydrobromide, doxylamine succinate, and guaifenesin, phenylephrine hydrochloride","","HUMAN OTC DRUG","10/28/2019","N/A","OTC MONOGRAPH DRUG","1 KIT in 1 PACKAGE (50580-526-01)  *  240 mL in 1 BOTTLE (50580-369-01)  *  240 mL in 1 BOTTLE, PLASTIC (50580-403-08)","N/A","N/A","No","12/31/2026"
"Tylenol Cold Plus Flu Severe Day and Tylenol Cold Plus Flu Plus Cough Night 3-Pack","50580-529-01","","KIT","","M012","Kenvue Brands LLC","50580-529","acetaminophen, dextromethorphan hydrobromide, doxylamine succinate, and guaifenesin, phenylephrine hydrochloride","","HUMAN OTC DRUG","08/05/2019","N/A","OTC MONOGRAPH DRUG","1 KIT in 1 PACKAGE (50580-529-01)  *  240 mL in 1 BOTTLE (50580-369-01)  *  240 mL in 1 BOTTLE, PLASTIC (50580-403-08)","N/A","N/A","No","12/31/2026"
"Ultra concentrated Daytime/ Nighttime Severe Softgel","51316-547-24","","KIT","ORAL","M012","CVS PHARMACY, INC","51316-547","Acetaminophen, Dextromethorphan Hydrobromide, Doxylamine Succinate, Phenylephrine hydrochloride softgel","","HUMAN OTC DRUG","02/01/2025","N/A","OTC MONOGRAPH DRUG","2 BLISTER PACK in 1 CARTON (51316-547-24)  / 1 KIT in 1 BLISTER PACK *  8 CAPSULE in 1 BLISTER PACK *  4 CAPSULE in 1 BLISTER PACK","N/A","N/A","No","12/31/2027"
"Ultra Concentrated Nighttime COLD AND FLU","51013-668-01","325 mg/1,                         10  mg/1,                         6.25  mg/1","CAPSULE, LIQUID FILLED","ORAL","M012","PuraCap Pharmaceutical LLC","51013-668","acetaminophen, dextromethorphan hydrobromide, doxylamine succinate","ACETAMINOPHEN;  DEXTROMETHORPHAN HYDROBROMIDE;  DOXYLAMINE SUCCINATE","HUMAN OTC DRUG","03/12/2025","N/A","OTC MONOGRAPH DRUG","1 BLISTER PACK in 1 CARTON (51013-668-01)  / 10 CAPSULE, LIQUID FILLED in 1 BLISTER PACK","Antihistamine [EPC],  Histamine Receptor Antagonists [MoA],  Sigma-1 Agonist [EPC],  Sigma-1 Receptor Agonists [MoA],  Uncompetitive N-methyl-D-aspartate Receptor Antagonist [EPC],  Uncompetitive NMDA Receptor Antagonists [MoA]","N/A","No","12/31/2026"
"ultra sleep aid","0363-8011-62","25 mg/1","TABLET","ORAL","ANDA040167","Walgreen Company","0363-8011","Doxylamine Succinate","DOXYLAMINE SUCCINATE","HUMAN OTC DRUG","02/14/2025","N/A","ANDA","24 BLISTER PACK in 1 CARTON (0363-8011-62)  / 1 TABLET in 1 BLISTER PACK","Antihistamine [EPC],  Histamine Receptor Antagonists [MoA]","N/A","No","12/31/2027"
"Unisom SleepTabs","41167-0063-5","25 mg/1","TABLET","ORAL","ANDA040167","Chattem, Inc.","41167-0063","Doxylamine Succinate","DOXYLAMINE SUCCINATE","HUMAN OTC DRUG","01/15/2016","N/A","ANDA","1 BLISTER PACK in 1 CARTON (41167-0063-5)  / 16 TABLET in 1 BLISTER PACK","Antihistamine [EPC],  Histamine Receptor Antagonists [MoA]","N/A","No","12/31/2027"
"Unisom SleepTabs","41167-0063-7","25 mg/1","TABLET","ORAL","ANDA040167","Chattem, Inc.","41167-0063","Doxylamine Succinate","DOXYLAMINE SUCCINATE","HUMAN OTC DRUG","01/15/2016","N/A","ANDA","1 BOTTLE, PLASTIC in 1 CARTON (41167-0063-7)  / 48 TABLET in 1 BOTTLE, PLASTIC","Antihistamine [EPC],  Histamine Receptor Antagonists [MoA]","N/A","No","12/31/2027"
"Unisom SleepTabs","41167-0063-6","25 mg/1","TABLET","ORAL","ANDA040167","Chattem, Inc.","41167-0063","Doxylamine Succinate","DOXYLAMINE SUCCINATE","HUMAN OTC DRUG","01/15/2016","N/A","ANDA","1 BOTTLE, PLASTIC in 1 CARTON (41167-0063-6)  / 32 TABLET in 1 BOTTLE, PLASTIC","Antihistamine [EPC],  Histamine Receptor Antagonists [MoA]","N/A","No","12/31/2027"
"Unisom SleepTabs","41167-0063-8","25 mg/1","TABLET","ORAL","ANDA040167","Chattem, Inc.","41167-0063","Doxylamine Succinate","DOXYLAMINE SUCCINATE","HUMAN OTC DRUG","01/15/2016","N/A","ANDA","1 BOTTLE, PLASTIC in 1 CARTON (41167-0063-8)  / 80 TABLET in 1 BOTTLE, PLASTIC","Antihistamine [EPC],  Histamine Receptor Antagonists [MoA]","N/A","No","12/31/2027"
"Unisom SleepTabs","41167-0608-2","25 mg/1","TABLET","ORAL","ANDA040564","Chattem, Inc.","41167-0608","Doxylamine Succinate","DOXYLAMINE SUCCINATE","HUMAN OTC DRUG","03/16/2026","N/A","ANDA","1 BOTTLE in 1 CARTON (41167-0608-2)  / 48 TABLET in 1 BOTTLE","Antihistamine [EPC],  Histamine Receptor Antagonists [MoA]","N/A","No","12/31/2027"
"Unisom SleepTabs","41167-0608-4","25 mg/1","TABLET","ORAL","ANDA040564","Chattem, Inc.","41167-0608","Doxylamine Succinate","DOXYLAMINE SUCCINATE","HUMAN OTC DRUG","03/16/2026","N/A","ANDA","1 BLISTER PACK in 1 CARTON (41167-0608-4)  / 4 TABLET in 1 BLISTER PACK","Antihistamine [EPC],  Histamine Receptor Antagonists [MoA]","N/A","No","12/31/2027"
"Unisom SleepTabs","41167-0608-3","25 mg/1","TABLET","ORAL","ANDA040564","Chattem, Inc.","41167-0608","Doxylamine Succinate","DOXYLAMINE SUCCINATE","HUMAN OTC DRUG","03/16/2026","N/A","ANDA","1 BOTTLE in 1 CARTON (41167-0608-3)  / 80 TABLET in 1 BOTTLE","Antihistamine [EPC],  Histamine Receptor Antagonists [MoA]","N/A","No","12/31/2027"
"Unisom SleepTabs","41167-0608-1","25 mg/1","TABLET","ORAL","ANDA040564","Chattem, Inc.","41167-0608","Doxylamine Succinate","DOXYLAMINE SUCCINATE","HUMAN OTC DRUG","03/16/2026","N/A","ANDA","1 BOTTLE in 1 CARTON (41167-0608-1)  / 32 TABLET in 1 BOTTLE","Antihistamine [EPC],  Histamine Receptor Antagonists [MoA]","N/A","No","12/31/2027"
"Unisom SleepTabs","41167-0608-0","25 mg/1","TABLET","ORAL","ANDA040564","Chattem, Inc.","41167-0608","Doxylamine Succinate","DOXYLAMINE SUCCINATE","HUMAN OTC DRUG","03/16/2026","N/A","ANDA","1 BLISTER PACK in 1 CARTON (41167-0608-0)  / 16 TABLET in 1 BLISTER PACK","Antihistamine [EPC],  Histamine Receptor Antagonists [MoA]","N/A","No","12/31/2027"
"up and up nighttime sleep aid","11673-171-01","25 mg/1","TABLET","ORAL","ANDA040167","Target Corporation","11673-171","Doxylamine succinate","DOXYLAMINE SUCCINATE","HUMAN OTC DRUG","02/04/2022","N/A","ANDA","1 BOTTLE in 1 CARTON (11673-171-01)  / 96 TABLET in 1 BOTTLE","Antihistamine [EPC],  Histamine Receptor Antagonists [MoA]","N/A","No","12/31/2026"
"Vicks DayQuil and Nyquil VapoCOOL","84126-354-48","","KIT","ORAL","M012","The Procter & Gamble Manufacturing Company","84126-354","Acetaminophen, Dextromethorphan Hydrobromide, Doxylamine Succinate","","HUMAN OTC DRUG","05/06/2025","N/A","OTC MONOGRAPH DRUG","24 BLISTER PACK in 1 CARTON (84126-354-48)  / 1 KIT in 1 BLISTER PACK *  2 TABLET, COATED in 1 POUCH (84126-352-02)  *  1 TABLET, COATED in 1 BLISTER PACK","N/A","N/A","No","12/31/2027"
"Vicks DayQuil and Nyquil VapoCOOL","84126-354-24","","KIT","ORAL","M012","The Procter & Gamble Manufacturing Company","84126-354","Acetaminophen, Dextromethorphan Hydrobromide, Doxylamine Succinate","","HUMAN OTC DRUG","05/06/2025","N/A","OTC MONOGRAPH DRUG","12 BLISTER PACK in 1 CARTON (84126-354-24)  / 1 KIT in 1 BLISTER PACK *  2 TABLET, COATED in 1 POUCH (84126-352-02)  *  1 TABLET, COATED in 1 BLISTER PACK","N/A","N/A","No","12/31/2027"
"Vicks DayQuil and Nyquil VapoCOOL Severe","69423-988-48","","KIT","ORAL","M012","The Procter & Gamble Manufacturing Company","69423-988","Acetaminophen, Phenylephrine Hydrochloride, and Doxylamine Succinate","","HUMAN OTC DRUG","03/22/2021","N/A","OTC MONOGRAPH DRUG","1 KIT in 1 PACKAGE (69423-988-48)  *  1 TABLET in 1 BLISTER PACK *  1 TABLET, COATED in 1 BLISTER PACK","N/A","N/A","No","12/31/2026"
"Vicks DayQuil and Nyquil VapoCOOL Severe","69423-988-24","","KIT","ORAL","M012","The Procter & Gamble Manufacturing Company","69423-988","Acetaminophen, Phenylephrine Hydrochloride, and Doxylamine Succinate","","HUMAN OTC DRUG","03/22/2021","N/A","OTC MONOGRAPH DRUG","1 KIT in 1 PACKAGE (69423-988-24)  *  1 TABLET in 1 BLISTER PACK *  1 TABLET, COATED in 1 BLISTER PACK","N/A","N/A","No","12/31/2026"
"Vicks DayQuil and Vicks NyQuil","37000-033-24","","KIT","ORAL","M012","The Procter & Gamble Manufacturing Company","37000-033","Acetaminophen, Dextromethorphan Hydrobromide, Phenylephrine Hydrochloride, and Doxylamine Succinate","","HUMAN OTC DRUG","08/01/2013","N/A","OTC MONOGRAPH DRUG","1 KIT in 1 PACKAGE (37000-033-24)  *  354 mL in 1 BOTTLE, PLASTIC (69423-788-12)  *  354 mL in 1 BOTTLE, PLASTIC (69423-789-12)","N/A","N/A","No","12/31/2027"
"Vicks DayQuil and Vicks NyQuil","37000-045-24","","KIT","","M012","The Procter & Gamble Manufacturing Company","37000-045","Acetaminophen, Dextromethorphan Hydrobromide, Guaifenesin, Phenylephrine Hydrochloride, and doxylamine succinate","","HUMAN OTC DRUG","07/31/2014","N/A","OTC MONOGRAPH DRUG","1 KIT in 1 PACKAGE (37000-045-24)  *  354 mL in 1 BOTTLE, PLASTIC (37000-815-12)  *  354 mL in 1 BOTTLE, PLASTIC (37000-810-12)","N/A","N/A","No","12/31/2027"
"Vicks DayQuil and Vicks NyQuil","37000-814-24","","KIT","","M012","The Procter & Gamble Manufacturing Company","37000-814","Acetaminophen, Dextromethorphan Hydrobromide, Guaifenesin, Phenylephrine Hydrochloride, and doxylamine succinate","","HUMAN OTC DRUG","07/22/2013","N/A","OTC MONOGRAPH DRUG","1 KIT in 1 PACKAGE (37000-814-24)  *  354 mL in 1 BOTTLE, PLASTIC (37000-812-12)  *  354 mL in 1 BOTTLE, PLASTIC (37000-810-12)","N/A","N/A","No","12/31/2027"
"Vicks DayQuil and Vicks NyQuil","69423-798-12","","KIT","ORAL","M012","The Procter & Gamble Manufacturing Company","69423-798","Acetaminophen, Dextromethorphan Hydrobromide, Phenylephrine Hydrochloride, and Doxylamine Succinate","","HUMAN OTC DRUG","07/13/2021","N/A","OTC MONOGRAPH DRUG","1 KIT in 1 PACKAGE (69423-798-12)  *  354 mL in 1 BOTTLE, PLASTIC (69423-788-12)  *  354 mL in 1 BOTTLE, PLASTIC (69423-791-12)","N/A","N/A","No","12/31/2027"
"Vicks DayQuil and Vicks NyQuil","69423-798-24","","KIT","ORAL","M012","The Procter & Gamble Manufacturing Company","69423-798","Acetaminophen, Dextromethorphan Hydrobromide, Phenylephrine Hydrochloride, and Doxylamine Succinate","","HUMAN OTC DRUG","07/13/2021","N/A","OTC MONOGRAPH DRUG","1 KIT in 1 PACKAGE (69423-798-24)  *  354 mL in 1 BOTTLE, PLASTIC (69423-788-12)  *  354 mL in 1 BOTTLE, PLASTIC (69423-791-12)","N/A","N/A","No","12/31/2027"
"Vicks DayQuil and Vicks NyQuil","69423-845-24","","KIT","ORAL","M012","The Procter & Gamble Manufacturing Company","69423-845","Acetaminophen, Dextromethorphan HBr, Doxylamine succinate","","HUMAN OTC DRUG","07/09/2024","N/A","OTC MONOGRAPH DRUG","1 KIT in 1 PACKAGE (69423-845-24)  *  354 mL in 1 BOTTLE, PLASTIC (69423-843-12)  *  354 mL in 1 BOTTLE, PLASTIC (69423-844-12)","N/A","N/A","No","12/31/2026"
"Vicks DayQuil and Vicks NyQuil","69423-996-48","","KIT","","M012","The Procter & Gamble Manufacturing Company","69423-996","Acetaminophen, Phenylephrine Hydrochloride, Dextromethorphan Hydrobromide, and Doxylamine Succinate","","HUMAN OTC DRUG","01/01/2020","N/A","OTC MONOGRAPH DRUG","1 KIT in 1 PACKAGE (69423-996-48)  *  8 CAPSULE, LIQUID FILLED in 1 BLISTER PACK *  4 CAPSULE, LIQUID FILLED in 1 BLISTER PACK","N/A","N/A","No","12/31/2026"
"Vicks DayQuil and Vicks NyQuil","69423-996-12","","KIT","","M012","The Procter & Gamble Manufacturing Company","69423-996","Acetaminophen, Phenylephrine Hydrochloride, Dextromethorphan Hydrobromide, and Doxylamine Succinate","","HUMAN OTC DRUG","01/01/2020","N/A","OTC MONOGRAPH DRUG","1 KIT in 1 PACKAGE (69423-996-12)  *  8 CAPSULE, LIQUID FILLED in 1 BLISTER PACK *  4 CAPSULE, LIQUID FILLED in 1 BLISTER PACK","N/A","N/A","No","12/31/2026"
"Vicks DayQuil and Vicks NyQuil","69423-996-60","","KIT","","M012","The Procter & Gamble Manufacturing Company","69423-996","Acetaminophen, Phenylephrine Hydrochloride, Dextromethorphan Hydrobromide, and Doxylamine Succinate","","HUMAN OTC DRUG","01/01/2021","N/A","OTC MONOGRAPH DRUG","1 KIT in 1 PACKAGE (69423-996-60)  *  8 CAPSULE, LIQUID FILLED in 1 BLISTER PACK *  4 CAPSULE, LIQUID FILLED in 1 BLISTER PACK","N/A","N/A","No","12/31/2026"
"Vicks DayQuil and Vicks NyQuil","69423-996-24","","KIT","","M012","The Procter & Gamble Manufacturing Company","69423-996","Acetaminophen, Phenylephrine Hydrochloride, Dextromethorphan Hydrobromide, and Doxylamine Succinate","","HUMAN OTC DRUG","01/01/2020","N/A","OTC MONOGRAPH DRUG","1 KIT in 1 PACKAGE (69423-996-24)  *  8 CAPSULE, LIQUID FILLED in 1 BLISTER PACK *  4 CAPSULE, LIQUID FILLED in 1 BLISTER PACK","N/A","N/A","No","12/31/2026"
"Vicks DayQuil and Vicks NyQuil","69423-996-72","","KIT","","M012","The Procter & Gamble Manufacturing Company","69423-996","Acetaminophen, Phenylephrine Hydrochloride, Dextromethorphan Hydrobromide, and Doxylamine Succinate","","HUMAN OTC DRUG","01/01/2020","N/A","OTC MONOGRAPH DRUG","1 KIT in 1 PACKAGE (69423-996-72)  *  8 CAPSULE, LIQUID FILLED in 1 BLISTER PACK *  4 CAPSULE, LIQUID FILLED in 1 BLISTER PACK","N/A","N/A","No","12/31/2026"
"Vicks DayQuil and Vicks NyQuil","84126-309-24","","KIT","ORAL","M012","The Procter & Gamble Manufacturing Company","84126-309","Acetaminophen, Dextromethorphan HBr, Doxylamine succinate","","HUMAN OTC DRUG","07/09/2024","N/A","OTC MONOGRAPH DRUG","1 KIT in 1 PACKAGE (84126-309-24)  *  354 mL in 1 BOTTLE, PLASTIC (84126-307-12)  *  354 mL in 1 BOTTLE, PLASTIC (84126-308-12)","N/A","N/A","No","12/31/2026"
"Vicks DayQuil and Vicks NyQuil","84126-361-12","","KIT","","M012","The Procter & Gamble Manufacturing Company","84126-361","Acetaminophen, Doxylamine Succinate, Dextromethorphan HBr","","HUMAN OTC DRUG","05/18/2026","N/A","OTC MONOGRAPH DRUG","1 KIT in 1 PACKAGE (84126-361-12)  *  2 CAPSULE, LIQUID FILLED in 1 BLISTER PACK *  2 CAPSULE, LIQUID FILLED in 1 BLISTER PACK","N/A","N/A","No","12/31/2027"
"Vicks DayQuil and Vicks NyQuil","84126-361-48","","KIT","","M012","The Procter & Gamble Manufacturing Company","84126-361","Acetaminophen, Doxylamine Succinate, Dextromethorphan HBr","","HUMAN OTC DRUG","05/18/2026","N/A","OTC MONOGRAPH DRUG","1 KIT in 1 PACKAGE (84126-361-48)  *  2 CAPSULE, LIQUID FILLED in 1 BLISTER PACK *  2 CAPSULE, LIQUID FILLED in 1 BLISTER PACK","N/A","N/A","No","12/31/2027"
"Vicks DayQuil and Vicks NyQuil HIGH BLOOD PRESSURE","69423-974-12","","KIT","ORAL","M012","The Procter & Gamble Manufacturing Company","69423-974","Acetaminophen, Dextromethorphan Hydrobromide, Doxylamine Succinate","","HUMAN OTC DRUG","07/09/2024","N/A","OTC MONOGRAPH DRUG","1 KIT in 1 PACKAGE (69423-974-12)  *  177 mL in 1 BOTTLE, PLASTIC (69423-972-06)  *  177 mL in 1 BOTTLE, PLASTIC (69423-973-06)  *  236 mL in 1 BOTTLE, PLASTIC (69423-972-08)  *  236 mL in 1 BOTTLE, PLASTIC (69423-973-08)","N/A","N/A","No","12/31/2026"
"Vicks DayQuil and Vicks NyQuil HIGH BLOOD PRESSURE","69423-974-16","","KIT","ORAL","M012","The Procter & Gamble Manufacturing Company","69423-974","Acetaminophen, Dextromethorphan Hydrobromide, Doxylamine Succinate","","HUMAN OTC DRUG","07/12/2022","N/A","OTC MONOGRAPH DRUG","1 KIT in 1 PACKAGE (69423-974-16)  *  177 mL in 1 BOTTLE, PLASTIC (69423-972-06)  *  177 mL in 1 BOTTLE, PLASTIC (69423-973-06)  *  236 mL in 1 BOTTLE, PLASTIC (69423-972-08)  *  236 mL in 1 BOTTLE, PLASTIC (69423-973-08)","N/A","N/A","No","12/31/2026"
"Vicks DayQuil Kids and Vicks NyQuil Kids","84126-344-16","","KIT","ORAL","M012","The Procter & Gamble Manufacturing Company","84126-344","Acetaminophen, Dextromethorphan Hydrobromide, Doxylamine succinate","","HUMAN OTC DRUG","03/01/2025","N/A","OTC MONOGRAPH DRUG","1 KIT in 1 PACKAGE (84126-344-16)  *  236 mL in 1 BOTTLE, PLASTIC (84126-304-08)  *  236 mL in 1 BOTTLE, PLASTIC (84126-305-08)","N/A","N/A","No","12/31/2027"
"Vicks DayQuil Kids Honey and Vicks NyQuil Kids Honey","69423-993-16","","KIT","ORAL","M012","The Procter & Gamble Manufacturing Company","69423-993","Doxylamine Succinate, Phenylephrine Hydrochloride, Dextromethorphan Hydrobromide","","HUMAN OTC DRUG","07/12/2022","N/A","OTC MONOGRAPH DRUG","1 KIT in 1 PACKAGE (69423-993-16)  *  236 mL in 1 BOTTLE, PLASTIC (69423-946-08)  *  236 mL in 1 BOTTLE, PLASTIC (69423-983-08)","N/A","N/A","No","12/31/2026"
"Vicks DayQuil NyQuil","69423-802-96","","KIT","ORAL","M012","The Procter & Gamble Manufacturing Company","69423-802","Acetaminophen, Dextromethorphan HBr, Doxylamine succinate, Phenylephrine HCl","","HUMAN OTC DRUG","07/11/2023","N/A","OTC MONOGRAPH DRUG","1 KIT in 1 CARTON (69423-802-96)","N/A","N/A","No","12/31/2026"
"Vicks DayQuil NyQuil","69423-805-48","","KIT","ORAL","M012","The Procter & Gamble Manufacturing Company","69423-805","Acetaminophen, Dextromethorphan HBr, Doxylamine succinate","","HUMAN OTC DRUG","07/11/2023","N/A","OTC MONOGRAPH DRUG","1 KIT in 1 CARTON (69423-805-48)","N/A","N/A","No","12/31/2027"
"VICKS DayQuil NyQuil SEVERE HONEY","84126-326-24","","KIT","ORAL","M012","The Procter & Gamble Manufacturing Company","84126-326","Acetaminophen, Dextromethorphan HBr, Guaifenesin, Phenylephrine HCl and Doxylamine succinate","","HUMAN OTC DRUG","04/28/2020","N/A","OTC MONOGRAPH DRUG","1 KIT in 1 CARTON (84126-326-24)  *  354 mL in 1 BOTTLE *  354 mL in 1 BOTTLE","N/A","N/A","No","12/31/2027"
"Vicks DayQuil Severe and Vicks NyQuil Severe","37000-934-24","","KIT","","M012","The Procter & Gamble Manufacturing Company","37000-934","Acetaminophen, Phenylephrine Hydrochloride, Dextromethorphan Hydrobromide, Guaifenesin and Doxylamine Succinate","","HUMAN OTC DRUG","07/04/2019","N/A","OTC MONOGRAPH DRUG","1 KIT in 1 PACKAGE (37000-934-24)  *  1 BLISTER PACK in 1 CARTON / 8 CAPSULE, LIQUID FILLED in 1 BLISTER PACK *  1 BLISTER PACK in 1 CARTON / 4 CAPSULE, LIQUID FILLED in 1 BLISTER PACK","N/A","N/A","No","12/31/2027"
"Vicks DayQuil Severe and Vicks NyQuil Severe","37000-934-48","","KIT","","M012","The Procter & Gamble Manufacturing Company","37000-934","Acetaminophen, Phenylephrine Hydrochloride, Dextromethorphan Hydrobromide, Guaifenesin and Doxylamine Succinate","","HUMAN OTC DRUG","07/04/2019","N/A","OTC MONOGRAPH DRUG","1 KIT in 1 PACKAGE (37000-934-48)  *  1 BLISTER PACK in 1 CARTON / 8 CAPSULE, LIQUID FILLED in 1 BLISTER PACK *  1 BLISTER PACK in 1 CARTON / 4 CAPSULE, LIQUID FILLED in 1 BLISTER PACK","N/A","N/A","No","12/31/2027"
"Vicks DayQuil Severe and Vicks NyQuil Severe","37000-934-72","","KIT","","M012","The Procter & Gamble Manufacturing Company","37000-934","Acetaminophen, Phenylephrine Hydrochloride, Dextromethorphan Hydrobromide, Guaifenesin and Doxylamine Succinate","","HUMAN OTC DRUG","07/04/2019","N/A","OTC MONOGRAPH DRUG","1 KIT in 1 PACKAGE (37000-934-72)  *  1 BLISTER PACK in 1 CARTON / 8 CAPSULE, LIQUID FILLED in 1 BLISTER PACK *  1 BLISTER PACK in 1 CARTON / 4 CAPSULE, LIQUID FILLED in 1 BLISTER PACK","N/A","N/A","No","12/31/2027"
"Vicks DayQuil Severe and Vicks NyQuil Severe","37000-934-12","","KIT","","M012","The Procter & Gamble Manufacturing Company","37000-934","Acetaminophen, Phenylephrine Hydrochloride, Dextromethorphan Hydrobromide, Guaifenesin and Doxylamine Succinate","","HUMAN OTC DRUG","07/04/2019","N/A","OTC MONOGRAPH DRUG","1 KIT in 1 PACKAGE (37000-934-12)  *  1 BLISTER PACK in 1 CARTON / 8 CAPSULE, LIQUID FILLED in 1 BLISTER PACK *  1 BLISTER PACK in 1 CARTON / 4 CAPSULE, LIQUID FILLED in 1 BLISTER PACK","N/A","N/A","No","12/31/2027"
"VICKS DayQuil SEVERE NyQuil SEVERE HONEY FLAVOR","69423-808-24","","KIT","ORAL","M012","The Procter & Gamble Manufacturing Company","69423-808","Acetaminophen, Dextromethorphan HBr, Guaifenesin, Phenylephrine HCl and Doxylamine succinate","","HUMAN OTC DRUG","04/28/2020","N/A","OTC MONOGRAPH DRUG","1 KIT in 1 CARTON (69423-808-24)  *  354 mL in 1 BOTTLE *  354 mL in 1 BOTTLE","N/A","N/A","No","12/31/2026"
"Vicks DayQuil-D NyQuil-D","84126-365-24","","KIT","ORAL","M012","The Procter & Gamble Manufacturing Company","84126-365","Acetaminophen, Dextromethorphan HBr, Doxylamine Succinate, Guaifenesin, Pseudoephedrine HCl","","HUMAN OTC DRUG","09/08/2025","N/A","OTC MONOGRAPH DRUG","1 KIT in 1 CARTON (84126-365-24)","N/A","N/A","No","12/31/2026"
"Vicks NyQuil","37000-812-01","650 mg/30mL,                         20  mg/30mL,                         12.5  mg/30mL,                         10  mg/30mL","SOLUTION","ORAL","M012","The Procter & Gamble Manufacturing Company","37000-812","Acetaminophen, Dextromethorphan Hydrobromide, Doxylamine Succinate, and Phenylephrine Hydrochloride","ACETAMINOPHEN;  DEXTROMETHORPHAN HYDROBROMIDE;  DOXYLAMINE SUCCINATE;  PHENYLEPHRINE HYDROCHLORIDE","HUMAN OTC DRUG","10/13/2020","N/A","OTC MONOGRAPH DRUG","30 mL in 1 BOTTLE, PLASTIC (37000-812-01)","Adrenergic alpha1-Agonists [MoA],  Antihistamine [EPC],  Histamine Receptor Antagonists [MoA],  Sigma-1 Agonist [EPC],  Sigma-1 Receptor Agonists [MoA],  Uncompetitive N-methyl-D-aspartate Receptor Antagonist [EPC],  Uncompetitive NMDA Receptor Antagonists [MoA],  alpha-1 Adrenergic Agonist [EPC]","N/A","No","12/31/2027"
"Vicks NyQuil","37000-812-04","650 mg/30mL,                         20  mg/30mL,                         12.5  mg/30mL,                         10  mg/30mL","SOLUTION","ORAL","M012","The Procter & Gamble Manufacturing Company","37000-812","Acetaminophen, Dextromethorphan Hydrobromide, Doxylamine Succinate, and Phenylephrine Hydrochloride","ACETAMINOPHEN;  DEXTROMETHORPHAN HYDROBROMIDE;  DOXYLAMINE SUCCINATE;  PHENYLEPHRINE HYDROCHLORIDE","HUMAN OTC DRUG","07/13/2021","N/A","OTC MONOGRAPH DRUG","4 BOTTLE, PLASTIC in 1 PACKAGE (37000-812-04)  / 30 mL in 1 BOTTLE, PLASTIC","Adrenergic alpha1-Agonists [MoA],  Antihistamine [EPC],  Histamine Receptor Antagonists [MoA],  Sigma-1 Agonist [EPC],  Sigma-1 Receptor Agonists [MoA],  Uncompetitive N-methyl-D-aspartate Receptor Antagonist [EPC],  Uncompetitive NMDA Receptor Antagonists [MoA],  alpha-1 Adrenergic Agonist [EPC]","N/A","No","12/31/2027"
"Vicks NyQuil","37000-812-08","650 mg/30mL,                         20  mg/30mL,                         12.5  mg/30mL,                         10  mg/30mL","SOLUTION","ORAL","M012","The Procter & Gamble Manufacturing Company","37000-812","Acetaminophen, Dextromethorphan Hydrobromide, Doxylamine Succinate, and Phenylephrine Hydrochloride","ACETAMINOPHEN;  DEXTROMETHORPHAN HYDROBROMIDE;  DOXYLAMINE SUCCINATE;  PHENYLEPHRINE HYDROCHLORIDE","HUMAN OTC DRUG","07/22/2013","N/A","OTC MONOGRAPH DRUG","236 mL in 1 BOTTLE, PLASTIC (37000-812-08)","Adrenergic alpha1-Agonists [MoA],  Antihistamine [EPC],  Histamine Receptor Antagonists [MoA],  Sigma-1 Agonist [EPC],  Sigma-1 Receptor Agonists [MoA],  Uncompetitive N-methyl-D-aspartate Receptor Antagonist [EPC],  Uncompetitive NMDA Receptor Antagonists [MoA],  alpha-1 Adrenergic Agonist [EPC]","N/A","No","12/31/2027"
"Vicks NyQuil","37000-812-24","650 mg/30mL,                         20  mg/30mL,                         12.5  mg/30mL,                         10  mg/30mL","SOLUTION","ORAL","M012","The Procter & Gamble Manufacturing Company","37000-812","Acetaminophen, Dextromethorphan Hydrobromide, Doxylamine Succinate, and Phenylephrine Hydrochloride","ACETAMINOPHEN;  DEXTROMETHORPHAN HYDROBROMIDE;  DOXYLAMINE SUCCINATE;  PHENYLEPHRINE HYDROCHLORIDE","HUMAN OTC DRUG","07/22/2013","N/A","OTC MONOGRAPH DRUG","2 BOTTLE, PLASTIC in 1 PACKAGE (37000-812-24)  / 354 mL in 1 BOTTLE, PLASTIC","Adrenergic alpha1-Agonists [MoA],  Antihistamine [EPC],  Histamine Receptor Antagonists [MoA],  Sigma-1 Agonist [EPC],  Sigma-1 Receptor Agonists [MoA],  Uncompetitive N-methyl-D-aspartate Receptor Antagonist [EPC],  Uncompetitive NMDA Receptor Antagonists [MoA],  alpha-1 Adrenergic Agonist [EPC]","N/A","No","12/31/2027"
"Vicks NyQuil","37000-812-12","650 mg/30mL,                         20  mg/30mL,                         12.5  mg/30mL,                         10  mg/30mL","SOLUTION","ORAL","M012","The Procter & Gamble Manufacturing Company","37000-812","Acetaminophen, Dextromethorphan Hydrobromide, Doxylamine Succinate, and Phenylephrine Hydrochloride","ACETAMINOPHEN;  DEXTROMETHORPHAN HYDROBROMIDE;  DOXYLAMINE SUCCINATE;  PHENYLEPHRINE HYDROCHLORIDE","HUMAN OTC DRUG","07/22/2013","N/A","OTC MONOGRAPH DRUG","354 mL in 1 BOTTLE, PLASTIC (37000-812-12)","Adrenergic alpha1-Agonists [MoA],  Antihistamine [EPC],  Histamine Receptor Antagonists [MoA],  Sigma-1 Agonist [EPC],  Sigma-1 Receptor Agonists [MoA],  Uncompetitive N-methyl-D-aspartate Receptor Antagonist [EPC],  Uncompetitive NMDA Receptor Antagonists [MoA],  alpha-1 Adrenergic Agonist [EPC]","N/A","No","12/31/2027"
"Vicks NyQuil","37000-815-08","10 mg/30mL,                         12.5  mg/30mL,                         20  mg/30mL,                         650  mg/30mL","SOLUTION","ORAL","M012","The Procter & Gamble Manufacturing Company","37000-815","acetaminophen, dextromethorphan hydrobromide, doxylamine succinate, and phenylephrine hydrochloride","ACETAMINOPHEN;  DEXTROMETHORPHAN HYDROBROMIDE;  DOXYLAMINE SUCCINATE;  PHENYLEPHRINE HYDROCHLORIDE","HUMAN OTC DRUG","07/21/2014","N/A","OTC MONOGRAPH DRUG","236 mL in 1 BOTTLE, PLASTIC (37000-815-08)","Adrenergic alpha1-Agonists [MoA],  Antihistamine [EPC],  Histamine Receptor Antagonists [MoA],  Sigma-1 Agonist [EPC],  Sigma-1 Receptor Agonists [MoA],  Uncompetitive N-methyl-D-aspartate Receptor Antagonist [EPC],  Uncompetitive NMDA Receptor Antagonists [MoA],  alpha-1 Adrenergic Agonist [EPC]","N/A","No","12/31/2027"
"Vicks NyQuil","37000-815-12","10 mg/30mL,                         12.5  mg/30mL,                         20  mg/30mL,                         650  mg/30mL","SOLUTION","ORAL","M012","The Procter & Gamble Manufacturing Company","37000-815","acetaminophen, dextromethorphan hydrobromide, doxylamine succinate, and phenylephrine hydrochloride","ACETAMINOPHEN;  DEXTROMETHORPHAN HYDROBROMIDE;  DOXYLAMINE SUCCINATE;  PHENYLEPHRINE HYDROCHLORIDE","HUMAN OTC DRUG","07/21/2014","N/A","OTC MONOGRAPH DRUG","354 mL in 1 BOTTLE, PLASTIC (37000-815-12)","Adrenergic alpha1-Agonists [MoA],  Antihistamine [EPC],  Histamine Receptor Antagonists [MoA],  Sigma-1 Agonist [EPC],  Sigma-1 Receptor Agonists [MoA],  Uncompetitive N-methyl-D-aspartate Receptor Antagonist [EPC],  Uncompetitive NMDA Receptor Antagonists [MoA],  alpha-1 Adrenergic Agonist [EPC]","N/A","No","12/31/2027"
"Vicks NyQuil","37000-815-36","10 mg/30mL,                         12.5  mg/30mL,                         20  mg/30mL,                         650  mg/30mL","SOLUTION","ORAL","M012","The Procter & Gamble Manufacturing Company","37000-815","acetaminophen, dextromethorphan hydrobromide, doxylamine succinate, and phenylephrine hydrochloride","ACETAMINOPHEN;  DEXTROMETHORPHAN HYDROBROMIDE;  DOXYLAMINE SUCCINATE;  PHENYLEPHRINE HYDROCHLORIDE","HUMAN OTC DRUG","07/21/2014","N/A","OTC MONOGRAPH DRUG","3 BOTTLE, PLASTIC in 1 PACKAGE, COMBINATION (37000-815-36)  / 354 mL in 1 BOTTLE, PLASTIC (37000-815-12)","Adrenergic alpha1-Agonists [MoA],  Antihistamine [EPC],  Histamine Receptor Antagonists [MoA],  Sigma-1 Agonist [EPC],  Sigma-1 Receptor Agonists [MoA],  Uncompetitive N-methyl-D-aspartate Receptor Antagonist [EPC],  Uncompetitive NMDA Receptor Antagonists [MoA],  alpha-1 Adrenergic Agonist [EPC]","N/A","No","12/31/2027"
"Vicks NyQuil","69423-789-12","650 mg/30mL,                         30  mg/30mL,                         12.5  mg/30mL","LIQUID","ORAL","M012","The Procter & Gamble Manufacturing Company","69423-789","Acetaminophen, Dextromethorphan Hydrobromide, and Doxylamine succinate","ACETAMINOPHEN;  DEXTROMETHORPHAN HYDROBROMIDE;  DOXYLAMINE SUCCINATE","HUMAN OTC DRUG","01/01/2022","N/A","OTC MONOGRAPH DRUG","354 mL in 1 BOTTLE, PLASTIC (69423-789-12)","Antihistamine [EPC],  Histamine Receptor Antagonists [MoA],  Sigma-1 Agonist [EPC],  Sigma-1 Receptor Agonists [MoA],  Uncompetitive N-methyl-D-aspartate Receptor Antagonist [EPC],  Uncompetitive NMDA Receptor Antagonists [MoA]","N/A","No","12/31/2026"
"Vicks NyQuil","69423-789-08","650 mg/30mL,                         30  mg/30mL,                         12.5  mg/30mL","LIQUID","ORAL","M012","The Procter & Gamble Manufacturing Company","69423-789","Acetaminophen, Dextromethorphan Hydrobromide, and Doxylamine succinate","ACETAMINOPHEN;  DEXTROMETHORPHAN HYDROBROMIDE;  DOXYLAMINE SUCCINATE","HUMAN OTC DRUG","01/01/2022","N/A","OTC MONOGRAPH DRUG","236 mL in 1 BOTTLE, PLASTIC (69423-789-08)","Antihistamine [EPC],  Histamine Receptor Antagonists [MoA],  Sigma-1 Agonist [EPC],  Sigma-1 Receptor Agonists [MoA],  Uncompetitive N-methyl-D-aspartate Receptor Antagonist [EPC],  Uncompetitive NMDA Receptor Antagonists [MoA]","N/A","No","12/31/2026"
"Vicks NyQuil","69423-789-24","650 mg/30mL,                         30  mg/30mL,                         12.5  mg/30mL","LIQUID","ORAL","M012","The Procter & Gamble Manufacturing Company","69423-789","Acetaminophen, Dextromethorphan Hydrobromide, and Doxylamine succinate","ACETAMINOPHEN;  DEXTROMETHORPHAN HYDROBROMIDE;  DOXYLAMINE SUCCINATE","HUMAN OTC DRUG","01/01/2022","N/A","OTC MONOGRAPH DRUG","2 BOTTLE, PLASTIC in 1 PACKAGE, COMBINATION (69423-789-24)  / 354 mL in 1 BOTTLE, PLASTIC (69423-789-12)","Antihistamine [EPC],  Histamine Receptor Antagonists [MoA],  Sigma-1 Agonist [EPC],  Sigma-1 Receptor Agonists [MoA],  Uncompetitive N-methyl-D-aspartate Receptor Antagonist [EPC],  Uncompetitive NMDA Receptor Antagonists [MoA]","N/A","No","12/31/2026"
"Vicks NyQuil","69423-791-36","650 mg/30mL,                         30  mg/30mL,                         12.5  mg/30mL","LIQUID","ORAL","M012","The Procter & Gamble Manufacturing Company","69423-791","Acetaminophen, Dextromethorphan Hydrobromide, and Doxylamine succinate","ACETAMINOPHEN;  DEXTROMETHORPHAN HYDROBROMIDE;  DOXYLAMINE SUCCINATE","HUMAN OTC DRUG","01/01/2022","N/A","OTC MONOGRAPH DRUG","3 BOTTLE, PLASTIC in 1 PACKAGE, COMBINATION (69423-791-36)  / 354 mL in 1 BOTTLE, PLASTIC (69423-791-12)","Antihistamine [EPC],  Histamine Receptor Antagonists [MoA],  Sigma-1 Agonist [EPC],  Sigma-1 Receptor Agonists [MoA],  Uncompetitive N-methyl-D-aspartate Receptor Antagonist [EPC],  Uncompetitive NMDA Receptor Antagonists [MoA]","N/A","No","12/31/2027"
"Vicks NyQuil","69423-791-12","650 mg/30mL,                         30  mg/30mL,                         12.5  mg/30mL","LIQUID","ORAL","M012","The Procter & Gamble Manufacturing Company","69423-791","Acetaminophen, Dextromethorphan Hydrobromide, and Doxylamine succinate","ACETAMINOPHEN;  DEXTROMETHORPHAN HYDROBROMIDE;  DOXYLAMINE SUCCINATE","HUMAN OTC DRUG","01/01/2022","N/A","OTC MONOGRAPH DRUG","354 mL in 1 BOTTLE, PLASTIC (69423-791-12)","Antihistamine [EPC],  Histamine Receptor Antagonists [MoA],  Sigma-1 Agonist [EPC],  Sigma-1 Receptor Agonists [MoA],  Uncompetitive N-methyl-D-aspartate Receptor Antagonist [EPC],  Uncompetitive NMDA Receptor Antagonists [MoA]","N/A","No","12/31/2027"
"Vicks NyQuil","69423-791-08","650 mg/30mL,                         30  mg/30mL,                         12.5  mg/30mL","LIQUID","ORAL","M012","The Procter & Gamble Manufacturing Company","69423-791","Acetaminophen, Dextromethorphan Hydrobromide, and Doxylamine succinate","ACETAMINOPHEN;  DEXTROMETHORPHAN HYDROBROMIDE;  DOXYLAMINE SUCCINATE","HUMAN OTC DRUG","01/01/2022","N/A","OTC MONOGRAPH DRUG","236 mL in 1 BOTTLE, PLASTIC (69423-791-08)","Antihistamine [EPC],  Histamine Receptor Antagonists [MoA],  Sigma-1 Agonist [EPC],  Sigma-1 Receptor Agonists [MoA],  Uncompetitive N-methyl-D-aspartate Receptor Antagonist [EPC],  Uncompetitive NMDA Receptor Antagonists [MoA]","N/A","No","12/31/2027"
"Vicks NyQuil","69423-791-24","650 mg/30mL,                         30  mg/30mL,                         12.5  mg/30mL","LIQUID","ORAL","M012","The Procter & Gamble Manufacturing Company","69423-791","Acetaminophen, Dextromethorphan Hydrobromide, and Doxylamine succinate","ACETAMINOPHEN;  DEXTROMETHORPHAN HYDROBROMIDE;  DOXYLAMINE SUCCINATE","HUMAN OTC DRUG","01/01/2022","N/A","OTC MONOGRAPH DRUG","2 BOTTLE, PLASTIC in 1 PACKAGE, COMBINATION (69423-791-24)  / 354 mL in 1 BOTTLE, PLASTIC (69423-791-12)","Antihistamine [EPC],  Histamine Receptor Antagonists [MoA],  Sigma-1 Agonist [EPC],  Sigma-1 Receptor Agonists [MoA],  Uncompetitive N-methyl-D-aspartate Receptor Antagonist [EPC],  Uncompetitive NMDA Receptor Antagonists [MoA]","N/A","No","12/31/2027"
"Vicks NyQuil","69423-801-48","6.25 mg/1,                         325  mg/1,                         10  mg/1","CAPSULE, LIQUID FILLED","ORAL","M012","The Procter & Gamble Manufacturing Company","69423-801","Acetaminophen, Dextromethorphan HBr, Doxylamine succinate","ACETAMINOPHEN;  DEXTROMETHORPHAN HYDROBROMIDE;  DOXYLAMINE SUCCINATE","HUMAN OTC DRUG","07/06/2023","N/A","OTC MONOGRAPH DRUG","1 BOTTLE in 1 CARTON (69423-801-48)  / 48 CAPSULE, LIQUID FILLED in 1 BOTTLE","Antihistamine [EPC],  Histamine Receptor Antagonists [MoA],  Sigma-1 Agonist [EPC],  Sigma-1 Receptor Agonists [MoA],  Uncompetitive N-methyl-D-aspartate Receptor Antagonist [EPC],  Uncompetitive NMDA Receptor Antagonists [MoA]","N/A","No","12/31/2026"
"Vicks NyQuil","69423-804-24","6.25 mg/1,                         10  mg/1,                         325  mg/1","CAPSULE, LIQUID FILLED","ORAL","M012","The Procter & Gamble Manufacturing Company","69423-804","Acetaminophen, Dextromethorphan HBr, Doxylamine succinate","ACETAMINOPHEN;  DEXTROMETHORPHAN HYDROBROMIDE;  DOXYLAMINE SUCCINATE","HUMAN OTC DRUG","07/11/2023","N/A","OTC MONOGRAPH DRUG","1 BOTTLE in 1 CARTON (69423-804-24)  / 24 CAPSULE, LIQUID FILLED in 1 BOTTLE","Antihistamine [EPC],  Histamine Receptor Antagonists [MoA],  Sigma-1 Agonist [EPC],  Sigma-1 Receptor Agonists [MoA],  Uncompetitive N-methyl-D-aspartate Receptor Antagonist [EPC],  Uncompetitive NMDA Receptor Antagonists [MoA]","N/A","No","12/31/2026"
"Vicks NyQuil","69423-844-12","650 mg/30mL,                         20  mg/30mL,                         12.5  mg/30mL","LIQUID","ORAL","M012","The Procter & Gamble Manufacturing Company","69423-844","Acetaminophen, Dextromethorphan HBr, Doxylamine succinate","ACETAMINOPHEN;  DEXTROMETHORPHAN HYDROBROMIDE;  DOXYLAMINE SUCCINATE","HUMAN OTC DRUG","07/09/2024","N/A","OTC MONOGRAPH DRUG","354 mL in 1 BOTTLE, PLASTIC (69423-844-12)","Antihistamine [EPC],  Histamine Receptor Antagonists [MoA],  Sigma-1 Agonist [EPC],  Sigma-1 Receptor Agonists [MoA],  Uncompetitive N-methyl-D-aspartate Receptor Antagonist [EPC],  Uncompetitive NMDA Receptor Antagonists [MoA]","N/A","No","12/31/2026"
"Vicks NyQuil","69423-995-16","15 mg/1,                         6.25  mg/1,                         325  mg/1","CAPSULE, LIQUID FILLED","ORAL","M012","The Procter & Gamble Manufacturing Company","69423-995","Acetaminophen, Dextromethorphan Hydrobromide, and Doxylamine Succinate","ACETAMINOPHEN;  DEXTROMETHORPHAN HYDROBROMIDE;  DOXYLAMINE SUCCINATE","HUMAN OTC DRUG","01/01/2021","N/A","OTC MONOGRAPH DRUG","8 BLISTER PACK in 1 CARTON (69423-995-16)  / 2 CAPSULE, LIQUID FILLED in 1 BLISTER PACK","Antihistamine [EPC],  Histamine Receptor Antagonists [MoA],  Sigma-1 Agonist [EPC],  Sigma-1 Receptor Agonists [MoA],  Uncompetitive N-methyl-D-aspartate Receptor Antagonist [EPC],  Uncompetitive NMDA Receptor Antagonists [MoA]","N/A","No","12/31/2026"
"Vicks NyQuil","69423-995-08","15 mg/1,                         6.25  mg/1,                         325  mg/1","CAPSULE, LIQUID FILLED","ORAL","M012","The Procter & Gamble Manufacturing Company","69423-995","Acetaminophen, Dextromethorphan Hydrobromide, and Doxylamine Succinate","ACETAMINOPHEN;  DEXTROMETHORPHAN HYDROBROMIDE;  DOXYLAMINE SUCCINATE","HUMAN OTC DRUG","01/01/2021","N/A","OTC MONOGRAPH DRUG","4 BLISTER PACK in 1 CARTON (69423-995-08)  / 2 CAPSULE, LIQUID FILLED in 1 BLISTER PACK","Antihistamine [EPC],  Histamine Receptor Antagonists [MoA],  Sigma-1 Agonist [EPC],  Sigma-1 Receptor Agonists [MoA],  Uncompetitive N-methyl-D-aspartate Receptor Antagonist [EPC],  Uncompetitive NMDA Receptor Antagonists [MoA]","N/A","No","12/31/2026"
"Vicks NyQuil","69423-995-24","15 mg/1,                         6.25  mg/1,                         325  mg/1","CAPSULE, LIQUID FILLED","ORAL","M012","The Procter & Gamble Manufacturing Company","69423-995","Acetaminophen, Dextromethorphan Hydrobromide, and Doxylamine Succinate","ACETAMINOPHEN;  DEXTROMETHORPHAN HYDROBROMIDE;  DOXYLAMINE SUCCINATE","HUMAN OTC DRUG","01/01/2021","N/A","OTC MONOGRAPH DRUG","8 BLISTER PACK in 1 CARTON (69423-995-24)  / 3 CAPSULE, LIQUID FILLED in 1 BLISTER PACK","Antihistamine [EPC],  Histamine Receptor Antagonists [MoA],  Sigma-1 Agonist [EPC],  Sigma-1 Receptor Agonists [MoA],  Uncompetitive N-methyl-D-aspartate Receptor Antagonist [EPC],  Uncompetitive NMDA Receptor Antagonists [MoA]","N/A","No","12/31/2026"
"Vicks NyQuil","69423-995-02","15 mg/1,                         6.25  mg/1,                         325  mg/1","CAPSULE, LIQUID FILLED","ORAL","M012","The Procter & Gamble Manufacturing Company","69423-995","Acetaminophen, Dextromethorphan Hydrobromide, and Doxylamine Succinate","ACETAMINOPHEN;  DEXTROMETHORPHAN HYDROBROMIDE;  DOXYLAMINE SUCCINATE","HUMAN OTC DRUG","01/01/2021","N/A","OTC MONOGRAPH DRUG","2 CAPSULE, LIQUID FILLED in 1 POUCH (69423-995-02)","Antihistamine [EPC],  Histamine Receptor Antagonists [MoA],  Sigma-1 Agonist [EPC],  Sigma-1 Receptor Agonists [MoA],  Uncompetitive N-methyl-D-aspartate Receptor Antagonist [EPC],  Uncompetitive NMDA Receptor Antagonists [MoA]","N/A","No","12/31/2026"
"Vicks NyQuil","69423-995-48","15 mg/1,                         6.25  mg/1,                         325  mg/1","CAPSULE, LIQUID FILLED","ORAL","M012","The Procter & Gamble Manufacturing Company","69423-995","Acetaminophen, Dextromethorphan Hydrobromide, and Doxylamine Succinate","ACETAMINOPHEN;  DEXTROMETHORPHAN HYDROBROMIDE;  DOXYLAMINE SUCCINATE","HUMAN OTC DRUG","01/01/2021","N/A","OTC MONOGRAPH DRUG","24 BLISTER PACK in 1 CARTON (69423-995-48)  / 2 CAPSULE, LIQUID FILLED in 1 BLISTER PACK","Antihistamine [EPC],  Histamine Receptor Antagonists [MoA],  Sigma-1 Agonist [EPC],  Sigma-1 Receptor Agonists [MoA],  Uncompetitive N-methyl-D-aspartate Receptor Antagonist [EPC],  Uncompetitive NMDA Receptor Antagonists [MoA]","N/A","No","12/31/2026"
"Vicks NyQuil","69423-999-12","5 mg/15mL,                         10  mg/15mL,                         6.25  mg/15mL","LIQUID","ORAL","M012","The Procter & Gamble Manufacturing Company","69423-999","Dextromethorphan Hydrobromide, Doxylamine succinate and Phenylephrine Hydrochloride","DEXTROMETHORPHAN HYDROBROMIDE;  DOXYLAMINE SUCCINATE;  PHENYLEPHRINE HYDROCHLORIDE","HUMAN OTC DRUG","07/08/2020","N/A","OTC MONOGRAPH DRUG","354 mL in 1 BOTTLE, PLASTIC (69423-999-12)","Adrenergic alpha1-Agonists [MoA],  Antihistamine [EPC],  Histamine Receptor Antagonists [MoA],  Sigma-1 Agonist [EPC],  Sigma-1 Receptor Agonists [MoA],  Uncompetitive N-methyl-D-aspartate Receptor Antagonist [EPC],  Uncompetitive NMDA Receptor Antagonists [MoA],  alpha-1 Adrenergic Agonist [EPC]","N/A","No","12/31/2026"
"Vicks NyQuil","69423-999-08","5 mg/15mL,                         10  mg/15mL,                         6.25  mg/15mL","LIQUID","ORAL","M012","The Procter & Gamble Manufacturing Company","69423-999","Dextromethorphan Hydrobromide, Doxylamine succinate and Phenylephrine Hydrochloride","DEXTROMETHORPHAN HYDROBROMIDE;  DOXYLAMINE SUCCINATE;  PHENYLEPHRINE HYDROCHLORIDE","HUMAN OTC DRUG","07/08/2020","N/A","OTC MONOGRAPH DRUG","236 mL in 1 BOTTLE, PLASTIC (69423-999-08)","Adrenergic alpha1-Agonists [MoA],  Antihistamine [EPC],  Histamine Receptor Antagonists [MoA],  Sigma-1 Agonist [EPC],  Sigma-1 Receptor Agonists [MoA],  Uncompetitive N-methyl-D-aspartate Receptor Antagonist [EPC],  Uncompetitive NMDA Receptor Antagonists [MoA],  alpha-1 Adrenergic Agonist [EPC]","N/A","No","12/31/2026"
"Vicks NyQuil","84126-308-12","325 mg/15mL,                         10  mg/15mL,                         6.25  mg/15mL","LIQUID","ORAL","M012","The Procter & Gamble Manufacturing Company","84126-308","Acetaminophen, Dextromethorphan Hydrobromide, Doxylamine succinate","ACETAMINOPHEN;  DEXTROMETHORPHAN HYDROBROMIDE;  DOXYLAMINE SUCCINATE","HUMAN OTC DRUG","07/09/2024","N/A","OTC MONOGRAPH DRUG","354 mL in 1 BOTTLE, PLASTIC (84126-308-12)","Antihistamine [EPC],  Histamine Receptor Antagonists [MoA],  Sigma-1 Agonist [EPC],  Sigma-1 Receptor Agonists [MoA],  Uncompetitive N-methyl-D-aspartate Receptor Antagonist [EPC],  Uncompetitive NMDA Receptor Antagonists [MoA]","N/A","No","12/31/2026"
"Vicks NyQuil","84126-314-04","650 mg/30mL,                         30  mg/30mL,                         12.5  mg/30mL","LIQUID","ORAL","M012","The Procter & Gamble Manufacturing Company","84126-314","Acetaminophen, Dextromethorphan Hydrobromide, and Doxylamine succinate","ACETAMINOPHEN;  DEXTROMETHORPHAN HYDROBROMIDE;  DOXYLAMINE SUCCINATE","HUMAN OTC DRUG","06/15/2024","N/A","OTC MONOGRAPH DRUG","118 mL in 1 BOTTLE, PLASTIC (84126-314-04)","Antihistamine [EPC],  Histamine Receptor Antagonists [MoA],  Sigma-1 Agonist [EPC],  Sigma-1 Receptor Agonists [MoA],  Uncompetitive N-methyl-D-aspartate Receptor Antagonist [EPC],  Uncompetitive NMDA Receptor Antagonists [MoA]","N/A","No","12/31/2026"
"Vicks NyQuil","84126-342-04","650 mg/30mL,                         30  mg/30mL,                         12.5  mg/30mL","LIQUID","ORAL","M012","The Procter & Gamble Manufacturing Company","84126-342","Acetaminophen, Dextromethorphan Hydrobromide, and Doxylamine succinate","ACETAMINOPHEN;  DEXTROMETHORPHAN HYDROBROMIDE;  DOXYLAMINE SUCCINATE","HUMAN OTC DRUG","06/02/2025","N/A","OTC MONOGRAPH DRUG","118 mL in 1 BOTTLE, PLASTIC (84126-342-04)","Antihistamine [EPC],  Histamine Receptor Antagonists [MoA],  Sigma-1 Agonist [EPC],  Sigma-1 Receptor Agonists [MoA],  Uncompetitive N-methyl-D-aspartate Receptor Antagonist [EPC],  Uncompetitive NMDA Receptor Antagonists [MoA]","N/A","No","12/31/2026"
"Vicks NyQuil","84126-357-08","1000 mg/30mL,                         30  mg/30mL,                         12.5  mg/30mL","LIQUID","ORAL","M012","The Procter & Gamble Manufacturing Company","84126-357","Acetaminophen, Dextromethorphan Hydrobromide, Doxylamine succinate","ACETAMINOPHEN;  DEXTROMETHORPHAN HYDROBROMIDE;  DOXYLAMINE SUCCINATE","HUMAN OTC DRUG","07/07/2025","N/A","OTC MONOGRAPH DRUG","236 mL in 1 BOTTLE, PLASTIC (84126-357-08)","Antihistamine [EPC],  Histamine Receptor Antagonists [MoA],  Sigma-1 Agonist [EPC],  Sigma-1 Receptor Agonists [MoA],  Uncompetitive N-methyl-D-aspartate Receptor Antagonist [EPC],  Uncompetitive NMDA Receptor Antagonists [MoA]","N/A","No","12/31/2027"
"Vicks NyQuil","84126-357-12","1000 mg/30mL,                         30  mg/30mL,                         12.5  mg/30mL","LIQUID","ORAL","M012","The Procter & Gamble Manufacturing Company","84126-357","Acetaminophen, Dextromethorphan Hydrobromide, Doxylamine succinate","ACETAMINOPHEN;  DEXTROMETHORPHAN HYDROBROMIDE;  DOXYLAMINE SUCCINATE","HUMAN OTC DRUG","07/01/2025","N/A","OTC MONOGRAPH DRUG","354 mL in 1 BOTTLE, PLASTIC (84126-357-12)","Antihistamine [EPC],  Histamine Receptor Antagonists [MoA],  Sigma-1 Agonist [EPC],  Sigma-1 Receptor Agonists [MoA],  Uncompetitive N-methyl-D-aspartate Receptor Antagonist [EPC],  Uncompetitive NMDA Receptor Antagonists [MoA]","N/A","No","12/31/2027"
"Vicks NyQuil","84126-360-24","15 mg/1,                         6.25  mg/1,                         500  mg/1","CAPSULE, LIQUID FILLED","ORAL","M012","The Procter & Gamble Manufacturing Company","84126-360","Acetaminophen, Doxylamine Succinate, Dextromethorphan HBr","DEXTROMETHORPHAN HYDROBROMIDE;  DOXYLAMINE SUCCINATE;  ACETAMINOPHEN","HUMAN OTC DRUG","08/17/2026","N/A","OTC MONOGRAPH DRUG","12 BLISTER PACK in 1 CARTON (84126-360-24)  / 2 CAPSULE, LIQUID FILLED in 1 BLISTER PACK","Antihistamine [EPC],  Histamine Receptor Antagonists [MoA],  Sigma-1 Agonist [EPC],  Sigma-1 Receptor Agonists [MoA],  Uncompetitive N-methyl-D-aspartate Receptor Antagonist [EPC],  Uncompetitive NMDA Receptor Antagonists [MoA]","N/A","No","12/31/2027"
"Vicks NyQuil","84126-374-08","325 mg/15mL,                         6.25  mg/15mL","LIQUID","ORAL","M012","The Procter & Gamble Manufacturing Company","84126-374","Acetaminophen, Doxylamine succinate","ACETAMINOPHEN;  DOXYLAMINE SUCCINATE","HUMAN OTC DRUG","07/07/2026","N/A","OTC MONOGRAPH DRUG","236 mL in 1 BOTTLE, PLASTIC (84126-374-08)","Antihistamine [EPC],  Histamine Receptor Antagonists [MoA]","N/A","No","12/31/2027"
"Vicks NyQuil","84126-381-24","6.25 mg/1","CAPSULE, LIQUID FILLED","ORAL","M012","The Procter & Gamble Manufacturing Company","84126-381","Doxylamine succinate","DOXYLAMINE SUCCINATE","HUMAN OTC DRUG","07/01/2026","N/A","OTC MONOGRAPH DRUG","2 BLISTER PACK in 1 CARTON (84126-381-24)  / 12 CAPSULE, LIQUID FILLED in 1 BLISTER PACK","Antihistamine [EPC],  Histamine Receptor Antagonists [MoA]","N/A","No","12/31/2027"
"Vicks NyQuil ALLERGY","84126-346-12","6.25 mg/15mL","LIQUID","ORAL","M012","The Procter & Gamble Manufacturing Company","84126-346","Doxylamine Succinate","DOXYLAMINE SUCCINATE","HUMAN OTC DRUG","07/01/2025","N/A","OTC MONOGRAPH DRUG","354 mL in 1 BOTTLE, PLASTIC (84126-346-12)","Antihistamine [EPC],  Histamine Receptor Antagonists [MoA]","N/A","No","12/31/2027"
"Vicks NyQuil ALLERGY","84126-346-24","6.25 mg/15mL","LIQUID","ORAL","M012","The Procter & Gamble Manufacturing Company","84126-346","Doxylamine Succinate","DOXYLAMINE SUCCINATE","HUMAN OTC DRUG","07/01/2025","N/A","OTC MONOGRAPH DRUG","2 BOTTLE, PLASTIC in 1 CARTON (84126-346-24)  / 354 mL in 1 BOTTLE, PLASTIC","Antihistamine [EPC],  Histamine Receptor Antagonists [MoA]","N/A","No","12/31/2027"
"Vicks NyQuil HIGH BLOOD PRESSURE","69423-973-08","650 mg/30mL,                         30  mg/30mL,                         12.5  mg/30mL","LIQUID","ORAL","M012","The Procter & Gamble Manufacturing Company","69423-973","Acetaminophen, Dextromethorphan Hydrobromide, and Doxylamine succinate","ACETAMINOPHEN;  DEXTROMETHORPHAN HYDROBROMIDE;  DOXYLAMINE SUCCINATE","HUMAN OTC DRUG","07/12/2022","N/A","OTC MONOGRAPH DRUG","236 mL in 1 BOTTLE, PLASTIC (69423-973-08)","Antihistamine [EPC],  Histamine Receptor Antagonists [MoA],  Sigma-1 Agonist [EPC],  Sigma-1 Receptor Agonists [MoA],  Uncompetitive N-methyl-D-aspartate Receptor Antagonist [EPC],  Uncompetitive NMDA Receptor Antagonists [MoA]","N/A","No","12/31/2026"
"Vicks NyQuil HIGH BLOOD PRESSURE","69423-973-06","650 mg/30mL,                         30  mg/30mL,                         12.5  mg/30mL","LIQUID","ORAL","M012","The Procter & Gamble Manufacturing Company","69423-973","Acetaminophen, Dextromethorphan Hydrobromide, and Doxylamine succinate","ACETAMINOPHEN;  DEXTROMETHORPHAN HYDROBROMIDE;  DOXYLAMINE SUCCINATE","HUMAN OTC DRUG","07/12/2022","N/A","OTC MONOGRAPH DRUG","177 mL in 1 BOTTLE, PLASTIC (69423-973-06)","Antihistamine [EPC],  Histamine Receptor Antagonists [MoA],  Sigma-1 Agonist [EPC],  Sigma-1 Receptor Agonists [MoA],  Uncompetitive N-methyl-D-aspartate Receptor Antagonist [EPC],  Uncompetitive NMDA Receptor Antagonists [MoA]","N/A","No","12/31/2026"
"Vicks NyQuil Kids","69423-983-08","10 mg/15mL,                         5  mg/15mL,                         6.25  mg/15mL","LIQUID","ORAL","M012","The Procter & Gamble Manufacturing Company","69423-983","Doxylamine Succinate, Phenylephrine Hydrochloride and Dextromethorphan Hydrobromide","DEXTROMETHORPHAN HYDROBROMIDE;  DOXYLAMINE SUCCINATE;  PHENYLEPHRINE HYDROCHLORIDE","HUMAN OTC DRUG","07/07/2021","N/A","OTC MONOGRAPH DRUG","236 mL in 1 BOTTLE, PLASTIC (69423-983-08)","Adrenergic alpha1-Agonists [MoA],  Antihistamine [EPC],  Histamine Receptor Antagonists [MoA],  Sigma-1 Agonist [EPC],  Sigma-1 Receptor Agonists [MoA],  Uncompetitive N-methyl-D-aspartate Receptor Antagonist [EPC],  Uncompetitive NMDA Receptor Antagonists [MoA],  alpha-1 Adrenergic Agonist [EPC]","N/A","No","12/31/2027"
"Vicks NyQuil Kids","84126-305-08","325 mg/15mL,                         10  mg/15mL,                         6.25  mg/15mL","LIQUID","ORAL","M012","The Procter & Gamble Manufacturing Company","84126-305","Acetaminophen, Dextromethorphan Hydrobromide, Doxylamine succinate","ACETAMINOPHEN;  DEXTROMETHORPHAN HYDROBROMIDE;  DOXYLAMINE SUCCINATE","HUMAN OTC DRUG","06/06/2024","N/A","OTC MONOGRAPH DRUG","236 mL in 1 BOTTLE, PLASTIC (84126-305-08)","Antihistamine [EPC],  Histamine Receptor Antagonists [MoA],  Sigma-1 Agonist [EPC],  Sigma-1 Receptor Agonists [MoA],  Uncompetitive N-methyl-D-aspartate Receptor Antagonist [EPC],  Uncompetitive NMDA Receptor Antagonists [MoA]","N/A","No","12/31/2027"
"Vicks NyQuil Kids ALLERGY","84126-345-08","6.25 mg/15mL","LIQUID","ORAL","M012","The Procter & Gamble Manufacturing Company","84126-345","Doxylamine Succinate","DOXYLAMINE SUCCINATE","HUMAN OTC DRUG","06/01/2025","N/A","OTC MONOGRAPH DRUG","236 mL in 1 BOTTLE, PLASTIC (84126-345-08)","Antihistamine [EPC],  Histamine Receptor Antagonists [MoA]","N/A","No","12/31/2027"
"Vicks NyQuil Severe","37000-518-24","10 mg/1,                         6.25  mg/1,                         5  mg/1,                         325  mg/1","CAPSULE, LIQUID FILLED","ORAL","M012","The Procter & Gamble Manufacturing Company","37000-518","Acetaminophen, Phenylephrine Hydrochloride, Dextromethorphan Hydrobromide, and Doxylamine Succinate","ACETAMINOPHEN;  DEXTROMETHORPHAN HYDROBROMIDE;  DOXYLAMINE SUCCINATE;  PHENYLEPHRINE HYDROCHLORIDE","HUMAN OTC DRUG","07/10/2018","N/A","OTC MONOGRAPH DRUG","2 BLISTER PACK in 1 CARTON (37000-518-24)  / 12 CAPSULE, LIQUID FILLED in 1 BLISTER PACK","Adrenergic alpha1-Agonists [MoA],  Antihistamine [EPC],  Histamine Receptor Antagonists [MoA],  Sigma-1 Agonist [EPC],  Sigma-1 Receptor Agonists [MoA],  Uncompetitive N-methyl-D-aspartate Receptor Antagonist [EPC],  Uncompetitive NMDA Receptor Antagonists [MoA],  alpha-1 Adrenergic Agonist [EPC]","N/A","No","12/31/2027"
"Vicks NyQuil Severe","37000-518-08","10 mg/1,                         6.25  mg/1,                         5  mg/1,                         325  mg/1","CAPSULE, LIQUID FILLED","ORAL","M012","The Procter & Gamble Manufacturing Company","37000-518","Acetaminophen, Phenylephrine Hydrochloride, Dextromethorphan Hydrobromide, and Doxylamine Succinate","ACETAMINOPHEN;  DEXTROMETHORPHAN HYDROBROMIDE;  DOXYLAMINE SUCCINATE;  PHENYLEPHRINE HYDROCHLORIDE","HUMAN OTC DRUG","07/01/2019","N/A","OTC MONOGRAPH DRUG","1 BLISTER PACK in 1 CARTON (37000-518-08)  / 8 CAPSULE, LIQUID FILLED in 1 BLISTER PACK","Adrenergic alpha1-Agonists [MoA],  Antihistamine [EPC],  Histamine Receptor Antagonists [MoA],  Sigma-1 Agonist [EPC],  Sigma-1 Receptor Agonists [MoA],  Uncompetitive N-methyl-D-aspartate Receptor Antagonist [EPC],  Uncompetitive NMDA Receptor Antagonists [MoA],  alpha-1 Adrenergic Agonist [EPC]","N/A","No","12/31/2027"
"Vicks NyQuil Severe","37000-518-02","10 mg/1,                         6.25  mg/1,                         5  mg/1,                         325  mg/1","CAPSULE, LIQUID FILLED","ORAL","M012","The Procter & Gamble Manufacturing Company","37000-518","Acetaminophen, Phenylephrine Hydrochloride, Dextromethorphan Hydrobromide, and Doxylamine Succinate","ACETAMINOPHEN;  DEXTROMETHORPHAN HYDROBROMIDE;  DOXYLAMINE SUCCINATE;  PHENYLEPHRINE HYDROCHLORIDE","HUMAN OTC DRUG","01/01/2021","N/A","OTC MONOGRAPH DRUG","2 CAPSULE, LIQUID FILLED in 1 POUCH (37000-518-02)","Adrenergic alpha1-Agonists [MoA],  Antihistamine [EPC],  Histamine Receptor Antagonists [MoA],  Sigma-1 Agonist [EPC],  Sigma-1 Receptor Agonists [MoA],  Uncompetitive N-methyl-D-aspartate Receptor Antagonist [EPC],  Uncompetitive NMDA Receptor Antagonists [MoA],  alpha-1 Adrenergic Agonist [EPC]","N/A","No","12/31/2027"
"Vicks NyQuil Severe Honey","69423-968-06","325 mg/15mL,                         5  mg/15mL,                         10  mg/15mL,                         6.25  mg/15mL","LIQUID","ORAL","M012","Procter & Gamble Manufacturing Company","69423-968","Acetaminophen, Dextromethrophan, Doxylamine succinate, Phenylephrine HCl","ACETAMINOPHEN;  DEXTROMETHORPHAN HYDROBROMIDE;  DOXYLAMINE SUCCINATE;  PHENYLEPHRINE HYDROCHLORIDE","HUMAN OTC DRUG","07/09/2024","N/A","OTC MONOGRAPH DRUG","177 mL in 1 BOTTLE, PLASTIC (69423-968-06)","Adrenergic alpha1-Agonists [MoA],  Antihistamine [EPC],  Histamine Receptor Antagonists [MoA],  Sigma-1 Agonist [EPC],  Sigma-1 Receptor Agonists [MoA],  Uncompetitive N-methyl-D-aspartate Receptor Antagonist [EPC],  Uncompetitive NMDA Receptor Antagonists [MoA],  alpha-1 Adrenergic Agonist [EPC]","N/A","No","12/31/2027"
"Vicks NyQuil Severe Honey","69423-968-12","325 mg/15mL,                         5  mg/15mL,                         10  mg/15mL,                         6.25  mg/15mL","LIQUID","ORAL","M012","Procter & Gamble Manufacturing Company","69423-968","Acetaminophen, Dextromethrophan, Doxylamine succinate, Phenylephrine HCl","ACETAMINOPHEN;  DEXTROMETHORPHAN HYDROBROMIDE;  DOXYLAMINE SUCCINATE;  PHENYLEPHRINE HYDROCHLORIDE","HUMAN OTC DRUG","07/07/2021","N/A","OTC MONOGRAPH DRUG","354 mL in 1 BOTTLE, PLASTIC (69423-968-12)","Adrenergic alpha1-Agonists [MoA],  Antihistamine [EPC],  Histamine Receptor Antagonists [MoA],  Sigma-1 Agonist [EPC],  Sigma-1 Receptor Agonists [MoA],  Uncompetitive N-methyl-D-aspartate Receptor Antagonist [EPC],  Uncompetitive NMDA Receptor Antagonists [MoA],  alpha-1 Adrenergic Agonist [EPC]","N/A","No","12/31/2027"
"Vicks NyQuil Severe Honey","69423-968-08","325 mg/15mL,                         5  mg/15mL,                         10  mg/15mL,                         6.25  mg/15mL","LIQUID","ORAL","M012","Procter & Gamble Manufacturing Company","69423-968","Acetaminophen, Dextromethrophan, Doxylamine succinate, Phenylephrine HCl","ACETAMINOPHEN;  DEXTROMETHORPHAN HYDROBROMIDE;  DOXYLAMINE SUCCINATE;  PHENYLEPHRINE HYDROCHLORIDE","HUMAN OTC DRUG","07/07/2021","N/A","OTC MONOGRAPH DRUG","236 mL in 1 BOTTLE, PLASTIC (69423-968-08)","Adrenergic alpha1-Agonists [MoA],  Antihistamine [EPC],  Histamine Receptor Antagonists [MoA],  Sigma-1 Agonist [EPC],  Sigma-1 Receptor Agonists [MoA],  Uncompetitive N-methyl-D-aspartate Receptor Antagonist [EPC],  Uncompetitive NMDA Receptor Antagonists [MoA],  alpha-1 Adrenergic Agonist [EPC]","N/A","No","12/31/2027"
"VICKS NyQuil SEVERE HONEY FLAVOR","69423-807-08","325 mg/15mL,                         5  mg/15mL,                         10  mg/15mL,                         6.25  mg/15mL","LIQUID","ORAL","M012","Procter & Gamble Manufacturing Company","69423-807","Acetaminophen, Dextromethrophan, Doxylamine succinate, Phenylephrine HCl","ACETAMINOPHEN;  DEXTROMETHORPHAN HYDROBROMIDE;  DOXYLAMINE SUCCINATE;  PHENYLEPHRINE HYDROCHLORIDE","HUMAN OTC DRUG","07/07/2021","N/A","OTC MONOGRAPH DRUG","236 mL in 1 BOTTLE, PLASTIC (69423-807-08)","Adrenergic alpha1-Agonists [MoA],  Antihistamine [EPC],  Histamine Receptor Antagonists [MoA],  Sigma-1 Agonist [EPC],  Sigma-1 Receptor Agonists [MoA],  Uncompetitive N-methyl-D-aspartate Receptor Antagonist [EPC],  Uncompetitive NMDA Receptor Antagonists [MoA],  alpha-1 Adrenergic Agonist [EPC]","N/A","No","12/31/2026"
"VICKS NyQuil SEVERE HONEY FLAVOR","69423-807-12","325 mg/15mL,                         5  mg/15mL,                         10  mg/15mL,                         6.25  mg/15mL","LIQUID","ORAL","M012","Procter & Gamble Manufacturing Company","69423-807","Acetaminophen, Dextromethrophan, Doxylamine succinate, Phenylephrine HCl","ACETAMINOPHEN;  DEXTROMETHORPHAN HYDROBROMIDE;  DOXYLAMINE SUCCINATE;  PHENYLEPHRINE HYDROCHLORIDE","HUMAN OTC DRUG","07/07/2021","N/A","OTC MONOGRAPH DRUG","354 mL in 1 BOTTLE, PLASTIC (69423-807-12)","Adrenergic alpha1-Agonists [MoA],  Antihistamine [EPC],  Histamine Receptor Antagonists [MoA],  Sigma-1 Agonist [EPC],  Sigma-1 Receptor Agonists [MoA],  Uncompetitive N-methyl-D-aspartate Receptor Antagonist [EPC],  Uncompetitive NMDA Receptor Antagonists [MoA],  alpha-1 Adrenergic Agonist [EPC]","N/A","No","12/31/2026"
"Vicks NyQuil VapoCOOL","84126-353-02","325 mg/1,                         6.25  mg/1,                         10  mg/1","TABLET, COATED","ORAL","M012","The Procter & Gamble Manufacturing Company","84126-353","Acetaminophen, Doxylamine Succinate, Dextromethorphan Hydrobromide","ACETAMINOPHEN;  DEXTROMETHORPHAN HYDROBROMIDE;  DOXYLAMINE SUCCINATE","HUMAN OTC DRUG","05/06/2025","N/A","OTC MONOGRAPH DRUG","2 TABLET, COATED in 1 POUCH (84126-353-02)","Antihistamine [EPC],  Histamine Receptor Antagonists [MoA],  Sigma-1 Agonist [EPC],  Sigma-1 Receptor Agonists [MoA],  Uncompetitive N-methyl-D-aspartate Receptor Antagonist [EPC],  Uncompetitive NMDA Receptor Antagonists [MoA]","N/A","No","12/31/2027"
"Vicks NyQuil VapoCOOL","84126-353-24","325 mg/1,                         6.25  mg/1,                         10  mg/1","TABLET, COATED","ORAL","M012","The Procter & Gamble Manufacturing Company","84126-353","Acetaminophen, Doxylamine Succinate, Dextromethorphan Hydrobromide","ACETAMINOPHEN;  DEXTROMETHORPHAN HYDROBROMIDE;  DOXYLAMINE SUCCINATE","HUMAN OTC DRUG","05/06/2025","N/A","OTC MONOGRAPH DRUG","12 BLISTER PACK in 1 CARTON (84126-353-24)  / 2 TABLET, COATED in 1 BLISTER PACK","Antihistamine [EPC],  Histamine Receptor Antagonists [MoA],  Sigma-1 Agonist [EPC],  Sigma-1 Receptor Agonists [MoA],  Uncompetitive N-methyl-D-aspartate Receptor Antagonist [EPC],  Uncompetitive NMDA Receptor Antagonists [MoA]","N/A","No","12/31/2027"
"Vicks NyQuil VapoCOOL Severe","69423-986-24","325 mg/1,                         5  mg/1,                         6.25  mg/1,                         10  mg/1","TABLET, COATED","ORAL","M012","The Procter & Gamble Manufacturing Company","69423-986","Acetaminophen, Phenylephrine Hydrochloride, Doxylamine Succinate, and Dextromethorphan Hydrobromide","ACETAMINOPHEN;  DEXTROMETHORPHAN HYDROBROMIDE;  DOXYLAMINE SUCCINATE;  PHENYLEPHRINE HYDROCHLORIDE","HUMAN OTC DRUG","03/22/2021","N/A","OTC MONOGRAPH DRUG","1 BLISTER PACK in 1 CARTON (69423-986-24)  / 24 TABLET, COATED in 1 BLISTER PACK","Adrenergic alpha1-Agonists [MoA],  Antihistamine [EPC],  Histamine Receptor Antagonists [MoA],  Sigma-1 Agonist [EPC],  Sigma-1 Receptor Agonists [MoA],  Uncompetitive N-methyl-D-aspartate Receptor Antagonist [EPC],  Uncompetitive NMDA Receptor Antagonists [MoA],  alpha-1 Adrenergic Agonist [EPC]","N/A","No","12/31/2026"
"Vicks NyQuil-D","84126-364-12","6.25 mg/1,                         500  mg/1,                         15  mg/1,                         30  mg/1","CAPSULE, LIQUID FILLED","ORAL","M012","The Procter & Gamble Manufacturing Company","84126-364","Acetaminophen, Pseudoephedrine HCl, Doxylamine Succinate, Dextromethorphan HBr","ACETAMINOPHEN;  DEXTROMETHORPHAN HYDROBROMIDE;  DOXYLAMINE SUCCINATE;  PSEUDOEPHEDRINE HYDROCHLORIDE","HUMAN OTC DRUG","09/08/2025","N/A","OTC MONOGRAPH DRUG","12 CAPSULE, LIQUID FILLED in 1 BOTTLE (84126-364-12)","Adrenergic alpha-Agonists [MoA],  Antihistamine [EPC],  Histamine Receptor Antagonists [MoA],  Sigma-1 Agonist [EPC],  Sigma-1 Receptor Agonists [MoA],  Uncompetitive N-methyl-D-aspartate Receptor Antagonist [EPC],  Uncompetitive NMDA Receptor Antagonists [MoA],  alpha-Adrenergic Agonist [EPC]","N/A","No","12/31/2026"
"Vicks ZzzQuil","69423-902-32","25 mg/1","TABLET","ORAL","ANDA040167","The Procter & Gamble Manufacturing Company","69423-902","Doxylamine succinate","DOXYLAMINE SUCCINATE","HUMAN OTC DRUG","10/16/2023","N/A","ANDA","32 POUCH in 1 CARTON (69423-902-32)  / 1 TABLET in 1 POUCH","Antihistamine [EPC],  Histamine Receptor Antagonists [MoA]","N/A","No","12/31/2026"
"Vicks ZzzQuil","69423-902-48","25 mg/1","TABLET","ORAL","ANDA040167","The Procter & Gamble Manufacturing Company","69423-902","Doxylamine succinate","DOXYLAMINE SUCCINATE","HUMAN OTC DRUG","03/01/2021","N/A","ANDA","4 BLISTER PACK in 1 CARTON (69423-902-48)  / 12 TABLET in 1 BLISTER PACK","Antihistamine [EPC],  Histamine Receptor Antagonists [MoA]","N/A","No","12/31/2026"
"Vicks ZzzQuil","69423-902-24","25 mg/1","TABLET","ORAL","ANDA040167","The Procter & Gamble Manufacturing Company","69423-902","Doxylamine succinate","DOXYLAMINE SUCCINATE","HUMAN OTC DRUG","03/01/2021","N/A","ANDA","2 BLISTER PACK in 1 CARTON (69423-902-24)  / 12 TABLET in 1 BLISTER PACK","Antihistamine [EPC],  Histamine Receptor Antagonists [MoA]","N/A","No","12/31/2026"
"Vicks ZzzQuil","69423-902-01","25 mg/1","TABLET","ORAL","ANDA040167","The Procter & Gamble Manufacturing Company","69423-902","Doxylamine succinate","DOXYLAMINE SUCCINATE","HUMAN OTC DRUG","10/16/2023","N/A","ANDA","1 TABLET in 1 POUCH (69423-902-01)","Antihistamine [EPC],  Histamine Receptor Antagonists [MoA]","N/A","No","12/31/2026"
"Vicks ZzzQuil","69423-902-12","25 mg/1","TABLET","ORAL","ANDA040167","The Procter & Gamble Manufacturing Company","69423-902","Doxylamine succinate","DOXYLAMINE SUCCINATE","HUMAN OTC DRUG","03/01/2021","N/A","ANDA","1 BLISTER PACK in 1 CARTON (69423-902-12)  / 12 TABLET in 1 BLISTER PACK","Antihistamine [EPC],  Histamine Receptor Antagonists [MoA]","N/A","No","12/31/2026"
"Viro Flu PM Relief","69729-057-10","15 mg/1,                         6.25  mg/1,                         325  mg/1","CAPSULE, LIQUID FILLED","ORAL","M012","OPMX LLC","69729-057","Acetaminophen, Dextromethorphan Hydrobromide, Doxylamine Succinate","ACETAMINOPHEN;  DEXTROMETHORPHAN HYDROBROMIDE;  DOXYLAMINE SUCCINATE","HUMAN OTC DRUG","06/10/2022","N/A","OTC MONOGRAPH DRUG","10 BLISTER PACK in 1 CARTON (69729-057-10)  / 10 CAPSULE, LIQUID FILLED in 1 BLISTER PACK","Antihistamine [EPC],  Histamine Receptor Antagonists [MoA],  Sigma-1 Agonist [EPC],  Sigma-1 Receptor Agonists [MoA],  Uncompetitive N-methyl-D-aspartate Receptor Antagonist [EPC],  Uncompetitive NMDA Receptor Antagonists [MoA]","N/A","No","12/31/2026"
"Viro Flu PM Relief","69729-833-02","15 mg/1,                         6.25  mg/1,                         325  mg/1","CAPSULE, LIQUID FILLED","ORAL","M012","OPMX LLC","69729-833","Acetaminophen, Dextromethorphan Hydrobromide, Doxylamine Succinate","ACETAMINOPHEN;  DEXTROMETHORPHAN HYDROBROMIDE;  DOXYLAMINE SUCCINATE","HUMAN OTC DRUG","07/14/2026","N/A","OTC MONOGRAPH DRUG","2 CAPSULE, LIQUID FILLED in 1 POUCH (69729-833-02)","Antihistamine [EPC],  Histamine Receptor Antagonists [MoA],  Sigma-1 Agonist [EPC],  Sigma-1 Receptor Agonists [MoA],  Uncompetitive N-methyl-D-aspartate Receptor Antagonist [EPC],  Uncompetitive NMDA Receptor Antagonists [MoA]","N/A","No","12/31/2027"
"Viro Flu PM Relief","69729-833-50","15 mg/1,                         6.25  mg/1,                         325  mg/1","CAPSULE, LIQUID FILLED","ORAL","M012","OPMX LLC","69729-833","Acetaminophen, Dextromethorphan Hydrobromide, Doxylamine Succinate","ACETAMINOPHEN;  DEXTROMETHORPHAN HYDROBROMIDE;  DOXYLAMINE SUCCINATE","HUMAN OTC DRUG","07/14/2026","N/A","OTC MONOGRAPH DRUG","25 POUCH in 1 CARTON (69729-833-50)  / 2 CAPSULE, LIQUID FILLED in 1 POUCH","Antihistamine [EPC],  Histamine Receptor Antagonists [MoA],  Sigma-1 Agonist [EPC],  Sigma-1 Receptor Agonists [MoA],  Uncompetitive N-methyl-D-aspartate Receptor Antagonist [EPC],  Uncompetitive NMDA Receptor Antagonists [MoA]","N/A","No","12/31/2027"
"Viro Flu PM Relief","69729-833-10","15 mg/1,                         6.25  mg/1,                         325  mg/1","CAPSULE, LIQUID FILLED","ORAL","M012","OPMX LLC","69729-833","Acetaminophen, Dextromethorphan Hydrobromide, Doxylamine Succinate","ACETAMINOPHEN;  DEXTROMETHORPHAN HYDROBROMIDE;  DOXYLAMINE SUCCINATE","HUMAN OTC DRUG","07/14/2026","N/A","OTC MONOGRAPH DRUG","1 BLISTER PACK in 1 CARTON (69729-833-10)  / 10 CAPSULE, LIQUID FILLED in 1 BLISTER PACK","Antihistamine [EPC],  Histamine Receptor Antagonists [MoA],  Sigma-1 Agonist [EPC],  Sigma-1 Receptor Agonists [MoA],  Uncompetitive N-methyl-D-aspartate Receptor Antagonist [EPC],  Uncompetitive NMDA Receptor Antagonists [MoA]","N/A","No","12/31/2027"
"WAG HBP Daytime and Nighttime","0363-6220-16","","KIT","","M013","WALGREENS CO.","0363-6220","Acetaminophen, Dextromethorphan Hydrobromide, and Doxylamine Succinate","","HUMAN OTC DRUG","03/10/2023","N/A","OTC MONOGRAPH DRUG","1 KIT in 1 PACKAGE (0363-6220-16)  *  236 mL in 1 BOTTLE, PLASTIC (0363-6221-16)  *  236 mL in 1 BOTTLE, PLASTIC (0363-6219-16)","N/A","N/A","No","12/31/2026"
"Walgreen Day Time NightTime Cold and Flu Relief","0363-6105-24","","KIT","","M013","WALGREENS CO.","0363-6105","Acetaminophen, Dextromethorphan Hydrobromide, Doxylamine Succinate, Phenylephrine Hydrochloride,Guaifenesin","","HUMAN OTC DRUG","02/10/2021","N/A","OTC MONOGRAPH DRUG","1 KIT in 1 PACKAGE (0363-6105-24)  *  354 mL in 1 BOTTLE (0363-6104-12)  *  354 mL in 1 BOTTLE (0363-6106-12)","N/A","N/A","No","12/31/2026"
"Walgreen High Blood Pressure Nighttime","0363-6210-08","650 mg/30mL,                         30  mg/30mL,                         12.5  mg/30mL","LIQUID","ORAL","M012","WALGREENS CO.","0363-6210","Acetaminophen, Dextromethorphan Hydrobromide, and Doxylamine succinate","ACETAMINOPHEN;  DEXTROMETHORPHAN HYDROBROMIDE;  DOXYLAMINE SUCCINATE","HUMAN OTC DRUG","03/03/2023","N/A","OTC MONOGRAPH DRUG","236 mL in 1 BOTTLE, PLASTIC (0363-6210-08)","Antihistamine [EPC],  Histamine Receptor Antagonists [MoA],  Sigma-1 Agonist [EPC],  Sigma-1 Receptor Agonists [MoA],  Uncompetitive N-methyl-D-aspartate Receptor Antagonist [EPC],  Uncompetitive NMDA Receptor Antagonists [MoA]","N/A","No","12/31/2026"
"Walgreen NightTime","0363-6142-12","650 mg/30mL,                         20  mg/30mL,                         12.5  mg/30mL,                         10  mg/30mL","SOLUTION","ORAL","M012","WALGREENS CO.","0363-6142","acetaminophen, dextromethorphan HBr, doxylamine succinate, and phenylephrine hydrochloride","ACETAMINOPHEN;  DEXTROMETHORPHAN HYDROBROMIDE;  DOXYLAMINE SUCCINATE;  PHENYLEPHRINE HYDROCHLORIDE","HUMAN OTC DRUG","04/17/2023","N/A","OTC MONOGRAPH DRUG","354 mL in 1 BOTTLE, PLASTIC (0363-6142-12)","Adrenergic alpha1-Agonists [MoA],  Antihistamine [EPC],  Histamine Receptor Antagonists [MoA],  Sigma-1 Agonist [EPC],  Sigma-1 Receptor Agonists [MoA],  Uncompetitive N-methyl-D-aspartate Receptor Antagonist [EPC],  Uncompetitive NMDA Receptor Antagonists [MoA],  alpha-1 Adrenergic Agonist [EPC]","N/A","No","12/31/2026"
"WALGREENS","0363-6251-24","6.25 mg/15mL","LIQUID","ORAL","M012","WALGREENS CO.","0363-6251","Doxylamine Succinate","DOXYLAMINE SUCCINATE","HUMAN OTC DRUG","02/09/2026","N/A","OTC MONOGRAPH DRUG","2 BOTTLE, PLASTIC in 1 CARTON (0363-6251-24)  / 354 mL in 1 BOTTLE, PLASTIC","Antihistamine [EPC],  Histamine Receptor Antagonists [MoA]","N/A","No","12/31/2027"
"WALGREENS","0363-6251-12","6.25 mg/15mL","LIQUID","ORAL","M012","WALGREENS CO.","0363-6251","Doxylamine Succinate","DOXYLAMINE SUCCINATE","HUMAN OTC DRUG","02/09/2026","N/A","OTC MONOGRAPH DRUG","354 mL in 1 BOTTLE, PLASTIC (0363-6251-12)","Antihistamine [EPC],  Histamine Receptor Antagonists [MoA]","N/A","No","12/31/2027"
"Walgreens Adult Nighttime Wal Tussin DM Max Maximum Strength","0363-0758-04","30 mg/20mL,                         12.5  mg/20mL","SOLUTION","ORAL","part341","WALGREEN CO.","0363-0758","Dextromethorphan HBr, Doxylamine succinate","DEXTROMETHORPHAN HYDROBROMIDE;  DOXYLAMINE SUCCINATE","HUMAN OTC DRUG","09/08/2017","N/A","OTC MONOGRAPH FINAL","1 BOTTLE in 1 CARTON (0363-0758-04)  / 118 mL in 1 BOTTLE","Antihistamine [EPC],  Histamine Receptor Antagonists [MoA],  Sigma-1 Agonist [EPC],  Sigma-1 Receptor Agonists [MoA],  Uncompetitive N-methyl-D-aspartate Receptor Antagonist [EPC],  Uncompetitive NMDA Receptor Antagonists [MoA]","N/A","No","12/31/2026"
"Walgreens NightTime Cold and Flu","0363-8999-24","325 mg/1,                         15  mg/1,                         6.25  mg/1","CAPSULE, LIQUID FILLED","ORAL","M012","WALGREEN COMPANY","0363-8999","ACETAMINOPHEN, DEXTROMETHORPHAN HYDROBROMIDE, and DOXYLAMINE SUCCINATE","ACETAMINOPHEN;  DEXTROMETHORPHAN HYDROBROMIDE;  DOXYLAMINE SUCCINATE","HUMAN OTC DRUG","08/23/2021","11/30/2026","OTC MONOGRAPH DRUG","2 BLISTER PACK in 1 CARTON (0363-8999-24)  / 12 CAPSULE, LIQUID FILLED in 1 BLISTER PACK","Antihistamine [EPC],  Histamine Receptor Antagonists [MoA],  Sigma-1 Agonist [EPC],  Sigma-1 Receptor Agonists [MoA],  Uncompetitive N-methyl-D-aspartate Receptor Antagonist [EPC],  Uncompetitive NMDA Receptor Antagonists [MoA]","N/A","No","N/A"
"Walgreens Nighttime Kids","0363-6248-08","10 mg/15mL,                         6.25  mg/15mL,                         5  mg/15mL","LIQUID","ORAL","M012","WALGREENS CO","0363-6248","Doxylamine Succinate, Phenylephrine Hydrochloride and Dextromethorphan Hydrobromide","DEXTROMETHORPHAN HYDROBROMIDE;  DOXYLAMINE SUCCINATE;  PHENYLEPHRINE HYDROCHLORIDE","HUMAN OTC DRUG","03/01/2023","N/A","OTC MONOGRAPH DRUG","236 mL in 1 BOTTLE, PLASTIC (0363-6248-08)","Adrenergic alpha1-Agonists [MoA],  Antihistamine [EPC],  Histamine Receptor Antagonists [MoA],  Sigma-1 Agonist [EPC],  Sigma-1 Receptor Agonists [MoA],  Uncompetitive N-methyl-D-aspartate Receptor Antagonist [EPC],  Uncompetitive NMDA Receptor Antagonists [MoA],  alpha-1 Adrenergic Agonist [EPC]","N/A","No","12/31/2026"
"XL-3 Night Time","84379-444-12","12.5 mg/30mL,                         650  mg/30mL,                         30  mg/30mL","LIQUID","ORAL","M012","Rnv LLC","84379-444","acetaminophen, dextromethorphan HBr, Doxylamine Succinate","ACETAMINOPHEN;  DEXTROMETHORPHAN HYDROBROMIDE;  DOXYLAMINE SUCCINATE","HUMAN OTC DRUG","12/01/2024","N/A","OTC MONOGRAPH DRUG","354 mL in 1 BOTTLE (84379-444-12)","Antihistamine [EPC],  Histamine Receptor Antagonists [MoA],  Sigma-1 Agonist [EPC],  Sigma-1 Receptor Agonists [MoA],  Uncompetitive N-methyl-D-aspartate Receptor Antagonist [EPC],  Uncompetitive NMDA Receptor Antagonists [MoA]","N/A","No","12/31/2027"
"XL-3 Night Time","84379-444-06","12.5 mg/30mL,                         650  mg/30mL,                         30  mg/30mL","LIQUID","ORAL","M012","Rnv LLC","84379-444","acetaminophen, dextromethorphan HBr, Doxylamine Succinate","ACETAMINOPHEN;  DEXTROMETHORPHAN HYDROBROMIDE;  DOXYLAMINE SUCCINATE","HUMAN OTC DRUG","12/01/2024","N/A","OTC MONOGRAPH DRUG","177 mL in 1 BOTTLE (84379-444-06)","Antihistamine [EPC],  Histamine Receptor Antagonists [MoA],  Sigma-1 Agonist [EPC],  Sigma-1 Receptor Agonists [MoA],  Uncompetitive N-methyl-D-aspartate Receptor Antagonist [EPC],  Uncompetitive NMDA Receptor Antagonists [MoA]","N/A","No","12/31/2027"
"XL-3 Xtreme","76281-305-28","650 mg/30mL,                         30  mg/30mL,                         12.5  mg/30mL","LIQUID","ORAL","M012","AptaPharma Inc.","76281-305","Acetaminophen, Dextromethorphan HBr, Doxylamine Succinate","ACETAMINOPHEN;  DEXTROMETHORPHAN HYDROBROMIDE;  DOXYLAMINE SUCCINATE","HUMAN OTC DRUG","01/01/2018","N/A","OTC MONOGRAPH DRUG","354 mL in 1 BOTTLE (76281-305-28)","Antihistamine [EPC],  Histamine Receptor Antagonists [MoA],  Sigma-1 Agonist [EPC],  Sigma-1 Receptor Agonists [MoA],  Uncompetitive N-methyl-D-aspartate Receptor Antagonist [EPC],  Uncompetitive NMDA Receptor Antagonists [MoA]","N/A","No","12/31/2026"
"XL-3 Xtreme","76281-307-25","650 mg/30mL,                         30  mg/30mL,                         12.5  mg/30mL","LIQUID","ORAL","M012","AptaPharma Inc.","76281-307","Acetaminophen, Dextromethorphan HBr, Doxylamine Succinate","ACETAMINOPHEN;  DEXTROMETHORPHAN HYDROBROMIDE;  DOXYLAMINE SUCCINATE","HUMAN OTC DRUG","09/01/2018","N/A","OTC MONOGRAPH DRUG","177 mL in 1 BOTTLE (76281-307-25)","Antihistamine [EPC],  Histamine Receptor Antagonists [MoA],  Sigma-1 Agonist [EPC],  Sigma-1 Receptor Agonists [MoA],  Uncompetitive N-methyl-D-aspartate Receptor Antagonist [EPC],  Uncompetitive NMDA Receptor Antagonists [MoA]","N/A","No","12/31/2026"
"ZzzQuil ULTRA, Lil Drug Store","66715-9751-2","25 mg/1","TABLET","ORAL","M010","Lil' Drug Store Products, Inc.","66715-9751","Doxylamine succinate","DOXYLAMINE SUCCINATE","HUMAN OTC DRUG","09/30/2025","N/A","OTC MONOGRAPH DRUG","2 POUCH in 1 CARTON (66715-9751-2)  / 1 TABLET in 1 POUCH","Antihistamine [EPC],  Histamine Receptor Antagonists [MoA]","N/A","No","12/31/2026"
"ZzzQuil ULTRA, Lil Drug Store","66715-9751-3","25 mg/1","TABLET","ORAL","M010","Lil' Drug Store Products, Inc.","66715-9751","Doxylamine succinate","DOXYLAMINE SUCCINATE","HUMAN OTC DRUG","01/26/2024","N/A","OTC MONOGRAPH DRUG","3 POUCH in 1 CARTON (66715-9751-3)  / 1 TABLET in 1 POUCH","Antihistamine [EPC],  Histamine Receptor Antagonists [MoA]","N/A","No","12/31/2026"
"ZzzQuil ULTRA, Travel BASIX","66715-6451-3","25 mg/1","TABLET","ORAL","M010","Lil' Drug Store Products, Inc.","66715-6451","Doxylamine succinate","DOXYLAMINE SUCCINATE","HUMAN OTC DRUG","10/11/2022","N/A","OTC MONOGRAPH DRUG","3 POUCH in 1 CARTON (66715-6451-3)  / 1 TABLET in 1 POUCH","Antihistamine [EPC],  Histamine Receptor Antagonists [MoA]","N/A","No","12/31/2026"