"Proprietary Name","NDC Package Code","Strength","Dosage Form","Route","Appl. No.","Labeler Name","Product NDC","Nonproprietary Name","Substance Name","Product Type Name","Start Marketing Date","End Marketing Date","Market Category","Package Description","Pharm Class","DEA","Sample Package","Listing Record Certified Through:"
"Hydroxyzine","0404-9878-02","50 mg/mL","INJECTION, SOLUTION","INTRAMUSCULAR","ANDA087408","Henry Schein, Inc.","0404-9878","Hydroxyzine","HYDROXYZINE DIHYDROCHLORIDE","HUMAN PRESCRIPTION DRUG","01/17/2022","N/A","ANDA","1 VIAL, SINGLE-DOSE in 1 BAG (0404-9878-02)  / 2 mL in 1 VIAL, SINGLE-DOSE","Antihistamine [EPC],  Histamine Receptor Antagonists [MoA]","N/A","No","12/31/2026"
"Hydroxyzine HCL","72189-577-60","50 mg/1","TABLET, FILM COATED","ORAL","ANDA217652","Direct_rx","72189-577","Hydroxyzine HCL","HYDROXYZINE DIHYDROCHLORIDE","HUMAN PRESCRIPTION DRUG","09/13/2024","N/A","ANDA","60 TABLET, FILM COATED in 1 BOTTLE (72189-577-60)","Antihistamine [EPC],  Histamine Receptor Antagonists [MoA]","N/A","No","12/31/2026"
"Hydroxyzine HCL","80425-0173-2","50 mg/1","TABLET, FILM COATED","ORAL","ANDA088619","Advanced Rx Pharmacy of Tennessee, LLC","80425-0173","Hydroxyzine HCL","HYDROXYZINE DIHYDROCHLORIDE","HUMAN PRESCRIPTION DRUG","04/25/2024","N/A","ANDA","60 TABLET, FILM COATED in 1 BOTTLE (80425-0173-2)","Antihistamine [EPC],  Histamine Receptor Antagonists [MoA]","N/A","No","12/31/2026"
"Hydroxyzine HCL","80425-0173-1","50 mg/1","TABLET, FILM COATED","ORAL","ANDA088619","Advanced Rx Pharmacy of Tennessee, LLC","80425-0173","Hydroxyzine HCL","HYDROXYZINE DIHYDROCHLORIDE","HUMAN PRESCRIPTION DRUG","02/19/2013","N/A","ANDA","30 TABLET, FILM COATED in 1 BOTTLE (80425-0173-1)","Antihistamine [EPC],  Histamine Receptor Antagonists [MoA]","N/A","No","12/31/2026"
"Hydroxyzine Hydrochloride","0093-5060-05","10 mg/1","TABLET, FILM COATED","ORAL","ANDA088617","Teva Pharmaceuticals USA, Inc.","0093-5060","Hydroxyzine Hydrochloride","HYDROXYZINE DIHYDROCHLORIDE","HUMAN PRESCRIPTION DRUG","02/21/2013","N/A","ANDA","500 TABLET, FILM COATED in 1 BOTTLE (0093-5060-05)","Antihistamine [EPC],  Histamine Receptor Antagonists [MoA]","N/A","No","12/31/2026"
"Hydroxyzine Hydrochloride","0093-5060-01","10 mg/1","TABLET, FILM COATED","ORAL","ANDA088617","Teva Pharmaceuticals USA, Inc.","0093-5060","Hydroxyzine Hydrochloride","HYDROXYZINE DIHYDROCHLORIDE","HUMAN PRESCRIPTION DRUG","04/08/2013","N/A","ANDA","100 TABLET, FILM COATED in 1 BOTTLE (0093-5060-01)","Antihistamine [EPC],  Histamine Receptor Antagonists [MoA]","N/A","No","12/31/2026"
"Hydroxyzine Hydrochloride","0093-5061-10","25 mg/1","TABLET, FILM COATED","ORAL","ANDA088618","Teva Pharmaceuticals USA, Inc.","0093-5061","Hydroxyzine Hydrochloride","HYDROXYZINE DIHYDROCHLORIDE","HUMAN PRESCRIPTION DRUG","10/11/2012","N/A","ANDA","1000 TABLET, FILM COATED in 1 BOTTLE (0093-5061-10)","Antihistamine [EPC],  Histamine Receptor Antagonists [MoA]","N/A","No","12/31/2026"
"Hydroxyzine Hydrochloride","0093-5061-05","25 mg/1","TABLET, FILM COATED","ORAL","ANDA088618","Teva Pharmaceuticals USA, Inc.","0093-5061","Hydroxyzine Hydrochloride","HYDROXYZINE DIHYDROCHLORIDE","HUMAN PRESCRIPTION DRUG","10/10/2012","N/A","ANDA","500 TABLET, FILM COATED in 1 BOTTLE (0093-5061-05)","Antihistamine [EPC],  Histamine Receptor Antagonists [MoA]","N/A","No","12/31/2026"
"Hydroxyzine Hydrochloride","0093-5061-01","25 mg/1","TABLET, FILM COATED","ORAL","ANDA088618","Teva Pharmaceuticals USA, Inc.","0093-5061","Hydroxyzine Hydrochloride","HYDROXYZINE DIHYDROCHLORIDE","HUMAN PRESCRIPTION DRUG","10/09/2012","N/A","ANDA","100 TABLET, FILM COATED in 1 BOTTLE (0093-5061-01)","Antihistamine [EPC],  Histamine Receptor Antagonists [MoA]","N/A","No","12/31/2026"
"Hydroxyzine Hydrochloride","0093-5062-01","50 mg/1","TABLET, FILM COATED","ORAL","ANDA088619","Teva Pharmaceuticals USA, Inc.","0093-5062","Hydroxyzine Hydrochloride","HYDROXYZINE DIHYDROCHLORIDE","HUMAN PRESCRIPTION DRUG","03/11/2013","N/A","ANDA","100 TABLET, FILM COATED in 1 BOTTLE (0093-5062-01)","Antihistamine [EPC],  Histamine Receptor Antagonists [MoA]","N/A","No","12/31/2026"
"Hydroxyzine Hydrochloride","0093-5062-05","50 mg/1","TABLET, FILM COATED","ORAL","ANDA088619","Teva Pharmaceuticals USA, Inc.","0093-5062","Hydroxyzine Hydrochloride","HYDROXYZINE DIHYDROCHLORIDE","HUMAN PRESCRIPTION DRUG","10/22/2012","N/A","ANDA","500 TABLET, FILM COATED in 1 BOTTLE (0093-5062-05)","Antihistamine [EPC],  Histamine Receptor Antagonists [MoA]","N/A","No","12/31/2026"
"Hydroxyzine Hydrochloride","0121-1034-16","10 mg/5mL","SOLUTION","ORAL","ANDA040391","PAI Holdings, LLC dba PAI Pharma","0121-1034","hydroxyzine hydrochloride","HYDROXYZINE DIHYDROCHLORIDE","HUMAN PRESCRIPTION DRUG","11/14/2024","N/A","ANDA","473 mL in 1 BOTTLE (0121-1034-16)","Antihistamine [EPC],  Histamine Receptor Antagonists [MoA]","N/A","No","12/31/2026"
"Hydroxyzine Hydrochloride","0404-9877-01","50 mg/mL","INJECTION, SOLUTION","INTRAMUSCULAR","ANDA087408","Henry Schein, Inc.","0404-9877","Hydroxyzine Hydrochloride","HYDROXYZINE DIHYDROCHLORIDE","HUMAN PRESCRIPTION DRUG","01/17/2022","N/A","ANDA","1 VIAL, SINGLE-DOSE in 1 BAG (0404-9877-01)  / 1 mL in 1 VIAL, SINGLE-DOSE","Antihistamine [EPC],  Histamine Receptor Antagonists [MoA]","N/A","No","12/31/2026"
"Hydroxyzine Hydrochloride","0517-4201-25","25 mg/mL","INJECTION, SOLUTION","INTRAMUSCULAR","ANDA087408","American Regent, Inc.","0517-4201","Hydroxyzine Hydrochloride","HYDROXYZINE DIHYDROCHLORIDE","HUMAN PRESCRIPTION DRUG","09/30/1990","N/A","ANDA","25 VIAL, SINGLE-DOSE in 1 TRAY (0517-4201-25)  / 1 mL in 1 VIAL, SINGLE-DOSE (0517-4201-01)","Antihistamine [EPC],  Histamine Receptor Antagonists [MoA]","N/A","No","12/31/2026"
"Hydroxyzine Hydrochloride","0517-5601-25","50 mg/mL","INJECTION, SOLUTION","INTRAMUSCULAR","ANDA087408","American Regent, Inc.","0517-5601","Hydroxyzine Hydrochloride","HYDROXYZINE DIHYDROCHLORIDE","HUMAN PRESCRIPTION DRUG","09/30/1990","N/A","ANDA","25 VIAL, SINGLE-DOSE in 1 TRAY (0517-5601-25)  / 1 mL in 1 VIAL, SINGLE-DOSE (0517-5601-01)","Antihistamine [EPC],  Histamine Receptor Antagonists [MoA]","N/A","No","12/31/2026"
"Hydroxyzine Hydrochloride","0517-5602-25","50 mg/mL","INJECTION, SOLUTION","INTRAMUSCULAR","ANDA087408","American Regent, Inc.","0517-5602","Hydroxyzine Hydrochloride","HYDROXYZINE DIHYDROCHLORIDE","HUMAN PRESCRIPTION DRUG","09/30/1990","N/A","ANDA","25 VIAL, SINGLE-DOSE in 1 TRAY (0517-5602-25)  / 2 mL in 1 VIAL, SINGLE-DOSE (0517-5602-01)","Antihistamine [EPC],  Histamine Receptor Antagonists [MoA]","N/A","No","12/31/2026"
"Hydroxyzine hydrochloride","0615-8082-05","25 mg/1","TABLET","ORAL","ANDA204279","NCS HealthCare of KY, LLC dba Vangard Labs","0615-8082","Hydroxyzine hydrochloride","HYDROXYZINE DIHYDROCHLORIDE","HUMAN PRESCRIPTION DRUG","10/28/2022","N/A","ANDA","15 TABLET in 1 BLISTER PACK (0615-8082-05)","Antihistamine [EPC],  Histamine Receptor Antagonists [MoA]","N/A","No","12/31/2026"
"Hydroxyzine hydrochloride","0615-8082-28","25 mg/1","TABLET","ORAL","ANDA204279","NCS HealthCare of KY, LLC dba Vangard Labs","0615-8082","Hydroxyzine hydrochloride","HYDROXYZINE DIHYDROCHLORIDE","HUMAN PRESCRIPTION DRUG","03/28/2024","N/A","ANDA","28 TABLET in 1 BLISTER PACK (0615-8082-28)","Antihistamine [EPC],  Histamine Receptor Antagonists [MoA]","N/A","No","12/31/2026"
"Hydroxyzine hydrochloride","0615-8082-39","25 mg/1","TABLET","ORAL","ANDA204279","NCS HealthCare of KY, LLC dba Vangard Labs","0615-8082","Hydroxyzine hydrochloride","HYDROXYZINE DIHYDROCHLORIDE","HUMAN PRESCRIPTION DRUG","12/20/2016","N/A","ANDA","30 TABLET in 1 BLISTER PACK (0615-8082-39)","Antihistamine [EPC],  Histamine Receptor Antagonists [MoA]","N/A","No","12/31/2026"
"Hydroxyzine hydrochloride","0615-8563-39","10 mg/1","TABLET","ORAL","ANDA204279","NCS HealthCare of KY, LLC dba Vangard Labs","0615-8563","Hydroxyzine hydrochloride","HYDROXYZINE DIHYDROCHLORIDE","HUMAN PRESCRIPTION DRUG","03/19/2025","N/A","ANDA","30 TABLET in 1 BLISTER PACK (0615-8563-39)","Antihistamine [EPC],  Histamine Receptor Antagonists [MoA]","N/A","No","12/31/2026"
"Hydroxyzine hydrochloride","0615-8564-39","50 mg/1","TABLET","ORAL","ANDA204279","NCS HealthCare of KY, LLC dba Vangard Labs","0615-8564","Hydroxyzine hydrochloride","HYDROXYZINE DIHYDROCHLORIDE","HUMAN PRESCRIPTION DRUG","02/06/2025","N/A","ANDA","30 TABLET in 1 BLISTER PACK (0615-8564-39)","Antihistamine [EPC],  Histamine Receptor Antagonists [MoA]","N/A","No","12/31/2026"
"Hydroxyzine Hydrochloride","0904-6617-61","25 mg/1","TABLET, FILM COATED","ORAL","ANDA040604","Major Pharmaceuticals","0904-6617","Hydroxyzine Hydrochloride","HYDROXYZINE HYDROCHLORIDE","HUMAN PRESCRIPTION DRUG","03/31/2015","08/31/2026","ANDA","100 BLISTER PACK in 1 CARTON (0904-6617-61)  / 1 TABLET, FILM COATED in 1 BLISTER PACK","Antihistamine [EPC],  Histamine Receptor Antagonists [MoA]","N/A","No","N/A"
"Hydroxyzine Hydrochloride","0904-6618-61","50 mg/1","TABLET, FILM COATED","ORAL","ANDA040604","Major Pharmaceuticals","0904-6618","Hydroxyzine Hydrochloride","HYDROXYZINE HYDROCHLORIDE","HUMAN PRESCRIPTION DRUG","03/31/2015","09/30/2026","ANDA","100 BLISTER PACK in 1 CARTON (0904-6618-61)  / 1 TABLET, FILM COATED in 1 BLISTER PACK","Antihistamine [EPC],  Histamine Receptor Antagonists [MoA]","N/A","No","N/A"
"Hydroxyzine hydrochloride","0904-7378-40","25 mg/1","TABLET","ORAL","ANDA204279","Major Pharmaceuticals","0904-7378","Hydroxyzine hydrochloride","HYDROXYZINE HYDROCHLORIDE","HUMAN PRESCRIPTION DRUG","08/01/2023","03/31/2027","ANDA","500 TABLET in 1 BOTTLE (0904-7378-40)","Antihistamine [EPC],  Histamine Receptor Antagonists [MoA]","N/A","No","N/A"
"Hydroxyzine hydrochloride","0904-7378-80","25 mg/1","TABLET","ORAL","ANDA204279","Major Pharmaceuticals","0904-7378","Hydroxyzine hydrochloride","HYDROXYZINE HYDROCHLORIDE","HUMAN PRESCRIPTION DRUG","08/01/2023","04/30/2028","ANDA","1000 TABLET in 1 BOTTLE (0904-7378-80)","Antihistamine [EPC],  Histamine Receptor Antagonists [MoA]","N/A","No","N/A"
"Hydroxyzine hydrochloride","0904-7379-40","50 mg/1","TABLET","ORAL","ANDA204279","Major Pharmaceuticals","0904-7379","Hydroxyzine hydrochloride","HYDROXYZINE HYDROCHLORIDE","HUMAN PRESCRIPTION DRUG","08/01/2023","04/30/2028","ANDA","500 TABLET in 1 BOTTLE (0904-7379-40)","Antihistamine [EPC],  Histamine Receptor Antagonists [MoA]","N/A","No","N/A"
"Hydroxyzine hydrochloride","0904-7379-80","50 mg/1","TABLET","ORAL","ANDA204279","Major Pharmaceuticals","0904-7379","Hydroxyzine hydrochloride","HYDROXYZINE HYDROCHLORIDE","HUMAN PRESCRIPTION DRUG","08/01/2023","03/31/2027","ANDA","1000 TABLET in 1 BOTTLE (0904-7379-80)","Antihistamine [EPC],  Histamine Receptor Antagonists [MoA]","N/A","No","N/A"
"HYDROXYZINE HYDROCHLORIDE","10135-810-01","10 mg/1","TABLET, FILM COATED","ORAL","ANDA207121","Marlex Pharmaceuticals, Inc.","10135-810","hydroxyzine hydrochloride","HYDROXYZINE DIHYDROCHLORIDE","HUMAN PRESCRIPTION DRUG","03/01/2025","N/A","ANDA","100 TABLET, FILM COATED in 1 BOTTLE (10135-810-01)","Antihistamine [EPC],  Histamine Receptor Antagonists [MoA]","N/A","No","12/31/2026"
"HYDROXYZINE HYDROCHLORIDE","10135-810-10","10 mg/1","TABLET, FILM COATED","ORAL","ANDA207121","Marlex Pharmaceuticals, Inc.","10135-810","hydroxyzine hydrochloride","HYDROXYZINE DIHYDROCHLORIDE","HUMAN PRESCRIPTION DRUG","03/01/2025","N/A","ANDA","1000 TABLET, FILM COATED in 1 BOTTLE (10135-810-10)","Antihistamine [EPC],  Histamine Receptor Antagonists [MoA]","N/A","No","12/31/2026"
"HYDROXYZINE HYDROCHLORIDE","10135-811-10","25 mg/1","TABLET, FILM COATED","ORAL","ANDA207121","Marlex Pharmaceuticals, Inc.","10135-811","hydroxyzine hydrochloride","HYDROXYZINE DIHYDROCHLORIDE","HUMAN PRESCRIPTION DRUG","03/01/2025","N/A","ANDA","1000 TABLET, FILM COATED in 1 BOTTLE (10135-811-10)","Antihistamine [EPC],  Histamine Receptor Antagonists [MoA]","N/A","No","12/31/2026"
"HYDROXYZINE HYDROCHLORIDE","10135-811-01","25 mg/1","TABLET, FILM COATED","ORAL","ANDA207121","Marlex Pharmaceuticals, Inc.","10135-811","hydroxyzine hydrochloride","HYDROXYZINE DIHYDROCHLORIDE","HUMAN PRESCRIPTION DRUG","03/01/2025","N/A","ANDA","100 TABLET, FILM COATED in 1 BOTTLE (10135-811-01)","Antihistamine [EPC],  Histamine Receptor Antagonists [MoA]","N/A","No","12/31/2026"
"HYDROXYZINE HYDROCHLORIDE","10135-812-10","50 mg/1","TABLET, FILM COATED","ORAL","ANDA207121","Marlex Pharmaceuticals, Inc.","10135-812","hydroxyzine hydrochloride","HYDROXYZINE DIHYDROCHLORIDE","HUMAN PRESCRIPTION DRUG","03/01/2025","N/A","ANDA","1000 TABLET, FILM COATED in 1 BOTTLE (10135-812-10)","Antihistamine [EPC],  Histamine Receptor Antagonists [MoA]","N/A","No","12/31/2026"
"HYDROXYZINE HYDROCHLORIDE","10135-812-01","50 mg/1","TABLET, FILM COATED","ORAL","ANDA207121","Marlex Pharmaceuticals, Inc.","10135-812","hydroxyzine hydrochloride","HYDROXYZINE DIHYDROCHLORIDE","HUMAN PRESCRIPTION DRUG","03/01/2025","N/A","ANDA","100 TABLET, FILM COATED in 1 BOTTLE (10135-812-01)","Antihistamine [EPC],  Histamine Receptor Antagonists [MoA]","N/A","No","12/31/2026"
"Hydroxyzine Hydrochloride","10702-010-01","10 mg/1","TABLET, FILM COATED","ORAL","ANDA040786","KVK-Tech, Inc.","10702-010","hydroxyzine hydrochloride","HYDROXYZINE DIHYDROCHLORIDE","HUMAN PRESCRIPTION DRUG","07/24/2012","N/A","ANDA","100 TABLET, FILM COATED in 1 BOTTLE (10702-010-01)","Antihistamine [EPC],  Histamine Receptor Antagonists [MoA]","N/A","No","12/31/2026"
"Hydroxyzine Hydrochloride","10702-010-10","10 mg/1","TABLET, FILM COATED","ORAL","ANDA040786","KVK-Tech, Inc.","10702-010","hydroxyzine hydrochloride","HYDROXYZINE DIHYDROCHLORIDE","HUMAN PRESCRIPTION DRUG","07/24/2012","N/A","ANDA","1000 TABLET, FILM COATED in 1 BOTTLE (10702-010-10)","Antihistamine [EPC],  Histamine Receptor Antagonists [MoA]","N/A","No","12/31/2026"
"Hydroxyzine Hydrochloride","10702-010-50","10 mg/1","TABLET, FILM COATED","ORAL","ANDA040786","KVK-Tech, Inc.","10702-010","hydroxyzine hydrochloride","HYDROXYZINE DIHYDROCHLORIDE","HUMAN PRESCRIPTION DRUG","07/24/2012","N/A","ANDA","500 TABLET, FILM COATED in 1 BOTTLE (10702-010-50)","Antihistamine [EPC],  Histamine Receptor Antagonists [MoA]","N/A","No","12/31/2026"
"Hydroxyzine Hydrochloride","10702-011-50","25 mg/1","TABLET, FILM COATED","ORAL","ANDA040786","KVK-Tech, Inc.","10702-011","Hydroxyzine Hydrochloride","HYDROXYZINE DIHYDROCHLORIDE","HUMAN PRESCRIPTION DRUG","07/24/2012","N/A","ANDA","500 TABLET, FILM COATED in 1 BOTTLE (10702-011-50)","Antihistamine [EPC],  Histamine Receptor Antagonists [MoA]","N/A","No","12/31/2026"
"Hydroxyzine Hydrochloride","10702-011-10","25 mg/1","TABLET, FILM COATED","ORAL","ANDA040786","KVK-Tech, Inc.","10702-011","Hydroxyzine Hydrochloride","HYDROXYZINE DIHYDROCHLORIDE","HUMAN PRESCRIPTION DRUG","07/24/2012","N/A","ANDA","1000 TABLET, FILM COATED in 1 BOTTLE (10702-011-10)","Antihistamine [EPC],  Histamine Receptor Antagonists [MoA]","N/A","No","12/31/2026"
"Hydroxyzine Hydrochloride","10702-011-01","25 mg/1","TABLET, FILM COATED","ORAL","ANDA040786","KVK-Tech, Inc.","10702-011","Hydroxyzine Hydrochloride","HYDROXYZINE DIHYDROCHLORIDE","HUMAN PRESCRIPTION DRUG","07/24/2012","N/A","ANDA","100 TABLET, FILM COATED in 1 BOTTLE (10702-011-01)","Antihistamine [EPC],  Histamine Receptor Antagonists [MoA]","N/A","No","12/31/2026"
"Hydroxyzine Hydrochloride","10702-012-50","50 mg/1","TABLET, FILM COATED","ORAL","ANDA040786","KVK-Tech, Inc.","10702-012","Hydroxyzine Hydrochloride","HYDROXYZINE DIHYDROCHLORIDE","HUMAN PRESCRIPTION DRUG","07/24/2012","N/A","ANDA","500 TABLET, FILM COATED in 1 BOTTLE (10702-012-50)","Antihistamine [EPC],  Histamine Receptor Antagonists [MoA]","N/A","No","12/31/2026"
"Hydroxyzine Hydrochloride","10702-012-10","50 mg/1","TABLET, FILM COATED","ORAL","ANDA040786","KVK-Tech, Inc.","10702-012","Hydroxyzine Hydrochloride","HYDROXYZINE DIHYDROCHLORIDE","HUMAN PRESCRIPTION DRUG","07/24/2012","N/A","ANDA","1000 TABLET, FILM COATED in 1 BOTTLE (10702-012-10)","Antihistamine [EPC],  Histamine Receptor Antagonists [MoA]","N/A","No","12/31/2026"
"Hydroxyzine Hydrochloride","10702-012-01","50 mg/1","TABLET, FILM COATED","ORAL","ANDA040786","KVK-Tech, Inc.","10702-012","Hydroxyzine Hydrochloride","HYDROXYZINE DIHYDROCHLORIDE","HUMAN PRESCRIPTION DRUG","07/24/2012","N/A","ANDA","100 TABLET, FILM COATED in 1 BOTTLE (10702-012-01)","Antihistamine [EPC],  Histamine Receptor Antagonists [MoA]","N/A","No","12/31/2026"
"HYDROXYZINE HYDROCHLORIDE","11534-204-04","10 mg/1","TABLET, FILM COATED","ORAL","ANDA207121","Sunrise Pharmaceutical, Inc.","11534-204","hydroxyzine hydrochloride","HYDROXYZINE DIHYDROCHLORIDE","HUMAN PRESCRIPTION DRUG","01/10/2025","N/A","ANDA","500 TABLET, FILM COATED in 1 BOTTLE (11534-204-04)","Antihistamine [EPC],  Histamine Receptor Antagonists [MoA]","N/A","No","12/31/2026"
"HYDROXYZINE HYDROCHLORIDE","11534-204-03","10 mg/1","TABLET, FILM COATED","ORAL","ANDA207121","Sunrise Pharmaceutical, Inc.","11534-204","hydroxyzine hydrochloride","HYDROXYZINE DIHYDROCHLORIDE","HUMAN PRESCRIPTION DRUG","04/16/2024","N/A","ANDA","1000 TABLET, FILM COATED in 1 BOTTLE (11534-204-03)","Antihistamine [EPC],  Histamine Receptor Antagonists [MoA]","N/A","No","12/31/2026"
"HYDROXYZINE HYDROCHLORIDE","11534-204-01","10 mg/1","TABLET, FILM COATED","ORAL","ANDA207121","Sunrise Pharmaceutical, Inc.","11534-204","hydroxyzine hydrochloride","HYDROXYZINE DIHYDROCHLORIDE","HUMAN PRESCRIPTION DRUG","04/16/2024","N/A","ANDA","100 TABLET, FILM COATED in 1 BOTTLE (11534-204-01)","Antihistamine [EPC],  Histamine Receptor Antagonists [MoA]","N/A","No","12/31/2026"
"HYDROXYZINE HYDROCHLORIDE","11534-205-03","25 mg/1","TABLET, FILM COATED","ORAL","ANDA207121","Sunrise Pharmaceutical, Inc.","11534-205","hydroxyzine hydrochloride","HYDROXYZINE DIHYDROCHLORIDE","HUMAN PRESCRIPTION DRUG","05/06/2024","N/A","ANDA","1000 TABLET, FILM COATED in 1 BOTTLE (11534-205-03)","Antihistamine [EPC],  Histamine Receptor Antagonists [MoA]","N/A","No","12/31/2026"
"HYDROXYZINE HYDROCHLORIDE","11534-205-01","25 mg/1","TABLET, FILM COATED","ORAL","ANDA207121","Sunrise Pharmaceutical, Inc.","11534-205","hydroxyzine hydrochloride","HYDROXYZINE DIHYDROCHLORIDE","HUMAN PRESCRIPTION DRUG","05/06/2024","N/A","ANDA","100 TABLET, FILM COATED in 1 BOTTLE (11534-205-01)","Antihistamine [EPC],  Histamine Receptor Antagonists [MoA]","N/A","No","12/31/2026"
"HYDROXYZINE HYDROCHLORIDE","11534-205-04","25 mg/1","TABLET, FILM COATED","ORAL","ANDA207121","Sunrise Pharmaceutical, Inc.","11534-205","hydroxyzine hydrochloride","HYDROXYZINE DIHYDROCHLORIDE","HUMAN PRESCRIPTION DRUG","01/10/2025","N/A","ANDA","500 TABLET, FILM COATED in 1 BOTTLE (11534-205-04)","Antihistamine [EPC],  Histamine Receptor Antagonists [MoA]","N/A","No","12/31/2026"
"HYDROXYZINE HYDROCHLORIDE","11534-206-04","50 mg/1","TABLET, FILM COATED","ORAL","ANDA207121","Sunrise Pharmaceutical, Inc.","11534-206","hydroxyzine hydrochloride","HYDROXYZINE DIHYDROCHLORIDE","HUMAN PRESCRIPTION DRUG","01/10/2025","N/A","ANDA","500 TABLET, FILM COATED in 1 BOTTLE (11534-206-04)","Antihistamine [EPC],  Histamine Receptor Antagonists [MoA]","N/A","No","12/31/2026"
"HYDROXYZINE HYDROCHLORIDE","11534-206-03","50 mg/1","TABLET, FILM COATED","ORAL","ANDA207121","Sunrise Pharmaceutical, Inc.","11534-206","hydroxyzine hydrochloride","HYDROXYZINE DIHYDROCHLORIDE","HUMAN PRESCRIPTION DRUG","05/01/2024","N/A","ANDA","1000 TABLET, FILM COATED in 1 BOTTLE (11534-206-03)","Antihistamine [EPC],  Histamine Receptor Antagonists [MoA]","N/A","No","12/31/2026"
"HYDROXYZINE HYDROCHLORIDE","11534-206-01","50 mg/1","TABLET, FILM COATED","ORAL","ANDA207121","Sunrise Pharmaceutical, Inc.","11534-206","hydroxyzine hydrochloride","HYDROXYZINE DIHYDROCHLORIDE","HUMAN PRESCRIPTION DRUG","05/01/2024","N/A","ANDA","100 TABLET, FILM COATED in 1 BOTTLE (11534-206-01)","Antihistamine [EPC],  Histamine Receptor Antagonists [MoA]","N/A","No","12/31/2026"
"HYDROXYZINE HYDROCHLORIDE","16571-113-50","10 mg/1","TABLET, FILM COATED","ORAL","ANDA217652","Rising Pharma Holdings, Inc.","16571-113","hydroxyzine hydrochloride","HYDROXYZINE DIHYDROCHLORIDE","HUMAN PRESCRIPTION DRUG","08/22/2023","N/A","ANDA","500 TABLET, FILM COATED in 1 BOTTLE (16571-113-50)","Antihistamine [EPC],  Histamine Receptor Antagonists [MoA]","N/A","No","12/31/2026"
"HYDROXYZINE HYDROCHLORIDE","16571-113-01","10 mg/1","TABLET, FILM COATED","ORAL","ANDA217652","Rising Pharma Holdings, Inc.","16571-113","hydroxyzine hydrochloride","HYDROXYZINE DIHYDROCHLORIDE","HUMAN PRESCRIPTION DRUG","08/22/2023","N/A","ANDA","100 TABLET, FILM COATED in 1 BOTTLE (16571-113-01)","Antihistamine [EPC],  Histamine Receptor Antagonists [MoA]","N/A","No","12/31/2026"
"HYDROXYZINE HYDROCHLORIDE","16571-114-50","25 mg/1","TABLET, FILM COATED","ORAL","ANDA217652","Rising Pharma Holdings, Inc.","16571-114","hydroxyzine hydrochloride","HYDROXYZINE DIHYDROCHLORIDE","HUMAN PRESCRIPTION DRUG","08/22/2023","N/A","ANDA","500 TABLET, FILM COATED in 1 BOTTLE (16571-114-50)","Antihistamine [EPC],  Histamine Receptor Antagonists [MoA]","N/A","No","12/31/2026"
"HYDROXYZINE HYDROCHLORIDE","16571-114-10","25 mg/1","TABLET, FILM COATED","ORAL","ANDA217652","Rising Pharma Holdings, Inc.","16571-114","hydroxyzine hydrochloride","HYDROXYZINE DIHYDROCHLORIDE","HUMAN PRESCRIPTION DRUG","08/22/2023","N/A","ANDA","1000 TABLET, FILM COATED in 1 BOTTLE (16571-114-10)","Antihistamine [EPC],  Histamine Receptor Antagonists [MoA]","N/A","No","12/31/2026"
"HYDROXYZINE HYDROCHLORIDE","16571-114-01","25 mg/1","TABLET, FILM COATED","ORAL","ANDA217652","Rising Pharma Holdings, Inc.","16571-114","hydroxyzine hydrochloride","HYDROXYZINE DIHYDROCHLORIDE","HUMAN PRESCRIPTION DRUG","08/22/2023","N/A","ANDA","100 TABLET, FILM COATED in 1 BOTTLE (16571-114-01)","Antihistamine [EPC],  Histamine Receptor Antagonists [MoA]","N/A","No","12/31/2026"
"HYDROXYZINE HYDROCHLORIDE","16571-115-50","50 mg/1","TABLET, FILM COATED","ORAL","ANDA217652","Rising Pharma Holdings, Inc.","16571-115","hydroxyzine hydrochloride","HYDROXYZINE DIHYDROCHLORIDE","HUMAN PRESCRIPTION DRUG","08/22/2023","N/A","ANDA","500 TABLET, FILM COATED in 1 BOTTLE (16571-115-50)","Antihistamine [EPC],  Histamine Receptor Antagonists [MoA]","N/A","No","12/31/2026"
"HYDROXYZINE HYDROCHLORIDE","16571-115-10","50 mg/1","TABLET, FILM COATED","ORAL","ANDA217652","Rising Pharma Holdings, Inc.","16571-115","hydroxyzine hydrochloride","HYDROXYZINE DIHYDROCHLORIDE","HUMAN PRESCRIPTION DRUG","08/22/2023","N/A","ANDA","1000 TABLET, FILM COATED in 1 BOTTLE (16571-115-10)","Antihistamine [EPC],  Histamine Receptor Antagonists [MoA]","N/A","No","12/31/2026"
"HYDROXYZINE HYDROCHLORIDE","16571-115-01","50 mg/1","TABLET, FILM COATED","ORAL","ANDA217652","Rising Pharma Holdings, Inc.","16571-115","hydroxyzine hydrochloride","HYDROXYZINE DIHYDROCHLORIDE","HUMAN PRESCRIPTION DRUG","08/22/2023","N/A","ANDA","100 TABLET, FILM COATED in 1 BOTTLE (16571-115-01)","Antihistamine [EPC],  Histamine Receptor Antagonists [MoA]","N/A","No","12/31/2026"
"HydrOXYzine Hydrochloride","16714-081-11","10 mg/1","TABLET","ORAL","ANDA040840","Northstar RxLLC","16714-081","HydrOXYzine Hydrochloride","HYDROXYZINE DIHYDROCHLORIDE","HUMAN PRESCRIPTION DRUG","11/11/2009","N/A","ANDA","500 TABLET in 1 BOTTLE (16714-081-11)","Antihistamine [EPC],  Histamine Receptor Antagonists [MoA]","N/A","No","12/31/2027"
"HydrOXYzine Hydrochloride","16714-081-10","10 mg/1","TABLET","ORAL","ANDA040840","Northstar RxLLC","16714-081","HydrOXYzine Hydrochloride","HYDROXYZINE DIHYDROCHLORIDE","HUMAN PRESCRIPTION DRUG","11/11/2009","N/A","ANDA","100 TABLET in 1 BOTTLE (16714-081-10)","Antihistamine [EPC],  Histamine Receptor Antagonists [MoA]","N/A","No","12/31/2027"
"HydrOXYzine Hydrochloride","16714-082-12","25 mg/1","TABLET","ORAL","ANDA040840","Northstar RxLLC","16714-082","HydrOXYzine Hydrochloride","HYDROXYZINE DIHYDROCHLORIDE","HUMAN PRESCRIPTION DRUG","11/11/2009","N/A","ANDA","1000 TABLET in 1 BOTTLE (16714-082-12)","Antihistamine [EPC],  Histamine Receptor Antagonists [MoA]","N/A","No","12/31/2027"
"HydrOXYzine Hydrochloride","16714-082-11","25 mg/1","TABLET","ORAL","ANDA040840","Northstar RxLLC","16714-082","HydrOXYzine Hydrochloride","HYDROXYZINE DIHYDROCHLORIDE","HUMAN PRESCRIPTION DRUG","11/11/2009","N/A","ANDA","500 TABLET in 1 BOTTLE (16714-082-11)","Antihistamine [EPC],  Histamine Receptor Antagonists [MoA]","N/A","No","12/31/2027"
"HydrOXYzine Hydrochloride","16714-082-10","25 mg/1","TABLET","ORAL","ANDA040840","Northstar RxLLC","16714-082","HydrOXYzine Hydrochloride","HYDROXYZINE DIHYDROCHLORIDE","HUMAN PRESCRIPTION DRUG","11/11/2009","N/A","ANDA","100 TABLET in 1 BOTTLE (16714-082-10)","Antihistamine [EPC],  Histamine Receptor Antagonists [MoA]","N/A","No","12/31/2027"
"HydrOXYzine Hydrochloride","16714-083-11","50 mg/1","TABLET","ORAL","ANDA040840","Northstar RxLLC","16714-083","HydrOXYzine Hydrochloride","HYDROXYZINE DIHYDROCHLORIDE","HUMAN PRESCRIPTION DRUG","11/11/2009","N/A","ANDA","500 TABLET in 1 BOTTLE (16714-083-11)","Antihistamine [EPC],  Histamine Receptor Antagonists [MoA]","N/A","No","12/31/2027"
"HydrOXYzine Hydrochloride","16714-083-10","50 mg/1","TABLET","ORAL","ANDA040840","Northstar RxLLC","16714-083","HydrOXYzine Hydrochloride","HYDROXYZINE DIHYDROCHLORIDE","HUMAN PRESCRIPTION DRUG","11/11/2009","N/A","ANDA","100 TABLET in 1 BOTTLE (16714-083-10)","Antihistamine [EPC],  Histamine Receptor Antagonists [MoA]","N/A","No","12/31/2027"
"Hydroxyzine Hydrochloride","17856-0507-1","10 mg/5mL","SOLUTION","ORAL","ANDA201674","ATLANTIC BIOLOGICALS CORP.","17856-0507","Hydroxyzine Hydrochloride","HYDROXYZINE DIHYDROCHLORIDE","HUMAN PRESCRIPTION DRUG","05/08/2024","N/A","ANDA","72 CUP, UNIT-DOSE in 1 BOX, UNIT-DOSE (17856-0507-1)  / 5 mL in 1 CUP, UNIT-DOSE (17856-0507-2)","Antihistamine [EPC],  Histamine Receptor Antagonists [MoA]","N/A","No","12/31/2026"
"Hydroxyzine hydrochloride","23155-500-10","10 mg/1","TABLET","ORAL","ANDA204279","Heritage Pharmaceuticals Inc. d/b/a Avet Pharmaceuticals Inc.","23155-500","Hydroxyzine hydrochloride","HYDROXYZINE DIHYDROCHLORIDE","HUMAN PRESCRIPTION DRUG","08/20/2014","N/A","ANDA","1000 TABLET in 1 BOTTLE (23155-500-10)","Antihistamine [EPC],  Histamine Receptor Antagonists [MoA]","N/A","No","12/31/2026"
"Hydroxyzine hydrochloride","23155-500-05","10 mg/1","TABLET","ORAL","ANDA204279","Heritage Pharmaceuticals Inc. d/b/a Avet Pharmaceuticals Inc.","23155-500","Hydroxyzine hydrochloride","HYDROXYZINE DIHYDROCHLORIDE","HUMAN PRESCRIPTION DRUG","08/20/2014","N/A","ANDA","500 TABLET in 1 BOTTLE (23155-500-05)","Antihistamine [EPC],  Histamine Receptor Antagonists [MoA]","N/A","No","12/31/2026"
"Hydroxyzine hydrochloride","23155-500-01","10 mg/1","TABLET","ORAL","ANDA204279","Heritage Pharmaceuticals Inc. d/b/a Avet Pharmaceuticals Inc.","23155-500","Hydroxyzine hydrochloride","HYDROXYZINE DIHYDROCHLORIDE","HUMAN PRESCRIPTION DRUG","08/20/2014","N/A","ANDA","100 TABLET in 1 BOTTLE (23155-500-01)","Antihistamine [EPC],  Histamine Receptor Antagonists [MoA]","N/A","No","12/31/2026"
"Hydroxyzine hydrochloride","23155-501-10","25 mg/1","TABLET","ORAL","ANDA204279","Heritage Pharmaceuticals Inc. d/b/a Avet Pharmaceuticals Inc.","23155-501","Hydroxyzine hydrochloride","HYDROXYZINE DIHYDROCHLORIDE","HUMAN PRESCRIPTION DRUG","08/20/2014","N/A","ANDA","1000 TABLET in 1 BOTTLE (23155-501-10)","Antihistamine [EPC],  Histamine Receptor Antagonists [MoA]","N/A","No","12/31/2026"
"Hydroxyzine hydrochloride","23155-501-05","25 mg/1","TABLET","ORAL","ANDA204279","Heritage Pharmaceuticals Inc. d/b/a Avet Pharmaceuticals Inc.","23155-501","Hydroxyzine hydrochloride","HYDROXYZINE DIHYDROCHLORIDE","HUMAN PRESCRIPTION DRUG","08/20/2014","N/A","ANDA","500 TABLET in 1 BOTTLE (23155-501-05)","Antihistamine [EPC],  Histamine Receptor Antagonists [MoA]","N/A","No","12/31/2026"
"Hydroxyzine hydrochloride","23155-501-01","25 mg/1","TABLET","ORAL","ANDA204279","Heritage Pharmaceuticals Inc. d/b/a Avet Pharmaceuticals Inc.","23155-501","Hydroxyzine hydrochloride","HYDROXYZINE DIHYDROCHLORIDE","HUMAN PRESCRIPTION DRUG","08/20/2014","N/A","ANDA","100 TABLET in 1 BOTTLE (23155-501-01)","Antihistamine [EPC],  Histamine Receptor Antagonists [MoA]","N/A","No","12/31/2026"
"Hydroxyzine hydrochloride","23155-502-10","50 mg/1","TABLET","ORAL","ANDA204279","Heritage Pharmaceuticals Inc. d/b/a Avet Pharmaceuticals Inc.","23155-502","Hydroxyzine hydrochloride","HYDROXYZINE DIHYDROCHLORIDE","HUMAN PRESCRIPTION DRUG","08/20/2014","N/A","ANDA","1000 TABLET in 1 BOTTLE (23155-502-10)","Antihistamine [EPC],  Histamine Receptor Antagonists [MoA]","N/A","No","12/31/2026"
"Hydroxyzine hydrochloride","23155-502-05","50 mg/1","TABLET","ORAL","ANDA204279","Heritage Pharmaceuticals Inc. d/b/a Avet Pharmaceuticals Inc.","23155-502","Hydroxyzine hydrochloride","HYDROXYZINE DIHYDROCHLORIDE","HUMAN PRESCRIPTION DRUG","08/20/2014","N/A","ANDA","500 TABLET in 1 BOTTLE (23155-502-05)","Antihistamine [EPC],  Histamine Receptor Antagonists [MoA]","N/A","No","12/31/2026"
"Hydroxyzine hydrochloride","23155-502-01","50 mg/1","TABLET","ORAL","ANDA204279","Heritage Pharmaceuticals Inc. d/b/a Avet Pharmaceuticals Inc.","23155-502","Hydroxyzine hydrochloride","HYDROXYZINE DIHYDROCHLORIDE","HUMAN PRESCRIPTION DRUG","08/20/2014","N/A","ANDA","100 TABLET in 1 BOTTLE (23155-502-01)","Antihistamine [EPC],  Histamine Receptor Antagonists [MoA]","N/A","No","12/31/2026"
"Hydroxyzine Hydrochloride","24658-781-10","10 mg/1","TABLET, FILM COATED","ORAL","ANDA040604","PURACAP LABORATORIES LLC DBA BLU PHARMACEUTICALS","24658-781","Hydroxyzine Hydrochloride","HYDROXYZINE DIHYDROCHLORIDE","HUMAN PRESCRIPTION DRUG","07/21/2021","N/A","ANDA","1000 TABLET, FILM COATED in 1 BOTTLE (24658-781-10)","Antihistamine [EPC],  Histamine Receptor Antagonists [MoA]","N/A","No","12/31/2027"
"Hydroxyzine Hydrochloride","24658-781-05","10 mg/1","TABLET, FILM COATED","ORAL","ANDA040604","PURACAP LABORATORIES LLC DBA BLU PHARMACEUTICALS","24658-781","Hydroxyzine Hydrochloride","HYDROXYZINE DIHYDROCHLORIDE","HUMAN PRESCRIPTION DRUG","10/24/2024","N/A","ANDA","500 TABLET, FILM COATED in 1 BOTTLE (24658-781-05)","Antihistamine [EPC],  Histamine Receptor Antagonists [MoA]","N/A","No","12/31/2027"
"Hydroxyzine Hydrochloride","24658-782-10","25 mg/1","TABLET, FILM COATED","ORAL","ANDA040604","PURACAP LABORATORIES LLC DBA BLU PHARMACEUTICALS","24658-782","Hydroxyzine Hydrochloride","HYDROXYZINE DIHYDROCHLORIDE","HUMAN PRESCRIPTION DRUG","07/21/2021","N/A","ANDA","1000 TABLET, FILM COATED in 1 BOTTLE (24658-782-10)","Antihistamine [EPC],  Histamine Receptor Antagonists [MoA]","N/A","No","12/31/2027"
"Hydroxyzine Hydrochloride","24658-783-10","50 mg/1","TABLET, FILM COATED","ORAL","ANDA040604","PURACAP LABORATORIES LLC DBA BLU PHARMACEUTICALS","24658-783","Hydroxyzine Hydrochloride","HYDROXYZINE DIHYDROCHLORIDE","HUMAN PRESCRIPTION DRUG","07/21/2021","N/A","ANDA","1000 TABLET, FILM COATED in 1 BOTTLE (24658-783-10)","Antihistamine [EPC],  Histamine Receptor Antagonists [MoA]","N/A","No","12/31/2027"
"Hydroxyzine Hydrochloride","31722-500-10","10 mg/1","TABLET, FILM COATED","ORAL","ANDA040805","Camber Pharmaceuticals, Inc.","31722-500","Hydroxyzine Hydrochloride","HYDROXYZINE DIHYDROCHLORIDE","HUMAN PRESCRIPTION DRUG","05/29/2008","N/A","ANDA","1000 TABLET, FILM COATED in 1 BOTTLE (31722-500-10)","Antihistamine [EPC],  Histamine Receptor Antagonists [MoA]","N/A","No","12/31/2026"
"Hydroxyzine Hydrochloride","31722-500-05","10 mg/1","TABLET, FILM COATED","ORAL","ANDA040805","Camber Pharmaceuticals, Inc.","31722-500","Hydroxyzine Hydrochloride","HYDROXYZINE DIHYDROCHLORIDE","HUMAN PRESCRIPTION DRUG","05/29/2008","N/A","ANDA","500 TABLET, FILM COATED in 1 BOTTLE (31722-500-05)","Antihistamine [EPC],  Histamine Receptor Antagonists [MoA]","N/A","No","12/31/2026"
"Hydroxyzine Hydrochloride","31722-500-01","10 mg/1","TABLET, FILM COATED","ORAL","ANDA040805","Camber Pharmaceuticals, Inc.","31722-500","Hydroxyzine Hydrochloride","HYDROXYZINE DIHYDROCHLORIDE","HUMAN PRESCRIPTION DRUG","05/29/2008","N/A","ANDA","100 TABLET, FILM COATED in 1 BOTTLE (31722-500-01)","Antihistamine [EPC],  Histamine Receptor Antagonists [MoA]","N/A","No","12/31/2026"
"Hydroxyzine Hydrochloride","31722-501-10","25 mg/1","TABLET, FILM COATED","ORAL","ANDA040805","Camber Pharmaceuticals, Inc.","31722-501","Hydroxyzine Hydrochloride","HYDROXYZINE DIHYDROCHLORIDE","HUMAN PRESCRIPTION DRUG","05/29/2008","N/A","ANDA","1000 TABLET, FILM COATED in 1 BOTTLE (31722-501-10)","Antihistamine [EPC],  Histamine Receptor Antagonists [MoA]","N/A","No","12/31/2026"
"Hydroxyzine Hydrochloride","31722-501-05","25 mg/1","TABLET, FILM COATED","ORAL","ANDA040805","Camber Pharmaceuticals, Inc.","31722-501","Hydroxyzine Hydrochloride","HYDROXYZINE DIHYDROCHLORIDE","HUMAN PRESCRIPTION DRUG","05/29/2008","N/A","ANDA","500 TABLET, FILM COATED in 1 BOTTLE (31722-501-05)","Antihistamine [EPC],  Histamine Receptor Antagonists [MoA]","N/A","No","12/31/2026"
"Hydroxyzine Hydrochloride","31722-501-01","25 mg/1","TABLET, FILM COATED","ORAL","ANDA040805","Camber Pharmaceuticals, Inc.","31722-501","Hydroxyzine Hydrochloride","HYDROXYZINE DIHYDROCHLORIDE","HUMAN PRESCRIPTION DRUG","05/29/2008","N/A","ANDA","100 TABLET, FILM COATED in 1 BOTTLE (31722-501-01)","Antihistamine [EPC],  Histamine Receptor Antagonists [MoA]","N/A","No","12/31/2026"
"Hydroxyzine Hydrochloride","31722-502-01","50 mg/1","TABLET, FILM COATED","ORAL","ANDA040805","Camber Pharmaceuticals, Inc.","31722-502","Hydroxyzine Hydrochloride","HYDROXYZINE DIHYDROCHLORIDE","HUMAN PRESCRIPTION DRUG","05/29/2008","N/A","ANDA","100 TABLET, FILM COATED in 1 BOTTLE (31722-502-01)","Antihistamine [EPC],  Histamine Receptor Antagonists [MoA]","N/A","No","12/31/2026"
"Hydroxyzine Hydrochloride","31722-502-10","50 mg/1","TABLET, FILM COATED","ORAL","ANDA040805","Camber Pharmaceuticals, Inc.","31722-502","Hydroxyzine Hydrochloride","HYDROXYZINE DIHYDROCHLORIDE","HUMAN PRESCRIPTION DRUG","05/29/2008","N/A","ANDA","1000 TABLET, FILM COATED in 1 BOTTLE (31722-502-10)","Antihistamine [EPC],  Histamine Receptor Antagonists [MoA]","N/A","No","12/31/2026"
"Hydroxyzine Hydrochloride","31722-502-05","50 mg/1","TABLET, FILM COATED","ORAL","ANDA040805","Camber Pharmaceuticals, Inc.","31722-502","Hydroxyzine Hydrochloride","HYDROXYZINE DIHYDROCHLORIDE","HUMAN PRESCRIPTION DRUG","05/29/2008","N/A","ANDA","500 TABLET, FILM COATED in 1 BOTTLE (31722-502-05)","Antihistamine [EPC],  Histamine Receptor Antagonists [MoA]","N/A","No","12/31/2026"
"Hydroxyzine Hydrochloride","42806-159-10","10 mg/1","TABLET, FILM COATED","ORAL","ANDA040604","Epic Pharma, LLC","42806-159","Hydroxyzine Hydrochloride","HYDROXYZINE DIHYDROCHLORIDE","HUMAN PRESCRIPTION DRUG","03/31/2015","N/A","ANDA","1000 TABLET, FILM COATED in 1 BOTTLE (42806-159-10)","Antihistamine [EPC],  Histamine Receptor Antagonists [MoA]","N/A","No","12/31/2026"
"Hydroxyzine Hydrochloride","42806-159-05","10 mg/1","TABLET, FILM COATED","ORAL","ANDA040604","Epic Pharma, LLC","42806-159","Hydroxyzine Hydrochloride","HYDROXYZINE DIHYDROCHLORIDE","HUMAN PRESCRIPTION DRUG","03/31/2015","N/A","ANDA","500 TABLET, FILM COATED in 1 BOTTLE (42806-159-05)","Antihistamine [EPC],  Histamine Receptor Antagonists [MoA]","N/A","No","12/31/2026"
"Hydroxyzine Hydrochloride","42806-159-01","10 mg/1","TABLET, FILM COATED","ORAL","ANDA040604","Epic Pharma, LLC","42806-159","Hydroxyzine Hydrochloride","HYDROXYZINE DIHYDROCHLORIDE","HUMAN PRESCRIPTION DRUG","03/31/2015","N/A","ANDA","100 TABLET, FILM COATED in 1 BOTTLE (42806-159-01)","Antihistamine [EPC],  Histamine Receptor Antagonists [MoA]","N/A","No","12/31/2026"
"Hydroxyzine Hydrochloride","42806-160-10","25 mg/1","TABLET, FILM COATED","ORAL","ANDA040604","Epic Pharma, LLC","42806-160","Hydroxyzine Hydrochloride","HYDROXYZINE DIHYDROCHLORIDE","HUMAN PRESCRIPTION DRUG","03/31/2015","N/A","ANDA","1000 TABLET, FILM COATED in 1 BOTTLE (42806-160-10)","Antihistamine [EPC],  Histamine Receptor Antagonists [MoA]","N/A","No","12/31/2026"
"Hydroxyzine Hydrochloride","42806-160-05","25 mg/1","TABLET, FILM COATED","ORAL","ANDA040604","Epic Pharma, LLC","42806-160","Hydroxyzine Hydrochloride","HYDROXYZINE DIHYDROCHLORIDE","HUMAN PRESCRIPTION DRUG","03/31/2015","N/A","ANDA","500 TABLET, FILM COATED in 1 BOTTLE (42806-160-05)","Antihistamine [EPC],  Histamine Receptor Antagonists [MoA]","N/A","No","12/31/2026"
"Hydroxyzine Hydrochloride","42806-160-01","25 mg/1","TABLET, FILM COATED","ORAL","ANDA040604","Epic Pharma, LLC","42806-160","Hydroxyzine Hydrochloride","HYDROXYZINE DIHYDROCHLORIDE","HUMAN PRESCRIPTION DRUG","03/31/2015","N/A","ANDA","100 TABLET, FILM COATED in 1 BOTTLE (42806-160-01)","Antihistamine [EPC],  Histamine Receptor Antagonists [MoA]","N/A","No","12/31/2026"
"Hydroxyzine Hydrochloride","42806-161-10","50 mg/1","TABLET, FILM COATED","ORAL","ANDA040604","Epic Pharma, LLC","42806-161","Hydroxyzine Hydrochloride","HYDROXYZINE DIHYDROCHLORIDE","HUMAN PRESCRIPTION DRUG","03/31/2015","N/A","ANDA","1000 TABLET, FILM COATED in 1 BOTTLE (42806-161-10)","Antihistamine [EPC],  Histamine Receptor Antagonists [MoA]","N/A","No","12/31/2026"
"Hydroxyzine Hydrochloride","42806-161-05","50 mg/1","TABLET, FILM COATED","ORAL","ANDA040604","Epic Pharma, LLC","42806-161","Hydroxyzine Hydrochloride","HYDROXYZINE DIHYDROCHLORIDE","HUMAN PRESCRIPTION DRUG","03/31/2015","N/A","ANDA","500 TABLET, FILM COATED in 1 BOTTLE (42806-161-05)","Antihistamine [EPC],  Histamine Receptor Antagonists [MoA]","N/A","No","12/31/2026"
"Hydroxyzine Hydrochloride","42806-161-01","50 mg/1","TABLET, FILM COATED","ORAL","ANDA040604","Epic Pharma, LLC","42806-161","Hydroxyzine Hydrochloride","HYDROXYZINE DIHYDROCHLORIDE","HUMAN PRESCRIPTION DRUG","03/31/2015","N/A","ANDA","100 TABLET, FILM COATED in 1 BOTTLE (42806-161-01)","Antihistamine [EPC],  Histamine Receptor Antagonists [MoA]","N/A","No","12/31/2026"
"Hydroxyzine Hydrochloride","43063-518-28","25 mg/1","TABLET, FILM COATED","ORAL","ANDA040787","PD-Rx Pharmaceuticals, Inc.","43063-518","Hydroxyzine Hydrochloride","HYDROXYZINE DIHYDROCHLORIDE","HUMAN PRESCRIPTION DRUG","07/24/2012","N/A","ANDA","28 TABLET, FILM COATED in 1 BOTTLE, PLASTIC (43063-518-28)","Antihistamine [EPC],  Histamine Receptor Antagonists [MoA]","N/A","No","12/31/2026"
"Hydroxyzine Hydrochloride","43063-518-06","25 mg/1","TABLET, FILM COATED","ORAL","ANDA040787","PD-Rx Pharmaceuticals, Inc.","43063-518","Hydroxyzine Hydrochloride","HYDROXYZINE DIHYDROCHLORIDE","HUMAN PRESCRIPTION DRUG","07/24/2012","N/A","ANDA","6 TABLET, FILM COATED in 1 BOTTLE, PLASTIC (43063-518-06)","Antihistamine [EPC],  Histamine Receptor Antagonists [MoA]","N/A","No","12/31/2026"
"Hydroxyzine Hydrochloride","43063-518-90","25 mg/1","TABLET, FILM COATED","ORAL","ANDA040787","PD-Rx Pharmaceuticals, Inc.","43063-518","Hydroxyzine Hydrochloride","HYDROXYZINE DIHYDROCHLORIDE","HUMAN PRESCRIPTION DRUG","07/24/2012","N/A","ANDA","90 TABLET, FILM COATED in 1 BOTTLE, PLASTIC (43063-518-90)","Antihistamine [EPC],  Histamine Receptor Antagonists [MoA]","N/A","No","12/31/2026"
"Hydroxyzine Hydrochloride","43063-518-12","25 mg/1","TABLET, FILM COATED","ORAL","ANDA040787","PD-Rx Pharmaceuticals, Inc.","43063-518","Hydroxyzine Hydrochloride","HYDROXYZINE DIHYDROCHLORIDE","HUMAN PRESCRIPTION DRUG","07/24/2012","N/A","ANDA","12 TABLET, FILM COATED in 1 BOTTLE, PLASTIC (43063-518-12)","Antihistamine [EPC],  Histamine Receptor Antagonists [MoA]","N/A","No","12/31/2026"
"Hydroxyzine Hydrochloride","43063-518-40","25 mg/1","TABLET, FILM COATED","ORAL","ANDA040787","PD-Rx Pharmaceuticals, Inc.","43063-518","Hydroxyzine Hydrochloride","HYDROXYZINE DIHYDROCHLORIDE","HUMAN PRESCRIPTION DRUG","07/24/2012","N/A","ANDA","40 TABLET, FILM COATED in 1 BOTTLE, PLASTIC (43063-518-40)","Antihistamine [EPC],  Histamine Receptor Antagonists [MoA]","N/A","No","12/31/2026"
"Hydroxyzine Hydrochloride","43063-518-60","25 mg/1","TABLET, FILM COATED","ORAL","ANDA040787","PD-Rx Pharmaceuticals, Inc.","43063-518","Hydroxyzine Hydrochloride","HYDROXYZINE DIHYDROCHLORIDE","HUMAN PRESCRIPTION DRUG","12/18/2019","N/A","ANDA","60 TABLET, FILM COATED in 1 BOTTLE, PLASTIC (43063-518-60)","Antihistamine [EPC],  Histamine Receptor Antagonists [MoA]","N/A","No","12/31/2026"
"Hydroxyzine Hydrochloride","43063-518-20","25 mg/1","TABLET, FILM COATED","ORAL","ANDA040787","PD-Rx Pharmaceuticals, Inc.","43063-518","Hydroxyzine Hydrochloride","HYDROXYZINE DIHYDROCHLORIDE","HUMAN PRESCRIPTION DRUG","07/24/2012","N/A","ANDA","20 TABLET, FILM COATED in 1 BOTTLE, PLASTIC (43063-518-20)","Antihistamine [EPC],  Histamine Receptor Antagonists [MoA]","N/A","No","12/31/2026"
"Hydroxyzine Hydrochloride","43063-518-30","25 mg/1","TABLET, FILM COATED","ORAL","ANDA040787","PD-Rx Pharmaceuticals, Inc.","43063-518","Hydroxyzine Hydrochloride","HYDROXYZINE DIHYDROCHLORIDE","HUMAN PRESCRIPTION DRUG","07/24/2012","N/A","ANDA","30 TABLET, FILM COATED in 1 BOTTLE, PLASTIC (43063-518-30)","Antihistamine [EPC],  Histamine Receptor Antagonists [MoA]","N/A","No","12/31/2026"
"Hydroxyzine Hydrochloride","43063-519-30","50 mg/1","TABLET, FILM COATED","ORAL","ANDA040788","PD-Rx Pharmaceuticals, Inc.","43063-519","Hydroxyzine Hydrochloride","HYDROXYZINE DIHYDROCHLORIDE","HUMAN PRESCRIPTION DRUG","07/25/2012","N/A","ANDA","30 TABLET, FILM COATED in 1 BOTTLE, PLASTIC (43063-519-30)","Antihistamine [EPC],  Histamine Receptor Antagonists [MoA]","N/A","No","12/31/2026"
"Hydroxyzine Hydrochloride","43063-627-28","25 mg/1","TABLET, FILM COATED","ORAL","ANDA040786","PD-Rx Pharmaceuticals, Inc.","43063-627","Hydroxyzine Hydrochloride","HYDROXYZINE DIHYDROCHLORIDE","HUMAN PRESCRIPTION DRUG","10/28/2015","N/A","ANDA","28 TABLET, FILM COATED in 1 BOTTLE, PLASTIC (43063-627-28)","Antihistamine [EPC],  Histamine Receptor Antagonists [MoA]","N/A","No","12/31/2026"
"Hydroxyzine hydrochloride","43063-779-30","50 mg/1","TABLET","ORAL","ANDA204279","PD-Rx Pharmaceuticals, Inc.","43063-779","Hydroxyzine hydrochloride","HYDROXYZINE DIHYDROCHLORIDE","HUMAN PRESCRIPTION DRUG","08/07/2017","N/A","ANDA","30 TABLET in 1 BOTTLE, PLASTIC (43063-779-30)","Antihistamine [EPC],  Histamine Receptor Antagonists [MoA]","N/A","No","12/31/2026"
"Hydroxyzine Hydrochloride","43063-943-30","10 mg/1","TABLET, FILM COATED","ORAL","ANDA040786","PD-Rx Pharmaceuticals, Inc.","43063-943","hydroxyzine hydrochloride","HYDROXYZINE DIHYDROCHLORIDE","HUMAN PRESCRIPTION DRUG","01/31/2018","N/A","ANDA","30 TABLET, FILM COATED in 1 BOTTLE, PLASTIC (43063-943-30)","Antihistamine [EPC],  Histamine Receptor Antagonists [MoA]","N/A","No","12/31/2026"
"Hydroxyzine Hydrochloride","43063-960-82","10 mg/1","TABLET, FILM COATED","ORAL","ANDA040786","PD-Rx Pharmaceuticals, Inc.","43063-960","hydroxyzine hydrochloride","HYDROXYZINE DIHYDROCHLORIDE","HUMAN PRESCRIPTION DRUG","04/01/2019","N/A","ANDA","500 TABLET, FILM COATED in 1 BOTTLE, PLASTIC (43063-960-82)","Antihistamine [EPC],  Histamine Receptor Antagonists [MoA]","N/A","No","12/31/2026"
"Hydroxyzine Hydrochloride","43063-960-01","10 mg/1","TABLET, FILM COATED","ORAL","ANDA040786","PD-Rx Pharmaceuticals, Inc.","43063-960","hydroxyzine hydrochloride","HYDROXYZINE DIHYDROCHLORIDE","HUMAN PRESCRIPTION DRUG","04/01/2019","N/A","ANDA","100 TABLET, FILM COATED in 1 BOTTLE, PLASTIC (43063-960-01)","Antihistamine [EPC],  Histamine Receptor Antagonists [MoA]","N/A","No","12/31/2026"
"Hydroxyzine Hydrochloride","43063-962-01","25 mg/1","TABLET, FILM COATED","ORAL","ANDA040787","PD-Rx Pharmaceuticals, Inc.","43063-962","Hydroxyzine Hydrochloride","HYDROXYZINE DIHYDROCHLORIDE","HUMAN PRESCRIPTION DRUG","04/01/2019","N/A","ANDA","100 TABLET, FILM COATED in 1 BOTTLE, PLASTIC (43063-962-01)","Antihistamine [EPC],  Histamine Receptor Antagonists [MoA]","N/A","No","12/31/2026"
"Hydroxyzine Hydrochloride","43063-962-82","25 mg/1","TABLET, FILM COATED","ORAL","ANDA040787","PD-Rx Pharmaceuticals, Inc.","43063-962","Hydroxyzine Hydrochloride","HYDROXYZINE DIHYDROCHLORIDE","HUMAN PRESCRIPTION DRUG","04/01/2019","N/A","ANDA","500 TABLET, FILM COATED in 1 BOTTLE, PLASTIC (43063-962-82)","Antihistamine [EPC],  Histamine Receptor Antagonists [MoA]","N/A","No","12/31/2026"
"Hydroxyzine Hydrochloride","43063-962-95","25 mg/1","TABLET, FILM COATED","ORAL","ANDA040787","PD-Rx Pharmaceuticals, Inc.","43063-962","Hydroxyzine Hydrochloride","HYDROXYZINE DIHYDROCHLORIDE","HUMAN PRESCRIPTION DRUG","04/01/2019","N/A","ANDA","1000 TABLET, FILM COATED in 1 BOTTLE, PLASTIC (43063-962-95)","Antihistamine [EPC],  Histamine Receptor Antagonists [MoA]","N/A","No","12/31/2026"
"Hydroxyzine Hydrochloride","43063-963-01","50 mg/1","TABLET, FILM COATED","ORAL","ANDA040788","PD-Rx Pharmaceuticals, Inc.","43063-963","Hydroxyzine Hydrochloride","HYDROXYZINE DIHYDROCHLORIDE","HUMAN PRESCRIPTION DRUG","04/01/2019","N/A","ANDA","100 TABLET, FILM COATED in 1 BOTTLE, PLASTIC (43063-963-01)","Antihistamine [EPC],  Histamine Receptor Antagonists [MoA]","N/A","No","12/31/2026"
"Hydroxyzine Hydrochloride","43063-963-95","50 mg/1","TABLET, FILM COATED","ORAL","ANDA040788","PD-Rx Pharmaceuticals, Inc.","43063-963","Hydroxyzine Hydrochloride","HYDROXYZINE DIHYDROCHLORIDE","HUMAN PRESCRIPTION DRUG","04/01/2019","N/A","ANDA","1000 TABLET, FILM COATED in 1 BOTTLE, PLASTIC (43063-963-95)","Antihistamine [EPC],  Histamine Receptor Antagonists [MoA]","N/A","No","12/31/2026"
"Hydroxyzine hydrochloride","45865-675-20","25 mg/1","TABLET","ORAL","ANDA204279","Medsource Pharmaceuticals","45865-675","Hydroxyzine hydrochloride","HYDROXYZINE DIHYDROCHLORIDE","HUMAN PRESCRIPTION DRUG","03/21/2023","N/A","ANDA","20 TABLET in 1 BOTTLE (45865-675-20)","Antihistamine [EPC],  Histamine Receptor Antagonists [MoA]","N/A","No","12/31/2026"
"HydrOXYzine Hydrochloride","50090-2614-0","50 mg/1","TABLET","ORAL","ANDA040840","A-S Medication Solutions","50090-2614","HydrOXYzine Hydrochloride","HYDROXYZINE HYDROCHLORIDE","HUMAN PRESCRIPTION DRUG","10/19/2018","N/A","ANDA","100 TABLET in 1 BOTTLE (50090-2614-0)","Antihistamine [EPC],  Histamine Receptor Antagonists [MoA]","N/A","No","12/31/2027"
"HydrOXYzine Hydrochloride","50090-2614-1","50 mg/1","TABLET","ORAL","ANDA040840","A-S Medication Solutions","50090-2614","HydrOXYzine Hydrochloride","HYDROXYZINE HYDROCHLORIDE","HUMAN PRESCRIPTION DRUG","11/11/2016","N/A","ANDA","30 TABLET in 1 BOTTLE (50090-2614-1)","Antihistamine [EPC],  Histamine Receptor Antagonists [MoA]","N/A","No","12/31/2027"
"HydrOXYzine Hydrochloride","50090-2614-4","50 mg/1","TABLET","ORAL","ANDA040840","A-S Medication Solutions","50090-2614","HydrOXYzine Hydrochloride","HYDROXYZINE HYDROCHLORIDE","HUMAN PRESCRIPTION DRUG","08/07/2018","N/A","ANDA","25 TABLET in 1 BOTTLE (50090-2614-4)","Antihistamine [EPC],  Histamine Receptor Antagonists [MoA]","N/A","No","12/31/2027"
"Hydroxyzine hydrochloride","50090-2648-6","25 mg/1","TABLET","ORAL","ANDA204279","A-S Medication Solutions","50090-2648","Hydroxyzine hydrochloride","HYDROXYZINE DIHYDROCHLORIDE","HUMAN PRESCRIPTION DRUG","11/12/2018","N/A","ANDA","15 TABLET in 1 BOTTLE (50090-2648-6)","Antihistamine [EPC],  Histamine Receptor Antagonists [MoA]","N/A","No","12/31/2026"
"Hydroxyzine hydrochloride","50090-2648-4","25 mg/1","TABLET","ORAL","ANDA204279","A-S Medication Solutions","50090-2648","Hydroxyzine hydrochloride","HYDROXYZINE DIHYDROCHLORIDE","HUMAN PRESCRIPTION DRUG","11/28/2016","N/A","ANDA","60 TABLET in 1 BOTTLE (50090-2648-4)","Antihistamine [EPC],  Histamine Receptor Antagonists [MoA]","N/A","No","12/31/2026"
"Hydroxyzine hydrochloride","50090-2648-1","25 mg/1","TABLET","ORAL","ANDA204279","A-S Medication Solutions","50090-2648","Hydroxyzine hydrochloride","HYDROXYZINE DIHYDROCHLORIDE","HUMAN PRESCRIPTION DRUG","11/12/2018","N/A","ANDA","30 TABLET in 1 BOTTLE (50090-2648-1)","Antihistamine [EPC],  Histamine Receptor Antagonists [MoA]","N/A","No","12/31/2026"
"Hydroxyzine hydrochloride","50090-2648-0","25 mg/1","TABLET","ORAL","ANDA204279","A-S Medication Solutions","50090-2648","Hydroxyzine hydrochloride","HYDROXYZINE DIHYDROCHLORIDE","HUMAN PRESCRIPTION DRUG","11/28/2014","N/A","ANDA","20 TABLET in 1 BOTTLE, PLASTIC (50090-2648-0)","Antihistamine [EPC],  Histamine Receptor Antagonists [MoA]","N/A","No","12/31/2026"
"Hydroxyzine hydrochloride","50090-3583-1","25 mg/1","TABLET","ORAL","ANDA204279","A-S Medication Solutions","50090-3583","Hydroxyzine hydrochloride","HYDROXYZINE DIHYDROCHLORIDE","HUMAN PRESCRIPTION DRUG","09/21/2018","N/A","ANDA","28 TABLET in 1 BOTTLE (50090-3583-1)","Antihistamine [EPC],  Histamine Receptor Antagonists [MoA]","N/A","No","12/31/2026"
"Hydroxyzine Hydrochloride","50090-4117-0","10 mg/1","TABLET, FILM COATED","ORAL","ANDA088617","A-S Medication Solutions","50090-4117","Hydroxyzine Hydrochloride","HYDROXYZINE DIHYDROCHLORIDE","HUMAN PRESCRIPTION DRUG","02/01/2019","N/A","ANDA","30 TABLET, FILM COATED in 1 BOTTLE (50090-4117-0)","Antihistamine [EPC],  Histamine Receptor Antagonists [MoA]","N/A","No","12/31/2026"
"Hydroxyzine Hydrochloride","50090-4117-3","10 mg/1","TABLET, FILM COATED","ORAL","ANDA088617","A-S Medication Solutions","50090-4117","Hydroxyzine Hydrochloride","HYDROXYZINE DIHYDROCHLORIDE","HUMAN PRESCRIPTION DRUG","11/28/2014","N/A","ANDA","20 TABLET, FILM COATED in 1 BOTTLE, PLASTIC (50090-4117-3)","Antihistamine [EPC],  Histamine Receptor Antagonists [MoA]","N/A","No","12/31/2026"
"Hydroxyzine hydrochloride","50090-5297-0","25 mg/1","TABLET","ORAL","ANDA204279","A-S Medication Solutions","50090-5297","Hydroxyzine hydrochloride","HYDROXYZINE DIHYDROCHLORIDE","HUMAN PRESCRIPTION DRUG","10/26/2020","N/A","ANDA","90 TABLET in 1 BOTTLE (50090-5297-0)","Antihistamine [EPC],  Histamine Receptor Antagonists [MoA]","N/A","No","12/31/2026"
"Hydroxyzine hydrochloride","50090-6293-1","50 mg/1","TABLET","ORAL","ANDA204279","A-S Medication Solutions","50090-6293","Hydroxyzine hydrochloride","HYDROXYZINE DIHYDROCHLORIDE","HUMAN PRESCRIPTION DRUG","12/22/2022","N/A","ANDA","30 TABLET in 1 BOTTLE (50090-6293-1)","Antihistamine [EPC],  Histamine Receptor Antagonists [MoA]","N/A","No","12/31/2027"
"Hydroxyzine hydrochloride","50090-6293-4","50 mg/1","TABLET","ORAL","ANDA204279","A-S Medication Solutions","50090-6293","Hydroxyzine hydrochloride","HYDROXYZINE DIHYDROCHLORIDE","HUMAN PRESCRIPTION DRUG","12/22/2022","N/A","ANDA","25 TABLET in 1 BOTTLE (50090-6293-4)","Antihistamine [EPC],  Histamine Receptor Antagonists [MoA]","N/A","No","12/31/2027"
"Hydroxyzine hydrochloride","50090-6624-0","25 mg/1","TABLET","ORAL","ANDA204279","A-S Medication Solutions","50090-6624","Hydroxyzine hydrochloride","HYDROXYZINE DIHYDROCHLORIDE","HUMAN PRESCRIPTION DRUG","08/25/2023","N/A","ANDA","90 TABLET in 1 BOTTLE (50090-6624-0)","Antihistamine [EPC],  Histamine Receptor Antagonists [MoA]","N/A","No","12/31/2026"
"HydrOXYzine Hydrochloride","50090-6626-0","25 mg/1","TABLET","ORAL","ANDA040840","A-S Medication Solutions","50090-6626","HydrOXYzine Hydrochloride","HYDROXYZINE DIHYDROCHLORIDE","HUMAN PRESCRIPTION DRUG","08/25/2023","N/A","ANDA","90 TABLET in 1 BOTTLE (50090-6626-0)","Antihistamine [EPC],  Histamine Receptor Antagonists [MoA]","N/A","No","12/31/2026"
"HydrOXYzine Hydrochloride","50090-6628-0","25 mg/1","TABLET","ORAL","ANDA040840","A-S Medication Solutions","50090-6628","HydrOXYzine Hydrochloride","HYDROXYZINE DIHYDROCHLORIDE","HUMAN PRESCRIPTION DRUG","08/25/2023","N/A","ANDA","90 TABLET in 1 BOTTLE (50090-6628-0)","Antihistamine [EPC],  Histamine Receptor Antagonists [MoA]","N/A","No","12/31/2026"
"Hydroxyzine Hydrochloride","50090-6653-1","25 mg/1","TABLET, FILM COATED","ORAL","ANDA040602","A-S Medication Solutions","50090-6653","Hydroxyzine Hydrochloride","HYDROXYZINE DIHYDROCHLORIDE","HUMAN PRESCRIPTION DRUG","08/30/2023","N/A","ANDA","28 TABLET, FILM COATED in 1 BOTTLE (50090-6653-1)","Antihistamine [EPC],  Histamine Receptor Antagonists [MoA]","N/A","No","12/31/2026"
"Hydroxyzine Hydrochloride","50090-6655-6","25 mg/1","TABLET, FILM COATED","ORAL","ANDA040602","A-S Medication Solutions","50090-6655","Hydroxyzine Hydrochloride","HYDROXYZINE DIHYDROCHLORIDE","HUMAN PRESCRIPTION DRUG","08/30/2023","N/A","ANDA","15 TABLET, FILM COATED in 1 BOTTLE (50090-6655-6)","Antihistamine [EPC],  Histamine Receptor Antagonists [MoA]","N/A","No","12/31/2026"
"Hydroxyzine Hydrochloride","50090-6655-0","25 mg/1","TABLET, FILM COATED","ORAL","ANDA040602","A-S Medication Solutions","50090-6655","Hydroxyzine Hydrochloride","HYDROXYZINE DIHYDROCHLORIDE","HUMAN PRESCRIPTION DRUG","08/30/2023","N/A","ANDA","20 TABLET, FILM COATED in 1 BOTTLE (50090-6655-0)","Antihistamine [EPC],  Histamine Receptor Antagonists [MoA]","N/A","No","12/31/2026"
"Hydroxyzine Hydrochloride","50090-6655-1","25 mg/1","TABLET, FILM COATED","ORAL","ANDA040602","A-S Medication Solutions","50090-6655","Hydroxyzine Hydrochloride","HYDROXYZINE DIHYDROCHLORIDE","HUMAN PRESCRIPTION DRUG","08/30/2023","N/A","ANDA","30 TABLET, FILM COATED in 1 BOTTLE (50090-6655-1)","Antihistamine [EPC],  Histamine Receptor Antagonists [MoA]","N/A","No","12/31/2026"
"Hydroxyzine Hydrochloride","50090-6655-4","25 mg/1","TABLET, FILM COATED","ORAL","ANDA040602","A-S Medication Solutions","50090-6655","Hydroxyzine Hydrochloride","HYDROXYZINE DIHYDROCHLORIDE","HUMAN PRESCRIPTION DRUG","08/30/2023","N/A","ANDA","60 TABLET, FILM COATED in 1 BOTTLE (50090-6655-4)","Antihistamine [EPC],  Histamine Receptor Antagonists [MoA]","N/A","No","12/31/2026"
"Hydroxyzine Hydrochloride","50090-6657-0","25 mg/1","TABLET, FILM COATED","ORAL","ANDA040602","A-S Medication Solutions","50090-6657","Hydroxyzine Hydrochloride","HYDROXYZINE DIHYDROCHLORIDE","HUMAN PRESCRIPTION DRUG","08/30/2023","N/A","ANDA","90 TABLET, FILM COATED in 1 BOTTLE (50090-6657-0)","Antihistamine [EPC],  Histamine Receptor Antagonists [MoA]","N/A","No","12/31/2026"
"Hydroxyzine Hydrochloride","50090-6659-0","25 mg/1","TABLET, FILM COATED","ORAL","ANDA040602","A-S Medication Solutions","50090-6659","Hydroxyzine Hydrochloride","HYDROXYZINE DIHYDROCHLORIDE","HUMAN PRESCRIPTION DRUG","08/30/2023","N/A","ANDA","90 TABLET, FILM COATED in 1 BOTTLE (50090-6659-0)","Antihistamine [EPC],  Histamine Receptor Antagonists [MoA]","N/A","No","12/31/2026"
"HydrOXYzine Hydrochloride","50090-6682-5","10 mg/1","TABLET","ORAL","ANDA040840","A-S Medication Solutions","50090-6682","HydrOXYzine Hydrochloride","HYDROXYZINE HYDROCHLORIDE","HUMAN PRESCRIPTION DRUG","07/22/2026","N/A","ANDA","15 TABLET in 1 BOTTLE (50090-6682-5)","Antihistamine [EPC],  Histamine Receptor Antagonists [MoA]","N/A","No","12/31/2027"
"HydrOXYzine Hydrochloride","50090-6682-3","10 mg/1","TABLET","ORAL","ANDA040840","A-S Medication Solutions","50090-6682","HydrOXYzine Hydrochloride","HYDROXYZINE HYDROCHLORIDE","HUMAN PRESCRIPTION DRUG","09/13/2023","N/A","ANDA","20 TABLET in 1 BOTTLE (50090-6682-3)","Antihistamine [EPC],  Histamine Receptor Antagonists [MoA]","N/A","No","12/31/2027"
"HydrOXYzine Hydrochloride","50090-6682-0","10 mg/1","TABLET","ORAL","ANDA040840","A-S Medication Solutions","50090-6682","HydrOXYzine Hydrochloride","HYDROXYZINE HYDROCHLORIDE","HUMAN PRESCRIPTION DRUG","09/13/2023","N/A","ANDA","30 TABLET in 1 BOTTLE (50090-6682-0)","Antihistamine [EPC],  Histamine Receptor Antagonists [MoA]","N/A","No","12/31/2027"
"Hydroxyzine Hydrochloride","50090-7034-0","25 mg/1","TABLET, FILM COATED","ORAL","ANDA040602","A-S Medication Solutions","50090-7034","Hydroxyzine Hydrochloride","HYDROXYZINE DIHYDROCHLORIDE","HUMAN PRESCRIPTION DRUG","01/08/2024","N/A","ANDA","100 BLISTER PACK in 1 CARTON (50090-7034-0)  / 1 TABLET, FILM COATED in 1 BLISTER PACK","Antihistamine [EPC],  Histamine Receptor Antagonists [MoA]","N/A","No","12/31/2026"
"HYDROXYZINE HYDROCHLORIDE","50090-7327-0","25 mg/1","TABLET, FILM COATED","ORAL","ANDA217652","A-S Medication Solutions","50090-7327","hydroxyzine hydrochloride","HYDROXYZINE DIHYDROCHLORIDE","HUMAN PRESCRIPTION DRUG","10/15/2024","N/A","ANDA","90 TABLET, FILM COATED in 1 BOTTLE (50090-7327-0)","Antihistamine [EPC],  Histamine Receptor Antagonists [MoA]","N/A","No","12/31/2026"
"HYDROXYZINE HYDROCHLORIDE","50090-7329-0","25 mg/1","TABLET, FILM COATED","ORAL","ANDA217652","A-S Medication Solutions","50090-7329","hydroxyzine hydrochloride","HYDROXYZINE DIHYDROCHLORIDE","HUMAN PRESCRIPTION DRUG","10/15/2024","N/A","ANDA","90 TABLET, FILM COATED in 1 BOTTLE (50090-7329-0)","Antihistamine [EPC],  Histamine Receptor Antagonists [MoA]","N/A","No","12/31/2026"
"HYDROXYZINE HYDROCHLORIDE","50090-7330-6","25 mg/1","TABLET, FILM COATED","ORAL","ANDA217652","A-S Medication Solutions","50090-7330","hydroxyzine hydrochloride","HYDROXYZINE DIHYDROCHLORIDE","HUMAN PRESCRIPTION DRUG","10/15/2024","N/A","ANDA","15 TABLET, FILM COATED in 1 BOTTLE (50090-7330-6)","Antihistamine [EPC],  Histamine Receptor Antagonists [MoA]","N/A","No","12/31/2026"
"HYDROXYZINE HYDROCHLORIDE","50090-7330-1","25 mg/1","TABLET, FILM COATED","ORAL","ANDA217652","A-S Medication Solutions","50090-7330","hydroxyzine hydrochloride","HYDROXYZINE DIHYDROCHLORIDE","HUMAN PRESCRIPTION DRUG","10/15/2024","N/A","ANDA","30 TABLET, FILM COATED in 1 BOTTLE (50090-7330-1)","Antihistamine [EPC],  Histamine Receptor Antagonists [MoA]","N/A","No","12/31/2026"
"HYDROXYZINE HYDROCHLORIDE","50090-7330-4","25 mg/1","TABLET, FILM COATED","ORAL","ANDA217652","A-S Medication Solutions","50090-7330","hydroxyzine hydrochloride","HYDROXYZINE DIHYDROCHLORIDE","HUMAN PRESCRIPTION DRUG","10/15/2024","N/A","ANDA","60 TABLET, FILM COATED in 1 BOTTLE (50090-7330-4)","Antihistamine [EPC],  Histamine Receptor Antagonists [MoA]","N/A","No","12/31/2026"
"HYDROXYZINE HYDROCHLORIDE","50090-7330-0","25 mg/1","TABLET, FILM COATED","ORAL","ANDA217652","A-S Medication Solutions","50090-7330","hydroxyzine hydrochloride","HYDROXYZINE DIHYDROCHLORIDE","HUMAN PRESCRIPTION DRUG","10/15/2024","N/A","ANDA","20 TABLET, FILM COATED in 1 BOTTLE (50090-7330-0)","Antihistamine [EPC],  Histamine Receptor Antagonists [MoA]","N/A","No","12/31/2026"
"HYDROXYZINE HYDROCHLORIDE","50090-7331-0","25 mg/1","TABLET, FILM COATED","ORAL","ANDA217652","A-S Medication Solutions","50090-7331","hydroxyzine hydrochloride","HYDROXYZINE DIHYDROCHLORIDE","HUMAN PRESCRIPTION DRUG","10/15/2024","N/A","ANDA","30 TABLET, FILM COATED in 1 BOTTLE (50090-7331-0)","Antihistamine [EPC],  Histamine Receptor Antagonists [MoA]","N/A","No","12/31/2026"
"HYDROXYZINE HYDROCHLORIDE","50090-7332-0","25 mg/1","TABLET, FILM COATED","ORAL","ANDA217652","A-S Medication Solutions","50090-7332","hydroxyzine hydrochloride","HYDROXYZINE DIHYDROCHLORIDE","HUMAN PRESCRIPTION DRUG","10/15/2024","N/A","ANDA","30 TABLET, FILM COATED in 1 BOTTLE (50090-7332-0)","Antihistamine [EPC],  Histamine Receptor Antagonists [MoA]","N/A","No","12/31/2026"
"HYDROXYZINE HYDROCHLORIDE","50090-7332-1","25 mg/1","TABLET, FILM COATED","ORAL","ANDA217652","A-S Medication Solutions","50090-7332","hydroxyzine hydrochloride","HYDROXYZINE DIHYDROCHLORIDE","HUMAN PRESCRIPTION DRUG","10/19/2024","N/A","ANDA","28 TABLET, FILM COATED in 1 BOTTLE (50090-7332-1)","Antihistamine [EPC],  Histamine Receptor Antagonists [MoA]","N/A","No","12/31/2026"
"HydrOXYzine Hydrochloride","50090-7582-1","25 mg/1","TABLET","ORAL","ANDA040840","A-S Medication Solutions","50090-7582","HydrOXYzine Hydrochloride","HYDROXYZINE DIHYDROCHLORIDE","HUMAN PRESCRIPTION DRUG","06/18/2025","N/A","ANDA","28 TABLET in 1 BOTTLE (50090-7582-1)","Antihistamine [EPC],  Histamine Receptor Antagonists [MoA]","N/A","No","12/31/2026"
"Hydroxyzine hydrochloride","51407-969-10","10 mg/1","TABLET","ORAL","ANDA204279","Golden State Medical Supply, Inc.","51407-969","Hydroxyzine hydrochloride","HYDROXYZINE DIHYDROCHLORIDE","HUMAN PRESCRIPTION DRUG","03/04/2025","N/A","ANDA","1000 TABLET in 1 BOTTLE (51407-969-10)","Antihistamine [EPC],  Histamine Receptor Antagonists [MoA]","N/A","No","12/31/2026"
"Hydroxyzine hydrochloride","51407-970-10","25 mg/1","TABLET","ORAL","ANDA204279","Golden State Medical Supply, Inc.","51407-970","Hydroxyzine hydrochloride","HYDROXYZINE DIHYDROCHLORIDE","HUMAN PRESCRIPTION DRUG","03/04/2025","N/A","ANDA","1000 TABLET in 1 BOTTLE (51407-970-10)","Antihistamine [EPC],  Histamine Receptor Antagonists [MoA]","N/A","No","12/31/2026"
"Hydroxyzine hydrochloride","51407-971-10","50 mg/1","TABLET","ORAL","ANDA204279","Golden State Medical Supply, Inc.","51407-971","Hydroxyzine hydrochloride","HYDROXYZINE DIHYDROCHLORIDE","HUMAN PRESCRIPTION DRUG","03/04/2025","N/A","ANDA","1000 TABLET in 1 BOTTLE (51407-971-10)","Antihistamine [EPC],  Histamine Receptor Antagonists [MoA]","N/A","No","12/31/2026"
"Hydroxyzine hydrochloride","51655-076-54","10 mg/1","TABLET","ORAL","ANDA204279","Northwind Health Company, LLC","51655-076","Hydroxyzine hydrochloride","HYDROXYZINE DIHYDROCHLORIDE","HUMAN PRESCRIPTION DRUG","02/27/2023","N/A","ANDA","15 TABLET in 1 BOTTLE, PLASTIC (51655-076-54)","Antihistamine [EPC],  Histamine Receptor Antagonists [MoA]","N/A","No","12/31/2027"
"Hydroxyzine hydrochloride","51655-076-52","10 mg/1","TABLET","ORAL","ANDA204279","Northwind Health Company, LLC","51655-076","Hydroxyzine hydrochloride","HYDROXYZINE DIHYDROCHLORIDE","HUMAN PRESCRIPTION DRUG","10/20/2020","N/A","ANDA","30 TABLET in 1 BOTTLE, PLASTIC (51655-076-52)","Antihistamine [EPC],  Histamine Receptor Antagonists [MoA]","N/A","No","12/31/2027"
"Hydroxyzine hydrochloride","51655-080-53","25 mg/1","TABLET","ORAL","ANDA204279","Northwind Health Company, LLC","51655-080","Hydroxyzine hydrochloride","HYDROXYZINE DIHYDROCHLORIDE","HUMAN PRESCRIPTION DRUG","09/13/2023","N/A","ANDA","10 TABLET in 1 BOTTLE, PLASTIC (51655-080-53)","Antihistamine [EPC],  Histamine Receptor Antagonists [MoA]","N/A","No","12/31/2027"
"Hydroxyzine hydrochloride","51655-080-25","25 mg/1","TABLET","ORAL","ANDA204279","Northwind Health Company, LLC","51655-080","Hydroxyzine hydrochloride","HYDROXYZINE DIHYDROCHLORIDE","HUMAN PRESCRIPTION DRUG","04/15/2022","N/A","ANDA","60 TABLET in 1 BOTTLE, PLASTIC (51655-080-25)","Antihistamine [EPC],  Histamine Receptor Antagonists [MoA]","N/A","No","12/31/2027"
"Hydroxyzine hydrochloride","51655-080-52","25 mg/1","TABLET","ORAL","ANDA204279","Northwind Health Company, LLC","51655-080","Hydroxyzine hydrochloride","HYDROXYZINE DIHYDROCHLORIDE","HUMAN PRESCRIPTION DRUG","12/10/2020","N/A","ANDA","30 TABLET in 1 BOTTLE, PLASTIC (51655-080-52)","Antihistamine [EPC],  Histamine Receptor Antagonists [MoA]","N/A","No","12/31/2027"
"Hydroxyzine hydrochloride","51655-080-20","25 mg/1","TABLET","ORAL","ANDA204279","Northwind Health Company, LLC","51655-080","Hydroxyzine hydrochloride","HYDROXYZINE DIHYDROCHLORIDE","HUMAN PRESCRIPTION DRUG","04/20/2021","N/A","ANDA","20 TABLET in 1 BOTTLE, PLASTIC (51655-080-20)","Antihistamine [EPC],  Histamine Receptor Antagonists [MoA]","N/A","No","12/31/2027"
"Hydroxyzine hydrochloride","51655-119-52","50 mg/1","TABLET","ORAL","ANDA204279","Northwind Health Company, LLC","51655-119","Hydroxyzine hydrochloride","HYDROXYZINE DIHYDROCHLORIDE","HUMAN PRESCRIPTION DRUG","08/16/2022","N/A","ANDA","30 TABLET in 1 BOTTLE, PLASTIC (51655-119-52)","Antihistamine [EPC],  Histamine Receptor Antagonists [MoA]","N/A","No","12/31/2027"
"Hydroxyzine Hydrochloride","51655-467-52","50 mg/1","TABLET, FILM COATED","ORAL","ANDA088619","Northwind Health Company, LLC","51655-467","Hydroxyzine Hydrochloride","HYDROXYZINE DIHYDROCHLORIDE","HUMAN PRESCRIPTION DRUG","10/29/2020","N/A","ANDA","30 TABLET, FILM COATED in 1 BOTTLE, PLASTIC (51655-467-52)","Antihistamine [EPC],  Histamine Receptor Antagonists [MoA]","N/A","No","12/31/2027"
"Hydroxyzine Hydrochloride","51655-589-53","25 mg/1","TABLET, FILM COATED","ORAL","ANDA088618","Northwind Health Company, LLC","51655-589","Hydroxyzine Hydrochloride","HYDROXYZINE DIHYDROCHLORIDE","HUMAN PRESCRIPTION DRUG","02/08/2021","N/A","ANDA","10 TABLET, FILM COATED in 1 BOTTLE, PLASTIC (51655-589-53)","Antihistamine [EPC],  Histamine Receptor Antagonists [MoA]","N/A","No","12/31/2027"
"Hydroxyzine Hydrochloride","51655-589-52","25 mg/1","TABLET, FILM COATED","ORAL","ANDA088618","Northwind Health Company, LLC","51655-589","Hydroxyzine Hydrochloride","HYDROXYZINE DIHYDROCHLORIDE","HUMAN PRESCRIPTION DRUG","06/27/2023","N/A","ANDA","30 TABLET, FILM COATED in 1 BOTTLE, PLASTIC (51655-589-52)","Antihistamine [EPC],  Histamine Receptor Antagonists [MoA]","N/A","No","12/31/2027"
"Hydroxyzine Hydrochloride","51655-589-25","25 mg/1","TABLET, FILM COATED","ORAL","ANDA088618","Northwind Health Company, LLC","51655-589","Hydroxyzine Hydrochloride","HYDROXYZINE DIHYDROCHLORIDE","HUMAN PRESCRIPTION DRUG","01/10/2024","N/A","ANDA","60 TABLET, FILM COATED in 1 BOTTLE, PLASTIC (51655-589-25)","Antihistamine [EPC],  Histamine Receptor Antagonists [MoA]","N/A","No","12/31/2027"
"HYDROXYZINE HYDROCHLORIDE","51662-1649-3","25 mg/mL","INJECTION, SOLUTION","INTRAMUSCULAR","ANDA087408","HF Acquisition Co LLC, DBA HealthFirst","51662-1649","HYDROXYZINE HYDROCHLORIDE","HYDROXYZINE DIHYDROCHLORIDE","HUMAN PRESCRIPTION DRUG","09/30/1990","N/A","ANDA","25 POUCH in 1 CASE (51662-1649-3)  / 1 VIAL, MULTI-DOSE in 1 POUCH (51662-1649-2)  / 10 mL in 1 VIAL, MULTI-DOSE","Antihistamine [EPC],  Histamine Receptor Antagonists [MoA]","N/A","No","12/31/2026"
"Hydroxyzine Hydrochloride","54838-502-80","10 mg/5mL","SOLUTION","ORAL","ANDA201674","Lannett Company, Inc.","54838-502","Hydroxyzine Hydrochloride","HYDROXYZINE DIHYDROCHLORIDE","HUMAN PRESCRIPTION DRUG","08/21/2013","N/A","ANDA","473 mL in 1 BOTTLE, PLASTIC (54838-502-80)","Antihistamine [EPC],  Histamine Receptor Antagonists [MoA]","N/A","No","12/31/2026"
"Hydroxyzine Hydrochloride","55154-2148-0","25 mg/1","TABLET, FILM COATED","ORAL","ANDA088618","Cardinal Health 107, LLC","55154-2148","Hydroxyzine Hydrochloride","HYDROXYZINE HYDROCHLORIDE","HUMAN PRESCRIPTION DRUG","10/22/2025","N/A","ANDA","10 BLISTER PACK in 1 BAG (55154-2148-0)  / 1 TABLET, FILM COATED in 1 BLISTER PACK","Antihistamine [EPC],  Histamine Receptor Antagonists [MoA]","N/A","No","12/31/2027"
"Hydroxyzine Hydrochloride","55154-7994-0","25 mg/1","TABLET, FILM COATED","ORAL","ANDA040604","Cardinal Health 107, LLC","55154-7994","Hydroxyzine Hydrochloride","HYDROXYZINE HYDROCHLORIDE","HUMAN PRESCRIPTION DRUG","03/31/2015","08/31/2026","ANDA","10 BLISTER PACK in 1 BAG (55154-7994-0)  / 1 TABLET, FILM COATED in 1 BLISTER PACK","Antihistamine [EPC],  Histamine Receptor Antagonists [MoA]","N/A","No","N/A"
"Hydroxyzine Hydrochloride","59651-499-99","10 mg/1","TABLET, FILM COATED","ORAL","ANDA087871","Aurobindo Pharma Limited","59651-499","Hydroxyzine Hydrochloride","HYDROXYZINE DIHYDROCHLORIDE","HUMAN PRESCRIPTION DRUG","10/07/2021","N/A","ANDA","1000 TABLET, FILM COATED in 1 BOTTLE (59651-499-99)","Antihistamine [EPC],  Histamine Receptor Antagonists [MoA]","N/A","No","12/31/2027"
"Hydroxyzine Hydrochloride","59651-499-78","10 mg/1","TABLET, FILM COATED","ORAL","ANDA087871","Aurobindo Pharma Limited","59651-499","Hydroxyzine Hydrochloride","HYDROXYZINE DIHYDROCHLORIDE","HUMAN PRESCRIPTION DRUG","10/07/2021","N/A","ANDA","10 BLISTER PACK in 1 CARTON (59651-499-78)  / 10 TABLET, FILM COATED in 1 BLISTER PACK","Antihistamine [EPC],  Histamine Receptor Antagonists [MoA]","N/A","No","12/31/2027"
"Hydroxyzine Hydrochloride","59651-499-05","10 mg/1","TABLET, FILM COATED","ORAL","ANDA087871","Aurobindo Pharma Limited","59651-499","Hydroxyzine Hydrochloride","HYDROXYZINE DIHYDROCHLORIDE","HUMAN PRESCRIPTION DRUG","10/07/2021","N/A","ANDA","500 TABLET, FILM COATED in 1 BOTTLE (59651-499-05)","Antihistamine [EPC],  Histamine Receptor Antagonists [MoA]","N/A","No","12/31/2027"
"Hydroxyzine Hydrochloride","59651-499-01","10 mg/1","TABLET, FILM COATED","ORAL","ANDA087871","Aurobindo Pharma Limited","59651-499","Hydroxyzine Hydrochloride","HYDROXYZINE DIHYDROCHLORIDE","HUMAN PRESCRIPTION DRUG","10/07/2021","N/A","ANDA","100 TABLET, FILM COATED in 1 BOTTLE (59651-499-01)","Antihistamine [EPC],  Histamine Receptor Antagonists [MoA]","N/A","No","12/31/2027"
"Hydroxyzine Hydrochloride","59651-500-01","25 mg/1","TABLET, FILM COATED","ORAL","ANDA087871","Aurobindo Pharma Limited","59651-500","Hydroxyzine Hydrochloride","HYDROXYZINE DIHYDROCHLORIDE","HUMAN PRESCRIPTION DRUG","10/07/2021","N/A","ANDA","100 TABLET, FILM COATED in 1 BOTTLE (59651-500-01)","Antihistamine [EPC],  Histamine Receptor Antagonists [MoA]","N/A","No","12/31/2027"
"Hydroxyzine Hydrochloride","59651-500-05","25 mg/1","TABLET, FILM COATED","ORAL","ANDA087871","Aurobindo Pharma Limited","59651-500","Hydroxyzine Hydrochloride","HYDROXYZINE DIHYDROCHLORIDE","HUMAN PRESCRIPTION DRUG","10/07/2021","N/A","ANDA","500 TABLET, FILM COATED in 1 BOTTLE (59651-500-05)","Antihistamine [EPC],  Histamine Receptor Antagonists [MoA]","N/A","No","12/31/2027"
"Hydroxyzine Hydrochloride","59651-500-99","25 mg/1","TABLET, FILM COATED","ORAL","ANDA087871","Aurobindo Pharma Limited","59651-500","Hydroxyzine Hydrochloride","HYDROXYZINE DIHYDROCHLORIDE","HUMAN PRESCRIPTION DRUG","10/07/2021","N/A","ANDA","1000 TABLET, FILM COATED in 1 BOTTLE (59651-500-99)","Antihistamine [EPC],  Histamine Receptor Antagonists [MoA]","N/A","No","12/31/2027"
"Hydroxyzine Hydrochloride","59651-501-01","50 mg/1","TABLET, FILM COATED","ORAL","ANDA087871","Aurobindo Pharma Limited","59651-501","Hydroxyzine Hydrochloride","HYDROXYZINE DIHYDROCHLORIDE","HUMAN PRESCRIPTION DRUG","10/07/2021","N/A","ANDA","100 TABLET, FILM COATED in 1 BOTTLE (59651-501-01)","Antihistamine [EPC],  Histamine Receptor Antagonists [MoA]","N/A","No","12/31/2027"
"Hydroxyzine Hydrochloride","59651-501-05","50 mg/1","TABLET, FILM COATED","ORAL","ANDA087871","Aurobindo Pharma Limited","59651-501","Hydroxyzine Hydrochloride","HYDROXYZINE DIHYDROCHLORIDE","HUMAN PRESCRIPTION DRUG","10/07/2021","N/A","ANDA","500 TABLET, FILM COATED in 1 BOTTLE (59651-501-05)","Antihistamine [EPC],  Histamine Receptor Antagonists [MoA]","N/A","No","12/31/2027"
"Hydroxyzine Hydrochloride","59651-501-99","50 mg/1","TABLET, FILM COATED","ORAL","ANDA087871","Aurobindo Pharma Limited","59651-501","Hydroxyzine Hydrochloride","HYDROXYZINE DIHYDROCHLORIDE","HUMAN PRESCRIPTION DRUG","10/07/2021","N/A","ANDA","1000 TABLET, FILM COATED in 1 BOTTLE (59651-501-99)","Antihistamine [EPC],  Histamine Receptor Antagonists [MoA]","N/A","No","12/31/2027"
"Hydroxyzine Hydrochloride","60687-664-01","10 mg/1","TABLET, FILM COATED","ORAL","ANDA088617","American Health Packaging","60687-664","Hydroxyzine Hydrochloride","HYDROXYZINE HYDROCHLORIDE","HUMAN PRESCRIPTION DRUG","10/13/2022","N/A","ANDA","100 BLISTER PACK in 1 CARTON (60687-664-01)  / 1 TABLET, FILM COATED in 1 BLISTER PACK (60687-664-11)","Antihistamine [EPC],  Histamine Receptor Antagonists [MoA]","N/A","No","12/31/2027"
"Hydroxyzine Hydrochloride","60687-675-01","25 mg/1","TABLET, FILM COATED","ORAL","ANDA088618","American Health Packaging","60687-675","Hydroxyzine Hydrochloride","HYDROXYZINE HYDROCHLORIDE","HUMAN PRESCRIPTION DRUG","10/20/2022","N/A","ANDA","100 BLISTER PACK in 1 CARTON (60687-675-01)  / 1 TABLET, FILM COATED in 1 BLISTER PACK (60687-675-11)","Antihistamine [EPC],  Histamine Receptor Antagonists [MoA]","N/A","No","12/31/2027"
"Hydroxyzine Hydrochloride","60687-875-01","50 mg/1","TABLET, FILM COATED","ORAL","ANDA087871","American Health Packaging","60687-875","Hydroxyzine Hydrochloride","HYDROXYZINE DIHYDROCHLORIDE","HUMAN PRESCRIPTION DRUG","09/11/2025","N/A","ANDA","100 BLISTER PACK in 1 CARTON (60687-875-01)  / 1 TABLET, FILM COATED in 1 BLISTER PACK (60687-875-11)","Antihistamine [EPC],  Histamine Receptor Antagonists [MoA]","N/A","No","12/31/2026"
"Hydroxyzine Hydrochloride","60760-285-20","10 mg/1","TABLET, FILM COATED","ORAL","ANDA088617","St Mary's Medical Park Pharmacy","60760-285","Hydroxyzine Hydrochloride","HYDROXYZINE HYDROCHLORIDE","HUMAN PRESCRIPTION DRUG","02/19/2020","N/A","ANDA","20 TABLET, FILM COATED in 1 BOTTLE, PLASTIC (60760-285-20)","Antihistamine [EPC],  Histamine Receptor Antagonists [MoA]","N/A","No","12/31/2027"
"Hydroxyzine Hydrochloride","60760-971-30","25 mg/1","TABLET, FILM COATED","ORAL","ANDA088618","St. Mary's Medical Park Pharmacy","60760-971","Hydroxyzine Hydrochloride","HYDROXYZINE HYDROCHLORIDE","HUMAN PRESCRIPTION DRUG","04/09/2024","N/A","ANDA","30 TABLET, FILM COATED in 1 BOTTLE, PLASTIC (60760-971-30)","Antihistamine [EPC],  Histamine Receptor Antagonists [MoA]","N/A","No","12/31/2027"
"HYDROXYZINE HYDROCHLORIDE","60760-990-30","25 mg/1","TABLET, FILM COATED","ORAL","ANDA217652","St. Mary's Medical Park Pharmacy","60760-990","hydroxyzine hydrochloride","HYDROXYZINE HYDROCHLORIDE","HUMAN PRESCRIPTION DRUG","03/19/2025","N/A","ANDA","30 TABLET, FILM COATED in 1 BOTTLE, PLASTIC (60760-990-30)","Antihistamine [EPC],  Histamine Receptor Antagonists [MoA]","N/A","No","12/31/2027"
"HYDROXYZINE HYDROCHLORIDE","62135-050-24","50 mg/25mL","SYRUP","ORAL","ANDA087294","Chartwell RX, LLC","62135-050","HYDROXYZINE HYDROCHLORIDE","HYDROXYZINE DIHYDROCHLORIDE","HUMAN PRESCRIPTION DRUG","09/23/2024","N/A","ANDA","2 TRAY in 1 BOX (62135-050-24)  / 10 CUP in 1 TRAY / 25 mL in 1 CUP (62135-050-52)","Antihistamine [EPC],  Histamine Receptor Antagonists [MoA]","N/A","No","12/31/2026"
"Hydroxyzine Hydrochloride","62135-502-47","10 mg/5mL","SOLUTION","ORAL","ANDA201674","Chartwell RX, LLC","62135-502","Hydroxyzine Hydrochloride","HYDROXYZINE DIHYDROCHLORIDE","HUMAN PRESCRIPTION DRUG","10/03/2022","N/A","ANDA","473 mL in 1 BOTTLE (62135-502-47)","Antihistamine [EPC],  Histamine Receptor Antagonists [MoA]","N/A","No","12/31/2026"
"Hydroxyzine Hydrochloride","62135-545-12","10 mg/1","TABLET, FILM COATED","ORAL","ANDA040804","Chartwell RX, LLC","62135-545","Hydroxyzine Hydrochloride","HYDROXYZINE DIHYDROCHLORIDE","HUMAN PRESCRIPTION DRUG","06/28/2023","N/A","ANDA","120 TABLET, FILM COATED in 1 BOTTLE (62135-545-12)","Antihistamine [EPC],  Histamine Receptor Antagonists [MoA]","N/A","No","12/31/2026"
"Hydroxyzine Hydrochloride","62135-545-05","10 mg/1","TABLET, FILM COATED","ORAL","ANDA040804","Chartwell RX, LLC","62135-545","Hydroxyzine Hydrochloride","HYDROXYZINE DIHYDROCHLORIDE","HUMAN PRESCRIPTION DRUG","06/28/2023","N/A","ANDA","500 TABLET, FILM COATED in 1 BOTTLE (62135-545-05)","Antihistamine [EPC],  Histamine Receptor Antagonists [MoA]","N/A","No","12/31/2026"
"Hydroxyzine Hydrochloride","62135-546-05","25 mg/1","TABLET, FILM COATED","ORAL","ANDA040804","Chartwell RX, LLC","62135-546","Hydroxyzine Hydrochloride","HYDROXYZINE DIHYDROCHLORIDE","HUMAN PRESCRIPTION DRUG","06/28/2023","N/A","ANDA","500 TABLET, FILM COATED in 1 BOTTLE (62135-546-05)","Antihistamine [EPC],  Histamine Receptor Antagonists [MoA]","N/A","No","12/31/2026"
"Hydroxyzine Hydrochloride","62135-546-12","25 mg/1","TABLET, FILM COATED","ORAL","ANDA040804","Chartwell RX, LLC","62135-546","Hydroxyzine Hydrochloride","HYDROXYZINE DIHYDROCHLORIDE","HUMAN PRESCRIPTION DRUG","06/28/2023","N/A","ANDA","120 TABLET, FILM COATED in 1 BOTTLE (62135-546-12)","Antihistamine [EPC],  Histamine Receptor Antagonists [MoA]","N/A","No","12/31/2026"
"Hydroxyzine Hydrochloride","62135-547-05","50 mg/1","TABLET, FILM COATED","ORAL","ANDA040804","Chartwell RX, LLC","62135-547","Hydroxyzine Hydrochloride","HYDROXYZINE DIHYDROCHLORIDE","HUMAN PRESCRIPTION DRUG","06/28/2023","N/A","ANDA","500 TABLET, FILM COATED in 1 BOTTLE (62135-547-05)","Antihistamine [EPC],  Histamine Receptor Antagonists [MoA]","N/A","No","12/31/2026"
"Hydroxyzine Hydrochloride","62135-547-12","50 mg/1","TABLET, FILM COATED","ORAL","ANDA040804","Chartwell RX, LLC","62135-547","Hydroxyzine Hydrochloride","HYDROXYZINE DIHYDROCHLORIDE","HUMAN PRESCRIPTION DRUG","06/28/2023","N/A","ANDA","120 TABLET, FILM COATED in 1 BOTTLE (62135-547-12)","Antihistamine [EPC],  Histamine Receptor Antagonists [MoA]","N/A","No","12/31/2026"
"Hydroxyzine Hydrochloride","62135-573-05","10 mg/1","TABLET","ORAL","ANDA204279","Chartwell RX, LLC","62135-573","Hydroxyzine Hydrochloride","HYDROXYZINE DIHYDROCHLORIDE","HUMAN PRESCRIPTION DRUG","04/11/2023","N/A","ANDA","500 TABLET in 1 BOTTLE (62135-573-05)","Antihistamine [EPC],  Histamine Receptor Antagonists [MoA]","N/A","No","12/31/2026"
"Hydroxyzine Hydrochloride","62135-573-12","10 mg/1","TABLET","ORAL","ANDA204279","Chartwell RX, LLC","62135-573","Hydroxyzine Hydrochloride","HYDROXYZINE DIHYDROCHLORIDE","HUMAN PRESCRIPTION DRUG","04/11/2023","N/A","ANDA","120 TABLET in 1 BOTTLE (62135-573-12)","Antihistamine [EPC],  Histamine Receptor Antagonists [MoA]","N/A","No","12/31/2026"
"Hydroxyzine Hydrochloride","62135-574-12","25 mg/1","TABLET","ORAL","ANDA204279","Chartwell RX, LLC","62135-574","Hydroxyzine Hydrochloride","HYDROXYZINE DIHYDROCHLORIDE","HUMAN PRESCRIPTION DRUG","04/11/2023","N/A","ANDA","120 TABLET in 1 BOTTLE (62135-574-12)","Antihistamine [EPC],  Histamine Receptor Antagonists [MoA]","N/A","No","12/31/2026"
"Hydroxyzine Hydrochloride","62135-574-05","25 mg/1","TABLET","ORAL","ANDA204279","Chartwell RX, LLC","62135-574","Hydroxyzine Hydrochloride","HYDROXYZINE DIHYDROCHLORIDE","HUMAN PRESCRIPTION DRUG","04/11/2023","N/A","ANDA","500 TABLET in 1 BOTTLE (62135-574-05)","Antihistamine [EPC],  Histamine Receptor Antagonists [MoA]","N/A","No","12/31/2026"
"Hydroxyzine Hydrochloride","62135-575-05","50 mg/1","TABLET","ORAL","ANDA204279","Chartwell RX, LLC","62135-575","Hydroxyzine Hydrochloride","HYDROXYZINE DIHYDROCHLORIDE","HUMAN PRESCRIPTION DRUG","04/11/2023","N/A","ANDA","500 TABLET in 1 BOTTLE (62135-575-05)","Antihistamine [EPC],  Histamine Receptor Antagonists [MoA]","N/A","No","12/31/2026"
"Hydroxyzine Hydrochloride","62135-575-12","50 mg/1","TABLET","ORAL","ANDA204279","Chartwell RX, LLC","62135-575","Hydroxyzine Hydrochloride","HYDROXYZINE DIHYDROCHLORIDE","HUMAN PRESCRIPTION DRUG","04/11/2023","N/A","ANDA","120 TABLET in 1 BOTTLE (62135-575-12)","Antihistamine [EPC],  Histamine Receptor Antagonists [MoA]","N/A","No","12/31/2026"
"HYDROXYZINE HYDROCHLORIDE","62135-750-47","10 mg/5mL","SYRUP","ORAL","ANDA087294","Chartwell RX, LLC","62135-750","HYDROXYZINE HYDROCHLORIDE","HYDROXYZINE DIHYDROCHLORIDE","HUMAN PRESCRIPTION DRUG","08/09/2023","N/A","ANDA","473 mL in 1 BOTTLE (62135-750-47)","Antihistamine [EPC],  Histamine Receptor Antagonists [MoA]","N/A","No","12/31/2026"
"Hydroxyzine hydrochloride","63187-354-15","50 mg/1","TABLET","ORAL","ANDA204279","Proficient Rx LP","63187-354","Hydroxyzine hydrochloride","HYDROXYZINE DIHYDROCHLORIDE","HUMAN PRESCRIPTION DRUG","08/01/2016","N/A","ANDA","15 TABLET in 1 BOTTLE (63187-354-15)","Antihistamine [EPC],  Histamine Receptor Antagonists [MoA]","N/A","No","12/31/2026"
"Hydroxyzine hydrochloride","63187-354-30","50 mg/1","TABLET","ORAL","ANDA204279","Proficient Rx LP","63187-354","Hydroxyzine hydrochloride","HYDROXYZINE DIHYDROCHLORIDE","HUMAN PRESCRIPTION DRUG","08/01/2016","N/A","ANDA","30 TABLET in 1 BOTTLE (63187-354-30)","Antihistamine [EPC],  Histamine Receptor Antagonists [MoA]","N/A","No","12/31/2026"
"Hydroxyzine hydrochloride","63187-354-60","50 mg/1","TABLET","ORAL","ANDA204279","Proficient Rx LP","63187-354","Hydroxyzine hydrochloride","HYDROXYZINE DIHYDROCHLORIDE","HUMAN PRESCRIPTION DRUG","08/01/2016","N/A","ANDA","60 TABLET in 1 BOTTLE (63187-354-60)","Antihistamine [EPC],  Histamine Receptor Antagonists [MoA]","N/A","No","12/31/2026"
"Hydroxyzine hydrochloride","63187-354-90","50 mg/1","TABLET","ORAL","ANDA204279","Proficient Rx LP","63187-354","Hydroxyzine hydrochloride","HYDROXYZINE DIHYDROCHLORIDE","HUMAN PRESCRIPTION DRUG","08/01/2016","N/A","ANDA","90 TABLET in 1 BOTTLE (63187-354-90)","Antihistamine [EPC],  Histamine Receptor Antagonists [MoA]","N/A","No","12/31/2026"
"Hydroxyzine Hydrochloride","63187-494-04","10 mg/5mL","SYRUP","ORAL","ANDA087294","Proficient Rx LP","63187-494","Hydroxyzine Hydrochloride","HYDROXYZINE DIHYDROCHLORIDE","HUMAN PRESCRIPTION DRUG","02/02/2015","N/A","ANDA","118 mL in 1 BOTTLE, PLASTIC (63187-494-04)","Antihistamine [EPC],  Histamine Receptor Antagonists [MoA]","N/A","No","12/31/2026"
"Hydroxyzine hydrochloride","63187-733-16","25 mg/1","TABLET","ORAL","ANDA204279","Proficient Rx LP","63187-733","Hydroxyzine hydrochloride","HYDROXYZINE DIHYDROCHLORIDE","HUMAN PRESCRIPTION DRUG","07/06/2026","N/A","ANDA","16 TABLET in 1 BOTTLE (63187-733-16)","Antihistamine [EPC],  Histamine Receptor Antagonists [MoA]","N/A","No","12/31/2027"
"Hydroxyzine hydrochloride","63187-733-90","25 mg/1","TABLET","ORAL","ANDA204279","Proficient Rx LP","63187-733","Hydroxyzine hydrochloride","HYDROXYZINE DIHYDROCHLORIDE","HUMAN PRESCRIPTION DRUG","07/01/2016","N/A","ANDA","90 TABLET in 1 BOTTLE (63187-733-90)","Antihistamine [EPC],  Histamine Receptor Antagonists [MoA]","N/A","No","12/31/2027"
"Hydroxyzine hydrochloride","63187-733-60","25 mg/1","TABLET","ORAL","ANDA204279","Proficient Rx LP","63187-733","Hydroxyzine hydrochloride","HYDROXYZINE DIHYDROCHLORIDE","HUMAN PRESCRIPTION DRUG","07/01/2016","N/A","ANDA","60 TABLET in 1 BOTTLE (63187-733-60)","Antihistamine [EPC],  Histamine Receptor Antagonists [MoA]","N/A","No","12/31/2027"
"Hydroxyzine hydrochloride","63187-733-30","25 mg/1","TABLET","ORAL","ANDA204279","Proficient Rx LP","63187-733","Hydroxyzine hydrochloride","HYDROXYZINE DIHYDROCHLORIDE","HUMAN PRESCRIPTION DRUG","07/01/2016","N/A","ANDA","30 TABLET in 1 BOTTLE (63187-733-30)","Antihistamine [EPC],  Histamine Receptor Antagonists [MoA]","N/A","No","12/31/2027"
"Hydroxyzine hydrochloride","63187-733-20","25 mg/1","TABLET","ORAL","ANDA204279","Proficient Rx LP","63187-733","Hydroxyzine hydrochloride","HYDROXYZINE DIHYDROCHLORIDE","HUMAN PRESCRIPTION DRUG","01/02/2017","N/A","ANDA","20 TABLET in 1 BOTTLE (63187-733-20)","Antihistamine [EPC],  Histamine Receptor Antagonists [MoA]","N/A","No","12/31/2027"
"Hydroxyzine hydrochloride","63629-1856-2","25 mg/1","TABLET, FILM COATED","ORAL","ANDA204279","Bryant Ranch Prepack","63629-1856","Hydroxyzine hydrochloride","HYDROXYZINE DIHYDROCHLORIDE","HUMAN PRESCRIPTION DRUG","08/20/2015","N/A","ANDA","60 TABLET, FILM COATED in 1 BOTTLE (63629-1856-2)","Antihistamine [EPC],  Histamine Receptor Antagonists [MoA]","N/A","No","12/31/2026"
"Hydroxyzine hydrochloride","63629-1856-8","25 mg/1","TABLET, FILM COATED","ORAL","ANDA204279","Bryant Ranch Prepack","63629-1856","Hydroxyzine hydrochloride","HYDROXYZINE DIHYDROCHLORIDE","HUMAN PRESCRIPTION DRUG","08/15/2024","N/A","ANDA","10 TABLET, FILM COATED in 1 BOTTLE (63629-1856-8)","Antihistamine [EPC],  Histamine Receptor Antagonists [MoA]","N/A","No","12/31/2026"
"Hydroxyzine hydrochloride","63629-1856-7","25 mg/1","TABLET, FILM COATED","ORAL","ANDA204279","Bryant Ranch Prepack","63629-1856","Hydroxyzine hydrochloride","HYDROXYZINE DIHYDROCHLORIDE","HUMAN PRESCRIPTION DRUG","08/15/2024","N/A","ANDA","19 TABLET, FILM COATED in 1 BOTTLE (63629-1856-7)","Antihistamine [EPC],  Histamine Receptor Antagonists [MoA]","N/A","No","12/31/2026"
"Hydroxyzine hydrochloride","63629-1856-6","25 mg/1","TABLET, FILM COATED","ORAL","ANDA204279","Bryant Ranch Prepack","63629-1856","Hydroxyzine hydrochloride","HYDROXYZINE DIHYDROCHLORIDE","HUMAN PRESCRIPTION DRUG","01/04/2017","N/A","ANDA","90 TABLET, FILM COATED in 1 BOTTLE (63629-1856-6)","Antihistamine [EPC],  Histamine Receptor Antagonists [MoA]","N/A","No","12/31/2026"
"Hydroxyzine hydrochloride","63629-1856-3","25 mg/1","TABLET, FILM COATED","ORAL","ANDA204279","Bryant Ranch Prepack","63629-1856","Hydroxyzine hydrochloride","HYDROXYZINE DIHYDROCHLORIDE","HUMAN PRESCRIPTION DRUG","03/06/2015","N/A","ANDA","20 TABLET, FILM COATED in 1 BOTTLE (63629-1856-3)","Antihistamine [EPC],  Histamine Receptor Antagonists [MoA]","N/A","No","12/31/2026"
"Hydroxyzine hydrochloride","63629-1856-1","25 mg/1","TABLET, FILM COATED","ORAL","ANDA204279","Bryant Ranch Prepack","63629-1856","Hydroxyzine hydrochloride","HYDROXYZINE DIHYDROCHLORIDE","HUMAN PRESCRIPTION DRUG","09/14/2015","N/A","ANDA","30 TABLET, FILM COATED in 1 BOTTLE (63629-1856-1)","Antihistamine [EPC],  Histamine Receptor Antagonists [MoA]","N/A","No","12/31/2026"
"Hydroxyzine hydrochloride","63629-1856-5","25 mg/1","TABLET, FILM COATED","ORAL","ANDA204279","Bryant Ranch Prepack","63629-1856","Hydroxyzine hydrochloride","HYDROXYZINE DIHYDROCHLORIDE","HUMAN PRESCRIPTION DRUG","10/13/2023","N/A","ANDA","15 TABLET, FILM COATED in 1 BOTTLE (63629-1856-5)","Antihistamine [EPC],  Histamine Receptor Antagonists [MoA]","N/A","No","12/31/2026"
"Hydroxyzine hydrochloride","63629-1856-4","25 mg/1","TABLET, FILM COATED","ORAL","ANDA204279","Bryant Ranch Prepack","63629-1856","Hydroxyzine hydrochloride","HYDROXYZINE DIHYDROCHLORIDE","HUMAN PRESCRIPTION DRUG","08/15/2024","N/A","ANDA","100 TABLET, FILM COATED in 1 BOTTLE (63629-1856-4)","Antihistamine [EPC],  Histamine Receptor Antagonists [MoA]","N/A","No","12/31/2026"
"Hydroxyzine hydrochloride","63629-4929-3","50 mg/1","TABLET, FILM COATED","ORAL","ANDA204279","Bryant Ranch Prepack","63629-4929","Hydroxyzine hydrochloride","HYDROXYZINE DIHYDROCHLORIDE","HUMAN PRESCRIPTION DRUG","08/20/2014","N/A","ANDA","30 TABLET, FILM COATED in 1 BOTTLE (63629-4929-3)","Antihistamine [EPC],  Histamine Receptor Antagonists [MoA]","N/A","No","12/31/2026"
"Hydroxyzine hydrochloride","63629-4929-2","50 mg/1","TABLET, FILM COATED","ORAL","ANDA204279","Bryant Ranch Prepack","63629-4929","Hydroxyzine hydrochloride","HYDROXYZINE DIHYDROCHLORIDE","HUMAN PRESCRIPTION DRUG","08/20/2014","N/A","ANDA","20 TABLET, FILM COATED in 1 BOTTLE (63629-4929-2)","Antihistamine [EPC],  Histamine Receptor Antagonists [MoA]","N/A","No","12/31/2026"
"Hydroxyzine hydrochloride","63629-4929-1","50 mg/1","TABLET, FILM COATED","ORAL","ANDA204279","Bryant Ranch Prepack","63629-4929","Hydroxyzine hydrochloride","HYDROXYZINE DIHYDROCHLORIDE","HUMAN PRESCRIPTION DRUG","08/20/2014","N/A","ANDA","120 TABLET, FILM COATED in 1 BOTTLE (63629-4929-1)","Antihistamine [EPC],  Histamine Receptor Antagonists [MoA]","N/A","No","12/31/2026"
"Hydroxyzine hydrochloride","63629-4929-5","50 mg/1","TABLET, FILM COATED","ORAL","ANDA204279","Bryant Ranch Prepack","63629-4929","Hydroxyzine hydrochloride","HYDROXYZINE DIHYDROCHLORIDE","HUMAN PRESCRIPTION DRUG","08/20/2014","N/A","ANDA","90 TABLET, FILM COATED in 1 BOTTLE (63629-4929-5)","Antihistamine [EPC],  Histamine Receptor Antagonists [MoA]","N/A","No","12/31/2026"
"Hydroxyzine hydrochloride","63629-4929-4","50 mg/1","TABLET, FILM COATED","ORAL","ANDA204279","Bryant Ranch Prepack","63629-4929","Hydroxyzine hydrochloride","HYDROXYZINE DIHYDROCHLORIDE","HUMAN PRESCRIPTION DRUG","08/20/2014","N/A","ANDA","60 TABLET, FILM COATED in 1 BOTTLE (63629-4929-4)","Antihistamine [EPC],  Histamine Receptor Antagonists [MoA]","N/A","No","12/31/2026"
"Hydroxyzine Hydrochloride","63629-8738-1","10 mg/1","TABLET, FILM COATED","ORAL","ANDA088617","Bryant Ranch Prepack","63629-8738","Hydroxyzine Hydrochloride","HYDROXYZINE DIHYDROCHLORIDE","HUMAN PRESCRIPTION DRUG","08/27/2021","N/A","ANDA","100 TABLET, FILM COATED in 1 BOTTLE (63629-8738-1)","Antihistamine [EPC],  Histamine Receptor Antagonists [MoA]","N/A","No","12/31/2026"
"Hydroxyzine Hydrochloride","63629-8740-1","25 mg/1","TABLET, FILM COATED","ORAL","ANDA088618","Bryant Ranch Prepack","63629-8740","Hydroxyzine Hydrochloride","HYDROXYZINE DIHYDROCHLORIDE","HUMAN PRESCRIPTION DRUG","08/27/2021","N/A","ANDA","100 TABLET, FILM COATED in 1 BOTTLE (63629-8740-1)","Antihistamine [EPC],  Histamine Receptor Antagonists [MoA]","N/A","No","12/31/2026"
"Hydroxyzine Hydrochloride","65162-575-50","10 mg/1","TABLET, FILM COATED","ORAL","ANDA040808","Amneal Pharmaceuticals LLC","65162-575","Hydroxyzine","HYDROXYZINE DIHYDROCHLORIDE","HUMAN PRESCRIPTION DRUG","09/24/2008","N/A","ANDA","500 TABLET, FILM COATED in 1 BOTTLE (65162-575-50)","Antihistamine [EPC],  Histamine Receptor Antagonists [MoA]","N/A","No","12/31/2026"
"Hydroxyzine Hydrochloride","65162-575-11","10 mg/1","TABLET, FILM COATED","ORAL","ANDA040808","Amneal Pharmaceuticals LLC","65162-575","Hydroxyzine","HYDROXYZINE DIHYDROCHLORIDE","HUMAN PRESCRIPTION DRUG","09/24/2008","N/A","ANDA","1000 TABLET, FILM COATED in 1 BOTTLE (65162-575-11)","Antihistamine [EPC],  Histamine Receptor Antagonists [MoA]","N/A","No","12/31/2026"
"Hydroxyzine Hydrochloride","65162-575-10","10 mg/1","TABLET, FILM COATED","ORAL","ANDA040808","Amneal Pharmaceuticals LLC","65162-575","Hydroxyzine","HYDROXYZINE DIHYDROCHLORIDE","HUMAN PRESCRIPTION DRUG","09/24/2008","N/A","ANDA","100 TABLET, FILM COATED in 1 BOTTLE (65162-575-10)","Antihistamine [EPC],  Histamine Receptor Antagonists [MoA]","N/A","No","12/31/2026"
"Hydroxyzine Hydrochloride","65162-577-11","50 mg/1","TABLET, FILM COATED","ORAL","ANDA040808","Amneal Pharmaceuticals LLC","65162-577","Hydroxyzine","HYDROXYZINE DIHYDROCHLORIDE","HUMAN PRESCRIPTION DRUG","09/24/2008","N/A","ANDA","1000 TABLET, FILM COATED in 1 BOTTLE (65162-577-11)","Antihistamine [EPC],  Histamine Receptor Antagonists [MoA]","N/A","No","12/31/2026"
"Hydroxyzine Hydrochloride","65162-577-10","50 mg/1","TABLET, FILM COATED","ORAL","ANDA040808","Amneal Pharmaceuticals LLC","65162-577","Hydroxyzine","HYDROXYZINE DIHYDROCHLORIDE","HUMAN PRESCRIPTION DRUG","09/24/2008","N/A","ANDA","100 TABLET, FILM COATED in 1 BOTTLE (65162-577-10)","Antihistamine [EPC],  Histamine Receptor Antagonists [MoA]","N/A","No","12/31/2026"
"Hydroxyzine Hydrochloride","65162-577-50","50 mg/1","TABLET, FILM COATED","ORAL","ANDA040808","Amneal Pharmaceuticals LLC","65162-577","Hydroxyzine","HYDROXYZINE DIHYDROCHLORIDE","HUMAN PRESCRIPTION DRUG","09/24/2008","N/A","ANDA","500 TABLET, FILM COATED in 1 BOTTLE (65162-577-50)","Antihistamine [EPC],  Histamine Receptor Antagonists [MoA]","N/A","No","12/31/2026"
"Hydroxyzine Hydrochloride","65162-671-50","25 mg/1","TABLET, FILM COATED","ORAL","ANDA040808","Amneal Pharmaceuticals LLC","65162-671","Hydroxyzine","HYDROXYZINE DIHYDROCHLORIDE","HUMAN PRESCRIPTION DRUG","09/24/2008","N/A","ANDA","500 TABLET, FILM COATED in 1 BOTTLE (65162-671-50)","Antihistamine [EPC],  Histamine Receptor Antagonists [MoA]","N/A","No","12/31/2026"
"Hydroxyzine Hydrochloride","65162-671-11","25 mg/1","TABLET, FILM COATED","ORAL","ANDA040808","Amneal Pharmaceuticals LLC","65162-671","Hydroxyzine","HYDROXYZINE DIHYDROCHLORIDE","HUMAN PRESCRIPTION DRUG","09/24/2008","N/A","ANDA","1000 TABLET, FILM COATED in 1 BOTTLE (65162-671-11)","Antihistamine [EPC],  Histamine Receptor Antagonists [MoA]","N/A","No","12/31/2026"
"Hydroxyzine Hydrochloride","65162-671-10","25 mg/1","TABLET, FILM COATED","ORAL","ANDA040808","Amneal Pharmaceuticals LLC","65162-671","Hydroxyzine","HYDROXYZINE DIHYDROCHLORIDE","HUMAN PRESCRIPTION DRUG","09/24/2008","N/A","ANDA","100 TABLET, FILM COATED in 1 BOTTLE (65162-671-10)","Antihistamine [EPC],  Histamine Receptor Antagonists [MoA]","N/A","No","12/31/2026"
"Hydroxyzine hydrochloride","67046-0713-3","25 mg/1","TABLET","ORAL","ANDA204279","Coupler LLC","67046-0713","Hydroxyzine hydrochloride","HYDROXYZINE DIHYDROCHLORIDE","HUMAN PRESCRIPTION DRUG","04/28/2026","N/A","ANDA","30 TABLET in 1 BLISTER PACK (67046-0713-3)","Antihistamine [EPC],  Histamine Receptor Antagonists [MoA]","N/A","No","12/31/2027"
"Hydroxyzine hydrochloride","67046-0833-3","10 mg/1","TABLET","ORAL","ANDA204279","Coupler LLC","67046-0833","Hydroxyzine hydrochloride","HYDROXYZINE HYDROCHLORIDE","HUMAN PRESCRIPTION DRUG","08/04/2026","N/A","ANDA","30 TABLET in 1 BLISTER PACK (67046-0833-3)","Antihistamine [EPC],  Histamine Receptor Antagonists [MoA]","N/A","No","12/31/2027"
"HYDROXYZINE HYDROCHLORIDE","67046-1311-3","25 mg/1","TABLET, FILM COATED","ORAL","ANDA217652","Coupler LLC","67046-1311","hydroxyzine hydrochloride","HYDROXYZINE DIHYDROCHLORIDE","HUMAN PRESCRIPTION DRUG","05/12/2026","N/A","ANDA","30 TABLET, FILM COATED in 1 BLISTER PACK (67046-1311-3)","Antihistamine [EPC],  Histamine Receptor Antagonists [MoA]","N/A","No","12/31/2027"
"HydrOXYzine Hydrochloride","67296-2224-1","50 mg/1","TABLET","ORAL","ANDA040840","Redpharm Drug","67296-2224","HydrOXYzine Hydrochloride","HYDROXYZINE DIHYDROCHLORIDE","HUMAN PRESCRIPTION DRUG","11/11/2009","N/A","ANDA","10 TABLET in 1 BOTTLE (67296-2224-1)","Antihistamine [EPC],  Histamine Receptor Antagonists [MoA]","N/A","No","12/31/2027"
"HydrOXYzine Hydrochloride","68071-2237-5","25 mg/1","TABLET","ORAL","ANDA040840","NuCare Pharmaceuticals,Inc.","68071-2237","HydrOXYzine Hydrochloride","HYDROXYZINE DIHYDROCHLORIDE","HUMAN PRESCRIPTION DRUG","11/20/2025","N/A","ANDA","15 TABLET in 1 BOTTLE (68071-2237-5)","Antihistamine [EPC],  Histamine Receptor Antagonists [MoA]","N/A","No","12/31/2026"
"HydrOXYzine Hydrochloride","68071-2237-2","25 mg/1","TABLET","ORAL","ANDA040840","NuCare Pharmaceuticals,Inc.","68071-2237","HydrOXYzine Hydrochloride","HYDROXYZINE DIHYDROCHLORIDE","HUMAN PRESCRIPTION DRUG","08/13/2020","N/A","ANDA","20 TABLET in 1 BOTTLE (68071-2237-2)","Antihistamine [EPC],  Histamine Receptor Antagonists [MoA]","N/A","No","12/31/2026"
"HydrOXYzine Hydrochloride","68071-2237-3","25 mg/1","TABLET","ORAL","ANDA040840","NuCare Pharmaceuticals,Inc.","68071-2237","HydrOXYzine Hydrochloride","HYDROXYZINE DIHYDROCHLORIDE","HUMAN PRESCRIPTION DRUG","08/13/2020","N/A","ANDA","30 TABLET in 1 BOTTLE (68071-2237-3)","Antihistamine [EPC],  Histamine Receptor Antagonists [MoA]","N/A","No","12/31/2026"
"HydrOXYzine Hydrochloride","68071-3450-4","25 mg/1","TABLET","ORAL","ANDA040840","NuCare Pharmaceuticals,Inc.","68071-3450","HydrOXYzine Hydrochloride","HYDROXYZINE DIHYDROCHLORIDE","HUMAN PRESCRIPTION DRUG","07/06/2023","N/A","ANDA","4 TABLET in 1 BOTTLE (68071-3450-4)","Antihistamine [EPC],  Histamine Receptor Antagonists [MoA]","N/A","No","12/31/2026"
"HYDROXYZINE HYDROCHLORIDE","68071-3964-3","25 mg/1","TABLET, FILM COATED","ORAL","ANDA217652","NuCare Pharmaceuticals, Inc","68071-3964","hydroxyzine hydrochloride","HYDROXYZINE DIHYDROCHLORIDE","HUMAN PRESCRIPTION DRUG","02/12/2026","N/A","ANDA","30 TABLET, FILM COATED in 1 BOTTLE (68071-3964-3)","Antihistamine [EPC],  Histamine Receptor Antagonists [MoA]","N/A","No","12/31/2027"
"Hydroxyzine hydrochloride","68071-3980-3","10 mg/1","TABLET","ORAL","ANDA204279","NuCare Pharmaceuticals, Inc.","68071-3980","Hydroxyzine hydrochloride","HYDROXYZINE DIHYDROCHLORIDE","HUMAN PRESCRIPTION DRUG","03/12/2026","N/A","ANDA","30 TABLET in 1 BOTTLE (68071-3980-3)","Antihistamine [EPC],  Histamine Receptor Antagonists [MoA]","N/A","No","12/31/2027"
"Hydroxyzine Hydrochloride","68071-4499-3","10 mg/1","TABLET, FILM COATED","ORAL","ANDA088617","NuCare Pharmaceuticals,Inc.","68071-4499","Hydroxyzine Hydrochloride","HYDROXYZINE DIHYDROCHLORIDE","HUMAN PRESCRIPTION DRUG","07/18/2018","N/A","ANDA","30 TABLET, FILM COATED in 1 BOTTLE (68071-4499-3)","Antihistamine [EPC],  Histamine Receptor Antagonists [MoA]","N/A","No","12/31/2026"
"Hydroxyzine Hydrochloride","68071-4622-3","25 mg/1","TABLET, FILM COATED","ORAL","ANDA040602","NuCare Pharmaceuticals,Inc.","68071-4622","Hydroxyzine Hydrochloride","HYDROXYZINE DIHYDROCHLORIDE","HUMAN PRESCRIPTION DRUG","11/05/2018","N/A","ANDA","30 TABLET, FILM COATED in 1 BOTTLE (68071-4622-3)","Antihistamine [EPC],  Histamine Receptor Antagonists [MoA]","N/A","No","12/31/2026"
"Hydroxyzine Hydrochloride","68071-5133-3","50 mg/1","TABLET, FILM COATED","ORAL","ANDA040604","NuCare Pharmaceuticals,Inc.","68071-5133","Hydroxyzine Hydrochloride","HYDROXYZINE DIHYDROCHLORIDE","HUMAN PRESCRIPTION DRUG","10/15/2024","N/A","ANDA","30 TABLET, FILM COATED in 1 BOTTLE (68071-5133-3)","Antihistamine [EPC],  Histamine Receptor Antagonists [MoA]","N/A","No","12/31/2026"
"Hydroxyzine Hydrochloride","68071-5133-6","50 mg/1","TABLET, FILM COATED","ORAL","ANDA040604","NuCare Pharmaceuticals,Inc.","68071-5133","Hydroxyzine Hydrochloride","HYDROXYZINE DIHYDROCHLORIDE","HUMAN PRESCRIPTION DRUG","12/13/2019","N/A","ANDA","60 TABLET, FILM COATED in 1 BOTTLE (68071-5133-6)","Antihistamine [EPC],  Histamine Receptor Antagonists [MoA]","N/A","No","12/31/2026"
"Hydroxyzine hydrochloride","68071-5286-3","25 mg/1","TABLET","ORAL","ANDA204279","NuCare Pharmaceuticals,Inc.","68071-5286","Hydroxyzine hydrochloride","HYDROXYZINE DIHYDROCHLORIDE","HUMAN PRESCRIPTION DRUG","06/22/2020","N/A","ANDA","30 TABLET in 1 BOTTLE (68071-5286-3)","Antihistamine [EPC],  Histamine Receptor Antagonists [MoA]","N/A","No","12/31/2026"
"HYDROXYZINE HYDROCHLORIDE","68071-5291-3","50 mg/1","TABLET, FILM COATED","ORAL","ANDA217652","NuCare Pharmaceuticals, Inc.","68071-5291","hydroxyzine hydrochloride","HYDROXYZINE DIHYDROCHLORIDE","HUMAN PRESCRIPTION DRUG","05/29/2026","N/A","ANDA","30 TABLET, FILM COATED in 1 BOTTLE (68071-5291-3)","Antihistamine [EPC],  Histamine Receptor Antagonists [MoA]","N/A","No","12/31/2027"
"HYDROXYZINE HYDROCHLORIDE","68071-5296-6","25 mg/1","TABLET, FILM COATED","ORAL","ANDA217652","NuCare Pharmaceuticals, Inc.","68071-5296","hydroxyzine hydrochloride","HYDROXYZINE DIHYDROCHLORIDE","HUMAN PRESCRIPTION DRUG","06/02/2026","N/A","ANDA","6 TABLET, FILM COATED in 1 BOTTLE (68071-5296-6)","Antihistamine [EPC],  Histamine Receptor Antagonists [MoA]","N/A","No","12/31/2027"
"Hydroxyzine hydrochloride","68788-4150-3","10 mg/1","TABLET","ORAL","ANDA204279","Preferred Pharmaceuticals Inc","68788-4150","Hydroxyzine hydrochloride","HYDROXYZINE HYDROCHLORIDE","HUMAN PRESCRIPTION DRUG","07/15/2026","N/A","ANDA","30 TABLET in 1 BOTTLE (68788-4150-3)","Antihistamine [EPC],  Histamine Receptor Antagonists [MoA]","N/A","No","12/31/2027"
"Hydroxyzine hydrochloride","68788-7854-9","25 mg/1","TABLET","ORAL","ANDA204279","Preferred Pharmaceuticals Incl","68788-7854","Hydroxyzine hydrochloride","HYDROXYZINE HYDROCHLORIDE","HUMAN PRESCRIPTION DRUG","01/29/2021","N/A","ANDA","90 TABLET in 1 BOTTLE (68788-7854-9)","Antihistamine [EPC],  Histamine Receptor Antagonists [MoA]","N/A","No","12/31/2027"
"Hydroxyzine hydrochloride","68788-7854-6","25 mg/1","TABLET","ORAL","ANDA204279","Preferred Pharmaceuticals Incl","68788-7854","Hydroxyzine hydrochloride","HYDROXYZINE HYDROCHLORIDE","HUMAN PRESCRIPTION DRUG","01/29/2021","N/A","ANDA","60 TABLET in 1 BOTTLE (68788-7854-6)","Antihistamine [EPC],  Histamine Receptor Antagonists [MoA]","N/A","No","12/31/2027"
"Hydroxyzine hydrochloride","68788-7854-3","25 mg/1","TABLET","ORAL","ANDA204279","Preferred Pharmaceuticals Incl","68788-7854","Hydroxyzine hydrochloride","HYDROXYZINE HYDROCHLORIDE","HUMAN PRESCRIPTION DRUG","01/29/2021","N/A","ANDA","30 TABLET in 1 BOTTLE (68788-7854-3)","Antihistamine [EPC],  Histamine Receptor Antagonists [MoA]","N/A","No","12/31/2027"
"HYDROXYZINE HYDROCHLORIDE","68788-8707-6","25 mg/1","TABLET, FILM COATED","ORAL","ANDA217652","Preferred Pharmaceuticals Inc.","68788-8707","hydroxyzine hydrochloride","HYDROXYZINE HYDROCHLORIDE","HUMAN PRESCRIPTION DRUG","07/01/2024","N/A","ANDA","60 TABLET, FILM COATED in 1 BOTTLE (68788-8707-6)","Antihistamine [EPC],  Histamine Receptor Antagonists [MoA]","N/A","No","12/31/2027"
"HYDROXYZINE HYDROCHLORIDE","68788-8707-9","25 mg/1","TABLET, FILM COATED","ORAL","ANDA217652","Preferred Pharmaceuticals Inc.","68788-8707","hydroxyzine hydrochloride","HYDROXYZINE HYDROCHLORIDE","HUMAN PRESCRIPTION DRUG","07/01/2024","N/A","ANDA","90 TABLET, FILM COATED in 1 BOTTLE (68788-8707-9)","Antihistamine [EPC],  Histamine Receptor Antagonists [MoA]","N/A","No","12/31/2027"
"HYDROXYZINE HYDROCHLORIDE","68788-8707-3","25 mg/1","TABLET, FILM COATED","ORAL","ANDA217652","Preferred Pharmaceuticals Inc.","68788-8707","hydroxyzine hydrochloride","HYDROXYZINE HYDROCHLORIDE","HUMAN PRESCRIPTION DRUG","07/01/2024","N/A","ANDA","30 TABLET, FILM COATED in 1 BOTTLE (68788-8707-3)","Antihistamine [EPC],  Histamine Receptor Antagonists [MoA]","N/A","No","12/31/2027"
"Hydroxyzine Hydrochloride","68788-8716-3","10 mg/1","TABLET, FILM COATED","ORAL","ANDA040600","Preferred Pharmaceuticals Inc.","68788-8716","Hydroxyzine Hydrochloride","HYDROXYZINE HYDROCHLORIDE","HUMAN PRESCRIPTION DRUG","07/26/2024","N/A","ANDA","30 TABLET, FILM COATED in 1 BOTTLE (68788-8716-3)","Antihistamine [EPC],  Histamine Receptor Antagonists [MoA]","N/A","No","12/31/2027"
"HYDROXYZINE HYDROCHLORIDE","68788-8872-3","10 mg/1","TABLET, FILM COATED","ORAL","ANDA217652","Preferred Pharmaceuticals Inc.","68788-8872","hydroxyzine hydrochloride","HYDROXYZINE DIHYDROCHLORIDE","HUMAN PRESCRIPTION DRUG","05/01/2025","N/A","ANDA","30 TABLET, FILM COATED in 1 BOTTLE (68788-8872-3)","Antihistamine [EPC],  Histamine Receptor Antagonists [MoA]","N/A","No","12/31/2026"
"HYDROXYZINE HYDROCHLORIDE","68999-050-24","50 mg/25mL","SYRUP","ORAL","ANDA087294","Chartwell Governmental & Specialty RX, LLC.","68999-050","HYDROXYZINE HYDROCHLORIDE","HYDROXYZINE DIHYDROCHLORIDE","HUMAN PRESCRIPTION DRUG","10/31/2025","N/A","ANDA","2 TRAY in 1 BOX (68999-050-24)  / 10 CUP in 1 TRAY / 25 mL in 1 CUP (68999-050-52)","Antihistamine [EPC],  Histamine Receptor Antagonists [MoA]","N/A","No","12/31/2026"
"Hydroxyzine Hydrochloride","69452-395-88","10 mg/5mL","SOLUTION","ORAL","ANDA219289","Bionpharma Inc.","69452-395","Hydroxyzine Hydrochloride Oral","HYDROXYZINE DIHYDROCHLORIDE","HUMAN PRESCRIPTION DRUG","07/17/2025","N/A","ANDA","473 mL in 1 BOTTLE (69452-395-88)","Antihistamine [EPC],  Histamine Receptor Antagonists [MoA]","N/A","No","12/31/2026"
"Hydroxyzine hydrochloride","70518-0487-0","50 mg/1","TABLET","ORAL","ANDA204279","REMEDYREPACK INC.","70518-0487","Hydroxyzine hydrochloride","HYDROXYZINE DIHYDROCHLORIDE","HUMAN PRESCRIPTION DRUG","05/08/2017","N/A","ANDA","30 TABLET in 1 BLISTER PACK (70518-0487-0)","Antihistamine [EPC],  Histamine Receptor Antagonists [MoA]","N/A","No","12/31/2027"
"Hydroxyzine hydrochloride","70518-1265-1","50 mg/1","TABLET","ORAL","ANDA204279","REMEDYREPACK INC.","70518-1265","Hydroxyzine hydrochloride","HYDROXYZINE DIHYDROCHLORIDE","HUMAN PRESCRIPTION DRUG","10/25/2022","N/A","ANDA","60 TABLET in 1 BOTTLE, PLASTIC (70518-1265-1)","Antihistamine [EPC],  Histamine Receptor Antagonists [MoA]","N/A","No","12/31/2027"
"Hydroxyzine hydrochloride","70518-1265-4","50 mg/1","TABLET","ORAL","ANDA204279","REMEDYREPACK INC.","70518-1265","Hydroxyzine hydrochloride","HYDROXYZINE DIHYDROCHLORIDE","HUMAN PRESCRIPTION DRUG","01/05/2026","N/A","ANDA","100 POUCH in 1 BOX (70518-1265-4)  / 1 TABLET in 1 POUCH (70518-1265-5)","Antihistamine [EPC],  Histamine Receptor Antagonists [MoA]","N/A","No","12/31/2027"
"Hydroxyzine hydrochloride","70518-1265-2","50 mg/1","TABLET","ORAL","ANDA204279","REMEDYREPACK INC.","70518-1265","Hydroxyzine hydrochloride","HYDROXYZINE DIHYDROCHLORIDE","HUMAN PRESCRIPTION DRUG","10/27/2025","N/A","ANDA","100 POUCH in 1 BOX (70518-1265-2)  / 1 TABLET in 1 POUCH (70518-1265-3)","Antihistamine [EPC],  Histamine Receptor Antagonists [MoA]","N/A","No","12/31/2027"
"Hydroxyzine hydrochloride","70518-1692-2","25 mg/1","TABLET","ORAL","ANDA204279","REMEDYREPACK INC.","70518-1692","Hydroxyzine hydrochloride","HYDROXYZINE DIHYDROCHLORIDE","HUMAN PRESCRIPTION DRUG","09/13/2024","N/A","ANDA","30 TABLET in 1 BOTTLE, PLASTIC (70518-1692-2)","Antihistamine [EPC],  Histamine Receptor Antagonists [MoA]","N/A","No","12/31/2027"
"Hydroxyzine Hydrochloride","70518-1730-5","25 mg/1","TABLET, FILM COATED","ORAL","ANDA040787","REMEDYREPACK INC.","70518-1730","Hydroxyzine Hydrochloride","HYDROXYZINE DIHYDROCHLORIDE","HUMAN PRESCRIPTION DRUG","06/18/2025","N/A","ANDA","30 TABLET, FILM COATED in 1 BOTTLE, PLASTIC (70518-1730-5)","Antihistamine [EPC],  Histamine Receptor Antagonists [MoA]","N/A","No","12/31/2027"
"Hydroxyzine Hydrochloride","70518-1730-6","25 mg/1","TABLET, FILM COATED","ORAL","ANDA040787","REMEDYREPACK INC.","70518-1730","Hydroxyzine Hydrochloride","HYDROXYZINE DIHYDROCHLORIDE","HUMAN PRESCRIPTION DRUG","06/18/2025","N/A","ANDA","90 TABLET, FILM COATED in 1 BOTTLE, PLASTIC (70518-1730-6)","Antihistamine [EPC],  Histamine Receptor Antagonists [MoA]","N/A","No","12/31/2027"
"Hydroxyzine Hydrochloride","70518-1730-7","25 mg/1","TABLET, FILM COATED","ORAL","ANDA040787","REMEDYREPACK INC.","70518-1730","Hydroxyzine Hydrochloride","HYDROXYZINE DIHYDROCHLORIDE","HUMAN PRESCRIPTION DRUG","10/22/2025","N/A","ANDA","60 TABLET, FILM COATED in 1 BOTTLE, PLASTIC (70518-1730-7)","Antihistamine [EPC],  Histamine Receptor Antagonists [MoA]","N/A","No","12/31/2027"
"Hydroxyzine Hydrochloride","70518-2066-0","25 mg/1","TABLET, FILM COATED","ORAL","ANDA088618","REMEDYREPACK INC.","70518-2066","Hydroxyzine Hydrochloride","HYDROXYZINE DIHYDROCHLORIDE","HUMAN PRESCRIPTION DRUG","05/07/2019","N/A","ANDA","30 TABLET, FILM COATED in 1 BLISTER PACK (70518-2066-0)","Antihistamine [EPC],  Histamine Receptor Antagonists [MoA]","N/A","No","12/31/2027"
"Hydroxyzine Hydrochloride","70518-2279-0","25 mg/1","TABLET, FILM COATED","ORAL","ANDA088618","REMEDYREPACK INC.","70518-2279","Hydroxyzine Hydrochloride","HYDROXYZINE HYDROCHLORIDE","HUMAN PRESCRIPTION DRUG","08/24/2019","N/A","ANDA","30 TABLET, FILM COATED in 1 BLISTER PACK (70518-2279-0)","Antihistamine [EPC],  Histamine Receptor Antagonists [MoA]","N/A","No","12/31/2027"
"Hydroxyzine hydrochloride","70518-2807-0","10 mg/1","TABLET","ORAL","ANDA204279","REMEDYREPACK INC.","70518-2807","Hydroxyzine hydrochloride","HYDROXYZINE DIHYDROCHLORIDE","HUMAN PRESCRIPTION DRUG","07/08/2020","N/A","ANDA","30 TABLET in 1 BLISTER PACK (70518-2807-0)","Antihistamine [EPC],  Histamine Receptor Antagonists [MoA]","N/A","No","12/31/2027"
"HYDROXYZINE HYDROCHLORIDE","70518-4141-2","25 mg/1","TABLET, FILM COATED","ORAL","ANDA217652","REMEDYREPACK INC.","70518-4141","hydroxyzine hydrochloride","HYDROXYZINE HYDROCHLORIDE","HUMAN PRESCRIPTION DRUG","07/15/2025","N/A","ANDA","90 TABLET, FILM COATED in 1 BOTTLE, PLASTIC (70518-4141-2)","Antihistamine [EPC],  Histamine Receptor Antagonists [MoA]","N/A","No","12/31/2027"
"HYDROXYZINE HYDROCHLORIDE","70518-4141-1","25 mg/1","TABLET, FILM COATED","ORAL","ANDA217652","REMEDYREPACK INC.","70518-4141","hydroxyzine hydrochloride","HYDROXYZINE HYDROCHLORIDE","HUMAN PRESCRIPTION DRUG","03/26/2025","N/A","ANDA","30 TABLET, FILM COATED in 1 BOTTLE, PLASTIC (70518-4141-1)","Antihistamine [EPC],  Histamine Receptor Antagonists [MoA]","N/A","No","12/31/2027"
"HYDROXYZINE HYDROCHLORIDE","70518-4141-0","25 mg/1","TABLET, FILM COATED","ORAL","ANDA217652","REMEDYREPACK INC.","70518-4141","hydroxyzine hydrochloride","HYDROXYZINE HYDROCHLORIDE","HUMAN PRESCRIPTION DRUG","07/16/2024","N/A","ANDA","30 TABLET, FILM COATED in 1 BLISTER PACK (70518-4141-0)","Antihistamine [EPC],  Histamine Receptor Antagonists [MoA]","N/A","No","12/31/2027"
"HYDROXYZINE HYDROCHLORIDE","70518-4170-1","50 mg/1","TABLET, FILM COATED","ORAL","ANDA217652","REMEDYREPACK INC.","70518-4170","hydroxyzine hydrochloride","HYDROXYZINE DIHYDROCHLORIDE","HUMAN PRESCRIPTION DRUG","04/04/2025","N/A","ANDA","90 TABLET, FILM COATED in 1 BOTTLE, PLASTIC (70518-4170-1)","Antihistamine [EPC],  Histamine Receptor Antagonists [MoA]","N/A","No","12/31/2027"
"HYDROXYZINE HYDROCHLORIDE","70518-4170-3","50 mg/1","TABLET, FILM COATED","ORAL","ANDA217652","REMEDYREPACK INC.","70518-4170","hydroxyzine hydrochloride","HYDROXYZINE DIHYDROCHLORIDE","HUMAN PRESCRIPTION DRUG","10/24/2025","N/A","ANDA","60 TABLET, FILM COATED in 1 BOTTLE, PLASTIC (70518-4170-3)","Antihistamine [EPC],  Histamine Receptor Antagonists [MoA]","N/A","No","12/31/2027"
"HYDROXYZINE HYDROCHLORIDE","70518-4170-5","50 mg/1","TABLET, FILM COATED","ORAL","ANDA217652","REMEDYREPACK INC.","70518-4170","hydroxyzine hydrochloride","HYDROXYZINE DIHYDROCHLORIDE","HUMAN PRESCRIPTION DRUG","04/09/2026","N/A","ANDA","30 TABLET, FILM COATED in 1 BOTTLE, PLASTIC (70518-4170-5)","Antihistamine [EPC],  Histamine Receptor Antagonists [MoA]","N/A","No","12/31/2027"
"HYDROXYZINE HYDROCHLORIDE","70518-4170-0","50 mg/1","TABLET, FILM COATED","ORAL","ANDA217652","REMEDYREPACK INC.","70518-4170","hydroxyzine hydrochloride","HYDROXYZINE DIHYDROCHLORIDE","HUMAN PRESCRIPTION DRUG","08/28/2024","N/A","ANDA","30 TABLET, FILM COATED in 1 BLISTER PACK (70518-4170-0)","Antihistamine [EPC],  Histamine Receptor Antagonists [MoA]","N/A","No","12/31/2027"
"HYDROXYZINE HYDROCHLORIDE","70518-4170-4","50 mg/1","TABLET, FILM COATED","ORAL","ANDA217652","REMEDYREPACK INC.","70518-4170","hydroxyzine hydrochloride","HYDROXYZINE DIHYDROCHLORIDE","HUMAN PRESCRIPTION DRUG","12/22/2025","N/A","ANDA","90 TABLET, FILM COATED in 1 BOTTLE, PLASTIC (70518-4170-4)","Antihistamine [EPC],  Histamine Receptor Antagonists [MoA]","N/A","No","12/31/2027"
"HYDROXYZINE HYDROCHLORIDE","70518-4170-2","50 mg/1","TABLET, FILM COATED","ORAL","ANDA217652","REMEDYREPACK INC.","70518-4170","hydroxyzine hydrochloride","HYDROXYZINE DIHYDROCHLORIDE","HUMAN PRESCRIPTION DRUG","07/08/2025","N/A","ANDA","30 TABLET, FILM COATED in 1 BLISTER PACK (70518-4170-2)","Antihistamine [EPC],  Histamine Receptor Antagonists [MoA]","N/A","No","12/31/2027"
"HydrOXYzine Hydrochloride","70518-4360-0","10 mg/1","TABLET","ORAL","ANDA040840","REMEDYREPACK INC.","70518-4360","HydrOXYzine Hydrochloride","HYDROXYZINE DIHYDROCHLORIDE","HUMAN PRESCRIPTION DRUG","06/16/2025","N/A","ANDA","30 TABLET in 1 BLISTER PACK (70518-4360-0)","Antihistamine [EPC],  Histamine Receptor Antagonists [MoA]","N/A","No","12/31/2026"
"Hydroxyzine Hydrochloride","70954-912-10","10 mg/5mL","SOLUTION","ORAL","ANDA219648","ANI Pharmaceuticals, Inc.","70954-912","Hydroxyzine Hydrochloride","HYDROXYZINE DIHYDROCHLORIDE","HUMAN PRESCRIPTION DRUG","01/15/2026","N/A","ANDA","473 mL in 1 BOTTLE (70954-912-10)","Antihistamine [EPC],  Histamine Receptor Antagonists [MoA]","N/A","No","12/31/2026"
"Hydroxyzine Hydrochloride","71205-083-20","50 mg/1","TABLET, FILM COATED","ORAL","ANDA088619","Proficient Rx LP","71205-083","Hydroxyzine Hydrochloride","HYDROXYZINE DIHYDROCHLORIDE","HUMAN PRESCRIPTION DRUG","08/01/2018","N/A","ANDA","20 TABLET, FILM COATED in 1 BOTTLE (71205-083-20)","Antihistamine [EPC],  Histamine Receptor Antagonists [MoA]","N/A","No","12/31/2026"
"Hydroxyzine Hydrochloride","71205-083-15","50 mg/1","TABLET, FILM COATED","ORAL","ANDA088619","Proficient Rx LP","71205-083","Hydroxyzine Hydrochloride","HYDROXYZINE DIHYDROCHLORIDE","HUMAN PRESCRIPTION DRUG","08/01/2018","N/A","ANDA","15 TABLET, FILM COATED in 1 BOTTLE (71205-083-15)","Antihistamine [EPC],  Histamine Receptor Antagonists [MoA]","N/A","No","12/31/2026"
"Hydroxyzine Hydrochloride","71205-083-30","50 mg/1","TABLET, FILM COATED","ORAL","ANDA088619","Proficient Rx LP","71205-083","Hydroxyzine Hydrochloride","HYDROXYZINE DIHYDROCHLORIDE","HUMAN PRESCRIPTION DRUG","08/01/2018","N/A","ANDA","30 TABLET, FILM COATED in 1 BOTTLE (71205-083-30)","Antihistamine [EPC],  Histamine Receptor Antagonists [MoA]","N/A","No","12/31/2026"
"Hydroxyzine Hydrochloride","71205-083-90","50 mg/1","TABLET, FILM COATED","ORAL","ANDA088619","Proficient Rx LP","71205-083","Hydroxyzine Hydrochloride","HYDROXYZINE DIHYDROCHLORIDE","HUMAN PRESCRIPTION DRUG","08/01/2018","N/A","ANDA","90 TABLET, FILM COATED in 1 BOTTLE (71205-083-90)","Antihistamine [EPC],  Histamine Receptor Antagonists [MoA]","N/A","No","12/31/2026"
"Hydroxyzine Hydrochloride","71205-083-60","50 mg/1","TABLET, FILM COATED","ORAL","ANDA088619","Proficient Rx LP","71205-083","Hydroxyzine Hydrochloride","HYDROXYZINE DIHYDROCHLORIDE","HUMAN PRESCRIPTION DRUG","08/01/2018","N/A","ANDA","60 TABLET, FILM COATED in 1 BOTTLE (71205-083-60)","Antihistamine [EPC],  Histamine Receptor Antagonists [MoA]","N/A","No","12/31/2026"
"Hydroxyzine Hydrochloride","71205-155-16","25 mg/1","TABLET, FILM COATED","ORAL","ANDA088618","Proficient Rx LP","71205-155","Hydroxyzine Hydrochloride","HYDROXYZINE DIHYDROCHLORIDE","HUMAN PRESCRIPTION DRUG","02/20/2023","N/A","ANDA","16 TABLET, FILM COATED in 1 BOTTLE (71205-155-16)","Antihistamine [EPC],  Histamine Receptor Antagonists [MoA]","N/A","No","12/31/2026"
"Hydroxyzine Hydrochloride","71205-155-20","25 mg/1","TABLET, FILM COATED","ORAL","ANDA088618","Proficient Rx LP","71205-155","Hydroxyzine Hydrochloride","HYDROXYZINE DIHYDROCHLORIDE","HUMAN PRESCRIPTION DRUG","11/01/2018","N/A","ANDA","20 TABLET, FILM COATED in 1 BOTTLE (71205-155-20)","Antihistamine [EPC],  Histamine Receptor Antagonists [MoA]","N/A","No","12/31/2026"
"Hydroxyzine Hydrochloride","71205-155-30","25 mg/1","TABLET, FILM COATED","ORAL","ANDA088618","Proficient Rx LP","71205-155","Hydroxyzine Hydrochloride","HYDROXYZINE DIHYDROCHLORIDE","HUMAN PRESCRIPTION DRUG","11/01/2018","N/A","ANDA","30 TABLET, FILM COATED in 1 BOTTLE (71205-155-30)","Antihistamine [EPC],  Histamine Receptor Antagonists [MoA]","N/A","No","12/31/2026"
"Hydroxyzine Hydrochloride","71205-155-10","25 mg/1","TABLET, FILM COATED","ORAL","ANDA088618","Proficient Rx LP","71205-155","Hydroxyzine Hydrochloride","HYDROXYZINE DIHYDROCHLORIDE","HUMAN PRESCRIPTION DRUG","05/14/2024","N/A","ANDA","10 TABLET, FILM COATED in 1 BOTTLE (71205-155-10)","Antihistamine [EPC],  Histamine Receptor Antagonists [MoA]","N/A","No","12/31/2026"
"Hydroxyzine Hydrochloride","71205-155-60","25 mg/1","TABLET, FILM COATED","ORAL","ANDA088618","Proficient Rx LP","71205-155","Hydroxyzine Hydrochloride","HYDROXYZINE DIHYDROCHLORIDE","HUMAN PRESCRIPTION DRUG","11/01/2018","N/A","ANDA","60 TABLET, FILM COATED in 1 BOTTLE (71205-155-60)","Antihistamine [EPC],  Histamine Receptor Antagonists [MoA]","N/A","No","12/31/2026"
"Hydroxyzine Hydrochloride","71205-273-20","25 mg/1","TABLET, FILM COATED","ORAL","ANDA040602","Proficient Rx LP","71205-273","Hydroxyzine Hydrochloride","HYDROXYZINE DIHYDROCHLORIDE","HUMAN PRESCRIPTION DRUG","05/01/2019","N/A","ANDA","20 TABLET, FILM COATED in 1 BOTTLE (71205-273-20)","Antihistamine [EPC],  Histamine Receptor Antagonists [MoA]","N/A","No","12/31/2026"
"Hydroxyzine Hydrochloride","71205-273-90","25 mg/1","TABLET, FILM COATED","ORAL","ANDA040602","Proficient Rx LP","71205-273","Hydroxyzine Hydrochloride","HYDROXYZINE DIHYDROCHLORIDE","HUMAN PRESCRIPTION DRUG","05/01/2019","N/A","ANDA","90 TABLET, FILM COATED in 1 BOTTLE (71205-273-90)","Antihistamine [EPC],  Histamine Receptor Antagonists [MoA]","N/A","No","12/31/2026"
"Hydroxyzine Hydrochloride","71205-273-30","25 mg/1","TABLET, FILM COATED","ORAL","ANDA040602","Proficient Rx LP","71205-273","Hydroxyzine Hydrochloride","HYDROXYZINE DIHYDROCHLORIDE","HUMAN PRESCRIPTION DRUG","05/01/2019","N/A","ANDA","30 TABLET, FILM COATED in 1 BOTTLE (71205-273-30)","Antihistamine [EPC],  Histamine Receptor Antagonists [MoA]","N/A","No","12/31/2026"
"Hydroxyzine Hydrochloride","71205-273-60","25 mg/1","TABLET, FILM COATED","ORAL","ANDA040602","Proficient Rx LP","71205-273","Hydroxyzine Hydrochloride","HYDROXYZINE DIHYDROCHLORIDE","HUMAN PRESCRIPTION DRUG","05/01/2019","N/A","ANDA","60 TABLET, FILM COATED in 1 BOTTLE (71205-273-60)","Antihistamine [EPC],  Histamine Receptor Antagonists [MoA]","N/A","No","12/31/2026"
"Hydroxyzine Hydrochloride","71205-273-15","25 mg/1","TABLET, FILM COATED","ORAL","ANDA040602","Proficient Rx LP","71205-273","Hydroxyzine Hydrochloride","HYDROXYZINE DIHYDROCHLORIDE","HUMAN PRESCRIPTION DRUG","05/01/2019","N/A","ANDA","15 TABLET, FILM COATED in 1 BOTTLE (71205-273-15)","Antihistamine [EPC],  Histamine Receptor Antagonists [MoA]","N/A","No","12/31/2026"
"Hydroxyzine Hydrochloride","71205-332-60","50 mg/1","TABLET, FILM COATED","ORAL","ANDA040604","Proficient Rx LP","71205-332","Hydroxyzine Hydrochloride","HYDROXYZINE DIHYDROCHLORIDE","HUMAN PRESCRIPTION DRUG","09/01/2019","N/A","ANDA","60 TABLET, FILM COATED in 1 BOTTLE (71205-332-60)","Antihistamine [EPC],  Histamine Receptor Antagonists [MoA]","N/A","No","12/31/2026"
"Hydroxyzine Hydrochloride","71205-332-30","50 mg/1","TABLET, FILM COATED","ORAL","ANDA040604","Proficient Rx LP","71205-332","Hydroxyzine Hydrochloride","HYDROXYZINE DIHYDROCHLORIDE","HUMAN PRESCRIPTION DRUG","09/01/2019","N/A","ANDA","30 TABLET, FILM COATED in 1 BOTTLE (71205-332-30)","Antihistamine [EPC],  Histamine Receptor Antagonists [MoA]","N/A","No","12/31/2026"
"Hydroxyzine Hydrochloride","71205-332-90","50 mg/1","TABLET, FILM COATED","ORAL","ANDA040604","Proficient Rx LP","71205-332","Hydroxyzine Hydrochloride","HYDROXYZINE DIHYDROCHLORIDE","HUMAN PRESCRIPTION DRUG","09/01/2019","N/A","ANDA","90 TABLET, FILM COATED in 1 BOTTLE (71205-332-90)","Antihistamine [EPC],  Histamine Receptor Antagonists [MoA]","N/A","No","12/31/2026"
"Hydroxyzine Hydrochloride","71205-332-15","50 mg/1","TABLET, FILM COATED","ORAL","ANDA040604","Proficient Rx LP","71205-332","Hydroxyzine Hydrochloride","HYDROXYZINE DIHYDROCHLORIDE","HUMAN PRESCRIPTION DRUG","09/01/2019","N/A","ANDA","15 TABLET, FILM COATED in 1 BOTTLE (71205-332-15)","Antihistamine [EPC],  Histamine Receptor Antagonists [MoA]","N/A","No","12/31/2026"
"Hydroxyzine Hydrochloride","71205-332-20","50 mg/1","TABLET, FILM COATED","ORAL","ANDA040604","Proficient Rx LP","71205-332","Hydroxyzine Hydrochloride","HYDROXYZINE DIHYDROCHLORIDE","HUMAN PRESCRIPTION DRUG","09/01/2019","N/A","ANDA","20 TABLET, FILM COATED in 1 BOTTLE (71205-332-20)","Antihistamine [EPC],  Histamine Receptor Antagonists [MoA]","N/A","No","12/31/2026"
"Hydroxyzine hydrochloride","71205-541-15","10 mg/1","TABLET","ORAL","ANDA204279","Proficient Rx LP","71205-541","Hydroxyzine hydrochloride","HYDROXYZINE DIHYDROCHLORIDE","HUMAN PRESCRIPTION DRUG","03/04/2021","N/A","ANDA","15 TABLET in 1 BOTTLE (71205-541-15)","Antihistamine [EPC],  Histamine Receptor Antagonists [MoA]","N/A","No","12/31/2026"
"Hydroxyzine hydrochloride","71205-541-20","10 mg/1","TABLET","ORAL","ANDA204279","Proficient Rx LP","71205-541","Hydroxyzine hydrochloride","HYDROXYZINE DIHYDROCHLORIDE","HUMAN PRESCRIPTION DRUG","03/04/2021","N/A","ANDA","20 TABLET in 1 BOTTLE (71205-541-20)","Antihistamine [EPC],  Histamine Receptor Antagonists [MoA]","N/A","No","12/31/2026"
"Hydroxyzine hydrochloride","71205-541-60","10 mg/1","TABLET","ORAL","ANDA204279","Proficient Rx LP","71205-541","Hydroxyzine hydrochloride","HYDROXYZINE DIHYDROCHLORIDE","HUMAN PRESCRIPTION DRUG","03/04/2021","N/A","ANDA","60 TABLET in 1 BOTTLE (71205-541-60)","Antihistamine [EPC],  Histamine Receptor Antagonists [MoA]","N/A","No","12/31/2026"
"Hydroxyzine hydrochloride","71205-541-30","10 mg/1","TABLET","ORAL","ANDA204279","Proficient Rx LP","71205-541","Hydroxyzine hydrochloride","HYDROXYZINE DIHYDROCHLORIDE","HUMAN PRESCRIPTION DRUG","03/04/2021","N/A","ANDA","30 TABLET in 1 BOTTLE (71205-541-30)","Antihistamine [EPC],  Histamine Receptor Antagonists [MoA]","N/A","No","12/31/2026"
"Hydroxyzine hydrochloride","71205-541-90","10 mg/1","TABLET","ORAL","ANDA204279","Proficient Rx LP","71205-541","Hydroxyzine hydrochloride","HYDROXYZINE DIHYDROCHLORIDE","HUMAN PRESCRIPTION DRUG","03/04/2021","N/A","ANDA","90 TABLET in 1 BOTTLE (71205-541-90)","Antihistamine [EPC],  Histamine Receptor Antagonists [MoA]","N/A","No","12/31/2026"
"Hydroxyzine Hydrochloride","71335-0246-1","50 mg/1","TABLET, FILM COATED","ORAL","ANDA088619","Bryant Ranch Prepack","71335-0246","Hydroxyzine Hydrochloride","HYDROXYZINE DIHYDROCHLORIDE","HUMAN PRESCRIPTION DRUG","10/04/2017","N/A","ANDA","120 TABLET, FILM COATED in 1 BOTTLE (71335-0246-1)","Antihistamine [EPC],  Histamine Receptor Antagonists [MoA]","N/A","No","12/31/2026"
"Hydroxyzine Hydrochloride","71335-0246-3","50 mg/1","TABLET, FILM COATED","ORAL","ANDA088619","Bryant Ranch Prepack","71335-0246","Hydroxyzine Hydrochloride","HYDROXYZINE DIHYDROCHLORIDE","HUMAN PRESCRIPTION DRUG","10/04/2017","N/A","ANDA","30 TABLET, FILM COATED in 1 BOTTLE (71335-0246-3)","Antihistamine [EPC],  Histamine Receptor Antagonists [MoA]","N/A","No","12/31/2026"
"Hydroxyzine Hydrochloride","71335-0246-4","50 mg/1","TABLET, FILM COATED","ORAL","ANDA088619","Bryant Ranch Prepack","71335-0246","Hydroxyzine Hydrochloride","HYDROXYZINE DIHYDROCHLORIDE","HUMAN PRESCRIPTION DRUG","10/04/2017","N/A","ANDA","60 TABLET, FILM COATED in 1 BOTTLE (71335-0246-4)","Antihistamine [EPC],  Histamine Receptor Antagonists [MoA]","N/A","No","12/31/2026"
"Hydroxyzine Hydrochloride","71335-0246-2","50 mg/1","TABLET, FILM COATED","ORAL","ANDA088619","Bryant Ranch Prepack","71335-0246","Hydroxyzine Hydrochloride","HYDROXYZINE DIHYDROCHLORIDE","HUMAN PRESCRIPTION DRUG","10/04/2017","N/A","ANDA","20 TABLET, FILM COATED in 1 BOTTLE (71335-0246-2)","Antihistamine [EPC],  Histamine Receptor Antagonists [MoA]","N/A","No","12/31/2026"
"Hydroxyzine Hydrochloride","71335-0246-5","50 mg/1","TABLET, FILM COATED","ORAL","ANDA088619","Bryant Ranch Prepack","71335-0246","Hydroxyzine Hydrochloride","HYDROXYZINE DIHYDROCHLORIDE","HUMAN PRESCRIPTION DRUG","10/04/2017","N/A","ANDA","90 TABLET, FILM COATED in 1 BOTTLE (71335-0246-5)","Antihistamine [EPC],  Histamine Receptor Antagonists [MoA]","N/A","No","12/31/2026"
"Hydroxyzine hydrochloride","71335-0268-5","10 mg/1","TABLET","ORAL","ANDA204279","Bryant Ranch Prepack","71335-0268","Hydroxyzine hydrochloride","HYDROXYZINE DIHYDROCHLORIDE","HUMAN PRESCRIPTION DRUG","02/02/2022","N/A","ANDA","15 TABLET in 1 BOTTLE (71335-0268-5)","Antihistamine [EPC],  Histamine Receptor Antagonists [MoA]","N/A","No","12/31/2026"
"Hydroxyzine hydrochloride","71335-0268-3","10 mg/1","TABLET","ORAL","ANDA204279","Bryant Ranch Prepack","71335-0268","Hydroxyzine hydrochloride","HYDROXYZINE DIHYDROCHLORIDE","HUMAN PRESCRIPTION DRUG","06/25/2021","N/A","ANDA","20 TABLET in 1 BOTTLE (71335-0268-3)","Antihistamine [EPC],  Histamine Receptor Antagonists [MoA]","N/A","No","12/31/2026"
"Hydroxyzine hydrochloride","71335-0268-4","10 mg/1","TABLET","ORAL","ANDA204279","Bryant Ranch Prepack","71335-0268","Hydroxyzine hydrochloride","HYDROXYZINE DIHYDROCHLORIDE","HUMAN PRESCRIPTION DRUG","05/04/2018","N/A","ANDA","90 TABLET in 1 BOTTLE (71335-0268-4)","Antihistamine [EPC],  Histamine Receptor Antagonists [MoA]","N/A","No","12/31/2026"
"Hydroxyzine hydrochloride","71335-0268-7","10 mg/1","TABLET","ORAL","ANDA204279","Bryant Ranch Prepack","71335-0268","Hydroxyzine hydrochloride","HYDROXYZINE DIHYDROCHLORIDE","HUMAN PRESCRIPTION DRUG","02/02/2022","N/A","ANDA","120 TABLET in 1 BOTTLE (71335-0268-7)","Antihistamine [EPC],  Histamine Receptor Antagonists [MoA]","N/A","No","12/31/2026"
"Hydroxyzine hydrochloride","71335-0268-8","10 mg/1","TABLET","ORAL","ANDA204279","Bryant Ranch Prepack","71335-0268","Hydroxyzine hydrochloride","HYDROXYZINE DIHYDROCHLORIDE","HUMAN PRESCRIPTION DRUG","02/20/2018","N/A","ANDA","10 TABLET in 1 BOTTLE (71335-0268-8)","Antihistamine [EPC],  Histamine Receptor Antagonists [MoA]","N/A","No","12/31/2026"
"Hydroxyzine hydrochloride","71335-0268-6","10 mg/1","TABLET","ORAL","ANDA204279","Bryant Ranch Prepack","71335-0268","Hydroxyzine hydrochloride","HYDROXYZINE DIHYDROCHLORIDE","HUMAN PRESCRIPTION DRUG","02/02/2022","N/A","ANDA","60 TABLET in 1 BOTTLE (71335-0268-6)","Antihistamine [EPC],  Histamine Receptor Antagonists [MoA]","N/A","No","12/31/2026"
"Hydroxyzine hydrochloride","71335-0268-2","10 mg/1","TABLET","ORAL","ANDA204279","Bryant Ranch Prepack","71335-0268","Hydroxyzine hydrochloride","HYDROXYZINE DIHYDROCHLORIDE","HUMAN PRESCRIPTION DRUG","02/02/2022","N/A","ANDA","100 TABLET in 1 BOTTLE (71335-0268-2)","Antihistamine [EPC],  Histamine Receptor Antagonists [MoA]","N/A","No","12/31/2026"
"Hydroxyzine hydrochloride","71335-0268-1","10 mg/1","TABLET","ORAL","ANDA204279","Bryant Ranch Prepack","71335-0268","Hydroxyzine hydrochloride","HYDROXYZINE DIHYDROCHLORIDE","HUMAN PRESCRIPTION DRUG","04/05/2018","N/A","ANDA","30 TABLET in 1 BOTTLE (71335-0268-1)","Antihistamine [EPC],  Histamine Receptor Antagonists [MoA]","N/A","No","12/31/2026"
"Hydroxyzine Hydrochloride","71335-0935-2","25 mg/1","TABLET, FILM COATED","ORAL","ANDA088618","Bryant Ranch Prepack","71335-0935","Hydroxyzine Hydrochloride","HYDROXYZINE DIHYDROCHLORIDE","HUMAN PRESCRIPTION DRUG","08/28/2018","N/A","ANDA","60 TABLET, FILM COATED in 1 BOTTLE (71335-0935-2)","Antihistamine [EPC],  Histamine Receptor Antagonists [MoA]","N/A","No","12/31/2026"
"Hydroxyzine Hydrochloride","71335-0935-1","25 mg/1","TABLET, FILM COATED","ORAL","ANDA088618","Bryant Ranch Prepack","71335-0935","Hydroxyzine Hydrochloride","HYDROXYZINE DIHYDROCHLORIDE","HUMAN PRESCRIPTION DRUG","08/28/2018","N/A","ANDA","30 TABLET, FILM COATED in 1 BOTTLE (71335-0935-1)","Antihistamine [EPC],  Histamine Receptor Antagonists [MoA]","N/A","No","12/31/2026"
"Hydroxyzine Hydrochloride","71335-0935-3","25 mg/1","TABLET, FILM COATED","ORAL","ANDA088618","Bryant Ranch Prepack","71335-0935","Hydroxyzine Hydrochloride","HYDROXYZINE DIHYDROCHLORIDE","HUMAN PRESCRIPTION DRUG","08/28/2018","N/A","ANDA","20 TABLET, FILM COATED in 1 BOTTLE (71335-0935-3)","Antihistamine [EPC],  Histamine Receptor Antagonists [MoA]","N/A","No","12/31/2026"
"Hydroxyzine Hydrochloride","71335-0935-7","25 mg/1","TABLET, FILM COATED","ORAL","ANDA088618","Bryant Ranch Prepack","71335-0935","Hydroxyzine Hydrochloride","HYDROXYZINE DIHYDROCHLORIDE","HUMAN PRESCRIPTION DRUG","08/28/2018","N/A","ANDA","19 TABLET, FILM COATED in 1 BOTTLE (71335-0935-7)","Antihistamine [EPC],  Histamine Receptor Antagonists [MoA]","N/A","No","12/31/2026"
"Hydroxyzine Hydrochloride","71335-0935-6","25 mg/1","TABLET, FILM COATED","ORAL","ANDA088618","Bryant Ranch Prepack","71335-0935","Hydroxyzine Hydrochloride","HYDROXYZINE DIHYDROCHLORIDE","HUMAN PRESCRIPTION DRUG","08/28/2018","N/A","ANDA","90 TABLET, FILM COATED in 1 BOTTLE (71335-0935-6)","Antihistamine [EPC],  Histamine Receptor Antagonists [MoA]","N/A","No","12/31/2026"
"Hydroxyzine Hydrochloride","71335-0935-5","25 mg/1","TABLET, FILM COATED","ORAL","ANDA088618","Bryant Ranch Prepack","71335-0935","Hydroxyzine Hydrochloride","HYDROXYZINE DIHYDROCHLORIDE","HUMAN PRESCRIPTION DRUG","08/28/2018","N/A","ANDA","15 TABLET, FILM COATED in 1 BOTTLE (71335-0935-5)","Antihistamine [EPC],  Histamine Receptor Antagonists [MoA]","N/A","No","12/31/2026"
"Hydroxyzine Hydrochloride","71335-0935-4","25 mg/1","TABLET, FILM COATED","ORAL","ANDA088618","Bryant Ranch Prepack","71335-0935","Hydroxyzine Hydrochloride","HYDROXYZINE DIHYDROCHLORIDE","HUMAN PRESCRIPTION DRUG","08/28/2018","N/A","ANDA","100 TABLET, FILM COATED in 1 BOTTLE (71335-0935-4)","Antihistamine [EPC],  Histamine Receptor Antagonists [MoA]","N/A","No","12/31/2026"
"Hydroxyzine Hydrochloride","71335-0935-8","25 mg/1","TABLET, FILM COATED","ORAL","ANDA088618","Bryant Ranch Prepack","71335-0935","Hydroxyzine Hydrochloride","HYDROXYZINE DIHYDROCHLORIDE","HUMAN PRESCRIPTION DRUG","08/28/2018","N/A","ANDA","10 TABLET, FILM COATED in 1 BOTTLE (71335-0935-8)","Antihistamine [EPC],  Histamine Receptor Antagonists [MoA]","N/A","No","12/31/2026"
"Hydroxyzine Hydrochloride","71335-0961-1","10 mg/1","TABLET, FILM COATED","ORAL","ANDA088617","Bryant Ranch Prepack","71335-0961","Hydroxyzine Hydrochloride","HYDROXYZINE DIHYDROCHLORIDE","HUMAN PRESCRIPTION DRUG","10/05/2018","N/A","ANDA","30 TABLET, FILM COATED in 1 BOTTLE (71335-0961-1)","Antihistamine [EPC],  Histamine Receptor Antagonists [MoA]","N/A","No","12/31/2026"
"Hydroxyzine Hydrochloride","71335-0961-2","10 mg/1","TABLET, FILM COATED","ORAL","ANDA088617","Bryant Ranch Prepack","71335-0961","Hydroxyzine Hydrochloride","HYDROXYZINE DIHYDROCHLORIDE","HUMAN PRESCRIPTION DRUG","10/05/2018","N/A","ANDA","100 TABLET, FILM COATED in 1 BOTTLE (71335-0961-2)","Antihistamine [EPC],  Histamine Receptor Antagonists [MoA]","N/A","No","12/31/2026"
"Hydroxyzine Hydrochloride","71335-0961-3","10 mg/1","TABLET, FILM COATED","ORAL","ANDA088617","Bryant Ranch Prepack","71335-0961","Hydroxyzine Hydrochloride","HYDROXYZINE DIHYDROCHLORIDE","HUMAN PRESCRIPTION DRUG","10/05/2018","N/A","ANDA","20 TABLET, FILM COATED in 1 BOTTLE (71335-0961-3)","Antihistamine [EPC],  Histamine Receptor Antagonists [MoA]","N/A","No","12/31/2026"
"Hydroxyzine Hydrochloride","71335-0961-4","10 mg/1","TABLET, FILM COATED","ORAL","ANDA088617","Bryant Ranch Prepack","71335-0961","Hydroxyzine Hydrochloride","HYDROXYZINE DIHYDROCHLORIDE","HUMAN PRESCRIPTION DRUG","10/05/2018","N/A","ANDA","90 TABLET, FILM COATED in 1 BOTTLE (71335-0961-4)","Antihistamine [EPC],  Histamine Receptor Antagonists [MoA]","N/A","No","12/31/2026"
"Hydroxyzine Hydrochloride","71335-0961-8","10 mg/1","TABLET, FILM COATED","ORAL","ANDA088617","Bryant Ranch Prepack","71335-0961","Hydroxyzine Hydrochloride","HYDROXYZINE DIHYDROCHLORIDE","HUMAN PRESCRIPTION DRUG","10/05/2018","N/A","ANDA","10 TABLET, FILM COATED in 1 BOTTLE (71335-0961-8)","Antihistamine [EPC],  Histamine Receptor Antagonists [MoA]","N/A","No","12/31/2026"
"Hydroxyzine Hydrochloride","71335-0961-7","10 mg/1","TABLET, FILM COATED","ORAL","ANDA088617","Bryant Ranch Prepack","71335-0961","Hydroxyzine Hydrochloride","HYDROXYZINE DIHYDROCHLORIDE","HUMAN PRESCRIPTION DRUG","10/05/2018","N/A","ANDA","120 TABLET, FILM COATED in 1 BOTTLE (71335-0961-7)","Antihistamine [EPC],  Histamine Receptor Antagonists [MoA]","N/A","No","12/31/2026"
"Hydroxyzine Hydrochloride","71335-0961-6","10 mg/1","TABLET, FILM COATED","ORAL","ANDA088617","Bryant Ranch Prepack","71335-0961","Hydroxyzine Hydrochloride","HYDROXYZINE DIHYDROCHLORIDE","HUMAN PRESCRIPTION DRUG","10/05/2018","N/A","ANDA","60 TABLET, FILM COATED in 1 BOTTLE (71335-0961-6)","Antihistamine [EPC],  Histamine Receptor Antagonists [MoA]","N/A","No","12/31/2026"
"Hydroxyzine Hydrochloride","71335-0961-5","10 mg/1","TABLET, FILM COATED","ORAL","ANDA088617","Bryant Ranch Prepack","71335-0961","Hydroxyzine Hydrochloride","HYDROXYZINE DIHYDROCHLORIDE","HUMAN PRESCRIPTION DRUG","10/05/2018","N/A","ANDA","15 TABLET, FILM COATED in 1 BOTTLE (71335-0961-5)","Antihistamine [EPC],  Histamine Receptor Antagonists [MoA]","N/A","No","12/31/2026"
"Hydroxyzine Hydrochloride","71335-1047-7","25 mg/1","TABLET, FILM COATED","ORAL","ANDA040602","Bryant Ranch Prepack","71335-1047","Hydroxyzine Hydrochloride","HYDROXYZINE DIHYDROCHLORIDE","HUMAN PRESCRIPTION DRUG","04/02/2024","N/A","ANDA","19 TABLET, FILM COATED in 1 BOTTLE (71335-1047-7)","Antihistamine [EPC],  Histamine Receptor Antagonists [MoA]","N/A","No","12/31/2026"
"Hydroxyzine Hydrochloride","71335-1047-5","25 mg/1","TABLET, FILM COATED","ORAL","ANDA040602","Bryant Ranch Prepack","71335-1047","Hydroxyzine Hydrochloride","HYDROXYZINE DIHYDROCHLORIDE","HUMAN PRESCRIPTION DRUG","02/14/2020","N/A","ANDA","15 TABLET, FILM COATED in 1 BOTTLE (71335-1047-5)","Antihistamine [EPC],  Histamine Receptor Antagonists [MoA]","N/A","No","12/31/2026"
"Hydroxyzine Hydrochloride","71335-1047-8","25 mg/1","TABLET, FILM COATED","ORAL","ANDA040602","Bryant Ranch Prepack","71335-1047","Hydroxyzine Hydrochloride","HYDROXYZINE DIHYDROCHLORIDE","HUMAN PRESCRIPTION DRUG","02/22/2019","N/A","ANDA","10 TABLET, FILM COATED in 1 BOTTLE (71335-1047-8)","Antihistamine [EPC],  Histamine Receptor Antagonists [MoA]","N/A","No","12/31/2026"
"Hydroxyzine Hydrochloride","71335-1047-6","25 mg/1","TABLET, FILM COATED","ORAL","ANDA040602","Bryant Ranch Prepack","71335-1047","Hydroxyzine Hydrochloride","HYDROXYZINE DIHYDROCHLORIDE","HUMAN PRESCRIPTION DRUG","10/03/2019","N/A","ANDA","90 TABLET, FILM COATED in 1 BOTTLE (71335-1047-6)","Antihistamine [EPC],  Histamine Receptor Antagonists [MoA]","N/A","No","12/31/2026"
"Hydroxyzine Hydrochloride","71335-1047-1","25 mg/1","TABLET, FILM COATED","ORAL","ANDA040602","Bryant Ranch Prepack","71335-1047","Hydroxyzine Hydrochloride","HYDROXYZINE DIHYDROCHLORIDE","HUMAN PRESCRIPTION DRUG","12/27/2018","N/A","ANDA","30 TABLET, FILM COATED in 1 BOTTLE (71335-1047-1)","Antihistamine [EPC],  Histamine Receptor Antagonists [MoA]","N/A","No","12/31/2026"
"Hydroxyzine Hydrochloride","71335-1047-2","25 mg/1","TABLET, FILM COATED","ORAL","ANDA040602","Bryant Ranch Prepack","71335-1047","Hydroxyzine Hydrochloride","HYDROXYZINE DIHYDROCHLORIDE","HUMAN PRESCRIPTION DRUG","03/13/2020","N/A","ANDA","60 TABLET, FILM COATED in 1 BOTTLE (71335-1047-2)","Antihistamine [EPC],  Histamine Receptor Antagonists [MoA]","N/A","No","12/31/2026"
"Hydroxyzine Hydrochloride","71335-1047-4","25 mg/1","TABLET, FILM COATED","ORAL","ANDA040602","Bryant Ranch Prepack","71335-1047","Hydroxyzine Hydrochloride","HYDROXYZINE DIHYDROCHLORIDE","HUMAN PRESCRIPTION DRUG","04/02/2024","N/A","ANDA","100 TABLET, FILM COATED in 1 BOTTLE (71335-1047-4)","Antihistamine [EPC],  Histamine Receptor Antagonists [MoA]","N/A","No","12/31/2026"
"Hydroxyzine Hydrochloride","71335-1047-3","25 mg/1","TABLET, FILM COATED","ORAL","ANDA040602","Bryant Ranch Prepack","71335-1047","Hydroxyzine Hydrochloride","HYDROXYZINE DIHYDROCHLORIDE","HUMAN PRESCRIPTION DRUG","06/19/2019","N/A","ANDA","20 TABLET, FILM COATED in 1 BOTTLE (71335-1047-3)","Antihistamine [EPC],  Histamine Receptor Antagonists [MoA]","N/A","No","12/31/2026"
"Hydroxyzine Hydrochloride","71335-1121-3","10 mg/1","TABLET, FILM COATED","ORAL","ANDA040600","Bryant Ranch Prepack","71335-1121","Hydroxyzine Hydrochloride","HYDROXYZINE DIHYDROCHLORIDE","HUMAN PRESCRIPTION DRUG","03/07/2019","N/A","ANDA","20 TABLET, FILM COATED in 1 BOTTLE (71335-1121-3)","Antihistamine [EPC],  Histamine Receptor Antagonists [MoA]","N/A","No","12/31/2026"
"Hydroxyzine Hydrochloride","71335-1121-1","10 mg/1","TABLET, FILM COATED","ORAL","ANDA040600","Bryant Ranch Prepack","71335-1121","Hydroxyzine Hydrochloride","HYDROXYZINE DIHYDROCHLORIDE","HUMAN PRESCRIPTION DRUG","03/07/2019","N/A","ANDA","30 TABLET, FILM COATED in 1 BOTTLE (71335-1121-1)","Antihistamine [EPC],  Histamine Receptor Antagonists [MoA]","N/A","No","12/31/2026"
"Hydroxyzine Hydrochloride","71335-1121-2","10 mg/1","TABLET, FILM COATED","ORAL","ANDA040600","Bryant Ranch Prepack","71335-1121","Hydroxyzine Hydrochloride","HYDROXYZINE DIHYDROCHLORIDE","HUMAN PRESCRIPTION DRUG","03/07/2019","N/A","ANDA","100 TABLET, FILM COATED in 1 BOTTLE (71335-1121-2)","Antihistamine [EPC],  Histamine Receptor Antagonists [MoA]","N/A","No","12/31/2026"
"Hydroxyzine Hydrochloride","71335-1121-6","10 mg/1","TABLET, FILM COATED","ORAL","ANDA040600","Bryant Ranch Prepack","71335-1121","Hydroxyzine Hydrochloride","HYDROXYZINE DIHYDROCHLORIDE","HUMAN PRESCRIPTION DRUG","03/07/2019","N/A","ANDA","60 TABLET, FILM COATED in 1 BOTTLE (71335-1121-6)","Antihistamine [EPC],  Histamine Receptor Antagonists [MoA]","N/A","No","12/31/2026"
"Hydroxyzine Hydrochloride","71335-1121-8","10 mg/1","TABLET, FILM COATED","ORAL","ANDA040600","Bryant Ranch Prepack","71335-1121","Hydroxyzine Hydrochloride","HYDROXYZINE DIHYDROCHLORIDE","HUMAN PRESCRIPTION DRUG","03/07/2019","N/A","ANDA","10 TABLET, FILM COATED in 1 BOTTLE (71335-1121-8)","Antihistamine [EPC],  Histamine Receptor Antagonists [MoA]","N/A","No","12/31/2026"
"Hydroxyzine Hydrochloride","71335-1121-4","10 mg/1","TABLET, FILM COATED","ORAL","ANDA040600","Bryant Ranch Prepack","71335-1121","Hydroxyzine Hydrochloride","HYDROXYZINE DIHYDROCHLORIDE","HUMAN PRESCRIPTION DRUG","04/02/2024","N/A","ANDA","90 TABLET, FILM COATED in 1 BOTTLE (71335-1121-4)","Antihistamine [EPC],  Histamine Receptor Antagonists [MoA]","N/A","No","12/31/2026"
"Hydroxyzine Hydrochloride","71335-1121-7","10 mg/1","TABLET, FILM COATED","ORAL","ANDA040600","Bryant Ranch Prepack","71335-1121","Hydroxyzine Hydrochloride","HYDROXYZINE DIHYDROCHLORIDE","HUMAN PRESCRIPTION DRUG","03/07/2019","N/A","ANDA","120 TABLET, FILM COATED in 1 BOTTLE (71335-1121-7)","Antihistamine [EPC],  Histamine Receptor Antagonists [MoA]","N/A","No","12/31/2026"
"Hydroxyzine Hydrochloride","71335-1121-5","10 mg/1","TABLET, FILM COATED","ORAL","ANDA040600","Bryant Ranch Prepack","71335-1121","Hydroxyzine Hydrochloride","HYDROXYZINE DIHYDROCHLORIDE","HUMAN PRESCRIPTION DRUG","03/07/2019","N/A","ANDA","15 TABLET, FILM COATED in 1 BOTTLE (71335-1121-5)","Antihistamine [EPC],  Histamine Receptor Antagonists [MoA]","N/A","No","12/31/2026"
"Hydroxyzine Hydrochloride","71335-2185-3","50 mg/1","TABLET, FILM COATED","ORAL","ANDA040604","Bryant Ranch Prepack","71335-2185","Hydroxyzine Hydrochloride","HYDROXYZINE DIHYDROCHLORIDE","HUMAN PRESCRIPTION DRUG","01/24/2023","N/A","ANDA","30 TABLET, FILM COATED in 1 BOTTLE (71335-2185-3)","Antihistamine [EPC],  Histamine Receptor Antagonists [MoA]","N/A","No","12/31/2026"
"Hydroxyzine Hydrochloride","71335-2185-2","50 mg/1","TABLET, FILM COATED","ORAL","ANDA040604","Bryant Ranch Prepack","71335-2185","Hydroxyzine Hydrochloride","HYDROXYZINE DIHYDROCHLORIDE","HUMAN PRESCRIPTION DRUG","04/03/2024","N/A","ANDA","20 TABLET, FILM COATED in 1 BOTTLE (71335-2185-2)","Antihistamine [EPC],  Histamine Receptor Antagonists [MoA]","N/A","No","12/31/2026"
"Hydroxyzine Hydrochloride","71335-2185-5","50 mg/1","TABLET, FILM COATED","ORAL","ANDA040604","Bryant Ranch Prepack","71335-2185","Hydroxyzine Hydrochloride","HYDROXYZINE DIHYDROCHLORIDE","HUMAN PRESCRIPTION DRUG","04/03/2024","N/A","ANDA","90 TABLET, FILM COATED in 1 BOTTLE (71335-2185-5)","Antihistamine [EPC],  Histamine Receptor Antagonists [MoA]","N/A","No","12/31/2026"
"Hydroxyzine Hydrochloride","71335-2185-1","50 mg/1","TABLET, FILM COATED","ORAL","ANDA040604","Bryant Ranch Prepack","71335-2185","Hydroxyzine Hydrochloride","HYDROXYZINE DIHYDROCHLORIDE","HUMAN PRESCRIPTION DRUG","04/03/2024","N/A","ANDA","120 TABLET, FILM COATED in 1 BOTTLE (71335-2185-1)","Antihistamine [EPC],  Histamine Receptor Antagonists [MoA]","N/A","No","12/31/2026"
"Hydroxyzine Hydrochloride","71335-2185-4","50 mg/1","TABLET, FILM COATED","ORAL","ANDA040604","Bryant Ranch Prepack","71335-2185","Hydroxyzine Hydrochloride","HYDROXYZINE DIHYDROCHLORIDE","HUMAN PRESCRIPTION DRUG","11/29/2022","N/A","ANDA","60 TABLET, FILM COATED in 1 BOTTLE (71335-2185-4)","Antihistamine [EPC],  Histamine Receptor Antagonists [MoA]","N/A","No","12/31/2026"
"Hydroxyzine hydrochloride","71335-2340-8","25 mg/1","TABLET","ORAL","ANDA204279","Bryant Ranch Prepack","71335-2340","Hydroxyzine hydrochloride","HYDROXYZINE DIHYDROCHLORIDE","HUMAN PRESCRIPTION DRUG","06/27/2025","N/A","ANDA","10 TABLET in 1 BOTTLE (71335-2340-8)","Antihistamine [EPC],  Histamine Receptor Antagonists [MoA]","N/A","No","12/31/2026"
"Hydroxyzine hydrochloride","71335-2340-5","25 mg/1","TABLET","ORAL","ANDA204279","Bryant Ranch Prepack","71335-2340","Hydroxyzine hydrochloride","HYDROXYZINE DIHYDROCHLORIDE","HUMAN PRESCRIPTION DRUG","06/27/2025","N/A","ANDA","15 TABLET in 1 BOTTLE (71335-2340-5)","Antihistamine [EPC],  Histamine Receptor Antagonists [MoA]","N/A","No","12/31/2026"
"Hydroxyzine hydrochloride","71335-2340-1","25 mg/1","TABLET","ORAL","ANDA204279","Bryant Ranch Prepack","71335-2340","Hydroxyzine hydrochloride","HYDROXYZINE DIHYDROCHLORIDE","HUMAN PRESCRIPTION DRUG","06/27/2025","N/A","ANDA","30 TABLET in 1 BOTTLE (71335-2340-1)","Antihistamine [EPC],  Histamine Receptor Antagonists [MoA]","N/A","No","12/31/2026"
"Hydroxyzine hydrochloride","71335-2340-2","25 mg/1","TABLET","ORAL","ANDA204279","Bryant Ranch Prepack","71335-2340","Hydroxyzine hydrochloride","HYDROXYZINE DIHYDROCHLORIDE","HUMAN PRESCRIPTION DRUG","06/27/2025","N/A","ANDA","60 TABLET in 1 BOTTLE (71335-2340-2)","Antihistamine [EPC],  Histamine Receptor Antagonists [MoA]","N/A","No","12/31/2026"
"Hydroxyzine hydrochloride","71335-2340-6","25 mg/1","TABLET","ORAL","ANDA204279","Bryant Ranch Prepack","71335-2340","Hydroxyzine hydrochloride","HYDROXYZINE DIHYDROCHLORIDE","HUMAN PRESCRIPTION DRUG","06/27/2025","N/A","ANDA","90 TABLET in 1 BOTTLE (71335-2340-6)","Antihistamine [EPC],  Histamine Receptor Antagonists [MoA]","N/A","No","12/31/2026"
"Hydroxyzine hydrochloride","71335-2340-7","25 mg/1","TABLET","ORAL","ANDA204279","Bryant Ranch Prepack","71335-2340","Hydroxyzine hydrochloride","HYDROXYZINE DIHYDROCHLORIDE","HUMAN PRESCRIPTION DRUG","06/27/2025","N/A","ANDA","19 TABLET in 1 BOTTLE (71335-2340-7)","Antihistamine [EPC],  Histamine Receptor Antagonists [MoA]","N/A","No","12/31/2026"
"Hydroxyzine hydrochloride","71335-2340-4","25 mg/1","TABLET","ORAL","ANDA204279","Bryant Ranch Prepack","71335-2340","Hydroxyzine hydrochloride","HYDROXYZINE DIHYDROCHLORIDE","HUMAN PRESCRIPTION DRUG","06/27/2025","N/A","ANDA","100 TABLET in 1 BOTTLE (71335-2340-4)","Antihistamine [EPC],  Histamine Receptor Antagonists [MoA]","N/A","No","12/31/2026"
"Hydroxyzine hydrochloride","71335-2340-3","25 mg/1","TABLET","ORAL","ANDA204279","Bryant Ranch Prepack","71335-2340","Hydroxyzine hydrochloride","HYDROXYZINE DIHYDROCHLORIDE","HUMAN PRESCRIPTION DRUG","06/27/2025","N/A","ANDA","20 TABLET in 1 BOTTLE (71335-2340-3)","Antihistamine [EPC],  Histamine Receptor Antagonists [MoA]","N/A","No","12/31/2026"
"HYDROXYZINE HYDROCHLORIDE","71335-2410-4","50 mg/1","TABLET, FILM COATED","ORAL","ANDA217652","Bryant Ranch Prepack","71335-2410","hydroxyzine hydrochloride","HYDROXYZINE DIHYDROCHLORIDE","HUMAN PRESCRIPTION DRUG","06/10/2024","N/A","ANDA","60 TABLET, FILM COATED in 1 BOTTLE (71335-2410-4)","Antihistamine [EPC],  Histamine Receptor Antagonists [MoA]","N/A","No","12/31/2026"
"HYDROXYZINE HYDROCHLORIDE","71335-2410-3","50 mg/1","TABLET, FILM COATED","ORAL","ANDA217652","Bryant Ranch Prepack","71335-2410","hydroxyzine hydrochloride","HYDROXYZINE DIHYDROCHLORIDE","HUMAN PRESCRIPTION DRUG","06/10/2024","N/A","ANDA","30 TABLET, FILM COATED in 1 BOTTLE (71335-2410-3)","Antihistamine [EPC],  Histamine Receptor Antagonists [MoA]","N/A","No","12/31/2026"
"HYDROXYZINE HYDROCHLORIDE","71335-2410-1","50 mg/1","TABLET, FILM COATED","ORAL","ANDA217652","Bryant Ranch Prepack","71335-2410","hydroxyzine hydrochloride","HYDROXYZINE DIHYDROCHLORIDE","HUMAN PRESCRIPTION DRUG","06/10/2024","N/A","ANDA","120 TABLET, FILM COATED in 1 BOTTLE (71335-2410-1)","Antihistamine [EPC],  Histamine Receptor Antagonists [MoA]","N/A","No","12/31/2026"
"HYDROXYZINE HYDROCHLORIDE","71335-2410-5","50 mg/1","TABLET, FILM COATED","ORAL","ANDA217652","Bryant Ranch Prepack","71335-2410","hydroxyzine hydrochloride","HYDROXYZINE DIHYDROCHLORIDE","HUMAN PRESCRIPTION DRUG","06/10/2024","N/A","ANDA","90 TABLET, FILM COATED in 1 BOTTLE (71335-2410-5)","Antihistamine [EPC],  Histamine Receptor Antagonists [MoA]","N/A","No","12/31/2026"
"HYDROXYZINE HYDROCHLORIDE","71335-2410-2","50 mg/1","TABLET, FILM COATED","ORAL","ANDA217652","Bryant Ranch Prepack","71335-2410","hydroxyzine hydrochloride","HYDROXYZINE DIHYDROCHLORIDE","HUMAN PRESCRIPTION DRUG","06/10/2024","N/A","ANDA","20 TABLET, FILM COATED in 1 BOTTLE (71335-2410-2)","Antihistamine [EPC],  Histamine Receptor Antagonists [MoA]","N/A","No","12/31/2026"
"Hydroxyzine Hydrochloride","71335-2451-8","25 mg/1","TABLET, FILM COATED","ORAL","ANDA040786","Bryant Ranch Prepack","71335-2451","Hydroxyzine Hydrochloride","HYDROXYZINE DIHYDROCHLORIDE","HUMAN PRESCRIPTION DRUG","08/20/2024","N/A","ANDA","10 TABLET, FILM COATED in 1 BOTTLE (71335-2451-8)","Antihistamine [EPC],  Histamine Receptor Antagonists [MoA]","N/A","No","12/31/2026"
"Hydroxyzine Hydrochloride","71335-2451-7","25 mg/1","TABLET, FILM COATED","ORAL","ANDA040786","Bryant Ranch Prepack","71335-2451","Hydroxyzine Hydrochloride","HYDROXYZINE DIHYDROCHLORIDE","HUMAN PRESCRIPTION DRUG","08/20/2024","N/A","ANDA","19 TABLET, FILM COATED in 1 BOTTLE (71335-2451-7)","Antihistamine [EPC],  Histamine Receptor Antagonists [MoA]","N/A","No","12/31/2026"
"Hydroxyzine Hydrochloride","71335-2451-6","25 mg/1","TABLET, FILM COATED","ORAL","ANDA040786","Bryant Ranch Prepack","71335-2451","Hydroxyzine Hydrochloride","HYDROXYZINE DIHYDROCHLORIDE","HUMAN PRESCRIPTION DRUG","08/20/2024","N/A","ANDA","90 TABLET, FILM COATED in 1 BOTTLE (71335-2451-6)","Antihistamine [EPC],  Histamine Receptor Antagonists [MoA]","N/A","No","12/31/2026"
"Hydroxyzine Hydrochloride","71335-2451-2","25 mg/1","TABLET, FILM COATED","ORAL","ANDA040786","Bryant Ranch Prepack","71335-2451","Hydroxyzine Hydrochloride","HYDROXYZINE DIHYDROCHLORIDE","HUMAN PRESCRIPTION DRUG","08/20/2024","N/A","ANDA","60 TABLET, FILM COATED in 1 BOTTLE (71335-2451-2)","Antihistamine [EPC],  Histamine Receptor Antagonists [MoA]","N/A","No","12/31/2026"
"Hydroxyzine Hydrochloride","71335-2451-3","25 mg/1","TABLET, FILM COATED","ORAL","ANDA040786","Bryant Ranch Prepack","71335-2451","Hydroxyzine Hydrochloride","HYDROXYZINE DIHYDROCHLORIDE","HUMAN PRESCRIPTION DRUG","08/20/2024","N/A","ANDA","20 TABLET, FILM COATED in 1 BOTTLE (71335-2451-3)","Antihistamine [EPC],  Histamine Receptor Antagonists [MoA]","N/A","No","12/31/2026"
"Hydroxyzine Hydrochloride","71335-2451-1","25 mg/1","TABLET, FILM COATED","ORAL","ANDA040786","Bryant Ranch Prepack","71335-2451","Hydroxyzine Hydrochloride","HYDROXYZINE DIHYDROCHLORIDE","HUMAN PRESCRIPTION DRUG","08/20/2024","N/A","ANDA","30 TABLET, FILM COATED in 1 BOTTLE (71335-2451-1)","Antihistamine [EPC],  Histamine Receptor Antagonists [MoA]","N/A","No","12/31/2026"
"Hydroxyzine Hydrochloride","71335-2451-4","25 mg/1","TABLET, FILM COATED","ORAL","ANDA040786","Bryant Ranch Prepack","71335-2451","Hydroxyzine Hydrochloride","HYDROXYZINE DIHYDROCHLORIDE","HUMAN PRESCRIPTION DRUG","08/20/2024","N/A","ANDA","100 TABLET, FILM COATED in 1 BOTTLE (71335-2451-4)","Antihistamine [EPC],  Histamine Receptor Antagonists [MoA]","N/A","No","12/31/2026"
"Hydroxyzine Hydrochloride","71335-2451-5","25 mg/1","TABLET, FILM COATED","ORAL","ANDA040786","Bryant Ranch Prepack","71335-2451","Hydroxyzine Hydrochloride","HYDROXYZINE DIHYDROCHLORIDE","HUMAN PRESCRIPTION DRUG","08/20/2024","N/A","ANDA","15 TABLET, FILM COATED in 1 BOTTLE (71335-2451-5)","Antihistamine [EPC],  Histamine Receptor Antagonists [MoA]","N/A","No","12/31/2026"
"HYDROXYZINE HYDROCHLORIDE","71335-2636-1","10 mg/1","TABLET, FILM COATED","ORAL","ANDA217652","Bryant Ranch Prepack","71335-2636","hydroxyzine hydrochloride","HYDROXYZINE HYDROCHLORIDE","HUMAN PRESCRIPTION DRUG","06/02/2025","N/A","ANDA","30 TABLET, FILM COATED in 1 BOTTLE (71335-2636-1)","Antihistamine [EPC],  Histamine Receptor Antagonists [MoA]","N/A","No","12/31/2026"
"HYDROXYZINE HYDROCHLORIDE","71335-2636-2","10 mg/1","TABLET, FILM COATED","ORAL","ANDA217652","Bryant Ranch Prepack","71335-2636","hydroxyzine hydrochloride","HYDROXYZINE HYDROCHLORIDE","HUMAN PRESCRIPTION DRUG","06/02/2025","N/A","ANDA","100 TABLET, FILM COATED in 1 BOTTLE (71335-2636-2)","Antihistamine [EPC],  Histamine Receptor Antagonists [MoA]","N/A","No","12/31/2026"
"HYDROXYZINE HYDROCHLORIDE","71335-2636-3","10 mg/1","TABLET, FILM COATED","ORAL","ANDA217652","Bryant Ranch Prepack","71335-2636","hydroxyzine hydrochloride","HYDROXYZINE HYDROCHLORIDE","HUMAN PRESCRIPTION DRUG","06/02/2025","N/A","ANDA","20 TABLET, FILM COATED in 1 BOTTLE (71335-2636-3)","Antihistamine [EPC],  Histamine Receptor Antagonists [MoA]","N/A","No","12/31/2026"
"HYDROXYZINE HYDROCHLORIDE","71335-2636-6","10 mg/1","TABLET, FILM COATED","ORAL","ANDA217652","Bryant Ranch Prepack","71335-2636","hydroxyzine hydrochloride","HYDROXYZINE HYDROCHLORIDE","HUMAN PRESCRIPTION DRUG","06/02/2025","N/A","ANDA","60 TABLET, FILM COATED in 1 BOTTLE (71335-2636-6)","Antihistamine [EPC],  Histamine Receptor Antagonists [MoA]","N/A","No","12/31/2026"
"HYDROXYZINE HYDROCHLORIDE","71335-2636-8","10 mg/1","TABLET, FILM COATED","ORAL","ANDA217652","Bryant Ranch Prepack","71335-2636","hydroxyzine hydrochloride","HYDROXYZINE HYDROCHLORIDE","HUMAN PRESCRIPTION DRUG","06/02/2025","N/A","ANDA","10 TABLET, FILM COATED in 1 BOTTLE (71335-2636-8)","Antihistamine [EPC],  Histamine Receptor Antagonists [MoA]","N/A","No","12/31/2026"
"HYDROXYZINE HYDROCHLORIDE","71335-2636-5","10 mg/1","TABLET, FILM COATED","ORAL","ANDA217652","Bryant Ranch Prepack","71335-2636","hydroxyzine hydrochloride","HYDROXYZINE HYDROCHLORIDE","HUMAN PRESCRIPTION DRUG","06/02/2025","N/A","ANDA","15 TABLET, FILM COATED in 1 BOTTLE (71335-2636-5)","Antihistamine [EPC],  Histamine Receptor Antagonists [MoA]","N/A","No","12/31/2026"
"HYDROXYZINE HYDROCHLORIDE","71335-2636-7","10 mg/1","TABLET, FILM COATED","ORAL","ANDA217652","Bryant Ranch Prepack","71335-2636","hydroxyzine hydrochloride","HYDROXYZINE HYDROCHLORIDE","HUMAN PRESCRIPTION DRUG","06/02/2025","N/A","ANDA","120 TABLET, FILM COATED in 1 BOTTLE (71335-2636-7)","Antihistamine [EPC],  Histamine Receptor Antagonists [MoA]","N/A","No","12/31/2026"
"HYDROXYZINE HYDROCHLORIDE","71335-2636-4","10 mg/1","TABLET, FILM COATED","ORAL","ANDA217652","Bryant Ranch Prepack","71335-2636","hydroxyzine hydrochloride","HYDROXYZINE HYDROCHLORIDE","HUMAN PRESCRIPTION DRUG","06/02/2025","N/A","ANDA","90 TABLET, FILM COATED in 1 BOTTLE (71335-2636-4)","Antihistamine [EPC],  Histamine Receptor Antagonists [MoA]","N/A","No","12/31/2026"
"Hydroxyzine Hydrochloride","71335-2776-2","25 mg/1","TABLET, FILM COATED","ORAL","ANDA087871","Bryant Ranch Prepack","71335-2776","Hydroxyzine Hydrochloride","HYDROXYZINE DIHYDROCHLORIDE","HUMAN PRESCRIPTION DRUG","10/13/2025","N/A","ANDA","60 TABLET, FILM COATED in 1 BOTTLE (71335-2776-2)","Antihistamine [EPC],  Histamine Receptor Antagonists [MoA]","N/A","No","12/31/2026"
"Hydroxyzine Hydrochloride","71335-2776-5","25 mg/1","TABLET, FILM COATED","ORAL","ANDA087871","Bryant Ranch Prepack","71335-2776","Hydroxyzine Hydrochloride","HYDROXYZINE DIHYDROCHLORIDE","HUMAN PRESCRIPTION DRUG","10/13/2025","N/A","ANDA","15 TABLET, FILM COATED in 1 BOTTLE (71335-2776-5)","Antihistamine [EPC],  Histamine Receptor Antagonists [MoA]","N/A","No","12/31/2026"
"Hydroxyzine Hydrochloride","71335-2776-6","25 mg/1","TABLET, FILM COATED","ORAL","ANDA087871","Bryant Ranch Prepack","71335-2776","Hydroxyzine Hydrochloride","HYDROXYZINE DIHYDROCHLORIDE","HUMAN PRESCRIPTION DRUG","10/13/2025","N/A","ANDA","90 TABLET, FILM COATED in 1 BOTTLE (71335-2776-6)","Antihistamine [EPC],  Histamine Receptor Antagonists [MoA]","N/A","No","12/31/2026"
"Hydroxyzine Hydrochloride","71335-2776-8","25 mg/1","TABLET, FILM COATED","ORAL","ANDA087871","Bryant Ranch Prepack","71335-2776","Hydroxyzine Hydrochloride","HYDROXYZINE DIHYDROCHLORIDE","HUMAN PRESCRIPTION DRUG","10/13/2025","N/A","ANDA","10 TABLET, FILM COATED in 1 BOTTLE (71335-2776-8)","Antihistamine [EPC],  Histamine Receptor Antagonists [MoA]","N/A","No","12/31/2026"
"Hydroxyzine Hydrochloride","71335-2776-4","25 mg/1","TABLET, FILM COATED","ORAL","ANDA087871","Bryant Ranch Prepack","71335-2776","Hydroxyzine Hydrochloride","HYDROXYZINE DIHYDROCHLORIDE","HUMAN PRESCRIPTION DRUG","10/13/2025","N/A","ANDA","100 TABLET, FILM COATED in 1 BOTTLE (71335-2776-4)","Antihistamine [EPC],  Histamine Receptor Antagonists [MoA]","N/A","No","12/31/2026"
"Hydroxyzine Hydrochloride","71335-2776-1","25 mg/1","TABLET, FILM COATED","ORAL","ANDA087871","Bryant Ranch Prepack","71335-2776","Hydroxyzine Hydrochloride","HYDROXYZINE DIHYDROCHLORIDE","HUMAN PRESCRIPTION DRUG","10/13/2025","N/A","ANDA","30 TABLET, FILM COATED in 1 BOTTLE (71335-2776-1)","Antihistamine [EPC],  Histamine Receptor Antagonists [MoA]","N/A","No","12/31/2026"
"Hydroxyzine Hydrochloride","71335-2776-7","25 mg/1","TABLET, FILM COATED","ORAL","ANDA087871","Bryant Ranch Prepack","71335-2776","Hydroxyzine Hydrochloride","HYDROXYZINE DIHYDROCHLORIDE","HUMAN PRESCRIPTION DRUG","10/13/2025","N/A","ANDA","19 TABLET, FILM COATED in 1 BOTTLE (71335-2776-7)","Antihistamine [EPC],  Histamine Receptor Antagonists [MoA]","N/A","No","12/31/2026"
"Hydroxyzine Hydrochloride","71335-2776-3","25 mg/1","TABLET, FILM COATED","ORAL","ANDA087871","Bryant Ranch Prepack","71335-2776","Hydroxyzine Hydrochloride","HYDROXYZINE DIHYDROCHLORIDE","HUMAN PRESCRIPTION DRUG","10/13/2025","N/A","ANDA","20 TABLET, FILM COATED in 1 BOTTLE (71335-2776-3)","Antihistamine [EPC],  Histamine Receptor Antagonists [MoA]","N/A","No","12/31/2026"
"Hydroxyzine Hydrochloride","71335-3034-1","10 mg/1","TABLET, FILM COATED","ORAL","ANDA087871","Bryant Ranch Prepack","71335-3034","Hydroxyzine Hydrochloride","HYDROXYZINE DIHYDROCHLORIDE","HUMAN PRESCRIPTION DRUG","12/03/2025","N/A","ANDA","500 TABLET, FILM COATED in 1 BOTTLE (71335-3034-1)","Antihistamine [EPC],  Histamine Receptor Antagonists [MoA]","N/A","No","12/31/2026"
"Hydroxyzine Hydrochloride","71335-3035-1","25 mg/1","TABLET, FILM COATED","ORAL","ANDA087871","Bryant Ranch Prepack","71335-3035","Hydroxyzine Hydrochloride","HYDROXYZINE HYDROCHLORIDE","HUMAN PRESCRIPTION DRUG","12/03/2025","N/A","ANDA","1000 TABLET, FILM COATED in 1 BOTTLE (71335-3035-1)","Antihistamine [EPC],  Histamine Receptor Antagonists [MoA]","N/A","No","12/31/2027"
"Hydroxyzine Hydrochloride","71335-3036-1","50 mg/1","TABLET, FILM COATED","ORAL","ANDA087871","Bryant Ranch Prepack","71335-3036","Hydroxyzine Hydrochloride","HYDROXYZINE DIHYDROCHLORIDE","HUMAN PRESCRIPTION DRUG","12/03/2025","N/A","ANDA","1000 TABLET, FILM COATED in 1 BOTTLE (71335-3036-1)","Antihistamine [EPC],  Histamine Receptor Antagonists [MoA]","N/A","No","12/31/2026"
"HYDROXYZINE HYDROCHLORIDE","71335-3061-5","25 mg/1","TABLET, FILM COATED","ORAL","ANDA217652","Bryant Ranch Prepack","71335-3061","hydroxyzine hydrochloride","HYDROXYZINE HYDROCHLORIDE","HUMAN PRESCRIPTION DRUG","07/02/2026","N/A","ANDA","15 TABLET, FILM COATED in 1 BOTTLE (71335-3061-5)","Antihistamine [EPC],  Histamine Receptor Antagonists [MoA]","N/A","No","12/31/2027"
"HYDROXYZINE HYDROCHLORIDE","71335-3061-4","25 mg/1","TABLET, FILM COATED","ORAL","ANDA217652","Bryant Ranch Prepack","71335-3061","hydroxyzine hydrochloride","HYDROXYZINE HYDROCHLORIDE","HUMAN PRESCRIPTION DRUG","07/02/2026","N/A","ANDA","100 TABLET, FILM COATED in 1 BOTTLE (71335-3061-4)","Antihistamine [EPC],  Histamine Receptor Antagonists [MoA]","N/A","No","12/31/2027"
"HYDROXYZINE HYDROCHLORIDE","71335-3061-7","25 mg/1","TABLET, FILM COATED","ORAL","ANDA217652","Bryant Ranch Prepack","71335-3061","hydroxyzine hydrochloride","HYDROXYZINE HYDROCHLORIDE","HUMAN PRESCRIPTION DRUG","07/02/2026","N/A","ANDA","19 TABLET, FILM COATED in 1 BOTTLE (71335-3061-7)","Antihistamine [EPC],  Histamine Receptor Antagonists [MoA]","N/A","No","12/31/2027"
"HYDROXYZINE HYDROCHLORIDE","71335-3061-2","25 mg/1","TABLET, FILM COATED","ORAL","ANDA217652","Bryant Ranch Prepack","71335-3061","hydroxyzine hydrochloride","HYDROXYZINE HYDROCHLORIDE","HUMAN PRESCRIPTION DRUG","07/02/2026","N/A","ANDA","60 TABLET, FILM COATED in 1 BOTTLE (71335-3061-2)","Antihistamine [EPC],  Histamine Receptor Antagonists [MoA]","N/A","No","12/31/2027"
"HYDROXYZINE HYDROCHLORIDE","71335-3061-3","25 mg/1","TABLET, FILM COATED","ORAL","ANDA217652","Bryant Ranch Prepack","71335-3061","hydroxyzine hydrochloride","HYDROXYZINE HYDROCHLORIDE","HUMAN PRESCRIPTION DRUG","07/02/2026","N/A","ANDA","20 TABLET, FILM COATED in 1 BOTTLE (71335-3061-3)","Antihistamine [EPC],  Histamine Receptor Antagonists [MoA]","N/A","No","12/31/2027"
"HYDROXYZINE HYDROCHLORIDE","71335-3061-6","25 mg/1","TABLET, FILM COATED","ORAL","ANDA217652","Bryant Ranch Prepack","71335-3061","hydroxyzine hydrochloride","HYDROXYZINE HYDROCHLORIDE","HUMAN PRESCRIPTION DRUG","07/02/2026","N/A","ANDA","90 TABLET, FILM COATED in 1 BOTTLE (71335-3061-6)","Antihistamine [EPC],  Histamine Receptor Antagonists [MoA]","N/A","No","12/31/2027"
"HYDROXYZINE HYDROCHLORIDE","71335-3061-1","25 mg/1","TABLET, FILM COATED","ORAL","ANDA217652","Bryant Ranch Prepack","71335-3061","hydroxyzine hydrochloride","HYDROXYZINE HYDROCHLORIDE","HUMAN PRESCRIPTION DRUG","07/02/2026","N/A","ANDA","30 TABLET, FILM COATED in 1 BOTTLE (71335-3061-1)","Antihistamine [EPC],  Histamine Receptor Antagonists [MoA]","N/A","No","12/31/2027"
"HYDROXYZINE HYDROCHLORIDE","71335-3061-8","25 mg/1","TABLET, FILM COATED","ORAL","ANDA217652","Bryant Ranch Prepack","71335-3061","hydroxyzine hydrochloride","HYDROXYZINE HYDROCHLORIDE","HUMAN PRESCRIPTION DRUG","07/02/2026","N/A","ANDA","10 TABLET, FILM COATED in 1 BOTTLE (71335-3061-8)","Antihistamine [EPC],  Histamine Receptor Antagonists [MoA]","N/A","No","12/31/2027"
"Hydroxyzine Hydrochloride","71335-3088-7","10 mg/1","TABLET, FILM COATED","ORAL","ANDA087871","Bryant Ranch Prepack","71335-3088","Hydroxyzine Hydrochloride","HYDROXYZINE DIHYDROCHLORIDE","HUMAN PRESCRIPTION DRUG","02/17/2026","N/A","ANDA","120 TABLET, FILM COATED in 1 BOTTLE (71335-3088-7)","Antihistamine [EPC],  Histamine Receptor Antagonists [MoA]","N/A","No","12/31/2027"
"Hydroxyzine Hydrochloride","71335-3088-6","10 mg/1","TABLET, FILM COATED","ORAL","ANDA087871","Bryant Ranch Prepack","71335-3088","Hydroxyzine Hydrochloride","HYDROXYZINE DIHYDROCHLORIDE","HUMAN PRESCRIPTION DRUG","02/17/2026","N/A","ANDA","60 TABLET, FILM COATED in 1 BOTTLE (71335-3088-6)","Antihistamine [EPC],  Histamine Receptor Antagonists [MoA]","N/A","No","12/31/2027"
"Hydroxyzine Hydrochloride","71335-3088-3","10 mg/1","TABLET, FILM COATED","ORAL","ANDA087871","Bryant Ranch Prepack","71335-3088","Hydroxyzine Hydrochloride","HYDROXYZINE DIHYDROCHLORIDE","HUMAN PRESCRIPTION DRUG","02/17/2026","N/A","ANDA","20 TABLET, FILM COATED in 1 BOTTLE (71335-3088-3)","Antihistamine [EPC],  Histamine Receptor Antagonists [MoA]","N/A","No","12/31/2027"
"Hydroxyzine Hydrochloride","71335-3088-8","10 mg/1","TABLET, FILM COATED","ORAL","ANDA087871","Bryant Ranch Prepack","71335-3088","Hydroxyzine Hydrochloride","HYDROXYZINE DIHYDROCHLORIDE","HUMAN PRESCRIPTION DRUG","02/17/2026","N/A","ANDA","10 TABLET, FILM COATED in 1 BOTTLE (71335-3088-8)","Antihistamine [EPC],  Histamine Receptor Antagonists [MoA]","N/A","No","12/31/2027"
"Hydroxyzine Hydrochloride","71335-3088-1","10 mg/1","TABLET, FILM COATED","ORAL","ANDA087871","Bryant Ranch Prepack","71335-3088","Hydroxyzine Hydrochloride","HYDROXYZINE DIHYDROCHLORIDE","HUMAN PRESCRIPTION DRUG","02/17/2026","N/A","ANDA","30 TABLET, FILM COATED in 1 BOTTLE (71335-3088-1)","Antihistamine [EPC],  Histamine Receptor Antagonists [MoA]","N/A","No","12/31/2027"
"Hydroxyzine Hydrochloride","71335-3088-4","10 mg/1","TABLET, FILM COATED","ORAL","ANDA087871","Bryant Ranch Prepack","71335-3088","Hydroxyzine Hydrochloride","HYDROXYZINE DIHYDROCHLORIDE","HUMAN PRESCRIPTION DRUG","02/17/2026","N/A","ANDA","90 TABLET, FILM COATED in 1 BOTTLE (71335-3088-4)","Antihistamine [EPC],  Histamine Receptor Antagonists [MoA]","N/A","No","12/31/2027"
"Hydroxyzine Hydrochloride","71335-3088-5","10 mg/1","TABLET, FILM COATED","ORAL","ANDA087871","Bryant Ranch Prepack","71335-3088","Hydroxyzine Hydrochloride","HYDROXYZINE DIHYDROCHLORIDE","HUMAN PRESCRIPTION DRUG","02/17/2026","N/A","ANDA","15 TABLET, FILM COATED in 1 BOTTLE (71335-3088-5)","Antihistamine [EPC],  Histamine Receptor Antagonists [MoA]","N/A","No","12/31/2027"
"Hydroxyzine Hydrochloride","71335-3088-2","10 mg/1","TABLET, FILM COATED","ORAL","ANDA087871","Bryant Ranch Prepack","71335-3088","Hydroxyzine Hydrochloride","HYDROXYZINE DIHYDROCHLORIDE","HUMAN PRESCRIPTION DRUG","02/17/2026","N/A","ANDA","100 TABLET, FILM COATED in 1 BOTTLE (71335-3088-2)","Antihistamine [EPC],  Histamine Receptor Antagonists [MoA]","N/A","No","12/31/2027"
"HydrOXYzine Hydrochloride","71610-686-60","25 mg/1","TABLET","ORAL","ANDA040840","Aphena Pharma Solutions - Tennessee, LLC","71610-686","HydrOXYzine Hydrochloride","HYDROXYZINE DIHYDROCHLORIDE","HUMAN PRESCRIPTION DRUG","01/19/2023","N/A","ANDA","90 TABLET in 1 BOTTLE (71610-686-60)","Antihistamine [EPC],  Histamine Receptor Antagonists [MoA]","N/A","No","12/31/2026"
"HydrOXYzine Hydrochloride","71610-686-53","25 mg/1","TABLET","ORAL","ANDA040840","Aphena Pharma Solutions - Tennessee, LLC","71610-686","HydrOXYzine Hydrochloride","HYDROXYZINE DIHYDROCHLORIDE","HUMAN PRESCRIPTION DRUG","01/19/2023","N/A","ANDA","60 TABLET in 1 BOTTLE (71610-686-53)","Antihistamine [EPC],  Histamine Receptor Antagonists [MoA]","N/A","No","12/31/2026"
"HydrOXYzine Hydrochloride","71610-686-80","25 mg/1","TABLET","ORAL","ANDA040840","Aphena Pharma Solutions - Tennessee, LLC","71610-686","HydrOXYzine Hydrochloride","HYDROXYZINE DIHYDROCHLORIDE","HUMAN PRESCRIPTION DRUG","01/19/2023","N/A","ANDA","180 TABLET in 1 BOTTLE (71610-686-80)","Antihistamine [EPC],  Histamine Receptor Antagonists [MoA]","N/A","No","12/31/2026"
"Hydroxyzine Hydrochloride","71610-735-30","25 mg/1","TABLET, FILM COATED","ORAL","ANDA040602","Aphena Pharma Solutions - Tennessee, LLC","71610-735","Hydroxyzine Hydrochloride","HYDROXYZINE DIHYDROCHLORIDE","HUMAN PRESCRIPTION DRUG","09/14/2023","N/A","ANDA","30 TABLET, FILM COATED in 1 BOTTLE (71610-735-30)","Antihistamine [EPC],  Histamine Receptor Antagonists [MoA]","N/A","No","12/31/2026"
"Hydroxyzine Hydrochloride","71610-735-60","25 mg/1","TABLET, FILM COATED","ORAL","ANDA040602","Aphena Pharma Solutions - Tennessee, LLC","71610-735","Hydroxyzine Hydrochloride","HYDROXYZINE DIHYDROCHLORIDE","HUMAN PRESCRIPTION DRUG","09/14/2023","N/A","ANDA","90 TABLET, FILM COATED in 1 BOTTLE (71610-735-60)","Antihistamine [EPC],  Histamine Receptor Antagonists [MoA]","N/A","No","12/31/2026"
"Hydroxyzine Hydrochloride","71610-735-80","25 mg/1","TABLET, FILM COATED","ORAL","ANDA040602","Aphena Pharma Solutions - Tennessee, LLC","71610-735","Hydroxyzine Hydrochloride","HYDROXYZINE DIHYDROCHLORIDE","HUMAN PRESCRIPTION DRUG","09/14/2023","N/A","ANDA","180 TABLET, FILM COATED in 1 BOTTLE (71610-735-80)","Antihistamine [EPC],  Histamine Receptor Antagonists [MoA]","N/A","No","12/31/2026"
"Hydroxyzine Hydrochloride","71610-735-53","25 mg/1","TABLET, FILM COATED","ORAL","ANDA040602","Aphena Pharma Solutions - Tennessee, LLC","71610-735","Hydroxyzine Hydrochloride","HYDROXYZINE DIHYDROCHLORIDE","HUMAN PRESCRIPTION DRUG","09/14/2023","N/A","ANDA","60 TABLET, FILM COATED in 1 BOTTLE (71610-735-53)","Antihistamine [EPC],  Histamine Receptor Antagonists [MoA]","N/A","No","12/31/2026"
"Hydroxyzine Hydrochloride","71610-735-70","25 mg/1","TABLET, FILM COATED","ORAL","ANDA040602","Aphena Pharma Solutions - Tennessee, LLC","71610-735","Hydroxyzine Hydrochloride","HYDROXYZINE DIHYDROCHLORIDE","HUMAN PRESCRIPTION DRUG","09/14/2023","N/A","ANDA","120 TABLET, FILM COATED in 1 BOTTLE (71610-735-70)","Antihistamine [EPC],  Histamine Receptor Antagonists [MoA]","N/A","No","12/31/2026"
"Hydroxyzine hydrochloride","71610-844-60","25 mg/1","TABLET","ORAL","ANDA204279","Aphena Pharma Solutions - Tennessee, LLC","71610-844","Hydroxyzine hydrochloride","HYDROXYZINE DIHYDROCHLORIDE","HUMAN PRESCRIPTION DRUG","06/28/2024","N/A","ANDA","90 TABLET in 1 BOTTLE (71610-844-60)","Antihistamine [EPC],  Histamine Receptor Antagonists [MoA]","N/A","No","12/31/2026"
"Hydroxyzine hydrochloride","71610-844-53","25 mg/1","TABLET","ORAL","ANDA204279","Aphena Pharma Solutions - Tennessee, LLC","71610-844","Hydroxyzine hydrochloride","HYDROXYZINE DIHYDROCHLORIDE","HUMAN PRESCRIPTION DRUG","06/28/2024","N/A","ANDA","60 TABLET in 1 BOTTLE (71610-844-53)","Antihistamine [EPC],  Histamine Receptor Antagonists [MoA]","N/A","No","12/31/2026"
"Hydroxyzine hydrochloride","71610-844-80","25 mg/1","TABLET","ORAL","ANDA204279","Aphena Pharma Solutions - Tennessee, LLC","71610-844","Hydroxyzine hydrochloride","HYDROXYZINE DIHYDROCHLORIDE","HUMAN PRESCRIPTION DRUG","06/28/2024","N/A","ANDA","180 TABLET in 1 BOTTLE (71610-844-80)","Antihistamine [EPC],  Histamine Receptor Antagonists [MoA]","N/A","No","12/31/2026"
"Hydroxyzine hydrochloride","71610-851-70","25 mg/1","TABLET","ORAL","ANDA204279","Aphena Pharma Solutions - Tennessee, LLC","71610-851","Hydroxyzine hydrochloride","HYDROXYZINE DIHYDROCHLORIDE","HUMAN PRESCRIPTION DRUG","08/22/2024","N/A","ANDA","120 TABLET in 1 BOTTLE (71610-851-70)","Antihistamine [EPC],  Histamine Receptor Antagonists [MoA]","N/A","No","12/31/2026"
"Hydroxyzine hydrochloride","71610-851-53","25 mg/1","TABLET","ORAL","ANDA204279","Aphena Pharma Solutions - Tennessee, LLC","71610-851","Hydroxyzine hydrochloride","HYDROXYZINE DIHYDROCHLORIDE","HUMAN PRESCRIPTION DRUG","08/22/2024","N/A","ANDA","60 TABLET in 1 BOTTLE (71610-851-53)","Antihistamine [EPC],  Histamine Receptor Antagonists [MoA]","N/A","No","12/31/2026"
"Hydroxyzine hydrochloride","71610-851-30","25 mg/1","TABLET","ORAL","ANDA204279","Aphena Pharma Solutions - Tennessee, LLC","71610-851","Hydroxyzine hydrochloride","HYDROXYZINE DIHYDROCHLORIDE","HUMAN PRESCRIPTION DRUG","08/22/2024","N/A","ANDA","30 TABLET in 1 BOTTLE (71610-851-30)","Antihistamine [EPC],  Histamine Receptor Antagonists [MoA]","N/A","No","12/31/2026"
"Hydroxyzine hydrochloride","71610-851-60","25 mg/1","TABLET","ORAL","ANDA204279","Aphena Pharma Solutions - Tennessee, LLC","71610-851","Hydroxyzine hydrochloride","HYDROXYZINE DIHYDROCHLORIDE","HUMAN PRESCRIPTION DRUG","08/22/2024","N/A","ANDA","90 TABLET in 1 BOTTLE (71610-851-60)","Antihistamine [EPC],  Histamine Receptor Antagonists [MoA]","N/A","No","12/31/2026"
"Hydroxyzine hydrochloride","71610-851-80","25 mg/1","TABLET","ORAL","ANDA204279","Aphena Pharma Solutions - Tennessee, LLC","71610-851","Hydroxyzine hydrochloride","HYDROXYZINE DIHYDROCHLORIDE","HUMAN PRESCRIPTION DRUG","08/22/2024","N/A","ANDA","180 TABLET in 1 BOTTLE (71610-851-80)","Antihistamine [EPC],  Histamine Receptor Antagonists [MoA]","N/A","No","12/31/2026"
"Hydroxyzine Hydrochloride","71656-090-16","10 mg/5mL","SOLUTION","ORAL","ANDA220271","Saptalis Pharmaceuticals, LLC.","71656-090","Hydroxyzine Hydrochloride","HYDROXYZINE HYDROCHLORIDE","HUMAN PRESCRIPTION DRUG","06/17/2026","N/A","ANDA","473 mL in 1 BOTTLE (71656-090-16)","Antihistamine [EPC],  Histamine Receptor Antagonists [MoA]","N/A","No","12/31/2027"
"Hydroxyzine Hydrochloride","72162-1332-9","10 mg/1","TABLET, FILM COATED","ORAL","ANDA040600","Bryant Ranch Prepack","72162-1332","Hydroxyzine Hydrochloride","HYDROXYZINE DIHYDROCHLORIDE","HUMAN PRESCRIPTION DRUG","04/08/2024","N/A","ANDA","90 TABLET, FILM COATED in 1 BOTTLE (72162-1332-9)","Antihistamine [EPC],  Histamine Receptor Antagonists [MoA]","N/A","No","12/31/2026"
"Hydroxyzine Hydrochloride","72162-1332-3","10 mg/1","TABLET, FILM COATED","ORAL","ANDA040600","Bryant Ranch Prepack","72162-1332","Hydroxyzine Hydrochloride","HYDROXYZINE DIHYDROCHLORIDE","HUMAN PRESCRIPTION DRUG","04/08/2024","N/A","ANDA","30 TABLET, FILM COATED in 1 BOTTLE (72162-1332-3)","Antihistamine [EPC],  Histamine Receptor Antagonists [MoA]","N/A","No","12/31/2026"
"Hydroxyzine Hydrochloride","72162-1333-9","25 mg/1","TABLET, FILM COATED","ORAL","ANDA040602","Bryant Ranch Prepack","72162-1333","Hydroxyzine Hydrochloride","HYDROXYZINE DIHYDROCHLORIDE","HUMAN PRESCRIPTION DRUG","04/08/2024","N/A","ANDA","90 TABLET, FILM COATED in 1 BOTTLE (72162-1333-9)","Antihistamine [EPC],  Histamine Receptor Antagonists [MoA]","N/A","No","12/31/2026"
"Hydroxyzine Hydrochloride","72162-1333-8","25 mg/1","TABLET, FILM COATED","ORAL","ANDA040602","Bryant Ranch Prepack","72162-1333","Hydroxyzine Hydrochloride","HYDROXYZINE DIHYDROCHLORIDE","HUMAN PRESCRIPTION DRUG","04/08/2024","N/A","ANDA","10 TABLET, FILM COATED in 1 BOTTLE (72162-1333-8)","Antihistamine [EPC],  Histamine Receptor Antagonists [MoA]","N/A","No","12/31/2026"
"Hydroxyzine Hydrochloride","72162-1333-5","25 mg/1","TABLET, FILM COATED","ORAL","ANDA040602","Bryant Ranch Prepack","72162-1333","Hydroxyzine Hydrochloride","HYDROXYZINE DIHYDROCHLORIDE","HUMAN PRESCRIPTION DRUG","04/08/2024","N/A","ANDA","500 TABLET, FILM COATED in 1 BOTTLE (72162-1333-5)","Antihistamine [EPC],  Histamine Receptor Antagonists [MoA]","N/A","No","12/31/2026"
"Hydroxyzine Hydrochloride","72162-1333-3","25 mg/1","TABLET, FILM COATED","ORAL","ANDA040602","Bryant Ranch Prepack","72162-1333","Hydroxyzine Hydrochloride","HYDROXYZINE DIHYDROCHLORIDE","HUMAN PRESCRIPTION DRUG","04/08/2024","N/A","ANDA","30 TABLET, FILM COATED in 1 BOTTLE (72162-1333-3)","Antihistamine [EPC],  Histamine Receptor Antagonists [MoA]","N/A","No","12/31/2026"
"Hydroxyzine Hydrochloride","72162-1333-6","25 mg/1","TABLET, FILM COATED","ORAL","ANDA040602","Bryant Ranch Prepack","72162-1333","Hydroxyzine Hydrochloride","HYDROXYZINE DIHYDROCHLORIDE","HUMAN PRESCRIPTION DRUG","04/08/2024","N/A","ANDA","60 TABLET, FILM COATED in 1 BOTTLE (72162-1333-6)","Antihistamine [EPC],  Histamine Receptor Antagonists [MoA]","N/A","No","12/31/2026"
"Hydroxyzine Hydrochloride","72162-1333-2","25 mg/1","TABLET, FILM COATED","ORAL","ANDA040602","Bryant Ranch Prepack","72162-1333","Hydroxyzine Hydrochloride","HYDROXYZINE DIHYDROCHLORIDE","HUMAN PRESCRIPTION DRUG","04/08/2024","N/A","ANDA","20 TABLET, FILM COATED in 1 BOTTLE (72162-1333-2)","Antihistamine [EPC],  Histamine Receptor Antagonists [MoA]","N/A","No","12/31/2026"
"Hydroxyzine Hydrochloride","72162-1333-4","25 mg/1","TABLET, FILM COATED","ORAL","ANDA040602","Bryant Ranch Prepack","72162-1333","Hydroxyzine Hydrochloride","HYDROXYZINE DIHYDROCHLORIDE","HUMAN PRESCRIPTION DRUG","04/08/2024","N/A","ANDA","15 TABLET, FILM COATED in 1 BOTTLE (72162-1333-4)","Antihistamine [EPC],  Histamine Receptor Antagonists [MoA]","N/A","No","12/31/2026"
"Hydroxyzine Hydrochloride","72162-2167-0","50 mg/1","TABLET, FILM COATED","ORAL","ANDA040604","Bryant Ranch Prepack","72162-2167","Hydroxyzine Hydrochloride","HYDROXYZINE DIHYDROCHLORIDE","HUMAN PRESCRIPTION DRUG","12/07/2023","N/A","ANDA","1000 TABLET, FILM COATED in 1 BOTTLE (72162-2167-0)","Antihistamine [EPC],  Histamine Receptor Antagonists [MoA]","N/A","No","12/31/2026"
"Hydroxyzine Hydrochloride","72162-2511-1","10 mg/1","TABLET, FILM COATED","ORAL","ANDA087871","Bryant Ranch Prepack","72162-2511","Hydroxyzine Hydrochloride","HYDROXYZINE DIHYDROCHLORIDE","HUMAN PRESCRIPTION DRUG","05/23/2025","N/A","ANDA","100 TABLET, FILM COATED in 1 BOTTLE (72162-2511-1)","Antihistamine [EPC],  Histamine Receptor Antagonists [MoA]","N/A","No","12/31/2026"
"Hydroxyzine Hydrochloride","72162-2511-5","10 mg/1","TABLET, FILM COATED","ORAL","ANDA087871","Bryant Ranch Prepack","72162-2511","Hydroxyzine Hydrochloride","HYDROXYZINE DIHYDROCHLORIDE","HUMAN PRESCRIPTION DRUG","05/23/2025","N/A","ANDA","500 TABLET, FILM COATED in 1 BOTTLE (72162-2511-5)","Antihistamine [EPC],  Histamine Receptor Antagonists [MoA]","N/A","No","12/31/2026"
"Hydroxyzine Hydrochloride","72162-2512-1","25 mg/1","TABLET, FILM COATED","ORAL","ANDA087871","Bryant Ranch Prepack","72162-2512","Hydroxyzine Hydrochloride","HYDROXYZINE DIHYDROCHLORIDE","HUMAN PRESCRIPTION DRUG","05/23/2025","N/A","ANDA","100 TABLET, FILM COATED in 1 BOTTLE (72162-2512-1)","Antihistamine [EPC],  Histamine Receptor Antagonists [MoA]","N/A","No","12/31/2026"
"Hydroxyzine Hydrochloride","72162-2512-0","25 mg/1","TABLET, FILM COATED","ORAL","ANDA087871","Bryant Ranch Prepack","72162-2512","Hydroxyzine Hydrochloride","HYDROXYZINE DIHYDROCHLORIDE","HUMAN PRESCRIPTION DRUG","05/23/2025","N/A","ANDA","1000 TABLET, FILM COATED in 1 BOTTLE (72162-2512-0)","Antihistamine [EPC],  Histamine Receptor Antagonists [MoA]","N/A","No","12/31/2026"
"Hydroxyzine Hydrochloride","72162-2512-5","25 mg/1","TABLET, FILM COATED","ORAL","ANDA087871","Bryant Ranch Prepack","72162-2512","Hydroxyzine Hydrochloride","HYDROXYZINE DIHYDROCHLORIDE","HUMAN PRESCRIPTION DRUG","05/23/2025","N/A","ANDA","500 TABLET, FILM COATED in 1 BOTTLE (72162-2512-5)","Antihistamine [EPC],  Histamine Receptor Antagonists [MoA]","N/A","No","12/31/2026"
"Hydroxyzine Hydrochloride","72162-2513-1","50 mg/1","TABLET, FILM COATED","ORAL","ANDA087871","Bryant Ranch Prepack","72162-2513","Hydroxyzine Hydrochloride","HYDROXYZINE DIHYDROCHLORIDE","HUMAN PRESCRIPTION DRUG","05/23/2025","N/A","ANDA","100 TABLET, FILM COATED in 1 BOTTLE (72162-2513-1)","Antihistamine [EPC],  Histamine Receptor Antagonists [MoA]","N/A","No","12/31/2026"
"Hydroxyzine Hydrochloride","72162-2513-0","50 mg/1","TABLET, FILM COATED","ORAL","ANDA087871","Bryant Ranch Prepack","72162-2513","Hydroxyzine Hydrochloride","HYDROXYZINE DIHYDROCHLORIDE","HUMAN PRESCRIPTION DRUG","05/23/2025","N/A","ANDA","1000 TABLET, FILM COATED in 1 BOTTLE (72162-2513-0)","Antihistamine [EPC],  Histamine Receptor Antagonists [MoA]","N/A","No","12/31/2026"
"Hydroxyzine Hydrochloride","72162-2513-5","50 mg/1","TABLET, FILM COATED","ORAL","ANDA087871","Bryant Ranch Prepack","72162-2513","Hydroxyzine Hydrochloride","HYDROXYZINE DIHYDROCHLORIDE","HUMAN PRESCRIPTION DRUG","05/23/2025","N/A","ANDA","500 TABLET, FILM COATED in 1 BOTTLE (72162-2513-5)","Antihistamine [EPC],  Histamine Receptor Antagonists [MoA]","N/A","No","12/31/2026"
"HYDROXYZINE HYDROCHLORIDE","72189-333-72","10 mg/1","TABLET","ORAL","ANDA204279","Direct Rx","72189-333","HYDROXYZINE HYDROCHLORIDE","HYDROXYZINE DIHYDROCHLORIDE","HUMAN PRESCRIPTION DRUG","03/03/2022","N/A","ANDA","120 TABLET in 1 BOTTLE (72189-333-72)","Antihistamine [EPC],  Histamine Receptor Antagonists [MoA]","N/A","No","12/31/2026"
"HYDROXYZINE HYDROCHLORIDE","72189-333-30","10 mg/1","TABLET","ORAL","ANDA204279","Direct Rx","72189-333","HYDROXYZINE HYDROCHLORIDE","HYDROXYZINE DIHYDROCHLORIDE","HUMAN PRESCRIPTION DRUG","03/03/2022","N/A","ANDA","30 TABLET in 1 BOTTLE (72189-333-30)","Antihistamine [EPC],  Histamine Receptor Antagonists [MoA]","N/A","No","12/31/2026"
"Hydroxyzine Hydrochloride","72789-216-12","25 mg/1","TABLET, FILM COATED","ORAL","ANDA088618","PD-Rx Pharmaceuticals, Inc.","72789-216","Hydroxyzine Hydrochloride","HYDROXYZINE DIHYDROCHLORIDE","HUMAN PRESCRIPTION DRUG","02/14/2022","N/A","ANDA","12 TABLET, FILM COATED in 1 BOTTLE, PLASTIC (72789-216-12)","Antihistamine [EPC],  Histamine Receptor Antagonists [MoA]","N/A","No","12/31/2026"
"Hydroxyzine Hydrochloride","72789-216-30","25 mg/1","TABLET, FILM COATED","ORAL","ANDA088618","PD-Rx Pharmaceuticals, Inc.","72789-216","Hydroxyzine Hydrochloride","HYDROXYZINE DIHYDROCHLORIDE","HUMAN PRESCRIPTION DRUG","11/30/2021","N/A","ANDA","30 TABLET, FILM COATED in 1 BOTTLE, PLASTIC (72789-216-30)","Antihistamine [EPC],  Histamine Receptor Antagonists [MoA]","N/A","No","12/31/2026"
"Hydroxyzine Hydrochloride","72789-216-60","25 mg/1","TABLET, FILM COATED","ORAL","ANDA088618","PD-Rx Pharmaceuticals, Inc.","72789-216","Hydroxyzine Hydrochloride","HYDROXYZINE DIHYDROCHLORIDE","HUMAN PRESCRIPTION DRUG","06/24/2022","N/A","ANDA","60 TABLET, FILM COATED in 1 BOTTLE, PLASTIC (72789-216-60)","Antihistamine [EPC],  Histamine Receptor Antagonists [MoA]","N/A","No","12/31/2026"
"Hydroxyzine Hydrochloride","72789-216-90","25 mg/1","TABLET, FILM COATED","ORAL","ANDA088618","PD-Rx Pharmaceuticals, Inc.","72789-216","Hydroxyzine Hydrochloride","HYDROXYZINE DIHYDROCHLORIDE","HUMAN PRESCRIPTION DRUG","12/08/2021","N/A","ANDA","90 TABLET, FILM COATED in 1 BOTTLE, PLASTIC (72789-216-90)","Antihistamine [EPC],  Histamine Receptor Antagonists [MoA]","N/A","No","12/31/2026"
"Hydroxyzine Hydrochloride","72789-216-40","25 mg/1","TABLET, FILM COATED","ORAL","ANDA088618","PD-Rx Pharmaceuticals, Inc.","72789-216","Hydroxyzine Hydrochloride","HYDROXYZINE DIHYDROCHLORIDE","HUMAN PRESCRIPTION DRUG","11/18/2021","N/A","ANDA","40 TABLET, FILM COATED in 1 BOTTLE, PLASTIC (72789-216-40)","Antihistamine [EPC],  Histamine Receptor Antagonists [MoA]","N/A","No","12/31/2026"
"Hydroxyzine Hydrochloride","72789-216-20","25 mg/1","TABLET, FILM COATED","ORAL","ANDA088618","PD-Rx Pharmaceuticals, Inc.","72789-216","Hydroxyzine Hydrochloride","HYDROXYZINE DIHYDROCHLORIDE","HUMAN PRESCRIPTION DRUG","03/24/2022","N/A","ANDA","20 TABLET, FILM COATED in 1 BOTTLE, PLASTIC (72789-216-20)","Antihistamine [EPC],  Histamine Receptor Antagonists [MoA]","N/A","No","12/31/2026"
"Hydroxyzine Hydrochloride","72789-216-04","25 mg/1","TABLET, FILM COATED","ORAL","ANDA088618","PD-Rx Pharmaceuticals, Inc.","72789-216","Hydroxyzine Hydrochloride","HYDROXYZINE DIHYDROCHLORIDE","HUMAN PRESCRIPTION DRUG","08/17/2023","N/A","ANDA","4 TABLET, FILM COATED in 1 BOTTLE, PLASTIC (72789-216-04)","Antihistamine [EPC],  Histamine Receptor Antagonists [MoA]","N/A","No","12/31/2026"
"Hydroxyzine Hydrochloride","72789-269-30","50 mg/1","TABLET, FILM COATED","ORAL","ANDA088619","PD-Rx Pharmaceuticals, Inc.","72789-269","Hydroxyzine Hydrochloride","HYDROXYZINE DIHYDROCHLORIDE","HUMAN PRESCRIPTION DRUG","08/16/2022","N/A","ANDA","30 TABLET, FILM COATED in 1 BOTTLE, PLASTIC (72789-269-30)","Antihistamine [EPC],  Histamine Receptor Antagonists [MoA]","N/A","No","12/31/2026"
"Hydroxyzine Hydrochloride","72789-271-30","10 mg/1","TABLET, FILM COATED","ORAL","ANDA088617","PD-Rx Pharmaceuticals, Inc.","72789-271","Hydroxyzine Hydrochloride","HYDROXYZINE DIHYDROCHLORIDE","HUMAN PRESCRIPTION DRUG","09/07/2022","N/A","ANDA","30 TABLET, FILM COATED in 1 BOTTLE, PLASTIC (72789-271-30)","Antihistamine [EPC],  Histamine Receptor Antagonists [MoA]","N/A","No","12/31/2026"
"Hydroxyzine hydrochloride","72789-378-30","50 mg/1","TABLET","ORAL","ANDA204279","PD-Rx Pharmaceuticals, Inc.","72789-378","Hydroxyzine hydrochloride","HYDROXYZINE DIHYDROCHLORIDE","HUMAN PRESCRIPTION DRUG","02/02/2024","N/A","ANDA","30 TABLET in 1 BOTTLE, PLASTIC (72789-378-30)","Antihistamine [EPC],  Histamine Receptor Antagonists [MoA]","N/A","No","12/31/2026"
"Hydroxyzine hydrochloride","76420-881-60","10 mg/1","TABLET","ORAL","ANDA204279","Asclemed USA, Inc.","76420-881","Hydroxyzine hydrochloride","HYDROXYZINE DIHYDROCHLORIDE","HUMAN PRESCRIPTION DRUG","12/17/2024","N/A","ANDA","60 TABLET in 1 BOTTLE (76420-881-60)","Antihistamine [EPC],  Histamine Receptor Antagonists [MoA]","N/A","No","12/31/2026"
"Hydroxyzine hydrochloride","76420-881-30","10 mg/1","TABLET","ORAL","ANDA204279","Asclemed USA, Inc.","76420-881","Hydroxyzine hydrochloride","HYDROXYZINE DIHYDROCHLORIDE","HUMAN PRESCRIPTION DRUG","12/17/2024","N/A","ANDA","30 TABLET in 1 BOTTLE (76420-881-30)","Antihistamine [EPC],  Histamine Receptor Antagonists [MoA]","N/A","No","12/31/2026"
"Hydroxyzine hydrochloride","76420-881-90","10 mg/1","TABLET","ORAL","ANDA204279","Asclemed USA, Inc.","76420-881","Hydroxyzine hydrochloride","HYDROXYZINE DIHYDROCHLORIDE","HUMAN PRESCRIPTION DRUG","12/17/2024","N/A","ANDA","90 TABLET in 1 BOTTLE (76420-881-90)","Antihistamine [EPC],  Histamine Receptor Antagonists [MoA]","N/A","No","12/31/2026"
"Hydroxyzine hydrochloride","76420-881-10","10 mg/1","TABLET","ORAL","ANDA204279","Asclemed USA, Inc.","76420-881","Hydroxyzine hydrochloride","HYDROXYZINE DIHYDROCHLORIDE","HUMAN PRESCRIPTION DRUG","12/17/2024","N/A","ANDA","1000 TABLET in 1 BOTTLE (76420-881-10)","Antihistamine [EPC],  Histamine Receptor Antagonists [MoA]","N/A","No","12/31/2026"
"Hydroxyzine hydrochloride","76420-881-01","10 mg/1","TABLET","ORAL","ANDA204279","Asclemed USA, Inc.","76420-881","Hydroxyzine hydrochloride","HYDROXYZINE DIHYDROCHLORIDE","HUMAN PRESCRIPTION DRUG","12/17/2024","N/A","ANDA","100 TABLET in 1 BOTTLE (76420-881-01)","Antihistamine [EPC],  Histamine Receptor Antagonists [MoA]","N/A","No","12/31/2026"
"Hydroxyzine hydrochloride","76420-881-05","10 mg/1","TABLET","ORAL","ANDA204279","Asclemed USA, Inc.","76420-881","Hydroxyzine hydrochloride","HYDROXYZINE DIHYDROCHLORIDE","HUMAN PRESCRIPTION DRUG","12/17/2024","N/A","ANDA","500 TABLET in 1 BOTTLE (76420-881-05)","Antihistamine [EPC],  Histamine Receptor Antagonists [MoA]","N/A","No","12/31/2026"
"Hydroxyzine hydrochloride","76420-882-90","25 mg/1","TABLET","ORAL","ANDA204279","Asclemed USA, Inc.","76420-882","Hydroxyzine hydrochloride","HYDROXYZINE DIHYDROCHLORIDE","HUMAN PRESCRIPTION DRUG","12/17/2024","N/A","ANDA","90 TABLET in 1 BOTTLE (76420-882-90)","Antihistamine [EPC],  Histamine Receptor Antagonists [MoA]","N/A","No","12/31/2026"
"Hydroxyzine hydrochloride","76420-882-10","25 mg/1","TABLET","ORAL","ANDA204279","Asclemed USA, Inc.","76420-882","Hydroxyzine hydrochloride","HYDROXYZINE DIHYDROCHLORIDE","HUMAN PRESCRIPTION DRUG","12/17/2024","N/A","ANDA","1000 TABLET in 1 BOTTLE (76420-882-10)","Antihistamine [EPC],  Histamine Receptor Antagonists [MoA]","N/A","No","12/31/2026"
"Hydroxyzine hydrochloride","76420-882-30","25 mg/1","TABLET","ORAL","ANDA204279","Asclemed USA, Inc.","76420-882","Hydroxyzine hydrochloride","HYDROXYZINE DIHYDROCHLORIDE","HUMAN PRESCRIPTION DRUG","12/17/2024","N/A","ANDA","30 TABLET in 1 BOTTLE (76420-882-30)","Antihistamine [EPC],  Histamine Receptor Antagonists [MoA]","N/A","No","12/31/2026"
"Hydroxyzine hydrochloride","76420-882-01","25 mg/1","TABLET","ORAL","ANDA204279","Asclemed USA, Inc.","76420-882","Hydroxyzine hydrochloride","HYDROXYZINE DIHYDROCHLORIDE","HUMAN PRESCRIPTION DRUG","12/17/2024","N/A","ANDA","100 TABLET in 1 BOTTLE (76420-882-01)","Antihistamine [EPC],  Histamine Receptor Antagonists [MoA]","N/A","No","12/31/2026"
"Hydroxyzine hydrochloride","76420-882-05","25 mg/1","TABLET","ORAL","ANDA204279","Asclemed USA, Inc.","76420-882","Hydroxyzine hydrochloride","HYDROXYZINE DIHYDROCHLORIDE","HUMAN PRESCRIPTION DRUG","12/17/2024","N/A","ANDA","500 TABLET in 1 BOTTLE (76420-882-05)","Antihistamine [EPC],  Histamine Receptor Antagonists [MoA]","N/A","No","12/31/2026"
"Hydroxyzine hydrochloride","76420-882-60","25 mg/1","TABLET","ORAL","ANDA204279","Asclemed USA, Inc.","76420-882","Hydroxyzine hydrochloride","HYDROXYZINE DIHYDROCHLORIDE","HUMAN PRESCRIPTION DRUG","12/17/2024","N/A","ANDA","60 TABLET in 1 BOTTLE (76420-882-60)","Antihistamine [EPC],  Histamine Receptor Antagonists [MoA]","N/A","No","12/31/2026"
"Hydroxyzine hydrochloride","76420-883-05","50 mg/1","TABLET","ORAL","ANDA204279","Asclemed USA, Inc.","76420-883","Hydroxyzine hydrochloride","HYDROXYZINE DIHYDROCHLORIDE","HUMAN PRESCRIPTION DRUG","12/17/2024","N/A","ANDA","500 TABLET in 1 BOTTLE (76420-883-05)","Antihistamine [EPC],  Histamine Receptor Antagonists [MoA]","N/A","No","12/31/2026"
"Hydroxyzine hydrochloride","76420-883-01","50 mg/1","TABLET","ORAL","ANDA204279","Asclemed USA, Inc.","76420-883","Hydroxyzine hydrochloride","HYDROXYZINE DIHYDROCHLORIDE","HUMAN PRESCRIPTION DRUG","12/17/2024","N/A","ANDA","100 TABLET in 1 BOTTLE (76420-883-01)","Antihistamine [EPC],  Histamine Receptor Antagonists [MoA]","N/A","No","12/31/2026"
"Hydroxyzine hydrochloride","76420-883-60","50 mg/1","TABLET","ORAL","ANDA204279","Asclemed USA, Inc.","76420-883","Hydroxyzine hydrochloride","HYDROXYZINE DIHYDROCHLORIDE","HUMAN PRESCRIPTION DRUG","12/17/2024","N/A","ANDA","60 TABLET in 1 BOTTLE (76420-883-60)","Antihistamine [EPC],  Histamine Receptor Antagonists [MoA]","N/A","No","12/31/2026"
"Hydroxyzine hydrochloride","76420-883-10","50 mg/1","TABLET","ORAL","ANDA204279","Asclemed USA, Inc.","76420-883","Hydroxyzine hydrochloride","HYDROXYZINE DIHYDROCHLORIDE","HUMAN PRESCRIPTION DRUG","12/17/2024","N/A","ANDA","1000 TABLET in 1 BOTTLE (76420-883-10)","Antihistamine [EPC],  Histamine Receptor Antagonists [MoA]","N/A","No","12/31/2026"
"Hydroxyzine hydrochloride","76420-883-30","50 mg/1","TABLET","ORAL","ANDA204279","Asclemed USA, Inc.","76420-883","Hydroxyzine hydrochloride","HYDROXYZINE DIHYDROCHLORIDE","HUMAN PRESCRIPTION DRUG","12/17/2024","N/A","ANDA","30 TABLET in 1 BOTTLE (76420-883-30)","Antihistamine [EPC],  Histamine Receptor Antagonists [MoA]","N/A","No","12/31/2026"
"Hydroxyzine hydrochloride","76420-883-90","50 mg/1","TABLET","ORAL","ANDA204279","Asclemed USA, Inc.","76420-883","Hydroxyzine hydrochloride","HYDROXYZINE DIHYDROCHLORIDE","HUMAN PRESCRIPTION DRUG","12/17/2024","N/A","ANDA","90 TABLET in 1 BOTTLE (76420-883-90)","Antihistamine [EPC],  Histamine Receptor Antagonists [MoA]","N/A","No","12/31/2026"
"Hydroxyzine hydrochloride","80425-0365-1","25 mg/1","TABLET","ORAL","ANDA204279","Advanced Rx of Tennessee, LLC","80425-0365","Hydroxyzine hydrochloride","HYDROXYZINE DIHYDROCHLORIDE","HUMAN PRESCRIPTION DRUG","10/31/2023","N/A","ANDA","30 TABLET in 1 BOTTLE (80425-0365-1)","Antihistamine [EPC],  Histamine Receptor Antagonists [MoA]","N/A","No","12/31/2026"
"Hydroxyzine hydrochloride","80425-0365-2","25 mg/1","TABLET","ORAL","ANDA204279","Advanced Rx of Tennessee, LLC","80425-0365","Hydroxyzine hydrochloride","HYDROXYZINE DIHYDROCHLORIDE","HUMAN PRESCRIPTION DRUG","10/31/2023","N/A","ANDA","60 TABLET in 1 BOTTLE (80425-0365-2)","Antihistamine [EPC],  Histamine Receptor Antagonists [MoA]","N/A","No","12/31/2026"
"Hydroxyzine hydrochloride","80425-0365-3","25 mg/1","TABLET","ORAL","ANDA204279","Advanced Rx of Tennessee, LLC","80425-0365","Hydroxyzine hydrochloride","HYDROXYZINE DIHYDROCHLORIDE","HUMAN PRESCRIPTION DRUG","10/31/2023","N/A","ANDA","90 TABLET in 1 BOTTLE (80425-0365-3)","Antihistamine [EPC],  Histamine Receptor Antagonists [MoA]","N/A","No","12/31/2026"
"Hydroxyzine Hydrochloride","80425-0376-2","50 mg/1","TABLET, FILM COATED","ORAL","ANDA087871","Advanced Rx Pharmacy of Tennessee, LLC","80425-0376","Hydroxyzine Hydrochloride","HYDROXYZINE DIHYDROCHLORIDE","HUMAN PRESCRIPTION DRUG","04/25/2024","N/A","ANDA","60 TABLET, FILM COATED in 1 BOTTLE (80425-0376-2)","Antihistamine [EPC],  Histamine Receptor Antagonists [MoA]","N/A","No","12/31/2026"
"Hydroxyzine Hydrochloride","80425-0376-1","50 mg/1","TABLET, FILM COATED","ORAL","ANDA087871","Advanced Rx Pharmacy of Tennessee, LLC","80425-0376","Hydroxyzine Hydrochloride","HYDROXYZINE DIHYDROCHLORIDE","HUMAN PRESCRIPTION DRUG","03/13/2024","N/A","ANDA","30 TABLET, FILM COATED in 1 BOTTLE (80425-0376-1)","Antihistamine [EPC],  Histamine Receptor Antagonists [MoA]","N/A","No","12/31/2026"
"HYDROXYZINE HYDROCHLORIDE","80425-0394-1","50 mg/1","TABLET, FILM COATED","ORAL","ANDA217652","Advanced Rx of Tennessee, LLC","80425-0394","hydroxyzine hydrochloride","HYDROXYZINE DIHYDROCHLORIDE","HUMAN PRESCRIPTION DRUG","05/24/2024","N/A","ANDA","30 TABLET, FILM COATED in 1 BOTTLE (80425-0394-1)","Antihistamine [EPC],  Histamine Receptor Antagonists [MoA]","N/A","No","12/31/2026"
"HYDROXYZINE HYDROCHLORIDE","80425-0394-2","50 mg/1","TABLET, FILM COATED","ORAL","ANDA217652","Advanced Rx of Tennessee, LLC","80425-0394","hydroxyzine hydrochloride","HYDROXYZINE DIHYDROCHLORIDE","HUMAN PRESCRIPTION DRUG","05/24/2024","N/A","ANDA","60 TABLET, FILM COATED in 1 BOTTLE (80425-0394-2)","Antihistamine [EPC],  Histamine Receptor Antagonists [MoA]","N/A","No","12/31/2026"
"HYDROXYZINE HYDROCHLORIDE","80425-0590-2","25 mg/1","TABLET, FILM COATED","ORAL","ANDA217652","Advanced Rx of Tennessee, LLC","80425-0590","hydroxyzine hydrochloride","HYDROXYZINE DIHYDROCHLORIDE","HUMAN PRESCRIPTION DRUG","07/10/2026","N/A","ANDA","60 TABLET, FILM COATED in 1 BOTTLE (80425-0590-2)","Antihistamine [EPC],  Histamine Receptor Antagonists [MoA]","N/A","No","12/31/2027"
"HYDROXYZINE HYDROCHLORIDE","80425-0590-1","25 mg/1","TABLET, FILM COATED","ORAL","ANDA217652","Advanced Rx of Tennessee, LLC","80425-0590","hydroxyzine hydrochloride","HYDROXYZINE DIHYDROCHLORIDE","HUMAN PRESCRIPTION DRUG","07/10/2026","N/A","ANDA","30 TABLET, FILM COATED in 1 BOTTLE (80425-0590-1)","Antihistamine [EPC],  Histamine Receptor Antagonists [MoA]","N/A","No","12/31/2027"
"HYDROXYZINE HYDROCHLORIDE","80425-0590-3","25 mg/1","TABLET, FILM COATED","ORAL","ANDA217652","Advanced Rx of Tennessee, LLC","80425-0590","hydroxyzine hydrochloride","HYDROXYZINE DIHYDROCHLORIDE","HUMAN PRESCRIPTION DRUG","07/10/2026","N/A","ANDA","90 TABLET, FILM COATED in 1 BOTTLE (80425-0590-3)","Antihistamine [EPC],  Histamine Receptor Antagonists [MoA]","N/A","No","12/31/2027"
"Hydroxyzine Hydrochloride","81033-031-44","10 mg/5mL","SOLUTION","ORAL","ANDA219289","Kesin Pharma","81033-031","Hydroxyzine Hydrochloride","HYDROXYZINE DIHYDROCHLORIDE","HUMAN PRESCRIPTION DRUG","02/27/2026","N/A","ANDA","40 CUP, UNIT-DOSE in 1 CARTON (81033-031-44)  / 5 mL in 1 CUP, UNIT-DOSE (81033-031-05)","Antihistamine [EPC],  Histamine Receptor Antagonists [MoA]","N/A","No","12/31/2027"
"Hydroxyzine Hydrochloride","81033-031-45","10 mg/5mL","SOLUTION","ORAL","ANDA219289","Kesin Pharma","81033-031","Hydroxyzine Hydrochloride","HYDROXYZINE DIHYDROCHLORIDE","HUMAN PRESCRIPTION DRUG","02/27/2026","N/A","ANDA","40 CUP, UNIT-DOSE in 1 CARTON (81033-031-45)  / 12.5 mL in 1 CUP, UNIT-DOSE (81033-031-12)","Antihistamine [EPC],  Histamine Receptor Antagonists [MoA]","N/A","No","12/31/2027"
"HYDROXYZINE HYDROCHLORIDE","82804-288-30","10 mg/1","TABLET, FILM COATED","ORAL","ANDA217652","Proficient Rx LP","82804-288","hydroxyzine hydrochloride","HYDROXYZINE DIHYDROCHLORIDE","HUMAN PRESCRIPTION DRUG","05/20/2026","N/A","ANDA","30 TABLET, FILM COATED in 1 BOTTLE (82804-288-30)","Antihistamine [EPC],  Histamine Receptor Antagonists [MoA]","N/A","No","12/31/2027"
"HYDROXYZINE HYDROCHLORIDE","83745-232-16","10 mg/5mL","SOLUTION","ORAL","ANDA210634","APOZEAL PHARMACEUTICALS INC","83745-232","HYDROXYZINE HYDROCHLORIDE","HYDROXYZINE HYDROCHLORIDE","HUMAN PRESCRIPTION DRUG","07/16/2024","N/A","ANDA","473 mL in 1 BOTTLE (83745-232-16)","Antihistamine [EPC],  Histamine Receptor Antagonists [MoA]","N/A","No","12/31/2027"
"Hydroxyzine hydrochloride","87441-039-01","50 mg/1","TABLET","ORAL","ANDA204279","Unit Dose Solutions, Inc.","87441-039","Hydroxyzine hydrochloride","HYDROXYZINE HYDROCHLORIDE","HUMAN PRESCRIPTION DRUG","06/24/2026","N/A","ANDA","30 TABLET in 1 BLISTER PACK (87441-039-01)","Antihistamine [EPC],  Histamine Receptor Antagonists [MoA]","N/A","No","12/31/2027"
"Hydroxyzine Pamoate","0115-1803-02","25 mg/1","CAPSULE","ORAL","ANDA040156","Amneal Pharmaceuticals of New York LLC","0115-1803","Hydroxyzine Pamoate","HYDROXYZINE PAMOATE","HUMAN PRESCRIPTION DRUG","07/15/1996","N/A","ANDA","500 CAPSULE in 1 BOTTLE, PLASTIC (0115-1803-02)","Antihistamine [EPC],  Histamine Receptor Antagonists [MoA]","N/A","No","12/31/2027"
"Hydroxyzine Pamoate","0115-1803-01","25 mg/1","CAPSULE","ORAL","ANDA040156","Amneal Pharmaceuticals of New York LLC","0115-1803","Hydroxyzine Pamoate","HYDROXYZINE PAMOATE","HUMAN PRESCRIPTION DRUG","07/15/1996","N/A","ANDA","100 CAPSULE in 1 BOTTLE, PLASTIC (0115-1803-01)","Antihistamine [EPC],  Histamine Receptor Antagonists [MoA]","N/A","No","12/31/2027"
"Hydroxyzine Pamoate","0115-1804-01","50 mg/1","CAPSULE","ORAL","ANDA040156","Amneal Pharmaceuticals of New York LLC","0115-1804","Hydroxyzine Pamoate","HYDROXYZINE PAMOATE","HUMAN PRESCRIPTION DRUG","06/15/1996","N/A","ANDA","100 CAPSULE in 1 BOTTLE, PLASTIC (0115-1804-01)","Antihistamine [EPC],  Histamine Receptor Antagonists [MoA]","N/A","No","12/31/2027"
"Hydroxyzine Pamoate","0115-1804-02","50 mg/1","CAPSULE","ORAL","ANDA040156","Amneal Pharmaceuticals of New York LLC","0115-1804","Hydroxyzine Pamoate","HYDROXYZINE PAMOATE","HUMAN PRESCRIPTION DRUG","06/15/1996","N/A","ANDA","500 CAPSULE in 1 BOTTLE, PLASTIC (0115-1804-02)","Antihistamine [EPC],  Histamine Receptor Antagonists [MoA]","N/A","No","12/31/2027"
"hydroxyzine pamoate","0185-0674-05","25 mg/1","CAPSULE","ORAL","ANDA087479","Sandoz Inc","0185-0674","hydroxyzine pamoate","HYDROXYZINE PAMOATE","HUMAN PRESCRIPTION DRUG","06/27/2014","N/A","ANDA","500 CAPSULE in 1 BOTTLE (0185-0674-05)","Antihistamine [EPC],  Histamine Receptor Antagonists [MoA]","N/A","No","12/31/2026"
"hydroxyzine pamoate","0185-0674-01","25 mg/1","CAPSULE","ORAL","ANDA087479","Sandoz Inc","0185-0674","hydroxyzine pamoate","HYDROXYZINE PAMOATE","HUMAN PRESCRIPTION DRUG","06/27/2014","N/A","ANDA","100 CAPSULE in 1 BOTTLE (0185-0674-01)","Antihistamine [EPC],  Histamine Receptor Antagonists [MoA]","N/A","No","12/31/2026"
"Hydroxyzine pamoate","0185-0676-01","50 mg/1","CAPSULE","ORAL","ANDA086183","Sandoz Inc","0185-0676","Hydroxyzine Pamoate","HYDROXYZINE PAMOATE","HUMAN PRESCRIPTION DRUG","09/14/2021","N/A","ANDA","100 CAPSULE in 1 BOTTLE (0185-0676-01)","Antihistamine [EPC],  Histamine Receptor Antagonists [MoA]","N/A","No","12/31/2026"
"Hydroxyzine pamoate","0185-0676-05","50 mg/1","CAPSULE","ORAL","ANDA086183","Sandoz Inc","0185-0676","Hydroxyzine Pamoate","HYDROXYZINE PAMOATE","HUMAN PRESCRIPTION DRUG","09/14/2021","N/A","ANDA","500 CAPSULE in 1 BOTTLE (0185-0676-05)","Antihistamine [EPC],  Histamine Receptor Antagonists [MoA]","N/A","No","12/31/2026"
"Hydroxyzine Pamoate","0555-0302-02","50 mg/1","CAPSULE","ORAL","ANDA088487","Teva Pharmaceuticals USA, Inc.","0555-0302","Hydroxyzine Pamoate","HYDROXYZINE PAMOATE","HUMAN PRESCRIPTION DRUG","07/01/1984","N/A","ANDA","100 CAPSULE in 1 BOTTLE (0555-0302-02)","Antihistamine [EPC],  Histamine Receptor Antagonists [MoA]","N/A","No","12/31/2026"
"Hydroxyzine Pamoate","0555-0302-04","50 mg/1","CAPSULE","ORAL","ANDA088487","Teva Pharmaceuticals USA, Inc.","0555-0302","Hydroxyzine Pamoate","HYDROXYZINE PAMOATE","HUMAN PRESCRIPTION DRUG","07/01/1984","N/A","ANDA","500 CAPSULE in 1 BOTTLE (0555-0302-04)","Antihistamine [EPC],  Histamine Receptor Antagonists [MoA]","N/A","No","12/31/2026"
"Hydroxyzine Pamoate","0555-0323-02","25 mg/1","CAPSULE","ORAL","ANDA088496","Teva Pharmaceuticals USA, Inc.","0555-0323","Hydroxyzine Pamoate","HYDROXYZINE PAMOATE","HUMAN PRESCRIPTION DRUG","07/01/1984","N/A","ANDA","100 CAPSULE in 1 BOTTLE (0555-0323-02)","Antihistamine [EPC],  Histamine Receptor Antagonists [MoA]","N/A","No","12/31/2026"
"Hydroxyzine Pamoate","0555-0323-04","25 mg/1","CAPSULE","ORAL","ANDA088496","Teva Pharmaceuticals USA, Inc.","0555-0323","Hydroxyzine Pamoate","HYDROXYZINE PAMOATE","HUMAN PRESCRIPTION DRUG","07/01/1984","N/A","ANDA","500 CAPSULE in 1 BOTTLE (0555-0323-04)","Antihistamine [EPC],  Histamine Receptor Antagonists [MoA]","N/A","No","12/31/2026"
"Hydroxyzine Pamoate","0555-0324-02","100 mg/1","CAPSULE","ORAL","ANDA088488","Teva Pharmaceuticals USA, Inc.","0555-0324","Hydroxyzine Pamoate","HYDROXYZINE PAMOATE","HUMAN PRESCRIPTION DRUG","07/01/1984","N/A","ANDA","100 CAPSULE in 1 BOTTLE (0555-0324-02)","Antihistamine [EPC],  Histamine Receptor Antagonists [MoA]","N/A","No","12/31/2026"
"Hydroxyzine Pamoate","0615-8419-39","25 mg/1","CAPSULE","ORAL","ANDA040156","NCS HealthCare of KY, LLC dba Vangard Labs","0615-8419","Hydroxyzine Pamoate","HYDROXYZINE PAMOATE","HUMAN PRESCRIPTION DRUG","02/09/2022","N/A","ANDA","30 CAPSULE in 1 BLISTER PACK (0615-8419-39)","Antihistamine [EPC],  Histamine Receptor Antagonists [MoA]","N/A","No","12/31/2026"
"Hydroxyzine Pamoate","0615-8420-39","50 mg/1","CAPSULE","ORAL","ANDA040156","NCS HealthCare of KY, LLC dba Vangard Labs","0615-8420","Hydroxyzine Pamoate","HYDROXYZINE PAMOATE","HUMAN PRESCRIPTION DRUG","01/04/2022","N/A","ANDA","30 CAPSULE in 1 BLISTER PACK (0615-8420-39)","Antihistamine [EPC],  Histamine Receptor Antagonists [MoA]","N/A","No","12/31/2026"
"hydroxyzine pamoate","0904-7065-61","25 mg/1","CAPSULE","ORAL","ANDA201507","Major Pharmaceuticals","0904-7065","hydroxyzine pamoate","HYDROXYZINE PAMOATE","HUMAN PRESCRIPTION DRUG","06/03/2013","N/A","ANDA","100 BLISTER PACK in 1 CARTON (0904-7065-61)  / 1 CAPSULE in 1 BLISTER PACK","Antihistamine [EPC],  Histamine Receptor Antagonists [MoA]","N/A","No","12/31/2026"
"hydroxyzine pamoate","14539-674-05","25 mg/1","CAPSULE","ORAL","ANDA201507","Heritage Pharmaceuticals Inc. d/b/a Avet Pharmaceuticals Inc.","14539-674","hydroxyzine pamoate","HYDROXYZINE PAMOATE","HUMAN PRESCRIPTION DRUG","04/23/2019","N/A","ANDA","500 CAPSULE in 1 CONTAINER (14539-674-05)","Antihistamine [EPC],  Histamine Receptor Antagonists [MoA]","N/A","No","12/31/2026"
"hydroxyzine pamoate","14539-674-01","25 mg/1","CAPSULE","ORAL","ANDA201507","Heritage Pharmaceuticals Inc. d/b/a Avet Pharmaceuticals Inc.","14539-674","hydroxyzine pamoate","HYDROXYZINE PAMOATE","HUMAN PRESCRIPTION DRUG","04/23/2019","N/A","ANDA","100 CAPSULE in 1 CONTAINER (14539-674-01)","Antihistamine [EPC],  Histamine Receptor Antagonists [MoA]","N/A","No","12/31/2026"
"hydroxyzine pamoate","14539-675-01","50 mg/1","CAPSULE","ORAL","ANDA201507","Heritage Pharmaceuticals Inc. d/b/a Avet Pharmaceuticals Inc.","14539-675","hydroxyzine pamoate","HYDROXYZINE PAMOATE","HUMAN PRESCRIPTION DRUG","04/23/2019","N/A","ANDA","100 CAPSULE in 1 CONTAINER (14539-675-01)","Antihistamine [EPC],  Histamine Receptor Antagonists [MoA]","N/A","No","12/31/2026"
"hydroxyzine pamoate","14539-675-05","50 mg/1","CAPSULE","ORAL","ANDA201507","Heritage Pharmaceuticals Inc. d/b/a Avet Pharmaceuticals Inc.","14539-675","hydroxyzine pamoate","HYDROXYZINE PAMOATE","HUMAN PRESCRIPTION DRUG","04/23/2019","N/A","ANDA","500 CAPSULE in 1 CONTAINER (14539-675-05)","Antihistamine [EPC],  Histamine Receptor Antagonists [MoA]","N/A","No","12/31/2026"
"hydroxyzine pamoate","43063-172-04","25 mg/1","CAPSULE","ORAL","ANDA087479","PD-Rx Pharmaceuticals, Inc.","43063-172","hydroxyzine pamoate","HYDROXYZINE PAMOATE","HUMAN PRESCRIPTION DRUG","06/28/2014","N/A","ANDA","4 CAPSULE in 1 BOTTLE, PLASTIC (43063-172-04)","Antihistamine [EPC],  Histamine Receptor Antagonists [MoA]","N/A","No","12/31/2026"
"hydroxyzine pamoate","43063-406-15","25 mg/1","CAPSULE","ORAL","ANDA087479","PD-Rx Pharmaceuticals, Inc.","43063-406","hydroxyzine pamoate","HYDROXYZINE PAMOATE","HUMAN PRESCRIPTION DRUG","07/01/2014","N/A","ANDA","15 CAPSULE in 1 BOTTLE, PLASTIC (43063-406-15)","Antihistamine [EPC],  Histamine Receptor Antagonists [MoA]","N/A","No","12/31/2027"
"hydroxyzine pamoate","43063-406-10","25 mg/1","CAPSULE","ORAL","ANDA087479","PD-Rx Pharmaceuticals, Inc.","43063-406","hydroxyzine pamoate","HYDROXYZINE PAMOATE","HUMAN PRESCRIPTION DRUG","07/01/2014","N/A","ANDA","10 CAPSULE in 1 BOTTLE, PLASTIC (43063-406-10)","Antihistamine [EPC],  Histamine Receptor Antagonists [MoA]","N/A","No","12/31/2027"
"hydroxyzine pamoate","43063-406-30","25 mg/1","CAPSULE","ORAL","ANDA087479","PD-Rx Pharmaceuticals, Inc.","43063-406","hydroxyzine pamoate","HYDROXYZINE PAMOATE","HUMAN PRESCRIPTION DRUG","07/01/2014","N/A","ANDA","30 CAPSULE in 1 BOTTLE, PLASTIC (43063-406-30)","Antihistamine [EPC],  Histamine Receptor Antagonists [MoA]","N/A","No","12/31/2027"
"hydroxyzine pamoate","43063-406-01","25 mg/1","CAPSULE","ORAL","ANDA087479","PD-Rx Pharmaceuticals, Inc.","43063-406","hydroxyzine pamoate","HYDROXYZINE PAMOATE","HUMAN PRESCRIPTION DRUG","07/01/2014","N/A","ANDA","100 CAPSULE in 1 BOTTLE, PLASTIC (43063-406-01)","Antihistamine [EPC],  Histamine Receptor Antagonists [MoA]","N/A","No","12/31/2027"
"hydroxyzine pamoate","50090-4385-5","25 mg/1","CAPSULE","ORAL","ANDA201507","A-S Medication Solutions","50090-4385","hydroxyzine pamoate","HYDROXYZINE PAMOATE","HUMAN PRESCRIPTION DRUG","06/25/2019","N/A","ANDA","30 CAPSULE in 1 BOTTLE (50090-4385-5)","Antihistamine [EPC],  Histamine Receptor Antagonists [MoA]","N/A","No","12/31/2026"
"hydroxyzine pamoate","50090-4385-2","25 mg/1","CAPSULE","ORAL","ANDA201507","A-S Medication Solutions","50090-4385","hydroxyzine pamoate","HYDROXYZINE PAMOATE","HUMAN PRESCRIPTION DRUG","06/25/2019","N/A","ANDA","20 CAPSULE in 1 BOTTLE (50090-4385-2)","Antihistamine [EPC],  Histamine Receptor Antagonists [MoA]","N/A","No","12/31/2026"
"hydroxyzine pamoate","50090-4385-0","25 mg/1","CAPSULE","ORAL","ANDA201507","A-S Medication Solutions","50090-4385","hydroxyzine pamoate","HYDROXYZINE PAMOATE","HUMAN PRESCRIPTION DRUG","06/25/2019","N/A","ANDA","50 CAPSULE in 1 BOTTLE (50090-4385-0)","Antihistamine [EPC],  Histamine Receptor Antagonists [MoA]","N/A","No","12/31/2026"
"Hydroxyzine Pamoate","50090-4579-2","25 mg/1","CAPSULE","ORAL","ANDA040156","A-S Medication Solutions","50090-4579","Hydroxyzine Pamoate","HYDROXYZINE PAMOATE","HUMAN PRESCRIPTION DRUG","10/04/2019","N/A","ANDA","20 CAPSULE in 1 BOTTLE (50090-4579-2)","Antihistamine [EPC],  Histamine Receptor Antagonists [MoA]","N/A","No","12/31/2026"
"Hydroxyzine Pamoate","50090-4579-5","25 mg/1","CAPSULE","ORAL","ANDA040156","A-S Medication Solutions","50090-4579","Hydroxyzine Pamoate","HYDROXYZINE PAMOATE","HUMAN PRESCRIPTION DRUG","10/04/2019","N/A","ANDA","30 CAPSULE in 1 BOTTLE (50090-4579-5)","Antihistamine [EPC],  Histamine Receptor Antagonists [MoA]","N/A","No","12/31/2026"
"Hydroxyzine pamoate","50090-5933-1","50 mg/1","CAPSULE","ORAL","ANDA086183","A-S Medication Solutions","50090-5933","Hydroxyzine Pamoate","HYDROXYZINE PAMOATE","HUMAN PRESCRIPTION DRUG","01/02/2024","N/A","ANDA","20 CAPSULE in 1 BOTTLE (50090-5933-1)","Antihistamine [EPC],  Histamine Receptor Antagonists [MoA]","N/A","No","12/31/2026"
"hydroxyzine pamoate","50090-7540-1","50 mg/1","CAPSULE","ORAL","ANDA201507","A-S Medication Solutions","50090-7540","hydroxyzine pamoate","HYDROXYZINE PAMOATE","HUMAN PRESCRIPTION DRUG","04/23/2025","N/A","ANDA","20 CAPSULE in 1 BOTTLE (50090-7540-1)","Antihistamine [EPC],  Histamine Receptor Antagonists [MoA]","N/A","No","12/31/2026"
"hydroxyzine pamoate","50090-7540-0","50 mg/1","CAPSULE","ORAL","ANDA201507","A-S Medication Solutions","50090-7540","hydroxyzine pamoate","HYDROXYZINE PAMOATE","HUMAN PRESCRIPTION DRUG","04/23/2025","N/A","ANDA","12 CAPSULE in 1 BOTTLE (50090-7540-0)","Antihistamine [EPC],  Histamine Receptor Antagonists [MoA]","N/A","No","12/31/2026"
"Hydroxyzine Pamoate","50268-398-50","25 mg/1","CAPSULE","ORAL","ANDA040156","AvPAK","50268-398","Hydroxyzine Pamoate","HYDROXYZINE PAMOATE","HUMAN PRESCRIPTION DRUG","04/14/2021","N/A","ANDA","50 BLISTER PACK in 1 BOX (50268-398-50)  / 1 CAPSULE in 1 BLISTER PACK (50268-398-11)","Antihistamine [EPC],  Histamine Receptor Antagonists [MoA]","N/A","No","12/31/2027"
"Hydroxyzine Pamoate","50268-399-50","50 mg/1","CAPSULE","ORAL","ANDA040156","AvPAK","50268-399","Hydroxyzine Pamoate","HYDROXYZINE PAMOATE","HUMAN PRESCRIPTION DRUG","04/14/2021","N/A","ANDA","50 BLISTER PACK in 1 BOX (50268-399-50)  / 1 CAPSULE in 1 BLISTER PACK (50268-399-11)","Antihistamine [EPC],  Histamine Receptor Antagonists [MoA]","N/A","No","12/31/2027"
"hydroxyzine pamoate","51407-001-01","25 mg/1","CAPSULE","ORAL","ANDA201507","Golden State Medical Supply, Inc.","51407-001","hydroxyzine pamoate","HYDROXYZINE PAMOATE","HUMAN PRESCRIPTION DRUG","08/29/2024","N/A","ANDA","100 CAPSULE in 1 CONTAINER (51407-001-01)","Antihistamine [EPC],  Histamine Receptor Antagonists [MoA]","N/A","No","12/31/2026"
"hydroxyzine pamoate","51407-001-05","25 mg/1","CAPSULE","ORAL","ANDA201507","Golden State Medical Supply, Inc.","51407-001","hydroxyzine pamoate","HYDROXYZINE PAMOATE","HUMAN PRESCRIPTION DRUG","08/29/2024","N/A","ANDA","500 CAPSULE in 1 CONTAINER (51407-001-05)","Antihistamine [EPC],  Histamine Receptor Antagonists [MoA]","N/A","No","12/31/2026"
"hydroxyzine pamoate","51407-002-05","50 mg/1","CAPSULE","ORAL","ANDA201507","Golden State Medical Supply, Inc.","51407-002","hydroxyzine pamoate","HYDROXYZINE PAMOATE","HUMAN PRESCRIPTION DRUG","08/29/2024","N/A","ANDA","500 CAPSULE in 1 CONTAINER (51407-002-05)","Antihistamine [EPC],  Histamine Receptor Antagonists [MoA]","N/A","No","12/31/2026"
"hydroxyzine pamoate","51407-002-01","50 mg/1","CAPSULE","ORAL","ANDA201507","Golden State Medical Supply, Inc.","51407-002","hydroxyzine pamoate","HYDROXYZINE PAMOATE","HUMAN PRESCRIPTION DRUG","08/29/2024","N/A","ANDA","100 CAPSULE in 1 CONTAINER (51407-002-01)","Antihistamine [EPC],  Histamine Receptor Antagonists [MoA]","N/A","No","12/31/2026"
"Hydroxyzine Pamoate","51655-252-52","50 mg/1","CAPSULE","ORAL","ANDA088487","Northwind Health Company, LLC","51655-252","Hydroxyzine Pamoate","HYDROXYZINE PAMOATE","HUMAN PRESCRIPTION DRUG","04/25/2023","N/A","ANDA","30 CAPSULE in 1 BOTTLE, PLASTIC (51655-252-52)","Antihistamine [EPC],  Histamine Receptor Antagonists [MoA]","N/A","No","12/31/2027"
"hydroxyzine pamoate","51655-725-52","25 mg/1","CAPSULE","ORAL","ANDA201507","Northwind Health Company, LLC","51655-725","hydroxyzine pamoate","HYDROXYZINE PAMOATE","HUMAN PRESCRIPTION DRUG","06/11/2021","N/A","ANDA","30 CAPSULE in 1 BOTTLE, PLASTIC (51655-725-52)","Antihistamine [EPC],  Histamine Receptor Antagonists [MoA]","N/A","No","12/31/2027"
"hydroxyzine pamoate","51655-847-52","25 mg/1","CAPSULE","ORAL","ANDA087479","Northwind Health Company, LLC","51655-847","hydroxyzine pamoate","HYDROXYZINE PAMOATE","HUMAN PRESCRIPTION DRUG","05/03/2023","N/A","ANDA","30 CAPSULE in 1 BOTTLE, PLASTIC (51655-847-52)","Antihistamine [EPC],  Histamine Receptor Antagonists [MoA]","N/A","No","12/31/2027"
"hydroxyzine pamoate","51655-847-20","25 mg/1","CAPSULE","ORAL","ANDA087479","Northwind Health Company, LLC","51655-847","hydroxyzine pamoate","HYDROXYZINE PAMOATE","HUMAN PRESCRIPTION DRUG","04/10/2023","N/A","ANDA","20 CAPSULE in 1 BOTTLE, PLASTIC (51655-847-20)","Antihistamine [EPC],  Histamine Receptor Antagonists [MoA]","N/A","No","12/31/2027"
"hydroxyzine pamoate","55154-2337-0","25 mg/1","CAPSULE","ORAL","ANDA201507","Cardinal Health 107, LLC","55154-2337","hydroxyzine pamoate","HYDROXYZINE PAMOATE","HUMAN PRESCRIPTION DRUG","06/03/2013","N/A","ANDA","10 BLISTER PACK in 1 BAG (55154-2337-0)  / 1 CAPSULE in 1 BLISTER PACK","Antihistamine [EPC],  Histamine Receptor Antagonists [MoA]","N/A","No","12/31/2027"
"Hydroxyzine Pamoate","60687-696-01","25 mg/1","CAPSULE","ORAL","ANDA088496","American Health Packaging","60687-696","Hydroxyzine Pamoate","HYDROXYZINE PAMOATE","HUMAN PRESCRIPTION DRUG","11/28/2023","N/A","ANDA","100 BLISTER PACK in 1 CARTON (60687-696-01)  / 1 CAPSULE in 1 BLISTER PACK (60687-696-11)","Antihistamine [EPC],  Histamine Receptor Antagonists [MoA]","N/A","No","12/31/2026"
"Hydroxyzine Pamoate","60687-707-65","50 mg/1","CAPSULE","ORAL","ANDA088487","American Health Packaging","60687-707","Hydroxyzine Pamoate","HYDROXYZINE PAMOATE","HUMAN PRESCRIPTION DRUG","12/21/2023","N/A","ANDA","50 BLISTER PACK in 1 CARTON (60687-707-65)  / 1 CAPSULE in 1 BLISTER PACK (60687-707-11)","Antihistamine [EPC],  Histamine Receptor Antagonists [MoA]","N/A","No","12/31/2026"
"Hydroxyzine Pamoate","60687-707-01","50 mg/1","CAPSULE","ORAL","ANDA088487","American Health Packaging","60687-707","Hydroxyzine Pamoate","HYDROXYZINE PAMOATE","HUMAN PRESCRIPTION DRUG","05/24/2023","N/A","ANDA","100 BLISTER PACK in 1 CARTON (60687-707-01)  / 1 CAPSULE in 1 BLISTER PACK (60687-707-11)","Antihistamine [EPC],  Histamine Receptor Antagonists [MoA]","N/A","No","12/31/2026"
"Hydroxyzine Pamoate","61919-880-30","25 mg/1","CAPSULE","ORAL","ANDA087479","Direct_Rx","61919-880","Hydroxyzine Pamoate","HYDROXYZINE PAMOATE","HUMAN PRESCRIPTION DRUG","06/03/2019","N/A","ANDA","30 CAPSULE in 1 BOTTLE (61919-880-30)","Antihistamine [EPC],  Histamine Receptor Antagonists [MoA]","N/A","No","12/31/2027"
"Hydroxyzine Pamoate","61919-880-15","25 mg/1","CAPSULE","ORAL","ANDA087479","Direct_Rx","61919-880","Hydroxyzine Pamoate","HYDROXYZINE PAMOATE","HUMAN PRESCRIPTION DRUG","06/03/2019","N/A","ANDA","15 CAPSULE in 1 BOTTLE (61919-880-15)","Antihistamine [EPC],  Histamine Receptor Antagonists [MoA]","N/A","No","12/31/2027"
"Hydroxyzine Pamoate","61919-880-60","25 mg/1","CAPSULE","ORAL","ANDA087479","Direct_Rx","61919-880","Hydroxyzine Pamoate","HYDROXYZINE PAMOATE","HUMAN PRESCRIPTION DRUG","06/03/2019","N/A","ANDA","60 CAPSULE in 1 BOTTLE (61919-880-60)","Antihistamine [EPC],  Histamine Receptor Antagonists [MoA]","N/A","No","12/31/2027"
"Hydroxyzine pamoate","62135-816-12","25 mg/1","CAPSULE","ORAL","ANDA201507","Chartwell RX, LLC","62135-816","Hydroxyzine pamoate","HYDROXYZINE PAMOATE","HUMAN PRESCRIPTION DRUG","02/06/2024","N/A","ANDA","120 CAPSULE in 1 BOTTLE (62135-816-12)","Antihistamine [EPC],  Histamine Receptor Antagonists [MoA]","N/A","No","12/31/2026"
"Hydroxyzine pamoate","62135-817-12","50 mg/1","CAPSULE","ORAL","ANDA201507","Chartwell RX, LLC","62135-817","Hydroxyzine pamoate","HYDROXYZINE PAMOATE","HUMAN PRESCRIPTION DRUG","02/06/2024","N/A","ANDA","120 CAPSULE in 1 BOTTLE (62135-817-12)","Antihistamine [EPC],  Histamine Receptor Antagonists [MoA]","N/A","No","12/31/2026"
"hydroxyzine pamoate","63629-8874-1","25 mg/1","CAPSULE","ORAL","ANDA087479","Bryant Ranch Prepack","63629-8874","hydroxyzine pamoate","HYDROXYZINE PAMOATE","HUMAN PRESCRIPTION DRUG","06/27/2014","N/A","ANDA","500 CAPSULE in 1 BOTTLE (63629-8874-1)","Antihistamine [EPC],  Histamine Receptor Antagonists [MoA]","N/A","No","12/31/2026"
"Hydroxyzine Pamoate","63629-9244-1","100 mg/1","CAPSULE","ORAL","ANDA088488","Bryant Ranch Prepack","63629-9244","Hydroxyzine Pamoate","HYDROXYZINE PAMOATE","HUMAN PRESCRIPTION DRUG","03/21/2022","N/A","ANDA","30 CAPSULE in 1 BOTTLE (63629-9244-1)","Antihistamine [EPC],  Histamine Receptor Antagonists [MoA]","N/A","No","12/31/2026"
"hydroxyzine pamoate","63629-9612-1","25 mg/1","CAPSULE","ORAL","ANDA087479","Bryant Ranch Prepack","63629-9612","hydroxyzine pamoate","HYDROXYZINE PAMOATE","HUMAN PRESCRIPTION DRUG","01/23/2023","N/A","ANDA","100 CAPSULE in 1 BOTTLE (63629-9612-1)","Antihistamine [EPC],  Histamine Receptor Antagonists [MoA]","N/A","No","12/31/2026"
"Hydroxyzine pamoate","66267-556-90","50 mg/1","CAPSULE","ORAL","ANDA086183","NuCare Pharmaceuticals,Inc.","66267-556","Hydroxyzine Pamoate","HYDROXYZINE PAMOATE","HUMAN PRESCRIPTION DRUG","02/12/2024","N/A","ANDA","90 CAPSULE in 1 BOTTLE (66267-556-90)","Antihistamine [EPC],  Histamine Receptor Antagonists [MoA]","N/A","No","12/31/2026"
"hydroxyzine pamoate","67046-0281-3","25 mg/1","CAPSULE","ORAL","ANDA087479","Coupler LLC","67046-0281","hydroxyzine pamoate","HYDROXYZINE PAMOATE","HUMAN PRESCRIPTION DRUG","06/16/2026","N/A","ANDA","30 CAPSULE in 1 BLISTER PACK (67046-0281-3)","Antihistamine [EPC],  Histamine Receptor Antagonists [MoA]","N/A","No","12/31/2027"
"Hydroxyzine pamoate","67046-0831-3","50 mg/1","CAPSULE","ORAL","ANDA086183","Coupler LLC","67046-0831","Hydroxyzine Pamoate","HYDROXYZINE PAMOATE","HUMAN PRESCRIPTION DRUG","04/29/2026","N/A","ANDA","30 CAPSULE in 1 BLISTER PACK (67046-0831-3)","Antihistamine [EPC],  Histamine Receptor Antagonists [MoA]","N/A","No","12/31/2027"
"hydroxyzine pamoate","67046-2086-3","25 mg/1","CAPSULE","ORAL","ANDA201507","Coupler LLC","67046-2086","hydroxyzine pamoate","HYDROXYZINE PAMOATE","HUMAN PRESCRIPTION DRUG","04/23/2026","N/A","ANDA","30 CAPSULE in 1 BLISTER PACK (67046-2086-3)","Antihistamine [EPC],  Histamine Receptor Antagonists [MoA]","N/A","No","12/31/2027"
"hydroxyzine pamoate","68071-2255-3","25 mg/1","CAPSULE","ORAL","ANDA087479","NuCare Pharmaceuticals,Inc.","68071-2255","hydroxyzine pamoate","HYDROXYZINE PAMOATE","HUMAN PRESCRIPTION DRUG","06/04/2025","N/A","ANDA","30 CAPSULE in 1 BOTTLE (68071-2255-3)","Antihistamine [EPC],  Histamine Receptor Antagonists [MoA]","N/A","No","12/31/2026"
"hydroxyzine pamoate","68071-2255-9","25 mg/1","CAPSULE","ORAL","ANDA087479","NuCare Pharmaceuticals,Inc.","68071-2255","hydroxyzine pamoate","HYDROXYZINE PAMOATE","HUMAN PRESCRIPTION DRUG","09/09/2020","N/A","ANDA","90 CAPSULE in 1 BOTTLE (68071-2255-9)","Antihistamine [EPC],  Histamine Receptor Antagonists [MoA]","N/A","No","12/31/2026"
"hydroxyzine pamoate","68071-2255-2","25 mg/1","CAPSULE","ORAL","ANDA087479","NuCare Pharmaceuticals,Inc.","68071-2255","hydroxyzine pamoate","HYDROXYZINE PAMOATE","HUMAN PRESCRIPTION DRUG","09/09/2020","N/A","ANDA","20 CAPSULE in 1 BOTTLE (68071-2255-2)","Antihistamine [EPC],  Histamine Receptor Antagonists [MoA]","N/A","No","12/31/2026"
"hydroxyzine pamoate","68071-3583-9","50 mg/1","CAPSULE","ORAL","ANDA201507","NuCare Pharmaceuticals,Inc.","68071-3583","hydroxyzine pamoate","HYDROXYZINE PAMOATE","HUMAN PRESCRIPTION DRUG","03/06/2024","N/A","ANDA","90 CAPSULE in 1 CONTAINER (68071-3583-9)","Antihistamine [EPC],  Histamine Receptor Antagonists [MoA]","N/A","No","12/31/2026"
"hydroxyzine pamoate","68071-3736-1","25 mg/1","CAPSULE","ORAL","ANDA087479","NuCare Pharmaceutcals, Inc.","68071-3736","hydroxyzine pamoate","HYDROXYZINE PAMOATE","HUMAN PRESCRIPTION DRUG","12/04/2024","N/A","ANDA","100 CAPSULE in 1 BOTTLE (68071-3736-1)","Antihistamine [EPC],  Histamine Receptor Antagonists [MoA]","N/A","No","12/31/2026"
"Hydroxyzine Pamoate","68071-4915-3","25 mg/1","CAPSULE","ORAL","ANDA040156","NuCare Pharmaceuticals,Inc.","68071-4915","Hydroxyzine Pamoate","HYDROXYZINE PAMOATE","HUMAN PRESCRIPTION DRUG","06/04/2019","N/A","ANDA","30 CAPSULE in 1 BOTTLE (68071-4915-3)","Antihistamine [EPC],  Histamine Receptor Antagonists [MoA]","N/A","No","12/31/2026"
"hydroxyzine pamoate","68071-4954-9","25 mg/1","CAPSULE","ORAL","ANDA201507","NuCare Pharmaceuticals,Inc.","68071-4954","hydroxyzine pamoate","HYDROXYZINE PAMOATE","HUMAN PRESCRIPTION DRUG","05/24/2023","N/A","ANDA","90 CAPSULE in 1 BOTTLE (68071-4954-9)","Antihistamine [EPC],  Histamine Receptor Antagonists [MoA]","N/A","No","12/31/2026"
"hydroxyzine pamoate","68071-4954-3","25 mg/1","CAPSULE","ORAL","ANDA201507","NuCare Pharmaceuticals,Inc.","68071-4954","hydroxyzine pamoate","HYDROXYZINE PAMOATE","HUMAN PRESCRIPTION DRUG","04/23/2019","N/A","ANDA","30 CAPSULE in 1 BOTTLE (68071-4954-3)","Antihistamine [EPC],  Histamine Receptor Antagonists [MoA]","N/A","No","12/31/2026"
"hydroxyzine pamoate","68788-7767-9","25 mg/1","CAPSULE","ORAL","ANDA201507","Preferred Pharmaceuticals, Inc.","68788-7767","hydroxyzine pamoate","HYDROXYZINE PAMOATE","HUMAN PRESCRIPTION DRUG","08/03/2020","N/A","ANDA","90 CAPSULE in 1 CONTAINER (68788-7767-9)","Antihistamine [EPC],  Histamine Receptor Antagonists [MoA]","N/A","No","12/31/2026"
"hydroxyzine pamoate","68788-7767-5","25 mg/1","CAPSULE","ORAL","ANDA201507","Preferred Pharmaceuticals, Inc.","68788-7767","hydroxyzine pamoate","HYDROXYZINE PAMOATE","HUMAN PRESCRIPTION DRUG","08/03/2020","N/A","ANDA","15 CAPSULE in 1 CONTAINER (68788-7767-5)","Antihistamine [EPC],  Histamine Receptor Antagonists [MoA]","N/A","No","12/31/2026"
"hydroxyzine pamoate","68788-7767-3","25 mg/1","CAPSULE","ORAL","ANDA201507","Preferred Pharmaceuticals, Inc.","68788-7767","hydroxyzine pamoate","HYDROXYZINE PAMOATE","HUMAN PRESCRIPTION DRUG","08/03/2020","N/A","ANDA","30 CAPSULE in 1 CONTAINER (68788-7767-3)","Antihistamine [EPC],  Histamine Receptor Antagonists [MoA]","N/A","No","12/31/2026"
"hydroxyzine pamoate","68788-7767-6","25 mg/1","CAPSULE","ORAL","ANDA201507","Preferred Pharmaceuticals, Inc.","68788-7767","hydroxyzine pamoate","HYDROXYZINE PAMOATE","HUMAN PRESCRIPTION DRUG","08/03/2020","N/A","ANDA","60 CAPSULE in 1 CONTAINER (68788-7767-6)","Antihistamine [EPC],  Histamine Receptor Antagonists [MoA]","N/A","No","12/31/2026"
"hydroxyzine pamoate","68788-7767-1","25 mg/1","CAPSULE","ORAL","ANDA201507","Preferred Pharmaceuticals, Inc.","68788-7767","hydroxyzine pamoate","HYDROXYZINE PAMOATE","HUMAN PRESCRIPTION DRUG","08/03/2020","N/A","ANDA","100 CAPSULE in 1 CONTAINER (68788-7767-1)","Antihistamine [EPC],  Histamine Receptor Antagonists [MoA]","N/A","No","12/31/2026"
"hydroxyzine pamoate","68788-8119-3","25 mg/1","CAPSULE","ORAL","ANDA087479","Preferred Pharmaceuticals Inc.","68788-8119","hydroxyzine pamoate","HYDROXYZINE PAMOATE","HUMAN PRESCRIPTION DRUG","12/13/2021","N/A","ANDA","30 CAPSULE in 1 BOTTLE (68788-8119-3)","Antihistamine [EPC],  Histamine Receptor Antagonists [MoA]","N/A","No","12/31/2026"
"hydroxyzine pamoate","68788-8119-9","25 mg/1","CAPSULE","ORAL","ANDA087479","Preferred Pharmaceuticals Inc.","68788-8119","hydroxyzine pamoate","HYDROXYZINE PAMOATE","HUMAN PRESCRIPTION DRUG","12/13/2021","N/A","ANDA","90 CAPSULE in 1 BOTTLE (68788-8119-9)","Antihistamine [EPC],  Histamine Receptor Antagonists [MoA]","N/A","No","12/31/2026"
"hydroxyzine pamoate","68788-8119-6","25 mg/1","CAPSULE","ORAL","ANDA087479","Preferred Pharmaceuticals Inc.","68788-8119","hydroxyzine pamoate","HYDROXYZINE PAMOATE","HUMAN PRESCRIPTION DRUG","12/13/2021","N/A","ANDA","60 CAPSULE in 1 BOTTLE (68788-8119-6)","Antihistamine [EPC],  Histamine Receptor Antagonists [MoA]","N/A","No","12/31/2026"
"hydroxyzine pamoate","68788-8119-1","25 mg/1","CAPSULE","ORAL","ANDA087479","Preferred Pharmaceuticals Inc.","68788-8119","hydroxyzine pamoate","HYDROXYZINE PAMOATE","HUMAN PRESCRIPTION DRUG","12/13/2021","N/A","ANDA","100 CAPSULE in 1 BOTTLE (68788-8119-1)","Antihistamine [EPC],  Histamine Receptor Antagonists [MoA]","N/A","No","12/31/2026"
"hydroxyzine pamoate","68788-8119-5","25 mg/1","CAPSULE","ORAL","ANDA087479","Preferred Pharmaceuticals Inc.","68788-8119","hydroxyzine pamoate","HYDROXYZINE PAMOATE","HUMAN PRESCRIPTION DRUG","12/13/2021","N/A","ANDA","15 CAPSULE in 1 BOTTLE (68788-8119-5)","Antihistamine [EPC],  Histamine Receptor Antagonists [MoA]","N/A","No","12/31/2026"
"hydroxyzine pamoate","68788-8789-3","50 mg/1","CAPSULE","ORAL","ANDA201507","Preferred Pharmaceuticals Inc.","68788-8789","hydroxyzine pamoate","HYDROXYZINE PAMOATE","HUMAN PRESCRIPTION DRUG","12/16/2024","N/A","ANDA","30 CAPSULE in 1 CONTAINER (68788-8789-3)","Antihistamine [EPC],  Histamine Receptor Antagonists [MoA]","N/A","No","12/31/2027"
"hydroxyzine pamoate","70518-0209-1","25 mg/1","CAPSULE","ORAL","ANDA087479","REMEDYREPACK INC.","70518-0209","hydroxyzine pamoate","HYDROXYZINE PAMOATE","HUMAN PRESCRIPTION DRUG","02/16/2017","N/A","ANDA","30 CAPSULE in 1 BLISTER PACK (70518-0209-1)","Antihistamine [EPC],  Histamine Receptor Antagonists [MoA]","N/A","No","12/31/2027"
"hydroxyzine pamoate","70518-0209-0","25 mg/1","CAPSULE","ORAL","ANDA087479","REMEDYREPACK INC.","70518-0209","hydroxyzine pamoate","HYDROXYZINE PAMOATE","HUMAN PRESCRIPTION DRUG","02/09/2017","N/A","ANDA","30 CAPSULE in 1 BOTTLE, PLASTIC (70518-0209-0)","Antihistamine [EPC],  Histamine Receptor Antagonists [MoA]","N/A","No","12/31/2027"
"hydroxyzine pamoate","70518-1504-3","25 mg/1","CAPSULE","ORAL","ANDA087479","REMEDYREPACK INC.","70518-1504","hydroxyzine pamoate","HYDROXYZINE PAMOATE","HUMAN PRESCRIPTION DRUG","08/04/2021","N/A","ANDA","100 POUCH in 1 BOX (70518-1504-3)  / 1 CAPSULE in 1 POUCH (70518-1504-4)","Antihistamine [EPC],  Histamine Receptor Antagonists [MoA]","N/A","No","12/31/2027"
"hydroxyzine pamoate","70518-1504-2","25 mg/1","CAPSULE","ORAL","ANDA087479","REMEDYREPACK INC.","70518-1504","hydroxyzine pamoate","HYDROXYZINE PAMOATE","HUMAN PRESCRIPTION DRUG","09/27/2019","N/A","ANDA","30 CAPSULE in 1 BOTTLE, PLASTIC (70518-1504-2)","Antihistamine [EPC],  Histamine Receptor Antagonists [MoA]","N/A","No","12/31/2027"
"hydroxyzine pamoate","70518-1504-0","25 mg/1","CAPSULE","ORAL","ANDA087479","REMEDYREPACK INC.","70518-1504","hydroxyzine pamoate","HYDROXYZINE PAMOATE","HUMAN PRESCRIPTION DRUG","10/08/2018","N/A","ANDA","30 CAPSULE in 1 BLISTER PACK (70518-1504-0)","Antihistamine [EPC],  Histamine Receptor Antagonists [MoA]","N/A","No","12/31/2027"
"hydroxyzine pamoate","70518-1504-1","25 mg/1","CAPSULE","ORAL","ANDA087479","REMEDYREPACK INC.","70518-1504","hydroxyzine pamoate","HYDROXYZINE PAMOATE","HUMAN PRESCRIPTION DRUG","09/17/2019","N/A","ANDA","60 CAPSULE in 1 BLISTER PACK (70518-1504-1)","Antihistamine [EPC],  Histamine Receptor Antagonists [MoA]","N/A","No","12/31/2027"
"Hydroxyzine Pamoate","70518-2769-0","100 mg/1","CAPSULE","ORAL","ANDA088488","REMEDYREPACK INC.","70518-2769","Hydroxyzine Pamoate","HYDROXYZINE PAMOATE","HUMAN PRESCRIPTION DRUG","06/08/2020","N/A","ANDA","30 CAPSULE in 1 BLISTER PACK (70518-2769-0)","Antihistamine [EPC],  Histamine Receptor Antagonists [MoA]","N/A","No","12/31/2027"
"Hydroxyzine pamoate","70518-3232-3","50 mg/1","CAPSULE","ORAL","ANDA086183","REMEDYREPACK INC.","70518-3232","Hydroxyzine Pamoate","HYDROXYZINE PAMOATE","HUMAN PRESCRIPTION DRUG","03/31/2023","N/A","ANDA","30 CAPSULE in 1 BLISTER PACK (70518-3232-3)","Antihistamine [EPC],  Histamine Receptor Antagonists [MoA]","N/A","No","12/31/2027"
"Hydroxyzine pamoate","70518-3232-4","50 mg/1","CAPSULE","ORAL","ANDA086183","REMEDYREPACK INC.","70518-3232","Hydroxyzine Pamoate","HYDROXYZINE PAMOATE","HUMAN PRESCRIPTION DRUG","12/05/2023","N/A","ANDA","100 POUCH in 1 BOX (70518-3232-4)  / 1 CAPSULE in 1 POUCH (70518-3232-5)","Antihistamine [EPC],  Histamine Receptor Antagonists [MoA]","N/A","No","12/31/2027"
"Hydroxyzine pamoate","70518-3232-7","50 mg/1","CAPSULE","ORAL","ANDA086183","REMEDYREPACK INC.","70518-3232","Hydroxyzine Pamoate","HYDROXYZINE PAMOATE","HUMAN PRESCRIPTION DRUG","06/24/2024","N/A","ANDA","30 CAPSULE in 1 BLISTER PACK (70518-3232-7)","Antihistamine [EPC],  Histamine Receptor Antagonists [MoA]","N/A","No","12/31/2027"
"hydroxyzine pamoate","70518-4463-1","50 mg/1","CAPSULE","ORAL","ANDA201507","REMEDYREPACK INC.","70518-4463","hydroxyzine pamoate","HYDROXYZINE PAMOATE","HUMAN PRESCRIPTION DRUG","09/11/2025","N/A","ANDA","30 CAPSULE in 1 BLISTER PACK (70518-4463-1)","Antihistamine [EPC],  Histamine Receptor Antagonists [MoA]","N/A","No","12/31/2026"
"hydroxyzine pamoate","70518-4463-0","50 mg/1","CAPSULE","ORAL","ANDA201507","REMEDYREPACK INC.","70518-4463","hydroxyzine pamoate","HYDROXYZINE PAMOATE","HUMAN PRESCRIPTION DRUG","08/30/2025","N/A","ANDA","21 CAPSULE in 1 BLISTER PACK (70518-4463-0)","Antihistamine [EPC],  Histamine Receptor Antagonists [MoA]","N/A","No","12/31/2026"
"Hydroxyzine Pamoate","71205-087-90","25 mg/1","CAPSULE","ORAL","ANDA040156","Proficient Rx LP","71205-087","Hydroxyzine Pamoate","HYDROXYZINE PAMOATE","HUMAN PRESCRIPTION DRUG","08/01/2018","N/A","ANDA","90 CAPSULE in 1 BOTTLE, PLASTIC (71205-087-90)","Antihistamine [EPC],  Histamine Receptor Antagonists [MoA]","N/A","No","12/31/2026"
"Hydroxyzine Pamoate","71205-087-30","25 mg/1","CAPSULE","ORAL","ANDA040156","Proficient Rx LP","71205-087","Hydroxyzine Pamoate","HYDROXYZINE PAMOATE","HUMAN PRESCRIPTION DRUG","08/01/2018","N/A","ANDA","30 CAPSULE in 1 BOTTLE, PLASTIC (71205-087-30)","Antihistamine [EPC],  Histamine Receptor Antagonists [MoA]","N/A","No","12/31/2026"
"Hydroxyzine Pamoate","71205-087-60","25 mg/1","CAPSULE","ORAL","ANDA040156","Proficient Rx LP","71205-087","Hydroxyzine Pamoate","HYDROXYZINE PAMOATE","HUMAN PRESCRIPTION DRUG","08/01/2018","N/A","ANDA","60 CAPSULE in 1 BOTTLE, PLASTIC (71205-087-60)","Antihistamine [EPC],  Histamine Receptor Antagonists [MoA]","N/A","No","12/31/2026"
"Hydroxyzine Pamoate","71205-087-20","25 mg/1","CAPSULE","ORAL","ANDA040156","Proficient Rx LP","71205-087","Hydroxyzine Pamoate","HYDROXYZINE PAMOATE","HUMAN PRESCRIPTION DRUG","08/01/2018","N/A","ANDA","20 CAPSULE in 1 BOTTLE, PLASTIC (71205-087-20)","Antihistamine [EPC],  Histamine Receptor Antagonists [MoA]","N/A","No","12/31/2026"
"Hydroxyzine Pamoate","71205-087-15","25 mg/1","CAPSULE","ORAL","ANDA040156","Proficient Rx LP","71205-087","Hydroxyzine Pamoate","HYDROXYZINE PAMOATE","HUMAN PRESCRIPTION DRUG","08/01/2018","N/A","ANDA","15 CAPSULE in 1 BOTTLE, PLASTIC (71205-087-15)","Antihistamine [EPC],  Histamine Receptor Antagonists [MoA]","N/A","No","12/31/2026"
"Hydroxyzine Pamoate","71205-123-15","25 mg/1","CAPSULE","ORAL","ANDA040156","Proficient Rx LP","71205-123","Hydroxyzine Pamoate","HYDROXYZINE PAMOATE","HUMAN PRESCRIPTION DRUG","10/01/2018","N/A","ANDA","15 CAPSULE in 1 BOTTLE, PLASTIC (71205-123-15)","Antihistamine [EPC],  Histamine Receptor Antagonists [MoA]","N/A","No","12/31/2026"
"Hydroxyzine Pamoate","71205-123-20","25 mg/1","CAPSULE","ORAL","ANDA040156","Proficient Rx LP","71205-123","Hydroxyzine Pamoate","HYDROXYZINE PAMOATE","HUMAN PRESCRIPTION DRUG","10/01/2018","N/A","ANDA","20 CAPSULE in 1 BOTTLE, PLASTIC (71205-123-20)","Antihistamine [EPC],  Histamine Receptor Antagonists [MoA]","N/A","No","12/31/2026"
"Hydroxyzine Pamoate","71205-123-30","25 mg/1","CAPSULE","ORAL","ANDA040156","Proficient Rx LP","71205-123","Hydroxyzine Pamoate","HYDROXYZINE PAMOATE","HUMAN PRESCRIPTION DRUG","10/01/2018","N/A","ANDA","30 CAPSULE in 1 BOTTLE, PLASTIC (71205-123-30)","Antihistamine [EPC],  Histamine Receptor Antagonists [MoA]","N/A","No","12/31/2026"
"Hydroxyzine Pamoate","71205-123-90","25 mg/1","CAPSULE","ORAL","ANDA040156","Proficient Rx LP","71205-123","Hydroxyzine Pamoate","HYDROXYZINE PAMOATE","HUMAN PRESCRIPTION DRUG","10/01/2018","N/A","ANDA","90 CAPSULE in 1 BOTTLE, PLASTIC (71205-123-90)","Antihistamine [EPC],  Histamine Receptor Antagonists [MoA]","N/A","No","12/31/2026"
"Hydroxyzine Pamoate","71205-123-60","25 mg/1","CAPSULE","ORAL","ANDA040156","Proficient Rx LP","71205-123","Hydroxyzine Pamoate","HYDROXYZINE PAMOATE","HUMAN PRESCRIPTION DRUG","10/01/2018","N/A","ANDA","60 CAPSULE in 1 BOTTLE, PLASTIC (71205-123-60)","Antihistamine [EPC],  Histamine Receptor Antagonists [MoA]","N/A","No","12/31/2026"
"hydroxyzine pamoate","71205-433-90","25 mg/1","CAPSULE","ORAL","ANDA201507","Proficient Rx LP","71205-433","hydroxyzine pamoate","HYDROXYZINE PAMOATE","HUMAN PRESCRIPTION DRUG","03/18/2020","N/A","ANDA","90 CAPSULE in 1 BOTTLE (71205-433-90)","Antihistamine [EPC],  Histamine Receptor Antagonists [MoA]","N/A","No","12/31/2026"
"hydroxyzine pamoate","71205-433-30","25 mg/1","CAPSULE","ORAL","ANDA201507","Proficient Rx LP","71205-433","hydroxyzine pamoate","HYDROXYZINE PAMOATE","HUMAN PRESCRIPTION DRUG","03/18/2020","N/A","ANDA","30 CAPSULE in 1 BOTTLE (71205-433-30)","Antihistamine [EPC],  Histamine Receptor Antagonists [MoA]","N/A","No","12/31/2026"
"hydroxyzine pamoate","71205-433-60","25 mg/1","CAPSULE","ORAL","ANDA201507","Proficient Rx LP","71205-433","hydroxyzine pamoate","HYDROXYZINE PAMOATE","HUMAN PRESCRIPTION DRUG","03/18/2020","N/A","ANDA","60 CAPSULE in 1 BOTTLE (71205-433-60)","Antihistamine [EPC],  Histamine Receptor Antagonists [MoA]","N/A","No","12/31/2026"
"Hydroxyzine Pamoate","71205-483-90","25 mg/1","CAPSULE","ORAL","ANDA088496","Proficient Rx LP","71205-483","Hydroxyzine Pamoate","HYDROXYZINE PAMOATE","HUMAN PRESCRIPTION DRUG","10/08/2020","N/A","ANDA","90 CAPSULE in 1 BOTTLE (71205-483-90)","Antihistamine [EPC],  Histamine Receptor Antagonists [MoA]","N/A","No","12/31/2026"
"Hydroxyzine Pamoate","71205-483-60","25 mg/1","CAPSULE","ORAL","ANDA088496","Proficient Rx LP","71205-483","Hydroxyzine Pamoate","HYDROXYZINE PAMOATE","HUMAN PRESCRIPTION DRUG","10/08/2020","N/A","ANDA","60 CAPSULE in 1 BOTTLE (71205-483-60)","Antihistamine [EPC],  Histamine Receptor Antagonists [MoA]","N/A","No","12/31/2026"
"Hydroxyzine Pamoate","71205-483-30","25 mg/1","CAPSULE","ORAL","ANDA088496","Proficient Rx LP","71205-483","Hydroxyzine Pamoate","HYDROXYZINE PAMOATE","HUMAN PRESCRIPTION DRUG","10/08/2020","N/A","ANDA","30 CAPSULE in 1 BOTTLE (71205-483-30)","Antihistamine [EPC],  Histamine Receptor Antagonists [MoA]","N/A","No","12/31/2026"
"hydroxyzine pamoate","71205-558-90","25 mg/1","CAPSULE","ORAL","ANDA087479","Proficient Rx LP","71205-558","hydroxyzine pamoate","HYDROXYZINE PAMOATE","HUMAN PRESCRIPTION DRUG","05/03/2021","N/A","ANDA","90 CAPSULE in 1 BOTTLE (71205-558-90)","Antihistamine [EPC],  Histamine Receptor Antagonists [MoA]","N/A","No","12/31/2026"
"hydroxyzine pamoate","71205-558-60","25 mg/1","CAPSULE","ORAL","ANDA087479","Proficient Rx LP","71205-558","hydroxyzine pamoate","HYDROXYZINE PAMOATE","HUMAN PRESCRIPTION DRUG","05/03/2021","N/A","ANDA","60 CAPSULE in 1 BOTTLE (71205-558-60)","Antihistamine [EPC],  Histamine Receptor Antagonists [MoA]","N/A","No","12/31/2026"
"hydroxyzine pamoate","71205-558-30","25 mg/1","CAPSULE","ORAL","ANDA087479","Proficient Rx LP","71205-558","hydroxyzine pamoate","HYDROXYZINE PAMOATE","HUMAN PRESCRIPTION DRUG","05/03/2021","N/A","ANDA","30 CAPSULE in 1 BOTTLE (71205-558-30)","Antihistamine [EPC],  Histamine Receptor Antagonists [MoA]","N/A","No","12/31/2026"
"Hydroxyzine Pamoate","71335-0998-6","25 mg/1","CAPSULE","ORAL","ANDA040156","Bryant Ranch Prepack","71335-0998","Hydroxyzine Pamoate","HYDROXYZINE PAMOATE","HUMAN PRESCRIPTION DRUG","09/30/2021","N/A","ANDA","60 CAPSULE in 1 BOTTLE (71335-0998-6)","Antihistamine [EPC],  Histamine Receptor Antagonists [MoA]","N/A","No","12/31/2026"
"Hydroxyzine Pamoate","71335-0998-3","25 mg/1","CAPSULE","ORAL","ANDA040156","Bryant Ranch Prepack","71335-0998","Hydroxyzine Pamoate","HYDROXYZINE PAMOATE","HUMAN PRESCRIPTION DRUG","12/28/2021","N/A","ANDA","100 CAPSULE in 1 BOTTLE (71335-0998-3)","Antihistamine [EPC],  Histamine Receptor Antagonists [MoA]","N/A","No","12/31/2026"
"Hydroxyzine Pamoate","71335-0998-5","25 mg/1","CAPSULE","ORAL","ANDA040156","Bryant Ranch Prepack","71335-0998","Hydroxyzine Pamoate","HYDROXYZINE PAMOATE","HUMAN PRESCRIPTION DRUG","11/27/2018","N/A","ANDA","15 CAPSULE in 1 BOTTLE (71335-0998-5)","Antihistamine [EPC],  Histamine Receptor Antagonists [MoA]","N/A","No","12/31/2026"
"Hydroxyzine Pamoate","71335-0998-8","25 mg/1","CAPSULE","ORAL","ANDA040156","Bryant Ranch Prepack","71335-0998","Hydroxyzine Pamoate","HYDROXYZINE PAMOATE","HUMAN PRESCRIPTION DRUG","12/28/2021","N/A","ANDA","120 CAPSULE in 1 BOTTLE (71335-0998-8)","Antihistamine [EPC],  Histamine Receptor Antagonists [MoA]","N/A","No","12/31/2026"
"Hydroxyzine Pamoate","71335-0998-9","25 mg/1","CAPSULE","ORAL","ANDA040156","Bryant Ranch Prepack","71335-0998","Hydroxyzine Pamoate","HYDROXYZINE PAMOATE","HUMAN PRESCRIPTION DRUG","12/28/2021","N/A","ANDA","42 CAPSULE in 1 BOTTLE (71335-0998-9)","Antihistamine [EPC],  Histamine Receptor Antagonists [MoA]","N/A","No","12/31/2026"
"Hydroxyzine Pamoate","71335-0998-4","25 mg/1","CAPSULE","ORAL","ANDA040156","Bryant Ranch Prepack","71335-0998","Hydroxyzine Pamoate","HYDROXYZINE PAMOATE","HUMAN PRESCRIPTION DRUG","12/28/2021","N/A","ANDA","10 CAPSULE in 1 BOTTLE (71335-0998-4)","Antihistamine [EPC],  Histamine Receptor Antagonists [MoA]","N/A","No","12/31/2026"
"Hydroxyzine Pamoate","71335-0998-2","25 mg/1","CAPSULE","ORAL","ANDA040156","Bryant Ranch Prepack","71335-0998","Hydroxyzine Pamoate","HYDROXYZINE PAMOATE","HUMAN PRESCRIPTION DRUG","11/12/2018","N/A","ANDA","30 CAPSULE in 1 BOTTLE (71335-0998-2)","Antihistamine [EPC],  Histamine Receptor Antagonists [MoA]","N/A","No","12/31/2026"
"Hydroxyzine Pamoate","71335-0998-1","25 mg/1","CAPSULE","ORAL","ANDA040156","Bryant Ranch Prepack","71335-0998","Hydroxyzine Pamoate","HYDROXYZINE PAMOATE","HUMAN PRESCRIPTION DRUG","08/31/2020","N/A","ANDA","20 CAPSULE in 1 BOTTLE (71335-0998-1)","Antihistamine [EPC],  Histamine Receptor Antagonists [MoA]","N/A","No","12/31/2026"
"Hydroxyzine Pamoate","71335-0998-7","25 mg/1","CAPSULE","ORAL","ANDA040156","Bryant Ranch Prepack","71335-0998","Hydroxyzine Pamoate","HYDROXYZINE PAMOATE","HUMAN PRESCRIPTION DRUG","09/16/2021","N/A","ANDA","90 CAPSULE in 1 BOTTLE (71335-0998-7)","Antihistamine [EPC],  Histamine Receptor Antagonists [MoA]","N/A","No","12/31/2026"
"hydroxyzine pamoate","71335-1265-6","50 mg/1","CAPSULE","ORAL","ANDA201507","Bryant Ranch Prepack","71335-1265","hydroxyzine pamoate","HYDROXYZINE PAMOATE","HUMAN PRESCRIPTION DRUG","01/06/2020","N/A","ANDA","42 CAPSULE in 1 BOTTLE (71335-1265-6)","Antihistamine [EPC],  Histamine Receptor Antagonists [MoA]","N/A","No","12/31/2026"
"hydroxyzine pamoate","71335-1265-5","50 mg/1","CAPSULE","ORAL","ANDA201507","Bryant Ranch Prepack","71335-1265","hydroxyzine pamoate","HYDROXYZINE PAMOATE","HUMAN PRESCRIPTION DRUG","06/24/2019","N/A","ANDA","20 CAPSULE in 1 BOTTLE (71335-1265-5)","Antihistamine [EPC],  Histamine Receptor Antagonists [MoA]","N/A","No","12/31/2026"
"hydroxyzine pamoate","71335-1265-2","50 mg/1","CAPSULE","ORAL","ANDA201507","Bryant Ranch Prepack","71335-1265","hydroxyzine pamoate","HYDROXYZINE PAMOATE","HUMAN PRESCRIPTION DRUG","05/17/2024","N/A","ANDA","60 CAPSULE in 1 BOTTLE (71335-1265-2)","Antihistamine [EPC],  Histamine Receptor Antagonists [MoA]","N/A","No","12/31/2026"
"hydroxyzine pamoate","71335-1265-3","50 mg/1","CAPSULE","ORAL","ANDA201507","Bryant Ranch Prepack","71335-1265","hydroxyzine pamoate","HYDROXYZINE PAMOATE","HUMAN PRESCRIPTION DRUG","05/17/2024","N/A","ANDA","90 CAPSULE in 1 BOTTLE (71335-1265-3)","Antihistamine [EPC],  Histamine Receptor Antagonists [MoA]","N/A","No","12/31/2026"
"hydroxyzine pamoate","71335-1265-4","50 mg/1","CAPSULE","ORAL","ANDA201507","Bryant Ranch Prepack","71335-1265","hydroxyzine pamoate","HYDROXYZINE PAMOATE","HUMAN PRESCRIPTION DRUG","05/17/2024","N/A","ANDA","8 CAPSULE in 1 BOTTLE (71335-1265-4)","Antihistamine [EPC],  Histamine Receptor Antagonists [MoA]","N/A","No","12/31/2026"
"hydroxyzine pamoate","71335-1265-1","50 mg/1","CAPSULE","ORAL","ANDA201507","Bryant Ranch Prepack","71335-1265","hydroxyzine pamoate","HYDROXYZINE PAMOATE","HUMAN PRESCRIPTION DRUG","07/29/2019","N/A","ANDA","30 CAPSULE in 1 BOTTLE (71335-1265-1)","Antihistamine [EPC],  Histamine Receptor Antagonists [MoA]","N/A","No","12/31/2026"
"hydroxyzine pamoate","71335-1325-1","25 mg/1","CAPSULE","ORAL","ANDA201507","Bryant Ranch Prepack","71335-1325","hydroxyzine pamoate","HYDROXYZINE PAMOATE","HUMAN PRESCRIPTION DRUG","08/28/2019","N/A","ANDA","20 CAPSULE in 1 BOTTLE (71335-1325-1)","Antihistamine [EPC],  Histamine Receptor Antagonists [MoA]","N/A","No","12/31/2026"
"hydroxyzine pamoate","71335-1325-4","25 mg/1","CAPSULE","ORAL","ANDA201507","Bryant Ranch Prepack","71335-1325","hydroxyzine pamoate","HYDROXYZINE PAMOATE","HUMAN PRESCRIPTION DRUG","09/19/2022","N/A","ANDA","10 CAPSULE in 1 BOTTLE (71335-1325-4)","Antihistamine [EPC],  Histamine Receptor Antagonists [MoA]","N/A","No","12/31/2026"
"hydroxyzine pamoate","71335-1325-9","25 mg/1","CAPSULE","ORAL","ANDA201507","Bryant Ranch Prepack","71335-1325","hydroxyzine pamoate","HYDROXYZINE PAMOATE","HUMAN PRESCRIPTION DRUG","09/19/2022","N/A","ANDA","42 CAPSULE in 1 BOTTLE (71335-1325-9)","Antihistamine [EPC],  Histamine Receptor Antagonists [MoA]","N/A","No","12/31/2026"
"hydroxyzine pamoate","71335-1325-8","25 mg/1","CAPSULE","ORAL","ANDA201507","Bryant Ranch Prepack","71335-1325","hydroxyzine pamoate","HYDROXYZINE PAMOATE","HUMAN PRESCRIPTION DRUG","09/19/2022","N/A","ANDA","120 CAPSULE in 1 BOTTLE (71335-1325-8)","Antihistamine [EPC],  Histamine Receptor Antagonists [MoA]","N/A","No","12/31/2026"
"hydroxyzine pamoate","71335-1325-2","25 mg/1","CAPSULE","ORAL","ANDA201507","Bryant Ranch Prepack","71335-1325","hydroxyzine pamoate","HYDROXYZINE PAMOATE","HUMAN PRESCRIPTION DRUG","08/28/2019","N/A","ANDA","30 CAPSULE in 1 BOTTLE (71335-1325-2)","Antihistamine [EPC],  Histamine Receptor Antagonists [MoA]","N/A","No","12/31/2026"
"hydroxyzine pamoate","71335-1325-6","25 mg/1","CAPSULE","ORAL","ANDA201507","Bryant Ranch Prepack","71335-1325","hydroxyzine pamoate","HYDROXYZINE PAMOATE","HUMAN PRESCRIPTION DRUG","12/22/2021","N/A","ANDA","60 CAPSULE in 1 BOTTLE (71335-1325-6)","Antihistamine [EPC],  Histamine Receptor Antagonists [MoA]","N/A","No","12/31/2026"
"hydroxyzine pamoate","71335-1325-7","25 mg/1","CAPSULE","ORAL","ANDA201507","Bryant Ranch Prepack","71335-1325","hydroxyzine pamoate","HYDROXYZINE PAMOATE","HUMAN PRESCRIPTION DRUG","09/30/2021","N/A","ANDA","90 CAPSULE in 1 BOTTLE (71335-1325-7)","Antihistamine [EPC],  Histamine Receptor Antagonists [MoA]","N/A","No","12/31/2026"
"hydroxyzine pamoate","71335-1325-5","25 mg/1","CAPSULE","ORAL","ANDA201507","Bryant Ranch Prepack","71335-1325","hydroxyzine pamoate","HYDROXYZINE PAMOATE","HUMAN PRESCRIPTION DRUG","09/19/2022","N/A","ANDA","15 CAPSULE in 1 BOTTLE (71335-1325-5)","Antihistamine [EPC],  Histamine Receptor Antagonists [MoA]","N/A","No","12/31/2026"
"hydroxyzine pamoate","71335-1325-3","25 mg/1","CAPSULE","ORAL","ANDA201507","Bryant Ranch Prepack","71335-1325","hydroxyzine pamoate","HYDROXYZINE PAMOATE","HUMAN PRESCRIPTION DRUG","09/19/2022","N/A","ANDA","100 CAPSULE in 1 BOTTLE (71335-1325-3)","Antihistamine [EPC],  Histamine Receptor Antagonists [MoA]","N/A","No","12/31/2026"
"hydroxyzine pamoate","71335-1714-5","25 mg/1","CAPSULE","ORAL","ANDA087479","Bryant Ranch Prepack","71335-1714","hydroxyzine pamoate","HYDROXYZINE PAMOATE","HUMAN PRESCRIPTION DRUG","12/29/2021","N/A","ANDA","15 CAPSULE in 1 BOTTLE (71335-1714-5)","Antihistamine [EPC],  Histamine Receptor Antagonists [MoA]","N/A","No","12/31/2026"
"hydroxyzine pamoate","71335-1714-9","25 mg/1","CAPSULE","ORAL","ANDA087479","Bryant Ranch Prepack","71335-1714","hydroxyzine pamoate","HYDROXYZINE PAMOATE","HUMAN PRESCRIPTION DRUG","12/29/2021","N/A","ANDA","42 CAPSULE in 1 BOTTLE (71335-1714-9)","Antihistamine [EPC],  Histamine Receptor Antagonists [MoA]","N/A","No","12/31/2026"
"hydroxyzine pamoate","71335-1714-8","25 mg/1","CAPSULE","ORAL","ANDA087479","Bryant Ranch Prepack","71335-1714","hydroxyzine pamoate","HYDROXYZINE PAMOATE","HUMAN PRESCRIPTION DRUG","12/29/2021","N/A","ANDA","120 CAPSULE in 1 BOTTLE (71335-1714-8)","Antihistamine [EPC],  Histamine Receptor Antagonists [MoA]","N/A","No","12/31/2026"
"hydroxyzine pamoate","71335-1714-6","25 mg/1","CAPSULE","ORAL","ANDA087479","Bryant Ranch Prepack","71335-1714","hydroxyzine pamoate","HYDROXYZINE PAMOATE","HUMAN PRESCRIPTION DRUG","07/14/2021","N/A","ANDA","60 CAPSULE in 1 BOTTLE (71335-1714-6)","Antihistamine [EPC],  Histamine Receptor Antagonists [MoA]","N/A","No","12/31/2026"
"hydroxyzine pamoate","71335-1714-4","25 mg/1","CAPSULE","ORAL","ANDA087479","Bryant Ranch Prepack","71335-1714","hydroxyzine pamoate","HYDROXYZINE PAMOATE","HUMAN PRESCRIPTION DRUG","12/29/2021","N/A","ANDA","10 CAPSULE in 1 BOTTLE (71335-1714-4)","Antihistamine [EPC],  Histamine Receptor Antagonists [MoA]","N/A","No","12/31/2026"
"hydroxyzine pamoate","71335-1714-7","25 mg/1","CAPSULE","ORAL","ANDA087479","Bryant Ranch Prepack","71335-1714","hydroxyzine pamoate","HYDROXYZINE PAMOATE","HUMAN PRESCRIPTION DRUG","03/19/2021","N/A","ANDA","90 CAPSULE in 1 BOTTLE (71335-1714-7)","Antihistamine [EPC],  Histamine Receptor Antagonists [MoA]","N/A","No","12/31/2026"
"hydroxyzine pamoate","71335-1714-3","25 mg/1","CAPSULE","ORAL","ANDA087479","Bryant Ranch Prepack","71335-1714","hydroxyzine pamoate","HYDROXYZINE PAMOATE","HUMAN PRESCRIPTION DRUG","12/29/2021","N/A","ANDA","100 CAPSULE in 1 BOTTLE (71335-1714-3)","Antihistamine [EPC],  Histamine Receptor Antagonists [MoA]","N/A","No","12/31/2026"
"hydroxyzine pamoate","71335-1714-2","25 mg/1","CAPSULE","ORAL","ANDA087479","Bryant Ranch Prepack","71335-1714","hydroxyzine pamoate","HYDROXYZINE PAMOATE","HUMAN PRESCRIPTION DRUG","10/15/2020","N/A","ANDA","30 CAPSULE in 1 BOTTLE (71335-1714-2)","Antihistamine [EPC],  Histamine Receptor Antagonists [MoA]","N/A","No","12/31/2026"
"hydroxyzine pamoate","71335-1714-1","25 mg/1","CAPSULE","ORAL","ANDA087479","Bryant Ranch Prepack","71335-1714","hydroxyzine pamoate","HYDROXYZINE PAMOATE","HUMAN PRESCRIPTION DRUG","05/07/2021","N/A","ANDA","20 CAPSULE in 1 BOTTLE (71335-1714-1)","Antihistamine [EPC],  Histamine Receptor Antagonists [MoA]","N/A","No","12/31/2026"
"Hydroxyzine Pamoate","71335-1923-4","50 mg/1","CAPSULE","ORAL","ANDA040156","Bryant Ranch Prepack","71335-1923","Hydroxyzine Pamoate","HYDROXYZINE PAMOATE","HUMAN PRESCRIPTION DRUG","02/14/2022","N/A","ANDA","8 CAPSULE in 1 BOTTLE, PLASTIC (71335-1923-4)","Antihistamine [EPC],  Histamine Receptor Antagonists [MoA]","N/A","No","12/31/2026"
"Hydroxyzine Pamoate","71335-1923-6","50 mg/1","CAPSULE","ORAL","ANDA040156","Bryant Ranch Prepack","71335-1923","Hydroxyzine Pamoate","HYDROXYZINE PAMOATE","HUMAN PRESCRIPTION DRUG","02/14/2022","N/A","ANDA","42 CAPSULE in 1 BOTTLE, PLASTIC (71335-1923-6)","Antihistamine [EPC],  Histamine Receptor Antagonists [MoA]","N/A","No","12/31/2026"
"Hydroxyzine Pamoate","71335-1923-1","50 mg/1","CAPSULE","ORAL","ANDA040156","Bryant Ranch Prepack","71335-1923","Hydroxyzine Pamoate","HYDROXYZINE PAMOATE","HUMAN PRESCRIPTION DRUG","01/20/2022","N/A","ANDA","30 CAPSULE in 1 BOTTLE, PLASTIC (71335-1923-1)","Antihistamine [EPC],  Histamine Receptor Antagonists [MoA]","N/A","No","12/31/2026"
"Hydroxyzine Pamoate","71335-1923-2","50 mg/1","CAPSULE","ORAL","ANDA040156","Bryant Ranch Prepack","71335-1923","Hydroxyzine Pamoate","HYDROXYZINE PAMOATE","HUMAN PRESCRIPTION DRUG","02/14/2022","N/A","ANDA","60 CAPSULE in 1 BOTTLE, PLASTIC (71335-1923-2)","Antihistamine [EPC],  Histamine Receptor Antagonists [MoA]","N/A","No","12/31/2026"
"Hydroxyzine Pamoate","71335-1923-3","50 mg/1","CAPSULE","ORAL","ANDA040156","Bryant Ranch Prepack","71335-1923","Hydroxyzine Pamoate","HYDROXYZINE PAMOATE","HUMAN PRESCRIPTION DRUG","01/11/2022","N/A","ANDA","90 CAPSULE in 1 BOTTLE, PLASTIC (71335-1923-3)","Antihistamine [EPC],  Histamine Receptor Antagonists [MoA]","N/A","No","12/31/2026"
"Hydroxyzine Pamoate","71335-1923-5","50 mg/1","CAPSULE","ORAL","ANDA040156","Bryant Ranch Prepack","71335-1923","Hydroxyzine Pamoate","HYDROXYZINE PAMOATE","HUMAN PRESCRIPTION DRUG","02/14/2022","N/A","ANDA","20 CAPSULE in 1 BOTTLE, PLASTIC (71335-1923-5)","Antihistamine [EPC],  Histamine Receptor Antagonists [MoA]","N/A","No","12/31/2026"
"Hydroxyzine pamoate","71335-2076-6","50 mg/1","CAPSULE","ORAL","ANDA086183","Bryant Ranch Prepack","71335-2076","Hydroxyzine Pamoate","HYDROXYZINE PAMOATE","HUMAN PRESCRIPTION DRUG","04/25/2022","N/A","ANDA","42 CAPSULE in 1 BOTTLE (71335-2076-6)","Antihistamine [EPC],  Histamine Receptor Antagonists [MoA]","N/A","No","12/31/2026"
"Hydroxyzine pamoate","71335-2076-5","50 mg/1","CAPSULE","ORAL","ANDA086183","Bryant Ranch Prepack","71335-2076","Hydroxyzine Pamoate","HYDROXYZINE PAMOATE","HUMAN PRESCRIPTION DRUG","04/25/2022","N/A","ANDA","20 CAPSULE in 1 BOTTLE (71335-2076-5)","Antihistamine [EPC],  Histamine Receptor Antagonists [MoA]","N/A","No","12/31/2026"
"Hydroxyzine pamoate","71335-2076-4","50 mg/1","CAPSULE","ORAL","ANDA086183","Bryant Ranch Prepack","71335-2076","Hydroxyzine Pamoate","HYDROXYZINE PAMOATE","HUMAN PRESCRIPTION DRUG","04/25/2022","N/A","ANDA","8 CAPSULE in 1 BOTTLE (71335-2076-4)","Antihistamine [EPC],  Histamine Receptor Antagonists [MoA]","N/A","No","12/31/2026"
"Hydroxyzine pamoate","71335-2076-3","50 mg/1","CAPSULE","ORAL","ANDA086183","Bryant Ranch Prepack","71335-2076","Hydroxyzine Pamoate","HYDROXYZINE PAMOATE","HUMAN PRESCRIPTION DRUG","04/25/2022","N/A","ANDA","90 CAPSULE in 1 BOTTLE (71335-2076-3)","Antihistamine [EPC],  Histamine Receptor Antagonists [MoA]","N/A","No","12/31/2026"
"Hydroxyzine pamoate","71335-2076-2","50 mg/1","CAPSULE","ORAL","ANDA086183","Bryant Ranch Prepack","71335-2076","Hydroxyzine Pamoate","HYDROXYZINE PAMOATE","HUMAN PRESCRIPTION DRUG","04/25/2022","N/A","ANDA","60 CAPSULE in 1 BOTTLE (71335-2076-2)","Antihistamine [EPC],  Histamine Receptor Antagonists [MoA]","N/A","No","12/31/2026"
"Hydroxyzine pamoate","71335-2076-1","50 mg/1","CAPSULE","ORAL","ANDA086183","Bryant Ranch Prepack","71335-2076","Hydroxyzine Pamoate","HYDROXYZINE PAMOATE","HUMAN PRESCRIPTION DRUG","04/25/2022","N/A","ANDA","30 CAPSULE in 1 BOTTLE (71335-2076-1)","Antihistamine [EPC],  Histamine Receptor Antagonists [MoA]","N/A","No","12/31/2026"
"Hydroxyzine Pamoate","71335-2187-6","25 mg/1","CAPSULE","ORAL","ANDA088496","Bryant Ranch Prepack","71335-2187","Hydroxyzine Pamoate","HYDROXYZINE PAMOATE","HUMAN PRESCRIPTION DRUG","11/07/2022","N/A","ANDA","60 CAPSULE in 1 BOTTLE (71335-2187-6)","Antihistamine [EPC],  Histamine Receptor Antagonists [MoA]","N/A","No","12/31/2026"
"Hydroxyzine Pamoate","71335-2187-1","25 mg/1","CAPSULE","ORAL","ANDA088496","Bryant Ranch Prepack","71335-2187","Hydroxyzine Pamoate","HYDROXYZINE PAMOATE","HUMAN PRESCRIPTION DRUG","11/07/2022","N/A","ANDA","20 CAPSULE in 1 BOTTLE (71335-2187-1)","Antihistamine [EPC],  Histamine Receptor Antagonists [MoA]","N/A","No","12/31/2026"
"Hydroxyzine Pamoate","71335-2187-3","25 mg/1","CAPSULE","ORAL","ANDA088496","Bryant Ranch Prepack","71335-2187","Hydroxyzine Pamoate","HYDROXYZINE PAMOATE","HUMAN PRESCRIPTION DRUG","11/07/2022","N/A","ANDA","100 CAPSULE in 1 BOTTLE (71335-2187-3)","Antihistamine [EPC],  Histamine Receptor Antagonists [MoA]","N/A","No","12/31/2026"
"Hydroxyzine Pamoate","71335-2187-7","25 mg/1","CAPSULE","ORAL","ANDA088496","Bryant Ranch Prepack","71335-2187","Hydroxyzine Pamoate","HYDROXYZINE PAMOATE","HUMAN PRESCRIPTION DRUG","11/07/2022","N/A","ANDA","90 CAPSULE in 1 BOTTLE (71335-2187-7)","Antihistamine [EPC],  Histamine Receptor Antagonists [MoA]","N/A","No","12/31/2026"
"Hydroxyzine Pamoate","71335-2187-2","25 mg/1","CAPSULE","ORAL","ANDA088496","Bryant Ranch Prepack","71335-2187","Hydroxyzine Pamoate","HYDROXYZINE PAMOATE","HUMAN PRESCRIPTION DRUG","11/07/2022","N/A","ANDA","30 CAPSULE in 1 BOTTLE (71335-2187-2)","Antihistamine [EPC],  Histamine Receptor Antagonists [MoA]","N/A","No","12/31/2026"
"Hydroxyzine Pamoate","71335-2187-4","25 mg/1","CAPSULE","ORAL","ANDA088496","Bryant Ranch Prepack","71335-2187","Hydroxyzine Pamoate","HYDROXYZINE PAMOATE","HUMAN PRESCRIPTION DRUG","11/07/2022","N/A","ANDA","10 CAPSULE in 1 BOTTLE (71335-2187-4)","Antihistamine [EPC],  Histamine Receptor Antagonists [MoA]","N/A","No","12/31/2026"
"Hydroxyzine Pamoate","71335-2187-8","25 mg/1","CAPSULE","ORAL","ANDA088496","Bryant Ranch Prepack","71335-2187","Hydroxyzine Pamoate","HYDROXYZINE PAMOATE","HUMAN PRESCRIPTION DRUG","11/07/2022","N/A","ANDA","120 CAPSULE in 1 BOTTLE (71335-2187-8)","Antihistamine [EPC],  Histamine Receptor Antagonists [MoA]","N/A","No","12/31/2026"
"Hydroxyzine Pamoate","71335-2187-5","25 mg/1","CAPSULE","ORAL","ANDA088496","Bryant Ranch Prepack","71335-2187","Hydroxyzine Pamoate","HYDROXYZINE PAMOATE","HUMAN PRESCRIPTION DRUG","11/07/2022","N/A","ANDA","15 CAPSULE in 1 BOTTLE (71335-2187-5)","Antihistamine [EPC],  Histamine Receptor Antagonists [MoA]","N/A","No","12/31/2026"
"Hydroxyzine Pamoate","71335-2187-9","25 mg/1","CAPSULE","ORAL","ANDA088496","Bryant Ranch Prepack","71335-2187","Hydroxyzine Pamoate","HYDROXYZINE PAMOATE","HUMAN PRESCRIPTION DRUG","11/07/2022","N/A","ANDA","42 CAPSULE in 1 BOTTLE (71335-2187-9)","Antihistamine [EPC],  Histamine Receptor Antagonists [MoA]","N/A","No","12/31/2026"
"hydroxyzine pamoate","71335-2751-1","25 mg/1","CAPSULE","ORAL","ANDA087479","Bryant Ranch Prepack","71335-2751","hydroxyzine pamoate","HYDROXYZINE PAMOATE","HUMAN PRESCRIPTION DRUG","07/29/2025","N/A","ANDA","30 CAPSULE in 1 BOTTLE (71335-2751-1)","Antihistamine [EPC],  Histamine Receptor Antagonists [MoA]","N/A","No","12/31/2026"
"hydroxyzine pamoate","71335-3003-1","25 mg/1","CAPSULE","ORAL","ANDA087479","Bryant Ranch Prepack","71335-3003","hydroxyzine pamoate","HYDROXYZINE PAMOATE","HUMAN PRESCRIPTION DRUG","11/04/2025","N/A","ANDA","30 CAPSULE in 1 BOTTLE (71335-3003-1)","Antihistamine [EPC],  Histamine Receptor Antagonists [MoA]","N/A","No","12/31/2026"
"Hydroxyzine Pamoate","71610-217-80","25 mg/1","CAPSULE","ORAL","ANDA040156","Aphena Pharma Solutions - Tennessee, LLC","71610-217","Hydroxyzine Pamoate","HYDROXYZINE PAMOATE","HUMAN PRESCRIPTION DRUG","09/09/2021","N/A","ANDA","180 CAPSULE in 1 BOTTLE, PLASTIC (71610-217-80)","Antihistamine [EPC],  Histamine Receptor Antagonists [MoA]","N/A","No","12/31/2026"
"Hydroxyzine Pamoate","71610-217-70","25 mg/1","CAPSULE","ORAL","ANDA040156","Aphena Pharma Solutions - Tennessee, LLC","71610-217","Hydroxyzine Pamoate","HYDROXYZINE PAMOATE","HUMAN PRESCRIPTION DRUG","09/09/2021","N/A","ANDA","120 CAPSULE in 1 BOTTLE, PLASTIC (71610-217-70)","Antihistamine [EPC],  Histamine Receptor Antagonists [MoA]","N/A","No","12/31/2026"
"Hydroxyzine Pamoate","71610-217-60","25 mg/1","CAPSULE","ORAL","ANDA040156","Aphena Pharma Solutions - Tennessee, LLC","71610-217","Hydroxyzine Pamoate","HYDROXYZINE PAMOATE","HUMAN PRESCRIPTION DRUG","01/07/2019","N/A","ANDA","90 CAPSULE in 1 BOTTLE, PLASTIC (71610-217-60)","Antihistamine [EPC],  Histamine Receptor Antagonists [MoA]","N/A","No","12/31/2026"
"Hydroxyzine Pamoate","71610-217-53","25 mg/1","CAPSULE","ORAL","ANDA040156","Aphena Pharma Solutions - Tennessee, LLC","71610-217","Hydroxyzine Pamoate","HYDROXYZINE PAMOATE","HUMAN PRESCRIPTION DRUG","09/09/2021","N/A","ANDA","60 CAPSULE in 1 BOTTLE, PLASTIC (71610-217-53)","Antihistamine [EPC],  Histamine Receptor Antagonists [MoA]","N/A","No","12/31/2026"
"Hydroxyzine Pamoate","71610-217-30","25 mg/1","CAPSULE","ORAL","ANDA040156","Aphena Pharma Solutions - Tennessee, LLC","71610-217","Hydroxyzine Pamoate","HYDROXYZINE PAMOATE","HUMAN PRESCRIPTION DRUG","09/09/2021","N/A","ANDA","30 CAPSULE in 1 BOTTLE, PLASTIC (71610-217-30)","Antihistamine [EPC],  Histamine Receptor Antagonists [MoA]","N/A","No","12/31/2026"
"hydroxyzine pamoate","71610-747-53","25 mg/1","CAPSULE","ORAL","ANDA087479","Aphena Pharma Solutions - Tennessee, LLC","71610-747","hydroxyzine pamoate","HYDROXYZINE PAMOATE","HUMAN PRESCRIPTION DRUG","11/02/2023","N/A","ANDA","60 CAPSULE in 1 BOTTLE (71610-747-53)","Antihistamine [EPC],  Histamine Receptor Antagonists [MoA]","N/A","No","12/31/2026"
"hydroxyzine pamoate","71610-747-60","25 mg/1","CAPSULE","ORAL","ANDA087479","Aphena Pharma Solutions - Tennessee, LLC","71610-747","hydroxyzine pamoate","HYDROXYZINE PAMOATE","HUMAN PRESCRIPTION DRUG","11/15/2023","N/A","ANDA","90 CAPSULE in 1 BOTTLE (71610-747-60)","Antihistamine [EPC],  Histamine Receptor Antagonists [MoA]","N/A","No","12/31/2026"
"hydroxyzine pamoate","71610-747-80","25 mg/1","CAPSULE","ORAL","ANDA087479","Aphena Pharma Solutions - Tennessee, LLC","71610-747","hydroxyzine pamoate","HYDROXYZINE PAMOATE","HUMAN PRESCRIPTION DRUG","11/02/2023","N/A","ANDA","180 CAPSULE in 1 BOTTLE (71610-747-80)","Antihistamine [EPC],  Histamine Receptor Antagonists [MoA]","N/A","No","12/31/2026"
"hydroxyzine pamoate","71610-747-70","25 mg/1","CAPSULE","ORAL","ANDA087479","Aphena Pharma Solutions - Tennessee, LLC","71610-747","hydroxyzine pamoate","HYDROXYZINE PAMOATE","HUMAN PRESCRIPTION DRUG","11/02/2023","N/A","ANDA","120 CAPSULE in 1 BOTTLE (71610-747-70)","Antihistamine [EPC],  Histamine Receptor Antagonists [MoA]","N/A","No","12/31/2026"
"hydroxyzine pamoate","71610-747-30","25 mg/1","CAPSULE","ORAL","ANDA087479","Aphena Pharma Solutions - Tennessee, LLC","71610-747","hydroxyzine pamoate","HYDROXYZINE PAMOATE","HUMAN PRESCRIPTION DRUG","11/02/2023","N/A","ANDA","30 CAPSULE in 1 BOTTLE (71610-747-30)","Antihistamine [EPC],  Histamine Receptor Antagonists [MoA]","N/A","No","12/31/2026"
"hydroxyzine pamoate","71610-773-53","25 mg/1","CAPSULE","ORAL","ANDA201507","Aphena Pharma Solutions - Tennessee, LLC","71610-773","hydroxyzine pamoate","HYDROXYZINE PAMOATE","HUMAN PRESCRIPTION DRUG","01/22/2024","N/A","ANDA","60 CAPSULE in 1 CONTAINER (71610-773-53)","Antihistamine [EPC],  Histamine Receptor Antagonists [MoA]","N/A","No","12/31/2026"
"hydroxyzine pamoate","71610-773-80","25 mg/1","CAPSULE","ORAL","ANDA201507","Aphena Pharma Solutions - Tennessee, LLC","71610-773","hydroxyzine pamoate","HYDROXYZINE PAMOATE","HUMAN PRESCRIPTION DRUG","01/22/2024","N/A","ANDA","180 CAPSULE in 1 CONTAINER (71610-773-80)","Antihistamine [EPC],  Histamine Receptor Antagonists [MoA]","N/A","No","12/31/2026"
"hydroxyzine pamoate","71610-773-30","25 mg/1","CAPSULE","ORAL","ANDA201507","Aphena Pharma Solutions - Tennessee, LLC","71610-773","hydroxyzine pamoate","HYDROXYZINE PAMOATE","HUMAN PRESCRIPTION DRUG","01/25/2024","N/A","ANDA","30 CAPSULE in 1 CONTAINER (71610-773-30)","Antihistamine [EPC],  Histamine Receptor Antagonists [MoA]","N/A","No","12/31/2026"
"hydroxyzine pamoate","71610-773-60","25 mg/1","CAPSULE","ORAL","ANDA201507","Aphena Pharma Solutions - Tennessee, LLC","71610-773","hydroxyzine pamoate","HYDROXYZINE PAMOATE","HUMAN PRESCRIPTION DRUG","01/25/2024","N/A","ANDA","90 CAPSULE in 1 CONTAINER (71610-773-60)","Antihistamine [EPC],  Histamine Receptor Antagonists [MoA]","N/A","No","12/31/2026"
"hydroxyzine pamoate","71610-773-70","25 mg/1","CAPSULE","ORAL","ANDA201507","Aphena Pharma Solutions - Tennessee, LLC","71610-773","hydroxyzine pamoate","HYDROXYZINE PAMOATE","HUMAN PRESCRIPTION DRUG","01/25/2024","N/A","ANDA","120 CAPSULE in 1 CONTAINER (71610-773-70)","Antihistamine [EPC],  Histamine Receptor Antagonists [MoA]","N/A","No","12/31/2026"
"hydroxyzine pamoate","71610-883-53","25 mg/1","CAPSULE","ORAL","ANDA201507","Aphena Pharma Solutions - Tennessee, LLC","71610-883","hydroxyzine pamoate","HYDROXYZINE PAMOATE","HUMAN PRESCRIPTION DRUG","04/25/2025","N/A","ANDA","60 CAPSULE in 1 BOTTLE (71610-883-53)","Antihistamine [EPC],  Histamine Receptor Antagonists [MoA]","N/A","No","12/31/2026"
"hydroxyzine pamoate","71610-883-70","25 mg/1","CAPSULE","ORAL","ANDA201507","Aphena Pharma Solutions - Tennessee, LLC","71610-883","hydroxyzine pamoate","HYDROXYZINE PAMOATE","HUMAN PRESCRIPTION DRUG","04/25/2025","N/A","ANDA","120 CAPSULE in 1 BOTTLE (71610-883-70)","Antihistamine [EPC],  Histamine Receptor Antagonists [MoA]","N/A","No","12/31/2026"
"hydroxyzine pamoate","71610-883-30","25 mg/1","CAPSULE","ORAL","ANDA201507","Aphena Pharma Solutions - Tennessee, LLC","71610-883","hydroxyzine pamoate","HYDROXYZINE PAMOATE","HUMAN PRESCRIPTION DRUG","04/25/2025","N/A","ANDA","30 CAPSULE in 1 BOTTLE (71610-883-30)","Antihistamine [EPC],  Histamine Receptor Antagonists [MoA]","N/A","No","12/31/2026"
"hydroxyzine pamoate","71610-883-80","25 mg/1","CAPSULE","ORAL","ANDA201507","Aphena Pharma Solutions - Tennessee, LLC","71610-883","hydroxyzine pamoate","HYDROXYZINE PAMOATE","HUMAN PRESCRIPTION DRUG","03/13/2025","N/A","ANDA","180 CAPSULE in 1 BOTTLE (71610-883-80)","Antihistamine [EPC],  Histamine Receptor Antagonists [MoA]","N/A","No","12/31/2026"
"hydroxyzine pamoate","71610-883-60","25 mg/1","CAPSULE","ORAL","ANDA201507","Aphena Pharma Solutions - Tennessee, LLC","71610-883","hydroxyzine pamoate","HYDROXYZINE PAMOATE","HUMAN PRESCRIPTION DRUG","03/13/2025","N/A","ANDA","90 CAPSULE in 1 BOTTLE (71610-883-60)","Antihistamine [EPC],  Histamine Receptor Antagonists [MoA]","N/A","No","12/31/2026"
"hydroxyzine pamoate","72162-1054-3","25 mg/1","CAPSULE","ORAL","ANDA087479","Bryant Ranch Prepack","72162-1054","hydroxyzine pamoate","HYDROXYZINE PAMOATE","HUMAN PRESCRIPTION DRUG","05/12/2025","N/A","ANDA","30 CAPSULE in 1 BOTTLE (72162-1054-3)","Antihistamine [EPC],  Histamine Receptor Antagonists [MoA]","N/A","No","12/31/2026"
"Hydroxyzine Pamoate","72189-009-60","25 mg/1","CAPSULE","ORAL","ANDA201507","Direct_Rx","72189-009","Hydroxyzine Pamoate","HYDROXYZINE PAMOATE","HUMAN PRESCRIPTION DRUG","06/26/2019","N/A","ANDA","60 CAPSULE in 1 BOTTLE (72189-009-60)","Antihistamine [EPC],  Histamine Receptor Antagonists [MoA]","N/A","No","12/31/2026"
"Hydroxyzine Pamoate","72189-009-15","25 mg/1","CAPSULE","ORAL","ANDA201507","Direct_Rx","72189-009","Hydroxyzine Pamoate","HYDROXYZINE PAMOATE","HUMAN PRESCRIPTION DRUG","06/26/2019","N/A","ANDA","15 CAPSULE in 1 BOTTLE (72189-009-15)","Antihistamine [EPC],  Histamine Receptor Antagonists [MoA]","N/A","No","12/31/2026"
"HYDROXYZINE PAMOATE","72189-315-30","50 mg/1","CAPSULE","ORAL","ANDA040156","DirectRx","72189-315","HYDROXYZINE PAMOATE","HYDROXYZINE PAMOATE","HUMAN PRESCRIPTION DRUG","01/20/2022","N/A","ANDA","30 CAPSULE in 1 BOTTLE (72189-315-30)","Antihistamine [EPC],  Histamine Receptor Antagonists [MoA]","N/A","No","12/31/2026"
"HYDROXYZINE PAMOATE","72189-315-90","50 mg/1","CAPSULE","ORAL","ANDA040156","DirectRx","72189-315","HYDROXYZINE PAMOATE","HYDROXYZINE PAMOATE","HUMAN PRESCRIPTION DRUG","01/20/2022","N/A","ANDA","90 CAPSULE in 1 BOTTLE (72189-315-90)","Antihistamine [EPC],  Histamine Receptor Antagonists [MoA]","N/A","No","12/31/2026"
"Hydroxyzine Pamoate","72189-480-90","50 mg/1","CAPSULE","ORAL","ANDA086183","Direct_Rx","72189-480","Hydroxyzine Pamoate","HYDROXYZINE PAMOATE","HUMAN PRESCRIPTION DRUG","05/30/2023","N/A","ANDA","90 CAPSULE in 1 BOTTLE (72189-480-90)","Antihistamine [EPC],  Histamine Receptor Antagonists [MoA]","N/A","No","12/31/2026"
"Hydroxyzine Pamoate","72189-480-30","50 mg/1","CAPSULE","ORAL","ANDA086183","Direct_Rx","72189-480","Hydroxyzine Pamoate","HYDROXYZINE PAMOATE","HUMAN PRESCRIPTION DRUG","05/30/2023","N/A","ANDA","30 CAPSULE in 1 BOTTLE (72189-480-30)","Antihistamine [EPC],  Histamine Receptor Antagonists [MoA]","N/A","No","12/31/2026"
"Hydroxyzine Pamoate","76420-920-90","25 mg/1","CAPSULE","ORAL","ANDA088496","Asclemed USA, Inc.","76420-920","Hydroxyzine Pamoate","HYDROXYZINE PAMOATE","HUMAN PRESCRIPTION DRUG","02/18/2025","N/A","ANDA","90 CAPSULE in 1 BOTTLE (76420-920-90)","Antihistamine [EPC],  Histamine Receptor Antagonists [MoA]","N/A","No","12/31/2026"
"Hydroxyzine Pamoate","76420-920-01","25 mg/1","CAPSULE","ORAL","ANDA088496","Asclemed USA, Inc.","76420-920","Hydroxyzine Pamoate","HYDROXYZINE PAMOATE","HUMAN PRESCRIPTION DRUG","02/18/2025","N/A","ANDA","100 CAPSULE in 1 BOTTLE (76420-920-01)","Antihistamine [EPC],  Histamine Receptor Antagonists [MoA]","N/A","No","12/31/2026"
"Hydroxyzine Pamoate","76420-920-60","25 mg/1","CAPSULE","ORAL","ANDA088496","Asclemed USA, Inc.","76420-920","Hydroxyzine Pamoate","HYDROXYZINE PAMOATE","HUMAN PRESCRIPTION DRUG","02/18/2025","N/A","ANDA","60 CAPSULE in 1 BOTTLE (76420-920-60)","Antihistamine [EPC],  Histamine Receptor Antagonists [MoA]","N/A","No","12/31/2026"
"Hydroxyzine Pamoate","76420-920-05","25 mg/1","CAPSULE","ORAL","ANDA088496","Asclemed USA, Inc.","76420-920","Hydroxyzine Pamoate","HYDROXYZINE PAMOATE","HUMAN PRESCRIPTION DRUG","02/18/2025","N/A","ANDA","500 CAPSULE in 1 BOTTLE (76420-920-05)","Antihistamine [EPC],  Histamine Receptor Antagonists [MoA]","N/A","No","12/31/2026"
"Hydroxyzine Pamoate","76420-920-30","25 mg/1","CAPSULE","ORAL","ANDA088496","Asclemed USA, Inc.","76420-920","Hydroxyzine Pamoate","HYDROXYZINE PAMOATE","HUMAN PRESCRIPTION DRUG","02/18/2025","N/A","ANDA","30 CAPSULE in 1 BOTTLE (76420-920-30)","Antihistamine [EPC],  Histamine Receptor Antagonists [MoA]","N/A","No","12/31/2026"
"Hydroxyzine Pamoate","76420-921-05","50 mg/1","CAPSULE","ORAL","ANDA088487","Asclemed USA, Inc.","76420-921","Hydroxyzine Pamoate","HYDROXYZINE PAMOATE","HUMAN PRESCRIPTION DRUG","02/18/2025","N/A","ANDA","500 CAPSULE in 1 BOTTLE (76420-921-05)","Antihistamine [EPC],  Histamine Receptor Antagonists [MoA]","N/A","No","12/31/2026"
"Hydroxyzine Pamoate","76420-921-01","50 mg/1","CAPSULE","ORAL","ANDA088487","Asclemed USA, Inc.","76420-921","Hydroxyzine Pamoate","HYDROXYZINE PAMOATE","HUMAN PRESCRIPTION DRUG","02/18/2025","N/A","ANDA","100 CAPSULE in 1 BOTTLE (76420-921-01)","Antihistamine [EPC],  Histamine Receptor Antagonists [MoA]","N/A","No","12/31/2026"
"Hydroxyzine Pamoate","76420-921-30","50 mg/1","CAPSULE","ORAL","ANDA088487","Asclemed USA, Inc.","76420-921","Hydroxyzine Pamoate","HYDROXYZINE PAMOATE","HUMAN PRESCRIPTION DRUG","02/18/2025","N/A","ANDA","30 CAPSULE in 1 BOTTLE (76420-921-30)","Antihistamine [EPC],  Histamine Receptor Antagonists [MoA]","N/A","No","12/31/2026"
"Hydroxyzine Pamoate","76420-921-90","50 mg/1","CAPSULE","ORAL","ANDA088487","Asclemed USA, Inc.","76420-921","Hydroxyzine Pamoate","HYDROXYZINE PAMOATE","HUMAN PRESCRIPTION DRUG","02/18/2025","N/A","ANDA","90 CAPSULE in 1 BOTTLE (76420-921-90)","Antihistamine [EPC],  Histamine Receptor Antagonists [MoA]","N/A","No","12/31/2026"
"Hydroxyzine Pamoate","76420-921-60","50 mg/1","CAPSULE","ORAL","ANDA088487","Asclemed USA, Inc.","76420-921","Hydroxyzine Pamoate","HYDROXYZINE PAMOATE","HUMAN PRESCRIPTION DRUG","02/18/2025","N/A","ANDA","60 CAPSULE in 1 BOTTLE (76420-921-60)","Antihistamine [EPC],  Histamine Receptor Antagonists [MoA]","N/A","No","12/31/2026"
"Hydroxyzine Pamoate","76420-922-90","100 mg/1","CAPSULE","ORAL","ANDA088488","Asclemed USA, Inc.","76420-922","Hydroxyzine Pamoate","HYDROXYZINE PAMOATE","HUMAN PRESCRIPTION DRUG","02/18/2025","N/A","ANDA","90 CAPSULE in 1 BOTTLE (76420-922-90)","Antihistamine [EPC],  Histamine Receptor Antagonists [MoA]","N/A","No","12/31/2026"
"Hydroxyzine Pamoate","76420-922-60","100 mg/1","CAPSULE","ORAL","ANDA088488","Asclemed USA, Inc.","76420-922","Hydroxyzine Pamoate","HYDROXYZINE PAMOATE","HUMAN PRESCRIPTION DRUG","02/18/2025","N/A","ANDA","60 CAPSULE in 1 BOTTLE (76420-922-60)","Antihistamine [EPC],  Histamine Receptor Antagonists [MoA]","N/A","No","12/31/2026"
"Hydroxyzine Pamoate","76420-922-01","100 mg/1","CAPSULE","ORAL","ANDA088488","Asclemed USA, Inc.","76420-922","Hydroxyzine Pamoate","HYDROXYZINE PAMOATE","HUMAN PRESCRIPTION DRUG","02/18/2025","N/A","ANDA","100 CAPSULE in 1 BOTTLE (76420-922-01)","Antihistamine [EPC],  Histamine Receptor Antagonists [MoA]","N/A","No","12/31/2026"
"Hydroxyzine Pamoate","76420-922-30","100 mg/1","CAPSULE","ORAL","ANDA088488","Asclemed USA, Inc.","76420-922","Hydroxyzine Pamoate","HYDROXYZINE PAMOATE","HUMAN PRESCRIPTION DRUG","02/18/2025","N/A","ANDA","30 CAPSULE in 1 BOTTLE (76420-922-30)","Antihistamine [EPC],  Histamine Receptor Antagonists [MoA]","N/A","No","12/31/2026"
"hydroxyzine pamoate","82868-046-30","50 mg/1","CAPSULE","ORAL","ANDA201507","Northwind Health Company, LLC","82868-046","hydroxyzine pamoate","HYDROXYZINE PAMOATE","HUMAN PRESCRIPTION DRUG","02/19/2024","N/A","ANDA","30 CAPSULE in 1 BOTTLE, PLASTIC (82868-046-30)","Antihistamine [EPC],  Histamine Receptor Antagonists [MoA]","N/A","No","12/31/2027"
"hydroxyzine pamoate","82982-032-30","25 mg/1","CAPSULE","ORAL","ANDA087479","Pharmasource Meds, LLC","82982-032","hydroxyzine pamoate","HYDROXYZINE PAMOATE","HUMAN PRESCRIPTION DRUG","02/27/2023","11/30/2026","ANDA","30 CAPSULE in 1 BOTTLE (82982-032-30)","Antihistamine [EPC],  Histamine Receptor Antagonists [MoA]","N/A","No","N/A"
"hydroxyzine pamoate","87441-040-01","25 mg/1","CAPSULE","ORAL","ANDA087479","Unit Dose Solutions, Inc.","87441-040","hydroxyzine pamoate","HYDROXYZINE PAMOATE","HUMAN PRESCRIPTION DRUG","06/24/2026","N/A","ANDA","30 CAPSULE in 1 BLISTER PACK (87441-040-01)","Antihistamine [EPC],  Histamine Receptor Antagonists [MoA]","N/A","No","12/31/2027"
"Hydroxyzine pamoate","87441-041-01","50 mg/1","CAPSULE","ORAL","ANDA086183","Unit Dose Solutions, Inc.","87441-041","Hydroxyzine Pamoate","HYDROXYZINE PAMOATE","HUMAN PRESCRIPTION DRUG","06/24/2026","N/A","ANDA","30 CAPSULE in 1 BLISTER PACK (87441-041-01)","Antihistamine [EPC],  Histamine Receptor Antagonists [MoA]","N/A","No","12/31/2027"
"Hydroxyzine pamoate","87441-042-01","50 mg/1","CAPSULE","ORAL","ANDA086183","Unit Dose Solutions, Inc.","87441-042","Hydroxyzine Pamoate","HYDROXYZINE PAMOATE","HUMAN PRESCRIPTION DRUG","06/24/2026","N/A","ANDA","500 CAPSULE in 1 BOTTLE (87441-042-01)","Antihistamine [EPC],  Histamine Receptor Antagonists [MoA]","N/A","No","12/31/2027"
"hydroxyzine pamoate","87441-087-01","25 mg/1","CAPSULE","ORAL","ANDA087479","Unit Dose Solutions, Inc.","87441-087","hydroxyzine pamoate","HYDROXYZINE PAMOATE","HUMAN PRESCRIPTION DRUG","07/08/2026","N/A","ANDA","30 CAPSULE in 1 BLISTER PACK (87441-087-01)","Antihistamine [EPC],  Histamine Receptor Antagonists [MoA]","N/A","No","12/31/2027"